star_name,system_id,band,eb,dist_pc,flo_GHz,fhi_GHz,chanw_Hz,bandwidth_Hz,on_source_s,n_int,rms_mJy,smin_mJy,eirp_nominal_W,eirp_hanning_centred_W,eirp_hanning_worst_W,eirp_eff_total_W,c_response_smear,n_chan_avg,eirp_p90_W,eirp_p90_sel_W,eirp_p90_lo_W,eirp_p90_hi_W,drift_max_Hz_s,a_max_m_s2,n_drift_trials,eta_drift,eta_smear,resolution_class,search_class,star_snr,ctrl_max_snr,star_snr_regionmax,stage1_flag_regionmax,n_ctrl,n_ctrl_ge_star,p_rank_addone,p_rank_local,stage1_flag_local,f_cross_GHz,nearest_line,line_offset_MHz,line_offset_kms,ring_centre,theta_pb_arcsec,r_in_arcsec,r_out_arcsec,n_control,ring_seed,crossing,stage1_flag,disposition,disposition_computed,disposition_hand,scale_route_a,scale_route_b,n_search_cells,n_ind_cells,trigger_1pct_window,trigger_1pct_survey,pb_offset_arcsec,pb_atten
Proxima Cen,Proxima Cen,6,A002_X106a1f1_X6a0c,1.3016,223.085939,224.914064,15625000.0000,1828125000.0,2998.80,2975,2.18654,10.93618,3.463687e+13,6.927375e+13,8.161121e+13,7.213480e+13,2.0826,1,1.213797e+14,1.697207e+14,1.609362e+14,1.788129e+14,2688.0000,3.598,4,0.5159,1.0000,coarse,B,2.9807,5.1246,3.5697,False,512,180,0.352827,0.274854,False,223.148439,13CO(2-1),2749.4394,3739.859,star,28.066,3.929,21.891,512,20260825,False,False,,,,0.9779,1.0147,354,236.5,3.9153,5.4259,0.5154,0.999682
Proxima Cen,Proxima Cen,6,A002_X1076174_X11cc,1.3016,223.085939,224.914064,15625000.0000,1828125000.0,2796.19,,1.64038,8.20436,2.598469e+13,5.196938e+13,6.122498e+13,5.411575e+13,2.0826,1,9.105939e+13,1.273250e+14,1.207349e+14,1.341460e+14,2688.0000,3.598,4,0.481,,coarse,B,2.4465,4.0417,3.4369,False,512,367,0.717349,0.701754,False,223.570314,13CO(2-1),3171.3144,4313.704,star,28.066,3.929,21.891,512,20260825,False,False,,,,1.0684,0.9773,354,256.8,4.0399,5.5856,0.5007,0.999700
Proxima Cen,Proxima Cen,6,A002_X106b646_X1295,1.3016,223.085939,224.914064,15625000.0000,1828125000.0,2998.80,,2.07462,10.37639,3.286390e+13,6.572780e+13,7.743373e+13,6.844240e+13,2.0826,1,1.151665e+14,1.610331e+14,1.526983e+14,1.696599e+14,2688.0000,3.598,4,0.5159,,coarse,B,1.8266,4.6897,3.2694,False,512,512,1.000000,0.996101,False,223.289064,13CO(2-1),2890.0644,3931.141,star,28.066,3.929,21.891,512,20260825,False,False,,,,1.0396,1.0131,354,222.2,4.0181,5.5784,0.5133,0.999685
Proxima Cen,Proxima Cen,6,A002_X107376c_X12b9,1.3016,223.085939,224.914064,15625000.0000,1828125000.0,2998.80,,2.59158,12.96182,4.105244e+13,8.210489e+13,9.672754e+13,8.549588e+13,2.0826,1,1.438620e+14,2.011570e+14,1.907454e+14,2.119332e+14,2688.0000,3.598,4,0.5159,,coarse,B,2.2980,4.9983,3.5544,False,512,437,0.853801,0.927875,False,223.460939,13CO(2-1),3061.9394,4164.930,star,28.066,3.929,21.891,512,20260825,False,False,,,,0.9944,0.9910,354,245.6,3.9102,5.4131,0.5015,0.999699
Proxima Cen,Proxima Cen,6,A002_X106f040_X13932,1.3016,223.085939,224.914064,15625000.0000,1828125000.0,2998.80,,1.97798,9.89291,3.133265e+13,6.266529e+13,7.382581e+13,6.525341e+13,2.0826,1,1.098005e+14,1.535300e+14,1.455835e+14,1.617548e+14,2688.0000,3.598,4,0.5159,,coarse,B,3.2902,4.3947,3.4382,False,512,56,0.111111,0.103314,False,223.117189,13CO(2-1),2718.1894,3697.352,star,28.066,3.929,21.891,512,20260825,False,False,,,,0.9617,0.9613,354,333.5,3.8573,5.2950,0.5029,0.999697
Proxima Cen,Proxima Cen,6,A002_X106f040_X148f3,1.3016,223.085939,224.914064,15625000.0000,1828125000.0,2998.80,,1.85261,9.26586,2.934667e+13,5.869333e+13,6.914645e+13,6.111741e+13,2.0826,1,1.028409e+14,1.437987e+14,1.363559e+14,1.515022e+14,2688.0000,3.598,4,0.5159,,coarse,B,2.3306,4.5846,3.4025,False,512,449,0.877193,0.910331,False,223.914064,13CO(2-1),3515.0644,4781.282,star,28.066,3.929,21.891,512,20260825,False,False,,,,1.1354,0.9751,354,303.6,4.2100,5.7938,0.5028,0.999697
Proxima Cen,Proxima Cen,6,A002_X1074d99_X167,1.3016,223.085939,224.914064,15625000.0000,1828125000.0,2998.80,,1.65516,8.27831,2.621890e+13,5.243779e+13,6.177682e+13,5.460351e+13,2.0826,1,9.188013e+13,1.284726e+14,1.218231e+14,1.353551e+14,2688.0000,3.598,4,0.5159,,coarse,B,3.1691,4.7289,3.2165,False,512,96,0.189084,0.175439,False,224.273439,13CO(2-1),3874.4394,5270.113,star,28.066,3.929,21.891,512,20260825,False,False,,,,0.9858,0.9470,354,343.6,3.8839,5.3272,0.5010,0.999699
Proxima Cen,Proxima Cen,6,A002_X106b646_X19c5,1.3016,223.085939,224.914064,15625000.0000,1828125000.0,2998.80,,2.03448,10.17563,3.222806e+13,6.445612e+13,7.593557e+13,6.711820e+13,2.0826,1,1.129383e+14,1.579175e+14,1.497440e+14,1.663773e+14,2688.0000,3.598,4,0.5159,,coarse,B,2.4589,4.2622,3.6661,False,512,383,0.748538,0.785575,False,223.195314,13CO(2-1),2796.3144,3803.620,star,28.066,3.929,21.891,512,20260825,False,False,,,,1.0050,0.9799,354,258.9,3.9217,5.4210,0.5131,0.999685
Proxima Cen,Proxima Cen,6,A002_X106ccd1_X1a38,1.3016,223.085939,224.914064,15625000.0000,1828125000.0,2998.80,,1.63366,8.17083,2.587849e+13,5.175698e+13,6.097475e+13,5.389458e+13,2.0826,1,9.068723e+13,1.268046e+14,1.202414e+14,1.335977e+14,2688.0000,3.598,4,0.5159,,coarse,B,2.6595,4.8102,3.2503,False,512,290,0.567251,0.713450,False,224.570314,13CO(2-1),4171.3144,5673.930,star,28.066,3.929,21.891,512,20260825,False,False,,,,1.0425,0.9904,354,255.2,4.0130,5.5493,0.5095,0.999689
Proxima Cen,Proxima Cen,6,A002_X106f040_X26c7,1.3016,223.085939,224.914064,15625000.0000,1828125000.0,2998.80,,1.60058,8.00534,2.535436e+13,5.070873e+13,5.973981e+13,5.280303e+13,2.0826,1,8.885051e+13,1.242364e+14,1.178061e+14,1.308919e+14,2688.0000,3.598,4,0.5159,,coarse,B,2.5430,4.5858,3.3732,False,512,337,0.658869,0.615984,False,223.382814,13CO(2-1),2983.8144,4058.662,star,28.066,3.929,21.891,512,20260825,False,False,,,,1.0282,0.9771,354,255,3.9583,5.4738,0.5050,0.999695
Proxima Cen,Proxima Cen,6,A002_X106f040_X2b06,1.3016,223.085939,224.914064,15625000.0000,1828125000.0,2998.80,,1.60195,8.01218,2.537601e+13,5.075202e+13,5.979082e+13,5.284812e+13,2.0826,1,8.892637e+13,1.243425e+14,1.179067e+14,1.310037e+14,2688.0000,3.598,4,0.5159,,coarse,B,2.5356,4.1879,3.8031,False,512,344,0.672515,0.758285,False,224.101564,13CO(2-1),3702.5644,5036.325,star,28.066,3.929,21.891,512,20260825,False,False,,,,1.0441,0.9332,354,396.4,4.0063,5.4745,0.5050,0.999695
Proxima Cen,Proxima Cen,6,A002_X106f040_X2e59,1.3016,223.085939,224.914064,15625000.0000,1828125000.0,2998.80,,1.62737,8.13933,2.577872e+13,5.155744e+13,6.073967e+13,5.368679e+13,2.0826,1,9.033759e+13,1.263157e+14,1.197778e+14,1.330826e+14,2688.0000,3.598,4,0.5159,,coarse,B,2.8396,4.5753,3.7969,False,512,188,0.368421,0.300195,False,224.570314,13CO(2-1),4171.3144,5673.930,star,28.066,3.929,21.891,512,20260825,False,False,,,,1.0017,0.9467,354,334.7,3.9090,5.3655,0.5049,0.999695
Proxima Cen,Proxima Cen,6,A002_X1074d99_X74e,1.3016,223.085939,224.914064,15625000.0000,1828125000.0,2998.80,,1.76321,8.81868,2.793036e+13,5.586073e+13,6.580937e+13,5.816782e+13,2.0826,1,9.787771e+13,1.368588e+14,1.297752e+14,1.441905e+14,2688.0000,3.598,4,0.5159,,coarse,B,2.2513,4.1576,2.8425,False,512,456,0.890838,0.943470,False,224.507814,13CO(2-1),4108.8144,5588.916,star,28.066,3.929,21.891,512,20260825,False,False,,,,1.0572,0.9376,354,378.3,4.0309,5.5148,0.5010,0.999699
Proxima Cen,Proxima Cen,6,A002_X107649f_X868f,1.3016,223.085939,224.914064,15625000.0000,1828125000.0,2998.80,,1.81295,9.06747,2.871832e+13,5.743665e+13,6.766595e+13,5.980882e+13,2.0826,1,1.006390e+14,1.407198e+14,1.334364e+14,1.482583e+14,2688.0000,3.598,4,0.5159,,coarse,B,2.2810,4.8284,3.5148,False,512,462,0.902534,0.949318,False,223.882814,13CO(2-1),3483.8144,4738.775,star,28.066,3.929,21.891,512,20260825,False,False,,,,1.0199,0.9960,354,251.7,3.9763,5.5007,0.5008,0.999700
Proxima Cen,Proxima Cen,6,A002_X107649f_X8f30,1.3016,223.085939,224.914064,15625000.0000,1828125000.0,2998.80,,1.95390,9.77242,3.095103e+13,6.190207e+13,7.292665e+13,6.445866e+13,2.0826,1,1.084632e+14,1.516601e+14,1.438104e+14,1.597847e+14,2688.0000,3.598,4,0.5159,,coarse,B,3.8633,4.1645,4.0099,False,512,5,0.011696,0.003899,False,224.289064,13CO(2-1),3890.0644,5291.367,star,28.066,3.929,21.891,512,20260825,False,False,,,,1.0556,0.9770,354,301.4,4.0527,5.5784,0.5008,0.999700
Proxima Cen,Proxima Cen,6,A002_X1077d5b_X9976,1.3016,223.085939,224.914064,15625000.0000,1828125000.0,2998.80,,1.64073,8.20611,2.599023e+13,5.198046e+13,6.123804e+13,5.412729e+13,2.0826,1,9.107881e+13,1.273521e+14,1.207606e+14,1.341746e+14,2688.0000,3.598,4,0.5159,,coarse,B,3.7006,4.5440,4.1691,False,512,25,0.050682,0.124756,False,224.148439,13CO(2-1),3749.4394,5100.085,star,28.066,3.929,21.891,512,20260825,False,False,,,,1.0405,0.9696,354,318.1,4.0208,5.5265,0.5015,0.999699
Proxima Cen,Proxima Cen,6,A002_X1077d5b_Xa63d,1.3016,223.085939,224.914064,15625000.0000,1828125000.0,2998.80,,1.34271,6.71556,2.126940e+13,4.253880e+13,5.011484e+13,4.429568e+13,2.0826,1,7.453537e+13,1.042201e+14,9.882581e+13,1.098033e+14,2688.0000,3.598,4,0.5159,,coarse,B,2.7672,4.5622,3.7504,False,512,251,0.491228,0.580897,False,224.398439,13CO(2-1),3999.4394,5440.142,star,28.066,3.929,21.891,512,20260825,False,False,,,,0.9640,0.9739,354,294.4,3.8584,5.3145,0.5016,0.999699
Proxima Cen,Proxima Cen,6,A002_X106ccd1_Xbe52,1.3016,223.085939,224.914064,15625000.0000,1828125000.0,2998.80,,1.75529,8.77916,2.780519e+13,5.561039e+13,6.551444e+13,5.790713e+13,2.0826,1,9.743907e+13,1.362454e+14,1.291936e+14,1.435443e+14,2688.0000,3.598,4,0.5159,,coarse,B,3.0140,4.4101,3.4479,False,512,150,0.294347,0.302144,False,224.898439,13CO(2-1),4499.4394,6120.255,star,28.066,3.929,21.891,512,20260825,False,False,,,,1.0658,0.9897,354,263.3,4.0653,5.6168,0.5078,0.999691
Proxima Cen,Proxima Cen,6,A002_X106ccd1_Xc4a6,1.3016,223.085939,224.914064,15625000.0000,1828125000.0,2998.80,,1.78568,8.93113,2.828652e+13,5.657304e+13,6.664855e+13,5.890955e+13,2.0826,1,9.912581e+13,1.386040e+14,1.314301e+14,1.460292e+14,2688.0000,3.598,4,0.5159,,coarse,B,3.6782,4.4273,4.0336,False,512,16,0.033138,0.025341,False,224.351564,13CO(2-1),3952.5644,5376.381,star,28.066,3.929,21.891,512,20260825,False,False,,,,1.0265,0.9698,354,316.7,3.9922,5.4878,0.5077,0.999691
Proxima Cen,Proxima Cen,6,A002_X106a1f1_X6a0c,1.3016,225.085939,226.914064,15625000.0000,1828125000.0,2998.80,2975,2.10687,10.53778,3.337505e+13,6.675011e+13,7.863812e+13,6.950693e+13,2.0826,1,1.169578e+14,1.635378e+14,1.550733e+14,1.722987e+14,2712.0000,3.598,4,0.5205,1.0000,coarse,B,2.9657,4.3316,3.5037,False,512,150,0.294347,0.235867,False,226.132814,CO(2-1),-4405.1856,-5728.519,star,27.817,3.894,21.698,512,20260825,False,False,,,,1.0287,0.9998,354,203.9,3.9495,5.4968,0.5154,0.999676
Proxima Cen,Proxima Cen,6,A002_X1076174_X11cc,1.3016,225.085939,226.914064,15625000.0000,1828125000.0,2797.20,,1.54186,7.71165,2.442418e+13,4.884835e+13,5.754811e+13,5.086582e+13,2.0826,1,8.559081e+13,1.196785e+14,1.134841e+14,1.260898e+14,2712.0000,3.598,4,0.4855,,coarse,B,3.7694,4.4672,4.0406,False,512,11,0.023392,0.015595,False,226.023439,CO(2-1),-4514.5606,-5870.751,star,27.817,3.894,21.698,512,20260825,False,False,,,,0.9613,0.9465,354,303.7,3.8057,5.2374,0.5007,0.999694
Proxima Cen,Proxima Cen,6,A002_X106b646_X1295,1.3016,225.085939,226.914064,15625000.0000,1828125000.0,2998.80,,1.99493,9.97786,3.160169e+13,6.320337e+13,7.445972e+13,6.581371e+13,2.0826,1,1.107433e+14,1.548483e+14,1.468336e+14,1.631437e+14,2712.0000,3.598,4,0.5205,,coarse,B,2.7318,4.6311,3.9991,False,512,233,0.456140,0.366472,False,225.992189,CO(2-1),-4545.8106,-5911.389,star,27.817,3.894,21.698,512,20260825,False,False,,,,1.1307,0.9638,354,246.7,4.1260,5.7111,0.5133,0.999679
Proxima Cen,Proxima Cen,6,A002_X107376c_X12b9,1.3016,225.085939,226.914064,15625000.0000,1828125000.0,2998.80,,2.48017,12.40467,3.928784e+13,7.857568e+13,9.256979e+13,8.182091e+13,2.0826,1,1.376783e+14,1.925104e+14,1.825464e+14,2.028235e+14,2712.0000,3.598,4,0.5205,,coarse,B,2.6469,4.2383,3.2432,False,512,298,0.582846,0.502924,False,225.773439,CO(2-1),-4764.5606,-6195.852,star,27.817,3.894,21.698,512,20260825,False,False,,,,1.0537,0.9295,354,392.1,4.0159,5.4891,0.5015,0.999693
Proxima Cen,Proxima Cen,6,A002_X106f040_X13932,1.3016,225.085939,226.914064,15625000.0000,1828125000.0,2998.80,,1.87560,9.38090,2.971101e+13,5.942201e+13,7.000491e+13,6.187618e+13,2.0826,1,1.041177e+14,1.455839e+14,1.380488e+14,1.533831e+14,2712.0000,3.598,4,0.5205,,coarse,B,2.4276,4.1408,3.6713,False,512,400,0.781676,0.771930,False,226.445314,CO(2-1),-4092.6856,-5322.143,star,27.817,3.894,21.698,512,20260825,False,False,,,,1.0356,1.0177,354,187.7,3.9771,5.5488,0.5029,0.999692
Proxima Cen,Proxima Cen,6,A002_X106f040_X148f3,1.3016,225.085939,226.914064,15625000.0000,1828125000.0,2998.80,,1.73747,8.69002,2.752286e+13,5.504572e+13,6.484921e+13,5.731915e+13,2.0826,1,9.644967e+13,1.348620e+14,1.278818e+14,1.420868e+14,2712.0000,3.598,4,0.5205,,coarse,B,2.6975,4.8314,3.7648,False,512,254,0.497076,0.327485,False,226.757814,CO(2-1),-3780.1856,-4915.767,star,27.817,3.894,21.698,512,20260825,False,False,,,,1.0354,0.9579,354,278.3,3.9555,5.4567,0.5028,0.999692
Proxima Cen,Proxima Cen,6,A002_X1074d99_X167,1.3016,225.085939,226.914064,15625000.0000,1828125000.0,2998.80,,1.57546,7.87970,2.495645e+13,4.991290e+13,5.880225e+13,5.197433e+13,2.0826,1,8.745608e+13,1.222866e+14,1.159573e+14,1.288377e+14,2712.0000,3.598,4,0.5205,,coarse,B,2.6146,4.9121,3.1724,False,512,329,0.643275,0.645224,False,226.085939,CO(2-1),-4452.0606,-5789.476,star,27.817,3.894,21.698,512,20260825,False,False,,,,1.0680,0.9457,354,412.8,4.0897,5.5824,0.5010,0.999694
Proxima Cen,Proxima Cen,6,A002_X106b646_X19c5,1.3016,225.085939,226.914064,15625000.0000,1828125000.0,2998.80,,1.90991,9.55263,3.025489e+13,6.050979e+13,7.128642e+13,6.300889e+13,2.0826,1,1.060237e+14,1.482490e+14,1.405759e+14,1.561909e+14,2712.0000,3.598,4,0.5205,,coarse,B,2.7621,4.2164,3.5974,False,512,264,0.516569,0.415205,False,225.367189,13CO(2-1),4968.1894,6757.861,star,27.817,3.894,21.698,512,20260825,False,False,,,,1.0773,0.9856,354,284.2,4.0989,5.6512,0.5131,0.999679
Proxima Cen,Proxima Cen,6,A002_X106ccd1_X1a38,1.3016,225.085939,226.914064,15625000.0000,1828125000.0,2998.80,,1.53987,7.70180,2.439299e+13,4.878597e+13,5.747462e+13,5.080086e+13,2.0826,1,8.548151e+13,1.195256e+14,1.133392e+14,1.259288e+14,2712.0000,3.598,4,0.5205,,coarse,B,2.6537,4.5130,3.2453,False,512,297,0.580897,0.512671,False,225.445314,13CO(2-1),5046.3144,6864.128,star,27.817,3.894,21.698,512,20260825,False,False,,,,1.0405,1.0101,354,221.2,4.0129,5.5718,0.5095,0.999684
Proxima Cen,Proxima Cen,6,A002_X106f040_X26c7,1.3016,225.085939,226.914064,15625000.0000,1828125000.0,2998.80,,1.51135,7.55908,2.394097e+13,4.788193e+13,5.640957e+13,4.985949e+13,2.0826,1,8.389747e+13,1.173107e+14,1.112389e+14,1.235952e+14,2712.0000,3.598,4,0.5205,,coarse,B,2.5730,4.3028,3.5897,False,512,339,0.662768,0.619883,False,226.507814,CO(2-1),-4030.1856,-5240.868,star,27.817,3.894,21.698,512,20260825,False,False,,,,1.0356,0.9600,354,330,4.0005,5.4931,0.5050,0.999689
Proxima Cen,Proxima Cen,6,A002_X106f040_X2b06,1.3016,225.085939,226.914064,15625000.0000,1828125000.0,2998.80,,1.49675,7.48609,2.370980e+13,4.741961e+13,5.586491e+13,4.937807e+13,2.0826,1,8.308740e+13,1.161780e+14,1.101649e+14,1.224019e+14,2712.0000,3.598,4,0.5205,,coarse,B,2.4287,4.1841,3.3770,False,512,393,0.768031,0.713450,False,226.085939,CO(2-1),-4452.0606,-5789.476,star,27.817,3.894,21.698,512,20260825,False,False,,,,0.9464,0.9693,354,279.8,3.8027,5.2450,0.5050,0.999689
Proxima Cen,Proxima Cen,6,A002_X106f040_X2e59,1.3016,225.085939,226.914064,15625000.0000,1828125000.0,2998.80,,1.54087,7.70674,2.440864e+13,4.881729e+13,5.751151e+13,5.083347e+13,2.0826,1,8.553637e+13,1.196023e+14,1.134119e+14,1.260096e+14,2712.0000,3.598,4,0.5205,,coarse,B,3.3402,4.3154,3.6367,False,512,71,0.140351,0.101365,False,225.476564,CO(2-1),-5061.4356,-6581.909,star,27.817,3.894,21.698,512,20260825,False,False,,,,1.0260,1.0010,354,251.3,3.9977,5.5306,0.5049,0.999689
Proxima Cen,Proxima Cen,6,A002_X1074d99_X74e,1.3016,225.085939,226.914064,15625000.0000,1828125000.0,2998.80,,1.69445,8.47482,2.684129e+13,5.368259e+13,6.324331e+13,5.589972e+13,2.0826,1,9.406123e+13,1.315223e+14,1.247150e+14,1.385682e+14,2712.0000,3.598,4,0.5205,,coarse,B,2.2481,4.1299,3.1785,False,512,448,0.875244,0.898635,False,225.664064,CO(2-1),-4873.9356,-6338.084,star,27.817,3.894,21.698,512,20260825,False,False,,,,1.0447,0.9546,354,306.9,3.9906,5.4902,0.5010,0.999694
Proxima Cen,Proxima Cen,6,A002_X107649f_X868f,1.3016,225.085939,226.914064,15625000.0000,1828125000.0,2998.80,,1.75979,8.80165,2.787642e+13,5.575284e+13,6.568226e+13,5.805547e+13,2.0826,1,9.768867e+13,1.365944e+14,1.295246e+14,1.439120e+14,2712.0000,3.598,4,0.5205,,coarse,B,2.1447,4.3687,2.7444,False,512,477,0.931774,0.978558,False,226.773439,CO(2-1),-3764.5606,-4895.448,star,27.817,3.894,21.698,512,20260825,False,False,,,,1.0396,0.9951,354,260.5,4.0215,5.5579,0.5008,0.999694
Proxima Cen,Proxima Cen,6,A002_X107649f_X8f30,1.3016,225.085939,226.914064,15625000.0000,1828125000.0,2998.80,,1.81654,9.08549,2.877540e+13,5.755081e+13,6.780045e+13,5.992769e+13,2.0826,1,1.008390e+14,1.409995e+14,1.337016e+14,1.485530e+14,2712.0000,3.598,4,0.5205,,coarse,B,3.9652,4.9220,4.1865,False,512,5,0.011696,0.025341,False,226.539064,CO(2-1),-3998.9356,-5200.230,star,27.817,3.894,21.698,512,20260825,False,False,,,,1.0918,0.9845,354,263.1,4.1062,5.6734,0.5008,0.999694
Proxima Cen,Proxima Cen,6,A002_X1077d5b_X9976,1.3016,225.085939,226.914064,15625000.0000,1828125000.0,2998.80,,1.56166,7.81068,2.473782e+13,4.947565e+13,5.828712e+13,5.151903e+13,2.0826,1,8.668994e+13,1.212153e+14,1.149414e+14,1.277090e+14,2712.0000,3.598,4,0.5205,,coarse,B,2.7504,4.4254,3.7257,False,512,276,0.539961,0.461988,False,225.742189,CO(2-1),-4795.8106,-6236.490,star,27.817,3.894,21.698,512,20260825,False,False,,,,1.0271,1.0142,354,236.5,4.0112,5.5587,0.5015,0.999693
Proxima Cen,Proxima Cen,6,A002_X1077d5b_Xa63d,1.3016,225.085939,226.914064,15625000.0000,1828125000.0,2998.80,,1.26453,6.32457,2.003107e+13,4.006213e+13,4.719709e+13,4.171673e+13,2.0826,1,7.019583e+13,9.815223e+13,9.307204e+13,1.034104e+14,2712.0000,3.598,4,0.5205,,coarse,B,2.2130,4.5102,3.0515,False,512,471,0.920078,0.914230,False,225.632814,CO(2-1),-4905.1856,-6378.721,star,27.817,3.894,21.698,512,20260825,False,False,,,,1.0755,1.0112,354,205.5,4.0649,5.6562,0.5016,0.999693
Proxima Cen,Proxima Cen,6,A002_X106ccd1_Xbe52,1.3016,225.085939,226.914064,15625000.0000,1828125000.0,2998.80,,1.66429,8.32409,2.636390e+13,5.272780e+13,6.211848e+13,5.490549e+13,2.0826,1,9.238828e+13,1.291831e+14,1.224968e+14,1.361036e+14,2712.0000,3.598,4,0.5205,,coarse,B,2.1719,4.4630,3.4865,False,512,462,0.902534,0.908382,False,226.585939,CO(2-1),-3952.0606,-5139.274,star,27.817,3.894,21.698,512,20260825,False,False,,,,0.9271,0.9298,354,343.7,3.7312,5.1177,0.5078,0.999686
Proxima Cen,Proxima Cen,6,A002_X106ccd1_Xc4a6,1.3016,225.085939,226.914064,15625000.0000,1828125000.0,2998.80,,1.69437,8.47450,2.684028e+13,5.368056e+13,6.324092e+13,5.589760e+13,2.0826,1,9.405768e+13,1.315174e+14,1.247103e+14,1.385629e+14,2712.0000,3.598,4,0.5205,,coarse,B,2.8142,4.7273,2.8997,False,512,230,0.450292,0.309942,False,225.085939,13CO(2-1),4686.9394,6375.297,star,27.817,3.894,21.698,512,20260825,False,False,,,,1.0518,0.9179,354,523.9,4.0546,5.5012,0.5077,0.999686
Proxima Cen,Proxima Cen,6,A002_X106a1f1_X6a0c,1.3016,239.085936,240.914061,15625000.0000,1828125000.0,2998.80,2975,3.40669,17.03968,5.396776e+13,1.079355e+14,1.271585e+14,1.123933e+14,2.0826,1,1.891218e+14,2.644420e+14,2.507550e+14,2.786086e+14,2880.0000,3.598,4,0.5527,1.0000,coarse,B,3.1741,3.9436,3.7357,False,512,66,0.130604,0.159844,False,240.070311,CS(5-4),-4865.6894,-5955.421,star,26.195,3.667,20.432,512,20260825,False,False,,,,0.9126,0.9603,354,244.1,3.6873,5.1053,0.5154,0.999635
Proxima Cen,Proxima Cen,6,A002_X1076174_X11cc,1.3016,239.085936,240.914061,15625000.0000,1828125000.0,2797.20,,1.70157,8.51077,2.695514e+13,5.391028e+13,6.351156e+13,5.613681e+13,2.0826,1,9.446019e+13,1.320802e+14,1.252440e+14,1.391559e+14,2880.0000,3.598,4,0.5156,,coarse,B,2.8349,4.4271,3.0166,False,512,229,0.448343,0.335283,False,240.179686,CS(5-4),-4756.3144,-5821.550,star,26.195,3.667,20.432,512,20260825,False,False,,,,1.0744,0.9646,354,300.9,4.0653,5.5960,0.5007,0.999655
Proxima Cen,Proxima Cen,6,A002_X106b646_X1295,1.3016,239.085936,240.914061,15625000.0000,1828125000.0,2998.80,,2.21819,11.09498,3.513983e+13,7.027965e+13,8.279626e+13,7.318225e+13,2.0826,1,1.231422e+14,1.721851e+14,1.632731e+14,1.814094e+14,2880.0000,3.598,4,0.5527,,coarse,B,3.2014,4.3654,3.5255,False,512,83,0.163743,0.046784,False,239.226561,CS(5-4),-5709.4394,-6988.139,star,26.195,3.667,20.432,512,20260825,False,False,,,,1.0490,0.9508,354,366.6,4.0337,5.5232,0.5133,0.999638
Proxima Cen,Proxima Cen,6,A002_X107376c_X12b9,1.3016,239.085936,240.914061,15625000.0000,1828125000.0,2998.80,,2.74730,13.74124,4.352101e+13,8.704202e+13,1.025440e+14,9.063691e+13,2.0826,1,1.525128e+14,2.132529e+14,2.022153e+14,2.246772e+14,2880.0000,3.598,4,0.5527,,coarse,B,2.9429,4.5200,3.8592,False,512,149,0.292398,0.331384,False,240.117186,CS(5-4),-4818.8144,-5898.048,star,26.195,3.667,20.432,512,20260825,False,False,,,,1.0167,0.9725,354,258.9,3.9303,5.4328,0.5015,0.999654
Proxima Cen,Proxima Cen,6,A002_X106f040_X13932,1.3016,239.085936,240.914061,15625000.0000,1828125000.0,2998.80,,2.08292,10.41820,3.299633e+13,6.599266e+13,7.774578e+13,6.871821e+13,2.0826,1,1.156306e+14,1.616820e+14,1.533136e+14,1.703436e+14,2880.0000,3.598,4,0.5527,,coarse,B,1.9318,4.8829,2.9725,False,512,506,0.988304,1.000000,False,240.507811,CS(5-4),-4428.1894,-5419.937,star,26.195,3.667,20.432,512,20260825,False,False,,,,1.0640,0.9754,354,266.9,4.0367,5.5752,0.5029,0.999652
Proxima Cen,Proxima Cen,6,A002_X106f040_X148f3,1.3016,239.085936,240.914061,15625000.0000,1828125000.0,2998.80,,1.93056,9.65616,3.058280e+13,6.116560e+13,7.205903e+13,6.369178e+13,2.0826,1,1.071728e+14,1.498557e+14,1.420995e+14,1.578837e+14,2880.0000,3.598,4,0.5527,,coarse,B,2.6926,4.3593,3.9192,False,512,282,0.551657,0.674464,False,240.476561,CS(5-4),-4459.4394,-5458.186,star,26.195,3.667,20.432,512,20260825,False,False,,,,1.0841,0.9529,354,353.7,4.1002,5.6196,0.5028,0.999652
Proxima Cen,Proxima Cen,6,A002_X1074d99_X167,1.3016,239.085936,240.914061,15625000.0000,1828125000.0,2998.80,,1.73648,8.68539,2.750819e+13,5.501638e+13,6.481465e+13,5.728860e+13,2.0826,1,9.639827e+13,1.347901e+14,1.278136e+14,1.420110e+14,2880.0000,3.598,4,0.5527,,coarse,B,2.2266,4.5224,3.1810,False,512,481,0.939571,0.929825,False,240.429686,CS(5-4),-4506.3144,-5515.559,star,26.195,3.667,20.432,512,20260825,False,False,,,,1.0757,0.9826,354,272,4.0789,5.6304,0.5010,0.999655
Proxima Cen,Proxima Cen,6,A002_X106b646_X19c5,1.3016,239.085936,240.914061,15625000.0000,1828125000.0,2998.80,,2.13292,10.66846,3.378894e+13,6.757789e+13,7.961332e+13,7.036890e+13,2.0826,1,1.184082e+14,1.655658e+14,1.569964e+14,1.744354e+14,2880.0000,3.598,4,0.5527,,coarse,B,2.1314,4.3837,3.0107,False,512,496,0.968811,0.925926,False,240.882811,CS(5-4),-4053.1894,-4960.951,star,26.195,3.667,20.432,512,20260825,False,False,,,,1.0364,0.9820,354,291,4.0161,5.5334,0.5131,0.999638
Proxima Cen,Proxima Cen,6,A002_X106ccd1_X1a38,1.3016,239.085936,240.914061,15625000.0000,1828125000.0,2998.80,,1.71689,8.58750,2.719818e+13,5.439635e+13,6.408420e+13,5.664296e+13,2.0826,1,9.531187e+13,1.332711e+14,1.263732e+14,1.404106e+14,2880.0000,3.598,4,0.5527,,coarse,B,2.3576,4.2412,3.8527,False,512,423,0.826511,0.879142,False,239.132811,CS(5-4),-5803.1894,-7102.886,star,26.195,3.667,20.432,512,20260825,False,False,,,,0.9997,1.0032,354,222.8,3.9213,5.4435,0.5095,0.999643
Proxima Cen,Proxima Cen,6,A002_X106f040_X26c7,1.3016,239.085936,240.914061,15625000.0000,1828125000.0,2998.80,,1.68815,8.44370,2.674272e+13,5.348544e+13,6.301105e+13,5.569443e+13,2.0826,1,9.371580e+13,1.310393e+14,1.242570e+14,1.380593e+14,2880.0000,3.598,4,0.5527,,coarse,B,2.5004,4.4398,3.3872,False,512,353,0.690058,0.584795,False,240.132811,CS(5-4),-4803.1894,-5878.923,star,26.195,3.667,20.432,512,20260825,False,False,,,,1.0551,0.9118,354,428.1,4.0030,5.4590,0.5050,0.999649
Proxima Cen,Proxima Cen,6,A002_X106f040_X2b06,1.3016,239.085936,240.914061,15625000.0000,1828125000.0,2998.80,,1.65938,8.29979,2.628693e+13,5.257386e+13,6.193711e+13,5.474519e+13,2.0826,1,9.211854e+13,1.288059e+14,1.221392e+14,1.357063e+14,2880.0000,3.598,4,0.5527,,coarse,B,3.1765,4.9229,3.6291,False,512,129,0.253411,0.323587,False,239.367186,CS(5-4),-5568.8144,-6816.020,star,26.195,3.667,20.432,512,20260825,False,False,,,,1.0465,1.0017,354,289.1,4.0738,5.6140,0.5050,0.999649
Proxima Cen,Proxima Cen,6,A002_X106f040_X2e59,1.3016,239.085936,240.914061,15625000.0000,1828125000.0,2998.80,,1.69139,8.45989,2.679401e+13,5.358803e+13,6.313190e+13,5.580125e+13,2.0826,1,9.389554e+13,1.312907e+14,1.244953e+14,1.383241e+14,2880.0000,3.598,4,0.5527,,coarse,B,2.4092,4.1582,3.2968,False,512,443,0.865497,0.890838,False,239.757811,CS(5-4),-5178.1894,-6337.909,star,26.195,3.667,20.432,512,20260825,False,False,,,,1.0573,0.9665,354,380.5,4.0910,5.5961,0.5049,0.999650
Proxima Cen,Proxima Cen,6,A002_X1074d99_X74e,1.3016,239.085936,240.914061,15625000.0000,1828125000.0,2998.80,,1.87419,9.37418,2.968971e+13,5.937942e+13,6.995473e+13,6.183183e+13,2.0826,1,1.040431e+14,1.454796e+14,1.379498e+14,1.532731e+14,2880.0000,3.598,4,0.5527,,coarse,B,3.6101,4.1947,3.8135,False,512,29,0.058480,0.072125,False,240.429686,CS(5-4),-4506.3144,-5515.559,star,26.195,3.667,20.432,512,20260825,False,False,,,,0.9895,0.9926,354,247.3,3.9053,5.4051,0.5010,0.999655
Proxima Cen,Proxima Cen,6,A002_X107649f_X868f,1.3016,239.085936,240.914061,15625000.0000,1828125000.0,2998.80,,1.92663,9.63650,3.052053e+13,6.104105e+13,7.191229e+13,6.356209e+13,2.0826,1,1.069545e+14,1.495506e+14,1.418101e+14,1.575622e+14,2880.0000,3.598,4,0.5527,,coarse,B,3.1009,4.1900,3.7006,False,512,116,0.228070,0.339181,False,239.351561,CS(5-4),-5584.4394,-6835.144,star,26.195,3.667,20.432,512,20260825,False,False,,,,1.0442,0.9861,354,256.5,4.0092,5.5433,0.5008,0.999655
Proxima Cen,Proxima Cen,6,A002_X107649f_X8f30,1.3016,239.085936,240.914061,15625000.0000,1828125000.0,2998.80,,2.05903,10.29871,3.261789e+13,6.523579e+13,7.685410e+13,6.793007e+13,2.0826,1,1.143044e+14,1.598277e+14,1.515553e+14,1.683899e+14,2880.0000,3.598,4,0.5527,,coarse,B,3.1645,4.2577,3.5167,False,512,89,0.175439,0.192982,False,239.617186,CS(5-4),-5318.8144,-6510.029,star,26.195,3.667,20.432,512,20260825,False,False,,,,1.0451,0.9236,354,364.5,3.9697,5.4363,0.5008,0.999655
Proxima Cen,Proxima Cen,6,A002_X1077d5b_X9976,1.3016,239.085936,240.914061,15625000.0000,1828125000.0,2998.80,,1.72841,8.64506,2.738048e+13,5.476095e+13,6.451373e+13,5.702262e+13,2.0826,1,9.595071e+13,1.341643e+14,1.272202e+14,1.413517e+14,2880.0000,3.598,4,0.5527,,coarse,B,2.5769,4.1143,3.4158,False,512,305,0.596491,0.668616,False,239.976561,CS(5-4),-4959.4394,-6070.167,star,26.195,3.667,20.432,512,20260825,False,False,,,,0.9701,0.9398,354,294.4,3.8028,5.2379,0.5015,0.999654
Proxima Cen,Proxima Cen,6,A002_X1077d5b_Xa63d,1.3016,239.085936,240.914061,15625000.0000,1828125000.0,2998.80,,1.40504,7.02764,2.225781e+13,4.451562e+13,5.244373e+13,4.635415e+13,2.0826,1,7.799911e+13,1.090633e+14,1.034184e+14,1.149060e+14,2880.0000,3.598,4,0.5527,,coarse,B,3.0235,4.7539,3.6258,False,512,146,0.286550,0.237817,False,240.039061,CS(5-4),-4896.9394,-5993.670,star,26.195,3.667,20.432,512,20260825,False,False,,,,0.9305,0.9718,354,309.3,3.7989,5.2254,0.5016,0.999654
Proxima Cen,Proxima Cen,6,A002_X106ccd1_Xbe52,1.3016,239.085936,240.914061,15625000.0000,1828125000.0,2998.80,,1.85176,9.26208,2.933468e+13,5.866935e+13,6.911820e+13,6.109244e+13,2.0826,1,1.027989e+14,1.437399e+14,1.363002e+14,1.514403e+14,2880.0000,3.598,4,0.5527,,coarse,B,2.7055,4.0142,3.8569,False,512,304,0.594542,0.602339,False,240.867186,CS(5-4),-4068.8144,-4980.076,star,26.195,3.667,20.432,512,20260825,False,False,,,,1.0742,1.0025,354,263.9,4.1079,5.6752,0.5078,0.999645
Proxima Cen,Proxima Cen,6,A002_X106ccd1_Xc4a6,1.3016,239.085936,240.914061,15625000.0000,1828125000.0,2998.80,,1.87404,9.37354,2.968769e+13,5.937538e+13,6.994997e+13,6.182763e+13,2.0826,1,1.040360e+14,1.454697e+14,1.379404e+14,1.532627e+14,2880.0000,3.598,4,0.5527,,coarse,B,3.0898,4.1769,4.0503,False,512,127,0.249513,0.323587,False,239.492186,CS(5-4),-5443.8144,-6663.024,star,26.195,3.667,20.432,512,20260825,False,False,,,,1.0429,0.9633,354,335.4,4.0256,5.5252,0.5077,0.999646
Proxima Cen,Proxima Cen,6,A002_X106a1f1_X6a0c,1.3016,241.085936,242.914061,15625000.0000,1828125000.0,2998.80,2975,2.42378,12.12342,3.839705e+13,7.679411e+13,9.047093e+13,7.996576e+13,2.0826,1,1.345566e+14,1.881456e+14,1.784075e+14,1.982248e+14,2904.0000,3.598,4,0.5573,1.0000,coarse,B,2.7879,4.9389,3.2756,False,512,232,0.454191,0.278752,False,242.757811,CS(5-4),-2178.1894,-2666.022,star,25.978,3.637,20.263,512,20260825,False,False,,,,1.1273,0.9451,354,365.5,4.1794,5.7231,0.5154,0.999629
Proxima Cen,Proxima Cen,6,A002_X1076174_X11cc,1.3016,241.085936,242.914061,15625000.0000,1828125000.0,2797.20,,1.78532,8.92975,2.828212e+13,5.656425e+13,6.663818e+13,5.890039e+13,2.0826,1,9.911040e+13,1.385824e+14,1.314096e+14,1.460065e+14,2904.0000,3.598,4,0.5199,,coarse,B,3.4435,4.3140,4.1579,False,512,59,0.116959,0.103314,False,242.867186,CS(5-4),-2068.8144,-2532.151,star,25.978,3.637,20.263,512,20260825,False,False,,,,0.9754,1.0297,354,199,3.8981,5.4292,0.5007,0.999650
Proxima Cen,Proxima Cen,6,A002_X106b646_X1295,1.3016,241.085936,242.914061,15625000.0000,1828125000.0,2998.80,,2.27576,11.38300,3.605202e+13,7.210404e+13,8.494557e+13,7.508199e+13,2.0826,1,1.263388e+14,1.766549e+14,1.675116e+14,1.861186e+14,2904.0000,3.598,4,0.5573,,coarse,B,2.2795,4.6434,3.1520,False,512,466,0.910331,0.855750,False,242.023436,CS(5-4),-2912.5644,-3564.869,star,25.978,3.637,20.263,512,20260825,False,False,,,,0.9609,0.9375,354,357.2,3.8232,5.2386,0.5133,0.999632
Proxima Cen,Proxima Cen,6,A002_X107376c_X12b9,1.3016,241.085936,242.914061,15625000.0000,1828125000.0,2998.80,,2.88744,14.44228,4.574131e+13,9.148262e+13,1.077754e+14,9.526092e+13,2.0826,1,1.602935e+14,2.241324e+14,2.125317e+14,2.361395e+14,2904.0000,3.598,4,0.5573,,coarse,B,2.1345,4.8367,3.4275,False,512,486,0.949318,0.923977,False,241.351561,CS(5-4),-3584.4394,-4387.219,star,25.978,3.637,20.263,512,20260825,False,False,,,,1.0226,0.9522,354,306.9,3.9419,5.4233,0.5015,0.999648
Proxima Cen,Proxima Cen,6,A002_X106f040_X13932,1.3016,241.085936,242.914061,15625000.0000,1828125000.0,2998.80,,2.17651,10.88640,3.447919e+13,6.895838e+13,8.123968e+13,7.180641e+13,2.0826,1,1.208271e+14,1.689480e+14,1.602036e+14,1.779988e+14,2904.0000,3.598,4,0.5573,,coarse,B,2.2802,4.3383,3.5837,False,512,450,0.879142,0.947368,False,241.195311,CS(5-4),-3740.6894,-4578.463,star,25.978,3.637,20.263,512,20260825,False,False,,,,1.0143,0.9859,354,225.5,3.9188,5.4382,0.5029,0.999647
Proxima Cen,Proxima Cen,6,A002_X106f040_X148f3,1.3016,241.085936,242.914061,15625000.0000,1828125000.0,2998.80,,2.02900,10.14858,3.214238e+13,6.428475e+13,7.573369e+13,6.693976e+13,2.0826,1,1.126381e+14,1.574976e+14,1.493458e+14,1.659350e+14,2904.0000,3.598,4,0.5573,,coarse,B,2.5361,4.3921,2.9678,False,512,361,0.705653,0.680312,False,242.742186,CS(5-4),-2193.8144,-2685.146,star,25.978,3.637,20.263,512,20260825,False,False,,,,1.0277,1.0004,354,253.6,4.0020,5.5351,0.5028,0.999647
Proxima Cen,Proxima Cen,6,A002_X1074d99_X167,1.3016,241.085936,242.914061,15625000.0000,1828125000.0,2998.80,,1.80722,9.03925,2.862893e+13,5.725786e+13,6.745533e+13,5.962265e+13,2.0826,1,1.003257e+14,1.402818e+14,1.330210e+14,1.477969e+14,2904.0000,3.598,4,0.5573,,coarse,B,2.2804,4.5280,3.2688,False,512,451,0.881092,0.859649,False,241.242186,CS(5-4),-3693.8144,-4521.090,star,25.978,3.637,20.263,512,20260825,False,False,,,,1.0399,0.9792,354,283.2,4.0108,5.5303,0.5010,0.999649
Proxima Cen,Proxima Cen,6,A002_X106b646_X19c5,1.3016,241.085936,242.914061,15625000.0000,1828125000.0,2998.80,,2.22866,11.14740,3.530582e+13,7.061164e+13,8.318738e+13,7.352795e+13,2.0826,1,1.237239e+14,1.729985e+14,1.640444e+14,1.822663e+14,2904.0000,3.598,4,0.5573,,coarse,B,2.5161,4.5779,4.1654,False,512,369,0.721248,0.738791,False,241.367186,CS(5-4),-3568.8144,-4368.095,star,25.978,3.637,20.263,512,20260825,False,False,,,,1.0169,0.9853,354,242.6,3.9404,5.4568,0.5131,0.999632
Proxima Cen,Proxima Cen,6,A002_X106ccd1_X1a38,1.3016,241.085936,242.914061,15625000.0000,1828125000.0,2998.80,,1.78217,8.91406,2.823246e+13,5.646491e+13,6.652116e+13,5.879695e+13,2.0826,1,9.893635e+13,1.383390e+14,1.311789e+14,1.457501e+14,2904.0000,3.598,4,0.5573,,coarse,B,2.2842,5.6064,3.8657,False,512,463,0.904483,0.849903,False,242.445311,CS(5-4),-2490.6894,-3048.510,star,25.978,3.637,20.263,512,20260825,False,False,,,,0.9917,0.9997,354,245.3,3.9217,5.4292,0.5095,0.999637
Proxima Cen,Proxima Cen,6,A002_X106f040_X26c7,1.3016,241.085936,242.914061,15625000.0000,1828125000.0,2998.80,,1.74898,8.74802,2.770657e+13,5.541314e+13,6.528206e+13,5.770174e+13,2.0826,1,9.709345e+13,1.357622e+14,1.287354e+14,1.430352e+14,2904.0000,3.598,4,0.5573,,coarse,B,2.5241,4.3332,3.5160,False,512,349,0.682261,0.666667,False,242.820311,CS(5-4),-2115.6894,-2589.524,star,25.978,3.637,20.263,512,20260825,False,False,,,,1.0559,0.9670,354,282.9,4.0181,5.5404,0.5050,0.999643
Proxima Cen,Proxima Cen,6,A002_X106f040_X2b06,1.3016,241.085936,242.914061,15625000.0000,1828125000.0,2998.80,,1.73090,8.65761,2.742022e+13,5.484043e+13,6.460736e+13,5.710538e+13,2.0826,1,9.608997e+13,1.343591e+14,1.274049e+14,1.415569e+14,2904.0000,3.598,4,0.5573,,coarse,B,3.3272,4.4550,3.5179,False,512,50,0.099415,0.132554,False,242.726561,CS(5-4),-2209.4394,-2704.271,star,25.978,3.637,20.263,512,20260825,False,False,,,,1.0480,0.9509,354,263.6,3.9536,5.4623,0.5050,0.999644
Proxima Cen,Proxima Cen,6,A002_X106f040_X2e59,1.3016,241.085936,242.914061,15625000.0000,1828125000.0,2998.80,,1.77911,8.89874,2.818393e+13,5.636786e+13,6.640683e+13,5.869590e+13,2.0826,1,9.876630e+13,1.381013e+14,1.309534e+14,1.454996e+14,2904.0000,3.598,4,0.5573,,coarse,B,2.6640,4.6393,3.6806,False,512,302,0.590643,0.631579,False,242.304686,CS(5-4),-2631.3144,-3220.630,star,25.978,3.637,20.263,512,20260825,False,False,,,,1.0152,0.9352,354,424.4,3.9674,5.4117,0.5049,0.999644
Proxima Cen,Proxima Cen,6,A002_X1074d99_X74e,1.3016,241.085936,242.914061,15625000.0000,1828125000.0,2998.80,,1.98629,9.93493,3.146572e+13,6.293144e+13,7.413936e+13,6.553055e+13,2.0826,1,1.102668e+14,1.541820e+14,1.462018e+14,1.624418e+14,2904.0000,3.598,4,0.5573,,coarse,B,3.6117,4.3991,3.6416,False,512,16,0.033138,0.060429,False,242.226561,CS(5-4),-2709.4394,-3316.252,star,25.978,3.637,20.263,512,20260825,False,False,,,,1.0191,0.9691,354,275.7,3.9431,5.4409,0.5010,0.999649
Proxima Cen,Proxima Cen,6,A002_X107649f_X868f,1.3016,241.085936,242.914061,15625000.0000,1828125000.0,2998.80,,2.04810,10.24410,3.244492e+13,6.488984e+13,7.644654e+13,6.756983e+13,2.0826,1,1.136983e+14,1.589801e+14,1.507516e+14,1.674969e+14,2904.0000,3.598,4,0.5573,,coarse,B,3.1004,4.6429,3.4592,False,512,100,0.196881,0.243665,False,242.585936,CS(5-4),-2350.0644,-2876.391,star,25.978,3.637,20.263,512,20260825,False,False,,,,1.0442,0.9861,354,256.5,4.0092,5.5433,0.5008,0.999649
Proxima Cen,Proxima Cen,6,A002_X107649f_X8f30,1.3016,241.085936,242.914061,15625000.0000,1828125000.0,2998.80,,2.10696,10.53850,3.337735e+13,6.675470e+13,7.864352e+13,6.951171e+13,2.0826,1,1.169658e+14,1.635490e+14,1.550840e+14,1.723106e+14,2904.0000,3.598,4,0.5573,,coarse,B,2.9736,4.2130,3.4986,False,512,178,0.348928,0.389864,False,241.351561,CS(5-4),-3584.4394,-4387.219,star,25.978,3.637,20.263,512,20260825,False,False,,,,0.9886,1.0104,354,208.8,3.8979,5.4212,0.5008,0.999649
Proxima Cen,Proxima Cen,6,A002_X1077d5b_X9976,1.3016,241.085936,242.914061,15625000.0000,1828125000.0,2998.80,,1.80289,9.01764,2.856049e+13,5.712097e+13,6.729406e+13,5.948011e+13,2.0826,1,1.000859e+14,1.399464e+14,1.327030e+14,1.474435e+14,2904.0000,3.598,4,0.5573,,coarse,B,2.9671,5.2673,3.7391,False,512,141,0.276803,0.249513,False,242.476561,CS(5-4),-2459.4394,-3010.261,star,25.978,3.637,20.263,512,20260825,False,False,,,,0.9786,0.9448,354,301,3.8348,5.2787,0.5015,0.999648
Proxima Cen,Proxima Cen,6,A002_X1077d5b_Xa63d,1.3016,241.085936,242.914061,15625000.0000,1828125000.0,2998.80,,1.46135,7.30931,2.314992e+13,4.629984e+13,5.454572e+13,4.821206e+13,2.0826,1,8.112538e+13,1.134346e+14,1.075634e+14,1.195115e+14,2904.0000,3.598,4,0.5573,,coarse,B,2.3457,4.2992,3.4322,False,512,445,0.869396,0.826511,False,241.320311,CS(5-4),-3615.6894,-4425.468,star,25.978,3.637,20.263,512,20260825,False,False,,,,1.0099,0.9703,354,293,3.9416,5.4298,0.5016,0.999648
Proxima Cen,Proxima Cen,6,A002_X106ccd1_Xbe52,1.3016,241.085936,242.914061,15625000.0000,1828125000.0,2998.80,,1.95100,9.75852,3.090701e+13,6.181403e+13,7.282293e+13,6.436699e+13,2.0826,1,1.083089e+14,1.514444e+14,1.436059e+14,1.595575e+14,2904.0000,3.598,4,0.5573,,coarse,B,2.3043,4.5562,3.5561,False,512,450,0.879142,0.838207,False,242.117186,CS(5-4),-2818.8144,-3450.123,star,25.978,3.637,20.263,512,20260825,False,False,,,,0.9826,0.9832,354,232,3.8581,5.3496,0.5078,0.999640
Proxima Cen,Proxima Cen,6,A002_X106ccd1_Xc4a6,1.3016,241.085936,242.914061,15625000.0000,1828125000.0,2998.80,,1.96372,9.82213,3.110846e+13,6.221692e+13,7.329758e+13,6.478652e+13,2.0826,1,1.090149e+14,1.524314e+14,1.445419e+14,1.605974e+14,2904.0000,3.598,4,0.5573,,coarse,B,2.7862,4.3567,3.6069,False,512,221,0.432749,0.541910,False,242.851561,CS(5-4),-2084.4394,-2551.275,star,25.978,3.637,20.263,512,20260825,False,False,,,,1.1522,0.9726,354,264.5,4.2035,5.8069,0.5077,0.999640
Proxima Cen,Proxima Cen,6,A002_Xdbc154_X138c,1.3020,223.085939,224.914064,15625000.0000,1828125000.0,60.48,,14.00559,70.05986,2.218923e+14,4.437845e+14,5.228213e+14,4.621131e+14,2.0826,1,7.775877e+14,1.087272e+15,1.030997e+15,1.145519e+15,2688.0000,3.598,2,0.0104,,coarse,B,2.4485,4.2618,3.5064,False,512,284,0.555556,0.436647,False,223.226564,13CO(2-1),2827.5644,3846.127,star,28.066,3.929,21.891,512,20260825,False,False,,,,1.0812,1.0184,118,100.4,3.9039,5.5551,0.6169,0.999544
Proxima Cen,Proxima Cen,6,A002_Xdb7ab7_X140ee,1.3020,223.085939,224.914064,15625000.0000,1828125000.0,60.48,,15.30620,76.56646,2.424998e+14,4.849997e+14,5.713768e+14,5.050305e+14,2.0826,1,8.498038e+14,1.188249e+15,1.126748e+15,1.251905e+15,2688.0000,3.598,2,0.0104,,coarse,B,2.7551,4.3498,3.5128,False,512,139,0.272904,0.323587,False,224.226564,13CO(2-1),3827.5644,5206.353,star,28.066,3.929,21.891,512,20260825,False,False,,,,0.9890,0.9653,118,138.4,3.7123,5.2278,0.6219,0.999537
Proxima Cen,Proxima Cen,6,A002_Xdc0d09_X1938,1.3020,223.085939,224.914064,15625000.0000,1828125000.0,60.48,,17.91896,89.63284,2.838834e+14,5.677668e+14,6.688846e+14,5.912160e+14,2.0826,1,9.948263e+14,1.391029e+15,1.319032e+15,1.465548e+15,2688.0000,3.598,2,0.0104,,coarse,B,2.1575,3.9372,3.4929,False,512,430,0.840156,0.797271,False,224.492189,13CO(2-1),4093.1894,5567.663,star,28.066,3.929,21.891,512,20260825,False,False,,,,1.1319,0.9719,118,150.3,4.0177,5.6432,0.5952,0.999576
Proxima Cen,Proxima Cen,6,A002_Xdc21b9_X252f,1.3020,223.085939,224.914064,15625000.0000,1828125000.0,60.48,,9.57198,47.87835,1.516394e+14,3.032788e+14,3.572919e+14,3.158044e+14,2.0826,1,5.313972e+14,7.430330e+14,7.045750e+14,7.828384e+14,2688.0000,3.598,2,0.0104,,coarse,B,3.0984,4.1123,3.4944,False,512,65,0.128655,0.134503,False,224.335939,13CO(2-1),3936.9394,5355.127,star,28.066,3.929,21.891,512,20260825,False,False,,,,1.0015,0.9736,118,137.7,3.7505,5.2823,0.5672,0.999615
Proxima Cen,Proxima Cen,6,A002_Xdb7ab7_X8bda,1.3020,223.085939,224.914064,15625000.0000,1828125000.0,60.48,,11.93476,59.70252,1.890887e+14,3.781774e+14,4.455297e+14,3.937963e+14,2.0826,1,6.626325e+14,9.265345e+14,8.785787e+14,9.761703e+14,2688.0000,3.598,2,0.0104,,coarse,B,2.7275,3.9282,3.2059,False,512,201,0.393762,0.452242,False,224.773439,13CO(2-1),4374.4394,5950.226,star,28.066,3.929,21.891,512,20260825,False,False,,,,1.1011,1.0659,118,95.35,4.0150,5.7230,0.6335,0.999519
Proxima Cen,Proxima Cen,6,A002_Xbcef34_X2720,1.3020,223.132812,224.867188,15625000.0000,1734375000.0,453.60,,8.25292,41.29966,1.308035e+14,2.616070e+14,3.081985e+14,2.724116e+14,2.0826,1,4.583810e+14,6.409372e+14,6.077634e+14,6.752731e+14,2688.0000,3.598,2,0.07803,,coarse,B,3.3326,4.0872,3.8505,False,512,37,0.074074,0.079922,False,224.804688,13CO(2-1),4405.6875,5992.731,star,28.066,3.929,21.891,512,20260825,False,False,,,,1.0293,1.0308,112,103.4,3.8380,5.4560,0.8423,0.999151
Proxima Cen,Proxima Cen,6,A002_Xdbc154_X138c,1.3020,225.085939,226.914064,15625000.0000,1828125000.0,60.48,,13.00025,65.03143,2.059663e+14,4.119326e+14,4.852967e+14,4.289457e+14,2.0826,1,7.217776e+14,1.009235e+15,9.569987e+14,1.063301e+15,2712.0000,3.598,2,0.0105,,coarse,B,2.4087,3.7931,3.1281,False,512,285,0.557505,0.635478,False,225.898439,CO(2-1),-4639.5606,-6033.302,star,27.817,3.894,21.698,512,20260825,False,False,,,,0.9892,1.0496,118,76.2,3.7194,5.3427,0.6169,0.999536
Proxima Cen,Proxima Cen,6,A002_Xdb7ab7_X140ee,1.3020,225.085939,226.914064,15625000.0000,1828125000.0,60.48,,14.51974,72.63293,2.300416e+14,4.600833e+14,5.420228e+14,4.790850e+14,2.0826,1,8.061459e+14,1.127204e+15,1.068862e+15,1.187590e+15,2712.0000,3.598,2,0.0105,,coarse,B,3.1644,4.3938,3.8687,False,512,71,0.140351,0.076023,False,226.101564,CO(2-1),-4436.4356,-5769.157,star,27.817,3.894,21.698,512,20260825,False,False,,,,1.0161,1.0441,118,100.2,3.8300,5.4503,0.6219,0.999529
Proxima Cen,Proxima Cen,6,A002_Xdc0d09_X1938,1.3020,225.085939,226.914064,15625000.0000,1828125000.0,60.48,,18.18946,90.98658,2.881710e+14,5.763419e+14,6.789869e+14,6.001453e+14,2.0826,1,1.009851e+15,1.412038e+15,1.338953e+15,1.487683e+15,2712.0000,3.598,2,0.0105,,coarse,B,2.8908,4.0547,3.1018,False,512,113,0.222222,0.194932,False,226.554689,CO(2-1),-3983.3106,-5179.912,star,27.817,3.894,21.698,512,20260825,False,False,,,,0.9913,0.9655,118,135.1,3.7112,5.2302,0.5952,0.999568
Proxima Cen,Proxima Cen,6,A002_Xdc21b9_X252f,1.3020,225.085939,226.914064,15625000.0000,1828125000.0,60.48,,8.90431,44.53902,1.410632e+14,2.821263e+14,3.323722e+14,2.937783e+14,2.0826,1,4.943344e+14,6.912095e+14,6.554337e+14,7.282385e+14,2712.0000,3.598,2,0.0105,,coarse,B,2.7635,4.5012,3.4885,False,512,145,0.284600,0.134503,False,225.882814,CO(2-1),-4655.1856,-6053.620,star,27.817,3.894,21.698,512,20260825,False,False,,,,0.9635,0.9909,118,122.4,3.6827,5.2064,0.5672,0.999608
Proxima Cen,Proxima Cen,6,A002_Xdb7ab7_X8bda,1.3020,225.085939,226.914064,15625000.0000,1828125000.0,60.48,,11.01790,55.11646,1.745638e+14,3.491276e+14,4.113063e+14,3.635468e+14,2.0826,1,6.117323e+14,8.553626e+14,8.110906e+14,9.011856e+14,2712.0000,3.598,2,0.0105,,coarse,B,2.9161,4.0297,3.2705,False,512,115,0.226121,0.177388,False,225.195314,13CO(2-1),4796.3144,6524.072,star,27.817,3.894,21.698,512,20260825,False,False,,,,1.0067,1.0215,118,104.9,3.7825,5.3743,0.6335,0.999511
Proxima Cen,Proxima Cen,6,A002_Xbcef34_X2720,1.3020,225.132812,226.867188,15625000.0000,1734375000.0,453.60,,8.09125,40.49124,1.282431e+14,2.564862e+14,3.021657e+14,2.670792e+14,2.0826,1,4.494084e+14,6.283911e+14,5.958667e+14,6.620549e+14,2712.0000,3.598,2,0.07873,,coarse,B,2.4331,3.8963,3.2586,False,512,276,0.539961,0.512671,False,226.664062,CO(2-1),-3873.9375,-5037.682,star,27.817,3.894,21.698,512,20260825,False,False,,,,1.0302,0.9944,112,109.6,3.7870,5.3730,0.8423,0.999135
Proxima Cen,Proxima Cen,6,A002_Xdbc154_X138c,1.3020,239.085936,240.914061,15625000.0000,1828125000.0,60.48,,14.38468,71.96104,2.279136e+14,4.558273e+14,5.370089e+14,4.746533e+14,2.0826,1,7.986887e+14,1.116777e+15,1.058974e+15,1.176604e+15,2880.0000,3.598,2,0.01115,,coarse,B,3.6157,4.0935,3.9279,False,512,10,0.021442,0.021442,False,240.382811,CS(5-4),-4553.1894,-5572.933,star,26.195,3.667,20.432,512,20260825,False,False,,,,1.0300,1.0116,118,106.5,3.8113,5.4126,0.6169,0.999477
Proxima Cen,Proxima Cen,6,A002_Xdb7ab7_X140ee,1.3020,239.085936,240.914061,15625000.0000,1828125000.0,60.48,,15.98117,79.94836,2.532109e+14,5.064219e+14,5.966142e+14,5.273374e+14,2.0826,1,8.873392e+14,1.240734e+15,1.176515e+15,1.307201e+15,2880.0000,3.598,2,0.01115,,coarse,B,2.7859,4.2976,3.3123,False,512,134,0.263158,0.253411,False,240.164061,CS(5-4),-4771.9394,-5840.674,star,26.195,3.667,20.432,512,20260825,False,False,,,,0.9692,0.9987,118,121.7,3.7065,5.2410,0.6219,0.999468
Proxima Cen,Proxima Cen,6,A002_Xdc0d09_X1938,1.3020,239.085936,240.914061,15625000.0000,1828125000.0,60.48,,19.88801,99.48851,3.150981e+14,6.301963e+14,7.424325e+14,6.562238e+14,2.0826,1,1.104213e+15,1.543981e+15,1.464067e+15,1.626694e+15,2880.0000,3.598,2,0.01115,,coarse,B,2.6899,3.9161,2.8393,False,512,190,0.372320,0.469786,False,239.257811,CS(5-4),-5678.1894,-6949.890,star,26.195,3.667,20.432,512,20260825,False,False,,,,1.0674,1.0339,118,104.5,3.9177,5.5672,0.5952,0.999513
Proxima Cen,Proxima Cen,6,A002_Xdc21b9_X252f,1.3020,239.085936,240.914061,15625000.0000,1828125000.0,60.48,,9.80230,49.03316,1.552969e+14,3.105938e+14,3.659097e+14,3.234215e+14,2.0826,1,5.442144e+14,7.609548e+14,7.215691e+14,8.017203e+14,2880.0000,3.598,2,0.01115,,coarse,B,2.0681,4.3613,3.1506,False,512,445,0.869396,0.900585,False,240.460936,CS(5-4),-4475.0644,-5477.311,star,26.195,3.667,20.432,512,20260825,False,False,,,,1.0160,0.9945,118,107.4,3.7553,5.3316,0.5672,0.999558
Proxima Cen,Proxima Cen,6,A002_Xdb7ab7_X8bda,1.3020,239.085936,240.914061,15625000.0000,1828125000.0,60.48,,12.04475,60.25701,1.908449e+14,3.816897e+14,4.496676e+14,3.974538e+14,2.0826,1,6.687868e+14,9.351399e+14,8.867387e+14,9.852366e+14,2880.0000,3.598,2,0.01115,,coarse,B,2.6196,4.1549,3.4771,False,512,195,0.382066,0.440546,False,239.617186,CS(5-4),-5318.8144,-6510.029,star,26.195,3.667,20.432,512,20260825,False,False,,,,0.9408,0.9403,118,155.2,3.5997,5.0512,0.6335,0.999448
Proxima Cen,Proxima Cen,6,A002_Xbcef34_X2720,1.3020,239.132813,240.867188,15625000.0000,1734375000.0,453.60,,8.91878,44.63744,1.413749e+14,2.827497e+14,3.331067e+14,2.944275e+14,2.0826,1,4.954267e+14,6.927368e+14,6.568820e+14,7.298477e+14,2880.0000,3.598,2,0.08361,,coarse,B,2.4542,4.3606,3.0831,False,512,305,0.596491,0.625731,False,239.867188,CS(5-4),-5068.8125,-6204.036,star,26.195,3.667,20.432,512,20260825,False,False,,,,1.1136,1.0293,112,108,4.0043,5.6841,0.8423,0.999025
Proxima Cen,Proxima Cen,6,A002_Xdbc154_X138c,1.3020,241.085936,242.914061,15625000.0000,1828125000.0,60.48,,14.98393,74.95950,2.374103e+14,4.748206e+14,5.593849e+14,4.944310e+14,2.0826,1,8.319683e+14,1.163311e+15,1.103100e+15,1.225631e+15,2904.0000,3.598,2,0.01124,,coarse,B,2.7198,4.3700,2.9720,False,512,182,0.356725,0.278752,False,241.804686,CS(5-4),-3131.3144,-3832.611,star,25.978,3.637,20.263,512,20260825,False,False,,,,1.0292,1.0231,118,110.9,3.8417,5.4486,0.6169,0.999468
Proxima Cen,Proxima Cen,6,A002_Xdb7ab7_X140ee,1.3020,241.085936,242.914061,15625000.0000,1828125000.0,60.48,,16.75631,83.82685,2.654948e+14,5.309896e+14,6.255574e+14,5.529198e+14,2.0826,1,9.303861e+14,1.300925e+15,1.233591e+15,1.370617e+15,2904.0000,3.598,2,0.01124,,coarse,B,2.3775,4.0941,3.4502,False,512,304,0.594542,0.606238,False,241.367186,CS(5-4),-3568.8144,-4368.095,star,25.978,3.637,20.263,512,20260825,False,False,,,,1.0722,0.9996,118,112.1,3.8812,5.5025,0.6219,0.999459
Proxima Cen,Proxima Cen,6,A002_Xdc0d09_X1938,1.3020,241.085936,242.914061,15625000.0000,1828125000.0,60.48,,20.92517,104.67766,3.315331e+14,6.630662e+14,7.811565e+14,6.904513e+14,2.0826,1,1.161807e+15,1.624512e+15,1.540430e+15,1.711540e+15,2904.0000,3.598,2,0.01124,,coarse,B,2.8843,5.0073,3.7171,False,512,166,0.325536,0.356725,False,242.054686,CS(5-4),-2881.3144,-3526.621,star,25.978,3.637,20.263,512,20260825,False,False,,,,1.0867,1.0445,118,123.8,4.0188,5.6794,0.5952,0.999505
Proxima Cen,Proxima Cen,6,A002_Xdc21b9_X252f,1.3020,241.085936,242.914061,15625000.0000,1828125000.0,60.48,,10.39783,52.01255,1.647332e+14,3.294663e+14,3.881434e+14,3.430735e+14,2.0826,1,5.772823e+14,8.071925e+14,7.654136e+14,8.504349e+14,2904.0000,3.598,2,0.01124,,coarse,B,2.3964,4.4844,3.5451,False,512,326,0.637427,0.672515,False,242.320311,CS(5-4),-2615.6894,-3201.506,star,25.978,3.637,20.263,512,20260825,False,False,,,,1.0593,1.0367,118,122,3.9485,5.5827,0.5672,0.999550
Proxima Cen,Proxima Cen,6,A002_Xdb7ab7_X8bda,1.3020,241.085936,242.914061,15625000.0000,1828125000.0,60.48,,12.80641,64.06797,2.029149e+14,4.058297e+14,4.781069e+14,4.225908e+14,2.0826,1,7.110842e+14,9.942828e+14,9.428205e+14,1.047548e+15,2904.0000,3.598,2,0.01124,,coarse,B,2.8420,4.0923,3.5182,False,512,122,0.239766,0.261209,False,241.304686,CS(5-4),-3631.3144,-4444.592,star,25.978,3.637,20.263,512,20260825,False,False,,,,1.0200,0.9639,118,143.4,3.7773,5.3133,0.6335,0.999439
Proxima Cen,Proxima Cen,6,A002_Xbcef34_X2720,1.3020,241.132813,242.867188,15625000.0000,1734375000.0,453.60,,9.48041,47.44911,1.502799e+14,3.005598e+14,3.540887e+14,3.129732e+14,2.0826,1,5.266331e+14,7.363716e+14,6.982583e+14,7.758201e+14,2904.0000,3.598,2,0.0843,,coarse,B,2.3924,4.5065,3.0251,False,512,306,0.598441,0.561404,False,242.148438,CS(5-4),-2787.5625,-3411.872,star,25.978,3.637,20.263,512,20260825,False,False,,,,1.0566,1.0271,112,95.39,3.8610,5.5034,0.8423,0.999009
NAME Barnards star,NAME Barnards star,6,A002_Xfdf45f_X478e,1.8282,223.085939,224.914064,15625000.0000,1828125000.0,2998.80,2975,2.07659,10.38656,6.490325e+13,1.298065e+14,1.529247e+14,1.351676e+14,2.0826,1,2.274436e+14,3.180259e+14,3.015655e+14,3.350630e+14,2688.0000,3.598,4,0.5159,1.0000,coarse,B,2.4649,4.2411,3.1334,False,512,362,0.709552,0.746589,False,223.523439,13CO(2-1),3124.4394,4249.944,star,28.066,3.929,21.891,512,20260825,False,False,,,,1.0734,0.9630,354,259.3,4.0239,5.5620,0.5377,0.999654
NAME Barnards star,NAME Barnards star,6,A002_Xfe2e17_X282,1.8282,223.085939,224.914064,15625000.0000,1828125000.0,2998.80,,2.62445,13.12694,8.202721e+13,1.640544e+14,1.932721e+14,1.708300e+14,2.0826,1,2.874519e+14,4.019333e+14,3.811300e+14,4.234655e+14,2688.0000,3.598,4,0.5159,,coarse,B,2.7603,4.2537,4.4017,False,512,253,0.495127,0.463938,False,224.226564,13CO(2-1),3827.5644,5206.353,star,28.066,3.929,21.891,512,20260825,False,False,,,,1.0378,0.9913,354,253.6,4.0040,5.5378,0.5446,0.999645
NAME Barnards star,NAME Barnards star,6,A002_Xfe3986_X5c7e,1.8282,223.085939,224.914064,15625000.0000,1828125000.0,2998.80,,2.65962,13.30285,8.312646e+13,1.662529e+14,1.958621e+14,1.731193e+14,2.0826,1,2.913040e+14,4.073196e+14,3.862375e+14,4.291403e+14,2688.0000,3.598,4,0.5159,,coarse,B,2.7339,3.9430,3.9338,False,512,270,0.528265,0.578947,False,224.320314,13CO(2-1),3921.3144,5333.874,star,28.066,3.929,21.891,512,20260825,False,False,,,,1.0435,0.9907,354,262.2,4.0221,5.5578,0.5474,0.999641
NAME Barnards star,NAME Barnards star,6,A002_Xfdf45f_X478e,1.8282,225.085939,226.914064,15625000.0000,1828125000.0,2998.80,2975,1.99040,9.95553,6.220981e+13,1.244196e+14,1.465784e+14,1.295582e+14,2.0826,1,2.180048e+14,3.048281e+14,2.890507e+14,3.211581e+14,2712.0000,3.598,4,0.5205,1.0000,coarse,B,3.8095,4.0649,3.9277,False,512,8,0.017544,0.017544,False,225.320314,13CO(2-1),4921.3144,6694.100,star,27.817,3.894,21.698,512,20260825,False,False,,,,1.0729,0.9419,354,334.2,4.0420,5.5481,0.5377,0.999648
NAME Barnards star,NAME Barnards star,6,A002_Xfe2e17_X282,1.8282,225.085939,226.914064,15625000.0000,1828125000.0,2998.80,,2.52493,12.62924,7.891721e+13,1.578344e+14,1.859443e+14,1.643531e+14,2.0826,1,2.765534e+14,3.866943e+14,3.666797e+14,4.074101e+14,2712.0000,3.598,4,0.5205,,coarse,B,2.5211,4.5208,3.8702,False,512,376,0.734893,0.697856,False,226.164064,CO(2-1),-4373.9356,-5687.882,star,27.817,3.894,21.698,512,20260825,False,False,,,,1.1009,0.9839,354,281.9,4.1403,5.7095,0.5446,0.999638
NAME Barnards star,NAME Barnards star,6,A002_Xfe3986_X5c7e,1.8282,225.085939,226.914064,15625000.0000,1828125000.0,2998.80,,2.55959,12.80260,8.000053e+13,1.600011e+14,1.884968e+14,1.666092e+14,2.0826,1,2.803497e+14,3.920026e+14,3.717132e+14,4.130027e+14,2712.0000,3.598,4,0.5205,,coarse,B,2.9338,4.0894,3.6905,False,512,164,0.321637,0.261209,False,226.101564,CO(2-1),-4436.4356,-5769.157,star,27.817,3.894,21.698,512,20260825,False,False,,,,1.0561,0.9827,354,250.2,4.0199,5.5619,0.5474,0.999635
NAME Barnards star,NAME Barnards star,6,A002_Xfdf45f_X478e,1.8282,239.085936,240.914061,15625000.0000,1828125000.0,2998.80,2975,2.13147,10.66158,6.662179e+13,1.332436e+14,1.569739e+14,1.387466e+14,2.0826,1,2.334659e+14,3.264468e+14,3.095505e+14,3.439350e+14,2880.0000,3.598,4,0.5527,1.0000,coarse,B,2.0710,4.4609,3.2330,False,512,490,0.957115,0.953216,False,240.695311,CS(5-4),-4240.6894,-5190.444,star,26.195,3.667,20.432,512,20260825,False,False,,,,0.9718,0.9712,354,268.1,3.8471,5.3126,0.5377,0.999603
NAME Barnards star,NAME Barnards star,6,A002_Xfe2e17_X282,1.8282,239.085936,240.914061,15625000.0000,1828125000.0,2998.80,,2.81055,14.05848,8.784818e+13,1.756964e+14,2.069874e+14,1.829528e+14,2.0826,1,3.078506e+14,4.304561e+14,4.081765e+14,4.535163e+14,2880.0000,3.598,4,0.5527,,coarse,B,2.8905,4.3378,3.4702,False,512,195,0.382066,0.569201,False,239.304686,CS(5-4),-5631.3144,-6892.517,star,26.195,3.667,20.432,512,20260825,False,False,,,,1.0742,0.9490,354,345,4.0663,5.5768,0.5446,0.999592
NAME Barnards star,NAME Barnards star,6,A002_Xfe3986_X5c7e,1.8282,239.085936,240.914061,15625000.0000,1828125000.0,2998.80,,2.84599,14.23580,8.895625e+13,1.779125e+14,2.095982e+14,1.852604e+14,2.0826,1,3.117337e+14,4.358856e+14,4.133250e+14,4.592367e+14,2880.0000,3.598,4,0.5527,,coarse,B,2.3496,4.4191,3.1810,False,512,424,0.828460,0.927875,False,240.648436,CS(5-4),-4287.5644,-5247.818,star,26.195,3.667,20.432,512,20260825,False,False,,,,0.9798,0.9648,354,263.8,3.8464,5.3140,0.5474,0.999588
NAME Barnards star,NAME Barnards star,6,A002_Xfdf45f_X478e,1.8282,241.085936,242.914061,15625000.0000,1828125000.0,2998.80,2975,2.22861,11.14755,6.965850e+13,1.393170e+14,1.641290e+14,1.450709e+14,2.0826,1,2.441076e+14,3.413267e+14,3.236602e+14,3.596120e+14,2904.0000,3.598,4,0.5573,1.0000,coarse,B,3.0085,4.6016,4.0794,False,512,120,0.235867,0.257310,False,242.648436,CS(5-4),-2287.5644,-2799.893,star,25.978,3.637,20.263,512,20260825,False,False,,,,1.0551,0.9542,354,269.5,3.9796,5.4947,0.5377,0.999596
NAME Barnards star,NAME Barnards star,6,A002_Xfe2e17_X282,1.8282,241.085936,242.914061,15625000.0000,1828125000.0,2998.80,,2.91576,14.58486,9.113743e+13,1.822749e+14,2.147375e+14,1.898029e+14,2.0826,1,3.193772e+14,4.465734e+14,4.234595e+14,4.704970e+14,2904.0000,3.598,4,0.5573,,coarse,B,2.8919,4.0921,3.2174,False,512,175,0.343080,0.393762,False,242.242186,CS(5-4),-2693.8144,-3297.128,star,25.978,3.637,20.263,512,20260825,False,False,,,,0.9562,0.9627,354,261.6,3.7938,5.2425,0.5446,0.999585
NAME Barnards star,NAME Barnards star,6,A002_Xfe3986_X5c7e,1.8282,241.085936,242.914061,15625000.0000,1828125000.0,2998.80,,2.99210,14.96676,9.352382e+13,1.870476e+14,2.203603e+14,1.947728e+14,2.0826,1,3.277400e+14,4.582667e+14,4.345476e+14,4.828167e+14,2904.0000,3.598,4,0.5573,,coarse,B,3.0137,4.8243,4.1081,False,512,141,0.276803,0.222222,False,241.289061,CS(5-4),-3646.9394,-4463.717,star,25.978,3.637,20.263,512,20260825,False,False,,,,1.1122,0.9786,354,255.1,4.1271,5.7073,0.5474,0.999581
Wolf 359,Wolf 359,6,A002_Xfdb69b_X667a,2.4086,223.085939,224.914064,15625000.0000,1828125000.0,2998.80,2975,1.56482,7.82656,8.488488e+13,1.697698e+14,2.000053e+14,1.767814e+14,2.0826,1,2.974661e+14,4.159359e+14,3.944078e+14,4.382182e+14,2688.0000,3.598,4,0.5159,1.0000,coarse,B,2.4630,4.4847,3.7128,False,512,379,0.740741,0.740741,False,223.726564,13CO(2-1),3327.5644,4526.240,star,28.066,3.929,21.891,512,20260825,False,False,,,,1.0646,0.9604,354,306.2,4.0415,5.5607,0.5137,0.999684
Wolf 359,Wolf 359,6,A002_Xfdc8ec_X4cec,2.4086,223.085939,224.914064,15625000.0000,1828125000.0,2998.80,,1.81657,9.08573,9.854148e+13,1.970830e+14,2.321829e+14,2.052226e+14,2.0826,1,3.453236e+14,4.828533e+14,4.578616e+14,5.087204e+14,2688.0000,3.598,4,0.5159,,coarse,B,2.5972,4.1470,3.5331,False,512,322,0.629630,0.701754,False,224.914064,13CO(2-1),4515.0644,6141.508,star,28.066,3.929,21.891,512,20260825,False,False,,,,0.9554,0.9843,354,248.8,3.8232,5.2907,0.5147,0.999683
Wolf 359,Wolf 359,6,A002_Xfddca6_Xcf25,2.4086,223.085939,224.914064,15625000.0000,1828125000.0,2998.80,,1.45131,7.25890,7.872813e+13,1.574563e+14,1.854988e+14,1.639593e+14,2.0826,1,2.758908e+14,3.857679e+14,3.658012e+14,4.064340e+14,2688.0000,3.598,4,0.5159,,coarse,B,2.0494,4.5759,3.3110,False,512,500,0.976608,0.992203,False,224.804689,13CO(2-1),4405.6894,5992.733,star,28.066,3.929,21.891,512,20260825,False,False,,,,1.0525,1.0261,354,210.3,4.0549,5.6384,0.5183,0.999678
Wolf 359,Wolf 359,6,A002_Xfdb69b_X667a,2.4086,225.085939,226.914064,15625000.0000,1828125000.0,2998.80,2975,1.45581,7.28141,7.897236e+13,1.579447e+14,1.860742e+14,1.644679e+14,2.0826,1,2.767466e+14,3.869645e+14,3.669359e+14,4.076948e+14,2712.0000,3.598,4,0.5205,1.0000,coarse,B,2.4401,4.3404,4.3979,False,512,380,0.742690,0.705653,False,225.507814,CO(2-1),-5030.1856,-6541.272,star,27.817,3.894,21.698,512,20260825,False,False,,,,1.0231,0.9339,354,355.5,3.9402,5.3995,0.5137,0.999678
Wolf 359,Wolf 359,6,A002_Xfdc8ec_X4cec,2.4086,225.085939,226.914064,15625000.0000,1828125000.0,2998.80,,1.70537,8.52962,9.251008e+13,1.850202e+14,2.179717e+14,1.926616e+14,2.0826,1,3.241875e+14,4.532994e+14,4.298374e+14,4.775833e+14,2712.0000,3.598,4,0.5205,,coarse,B,2.7372,4.2587,3.3334,False,512,237,0.463938,0.428850,False,226.523439,CO(2-1),-4014.5606,-5220.549,star,27.817,3.894,21.698,512,20260825,False,False,,,,1.1046,0.9411,354,314.5,4.0892,5.6222,0.5147,0.999677
Wolf 359,Wolf 359,6,A002_Xfddca6_Xcf25,2.4086,225.085939,226.914064,15625000.0000,1828125000.0,2998.80,,1.35641,6.78426,7.358037e+13,1.471607e+14,1.733697e+14,1.532386e+14,2.0826,1,2.578512e+14,3.605438e+14,3.418827e+14,3.798587e+14,2712.0000,3.598,4,0.5205,,coarse,B,3.3616,5.0217,4.1852,False,512,113,0.222222,0.245614,False,225.382814,13CO(2-1),4983.8144,6779.114,star,27.817,3.894,21.698,512,20260825,False,False,,,,1.0941,1.0241,354,326.6,4.2436,5.8284,0.5183,0.999673
Wolf 359,Wolf 359,6,A002_Xfdb69b_X667a,2.4086,239.085936,240.914061,15625000.0000,1828125000.0,2998.80,2975,1.61277,8.06679,8.749029e+13,1.749806e+14,2.061441e+14,1.822074e+14,2.0826,1,3.065964e+14,4.287024e+14,4.065135e+14,4.516686e+14,2880.0000,3.598,4,0.5527,1.0000,coarse,B,2.3387,4.2782,3.9624,False,512,429,0.838207,0.853801,False,240.148436,CS(5-4),-4787.5644,-5859.799,star,26.195,3.667,20.432,512,20260825,False,False,,,,1.0518,0.9340,354,356.5,3.9987,5.4793,0.5137,0.999637
Wolf 359,Wolf 359,6,A002_Xfdc8ec_X4cec,2.4086,239.085936,240.914061,15625000.0000,1828125000.0,2998.80,,1.89264,9.46667,1.026730e+14,2.053461e+14,2.419177e+14,2.138270e+14,2.0826,1,3.598020e+14,5.030979e+14,4.770584e+14,5.300496e+14,2880.0000,3.598,4,0.5527,,coarse,B,3.1652,4.4681,3.3186,False,512,83,0.163743,0.214425,False,240.132811,CS(5-4),-4803.1894,-5878.923,star,26.195,3.667,20.432,512,20260825,False,False,,,,1.0778,0.9391,354,329.9,4.0431,5.5516,0.5147,0.999636
Wolf 359,Wolf 359,6,A002_Xfddca6_Xcf25,2.4086,239.085936,240.914061,15625000.0000,1828125000.0,2998.80,,1.50529,7.52924,8.166021e+13,1.633204e+14,1.924073e+14,1.700657e+14,2.0826,1,2.861658e+14,4.001350e+14,3.794248e+14,4.215708e+14,2880.0000,3.598,4,0.5527,,coarse,B,2.4749,4.2922,3.5664,False,512,409,0.799220,0.785575,False,240.914061,CS(5-4),-4021.9394,-4922.703,star,26.195,3.667,20.432,512,20260825,False,False,,,,1.0259,0.9721,354,353.2,4.0213,5.5117,0.5183,0.999631
Wolf 359,Wolf 359,6,A002_Xfdb69b_X667a,2.4086,241.085936,242.914061,15625000.0000,1828125000.0,2998.80,2975,1.69106,8.45843,9.173799e+13,1.834760e+14,2.161526e+14,1.910537e+14,2.0826,1,3.214818e+14,4.495162e+14,4.262500e+14,4.735974e+14,2904.0000,3.598,4,0.5573,1.0000,coarse,B,2.8414,4.9740,3.7217,False,512,180,0.352827,0.372320,False,242.351561,CS(5-4),-2584.4394,-3163.257,star,25.978,3.637,20.263,512,20260825,False,False,,,,1.0322,0.9500,354,285.5,3.9395,5.4307,0.5137,0.999631
Wolf 359,Wolf 359,6,A002_Xfdc8ec_X4cec,2.4086,241.085936,242.914061,15625000.0000,1828125000.0,2998.80,,1.98382,9.92276,1.076197e+14,2.152393e+14,2.535729e+14,2.241289e+14,2.0826,1,3.771367e+14,5.273364e+14,5.000424e+14,5.555865e+14,2904.0000,3.598,4,0.5573,,coarse,B,2.8547,3.9412,3.3501,False,512,177,0.346979,0.261209,False,241.195311,CS(5-4),-3740.6894,-4578.463,star,25.978,3.637,20.263,512,20260825,False,False,,,,1.0516,0.9885,354,218.1,3.9887,5.5406,0.5147,0.999630
Wolf 359,Wolf 359,6,A002_Xfddca6_Xcf25,2.4086,241.085936,242.914061,15625000.0000,1828125000.0,2998.80,,1.57903,7.89809,8.566070e+13,1.713214e+14,2.018333e+14,1.783971e+14,2.0826,1,3.001849e+14,4.197375e+14,3.980126e+14,4.422234e+14,2904.0000,3.598,4,0.5573,,coarse,B,2.6435,4.1947,3.4026,False,512,345,0.674464,0.711501,False,241.695311,CS(5-4),-3240.6894,-3966.482,star,25.978,3.637,20.263,512,20260825,False,False,,,,1.0630,1.0350,354,217.6,4.1013,5.6973,0.5183,0.999625
alf CMa B,alf CMa B,3,A002_Xc99ad7_X348,2.6703,92.127387,93.861762,15625000.0000,1734375000.0,344.74,171,0.38342,1.98624,2.647781e+13,5.295563e+13,6.238688e+13,5.514273e+13,2.0826,1,9.278747e+13,1.297413e+14,1.230261e+14,1.366917e+14,1115.9349,3.598,2,0.02462,1.0000,coarse,B,2.5510,4.4634,4.2528,False,512,254,0.497076,0.315789,False,93.596137,HCO+(1-0),4407.1375,14813.784,star,67.603,9.464,52.730,512,20260825,False,False,,,,0.9493,1.0775,112,76.47,3.6983,5.3118,7.6430,0.965182
alf CMa B,alf CMa B,3,A002_Xc99ad7_X348,2.6703,94.064887,95.799262,15625000.0000,1734375000.0,344.74,171,0.38580,2.00155,2.668201e+13,5.336403e+13,6.286801e+13,5.556800e+13,2.0826,1,9.350306e+13,1.307419e+14,1.239749e+14,1.377459e+14,1139.1849,3.598,2,0.02513,1.0000,coarse,B,2.8909,4.8067,3.9415,False,512,111,0.218324,0.171540,False,95.033637,HCO+(1-0),5844.6375,19645.677,star,66.223,9.271,51.654,512,20260825,False,False,,,,1.0188,1.0191,112,92.4,3.7677,5.3762,7.6430,0.963743
alf CMa B,alf CMa B,3,A002_Xc99ad7_X348,2.6703,104.127387,105.861762,15625000.0000,1734375000.0,344.74,171,0.41959,2.19492,2.925972e+13,5.851945e+13,6.894160e+13,6.093634e+13,2.0826,1,1.025362e+14,1.433726e+14,1.359519e+14,1.510533e+14,1259.9349,3.598,2,0.0278,1.0000,coarse,B,3.2521,4.2428,4.2738,False,512,41,0.081871,0.066277,False,105.783637,CN(1-0),-7707.3625,-20359.404,star,59.877,8.383,46.704,512,20260825,False,False,,,,1.0766,1.0017,112,109,3.8858,5.5142,7.6430,0.955831
alf CMa B,alf CMa B,3,A002_Xc99ad7_X348,2.6703,106.127387,107.861762,15625000.0000,1734375000.0,344.74,171,0.43997,2.30549,3.073366e+13,6.146733e+13,7.241449e+13,6.400597e+13,2.0826,1,1.077015e+14,1.505950e+14,1.428004e+14,1.586625e+14,1283.9349,3.598,2,0.02833,1.0000,coarse,B,2.2319,4.3941,3.8905,False,512,379,0.740741,0.709552,False,107.064887,CN(1-0),-6426.1125,-16974.915,star,58.757,8.226,45.831,512,20260825,False,False,,,,1.1023,0.9663,112,145.8,3.9429,5.5434,7.6430,0.954171
alf CMa B,alf CMa B,4,A002_Xcc626d_X579,2.6703,142.127387,143.861762,15625000.0000,1734375000.0,344.74,171,0.34729,1.90240,2.536029e+13,5.072058e+13,5.975377e+13,5.281537e+13,2.0826,1,8.887127e+13,1.242654e+14,1.178337e+14,1.309225e+14,1715.9349,3.598,2,0.03786,1.0000,coarse,B,2.0798,3.9469,3.6340,False,512,432,0.844055,0.838207,False,142.330512,CO(1-0),27059.5125,70375.357,star,43.965,6.155,34.293,512,20260825,False,False,,,,1.0001,1.0314,112,92.84,3.7572,5.3604,7.9774,0.912757
alf CMa B,alf CMa B,4,A002_Xcc626d_X579,2.6703,144.064887,145.799262,15625000.0000,1734375000.0,344.74,171,0.32029,1.75888,2.344699e+13,4.689398e+13,5.524567e+13,4.883073e+13,2.0826,1,8.216641e+13,1.148902e+14,1.089437e+14,1.210451e+14,1739.1849,3.598,2,0.03837,1.0000,coarse,B,3.0530,4.6225,4.2300,False,512,70,0.138402,0.140351,False,144.971137,CO(1-0),29700.1375,77242.995,star,43.377,6.073,33.834,512,20260825,False,False,,,,0.9932,1.0172,112,100.1,3.7373,5.3185,7.9774,0.910487
alf CMa B,alf CMa B,4,A002_Xcc626d_X579,2.6703,154.127387,155.861762,15625000.0000,1734375000.0,344.74,171,0.35196,1.95906,2.611551e+13,5.223102e+13,6.153322e+13,5.438820e+13,2.0826,1,9.151784e+13,1.279660e+14,1.213427e+14,1.348213e+14,1859.9349,3.598,2,0.04104,1.0000,coarse,B,2.6477,4.7707,3.9635,False,512,192,0.376218,0.502924,False,155.174262,CO(1-0),39903.2625,103778.896,star,40.561,5.679,31.638,512,20260825,False,False,,,,0.9716,0.9771,112,123,3.6731,5.1920,7.9774,0.898302
alf CMa B,alf CMa B,4,A002_Xcc626d_X579,2.6703,156.127387,157.861762,15625000.0000,1734375000.0,344.74,171,0.39822,2.22269,2.962989e+13,5.925979e+13,6.981379e+13,6.170726e+13,2.0826,1,1.038335e+14,1.451865e+14,1.376719e+14,1.529643e+14,1883.9349,3.598,2,0.04157,1.0000,coarse,B,2.5570,4.5643,4.3775,False,512,237,0.463938,0.682261,False,156.924262,CO(1-0),41653.2625,108330.230,star,40.044,5.606,31.234,512,20260825,False,False,,,,1.0314,0.9895,112,122,3.8071,5.3828,7.9774,0.895803
alf CMa B,alf CMa B,5,A002_Xd0fb35_X90dc,2.6703,195.127387,196.861762,15625000.0000,1734375000.0,344.74,171,0.52240,3.03135,4.040985e+13,8.081971e+13,9.521348e+13,8.415762e+13,2.0826,1,1.416102e+14,1.980083e+14,1.877597e+14,2.086159e+14,2351.9349,3.598,2,0.05189,1.0000,coarse,B,2.6385,4.8985,3.7979,False,512,203,0.397661,0.423002,False,196.314887,SiO(5-4),-20790.1125,-28708.316,star,32.076,4.491,25.019,512,20260825,False,False,,,,1.0084,1.0230,112,104.7,3.7880,5.3825,7.4333,0.861656
alf CMa B,alf CMa B,5,A002_Xd0fb35_X90dc,2.6703,197.064887,198.799262,15625000.0000,1734375000.0,344.74,171,0.43691,2.54283,3.389759e+13,6.779518e+13,7.986932e+13,7.059517e+13,2.0826,1,1.187890e+14,1.660982e+14,1.575012e+14,1.749963e+14,2375.1849,3.598,2,0.0524,1.0000,coarse,B,2.3776,4.6779,4.1226,False,512,328,0.641326,0.539961,False,197.643012,SiO(5-4),-19461.9875,-26874.356,star,31.762,4.447,24.774,512,20260825,False,False,,,,1.0775,1.0431,112,87.01,3.9046,5.5831,7.4333,0.859110
alf CMa B,alf CMa B,5,A002_Xd0fb35_X90dc,2.6703,207.127387,208.861762,15625000.0000,1734375000.0,344.74,171,0.59810,3.53651,4.714396e+13,9.428793e+13,1.110803e+14,9.818209e+13,2.0826,1,1.652088e+14,2.310054e+14,2.190490e+14,2.433807e+14,2495.9349,3.598,2,0.05507,1.0000,coarse,B,2.1739,4.1682,3.5422,False,512,392,0.766082,0.867446,False,207.721137,SiO(5-4),-9383.8625,-12957.837,star,30.225,4.232,23.576,512,20260825,False,False,,,,1.0712,1.0071,112,109.4,3.8868,5.5149,7.4333,0.845615
alf CMa B,alf CMa B,5,A002_Xd0fb35_X90dc,2.6703,209.127387,210.861762,15625000.0000,1734375000.0,344.74,171,0.62241,3.69218,4.921921e+13,9.843841e+13,1.159700e+14,1.025040e+14,2.0826,1,1.724812e+14,2.411741e+14,2.286914e+14,2.540942e+14,2519.9349,3.598,2,0.0556,1.0000,coarse,B,2.4442,4.1328,3.3041,False,512,312,0.610136,0.555556,False,209.377387,SiO(5-4),-7727.6125,-10670.781,star,29.938,4.191,23.351,512,20260825,False,False,,,,1.0105,1.0203,112,102.7,3.7821,5.3776,7.4333,0.842879
G 272-61B,G 272-61A,3,A002_X877e41_X14c1,2.6749,89.627387,91.361762,15625000.0000,1734375000.0,1862.78,924,0.24735,1.23810,1.656166e+13,3.312333e+13,3.902250e+13,3.449134e+13,2.0826,1,5.803783e+13,8.115215e+13,7.695186e+13,8.549959e+13,1085.9349,3.598,2,0.1295,1.0000,coarse,B,2.5740,4.1294,3.9677,False,512,257,0.502924,0.409357,False,91.314887,HCO+(1-0),2125.8875,7145.781,star,69.471,9.726,54.187,512,20260825,False,False,,,,1.0775,1.0018,112,136.5,3.9461,5.5594,1.3741,0.998916
G 272-61B,G 272-61A,3,A002_X877e41_X14c1,2.6749,91.564887,93.299262,15625000.0000,1734375000.0,1862.78,924,0.24133,1.20799,1.615899e+13,3.231798e+13,3.807373e+13,3.365274e+13,2.0826,1,5.662673e+13,7.917906e+13,7.508089e+13,8.342079e+13,1109.1849,3.598,2,0.1322,1.0000,coarse,B,1.9855,4.6370,4.2367,False,512,467,0.912281,0.920078,False,92.330512,HCO+(1-0),3141.5125,10559.618,star,68.015,9.522,53.051,512,20260825,False,False,,,,1.0447,1.0698,112,69.47,3.8321,5.5228,1.3741,0.998869
G 272-61B,G 272-61A,3,A002_X877e41_X14c1,2.6749,101.627387,103.361762,15625000.0000,1734375000.0,1862.78,924,0.24499,1.22667,1.640883e+13,3.281766e+13,3.866239e+13,3.417305e+13,2.0826,1,5.750224e+13,8.040326e+13,7.624173e+13,8.471058e+13,1229.9349,3.598,2,0.1466,1.0000,coarse,B,2.4393,4.4884,4.1740,False,512,290,0.567251,0.549708,False,101.971137,CN(1-0),-11519.8625,-30430.324,star,61.337,8.587,47.843,512,20260825,False,False,,,,1.0160,1.0300,112,93.1,3.7847,5.3991,1.3741,0.998609
G 272-61B,G 272-61A,3,A002_X877e41_X14c1,2.6749,103.627387,105.361762,15625000.0000,1734375000.0,1862.78,924,0.24562,1.22990,1.645197e+13,3.290394e+13,3.876404e+13,3.426290e+13,2.0826,1,5.765343e+13,8.061466e+13,7.644219e+13,8.493330e+13,1253.9349,3.598,2,0.1495,1.0000,coarse,B,2.1410,4.2487,3.9680,False,512,436,0.851852,0.832359,False,104.908637,CN(1-0),-8582.3625,-22670.763,star,60.163,8.423,46.927,512,20260825,False,False,,,,1.0888,1.0424,112,92.49,3.9405,5.6226,1.3741,0.998555
G 272-61A,G 272-61A,3,A002_X877e41_X14c1,2.7195,89.627387,91.361762,15625000.0000,1734375000.0,1862.78,924,0.24752,1.24035,1.714988e+13,3.429975e+13,4.040844e+13,3.571636e+13,2.0826,1,6.009913e+13,8.403439e+13,7.968492e+13,8.853623e+13,1085.9349,3.598,2,0.1295,1.0000,coarse,B,2.0372,4.3507,3.7839,False,512,444,0.867446,0.902534,False,91.096137,HCO+(1-0),1907.1375,6410.493,star,69.471,9.726,54.187,512,20260825,False,False,,,,1.0233,0.9952,112,102.7,3.7588,5.3446,1.9666,0.997781
G 272-61A,G 272-61A,3,A002_X877e41_X14c1,2.7195,91.564887,93.299262,15625000.0000,1734375000.0,1862.78,924,0.24119,1.20875,1.671287e+13,3.342573e+13,3.937876e+13,3.480624e+13,2.0826,1,5.856770e+13,8.189305e+13,7.765441e+13,8.628017e+13,1109.1849,3.598,2,0.1322,1.0000,coarse,B,2.3590,4.3108,3.9864,False,512,310,0.606238,0.563353,False,91.705512,HCO+(1-0),2516.5125,8458.795,star,68.015,9.522,53.051,512,20260825,False,False,,,,1.0444,1.0169,112,87.86,3.7979,5.4286,1.9666,0.997685
G 272-61A,G 272-61A,3,A002_X877e41_X14c1,2.7195,101.627387,103.361762,15625000.0000,1734375000.0,1862.78,924,0.24470,1.22698,1.696495e+13,3.392990e+13,3.997272e+13,3.533123e+13,2.0826,1,5.945109e+13,8.312826e+13,7.882569e+13,8.758156e+13,1229.9349,3.598,2,0.1466,1.0000,coarse,B,2.8265,4.2550,4.8605,False,512,128,0.251462,0.249513,False,102.205512,CN(1-0),-11285.4875,-29811.210,star,61.337,8.587,47.843,512,20260825,False,False,,,,1.0868,1.0060,112,112.7,3.9217,5.5591,1.9666,0.997154
G 272-61A,G 272-61A,3,A002_X877e41_X14c1,2.7195,103.627387,105.361762,15625000.0000,1734375000.0,1862.78,924,0.24567,1.23200,1.703442e+13,3.406883e+13,4.013640e+13,3.547590e+13,2.0826,1,5.969452e+13,8.346864e+13,7.914845e+13,8.794018e+13,1253.9349,3.598,2,0.1495,1.0000,coarse,B,2.9143,4.4725,4.2816,False,512,107,0.210526,0.153996,False,105.346137,CN(1-0),-8144.8625,-21515.084,star,60.163,8.423,46.927,512,20260825,False,False,,,,1.0581,0.9971,112,112.6,3.8510,5.4590,1.9666,0.997042
CD-23 14742,CD-23 14742,6,A002_Xfeb5e6_X13ee,2.9760,223.085939,224.914064,15625000.0000,1828125000.0,2998.80,2975,1.46612,7.33154,1.213889e+14,2.427777e+14,2.860158e+14,2.528046e+14,2.0826,1,4.253888e+14,5.948055e+14,5.640194e+14,6.266701e+14,2688.0000,3.598,4,0.5159,1.0000,coarse,B,2.5131,4.4672,4.4780,False,512,342,0.668616,0.637427,False,223.992189,13CO(2-1),3593.1894,4887.550,star,28.066,3.929,21.891,512,20260825,False,False,,,,1.0540,0.9363,354,346.8,4.0013,5.4869,0.3261,0.999873
CD-23 14742,CD-23 14742,6,A002_Xfec857_X11fd,2.9760,223.085939,224.914064,15625000.0000,1828125000.0,2998.80,,1.39685,6.98517,1.156539e+14,2.313078e+14,2.725031e+14,2.408610e+14,2.0826,1,4.052916e+14,5.667042e+14,5.373726e+14,5.970633e+14,2688.0000,3.598,4,0.5159,,coarse,B,3.0996,4.3677,3.5886,False,512,99,0.194932,0.128655,False,224.210939,13CO(2-1),3811.9394,5185.099,star,28.066,3.929,21.891,512,20260825,False,False,,,,1.0662,0.9202,354,368.6,4.0080,5.4871,0.3282,0.999871
CD-23 14742,CD-23 14742,6,A002_Xfec857_X6b2,2.9760,223.085939,224.914064,15625000.0000,1828125000.0,2998.80,,1.33232,6.66246,1.103109e+14,2.206218e+14,2.599140e+14,2.297337e+14,2.0826,1,3.865678e+14,5.405235e+14,5.125469e+14,5.694801e+14,2688.0000,3.598,4,0.5159,,coarse,B,3.0999,4.3394,3.5152,False,512,116,0.228070,0.249513,False,224.632814,13CO(2-1),4233.8144,5758.945,star,28.066,3.929,21.891,512,20260825,False,False,,,,0.9292,0.9602,354,298.1,3.7647,5.1836,0.3282,0.999871
CD-23 14742,CD-23 14742,6,A002_Xfee03e_X82ee,2.9760,223.085939,224.914064,15625000.0000,1828125000.0,2998.80,,1.55712,7.78665,1.289241e+14,2.578482e+14,3.037702e+14,2.684975e+14,2.0826,1,4.517948e+14,6.317280e+14,5.990309e+14,6.655706e+14,2688.0000,3.598,4,0.5159,,coarse,B,1.9352,4.5150,4.3886,False,512,502,0.980507,0.990253,False,224.570314,13CO(2-1),4171.3144,5673.930,star,28.066,3.929,21.891,512,20260825,False,False,,,,0.9678,0.9535,354,288,3.8204,5.2653,0.3313,0.999869
CD-23 14742,CD-23 14742,6,A002_Xfeb5e6_X13ee,2.9760,225.085939,226.914064,15625000.0000,1828125000.0,2998.80,2975,1.36808,6.84127,1.132715e+14,2.265429e+14,2.668896e+14,2.358993e+14,2.0826,1,3.969426e+14,5.550302e+14,5.263028e+14,5.847639e+14,2712.0000,3.598,4,0.5205,1.0000,coarse,B,2.9238,4.0663,3.5342,False,512,191,0.374269,0.399610,False,226.023439,CO(2-1),-4514.5606,-5870.751,star,27.817,3.894,21.698,512,20260825,False,False,,,,1.1192,0.9628,354,325.7,4.1704,5.7284,0.3261,0.999870
CD-23 14742,CD-23 14742,6,A002_Xfec857_X11fd,2.9760,225.085939,226.914064,15625000.0000,1828125000.0,2998.80,,1.30443,6.52298,1.080015e+14,2.160031e+14,2.544726e+14,2.249241e+14,2.0826,1,3.784749e+14,5.292075e+14,5.018167e+14,5.575579e+14,2712.0000,3.598,4,0.5205,,coarse,B,2.0365,4.0666,3.0565,False,512,496,0.968811,0.996101,False,225.257814,13CO(2-1),4858.8144,6609.086,star,27.817,3.894,21.698,512,20260825,False,False,,,,1.0853,0.9599,354,298,4.0752,5.6112,0.3282,0.999869
CD-23 14742,CD-23 14742,6,A002_Xfec857_X6b2,2.9760,225.085939,226.914064,15625000.0000,1828125000.0,2998.80,,1.23121,6.15686,1.019396e+14,2.038792e+14,2.401895e+14,2.122996e+14,2.0826,1,3.572318e+14,4.995040e+14,4.736506e+14,5.262632e+14,2712.0000,3.598,4,0.5205,,coarse,B,3.0878,4.3245,3.3333,False,512,96,0.189084,0.144250,False,226.101564,CO(2-1),-4436.4356,-5769.157,star,27.817,3.894,21.698,512,20260825,False,False,,,,1.0813,0.9601,354,263.5,4.0378,5.5786,0.3282,0.999869
CD-23 14742,CD-23 14742,6,A002_Xfee03e_X82ee,2.9760,225.085939,226.914064,15625000.0000,1828125000.0,2998.80,,1.44368,7.21939,1.195319e+14,2.390639e+14,2.816405e+14,2.489374e+14,2.0826,1,4.188815e+14,5.857065e+14,5.553913e+14,6.170836e+14,2712.0000,3.598,4,0.5205,,coarse,B,2.5565,4.5103,3.1736,False,512,331,0.647173,0.639376,False,226.226564,CO(2-1),-4311.4356,-5606.607,star,27.817,3.894,21.698,512,20260825,False,False,,,,1.0277,0.9532,354,314.4,3.9597,5.4442,0.3313,0.999866
CD-23 14742,CD-23 14742,6,A002_Xfeb5e6_X13ee,2.9760,239.085936,240.914061,15625000.0000,1828125000.0,2998.80,2975,1.50500,7.52611,1.246104e+14,2.492208e+14,2.936063e+14,2.595138e+14,2.0826,1,4.366782e+14,6.105910e+14,5.789878e+14,6.433012e+14,2880.0000,3.598,4,0.5527,1.0000,coarse,B,3.6693,4.4273,3.6990,False,512,24,0.048733,0.027290,False,240.335936,CS(5-4),-4600.0644,-5630.306,star,26.195,3.667,20.432,512,20260825,False,False,,,,1.0464,0.9338,354,354.7,3.9863,5.4631,0.3261,0.999854
CD-23 14742,CD-23 14742,6,A002_Xfec857_X11fd,2.9760,239.085936,240.914061,15625000.0000,1828125000.0,2998.80,,1.43521,7.17712,1.188322e+14,2.376643e+14,2.799917e+14,2.474800e+14,2.0826,1,4.164292e+14,5.822776e+14,5.521400e+14,6.134711e+14,2880.0000,3.598,4,0.5527,,coarse,B,2.7055,4.5657,3.2511,False,512,279,0.545809,0.617934,False,240.039061,CS(5-4),-4896.9394,-5993.670,star,26.195,3.667,20.432,512,20260825,False,False,,,,1.1732,0.9944,354,254.1,4.2778,5.9163,0.3282,0.999852
CD-23 14742,CD-23 14742,6,A002_Xfec857_X6b2,2.9760,239.085936,240.914061,15625000.0000,1828125000.0,2998.80,,1.36308,6.81640,1.128597e+14,2.257193e+14,2.659193e+14,2.350417e+14,2.0826,1,3.954995e+14,5.530124e+14,5.243894e+14,5.826380e+14,2880.0000,3.598,4,0.5527,,coarse,B,3.2281,4.5872,3.7005,False,512,74,0.146199,0.138402,False,239.382811,CS(5-4),-5553.1894,-6796.895,star,26.195,3.667,20.432,512,20260825,False,False,,,,1.0419,0.9527,354,319.4,3.9908,5.4846,0.3282,0.999852
CD-23 14742,CD-23 14742,6,A002_Xfee03e_X82ee,2.9760,239.085936,240.914061,15625000.0000,1828125000.0,2998.80,,1.57824,7.89239,1.306749e+14,2.613499e+14,3.078956e+14,2.721438e+14,2.0826,1,4.579304e+14,6.403072e+14,6.071660e+14,6.746094e+14,2880.0000,3.598,4,0.5527,,coarse,B,3.8791,4.9779,4.1902,False,512,7,0.015595,0.025341,False,240.210936,CS(5-4),-4725.0644,-5783.301,star,26.195,3.667,20.432,512,20260825,False,False,,,,1.0612,0.9758,354,291.1,4.0532,5.5845,0.3313,0.999849
CD-23 14742,CD-23 14742,6,A002_Xfeb5e6_X13ee,2.9760,241.085936,242.914061,15625000.0000,1828125000.0,2998.80,2975,1.58521,7.92721,1.312514e+14,2.625028e+14,3.092539e+14,2.733444e+14,2.0826,1,4.599506e+14,6.431319e+14,6.098446e+14,6.775854e+14,2904.0000,3.598,4,0.5573,1.0000,coarse,B,3.3440,4.2578,3.9898,False,512,61,0.120858,0.224172,False,241.382811,CS(5-4),-3553.1894,-4348.970,star,25.978,3.637,20.263,512,20260825,False,False,,,,1.0223,0.9823,354,274.9,3.9751,5.4856,0.3261,0.999851
CD-23 14742,CD-23 14742,6,A002_Xfec857_X11fd,2.9760,241.085936,242.914061,15625000.0000,1828125000.0,2998.80,,1.51319,7.56707,1.252885e+14,2.505770e+14,2.952040e+14,2.609260e+14,2.0826,1,4.390544e+14,6.139135e+14,5.821385e+14,6.468018e+14,2904.0000,3.598,4,0.5573,,coarse,B,2.5082,4.1850,2.9816,False,512,367,0.717349,0.606238,False,241.507811,CS(5-4),-3428.1894,-4195.975,star,25.978,3.637,20.263,512,20260825,False,False,,,,1.0737,0.9856,354,222,4.0307,5.5960,0.3282,0.999849
CD-23 14742,CD-23 14742,6,A002_Xfec857_X6b2,2.9760,241.085936,242.914061,15625000.0000,1828125000.0,2998.80,,1.43746,7.18839,1.190187e+14,2.380374e+14,2.804312e+14,2.478685e+14,2.0826,1,4.170830e+14,5.831917e+14,5.530067e+14,6.144341e+14,2904.0000,3.598,4,0.5573,,coarse,B,2.3803,4.2747,3.4415,False,512,427,0.834308,0.723197,False,241.882811,CS(5-4),-3053.1894,-3736.989,star,25.978,3.637,20.263,512,20260825,False,False,,,,1.0686,0.9972,354,274.2,4.0957,5.6524,0.3282,0.999849
CD-23 14742,CD-23 14742,6,A002_Xfee03e_X82ee,2.9760,241.085936,242.914061,15625000.0000,1828125000.0,2998.80,,1.65635,8.28301,1.371424e+14,2.742848e+14,3.231341e+14,2.856129e+14,2.0826,1,4.805946e+14,6.719977e+14,6.372163e+14,7.079975e+14,2904.0000,3.598,4,0.5573,,coarse,B,2.2793,4.1424,3.3565,False,512,433,0.846004,0.836257,False,241.585936,CS(5-4),-3350.0644,-4100.353,star,25.978,3.637,20.263,512,20260825,False,False,,,,1.0395,0.9133,354,423.4,3.9717,5.4179,0.3313,0.999847
tau Cet,tau Cet,6,A002_X9707f1_Xa89,3.6522,223.128906,224.871094,7812500.0000,1742187500.0,2388.96,,0.46425,2.32124,2.894168e+13,5.788337e+13,6.819224e+13,6.027399e+13,2.0826,1,1.014217e+14,1.418143e+14,1.344742e+14,1.494114e+14,2688.0000,3.598,6,0.822,,coarse,B,3.0323,4.7729,4.1042,False,512,261,0.510721,0.600390,False,,13CO(2-1),4253.3437,5785.509,star,28.066,3.929,21.891,512,20260825,False,False,,,,1.0291,0.9669,1120,822.2,4.2115,5.6526,0.0172,0.999999
tau Cet,tau Cet,6,A002_X8602fa_X509f,3.6522,223.160156,224.847656,7812500.0000,1687500000.0,392.11,,7.88064,39.40320,4.912864e+14,9.825728e+14,1.157566e+15,1.023154e+15,2.0826,1,1.721638e+15,2.407303e+15,2.282706e+15,2.536266e+15,2688.0469,3.598,2,0.1349,,coarse,B,3.0391,4.3799,3.6115,False,512,136,0.267057,0.251462,False,224.042969,13CO(2-1),3643.9687,4956.621,star,28.065,3.929,21.891,512,20260825,False,False,,,,1.0393,1.0503,217,163.2,4.0117,5.6207,0.0167,1.000000
tau Cet,tau Cet,6,A002_X9707f1_Xa89,3.6522,225.128906,226.871094,7812500.0000,1742187500.0,2388.96,,0.42271,2.11355,2.635216e+13,5.270431e+13,6.209080e+13,5.488103e+13,2.0826,1,9.234712e+13,1.291256e+14,1.224422e+14,1.360430e+14,2712.0000,3.598,6,0.8293,,coarse,B,2.4920,4.7826,3.9472,False,512,492,0.961014,0.994152,False,,CO(2-1),-4674.7188,-6079.021,star,27.817,3.894,21.698,512,20260825,False,False,,,,1.0151,0.9766,1120,773.4,4.1887,5.6300,0.0172,0.999999
tau Cet,tau Cet,6,A002_X8602fa_X509f,3.6522,225.160156,226.847656,7812500.0000,1687500000.0,392.11,,7.36053,36.80269,4.588626e+14,9.177253e+14,1.081170e+15,9.556280e+14,2.0826,1,1.608014e+15,2.248427e+15,2.132052e+15,2.368878e+15,2712.0469,3.598,2,0.1361,,coarse,B,2.4909,4.3409,3.8086,False,512,367,0.717349,0.730994,False,225.988281,CO(2-1),-4549.7188,-5916.471,star,27.817,3.894,21.697,512,20260825,False,False,,,,1.0292,0.9842,217,241.6,3.9613,5.4863,0.0167,1.000000
tau Cet,tau Cet,6,A002_Xbaa732_X1627,3.6522,229.626443,231.466775,488281.2500,1840332031.2,1572.48,,13.50608,67.53328,5.262608e+13,1.052522e+14,1.239973e+14,1.095992e+14,2.0826,1,1.510931e+14,1.513568e+14,1.493822e+14,1.531999e+14,2766.5593,3.598,45,8.91,,fine,A,4.3676,5.5242,5.1033,False,512,266,0.520468,0.565302,False,229.688943,CO(2-1),-849.0568,-1104.117,star,27.269,3.818,21.270,512,20260825,False,False,,,,1.0290,0.9881,165880,1.526e+05,5.3217,6.5567,0.1832,0.999957
tau Cet,tau Cet,6,A002_Xba4d35_Xb3a3,3.6522,229.628380,231.468712,488281.2500,1840332031.2,1572.48,,10.13704,50.68702,3.949844e+13,7.899688e+13,9.306601e+13,8.225951e+13,2.0826,1,1.134027e+14,1.136007e+14,1.121187e+14,1.149840e+14,2766.5826,3.598,44,8.91,,fine,A,3.9513,5.8838,4.9759,False,512,491,0.959064,0.923977,False,229.835900,CO(2-1),-702.1004,-913.014,star,27.269,3.818,21.269,512,20260825,False,False,,,,1.0222,0.9894,162110,1.388e+05,5.2894,6.5243,0.1690,0.999964
tau Cet,tau Cet,6,A002_Xba460f_X7e6,3.6522,229.629104,231.469436,488281.2500,1840332031.2,1572.48,,12.84357,64.22003,5.004420e+13,1.000884e+14,1.179139e+14,1.042221e+14,2.0826,1,1.436803e+14,1.439311e+14,1.420534e+14,1.456838e+14,2766.5912,3.598,44,8.91,,fine,A,5.1980,5.8330,5.2489,False,512,10,0.021442,0.007797,False,231.033401,CO(2-1),495.4011,644.221,star,27.268,3.818,21.269,512,20260825,True,False,,unattributed,,1.0277,0.9741,162110,1.642e+05,5.2945,6.5178,0.1644,0.999966
tau Cet,tau Cet,6,A002_Xb9cc97_X193f,3.6522,229.633486,231.473818,488281.2500,1840332031.2,1391.04,,15.14449,75.72431,5.900904e+13,1.180181e+14,1.390368e+14,1.228923e+14,2.0826,1,1.694190e+14,1.697147e+14,1.675006e+14,1.717813e+14,2766.6438,3.598,40,7.882,,fine,A,4.2606,6.2729,4.7776,False,512,293,0.573099,0.608187,False,231.181337,CO(2-1),643.3372,836.598,star,27.268,3.818,21.269,512,20260825,False,False,,,,1.0200,0.9743,147030,1.371e+05,5.2417,6.4663,0.1399,0.999975
tau Cet,tau Cet,6,A002_Xb9cc97_X1734,3.6522,229.633640,231.473972,488281.2500,1840332031.2,1391.04,,12.83042,64.15368,4.999249e+13,9.998498e+13,1.177920e+14,1.041144e+14,2.0826,1,1.435318e+14,1.437824e+14,1.419066e+14,1.455333e+14,2766.6457,3.598,40,7.882,,fine,A,4.9755,5.4153,5.2650,False,512,15,0.031189,0.023392,False,229.909031,CO(2-1),-628.9690,-817.914,star,27.268,3.818,21.269,512,20260825,False,False,,,,1.0162,0.9882,147030,1.226e+05,5.2476,6.4822,0.1398,0.999975
tau Cet,tau Cet,6,A002_Xb9cc97_X150a,3.6522,229.633788,231.474121,488281.2500,1840332031.2,2963.52,294,14.14669,70.73523,5.512124e+13,1.102425e+14,1.298764e+14,1.149497e+14,2.0854,1,1.582568e+14,1.585331e+14,1.564649e+14,1.604636e+14,2766.6475,3.598,86,16.79,0.9987,fine,A,3.9170,5.5546,5.2955,False,512,496,0.968811,0.939571,False,229.791503,CO(2-1),-746.4967,-970.747,star,27.268,3.818,21.269,512,20260825,False,False,,,,1.0186,0.9883,147030,1.098e+05,5.2336,6.4734,0.1398,0.999975
tau Cet,tau Cet,6,A002_Xbaa732_X1627,3.6522,231.633333,233.367708,15625000.0000,1734375000.0,1572.48,,2.14511,10.72602,2.674679e+14,5.349358e+14,6.302064e+14,5.570290e+14,2.0826,1,9.373006e+14,1.310593e+15,1.242759e+15,1.380803e+15,2790.0062,3.598,3,0.2808,,coarse,B,2.8129,4.5982,3.4408,False,512,184,0.360624,0.372320,False,233.367708,CO(2-1),2829.7077,3679.762,star,27.040,3.786,21.091,512,20260825,False,False,,,,1.0069,0.9474,224,244.2,3.8477,5.3273,0.1832,0.999957
tau Cet,tau Cet,6,A002_Xba4d35_Xb3a3,3.6522,231.635219,233.369594,15625000.0000,1734375000.0,1572.48,,1.58094,7.90500,1.971220e+14,3.942439e+14,4.644577e+14,4.105265e+14,2.0826,1,6.907839e+14,9.658976e+14,9.159045e+14,1.017642e+15,2790.0289,3.598,3,0.2808,,coarse,B,2.1790,4.5721,3.3914,False,512,448,0.875244,0.886940,False,232.619594,CO(2-1),2081.5938,2706.912,star,27.039,3.786,21.091,512,20260825,False,False,,,,1.0488,0.9979,224,166.4,3.9343,5.5090,0.1690,0.999963
tau Cet,tau Cet,6,A002_Xba460f_X7e6,3.6522,231.635924,233.370299,15625000.0000,1734375000.0,1572.48,,2.06837,10.34219,2.578967e+14,5.157933e+14,6.076547e+14,5.370959e+14,2.0826,1,9.037596e+14,1.263694e+15,1.198287e+15,1.331391e+15,2790.0373,3.598,3,0.2808,,coarse,B,2.4881,4.5167,3.4613,False,512,322,0.629630,0.690058,False,232.510924,CO(2-1),1972.9240,2565.598,star,27.039,3.786,21.091,512,20260825,False,False,,,,1.1019,0.9667,224,212.6,4.0382,5.6133,0.1644,0.999965
tau Cet,tau Cet,6,A002_Xb9cc97_X193f,3.6522,231.640191,233.374566,15625000.0000,1734375000.0,1380.96,,2.75949,13.79779,3.440668e+14,6.881337e+14,8.106884e+14,7.165541e+14,2.0826,1,1.205730e+15,1.685928e+15,1.598667e+15,1.776245e+15,2790.0885,3.598,3,0.2466,,coarse,B,1.8701,3.9437,2.9299,False,512,507,0.990253,0.998051,False,232.312066,CO(2-1),1774.0655,2307.001,star,27.039,3.785,21.090,512,20260825,False,False,,,,0.9602,0.9943,224,171.6,3.7643,5.2660,0.1399,0.999975
tau Cet,tau Cet,6,A002_Xb9cc97_X1734,3.6522,231.640341,233.374716,15625000.0000,1734375000.0,1391.04,,2.02864,10.14346,2.529411e+14,5.058822e+14,5.959784e+14,5.267755e+14,2.0826,1,8.863936e+14,1.239411e+15,1.175262e+15,1.305808e+15,2790.0903,3.598,3,0.2484,,coarse,B,2.0072,4.0753,3.0863,False,512,491,0.959064,0.968811,False,232.421591,CO(2-1),1883.5912,2449.429,star,27.039,3.785,21.090,512,20260825,False,False,,,,1.0362,0.9453,224,224.7,3.8812,5.3866,0.1398,0.999975
tau Cet,tau Cet,6,A002_X9707f1_Xa89,3.6522,239.128906,240.871094,7812500.0000,1742187500.0,2388.96,,0.47535,2.37678,2.963409e+13,5.926819e+13,6.982369e+13,6.171600e+13,2.0826,1,1.038482e+14,1.452071e+14,1.376914e+14,1.529860e+14,2880.0000,3.598,6,0.8807,,coarse,B,3.6163,5.0521,4.8088,False,512,57,0.113060,0.142300,False,,CS(5-4),-4361.7812,-5338.656,star,26.195,3.667,20.432,512,20260825,False,False,,,,1.0605,0.9787,1120,715.9,4.2706,5.7505,0.0172,0.999999
tau Cet,tau Cet,6,A002_X8602fa_X509f,3.6522,239.152344,240.839844,7812500.0000,1687500000.0,392.11,,7.87435,39.37176,4.908943e+14,9.817886e+14,1.156642e+15,1.022337e+15,2.0826,1,1.720264e+15,2.405382e+15,2.280884e+15,2.534242e+15,2879.9531,3.598,2,0.1445,,coarse,B,2.8388,4.3577,4.2034,False,512,190,0.372320,0.491228,False,239.621094,CS(5-4),-5314.9062,-6505.245,star,26.195,3.667,20.432,512,20260825,False,False,,,,1.0125,0.9928,217,210.5,3.9122,5.4398,0.0167,1.000000
tau Cet,tau Cet,6,A002_X9707f1_Xa89,3.6522,241.128906,242.871094,7812500.0000,1742187500.0,2388.96,,0.53031,2.65157,3.306022e+13,6.612044e+13,7.789631e+13,6.885126e+13,2.0826,1,1.158545e+14,1.619951e+14,1.536105e+14,1.706734e+14,2904.0000,3.598,6,0.888,,coarse,B,2.6541,4.9804,5.2448,True,512,452,0.883041,0.873294,False,,CS(5-4),-2307.0937,-2823.796,star,25.978,3.637,20.263,512,20260825,False,False,,,,1.0413,0.9858,1120,773.4,4.2628,5.7296,0.0172,0.999999
tau Cet,tau Cet,6,A002_X8602fa_X509f,3.6522,241.152344,242.839844,7812500.0000,1687500000.0,392.11,,8.80467,44.02335,5.488912e+14,1.097782e+15,1.293294e+15,1.143121e+15,2.0826,1,1.923506e+15,2.689567e+15,2.550359e+15,2.833651e+15,2903.9531,3.598,2,0.1458,,coarse,B,2.8587,3.9588,3.3972,False,512,185,0.362573,0.315789,False,242.582031,CS(5-4),-2353.9687,-2881.169,star,25.979,3.637,20.263,512,20260825,False,False,,,,0.9878,1.0274,217,166.4,3.8737,5.4241,0.0167,1.000000
tau Cet,tau Cet,6,A002_Xbaa732_X1627,3.6522,244.133361,245.867736,15625000.0000,1734375000.0,1572.48,,2.26216,11.31136,2.820643e+14,5.641286e+14,6.645984e+14,5.874275e+14,2.0826,1,9.884515e+14,1.382115e+15,1.310579e+15,1.456157e+15,2940.0066,3.598,3,0.2959,,coarse,B,2.7637,4.0484,3.3767,False,512,202,0.395712,0.428850,False,244.961486,CS(5-4),25.4857,31.193,star,25.660,3.592,20.015,512,20260825,False,False,,,,0.9512,0.9904,224,172.5,3.7408,5.2323,0.1832,0.999952
tau Cet,tau Cet,6,A002_Xba4d35_Xb3a3,3.6522,244.135319,245.869694,15625000.0000,1734375000.0,1572.48,,1.66629,8.33181,2.077651e+14,4.155302e+14,4.895350e+14,4.326919e+14,2.0826,1,7.280811e+14,1.018049e+15,9.653565e+14,1.072587e+15,2940.0301,3.598,3,0.2959,,coarse,B,2.5358,4.1051,3.2824,False,512,266,0.520468,0.539961,False,245.322819,CS(5-4),386.8186,473.451,star,25.660,3.592,20.015,512,20260825,False,False,,,,0.9454,0.9580,224,178.3,3.6750,5.1352,0.1690,0.999959
tau Cet,tau Cet,6,A002_Xba460f_X7e6,3.6522,244.136123,245.870498,15625000.0000,1734375000.0,1572.48,,2.21773,11.08910,2.765219e+14,5.530439e+14,6.515395e+14,5.758850e+14,2.0826,1,9.690291e+14,1.354958e+15,1.284827e+15,1.427545e+15,2940.0397,3.598,3,0.2959,,coarse,B,2.6259,4.3673,3.3448,False,512,279,0.545809,0.526316,False,245.511123,CS(5-4),575.1228,703.929,star,25.660,3.592,20.015,512,20260825,False,False,,,,0.9911,0.9995,224,190.2,3.8589,5.3818,0.1644,0.999961
tau Cet,tau Cet,6,A002_Xb9cc97_X193f,3.6522,244.140587,245.874962,15625000.0000,1734375000.0,1391.04,,2.93666,14.68370,3.661581e+14,7.323162e+14,8.627397e+14,7.625614e+14,2.0826,1,1.283145e+15,1.794175e+15,1.701311e+15,1.890291e+15,2940.0933,3.598,3,0.2617,,coarse,B,2.0889,4.6730,3.5137,False,512,454,0.886940,0.957115,False,245.203087,CS(5-4),267.0872,326.905,star,25.659,3.592,20.014,512,20260825,False,False,,,,1.0857,0.9709,224,203.8,4.0041,5.5729,0.1399,0.999972
tau Cet,tau Cet,6,A002_Xb9cc97_X1734,3.6522,244.140746,245.875121,15625000.0000,1734375000.0,1391.04,,2.17092,10.85492,2.706822e+14,5.413643e+14,6.377798e+14,5.637230e+14,2.0826,1,9.485644e+14,1.326343e+15,1.257693e+15,1.397397e+15,2940.0952,3.598,3,0.2617,,coarse,B,2.3092,4.4318,3.2351,False,512,402,0.785575,0.787524,False,245.140746,CS(5-4),204.7460,250.601,star,25.659,3.592,20.014,512,20260825,False,False,,,,1.0875,0.9848,224,178.5,4.0012,5.5908,0.1398,0.999972
tau Cet,tau Cet,6,A002_Xbaa732_X1627,3.6522,246.133365,247.867740,15625000.0000,1734375000.0,1572.48,,2.59081,12.95468,3.230427e+14,6.460853e+14,7.611514e+14,6.727691e+14,2.0826,1,1.132054e+15,1.582909e+15,1.500980e+15,1.667708e+15,2964.0066,3.598,3,0.2983,,coarse,B,2.3972,5.2656,3.3911,False,512,381,0.744639,0.742690,False,246.414615,CS(5-4),1478.6151,1809.769,star,25.452,3.563,19.853,512,20260825,False,False,,,,1.0452,1.0131,224,151.6,3.9329,5.5227,0.1832,0.999951
tau Cet,tau Cet,6,A002_Xba4d35_Xb3a3,3.6522,246.135399,247.869774,15625000.0000,1734375000.0,1572.48,,1.93596,9.68021,2.413894e+14,4.827788e+14,5.687603e+14,5.027179e+14,2.0826,1,8.459124e+14,1.182808e+15,1.121588e+15,1.246173e+15,2964.0310,3.598,3,0.2983,,coarse,B,3.1546,4.1057,3.4668,False,512,55,0.109162,0.058480,False,247.244774,CS(5-4),2308.7736,2825.852,star,25.452,3.563,19.853,512,20260825,False,False,,,,1.0080,0.9769,224,162.5,3.8097,5.3384,0.1690,0.999958
tau Cet,tau Cet,6,A002_Xba460f_X7e6,3.6522,246.136123,247.870498,15625000.0000,1734375000.0,1572.48,,2.48987,12.44985,3.104540e+14,6.209080e+14,7.314900e+14,6.465519e+14,2.0826,1,1.087939e+15,1.521225e+15,1.442489e+15,1.602719e+15,2964.0397,3.598,3,0.2983,,coarse,B,2.6150,4.4720,3.8269,False,512,228,0.446394,0.477583,False,246.620498,CS(5-4),1684.4978,2061.762,star,25.452,3.563,19.853,512,20260825,False,False,,,,0.9260,0.9557,224,179.8,3.6350,5.0779,0.1644,0.999961
tau Cet,tau Cet,6,A002_Xb9cc97_X193f,3.6522,246.140651,247.875026,15625000.0000,1734375000.0,1391.04,,3.35605,16.78070,4.184498e+14,8.368996e+14,9.859491e+14,8.714641e+14,2.0826,1,1.466394e+15,2.050404e+15,1.944279e+15,2.160247e+15,2964.0941,3.598,3,0.2639,,coarse,B,2.5079,4.1775,3.5555,False,512,304,0.594542,0.596491,False,246.625026,CS(5-4),1689.0256,2067.304,star,25.452,3.563,19.852,512,20260825,False,False,,,,0.9854,0.9496,224,226.2,3.7917,5.2614,0.1399,0.999971
tau Cet,tau Cet,6,A002_Xb9cc97_X1734,3.6522,246.140811,247.875186,15625000.0000,1734375000.0,1391.04,,2.44812,12.24094,3.052445e+14,6.104890e+14,7.192154e+14,6.357026e+14,2.0826,1,1.069683e+15,1.495698e+15,1.418283e+15,1.575825e+15,2964.0960,3.598,3,0.2639,,coarse,B,2.7317,4.3691,3.6654,False,512,197,0.385965,0.350877,False,247.625186,CS(5-4),2689.1857,3291.462,star,25.452,3.563,19.852,512,20260825,False,False,,,,0.9190,0.9706,224,191.5,3.6648,5.1099,0.1398,0.999972
BD05 1668,BD05 1668,6,A002_Xc74b5b_X7c16,3.7861,223.132814,224.867189,15625000.0000,1734375000.0,1421.28,1410,2.13445,10.67302,2.860177e+14,5.720354e+14,6.739133e+14,5.956608e+14,2.0826,1,1.002305e+15,1.401487e+15,1.328948e+15,1.476566e+15,2688.0000,3.598,3,0.2445,1.0000,coarse,B,2.3937,4.7054,3.1280,False,512,383,0.748538,0.822612,False,224.335939,13CO(2-1),3936.9394,5355.127,star,28.066,3.929,21.891,512,20260825,False,False,,,,1.0627,1.0265,224,153.2,3.9947,5.6077,0.2449,0.999928
BD05 1668,BD05 1668,6,A002_Xc9831a_X13c7,3.7861,223.132814,224.867189,15625000.0000,1734375000.0,2963.52,,1.43065,7.15336,1.916973e+14,3.833946e+14,4.516761e+14,3.992290e+14,2.0826,1,6.717740e+14,9.393167e+14,8.906993e+14,9.896373e+14,2688.0000,3.598,4,0.5098,,coarse,B,2.8174,4.3158,4.0156,False,512,201,0.393762,0.539961,False,223.632814,13CO(2-1),3233.8144,4398.719,star,28.066,3.929,21.891,512,20260825,False,False,,,,1.0593,0.9669,336,267,4.0109,5.5395,0.1117,0.999985
BD05 1668,BD05 1668,6,A002_Xc99ad7_X1619,3.7861,223.132814,224.867189,15625000.0000,1734375000.0,2963.52,,3.33192,16.65982,4.464534e+14,8.929068e+14,1.051931e+15,9.297845e+14,2.0826,1,1.564528e+15,2.187622e+15,2.074394e+15,2.304816e+15,2688.0000,3.598,4,0.5098,,coarse,B,2.2149,4.2506,3.2074,False,512,450,0.879142,0.842105,False,224.054689,13CO(2-1),3655.6894,4972.564,star,28.066,3.929,21.891,512,20260825,False,False,,,,0.9979,0.9733,336,211.1,3.8462,5.3477,0.1119,0.999985
BD05 1668,BD05 1668,6,A002_Xc94c38_X1923,3.7861,223.132814,224.867189,15625000.0000,1734375000.0,2963.52,,1.87333,9.36678,2.510129e+14,5.020258e+14,5.914352e+14,5.227598e+14,2.0826,1,8.796365e+14,1.229963e+15,1.166302e+15,1.295854e+15,2688.0000,3.598,4,0.5098,,coarse,B,2.3966,4.4355,4.3106,False,512,388,0.758285,0.812865,False,223.429689,13CO(2-1),3030.6894,4122.423,star,28.066,3.929,21.891,512,20260825,False,False,,,,1.0326,0.9568,336,277.9,3.9476,5.4459,0.1141,0.999984
BD05 1668,BD05 1668,6,A002_Xc805c1_X1ab2,3.7861,223.132814,224.867189,15625000.0000,1734375000.0,1421.28,,2.94558,14.72856,3.946990e+14,7.893980e+14,9.299876e+14,8.220007e+14,2.0826,1,1.383163e+15,1.934025e+15,1.833923e+15,2.037634e+15,2688.0000,3.598,3,0.2445,,coarse,B,2.3281,4.2414,2.9776,False,512,404,0.789474,0.884990,False,223.179689,13CO(2-1),2780.6894,3782.366,star,28.066,3.929,21.891,512,20260825,False,False,,,,1.0500,0.9899,224,181.1,3.9425,5.5063,0.1922,0.999956
BD05 1668,BD05 1668,6,A002_Xc83b78_X256c,3.7861,223.132814,224.867189,15625000.0000,1734375000.0,2963.52,,2.01165,10.05860,2.695523e+14,5.391046e+14,6.351177e+14,5.613700e+14,2.0826,1,9.446051e+14,1.320806e+15,1.252444e+15,1.391564e+15,2688.0000,3.598,4,0.5098,,coarse,B,2.1217,4.3700,4.3569,False,512,484,0.945419,0.955166,False,224.054689,13CO(2-1),3655.6894,4972.564,star,28.066,3.929,21.891,512,20260825,False,False,,,,0.9997,0.9704,336,308.3,3.9335,5.4110,0.1736,0.999964
BD05 1668,BD05 1668,6,A002_Xc7b4ea_X2729,3.7861,223.132814,224.867189,15625000.0000,1734375000.0,1421.28,,3.49680,17.48498,4.685661e+14,9.371321e+14,1.104033e+15,9.758363e+14,2.0826,1,1.642018e+15,2.295974e+15,2.177138e+15,2.418972e+15,2688.0000,3.598,3,0.2445,,coarse,B,2.9620,4.1317,3.4127,False,512,120,0.235867,0.179337,False,224.585939,13CO(2-1),4186.9394,5695.184,star,28.066,3.929,21.891,512,20260825,False,False,,,,1.0443,0.9412,224,234.3,3.8991,5.4050,0.2165,0.999944
BD05 1668,BD05 1668,6,A002_Xc7fa6f_X28a8,3.7861,223.132814,224.867189,15625000.0000,1734375000.0,1421.28,,4.50319,22.51696,6.034141e+14,1.206828e+15,1.421761e+15,1.256671e+15,2.0826,1,2.114573e+15,2.956729e+15,2.803694e+15,3.115126e+15,2688.0000,3.598,3,0.2445,,coarse,B,11.8682,19.5084,16.6169,False,512,172,0.337232,0.298246,False,224.742189,13CO(2-1),4343.1894,5907.719,star,28.066,3.929,21.891,512,20260825,True,False,,unattributed,,4.1283,4.1041,224,172.4,15.8609,22.1850,0.1951,0.999954
BD05 1668,BD05 1668,6,A002_Xc96f17_X2a84,3.7861,223.132814,224.867189,15625000.0000,1734375000.0,2963.52,,1.65053,8.25275,2.211590e+14,4.423179e+14,5.210936e+14,4.605860e+14,2.0826,1,7.750180e+14,1.083679e+15,1.027590e+15,1.141733e+15,2688.0000,3.598,4,0.5098,,coarse,B,3.0184,4.5241,3.4581,False,512,114,0.224172,0.243665,False,224.132814,13CO(2-1),3733.8144,5078.832,star,28.066,3.929,21.891,512,20260825,False,False,,,,1.0586,0.9549,336,315.3,4.0255,5.5342,0.1122,0.999985
BD05 1668,BD05 1668,6,A002_Xcbc47c_X2d9,3.7861,223.132814,224.867189,15625000.0000,1734375000.0,2963.52,,1.55293,7.76510,2.080907e+14,4.161814e+14,4.903022e+14,4.333700e+14,2.0826,1,7.292222e+14,1.019644e+15,9.668695e+14,1.074268e+15,2688.0000,3.598,4,0.5098,,coarse,B,3.1283,4.3287,3.7166,False,512,125,0.245614,0.206628,False,224.304689,13CO(2-1),3905.6894,5312.620,star,28.066,3.929,21.891,512,20260825,False,False,,,,0.9403,1.0156,336,218.2,3.8244,5.3122,0.2249,0.999939
BD05 1668,BD05 1668,6,A002_Xc96463_X30ea,3.7861,223.132814,224.867189,15625000.0000,1734375000.0,2963.52,,1.82574,9.12884,2.446366e+14,4.892732e+14,5.764114e+14,5.094805e+14,2.0826,1,8.572917e+14,1.198719e+15,1.136676e+15,1.262936e+15,2688.0000,3.598,4,0.5098,,coarse,B,3.8533,4.2336,4.5125,False,512,11,0.023392,0.015595,False,224.039064,13CO(2-1),3640.0644,4951.310,star,28.066,3.929,21.891,512,20260825,False,False,,,,1.0145,0.9877,336,267.9,3.9643,5.4745,0.1127,0.999985
BD05 1668,BD05 1668,6,A002_Xcb8a93_X395,3.7861,223.132814,224.867189,15625000.0000,1734375000.0,2963.52,,2.07781,10.38966,2.784242e+14,5.568484e+14,6.560216e+14,5.798466e+14,2.0826,1,9.756952e+14,1.364279e+15,1.293666e+15,1.437365e+15,2688.0000,3.598,4,0.5098,,coarse,B,3.7308,4.5151,4.5704,False,512,18,0.037037,0.068226,False,224.414064,13CO(2-1),4015.0644,5461.395,star,28.066,3.929,21.891,512,20260825,False,False,,,,0.9867,0.9799,336,265.5,3.8913,5.3751,0.2236,0.999940
BD05 1668,BD05 1668,6,A002_Xc92fe3_X4af1,3.7861,223.132814,224.867189,15625000.0000,1734375000.0,2963.52,,4.89733,24.48702,6.562082e+14,1.312416e+15,1.546154e+15,1.366620e+15,2.0826,1,2.299582e+15,3.215420e+15,3.048996e+15,3.387675e+15,2688.0000,3.598,4,0.5098,,coarse,B,2.3355,4.7248,3.0850,False,512,439,0.857700,0.803119,False,224.195314,13CO(2-1),3796.3144,5163.846,star,28.066,3.929,21.891,512,20260825,False,False,,,,1.0226,1.0093,336,228.7,3.9842,5.5267,0.1160,0.999984
BD05 1668,BD05 1668,6,A002_Xc7a409_X5de8,3.7861,223.132814,224.867189,15625000.0000,1734375000.0,1421.28,,3.60025,18.00230,4.824294e+14,9.648588e+14,1.136698e+15,1.004708e+15,2.0826,1,1.690600e+15,2.363904e+15,2.241553e+15,2.490542e+15,2688.0000,3.598,3,0.2445,,coarse,B,2.0084,4.6074,3.6460,False,512,498,0.972710,0.992203,False,223.210939,13CO(2-1),2811.9394,3824.873,star,28.066,3.929,21.891,512,20260825,False,False,,,,1.0104,0.9513,224,301.2,3.9114,5.3840,0.2196,0.999942
BD05 1668,BD05 1668,6,A002_Xc77d4f_X6247,3.7861,223.132814,224.867189,15625000.0000,1734375000.0,1421.28,,3.36614,16.83176,4.510610e+14,9.021220e+14,1.062787e+15,9.393802e+14,2.0826,1,1.580675e+15,2.210199e+15,2.095803e+15,2.328602e+15,2688.0000,3.598,3,0.2445,,coarse,B,2.3603,4.9727,3.0994,False,512,393,0.768031,0.653021,False,224.617189,13CO(2-1),4218.1894,5737.691,star,28.066,3.929,21.891,512,20260825,False,False,,,,0.9601,1.0158,224,139.8,3.7557,5.2872,0.2310,0.999936
BD05 1668,BD05 1668,6,A002_Xc7e4e4_X683a,3.7861,223.132814,224.867189,15625000.0000,1734375000.0,1421.28,,4.15894,20.79570,5.572874e+14,1.114575e+15,1.313078e+15,1.160608e+15,2.0826,1,1.952929e+15,2.730708e+15,2.589372e+15,2.876996e+15,2688.0000,3.598,3,0.2445,,coarse,B,2.4546,4.5724,4.0663,False,512,352,0.686160,0.590643,False,224.007814,13CO(2-1),3608.8144,4908.803,star,28.066,3.929,21.891,512,20260825,False,False,,,,1.0400,1.0182,224,160.7,3.9477,5.5335,0.1981,0.999953
BD05 1668,BD05 1668,6,A002_Xc92012_X6a6f,3.7861,223.132814,224.867189,15625000.0000,1734375000.0,2963.52,,2.09873,10.49380,2.812150e+14,5.624301e+14,6.625973e+14,5.856588e+14,2.0826,1,9.854753e+14,1.377954e+15,1.306633e+15,1.451773e+15,2688.0000,3.598,4,0.5098,,coarse,B,2.0965,4.3205,3.4958,False,512,484,0.945419,0.912281,False,223.539064,13CO(2-1),3140.0644,4271.197,star,28.066,3.929,21.891,512,20260825,False,False,,,,0.9611,0.9883,336,208.9,3.8012,5.2867,0.1173,0.999984
BD05 1668,BD05 1668,6,A002_Xcb8a93_X7bee,3.7861,223.132814,224.867189,15625000.0000,1734375000.0,2963.52,,1.79232,8.96212,2.401688e+14,4.803375e+14,5.658843e+14,5.001758e+14,2.0826,1,8.416349e+14,1.176827e+15,1.115916e+15,1.239871e+15,2688.0000,3.598,4,0.5098,,coarse,B,2.4789,4.5349,3.3279,False,512,387,0.756335,0.793372,False,223.585939,13CO(2-1),3186.9394,4334.958,star,28.066,3.929,21.891,512,20260825,False,False,,,,1.0958,0.9691,336,317.6,4.1300,5.6768,0.2240,0.999940
BD05 1668,BD05 1668,6,A002_Xc9831a_Xa0b7,3.7861,223.132814,224.867189,15625000.0000,1734375000.0,2963.52,,1.50648,7.53250,2.018575e+14,4.037150e+14,4.756156e+14,4.203887e+14,2.0826,1,7.073789e+14,9.891018e+14,9.379077e+14,1.042089e+15,2688.0000,3.598,4,0.5098,,coarse,B,2.4215,4.2572,3.7795,False,512,404,0.789474,0.828460,False,223.695314,13CO(2-1),3296.3144,4483.733,star,28.066,3.929,21.891,512,20260825,False,False,,,,1.0251,0.9408,336,304,3.9218,5.3969,0.1117,0.999985
BD05 1668,BD05 1668,6,A002_Xc92fe3_Xaa2f,3.7861,223.132814,224.867189,15625000.0000,1734375000.0,2963.52,,2.23908,11.19558,3.000215e+14,6.000431e+14,7.069091e+14,6.248253e+14,2.0826,1,1.051380e+15,1.470106e+15,1.394015e+15,1.548861e+15,2688.0000,3.598,4,0.5098,,coarse,B,2.3923,4.6815,3.4770,False,512,409,0.799220,0.814815,False,224.679689,13CO(2-1),4280.6894,5822.705,star,28.066,3.929,21.891,512,20260825,False,False,,,,1.0342,0.9600,336,291.9,3.9687,5.4676,0.1150,0.999984
BD05 1668,BD05 1668,6,A002_Xc8ed16_Xafd5,3.7861,223.132814,224.867189,15625000.0000,1734375000.0,1421.28,,3.83056,19.15317,5.132707e+14,1.026541e+15,1.209366e+15,1.068938e+15,2.0826,1,1.798679e+15,2.515026e+15,2.384853e+15,2.649760e+15,2688.0000,3.598,3,0.2445,,coarse,B,2.5593,4.6170,3.2901,False,512,303,0.592593,0.705653,False,224.195314,13CO(2-1),3796.3144,5163.846,star,28.066,3.929,21.891,512,20260825,False,False,,,,0.9493,0.9856,224,204.5,3.7681,5.2438,0.1257,0.999981
BD05 1668,BD05 1668,6,A002_Xc94c38_Xb5c5,3.7861,223.132814,224.867189,15625000.0000,1734375000.0,2963.52,,2.15329,10.76662,2.885260e+14,5.770521e+14,6.798235e+14,6.008847e+14,2.0826,1,1.011096e+15,1.413778e+15,1.340603e+15,1.489516e+15,2688.0000,3.598,4,0.5098,,coarse,B,3.6152,4.4019,3.8727,False,512,25,0.050682,0.070175,False,223.585939,13CO(2-1),3186.9394,4334.958,star,28.066,3.929,21.891,512,20260825,False,False,,,,1.0230,0.9698,336,273.2,3.9501,5.4520,0.1133,0.999985
BD05 1668,BD05 1668,6,A002_Xc94c38_Xc003,3.7861,223.132814,224.867189,15625000.0000,1734375000.0,2963.52,,2.27921,11.39623,3.053985e+14,6.107971e+14,7.195783e+14,6.360234e+14,2.0826,1,1.070223e+15,1.496453e+15,1.418999e+15,1.576620e+15,2688.0000,3.598,4,0.5098,,coarse,B,3.4534,4.2607,4.0174,False,512,42,0.083821,0.118908,False,223.242189,13CO(2-1),2843.1894,3867.380,star,28.066,3.929,21.891,512,20260825,False,False,,,,0.9351,0.9411,336,367,3.7846,5.1819,0.1133,0.999985
BD05 1668,BD05 1668,6,A002_Xc8592e_Xd319,3.7861,223.132814,224.867189,15625000.0000,1734375000.0,2963.52,,3.03252,15.16309,4.063437e+14,8.126875e+14,9.574249e+14,8.462520e+14,2.0826,1,1.423970e+15,1.991084e+15,1.888029e+15,2.097750e+15,2688.0000,3.598,4,0.5098,,coarse,B,3.0883,4.6042,3.7463,False,512,123,0.241715,0.364522,False,224.835939,13CO(2-1),4436.9394,6035.240,star,28.066,3.929,21.891,512,20260825,False,False,,,,1.0109,0.9727,336,306.3,3.9589,5.4470,0.1614,0.999969
BD05 1668,BD05 1668,6,A002_Xca464b_Xebf,3.7861,223.132814,224.867189,15625000.0000,1734375000.0,2963.52,,2.67496,13.37541,3.584371e+14,7.168741e+14,8.445475e+14,7.464815e+14,2.0826,1,1.256088e+15,1.756342e+15,1.665436e+15,1.850431e+15,2688.0000,3.598,4,0.5098,,coarse,B,2.5920,4.4611,3.6075,False,512,307,0.600390,0.467836,False,223.726564,13CO(2-1),3327.5644,4526.240,star,28.066,3.929,21.891,512,20260825,False,False,,,,1.0780,0.9885,336,232.3,4.0562,5.6240,0.1985,0.999953
BD05 1668,BD05 1668,6,A002_Xc74b5b_X7c16,3.7861,225.132814,226.867189,15625000.0000,1734375000.0,1421.28,1410,2.04169,10.20918,2.735877e+14,5.471753e+14,6.446257e+14,5.697740e+14,2.0826,1,9.587463e+14,1.340579e+15,1.271193e+15,1.412396e+15,2712.0000,3.598,3,0.2467,1.0000,coarse,B,2.8097,4.4702,3.0578,False,512,190,0.372320,0.458090,False,226.585939,CO(2-1),-3952.0606,-5139.274,star,27.817,3.894,21.698,512,20260825,False,False,,,,1.0595,0.9926,224,190.5,3.9786,5.5484,0.2449,0.999927
BD05 1668,BD05 1668,6,A002_Xc9831a_X13c7,3.7861,225.132814,226.867189,15625000.0000,1734375000.0,2963.52,,1.34217,6.71095,1.798415e+14,3.596829e+14,4.237415e+14,3.745381e+14,2.0826,1,6.302271e+14,8.812232e+14,8.356126e+14,9.284316e+14,2712.0000,3.598,4,0.5144,,coarse,B,2.7990,5.1695,3.4716,False,512,197,0.385965,0.432749,False,225.820314,CO(2-1),-4717.6856,-6134.896,star,27.817,3.894,21.698,512,20260825,False,False,,,,0.9593,0.9377,336,293.2,3.7763,5.2020,0.1117,0.999985
BD05 1668,BD05 1668,6,A002_Xc99ad7_X1619,3.7861,225.132814,226.867189,15625000.0000,1734375000.0,2963.52,,3.66654,18.33298,4.912909e+14,9.825817e+14,1.157577e+15,1.023163e+15,2.0826,1,1.721654e+15,2.407325e+15,2.282726e+15,2.536289e+15,2712.0000,3.598,4,0.5144,,coarse,B,3.3673,4.3669,3.4697,False,512,62,0.122807,0.136452,False,225.382814,13CO(2-1),4983.8144,6779.114,star,27.817,3.894,21.698,512,20260825,False,False,,,,1.0164,1.0134,336,223,3.9740,5.5165,0.1119,0.999985
BD05 1668,BD05 1668,6,A002_Xc94c38_X1923,3.7861,225.132814,226.867189,15625000.0000,1734375000.0,2963.52,,1.78250,8.91265,2.388431e+14,4.776863e+14,5.627609e+14,4.974151e+14,2.0826,1,8.369894e+14,1.170331e+15,1.109757e+15,1.233028e+15,2712.0000,3.598,4,0.5144,,coarse,B,2.8252,4.2551,3.5608,False,512,192,0.376218,0.360624,False,226.507814,CO(2-1),-4030.1856,-5240.868,star,27.817,3.894,21.698,512,20260825,False,False,,,,0.9986,0.9926,336,211.3,3.8855,5.4021,0.1141,0.999984
BD05 1668,BD05 1668,6,A002_Xc805c1_X1ab2,3.7861,225.132814,226.867189,15625000.0000,1734375000.0,1421.28,,2.82341,14.11768,3.783285e+14,7.566569e+14,8.914155e+14,7.879074e+14,2.0826,1,1.325795e+15,1.853810e+15,1.757860e+15,1.953121e+15,2712.0000,3.598,3,0.2467,,coarse,B,2.4124,4.5533,3.3034,False,512,354,0.692008,0.662768,False,226.164064,CO(2-1),-4373.9356,-5687.882,star,27.817,3.894,21.698,512,20260825,False,False,,,,1.0269,0.9758,224,190.6,3.8828,5.4147,0.1922,0.999955
BD05 1668,BD05 1668,6,A002_Xc83b78_X256c,3.7861,225.132814,226.867189,15625000.0000,1734375000.0,2963.52,,1.92933,9.64700,2.585224e+14,5.170448e+14,6.091291e+14,5.383991e+14,2.0826,1,9.059524e+14,1.266760e+15,1.201195e+15,1.334622e+15,2712.0000,3.598,4,0.5144,,coarse,B,3.0481,4.3802,4.0663,False,512,129,0.253411,0.214425,False,225.945314,CO(2-1),-4592.6856,-5972.345,star,27.817,3.894,21.698,512,20260825,False,False,,,,1.1288,0.9563,336,329.3,4.1794,5.7390,0.1736,0.999963
BD05 1668,BD05 1668,6,A002_Xc7b4ea_X2729,3.7861,225.132814,226.867189,15625000.0000,1734375000.0,1421.28,,3.36236,16.81277,4.505520e+14,9.011040e+14,1.061588e+15,9.383202e+14,2.0826,1,1.578891e+15,2.207705e+15,2.093438e+15,2.325975e+15,2712.0000,3.598,3,0.2467,,coarse,B,2.4611,4.4965,3.4527,False,512,341,0.666667,0.799220,False,225.351564,13CO(2-1),4952.5644,6736.607,star,27.817,3.894,21.698,512,20260825,False,False,,,,0.9918,0.9824,224,198.3,3.8371,5.3448,0.2165,0.999943
BD05 1668,BD05 1668,6,A002_Xc7fa6f_X28a8,3.7861,225.132814,226.867189,15625000.0000,1734375000.0,1421.28,,4.25676,21.28478,5.703940e+14,1.140788e+15,1.343959e+15,1.187903e+15,2.0826,1,1.998859e+15,2.794930e+15,2.650270e+15,2.944659e+15,2712.0000,3.598,3,0.2467,,coarse,B,10.1359,18.3962,15.8007,False,512,389,0.760234,0.896686,False,226.742189,CO(2-1),-3795.8106,-4936.086,star,27.817,3.894,21.698,512,20260825,True,False,,unattributed,,,,,,,,0.1943,0.999954
BD05 1668,BD05 1668,6,A002_Xc96f17_X2a84,3.7861,225.132814,226.867189,15625000.0000,1734375000.0,2963.52,,1.56053,7.80279,2.091008e+14,4.182017e+14,4.926823e+14,4.354737e+14,2.0826,1,7.327621e+14,1.024594e+15,9.715629e+14,1.079483e+15,2712.0000,3.598,4,0.5144,,coarse,B,2.9494,4.3982,3.7973,False,512,175,0.343080,0.376218,False,225.257814,13CO(2-1),4858.8144,6609.086,star,27.817,3.894,21.698,512,20260825,False,False,,,,1.0978,1.0321,336,195.4,4.1361,5.7637,0.1122,0.999985
BD05 1668,BD05 1668,6,A002_Xcbc47c_X2d9,3.7861,225.132814,226.867189,15625000.0000,1734375000.0,2963.52,,1.47355,7.36821,1.974547e+14,3.949094e+14,4.652417e+14,4.112195e+14,2.0826,1,6.919500e+14,9.675281e+14,9.174506e+14,1.019360e+15,2712.0000,3.598,4,0.5144,,coarse,B,3.2392,4.8690,3.3280,False,512,81,0.159844,0.138402,False,225.476564,CO(2-1),-5061.4356,-6581.909,star,27.817,3.894,21.698,512,20260825,False,False,,,,0.9931,0.9783,336,255.7,3.8921,5.3819,0.2249,0.999938
BD05 1668,BD05 1668,6,A002_Xc96463_X30ea,3.7861,225.132814,226.867189,15625000.0000,1734375000.0,2963.52,,1.71922,8.59625,2.303641e+14,4.607283e+14,5.427827e+14,4.797567e+14,2.0826,1,8.072760e+14,1.128784e+15,1.070360e+15,1.189255e+15,2712.0000,3.598,4,0.5144,,coarse,B,2.8793,4.7598,3.2067,False,512,197,0.385965,0.442495,False,226.726564,CO(2-1),-3811.4356,-4956.405,star,27.817,3.894,21.698,512,20260825,False,False,,,,1.0071,0.9833,336,233.2,3.9076,5.4174,0.1127,0.999985
BD05 1668,BD05 1668,6,A002_Xcb8a93_X395,3.7861,225.132814,226.867189,15625000.0000,1734375000.0,2963.52,,1.98251,9.91313,2.656541e+14,5.313083e+14,6.259328e+14,5.532517e+14,2.0826,1,9.309445e+14,1.301705e+15,1.234331e+15,1.371439e+15,2712.0000,3.598,4,0.5144,,coarse,B,2.5906,4.0649,3.9012,False,512,291,0.569201,0.580897,False,226.773439,CO(2-1),-3764.5606,-4895.448,star,27.817,3.894,21.698,512,20260825,False,False,,,,0.9617,0.9722,336,246.9,3.8100,5.2735,0.2236,0.999939
BD05 1668,BD05 1668,6,A002_Xc92fe3_X4af1,3.7861,225.132814,226.867189,15625000.0000,1734375000.0,2963.52,,4.88402,24.42052,6.544262e+14,1.308852e+15,1.541955e+15,1.362909e+15,2.0826,1,2.293337e+15,3.206689e+15,3.040716e+15,3.378475e+15,2712.0000,3.598,4,0.5144,,coarse,B,2.9832,4.6261,3.6545,False,512,141,0.276803,0.335283,False,226.320314,CO(2-1),-4217.6856,-5484.694,star,27.817,3.894,21.698,512,20260825,False,False,,,,0.9446,0.9509,336,274,3.7579,5.1863,0.1160,0.999984
BD05 1668,BD05 1668,6,A002_Xc7a409_X5de8,3.7861,225.132814,226.867189,15625000.0000,1734375000.0,1421.28,,3.03547,15.17823,4.067493e+14,8.134986e+14,9.583804e+14,8.470966e+14,2.0826,1,1.425391e+15,1.993071e+15,1.889914e+15,2.099843e+15,2712.0000,3.598,3,0.2467,,coarse,B,3.0050,4.6071,3.5637,False,512,111,0.218324,0.343080,False,225.710939,CO(2-1),-4827.0606,-6277.127,star,27.817,3.894,21.698,512,20260825,False,False,,,,1.0201,1.0039,224,164.8,3.8883,5.4461,0.2196,0.999941
BD05 1668,BD05 1668,6,A002_Xc77d4f_X6247,3.7861,225.132814,226.867189,15625000.0000,1734375000.0,1421.28,,3.27210,16.36158,4.384610e+14,8.769220e+14,1.033099e+15,9.131395e+14,2.0826,1,1.536520e+15,2.148459e+15,2.037258e+15,2.263555e+15,2712.0000,3.598,3,0.2467,,coarse,B,1.9971,5.1451,3.5980,False,512,496,0.968811,0.986355,False,225.992189,CO(2-1),-4545.8106,-5911.389,star,27.817,3.894,21.698,512,20260825,False,False,,,,1.0761,0.9775,224,205.5,4.0003,5.5662,0.2310,0.999935
BD05 1668,BD05 1668,6,A002_Xc7e4e4_X683a,3.7861,225.132814,226.867189,15625000.0000,1734375000.0,1421.28,,4.03687,20.18531,5.409302e+14,1.081860e+15,1.274537e+15,1.126542e+15,2.0826,1,1.895607e+15,2.650558e+15,2.513370e+15,2.792552e+15,2712.0000,3.598,3,0.2467,,coarse,B,2.7084,4.5327,3.0781,False,512,239,0.467836,0.354776,False,226.367189,CO(2-1),-4170.8106,-5423.737,star,27.817,3.894,21.698,512,20260825,False,False,,,,1.0411,1.0311,224,144.8,3.9479,5.5516,0.1981,0.999952
BD05 1668,BD05 1668,6,A002_Xc92012_X6a6f,3.7861,225.132814,226.867189,15625000.0000,1734375000.0,2963.52,,2.01563,10.07834,2.700813e+14,5.401627e+14,6.363642e+14,5.624718e+14,2.0826,1,9.464590e+14,1.323399e+15,1.254902e+15,1.394295e+15,2712.0000,3.598,4,0.5144,,coarse,B,2.2752,4.3205,3.8957,False,512,445,0.869396,0.962963,False,225.242189,13CO(2-1),4843.1894,6587.832,star,27.817,3.894,21.698,512,20260825,False,False,,,,1.0007,0.9829,336,288.7,3.9450,5.4366,0.1173,0.999983
BD05 1668,BD05 1668,6,A002_Xcb8a93_X7bee,3.7861,225.132814,226.867189,15625000.0000,1734375000.0,2963.52,,1.70064,8.50373,2.278848e+14,4.557696e+14,5.369409e+14,4.745932e+14,2.0826,1,7.985876e+14,1.116636e+15,1.058840e+15,1.176455e+15,2712.0000,3.598,4,0.5144,,coarse,B,1.7754,4.5589,3.1499,False,512,510,0.996101,0.994152,False,226.132814,CO(2-1),-4405.1856,-5728.519,star,27.817,3.894,21.698,512,20260825,False,False,,,,1.0282,0.9703,336,288,3.9740,5.4770,0.2240,0.999939
BD05 1668,BD05 1668,6,A002_Xc9831a_Xa0b7,3.7861,225.132814,226.867189,15625000.0000,1734375000.0,2963.52,,1.42633,7.13174,1.911179e+14,3.822359e+14,4.503110e+14,3.980225e+14,2.0826,1,6.697437e+14,9.364779e+14,8.880074e+14,9.866463e+14,2712.0000,3.598,4,0.5144,,coarse,B,3.2715,4.5542,4.0196,False,512,62,0.122807,0.097466,False,225.851564,CO(2-1),-4686.4356,-6094.258,star,27.817,3.894,21.698,512,20260825,False,False,,,,1.0955,0.9987,336,219.3,4.0960,5.6887,0.1117,0.999985
BD05 1668,BD05 1668,6,A002_Xc92fe3_Xaa2f,3.7861,225.132814,226.867189,15625000.0000,1734375000.0,2963.52,,2.17188,10.85960,2.910178e+14,5.820355e+14,6.856945e+14,6.060740e+14,2.0826,1,1.019827e+15,1.425987e+15,1.352180e+15,1.502379e+15,2712.0000,3.598,4,0.5144,,coarse,B,2.1686,4.4930,3.0623,False,512,481,0.939571,0.955166,False,226.601564,CO(2-1),-3936.4356,-5118.955,star,27.817,3.894,21.698,512,20260825,False,False,,,,1.0203,0.9816,336,261.6,3.9577,5.4690,0.1150,0.999984
BD05 1668,BD05 1668,6,A002_Xc8ed16_Xafd5,3.7861,225.132814,226.867189,15625000.0000,1734375000.0,1421.28,,3.71602,18.58044,4.979225e+14,9.958450e+14,1.173202e+15,1.036974e+15,2.0826,1,1.744894e+15,2.439820e+15,2.313540e+15,2.570525e+15,2712.0000,3.598,3,0.2467,,coarse,B,1.9692,4.4648,2.7750,False,512,498,0.972710,1.000000,False,226.148439,CO(2-1),-4389.5606,-5708.201,star,27.817,3.894,21.698,512,20260825,False,False,,,,0.9972,0.9990,224,220.2,3.9052,5.4230,0.1257,0.999981
BD05 1668,BD05 1668,6,A002_Xc94c38_Xb5c5,3.7861,225.132814,226.867189,15625000.0000,1734375000.0,2963.52,,2.07720,10.38617,2.783308e+14,5.566617e+14,6.558016e+14,5.796522e+14,2.0826,1,9.753681e+14,1.363821e+15,1.293232e+15,1.436883e+15,2712.0000,3.598,4,0.5144,,coarse,B,2.4890,4.3223,3.5148,False,512,359,0.701754,0.658869,False,225.804689,CO(2-1),-4733.3106,-6155.214,star,27.817,3.894,21.698,512,20260825,False,False,,,,1.0481,1.0068,336,215,4.0142,5.5783,0.1133,0.999984
BD05 1668,BD05 1668,6,A002_Xc94c38_Xc003,3.7861,225.132814,226.867189,15625000.0000,1734375000.0,2963.52,,2.19650,10.98268,2.943161e+14,5.886322e+14,6.934660e+14,6.129431e+14,2.0826,1,1.031386e+15,1.442149e+15,1.367506e+15,1.519407e+15,2712.0000,3.598,4,0.5144,,coarse,B,3.4298,4.1124,3.7781,False,512,24,0.048733,0.056530,False,225.820314,CO(2-1),-4717.6856,-6134.896,star,27.817,3.894,21.698,512,20260825,False,False,,,,1.0060,0.9895,336,224,3.9078,5.4240,0.1133,0.999984
BD05 1668,BD05 1668,6,A002_Xc8592e_Xd319,3.7861,225.132814,226.867189,15625000.0000,1734375000.0,2963.52,,2.93852,14.69307,3.937478e+14,7.874957e+14,9.277465e+14,8.200198e+14,2.0826,1,1.379829e+15,1.929364e+15,1.829504e+15,2.032723e+15,2712.0000,3.598,4,0.5144,,coarse,B,2.5233,4.3373,3.4361,False,512,335,0.654971,0.799220,False,226.335939,CO(2-1),-4202.0606,-5464.375,star,27.817,3.894,21.698,512,20260825,False,False,,,,0.9726,0.9958,336,202.8,3.8311,5.3329,0.1614,0.999968
BD05 1668,BD05 1668,6,A002_Xca464b_Xebf,3.7861,225.132814,226.867189,15625000.0000,1734375000.0,2963.52,,2.57027,12.85197,3.444097e+14,6.888194e+14,8.114963e+14,7.172681e+14,2.0826,1,1.206931e+15,1.687608e+15,1.600260e+15,1.778015e+15,2712.0000,3.598,4,0.5144,,coarse,B,2.6010,4.4598,3.5591,False,512,294,0.575049,0.707602,False,226.492189,CO(2-1),-4045.8106,-5261.187,star,27.817,3.894,21.698,512,20260825,False,False,,,,0.9912,0.9733,336,253.8,3.8769,5.3619,0.1985,0.999952
BD05 1668,BD05 1668,6,A002_Xc74b5b_X7c16,3.7861,239.132811,240.867186,15625000.0000,1734375000.0,1421.28,1410,2.22855,11.14366,2.986302e+14,5.972604e+14,7.036309e+14,6.219277e+14,2.0826,1,1.046504e+15,1.463288e+15,1.387551e+15,1.541679e+15,2880.0000,3.598,3,0.262,1.0000,coarse,B,3.0894,4.7663,4.5492,False,512,74,0.146199,0.113060,False,240.179686,CS(5-4),-4756.3144,-5821.550,star,26.195,3.667,20.432,512,20260825,False,False,,,,1.0299,0.9856,224,167.9,3.8765,5.4265,0.2449,0.999918
BD05 1668,BD05 1668,6,A002_Xc9831a_X13c7,3.7861,239.132811,240.867186,15625000.0000,1734375000.0,2963.52,,1.47310,7.36561,1.973850e+14,3.947701e+14,4.650775e+14,4.110743e+14,2.0826,1,6.917058e+14,9.671867e+14,9.171268e+14,1.019000e+15,2880.0000,3.598,4,0.5462,,coarse,B,2.5707,4.8463,3.8911,False,512,301,0.588694,0.555556,False,240.851561,CS(5-4),-4084.4394,-4999.200,star,26.195,3.667,20.432,512,20260825,False,False,,,,1.0418,0.9479,336,283.8,3.9529,5.4501,0.1117,0.999983
BD05 1668,BD05 1668,6,A002_Xc99ad7_X1619,3.7861,239.132811,240.867186,15625000.0000,1734375000.0,2963.52,,3.60993,18.04997,4.837068e+14,9.674137e+14,1.139707e+15,1.007369e+15,2.0826,1,1.695077e+15,2.370163e+15,2.247488e+15,2.497137e+15,2880.0000,3.598,4,0.5462,,coarse,B,2.8520,4.1994,3.6863,False,512,174,0.341131,0.391813,False,239.664061,CS(5-4),-5271.9394,-6452.656,star,26.195,3.667,20.432,512,20260825,False,False,,,,1.0464,0.9791,336,240.2,3.9837,5.5182,0.1119,0.999983
BD05 1668,BD05 1668,6,A002_Xc94c38_X1923,3.7861,239.132811,240.867186,15625000.0000,1734375000.0,2963.52,,1.96660,9.83315,2.635108e+14,5.270217e+14,6.208828e+14,5.487880e+14,2.0826,1,9.234336e+14,1.291203e+15,1.224373e+15,1.360375e+15,2880.0000,3.598,4,0.5462,,coarse,B,2.6028,4.6252,3.0539,False,512,355,0.693957,0.799220,False,240.054686,CS(5-4),-4881.3144,-5974.545,star,26.195,3.667,20.432,512,20260825,False,False,,,,1.0331,0.9960,336,277.3,4.0258,5.5542,0.1141,0.999982
BD05 1668,BD05 1668,6,A002_Xc805c1_X1ab2,3.7861,239.132811,240.867186,15625000.0000,1734375000.0,1421.28,,3.06254,15.31346,4.103732e+14,8.207464e+14,9.669191e+14,8.546438e+14,2.0826,1,1.438091e+15,2.010829e+15,1.906752e+15,2.118552e+15,2880.0000,3.598,3,0.262,,coarse,B,2.1005,4.3968,3.6370,False,512,472,0.922027,0.918129,False,239.976561,CS(5-4),-4959.4394,-6070.167,star,26.195,3.667,20.432,512,20260825,False,False,,,,0.9694,0.9603,224,191.7,3.7427,5.2184,0.1922,0.999949
BD05 1668,BD05 1668,6,A002_Xc83b78_X256c,3.7861,239.132811,240.867186,15625000.0000,1734375000.0,2963.52,,2.10915,10.54618,2.826186e+14,5.652373e+14,6.659045e+14,5.885819e+14,2.0826,1,9.903940e+14,1.384831e+15,1.313155e+15,1.459019e+15,2880.0000,3.598,4,0.5462,,coarse,B,2.6537,4.1461,3.3067,False,512,253,0.495127,0.598441,False,239.351561,CS(5-4),-5584.4394,-6835.144,star,26.195,3.667,20.432,512,20260825,False,False,,,,1.0934,0.9639,336,232.9,4.0386,5.5992,0.1736,0.999959
BD05 1668,BD05 1668,6,A002_Xc7b4ea_X2729,3.7861,239.132811,240.867186,15625000.0000,1734375000.0,1421.28,,3.64456,18.22399,4.883703e+14,9.767405e+14,1.150695e+15,1.017081e+15,2.0826,1,1.711419e+15,2.393014e+15,2.269156e+15,2.521211e+15,2880.0000,3.598,3,0.262,,coarse,B,2.7201,4.3885,3.4034,False,512,226,0.442495,0.397661,False,239.445311,CS(5-4),-5490.6894,-6720.397,star,26.195,3.667,20.432,512,20260825,False,False,,,,1.0236,0.9697,224,217.5,3.8966,5.4130,0.2165,0.999936
BD05 1668,BD05 1668,6,A002_Xc7fa6f_X28a8,3.7861,239.132811,240.867186,15625000.0000,1734375000.0,1421.28,,5.43214,27.16211,7.278959e+14,1.455792e+15,1.715064e+15,1.515917e+15,2.0826,1,2.550800e+15,3.566690e+15,3.382084e+15,3.757763e+15,2880.0000,3.598,3,0.262,,coarse,B,17.5188,19.7255,17.8170,False,512,6,0.013645,0.001949,True,240.101561,CS(5-4),-4834.4394,-5917.172,star,26.195,3.667,20.432,512,20260825,True,False,,unattributed,,,,,,,,0.1943,0.999948
BD05 1668,BD05 1668,6,A002_Xc96f17_X2a84,3.7861,239.132811,240.867186,15625000.0000,1734375000.0,2963.52,,1.72381,8.61921,2.309795e+14,4.619590e+14,5.442326e+14,4.810382e+14,2.0826,1,8.094324e+14,1.131799e+15,1.073219e+15,1.192432e+15,2880.0000,3.598,4,0.5462,,coarse,B,2.7309,3.9780,3.4193,False,512,255,0.495127,0.508772,False,239.210936,CS(5-4),-5725.0644,-7007.264,star,26.195,3.667,20.432,512,20260825,False,False,,,,0.9710,0.9878,336,240,3.8525,5.3367,0.1122,0.999983
BD05 1668,BD05 1668,6,A002_Xcbc47c_X2d9,3.7861,239.132811,240.867186,15625000.0000,1734375000.0,2963.52,,1.62688,8.13498,2.180029e+14,4.360059e+14,5.136573e+14,4.540132e+14,2.0826,1,7.639581e+14,1.068214e+15,1.012926e+15,1.125440e+15,2880.0000,3.598,4,0.5462,,coarse,B,2.6232,4.3162,3.4649,False,512,275,0.538012,0.563353,False,239.164061,CS(5-4),-5771.9394,-7064.637,star,26.195,3.667,20.432,512,20260825,False,False,,,,1.0281,0.9487,336,292.5,3.9344,5.4201,0.2249,0.999930
BD05 1668,BD05 1668,6,A002_Xc96463_X30ea,3.7861,239.132811,240.867186,15625000.0000,1734375000.0,2963.52,,1.89643,9.48229,2.541085e+14,5.082170e+14,5.987290e+14,5.292067e+14,2.0826,1,8.904845e+14,1.245132e+15,1.180686e+15,1.311835e+15,2880.0000,3.598,4,0.5462,,coarse,B,2.3626,4.0421,3.2464,False,512,416,0.812865,0.791423,False,240.195311,CS(5-4),-4740.6894,-5802.426,star,26.195,3.667,20.432,512,20260825,False,False,,,,0.9695,0.9620,336,293.6,3.8453,5.2968,0.1127,0.999983
BD05 1668,BD05 1668,6,A002_Xcb8a93_X395,3.7861,239.132811,240.867186,15625000.0000,1734375000.0,2963.52,,2.19630,10.98225,2.943046e+14,5.886093e+14,6.934390e+14,6.129193e+14,2.0826,1,1.031346e+15,1.442093e+15,1.367453e+15,1.519348e+15,2880.0000,3.598,4,0.5462,,coarse,B,2.7794,4.5438,3.4794,False,512,257,0.502924,0.506823,False,240.164061,CS(5-4),-4771.9394,-5840.674,star,26.195,3.667,20.432,512,20260825,False,False,,,,1.0286,0.9753,336,319.3,4.0093,5.5101,0.2236,0.999931
BD05 1668,BD05 1668,6,A002_Xc92fe3_X4af1,3.7861,239.132811,240.867186,15625000.0000,1734375000.0,2963.52,,5.40408,27.02091,7.241119e+14,1.448224e+15,1.706148e+15,1.508036e+15,2.0826,1,2.537540e+15,3.548148e+15,3.364502e+15,3.738228e+15,2880.0000,3.598,4,0.5462,,coarse,B,3.0225,4.7639,3.2202,False,512,132,0.259259,0.255361,False,240.132811,CS(5-4),-4803.1894,-5878.923,star,26.195,3.667,20.432,512,20260825,False,False,,,,1.0778,0.9765,336,258.3,4.0583,5.6102,0.1160,0.999981
BD05 1668,BD05 1668,6,A002_Xc7a409_X5de8,3.7861,239.132811,240.867186,15625000.0000,1734375000.0,1421.28,,3.29566,16.47942,4.416188e+14,8.832375e+14,1.040540e+15,9.197158e+14,2.0826,1,1.547586e+15,2.163932e+15,2.051931e+15,2.279857e+15,2880.0000,3.598,3,0.262,,coarse,B,2.9922,4.6105,3.8354,False,512,142,0.278752,0.354776,False,239.289061,CS(5-4),-5646.9394,-6911.642,star,26.195,3.667,20.432,512,20260825,False,False,,,,1.1006,0.9773,224,243.3,4.0900,5.6635,0.2196,0.999934
BD05 1668,BD05 1668,6,A002_Xc77d4f_X6247,3.7861,239.132811,240.867186,15625000.0000,1734375000.0,1421.28,,3.60266,18.01464,4.827601e+14,9.655202e+14,1.137477e+15,1.005397e+15,2.0826,1,1.691759e+15,2.365524e+15,2.243089e+15,2.492249e+15,2880.0000,3.598,3,0.262,,coarse,B,2.4082,4.2463,4.2397,False,512,346,0.676413,0.649123,False,239.304686,CS(5-4),-5631.3144,-6892.517,star,26.195,3.667,20.432,512,20260825,False,False,,,,1.0397,0.9520,224,223.2,3.8998,5.4133,0.2310,0.999927
BD05 1668,BD05 1668,6,A002_Xc7e4e4_X683a,3.7861,239.132811,240.867186,15625000.0000,1734375000.0,1421.28,,4.40699,22.03614,5.905289e+14,1.181058e+15,1.391401e+15,1.229836e+15,2.0826,1,2.069419e+15,2.893592e+15,2.743825e+15,3.048606e+15,2880.0000,3.598,3,0.262,,coarse,B,2.8883,4.1969,3.1553,False,512,137,0.269006,0.206628,False,239.414061,CS(5-4),-5521.9394,-6758.646,star,26.195,3.667,20.432,512,20260825,False,False,,,,0.9414,0.9754,224,169.1,3.6885,5.1622,0.1981,0.999946
BD05 1668,BD05 1668,6,A002_Xc92012_X6a6f,3.7861,239.132811,240.867186,15625000.0000,1734375000.0,2963.52,,2.20615,11.03097,2.956102e+14,5.912204e+14,6.965152e+14,6.156382e+14,2.0826,1,1.035921e+15,1.448490e+15,1.373519e+15,1.526088e+15,2880.0000,3.598,4,0.5462,,coarse,B,2.4906,4.5704,2.8342,False,512,393,0.768031,0.785575,False,239.976561,CS(5-4),-4959.4394,-6070.167,star,26.195,3.667,20.432,512,20260825,False,False,,,,1.0103,1.0128,336,231.9,3.9705,5.5055,0.1173,0.999981
BD05 1668,BD05 1668,6,A002_Xcb8a93_X7bee,3.7861,239.132811,240.867186,15625000.0000,1734375000.0,2963.52,,1.87206,9.36097,2.508572e+14,5.017143e+14,5.910683e+14,5.224355e+14,2.0826,1,8.790907e+14,1.229200e+15,1.165579e+15,1.295050e+15,2880.0000,3.598,4,0.5462,,coarse,B,2.4566,4.4420,3.8051,False,512,406,0.793372,0.797271,False,240.367186,CS(5-4),-4568.8144,-5592.057,star,26.195,3.667,20.432,512,20260825,False,False,,,,1.0986,0.9550,336,323,4.1116,5.6488,0.2240,0.999931
BD05 1668,BD05 1668,6,A002_Xc9831a_Xa0b7,3.7861,239.132811,240.867186,15625000.0000,1734375000.0,2963.52,,1.55661,7.78320,2.085757e+14,4.171515e+14,4.914450e+14,4.343801e+14,2.0826,1,7.309219e+14,1.022021e+15,9.691231e+14,1.076772e+15,2880.0000,3.598,4,0.5462,,coarse,B,2.6185,4.8497,3.6107,False,512,325,0.635478,0.614035,False,240.820311,CS(5-4),-4115.6894,-5037.449,star,26.195,3.667,20.432,512,20260825,False,False,,,,1.0442,1.0143,336,213.4,4.0193,5.5865,0.1117,0.999983
BD05 1668,BD05 1668,6,A002_Xc92fe3_Xaa2f,3.7861,239.132811,240.867186,15625000.0000,1734375000.0,2963.52,,2.36299,11.81518,3.166256e+14,6.332511e+14,7.460314e+14,6.594049e+14,2.0826,1,1.109566e+15,1.551465e+15,1.471164e+15,1.634580e+15,2880.0000,3.598,4,0.5462,,coarse,B,2.3067,5.0180,2.9973,False,512,442,0.863548,0.863548,False,240.851561,CS(5-4),-4084.4394,-4999.200,star,26.195,3.667,20.432,512,20260825,False,False,,,,1.0216,0.9656,336,310.2,3.9690,5.4590,0.1150,0.999982
BD05 1668,BD05 1668,6,A002_Xc8ed16_Xafd5,3.7861,239.132811,240.867186,15625000.0000,1734375000.0,1421.28,,4.10779,20.53939,5.504189e+14,1.100838e+15,1.296894e+15,1.146303e+15,2.0826,1,1.928859e+15,2.697052e+15,2.557458e+15,2.841537e+15,2880.0000,3.598,3,0.262,,coarse,B,3.1096,4.4140,3.6035,False,512,72,0.142300,0.196881,False,239.242186,CS(5-4),-5693.8144,-6969.015,star,26.195,3.667,20.432,512,20260825,False,False,,,,1.1043,0.9557,224,223.2,4.0335,5.5989,0.1257,0.999978
BD05 1668,BD05 1668,6,A002_Xc94c38_Xb5c5,3.7861,239.132811,240.867186,15625000.0000,1734375000.0,2963.52,,2.27039,11.35213,3.042168e+14,6.084336e+14,7.167940e+14,6.335623e+14,2.0826,1,1.066081e+15,1.490662e+15,1.413508e+15,1.570519e+15,2880.0000,3.598,4,0.5462,,coarse,B,2.4992,4.1653,3.5643,False,512,400,0.781676,0.789474,False,239.695311,CS(5-4),-5240.6894,-6414.407,star,26.195,3.667,20.432,512,20260825,False,False,,,,0.9579,1.0075,336,239.6,3.8649,5.3541,0.1133,0.999982
BD05 1668,BD05 1668,6,A002_Xc94c38_Xc003,3.7861,239.132811,240.867186,15625000.0000,1734375000.0,2963.52,,2.40335,12.01697,3.220332e+14,6.440664e+14,7.587729e+14,6.706668e+14,2.0826,1,1.128516e+15,1.577963e+15,1.496290e+15,1.662496e+15,2880.0000,3.598,4,0.5462,,coarse,B,2.5624,4.7267,3.3698,False,512,353,0.690058,0.752437,False,239.929686,CS(5-4),-5006.3144,-6127.541,star,26.195,3.667,20.432,512,20260825,False,False,,,,1.0122,0.9937,336,263.9,3.9677,5.4816,0.1133,0.999982
BD05 1668,BD05 1668,6,A002_Xc8592e_Xd319,3.7861,239.132811,240.867186,15625000.0000,1734375000.0,2963.52,,3.23575,16.17932,4.335767e+14,8.671533e+14,1.021591e+15,9.029674e+14,2.0826,1,1.519403e+15,2.124526e+15,2.014564e+15,2.238340e+15,2880.0000,3.598,4,0.5462,,coarse,B,2.4015,4.6125,3.7535,False,512,411,0.803119,0.742690,False,240.679686,CS(5-4),-4256.3144,-5209.569,star,26.195,3.667,20.432,512,20260825,False,False,,,,1.1023,0.9889,336,269,4.1413,5.7183,0.1614,0.999964
BD05 1668,BD05 1668,6,A002_Xca464b_Xebf,3.7861,239.132811,240.867186,15625000.0000,1734375000.0,2963.52,,2.80806,14.04108,3.762758e+14,7.525516e+14,8.865790e+14,7.836325e+14,2.0826,1,1.318601e+15,1.843751e+15,1.748322e+15,1.942524e+15,2880.0000,3.598,4,0.5462,,coarse,B,2.8838,4.6068,3.1596,False,512,178,0.348928,0.282651,False,239.273436,CS(5-4),-5662.5644,-6930.766,star,26.195,3.667,20.432,512,20260825,False,False,,,,0.9715,0.9586,336,269,3.8222,5.2778,0.1985,0.999946
BD05 1668,BD05 1668,6,A002_Xc74b5b_X7c16,3.7861,241.132811,242.867186,15625000.0000,1734375000.0,1421.28,1410,2.34745,11.73826,3.145643e+14,6.291285e+14,7.411746e+14,6.551120e+14,2.0826,1,1.102343e+15,1.541365e+15,1.461587e+15,1.623938e+15,2904.0000,3.598,3,0.2642,1.0000,coarse,B,2.2488,4.5874,3.3367,False,512,417,0.814815,0.808967,False,241.992186,CS(5-4),-2943.8144,-3603.118,star,25.978,3.637,20.263,512,20260825,False,False,,,,1.0238,0.9393,224,238.1,3.8591,5.3469,0.2449,0.999916
BD05 1668,BD05 1668,6,A002_Xc9831a_X13c7,3.7861,241.132811,242.867186,15625000.0000,1734375000.0,2963.52,,1.56448,7.82255,2.096304e+14,4.192609e+14,4.939301e+14,4.365766e+14,2.0826,1,7.346179e+14,1.027189e+15,9.740236e+14,1.082217e+15,2904.0000,3.598,4,0.5508,,coarse,B,2.5063,4.6739,3.4495,False,512,356,0.695906,0.569201,False,242.210936,CS(5-4),-2725.0644,-3335.376,star,25.978,3.637,20.263,512,20260825,False,False,,,,0.9169,0.9641,336,276.7,3.7314,5.1483,0.1117,0.999983
BD05 1668,BD05 1668,6,A002_Xc94c38_X1923,3.7861,241.132811,242.867186,15625000.0000,1734375000.0,2963.52,,2.07167,10.35854,2.775904e+14,5.551808e+14,6.540570e+14,5.781102e+14,2.0826,1,9.727734e+14,1.360193e+15,1.289792e+15,1.433060e+15,2904.0000,3.598,4,0.5508,,coarse,B,2.2569,4.6153,4.8050,False,512,469,0.916179,0.884990,False,242.585936,CS(5-4),-2350.0644,-2876.391,star,25.978,3.637,20.263,512,20260825,False,False,,,,1.0664,0.9981,336,283.1,4.1010,5.6547,0.1141,0.999982
BD05 1668,BD05 1668,6,A002_Xc805c1_X1ab2,3.7861,241.132811,242.867186,15625000.0000,1734375000.0,1421.28,,3.25722,16.28694,4.364609e+14,8.729217e+14,1.028387e+15,9.089740e+14,2.0826,1,1.529511e+15,2.138658e+15,2.027965e+15,2.253229e+15,2904.0000,3.598,3,0.2642,,coarse,B,2.7260,4.5515,3.4422,False,512,175,0.341131,0.397661,False,242.507811,CS(5-4),-2428.1894,-2972.013,star,25.978,3.637,20.263,512,20260825,False,False,,,,0.9860,0.9638,224,177,3.7628,5.2589,0.1922,0.999948
BD05 1668,BD05 1668,6,A002_Xc83b78_X256c,3.7861,241.132811,242.867186,15625000.0000,1734375000.0,2963.52,,2.22865,11.14372,2.986317e+14,5.972634e+14,7.036344e+14,6.219308e+14,2.0826,1,1.046509e+15,1.463295e+15,1.387558e+15,1.541686e+15,2904.0000,3.598,4,0.5508,,coarse,B,2.8944,4.0808,3.2558,False,512,173,0.339181,0.364522,False,241.335936,CS(5-4),-3600.0644,-4406.344,star,25.978,3.637,20.263,512,20260825,False,False,,,,1.0109,0.9821,336,244.7,3.9244,5.4333,0.1736,0.999958
BD05 1668,BD05 1668,6,A002_Xc7b4ea_X2729,3.7861,241.132811,242.867186,15625000.0000,1734375000.0,1421.28,,3.90746,19.53860,5.235995e+14,1.047199e+15,1.233702e+15,1.090449e+15,2.0826,1,1.834875e+15,2.565637e+15,2.432845e+15,2.703082e+15,2904.0000,3.598,3,0.2642,,coarse,B,3.5500,4.0115,3.7999,False,512,14,0.029240,0.048733,False,241.539061,CS(5-4),-3396.9394,-4157.726,star,25.978,3.637,20.263,512,20260825,False,False,,,,1.0057,0.9998,224,161.9,3.8484,5.3931,0.2165,0.999934
BD05 1668,BD05 1668,6,A002_Xc7fa6f_X28a8,3.7861,241.132811,242.867186,15625000.0000,1734375000.0,1421.28,,4.86611,24.33187,6.520504e+14,1.304101e+15,1.536358e+15,1.357961e+15,2.0826,1,2.285012e+15,3.195047e+15,3.029677e+15,3.366210e+15,2904.0000,3.598,3,0.2642,,coarse,B,8.7835,18.5465,13.9305,False,512,448,0.875244,0.855750,False,242.195311,CS(5-4),-2740.6894,-3354.501,star,25.978,3.637,20.263,512,20260825,True,False,,unattributed,,,,,,,,0.1970,0.999946
BD05 1668,BD05 1668,6,A002_Xc96f17_X2a84,3.7861,241.132811,242.867186,15625000.0000,1734375000.0,2963.52,,1.81578,9.07904,2.433021e+14,4.866042e+14,5.732670e+14,5.067013e+14,2.0826,1,8.526151e+14,1.192180e+15,1.130475e+15,1.256047e+15,2904.0000,3.598,4,0.5508,,coarse,B,2.4722,4.3322,3.5891,False,512,368,0.719298,0.801170,False,242.710936,CS(5-4),-2225.0644,-2723.395,star,25.978,3.637,20.263,512,20260825,False,False,,,,1.0192,0.9570,336,271,3.9154,5.4054,0.1122,0.999982
BD05 1668,BD05 1668,6,A002_Xcbc47c_X2d9,3.7861,241.132811,242.867186,15625000.0000,1734375000.0,2963.52,,1.72905,8.64588,2.316941e+14,4.633882e+14,5.459164e+14,4.825265e+14,2.0826,1,8.119368e+14,1.135301e+15,1.076540e+15,1.196121e+15,2904.0000,3.598,4,0.5508,,coarse,B,4.2600,5.0078,4.4412,False,512,5,0.011696,0.029240,False,241.320311,CS(5-4),-3615.6894,-4425.468,star,25.978,3.637,20.263,512,20260825,False,False,,,,0.9711,0.9645,336,273,3.8366,5.2954,0.2249,0.999929
BD05 1668,BD05 1668,6,A002_Xc96463_X30ea,3.7861,241.132811,242.867186,15625000.0000,1734375000.0,2963.52,,2.00397,10.02005,2.685194e+14,5.370388e+14,6.326839e+14,5.592189e+14,2.0826,1,9.409854e+14,1.315745e+15,1.247644e+15,1.386231e+15,2904.0000,3.598,4,0.5508,,coarse,B,2.5332,4.4911,3.7818,False,512,330,0.645224,0.664717,False,242.320311,CS(5-4),-2615.6894,-3201.506,star,25.978,3.637,20.263,512,20260825,False,False,,,,0.9893,0.9427,336,317.9,3.8644,5.3116,0.1127,0.999982
BD05 1668,BD05 1668,6,A002_Xcb8a93_X395,3.7861,241.132811,242.867186,15625000.0000,1734375000.0,2963.52,,2.31616,11.58159,3.103659e+14,6.207318e+14,7.312824e+14,6.463685e+14,2.0826,1,1.087630e+15,1.520793e+15,1.442079e+15,1.602264e+15,2904.0000,3.598,4,0.5508,,coarse,B,2.1978,4.0751,3.3293,False,512,457,0.892788,0.906433,False,241.242186,CS(5-4),-3693.8144,-4521.090,star,25.978,3.637,20.263,512,20260825,False,False,,,,1.1186,0.9239,336,386.1,4.1322,5.6503,0.2236,0.999930
BD05 1668,BD05 1668,6,A002_Xc92fe3_X4af1,3.7861,241.132811,242.867186,15625000.0000,1734375000.0,2963.52,,5.68785,28.43978,7.621352e+14,1.524270e+15,1.795739e+15,1.587224e+15,2.0826,1,2.670787e+15,3.734462e+15,3.541173e+15,3.934523e+15,2904.0000,3.598,4,0.5508,,coarse,B,2.8037,5.1681,3.1317,False,512,193,0.378168,0.419103,False,241.507811,CS(5-4),-3428.1894,-4195.975,star,25.978,3.637,20.263,512,20260825,False,False,,,,0.9780,0.9697,336,242.4,3.8329,5.3080,0.1160,0.999981
BD05 1668,BD05 1668,6,A002_Xc7a409_X5de8,3.7861,241.132811,242.867186,15625000.0000,1734375000.0,1421.28,,3.53440,17.67319,4.736099e+14,9.472198e+14,1.115917e+15,9.863406e+14,2.0826,1,1.659694e+15,2.320688e+15,2.200574e+15,2.445011e+15,2904.0000,3.598,3,0.2642,,coarse,B,2.7619,4.4672,4.7662,False,512,206,0.403509,0.432749,False,242.492186,CS(5-4),-2443.8144,-2991.137,star,25.978,3.637,20.263,512,20260825,False,False,,,,0.9777,0.9781,224,200.9,3.8043,5.2970,0.2196,0.999933
BD05 1668,BD05 1668,6,A002_Xc77d4f_X6247,3.7861,241.132811,242.867186,15625000.0000,1734375000.0,1421.28,,3.83207,19.16178,5.135012e+14,1.027002e+15,1.209909e+15,1.069418e+15,2.0826,1,1.799487e+15,2.516156e+15,2.385924e+15,2.650950e+15,2904.0000,3.598,3,0.2642,,coarse,B,3.0181,4.1860,3.2513,False,512,100,0.196881,0.132554,False,241.882811,CS(5-4),-3053.1894,-3736.989,star,25.978,3.637,20.263,512,20260825,False,False,,,,1.0823,0.9841,224,168.8,3.9757,5.5646,0.2310,0.999925
BD05 1668,BD05 1668,6,A002_Xc7e4e4_X683a,3.7861,241.132811,242.867186,15625000.0000,1734375000.0,1421.28,,4.69307,23.46665,6.288642e+14,1.257728e+15,1.481726e+15,1.309673e+15,2.0826,1,2.203759e+15,3.081434e+15,2.921945e+15,3.246511e+15,2904.0000,3.598,3,0.2642,,coarse,B,2.9484,4.6060,3.7482,False,512,137,0.269006,0.237817,False,241.242186,CS(5-4),-3693.8144,-4521.090,star,25.978,3.637,20.263,512,20260825,False,False,,,,1.0739,0.9512,224,266.6,4.0083,5.5361,0.1981,0.999945
BD05 1668,BD05 1668,6,A002_Xc92012_X6a6f,3.7861,241.132811,242.867186,15625000.0000,1734375000.0,2963.52,,2.33518,11.67611,3.128989e+14,6.257978e+14,7.372506e+14,6.516437e+14,2.0826,1,1.096507e+15,1.533205e+15,1.453849e+15,1.615341e+15,2904.0000,3.598,4,0.5508,,coarse,B,2.6453,4.5280,3.4315,False,512,279,0.545809,0.536062,False,242.664061,CS(5-4),-2271.9394,-2780.768,star,25.978,3.637,20.263,512,20260825,False,False,,,,0.9961,0.9796,336,232.8,3.8783,5.3771,0.1173,0.999981
BD05 1668,BD05 1668,6,A002_Xcb8a93_X7bee,3.7861,241.132811,242.867186,15625000.0000,1734375000.0,2963.52,,1.99394,9.97039,2.671885e+14,5.343771e+14,6.295481e+14,5.564472e+14,2.0826,1,9.363215e+14,1.309224e+15,1.241461e+15,1.379361e+15,2904.0000,3.598,4,0.5508,,coarse,B,2.7176,4.2402,4.5517,False,512,275,0.538012,0.625731,False,242.617186,CS(5-4),-2318.8144,-2838.142,star,25.978,3.637,20.263,512,20260825,False,False,,,,1.0011,0.9630,336,322.2,3.9317,5.4021,0.2240,0.999930
BD05 1668,BD05 1668,6,A002_Xc9831a_Xa0b7,3.7861,241.132811,242.867186,15625000.0000,1734375000.0,2963.52,,1.64803,8.24027,2.208244e+14,4.416489e+14,5.203053e+14,4.598893e+14,2.0826,1,7.738456e+14,1.082040e+15,1.026035e+15,1.140006e+15,2904.0000,3.598,4,0.5508,,coarse,B,3.1557,4.0208,3.2725,False,512,89,0.175439,0.089669,False,241.726561,CS(5-4),-3209.4394,-3928.233,star,25.978,3.637,20.263,512,20260825,False,False,,,,1.0353,0.9490,336,294,3.9507,5.4417,0.1117,0.999983
BD05 1668,BD05 1668,6,A002_Xc92fe3_Xaa2f,3.7861,241.132811,242.867186,15625000.0000,1734375000.0,2963.52,,2.51785,12.58948,3.373756e+14,6.747511e+14,7.949225e+14,7.026188e+14,2.0826,1,1.182281e+15,1.653140e+15,1.567577e+15,1.741701e+15,2904.0000,3.598,4,0.5508,,coarse,B,2.8605,4.1256,3.3997,False,512,169,0.331384,0.477583,False,241.351561,CS(5-4),-3584.4394,-4387.219,star,25.978,3.637,20.263,512,20260825,False,False,,,,1.0004,0.9228,336,351.4,3.8696,5.3044,0.1150,0.999982
BD05 1668,BD05 1668,6,A002_Xc8ed16_Xafd5,3.7861,241.132811,242.867186,15625000.0000,1734375000.0,1421.28,,4.33616,21.68130,5.810199e+14,1.162040e+15,1.368996e+15,1.210033e+15,2.0826,1,2.036096e+15,2.846998e+15,2.699642e+15,2.999515e+15,2904.0000,3.598,3,0.2642,,coarse,B,2.6856,4.1837,3.1271,False,512,209,0.409357,0.592593,False,242.789061,CS(5-4),-2146.9394,-2627.773,star,25.978,3.637,20.263,512,20260825,False,False,,,,1.1249,0.8904,224,375.3,4.0704,5.5700,0.1257,0.999978
BD05 1668,BD05 1668,6,A002_Xc94c38_Xb5c5,3.7861,241.132811,242.867186,15625000.0000,1734375000.0,2963.52,,2.40313,12.01588,3.220040e+14,6.440081e+14,7.587041e+14,6.706060e+14,2.0826,1,1.128414e+15,1.577820e+15,1.496155e+15,1.662346e+15,2904.0000,3.598,4,0.5508,,coarse,B,2.1376,4.3822,3.4814,False,512,470,0.918129,0.923977,False,242.335936,CS(5-4),-2600.0644,-3182.381,star,25.978,3.637,20.263,512,20260825,False,False,,,,1.0872,0.9607,336,269.6,4.0560,5.6002,0.1133,0.999982
BD05 1668,BD05 1668,6,A002_Xc94c38_Xc003,3.7861,241.132811,242.867186,15625000.0000,1734375000.0,2963.52,,2.53772,12.68883,3.400379e+14,6.800759e+14,8.011955e+14,7.081635e+14,2.0826,1,1.191611e+15,1.666186e+15,1.579947e+15,1.755446e+15,2904.0000,3.598,4,0.5508,,coarse,B,2.0472,4.3875,3.0742,False,512,495,0.966862,0.988304,False,242.476561,CS(5-4),-2459.4394,-3010.261,star,25.978,3.637,20.263,512,20260825,False,False,,,,0.9629,0.9805,336,238.1,3.8202,5.2931,0.1133,0.999982
BD05 1668,BD05 1668,6,A002_Xc8592e_Xd319,3.7861,241.132811,242.867186,15625000.0000,1734375000.0,2963.52,,3.42177,17.10949,4.585036e+14,9.170072e+14,1.080324e+15,9.548802e+14,2.0826,1,1.606756e+15,2.246668e+15,2.130384e+15,2.367025e+15,2904.0000,3.598,4,0.5508,,coarse,B,2.4701,4.5113,3.4278,False,512,407,0.795322,0.816764,False,241.226561,CS(5-4),-3709.4394,-4540.214,star,25.978,3.637,20.263,512,20260825,False,False,,,,1.1389,0.9763,336,311.5,4.2258,5.8115,0.1614,0.999964
BD05 1668,BD05 1668,6,A002_Xca464b_Xebf,3.7861,241.132811,242.867186,15625000.0000,1734375000.0,2963.52,,3.44715,17.23668,4.619122e+14,9.238243e+14,1.088355e+15,9.619789e+14,2.0826,1,1.618701e+15,2.263370e+15,2.146222e+15,2.384622e+15,2904.0000,3.598,4,0.5508,,coarse,B,2.3898,4.4249,3.8960,False,512,412,0.805068,0.725146,False,241.914061,CS(5-4),-3021.9394,-3698.740,star,25.978,3.637,20.263,512,20260825,False,False,,,,1.0383,1.0060,336,210,3.9876,5.5451,0.1985,0.999945
BD05 1668,BD05 1668,6,A002_Xc99ad7_X1619,3.7861,241.148436,242.851561,15625000.0000,1703125000.0,2963.52,,3.87305,19.36561,5.189636e+14,1.037927e+15,1.222779e+15,1.080794e+15,2.0826,1,1.818629e+15,2.542922e+15,2.411305e+15,2.679150e+15,2904.0000,3.598,4,0.5508,,coarse,B,2.4666,4.9663,4.3679,False,512,387,0.756335,0.771930,False,241.523436,CS(5-4),-3412.5644,-4176.851,star,25.978,3.637,20.263,512,20260825,False,False,,,,1.0406,0.9670,330,290.3,3.9940,5.5033,0.1119,0.999983
HD 33793,HD 33793,6,A002_Xc8b2b0_X9c35,3.9339,223.085939,224.914064,15625000.0000,1828125000.0,846.72,840,3.92975,19.65453,5.686529e+14,1.137306e+15,1.339857e+15,1.184277e+15,2.0826,1,1.992758e+15,2.786399e+15,2.642180e+15,2.935671e+15,2688.0000,3.598,2,0.1457,1.0000,coarse,B,2.0668,4.2972,4.3659,False,512,441,0.861598,0.900585,False,223.414064,13CO(2-1),3015.0644,4101.169,star,28.066,3.929,21.891,512,20260825,False,False,,,,1.0228,0.9996,118,107.5,3.7778,5.3634,0.4952,0.999706
HD 33793,HD 33793,6,A002_Xcc3ae3_X12e7,3.9339,223.085939,224.914064,15625000.0000,1828125000.0,2963.52,,1.69850,8.49270,2.457142e+14,4.914284e+14,5.789504e+14,5.117247e+14,2.0826,1,8.610680e+14,1.204000e+15,1.141683e+15,1.268500e+15,2688.0000,3.598,4,0.5098,,coarse,B,2.5764,4.1169,3.7042,False,512,331,0.647173,0.668616,False,223.664064,13CO(2-1),3265.0644,4441.226,star,28.066,3.929,21.891,512,20260825,False,False,,,,0.9743,0.9728,354,294.8,3.8773,5.3403,0.1314,0.999979
HD 33793,HD 33793,6,A002_Xc96463_X164e,3.9339,223.085939,224.914064,15625000.0000,1828125000.0,2963.52,,2.17704,10.88788,3.150128e+14,6.300256e+14,7.422314e+14,6.560460e+14,2.0826,1,1.103914e+15,1.543563e+15,1.463671e+15,1.626253e+15,2688.0000,3.598,4,0.5098,,coarse,B,2.4064,5.1547,3.4502,False,512,381,0.744639,0.771930,False,223.945314,13CO(2-1),3546.3144,4823.789,star,28.066,3.929,21.891,512,20260825,False,False,,,,1.0646,0.9234,354,347.6,3.9975,5.4813,0.4557,0.999751
HD 33793,HD 33793,6,A002_Xc96463_X1d7a,3.9339,223.085939,224.914064,15625000.0000,1828125000.0,2963.52,,1.74470,8.72566,2.524543e+14,5.049086e+14,5.948314e+14,5.257617e+14,2.0826,1,8.846877e+14,1.237026e+15,1.173000e+15,1.303295e+15,2688.0000,3.598,4,0.5098,,coarse,B,2.1320,4.5802,3.6146,False,512,480,0.937622,0.976608,False,224.554689,13CO(2-1),4155.6894,5652.677,star,28.066,3.929,21.891,512,20260825,False,False,,,,1.0613,0.9795,354,291.1,4.0607,5.5948,0.4555,0.999751
HD 33793,HD 33793,6,A002_Xc92fe3_X255d,3.9339,223.085939,224.914064,15625000.0000,1828125000.0,2963.52,,2.00374,10.02130,2.899404e+14,5.798809e+14,6.831561e+14,6.038304e+14,2.0826,1,1.016052e+15,1.420708e+15,1.347175e+15,1.496818e+15,2688.0000,3.598,4,0.5098,,coarse,B,3.2796,4.2506,3.9628,False,512,66,0.130604,0.099415,False,224.804689,13CO(2-1),4405.6894,5992.733,star,28.066,3.929,21.891,512,20260825,False,False,,,,1.0270,0.9696,354,248.9,3.9355,5.4460,0.4667,0.999739
HD 33793,HD 33793,6,A002_Xc96463_X281c,3.9339,223.085939,224.914064,15625000.0000,1828125000.0,2963.52,,1.78528,8.92861,2.583262e+14,5.166525e+14,6.086668e+14,5.379906e+14,2.0826,1,9.052650e+14,1.265799e+15,1.200283e+15,1.333609e+15,2688.0000,3.598,4,0.5098,,coarse,B,2.4929,4.3995,3.4376,False,512,368,0.719298,0.615984,False,224.460939,13CO(2-1),4061.9394,5525.156,star,28.066,3.929,21.891,512,20260825,False,False,,,,1.0660,0.9650,354,270.8,4.0239,5.5552,0.4553,0.999752
HD 33793,HD 33793,6,A002_Xc99ad7_X2cc,3.9339,223.085939,224.914064,15625000.0000,1828125000.0,756.00,,5.91606,29.58721,8.560296e+14,1.712059e+15,2.016972e+15,1.782768e+15,2.0826,1,2.999825e+15,4.194545e+15,3.977443e+15,4.419253e+15,2688.0000,3.598,2,0.1301,,coarse,B,2.8815,4.1580,3.5789,False,512,104,0.204678,0.348928,False,224.773439,13CO(2-1),4374.4394,5950.226,star,28.066,3.929,21.891,512,20260825,False,False,,,,1.0872,0.9721,118,144.7,3.9231,5.5169,0.4413,0.999767
HD 33793,HD 33793,6,A002_Xd29c1f_X445c,3.9339,223.085939,224.914064,15625000.0000,1828125000.0,2963.52,,1.34008,6.70311,1.939372e+14,3.878743e+14,4.569537e+14,4.038938e+14,2.0826,1,6.796233e+14,9.502921e+14,9.011067e+14,1.001201e+15,2688.0000,3.598,4,0.5098,,coarse,B,3.1884,4.2012,3.5212,False,512,90,0.177388,0.179337,False,223.570314,13CO(2-1),3171.3144,4313.704,star,28.066,3.929,21.891,512,20260825,False,False,,,,0.9944,0.9459,354,388.4,3.9267,5.3685,0.5797,0.999598
HD 33793,HD 33793,6,A002_Xd1f23d_X53b2,3.9339,223.085939,224.914064,15625000.0000,1828125000.0,2963.52,,1.42077,7.10645,2.056068e+14,4.112136e+14,4.844496e+14,4.281970e+14,2.0826,1,7.205177e+14,1.007473e+15,9.553282e+14,1.061445e+15,2688.0000,3.598,4,0.5098,,coarse,B,2.5232,4.1855,3.4860,False,512,366,0.715400,0.641326,False,224.148439,13CO(2-1),3749.4394,5100.085,star,28.066,3.929,21.891,512,20260825,False,False,,,,1.0501,0.9700,354,315.4,4.0387,5.5524,0.5534,0.999633
HD 33793,HD 33793,6,A002_Xd12f5c_X5deb,3.9339,223.085939,224.914064,15625000.0000,1828125000.0,2963.52,,1.34692,6.73675,1.949106e+14,3.898212e+14,4.592473e+14,4.059211e+14,2.0826,1,6.830345e+14,9.550619e+14,9.056296e+14,1.006226e+15,2688.0000,3.598,4,0.5098,,coarse,B,2.5311,4.4167,4.5593,False,512,351,0.686160,0.703704,False,224.429689,13CO(2-1),4030.6894,5482.649,star,28.066,3.929,21.891,512,20260825,False,False,,,,1.0980,0.9707,354,303.2,4.1262,5.6787,0.5139,0.999684
HD 33793,HD 33793,6,A002_Xc92fe3_X9313,3.9339,223.085939,224.914064,15625000.0000,1828125000.0,2963.52,,1.97680,9.88653,2.860412e+14,5.720824e+14,6.739687e+14,5.957098e+14,2.0826,1,1.002388e+15,1.401602e+15,1.329057e+15,1.476688e+15,2688.0000,3.598,4,0.5098,,coarse,B,3.2946,4.4263,3.6696,False,512,70,0.138402,0.136452,False,224.304689,13CO(2-1),3905.6894,5312.620,star,28.066,3.929,21.891,512,20260825,False,False,,,,1.0642,0.9728,354,278.7,4.0427,5.5766,0.4640,0.999742
HD 33793,HD 33793,6,A002_Xc92fe3_Xa1eb,3.9339,223.085939,224.914064,15625000.0000,1828125000.0,2963.52,,1.96005,9.80279,2.836185e+14,5.672369e+14,6.682602e+14,5.906642e+14,2.0826,1,9.938977e+14,1.389730e+15,1.317800e+15,1.464180e+15,2688.0000,3.598,4,0.5098,,coarse,B,4.1427,4.4350,4.3174,False,512,4,0.009747,0.015595,False,223.757814,13CO(2-1),3358.8144,4568.747,star,28.066,3.929,21.891,512,20260825,False,False,,,,1.0385,0.9535,354,328.4,3.9921,5.4823,0.4637,0.999743
HD 33793,HD 33793,6,A002_Xc94c38_Xa4bc,3.9339,223.085939,224.914064,15625000.0000,1828125000.0,2963.52,,1.62020,8.10302,2.344399e+14,4.688799e+14,5.523861e+14,4.882449e+14,2.0826,1,8.215591e+14,1.148756e+15,1.089298e+15,1.210296e+15,2688.0000,3.598,4,0.5098,,coarse,B,2.2836,4.2615,3.6898,False,512,445,0.869396,0.863548,False,224.320314,13CO(2-1),3921.3144,5333.874,star,28.066,3.929,21.891,512,20260825,False,False,,,,1.0251,0.9741,354,234.3,3.9259,5.4422,0.4584,0.999748
HD 33793,HD 33793,6,A002_Xc94c38_Xad7a,3.9339,223.085939,224.914064,15625000.0000,1828125000.0,2963.52,,1.82793,9.14197,2.644992e+14,5.289983e+14,6.232115e+14,5.508463e+14,2.0826,1,9.268971e+14,1.296046e+15,1.228965e+15,1.365477e+15,2688.0000,3.598,4,0.5098,,coarse,B,2.4043,4.0716,3.2505,False,512,411,0.803119,0.799220,False,224.742189,13CO(2-1),4343.1894,5907.719,star,28.066,3.929,21.891,512,20260825,False,False,,,,1.0956,0.9372,354,359.8,4.0957,5.6108,0.4582,0.999749
HD 33793,HD 33793,6,A002_Xd28a9e_Xb92f,3.9339,223.085939,224.914064,15625000.0000,1828125000.0,2963.52,,1.44158,7.21079,2.086256e+14,4.172511e+14,4.915624e+14,4.344839e+14,2.0826,1,7.310965e+14,1.022265e+15,9.693546e+14,1.077029e+15,2688.0000,3.598,4,0.5098,,coarse,B,2.8488,4.6269,3.6054,False,512,217,0.424951,0.489279,False,223.164064,13CO(2-1),2765.0644,3761.113,star,28.066,3.929,21.891,512,20260825,False,False,,,,0.9799,0.9855,354,285.9,3.9066,5.3851,0.5782,0.999600
HD 33793,HD 33793,6,A002_Xd28a9e_Xbb59,3.9339,223.085939,224.914064,15625000.0000,1828125000.0,2963.52,,1.46764,7.34115,2.123973e+14,4.247946e+14,5.004494e+14,4.423389e+14,2.0826,1,7.443140e+14,1.040747e+15,9.868796e+14,1.096501e+15,2688.0000,3.598,4,0.5098,,coarse,B,2.9618,4.6111,3.1161,False,512,149,0.292398,0.352827,False,224.414064,13CO(2-1),4015.0644,5461.395,star,28.066,3.929,21.891,512,20260825,False,False,,,,1.0343,0.9818,354,249.4,3.9743,5.4994,0.5783,0.999600
HD 33793,HD 33793,6,A002_Xd28a9e_Xbd84,3.9339,223.085939,224.914064,15625000.0000,1828125000.0,1874.88,,1.95669,9.78735,2.831717e+14,5.663434e+14,6.672076e+14,5.897338e+14,2.0826,1,9.923321e+14,1.387541e+15,1.315725e+15,1.461874e+15,2688.0000,3.598,3,0.3225,,coarse,B,2.5317,4.2077,3.7861,False,512,315,0.615984,0.615984,False,224.867189,13CO(2-1),4468.1894,6077.748,star,28.066,3.929,21.891,512,20260825,False,False,,,,1.0437,0.9811,236,207,3.9459,5.4894,0.5786,0.999599
HD 33793,HD 33793,6,A002_Xcc3ae3_Xcea0,3.9339,223.085939,224.914064,15625000.0000,1828125000.0,2963.52,,1.92251,9.61273,2.781195e+14,5.562391e+14,6.553037e+14,5.792121e+14,2.0826,1,9.746276e+14,1.362786e+15,1.292250e+15,1.435792e+15,2688.0000,3.598,4,0.5098,,coarse,B,3.1581,4.3388,3.5451,False,512,106,0.208577,0.109162,False,224.007814,13CO(2-1),3608.8144,4908.803,star,28.066,3.929,21.891,512,20260825,False,False,,,,1.0279,0.9441,354,434.9,4.0170,5.4758,0.1288,0.999980
HD 33793,HD 33793,6,A002_Xc99ad7_Xe20,3.9339,223.085939,224.914064,15625000.0000,1828125000.0,2963.52,,2.95299,14.76837,4.272846e+14,8.545693e+14,1.006766e+15,8.898636e+14,2.0826,1,1.497354e+15,2.093695e+15,1.985329e+15,2.205857e+15,2688.0000,3.598,4,0.5098,,coarse,B,2.6553,4.2591,3.6237,False,512,299,0.584795,0.508772,False,224.632814,13CO(2-1),4233.8144,5758.945,star,28.066,3.929,21.891,512,20260825,False,False,,,,1.0093,0.9668,354,308.8,3.9459,5.4278,0.4406,0.999767
HD 33793,HD 33793,6,A002_Xc9831a_Xe79,3.9339,223.085939,224.914064,15625000.0000,1828125000.0,2963.52,,1.77525,8.87840,2.568735e+14,5.137470e+14,6.052439e+14,5.349651e+14,2.0826,1,9.001740e+14,1.258680e+15,1.193533e+15,1.326109e+15,2688.0000,3.598,4,0.5098,,coarse,B,2.5400,4.2018,3.1703,False,512,364,0.711501,0.711501,False,224.367189,13CO(2-1),3968.1894,5397.635,star,28.066,3.929,21.891,512,20260825,False,False,,,,1.0655,0.9848,354,249.8,4.0423,5.5932,0.4471,0.999761
HD 33793,HD 33793,6,A002_Xd1c06f_Xf04b,3.9339,223.085939,224.914064,15625000.0000,1828125000.0,2963.52,,1.97694,9.88825,2.860911e+14,5.721822e+14,6.740863e+14,5.958137e+14,2.0826,1,1.002563e+15,1.401846e+15,1.329289e+15,1.476945e+15,2688.0000,3.598,4,0.5098,,coarse,B,3.4986,4.2265,4.0915,False,512,20,0.040936,0.081871,False,224.851564,13CO(2-1),4452.5644,6056.494,star,28.066,3.929,21.891,512,20260825,False,False,,,,0.9670,0.9625,354,263,3.8159,5.2724,0.5471,0.999642
HD 33793,HD 33793,6,A002_Xd1c06f_Xf769,3.9339,223.085939,224.914064,15625000.0000,1828125000.0,2963.52,,1.85923,9.29950,2.690569e+14,5.381138e+14,6.339504e+14,5.603383e+14,2.0826,1,9.428689e+14,1.318379e+15,1.250142e+15,1.389006e+15,2688.0000,3.598,4,0.5098,,coarse,B,2.3946,4.4860,3.1128,False,512,416,0.812865,0.857700,False,224.914064,13CO(2-1),4515.0644,6141.508,star,28.066,3.929,21.891,512,20260825,False,False,,,,1.0421,0.9672,354,349.9,4.0417,5.5410,0.5472,0.999641
HD 33793,HD 33793,6,A002_Xcc3ae3_X12e7,3.9339,225.085939,226.914064,15625000.0000,1828125000.0,2963.52,,1.62465,8.12343,2.350304e+14,4.700607e+14,5.537772e+14,4.894745e+14,2.0826,1,8.236281e+14,1.151649e+15,1.092041e+15,1.213344e+15,2712.0000,3.598,4,0.5144,,coarse,B,2.8927,4.2637,4.7430,False,512,170,0.333333,0.345029,False,226.257814,CO(2-1),-4280.1856,-5565.969,star,27.817,3.894,21.698,512,20260825,False,False,,,,1.0900,0.9463,354,319.3,4.0741,5.5991,0.1314,0.999979
HD 33793,HD 33793,6,A002_Xc96463_X164e,3.9339,225.085939,226.914064,15625000.0000,1828125000.0,2963.52,,2.11622,10.58379,3.062147e+14,6.124294e+14,7.215014e+14,6.377232e+14,2.0826,1,1.073083e+15,1.500452e+15,1.422791e+15,1.580833e+15,2712.0000,3.598,4,0.5144,,coarse,B,2.9319,4.4396,3.6696,False,512,147,0.288499,0.124756,False,225.601564,CO(2-1),-4936.4356,-6419.359,star,27.817,3.894,21.698,512,20260825,False,False,,,,0.9899,0.9908,354,204.6,3.8573,5.3679,0.4557,0.999747
HD 33793,HD 33793,6,A002_Xc96463_X1d7a,3.9339,225.085939,226.914064,15625000.0000,1828125000.0,2963.52,,1.66227,8.31343,2.405277e+14,4.810553e+14,5.667300e+14,5.009232e+14,2.0826,1,8.428926e+14,1.178586e+15,1.117584e+15,1.241724e+15,2712.0000,3.598,4,0.5144,,coarse,B,2.2777,4.3074,3.1806,False,512,439,0.859649,0.861598,False,225.226564,13CO(2-1),4827.5644,6566.579,star,27.817,3.894,21.698,512,20260825,False,False,,,,1.0412,0.9239,354,410.5,3.9896,5.4467,0.4555,0.999747
HD 33793,HD 33793,6,A002_Xc92fe3_X255d,3.9339,225.085939,226.914064,15625000.0000,1828125000.0,2963.52,,1.93821,9.69364,2.804605e+14,5.609209e+14,6.608194e+14,5.840873e+14,2.0826,1,9.828310e+14,1.374256e+15,1.303127e+15,1.447877e+15,2712.0000,3.598,4,0.5144,,coarse,B,2.1445,4.9090,3.4593,False,512,495,0.966862,0.896686,False,225.992189,CO(2-1),-4545.8106,-5911.389,star,27.817,3.894,21.698,512,20260825,False,False,,,,0.9858,1.0021,354,237.5,3.9071,5.4139,0.4667,0.999734
HD 33793,HD 33793,6,A002_Xc96463_X281c,3.9339,225.085939,226.914064,15625000.0000,1828125000.0,2963.52,,1.70839,8.54412,2.472020e+14,4.944039e+14,5.824559e+14,5.148231e+14,2.0826,1,8.662816e+14,1.211290e+15,1.148595e+15,1.276180e+15,2712.0000,3.598,4,0.5144,,coarse,B,1.5308,4.6760,3.8206,False,512,512,1.000000,1.000000,False,226.632814,CO(2-1),-3905.1856,-5078.318,star,27.817,3.894,21.698,512,20260825,False,False,,,,1.0602,0.9777,354,257.2,4.0249,5.5646,0.4553,0.999747
HD 33793,HD 33793,6,A002_Xc99ad7_X2cc,3.9339,225.085939,226.914064,15625000.0000,1828125000.0,756.00,,5.79029,28.95833,8.378345e+14,1.675669e+15,1.974101e+15,1.744875e+15,2.0826,1,2.936064e+15,4.105389e+15,3.892902e+15,4.325321e+15,2712.0000,3.598,2,0.1312,,coarse,B,2.7507,4.6900,3.2292,False,512,177,0.346979,0.454191,False,225.507814,CO(2-1),-5030.1856,-6541.272,star,27.817,3.894,21.698,512,20260825,False,False,,,,1.0336,1.0376,118,92.67,3.8302,5.4649,0.4413,0.999763
HD 33793,HD 33793,6,A002_Xd29c1f_X445c,3.9339,225.085939,226.914064,15625000.0000,1828125000.0,2963.52,,1.25159,6.26050,1.811313e+14,3.622627e+14,4.267807e+14,3.772244e+14,2.0826,1,6.347472e+14,8.875436e+14,8.416059e+14,9.350905e+14,2712.0000,3.598,4,0.5144,,coarse,B,3.8309,4.7546,4.6413,False,512,12,0.025341,0.023392,False,226.117189,CO(2-1),-4420.8106,-5748.838,star,27.817,3.894,21.698,512,20260825,False,False,,,,1.0315,0.9617,354,267.9,3.9463,5.4497,0.5797,0.999590
HD 33793,HD 33793,6,A002_Xd1f23d_X53b2,3.9339,225.085939,226.914064,15625000.0000,1828125000.0,2963.52,,1.33750,6.68999,1.935576e+14,3.871152e+14,4.560593e+14,4.031033e+14,2.0826,1,6.782931e+14,9.484322e+14,8.993430e+14,9.992410e+14,2712.0000,3.598,4,0.5144,,coarse,B,3.4916,4.5279,4.1513,False,512,40,0.079922,0.068226,False,225.148439,13CO(2-1),4749.4394,6460.311,star,27.817,3.894,21.698,512,20260825,False,False,,,,1.0358,0.9466,354,377.4,4.0054,5.4802,0.5534,0.999627
HD 33793,HD 33793,6,A002_Xd12f5c_X5deb,3.9339,225.085939,226.914064,15625000.0000,1828125000.0,2963.52,,1.24100,6.20701,1.795837e+14,3.591675e+14,4.231342e+14,3.740014e+14,2.0826,1,6.293239e+14,8.799604e+14,8.344152e+14,9.271011e+14,2712.0000,3.598,4,0.5144,,coarse,B,2.8403,4.5056,2.8469,False,512,260,0.508772,0.493177,False,225.851564,CO(2-1),-4686.4356,-6094.258,star,27.817,3.894,21.698,512,20260825,False,False,,,,1.1114,1.0147,354,276.3,4.2174,5.8190,0.5139,0.999678
HD 33793,HD 33793,6,A002_Xc92fe3_X9313,3.9339,225.085939,226.914064,15625000.0000,1828125000.0,2963.52,,1.90981,9.55154,2.763491e+14,5.526982e+14,6.511323e+14,5.755250e+14,2.0826,1,9.684234e+14,1.354111e+15,1.284024e+15,1.426652e+15,2712.0000,3.598,4,0.5144,,coarse,B,3.3579,4.3406,3.5250,False,512,63,0.124756,0.101365,False,226.070314,CO(2-1),-4467.6856,-5809.795,star,27.817,3.894,21.698,512,20260825,False,False,,,,1.0977,0.9813,354,339.5,4.1746,5.7277,0.4640,0.999738
HD 33793,HD 33793,6,A002_Xc92fe3_Xa1eb,3.9339,225.085939,226.914064,15625000.0000,1828125000.0,2963.52,,1.89456,9.47530,2.741433e+14,5.482866e+14,6.459349e+14,5.709312e+14,2.0826,1,9.606935e+14,1.343302e+15,1.273775e+15,1.415265e+15,2712.0000,3.598,4,0.5144,,coarse,B,2.6050,4.2855,4.0758,False,512,295,0.576998,0.524366,False,226.054689,CO(2-1),-4483.3106,-5830.113,star,27.817,3.894,21.698,512,20260825,False,False,,,,1.0991,0.9528,354,296.2,4.0871,5.6285,0.4637,0.999738
HD 33793,HD 33793,6,A002_Xc94c38_Xa4bc,3.9339,225.085939,226.914064,15625000.0000,1828125000.0,2963.52,,1.55114,7.75770,2.244491e+14,4.488983e+14,5.288458e+14,4.674381e+14,2.0826,1,7.865478e+14,1.099801e+15,1.042877e+15,1.158719e+15,2712.0000,3.598,4,0.5144,,coarse,B,3.1053,4.4974,3.2915,False,512,123,0.241715,0.276803,False,226.695314,CO(2-1),-3842.6856,-4997.042,star,27.817,3.894,21.698,512,20260825,False,False,,,,1.1071,0.9708,354,325.7,4.1621,5.7170,0.4584,0.999744
HD 33793,HD 33793,6,A002_Xc94c38_Xad7a,3.9339,225.085939,226.914064,15625000.0000,1828125000.0,2963.52,,1.75457,8.77511,2.538851e+14,5.077701e+14,5.982026e+14,5.287414e+14,2.0826,1,8.897016e+14,1.244037e+15,1.179648e+15,1.310682e+15,2712.0000,3.598,4,0.5144,,coarse,B,3.7677,5.0164,4.0226,False,512,15,0.031189,0.072125,False,226.835939,CO(2-1),-3702.0606,-4814.173,star,27.817,3.894,21.698,512,20260825,False,False,,,,0.9267,0.9638,354,312.9,3.7781,5.1951,0.4582,0.999744
HD 33793,HD 33793,6,A002_Xd28a9e_Xb92f,3.9339,225.085939,226.914064,15625000.0000,1828125000.0,2963.52,,1.33539,6.67969,1.932595e+14,3.865191e+14,4.553571e+14,4.024826e+14,2.0826,1,6.772487e+14,9.469718e+14,8.979582e+14,9.977024e+14,2712.0000,3.598,4,0.5144,,coarse,B,3.5455,4.5365,3.8060,False,512,26,0.052632,0.070175,False,226.476564,CO(2-1),-4061.4356,-5281.506,star,27.817,3.894,21.698,512,20260825,False,False,,,,1.0811,1.0206,354,224.9,4.1169,5.7136,0.5782,0.999592
HD 33793,HD 33793,6,A002_Xd28a9e_Xbb59,3.9339,225.085939,226.914064,15625000.0000,1828125000.0,2963.52,,1.36392,6.82240,1.973884e+14,3.947768e+14,4.650855e+14,4.110814e+14,2.0826,1,6.917177e+14,9.672032e+14,9.171425e+14,1.019018e+15,2712.0000,3.598,4,0.5144,,coarse,B,2.2927,4.4555,3.3597,False,512,444,0.867446,0.721248,False,225.226564,13CO(2-1),4827.5644,6566.579,star,27.817,3.894,21.698,512,20260825,False,False,,,,1.0789,0.9779,354,272.7,4.0766,5.6269,0.5783,0.999592
HD 33793,HD 33793,6,A002_Xd28a9e_Xbd84,3.9339,225.085939,226.914064,15625000.0000,1828125000.0,1874.88,,1.83978,9.20263,2.662544e+14,5.325089e+14,6.273472e+14,5.545019e+14,2.0826,1,9.330482e+14,1.304647e+15,1.237121e+15,1.374539e+15,2712.0000,3.598,3,0.3254,,coarse,B,2.7050,4.8381,3.0431,False,512,253,0.495127,0.397661,False,225.914064,CO(2-1),-4623.9356,-6012.983,star,27.817,3.894,21.698,512,20260825,False,False,,,,1.0411,0.9929,236,207.5,3.9646,5.5151,0.5786,0.999592
HD 33793,HD 33793,6,A002_Xcc3ae3_Xcea0,3.9339,225.085939,226.914064,15625000.0000,1828125000.0,2963.52,,1.83856,9.19299,2.659755e+14,5.319510e+14,6.266900e+14,5.539209e+14,2.0826,1,9.320706e+14,1.303280e+15,1.235824e+15,1.373098e+15,2712.0000,3.598,4,0.5144,,coarse,B,2.5928,4.3271,3.8832,False,512,320,0.625731,0.635478,False,225.695314,CO(2-1),-4842.6856,-6297.446,star,27.817,3.894,21.698,512,20260825,False,False,,,,1.0622,0.9872,354,243.5,4.0341,5.5859,0.1288,0.999980
HD 33793,HD 33793,6,A002_Xc99ad7_Xe20,3.9339,225.085939,226.914064,15625000.0000,1828125000.0,2963.52,,2.90128,14.50981,4.198039e+14,8.396078e+14,9.891396e+14,8.742842e+14,2.0826,1,1.471139e+15,2.057039e+15,1.950570e+15,2.167238e+15,2712.0000,3.598,4,0.5144,,coarse,B,3.6432,4.1669,3.7621,False,512,15,0.031189,0.031189,False,226.648439,CO(2-1),-3889.5606,-5057.999,star,27.817,3.894,21.698,512,20260825,False,False,,,,1.0636,0.9480,354,277.6,3.9913,5.5063,0.4406,0.999763
HD 33793,HD 33793,6,A002_Xc9831a_Xe79,3.9339,225.085939,226.914064,15625000.0000,1828125000.0,2963.52,,1.68911,8.44760,2.444093e+14,4.888187e+14,5.758759e+14,5.090072e+14,2.0826,1,8.564953e+14,1.197606e+15,1.135620e+15,1.261763e+15,2712.0000,3.598,4,0.5144,,coarse,B,2.4707,4.9179,3.7856,False,512,367,0.717349,0.779727,False,225.132814,13CO(2-1),4733.8144,6439.058,star,27.817,3.894,21.698,512,20260825,False,False,,,,1.0152,0.9693,354,229,3.8916,5.3981,0.4471,0.999756
HD 33793,HD 33793,6,A002_Xd1c06f_Xf04b,3.9339,225.085939,226.914064,15625000.0000,1828125000.0,2963.52,,1.88517,9.42931,2.728128e+14,5.456256e+14,6.428000e+14,5.681603e+14,2.0826,1,9.560309e+14,1.336783e+15,1.267593e+15,1.408396e+15,2712.0000,3.598,4,0.5144,,coarse,B,2.8849,4.4610,3.5850,False,512,203,0.397661,0.391813,False,225.835939,CO(2-1),-4702.0606,-6114.577,star,27.817,3.894,21.698,512,20260825,False,False,,,,1.0449,0.9878,354,259.8,4.0171,5.5523,0.5471,0.999635
HD 33793,HD 33793,6,A002_Xd1c06f_Xf769,3.9339,225.085939,226.914064,15625000.0000,1828125000.0,2962.51,,1.77001,8.85328,2.561468e+14,5.122936e+14,6.035317e+14,5.334517e+14,2.0826,1,8.976275e+14,1.255119e+15,1.190157e+15,1.322358e+15,2712.0000,3.598,4,0.5142,,coarse,B,3.2830,4.5940,3.5868,False,512,64,0.126706,0.103314,False,225.851564,CO(2-1),-4686.4356,-6094.258,star,27.817,3.894,21.698,512,20260825,False,False,,,,0.9765,0.9678,354,282.4,3.8617,5.3251,0.5472,0.999635
HD 33793,HD 33793,6,A002_Xcc3ae3_X12e7,3.9339,239.085936,240.914061,15625000.0000,1828125000.0,2963.52,,1.79663,8.98335,2.599100e+14,5.198199e+14,6.123984e+14,5.412888e+14,2.0826,1,9.108149e+14,1.273559e+15,1.207642e+15,1.341785e+15,2880.0000,3.598,4,0.5462,,coarse,B,2.5196,4.7035,3.7149,False,512,340,0.664717,0.600390,False,239.085936,CS(5-4),-5850.0644,-7160.259,star,26.195,3.667,20.432,512,20260825,False,False,,,,0.9801,0.9191,354,399.2,3.8497,5.2595,0.1314,0.999976
HD 33793,HD 33793,6,A002_Xc96463_X164e,3.9339,239.085936,240.914061,15625000.0000,1828125000.0,2963.52,,2.32958,11.65122,3.370981e+14,6.741961e+14,7.942686e+14,7.020409e+14,2.0826,1,1.181309e+15,1.651780e+15,1.566287e+15,1.740269e+15,2880.0000,3.598,4,0.5462,,coarse,B,1.8642,4.6902,3.8436,False,512,508,0.992203,0.996101,False,239.570311,CS(5-4),-5365.6894,-6567.402,star,26.195,3.667,20.432,512,20260825,False,False,,,,1.0116,0.9684,354,263.3,3.9160,5.4104,0.4557,0.999715
HD 33793,HD 33793,6,A002_Xc96463_X1d7a,3.9339,239.085936,240.914061,15625000.0000,1828125000.0,2963.52,,1.82852,9.14519,2.645926e+14,5.291851e+14,6.234315e+14,5.510408e+14,2.0826,1,9.272244e+14,1.296504e+15,1.229399e+15,1.365959e+15,2880.0000,3.598,4,0.5462,,coarse,B,3.2416,4.2375,4.5869,False,512,73,0.144250,0.185185,False,239.148436,CS(5-4),-5787.5644,-7083.761,star,26.195,3.667,20.432,512,20260825,False,False,,,,0.9833,0.9638,354,271.7,3.8583,5.3260,0.4555,0.999715
HD 33793,HD 33793,6,A002_Xc92fe3_X255d,3.9339,239.085936,240.914061,15625000.0000,1828125000.0,2963.52,,2.12889,10.64766,3.080626e+14,6.161252e+14,7.258555e+14,6.415716e+14,2.0826,1,1.079559e+15,1.509507e+15,1.431377e+15,1.590373e+15,2880.0000,3.598,4,0.5462,,coarse,B,3.6501,4.6045,4.1273,False,512,19,0.038986,0.089669,False,239.195311,CS(5-4),-5740.6894,-7026.388,star,26.195,3.667,20.432,512,20260825,False,False,,,,1.0918,0.9694,354,279.1,4.0910,5.6431,0.4667,0.999701
HD 33793,HD 33793,6,A002_Xc96463_X281c,3.9339,239.085936,240.914061,15625000.0000,1828125000.0,2963.52,,1.88310,9.41820,2.724913e+14,5.449825e+14,6.420424e+14,5.674907e+14,2.0826,1,9.549042e+14,1.335207e+15,1.266099e+15,1.406736e+15,2880.0000,3.598,4,0.5462,,coarse,B,3.0592,4.6779,3.8750,False,512,110,0.216374,0.239766,False,239.445311,CS(5-4),-5490.6894,-6720.397,star,26.195,3.667,20.432,512,20260825,False,False,,,,0.9576,0.9926,354,241.4,3.8367,5.3139,0.4553,0.999715
HD 33793,HD 33793,6,A002_Xc99ad7_X2cc,3.9339,239.085936,240.914061,15625000.0000,1828125000.0,756.00,,6.37238,31.87041,9.220881e+14,1.844176e+15,2.172619e+15,1.920342e+15,2.0826,1,3.231317e+15,4.518231e+15,4.284376e+15,4.760280e+15,2880.0000,3.598,2,0.1393,,coarse,B,2.4612,4.1336,3.8402,False,512,289,0.565302,0.651072,False,239.773436,CS(5-4),-5162.5644,-6318.785,star,26.195,3.667,20.432,512,20260825,False,False,,,,1.0264,0.9651,118,169.4,3.8326,5.3636,0.4413,0.999732
HD 33793,HD 33793,6,A002_Xd29c1f_X445c,3.9339,239.085936,240.914061,15625000.0000,1828125000.0,2963.52,,1.36546,6.83046,1.976218e+14,3.952437e+14,4.656355e+14,4.115675e+14,2.0826,1,6.925357e+14,9.683470e+14,9.182271e+14,1.020223e+15,2880.0000,3.598,4,0.5462,,coarse,B,2.1060,4.5897,3.6749,False,512,494,0.964912,0.972710,False,239.523436,CS(5-4),-5412.5644,-6624.775,star,26.195,3.667,20.432,512,20260825,False,False,,,,0.9354,0.9878,354,281.6,3.8191,5.2667,0.5797,0.999538
HD 33793,HD 33793,6,A002_Xd1f23d_X53b2,3.9339,239.085936,240.914061,15625000.0000,1828125000.0,2963.52,,1.47794,7.39280,2.138916e+14,4.277831e+14,5.039701e+14,4.454509e+14,2.0826,1,7.495505e+14,1.048069e+15,9.938225e+14,1.104215e+15,2880.0000,3.598,4,0.5462,,coarse,B,2.4725,4.6417,3.5169,False,512,392,0.766082,0.705653,False,240.851561,CS(5-4),-4084.4394,-4999.200,star,26.195,3.667,20.432,512,20260825,False,False,,,,1.0743,0.9532,354,363.8,4.0877,5.5982,0.5534,0.999579
HD 33793,HD 33793,6,A002_Xd12f5c_X5deb,3.9339,239.085936,240.914061,15625000.0000,1828125000.0,2963.52,,1.35166,6.76077,1.956055e+14,3.912110e+14,4.608846e+14,4.073683e+14,2.0826,1,6.854698e+14,9.584670e+14,9.088585e+14,1.009813e+15,2880.0000,3.598,4,0.5462,,coarse,B,1.9841,4.0728,3.2530,False,512,500,0.976608,0.978558,False,239.476561,CS(5-4),-5459.4394,-6682.149,star,26.195,3.667,20.432,512,20260825,False,False,,,,0.9295,0.9409,354,304.9,3.7319,5.1353,0.5139,0.999637
HD 33793,HD 33793,6,A002_Xc92fe3_X9313,3.9339,239.085936,240.914061,15625000.0000,1828125000.0,2963.52,,2.10276,10.51691,3.042796e+14,6.085592e+14,7.169420e+14,6.336931e+14,2.0826,1,1.066302e+15,1.490970e+15,1.413800e+15,1.570844e+15,2880.0000,3.598,4,0.5462,,coarse,B,3.2090,4.1143,3.6287,False,512,76,0.150097,0.079922,False,239.429686,CS(5-4),-5506.3144,-6739.522,star,26.195,3.667,20.432,512,20260825,False,False,,,,1.0031,0.9403,354,351.2,3.9100,5.3599,0.4640,0.999704
HD 33793,HD 33793,6,A002_Xc92fe3_Xa1eb,3.9339,239.085936,240.914061,15625000.0000,1828125000.0,2963.52,,2.09062,10.45621,3.025234e+14,6.050469e+14,7.128041e+14,6.300357e+14,2.0826,1,1.060147e+15,1.482365e+15,1.405640e+15,1.561777e+15,2880.0000,3.598,4,0.5462,,coarse,B,3.7775,4.2991,4.2643,False,512,9,0.019493,0.013645,False,239.460936,CS(5-4),-5475.0644,-6701.273,star,26.195,3.667,20.432,512,20260825,False,False,,,,1.0244,0.9463,354,314.5,3.9392,5.4159,0.4637,0.999704
HD 33793,HD 33793,6,A002_Xc94c38_Xa4bc,3.9339,239.085936,240.914061,15625000.0000,1828125000.0,2963.52,,1.69014,8.45317,2.445705e+14,4.891411e+14,5.762558e+14,5.093429e+14,2.0826,1,8.570602e+14,1.198396e+15,1.136369e+15,1.262595e+15,2880.0000,3.598,4,0.5462,,coarse,B,2.2368,4.6810,3.7470,False,512,462,0.902534,0.851852,False,239.429686,CS(5-4),-5506.3144,-6739.522,star,26.195,3.667,20.432,512,20260825,False,False,,,,0.9748,0.9186,354,418.2,3.8482,5.2511,0.4584,0.999711
HD 33793,HD 33793,6,A002_Xc94c38_Xad7a,3.9339,239.085936,240.914061,15625000.0000,1828125000.0,2963.52,,1.92059,9.60571,2.779164e+14,5.558328e+14,6.548251e+14,5.787891e+14,2.0826,1,9.739158e+14,1.361790e+15,1.291307e+15,1.434744e+15,2880.0000,3.598,4,0.5462,,coarse,B,2.5637,4.1634,3.6166,False,512,349,0.682261,0.692008,False,240.101561,CS(5-4),-4834.4394,-5917.172,star,26.195,3.667,20.432,512,20260825,False,False,,,,0.9673,0.9771,354,305,3.8797,5.3387,0.4582,0.999711
HD 33793,HD 33793,6,A002_Xd28a9e_Xb92f,3.9339,239.085936,240.914061,15625000.0000,1828125000.0,2963.52,,1.45502,7.27843,2.105826e+14,4.211652e+14,4.961736e+14,4.385597e+14,2.0826,1,7.379547e+14,1.031855e+15,9.784478e+14,1.087133e+15,2880.0000,3.598,4,0.5462,,coarse,B,3.5649,4.8841,4.0788,False,512,33,0.066277,0.083821,False,240.210936,CS(5-4),-4725.0644,-5783.301,star,26.195,3.667,20.432,512,20260825,False,False,,,,1.0602,0.9691,354,290.6,4.0373,5.5628,0.5782,0.999540
HD 33793,HD 33793,6,A002_Xd28a9e_Xbb59,3.9339,239.085936,240.914061,15625000.0000,1828125000.0,2963.52,,1.48409,7.42386,2.147903e+14,4.295805e+14,5.060876e+14,4.473225e+14,2.0826,1,7.526998e+14,1.052472e+15,9.979981e+14,1.108855e+15,2880.0000,3.598,4,0.5462,,coarse,B,2.6469,4.6633,3.1640,False,512,285,0.557505,0.654971,False,240.179686,CS(5-4),-4756.3144,-5821.550,star,26.195,3.667,20.432,512,20260825,False,False,,,,1.1030,0.9389,354,379.5,4.1269,5.6456,0.5783,0.999540
HD 33793,HD 33793,6,A002_Xd28a9e_Xbd84,3.9339,239.085936,240.914061,15625000.0000,1828125000.0,1874.88,,1.98645,9.93682,2.874961e+14,5.749922e+14,6.773968e+14,5.987398e+14,2.0826,1,1.007486e+15,1.408731e+15,1.335818e+15,1.484199e+15,2880.0000,3.598,3,0.3456,,coarse,B,1.9761,4.8330,3.0525,False,512,484,0.945419,0.986355,False,239.789061,CS(5-4),-5146.9394,-6299.660,star,26.195,3.667,20.432,512,20260825,False,False,,,,1.0568,1.0216,236,128.9,3.9299,5.5466,0.5786,0.999540
HD 33793,HD 33793,6,A002_Xcc3ae3_Xcea0,3.9339,239.085936,240.914061,15625000.0000,1828125000.0,2963.52,,2.04324,10.21643,2.955861e+14,5.911722e+14,6.964584e+14,6.155881e+14,2.0826,1,1.035837e+15,1.448372e+15,1.373407e+15,1.525963e+15,2880.0000,3.598,4,0.5462,,coarse,B,2.1185,4.6274,3.2673,False,512,490,0.959064,0.951267,False,239.929686,CS(5-4),-5006.3144,-6127.541,star,26.195,3.667,20.432,512,20260825,False,False,,,,1.0618,0.9605,354,288.3,4.0215,5.5423,0.1288,0.999977
HD 33793,HD 33793,6,A002_Xc99ad7_Xe20,3.9339,239.085936,240.914061,15625000.0000,1828125000.0,2963.52,,3.18633,15.93591,4.610643e+14,9.221286e+14,1.086357e+15,9.602131e+14,2.0826,1,1.615730e+15,2.259215e+15,2.142282e+15,2.380244e+15,2880.0000,3.598,4,0.5462,,coarse,B,2.9714,4.4002,3.1979,False,512,159,0.311891,0.348928,False,240.632811,CS(5-4),-4303.1894,-5266.942,star,26.195,3.667,20.432,512,20260825,False,False,,,,0.9882,0.9610,354,307.5,3.8910,5.3530,0.4406,0.999733
HD 33793,HD 33793,6,A002_Xc9831a_Xe79,3.9339,239.085936,240.914061,15625000.0000,1828125000.0,2963.52,,1.86003,9.30271,2.691499e+14,5.382998e+14,6.341696e+14,5.605320e+14,2.0826,1,9.431950e+14,1.318835e+15,1.250574e+15,1.389486e+15,2880.0000,3.598,4,0.5462,,coarse,B,3.1374,4.4861,3.8181,False,512,106,0.208577,0.226121,False,239.960936,CS(5-4),-4975.0644,-6089.292,star,26.195,3.667,20.432,512,20260825,False,False,,,,0.9831,1.0054,354,225.7,3.8961,5.4065,0.4471,0.999725
HD 33793,HD 33793,6,A002_Xd1c06f_Xf04b,3.9339,239.085936,240.914061,15625000.0000,1828125000.0,2963.52,,2.05615,10.28498,2.975693e+14,5.951386e+14,7.011312e+14,6.197183e+14,2.0826,1,1.042786e+15,1.458090e+15,1.382621e+15,1.536202e+15,2880.0000,3.598,4,0.5462,,coarse,B,2.7032,4.2519,4.0970,False,512,267,0.522417,0.469786,False,239.804686,CS(5-4),-5131.3144,-6280.536,star,26.195,3.667,20.432,512,20260825,False,False,,,,1.0120,0.9556,354,331.1,3.9451,5.4166,0.5471,0.999589
HD 33793,HD 33793,6,A002_Xd1c06f_Xf769,3.9339,239.085936,240.914061,15625000.0000,1828125000.0,2963.52,,1.94217,9.71484,2.810737e+14,5.621474e+14,6.622643e+14,5.853645e+14,2.0826,1,9.849800e+14,1.377261e+15,1.305977e+15,1.451043e+15,2880.0000,3.598,4,0.5462,,coarse,B,3.7328,4.6416,3.7509,False,512,19,0.038986,0.072125,False,240.132811,CS(5-4),-4803.1894,-5878.923,star,26.195,3.667,20.432,512,20260825,False,False,,,,0.9536,0.9811,354,288.5,3.8476,5.3025,0.5472,0.999588
HD 33793,HD 33793,6,A002_Xcc3ae3_X12e7,3.9339,241.085936,242.914061,15625000.0000,1828125000.0,2963.52,,1.89717,9.48606,2.744546e+14,5.489091e+14,6.466683e+14,5.715795e+14,2.0826,1,9.617843e+14,1.344827e+15,1.275221e+15,1.416872e+15,2904.0000,3.598,4,0.5508,,coarse,B,2.3827,4.5614,3.6159,False,512,435,0.849903,0.916179,False,241.976561,CS(5-4),-2959.4394,-3622.243,star,25.978,3.637,20.263,512,20260825,False,False,,,,1.1098,0.9403,354,394.4,4.1527,5.6752,0.1314,0.999976
HD 33793,HD 33793,6,A002_Xc96463_X164e,3.9339,241.085936,242.914061,15625000.0000,1828125000.0,2963.52,,2.44947,12.25089,3.544478e+14,7.088956e+14,8.351479e+14,7.381734e+14,2.0826,1,1.242108e+15,1.736794e+15,1.646901e+15,1.829837e+15,2904.0000,3.598,4,0.5508,,coarse,B,3.0511,4.5782,3.8164,False,512,118,0.231969,0.155945,False,242.695311,CS(5-4),-2240.6894,-2742.520,star,25.978,3.637,20.263,512,20260825,False,False,,,,1.0293,0.9658,354,300.1,3.9769,5.4748,0.4557,0.999710
HD 33793,HD 33793,6,A002_Xc96463_X1d7a,3.9339,241.085936,242.914061,15625000.0000,1828125000.0,2963.52,,1.93021,9.65387,2.793099e+14,5.586197e+14,6.581084e+14,5.816911e+14,2.0826,1,9.787989e+14,1.368618e+15,1.297781e+15,1.441937e+15,2904.0000,3.598,4,0.5508,,coarse,B,2.4862,4.5370,2.9844,False,512,377,0.736842,0.723197,False,242.273436,CS(5-4),-2662.5644,-3258.879,star,25.978,3.637,20.263,512,20260825,False,False,,,,1.1459,0.9696,354,300,4.2171,5.8054,0.4555,0.999710
HD 33793,HD 33793,6,A002_Xc92fe3_X255d,3.9339,241.085936,242.914061,15625000.0000,1828125000.0,2963.52,,2.25219,11.26440,3.259062e+14,6.518125e+14,7.678985e+14,6.787328e+14,2.0826,1,1.142089e+15,1.596941e+15,1.514286e+15,1.682491e+15,2904.0000,3.598,4,0.5508,,coarse,B,2.8936,4.1037,3.6189,False,512,173,0.339181,0.311891,False,241.554686,CS(5-4),-3381.3144,-4138.602,star,25.978,3.637,20.263,512,20260825,False,False,,,,1.1984,0.9494,354,341.2,4.3139,5.9182,0.4667,0.999696
HD 33793,HD 33793,6,A002_Xc96463_X281c,3.9339,241.085936,242.914061,15625000.0000,1828125000.0,2963.52,,1.98705,9.93815,2.875348e+14,5.750695e+14,6.774878e+14,5.988203e+14,2.0826,1,1.007622e+15,1.408920e+15,1.335997e+15,1.484398e+15,2904.0000,3.598,4,0.5508,,coarse,B,2.5659,4.6835,3.5439,False,512,341,0.666667,0.736842,False,241.726561,CS(5-4),-3209.4394,-3928.233,star,25.978,3.637,20.263,512,20260825,False,False,,,,1.0426,0.9469,354,376.2,4.0190,5.4993,0.4553,0.999710
HD 33793,HD 33793,6,A002_Xc99ad7_X2cc,3.9339,241.085936,242.914061,15625000.0000,1828125000.0,756.00,,6.73311,33.67473,9.742913e+14,1.948583e+15,2.295620e+15,2.029060e+15,2.0826,1,3.414256e+15,4.774027e+15,4.526932e+15,5.029779e+15,2904.0000,3.598,2,0.1405,,coarse,B,2.8289,4.0992,3.4283,False,512,117,0.230019,0.228070,False,242.257811,CS(5-4),-2678.1894,-3278.003,star,25.978,3.637,20.263,512,20260825,False,False,,,,1.0163,0.9711,118,120.5,3.7408,5.2912,0.4413,0.999728
HD 33793,HD 33793,6,A002_Xd29c1f_X445c,3.9339,241.085936,242.914061,15625000.0000,1828125000.0,2963.52,,1.45075,7.25715,2.099669e+14,4.199338e+14,4.947229e+14,4.372774e+14,2.0826,1,7.357971e+14,1.028838e+15,9.755870e+14,1.083954e+15,2904.0000,3.598,4,0.5508,,coarse,B,3.1194,4.3839,3.8089,False,512,110,0.216374,0.251462,False,242.382811,CS(5-4),-2553.1894,-3125.008,star,25.978,3.637,20.263,512,20260825,False,False,,,,1.0932,0.9531,354,354.7,4.1194,5.6454,0.5797,0.999530
HD 33793,HD 33793,6,A002_Xd1f23d_X53b2,3.9339,241.085936,242.914061,15625000.0000,1828125000.0,2963.52,,1.56865,7.84660,2.270210e+14,4.540421e+14,5.349057e+14,4.727943e+14,2.0826,1,7.955607e+14,1.112403e+15,1.054827e+15,1.171996e+15,2904.0000,3.598,4,0.5508,,coarse,B,2.7990,4.1412,4.5546,False,512,218,0.426901,0.452242,False,242.023436,CS(5-4),-2912.5644,-3564.869,star,25.978,3.637,20.263,512,20260825,False,False,,,,1.0390,0.9438,354,358.5,3.9942,5.4723,0.5534,0.999572
HD 33793,HD 33793,6,A002_Xd12f5c_X5deb,3.9339,241.085936,242.914061,15625000.0000,1828125000.0,2963.52,,1.44112,7.20824,2.085518e+14,4.171036e+14,4.913886e+14,4.343303e+14,2.0826,1,7.308381e+14,1.021904e+15,9.690120e+14,1.076649e+15,2904.0000,3.598,4,0.5508,,coarse,B,2.6202,4.6863,4.3984,False,512,303,0.592593,0.695906,False,242.664061,CS(5-4),-2271.9394,-2780.768,star,25.978,3.637,20.263,512,20260825,False,False,,,,0.9768,0.9464,354,343.7,3.8646,5.3006,0.5139,0.999631
HD 33793,HD 33793,6,A002_Xc92fe3_X9313,3.9339,241.085936,242.914061,15625000.0000,1828125000.0,2963.52,,2.22133,11.11000,3.214393e+14,6.428785e+14,7.573734e+14,6.694299e+14,2.0826,1,1.126435e+15,1.575052e+15,1.493530e+15,1.659430e+15,2904.0000,3.598,4,0.5508,,coarse,B,2.2142,4.8999,3.1441,False,512,466,0.910331,0.760234,False,242.710936,CS(5-4),-2225.0644,-2723.395,star,25.978,3.637,20.263,512,20260825,False,False,,,,0.9904,0.9604,354,277.4,3.8702,5.3395,0.4640,0.999699
HD 33793,HD 33793,6,A002_Xc92fe3_Xa1eb,3.9339,241.085936,242.914061,15625000.0000,1828125000.0,2963.52,,2.19922,10.99943,3.182401e+14,6.364801e+14,7.498355e+14,6.627672e+14,2.0826,1,1.115224e+15,1.559376e+15,1.478666e+15,1.642914e+15,2904.0000,3.598,4,0.5508,,coarse,B,3.2612,4.3168,3.7830,False,512,79,0.155945,0.087719,False,241.570311,CS(5-4),-3365.6894,-4119.477,star,25.978,3.637,20.263,512,20260825,False,False,,,,0.9701,0.9578,354,314.9,3.8539,5.2985,0.4637,0.999699
HD 33793,HD 33793,6,A002_Xc94c38_Xa4bc,3.9339,241.085936,242.914061,15625000.0000,1828125000.0,2963.52,,1.79130,8.95912,2.592090e+14,5.184180e+14,6.107468e+14,5.398290e+14,2.0826,1,9.083584e+14,1.270124e+15,1.204385e+15,1.338166e+15,2904.0000,3.598,4,0.5508,,coarse,B,2.3623,4.8449,3.7882,False,512,417,0.814815,0.846004,False,241.382811,CS(5-4),-3553.1894,-4348.970,star,25.978,3.637,20.263,512,20260825,False,False,,,,0.9840,0.9639,354,270.8,3.8591,5.3277,0.4584,0.999706
HD 33793,HD 33793,6,A002_Xc94c38_Xad7a,3.9339,241.085936,242.914061,15625000.0000,1828125000.0,2963.52,,2.03780,10.19197,2.948784e+14,5.897568e+14,6.947909e+14,6.141142e+14,2.0826,1,1.033357e+15,1.444904e+15,1.370119e+15,1.522310e+15,2904.0000,3.598,4,0.5508,,coarse,B,3.7067,4.1152,4.0731,False,512,9,0.019493,0.007797,False,242.382811,CS(5-4),-2553.1894,-3125.008,star,25.978,3.637,20.263,512,20260825,False,False,,,,0.9758,0.9788,354,218.4,3.8220,5.3087,0.4582,0.999707
HD 33793,HD 33793,6,A002_Xd28a9e_Xb92f,3.9339,241.085936,242.914061,15625000.0000,1828125000.0,2963.52,,1.54843,7.74577,2.241039e+14,4.482078e+14,5.280324e+14,4.667191e+14,2.0826,1,7.853381e+14,1.098109e+15,1.041273e+15,1.156936e+15,2904.0000,3.598,4,0.5508,,coarse,B,2.9947,4.2480,4.7307,False,512,147,0.288499,0.309942,False,242.695311,CS(5-4),-2240.6894,-2742.520,star,25.978,3.637,20.263,512,20260825,False,False,,,,1.0563,0.9329,354,365.7,4.0117,5.4934,0.5782,0.999533
HD 33793,HD 33793,6,A002_Xd28a9e_Xbb59,3.9339,241.085936,242.914061,15625000.0000,1828125000.0,2963.52,,1.57781,7.89276,2.283567e+14,4.567134e+14,5.380528e+14,4.755760e+14,2.0826,1,8.002413e+14,1.118948e+15,1.061033e+15,1.178891e+15,2904.0000,3.598,4,0.5508,,coarse,B,2.3647,4.3409,3.1613,False,512,422,0.824561,0.830409,False,242.367186,CS(5-4),-2568.8144,-3144.132,star,25.978,3.637,20.263,512,20260825,False,False,,,,1.0500,0.9771,354,259.9,4.0060,5.5369,0.5783,0.999533
HD 33793,HD 33793,6,A002_Xd28a9e_Xbd84,3.9339,241.085936,242.914061,15625000.0000,1828125000.0,1874.88,,2.12837,10.64682,3.080384e+14,6.160767e+14,7.257983e+14,6.415211e+14,2.0826,1,1.079474e+15,1.509388e+15,1.431265e+15,1.590248e+15,2904.0000,3.598,3,0.3485,,coarse,B,2.6402,4.4930,3.3423,False,512,201,0.393762,0.407407,False,241.398436,CS(5-4),-3537.5644,-4329.846,star,25.978,3.637,20.263,512,20260825,False,False,,,,1.0126,0.9243,236,224.4,3.7935,5.2651,0.5786,0.999532
HD 33793,HD 33793,6,A002_Xcc3ae3_Xcea0,3.9339,241.085936,242.914061,15625000.0000,1828125000.0,2963.52,,2.16079,10.80418,3.125911e+14,6.251823e+14,7.365255e+14,6.510027e+14,2.0826,1,1.095428e+15,1.531697e+15,1.452419e+15,1.613752e+15,2904.0000,3.598,4,0.5508,,coarse,B,2.6741,4.3311,3.8270,False,512,273,0.534113,0.436647,False,242.476561,CS(5-4),-2459.4394,-3010.261,star,25.978,3.637,20.263,512,20260825,False,False,,,,1.0273,0.9597,354,289.3,3.9522,5.4462,0.1288,0.999977
HD 33793,HD 33793,6,A002_Xc99ad7_Xe20,3.9339,241.085936,242.914061,15625000.0000,1828125000.0,2963.52,,3.35832,16.79614,4.859530e+14,9.719060e+14,1.145000e+15,1.012046e+15,2.0826,1,1.702948e+15,2.381170e+15,2.257925e+15,2.508732e+15,2904.0000,3.598,4,0.5508,,coarse,B,2.2850,4.5983,3.1014,False,512,443,0.865497,0.939571,False,242.570311,CS(5-4),-2365.6894,-2895.515,star,25.978,3.637,20.263,512,20260825,False,False,,,,1.0388,0.9689,354,244.1,3.9525,5.4726,0.4406,0.999729
HD 33793,HD 33793,6,A002_Xc9831a_Xe79,3.9339,241.085936,242.914061,15625000.0000,1828125000.0,2963.52,,1.95923,9.79889,2.835055e+14,5.670109e+14,6.679940e+14,5.904289e+14,2.0826,1,9.935017e+14,1.389177e+15,1.317275e+15,1.463597e+15,2904.0000,3.598,4,0.5508,,coarse,B,3.2921,4.3825,3.8981,False,512,60,0.118908,0.077973,False,242.867186,CS(5-4),-2068.8144,-2532.151,star,25.978,3.637,20.263,512,20260825,False,False,,,,1.0039,0.9394,354,330,3.8955,5.3489,0.4471,0.999721
HD 33793,HD 33793,6,A002_Xd1c06f_Xf04b,3.9339,241.085936,242.914061,15625000.0000,1828125000.0,2963.52,,2.17191,10.86409,3.143244e+14,6.286488e+14,7.406094e+14,6.546124e+14,2.0826,1,1.101502e+15,1.540190e+15,1.460472e+15,1.622700e+15,2904.0000,3.598,4,0.5508,,coarse,B,2.0784,4.2600,3.5912,False,512,499,0.974659,0.978558,False,241.742186,CS(5-4),-3193.8144,-3909.109,star,25.978,3.637,20.263,512,20260825,False,False,,,,1.0583,0.9905,354,276.5,4.0643,5.6076,0.5471,0.999582
HD 33793,HD 33793,6,A002_Xd1c06f_Xf769,3.9339,241.085936,242.914061,15625000.0000,1828125000.0,2963.52,,2.05410,10.27478,2.972741e+14,5.945482e+14,7.004356e+14,6.191034e+14,2.0826,1,1.041752e+15,1.456643e+15,1.381250e+15,1.534677e+15,2904.0000,3.598,4,0.5508,,coarse,B,3.0421,4.5003,3.8708,False,512,119,0.233918,0.191033,False,241.257811,CS(5-4),-3678.1894,-4501.966,star,25.978,3.637,20.263,512,20260825,False,False,,,,0.9713,0.9656,354,295.7,3.8575,5.3125,0.5472,0.999582
Wolf 28,Wolf 28,6,A002_X9f2ff8_X25b0,4.3144,223.132812,224.867188,15625000.0000,1734375000.0,2903.04,1440,0.38344,1.91718,6.671769e+13,1.334354e+14,1.571998e+14,1.389464e+14,2.0826,1,2.338020e+14,3.269167e+14,3.099960e+14,3.444301e+14,2688.0000,3.598,4,0.4994,1.0000,coarse,B,2.5897,4.5245,4.2357,False,512,311,0.608187,0.639376,False,224.179688,,,,star,28.066,3.929,21.891,512,20260825,False,False,,,,1.0017,0.9733,336,244.2,3.8883,5.3836,0.1475,0.999923
GJ 674,GJ 674,6,A002_X107fa96_Xce38,4.5509,223.085939,224.914064,15625000.0000,1828125000.0,2998.80,2975,1.43417,7.17093,2.776480e+14,5.552961e+14,6.541928e+14,5.782302e+14,2.0826,1,9.729753e+14,1.360475e+15,1.290060e+15,1.433358e+15,2688.0000,3.598,4,0.5159,1.0000,coarse,B,2.7276,4.3302,4.5788,False,512,226,0.442495,0.454191,False,224.710939,13CO(2-1),4311.9394,5865.212,star,28.066,3.929,21.891,512,20260825,False,False,,,,1.1294,0.9633,354,252.7,4.1286,5.7109,0.1016,0.999988
GJ 674,GJ 674,6,A002_X1093ae8_X14a7,4.5509,223.085939,224.914064,15625000.0000,1828125000.0,2998.80,,1.32368,6.61845,2.562570e+14,5.125140e+14,6.037914e+14,5.336812e+14,2.0826,1,8.980137e+14,1.255659e+15,1.190669e+15,1.322927e+15,2688.0000,3.598,4,0.5159,,coarse,B,2.8589,4.4896,3.7658,False,512,206,0.403509,0.341131,False,224.210939,13CO(2-1),3811.9394,5185.099,star,28.066,3.929,21.891,512,20260825,False,False,,,,1.0580,0.9792,354,263.2,4.0291,5.5668,0.0934,0.999990
GJ 674,GJ 674,6,A002_X1097a87_X1ba1,4.5509,223.085939,224.914064,15625000.0000,1828125000.0,2998.80,,1.44121,7.20616,2.790121e+14,5.580242e+14,6.574067e+14,5.810709e+14,2.0826,1,9.777554e+14,1.367159e+15,1.296397e+15,1.440400e+15,2688.0000,3.598,4,0.5159,,coarse,B,2.5607,4.0439,3.5976,False,512,308,0.602339,0.643275,False,224.054689,13CO(2-1),3655.6894,4972.564,star,28.066,3.929,21.891,512,20260825,False,False,,,,0.9328,0.9383,354,309.8,3.7370,5.1400,0.0998,0.999988
GJ 674,GJ 674,6,A002_X1093ae8_X1c39,4.5509,223.085939,224.914064,15625000.0000,1828125000.0,2998.80,,1.40833,7.04174,2.726463e+14,5.452927e+14,6.424078e+14,5.678136e+14,2.0826,1,9.554476e+14,1.335967e+15,1.266820e+15,1.407537e+15,2688.0000,3.598,4,0.5159,,coarse,B,2.8101,4.7223,3.2373,False,512,238,0.465887,0.460039,False,223.867189,13CO(2-1),3468.1894,4717.522,star,28.066,3.929,21.891,512,20260825,False,False,,,,1.0174,0.9879,354,279.7,3.9806,5.4905,0.0935,0.999990
GJ 674,GJ 674,6,A002_X108c378_X1ced,4.5509,223.085939,224.914064,15625000.0000,1828125000.0,2998.80,,1.31582,6.57914,2.547351e+14,5.094703e+14,6.002055e+14,5.305117e+14,2.0826,1,8.926805e+14,1.248202e+15,1.183597e+15,1.315070e+15,2688.0000,3.598,4,0.5159,,coarse,B,3.4772,4.1878,4.1468,False,512,27,0.054581,0.044834,False,223.554689,13CO(2-1),3155.6894,4292.451,star,28.066,3.929,21.891,512,20260825,False,False,,,,1.0275,0.9358,354,331.6,3.9370,5.4051,0.0889,0.999991
GJ 674,GJ 674,6,A002_X1097a87_X1e64,4.5509,223.085939,224.914064,15625000.0000,1828125000.0,2998.80,,1.44706,7.23540,2.801443e+14,5.602886e+14,6.600745e+14,5.834289e+14,2.0826,1,9.817231e+14,1.372707e+15,1.301658e+15,1.446245e+15,2688.0000,3.598,4,0.5159,,coarse,B,2.6839,4.3471,4.0122,False,512,292,0.571150,0.615984,False,224.070314,13CO(2-1),3671.3144,4993.817,star,28.066,3.929,21.891,512,20260825,False,False,,,,1.0492,0.9939,354,260.2,4.0379,5.5807,0.0999,0.999988
GJ 674,GJ 674,6,A002_X1093ae8_X2228,4.5509,223.085939,224.914064,15625000.0000,1828125000.0,2998.80,,1.37453,6.87273,2.661025e+14,5.322050e+14,6.269892e+14,5.541854e+14,2.0826,1,9.325157e+14,1.303902e+15,1.236415e+15,1.373754e+15,2688.0000,3.598,4,0.5159,,coarse,B,2.7637,4.2629,3.5039,False,512,214,0.419103,0.417154,False,224.523439,13CO(2-1),4124.4394,5610.170,star,28.066,3.929,21.891,512,20260825,False,False,,,,1.1245,0.9785,354,220.9,4.1150,5.7139,0.0935,0.999990
GJ 674,GJ 674,6,A002_X1097a87_X22ab,4.5509,223.085939,224.914064,15625000.0000,1828125000.0,2998.80,,1.71453,8.57278,3.319257e+14,6.638514e+14,7.820815e+14,6.912689e+14,2.0826,1,1.163183e+15,1.626436e+15,1.542255e+15,1.713566e+15,2688.0000,3.598,4,0.5159,,coarse,B,3.6396,4.2553,3.6576,False,512,18,0.037037,0.031189,False,224.273439,13CO(2-1),3874.4394,5270.113,star,28.066,3.929,21.891,512,20260825,False,False,,,,1.1573,0.9694,354,333.8,4.2662,5.8561,0.1000,0.999988
GJ 674,GJ 674,6,A002_X108c378_X26b3,4.5509,223.085939,224.914064,15625000.0000,1828125000.0,2998.80,,1.27629,6.38149,2.470822e+14,4.941643e+14,5.821737e+14,5.145737e+14,2.0826,1,8.658619e+14,1.210703e+15,1.148039e+15,1.275562e+15,2688.0000,3.598,4,0.5159,,coarse,B,2.5312,4.2592,3.8980,False,512,371,0.725146,0.742690,False,223.101564,13CO(2-1),2702.5644,3676.098,star,28.066,3.929,21.891,512,20260825,False,False,,,,1.0043,0.9571,354,383.8,3.9668,5.4250,0.0889,0.999991
GJ 674,GJ 674,6,A002_X108c378_X2a0f,4.5509,223.085939,224.914064,15625000.0000,1828125000.0,2998.80,,1.32182,6.60916,2.558974e+14,5.117949e+14,6.029441e+14,5.329323e+14,2.0826,1,8.967536e+14,1.253897e+15,1.188998e+15,1.321070e+15,2688.0000,3.598,4,0.5159,,coarse,B,2.2722,4.2416,3.3751,False,512,454,0.886940,0.933723,False,224.351564,13CO(2-1),3952.5644,5376.381,star,28.066,3.929,21.891,512,20260825,False,False,,,,1.0210,0.9773,354,294.2,3.9787,5.4802,0.0889,0.999991
GJ 674,GJ 674,6,A002_X108c378_X331a,4.5509,223.085939,224.914064,15625000.0000,1828125000.0,2998.80,,1.54842,7.74219,2.997667e+14,5.995335e+14,7.063087e+14,6.242946e+14,2.0826,1,1.050487e+15,1.468857e+15,1.392832e+15,1.547546e+15,2688.0000,3.598,4,0.5159,,coarse,B,2.4645,4.4349,3.4755,False,512,376,0.734893,0.799220,False,224.726564,13CO(2-1),4327.5644,5886.466,star,28.066,3.929,21.891,512,20260825,False,False,,,,1.1420,0.9734,354,273.3,4.1932,5.7875,0.0889,0.999991
GJ 674,GJ 674,6,A002_X108c378_X3ab4,4.5509,223.085939,224.914064,15625000.0000,1828125000.0,2318.40,,2.32725,11.63639,4.505443e+14,9.010885e+14,1.061570e+15,9.383041e+14,2.0826,1,1.578864e+15,2.207667e+15,2.093402e+15,2.325935e+15,2688.0000,3.598,3,0.3988,,coarse,B,2.1467,4.7263,2.5449,False,512,451,0.881092,0.943470,False,224.664064,13CO(2-1),4265.0644,5801.452,star,28.066,3.929,21.891,512,20260825,False,False,,,,1.0086,0.9986,236,138.5,3.8129,5.3693,0.0890,0.999991
GJ 674,GJ 674,6,A002_X10854a6_X3ac1,4.5509,223.085939,224.914064,15625000.0000,1828125000.0,2998.80,,1.49308,7.46549,2.890532e+14,5.781064e+14,6.810655e+14,6.019826e+14,2.0826,1,1.012943e+15,1.416361e+15,1.343052e+15,1.492237e+15,2688.0000,3.598,4,0.5159,,coarse,B,3.2483,4.5634,3.9776,False,512,84,0.165692,0.159844,False,224.492189,13CO(2-1),4093.1894,5567.663,star,28.066,3.929,21.891,512,20260825,False,False,,,,1.0568,0.9547,354,337.1,4.0372,5.5403,0.0934,0.999990
GJ 674,GJ 674,6,A002_X1088045_X4ebc,4.5509,223.085939,224.914064,15625000.0000,1828125000.0,2998.80,,1.64065,8.20332,3.176208e+14,6.352416e+14,7.483764e+14,6.614775e+14,2.0826,1,1.113054e+15,1.556342e+15,1.475788e+15,1.639717e+15,2688.0000,3.598,4,0.5159,,coarse,B,3.1235,4.9713,3.8319,False,512,109,0.214425,0.192982,False,223.679689,13CO(2-1),3280.6894,4462.479,star,28.066,3.929,21.891,512,20260825,False,False,,,,1.1139,0.9677,354,273.1,4.1261,5.6950,0.0903,0.999990
GJ 674,GJ 674,6,A002_X1088045_X51df,4.5509,223.085939,224.914064,15625000.0000,1828125000.0,2998.80,,1.59388,7.96947,3.085665e+14,6.171329e+14,7.270426e+14,6.426210e+14,2.0826,1,1.081324e+15,1.511976e+15,1.433719e+15,1.592974e+15,2688.0000,3.598,4,0.5159,,coarse,B,2.9227,4.7065,3.7290,False,512,180,0.352827,0.296296,False,223.460939,13CO(2-1),3061.9394,4164.930,star,28.066,3.929,21.891,512,20260825,False,False,,,,1.0540,0.9937,354,224.9,4.0112,5.5668,0.0902,0.999990
GJ 674,GJ 674,6,A002_X1088045_X5c31,4.5509,223.085939,224.914064,15625000.0000,1828125000.0,2998.80,,1.82298,9.11497,3.529188e+14,7.058376e+14,8.315453e+14,7.349891e+14,2.0826,1,1.236750e+15,1.729302e+15,1.639796e+15,1.821943e+15,2688.0000,3.598,4,0.5159,,coarse,B,2.3961,4.3114,3.0461,False,512,401,0.783626,0.699805,False,224.007814,13CO(2-1),3608.8144,4908.803,star,28.066,3.929,21.891,512,20260825,False,False,,,,1.0731,0.9279,354,386.4,4.0483,5.5355,0.0902,0.999990
GJ 674,GJ 674,6,A002_X1097a87_X75ae,4.5509,223.085939,224.914064,15625000.0000,1828125000.0,2998.80,,1.35243,6.76223,2.618241e+14,5.236482e+14,6.169085e+14,5.452752e+14,2.0826,1,9.175227e+14,1.282938e+15,1.216535e+15,1.351667e+15,2688.0000,3.598,4,0.5159,,coarse,B,3.0775,4.4530,3.8179,False,512,117,0.230019,0.311891,False,224.242189,13CO(2-1),3843.1894,5227.606,star,28.066,3.929,21.891,512,20260825,False,False,,,,0.9816,0.9385,354,327.8,3.8474,5.2839,0.1013,0.999988
GJ 674,GJ 674,6,A002_X1097a87_X795f,4.5509,223.085939,224.914064,15625000.0000,1828125000.0,2998.80,,1.46023,7.30124,2.826937e+14,5.653874e+14,6.660813e+14,5.887383e+14,2.0826,1,9.906570e+14,1.385199e+15,1.313504e+15,1.459406e+15,2688.0000,3.598,4,0.5159,,coarse,B,2.2472,4.5152,3.0607,False,512,466,0.910331,0.957115,False,223.148439,13CO(2-1),2749.4394,3739.859,star,28.066,3.929,21.891,512,20260825,False,False,,,,1.0404,0.9854,354,276.4,4.0185,5.5445,0.1013,0.999988
GJ 674,GJ 674,6,A002_X1086384_Xdeeb,4.5509,223.085939,224.914064,15625000.0000,1828125000.0,2998.80,,1.34196,6.70986,2.597964e+14,5.195927e+14,6.121308e+14,5.410523e+14,2.0826,1,9.104168e+14,1.273002e+15,1.207114e+15,1.341199e+15,2688.0000,3.598,4,0.5159,,coarse,B,2.3618,4.8074,4.7498,False,512,424,0.828460,0.807018,False,224.789064,13CO(2-1),4390.0644,5971.480,star,28.066,3.929,21.891,512,20260825,False,False,,,,0.9982,0.9703,354,283.1,3.9104,5.3918,0.0916,0.999990
GJ 674,GJ 674,6,A002_X1093ae8_Xe18,4.5509,223.085939,224.914064,15625000.0000,1828125000.0,2797.20,,1.41472,7.07368,2.738829e+14,5.477659e+14,6.453215e+14,5.703890e+14,2.0826,1,9.597811e+14,1.342026e+15,1.272565e+15,1.413921e+15,2688.0000,3.598,4,0.4812,,coarse,B,2.6747,4.2638,4.4439,False,512,282,0.551657,0.598441,False,224.226564,13CO(2-1),3827.5644,5206.353,star,28.066,3.929,21.891,512,20260825,False,False,,,,1.0154,0.9920,354,224.9,3.9322,5.4573,0.0933,0.999990
GJ 674,GJ 674,6,A002_X107fa96_Xce38,4.5509,225.085939,226.914064,15625000.0000,1828125000.0,2998.80,2975,1.32601,6.63012,2.567088e+14,5.134177e+14,6.048560e+14,5.346222e+14,2.0826,1,8.995971e+14,1.257873e+15,1.192768e+15,1.325259e+15,2712.0000,3.598,4,0.5205,1.0000,coarse,B,3.7793,4.5654,3.8528,False,512,9,0.019493,0.029240,False,226.507814,CO(2-1),-4030.1856,-5240.868,star,27.817,3.894,21.698,512,20260825,False,False,,,,1.0482,0.9743,354,265.8,4.0024,5.5284,0.1016,0.999987
GJ 674,GJ 674,6,A002_X1093ae8_X14a7,4.5509,225.085939,226.914064,15625000.0000,1828125000.0,2998.80,,1.24032,6.20168,2.401203e+14,4.802405e+14,5.657701e+14,5.000748e+14,2.0826,1,8.414649e+14,1.176589e+15,1.115691e+15,1.239621e+15,2712.0000,3.598,4,0.5205,,coarse,B,3.4371,4.3036,3.6852,False,512,39,0.077973,0.105263,False,226.898439,CO(2-1),-3639.5606,-4732.898,star,27.817,3.894,21.698,512,20260825,False,False,,,,1.0493,0.9868,354,247.1,4.0115,5.5523,0.0934,0.999989
GJ 674,GJ 674,6,A002_X1097a87_X1ba1,4.5509,225.085939,226.914064,15625000.0000,1828125000.0,2998.80,,1.33597,6.67995,2.586382e+14,5.172765e+14,6.094020e+14,5.386403e+14,2.0826,1,9.063583e+14,1.267327e+15,1.201733e+15,1.335220e+15,2712.0000,3.598,4,0.5205,,coarse,B,2.6272,4.6628,3.8138,False,512,340,0.664717,0.645224,False,226.554689,CO(2-1),-3983.3106,-5179.912,star,27.817,3.894,21.698,512,20260825,False,False,,,,1.0104,0.9626,354,378.7,3.9872,5.4548,0.0998,0.999988
GJ 674,GJ 674,6,A002_X1093ae8_X1c39,4.5509,225.085939,226.914064,15625000.0000,1828125000.0,2998.80,,1.31526,6.57635,2.546270e+14,5.092541e+14,5.999508e+14,5.302866e+14,2.0826,1,8.923017e+14,1.247673e+15,1.183095e+15,1.314512e+15,2712.0000,3.598,4,0.5205,,coarse,B,2.7692,4.3352,3.2987,False,512,225,0.440546,0.481481,False,226.429689,CO(2-1),-4108.3106,-5342.462,star,27.817,3.894,21.698,512,20260825,False,False,,,,1.0195,0.9193,354,396,3.9280,5.3676,0.0935,0.999989
GJ 674,GJ 674,6,A002_X108c378_X1ced,4.5509,225.085939,226.914064,15625000.0000,1828125000.0,2998.80,,1.23153,6.15769,2.384170e+14,4.768340e+14,5.617569e+14,4.965276e+14,2.0826,1,8.354961e+14,1.168243e+15,1.107777e+15,1.230828e+15,2712.0000,3.598,4,0.5205,,coarse,B,2.3559,4.4228,3.7466,False,512,437,0.853801,0.785575,False,225.585939,CO(2-1),-4952.0606,-6439.678,star,27.817,3.894,21.698,512,20260825,False,False,,,,1.1038,0.9682,354,352.6,4.1696,5.7152,0.0889,0.999990
GJ 674,GJ 674,6,A002_X1097a87_X1e64,4.5509,225.085939,226.914064,15625000.0000,1828125000.0,2998.80,,1.35141,6.75716,2.616275e+14,5.232550e+14,6.164453e+14,5.448658e+14,2.0826,1,9.168338e+14,1.281975e+15,1.215622e+15,1.350652e+15,2712.0000,3.598,4,0.5205,,coarse,B,2.2883,5.0449,3.5064,False,512,462,0.902534,0.923977,False,225.367189,13CO(2-1),4968.1894,6757.861,star,27.817,3.894,21.698,512,20260825,False,False,,,,0.9867,0.9770,354,357.5,3.9550,5.4189,0.0999,0.999988
GJ 674,GJ 674,6,A002_X1093ae8_X2228,4.5509,225.085939,226.914064,15625000.0000,1828125000.0,2998.80,,1.28294,6.41476,2.483705e+14,4.967409e+14,5.852091e+14,5.172567e+14,2.0826,1,8.703765e+14,1.217015e+15,1.154025e+15,1.282212e+15,2712.0000,3.598,4,0.5205,,coarse,B,2.3478,4.2942,3.0831,False,512,443,0.865497,0.879142,False,226.148439,CO(2-1),-4389.5606,-5708.201,star,27.817,3.894,21.698,512,20260825,False,False,,,,1.0617,0.9938,354,267,4.0689,5.6195,0.0935,0.999989
GJ 674,GJ 674,6,A002_X1097a87_X22ab,4.5509,225.085939,226.914064,15625000.0000,1828125000.0,2998.80,,1.60458,8.02301,3.106397e+14,6.212793e+14,7.319274e+14,6.469386e+14,2.0826,1,1.088589e+15,1.522134e+15,1.443351e+15,1.603677e+15,2712.0000,3.598,4,0.5205,,coarse,B,2.1842,4.9006,3.1234,False,512,489,0.955166,0.883041,False,225.851564,CO(2-1),-4686.4356,-6094.258,star,27.817,3.894,21.698,512,20260825,False,False,,,,1.0819,0.9722,354,291.5,4.0877,5.6318,0.1000,0.999988
GJ 674,GJ 674,6,A002_X108c378_X26b3,4.5509,225.085939,226.914064,15625000.0000,1828125000.0,2998.80,,1.18671,5.93360,2.297407e+14,4.594814e+14,5.413138e+14,4.784583e+14,2.0826,1,8.050913e+14,1.125729e+15,1.067464e+15,1.186036e+15,2712.0000,3.598,4,0.5205,,coarse,B,3.3635,4.5605,3.8817,False,512,51,0.101365,0.079922,False,225.304689,13CO(2-1),4905.6894,6672.846,star,27.817,3.894,21.698,512,20260825,False,False,,,,1.0160,1.0008,354,251.9,3.9781,5.5031,0.0889,0.999990
GJ 674,GJ 674,6,A002_X108c378_X2a0f,4.5509,225.085939,226.914064,15625000.0000,1828125000.0,2998.80,,1.22799,6.14002,2.377326e+14,4.754653e+14,5.601443e+14,4.951023e+14,2.0826,1,8.330979e+14,1.164890e+15,1.104597e+15,1.227295e+15,2712.0000,3.598,4,0.5205,,coarse,B,2.4650,4.1686,3.2745,False,512,386,0.754386,0.766082,False,225.773439,CO(2-1),-4764.5606,-6195.852,star,27.817,3.894,21.698,512,20260825,False,False,,,,0.9621,1.0191,354,205.5,3.8594,5.3702,0.0889,0.999990
GJ 674,GJ 674,6,A002_X108c378_X331a,4.5509,225.085939,226.914064,15625000.0000,1828125000.0,2998.80,,1.45257,7.26293,2.812103e+14,5.624205e+14,6.625861e+14,5.856489e+14,2.0826,1,9.854585e+14,1.377930e+15,1.306611e+15,1.451748e+15,2712.0000,3.598,4,0.5205,,coarse,B,2.6796,4.7702,4.2939,False,512,307,0.600390,0.619883,False,225.710939,CO(2-1),-4827.0606,-6277.127,star,27.817,3.894,21.698,512,20260825,False,False,,,,1.0162,1.0222,354,227.9,3.9962,5.5439,0.0889,0.999990
GJ 674,GJ 674,6,A002_X108c378_X3ab4,4.5509,225.085939,226.914064,15625000.0000,1828125000.0,2318.40,,2.24941,11.24714,4.354732e+14,8.709465e+14,1.026060e+15,9.069171e+14,2.0826,1,1.526050e+15,2.133819e+15,2.023376e+15,2.248131e+15,2712.0000,3.598,3,0.4024,,coarse,B,2.4629,4.1862,3.3219,False,512,293,0.573099,0.520468,False,225.679689,CO(2-1),-4858.3106,-6317.765,star,27.817,3.894,21.698,512,20260825,False,False,,,,1.0266,0.9716,236,162.1,3.8346,5.3737,0.0890,0.999990
GJ 674,GJ 674,6,A002_X10854a6_X3ac1,4.5509,225.085939,226.914064,15625000.0000,1828125000.0,2998.80,,1.39914,6.99580,2.708673e+14,5.417346e+14,6.382160e+14,5.641086e+14,2.0826,1,9.492132e+14,1.327250e+15,1.258554e+15,1.398352e+15,2712.0000,3.598,4,0.5205,,coarse,B,2.8475,4.4391,3.7595,False,512,219,0.428850,0.467836,False,226.445314,CO(2-1),-4092.6856,-5322.143,star,27.817,3.894,21.698,512,20260825,False,False,,,,1.0904,1.0123,354,212.7,4.1048,5.7060,0.0934,0.999989
GJ 674,GJ 674,6,A002_X1088045_X4ebc,4.5509,225.085939,226.914064,15625000.0000,1828125000.0,2998.80,,1.53539,7.67703,2.972436e+14,5.944872e+14,7.003637e+14,6.190399e+14,2.0826,1,1.041645e+15,1.456494e+15,1.381108e+15,1.534520e+15,2712.0000,3.598,4,0.5205,,coarse,B,2.0574,4.1255,3.8071,False,512,492,0.961014,0.980507,False,226.117189,CO(2-1),-4420.8106,-5748.838,star,27.817,3.894,21.698,512,20260825,False,False,,,,1.0823,0.9554,354,319.2,4.0769,5.6030,0.0903,0.999990
GJ 674,GJ 674,6,A002_X1088045_X51df,4.5509,225.085939,226.914064,15625000.0000,1828125000.0,2998.80,,1.48986,7.44935,2.884283e+14,5.768567e+14,6.795933e+14,6.006813e+14,2.0826,1,1.010753e+15,1.413299e+15,1.340149e+15,1.489011e+15,2712.0000,3.598,4,0.5205,,coarse,B,3.6628,4.8628,4.0246,False,512,16,0.033138,0.040936,False,225.085939,13CO(2-1),4686.9394,6375.297,star,27.817,3.894,21.698,512,20260825,False,False,,,,1.0799,0.9493,354,328.2,4.0664,5.5844,0.0902,0.999990
GJ 674,GJ 674,6,A002_X1088045_X5c31,4.5509,225.085939,226.914064,15625000.0000,1828125000.0,2998.80,,1.72316,8.61586,3.335939e+14,6.671878e+14,7.860121e+14,6.947431e+14,2.0826,1,1.169029e+15,1.634610e+15,1.550005e+15,1.722178e+15,2712.0000,3.598,4,0.5205,,coarse,B,3.1779,4.2424,3.9214,False,512,86,0.169591,0.157895,False,225.101564,13CO(2-1),4702.5644,6396.551,star,27.817,3.894,21.698,512,20260825,False,False,,,,0.9472,0.9770,354,259.3,3.8023,5.2556,0.0902,0.999990
GJ 674,GJ 674,6,A002_X1097a87_X75ae,4.5509,225.085939,226.914064,15625000.0000,1828125000.0,2998.80,,1.25377,6.26892,2.427235e+14,4.854470e+14,5.719038e+14,5.054963e+14,2.0826,1,8.505877e+14,1.189345e+15,1.127787e+15,1.253060e+15,2712.0000,3.598,4,0.5205,,coarse,B,2.8156,4.1088,3.1556,False,512,217,0.424951,0.370370,False,225.664064,CO(2-1),-4873.9356,-6338.084,star,27.817,3.894,21.698,512,20260825,False,False,,,,1.0473,1.0128,354,205.1,4.0126,5.5837,0.1013,0.999988
GJ 674,GJ 674,6,A002_X1097a87_X795f,4.5509,225.085939,226.914064,15625000.0000,1828125000.0,2998.80,,1.36054,6.80280,2.633948e+14,5.267897e+14,6.206095e+14,5.485465e+14,2.0826,1,9.230271e+14,1.290635e+15,1.223834e+15,1.359776e+15,2712.0000,3.598,4,0.5205,,coarse,B,2.4442,3.9990,3.4832,False,512,413,0.807018,0.840156,False,226.789064,CO(2-1),-3748.9356,-4875.130,star,27.817,3.894,21.698,512,20260825,False,False,,,,0.9469,1.0022,354,252.1,3.8447,5.3185,0.1013,0.999987
GJ 674,GJ 674,6,A002_X1086384_Xdeeb,4.5509,225.085939,226.914064,15625000.0000,1828125000.0,2998.80,,1.24451,6.22259,2.409299e+14,4.818598e+14,5.676776e+14,5.017609e+14,2.0826,1,8.443021e+14,1.180556e+15,1.119453e+15,1.243800e+15,2712.0000,3.598,4,0.5205,,coarse,B,2.9073,4.1622,3.7794,False,512,191,0.374269,0.399610,False,226.476564,CO(2-1),-4061.4356,-5281.506,star,27.817,3.894,21.698,512,20260825,False,False,,,,1.0750,0.9819,354,263.2,4.0680,5.6205,0.0916,0.999990
GJ 674,GJ 674,6,A002_X1093ae8_Xe18,4.5509,225.085939,226.914064,15625000.0000,1828125000.0,2797.20,,1.33218,6.66095,2.579025e+14,5.158050e+14,6.076685e+14,5.371081e+14,2.0826,1,9.037801e+14,1.263722e+15,1.198314e+15,1.331422e+15,2712.0000,3.598,4,0.4855,,coarse,B,2.6264,4.4037,3.9777,False,512,316,0.617934,0.590643,False,226.195314,CO(2-1),-4342.6856,-5647.244,star,27.817,3.894,21.698,512,20260825,False,False,,,,1.0018,0.9919,354,251.1,3.9318,5.4396,0.0933,0.999989
GJ 674,GJ 674,6,A002_X107fa96_Xce38,4.5509,239.085936,240.914061,15625000.0000,1828125000.0,2998.80,2975,1.48581,7.42918,2.876472e+14,5.752944e+14,6.777528e+14,5.990545e+14,2.0826,1,1.008016e+15,1.409471e+15,1.336520e+15,1.484979e+15,2880.0000,3.598,4,0.5527,1.0000,coarse,B,2.6722,4.0236,4.0189,False,512,271,0.530214,0.676413,False,239.242186,CS(5-4),-5693.8144,-6969.015,star,26.195,3.667,20.432,512,20260825,False,False,,,,0.9832,0.9626,354,273.3,3.8571,5.3236,0.1016,0.999986
GJ 674,GJ 674,6,A002_X1093ae8_X14a7,4.5509,239.085936,240.914061,15625000.0000,1828125000.0,2998.80,,1.36283,6.81424,2.638377e+14,5.276755e+14,6.216530e+14,5.494688e+14,2.0826,1,9.245792e+14,1.292805e+15,1.225892e+15,1.362062e+15,2880.0000,3.598,4,0.5527,,coarse,B,3.8014,4.1736,4.1259,False,512,11,0.023392,0.046784,False,239.429686,CS(5-4),-5506.3144,-6739.522,star,26.195,3.667,20.432,512,20260825,False,False,,,,1.0573,0.9659,354,295.2,4.0291,5.5491,0.0934,0.999988
GJ 674,GJ 674,6,A002_X1097a87_X1ba1,4.5509,239.085936,240.914061,15625000.0000,1828125000.0,2998.80,,1.49229,7.46157,2.889015e+14,5.778031e+14,6.807082e+14,6.016668e+14,2.0826,1,1.012411e+15,1.415618e+15,1.342348e+15,1.491454e+15,2880.0000,3.598,4,0.5527,,coarse,B,2.5965,4.6878,3.5349,False,512,293,0.573099,0.532164,False,240.164061,CS(5-4),-4771.9394,-5840.674,star,26.195,3.667,20.432,512,20260825,False,False,,,,0.9830,0.9697,354,225.3,3.8256,5.3089,0.0998,0.999986
GJ 674,GJ 674,6,A002_X1093ae8_X1c39,4.5509,239.085936,240.914061,15625000.0000,1828125000.0,2998.80,,1.45995,7.29983,2.826390e+14,5.652781e+14,6.659525e+14,5.886244e+14,2.0826,1,9.904655e+14,1.384931e+15,1.313250e+15,1.459124e+15,2880.0000,3.598,4,0.5527,,coarse,B,3.6142,4.5084,3.7876,False,512,20,0.040936,0.025341,False,240.117186,CS(5-4),-4818.8144,-5898.048,star,26.195,3.667,20.432,512,20260825,False,False,,,,0.9859,0.9731,354,254.1,3.8663,5.3471,0.0935,0.999988
GJ 674,GJ 674,6,A002_X108c378_X1ced,4.5509,239.085936,240.914061,15625000.0000,1828125000.0,2998.80,,1.36427,6.82143,2.641161e+14,5.282321e+14,6.223088e+14,5.500485e+14,2.0826,1,9.255545e+14,1.294169e+15,1.227185e+15,1.363499e+15,2880.0000,3.598,4,0.5527,,coarse,B,2.7567,4.2511,3.4221,False,512,243,0.475634,0.479532,False,239.617186,CS(5-4),-5318.8144,-6510.029,star,26.195,3.667,20.432,512,20260825,False,False,,,,1.0750,0.9787,354,265.7,4.0640,5.6136,0.0889,0.999989
GJ 674,GJ 674,6,A002_X1097a87_X1e64,4.5509,239.085936,240.914061,15625000.0000,1828125000.0,2998.80,,1.49484,7.47430,2.893942e+14,5.787884e+14,6.818690e+14,6.026927e+14,2.0826,1,1.014138e+15,1.418031e+15,1.344637e+15,1.493997e+15,2880.0000,3.598,4,0.5527,,coarse,B,2.1086,4.4859,3.3694,False,512,484,0.945419,0.910331,False,240.804686,CS(5-4),-4131.3144,-5056.574,star,26.195,3.667,20.432,512,20260825,False,False,,,,1.0493,0.9951,354,239.9,4.0206,5.5695,0.0999,0.999986
GJ 674,GJ 674,6,A002_X1093ae8_X2228,4.5509,239.085936,240.914061,15625000.0000,1828125000.0,2998.80,,1.42268,7.11349,2.754244e+14,5.508488e+14,6.489534e+14,5.735992e+14,2.0826,1,9.651829e+14,1.349580e+15,1.279728e+15,1.421878e+15,2880.0000,3.598,4,0.5527,,coarse,B,2.8200,4.1691,4.0896,False,512,243,0.475634,0.399610,False,239.710936,CS(5-4),-5225.0644,-6395.282,star,26.195,3.667,20.432,512,20260825,False,False,,,,0.9909,0.9855,354,295.7,3.9364,5.4212,0.0935,0.999988
GJ 674,GJ 674,6,A002_X1097a87_X22ab,4.5509,239.085936,240.914061,15625000.0000,1828125000.0,2998.80,,1.78992,8.94971,3.465199e+14,6.930397e+14,8.164682e+14,7.216628e+14,2.0826,1,1.214326e+15,1.697947e+15,1.610065e+15,1.788909e+15,2880.0000,3.598,4,0.5527,,coarse,B,3.0923,4.4475,3.3587,False,512,116,0.228070,0.196881,False,239.085936,CS(5-4),-5850.0644,-7160.259,star,26.195,3.667,20.432,512,20260825,False,False,,,,1.0812,0.9964,354,261.3,4.1071,5.6757,0.1000,0.999986
GJ 674,GJ 674,6,A002_X108c378_X26b3,4.5509,239.085936,240.914061,15625000.0000,1828125000.0,2998.80,,1.31175,6.55884,2.539489e+14,5.078978e+14,5.983530e+14,5.288743e+14,2.0826,1,8.899252e+14,1.244350e+15,1.179944e+15,1.311011e+15,2880.0000,3.598,4,0.5527,,coarse,B,2.6092,4.5981,3.6362,False,512,329,0.643275,0.623782,False,240.742186,CS(5-4),-4193.8144,-5133.071,star,26.195,3.667,20.432,512,20260825,False,False,,,,0.9776,0.9816,354,298.2,3.9039,5.3752,0.0889,0.999989
GJ 674,GJ 674,6,A002_X108c378_X2a0f,4.5509,239.085936,240.914061,15625000.0000,1828125000.0,2998.80,,1.35938,6.79696,2.631685e+14,5.263370e+14,6.200762e+14,5.480751e+14,2.0826,1,9.222339e+14,1.289526e+15,1.222782e+15,1.358607e+15,2880.0000,3.598,4,0.5527,,coarse,B,3.4193,4.2358,4.0975,False,512,50,0.099415,0.085770,False,239.335936,CS(5-4),-5600.0644,-6854.268,star,26.195,3.667,20.432,512,20260825,False,False,,,,0.8911,1.0012,354,230.3,3.7121,5.1483,0.0889,0.999989
GJ 674,GJ 674,6,A002_X108c378_X331a,4.5509,239.085936,240.914061,15625000.0000,1828125000.0,2998.80,,1.61742,8.08719,3.131244e+14,6.262489e+14,7.377821e+14,6.521134e+14,2.0826,1,1.097297e+15,1.534310e+15,1.454897e+15,1.616505e+15,2880.0000,3.598,4,0.5527,,coarse,B,2.3489,4.3101,3.4427,False,512,444,0.867446,0.861598,False,240.164061,CS(5-4),-4771.9394,-5840.674,star,26.195,3.667,20.432,512,20260825,False,False,,,,0.9967,1.0086,354,224.7,3.9280,5.4514,0.0889,0.999989
GJ 674,GJ 674,6,A002_X108c378_X3ab4,4.5509,239.085936,240.914061,15625000.0000,1828125000.0,2318.40,,2.49203,12.46027,4.824441e+14,9.648882e+14,1.136732e+15,1.004739e+15,2.0826,1,1.690652e+15,2.363976e+15,2.241621e+15,2.490618e+15,2880.0000,3.598,4,0.4273,,coarse,B,2.5855,4.7880,3.0932,False,512,284,0.555556,0.660819,False,240.570311,CS(5-4),-4365.6894,-5343.440,star,26.195,3.667,20.432,512,20260825,False,False,,,,0.9792,0.9548,354,248.3,3.8115,5.2748,0.0890,0.999989
GJ 674,GJ 674,6,A002_X10854a6_X3ac1,4.5509,239.085936,240.914061,15625000.0000,1828125000.0,2998.80,,1.56152,7.80769,3.023025e+14,6.046051e+14,7.122836e+14,6.295757e+14,2.0826,1,1.059373e+15,1.481282e+15,1.404614e+15,1.560637e+15,2880.0000,3.598,4,0.5527,,coarse,B,3.4385,4.2794,3.7726,False,512,29,0.058480,0.035088,False,240.117186,CS(5-4),-4818.8144,-5898.048,star,26.195,3.667,20.432,512,20260825,False,False,,,,0.9538,0.9822,354,236,3.8038,5.2716,0.0934,0.999988
GJ 674,GJ 674,6,A002_X1088045_X4ebc,4.5509,239.085936,240.914061,15625000.0000,1828125000.0,2998.80,,1.71181,8.55913,3.313974e+14,6.627948e+14,7.808367e+14,6.901687e+14,2.0826,1,1.161332e+15,1.623847e+15,1.539800e+15,1.710839e+15,2880.0000,3.598,4,0.5527,,coarse,B,2.6493,4.5294,3.4039,False,512,319,0.623782,0.557505,False,239.367186,CS(5-4),-5568.8144,-6816.020,star,26.195,3.667,20.432,512,20260825,False,False,,,,1.0928,0.9438,354,391,4.1231,5.6361,0.0903,0.999989
GJ 674,GJ 674,6,A002_X1088045_X51df,4.5509,239.085936,240.914061,15625000.0000,1828125000.0,2998.80,,1.65154,8.25780,3.197302e+14,6.394603e+14,7.533464e+14,6.658705e+14,2.0826,1,1.120446e+15,1.566678e+15,1.485589e+15,1.650607e+15,2880.0000,3.598,4,0.5527,,coarse,B,3.2624,4.6292,3.5217,False,512,68,0.134503,0.040936,False,240.476561,CS(5-4),-4459.4394,-5458.186,star,26.195,3.667,20.432,512,20260825,False,False,,,,1.0091,0.9585,354,296.8,3.9197,5.3976,0.0902,0.999989
GJ 674,GJ 674,6,A002_X1088045_X5c31,4.5509,239.085936,240.914061,15625000.0000,1828125000.0,2998.80,,1.91936,9.59690,3.715783e+14,7.431565e+14,8.755106e+14,7.738494e+14,2.0826,1,1.302139e+15,1.820733e+15,1.726495e+15,1.918273e+15,2880.0000,3.598,4,0.5527,,coarse,B,3.0399,4.1478,3.5029,False,512,104,0.204678,0.247563,False,240.585936,CS(5-4),-4350.0644,-5324.315,star,26.195,3.667,20.432,512,20260825,False,False,,,,0.9974,0.9190,354,383.2,3.8754,5.3002,0.0902,0.999989
GJ 674,GJ 674,6,A002_X1097a87_X75ae,4.5509,239.085936,240.914061,15625000.0000,1828125000.0,2998.80,,1.38952,6.94771,2.690053e+14,5.380106e+14,6.338288e+14,5.602308e+14,2.0826,1,9.426881e+14,1.318126e+15,1.249902e+15,1.388740e+15,2880.0000,3.598,4,0.5527,,coarse,B,3.5823,4.2635,4.1590,False,512,37,0.074074,0.103314,False,239.726561,CS(5-4),-5209.4394,-6376.158,star,26.195,3.667,20.432,512,20260825,False,False,,,,1.0258,0.9573,354,288.2,3.9437,5.4351,0.1013,0.999986
GJ 674,GJ 674,6,A002_X1097a87_X795f,4.5509,239.085936,240.914061,15625000.0000,1828125000.0,2998.80,,1.51299,7.56506,2.929083e+14,5.858166e+14,6.901489e+14,6.100112e+14,2.0826,1,1.026453e+15,1.435251e+15,1.360965e+15,1.512139e+15,2880.0000,3.598,4,0.5527,,coarse,B,2.1439,4.1952,3.7863,False,512,493,0.962963,0.898635,False,240.273436,CS(5-4),-4662.5644,-5706.804,star,26.195,3.667,20.432,512,20260825,False,False,,,,1.0284,0.9619,354,330.8,3.9904,5.4789,0.1013,0.999986
GJ 674,GJ 674,6,A002_X1086384_Xdeeb,4.5509,239.085936,240.914061,15625000.0000,1828125000.0,2998.80,,1.37391,6.86963,2.659822e+14,5.319644e+14,6.267058e+14,5.539349e+14,2.0826,1,9.320941e+14,1.303313e+15,1.235856e+15,1.373133e+15,2880.0000,3.598,4,0.5527,,coarse,B,2.2886,4.6036,3.5866,False,512,456,0.890838,0.871345,False,240.289061,CS(5-4),-4646.9394,-5687.679,star,26.195,3.667,20.432,512,20260825,False,False,,,,1.0249,0.9852,354,342.8,4.0384,5.5395,0.0916,0.999988
GJ 674,GJ 674,6,A002_X1093ae8_Xe18,4.5509,239.085936,240.914061,15625000.0000,1828125000.0,2797.20,,1.46849,7.34254,2.842925e+14,5.685851e+14,6.698485e+14,5.920680e+14,2.0826,1,9.962600e+14,1.393033e+15,1.320933e+15,1.467660e+15,2880.0000,3.598,4,0.5156,,coarse,B,2.4878,4.0743,3.3436,False,512,351,0.686160,0.807018,False,239.523436,CS(5-4),-5412.5644,-6624.775,star,26.195,3.667,20.432,512,20260825,False,False,,,,1.0342,0.9441,354,287.3,3.9332,5.4211,0.0933,0.999988
GJ 674,GJ 674,6,A002_X107fa96_Xce38,4.5509,241.085936,242.914061,15625000.0000,1828125000.0,2998.80,2975,1.55225,7.76138,3.005095e+14,6.010191e+14,7.080589e+14,6.258416e+14,2.0826,1,1.053090e+15,1.472497e+15,1.396283e+15,1.551380e+15,2904.0000,3.598,4,0.5573,1.0000,coarse,B,2.2775,4.2979,3.0277,False,512,477,0.931774,0.972710,False,242.367186,CS(5-4),-2568.8144,-3144.132,star,25.978,3.637,20.263,512,20260825,False,False,,,,1.0023,0.9887,354,274.2,3.9474,5.4477,0.1016,0.999986
GJ 674,GJ 674,6,A002_X1093ae8_X14a7,4.5509,241.085936,242.914061,15625000.0000,1828125000.0,2996.79,,1.43362,7.16818,2.775417e+14,5.550834e+14,6.539422e+14,5.780087e+14,2.0826,1,9.726026e+14,1.359954e+15,1.289565e+15,1.432809e+15,2904.0000,3.598,4,0.557,,coarse,B,2.8927,4.1222,3.2476,False,512,190,0.372320,0.304094,False,241.882811,CS(5-4),-3053.1894,-3736.989,star,25.978,3.637,20.263,512,20260825,False,False,,,,1.0251,0.9845,354,263.1,3.9743,5.4911,0.0934,0.999988
GJ 674,GJ 674,6,A002_X1097a87_X1ba1,4.5509,241.085936,242.914061,15625000.0000,1828125000.0,2998.80,,1.54870,7.74362,2.998221e+14,5.996441e+14,7.064391e+14,6.244098e+14,2.0826,1,1.050681e+15,1.469128e+15,1.393089e+15,1.547831e+15,2904.0000,3.598,4,0.5573,,coarse,B,2.5389,4.4803,3.8761,False,512,354,0.692008,0.705653,False,242.132811,CS(5-4),-2803.1894,-3430.998,star,25.978,3.637,20.263,512,20260825,False,False,,,,0.9363,0.9652,354,320.5,3.8052,5.2290,0.0998,0.999986
GJ 674,GJ 674,6,A002_X1093ae8_X1c39,4.5509,241.085936,242.914061,15625000.0000,1828125000.0,2998.80,,1.53344,7.66729,2.968666e+14,5.937333e+14,6.994755e+14,6.182549e+14,2.0826,1,1.040324e+15,1.454647e+15,1.379357e+15,1.532574e+15,2904.0000,3.598,4,0.5573,,coarse,B,3.0214,4.8087,3.7562,False,512,138,0.270955,0.278752,False,241.507811,CS(5-4),-3428.1894,-4195.975,star,25.978,3.637,20.263,512,20260825,False,False,,,,1.0555,1.0093,354,220.2,4.0395,5.6095,0.0935,0.999988
GJ 674,GJ 674,6,A002_X108c378_X1ced,4.5509,241.085936,242.914061,15625000.0000,1828125000.0,2998.80,,1.42775,7.13883,2.764052e+14,5.528104e+14,6.512644e+14,5.756418e+14,2.0826,1,9.686200e+14,1.354385e+15,1.284285e+15,1.426942e+15,2904.0000,3.598,4,0.5573,,coarse,B,2.9209,4.5159,3.5600,False,512,161,0.315789,0.212476,False,241.820311,CS(5-4),-3115.6894,-3813.487,star,25.978,3.637,20.263,512,20260825,False,False,,,,1.0075,0.9638,354,283.4,3.9162,5.3997,0.0889,0.999989
GJ 674,GJ 674,6,A002_X1097a87_X1e64,4.5509,241.085936,242.914061,15625000.0000,1828125000.0,2998.80,,1.56100,7.80510,3.022022e+14,6.044044e+14,7.120472e+14,6.293667e+14,2.0826,1,1.059022e+15,1.480791e+15,1.404148e+15,1.560119e+15,2904.0000,3.598,4,0.5573,,coarse,B,2.3278,4.3624,4.2634,False,512,427,0.834308,0.898635,False,241.726561,CS(5-4),-3209.4394,-3928.233,star,25.978,3.637,20.263,512,20260825,False,False,,,,1.0237,0.9430,354,382,3.9762,5.4385,0.0999,0.999986
GJ 674,GJ 674,6,A002_X1093ae8_X2228,4.5509,241.085936,242.914061,15625000.0000,1828125000.0,2998.80,,1.49433,7.47174,2.892950e+14,5.785900e+14,6.816353e+14,6.024862e+14,2.0826,1,1.013790e+15,1.417546e+15,1.344176e+15,1.493485e+15,2904.0000,3.598,4,0.5573,,coarse,B,3.1606,4.3384,3.7238,False,512,92,0.181287,0.126706,False,241.710936,CS(5-4),-3225.0644,-3947.358,star,25.978,3.637,20.263,512,20260825,False,False,,,,1.0718,0.9563,354,292.9,4.0369,5.5611,0.0935,0.999988
GJ 674,GJ 674,6,A002_X1097a87_X22ab,4.5509,241.085936,242.914061,15625000.0000,1828125000.0,2998.80,,1.86407,9.32048,3.608757e+14,7.217515e+14,8.502934e+14,7.515603e+14,2.0826,1,1.264634e+15,1.768291e+15,1.676767e+15,1.863021e+15,2904.0000,3.598,4,0.5573,,coarse,B,2.7522,4.4313,3.2184,False,512,271,0.530214,0.516569,False,242.617186,CS(5-4),-2318.8144,-2838.142,star,25.978,3.637,20.263,512,20260825,False,False,,,,1.0681,1.0070,354,243.6,4.0849,5.6562,0.1000,0.999986
GJ 674,GJ 674,6,A002_X108c378_X26b3,4.5509,241.085936,242.914061,15625000.0000,1828125000.0,2998.80,,1.38020,6.90106,2.671992e+14,5.343984e+14,6.295733e+14,5.564695e+14,2.0826,1,9.363590e+14,1.309276e+15,1.241510e+15,1.379416e+15,2904.0000,3.598,4,0.5573,,coarse,B,2.7295,4.6228,4.1976,False,512,264,0.516569,0.672515,False,242.132811,CS(5-4),-2803.1894,-3430.998,star,25.978,3.637,20.263,512,20260825,False,False,,,,1.0500,0.9999,354,231.2,4.0224,5.5780,0.0889,0.999989
GJ 674,GJ 674,6,A002_X108c378_X2a0f,4.5509,241.085936,242.914061,15625000.0000,1828125000.0,2998.80,,1.43413,7.17072,2.776400e+14,5.552801e+14,6.541739e+14,5.782135e+14,2.0826,1,9.729473e+14,1.360436e+15,1.290022e+15,1.433317e+15,2904.0000,3.598,4,0.5573,,coarse,B,2.3781,4.1084,3.1813,False,512,394,0.769981,0.812865,False,241.117186,CS(5-4),-3818.8144,-4674.085,star,25.978,3.637,20.263,512,20260825,False,False,,,,1.0249,0.9585,354,287.2,3.9433,5.4351,0.0889,0.999989
GJ 674,GJ 674,6,A002_X108c378_X331a,4.5509,241.085936,242.914061,15625000.0000,1828125000.0,2998.80,,1.68013,8.40074,3.252645e+14,6.505291e+14,7.663865e+14,6.773964e+14,2.0826,1,1.139840e+15,1.593796e+15,1.511304e+15,1.679178e+15,2904.0000,3.598,4,0.5573,,coarse,B,2.3621,5.0562,3.1869,False,512,407,0.795322,0.847953,False,241.210936,CS(5-4),-3725.0644,-4559.339,star,25.978,3.637,20.263,512,20260825,False,False,,,,1.0955,0.9707,354,273.5,4.0959,5.6531,0.0889,0.999989
GJ 674,GJ 674,6,A002_X108c378_X3ab4,4.5509,241.085936,242.914061,15625000.0000,1828125000.0,2318.40,,2.56992,12.84976,4.975243e+14,9.950487e+14,1.172264e+15,1.036145e+15,2.0826,1,1.743498e+15,2.437869e+15,2.311689e+15,2.568469e+15,2904.0000,3.598,4,0.4309,,coarse,B,2.4670,4.7269,3.2238,False,512,364,0.711501,0.740741,False,241.898436,CS(5-4),-3037.5644,-3717.865,star,25.978,3.637,20.263,512,20260825,False,False,,,,1.0568,0.9552,354,274.5,3.9894,5.5055,0.0890,0.999989
GJ 674,GJ 674,6,A002_X10854a6_X3ac1,4.5509,241.085936,242.914061,15625000.0000,1828125000.0,2998.80,,1.62517,8.12593,3.146243e+14,6.292486e+14,7.413161e+14,6.552370e+14,2.0826,1,1.102553e+15,1.541659e+15,1.461866e+15,1.624248e+15,2904.0000,3.598,4,0.5573,,coarse,B,3.5849,4.5336,4.1062,False,512,21,0.042885,0.054581,False,241.617186,CS(5-4),-3318.8144,-4062.104,star,25.978,3.637,20.263,512,20260825,False,False,,,,0.9888,0.9993,354,245.3,3.9152,5.4202,0.0934,0.999988
GJ 674,GJ 674,6,A002_X1088045_X4ebc,4.5509,241.085936,242.914061,15625000.0000,1828125000.0,2998.80,,1.78919,8.94604,3.463778e+14,6.927555e+14,8.161334e+14,7.213668e+14,2.0826,1,1.213828e+15,1.697251e+15,1.609404e+15,1.788175e+15,2904.0000,3.598,4,0.5573,,coarse,B,2.7840,4.7380,3.6154,False,512,237,0.463938,0.524366,False,241.867186,CS(5-4),-3068.8144,-3756.113,star,25.978,3.637,20.263,512,20260825,False,False,,,,1.0240,0.9434,354,385.5,3.9800,5.4424,0.0903,0.999989
GJ 674,GJ 674,6,A002_X1088045_X51df,4.5509,241.085936,242.914061,15625000.0000,1828125000.0,2998.80,,1.73751,8.68767,3.363741e+14,6.727483e+14,7.925629e+14,7.005332e+14,2.0826,1,1.178772e+15,1.648233e+15,1.562924e+15,1.736531e+15,2904.0000,3.598,4,0.5573,,coarse,B,2.3906,4.1433,3.5375,False,512,403,0.787524,0.709552,False,242.414061,CS(5-4),-2521.9394,-3086.759,star,25.978,3.637,20.263,512,20260825,False,False,,,,0.9532,0.9833,354,237.7,3.8064,5.2742,0.0902,0.999989
GJ 674,GJ 674,6,A002_X1088045_X5c31,4.5509,241.085936,242.914061,15625000.0000,1828125000.0,2998.80,,2.00802,10.04023,3.887432e+14,7.774865e+14,9.159547e+14,8.095972e+14,2.0826,1,1.362292e+15,1.904842e+15,1.806251e+15,2.006887e+15,2904.0000,3.598,4,0.5573,,coarse,B,2.3020,4.6302,3.0095,False,512,454,0.886940,0.717349,False,242.835936,CS(5-4),-2100.0644,-2570.400,star,25.978,3.637,20.263,512,20260825,False,False,,,,1.0336,0.9576,354,322.6,3.9864,5.4771,0.0902,0.999989
GJ 674,GJ 674,6,A002_X1097a87_X75ae,4.5509,241.085936,242.914061,15625000.0000,1828125000.0,2998.80,,1.45109,7.25554,2.809240e+14,5.618480e+14,6.619116e+14,5.850527e+14,2.0826,1,9.844554e+14,1.376528e+15,1.305281e+15,1.450270e+15,2904.0000,3.598,4,0.5573,,coarse,B,3.0195,5.0403,3.4438,False,512,152,0.298246,0.384016,False,241.757811,CS(5-4),-3178.1894,-3889.984,star,25.978,3.637,20.263,512,20260825,False,False,,,,1.0324,0.9858,354,287.6,4.0127,5.5306,0.1013,0.999986
GJ 674,GJ 674,6,A002_X1097a87_X795f,4.5509,241.085936,242.914061,15625000.0000,1828125000.0,2998.80,,1.58060,7.90309,3.059965e+14,6.119930e+14,7.209873e+14,6.372687e+14,2.0826,1,1.072318e+15,1.499383e+15,1.421777e+15,1.579707e+15,2904.0000,3.598,4,0.5573,,coarse,B,2.5037,4.8248,3.8844,False,512,370,0.723197,0.826511,False,242.398436,CS(5-4),-2537.5644,-3105.883,star,25.978,3.637,20.263,512,20260825,False,False,,,,1.0478,0.9830,354,269.5,4.0221,5.5535,0.1013,0.999986
GJ 674,GJ 674,6,A002_X1086384_Xdeeb,4.5509,241.085936,242.914061,15625000.0000,1828125000.0,2998.80,,1.44160,7.20806,2.790860e+14,5.581720e+14,6.575809e+14,5.812249e+14,2.0826,1,9.780144e+14,1.367521e+15,1.296741e+15,1.440781e+15,2904.0000,3.598,4,0.5573,,coarse,B,3.1291,4.6502,4.4069,False,512,114,0.224172,0.118908,False,242.257811,CS(5-4),-2678.1894,-3278.003,star,25.978,3.637,20.263,512,20260825,False,False,,,,1.0441,0.9981,354,255.3,4.0316,5.5750,0.0916,0.999988
GJ 674,GJ 674,6,A002_X1093ae8_Xe18,4.5509,241.085936,242.914061,15625000.0000,1828125000.0,2797.20,,1.54083,7.70425,2.982975e+14,5.965950e+14,7.028470e+14,6.212348e+14,2.0826,1,1.045338e+15,1.461658e+15,1.386005e+15,1.539961e+15,2904.0000,3.598,4,0.5199,,coarse,B,3.6866,4.1952,4.8137,False,512,16,0.033138,0.038986,False,241.085936,CS(5-4),-3850.0644,-4712.334,star,25.978,3.637,20.263,512,20260825,False,False,,,,1.0990,0.9633,354,362.7,4.1571,5.6938,0.0933,0.999988
GL 3379 Gaia DR3 3316364602541746048,GL 3379 Gaia DR3 3316364602541746048,6,A002_Xda2c82_X765d,5.2080,212.045896,213.874021,15625000.0000,1828125000.0,2751.84,273,2.47141,12.35753,6.266129e+14,1.253226e+15,1.476422e+15,1.304986e+15,2.0826,1,2.195869e+15,3.070403e+15,2.911484e+15,3.234889e+15,2555.5195,3.598,4,0.4501,1.0000,coarse,B,3.2255,4.2630,3.6619,False,512,74,0.146199,0.115010,False,212.827146,SiO(5-4),-4277.8542,-5907.134,star,29.521,4.133,23.026,512,20260825,False,False,,,,1.0044,0.9396,354,342.5,3.9055,5.3573,0.1891,0.999961
GL 3379 Gaia DR3 3316364602541746048,GL 3379 Gaia DR3 3316364602541746048,6,A002_Xdaef5a_X7167,5.2080,212.047513,213.875638,15625000.0000,1828125000.0,1451.52,,2.36785,11.83962,6.003514e+14,1.200703e+15,1.414545e+15,1.250293e+15,2.0826,1,2.103840e+15,2.941722e+15,2.789464e+15,3.099314e+15,2555.5389,3.598,3,0.2374,,coarse,B,3.0527,4.7070,4.3047,False,512,88,0.173489,0.159844,False,213.797513,SiO(5-4),-3307.4865,-4567.189,star,29.520,4.133,23.026,512,20260825,False,False,,,,1.0738,0.9752,236,188.7,3.9701,5.5382,0.1752,0.999967
GL 3379 Gaia DR3 3316364602541746048,GL 3379 Gaia DR3 3316364602541746048,6,A002_Xdaef5a_X6873,5.2080,212.047616,213.875741,15625000.0000,1828125000.0,2751.84,,1.67640,8.38230,4.250408e+14,8.500816e+14,1.001479e+15,8.851905e+14,2.0826,1,1.489491e+15,2.082700e+15,1.974903e+15,2.194273e+15,2555.5401,3.598,4,0.4501,,coarse,B,3.3251,4.4746,3.8099,False,512,52,0.103314,0.118908,False,213.860116,SiO(5-4),-3244.8838,-4480.743,star,29.520,4.133,23.026,512,20260825,False,False,,,,0.9785,0.9247,354,362.7,3.8362,5.2542,0.1753,0.999967
GL 3379 Gaia DR3 3316364602541746048,GL 3379 Gaia DR3 3316364602541746048,6,A002_Xdb3eb4_X899,5.2080,212.048406,213.876531,15625000.0000,1828125000.0,2751.84,,2.66925,13.34665,6.767680e+14,1.353536e+15,1.594597e+15,1.409438e+15,2.0826,1,2.371631e+15,3.316163e+15,3.144525e+15,3.493815e+15,2555.5496,3.598,4,0.4501,,coarse,B,2.6120,4.3152,3.4785,False,512,289,0.565302,0.555556,False,212.548406,SiO(5-4),-4556.5937,-6292.036,star,29.520,4.133,23.026,512,20260825,False,False,,,,1.0789,0.9316,354,339.4,4.0371,5.5392,0.1673,0.999970
GL 3379 Gaia DR3 3316364602541746048,GL 3379 Gaia DR3 3316364602541746048,6,A002_Xdd0d37_X18197,5.2080,212.059957,213.888082,15625000.0000,1828125000.0,2751.84,,1.73393,8.66971,4.396147e+14,8.792295e+14,1.035818e+15,9.155422e+14,2.0826,1,1.540563e+15,2.154112e+15,2.042619e+15,2.269511e+15,2555.6882,3.598,4,0.4501,,coarse,B,3.3238,4.9198,3.4839,False,512,32,0.064327,0.079922,False,212.122457,SiO(5-4),-4982.5435,-6880.214,star,29.519,4.133,23.025,512,20260825,False,False,,,,0.9329,0.9397,354,260.6,3.7013,5.1153,0.0840,0.999992
GL 3379 Gaia DR3 3316364602541746048,GL 3379 Gaia DR3 3316364602541746048,6,A002_Xdd0d37_X17f99,5.2080,212.060028,213.888153,15625000.0000,1828125000.0,2751.84,,1.79375,8.96881,4.547812e+14,9.095623e+14,1.071553e+15,9.471279e+14,2.0826,1,1.593711e+15,2.228428e+15,2.113088e+15,2.347808e+15,2555.6891,3.598,4,0.4501,,coarse,B,3.6674,5.0314,3.9769,False,512,25,0.050682,0.029240,False,213.716278,SiO(5-4),-3388.7219,-4679.364,star,29.519,4.133,23.025,512,20260825,False,False,,,,1.1098,0.9767,354,293.6,4.1538,5.7217,0.0841,0.999992
GL 3379 Gaia DR3 3316364602541746048,GL 3379 Gaia DR3 3316364602541746048,6,A002_Xda2c82_X765d,5.2080,214.045520,215.873645,15625000.0000,1828125000.0,2751.84,273,2.33077,11.65429,5.909538e+14,1.181908e+15,1.392402e+15,1.230723e+15,2.0826,1,2.070908e+15,2.895674e+15,2.745799e+15,3.050799e+15,2579.5150,3.598,4,0.4543,1.0000,coarse,B,2.4033,4.2875,3.1630,False,512,370,0.723197,0.834308,False,214.061145,SiO(5-4),-3043.8552,-4203.150,star,29.246,4.094,22.812,512,20260825,False,False,,,,0.9851,0.9307,354,343.1,3.8493,5.2800,0.1891,0.999961
GL 3379 Gaia DR3 3316364602541746048,GL 3379 Gaia DR3 3316364602541746048,6,A002_Xdaef5a_X7167,5.2080,214.047153,215.875278,15625000.0000,1828125000.0,1451.52,,2.15367,10.76872,5.460489e+14,1.092098e+15,1.286598e+15,1.137202e+15,2.0826,1,1.913545e+15,2.675640e+15,2.537153e+15,2.818978e+15,2579.5346,3.598,3,0.2396,,coarse,B,2.9353,4.0126,3.6006,False,512,151,0.296296,0.343080,False,214.656528,SiO(5-4),-2448.4723,-3381.007,star,29.246,4.094,22.812,512,20260825,False,False,,,,1.0256,0.9859,236,208.3,3.9218,5.4548,0.1752,0.999966
GL 3379 Gaia DR3 3316364602541746048,GL 3379 Gaia DR3 3316364602541746048,6,A002_Xdaef5a_X6873,5.2080,214.047256,215.875381,15625000.0000,1828125000.0,2751.84,,1.52050,7.60276,3.855128e+14,7.710257e+14,9.083432e+14,8.028696e+14,2.0826,1,1.350971e+15,1.889013e+15,1.791241e+15,1.990210e+15,2579.5358,3.598,4,0.4543,,coarse,B,2.3494,4.5895,3.6595,False,512,419,0.818713,0.918129,False,214.766006,SiO(5-4),-2338.9936,-3229.832,star,29.246,4.094,22.812,512,20260825,False,False,,,,1.0930,0.9984,354,214.6,4.0849,5.6768,0.1753,0.999966
GL 3379 Gaia DR3 3316364602541746048,GL 3379 Gaia DR3 3316364602541746048,6,A002_Xdb3eb4_X899,5.2080,214.048054,215.876179,15625000.0000,1828125000.0,2751.84,,2.49280,12.46437,6.320305e+14,1.264061e+15,1.489187e+15,1.316268e+15,2.0826,1,2.214855e+15,3.096949e+15,2.936657e+15,3.262857e+15,2579.5454,3.598,4,0.4543,,coarse,B,4.3087,4.9249,4.3576,False,512,3,0.007797,0.035088,False,214.329304,SiO(5-4),-2775.6961,-3832.859,star,29.246,4.094,22.812,512,20260825,False,False,,,,1.0035,0.9447,354,331.7,3.9066,5.3635,0.1673,0.999969
GL 3379 Gaia DR3 3316364602541746048,GL 3379 Gaia DR3 3316364602541746048,6,A002_Xdd0d37_X18197,5.2080,214.059713,215.887838,15625000.0000,1828125000.0,2751.84,,1.58696,7.93486,4.023526e+14,8.047052e+14,9.480210e+14,8.379401e+14,2.0826,1,1.409983e+15,1.971528e+15,1.869485e+15,2.077145e+15,2579.6853,3.598,4,0.4543,,coarse,B,2.5275,4.5449,3.4104,False,512,341,0.666667,0.617934,False,215.465963,SiO(5-4),-1639.0374,-2263.288,star,29.244,4.094,22.810,512,20260825,False,False,,,,0.9359,0.9635,354,295.6,3.7829,5.2098,0.0840,0.999992
GL 3379 Gaia DR3 3316364602541746048,GL 3379 Gaia DR3 3316364602541746048,6,A002_Xdd0d37_X17f99,5.2080,214.059785,215.887910,15625000.0000,1828125000.0,2751.84,,1.65977,8.29890,4.208123e+14,8.416245e+14,9.915155e+14,8.763842e+14,2.0826,1,1.474673e+15,2.061980e+15,1.955256e+15,2.172443e+15,2579.6862,3.598,4,0.4543,,coarse,B,2.4125,4.7690,3.6234,False,512,395,0.771930,0.729045,False,214.903535,SiO(5-4),-2201.4651,-3039.924,star,29.244,4.094,22.810,512,20260825,False,False,,,,0.9800,0.9370,354,338.9,3.8489,5.2812,0.0841,0.999992
GL 3379 Gaia DR3 3316364602541746048,GL 3379 Gaia DR3 3316364602541746048,6,A002_Xda2c82_X765d,5.2080,227.043072,228.871197,15625000.0000,1828125000.0,2751.84,273,2.27971,11.39906,5.780115e+14,1.156023e+15,1.361908e+15,1.203769e+15,2.0826,1,2.025553e+15,2.832256e+15,2.685664e+15,2.983984e+15,2735.4856,3.598,4,0.4818,1.0000,coarse,B,2.4254,4.7915,3.6918,False,512,427,0.834308,0.914230,False,228.027447,CO(2-1),-2510.5530,-3264.732,star,27.579,3.861,21.511,512,20260825,False,False,,,,1.0758,1.0130,354,252,4.1203,5.6998,0.1891,0.999956
GL 3379 Gaia DR3 3316364602541746048,GL 3379 Gaia DR3 3316364602541746048,6,A002_Xdaef5a_X7167,5.2080,227.044804,228.872929,15625000.0000,1828125000.0,1451.52,,2.01624,10.08156,5.112054e+14,1.022411e+15,1.204499e+15,1.064637e+15,2.0826,1,1.791442e+15,2.504907e+15,2.375257e+15,2.639098e+15,2735.5064,3.598,3,0.2541,,coarse,B,2.1412,4.1112,3.6365,False,512,462,0.902534,0.914230,False,228.201054,CO(2-1),-2336.9464,-3038.974,star,27.578,3.861,21.511,512,20260825,False,False,,,,0.9856,0.9495,236,228.3,3.7941,5.2633,0.1752,0.999962
GL 3379 Gaia DR3 3316364602541746048,GL 3379 Gaia DR3 3316364602541746048,6,A002_Xdaef5a_X6873,5.2080,227.044914,228.873039,15625000.0000,1828125000.0,2751.84,,1.44660,7.23329,3.667784e+14,7.335568e+14,8.642012e+14,7.638532e+14,2.0826,1,1.285319e+15,1.797214e+15,1.704193e+15,1.893493e+15,2735.5077,3.598,4,0.4818,,coarse,B,2.6654,4.9709,3.8103,False,512,276,0.539961,0.502924,False,228.091789,CO(2-1),-2446.2114,-3181.062,star,27.578,3.861,21.511,512,20260825,False,False,,,,0.9731,0.9822,354,230.2,3.8358,5.3198,0.1753,0.999962
GL 3379 Gaia DR3 3316364602541746048,GL 3379 Gaia DR3 3316364602541746048,6,A002_Xdb3eb4_X899,5.2080,227.045759,228.873884,15625000.0000,1828125000.0,2751.84,,2.36760,11.83841,6.002896e+14,1.200579e+15,1.414399e+15,1.250164e+15,2.0826,1,2.103624e+15,2.941419e+15,2.789177e+15,3.098995e+15,2735.5179,3.598,4,0.4818,,coarse,B,2.6925,4.4101,4.1354,False,512,253,0.495127,0.614035,False,227.873884,CO(2-1),-2664.1157,-3464.426,star,27.578,3.861,21.511,512,20260825,False,False,,,,0.9648,0.9737,354,237.5,3.8100,5.2794,0.1673,0.999965
GL 3379 Gaia DR3 3316364602541746048,GL 3379 Gaia DR3 3316364602541746048,6,A002_Xdd0d37_X18197,5.2080,227.058123,228.886248,15625000.0000,1828125000.0,2751.84,,1.53705,7.68530,3.896983e+14,7.793966e+14,9.182050e+14,8.115862e+14,2.0826,1,1.365638e+15,1.909522e+15,1.810688e+15,2.011817e+15,2735.6662,3.598,4,0.4818,,coarse,B,2.3783,4.5769,3.7273,False,512,423,0.826511,0.883041,False,227.089373,CO(2-1),-3448.6271,-4484.607,star,27.577,3.861,21.510,512,20260825,False,False,,,,1.0438,1.0044,354,269.5,4.0566,5.6011,0.0840,0.999991
GL 3379 Gaia DR3 3316364602541746048,GL 3379 Gaia DR3 3316364602541746048,6,A002_Xdd0d37_X17f99,5.2080,227.058200,228.886325,15625000.0000,1828125000.0,2751.84,,1.59330,7.96656,4.039599e+14,8.079198e+14,9.518081e+14,8.412875e+14,2.0826,1,1.415616e+15,1.979404e+15,1.876953e+15,2.085443e+15,2735.6671,3.598,4,0.4818,,coarse,B,3.0812,4.2408,3.5388,False,512,101,0.198830,0.138402,False,227.276950,CO(2-1),-3261.0504,-4240.682,star,27.577,3.861,21.510,512,20260825,False,False,,,,0.9874,0.9918,354,226.4,3.8786,5.3818,0.0841,0.999991
GL 3379 Gaia DR3 3316364602541746048,GL 3379 Gaia DR3 3316364602541746048,6,A002_Xda2c82_X765d,5.2080,229.036592,230.876925,488281.2500,1840332031.2,2751.84,273,14.20205,71.01344,1.125274e+14,2.250548e+14,2.651364e+14,2.346627e+14,2.0854,1,3.230738e+14,3.236377e+14,3.194156e+14,3.275787e+14,2759.4811,3.598,75,15.55,0.9987,fine,A,4.3307,5.5696,5.1014,False,512,366,0.715400,0.711501,False,230.842745,CO(2-1),304.7448,396.291,star,27.339,3.827,21.324,512,20260825,False,False,,,,1.0229,0.9739,278980,3.259e+05,5.4051,6.6035,0.1891,0.999955
GL 3379 Gaia DR3 3316364602541746048,GL 3379 Gaia DR3 3316364602541746048,6,A002_Xdaef5a_X7167,5.2080,229.038339,230.878671,488281.2500,1840332031.2,1451.52,,12.94311,64.71807,1.025518e+14,2.051036e+14,2.416320e+14,2.135745e+14,2.0826,1,2.944332e+14,2.949471e+14,2.910993e+14,2.985387e+14,2759.5021,3.598,39,8.203,,fine,A,4.4827,5.4050,5.1688,False,512,151,0.296296,0.323587,False,229.727304,CO(2-1),-810.6959,-1054.232,star,27.339,3.827,21.324,512,20260825,False,False,,,,1.0295,0.9875,143260,1.041e+05,5.2503,6.4982,0.1752,0.999961
GL 3379 Gaia DR3 3316364602541746048,GL 3379 Gaia DR3 3316364602541746048,6,A002_Xdaef5a_X6873,5.2080,229.038450,230.878782,488281.2500,1840332031.2,2751.84,,9.30814,46.54251,7.375092e+13,1.475018e+14,1.737715e+14,1.535938e+14,2.0826,1,2.117439e+14,2.121135e+14,2.093463e+14,2.146965e+14,2759.5034,3.598,75,15.55,,fine,A,4.9481,5.6283,5.6444,True,512,52,0.103314,0.109162,False,229.888548,CO(2-1),-649.4521,-844.550,star,27.339,3.827,21.324,512,20260825,False,False,,,,1.0312,0.9870,278980,2.488e+05,5.4142,6.6340,0.1753,0.999961
GL 3379 Gaia DR3 3316364602541746048,GL 3379 Gaia DR3 3316364602541746048,6,A002_Xdb3eb4_X899,5.2080,229.039303,230.879635,488281.2500,1840332031.2,2751.84,,15.03930,75.19918,1.191601e+14,2.383201e+14,2.807643e+14,2.481629e+14,2.0826,1,3.421167e+14,3.427139e+14,3.382429e+14,3.468872e+14,2759.5136,3.598,75,15.55,,fine,A,4.7551,6.0842,5.0636,False,512,87,0.171540,0.144250,False,230.430905,CO(2-1),-107.0951,-139.267,star,27.338,3.827,21.324,512,20260825,False,False,,,,1.0146,0.9837,278980,2.626e+05,5.3703,6.5764,0.1673,0.999965
GL 3379 Gaia DR3 3316364602541746048,GL 3379 Gaia DR3 3316364602541746048,6,A002_Xdd0d37_X18197,5.2080,229.051775,230.892107,488281.2500,1840332031.2,2751.84,,9.82481,49.12448,7.784229e+13,1.556846e+14,1.834116e+14,1.621145e+14,2.0826,1,2.234905e+14,2.238807e+14,2.209599e+14,2.266069e+14,2759.6633,3.598,75,15.55,,fine,A,4.4475,5.8194,4.9265,False,512,282,0.551657,0.610136,False,230.019061,CO(2-1),-518.9394,-674.831,star,27.337,3.827,21.323,512,20260825,False,False,,,,1.0291,0.9980,278980,2.022e+05,5.4001,6.6320,0.0840,0.999991
GL 3379 Gaia DR3 3316364602541746048,GL 3379 Gaia DR3 3316364602541746048,6,A002_Xdd0d37_X17f99,5.2080,229.051853,230.892185,488281.2500,1840332031.2,2751.84,,10.03989,50.19988,7.954637e+13,1.590927e+14,1.874267e+14,1.656634e+14,2.0826,1,2.283831e+14,2.287817e+14,2.257971e+14,2.315676e+14,2759.6642,3.598,75,15.55,,fine,A,4.1020,5.6947,5.2722,False,512,478,0.933723,0.966862,False,230.680759,CO(2-1),142.7590,185.644,star,27.337,3.827,21.323,512,20260825,False,False,,,,1.0299,0.9811,278980,2.724e+05,5.4110,6.6235,0.0841,0.999991
LSR J1835+3259,LSR J18353259,3,A002_Xba3ea7_X2ab4,5.6885,89.627387,91.361762,15625000.0000,1734375000.0,2588.54,1284,0.16923,0.84699,5.123958e+13,1.024792e+14,1.207304e+14,1.067116e+14,2.0826,1,1.795613e+14,2.510739e+14,2.380788e+14,2.645243e+14,1085.9349,3.598,2,0.1799,1.0000,coarse,B,2.0124,4.0986,3.7921,False,512,465,0.908382,0.922027,False,91.299262,HCO+(1-0),2110.2625,7093.260,star,69.471,9.726,54.187,512,20260825,False,False,,,,0.9611,1.0137,112,108.6,3.6915,5.2392,1.3103,0.999014
LSR J1835+3259,LSR J18353259,3,A002_Xbb44e1_X5d00,5.6885,89.627387,91.361762,15625000.0000,1734375000.0,2092.61,,0.22068,1.10450,6.681814e+13,1.336363e+14,1.574365e+14,1.391555e+14,2.0826,1,2.341540e+14,3.274089e+14,3.104628e+14,3.449486e+14,1085.9349,3.598,2,0.1454,,coarse,B,2.3485,3.9803,3.4720,False,512,341,0.666667,0.715400,False,,HCO+(1-0),2157.1375,7250.822,star,69.471,9.726,54.187,512,20260825,False,False,,,,0.9487,1.0049,112,116.7,3.6694,5.1956,1.3103,0.999014
LSR J1835+3259,LSR J18353259,3,A002_Xba3ea7_X2ab4,5.6885,91.564887,93.299262,15625000.0000,1734375000.0,2588.54,1284,0.17574,0.87959,5.321197e+13,1.064239e+14,1.253778e+14,1.108193e+14,2.0826,1,1.864733e+14,2.607387e+14,2.472433e+14,2.747068e+14,1109.1849,3.598,2,0.1838,1.0000,coarse,B,2.8079,4.1248,4.0229,False,512,136,0.267057,0.339181,False,93.096137,HCO+(1-0),3907.1375,13133.126,star,68.015,9.522,53.051,512,20260825,False,False,,,,1.0434,0.9947,112,109.7,3.8122,5.4087,1.3103,0.998972
LSR J1835+3259,LSR J18353259,3,A002_Xbb44e1_X5d00,5.6885,91.564887,93.299262,15625000.0000,1734375000.0,2092.61,,0.22031,1.10269,6.670832e+13,1.334166e+14,1.571778e+14,1.389268e+14,2.0826,1,2.337691e+14,3.268708e+14,3.099525e+14,3.443817e+14,1109.1849,3.598,2,0.1485,,coarse,B,2.0244,4.4538,3.7597,False,512,462,0.902534,0.849903,False,,HCO+(1-0),3063.3875,10297.015,star,68.015,9.522,53.051,512,20260825,False,False,,,,1.0441,1.0299,112,91.05,3.8309,5.4691,1.3103,0.998972
LSR J1835+3259,LSR J18353259,3,A002_Xba3ea7_X2ab4,5.6885,101.627387,103.361762,15625000.0000,1734375000.0,2588.54,1284,0.17798,0.89104,5.390426e+13,1.078085e+14,1.270089e+14,1.122611e+14,2.0826,1,1.888993e+14,2.641309e+14,2.504599e+14,2.782807e+14,1229.9349,3.598,2,0.2038,1.0000,coarse,B,1.8887,4.1581,4.3589,False,512,490,0.957115,0.933723,False,102.736762,CN(1-0),-10754.2375,-28407.885,star,61.337,8.587,47.843,512,20260825,False,False,,,,0.9237,1.0368,112,83.47,3.5993,5.1538,1.3103,0.998736
LSR J1835+3259,LSR J18353259,3,A002_Xbb44e1_X5d00,5.6885,101.627387,103.361762,15625000.0000,1734375000.0,2092.61,,0.23094,1.15618,6.994439e+13,1.398888e+14,1.648026e+14,1.456663e+14,2.0826,1,2.451095e+14,3.427275e+14,3.249886e+14,3.610879e+14,1229.9349,3.598,2,0.1647,,coarse,B,2.7266,4.3891,3.5299,False,512,162,0.317739,0.354776,False,,CN(1-0),-11504.2375,-30389.050,star,61.337,8.587,47.843,512,20260825,False,False,,,,1.1272,1.0287,112,98.21,4.0027,5.6997,1.3103,0.998736
LSR J1835+3259,LSR J18353259,3,A002_Xba3ea7_X2ab4,5.6885,103.627387,105.361762,15625000.0000,1734375000.0,2588.54,1284,0.18425,0.92244,5.580433e+13,1.116087e+14,1.314858e+14,1.162182e+14,2.0826,1,1.955578e+14,2.734412e+14,2.592884e+14,2.880898e+14,1253.9349,3.598,2,0.2077,1.0000,coarse,B,2.3399,4.3493,3.9803,False,512,330,0.645224,0.602339,False,104.189887,CN(1-0),-9301.1125,-24569.379,star,60.163,8.423,46.927,512,20260825,False,False,,,,1.0432,1.0374,112,85.68,3.8268,5.4747,1.3103,0.998686
LSR J1835+3259,LSR J18353259,3,A002_Xbb44e1_X5d00,5.6885,103.627387,105.361762,15625000.0000,1734375000.0,2092.61,,0.23667,1.18491,7.168238e+13,1.433648e+14,1.688976e+14,1.492858e+14,2.0826,1,2.512000e+14,3.512437e+14,3.330639e+14,3.700603e+14,1253.9349,3.598,2,0.1679,,coarse,B,3.9335,4.3895,3.9335,False,512,4,0.009747,0.007797,False,,CN(1-0),-9176.1125,-24239.185,star,60.163,8.423,46.927,512,20260825,False,False,,,,1.0201,1.0054,112,105.5,3.7789,5.3683,1.3103,0.998686
HN Lib,HN Lib,6,A002_Xdcf222_X4da7,6.2530,212.077223,213.905348,15625000.0000,1828125000.0,2600.64,,2.06036,10.30189,7.530581e+14,1.506116e+15,1.774351e+15,1.568320e+15,2.0826,1,2.638978e+15,3.689985e+15,3.498998e+15,3.887663e+15,2555.8954,3.598,4,0.4254,,coarse,B,2.7825,4.5699,3.9897,False,512,210,0.411306,0.380117,False,212.327223,SiO(5-4),-4777.7770,-6597.460,star,29.516,4.132,23.023,512,20260825,False,False,,,,0.9339,0.9626,354,263.3,3.7510,5.1825,0.0806,0.999993
HN Lib,HN Lib,6,A002_Xdcbe57_X2dd3,6.2530,212.078482,213.906607,15625000.0000,1828125000.0,2600.64,,1.96265,9.81328,7.173411e+14,1.434682e+15,1.690195e+15,1.493935e+15,2.0826,1,2.513813e+15,3.514971e+15,3.333042e+15,3.703273e+15,2555.9105,3.598,4,0.4254,,coarse,B,2.3638,4.7568,3.1242,False,512,416,0.812865,0.865497,False,212.422232,SiO(5-4),-4682.7685,-6466.266,star,29.516,4.132,23.023,512,20260825,False,False,,,,1.0675,0.9717,354,300.3,4.0652,5.5962,0.0685,0.999995
HN Lib,HN Lib,6,A002_Xdcad18_X305b,6.2530,212.078792,213.906917,15625000.0000,1828125000.0,2600.64,,2.04100,10.20504,7.459785e+14,1.491957e+15,1.757670e+15,1.553576e+15,2.0826,1,2.614168e+15,3.655295e+15,3.466103e+15,3.851114e+15,2555.9143,3.598,4,0.4254,,coarse,B,2.9946,4.3439,3.1399,False,512,126,0.247563,0.309942,False,212.422542,SiO(5-4),-4682.4580,-6465.837,star,29.516,4.132,23.023,512,20260825,False,False,,,,1.0742,0.9395,354,326.9,4.0346,5.5413,0.0660,0.999995
HN Lib,HN Lib,6,A002_Xdc946c_X226,6.2530,212.079364,213.907489,15625000.0000,1828125000.0,2600.64,,2.64836,13.24186,9.679670e+14,1.935934e+15,2.280719e+15,2.015889e+15,2.0826,1,3.392093e+15,4.743038e+15,4.497547e+15,4.997130e+15,2555.9211,3.598,4,0.4254,,coarse,B,3.4523,5.0493,3.8789,False,512,38,0.076023,0.111111,False,213.844989,SiO(5-4),-3260.0108,-4501.631,star,29.516,4.132,23.023,512,20260825,False,False,,,,1.0556,0.9912,354,252.5,4.0379,5.5855,0.0609,0.999996
HN Lib,HN Lib,6,A002_Xdc621b_X2bb0,6.2530,212.080541,213.908666,15625000.0000,1828125000.0,1451.52,144,2.32822,11.64112,8.509548e+14,1.701910e+15,2.005015e+15,1.772202e+15,2.0826,1,2.982042e+15,4.169679e+15,3.953863e+15,4.393054e+15,2555.9352,3.598,3,0.2374,1.0000,coarse,B,2.4181,4.7670,4.2514,False,512,355,0.693957,0.775828,False,213.643041,SiO(5-4),-3461.9591,-4780.494,star,29.516,4.132,23.022,512,20260825,False,False,,,,0.9400,0.9562,236,250.1,3.7386,5.1728,0.0529,0.999997
HN Lib,HN Lib,6,A002_Xdcf222_X4da7,6.2530,214.077141,215.905266,15625000.0000,1828125000.0,2600.64,,1.91021,9.55112,6.981777e+14,1.396355e+15,1.645042e+15,1.454026e+15,2.0826,1,2.446657e+15,3.421070e+15,3.244002e+15,3.604342e+15,2579.8944,3.598,4,0.4294,,coarse,B,2.5505,3.9045,3.5628,False,512,306,0.598441,0.660819,False,215.342766,SiO(5-4),-1762.2338,-2433.405,star,29.242,4.094,22.809,512,20260825,False,False,,,,1.0009,0.9761,354,215.8,3.8628,5.3673,0.0806,0.999993
HN Lib,HN Lib,6,A002_Xdcbe57_X2dd3,6.2530,214.078412,215.906537,15625000.0000,1828125000.0,2600.64,,1.81842,9.09214,6.646265e+14,1.329253e+15,1.565989e+15,1.384152e+15,2.0826,1,2.329082e+15,3.256670e+15,3.088110e+15,3.431134e+15,2579.9097,3.598,4,0.4294,,coarse,B,2.3671,4.3097,3.4276,False,512,429,0.838207,0.906433,False,214.719037,SiO(5-4),-2385.9635,-3294.691,star,29.242,4.094,22.808,512,20260825,False,False,,,,0.9773,0.9789,354,293.8,3.8945,5.3644,0.0685,0.999995
HN Lib,HN Lib,6,A002_Xdcad18_X305b,6.2530,214.078725,215.906850,15625000.0000,1828125000.0,2600.64,,1.89167,9.45842,6.914011e+14,1.382802e+15,1.629075e+15,1.439913e+15,2.0826,1,2.422910e+15,3.387865e+15,3.212515e+15,3.569358e+15,2579.9134,3.598,4,0.4294,,coarse,B,2.9596,4.1270,4.2690,False,512,151,0.296296,0.352827,False,215.141225,SiO(5-4),-1963.7751,-2711.706,star,29.242,4.094,22.808,512,20260825,False,False,,,,1.0717,0.9883,354,220.4,4.0302,5.5965,0.0660,0.999995
HN Lib,HN Lib,6,A002_Xdc946c_X226,6.2530,214.079302,215.907427,15625000.0000,1828125000.0,2600.64,,2.47893,12.39470,9.060406e+14,1.812081e+15,2.134808e+15,1.886921e+15,2.0826,1,3.175081e+15,4.439599e+15,4.209813e+15,4.677435e+15,2579.9204,3.598,4,0.4294,,coarse,B,2.9884,4.1609,3.3944,False,512,105,0.206628,0.267057,False,214.501177,SiO(5-4),-2603.8225,-3595.525,star,29.241,4.094,22.808,512,20260825,False,False,,,,1.0836,0.9133,354,342.3,4.0118,5.5032,0.0609,0.999996
HN Lib,HN Lib,6,A002_Xdc621b_X2bb0,6.2530,214.080490,215.908615,15625000.0000,1828125000.0,1451.52,144,2.14914,10.74573,7.855024e+14,1.571005e+15,1.850797e+15,1.635890e+15,2.0826,1,2.752674e+15,3.848962e+15,3.649746e+15,4.055156e+15,2579.9346,3.598,3,0.2397,1.0000,coarse,B,2.0134,4.2313,3.2932,False,512,492,0.961014,0.937622,False,215.705490,SiO(5-4),-1399.5098,-1932.533,star,29.241,4.094,22.808,512,20260825,False,False,,,,1.0133,0.9642,236,236.2,3.8854,5.3847,0.0529,0.999997
HN Lib,HN Lib,6,A002_Xdcf222_X4da7,6.2530,227.076605,228.904730,15625000.0000,1828125000.0,2600.64,,1.84529,9.22654,6.744508e+14,1.348902e+15,1.589137e+15,1.404612e+15,2.0826,1,2.363510e+15,3.304809e+15,3.133758e+15,3.481852e+15,2735.8880,3.598,4,0.4554,,coarse,B,2.1554,4.6054,2.8120,False,512,486,0.949318,0.988304,False,228.451605,CO(2-1),-2086.3946,-2713.155,star,27.574,3.860,21.508,512,20260825,False,False,,,,1.0072,0.9818,354,288.6,3.9556,5.4513,0.0806,0.999992
HN Lib,HN Lib,6,A002_Xdcbe57_X2dd3,6.2530,227.077953,228.906078,15625000.0000,1828125000.0,2600.64,,1.96082,9.80417,7.166750e+14,1.433350e+15,1.688626e+15,1.492548e+15,2.0826,1,2.511479e+15,3.511708e+15,3.329948e+15,3.699835e+15,2735.9042,3.598,4,0.4554,,coarse,B,2.8586,4.7334,3.5546,False,512,239,0.467836,0.508772,False,227.843578,CO(2-1),-2694.4225,-3503.837,star,27.574,3.860,21.508,512,20260825,False,False,,,,1.1266,1.0453,354,195.4,4.2175,5.8771,0.0685,0.999994
HN Lib,HN Lib,6,A002_Xdcad18_X305b,6.2530,227.078285,228.906410,15625000.0000,1828125000.0,2600.64,,1.84267,9.21338,6.734894e+14,1.346979e+15,1.586872e+15,1.402610e+15,2.0826,1,2.360141e+15,3.300098e+15,3.129291e+15,3.476889e+15,2735.9082,3.598,4,0.4554,,coarse,B,2.1147,4.2351,3.0855,False,512,490,0.957115,0.877193,False,228.156410,CO(2-1),-2381.5901,-3097.029,star,27.574,3.860,21.508,512,20260825,False,False,,,,1.0439,0.9459,354,270.9,3.9423,5.4426,0.0660,0.999995
HN Lib,HN Lib,6,A002_Xdc946c_X226,6.2530,227.078897,228.907022,15625000.0000,1828125000.0,2600.64,,2.41762,12.08818,8.836342e+14,1.767268e+15,2.082014e+15,1.840258e+15,2.0826,1,3.096562e+15,4.329808e+15,4.105704e+15,4.561762e+15,2735.9155,3.598,4,0.4554,,coarse,B,2.7736,4.4932,3.4950,False,512,217,0.424951,0.265107,False,227.328897,CO(2-1),-3209.1027,-4173.129,star,27.574,3.860,21.508,512,20260825,False,False,,,,0.9828,0.9466,354,322.7,3.8626,5.3070,0.0609,0.999995
HN Lib,HN Lib,6,A002_Xdc621b_X2bb0,6.2530,227.080122,228.908247,15625000.0000,1828125000.0,1451.52,144,2.07422,10.37111,7.581182e+14,1.516236e+15,1.786274e+15,1.578860e+15,2.0826,1,2.656710e+15,3.714779e+15,3.522509e+15,3.913785e+15,2735.9302,3.598,3,0.2542,1.0000,coarse,B,2.8889,4.3965,3.0760,False,512,177,0.346979,0.354776,False,228.455122,CO(2-1),-2082.8784,-2708.583,star,27.574,3.860,21.508,512,20260825,False,False,,,,1.0871,0.9915,236,225.3,4.0721,5.6510,0.0529,0.999997
HN Lib,HN Lib,6,A002_Xdcf222_X4da7,6.2530,229.070420,230.910752,488281.2500,1840332031.2,2600.64,,11.69759,58.48844,1.336077e+14,2.672155e+14,3.148058e+14,2.782517e+14,2.0826,1,3.835970e+14,3.842666e+14,3.792535e+14,3.889458e+14,2759.8870,3.598,79,14.7,,fine,A,4.1461,6.0410,5.1035,False,512,477,0.931774,0.906433,False,230.072373,CO(2-1),-465.6268,-605.503,star,27.335,3.827,21.321,512,20260825,False,False,,,,1.0298,0.9814,294060,3.031e+05,5.4313,6.6407,0.0806,0.999992
HN Lib,HN Lib,6,A002_Xdcbe57_X2dd3,6.2530,229.071779,230.912111,488281.2500,1840332031.2,2600.64,,11.15927,55.79666,1.274588e+14,2.549176e+14,3.003177e+14,2.654459e+14,2.0826,1,3.659429e+14,3.665817e+14,3.617993e+14,3.710456e+14,2759.9033,3.598,79,14.7,,fine,A,4.4229,5.6400,5.2934,False,512,314,0.614035,0.547758,False,230.896486,CO(2-1),358.4860,466.177,star,27.335,3.827,21.321,512,20260825,False,False,,,,1.0287,0.9907,294060,2.505e+05,5.4186,6.6388,0.0685,0.999994
HN Lib,HN Lib,6,A002_Xdcad18_X305b,6.2530,229.072114,230.912446,488281.2500,1840332031.2,2600.64,,11.56991,57.84987,1.321490e+14,2.642981e+14,3.113688e+14,2.752137e+14,2.0826,1,3.794089e+14,3.800712e+14,3.751128e+14,3.846993e+14,2759.9074,3.598,79,14.7,,fine,A,4.5341,5.7560,5.2729,False,512,240,0.469786,0.397661,False,229.858735,CO(2-1),-679.2647,-883.318,star,27.335,3.827,21.321,512,20260825,False,False,,,,1.0285,1.0009,294060,2.141e+05,5.4165,6.6479,0.0660,0.999995
HN Lib,HN Lib,6,A002_Xdc946c_X226,6.2530,229.072732,230.913064,488281.2500,1840332031.2,2600.64,,15.05899,75.29530,1.720004e+14,3.440008e+14,4.052664e+14,3.582083e+14,2.0826,1,4.938249e+14,4.946869e+14,4.882333e+14,5.007108e+14,2759.9148,3.598,79,14.7,,fine,A,4.6749,5.6942,5.1360,False,512,150,0.294347,0.239766,False,229.470193,CO(2-1),-1067.8070,-1388.580,star,27.334,3.827,21.321,512,20260825,False,False,,,,1.0186,0.9752,294060,3.681e+05,5.4188,6.6117,0.0609,0.999995
HN Lib,HN Lib,6,A002_Xdc621b_X2bb0,6.2530,229.074003,230.914335,488281.2500,1840332031.2,1451.52,144,13.17659,65.88319,1.504999e+14,3.009998e+14,3.546071e+14,3.138501e+14,2.0854,1,4.320955e+14,4.328498e+14,4.272029e+14,4.381206e+14,2759.9300,3.598,42,8.204,0.9987,fine,A,4.2403,5.9787,5.3611,False,512,350,0.684211,0.715400,False,229.678007,CO(2-1),-859.9934,-1118.339,star,27.334,3.827,21.321,512,20260825,False,False,,,,1.0235,0.9970,154570,1.124e+05,5.2735,6.5209,0.0529,0.999996
GJ 581,GJ 581,6,A002_Xd16a1e_X8d4,6.3005,223.085939,224.914064,15625000.0000,1828125000.0,2998.80,2975,1.73006,8.65139,6.420411e+14,1.284082e+15,1.512774e+15,1.337116e+15,2.0826,1,2.249935e+15,3.146001e+15,2.983170e+15,3.314537e+15,2688.0000,3.598,4,0.5159,1.0000,coarse,B,2.2600,4.3310,3.2552,False,512,472,0.922027,0.918129,False,224.679689,13CO(2-1),4280.6894,5822.705,star,28.066,3.929,21.891,512,20260825,False,False,,,,1.0638,0.9851,354,286.3,4.0728,5.6141,0.3261,0.999873
GJ 581,GJ 581,6,A002_Xd1daeb_X282,6.3005,223.085939,224.914064,15625000.0000,1828125000.0,2998.80,,1.58834,7.94265,5.894444e+14,1.178889e+15,1.388846e+15,1.227578e+15,2.0826,1,2.065618e+15,2.888277e+15,2.738785e+15,3.043007e+15,2688.0000,3.598,4,0.5159,,coarse,B,2.7215,4.6418,4.3580,False,512,271,0.530214,0.614035,False,224.835939,13CO(2-1),4436.9394,6035.240,star,28.066,3.929,21.891,512,20260825,False,False,,,,1.0037,0.9996,354,233.8,3.9336,5.4531,0.3168,0.999880
GJ 581,GJ 581,6,A002_Xd1b0f3_X2f3,6.3005,223.085939,224.914064,15625000.0000,1828125000.0,2998.80,,1.59185,7.96025,5.907502e+14,1.181500e+15,1.391922e+15,1.230297e+15,2.0826,1,2.070194e+15,2.894676e+15,2.744853e+15,3.049748e+15,2688.0000,3.598,4,0.5159,,coarse,B,2.9796,4.3019,3.8867,False,512,135,0.265107,0.192982,False,224.445314,13CO(2-1),4046.3144,5503.902,star,28.066,3.929,21.891,512,20260825,False,False,,,,1.0804,0.9687,354,241.4,4.0314,5.5835,0.3200,0.999877
GJ 581,GJ 581,6,A002_Xd248b5_X2fa,6.3005,223.085939,224.914064,15625000.0000,1828125000.0,2998.80,,1.23968,6.19908,4.600495e+14,9.200989e+14,1.083966e+15,9.580996e+14,2.0826,1,1.612173e+15,2.254242e+15,2.137567e+15,2.375005e+15,2688.0000,3.598,4,0.5159,,coarse,B,2.8419,4.1967,3.3596,False,512,205,0.401559,0.378168,False,224.226564,13CO(2-1),3827.5644,5206.353,star,28.066,3.929,21.891,512,20260825,False,False,,,,1.0755,0.9769,354,265.8,4.0617,5.6103,0.3021,0.999891
GJ 581,GJ 581,6,A002_Xd1c06f_X4a7,6.3005,223.085939,224.914064,15625000.0000,1828125000.0,2998.80,,2.27608,11.38180,8.446717e+14,1.689343e+15,1.990211e+15,1.759114e+15,2.0826,1,2.960023e+15,4.138891e+15,3.924670e+15,4.360618e+15,2688.0000,3.598,4,0.5159,,coarse,B,2.5466,4.7721,3.5570,False,512,319,0.623782,0.684211,False,224.257814,13CO(2-1),3858.8144,5248.860,star,28.066,3.929,21.891,512,20260825,False,False,,,,1.0373,0.9491,354,292.4,3.9535,5.4464,0.3189,0.999878
GJ 581,GJ 581,6,A002_Xd21a3a_X8a5a,6.3005,223.085939,224.914064,15625000.0000,1828125000.0,2998.80,,1.22847,6.14305,4.558915e+14,9.117830e+14,1.074169e+15,9.494403e+14,2.0826,1,1.597602e+15,2.233868e+15,2.118247e+15,2.353540e+15,2688.0000,3.598,4,0.5159,,coarse,B,3.2220,4.4717,3.4670,False,512,73,0.144250,0.136452,False,223.226564,13CO(2-1),2827.5644,3846.127,star,28.066,3.929,21.891,512,20260825,False,False,,,,1.1002,0.9661,354,262.2,4.0857,5.6457,0.3066,0.999887
GJ 581,GJ 581,6,A002_Xd1c06f_X9f4c,6.3005,223.085939,224.914064,15625000.0000,1828125000.0,2998.80,,1.97542,9.87829,7.330924e+14,1.466185e+15,1.727308e+15,1.526739e+15,2.0826,1,2.569011e+15,3.592153e+15,3.406229e+15,3.784590e+15,2688.0000,3.598,4,0.5159,,coarse,B,2.6919,4.6195,3.8459,False,512,285,0.557505,0.520468,False,224.054689,13CO(2-1),3655.6894,4972.564,star,28.066,3.929,21.891,512,20260825,False,False,,,,0.9910,0.9996,354,237.5,3.9124,5.4213,0.3179,0.999879
GJ 581,GJ 581,6,A002_Xd1b0f3_Xb67,6.3005,223.085939,224.914064,15625000.0000,1828125000.0,2998.80,,1.83114,9.15681,6.795496e+14,1.359099e+15,1.601151e+15,1.415231e+15,2.0826,1,2.381378e+15,3.329793e+15,3.157449e+15,3.508175e+15,2688.0000,3.598,4,0.5159,,coarse,B,3.0323,3.9686,3.7886,False,512,112,0.220273,0.115010,False,224.039064,13CO(2-1),3640.0644,4951.310,star,28.066,3.929,21.891,512,20260825,False,False,,,,0.9783,0.9384,354,305.9,3.8251,5.2630,0.3200,0.999877
GJ 581,GJ 581,6,A002_Xd16a1e_Xf0d,6.3005,223.085939,224.914064,15625000.0000,1828125000.0,2997.79,,2.21778,11.09030,8.230390e+14,1.646078e+15,1.939240e+15,1.714062e+15,2.0826,1,2.884215e+15,4.032891e+15,3.824156e+15,4.248939e+15,2688.0000,3.598,4,0.5157,,coarse,B,2.9466,4.6173,3.8277,False,512,171,0.335283,0.198830,False,224.679689,13CO(2-1),4280.6894,5822.705,star,28.066,3.929,21.891,512,20260825,False,False,,,,0.9639,0.9755,354,294.3,3.8615,5.3188,0.3261,0.999873
GJ 581,GJ 581,6,A002_Xd16a1e_X8d4,6.3005,225.085939,226.914064,15625000.0000,1828125000.0,2998.80,2975,1.63696,8.18585,6.074926e+14,1.214985e+15,1.431371e+15,1.265165e+15,2.0826,1,2.128865e+15,2.976714e+15,2.822644e+15,3.136180e+15,2712.0000,3.598,4,0.5205,1.0000,coarse,B,3.2476,4.3711,4.1056,False,512,88,0.173489,0.187135,False,225.460939,13CO(2-1),5061.9394,6885.382,star,27.817,3.894,21.698,512,20260825,False,False,,,,0.9647,0.9906,354,266.8,3.8703,5.3453,0.3261,0.999870
GJ 581,GJ 581,6,A002_Xd1daeb_X282,6.3005,225.085939,226.914064,15625000.0000,1828125000.0,2998.80,,1.48898,7.44580,5.525713e+14,1.105143e+15,1.301965e+15,1.150786e+15,2.0826,1,1.936402e+15,2.707599e+15,2.567459e+15,2.852649e+15,2712.0000,3.598,4,0.5205,,coarse,B,2.7691,4.8209,3.5154,False,512,235,0.460039,0.576998,False,226.820314,CO(2-1),-3717.6856,-4834.492,star,27.817,3.894,21.698,512,20260825,False,False,,,,1.0114,0.9699,354,284.5,3.9369,5.4276,0.3168,0.999878
GJ 581,GJ 581,6,A002_Xd1b0f3_X2f3,6.3005,225.085939,226.914064,15625000.0000,1828125000.0,2998.80,,1.49445,7.47316,5.546018e+14,1.109204e+15,1.306750e+15,1.155015e+15,2.0826,1,1.943518e+15,2.717549e+15,2.576893e+15,2.863132e+15,2712.0000,3.598,4,0.5205,,coarse,B,2.6110,4.5946,3.3620,False,512,322,0.629630,0.518519,False,225.085939,13CO(2-1),4686.9394,6375.297,star,27.817,3.894,21.698,512,20260825,False,False,,,,1.0399,0.9814,354,272,4.0055,5.5291,0.3200,0.999875
GJ 581,GJ 581,6,A002_Xd248b5_X2fa,6.3005,225.085939,226.914064,15625000.0000,1828125000.0,2998.80,,1.13977,5.69948,4.229730e+14,8.459461e+14,9.966068e+14,8.808842e+14,2.0826,1,1.482245e+15,2.072568e+15,1.965295e+15,2.183598e+15,2712.0000,3.598,4,0.5205,,coarse,B,2.2071,4.7769,3.6285,False,512,467,0.912281,0.904483,False,225.132814,13CO(2-1),4733.8144,6439.058,star,27.817,3.894,21.698,512,20260825,False,False,,,,1.0247,0.9465,354,372.4,3.9797,5.4469,0.3021,0.999889
GJ 581,GJ 581,6,A002_Xd1c06f_X4a7,6.3005,225.085939,226.914064,15625000.0000,1828125000.0,2998.80,,2.16462,10.82446,8.033102e+14,1.606620e+15,1.892755e+15,1.672975e+15,2.0826,1,2.815078e+15,3.936220e+15,3.732488e+15,4.147089e+15,2712.0000,3.598,4,0.5205,,coarse,B,2.7013,4.4064,3.5823,False,512,259,0.506823,0.526316,False,225.789064,CO(2-1),-4748.9356,-6175.533,star,27.817,3.894,21.698,512,20260825,False,False,,,,1.0206,0.9805,354,237.9,3.9335,5.4502,0.3189,0.999876
GJ 581,GJ 581,6,A002_Xd21a3a_X8a5a,6.3005,225.085939,226.914064,15625000.0000,1828125000.0,2998.80,,1.13806,5.69098,4.223415e+14,8.446831e+14,9.951188e+14,8.795691e+14,2.0826,1,1.480032e+15,2.069474e+15,1.962361e+15,2.180338e+15,2712.0000,3.598,4,0.5205,,coarse,B,2.1074,4.2627,3.4526,False,512,486,0.949318,0.920078,False,225.117189,13CO(2-1),4718.1894,6417.804,star,27.817,3.894,21.698,512,20260825,False,False,,,,1.0331,0.9695,354,289.4,3.9834,5.4892,0.3066,0.999885
GJ 581,GJ 581,6,A002_Xd1c06f_X9f4c,6.3005,225.085939,226.914064,15625000.0000,1828125000.0,2998.80,,1.86770,9.33964,6.931185e+14,1.386237e+15,1.633122e+15,1.443489e+15,2.0826,1,2.428928e+15,3.396281e+15,3.220495e+15,3.578224e+15,2712.0000,3.598,4,0.5205,,coarse,B,2.4392,4.3273,3.2879,False,512,394,0.769981,0.812865,False,225.585939,CO(2-1),-4952.0606,-6439.678,star,27.817,3.894,21.698,512,20260825,False,False,,,,1.0376,0.9420,354,343.1,3.9774,5.4557,0.3179,0.999877
GJ 581,GJ 581,6,A002_Xd1b0f3_Xb67,6.3005,225.085939,226.914064,15625000.0000,1828125000.0,2998.80,,1.73923,8.69725,6.454451e+14,1.290890e+15,1.520794e+15,1.344205e+15,2.0826,1,2.261864e+15,3.162681e+15,2.998986e+15,3.332110e+15,2712.0000,3.598,4,0.5205,,coarse,B,2.6881,4.9362,3.5141,False,512,286,0.559454,0.736842,False,225.945314,CO(2-1),-4592.6856,-5972.345,star,27.817,3.894,21.698,512,20260825,False,False,,,,1.0086,0.9897,354,257.1,3.9464,5.4561,0.3200,0.999875
GJ 581,GJ 581,6,A002_Xd16a1e_Xf0d,6.3005,225.085939,226.914064,15625000.0000,1828125000.0,2998.80,,2.11572,10.57997,7.851664e+14,1.570333e+15,1.850005e+15,1.635189e+15,2.0826,1,2.751496e+15,3.847315e+15,3.648185e+15,4.053421e+15,2712.0000,3.598,4,0.5205,,coarse,B,2.2652,4.2024,2.9266,False,512,437,0.853801,0.900585,False,226.476564,CO(2-1),-4061.4356,-5281.506,star,27.817,3.894,21.698,512,20260825,False,False,,,,1.0338,0.9822,354,198.3,3.9183,5.4578,0.3261,0.999870
GJ 581,GJ 581,6,A002_Xd16a1e_X8d4,6.3005,239.085936,240.914061,15625000.0000,1828125000.0,2998.80,2975,1.80090,9.00581,6.683434e+14,1.336687e+15,1.574747e+15,1.391893e+15,2.0826,1,2.342108e+15,3.274883e+15,3.105380e+15,3.450323e+15,2880.0000,3.598,4,0.5527,1.0000,coarse,B,3.4543,4.6919,3.4543,False,512,40,0.079922,0.076023,False,240.242186,CS(5-4),-4693.8144,-5745.052,star,26.195,3.667,20.432,512,20260825,False,False,,,,1.0232,0.9364,354,370,3.9547,5.4137,0.3261,0.999854
GJ 581,GJ 581,6,A002_Xd1daeb_X282,6.3005,239.085936,240.914061,15625000.0000,1828125000.0,2998.80,,1.63566,8.17942,6.070154e+14,1.214031e+15,1.430246e+15,1.264171e+15,2.0826,1,2.127193e+15,2.974375e+15,2.820427e+15,3.133717e+15,2880.0000,3.598,4,0.5527,,coarse,B,2.5659,4.1925,3.2782,False,512,342,0.668616,0.814815,False,240.414061,CS(5-4),-4521.9394,-5534.684,star,26.195,3.667,20.432,512,20260825,False,False,,,,1.0682,0.9520,354,363.7,4.0729,5.5780,0.3168,0.999862
GJ 581,GJ 581,6,A002_Xd1b0f3_X2f3,6.3005,239.085936,240.914061,15625000.0000,1828125000.0,2998.80,,1.64054,8.20386,6.088291e+14,1.217658e+15,1.434520e+15,1.267948e+15,2.0826,1,2.133549e+15,2.983263e+15,2.828854e+15,3.143080e+15,2880.0000,3.598,4,0.5527,,coarse,B,2.8945,4.6047,3.6138,False,512,209,0.407407,0.346979,False,240.460936,CS(5-4),-4475.0644,-5477.311,star,26.195,3.667,20.432,512,20260825,False,False,,,,1.1198,0.9543,354,367.1,4.1840,5.7287,0.3200,0.999859
GJ 581,GJ 581,6,A002_Xd248b5_X2fa,6.3005,239.085936,240.914061,15625000.0000,1828125000.0,2998.80,,1.24609,6.23122,4.624341e+14,9.248683e+14,1.089585e+15,9.630660e+14,2.0826,1,1.620530e+15,2.265927e+15,2.148647e+15,2.387316e+15,2880.0000,3.598,4,0.5527,,coarse,B,2.5917,4.5438,3.4593,False,512,300,0.586745,0.627680,False,239.851561,CS(5-4),-5084.4394,-6223.163,star,26.195,3.667,20.432,512,20260825,False,False,,,,1.0033,0.9960,354,184.3,3.8682,5.3998,0.3021,0.999875
GJ 581,GJ 581,6,A002_Xd1c06f_X4a7,6.3005,239.085936,240.914061,15625000.0000,1828125000.0,2998.80,,2.39101,11.95672,8.873379e+14,1.774676e+15,2.090741e+15,1.847971e+15,2.0826,1,3.109541e+15,4.347956e+15,4.122913e+15,4.580882e+15,2880.0000,3.598,4,0.5527,,coarse,B,2.2810,4.6204,3.3895,False,512,447,0.873294,0.986355,False,240.320311,CS(5-4),-4615.6894,-5649.430,star,26.195,3.667,20.432,512,20260825,False,False,,,,1.0474,0.9862,354,271.6,4.0297,5.5627,0.3189,0.999860
GJ 581,GJ 581,6,A002_Xd21a3a_X8a5a,6.3005,239.085936,240.914061,15625000.0000,1828125000.0,2998.80,,1.24949,6.24825,4.636986e+14,9.273971e+14,1.092564e+15,9.656993e+14,2.0826,1,1.624961e+15,2.272123e+15,2.154522e+15,2.393844e+15,2880.0000,3.598,4,0.5527,,coarse,B,2.6249,4.5899,3.5314,False,512,337,0.658869,0.553606,False,240.210936,CS(5-4),-4725.0644,-5783.301,star,26.195,3.667,20.432,512,20260825,False,False,,,,1.0139,0.9673,354,343.5,3.9810,5.4604,0.3066,0.999871
GJ 581,GJ 581,6,A002_Xd1c06f_X9f4c,6.3005,239.085936,240.914061,15625000.0000,1828125000.0,2998.80,,2.07664,10.38463,7.706691e+14,1.541338e+15,1.815846e+15,1.604997e+15,2.0826,1,2.700693e+15,3.776279e+15,3.580825e+15,3.978579e+15,2880.0000,3.598,4,0.5527,,coarse,B,3.9206,4.2087,4.3750,False,512,9,0.019493,0.052632,False,239.695311,CS(5-4),-5240.6894,-6414.407,star,26.195,3.667,20.432,512,20260825,False,False,,,,1.0212,0.9677,354,357,4.0055,5.4883,0.3179,0.999861
GJ 581,GJ 581,6,A002_Xd1b0f3_Xb67,6.3005,239.085936,240.914061,15625000.0000,1828125000.0,2998.80,,1.91007,9.55168,7.088542e+14,1.417708e+15,1.670198e+15,1.476261e+15,2.0826,1,2.484072e+15,3.473385e+15,3.293609e+15,3.659460e+15,2880.0000,3.598,4,0.5527,,coarse,B,1.8961,4.3398,4.2414,False,512,507,0.990253,0.978558,False,239.773436,CS(5-4),-5162.5644,-6318.785,star,26.195,3.667,20.432,512,20260825,False,False,,,,1.0330,0.9781,354,245.5,3.9607,5.4831,0.3200,0.999859
GJ 581,GJ 581,6,A002_Xd16a1e_Xf0d,6.3005,239.085936,240.914061,15625000.0000,1828125000.0,2998.80,,2.32843,11.64383,8.641180e+14,1.728236e+15,2.036030e+15,1.799613e+15,2.0826,1,3.028170e+15,4.234178e+15,4.015024e+15,4.461009e+15,2880.0000,3.598,4,0.5527,,coarse,B,2.9596,4.8824,3.8401,False,512,186,0.364522,0.313840,False,239.304686,CS(5-4),-5631.3144,-6892.517,star,26.195,3.667,20.432,512,20260825,False,False,,,,1.0381,0.9916,354,257.7,4.0091,5.5424,0.3261,0.999854
GJ 581,GJ 581,6,A002_Xd16a1e_X8d4,6.3005,241.085936,242.914061,15625000.0000,1828125000.0,2998.80,2975,1.89811,9.49196,7.044221e+14,1.408844e+15,1.659755e+15,1.467030e+15,2.0826,1,2.468540e+15,3.451668e+15,3.273016e+15,3.636579e+15,2904.0000,3.598,4,0.5573,1.0000,coarse,B,2.5306,4.4183,3.3518,False,512,331,0.647173,0.692008,False,242.226561,CS(5-4),-2709.4394,-3316.252,star,25.978,3.637,20.263,512,20260825,False,False,,,,1.0249,0.9979,354,224.5,3.9619,5.4988,0.3261,0.999851
GJ 581,GJ 581,6,A002_Xd1daeb_X282,6.3005,241.085936,242.914061,15625000.0000,1828125000.0,2998.80,,1.73243,8.66336,6.429298e+14,1.285860e+15,1.514868e+15,1.338967e+15,2.0826,1,2.253050e+15,3.150356e+15,2.987299e+15,3.319125e+15,2904.0000,3.598,4,0.5573,,coarse,B,3.5468,4.4570,4.1964,False,512,31,0.062378,0.042885,False,241.867186,CS(5-4),-3068.8144,-3756.113,star,25.978,3.637,20.263,512,20260825,False,False,,,,1.0340,0.9697,354,296.7,3.9914,5.4965,0.3168,0.999860
GJ 581,GJ 581,6,A002_Xd1b0f3_X2f3,6.3005,241.085936,242.914061,15625000.0000,1828125000.0,2998.80,,1.73346,8.66856,6.433153e+14,1.286631e+15,1.515776e+15,1.339769e+15,2.0826,1,2.254401e+15,3.152245e+15,2.989090e+15,3.321115e+15,2904.0000,3.598,4,0.5573,,coarse,B,3.3494,4.0784,3.8557,False,512,45,0.089669,0.138402,False,241.960936,CS(5-4),-2975.0644,-3641.367,star,25.978,3.637,20.263,512,20260825,False,False,,,,1.0866,0.9989,354,241.7,4.1032,5.6829,0.3200,0.999857
GJ 581,GJ 581,6,A002_Xd248b5_X2fa,6.3005,241.085936,242.914061,15625000.0000,1828125000.0,2998.80,,1.33003,6.65100,4.935876e+14,9.871752e+14,1.162988e+15,1.027946e+15,2.0826,1,1.729703e+15,2.418579e+15,2.293398e+15,2.548146e+15,2904.0000,3.598,4,0.5573,,coarse,B,2.9893,4.5622,3.3510,False,512,156,0.306043,0.177388,False,242.210936,CS(5-4),-2725.0644,-3335.376,star,25.978,3.637,20.263,512,20260825,False,False,,,,1.0987,0.9998,354,236.2,4.1230,5.7140,0.3021,0.999872
GJ 581,GJ 581,6,A002_Xd1c06f_X4a7,6.3005,241.085936,242.914061,15625000.0000,1828125000.0,2998.80,,2.51864,12.59497,9.347043e+14,1.869409e+15,2.202345e+15,1.946616e+15,2.0826,1,3.275529e+15,4.580051e+15,4.342996e+15,4.825411e+15,2904.0000,3.598,4,0.5573,,coarse,B,2.7859,4.7657,3.5954,False,512,246,0.481481,0.555556,False,242.492186,CS(5-4),-2443.8144,-2991.137,star,25.978,3.637,20.263,512,20260825,False,False,,,,0.9981,0.9697,354,310.1,3.9301,5.4056,0.3189,0.999858
GJ 581,GJ 581,6,A002_Xd21a3a_X8a5a,6.3005,241.085936,242.914061,15625000.0000,1828125000.0,2998.80,,1.32769,6.63933,4.927216e+14,9.854433e+14,1.160948e+15,1.026143e+15,2.0826,1,1.726668e+15,2.414336e+15,2.289374e+15,2.543676e+15,2904.0000,3.598,4,0.5573,,coarse,B,3.1083,4.4876,3.6422,False,512,137,0.269006,0.360624,False,241.273436,CS(5-4),-3662.5644,-4482.841,star,25.978,3.637,20.263,512,20260825,False,False,,,,1.0240,0.9720,354,304.8,3.9826,5.4803,0.3066,0.999869
GJ 581,GJ 581,6,A002_Xd1c06f_X9f4c,6.3005,241.085936,242.914061,15625000.0000,1828125000.0,2998.80,,2.19443,10.97370,8.143861e+14,1.628772e+15,1.918852e+15,1.696042e+15,2.0826,1,2.853892e+15,3.990492e+15,3.783951e+15,4.204268e+15,2904.0000,3.598,4,0.5573,,coarse,B,2.8493,4.4903,3.2697,False,512,208,0.407407,0.421053,False,241.914061,CS(5-4),-3021.9394,-3698.740,star,25.978,3.637,20.263,512,20260825,False,False,,,,0.9494,0.9683,354,312,3.8316,5.2691,0.3179,0.999859
GJ 581,GJ 581,6,A002_Xd1b0f3_Xb67,6.3005,241.085936,242.914061,15625000.0000,1828125000.0,2998.80,,2.01145,10.05870,7.464813e+14,1.492963e+15,1.758855e+15,1.554623e+15,2.0826,1,2.615930e+15,3.657758e+15,3.468439e+15,3.853710e+15,2904.0000,3.598,4,0.5573,,coarse,B,3.4184,4.3721,4.0490,False,512,45,0.089669,0.060429,False,241.539061,CS(5-4),-3396.9394,-4157.726,star,25.978,3.637,20.263,512,20260825,False,False,,,,1.0447,0.9935,354,275,4.0417,5.5774,0.3200,0.999857
GJ 581,GJ 581,6,A002_Xd16a1e_Xf0d,6.3005,241.085936,242.914061,15625000.0000,1828125000.0,2997.79,,2.44314,12.21749,9.066909e+14,1.813382e+15,2.136340e+15,1.888276e+15,2.0826,1,3.177360e+15,4.442786e+15,4.212835e+15,4.680792e+15,2904.0000,3.598,4,0.5572,,coarse,B,3.1564,4.5348,3.7112,False,512,110,0.216374,0.247563,False,241.257811,CS(5-4),-3678.1894,-4501.966,star,25.978,3.637,20.263,512,20260825,False,False,,,,1.0378,0.9504,354,354.7,4.0024,5.4851,0.3261,0.999851
lp 876-10 Gaia DR3 6623351805412369024,lp 876-10 Gaia DR3 6623351805412369024,7,A002_Xce574d_X8706,7.6763,332.965910,334.700285,15625000.0000,1734375000.0,2788.13,,0.28222,1.41189,1.555388e+14,3.110776e+14,3.664797e+14,3.239253e+14,2.0826,1,5.450621e+14,7.621401e+14,7.226931e+14,8.029690e+14,4005.9972,3.598,4,0.7148,,coarse,B,2.4200,4.6925,3.8753,False,512,393,0.768031,0.725146,False,,CO(3-2),-12767.5895,-11069.032,star,18.832,2.636,14.689,512,20260825,False,False,,,,1.0416,0.9659,336,281.6,3.9865,5.4977,0.2695,0.999432
lp 876-10 Gaia DR3 6623351805412369024,lp 876-10 Gaia DR3 6623351805412369024,7,A002_Xce0587_Xe4d0,7.6763,332.966395,334.700770,15625000.0000,1734375000.0,2788.13,,0.35217,1.76186,1.940932e+14,3.881864e+14,4.573213e+14,4.042187e+14,2.0826,1,6.801700e+14,9.510566e+14,9.018316e+14,1.002006e+15,4006.0030,3.598,4,0.7148,,coarse,B,2.1869,4.9108,3.9120,False,512,482,0.941520,0.923977,False,,CO(3-2),-12360.8545,-10716.408,star,18.832,2.636,14.689,512,20260825,False,False,,,,1.0781,0.9962,336,255.6,4.0952,5.6627,0.2696,0.999432
lp 876-10 Gaia DR3 6623351805412369024,lp 876-10 Gaia DR3 6623351805412369024,7,A002_Xcda49e_Xdebb,7.6763,332.966462,334.700837,15625000.0000,1734375000.0,2788.13,461,0.29034,1.45251,1.600137e+14,3.200275e+14,3.770235e+14,3.332451e+14,2.0826,1,5.607438e+14,7.840673e+14,7.434853e+14,8.260709e+14,4006.0038,3.598,4,0.7148,1.0000,coarse,B,2.7089,4.6287,3.9661,False,512,289,0.565302,0.647173,False,333.841462,CO(3-2),-11954.5385,-10364.147,star,18.832,2.636,14.689,512,20260825,False,False,,,,1.0670,0.9847,336,294.2,4.0849,5.6265,0.2697,0.999431
lp 876-10 Gaia DR3 6623351805412369024,lp 876-10 Gaia DR3 6623351805412369024,7,A002_Xce574d_X8706,7.6763,334.923910,336.658285,15625000.0000,1734375000.0,2788.13,,0.24385,1.21996,1.343956e+14,2.687912e+14,3.166622e+14,2.798925e+14,2.0826,1,4.709689e+14,6.585385e+14,6.244537e+14,6.938173e+14,4029.4932,3.598,4,0.719,,coarse,B,2.7421,4.3949,4.0170,False,512,263,0.514620,0.647173,False,,CO(3-2),-10387.7145,-9005.768,star,18.722,2.621,14.603,512,20260825,False,False,,,,1.0447,0.9893,336,264.7,4.0241,5.5590,0.2695,0.999425
lp 876-10 Gaia DR3 6623351805412369024,lp 876-10 Gaia DR3 6623351805412369024,7,A002_Xce0587_Xe4d0,7.6763,334.924395,336.658770,15625000.0000,1734375000.0,2788.13,,0.30748,1.53826,1.694606e+14,3.389211e+14,3.992821e+14,3.529188e+14,2.0826,1,5.938488e+14,8.303568e+14,7.873790e+14,8.748402e+14,4029.4990,3.598,4,0.719,,coarse,B,2.6488,4.3031,3.8501,False,512,296,0.578947,0.569201,False,,CO(3-2),-10168.4795,-8815.699,star,18.722,2.621,14.603,512,20260825,False,False,,,,1.0663,0.9675,336,280.7,4.0380,5.5691,0.2696,0.999425
lp 876-10 Gaia DR3 6623351805412369024,lp 876-10 Gaia DR3 6623351805412369024,7,A002_Xcda49e_Xdebb,7.6763,334.924462,336.658837,15625000.0000,1734375000.0,2788.13,461,0.25116,1.25653,1.384234e+14,2.768467e+14,3.261524e+14,2.882810e+14,2.0826,1,4.850836e+14,6.782745e+14,6.431682e+14,7.146106e+14,4029.4998,3.598,4,0.719,1.0000,coarse,B,3.7578,4.5353,4.3150,False,512,15,0.031189,0.083821,False,335.408837,CO(3-2),-10387.1635,-9005.290,star,18.722,2.621,14.603,512,20260825,False,False,,,,1.0124,0.9832,336,293.5,3.9727,5.4723,0.2697,0.999425
lp 876-10 Gaia DR3 6623351805412369024,lp 876-10 Gaia DR3 6623351805412369024,7,A002_Xce574d_X8706,7.6763,344.970549,346.695647,488281.2500,1725097656.2,2026.08,,1.56965,7.85303,2.703492e+13,5.406985e+13,6.369954e+13,5.630297e+13,2.0826,1,7.761911e+13,7.775460e+13,7.674023e+13,7.870143e+13,4149.9972,3.598,95,17.22,,fine,A,4.5901,5.7260,5.3172,False,512,214,0.419103,0.360624,False,,CO(3-2),227.2835,197.046,star,18.178,2.545,14.179,512,20260825,False,False,,,,1.0207,0.9899,332196,2.736e+05,5.4109,6.6231,0.2695,0.999391
lp 876-10 Gaia DR3 6623351805412369024,lp 876-10 Gaia DR3 6623351805412369024,7,A002_Xce0587_Xe4d0,7.6763,344.971034,346.696132,488281.2500,1725097656.2,2026.08,,1.89446,9.47809,3.262936e+13,6.525871e+13,7.688111e+13,6.795394e+13,2.0826,1,9.368111e+13,9.384464e+13,9.262036e+13,9.498740e+13,4150.0030,3.598,92,17.22,,fine,A,4.2933,5.6518,5.3724,False,512,432,0.844055,0.826511,False,,CO(3-2),-675.0635,-585.255,star,18.178,2.545,14.179,512,20260825,False,False,,,,1.0342,0.9894,321594,2.994e+05,5.4624,6.6796,0.2696,0.999390
lp 876-10 Gaia DR3 6623351805412369024,lp 876-10 Gaia DR3 6623351805412369024,7,A002_Xcda49e_Xdebb,7.6763,344.971100,346.696198,488281.2500,1725097656.2,2026.08,335,1.57025,7.85604,2.704528e+13,5.409056e+13,6.372394e+13,5.638579e+13,2.0849,1,7.764885e+13,7.778439e+13,7.676963e+13,7.873158e+13,4150.0038,3.598,91,17.22,0.9989,fine,A,4.1514,5.8031,5.3652,False,512,495,0.966862,0.968811,False,345.820221,CO(3-2),24.2213,20.999,star,18.178,2.545,14.179,512,20260825,False,False,,,,1.0321,1.0075,318060,2.078e+05,5.4384,6.6769,0.2697,0.999390
lp 876-10 Gaia DR3 6623351805412369024,lp 876-10 Gaia DR3 6623351805412369024,7,A002_Xce574d_X8706,7.6763,346.965910,348.700285,15625000.0000,1734375000.0,2788.13,,0.29072,1.45450,1.602328e+14,3.204656e+14,3.775396e+14,3.337010e+14,2.0826,1,5.615114e+14,7.851407e+14,7.445032e+14,8.272018e+14,4173.9972,3.598,4,0.7448,,coarse,B,2.4573,4.6763,4.0933,False,512,374,0.730994,0.656920,False,,CO(3-2),1966.7855,1705.131,star,18.074,2.530,14.098,512,20260825,False,False,,,,1.0053,0.9925,336,242.6,3.9315,5.4444,0.2695,0.999384
lp 876-10 Gaia DR3 6623351805412369024,lp 876-10 Gaia DR3 6623351805412369024,7,A002_Xce0587_Xe4d0,7.6763,346.966395,348.700770,15625000.0000,1734375000.0,2788.13,,0.35680,1.78509,1.966517e+14,3.933034e+14,4.633496e+14,4.095471e+14,2.0826,1,6.891359e+14,9.635933e+14,9.137194e+14,1.015214e+15,4174.0030,3.598,4,0.7448,,coarse,B,2.3995,4.8511,3.6215,False,512,415,0.810916,0.795322,False,,CO(3-2),2576.6455,2233.857,star,18.074,2.530,14.098,512,20260825,False,False,,,,1.0037,0.9701,336,291.2,3.9277,5.4114,0.2696,0.999383
lp 876-10 Gaia DR3 6623351805412369024,lp 876-10 Gaia DR3 6623351805412369024,7,A002_Xcda49e_Xdebb,7.6763,346.966462,348.700837,15625000.0000,1734375000.0,2788.13,461,0.29717,1.48676,1.637872e+14,3.275745e+14,3.859146e+14,3.411039e+14,2.0826,1,5.739674e+14,8.025574e+14,7.610185e+14,8.455516e+14,4174.0038,3.598,4,0.7448,1.0000,coarse,B,2.3962,4.5387,4.5944,False,512,425,0.830409,0.908382,False,347.450837,CO(3-2),1654.8365,1434.683,star,18.074,2.530,14.098,512,20260825,False,False,,,,1.0825,0.9825,336,247.1,4.0684,5.6311,0.2697,0.999383
61 Vir,61 Vir,7,A002_Xc079b5_X82f,8.5344,332.925384,334.659759,15625000.0000,1734375000.0,2268.00,,3.75701,18.78528,2.557975e+15,5.115950e+15,6.027087e+15,5.327242e+15,2.0826,1,8.964034e+15,1.253408e+16,1.188534e+16,1.320555e+16,4005.5109,3.598,5,0.5814,,coarse,B,3.2178,4.7083,3.4532,False,512,77,0.152047,0.216374,False,334.112884,CO(3-2),-11683.1163,-10128.834,star,18.834,2.637,14.691,512,20260825,False,False,,,,0.9599,0.9562,448,336.2,3.8452,5.2772,0.0663,0.999988
61 Vir,61 Vir,7,A002_Xc079b5_X1ae,8.5344,332.925632,334.660007,15625000.0000,1734375000.0,2268.00,,4.37377,21.86909,2.977894e+15,5.955789e+15,7.016499e+15,6.201767e+15,2.0826,1,1.043558e+16,1.459168e+16,1.383644e+16,1.537338e+16,4005.5138,3.598,5,0.5814,,coarse,B,3.6873,4.4809,3.7911,False,512,6,0.013645,0.003899,False,333.253757,CO(3-2),-12542.2430,-10873.665,star,18.834,2.637,14.691,512,20260825,False,False,,,,1.0639,0.9718,448,330.9,4.0815,5.6039,0.0662,0.999988
61 Vir,61 Vir,7,A002_Xc074d4_X2e6,8.5344,332.925877,334.660252,15625000.0000,1734375000.0,2268.00,,3.63574,18.17890,2.475404e+15,4.950809e+15,5.832534e+15,5.155281e+15,2.0826,1,8.674678e+15,1.212948e+16,1.150168e+16,1.277928e+16,4005.5168,3.598,5,0.5814,,coarse,B,2.5101,4.8047,3.4202,False,512,393,0.768031,0.836257,False,332.925877,CO(3-2),-12870.1226,-11157.925,star,18.834,2.637,14.691,512,20260825,False,False,,,,0.9506,0.9998,448,267.1,3.8610,5.3323,0.0648,0.999989
61 Vir,61 Vir,7,A002_Xc067f7_X822,8.5344,332.926816,334.661191,15625000.0000,1734375000.0,2268.00,225,4.74031,23.70179,3.227451e+15,6.454902e+15,7.604502e+15,6.721512e+15,2.0826,1,1.131011e+16,1.581451e+16,1.499598e+16,1.666172e+16,4005.5280,3.598,5,0.5814,1.0000,coarse,B,3.0788,4.8097,3.9542,False,512,134,0.263158,0.315789,False,334.176816,CO(3-2),-11619.1842,-10073.407,star,18.834,2.637,14.691,512,20260825,False,False,,,,1.0432,0.9633,448,368.4,4.0483,5.5424,0.0617,0.999990
61 Vir,61 Vir,7,A002_X9db5ce_X224b,8.5344,332.927378,334.661753,15625000.0000,1734375000.0,2751.84,,0.39809,1.99047,2.710401e+14,5.420801e+14,6.386231e+14,5.644684e+14,2.0826,1,9.498187e+14,1.328096e+15,1.259356e+15,1.399244e+15,4005.5348,3.598,5,0.7054,,coarse,B,2.2506,5.0395,3.5727,False,512,468,0.914230,0.966862,False,,CO(3-2),-12806.1218,-11102.438,star,18.834,2.637,14.691,512,20260825,False,False,,,,0.9883,0.9393,448,380,3.8961,5.3297,0.0045,1.000000
61 Vir,61 Vir,7,A002_Xc079b5_X82f,8.5344,334.820884,336.555259,15625000.0000,1734375000.0,2268.00,,3.42542,17.12729,2.332207e+15,4.664413e+15,5.495133e+15,4.857057e+15,2.0826,1,8.172864e+15,1.142781e+16,1.083633e+16,1.204002e+16,4028.2569,3.598,5,0.5847,,coarse,B,2.5831,4.4104,3.6952,False,512,355,0.693957,0.713450,False,334.820884,CO(3-2),-10975.1163,-9515.024,star,18.728,2.622,14.608,512,20260825,False,False,,,,1.0485,0.9696,448,368.6,4.0718,5.5746,0.0663,0.999988
61 Vir,61 Vir,7,A002_Xc079b5_X1ae,8.5344,334.821132,336.555507,15625000.0000,1734375000.0,2268.00,,3.89203,19.46038,2.649902e+15,5.299805e+15,6.243685e+15,5.518690e+15,2.0826,1,9.286180e+15,1.298452e+16,1.231247e+16,1.368012e+16,4028.2598,3.598,5,0.5847,,coarse,B,2.7291,4.4298,3.2810,False,512,277,0.541910,0.621832,False,336.289882,CO(3-2),-9506.1180,-8241.456,star,18.728,2.622,14.608,512,20260825,False,False,,,,0.9869,0.9482,448,421.3,3.9346,5.3679,0.0662,0.999988
61 Vir,61 Vir,7,A002_Xc074d4_X2e6,8.5344,334.821377,336.555752,15625000.0000,1734375000.0,2268.00,,3.32780,16.63920,2.265745e+15,4.531489e+15,5.338535e+15,4.718643e+15,2.0826,1,7.939957e+15,1.110215e+16,1.052752e+16,1.169691e+16,4028.2628,3.598,5,0.5847,,coarse,B,2.9079,4.4220,3.5689,False,512,191,0.374269,0.442495,False,335.024502,CO(3-2),-10771.4976,-9338.494,star,18.728,2.622,14.608,512,20260825,False,False,,,,1.1680,0.9844,448,294.8,4.2859,5.9030,0.0648,0.999989
61 Vir,61 Vir,7,A002_Xc067f7_X822,8.5344,334.822316,336.556691,15625000.0000,1734375000.0,2268.00,225,3.77506,18.87548,2.570257e+15,5.140514e+15,6.056026e+15,5.352836e+15,2.0826,1,9.007075e+15,1.259426e+16,1.194240e+16,1.326895e+16,4028.2740,3.598,5,0.5847,1.0000,coarse,B,2.3272,4.3950,3.2357,False,512,440,0.859649,0.898635,False,334.962941,CO(3-2),-10833.0592,-9391.865,star,18.728,2.622,14.608,512,20260825,False,False,,,,0.9930,0.9306,448,366.8,3.8800,5.3126,0.0617,0.999990
61 Vir,61 Vir,7,A002_X9db5ce_X224b,8.5344,334.864878,336.599253,15625000.0000,1734375000.0,2751.84,,0.34415,1.72075,2.343125e+14,4.686250e+14,5.520858e+14,4.879796e+14,2.0826,1,8.211125e+14,1.148131e+15,1.088706e+15,1.209638e+15,4028.7848,3.598,5,0.7095,,coarse,B,3.4262,4.5856,3.7919,False,512,46,0.091618,0.115010,False,,CO(3-2),-9446.7468,-8189.983,star,18.725,2.622,14.606,512,20260825,False,False,,,,0.9585,0.9612,448,342,3.8563,5.2900,0.0045,1.000000
61 Vir,61 Vir,7,A002_Xc079b5_X82f,8.5344,344.872405,346.712737,488281.2500,1840332031.2,2268.00,,19.47754,97.38894,4.144176e+14,8.288351e+14,9.764484e+14,8.630666e+14,2.0826,1,1.189821e+15,1.191898e+15,1.176349e+15,1.206412e+15,4149.5109,3.598,118,19.27,,fine,A,5.9583,5.6475,6.1965,True,512,0,0.001949,0.003899,False,346.313811,CO(3-2),517.8115,448.924,star,18.181,2.545,14.181,512,20260825,True,True,unattributed,unattributed,unattributed,1.0264,0.9993,441090,3.311e+05,5.4863,6.7015,0.0663,0.999987
61 Vir,61 Vir,7,A002_Xc079b5_X1ae,8.5344,344.872653,346.712986,488281.2500,1840332031.2,2268.00,,22.25224,111.26259,4.734539e+14,9.469078e+14,1.115549e+15,9.860157e+14,2.0826,1,1.359318e+15,1.361691e+15,1.343927e+15,1.378273e+15,4149.5138,3.598,117,19.27,,fine,A,4.6051,5.8228,5.7260,False,512,248,0.485380,0.621832,False,345.683689,CO(3-2),-112.3114,-97.370,star,18.181,2.545,14.181,512,20260825,False,False,,,,1.0305,0.9927,437320,3.589e+05,5.4941,6.7053,0.0662,0.999987
61 Vir,61 Vir,7,A002_Xc074d4_X2e6,8.5344,344.872899,346.713231,488281.2500,1840332031.2,2268.00,,18.96467,94.82449,4.035051e+14,8.070102e+14,9.507365e+14,8.403403e+14,2.0826,1,1.158491e+15,1.160513e+15,1.145373e+15,1.174645e+15,4149.5168,3.598,118,19.27,,fine,A,4.6584,5.8599,5.2309,False,512,200,0.391813,0.428850,False,346.676122,CO(3-2),880.1216,763.033,star,18.181,2.545,14.181,512,20260825,False,False,,,,1.0283,0.9760,441090,4.934e+05,5.4994,6.6897,0.0648,0.999988
61 Vir,61 Vir,7,A002_Xc067f7_X822,8.5344,344.873837,346.714169,488281.2500,1840332031.2,2268.00,225,21.42891,107.14571,4.559354e+14,9.118708e+14,1.074272e+15,9.524031e+14,2.0889,1,1.309022e+15,1.311307e+15,1.294200e+15,1.327275e+15,4149.5280,3.598,118,19.27,0.9970,fine,A,5.0382,5.7880,5.3788,False,512,45,0.089669,0.101365,False,345.559872,CO(3-2),-236.1276,-204.714,star,18.181,2.545,14.181,512,20260825,True,False,,unattributed,,1.0296,0.9802,441090,4.449e+05,5.4961,6.6927,0.0617,0.999989
61 Vir,61 Vir,7,A002_X9db5ce_X224b,8.5344,344.932017,346.657115,488281.2500,1725097656.2,2751.84,,1.95031,9.75154,4.149559e+13,8.299117e+13,9.777167e+13,8.641877e+13,2.0826,1,1.191367e+14,1.193446e+14,1.177877e+14,1.207979e+14,4149.5348,3.598,123,23.39,,fine,A,4.5596,6.2212,5.6546,False,512,310,0.606238,0.614035,False,,CO(3-2),446.5637,387.154,star,18.181,2.545,14.181,512,20260825,False,False,,,,1.0228,1.0041,431148,3.616e+05,5.5054,6.7186,0.0045,1.000000
61 Vir,61 Vir,7,A002_Xc079b5_X82f,8.5344,346.820884,348.555259,15625000.0000,1734375000.0,2268.00,,3.84921,19.24629,2.620749e+15,5.241498e+15,6.174995e+15,5.457976e+15,2.0826,1,9.184016e+15,1.284167e+16,1.217701e+16,1.352962e+16,4172.2569,3.598,5,0.6056,,coarse,B,3.1690,4.5591,3.5787,False,512,106,0.208577,0.157895,False,347.492759,CO(3-2),1696.7587,1471.028,star,18.082,2.531,14.104,512,20260825,False,False,,,,1.1071,0.9646,448,365.1,4.1777,5.7209,0.0663,0.999987
61 Vir,61 Vir,7,A002_Xc079b5_X1ae,8.5344,346.821132,348.555507,15625000.0000,1734375000.0,2268.00,,4.37346,21.86757,2.977687e+15,5.955374e+15,7.016010e+15,6.201336e+15,2.0826,1,1.043485e+16,1.459067e+16,1.383548e+16,1.537231e+16,4172.2598,3.598,5,0.6056,,coarse,B,2.5731,4.2265,4.0950,False,512,342,0.668616,0.693957,False,346.899257,CO(3-2),1103.2570,956.483,star,18.081,2.531,14.104,512,20260825,False,False,,,,0.9867,0.9292,448,461.7,3.9159,5.3300,0.0662,0.999987
61 Vir,61 Vir,7,A002_Xc074d4_X2e6,8.5344,346.821377,348.555752,15625000.0000,1734375000.0,2268.00,,3.75134,18.75692,2.554112e+15,5.108225e+15,6.017986e+15,5.319198e+15,2.0826,1,8.950499e+15,1.251515e+16,1.186739e+16,1.318561e+16,4172.2628,3.598,5,0.6056,,coarse,B,2.3507,4.3087,3.6998,False,512,459,0.896686,0.951267,False,347.321377,CO(3-2),1525.3774,1322.446,star,18.081,2.531,14.104,512,20260825,False,False,,,,1.0013,0.9514,448,348.4,3.9270,5.3843,0.0648,0.999988
61 Vir,61 Vir,7,A002_Xc067f7_X822,8.5344,346.822316,348.556691,15625000.0000,1734375000.0,2268.00,225,4.24215,21.21097,2.888279e+15,5.776558e+15,6.805347e+15,6.015151e+15,2.0826,1,1.012153e+16,1.415257e+16,1.342005e+16,1.491074e+16,4172.2740,3.598,5,0.6056,1.0000,coarse,B,2.4453,4.7691,3.8968,False,512,403,0.787524,0.651072,False,348.384816,CO(3-2),2588.8158,2244.408,star,18.081,2.531,14.104,512,20260825,False,False,,,,0.9691,1.0066,448,227.8,3.8731,5.3731,0.0617,0.999989
61 Vir,61 Vir,7,A002_X9db5ce_X224b,8.5344,346.927378,348.661753,15625000.0000,1734375000.0,2751.84,,0.39562,1.97810,2.693565e+14,5.387130e+14,6.346563e+14,5.609622e+14,2.0826,1,9.439189e+14,1.319847e+15,1.251534e+15,1.390553e+15,4173.5348,3.598,5,0.735,,coarse,B,2.7616,4.6999,3.8919,False,512,275,0.538012,0.576998,False,,CO(3-2),2584.5032,2240.670,star,18.076,2.531,14.099,512,20260825,False,False,,,,0.9844,0.9581,448,396.5,3.9358,5.3780,0.0045,1.000000
chi01 Ori,chi01 Ori,3,A002_X74deb6_Xff1,8.6995,94.127387,95.861762,15625000.0000,1734375000.0,2782.08,1380,0.15200,0.76023,1.075625e+14,2.151250e+14,2.534381e+14,2.240098e+14,2.0826,1,3.769364e+14,5.270562e+14,4.997767e+14,5.552913e+14,1139.9349,3.598,2,0.203,1.0000,coarse,B,3.1880,4.8771,5.0480,True,512,61,0.120858,0.120858,False,95.221137,HCO+(1-0),6032.1375,20275.923,star,66.180,9.265,51.620,512,20260825,False,False,,,,1.0435,1.0392,112,99.42,3.8699,5.5084,0.6789,0.999708
chi01 Ori,chi01 Ori,3,A002_X74deb6_Xff1,8.6995,96.064887,97.799262,15625000.0000,1734375000.0,2782.08,1380,0.15771,0.78877,1.116004e+14,2.232007e+14,2.629522e+14,2.324191e+14,2.0826,1,3.910865e+14,5.468418e+14,5.185382e+14,5.761369e+14,1163.1849,3.598,2,0.2071,1.0000,coarse,B,3.1653,4.5834,4.5513,False,512,46,0.091618,0.150097,False,96.846137,HCO+(1-0),7657.1375,25738.063,star,64.857,9.080,50.588,512,20260825,False,False,,,,1.0811,1.0011,112,113.8,3.9045,5.5329,0.6789,0.999696
chi01 Ori,chi01 Ori,3,A002_X74deb6_Xff1,8.6995,106.127387,107.861762,15625000.0000,1734375000.0,2782.08,1380,0.17620,0.88131,1.246941e+14,2.493883e+14,2.938036e+14,2.596882e+14,2.0826,1,4.369716e+14,6.110013e+14,5.793769e+14,6.437335e+14,1283.9349,3.598,3,0.2286,1.0000,coarse,B,2.4921,4.2404,4.5870,False,512,333,0.651072,0.736842,False,106.158637,CN(1-0),-7332.3625,-19368.822,star,58.757,8.226,45.831,512,20260825,False,False,,,,1.0628,0.9849,224,188.7,3.9675,5.5345,0.6789,0.999630
chi01 Ori,chi01 Ori,3,A002_X74deb6_Xff1,8.6995,108.127387,109.861762,15625000.0000,1734375000.0,2782.08,1380,0.18620,0.93134,1.317727e+14,2.635454e+14,3.104821e+14,2.744300e+14,2.0826,1,4.617773e+14,6.456862e+14,6.122666e+14,6.802765e+14,1307.9349,3.598,3,0.2329,1.0000,coarse,B,3.4507,4.5595,4.6857,False,512,35,0.070175,0.081871,False,109.236762,CN(1-0),-4254.2375,-11237.793,star,57.679,8.075,44.990,512,20260825,False,False,,,,0.9736,0.9879,224,214.5,3.8310,5.3241,0.6789,0.999616
GJ 849,GJ 849,6,A002_Xd86f11_X584b,8.8149,212.085180,213.913305,15625000.0000,1828125000.0,2661.12,264,5.81346,29.06740,4.222489e+15,8.444979e+15,9.949006e+15,8.793772e+15,2.0826,1,1.479707e+16,2.069020e+16,1.961931e+16,2.179860e+16,2555.9909,3.598,4,0.4353,1.0000,coarse,B,2.5326,4.5519,3.4220,False,512,332,0.649123,0.639376,False,212.241430,SiO(5-4),-4863.5703,-6715.929,star,29.515,4.132,23.022,512,20260825,False,False,,,,0.9861,0.9683,354,238.4,3.8421,5.3232,0.0623,0.999996
GJ 849,GJ 849,6,A002_Xd95042_X67d7,8.8149,212.102235,213.930360,15625000.0000,1828125000.0,1451.52,,3.25049,16.25247,2.360923e+15,4.721845e+15,5.562793e+15,4.916861e+15,2.0826,1,8.273494e+15,1.156852e+16,1.096975e+16,1.218826e+16,2556.1956,3.598,3,0.2375,,coarse,B,2.3880,4.4043,3.5052,False,512,363,0.709552,0.651072,False,213.242860,SiO(5-4),-3862.1400,-5333.090,star,29.513,4.132,23.020,512,20260825,False,False,,,,1.0295,0.9697,236,201.4,3.8895,5.4153,0.0315,0.999999
GJ 849,GJ 849,6,A002_Xd95042_X5feb,8.8149,212.102316,213.930441,15625000.0000,1828125000.0,2661.12,,2.17804,10.89020,1.581970e+15,3.163939e+15,3.727428e+15,3.294612e+15,2.0826,1,5.543772e+15,7.751651e+15,7.350439e+15,8.166918e+15,2556.1965,3.598,4,0.4354,,coarse,B,2.2066,4.4382,3.0548,False,512,457,0.892788,0.830409,False,212.805441,SiO(5-4),-4299.5587,-5937.105,star,29.513,4.132,23.020,512,20260825,False,False,,,,1.0834,0.9778,354,241.9,4.0558,5.6171,0.0314,0.999999
GJ 849,GJ 849,6,A002_Xd9668b_X88ad,8.8149,212.103222,213.931347,15625000.0000,1828125000.0,2661.12,,2.14147,10.70737,1.555411e+15,3.110822e+15,3.664851e+15,3.239301e+15,2.0826,1,5.450701e+15,7.621513e+15,7.227037e+15,8.029809e+15,2556.2074,3.598,4,0.4354,,coarse,B,2.3865,4.9900,3.7434,False,512,408,0.797271,0.803119,False,213.868847,SiO(5-4),-3236.1530,-4468.687,star,29.513,4.132,23.020,512,20260825,False,False,,,,0.9669,1.0144,354,196,3.8483,5.3622,0.0368,0.999999
GJ 849,GJ 849,6,A002_Xd9668b_X841a,8.8149,212.103311,213.931436,15625000.0000,1828125000.0,2661.12,,1.96074,9.80372,1.424142e+15,2.848285e+15,3.355557e+15,2.965921e+15,2.0826,1,4.990691e+15,6.978298e+15,6.617114e+15,7.352136e+15,2556.2085,3.598,4,0.4354,,coarse,B,2.5019,4.5472,3.3103,False,512,357,0.697856,0.697856,False,212.243936,SiO(5-4),-4861.0641,-6712.468,star,29.513,4.132,23.020,512,20260825,False,False,,,,1.0002,0.9538,354,304.6,3.8987,5.3649,0.0367,0.999999
GJ 849,GJ 849,6,A002_Xd9668b_X7c83,8.8149,212.103389,213.931514,15625000.0000,1828125000.0,2661.12,,1.77376,8.86880,1.288330e+15,2.576660e+15,3.035556e+15,2.683078e+15,2.0826,1,4.514756e+15,6.312817e+15,5.986076e+15,6.651003e+15,2556.2094,3.598,4,0.4354,,coarse,B,2.5236,4.5360,3.5415,False,512,335,0.654971,0.645224,False,212.869014,SiO(5-4),-4235.9860,-5849.320,star,29.513,4.132,23.020,512,20260825,False,False,,,,1.0247,0.9739,354,274.4,3.9629,5.4689,0.0366,0.999999
GJ 849,GJ 849,6,A002_Xd86f11_X584b,8.8149,214.085173,215.913298,15625000.0000,1828125000.0,2661.12,264,5.71834,28.59183,4.153406e+15,8.306811e+15,9.786232e+15,8.649898e+15,2.0826,1,1.455498e+16,2.035169e+16,1.929832e+16,2.144196e+16,2579.9908,3.598,4,0.4394,1.0000,coarse,B,2.3002,4.0352,4.1258,False,512,423,0.826511,0.879142,False,215.507048,SiO(5-4),-1597.9525,-2206.555,star,29.241,4.094,22.808,512,20260825,False,False,,,,1.0242,0.9357,354,321.6,3.9228,5.3902,0.0623,0.999996
GJ 849,GJ 849,6,A002_Xd95042_X67d7,8.8149,214.102388,215.930513,15625000.0000,1828125000.0,1451.52,,2.98724,14.93623,2.169719e+15,4.339437e+15,5.112279e+15,4.518659e+15,2.0826,1,7.603448e+15,1.063162e+16,1.008135e+16,1.120117e+16,2580.1974,3.598,3,0.2397,,coarse,B,2.2337,4.3467,3.9723,False,512,432,0.844055,0.762183,False,214.899263,SiO(5-4),-2205.7369,-3045.823,star,29.238,4.093,22.806,512,20260825,False,False,,,,1.0367,0.9240,236,274,3.8872,5.3647,0.0315,0.999999
GJ 849,GJ 849,6,A002_Xd95042_X5feb,8.8149,214.102470,215.930595,15625000.0000,1828125000.0,2661.12,,1.97100,9.85502,1.431594e+15,2.863188e+15,3.373114e+15,2.981440e+15,2.0826,1,5.016804e+15,7.014812e+15,6.651737e+15,7.390605e+15,2580.1984,3.598,4,0.4394,,coarse,B,2.5590,4.3073,3.5118,False,512,306,0.598441,0.545809,False,215.805595,SiO(5-4),-1299.4049,-1794.301,star,29.238,4.093,22.806,512,20260825,False,False,,,,1.0773,0.9284,354,301.7,3.9993,5.5049,0.0314,0.999999
GJ 849,GJ 849,6,A002_Xd9668b_X88ad,8.8149,214.103384,215.931509,15625000.0000,1828125000.0,2661.12,,1.98676,9.93382,1.443041e+15,2.886081e+15,3.400085e+15,3.005279e+15,2.0826,1,5.056917e+15,7.070900e+15,6.704922e+15,7.449698e+15,2580.2094,3.598,4,0.4394,,coarse,B,2.4216,4.2200,4.0289,False,512,388,0.758285,0.582846,False,215.306509,SiO(5-4),-1798.4907,-2483.471,star,29.238,4.093,22.806,512,20260825,False,False,,,,1.0181,0.9685,354,270.2,3.9352,5.4331,0.0368,0.999999
GJ 849,GJ 849,6,A002_Xd9668b_X841a,8.8149,214.103474,215.931599,15625000.0000,1828125000.0,2661.12,,1.80580,9.02904,1.311607e+15,2.623215e+15,3.090402e+15,2.731555e+15,2.0826,1,4.596328e+15,6.426876e+15,6.094232e+15,6.771173e+15,2580.2104,3.598,4,0.4394,,coarse,B,2.9018,4.3681,3.6566,False,512,181,0.354776,0.481481,False,214.259724,SiO(5-4),-2845.2760,-3928.939,star,29.238,4.093,22.806,512,20260825,False,False,,,,1.0445,0.9857,354,247.9,4.0008,5.5369,0.0367,0.999999
GJ 849,GJ 849,6,A002_Xd9668b_X7c83,8.8149,214.103553,215.931678,15625000.0000,1828125000.0,2661.12,,1.61950,8.09750,1.176287e+15,2.352573e+15,2.771560e+15,2.449736e+15,2.0826,1,4.122118e+15,5.763805e+15,5.465480e+15,6.072580e+15,2580.2114,3.598,4,0.4394,,coarse,B,2.0914,4.1261,2.8609,False,512,481,0.939571,0.976608,False,215.009803,SiO(5-4),-2095.1972,-2893.182,star,29.238,4.093,22.806,512,20260825,False,False,,,,1.0658,0.9388,354,286.3,3.9846,5.4925,0.0366,0.999999
GJ 849,GJ 849,6,A002_Xd86f11_X584b,8.8149,227.085146,228.913271,15625000.0000,1828125000.0,2661.12,264,6.04528,30.22657,4.390876e+15,8.781753e+15,1.034576e+16,9.144457e+15,2.0826,1,1.538716e+16,2.151529e+16,2.040170e+16,2.266790e+16,2735.9905,3.598,4,0.466,1.0000,coarse,B,3.0600,4.6176,3.5966,False,512,110,0.216374,0.159844,False,227.163271,CO(2-1),-3374.7295,-4388.511,star,27.573,3.860,21.507,512,20260825,False,False,,,,1.0038,0.9449,354,325.4,3.9032,5.3616,0.0623,0.999995
GJ 849,GJ 849,6,A002_Xd95042_X67d7,8.8149,227.103379,228.931504,15625000.0000,1828125000.0,1451.52,,2.99822,14.99111,2.177691e+15,4.355382e+15,5.131063e+15,4.535262e+15,2.0826,1,7.631386e+15,1.067069e+16,1.011839e+16,1.124233e+16,2736.2093,3.598,3,0.2542,,coarse,B,2.6301,4.3213,3.1137,False,512,282,0.551657,0.575049,False,227.103379,CO(2-1),-3434.6212,-4466.394,star,27.571,3.860,21.506,512,20260825,False,False,,,,0.9940,0.9760,236,235.6,3.8700,5.3638,0.0315,0.999999
GJ 849,GJ 849,6,A002_Xd95042_X5feb,8.8149,227.103466,228.931591,15625000.0000,1828125000.0,2661.12,,1.93162,9.65810,1.402989e+15,2.805978e+15,3.305715e+15,2.921867e+15,2.0826,1,4.916562e+15,6.874646e+15,6.518827e+15,7.242931e+15,2736.2103,3.598,4,0.466,,coarse,B,3.4406,4.3465,3.6641,False,512,32,0.064327,0.058480,False,228.728466,CO(2-1),-1809.5342,-2353.125,star,27.571,3.860,21.506,512,20260825,False,False,,,,0.9763,0.9532,354,239.9,3.7948,5.2568,0.0314,0.999999
GJ 849,GJ 849,6,A002_Xd9668b_X88ad,8.8149,227.104435,228.932560,15625000.0000,1828125000.0,2661.12,,1.94762,9.73812,1.414613e+15,2.829226e+15,3.333103e+15,2.946075e+15,2.0826,1,4.957296e+15,6.931603e+15,6.572836e+15,7.302939e+15,2736.2220,3.598,4,0.466,,coarse,B,2.6313,4.1339,3.9999,False,512,290,0.567251,0.674464,False,228.791935,CO(2-1),-1746.0647,-2270.589,star,27.571,3.860,21.505,512,20260825,False,False,,,,1.0417,0.9668,354,259.5,3.9690,5.4860,0.0368,0.999998
GJ 849,GJ 849,6,A002_Xd9668b_X841a,8.8149,227.104530,228.932655,15625000.0000,1828125000.0,2661.12,,1.75519,8.77599,1.274848e+15,2.549696e+15,3.003789e+15,2.655000e+15,2.0826,1,4.467510e+15,6.246754e+15,5.923433e+15,6.581402e+15,2736.2231,3.598,4,0.466,,coarse,B,2.9584,4.7786,3.2593,False,512,180,0.352827,0.354776,False,227.932655,CO(2-1),-2605.3446,-3388.000,star,27.571,3.860,21.505,512,20260825,False,False,,,,0.9876,0.9807,354,290.5,3.9161,5.3959,0.0367,0.999998
GJ 849,GJ 849,6,A002_Xd9668b_X7c83,8.8149,227.104614,228.932739,15625000.0000,1828125000.0,2661.12,,1.55982,7.79913,1.132944e+15,2.265887e+15,2.669436e+15,2.359470e+15,2.0826,1,3.970229e+15,5.551424e+15,5.264092e+15,5.848822e+15,2736.2241,3.598,4,0.466,,coarse,B,2.5723,4.5949,4.2141,False,512,343,0.670565,0.695906,False,227.260864,CO(2-1),-3277.1360,-4261.600,star,27.571,3.860,21.505,512,20260825,False,False,,,,1.0188,0.9915,354,253.2,3.9665,5.4863,0.0366,0.999998
GJ 849,GJ 849,6,A002_Xd86f11_X584b,8.8149,229.079042,230.919374,488281.2500,1840332031.2,2661.12,264,36.94632,184.73252,8.386018e+14,1.677204e+15,1.975909e+15,1.748807e+15,2.0854,1,2.407683e+15,2.411886e+15,2.380421e+15,2.441256e+15,2759.9905,3.598,73,15.04,0.9987,fine,A,4.6145,6.1987,5.2888,False,512,184,0.360624,0.269006,False,229.869569,CO(2-1),-668.4307,-869.230,star,27.334,3.827,21.320,512,20260825,False,False,,,,1.0302,0.9974,271440,2.07e+05,5.4056,6.6371,0.0623,0.999995
GJ 849,GJ 849,6,A002_Xd95042_X67d7,8.8149,229.097428,230.937760,488281.2500,1840332031.2,1451.52,,19.00240,95.01212,4.313119e+14,8.626238e+14,1.016255e+15,8.982507e+14,2.0826,1,1.238326e+15,1.240487e+15,1.224304e+15,1.255593e+15,2760.2111,3.598,39,8.205,,fine,A,4.3191,5.5472,5.0379,False,512,262,0.512671,0.442495,False,230.055436,CO(2-1),-482.5639,-627.528,star,27.331,3.826,21.319,512,20260825,False,False,,,,1.0305,1.0056,143260,8.632e+04,5.2644,6.5306,0.0315,0.999999
GJ 849,GJ 849,6,A002_Xd95042_X5feb,8.8149,229.097516,230.937848,488281.2500,1840332031.2,2661.12,,12.21622,61.08117,2.772808e+14,5.545616e+14,6.533275e+14,5.774654e+14,2.0826,1,7.960921e+14,7.974817e+14,7.870779e+14,8.071928e+14,2760.2122,3.598,74,15.04,,fine,A,4.9213,5.7028,5.3087,False,512,53,0.105263,0.124756,False,230.374860,CO(2-1),-163.1402,-212.148,star,27.331,3.826,21.319,512,20260825,False,False,,,,1.0228,1.0037,275210,1.581e+05,5.3528,6.5924,0.0314,0.999999
GJ 849,GJ 849,6,A002_Xd9668b_X88ad,8.8149,229.098494,230.938826,488281.2500,1840332031.2,2661.12,,12.22331,61.11667,2.774419e+14,5.548839e+14,6.537072e+14,5.778010e+14,2.0826,1,7.965547e+14,7.979452e+14,7.875353e+14,8.076619e+14,2760.2239,3.598,73,15.04,,fine,A,4.8877,6.0751,4.9766,False,512,82,0.161793,0.259259,False,229.502791,CO(2-1),-1035.2091,-1346.190,star,27.331,3.826,21.318,512,20260825,False,False,,,,1.0213,0.9976,271440,2.086e+05,5.3837,6.6095,0.0368,0.999998
GJ 849,GJ 849,6,A002_Xd9668b_X841a,8.8149,229.098590,230.938922,488281.2500,1840332031.2,2661.12,,11.16303,55.81525,2.533759e+14,5.067518e+14,5.970029e+14,5.276810e+14,2.0826,1,7.274595e+14,7.287294e+14,7.192225e+14,7.376032e+14,2760.2251,3.598,74,15.04,,fine,A,5.0904,5.8291,5.4984,False,512,19,0.038986,0.079922,False,230.876910,CO(2-1),338.9103,440.720,star,27.331,3.826,21.318,512,20260825,True,False,,unattributed,,1.0161,0.9888,275210,2.503e+05,5.3797,6.5913,0.0367,0.999998
GJ 849,GJ 849,6,A002_Xd9668b_X7c83,8.8149,229.098674,230.939006,488281.2500,1840332031.2,2661.12,,9.87704,49.38527,2.241867e+14,4.483734e+14,5.282275e+14,4.668915e+14,2.0826,1,6.436553e+14,6.447789e+14,6.363672e+14,6.526304e+14,2760.2261,3.598,73,15.04,,fine,A,4.5832,5.8601,4.9068,False,512,191,0.374269,0.337232,False,229.301799,CO(2-1),-1236.2007,-1607.560,star,27.331,3.826,21.318,512,20260825,False,False,,,,1.0203,0.9911,271440,2.423e+05,5.3912,6.6078,0.0366,0.999998
gam Lep,gam Lep,6,A002_Xd28a9e_Xbcdf,8.9050,223.085938,224.914062,15625000.0000,1828125000.0,2649.02,1314,0.13720,0.68605,1.017090e+14,2.034180e+14,2.396462e+14,2.118193e+14,2.0826,1,3.564238e+14,4.983742e+14,4.725792e+14,5.250728e+14,2688.0000,3.598,4,0.4557,1.0000,coarse,B,3.1624,4.5821,4.5246,False,512,93,0.183236,0.231969,False,223.117188,13CO(2-1),2718.1875,3697.349,star,28.066,3.929,21.891,512,20260825,False,False,,,,1.0036,0.9988,354,208.3,3.9038,5.4298,0.1169,0.999952
gam Lep,gam Lep,6,A002_Xd28a9e_Xbcdf,8.9050,225.085938,226.914062,15625000.0000,1828125000.0,2649.02,1314,0.12502,0.62511,9.267388e+13,1.853478e+14,2.183577e+14,1.930028e+14,2.0826,1,3.247615e+14,4.541020e+14,4.305985e+14,4.784289e+14,2712.0000,3.598,4,0.4598,1.0000,coarse,B,3.1002,4.2538,3.9726,False,512,135,0.265107,0.309942,False,225.398438,13CO(2-1),4999.4375,6800.365,star,27.817,3.894,21.698,512,20260825,False,False,,,,1.0587,0.9588,354,342.8,4.0533,5.5599,0.1169,0.999951
gam Lep,gam Lep,6,A002_Xd28a9e_Xbcdf,8.9050,239.085938,240.914063,15625000.0000,1828125000.0,2649.02,1314,0.13702,0.68514,1.015741e+14,2.031482e+14,2.393284e+14,2.115384e+14,2.0826,1,3.559510e+14,4.977132e+14,4.719524e+14,5.243764e+14,2880.0000,3.598,4,0.4883,1.0000,coarse,B,2.6656,5.2261,4.5840,False,512,283,0.553606,0.541910,False,240.007813,CS(5-4),-4928.1875,-6031.916,star,26.195,3.667,20.432,512,20260825,False,False,,,,1.0972,0.9816,354,255.7,4.1043,5.6752,0.1169,0.999945
gam Lep,gam Lep,6,A002_Xd28a9e_Xbcdf,8.9050,241.085938,242.914063,15625000.0000,1828125000.0,2649.02,1314,0.14694,0.73472,1.089242e+14,2.178484e+14,2.566466e+14,2.268457e+14,2.0826,1,3.817083e+14,5.337286e+14,5.061037e+14,5.623212e+14,2904.0000,3.598,4,0.4923,1.0000,coarse,B,2.4417,4.7781,4.1184,False,512,408,0.797271,0.785575,False,241.898438,CS(5-4),-3037.5625,-3717.862,star,25.978,3.637,20.263,512,20260825,False,False,,,,1.0833,0.9706,354,266.8,4.0652,5.6146,0.1169,0.999944
gam Lep,gam Lep,7,A002_Xd248b5_X5186,8.9050,335.627387,337.361762,15625000.0000,1734375000.0,1173.31,582,0.38519,1.92615,2.855563e+14,5.711125e+14,6.728261e+14,5.946999e+14,2.0826,1,1.000688e+15,1.399226e+15,1.326804e+15,1.474184e+15,4037.9349,3.598,3,0.3032,1.0000,coarse,B,2.5138,4.1820,4.8516,False,512,317,0.619883,0.684211,False,336.736762,CO(3-2),-9059.2375,-7854.027,star,18.683,2.616,14.573,512,20260825,False,False,,,,1.1128,0.9651,224,228.3,4.0741,5.6517,0.1177,0.999890
gam Lep,gam Lep,7,A002_Xd248b5_X5186,8.9050,337.564887,339.299262,15625000.0000,1734375000.0,1173.31,582,0.31892,1.59480,2.364334e+14,4.728668e+14,5.570831e+14,4.923966e+14,2.0826,1,8.285449e+14,1.158524e+15,1.098561e+15,1.220588e+15,4061.1849,3.598,3,0.305,1.0000,coarse,B,2.1399,4.1198,4.0162,False,512,455,0.888889,0.877193,False,339.268012,CO(3-2),-6527.9875,-5659.526,star,18.576,2.601,14.489,512,20260825,False,False,,,,0.9688,1.0035,224,167.2,3.7923,5.3093,0.1177,0.999889
gam Lep,gam Lep,7,A002_Xd248b5_X5186,8.9050,347.627387,349.361762,15625000.0000,1734375000.0,1173.31,582,0.35793,1.78984,2.653489e+14,5.306978e+14,6.252137e+14,5.526161e+14,2.0826,1,9.298749e+14,1.300210e+15,1.232913e+15,1.369864e+15,4181.9349,3.598,3,0.314,1.0000,coarse,B,2.7957,4.5111,3.7172,False,512,196,0.384016,0.454191,False,348.705512,CO(3-2),2909.5125,2522.441,star,18.040,2.526,14.071,512,20260825,False,False,,,,1.0461,1.0127,224,158.2,3.9446,5.5320,0.1177,0.999882
gam Lep,gam Lep,7,A002_Xd248b5_X5186,8.9050,349.627387,351.361762,15625000.0000,1734375000.0,1173.31,582,0.42401,2.12029,3.143385e+14,6.286769e+14,7.406426e+14,6.546418e+14,2.0826,1,1.101551e+15,1.540259e+15,1.460537e+15,1.622772e+15,4205.9349,3.598,3,0.3158,1.0000,coarse,B,3.0592,4.0613,3.8478,False,512,94,0.185185,0.155945,False,350.814887,CO(3-2),5018.8875,4351.192,star,17.937,2.511,13.991,512,20260825,False,False,,,,0.9912,0.9699,224,224,3.8407,5.3309,0.1177,0.999881
HD 285968,HD 285968,6,A002_Xd98580_X3bf6,9.4852,212.046491,213.874616,15625000.0000,1828125000.0,2812.32,279,2.32036,11.60192,1.951430e+15,3.902860e+15,4.597949e+15,4.064056e+15,2.0826,1,6.838490e+15,9.562008e+15,9.067095e+15,1.007426e+16,2555.5266,3.598,4,0.46,1.0000,coarse,B,2.8221,4.3224,3.2251,False,512,239,0.467836,0.520468,False,212.296491,SiO(5-4),-4808.5089,-6639.896,star,29.521,4.133,23.026,512,20260825,False,False,,,,,,,,,,0.1038,0.999966
HD 285968,HD 285968,6,A002_Xda2c82_X7136,9.4852,212.048118,213.876243,15625000.0000,1828125000.0,2812.32,,4.11138,20.55710,3.457683e+15,6.915365e+15,8.146973e+15,7.200974e+15,2.0826,1,1.211692e+16,1.694264e+16,1.606572e+16,1.785029e+16,2555.5462,3.598,4,0.46,,coarse,B,2.2378,4.9141,3.4147,False,512,472,0.922027,0.892788,False,212.344993,SiO(5-4),-4760.0075,-6572.922,star,29.520,4.133,23.026,512,20260825,False,False,,,,1.0653,1.0041,354,244.8,4.0749,5.6416,0.0964,0.999990
HD 285968,HD 285968,6,A002_Xdb4b9a_X108f,9.4852,212.053847,213.881972,15625000.0000,1828125000.0,2812.32,,2.33842,11.69214,1.966605e+15,3.933210e+15,4.633704e+15,4.095654e+15,2.0826,1,6.891668e+15,9.636364e+15,9.137603e+15,1.015260e+16,2555.6149,3.598,4,0.46,,coarse,B,3.0707,4.9764,3.5855,False,512,138,0.270955,0.177388,False,213.819472,SiO(5-4),-3285.5284,-4536.868,star,29.520,4.133,23.025,512,20260825,False,False,,,,1.1456,0.9959,354,274.1,4.2458,5.8595,0.0678,0.999995
HD 285968,HD 285968,6,A002_Xdb7ab7_X5b4e,9.4852,212.055280,213.883405,15625000.0000,1828125000.0,2812.32,,2.01378,10.06896,1.693588e+15,3.387177e+15,3.990424e+15,3.527070e+15,2.0826,1,5.934923e+15,8.298584e+15,7.869063e+15,8.743151e+15,2555.6321,3.598,4,0.46,,coarse,B,2.6990,4.1676,3.4972,False,512,237,0.463938,0.364522,False,213.086530,SiO(5-4),-4018.4696,-5548.960,star,29.519,4.133,23.025,512,20260825,False,False,,,,0.9964,0.9709,354,227.5,3.8565,5.3504,0.0606,0.999996
HD 285968,HD 285968,6,A002_Xd98580_X3bf6,9.4852,214.046121,215.874246,15625000.0000,1828125000.0,2812.32,279,2.19833,10.99176,1.848802e+15,3.697604e+15,4.356137e+15,3.850322e+15,2.0826,1,6.478845e+15,9.059129e+15,8.590244e+15,9.544439e+15,2579.5222,3.598,4,0.4643,1.0000,coarse,B,3.5198,4.3536,3.9718,False,512,24,0.048733,0.087719,False,214.483621,SiO(5-4),-2621.3793,-3619.768,star,29.246,4.094,22.812,512,20260825,False,False,,,,,,,,,,0.1038,0.999965
HD 285968,HD 285968,6,A002_Xda2c82_X7136,9.4852,214.047762,215.875887,15625000.0000,1828125000.0,2812.32,,3.91153,19.55786,3.289611e+15,6.579222e+15,7.750963e+15,6.850948e+15,2.0826,1,1.152794e+16,1.611909e+16,1.528480e+16,1.698262e+16,2579.5419,3.598,4,0.4643,,coarse,B,2.7483,4.3958,3.8864,False,512,245,0.479532,0.452242,False,214.500887,SiO(5-4),-2604.1126,-3595.925,star,29.246,4.094,22.812,512,20260825,False,False,,,,1.0033,0.9439,354,368.2,3.9287,5.3787,0.0964,0.999990
HD 285968,HD 285968,6,A002_Xdb4b9a_X108f,9.4852,214.053545,215.881670,15625000.0000,1828125000.0,2812.32,,2.20350,11.01758,1.853145e+15,3.706290e+15,4.366370e+15,3.859362e+15,2.0826,1,6.494064e+15,9.080410e+15,8.610424e+15,9.566860e+15,2579.6113,3.598,4,0.4643,,coarse,B,2.4171,4.3443,3.5553,False,512,389,0.760234,0.838207,False,214.100420,SiO(5-4),-3004.5798,-4148.916,star,29.245,4.094,22.811,512,20260825,False,False,,,,1.0348,0.9981,354,207.7,3.9627,5.5122,0.0678,0.999995
HD 285968,HD 285968,6,A002_Xdb7ab7_X5b4e,9.4852,214.054993,215.883118,15625000.0000,1828125000.0,2812.32,,1.87465,9.37330,1.576579e+15,3.153157e+15,3.714726e+15,3.283385e+15,2.0826,1,5.524880e+15,7.725235e+15,7.325390e+15,8.139087e+15,2579.6287,3.598,4,0.4643,,coarse,B,2.7241,4.6539,3.6816,False,512,275,0.538012,0.530214,False,215.414368,SiO(5-4),-1690.6325,-2334.533,star,29.245,4.094,22.811,512,20260825,False,False,,,,1.1261,0.9568,354,360.8,4.1974,5.7498,0.0606,0.999996
HD 285968,HD 285968,6,A002_Xd98580_X3bf6,9.4852,227.043709,228.871834,15625000.0000,1828125000.0,2812.32,279,2.36196,11.80998,1.986427e+15,3.972853e+15,4.680408e+15,4.136940e+15,2.0826,1,6.961130e+15,9.733491e+15,9.229702e+15,1.025493e+16,2735.4933,3.598,4,0.4924,1.0000,coarse,B,2.9128,4.8871,3.4701,False,512,168,0.329435,0.376218,False,228.403084,CO(2-1),-2134.9157,-2776.252,star,27.578,3.861,21.511,512,20260825,False,False,,,,,,,,,,0.1038,0.999961
HD 285968,HD 285968,6,A002_Xda2c82_X7136,9.4852,227.045450,228.873575,15625000.0000,1828125000.0,2812.32,,4.01301,20.06526,3.374956e+15,6.749911e+15,7.952052e+15,7.028687e+15,2.0826,1,1.182702e+16,1.653728e+16,1.568134e+16,1.742321e+16,2735.5142,3.598,4,0.4924,,coarse,B,2.4919,4.8676,4.3559,False,512,385,0.752437,0.680312,False,227.732950,CO(2-1),-2805.0498,-3647.697,star,27.578,3.861,21.511,512,20260825,False,False,,,,1.0481,0.9726,354,318.3,4.0420,5.5554,0.0964,0.999988
HD 285968,HD 285968,6,A002_Xdb4b9a_X108f,9.4852,227.051583,228.879708,15625000.0000,1828125000.0,2812.32,,2.17091,10.85461,1.825733e+15,3.651467e+15,4.301783e+15,3.802275e+15,2.0826,1,6.398005e+15,8.946093e+15,8.483059e+15,9.425348e+15,2735.5877,3.598,4,0.4924,,coarse,B,3.4680,4.4322,3.7588,False,512,36,0.072125,0.021442,False,228.676583,CO(2-1),-1861.4173,-2420.594,star,27.578,3.861,21.510,512,20260825,False,False,,,,1.1046,0.9676,354,285.2,4.1180,5.6770,0.0678,0.999994
HD 285968,HD 285968,6,A002_Xdb7ab7_X5b4e,9.4852,227.053118,228.881243,15625000.0000,1828125000.0,2812.32,,1.80026,9.00136,1.514020e+15,3.028040e+15,3.567325e+15,3.153100e+15,2.0826,1,5.305652e+15,7.418698e+15,7.034719e+15,7.816128e+15,2735.6062,3.598,4,0.4924,,coarse,B,2.6820,4.6135,2.9968,False,512,264,0.516569,0.514620,False,227.428118,CO(2-1),-3109.8825,-4044.103,star,27.577,3.861,21.510,512,20260825,False,False,,,,1.0301,0.9449,354,324.7,3.9554,5.4336,0.0606,0.999995
HD 285968,HD 285968,6,A002_Xd98580_X3bf6,9.4852,229.037235,230.877567,488281.2500,1840332031.2,2812.32,279,13.29272,66.46451,3.493519e+14,6.987038e+14,8.231410e+14,7.285326e+14,2.0854,1,1.003013e+15,1.004764e+15,9.916560e+14,1.016999e+15,2759.4888,3.598,77,15.89,0.9987,fine,A,5.9557,8.1167,6.3650,False,512,33,0.066277,0.099415,False,230.502079,CO(2-1),-35.9209,-46.712,star,27.339,3.827,21.324,512,20260825,True,False,,"attributed: CO(2-1) at -46.7 km/s (topocentric, frozen 15-line mask)",,,,,,,,0.1038,0.999960
HD 285968,HD 285968,6,A002_Xda2c82_X7136,9.4852,229.038992,230.879324,488281.2500,1840332031.2,2812.32,,25.08295,125.41622,6.592149e+14,1.318430e+15,1.553239e+15,1.372882e+15,2.0826,1,1.892651e+15,1.895955e+15,1.871220e+15,1.919042e+15,2759.5099,3.598,77,15.89,,fine,A,4.7561,6.4001,5.7922,False,512,130,0.255361,0.323587,False,230.050710,CO(2-1),-487.2897,-633.673,star,27.338,3.827,21.324,512,20260825,False,False,,,,1.0343,0.9921,286520,2.848e+05,5.4610,6.6815,0.0964,0.999988
HD 285968,HD 285968,6,A002_Xdb4b9a_X108f,9.4852,229.045178,230.885510,488281.2500,1840332031.2,2812.32,,13.50335,67.51712,3.548847e+14,7.097693e+14,8.361773e+14,7.390833e+14,2.0826,1,1.018898e+15,1.020677e+15,1.007361e+15,1.033106e+15,2759.5841,3.598,77,15.89,,fine,A,5.8350,7.9438,6.5026,False,512,23,0.046784,0.040936,False,230.510022,CO(2-1),-27.9784,-36.383,star,27.338,3.827,21.323,512,20260825,True,False,,"attributed: CO(2-1) at -36.4 km/s (topocentric, frozen 15-line mask)",,1.0257,1.0158,286520,2.026e+05,5.4389,6.6795,0.0678,0.999994
HD 285968,HD 285968,6,A002_Xdb7ab7_X5b4e,9.4852,229.046726,230.887058,488281.2500,1840332031.2,2812.32,,11.40786,57.03956,2.998123e+14,5.996246e+14,7.064161e+14,6.243895e+14,2.0826,1,8.607816e+14,8.622842e+14,8.510350e+14,8.727843e+14,2759.6027,3.598,77,15.89,,fine,A,5.8682,7.2235,5.9697,False,512,15,0.031189,0.025341,False,230.511570,CO(2-1),-26.4301,-34.370,star,27.338,3.827,21.323,512,20260825,True,False,,"attributed: CO(2-1) at -34.4 km/s (topocentric, frozen 15-line mask)",,1.0370,1.0051,286520,2.417e+05,5.4731,6.7083,0.0606,0.999995
AU Mic,AU Mic,3,A002_X1237e23_Xdb0,9.7141,100.003657,101.831782,15625000.0000,1828125000.0,3265.92,540,0.19462,0.97310,1.716704e+14,3.433408e+14,4.044888e+14,3.575210e+14,2.0826,1,6.015928e+14,8.411849e+14,7.976467e+14,8.862484e+14,1211.0126,3.598,2,0.2531,1.0000,coarse,B,2.6765,4.4766,4.3088,False,512,175,0.343080,0.306043,False,101.800532,CN(1-0),-11690.4680,-30880.987,star,62.296,8.721,48.591,512,20260825,False,False,,,,1.0543,0.9845,118,131.6,3.8601,5.4446,0.0384,0.999999
AU Mic,AU Mic,3,A002_X1240efd_X14e83,9.7141,100.005796,101.833921,15625000.0000,1828125000.0,3265.92,,0.11209,0.56045,9.887194e+13,1.977439e+14,2.329615e+14,2.059108e+14,2.0826,1,3.464817e+14,4.844725e+14,4.593971e+14,5.104264e+14,1211.0383,3.598,2,0.2531,,coarse,B,2.7203,4.3677,4.0957,False,512,177,0.346979,0.403509,False,,CN(1-0),-12078.9542,-31907.194,star,62.294,8.721,48.589,512,20260825,False,False,,,,1.0837,1.0112,118,105.4,3.9082,5.5521,0.0242,1.000000
AU Mic,AU Mic,3,A002_X1240efd_X14140,9.7141,100.005845,101.833970,15625000.0000,1828125000.0,3265.92,,0.11638,0.58192,1.026595e+14,2.053191e+14,2.418858e+14,2.137989e+14,2.0826,1,3.597547e+14,5.030317e+14,4.769957e+14,5.299799e+14,1211.0389,3.598,2,0.2531,,coarse,B,3.0461,4.0867,3.9173,False,512,82,0.161793,0.192982,False,,HCO+(1-0),10957.4705,36831.526,star,62.294,8.721,48.589,512,20260825,False,False,,,,1.0880,0.9942,118,132.1,3.9432,5.5611,0.0243,1.000000
AU Mic,AU Mic,3,A002_X1240efd_X13b03,9.7141,100.005869,101.833994,15625000.0000,1828125000.0,3265.92,,0.12001,0.60007,1.058621e+14,2.117242e+14,2.494317e+14,2.204686e+14,2.0826,1,3.709777e+14,5.187243e+14,4.918761e+14,5.465131e+14,1211.0392,3.598,2,0.2531,,coarse,B,2.3876,4.2489,3.9697,False,512,319,0.623782,0.612086,False,,CN(1-0),-11703.8807,-30916.418,star,62.294,8.721,48.589,512,20260825,False,False,,,,0.9599,1.0079,118,104,3.6678,5.2129,0.0243,1.000000
AU Mic,AU Mic,3,A002_X12a079b_Xf640,9.7141,100.015682,101.843807,15625000.0000,1828125000.0,3392.93,,0.09495,0.47477,8.375610e+13,1.675122e+14,1.973457e+14,1.744306e+14,2.0826,1,2.935105e+14,4.104049e+14,3.891630e+14,4.323909e+14,1211.1569,3.598,3,0.263,,coarse,B,2.4747,4.7257,3.6316,False,512,322,0.629630,0.693957,False,,HCO+(1-0),11545.4322,38807.852,star,62.288,8.720,48.585,512,20260825,False,False,,,,0.9939,1.0072,236,153.3,3.8263,5.3712,0.0850,0.999995
AU Mic,AU Mic,3,A002_X129754b_X2b51b,9.7141,100.016327,101.844452,15625000.0000,1828125000.0,3392.93,,0.09434,0.47168,8.321116e+13,1.664223e+14,1.960617e+14,1.732957e+14,2.0826,1,2.916009e+14,4.077347e+14,3.866311e+14,4.295776e+14,1211.1647,3.598,3,0.263,,coarse,B,3.0045,4.0542,3.9581,False,512,113,0.222222,0.175439,False,,HCO+(1-0),11733.5769,39440.266,star,62.288,8.720,48.584,512,20260825,False,False,,,,1.1104,1.0121,236,154.6,4.0609,5.6991,0.0913,0.999994
AU Mic,AU Mic,3,A002_X129754b_X23b68,9.7141,100.016378,101.844503,15625000.0000,1828125000.0,3336.48,,0.10375,0.51875,9.151507e+13,1.830301e+14,2.156273e+14,1.905894e+14,2.0826,1,3.207006e+14,4.484238e+14,4.252142e+14,4.724465e+14,1211.1653,3.598,3,0.2586,,coarse,B,1.7547,4.4456,4.0248,False,512,511,0.998051,1.000000,False,,CN(1-0),-11802.7472,-31177.579,star,62.288,8.720,48.584,512,20260825,False,False,,,,1.1303,0.9767,236,220.7,4.1225,5.7244,0.0920,0.999994
AU Mic,AU Mic,3,A002_X129754b_X2363e,9.7141,100.016445,101.844570,15625000.0000,1828125000.0,3392.93,,0.09416,0.47082,8.305999e+13,1.661200e+14,1.957055e+14,1.729808e+14,2.0826,1,2.910711e+14,4.069939e+14,3.859287e+14,4.287972e+14,1211.1661,3.598,3,0.263,,coarse,B,3.1771,4.4923,3.9294,False,512,84,0.165692,0.216374,False,,HCO+(1-0),11577.4448,38915.456,star,62.288,8.720,48.584,512,20260825,False,False,,,,1.0427,1.0158,236,151.8,3.9337,5.5236,0.0921,0.999994
AU Mic,AU Mic,3,A002_X129754b_X1a931,9.7141,100.016506,101.844631,15625000.0000,1828125000.0,3336.48,,0.08452,0.42260,7.455216e+13,1.491043e+14,1.756594e+14,1.552624e+14,2.0826,1,2.612567e+14,3.653056e+14,3.463980e+14,3.848755e+14,1211.1668,3.598,3,0.2586,,coarse,B,2.6767,4.2754,4.0261,False,512,252,0.493177,0.555556,False,,HCO+(1-0),11718.1312,39388.348,star,62.288,8.720,48.584,512,20260825,False,False,,,,1.0010,0.9936,236,187.7,3.8635,5.3902,0.0929,0.999994
AU Mic,AU Mic,3,A002_X12925a3_Xa4b1,9.7141,100.017230,101.845355,15625000.0000,1828125000.0,3392.93,1683,0.10090,0.50450,8.900124e+13,1.780025e+14,2.097042e+14,1.853541e+14,2.0826,1,3.118913e+14,4.361061e+14,4.135340e+14,4.594689e+14,1211.1755,3.598,3,0.263,1.0000,coarse,B,2.1957,4.5582,4.0256,False,512,434,0.847953,0.873294,False,101.610980,CN(1-0),-11880.0198,-31381.698,star,62.287,8.720,48.584,512,20260825,False,False,,,,1.0195,0.9654,236,218.1,3.8808,5.3906,0.0984,0.999993
AU Mic,AU Mic,3,A002_X12a079b_Xf640,9.7141,101.911182,103.739307,15625000.0000,1828125000.0,3392.93,,0.09060,0.45302,7.991910e+13,1.598382e+14,1.883049e+14,1.664396e+14,2.0826,1,2.800643e+14,3.916036e+14,3.713349e+14,4.125824e+14,1233.9029,3.598,3,0.2679,,coarse,B,2.2273,4.7575,4.0592,False,512,434,0.847953,0.826511,False,,CN(1-0),-11126.6928,-29391.745,star,61.140,8.560,47.689,512,20260825,False,False,,,,0.9662,0.9959,236,161.6,3.7646,5.2760,0.0850,0.999995
AU Mic,AU Mic,3,A002_X129754b_X2b51b,9.7141,101.911827,103.739952,15625000.0000,1828125000.0,3392.93,,0.08815,0.44078,7.775973e+13,1.555195e+14,1.832171e+14,1.619425e+14,2.0826,1,2.724971e+14,3.810227e+14,3.613016e+14,4.014346e+14,1233.9107,3.598,3,0.2679,,coarse,B,2.7927,4.3802,3.8216,False,512,159,0.311891,0.304094,False,,CN(1-0),-10141.6731,-26789.764,star,61.140,8.560,47.689,512,20260825,False,False,,,,1.0421,0.9592,236,185.2,3.8732,5.4059,0.0913,0.999994
AU Mic,AU Mic,3,A002_X129754b_X23b68,9.7141,101.911878,103.740003,15625000.0000,1828125000.0,3336.48,,0.10118,0.50589,8.924651e+13,1.784930e+14,2.102821e+14,1.858649e+14,2.0826,1,3.127508e+14,4.373079e+14,4.146736e+14,4.607351e+14,1233.9113,3.598,3,0.2635,,coarse,B,3.2129,4.3691,4.2430,False,512,59,0.116959,0.144250,False,,CN(1-0),-10204.1222,-26954.727,star,61.139,8.560,47.689,512,20260825,False,False,,,,1.0085,0.9738,236,197.3,3.8517,5.3659,0.0920,0.999994
AU Mic,AU Mic,3,A002_X129754b_X2363e,9.7141,101.911945,103.740070,15625000.0000,1828125000.0,3392.93,,0.09014,0.45070,7.951100e+13,1.590220e+14,1.873434e+14,1.655897e+14,2.0826,1,2.786342e+14,3.896039e+14,3.694387e+14,4.104755e+14,1233.9121,3.598,3,0.2679,,coarse,B,2.6233,4.5941,4.5909,False,512,244,0.477583,0.539961,False,,CN(1-0),-11157.1802,-29472.280,star,61.139,8.560,47.689,512,20260825,False,False,,,,1.0324,1.0012,236,144.5,3.8738,5.4479,0.0921,0.999994
AU Mic,AU Mic,3,A002_X129754b_X1a931,9.7141,101.912006,103.740131,15625000.0000,1828125000.0,3336.48,,0.08248,0.41240,7.275295e+13,1.455059e+14,1.714201e+14,1.515154e+14,2.0826,1,2.549516e+14,3.564895e+14,3.380382e+14,3.755871e+14,1233.9128,3.598,3,0.2635,,coarse,B,2.9439,4.7753,4.0974,False,512,117,0.230019,0.152047,False,,CN(1-0),-10703.9938,-28275.164,star,61.139,8.560,47.689,512,20260825,False,False,,,,0.9771,0.9905,236,189.3,3.8132,5.3188,0.0929,0.999994
AU Mic,AU Mic,3,A002_X12925a3_Xa4b1,9.7141,101.912730,103.740855,15625000.0000,1828125000.0,3392.93,1683,0.09646,0.48230,8.508587e+13,1.701717e+14,2.004789e+14,1.771999e+14,2.0826,1,2.981705e+14,4.169208e+14,3.953417e+14,4.392558e+14,1233.9215,3.598,3,0.2679,1.0000,coarse,B,2.0647,4.1502,3.8660,False,512,471,0.920078,0.922027,False,102.678355,CN(1-0),-10812.6448,-28562.171,star,61.139,8.559,47.688,512,20260825,False,False,,,,0.9914,1.0234,236,126,3.8037,5.3724,0.0984,0.999993
AU Mic,AU Mic,3,A002_X1237e23_Xdb0,9.7141,101.961657,103.789782,15625000.0000,1828125000.0,3265.92,540,0.20157,1.00788,1.778044e+14,3.556088e+14,4.189417e+14,3.702957e+14,2.0826,1,6.230884e+14,8.712415e+14,8.261476e+14,9.179152e+14,1234.5086,3.598,2,0.258,1.0000,coarse,B,2.0356,4.3607,4.1984,False,512,477,0.931774,0.925926,False,102.586657,CN(1-0),-10904.3430,-28804.397,star,61.110,8.555,47.666,512,20260825,False,False,,,,1.0810,0.9949,118,128.5,3.9240,5.5389,0.0384,0.999999
AU Mic,AU Mic,3,A002_X1240efd_X14e83,9.7141,101.963796,103.791921,15625000.0000,1828125000.0,3265.92,,0.10883,0.54414,9.599490e+13,1.919898e+14,2.261826e+14,1.999191e+14,2.0826,1,3.363995e+14,4.703750e+14,4.460292e+14,4.955737e+14,1234.5343,3.598,2,0.258,,coarse,B,2.6454,4.5430,3.7484,False,512,215,0.421053,0.448343,False,,CN(1-0),-10167.8292,-26858.857,star,61.109,8.555,47.665,512,20260825,False,False,,,,0.9972,0.9815,118,136.4,3.7550,5.2903,0.0242,1.000000
AU Mic,AU Mic,3,A002_X1240efd_X14140,9.7141,101.963845,103.791970,15625000.0000,1828125000.0,3265.92,,0.11290,0.56451,9.958838e+13,1.991768e+14,2.346496e+14,2.074029e+14,2.0826,1,3.489923e+14,4.879830e+14,4.627259e+14,5.141250e+14,1234.5349,3.598,2,0.258,,coarse,B,2.3282,4.5467,4.2163,False,512,364,0.711501,0.608187,False,,CN(1-0),-10230.2795,-27023.823,star,61.109,8.555,47.665,512,20260825,False,False,,,,1.0536,0.9818,118,140.5,3.8700,5.4473,0.0243,1.000000
AU Mic,AU Mic,3,A002_X1240efd_X13b03,9.7141,101.963869,103.791994,15625000.0000,1828125000.0,3265.92,,0.11624,0.58121,1.025349e+14,2.050698e+14,2.415922e+14,2.135393e+14,2.0826,1,3.593180e+14,5.024210e+14,4.764166e+14,5.293365e+14,1234.5352,3.598,2,0.258,,coarse,B,2.5438,4.1052,4.1029,False,512,229,0.448343,0.499025,False,,CN(1-0),-10902.1307,-28798.553,star,61.109,8.555,47.665,512,20260825,False,False,,,,0.9152,0.9659,118,135.6,3.5685,5.0285,0.0243,1.000000
AU Mic,AU Mic,3,A002_X1237e23_Xdb0,9.7141,112.003657,113.831782,15625000.0000,1828125000.0,3265.92,540,0.23210,1.16050,2.047296e+14,4.094592e+14,4.823827e+14,4.263702e+14,2.0826,1,7.174437e+14,1.003175e+15,9.512524e+14,1.056916e+15,1355.0126,3.598,2,0.2832,1.0000,coarse,B,3.3939,4.5155,3.9758,False,512,38,0.076023,0.083821,False,113.706782,CN(1-0),215.7820,570.000,star,55.675,7.795,43.427,512,20260825,False,False,,,,1.0741,1.0040,118,110.6,3.8893,5.5166,0.0384,0.999999
AU Mic,AU Mic,3,A002_X1240efd_X14e83,9.7141,112.005796,113.833921,15625000.0000,1828125000.0,3265.92,,0.14573,0.72866,1.285468e+14,2.570937e+14,3.028813e+14,2.677118e+14,2.0826,1,4.504728e+14,6.298795e+14,5.972780e+14,6.636230e+14,1355.0383,3.598,2,0.2832,,coarse,B,2.2381,4.8349,3.8716,False,512,401,0.783626,0.695906,False,,CN(1-0),-1094.5792,-2891.389,star,55.674,7.794,43.426,512,20260825,False,False,,,,1.0735,1.0222,118,104.7,3.9078,5.5528,0.0242,0.999999
AU Mic,AU Mic,3,A002_X1240efd_X14140,9.7141,112.005845,113.833970,15625000.0000,1828125000.0,3265.92,,0.15145,0.75726,1.335927e+14,2.671855e+14,3.147705e+14,2.782204e+14,2.0826,1,4.681554e+14,6.546044e+14,6.207232e+14,6.896725e+14,1355.0389,3.598,2,0.2832,,coarse,B,2.5020,4.5599,3.5726,False,512,236,0.461988,0.387914,False,,CN(1-0),-1063.2795,-2808.709,star,55.674,7.794,43.426,512,20260825,False,False,,,,1.0438,0.9710,118,121.6,3.7949,5.3661,0.0243,0.999999
AU Mic,AU Mic,3,A002_X1240efd_X13b03,9.7141,112.005869,113.833994,15625000.0000,1828125000.0,3265.92,,0.15831,0.79153,1.396380e+14,2.792760e+14,3.290142e+14,2.908102e+14,2.0826,1,4.893400e+14,6.842261e+14,6.488118e+14,7.208811e+14,1355.0392,3.598,2,0.2832,,coarse,B,2.6876,4.3896,4.0344,False,512,195,0.382066,0.438596,False,,CN(1-0),-1016.3807,-2684.823,star,55.674,7.794,43.426,512,20260825,False,False,,,,1.0115,1.0543,118,90.14,3.8128,5.4452,0.0243,0.999999
AU Mic,AU Mic,3,A002_X12a079b_Xf640,9.7141,112.015682,113.843807,15625000.0000,1828125000.0,3392.93,,0.12472,0.62358,1.100089e+14,2.200178e+14,2.592024e+14,2.291047e+14,2.0826,1,3.855095e+14,5.390437e+14,5.111437e+14,5.679210e+14,1355.1569,3.598,3,0.2943,,coarse,B,2.4865,4.9501,4.2075,False,512,287,0.561404,0.565302,False,,CN(1-0),55.9322,147.748,star,55.669,7.794,43.422,512,20260825,False,False,,,,1.0703,0.9903,236,146.5,3.9285,5.5224,0.0850,0.999994
AU Mic,AU Mic,3,A002_X129754b_X2b51b,9.7141,112.016327,113.844452,15625000.0000,1828125000.0,3392.93,,0.12277,0.61384,1.082912e+14,2.165823e+14,2.551550e+14,2.255273e+14,2.0826,1,3.794899e+14,5.306266e+14,5.031623e+14,5.590531e+14,1355.1647,3.598,3,0.2943,,coarse,B,3.0532,4.4138,4.1517,False,512,84,0.165692,0.191033,False,,CN(1-0),-802.7981,-2120.634,star,55.669,7.794,43.422,512,20260825,False,False,,,,1.0403,0.9703,236,154.8,3.8471,5.3987,0.0913,0.999993
AU Mic,AU Mic,3,A002_X129754b_X23b68,9.7141,112.016378,113.844503,15625000.0000,1828125000.0,3336.48,,0.14529,0.72644,1.281544e+14,2.563089e+14,3.019568e+14,2.668946e+14,2.0826,1,4.490977e+14,6.279568e+14,5.954548e+14,6.615973e+14,1355.1653,3.598,3,0.2894,,coarse,B,2.6144,4.9297,3.9475,False,512,256,0.500975,0.481481,False,,CN(1-0),-83.9972,-221.883,star,55.669,7.794,43.422,512,20260825,False,False,,,,1.0045,1.0054,236,148.8,3.8358,5.3894,0.0920,0.999992
AU Mic,AU Mic,3,A002_X129754b_X2363e,9.7141,112.016445,113.844570,15625000.0000,1828125000.0,3392.93,,0.12322,0.61609,1.086883e+14,2.173766e+14,2.560908e+14,2.263544e+14,2.0826,1,3.808817e+14,5.325727e+14,5.050077e+14,5.611034e+14,1355.1661,3.598,3,0.2943,,coarse,B,2.5803,4.3875,4.2094,False,512,274,0.536062,0.452242,False,,CN(1-0),-318.3052,-840.820,star,55.669,7.794,43.422,512,20260825,False,False,,,,0.9339,0.9433,236,263.5,3.7130,5.1298,0.0921,0.999992
AU Mic,AU Mic,3,A002_X129754b_X1a931,9.7141,112.016506,113.844631,15625000.0000,1828125000.0,3336.48,,0.11247,0.56235,9.920759e+13,1.984152e+14,2.337524e+14,2.066099e+14,2.0826,1,3.476579e+14,4.861172e+14,4.609566e+14,5.121592e+14,1355.1668,3.598,3,0.2894,,coarse,B,1.8632,4.1420,3.9326,False,512,506,0.988304,0.935673,False,,CN(1-0),-1411.9938,-3729.856,star,55.669,7.794,43.422,512,20260825,False,False,,,,1.0448,0.9692,236,168,3.8737,5.4226,0.0929,0.999992
AU Mic,AU Mic,3,A002_X12925a3_Xa4b1,9.7141,112.017230,113.845355,15625000.0000,1828125000.0,3392.93,1683,0.13067,0.65333,1.152575e+14,2.305150e+14,2.715691e+14,2.400354e+14,2.0826,1,4.039024e+14,5.647618e+14,5.355307e+14,5.950169e+14,1355.1755,3.598,3,0.2943,1.0000,coarse,B,2.7496,4.4630,3.9423,False,512,183,0.358674,0.403509,False,113.782855,CN(1-0),291.8552,770.951,star,55.669,7.794,43.421,512,20260825,False,False,,,,1.0735,0.9799,236,163,3.9419,5.5231,0.0984,0.999991
AU Mic,AU Mic,3,A002_X1237e23_Xdb0,9.7141,114.012927,115.738512,976562.5000,1725585937.5,2419.20,400,2.80875,14.04374,1.548455e+14,1.824231e+14,3.040385e+14,2.064669e+14,1.3334,2,4.445721e+14,4.453481e+14,4.395382e+14,4.507712e+14,1378.5086,3.598,17,3.415,1.0000,fine,A,4.3842,5.5459,5.2454,False,512,89,0.175439,0.191033,False,114.796130,CO(1-0),-474.8703,-1235.025,star,54.726,7.662,42.687,512,20260825,False,False,,,,1.0124,1.0231,28288,1.881e+04,4.9651,6.2881,0.0384,0.999999
AU Mic,AU Mic,3,A002_X1240efd_X14e83,9.7141,114.015065,115.740651,976562.5000,1725585937.5,2419.20,,1.15789,5.78944,6.383406e+13,7.520273e+13,1.253379e+14,8.511207e+13,1.3333,2,1.832719e+14,1.835918e+14,1.811967e+14,1.858275e+14,1378.5343,3.598,17,3.415,,fine,A,3.7972,5.4117,5.0774,False,512,427,0.834308,0.840156,False,,CO(1-0),305.5887,794.764,star,54.725,7.662,42.686,512,20260825,False,False,,,,1.0112,0.9963,28288,2.959e+04,4.9859,6.2731,0.0242,0.999999
AU Mic,AU Mic,3,A002_X1240efd_X14140,9.7141,114.015115,115.740701,976562.5000,1725585937.5,2419.20,,1.18872,5.94360,6.553375e+13,7.720513e+13,1.286752e+14,8.737833e+13,1.3333,2,1.881519e+14,1.884803e+14,1.860214e+14,1.907754e+14,1378.5349,3.598,17,3.415,,fine,A,4.0498,5.5241,5.0031,False,512,248,0.485380,0.551657,False,,CO(1-0),-615.2600,-1600.145,star,54.725,7.662,42.686,512,20260825,False,False,,,,1.0171,1.0072,28288,2.296e+04,4.9775,6.2853,0.0243,0.999999
AU Mic,AU Mic,3,A002_X1240efd_X13b03,9.7141,114.015139,115.740725,976562.5000,1725585937.5,2419.20,,1.25335,6.26673,6.909666e+13,8.140258e+13,1.356710e+14,9.212888e+13,1.3333,2,1.983812e+14,1.987275e+14,1.961349e+14,2.011474e+14,1378.5352,3.598,17,3.415,,fine,A,4.1742,5.4575,5.4309,False,512,190,0.372320,0.411306,False,,CO(1-0),-400.3924,-1041.326,star,54.725,7.662,42.686,512,20260825,False,False,,,,1.0117,1.0155,28288,2.28e+04,4.9830,6.2929,0.0243,0.999999
AU Mic,AU Mic,3,A002_X12a079b_Xf640,9.7141,114.024952,115.750538,976562.5000,1725585937.5,2884.90,,1.02251,5.11259,5.637110e+13,6.641064e+13,1.106844e+14,7.516147e+13,1.3333,2,1.618453e+14,1.621278e+14,1.600127e+14,1.641020e+14,1378.6529,3.598,32,4.073,,fine,A,3.7488,5.7622,5.4742,False,512,505,0.986355,0.980507,False,,CO(1-0),-259.7201,-675.470,star,54.721,7.661,42.682,512,20260825,False,False,,,,1.0277,1.0112,54808,4.707e+04,5.1549,6.4448,0.0850,0.999993
AU Mic,AU Mic,3,A002_X129754b_X2b51b,9.7141,114.025596,115.751182,976562.5000,1725585937.5,2884.90,,1.02182,5.10912,5.633286e+13,6.636558e+13,1.106093e+14,7.511047e+13,1.3333,2,1.617355e+14,1.620178e+14,1.599041e+14,1.639907e+14,1378.6607,3.598,32,4.073,,fine,A,4.4974,6.0038,5.1973,False,512,99,0.194932,0.226121,False,,CN(1-0),862.7214,2278.924,star,54.720,7.661,42.682,512,20260825,False,False,,,,1.0165,1.0227,54808,3.415e+04,5.0929,6.3950,0.0913,0.999992
AU Mic,AU Mic,3,A002_X129754b_X23b68,9.7141,114.025647,115.751233,976562.5000,1725585937.5,2884.90,,1.19354,5.96773,6.579983e+13,7.751860e+13,1.291977e+14,8.773310e+13,1.3333,2,1.889158e+14,1.892456e+14,1.867767e+14,1.915500e+14,1378.6613,3.598,31,4.073,,fine,A,4.1027,5.5182,5.2334,False,512,323,0.631579,0.635478,False,,CO(1-0),59.3349,154.316,star,54.720,7.661,42.682,512,20260825,False,False,,,,1.0120,1.0319,53040,2.987e+04,5.0781,6.3883,0.0920,0.999992
AU Mic,AU Mic,3,A002_X129754b_X2363e,9.7141,114.025714,115.751300,976562.5000,1725585937.5,2884.90,,0.98995,4.94979,5.457606e+13,6.429591e+13,1.071598e+14,7.276808e+13,1.3333,2,1.566916e+14,1.569651e+14,1.549174e+14,1.588765e+14,1378.6621,3.598,32,4.073,,fine,A,4.3117,5.7864,5.6672,False,512,197,0.385965,0.393762,False,,CN(1-0),817.9175,2160.572,star,54.720,7.661,42.682,512,20260825,False,False,,,,1.0255,1.0090,54808,5.014e+04,5.1558,6.4404,0.0921,0.999992
AU Mic,AU Mic,3,A002_X129754b_X1a931,9.7141,114.025776,115.751362,976562.5000,1725585937.5,2884.90,,0.92611,4.63056,5.105633e+13,6.014932e+13,1.002489e+14,6.807511e+13,1.3333,2,1.465862e+14,1.468421e+14,1.449264e+14,1.486302e+14,1378.6628,3.598,31,4.073,,fine,A,4.0145,5.8044,5.3417,False,512,388,0.758285,0.740741,False,,CN(1-0),835.5570,2207.168,star,54.720,7.661,42.682,512,20260825,False,False,,,,0.9916,1.0070,53040,4.318e+04,5.0364,6.3039,0.0929,0.999992
AU Mic,AU Mic,3,A002_X12925a3_Xa4b1,9.7141,114.026500,115.752086,976562.5000,1725585937.5,2884.90,1431,1.05564,5.27823,5.819748e+13,6.856229e+13,1.142705e+14,7.759690e+13,1.3333,2,1.670889e+14,1.673806e+14,1.651970e+14,1.694188e+14,1378.6715,3.598,33,4.073,1.0000,fine,A,4.2742,5.6140,5.1390,False,512,212,0.415205,0.348928,False,114.595836,CO(1-0),-675.1643,-1755.942,star,54.720,7.661,42.681,512,20260825,False,False,,,,1.0390,1.0097,56576,4.658e+04,5.1777,6.4742,0.0984,0.999991
AU Mic,AU Mic,6,A002_X899169_X1838,9.7141,212.625624,214.359999,15625000.0000,1734375000.0,1505.95,249,0.31546,1.57733,2.782647e+14,5.565293e+14,6.556456e+14,5.795146e+14,2.0826,1,9.751361e+14,1.363497e+15,1.292925e+15,1.436541e+15,2561.9137,3.598,3,0.2469,1.0000,coarse,B,3.3119,4.7068,3.9380,False,512,40,0.079922,0.093567,False,213.063124,SiO(5-4),-4041.8765,-5581.281,star,29.447,4.123,22.969,512,20260825,False,False,,,,0.9770,1.0203,224,124.5,3.7677,5.3236,0.0349,0.999996
AU Mic,AU Mic,6,A002_Xa42f75_X319,9.7141,212.644214,214.378589,15625000.0000,1734375000.0,1905.12,,0.22799,1.13996,2.011057e+14,4.022114e+14,4.738442e+14,4.188231e+14,2.0826,1,7.047444e+14,9.854181e+14,9.344145e+14,1.038208e+15,2562.1368,3.598,3,0.3124,,coarse,B,2.6084,4.7271,4.1117,False,512,251,0.491228,0.516569,False,213.691089,SiO(5-4),-3413.9113,-4714.147,star,29.444,4.122,22.967,512,20260825,False,False,,,,1.0156,1.0072,224,142.9,3.8504,5.4169,0.0361,0.999996
AU Mic,AU Mic,6,A002_X7d80c7_X15c6,9.7141,212.650835,214.385210,15625000.0000,1734375000.0,1632.96,,0.23831,1.19156,2.102091e+14,4.204182e+14,4.952936e+14,4.377818e+14,2.0826,1,7.366459e+14,1.030025e+15,9.767124e+14,1.085205e+15,2562.2163,3.598,3,0.2678,,coarse,B,2.4949,4.0080,4.6655,False,512,324,0.633528,0.639376,False,,SiO(5-4),-3094.7901,-4273.484,star,29.444,4.122,22.966,512,20260825,False,False,,,,1.0634,0.9812,224,180.8,3.9510,5.5185,0.0343,0.999996
AU Mic,AU Mic,6,A002_X899169_X1838,9.7141,215.125539,216.859914,15625000.0000,1734375000.0,1505.95,249,0.33470,1.67349,2.952297e+14,5.904593e+14,6.956185e+14,6.148459e+14,2.0826,1,1.034587e+15,1.446625e+15,1.371751e+15,1.524123e+15,2591.9127,3.598,3,0.2498,1.0000,coarse,B,2.7235,4.9097,4.2067,False,512,227,0.444444,0.514620,False,216.313039,SiO(5-4),-791.9607,-1093.590,star,29.106,4.075,22.703,512,20260825,False,False,,,,1.0904,1.0156,224,162.9,4.0427,5.6643,0.0349,0.999996
AU Mic,AU Mic,6,A002_Xa42f75_X319,9.7141,215.144347,216.878722,15625000.0000,1734375000.0,1905.12,,0.24854,1.24271,2.192333e+14,4.384665e+14,5.165562e+14,4.565755e+14,2.0826,1,7.682696e+14,1.074243e+15,1.018642e+15,1.131792e+15,2592.1384,3.598,3,0.3161,,coarse,B,1.7825,4.3075,3.7765,False,512,507,0.990253,0.996101,False,216.175597,SiO(5-4),-929.4028,-1283.379,star,29.104,4.075,22.701,512,20260825,False,False,,,,0.9345,1.0131,224,132.8,3.6898,5.2028,0.0361,0.999996
AU Mic,AU Mic,6,A002_X7d80c7_X15c6,9.7141,215.151046,216.885421,15625000.0000,1734375000.0,1632.96,,0.26427,1.32137,2.331095e+14,4.662190e+14,5.492513e+14,4.854741e+14,2.0826,1,8.168967e+14,1.142236e+15,1.083116e+15,1.203428e+15,2592.2188,3.598,3,0.2709,,coarse,B,2.6552,4.3368,3.7654,False,512,238,0.465887,0.378168,False,,SiO(5-4),-1172.7040,-1619.345,star,29.103,4.074,22.700,512,20260825,False,False,,,,1.0774,0.9732,224,192.4,3.9782,5.5462,0.0343,0.999996
AU Mic,AU Mic,6,A002_X899169_X1838,9.7141,227.625118,229.359493,15625000.0000,1734375000.0,1505.95,249,0.29914,1.49570,2.638633e+14,5.277266e+14,6.217133e+14,5.495224e+14,2.0826,1,9.246689e+14,1.292930e+15,1.226010e+15,1.362194e+15,2741.9077,3.598,3,0.2643,1.0000,coarse,B,3.1674,4.5673,4.2397,False,512,87,0.171540,0.111111,False,227.656368,CO(2-1),-2881.6316,-3747.284,star,27.514,3.852,21.461,512,20260825,False,False,,,,1.0260,1.0177,224,161.2,3.9203,5.4947,0.0349,0.999996
AU Mic,AU Mic,6,A002_Xa42f75_X319,9.7141,227.645015,229.379390,15625000.0000,1734375000.0,1905.12,,0.21420,1.07102,1.889448e+14,3.778895e+14,4.451906e+14,3.934966e+14,2.0826,1,6.621282e+14,9.258293e+14,8.779100e+14,9.754273e+14,2742.1464,3.598,3,0.3343,,coarse,B,2.4381,4.1755,3.6706,False,512,316,0.617934,0.598441,False,227.957515,CO(2-1),-2580.4853,-3355.673,star,27.512,3.852,21.459,512,20260825,False,False,,,,1.0210,1.0480,224,93.88,3.8295,5.4615,0.0361,0.999995
AU Mic,AU Mic,6,A002_X7d80c7_X15c6,9.7141,227.652101,229.386476,15625000.0000,1734375000.0,1632.96,,0.22315,1.11575,1.968354e+14,3.936709e+14,4.637826e+14,4.099297e+14,2.0826,1,6.897798e+14,9.644936e+14,9.145731e+14,1.016163e+15,2742.2315,3.598,3,0.2866,,coarse,B,2.1372,4.4593,3.5545,False,512,465,0.908382,0.904483,False,,CO(2-1),-1698.3989,-2208.604,star,27.511,3.851,21.458,512,20260825,False,False,,,,1.0379,0.9672,224,201.1,3.9008,5.4312,0.0343,0.999996
AU Mic,AU Mic,6,A002_X899169_X1838,9.7141,229.675816,231.400913,488281.2500,1725097656.2,1505.95,249,1.90704,9.53524,5.256752e+13,1.051350e+14,1.238593e+14,1.095301e+14,2.0836,1,1.509249e+14,1.511884e+14,1.492160e+14,1.530294e+14,2766.4604,3.598,49,8.532,0.9995,fine,A,5.2213,5.8455,5.9730,True,512,10,0.021442,0.035088,False,230.825230,CO(2-1),287.2298,373.515,star,27.270,3.818,21.270,512,20260825,True,False,,unattributed,,1.0411,0.9847,169632,1.82e+05,5.3771,6.6116,0.0349,0.999995
AU Mic,AU Mic,6,A002_Xa42f75_X319,9.7141,229.695158,231.420255,488281.2500,1725097656.2,1905.12,,1.36830,6.84154,3.771722e+13,7.543445e+13,8.886912e+13,7.854994e+13,2.0826,1,1.082887e+14,1.084778e+14,1.070626e+14,1.097987e+14,2766.6925,3.598,62,10.79,,fine,A,5.2740,6.0731,5.2740,False,512,13,0.027290,0.009747,False,230.686369,CO(2-1),148.3687,192.939,star,27.267,3.817,21.269,512,20260825,True,False,,unattributed,,1.0263,0.9849,215574,2.142e+05,5.3680,6.5883,0.0361,0.999995
AU Mic,AU Mic,6,A002_X7d80c7_X15c6,9.7141,229.702047,231.427144,488281.2500,1725097656.2,1632.96,,1.40349,7.01748,3.868714e+13,7.737428e+13,9.115443e+13,8.056989e+13,2.0826,1,1.110734e+14,1.112673e+14,1.098157e+14,1.126222e+14,2766.7751,3.598,49,9.253,,fine,A,4.2611,5.4678,5.6988,True,512,323,0.631579,0.625731,False,,CO(2-1),738.2655,960.043,star,27.267,3.817,21.268,512,20260825,False,False,,,,1.0207,0.9903,169632,1.277e+05,5.2727,6.5100,0.0343,0.999996
AU Mic,AU Mic,9,A002_Xbf792a_X26ec,9.7141,675.127388,676.861763,15625000.0000,1734375000.0,907.20,450,4.67987,23.40228,4.128515e+15,8.257029e+15,9.727583e+15,8.598054e+15,2.0826,1,1.446775e+16,2.022972e+16,1.918267e+16,2.131346e+16,8111.9349,3.598,14,0.471,1.0000,coarse,B,3.3876,5.1199,4.7516,False,512,117,0.230019,0.321637,False,,CO(6-5),-14783.1125,-6409.311,star,9.300,1.302,7.254,512,20260825,False,False,,,,1.0286,0.9446,1456,988.7,4.2041,5.6190,0.0622,0.999876
AU Mic,AU Mic,9,A002_Xbf792a_X26ec,9.7141,677.127388,678.861763,15625000.0000,1734375000.0,907.20,450,4.79611,23.98355,4.231060e+15,8.462120e+15,9.969201e+15,8.811616e+15,2.0826,1,1.482711e+16,2.073219e+16,1.965913e+16,2.184285e+16,8135.9349,3.598,14,0.4724,1.0000,coarse,B,3.4363,4.7287,5.1313,True,512,102,0.200780,0.175439,False,,CO(6-5),-14048.7375,-6090.918,star,9.273,1.298,7.233,512,20260825,False,False,,,,1.0330,0.9406,1456,1004,4.2083,5.6227,0.0622,0.999875
AU Mic,AU Mic,9,A002_Xbf792a_X26ec,9.7141,679.127388,680.861763,15625000.0000,1734375000.0,907.20,450,4.94314,24.71880,4.360769e+15,8.721538e+15,1.027482e+16,9.081748e+15,2.0826,1,1.528165e+16,2.136777e+16,2.026181e+16,2.251247e+16,8159.9349,3.598,14,0.4738,1.0000,coarse,B,2.7541,4.6145,4.5180,False,512,409,0.799220,0.855750,False,,CO(6-5),-10689.3625,-4634.440,star,9.245,1.294,7.211,512,20260825,False,False,,,,0.9500,0.9407,1456,1288,4.0838,5.4265,0.0622,0.999875
AU Mic,AU Mic,9,A002_Xbf792a_X26ec,9.7141,681.064888,682.799263,15625000.0000,1734375000.0,907.20,450,5.11284,25.56741,4.510476e+15,9.020952e+15,1.062756e+16,9.393528e+15,2.0826,1,1.580628e+16,2.210133e+16,2.095741e+16,2.328533e+16,8183.1849,3.598,14,0.4751,1.0000,coarse,B,2.5394,4.9964,4.3193,False,512,472,0.922027,0.916179,False,,CO(6-5),-9079.9875,-3936.686,star,9.219,1.291,7.191,512,20260825,False,False,,,,1.0890,0.9592,1456,993.6,4.3649,5.8332,0.0622,0.999874
V AT Mic B,NAME AT Mic AB Gaia DR3 6792436799475128960,7,A002_Xcd97a1_X3f1e,9.8066,333.171187,334.905562,15625000.0000,1734375000.0,1257.98,208,0.36689,1.83823,3.304959e+14,6.609918e+14,7.787126e+14,6.882919e+14,2.0826,1,1.158173e+15,1.619430e+15,1.535611e+15,1.706185e+15,4008.4605,3.598,3,0.3227,1.0000,coarse,B,2.7612,4.8232,3.9938,False,512,206,0.403509,0.372320,False,333.639937,CO(3-2),-12156.0633,-10538.861,star,18.820,2.635,14.680,512,20260825,False,False,,,,1.0767,0.9887,224,194.1,4.0090,5.5877,0.5116,0.997954
V AT Mic B,NAME AT Mic AB Gaia DR3 6792436799475128960,7,A002_Xcd97a1_X3f1e,9.8066,335.066687,336.801062,15625000.0000,1734375000.0,1257.98,208,0.32004,1.60351,2.882949e+14,5.765898e+14,6.792789e+14,6.004040e+14,2.0826,1,1.010286e+15,1.412645e+15,1.339529e+15,1.488323e+15,4031.2065,3.598,3,0.3246,1.0000,coarse,B,2.0130,4.5509,3.9900,False,512,487,0.951267,0.959064,False,335.269812,CO(3-2),-10526.1883,-9125.819,star,18.714,2.620,14.597,512,20260825,False,False,,,,0.9807,0.9689,224,193.5,3.7835,5.2739,0.5116,0.997930
V AT Mic B,NAME AT Mic AB Gaia DR3 6792436799475128960,7,A002_Xcd97a1_X3f1e,9.8066,345.175825,346.900923,488281.2500,1725097656.2,876.96,145,1.98831,9.96341,5.597885e+13,1.119577e+14,1.318971e+14,1.167086e+14,2.0849,1,1.607191e+14,1.609997e+14,1.588993e+14,1.629602e+14,4152.4605,3.598,39,7.458,0.9989,fine,A,3.8955,5.5718,5.1223,False,512,498,0.972710,0.941520,False,346.522505,CO(3-2),726.5050,629.853,star,18.168,2.543,14.171,512,20260825,False,False,,,,1.0283,0.9904,134292,1.072e+05,5.2598,6.5077,0.5116,0.997804
V AT Mic B,NAME AT Mic AB Gaia DR3 6792436799475128960,7,A002_Xcd97a1_X3f1e,9.8066,347.066687,348.801062,15625000.0000,1734375000.0,1257.98,208,0.38088,1.90864,3.431545e+14,6.863090e+14,8.085387e+14,7.146548e+14,2.0826,1,1.202533e+15,1.681457e+15,1.594428e+15,1.771535e+15,4175.2065,3.598,3,0.3361,1.0000,coarse,B,2.6677,4.3823,4.3218,False,512,225,0.440546,0.450292,False,348.644812,CO(3-2),2848.8117,2469.815,star,18.069,2.530,14.094,512,20260825,False,False,,,,0.9739,0.9909,224,165.4,3.7756,5.2876,0.5116,0.997780
NAME AT Mic AB Gaia DR3 6792436799475128960,NAME AT Mic AB Gaia DR3 6792436799475128960,7,A002_Xcd97a1_X3f1e,9.9214,333.171187,334.905562,15625000.0000,1734375000.0,1257.98,208,0.36793,1.87116,3.443405e+14,6.886809e+14,8.113331e+14,7.171246e+14,2.0826,1,1.206689e+15,1.687268e+15,1.599938e+15,1.777658e+15,4008.4605,3.598,3,0.3227,1.0000,coarse,B,2.4863,4.6601,3.8736,False,512,336,0.656920,0.699805,False,334.671187,CO(3-2),-11124.8133,-9644.805,star,18.820,2.635,14.680,512,20260825,False,False,,,,1.0409,1.0212,224,142.8,3.9251,5.5220,1.4732,0.983156
NAME AT Mic AB Gaia DR3 6792436799475128960,NAME AT Mic AB Gaia DR3 6792436799475128960,7,A002_Xcd97a1_X3f1e,9.9214,335.066687,336.801062,15625000.0000,1734375000.0,1257.98,208,0.32018,1.62862,2.997081e+14,5.994162e+14,7.061706e+14,6.241731e+14,2.0826,1,1.050281e+15,1.468570e+15,1.392559e+15,1.547243e+15,4031.2065,3.598,3,0.3246,1.0000,coarse,B,2.6243,4.0297,3.9717,False,512,266,0.520468,0.596491,False,336.301062,CO(3-2),-9494.9383,-8231.764,star,18.714,2.620,14.597,512,20260825,False,False,,,,0.9950,0.9885,224,189.6,3.8445,5.3621,1.4732,0.982966
NAME AT Mic AB Gaia DR3 6792436799475128960,NAME AT Mic AB Gaia DR3 6792436799475128960,7,A002_Xcd97a1_X3f1e,9.9214,345.175825,346.900923,488281.2500,1725097656.2,876.96,145,1.98814,10.12359,5.821869e+13,1.164374e+14,1.371746e+14,1.213783e+14,2.0849,1,1.671498e+14,1.674416e+14,1.652572e+14,1.694806e+14,4152.4605,3.598,39,7.458,0.9989,fine,A,4.7119,5.5542,5.6310,True,512,78,0.153996,0.107212,False,346.136275,CO(3-2),340.2746,295.006,star,18.168,2.543,14.171,512,20260825,False,False,,,,1.0420,0.9981,134292,1.06e+05,5.3136,6.5751,1.4732,0.981935
NAME AT Mic AB Gaia DR3 6792436799475128960,NAME AT Mic AB Gaia DR3 6792436799475128960,7,A002_Xcd97a1_X3f1e,9.9214,347.066687,348.801062,15625000.0000,1734375000.0,1257.98,208,0.37987,1.93469,3.560314e+14,7.120627e+14,8.388791e+14,7.414722e+14,2.0826,1,1.247658e+15,1.744554e+15,1.654259e+15,1.838012e+15,4175.2065,3.598,3,0.3361,1.0000,coarse,B,3.2043,4.7672,4.1735,False,512,66,0.130604,0.153996,False,347.613562,CO(3-2),1817.5617,1575.759,star,18.069,2.530,14.094,512,20260825,False,False,,,,1.0351,0.9736,224,197.3,3.9031,5.4374,1.4732,0.981738
gam Vir,gam Vir,6,A002_Xd95042_X2d99,12.0202,223.085938,224.914062,15625000.0000,1828125000.0,2183.33,1083,0.18429,0.92189,2.490190e+14,4.980380e+14,5.867372e+14,5.186074e+14,2.0826,1,8.726493e+14,1.220193e+15,1.157038e+15,1.285561e+15,2688.0000,3.598,3,0.3756,1.0000,coarse,B,3.4618,4.5720,4.4394,False,512,23,0.046784,0.029240,False,224.429688,13CO(2-1),4030.6875,5482.646,star,28.066,3.929,21.891,512,20260825,False,False,,,,1.0460,1.0089,236,150.1,3.9239,5.5117,0.3722,0.999513
gam Vir,gam Vir,6,A002_Xd99ff3_X9611,12.0202,223.085938,224.914062,15625000.0000,1828125000.0,2183.33,,0.19663,0.98362,2.656932e+14,5.313864e+14,6.260248e+14,5.533330e+14,2.0826,1,9.310813e+14,1.301897e+15,1.234513e+15,1.371641e+15,2688.0000,3.598,3,0.3756,,coarse,B,2.3592,3.9247,4.0524,False,512,367,0.717349,0.682261,False,,13CO(2-1),3499.4375,4760.026,star,28.066,3.929,21.891,512,20260825,False,False,,,,1.0499,0.9775,236,184.1,3.9222,5.4754,0.3655,0.999530
gam Vir,gam Vir,6,A002_Xd95042_X2d99,12.0202,225.085938,226.914062,15625000.0000,1828125000.0,2183.33,1083,0.16577,0.82927,2.240005e+14,4.480009e+14,5.277886e+14,4.665037e+14,2.0826,1,7.849755e+14,1.097602e+15,1.040792e+15,1.156402e+15,2712.0000,3.598,3,0.379,1.0000,coarse,B,3.9477,4.0456,4.3108,False,512,2,0.005848,0.011696,False,226.648438,CO(2-1),-3889.5625,-5058.001,star,27.817,3.894,21.698,512,20260825,False,False,,,,0.9872,0.9511,236,194,3.7622,5.2438,0.3722,0.999504
gam Vir,gam Vir,6,A002_Xd99ff3_X9611,12.0202,225.085938,226.914062,15625000.0000,1828125000.0,2183.33,,0.17699,0.88537,2.391540e+14,4.783080e+14,5.634933e+14,4.980624e+14,2.0826,1,8.380788e+14,1.171855e+15,1.111201e+15,1.234632e+15,2712.0000,3.598,3,0.379,,coarse,B,2.6110,4.1686,3.7043,False,512,255,0.499025,0.456140,False,,CO(2-1),-4623.9375,-6012.985,star,27.817,3.894,21.698,512,20260825,False,False,,,,1.0651,0.9639,236,201.8,3.9481,5.4965,0.3655,0.999521
gam Vir,gam Vir,6,A002_Xd95042_X2d99,12.0202,239.085938,240.914063,15625000.0000,1828125000.0,2183.33,1083,0.18458,0.92342,2.494317e+14,4.988635e+14,5.877097e+14,5.194669e+14,2.0826,1,8.740956e+14,1.222215e+15,1.158956e+15,1.287691e+15,2880.0000,3.598,3,0.4024,1.0000,coarse,B,2.2400,4.2558,3.5501,False,512,425,0.830409,0.777778,False,239.992188,CS(5-4),-4943.8125,-6051.041,star,26.195,3.667,20.432,512,20260825,False,False,,,,1.0053,0.9988,236,170.1,3.8578,5.3982,0.3722,0.999440
gam Vir,gam Vir,6,A002_Xd99ff3_X9611,12.0202,239.085938,240.914063,15625000.0000,1828125000.0,2183.33,,0.19309,0.96599,2.609319e+14,5.218638e+14,6.148063e+14,5.434171e+14,2.0826,1,9.143961e+14,1.278566e+15,1.212390e+15,1.347061e+15,2880.0000,3.598,3,0.4024,,coarse,B,2.5964,4.1600,4.0190,False,512,260,0.508772,0.514620,False,,CS(5-4),-4990.6875,-6108.414,star,26.195,3.667,20.432,512,20260825,False,False,,,,1.0617,0.9960,236,155.6,3.9386,5.5262,0.3655,0.999460
gam Vir,gam Vir,6,A002_Xd95042_X2d99,12.0202,241.085938,242.914063,15625000.0000,1828125000.0,2183.33,1083,0.19194,0.96027,2.593843e+14,5.187687e+14,6.111599e+14,5.401942e+14,2.0826,1,9.089729e+14,1.270983e+15,1.205199e+15,1.339072e+15,2904.0000,3.598,3,0.4058,1.0000,coarse,B,2.8683,4.0737,4.6124,False,512,146,0.286550,0.368421,False,241.585938,CS(5-4),-3350.0625,-4100.351,star,25.978,3.637,20.263,512,20260825,False,False,,,,0.9517,0.9898,236,168.6,3.7353,5.2283,0.3722,0.999431
gam Vir,gam Vir,6,A002_Xd99ff3_X9611,12.0202,241.085938,242.914063,15625000.0000,1828125000.0,2183.33,,0.20605,1.03081,2.784388e+14,5.568777e+14,6.560561e+14,5.798771e+14,2.0826,1,9.757465e+14,1.364350e+15,1.293734e+15,1.437440e+15,2904.0000,3.598,3,0.4058,,coarse,B,3.3964,4.0208,3.6926,False,512,34,0.068226,0.122807,False,,CS(5-4),-3428.1875,-4195.973,star,25.978,3.637,20.263,512,20260825,False,False,,,,1.0144,0.9711,236,203.8,3.8656,5.3802,0.3655,0.999451
gam Vir,gam Vir,7,A002_Xd6ebab_X41a3,12.0202,335.580512,337.408637,15625000.0000,1828125000.0,1880.93,933,0.32767,1.64046,4.431155e+14,8.862311e+14,1.044066e+15,9.228332e+14,2.0826,1,1.552831e+15,2.171266e+15,2.058885e+15,2.287584e+15,4037.9349,3.598,4,0.4861,1.0000,coarse,B,2.2262,5.5069,4.1493,False,512,470,0.918129,0.939571,False,336.736762,CO(3-2),-9059.2375,-7854.027,star,18.683,2.616,14.573,512,20260825,False,False,,,,1.0246,0.9629,354,363.4,4.0067,5.4875,0.4023,0.998715
gam Vir,gam Vir,7,A002_Xd99ff3_X152c8,12.0202,335.580512,337.408637,15625000.0000,1828125000.0,1880.93,,0.29150,1.45905,3.941147e+14,7.882293e+14,9.286108e+14,8.207837e+14,2.0826,1,1.381115e+15,1.931162e+15,1.831208e+15,2.034617e+15,4037.9349,3.598,4,0.4861,,coarse,B,3.0877,4.5426,3.6151,False,512,113,0.222222,0.175439,False,,CO(3-2),-8949.8625,-7759.203,star,18.683,2.616,14.573,512,20260825,False,False,,,,1.0758,0.9880,354,236.2,4.0549,5.6196,0.3641,0.998948
gam Vir,gam Vir,7,A002_Xd6ebab_X41a3,12.0202,337.518012,339.346137,15625000.0000,1828125000.0,1880.93,933,0.28570,1.43037,3.863690e+14,7.727380e+14,9.103605e+14,8.046527e+14,2.0826,1,1.353971e+15,1.893208e+15,1.795219e+15,1.994630e+15,4061.1849,3.598,4,0.4889,1.0000,coarse,B,3.0285,4.4667,4.1871,False,512,139,0.272904,0.206628,False,338.518012,CO(3-2),-7277.9875,-6309.748,star,18.576,2.601,14.489,512,20260825,False,False,,,,1.1145,0.9893,354,224.1,4.1202,5.7186,0.4023,0.998700
gam Vir,gam Vir,7,A002_Xd99ff3_X152c8,12.0202,337.518012,339.346137,15625000.0000,1828125000.0,1880.93,,0.25318,1.26723,3.422996e+14,6.845991e+14,8.065244e+14,7.128735e+14,2.0826,1,1.199537e+15,1.677268e+15,1.590455e+15,1.767122e+15,4061.1849,3.598,4,0.4889,,coarse,B,2.7360,4.2616,3.9243,False,512,258,0.504873,0.385965,False,,CO(3-2),-7715.4875,-6689.045,star,18.576,2.601,14.489,512,20260825,False,False,,,,1.0217,0.9827,354,262.8,3.9639,5.4769,0.3641,0.998936
gam Vir,gam Vir,7,A002_Xd6ebab_X41a3,12.0202,347.580512,349.408637,15625000.0000,1828125000.0,1880.93,933,0.30924,1.54834,4.182334e+14,8.364667e+14,9.854392e+14,8.710135e+14,2.0826,1,1.465635e+15,2.049344e+15,1.943273e+15,2.159130e+15,4181.9349,3.598,4,0.5034,1.0000,coarse,B,2.9964,4.2865,4.1826,False,512,133,0.261209,0.249513,False,348.330512,CO(3-2),2534.5125,2197.329,star,18.040,2.526,14.071,512,20260825,False,False,,,,0.9696,0.9741,354,286.7,3.8639,5.3259,0.4023,0.998622
gam Vir,gam Vir,7,A002_Xd99ff3_X152c8,12.0202,347.580512,349.408637,15625000.0000,1828125000.0,1880.93,,0.27045,1.35380,3.656841e+14,7.313681e+14,8.616228e+14,7.615741e+14,2.0826,1,1.281484e+15,1.791852e+15,1.699109e+15,1.887844e+15,4181.9349,3.598,4,0.5034,,coarse,B,2.4051,5.3731,3.8759,False,512,407,0.795322,0.853801,False,,CO(3-2),2831.3875,2454.709,star,18.040,2.526,14.071,512,20260825,False,False,,,,0.9932,0.9859,354,234.6,3.8869,5.3878,0.3641,0.998871
gam Vir,gam Vir,7,A002_Xd6ebab_X41a3,12.0202,349.580512,351.408637,15625000.0000,1828125000.0,1880.93,933,0.34960,1.75044,4.728239e+14,9.456478e+14,1.114065e+15,9.847038e+14,2.0826,1,1.656939e+15,2.316837e+15,2.196922e+15,2.440953e+15,4205.9349,3.598,4,0.5063,1.0000,coarse,B,2.5966,4.3780,4.0862,False,512,319,0.623782,0.590643,False,350.658637,CO(3-2),4862.6375,4215.728,star,17.937,2.511,13.991,512,20260825,False,False,,,,1.0062,0.9633,354,285,3.9138,5.3956,0.4023,0.998606
gam Vir,gam Vir,7,A002_Xd99ff3_X152c8,12.0202,349.580512,351.408637,15625000.0000,1828125000.0,1880.93,,0.30608,1.53212,4.138533e+14,8.277066e+14,9.751189e+14,8.618915e+14,2.0826,1,1.450286e+15,2.027881e+15,1.922922e+15,2.136518e+15,4205.9349,3.598,4,0.5063,,coarse,B,2.4524,4.8893,4.1373,False,512,395,0.771930,0.668616,False,,CO(3-2),4315.7625,3741.608,star,17.937,2.511,13.991,512,20260825,False,False,,,,0.9864,0.9902,354,276.4,3.9208,5.4098,0.3641,0.998858
HR 1010 Gaia DR3 4722135642226902656,HR 1010 Gaia DR3 4722135642226902656,6,A002_Xc6fa08_X1053,12.0394,229.609959,231.450780,976562.5000,1840820312.5,60.48,,81.88858,409.44704,6.934547e+15,8.169571e+15,1.361595e+16,9.246063e+15,1.3333,2,1.990956e+16,1.994431e+16,1.968412e+16,2.018718e+16,2766.3644,3.598,2,0.1713,,fine,A,3.7673,4.8161,4.2294,False,512,107,0.210526,0.257310,False,230.516209,CO(2-1),-21.7906,-28.337,star,27.271,3.818,21.271,512,20260825,False,False,,,,1.0388,1.0309,1886,1635,4.5249,5.9822,0.0893,0.999990
HR 1010 Gaia DR3 4722135642226902656,HR 1010 Gaia DR3 4722135642226902656,6,A002_Xc6e968_X1339,12.0394,229.610125,231.450945,976562.5000,1840820312.5,2842.56,,7.37656,36.88316,6.246669e+14,7.359183e+14,1.226531e+15,8.328891e+14,1.3333,2,1.793461e+15,1.796592e+15,1.773154e+15,1.818469e+15,2766.3664,3.598,40,8.052,,fine,A,4.5974,5.4970,5.5818,True,512,83,0.163743,0.113060,False,230.001726,CO(2-1),-536.2739,-697.373,star,27.271,3.818,21.271,512,20260825,False,False,,,,1.0099,0.9982,73554,6.968e+04,5.1517,6.4081,0.0890,0.999990
HR 1010 Gaia DR3 4722135642226902656,HR 1010 Gaia DR3 4722135642226902656,6,A002_Xc6d2f9_X7060,12.0394,229.610174,231.450995,976562.5000,1840820312.5,2842.56,,11.03064,55.15377,9.341048e+14,1.100466e+15,1.834110e+15,1.245473e+15,1.3333,2,2.681879e+15,2.686560e+15,2.651512e+15,2.719275e+15,2766.3670,3.598,40,8.052,,fine,A,4.5469,5.4611,6.0521,True,512,92,0.181287,0.153996,False,230.956854,CO(2-1),418.8539,544.679,star,27.271,3.818,21.271,512,20260825,False,False,,,,1.0114,1.0081,73554,6.384e+04,5.1642,6.4307,0.0888,0.999990
HR 1010 Gaia DR3 4722135642226902656,HR 1010 Gaia DR3 4722135642226902656,6,A002_Xc694dd_X41ca,12.0394,229.610626,231.451446,976562.5000,1840820312.5,2842.56,,11.64848,58.24297,9.864246e+14,1.162104e+15,1.936840e+15,1.315233e+15,1.3333,2,2.832092e+15,2.837036e+15,2.800025e+15,2.871583e+15,2766.3724,3.598,40,8.052,,fine,A,4.0967,5.5392,5.3348,False,512,416,0.812865,0.846004,False,229.952423,CO(2-1),-585.5773,-761.487,star,27.271,3.818,21.271,512,20260825,False,False,,,,1.0328,1.0233,73554,5.343e+04,5.2230,6.5190,0.0873,0.999990
HR 1010 Gaia DR3 4722135642226902656,HR 1010 Gaia DR3 4722135642226902656,6,A002_Xc694dd_X3e5f,12.0394,229.610685,231.451506,976562.5000,1840820312.5,2842.56,,9.60817,48.04130,8.136453e+14,9.585533e+14,1.597589e+15,1.084860e+15,1.3333,2,2.336031e+15,2.340109e+15,2.309580e+15,2.368605e+15,2766.3731,3.598,40,8.052,,fine,A,4.5623,5.7542,5.0538,False,512,78,0.153996,0.226121,False,230.681974,CO(2-1),143.9745,187.225,star,27.271,3.818,21.271,512,20260825,False,False,,,,1.0254,1.0066,73554,5.655e+04,5.1727,6.4514,0.0873,0.999990
HR 1010 Gaia DR3 4722135642226902656,HR 1010 Gaia DR3 4722135642226902656,6,A002_Xc68b3e_X107b,12.0394,229.610807,231.451627,976562.5000,1840820312.5,2842.56,,10.79059,53.95349,9.137763e+14,1.076517e+15,1.794196e+15,1.218368e+15,1.3333,2,2.623514e+15,2.628094e+15,2.593808e+15,2.660096e+15,2766.3746,3.598,40,8.052,,fine,A,4.0624,5.4599,4.8828,False,512,420,0.820663,0.824561,False,230.743619,CO(2-1),205.6192,267.388,star,27.271,3.818,21.271,512,20260825,False,False,,,,1.0139,1.0238,73554,4.991e+04,5.1632,6.4501,0.0869,0.999990
HR 1010 Gaia DR3 4722135642226902656,HR 1010 Gaia DR3 4722135642226902656,6,A002_Xc67b7e_X1f16,12.0394,229.610880,231.451700,976562.5000,1840820312.5,2842.56,,10.84028,54.20193,9.179840e+14,1.081474e+15,1.802457e+15,1.223979e+15,1.3333,2,2.635595e+15,2.640195e+15,2.605752e+15,2.672345e+15,2766.3755,3.598,40,8.052,,fine,A,4.2151,5.5739,4.8659,False,512,304,0.594542,0.578947,False,229.958536,CO(2-1),-579.4641,-753.537,star,27.271,3.818,21.271,512,20260825,False,False,,,,0.9998,1.0184,73554,5.167e+04,5.1205,6.3939,0.0867,0.999990
HR 1010 Gaia DR3 4722135642226902656,HR 1010 Gaia DR3 4722135642226902656,6,A002_Xc66ce1_Xaa9,12.0394,229.611119,231.451939,976562.5000,1840820312.5,3265.92,282,7.74954,38.74805,6.562514e+14,7.731280e+14,1.288547e+15,8.753893e+14,1.3339,2,1.884143e+15,1.887432e+15,1.862808e+15,1.910415e+15,2766.3784,3.598,42,9.252,0.9996,fine,A,5.0439,5.7192,5.3287,False,512,21,0.042885,0.052632,False,230.834752,CO(2-1),296.7520,385.897,star,27.271,3.818,21.271,512,20260825,True,False,,unattributed,,1.0137,1.0269,73554,4.634e+04,5.1560,6.4474,0.0864,0.999991
HR 1010 Gaia DR3 4722135642226902656,HR 1010 Gaia DR3 4722135642226902656,6,A002_Xc6fa08_X1053,12.0394,231.617535,233.351910,15625000.0000,1734375000.0,60.48,,12.59081,62.95469,1.705959e+16,3.411917e+16,4.019570e+16,3.552832e+16,2.0826,1,5.978272e+16,8.359197e+16,7.926539e+16,8.807011e+16,2789.8167,3.598,2,0.0108,,coarse,B,2.1938,4.8035,3.9652,False,512,422,0.824561,0.935673,False,232.055035,CO(2-1),1517.0349,1972.758,star,27.041,3.786,21.092,512,20260825,False,False,,,,1.0410,1.0479,112,96.4,3.8732,5.5189,0.0893,0.999990
HR 1010 Gaia DR3 4722135642226902656,HR 1010 Gaia DR3 4722135642226902656,6,A002_Xc6e968_X1339,12.0394,231.617696,233.352071,15625000.0000,1734375000.0,2842.56,,1.23566,6.17836,1.674224e+15,3.348447e+15,3.944797e+15,3.486741e+15,2.0826,1,5.867062e+15,8.203696e+15,7.779087e+15,8.643180e+15,2789.8186,3.598,4,0.5075,,coarse,B,2.7170,4.3026,3.4488,False,512,276,0.539961,0.578947,False,232.367696,CO(2-1),1829.6955,2379.343,star,27.041,3.786,21.092,512,20260825,False,False,,,,1.0400,0.9878,336,279,4.0246,5.5516,0.0890,0.999990
HR 1010 Gaia DR3 4722135642226902656,HR 1010 Gaia DR3 4722135642226902656,6,A002_Xc6d2f9_X7060,12.0394,231.617744,233.352119,15625000.0000,1734375000.0,2842.56,,1.90792,9.53972,2.585091e+15,5.170182e+15,6.090977e+15,5.383714e+15,2.0826,1,9.059057e+15,1.266694e+16,1.201133e+16,1.334553e+16,2789.8192,3.598,4,0.5075,,coarse,B,3.2171,4.0840,3.7654,False,512,59,0.116959,0.101365,False,232.586494,CO(2-1),2048.4938,2663.869,star,27.041,3.786,21.092,512,20260825,False,False,,,,1.0244,1.0067,336,211.5,3.9636,5.5106,0.0888,0.999990
HR 1010 Gaia DR3 4722135642226902656,HR 1010 Gaia DR3 4722135642226902656,6,A002_Xc6b674_X28f5,12.0394,231.617953,233.352328,15625000.0000,1734375000.0,2842.56,,1.68124,8.40629,2.277954e+15,4.555908e+15,5.367302e+15,4.744070e+15,2.0826,1,7.982742e+15,1.116197e+16,1.058425e+16,1.175994e+16,2789.8217,3.598,4,0.5075,,coarse,B,2.4834,4.0497,3.2560,False,512,368,0.719298,0.834308,False,231.821078,CO(2-1),1283.0777,1668.519,star,27.041,3.786,21.092,512,20260825,False,False,,,,1.0592,0.9263,336,402.2,4.0263,5.4997,0.0880,0.999990
HR 1010 Gaia DR3 4722135642226902656,HR 1010 Gaia DR3 4722135642226902656,6,A002_Xc694dd_X41ca,12.0394,231.618183,233.352558,15625000.0000,1734375000.0,2842.56,,1.98504,9.92528,2.689571e+15,5.379142e+15,6.337152e+15,5.601304e+15,2.0826,1,9.425192e+15,1.317890e+16,1.249678e+16,1.388491e+16,2789.8244,3.598,4,0.5075,,coarse,B,2.6450,4.6479,3.6471,False,512,278,0.543860,0.547758,False,232.024433,CO(2-1),1486.4332,1932.963,star,27.041,3.786,21.092,512,20260825,False,False,,,,0.9804,0.9389,336,344.8,3.8575,5.2905,0.0873,0.999990
HR 1010 Gaia DR3 4722135642226902656,HR 1010 Gaia DR3 4722135642226902656,6,A002_Xc694dd_X3e5f,12.0394,231.618241,233.352616,15625000.0000,1734375000.0,2842.56,,1.62340,8.11710,2.199589e+15,4.399177e+15,5.182659e+15,4.580866e+15,2.0826,1,7.708124e+15,1.077798e+16,1.022013e+16,1.135538e+16,2789.8251,3.598,4,0.5075,,coarse,B,2.7547,5.1229,3.5911,False,512,245,0.479532,0.549708,False,232.243241,CO(2-1),1705.2411,2217.502,star,27.041,3.786,21.092,512,20260825,False,False,,,,1.0421,0.9626,336,311.6,4.0051,5.5079,0.0873,0.999990
HR 1010 Gaia DR3 4722135642226902656,HR 1010 Gaia DR3 4722135642226902656,6,A002_Xc68b3e_X107b,12.0394,231.618359,233.352734,15625000.0000,1734375000.0,2842.56,,1.84332,9.21667,2.497551e+15,4.995103e+15,5.884717e+15,5.201404e+15,2.0826,1,8.752289e+15,1.223800e+16,1.160458e+16,1.289361e+16,2789.8266,3.598,4,0.5075,,coarse,B,2.4432,4.1886,3.0555,False,512,382,0.746589,0.844055,False,231.649609,CO(2-1),1111.6091,1445.541,star,27.041,3.786,21.092,512,20260825,False,False,,,,0.9660,0.9775,336,228.7,3.8110,5.2864,0.0869,0.999990
HR 1010 Gaia DR3 4722135642226902656,HR 1010 Gaia DR3 4722135642226902656,6,A002_Xc67b7e_X1f16,12.0394,231.618430,233.352805,15625000.0000,1734375000.0,2842.56,,1.85435,9.27184,2.512502e+15,5.025004e+15,5.919943e+15,5.232540e+15,2.0826,1,8.804681e+15,1.231126e+16,1.167405e+16,1.297079e+16,2789.8274,3.598,4,0.5075,,coarse,B,2.5963,4.5184,2.9544,False,512,297,0.580897,0.604288,False,232.384055,CO(2-1),1846.0550,2400.617,star,27.041,3.786,21.092,512,20260825,False,False,,,,0.9561,0.9519,336,297.4,3.8013,5.2344,0.0867,0.999990
HR 1010 Gaia DR3 4722135642226902656,HR 1010 Gaia DR3 4722135642226902656,6,A002_Xc66ce1_Xaa9,12.0394,231.618663,233.353038,15625000.0000,1734375000.0,2842.56,282,1.30655,6.53282,1.770277e+15,3.540553e+15,4.171116e+15,3.686786e+15,2.0826,1,6.203665e+15,8.674356e+15,8.225387e+15,9.139054e+15,2789.8302,3.598,4,0.5075,1.0000,coarse,B,2.9969,4.3776,3.6462,False,512,141,0.276803,0.309942,False,232.368663,CO(2-1),1830.6630,2380.601,star,27.041,3.786,21.092,512,20260825,False,False,,,,0.9923,0.9772,336,256.1,3.8887,5.3769,0.0864,0.999990
HR 1010 Gaia DR3 4722135642226902656,HR 1010 Gaia DR3 4722135642226902656,6,A002_Xc6fa08_X1053,12.0394,244.616677,246.351052,15625000.0000,1734375000.0,60.48,,13.43204,67.16096,1.819941e+16,3.639881e+16,4.288134e+16,3.790211e+16,2.0826,1,6.377705e+16,8.917709e+16,8.456144e+16,9.395444e+16,2945.8064,3.598,2,0.0114,,coarse,B,2.6901,4.1479,3.0320,False,512,188,0.368421,0.436647,False,244.913552,CS(5-4),-22.4483,-27.476,star,25.610,3.585,19.975,512,20260825,False,False,,,,1.0864,1.0088,112,111.6,3.9239,5.5640,0.0893,0.999989
HR 1010 Gaia DR3 4722135642226902656,HR 1010 Gaia DR3 4722135642226902656,6,A002_Xc6e968_X1339,12.0394,244.616846,246.351221,15625000.0000,1734375000.0,2842.56,,1.33341,6.66714,1.806675e+15,3.613350e+15,4.256877e+15,3.762583e+15,2.0826,1,6.331217e+15,8.852706e+15,8.394506e+15,9.326959e+15,2945.8084,3.598,4,0.5359,,coarse,B,2.3942,4.2992,3.5467,False,512,405,0.791423,0.711501,False,245.835596,CS(5-4),899.5963,1101.072,star,25.610,3.585,19.975,512,20260825,False,False,,,,1.0768,0.9806,336,244.9,4.0513,5.6089,0.0890,0.999989
HR 1010 Gaia DR3 4722135642226902656,HR 1010 Gaia DR3 4722135642226902656,6,A002_Xc6d2f9_X7060,12.0394,244.616897,246.351272,15625000.0000,1734375000.0,2842.56,,2.09755,10.48789,2.842029e+15,5.684057e+15,6.696372e+15,5.918813e+15,2.0826,1,9.959457e+15,1.392594e+16,1.320516e+16,1.467197e+16,2945.8090,3.598,4,0.5359,,coarse,B,2.4756,4.6471,3.6974,False,512,372,0.727096,0.674464,False,244.695022,CS(5-4),-240.9777,-294.948,star,25.609,3.585,19.975,512,20260825,False,False,,,,1.0901,0.9718,336,247.9,4.0632,5.6234,0.0888,0.999989
HR 1010 Gaia DR3 4722135642226902656,HR 1010 Gaia DR3 4722135642226902656,6,A002_Xc6b674_X28f5,12.0394,244.617118,246.351493,15625000.0000,1734375000.0,2842.56,,1.81945,9.09738,2.465225e+15,4.930449e+15,5.808548e+15,5.134080e+15,2.0826,1,8.639004e+15,1.207960e+16,1.145438e+16,1.272672e+16,2945.8117,3.598,4,0.5359,,coarse,B,2.7358,4.7405,3.4460,False,512,238,0.465887,0.506823,False,244.898368,CS(5-4),-37.6321,-46.060,star,25.609,3.585,19.975,512,20260825,False,False,,,,1.0753,0.9517,336,291.9,4.0338,5.5573,0.0880,0.999989
HR 1010 Gaia DR3 4722135642226902656,HR 1010 Gaia DR3 4722135642226902656,6,A002_Xc694dd_X41ca,12.0394,244.617361,246.351736,15625000.0000,1734375000.0,2842.56,,2.18218,10.91100,2.956685e+15,5.913370e+15,6.966525e+15,6.157596e+15,2.0826,1,1.036125e+16,1.448776e+16,1.373790e+16,1.526389e+16,2945.8146,3.598,4,0.5359,,coarse,B,2.8078,4.5007,3.4054,False,512,221,0.432749,0.450292,False,246.179861,CS(5-4),1243.8613,1522.439,star,25.609,3.585,19.975,512,20260825,False,False,,,,0.9808,0.9834,336,265.9,3.8871,5.3690,0.0873,0.999989
HR 1010 Gaia DR3 4722135642226902656,HR 1010 Gaia DR3 4722135642226902656,6,A002_Xc694dd_X3e5f,12.0394,244.617422,246.351797,15625000.0000,1734375000.0,2842.56,,1.76948,8.84751,2.397516e+15,4.795032e+15,5.649014e+15,4.993070e+15,2.0826,1,8.401730e+15,1.174783e+16,1.113978e+16,1.237718e+16,2945.8153,3.598,4,0.5359,,coarse,B,3.0035,4.6274,3.3262,False,512,164,0.321637,0.368421,False,246.133047,CS(5-4),1197.0474,1465.141,star,25.609,3.585,19.975,512,20260825,False,False,,,,1.0488,0.9910,336,263.1,4.0342,5.5739,0.0873,0.999989
HR 1010 Gaia DR3 4722135642226902656,HR 1010 Gaia DR3 4722135642226902656,6,A002_Xc68b3e_X107b,12.0394,244.617547,246.351922,15625000.0000,1734375000.0,2842.56,,2.01444,10.07230,2.729412e+15,5.458823e+15,6.431024e+15,5.684276e+15,2.0826,1,9.564807e+15,1.337412e+16,1.268190e+16,1.409059e+16,2945.8168,3.598,4,0.5359,,coarse,B,2.4542,4.5793,3.3356,False,512,368,0.719298,0.707602,False,244.992547,CS(5-4),56.5471,69.211,star,25.609,3.585,19.975,512,20260825,False,False,,,,1.0144,0.9042,336,421.6,3.9014,5.3225,0.0869,0.999989
HR 1010 Gaia DR3 4722135642226902656,HR 1010 Gaia DR3 4722135642226902656,6,A002_Xc67b7e_X1f16,12.0394,244.617622,246.351997,15625000.0000,1734375000.0,2842.56,,2.00891,10.04467,2.721923e+15,5.443846e+15,6.413380e+15,5.668681e+15,2.0826,1,9.538565e+15,1.333742e+16,1.264710e+16,1.405193e+16,2945.8177,3.598,4,0.5359,,coarse,B,2.6099,4.8386,4.0709,False,512,282,0.551657,0.518519,False,244.695747,CS(5-4),-240.2531,-294.061,star,25.609,3.585,19.975,512,20260825,False,False,,,,1.0070,0.9497,336,281.1,3.8851,5.3580,0.0867,0.999989
HR 1010 Gaia DR3 4722135642226902656,HR 1010 Gaia DR3 4722135642226902656,6,A002_Xc66ce1_Xaa9,12.0394,244.617868,246.352243,15625000.0000,1734375000.0,2842.56,282,1.39003,6.95024,1.883390e+15,3.766780e+15,4.437633e+15,3.922357e+15,2.0826,1,6.600054e+15,9.228611e+15,8.750954e+15,9.723001e+15,2945.8207,3.598,4,0.5359,1.0000,coarse,B,2.2677,4.4362,3.4965,False,512,460,0.898635,0.955166,False,244.649118,CS(5-4),-286.8821,-351.133,star,25.609,3.585,19.975,512,20260825,False,False,,,,0.9199,0.9890,336,248.5,3.7624,5.2067,0.0864,0.999989
HR 1010 Gaia DR3 4722135642226902656,HR 1010 Gaia DR3 4722135642226902656,6,A002_Xc6fa08_X1053,12.0394,246.616545,248.350920,15625000.0000,1734375000.0,60.48,,15.32378,76.61981,2.076259e+16,4.152517e+16,4.892069e+16,4.324019e+16,2.0826,1,7.275933e+16,1.017367e+17,9.647096e+16,1.071869e+17,2969.8048,3.598,2,0.0115,,coarse,B,2.5715,3.8849,3.2854,False,512,235,0.460039,0.399610,False,247.475920,CS(5-4),2539.9203,3108.767,star,25.403,3.556,19.814,512,20260825,False,False,,,,1.0010,1.0255,112,99.47,3.7656,5.3599,0.0893,0.999988
HR 1010 Gaia DR3 4722135642226902656,HR 1010 Gaia DR3 4722135642226902656,6,A002_Xc6e968_X1339,12.0394,246.616716,248.351091,15625000.0000,1734375000.0,2842.56,,1.56545,7.82733,2.121065e+15,4.242131e+15,4.997642e+15,4.417334e+15,2.0826,1,7.432951e+15,1.039322e+16,9.855285e+15,1.095000e+16,2969.8068,3.598,4,0.5403,,coarse,B,2.8470,4.2559,3.1816,False,512,201,0.393762,0.395712,False,246.866716,CS(5-4),1930.7163,2363.124,star,25.403,3.556,19.814,512,20260825,False,False,,,,0.9989,0.9681,336,276.3,3.9018,5.3836,0.0890,0.999988
HR 1010 Gaia DR3 4722135642226902656,HR 1010 Gaia DR3 4722135642226902656,6,A002_Xc6d2f9_X7060,12.0394,246.616768,248.351143,15625000.0000,1734375000.0,2842.56,,2.37383,11.86931,3.216368e+15,6.432736e+15,7.578389e+15,6.698413e+15,2.0826,1,1.127127e+16,1.576020e+16,1.494448e+16,1.660450e+16,2969.8075,3.598,4,0.5403,,coarse,B,2.7770,4.3522,3.3078,False,512,249,0.487329,0.495127,False,248.163643,CS(5-4),3227.6427,3950.513,star,25.403,3.556,19.814,512,20260825,False,False,,,,0.9808,0.9878,336,270.5,3.8997,5.3839,0.0888,0.999988
HR 1010 Gaia DR3 4722135642226902656,HR 1010 Gaia DR3 4722135642226902656,6,A002_Xc6b674_X28f5,12.0394,246.616990,248.351365,15625000.0000,1734375000.0,2842.56,,2.13801,10.69017,2.896842e+15,5.793685e+15,6.825524e+15,6.032968e+15,2.0826,1,1.015154e+16,1.419453e+16,1.345984e+16,1.495495e+16,2969.8101,3.598,4,0.5403,,coarse,B,2.4495,4.2815,3.4766,False,512,390,0.762183,0.849903,False,246.741990,CS(5-4),1805.9901,2210.464,star,25.403,3.556,19.814,512,20260825,False,False,,,,1.0537,0.9813,336,257.9,4.0198,5.5572,0.0880,0.999989
HR 1010 Gaia DR3 4722135642226902656,HR 1010 Gaia DR3 4722135642226902656,6,A002_Xc694dd_X41ca,12.0394,246.617235,248.351610,15625000.0000,1734375000.0,2842.56,,2.49056,12.45293,3.374520e+15,6.749041e+15,7.951027e+15,7.027781e+15,2.0826,1,1.182549e+16,1.653515e+16,1.567932e+16,1.742096e+16,2969.8131,3.598,4,0.5403,,coarse,B,2.7797,4.8625,3.8366,False,512,210,0.411306,0.444444,False,247.054735,CS(5-4),2118.7354,2593.252,star,25.403,3.556,19.814,512,20260825,False,False,,,,1.0179,0.9960,336,199.7,3.9161,5.4536,0.0873,0.999989
HR 1010 Gaia DR3 4722135642226902656,HR 1010 Gaia DR3 4722135642226902656,6,A002_Xc694dd_X3e5f,12.0394,246.617297,248.351672,15625000.0000,1734375000.0,2842.56,,2.05146,10.25743,2.779577e+15,5.559155e+15,6.549225e+15,5.788752e+15,2.0826,1,9.740606e+15,1.361993e+16,1.291499e+16,1.434957e+16,2969.8138,3.598,4,0.5403,,coarse,B,2.5595,4.8969,4.0697,False,512,312,0.610136,0.619883,False,247.101672,CS(5-4),2165.6721,2650.701,star,25.402,3.556,19.814,512,20260825,False,False,,,,0.9772,0.9361,336,351.6,3.8497,5.2771,0.0873,0.999989
HR 1010 Gaia DR3 4722135642226902656,HR 1010 Gaia DR3 4722135642226902656,6,A002_Xc68b3e_X107b,12.0394,246.617423,248.351798,15625000.0000,1734375000.0,2842.56,,2.30412,11.52074,3.121914e+15,6.243828e+15,7.355836e+15,6.501702e+15,2.0826,1,1.094027e+16,1.529738e+16,1.450561e+16,1.611688e+16,2969.8153,3.598,4,0.5403,,coarse,B,4.3577,4.3375,4.5896,False,512,0,0.001949,0.001949,False,247.148673,CS(5-4),2212.6727,2708.228,star,25.402,3.556,19.814,512,20260825,False,False,,,,1.0099,0.9378,336,365.7,3.9280,5.3788,0.0869,0.999989
HR 1010 Gaia DR3 4722135642226902656,HR 1010 Gaia DR3 4722135642226902656,6,A002_Xc67b7e_X1f16,12.0394,246.617498,248.351873,15625000.0000,1734375000.0,2842.56,,2.30565,11.52838,3.123984e+15,6.247968e+15,7.360714e+15,6.506014e+15,2.0826,1,1.094753e+16,1.530752e+16,1.451523e+16,1.612757e+16,2969.8162,3.598,4,0.5403,,coarse,B,2.7912,4.4941,3.2828,False,512,228,0.446394,0.483431,False,246.711248,CS(5-4),1775.2482,2172.837,star,25.402,3.556,19.814,512,20260825,False,False,,,,0.9910,0.9886,336,241.1,3.8944,5.3939,0.0867,0.999989
HR 1010 Gaia DR3 4722135642226902656,HR 1010 Gaia DR3 4722135642226902656,6,A002_Xc66ce1_Xaa9,12.0394,246.617746,248.352121,15625000.0000,1734375000.0,2842.56,282,1.64691,8.23465,2.231442e+15,4.462883e+15,5.257711e+15,4.647211e+15,2.0826,1,7.819748e+15,1.093406e+16,1.036814e+16,1.151982e+16,2969.8192,3.598,4,0.5403,1.0000,coarse,B,2.5035,4.3145,3.2878,False,512,357,0.697856,0.709552,False,246.945871,CS(5-4),2009.8712,2460.007,star,25.402,3.556,19.814,512,20260825,False,False,,,,1.0026,0.9772,336,274.6,3.9257,5.4175,0.0864,0.999989
HR 1010 Gaia DR3 4722135642226902656,HR 1010 Gaia DR3 4722135642226902656,7,A002_Xc7111c_X61dc,12.0394,333.084351,334.912476,15625000.0000,1828125000.0,1360.80,,4.70856,23.63694,6.405185e+15,1.281037e+16,1.509186e+16,1.333945e+16,2.0826,1,2.244600e+16,3.138541e+16,2.976095e+16,3.306677e+16,4007.9810,3.598,5,0.3491,,coarse,B,2.9007,4.3739,3.2703,False,512,196,0.384016,0.380117,False,333.631226,CO(3-2),-12164.7737,-10546.413,star,18.823,2.635,14.682,512,20260825,False,False,,,,0.9985,0.9214,472,517.7,3.9495,5.3602,1.2243,0.996017
HR 1010 Gaia DR3 4722135642226902656,HR 1010 Gaia DR3 4722135642226902656,7,A002_Xc6c0d5_X121e,12.0394,333.085241,334.913366,15625000.0000,1828125000.0,1360.80,,5.31424,26.67508,7.228465e+15,1.445693e+16,1.703167e+16,1.505401e+16,2.0826,1,2.533105e+16,3.541948e+16,3.358623e+16,3.731695e+16,4007.9916,3.598,5,0.3491,,coarse,B,2.2634,4.5739,3.1487,False,512,471,0.920078,0.902534,False,333.522741,CO(3-2),-12273.2586,-10640.465,star,18.823,2.635,14.682,512,20260825,False,False,,,,1.0410,0.9629,472,430,4.0792,5.5622,1.2104,0.996106
HR 1010 Gaia DR3 4722135642226902656,HR 1010 Gaia DR3 4722135642226902656,7,A002_Xc6a3db_X7b5b,12.0394,333.085368,334.913493,15625000.0000,1828125000.0,1360.80,,5.53528,27.78410,7.528989e+15,1.505798e+16,1.773976e+16,1.567988e+16,2.0826,1,2.638420e+16,3.689205e+16,3.498258e+16,3.886841e+16,4007.9932,3.598,5,0.3491,,coarse,B,2.8376,4.6577,3.6631,False,512,217,0.424951,0.442495,False,334.022868,CO(3-2),-11773.1317,-10206.874,star,18.823,2.635,14.682,512,20260825,False,False,,,,0.9127,0.9383,472,442.3,3.7740,5.1424,1.2077,0.996124
HR 1010 Gaia DR3 4722135642226902656,HR 1010 Gaia DR3 4722135642226902656,7,A002_Xc66ce1_X1345,12.0394,333.086140,334.914265,15625000.0000,1828125000.0,1360.80,,3.68485,18.49492,5.011791e+15,1.002358e+16,1.180875e+16,1.043756e+16,2.0826,1,1.756306e+16,2.455777e+16,2.328671e+16,2.587337e+16,4008.0024,3.598,5,0.3491,,coarse,B,3.2137,4.4846,3.8378,False,512,119,0.233918,0.337232,False,334.898640,CO(3-2),-10897.3596,-9447.611,star,18.823,2.635,14.682,512,20260825,False,False,,,,0.9432,0.9662,472,346.9,3.8389,5.2641,1.1992,0.996178
HR 1010 Gaia DR3 4722135642226902656,HR 1010 Gaia DR3 4722135642226902656,7,A002_Xc6141c_X3af0,12.0394,333.087349,334.915474,15625000.0000,1828125000.0,1360.80,135,4.50850,22.62740,6.131616e+15,1.226323e+16,1.444728e+16,1.276975e+16,2.0826,1,2.148731e+16,3.004492e+16,2.848984e+16,3.165447e+16,4008.0169,3.598,5,0.3491,1.0000,coarse,B,2.8718,4.3018,3.3853,False,512,241,0.471735,0.532164,False,333.962349,CO(3-2),-11833.6510,-10259.342,star,18.822,2.635,14.682,512,20260825,False,False,,,,0.9810,1.0072,472,292.9,3.9575,5.4518,1.1881,0.996248
HR 1010 Gaia DR3 4722135642226902656,HR 1010 Gaia DR3 4722135642226902656,7,A002_Xc7111c_X61dc,12.0394,335.042351,336.870476,15625000.0000,1828125000.0,1360.80,,4.49218,22.55180,6.111131e+15,1.222226e+16,1.439901e+16,1.272705e+16,2.0826,1,2.141553e+16,2.994454e+16,2.839466e+16,3.154871e+16,4031.4770,3.598,5,0.3511,,coarse,B,2.4248,4.3741,4.1227,False,512,393,0.768031,0.725146,False,336.229851,CO(3-2),-9566.1487,-8293.500,star,18.713,2.620,14.596,512,20260825,False,False,,,,1.0706,0.9516,472,290.5,4.0232,5.5434,1.2243,0.995970
HR 1010 Gaia DR3 4722135642226902656,HR 1010 Gaia DR3 4722135642226902656,7,A002_Xc6c0d5_X121e,12.0394,335.043241,336.871366,15625000.0000,1828125000.0,1360.80,,4.86473,24.41985,6.617339e+15,1.323468e+16,1.559174e+16,1.378128e+16,2.0826,1,2.318946e+16,3.242496e+16,3.074670e+16,3.416201e+16,4031.4876,3.598,5,0.3511,,coarse,B,2.6351,4.5574,3.5471,False,512,318,0.621832,0.602339,False,335.511991,CO(3-2),-10284.0086,-8915.859,star,18.713,2.620,14.596,512,20260825,False,False,,,,1.0389,0.9520,472,379.2,4.0235,5.5043,1.2104,0.996061
HR 1010 Gaia DR3 4722135642226902656,HR 1010 Gaia DR3 4722135642226902656,7,A002_Xc6a3db_X7b5b,12.0394,335.043368,336.871493,15625000.0000,1828125000.0,1360.80,,5.49354,27.57586,7.472562e+15,1.494512e+16,1.760681e+16,1.556237e+16,2.0826,1,2.618645e+16,3.661555e+16,3.472039e+16,3.857710e+16,4031.4892,3.598,5,0.3511,,coarse,B,3.2279,5.0219,4.2741,False,512,101,0.198830,0.126706,False,336.090243,CO(3-2),-9705.7567,-8414.535,star,18.713,2.620,14.596,512,20260825,False,False,,,,1.0059,0.9953,472,253.6,3.9491,5.4620,1.2077,0.996078
HR 1010 Gaia DR3 4722135642226902656,HR 1010 Gaia DR3 4722135642226902656,7,A002_Xc66ce1_X1345,12.0394,335.044140,336.872265,15625000.0000,1828125000.0,1360.80,,3.22600,16.19262,4.387908e+15,8.775816e+15,1.033876e+16,9.138263e+15,2.0826,1,1.537676e+16,2.150075e+16,2.038791e+16,2.265257e+16,4031.4984,3.598,5,0.3511,,coarse,B,3.2375,4.2027,3.9790,False,512,63,0.124756,0.066277,False,335.122265,CO(3-2),-10673.7346,-9253.737,star,18.713,2.620,14.596,512,20260825,False,False,,,,0.9963,0.9410,472,319.7,3.8761,5.3269,1.1992,0.996133
HR 1010 Gaia DR3 4722135642226902656,HR 1010 Gaia DR3 4722135642226902656,7,A002_Xc6141c_X3af0,12.0394,335.045349,336.873474,15625000.0000,1828125000.0,1360.80,135,3.92201,19.68476,5.334214e+15,1.066843e+16,1.256845e+16,1.110907e+16,2.0826,1,1.869294e+16,2.613765e+16,2.478481e+16,2.753788e+16,4031.5129,3.598,5,0.3511,1.0000,coarse,B,2.9788,4.4709,3.5981,False,512,159,0.311891,0.346979,False,335.732849,CO(3-2),-10063.1510,-8724.383,star,18.713,2.620,14.596,512,20260825,False,False,,,,0.9655,1.0128,472,214.8,3.8643,5.3701,1.1881,0.996204
HR 1010 Gaia DR3 4722135642226902656,HR 1010 Gaia DR3 4722135642226902656,7,A002_Xc7111c_X61dc,12.0394,345.313596,346.234006,488281.2500,920410156.2,1360.80,,32.17039,161.54146,1.367963e+15,1.611594e+15,2.685989e+15,1.823951e+15,1.3333,2,3.927515e+15,3.934371e+15,3.883044e+15,3.982281e+15,4149.2856,3.598,132,11.56,,fine,A,4.4528,5.8178,5.4878,False,512,354,0.692008,0.748538,False,345.870724,CO(3-2),74.7245,64.783,star,18.182,2.545,14.182,512,20260825,False,False,,,,1.0118,1.0135,247066,2.309e+05,5.4195,6.6460,1.2243,0.995732
HR 1010 Gaia DR3 4722135642226902656,HR 1010 Gaia DR3 4722135642226902656,7,A002_Xc6c0d5_X121e,12.0394,345.314486,346.234896,488281.2500,920410156.2,1360.80,,36.21927,181.85515,1.539983e+15,1.814250e+15,3.023750e+15,2.053311e+15,1.3333,2,4.421397e+15,4.429115e+15,4.371333e+15,4.483049e+15,4149.2963,3.598,132,11.56,,fine,A,4.5225,5.9169,5.2613,False,512,308,0.602339,0.678363,False,345.683626,CO(3-2),-112.3738,-97.424,star,18.182,2.545,14.182,512,20260825,False,False,,,,1.0260,1.0144,247066,2.375e+05,5.4654,6.7002,1.2104,0.995827
HR 1010 Gaia DR3 4722135642226902656,HR 1010 Gaia DR3 4722135642226902656,7,A002_Xc6a3db_X7b5b,12.0394,345.314613,346.235023,488281.2500,920410156.2,1360.80,,43.28974,217.35155,1.840573e+15,2.168374e+15,3.613957e+15,2.454098e+15,1.3333,2,5.284411e+15,5.293636e+15,5.224576e+15,5.358097e+15,4149.2978,3.598,132,11.56,,fine,A,5.0542,5.7014,5.3197,False,512,27,0.054581,0.066277,False,345.478187,CO(3-2),-317.8132,-275.532,star,18.182,2.545,14.182,512,20260825,True,False,,unattributed,,1.0267,1.0045,247066,2.247e+05,5.4303,6.6612,1.2077,0.995846
HR 1010 Gaia DR3 4722135642226902656,HR 1010 Gaia DR3 4722135642226902656,7,A002_Xc66ce1_X1345,12.0394,345.315385,346.235795,488281.2500,920410156.2,1360.80,,24.72427,124.12983,1.051154e+15,1.238362e+15,2.063937e+15,1.401539e+15,1.3333,2,3.017936e+15,3.023204e+15,2.983764e+15,3.060018e+15,4149.3071,3.598,132,11.56,,fine,A,5.5820,5.8224,5.7767,False,512,2,0.005848,0.029240,False,345.620560,CO(3-2),-175.4396,-152.100,star,18.182,2.545,14.182,512,20260825,True,False,,unattributed,,1.0295,0.9918,247066,3.525e+05,5.4858,6.6965,1.1992,0.995904
HR 1010 Gaia DR3 4722135642226902656,HR 1010 Gaia DR3 4722135642226902656,7,A002_Xc6141c_X3af0,12.0394,345.316593,346.237003,488281.2500,920410156.2,1360.80,135,29.98473,150.52881,1.274706e+15,1.501728e+15,2.502879e+15,1.704747e+15,1.3374,2,3.659768e+15,3.666156e+15,3.618328e+15,3.710800e+15,4149.3216,3.598,132,11.56,0.9970,fine,A,4.4471,6.3462,5.1683,False,512,358,0.697856,0.664717,False,345.993351,CO(3-2),197.3511,171.096,star,18.181,2.545,14.182,512,20260825,False,False,,,,1.0231,1.0203,247066,2.058e+05,5.4469,6.6882,1.1881,0.995980
HR 1010 Gaia DR3 4722135642226902656,HR 1010 Gaia DR3 4722135642226902656,7,A002_Xc7111c_X61dc,12.0394,347.042348,348.870473,15625000.0000,1828125000.0,1360.80,,4.93293,24.77174,6.712695e+15,1.342539e+16,1.581641e+16,1.397987e+16,2.0826,1,2.352362e+16,3.289220e+16,3.118976e+16,3.465429e+16,4175.4769,3.598,6,0.3636,,coarse,B,2.4960,4.9783,3.6379,False,512,403,0.787524,0.859649,False,347.104848,CO(3-2),1308.8475,1134.723,star,18.068,2.529,14.093,512,20260825,False,False,,,,1.0760,0.9405,590,469.7,4.1257,5.6130,1.2243,0.995678
HR 1010 Gaia DR3 4722135642226902656,HR 1010 Gaia DR3 4722135642226902656,7,A002_Xc6c0d5_X121e,12.0394,347.043238,348.871363,15625000.0000,1828125000.0,1360.80,,5.57274,27.98192,7.582596e+15,1.516519e+16,1.786607e+16,1.579153e+16,2.0826,1,2.657205e+16,3.715472e+16,3.523166e+16,3.914515e+16,4175.4876,3.598,6,0.3636,,coarse,B,3.7895,5.0357,4.5259,False,512,21,0.042885,0.068226,False,348.261988,CO(3-2),2465.9876,2137.921,star,18.068,2.529,14.093,512,20260825,False,False,,,,0.9723,0.9532,590,394,3.9001,5.3301,1.2104,0.995775
HR 1010 Gaia DR3 4722135642226902656,HR 1010 Gaia DR3 4722135642226902656,7,A002_Xc6a3db_X7b5b,12.0394,347.043364,348.871489,15625000.0000,1828125000.0,1360.80,,5.90265,29.63794,8.031348e+15,1.606270e+16,1.892342e+16,1.672610e+16,2.0826,1,2.814464e+16,3.935360e+16,3.731673e+16,4.146183e+16,4175.4891,3.598,6,0.3636,,coarse,B,3.4120,4.6631,4.0510,False,512,66,0.130604,0.148148,False,347.871489,CO(3-2),2075.4895,1799.373,star,18.068,2.529,14.093,512,20260825,False,False,,,,1.0456,0.9818,590,418.8,4.1210,5.6231,1.2077,0.995794
HR 1010 Gaia DR3 4722135642226902656,HR 1010 Gaia DR3 4722135642226902656,7,A002_Xc66ce1_X1345,12.0394,347.044137,348.872262,15625000.0000,1828125000.0,1360.80,,3.90856,19.62419,5.317801e+15,1.063560e+16,1.252977e+16,1.107486e+16,2.0826,1,1.863542e+16,2.605722e+16,2.470855e+16,2.745315e+16,4175.4984,3.598,6,0.3636,,coarse,B,2.8891,4.1038,3.3188,False,512,219,0.428850,0.510721,False,348.825387,CO(3-2),3029.3866,2626.367,star,18.067,2.529,14.093,512,20260825,False,False,,,,1.1262,0.9763,590,348,4.2279,5.7971,1.1992,0.995852
HR 1010 Gaia DR3 4722135642226902656,HR 1010 Gaia DR3 4722135642226902656,7,A002_Xc6141c_X3af0,12.0394,347.045345,348.873470,15625000.0000,1828125000.0,1360.80,135,4.68245,23.50796,6.370232e+15,1.274046e+16,1.500951e+16,1.326669e+16,2.0826,1,2.232351e+16,3.121414e+16,2.959855e+16,3.288632e+16,4175.5129,3.598,6,0.3637,1.0000,coarse,B,3.1285,4.3978,3.9657,False,512,128,0.251462,0.208577,False,348.435970,CO(3-2),2639.9702,2288.757,star,18.067,2.529,14.093,512,20260825,False,False,,,,1.1630,0.9330,590,540,4.3218,5.8594,1.1881,0.995929
TRAPPIST-1,TRAPPIST-1,3,A002_Xc9831a_X443,12.4669,89.627387,91.361762,15625000.0000,1734375000.0,3084.48,1530,0.10787,0.53941,1.567354e+14,3.134708e+14,3.692991e+14,3.264174e+14,2.0826,1,5.492554e+14,7.680035e+14,7.282530e+14,8.091466e+14,1207.1976,3.999,3,0.2383,1.0000,coarse,B,2.7477,4.6084,4.0753,False,512,219,0.428850,0.341131,False,90.330512,HCO+(1-0),1141.5125,3836.985,star,69.471,9.726,54.187,512,20260825,False,False,,,,1.0614,1.0181,224,152.9,3.9756,5.5812,0.3400,0.999934
TRAPPIST-1,TRAPPIST-1,3,A002_Xc99ad7_X623d,12.4669,89.627387,91.361762,15625000.0000,1734375000.0,3084.48,,0.11944,0.59721,1.735318e+14,3.470636e+14,4.088747e+14,3.613976e+14,2.0826,1,6.081158e+14,8.503058e+14,8.062955e+14,8.958579e+14,1207.1976,3.999,3,0.2383,,coarse,B,2.6559,4.7809,3.6363,False,512,245,0.479532,0.424951,False,,HCO+(1-0),844.6375,2839.094,star,69.471,9.726,54.187,512,20260825,False,False,,,,1.1574,0.9521,224,248.9,4.1580,5.7539,0.3370,0.999935
TRAPPIST-1,TRAPPIST-1,3,A002_Xc9c531_X632d,12.4669,89.627387,91.361762,15625000.0000,1734375000.0,3084.48,,0.12759,0.63799,1.853809e+14,3.707617e+14,4.367934e+14,3.860744e+14,2.0826,1,6.496390e+14,9.083662e+14,8.613508e+14,9.570287e+14,1207.1976,3.999,3,0.2383,,coarse,B,1.9322,4.2304,4.3332,False,512,502,0.980507,0.984405,False,,HCO+(1-0),704.0125,2366.409,star,69.471,9.726,54.187,512,20260825,False,False,,,,1.0114,1.0128,224,167.7,3.8928,5.4495,0.3338,0.999936
TRAPPIST-1,TRAPPIST-1,3,A002_Xc9c531_X67a0,12.4669,89.627387,91.361762,15625000.0000,1734375000.0,3084.48,,0.15295,0.76478,2.222212e+14,4.444425e+14,5.235964e+14,4.627982e+14,2.0826,1,7.787405e+14,1.088884e+15,1.032525e+15,1.147217e+15,1207.1976,3.999,3,0.2383,,coarse,B,2.3909,4.2595,4.0944,False,512,375,0.732943,0.711501,False,,HCO+(1-0),2172.7625,7303.342,star,69.471,9.726,54.187,512,20260825,False,False,,,,0.9788,0.9441,224,240.9,3.7826,5.2392,0.3337,0.999936
TRAPPIST-1,TRAPPIST-1,3,A002_Xc99ad7_X67ff,12.4669,89.627387,91.361762,15625000.0000,1734375000.0,3084.48,,0.12875,0.64377,1.870595e+14,3.741189e+14,4.407485e+14,3.895703e+14,2.0826,1,6.555214e+14,9.165913e+14,8.691502e+14,9.656945e+14,1207.1976,3.999,3,0.2383,,coarse,B,3.5706,4.8390,4.1012,False,512,16,0.033138,0.048733,False,,HCO+(1-0),1032.1375,3469.341,star,69.471,9.726,54.187,512,20260825,False,False,,,,1.0040,0.9743,224,200.1,3.8472,5.3574,0.3369,0.999935
TRAPPIST-1,TRAPPIST-1,3,A002_Xc9831a_X443,12.4669,91.564887,93.299262,15625000.0000,1734375000.0,3084.48,1530,0.10694,0.53472,1.553721e+14,3.107442e+14,3.660869e+14,3.235781e+14,2.0826,1,5.444779e+14,7.613233e+14,7.219185e+14,8.021084e+14,1233.0439,3.999,3,0.2434,1.0000,coarse,B,2.8909,4.2621,4.6925,False,512,160,0.313840,0.294347,False,92.564887,HCO+(1-0),3375.8875,11347.426,star,68.015,9.522,53.051,512,20260825,False,False,,,,1.0013,0.9937,224,186.2,3.8623,5.3899,0.3400,0.999931
TRAPPIST-1,TRAPPIST-1,3,A002_Xc99ad7_X623d,12.4669,91.564887,93.299262,15625000.0000,1734375000.0,3084.48,,0.11942,0.59713,1.735062e+14,3.470125e+14,4.088144e+14,3.613443e+14,2.0826,1,6.080262e+14,8.501805e+14,8.061767e+14,8.957259e+14,1233.0439,3.999,3,0.2434,,coarse,B,2.4862,4.2441,4.1783,False,512,326,0.637427,0.762183,False,,HCO+(1-0),2907.1375,9771.809,star,68.015,9.522,53.051,512,20260825,False,False,,,,1.0607,0.9683,224,208.4,3.9560,5.5024,0.3370,0.999932
TRAPPIST-1,TRAPPIST-1,3,A002_Xc9c531_X632d,12.4669,91.564887,93.299262,15625000.0000,1734375000.0,3084.48,,0.12755,0.63780,1.853233e+14,3.706467e+14,4.366578e+14,3.859546e+14,2.0826,1,6.494374e+14,9.080843e+14,8.610835e+14,9.567317e+14,1233.0439,3.999,3,0.2434,,coarse,B,2.3503,3.9834,4.1629,False,512,392,0.766082,0.812865,False,,HCO+(1-0),2938.3875,9876.850,star,68.015,9.522,53.051,512,20260825,False,False,,,,1.0821,1.0029,224,164.4,4.0048,5.6097,0.3338,0.999933
TRAPPIST-1,TRAPPIST-1,3,A002_Xc9c531_X67a0,12.4669,91.564887,93.299262,15625000.0000,1734375000.0,3084.48,,0.15241,0.76208,2.214369e+14,4.428738e+14,5.217484e+14,4.611648e+14,2.0826,1,7.759919e+14,1.085041e+15,1.028881e+15,1.143168e+15,1233.0439,3.999,3,0.2434,,coarse,B,2.5496,4.2870,4.1841,False,512,304,0.594542,0.592593,False,,HCO+(1-0),3938.3875,13238.167,star,68.015,9.522,53.051,512,20260825,False,False,,,,0.9618,0.9691,224,218.2,3.7754,5.2442,0.3337,0.999933
TRAPPIST-1,TRAPPIST-1,3,A002_Xc99ad7_X67ff,12.4669,91.564887,93.299262,15625000.0000,1734375000.0,3084.48,,0.12818,0.64096,1.862417e+14,3.724835e+14,4.388218e+14,3.878673e+14,2.0826,1,6.526559e+14,9.125846e+14,8.653508e+14,9.614730e+14,1233.0439,3.999,3,0.2434,,coarse,B,2.9069,4.4013,3.8441,False,512,144,0.282651,0.304094,False,,HCO+(1-0),3657.1375,12292.797,star,68.015,9.522,53.051,512,20260825,False,False,,,,1.0494,1.0025,224,161.1,3.9361,5.5169,0.3369,0.999932
TRAPPIST-1,TRAPPIST-1,3,A002_Xc9831a_X443,12.4669,101.627387,103.361762,15625000.0000,1734375000.0,3084.48,1530,0.10780,0.53902,1.566227e+14,3.132454e+14,3.690335e+14,3.261826e+14,2.0826,1,5.488604e+14,7.674512e+14,7.277292e+14,8.085646e+14,1367.2776,3.999,3,0.2699,1.0000,coarse,B,2.0922,4.4551,3.7938,False,512,483,0.943470,0.918129,False,102.486762,CN(1-0),-11004.2375,-29068.273,star,61.337,8.587,47.843,512,20260825,False,False,,,,1.0421,0.9493,224,236.3,3.9128,5.4225,0.3400,0.999915
TRAPPIST-1,TRAPPIST-1,3,A002_Xc99ad7_X623d,12.4669,101.627387,103.361762,15625000.0000,1734375000.0,3084.48,,0.12578,0.62894,1.827500e+14,3.654999e+14,4.305944e+14,3.805953e+14,2.0826,1,6.404194e+14,8.954748e+14,8.491266e+14,9.434466e+14,1367.2776,3.999,3,0.2699,,coarse,B,2.8299,4.2312,3.8792,False,512,170,0.333333,0.399610,False,,CN(1-0),-10441.7375,-27582.400,star,61.337,8.587,47.843,512,20260825,False,False,,,,0.9973,0.9718,224,213.5,3.8448,5.3439,0.3370,0.999916
TRAPPIST-1,TRAPPIST-1,3,A002_Xc9c531_X632d,12.4669,101.627387,103.361762,15625000.0000,1734375000.0,3084.48,,0.13526,0.67635,1.965271e+14,3.930542e+14,4.630560e+14,4.092876e+14,2.0826,1,6.886992e+14,9.629827e+14,9.131404e+14,1.014571e+15,1367.2776,3.999,3,0.2699,,coarse,B,2.1264,4.1735,4.4605,False,512,463,0.904483,0.920078,False,,CN(1-0),-10551.1125,-27871.320,star,61.337,8.587,47.843,512,20260825,False,False,,,,1.0491,0.9815,224,173.8,3.9140,5.4733,0.3338,0.999918
TRAPPIST-1,TRAPPIST-1,3,A002_Xc9c531_X67a0,12.4669,101.627387,103.361762,15625000.0000,1734375000.0,3084.48,,0.16519,0.82603,2.400184e+14,4.800368e+14,5.655300e+14,4.998626e+14,2.0826,1,8.411079e+14,1.176090e+15,1.115218e+15,1.239095e+15,1367.2776,3.999,3,0.2699,,coarse,B,3.4643,4.6002,4.1023,False,512,37,0.074074,0.089669,False,,CN(1-0),-10472.9875,-27664.948,star,61.337,8.587,47.843,512,20260825,False,False,,,,1.0117,0.9885,224,187.4,3.8738,5.4049,0.3337,0.999918
TRAPPIST-1,TRAPPIST-1,3,A002_Xc99ad7_X67ff,12.4669,101.627387,103.361762,15625000.0000,1734375000.0,3084.48,,0.13689,0.68453,1.989035e+14,3.978070e+14,4.686553e+14,4.142367e+14,2.0826,1,6.970270e+14,9.746271e+14,9.241821e+14,1.026839e+15,1367.2776,3.999,3,0.2699,,coarse,B,2.0526,4.3524,4.2761,False,512,478,0.933723,0.939571,False,,CN(1-0),-10566.7375,-27912.594,star,61.337,8.587,47.843,512,20260825,False,False,,,,0.9775,0.9942,224,186,3.8170,5.3269,0.3369,0.999916
TRAPPIST-1,TRAPPIST-1,3,A002_Xc9831a_X443,12.4669,103.627387,105.361762,15625000.0000,1734375000.0,3084.48,1530,0.10977,0.54891,1.594954e+14,3.189907e+14,3.758021e+14,3.321653e+14,2.0826,1,5.589272e+14,7.815273e+14,7.410768e+14,8.233948e+14,1393.9576,3.999,3,0.2752,1.0000,coarse,B,2.7203,4.5456,3.9998,False,512,205,0.401559,0.423002,False,104.424262,CN(1-0),-9066.7375,-23950.265,star,60.163,8.423,46.927,512,20260825,False,False,,,,1.1430,0.9550,224,199.4,4.0792,5.6810,0.3400,0.999911
TRAPPIST-1,TRAPPIST-1,3,A002_Xc99ad7_X623d,12.4669,103.627387,105.361762,15625000.0000,1734375000.0,3084.48,,0.12882,0.64414,1.871673e+14,3.743347e+14,4.410027e+14,3.897950e+14,2.0826,1,6.558995e+14,9.171200e+14,8.696515e+14,9.662514e+14,1393.9576,3.999,3,0.2752,,coarse,B,2.5171,4.5880,3.6323,False,512,309,0.604288,0.567251,False,,CN(1-0),-9691.7375,-25601.235,star,60.163,8.423,46.927,512,20260825,False,False,,,,1.0540,0.9902,224,186.1,3.9574,5.5227,0.3370,0.999913
TRAPPIST-1,TRAPPIST-1,3,A002_Xc9c531_X632d,12.4669,103.627387,105.361762,15625000.0000,1734375000.0,3084.48,,0.13835,0.69183,2.010233e+14,4.020466e+14,4.736500e+14,4.186514e+14,2.0826,1,7.044556e+14,9.850142e+14,9.340316e+14,1.037783e+15,1393.9576,3.999,3,0.2752,,coarse,B,3.4825,4.6603,4.2372,False,512,17,0.035088,0.060429,False,,CN(1-0),-9160.4875,-24197.911,star,60.163,8.423,46.927,512,20260825,False,False,,,,1.0687,0.9758,224,198.8,3.9745,5.5357,0.3338,0.999915
TRAPPIST-1,TRAPPIST-1,3,A002_Xc9c531_X67a0,12.4669,103.627387,105.361762,15625000.0000,1734375000.0,3084.48,,0.17031,0.85160,2.474489e+14,4.948977e+14,5.830376e+14,5.153373e+14,2.0826,1,8.671468e+14,1.212499e+15,1.149743e+15,1.277455e+15,1393.9576,3.999,3,0.2752,,coarse,B,3.6158,4.5804,4.1439,False,512,15,0.031189,0.029240,False,,CN(1-0),-9691.7375,-25601.235,star,60.163,8.423,46.927,512,20260825,False,False,,,,1.0639,0.9183,224,306.8,3.9565,5.4434,0.3337,0.999915
TRAPPIST-1,TRAPPIST-1,3,A002_Xc99ad7_X67ff,12.4669,103.627387,105.361762,15625000.0000,1734375000.0,3084.48,,0.14338,0.71694,2.083201e+14,4.166402e+14,4.908426e+14,4.338477e+14,2.0826,1,7.300260e+14,1.020768e+15,9.679352e+14,1.075452e+15,1393.9576,3.999,3,0.2752,,coarse,B,2.7462,4.6486,3.9666,False,512,206,0.403509,0.346979,False,,CN(1-0),-8957.3625,-23661.345,star,60.163,8.423,46.927,512,20260825,False,False,,,,1.0542,0.9305,224,288.7,3.9472,5.4396,0.3369,0.999913
TRAPPIST-1,TRAPPIST-1,6,A002_X12ac5b5_X14ae,12.4669,223.078125,224.921875,31250000.0000,1843750000.0,3219.55,,1.93818,9.69096,5.631778e+15,6.634782e+15,1.105797e+16,7.509037e+15,1.3333,2,1.973571e+16,2.759571e+16,2.616740e+16,2.907405e+16,2688.0000,3.598,3,0.2769,,coarse,B,2.3175,4.1123,2.8778,False,512,353,0.690058,0.787524,False,223.609375,13CO(2-1),3210.3750,4366.836,star,28.066,3.929,21.891,512,20260825,False,False,,,,1.1470,1.0172,120,104.9,4.0362,5.7348,0.0808,0.999992
TRAPPIST-1,TRAPPIST-1,6,A002_X12a079b_X22389,12.4669,223.078125,224.921875,31250000.0000,1843750000.0,3219.55,,1.72731,8.63662,5.019065e+15,5.912947e+15,9.854912e+15,6.692087e+15,1.3333,2,1.758855e+16,2.459342e+16,2.332051e+16,2.591093e+16,2688.0000,3.598,3,0.2769,,coarse,B,2.7350,4.9036,3.5640,False,512,181,0.354776,0.432749,False,223.546875,13CO(2-1),3147.8750,4281.822,star,28.066,3.929,21.891,512,20260825,False,False,,,,0.9833,1.0500,120,91.73,3.7574,5.3628,0.0820,0.999992
TRAPPIST-1,TRAPPIST-1,6,A002_X12b487b_X386a,12.4669,223.078125,224.921875,31250000.0000,1843750000.0,3219.55,,2.73201,13.66014,7.938421e+15,9.352232e+15,1.558705e+16,1.058456e+16,1.3333,2,2.781899e+16,3.889826e+16,3.688496e+16,4.098210e+16,2688.0000,3.598,3,0.2769,,coarse,B,2.8691,4.4829,3.8916,False,512,150,0.292398,0.321637,False,223.734375,13CO(2-1),3335.3750,4536.864,star,28.066,3.929,21.891,512,20260825,False,False,,,,0.9482,1.0006,120,143.2,3.7100,5.2190,0.0730,0.999994
TRAPPIST-1,TRAPPIST-1,6,A002_X12b966a_X38de,12.4669,223.078125,224.921875,31250000.0000,1843750000.0,3219.55,,2.16979,10.84900,6.304758e+15,7.427618e+15,1.237936e+16,8.406344e+15,1.3333,2,2.209407e+16,3.089331e+16,2.929433e+16,3.254831e+16,2688.0000,3.598,3,0.2769,,coarse,B,2.4719,4.2360,3.6976,False,512,316,0.617934,0.639376,False,224.171875,13CO(2-1),3772.8750,5131.963,star,28.066,3.929,21.891,512,20260825,False,False,,,,0.9735,1.0600,120,94.46,3.7653,5.3687,0.0689,0.999994
TRAPPIST-1,TRAPPIST-1,6,A002_X12a8fc8_X10b8,12.4669,223.078125,224.921875,31250000.0000,1843750000.0,3219.55,1597,1.76451,8.82264,5.127169e+15,6.040304e+15,1.006717e+16,6.836225e+15,1.3333,2,1.796738e+16,2.512313e+16,2.382280e+16,2.646901e+16,2988.1600,3.999,3,0.3079,1.0000,coarse,B,2.6972,4.3908,3.7176,False,512,172,0.337232,0.210526,False,224.015625,13CO(2-1),3616.6250,4919.427,star,28.066,3.929,21.891,512,20260825,False,False,,,,1.0564,1.0210,120,98.58,3.8579,5.4929,0.0818,0.999992
TRAPPIST-1,TRAPPIST-1,6,A002_X12a8fc8_X1980,12.4669,223.078125,224.921875,31250000.0000,1843750000.0,3219.55,,1.65855,8.29283,4.819276e+15,5.677576e+15,9.462627e+15,6.425702e+15,1.3333,2,1.688842e+16,2.361445e+16,2.239221e+16,2.487951e+16,2988.1600,3.999,3,0.3079,,coarse,B,1.7342,4.4551,3.3926,False,512,506,0.988304,0.980507,False,223.921875,13CO(2-1),3522.8750,4791.906,star,28.066,3.929,21.891,512,20260825,False,False,,,,0.9383,0.9971,120,108.2,3.6167,5.1336,0.0818,0.999992
TRAPPIST-1,TRAPPIST-1,6,A002_X12a8fc8_X2201,12.4669,223.078125,224.921875,31250000.0000,1843750000.0,3219.55,,1.71606,8.58036,4.986370e+15,5.874429e+15,9.790714e+15,6.648493e+15,1.3333,2,1.747397e+16,2.443321e+16,2.316859e+16,2.574213e+16,2988.1600,3.999,3,0.3079,,coarse,B,2.9106,3.9355,3.6233,False,512,116,0.228070,0.224172,False,223.640625,13CO(2-1),3241.6250,4409.343,star,28.066,3.929,21.891,512,20260825,False,False,,,,1.0053,1.1176,120,66.89,3.8370,5.5374,0.0818,0.999992
TRAPPIST-1,TRAPPIST-1,6,A002_X12a8fc8_Xb82,12.4669,223.078125,224.921875,31250000.0000,1843750000.0,3219.55,,1.84929,9.24652,5.373498e+15,6.330503e+15,1.055084e+16,7.164664e+15,1.3333,2,1.883061e+16,2.633014e+16,2.496734e+16,2.774068e+16,2988.1600,3.999,3,0.3079,,coarse,B,2.1901,4.7817,2.8431,False,512,418,0.816764,0.797271,False,224.859375,13CO(2-1),4460.3750,6067.118,star,28.066,3.929,21.891,512,20260825,False,False,,,,1.0298,1.0466,120,90.06,3.8323,5.4732,0.0818,0.999992
TRAPPIST-1,TRAPPIST-1,6,A002_X12ac5b5_X14ae,12.4669,225.078125,226.921875,31250000.0000,1843750000.0,3219.55,,1.80005,9.00032,5.230424e+15,6.161949e+15,1.026991e+16,6.973899e+15,1.3333,2,1.832923e+16,2.562908e+16,2.430256e+16,2.700207e+16,2712.0000,3.598,3,0.2794,,coarse,B,2.1140,4.0476,3.6727,False,512,447,0.873294,0.838207,False,225.765625,CO(2-1),-4772.3750,-6206.014,star,27.817,3.894,21.698,512,20260825,False,False,,,,1.0623,1.0537,120,94.25,3.9175,5.5862,0.0808,0.999992
TRAPPIST-1,TRAPPIST-1,6,A002_X12a079b_X22389,12.4669,225.078125,226.921875,31250000.0000,1843750000.0,3219.55,,1.62126,8.10635,4.710906e+15,5.549905e+15,9.249842e+15,6.281208e+15,1.3333,2,1.650865e+16,2.308344e+16,2.188868e+16,2.432005e+16,2712.0000,3.598,3,0.2794,,coarse,B,2.7297,4.2506,3.5687,False,512,168,0.329435,0.352827,False,226.421875,CO(2-1),-4116.1250,-5352.624,star,27.817,3.894,21.698,512,20260825,False,False,,,,1.0649,1.0555,120,79.97,3.8813,5.5660,0.0820,0.999992
TRAPPIST-1,TRAPPIST-1,6,A002_X12b487b_X386a,12.4669,225.078125,226.921875,31250000.0000,1843750000.0,3219.55,,2.56576,12.82887,7.455340e+15,8.783115e+15,1.463853e+16,9.940453e+15,1.3333,2,2.612610e+16,3.653116e+16,3.464038e+16,3.848819e+16,2712.0000,3.598,3,0.2794,,coarse,B,3.6333,4.1913,4.3501,False,512,6,0.013645,0.017544,False,226.296875,CO(2-1),-4241.1250,-5515.174,star,27.817,3.894,21.698,512,20260825,False,False,,,,1.0780,1.0111,120,116.3,3.9229,5.5551,0.0730,0.999993
TRAPPIST-1,TRAPPIST-1,6,A002_X12b966a_X38de,12.4669,225.078125,226.921875,31250000.0000,1843750000.0,3219.55,,2.03858,10.19297,5.923518e+15,6.978480e+15,1.163080e+16,7.898024e+15,1.3333,2,2.075807e+16,2.902524e+16,2.752294e+16,3.058016e+16,2712.0000,3.598,3,0.2794,,coarse,B,2.4126,4.3195,3.6504,False,512,320,0.625731,0.668616,False,226.609375,CO(2-1),-3928.6250,-5108.798,star,27.817,3.894,21.698,512,20260825,False,False,,,,1.0022,1.0606,120,81.81,3.7819,5.4190,0.0689,0.999994
TRAPPIST-1,TRAPPIST-1,6,A002_X12a8fc8_X10b8,12.4669,225.078125,226.921875,31250000.0000,1843750000.0,3219.55,1597,1.64122,8.20618,4.768919e+15,5.618250e+15,9.363750e+15,6.358558e+15,1.3333,2,1.671195e+16,2.336770e+16,2.215823e+16,2.461954e+16,3014.8400,3.999,3,0.3106,1.0000,coarse,B,2.0336,4.0410,3.0760,False,512,473,0.923977,0.896686,False,225.078125,13CO(2-1),4679.1250,6364.668,star,27.817,3.894,21.698,512,20260825,False,False,,,,1.1212,1.0362,120,100.9,4.0129,5.7091,0.0818,0.999992
TRAPPIST-1,TRAPPIST-1,6,A002_X12a8fc8_X1980,12.4669,225.078125,226.921875,31250000.0000,1843750000.0,3219.55,,1.54471,7.72363,4.488493e+15,5.287881e+15,8.813135e+15,5.984657e+15,1.3333,2,1.572924e+16,2.199362e+16,2.085526e+16,2.317184e+16,3014.8400,3.999,3,0.3106,,coarse,B,2.6428,4.5033,3.8133,False,512,191,0.374269,0.411306,False,226.734375,CO(2-1),-3803.6250,-4946.248,star,27.817,3.894,21.698,512,20260825,False,False,,,,1.0847,1.0595,120,79.05,3.9218,5.6262,0.0818,0.999992
TRAPPIST-1,TRAPPIST-1,6,A002_X12a8fc8_X2201,12.4669,225.078125,226.921875,31250000.0000,1843750000.0,3219.55,,1.59622,7.98115,4.638144e+15,5.464185e+15,9.106974e+15,6.184192e+15,1.3333,2,1.625367e+16,2.272691e+16,2.155060e+16,2.394442e+16,3014.8400,3.999,3,0.3106,,coarse,B,2.1841,4.1740,3.5903,False,512,397,0.775828,0.859649,False,226.765625,CO(2-1),-3772.3750,-4905.610,star,27.817,3.894,21.698,512,20260825,False,False,,,,1.0591,1.0243,120,109.7,3.8970,5.5290,0.0818,0.999992
TRAPPIST-1,TRAPPIST-1,6,A002_X12a8fc8_Xb82,12.4669,225.078125,226.921875,31250000.0000,1843750000.0,3219.55,,1.72898,8.64498,5.023922e+15,5.918669e+15,9.864448e+15,6.698563e+15,1.3333,2,1.760557e+16,2.461722e+16,2.334307e+16,2.593600e+16,3014.8400,3.999,3,0.3106,,coarse,B,3.0380,3.9051,3.6332,False,512,93,0.183236,0.218324,False,226.046875,CO(2-1),-4491.1250,-5840.275,star,27.817,3.894,21.698,512,20260825,False,False,,,,1.0203,1.0308,120,110.2,3.8379,5.4442,0.0818,0.999992
TRAPPIST-1,TRAPPIST-1,6,A002_X12ac5b5_X14ae,12.4669,239.078125,240.921875,31250000.0000,1843750000.0,3219.55,,1.97579,9.87906,5.741093e+15,6.763566e+15,1.127261e+16,7.654791e+15,1.3333,2,2.011879e+16,2.813136e+16,2.667533e+16,2.963839e+16,2880.0000,3.598,3,0.2967,,coarse,B,2.3482,4.7428,3.0803,False,512,348,0.680312,0.760234,False,240.609375,CS(5-4),-4326.6250,-5295.626,star,26.195,3.667,20.432,512,20260825,False,False,,,,1.1080,1.0545,120,84.26,3.9727,5.6867,0.0808,0.999991
TRAPPIST-1,TRAPPIST-1,6,A002_X12a079b_X22389,12.4669,239.078125,240.921875,31250000.0000,1843750000.0,3219.55,,1.78380,8.91909,5.183215e+15,6.106332e+15,1.017722e+16,6.910954e+15,1.3333,2,1.816379e+16,2.539776e+16,2.408321e+16,2.675835e+16,2880.0000,3.598,3,0.2967,,coarse,B,2.8867,4.4194,3.4830,False,512,101,0.198830,0.115010,False,239.421875,CS(5-4),-5514.1250,-6749.082,star,26.195,3.667,20.432,512,20260825,False,False,,,,1.0068,1.0115,120,106,3.7666,5.3500,0.0820,0.999991
TRAPPIST-1,TRAPPIST-1,6,A002_X12b487b_X386a,12.4669,239.078125,240.921875,31250000.0000,1843750000.0,3219.55,,2.82162,14.10819,8.198795e+15,9.658978e+15,1.609830e+16,1.093173e+16,1.3333,2,2.873143e+16,4.017409e+16,3.809475e+16,4.232628e+16,2880.0000,3.598,3,0.2967,,coarse,B,2.4619,4.4399,2.9278,False,512,296,0.578947,0.606238,False,240.328125,CS(5-4),-4607.8750,-5639.866,star,26.195,3.667,20.432,512,20260825,False,False,,,,1.0244,1.0720,120,75.83,3.8229,5.4924,0.0730,0.999993
TRAPPIST-1,TRAPPIST-1,6,A002_X12b966a_X38de,12.4669,239.078125,240.921875,31250000.0000,1843750000.0,3219.55,,2.24036,11.20188,6.509829e+15,7.669212e+15,1.278202e+16,8.679773e+15,1.3333,2,2.281271e+16,3.189816e+16,3.024717e+16,3.360699e+16,2880.0000,3.598,3,0.2967,,coarse,B,3.0733,4.5331,3.8292,False,512,73,0.144250,0.142300,False,239.890625,CS(5-4),-5045.3750,-6175.349,star,26.195,3.667,20.432,512,20260825,False,False,,,,1.0127,1.0547,120,89.8,3.8149,5.4488,0.0689,0.999993
TRAPPIST-1,TRAPPIST-1,6,A002_X12a8fc8_X10b8,12.4669,239.078125,240.921875,31250000.0000,1843750000.0,3219.55,1597,1.80452,9.02266,5.243406e+15,6.177242e+15,1.029540e+16,6.991208e+15,1.3333,2,1.837472e+16,2.569269e+16,2.436288e+16,2.706908e+16,3201.6000,3.999,3,0.3298,1.0000,coarse,B,1.9885,4.4864,3.2659,False,512,472,0.922027,0.859649,False,239.484375,CS(5-4),-5451.6250,-6672.584,star,26.195,3.667,20.432,512,20260825,False,False,,,,0.9992,1.0826,120,77.69,3.8029,5.4590,0.0818,0.999991
TRAPPIST-1,TRAPPIST-1,6,A002_X12a8fc8_X1980,12.4669,239.078125,240.921875,31250000.0000,1843750000.0,3219.55,,1.69259,8.46302,4.918179e+15,5.794093e+15,9.656821e+15,6.557571e+15,1.3333,2,1.723501e+16,2.409907e+16,2.285175e+16,2.539010e+16,3201.6000,3.999,3,0.3298,,coarse,B,2.1105,4.1106,3.0308,False,512,407,0.795322,0.793372,False,239.234375,CS(5-4),-5701.6250,-6978.575,star,26.195,3.667,20.432,512,20260825,False,False,,,,1.2262,0.9983,120,97.8,4.1288,5.8802,0.0818,0.999991
TRAPPIST-1,TRAPPIST-1,6,A002_X12a8fc8_X2201,12.4669,239.078125,240.921875,31250000.0000,1843750000.0,3219.55,,1.74860,8.74310,5.080940e+15,5.985842e+15,9.976403e+15,6.774587e+15,1.3333,2,1.780538e+16,2.489661e+16,2.360800e+16,2.623035e+16,3201.6000,3.999,3,0.3298,,coarse,B,3.2067,4.4982,3.5016,False,512,53,0.105263,0.155945,False,240.484375,CS(5-4),-4451.6250,-5448.622,star,26.195,3.667,20.432,512,20260825,False,False,,,,0.9768,1.0552,120,77.87,3.7124,5.3287,0.0818,0.999991
TRAPPIST-1,TRAPPIST-1,6,A002_X12a8fc8_Xb82,12.4669,239.078125,240.921875,31250000.0000,1843750000.0,3219.55,,1.89437,9.47196,5.504511e+15,6.484850e+15,1.080808e+16,7.339349e+15,1.3333,2,1.928972e+16,2.697211e+16,2.557608e+16,2.841704e+16,3201.6000,3.999,3,0.3298,,coarse,B,2.1526,4.3676,2.6396,False,512,414,0.808967,0.830409,False,239.234375,CS(5-4),-5701.6250,-6978.575,star,26.195,3.667,20.432,512,20260825,False,False,,,,0.9265,1.0389,120,83.12,3.6073,5.1661,0.0818,0.999991
TRAPPIST-1,TRAPPIST-1,6,A002_X12ac5b5_X14ae,12.4669,241.078125,242.921875,31250000.0000,1843750000.0,3219.55,,2.06859,10.34306,6.010741e+15,7.081237e+15,1.180206e+16,8.014321e+15,1.3333,2,2.106373e+16,2.945263e+16,2.792821e+16,3.103045e+16,2904.0000,3.598,3,0.2992,,coarse,B,2.6061,4.0387,3.4685,False,512,221,0.432749,0.532164,False,242.171875,CS(5-4),-2764.1250,-3383.185,star,25.978,3.637,20.263,512,20260825,False,False,,,,1.0381,1.0517,120,79.89,3.8250,5.4854,0.0808,0.999991
TRAPPIST-1,TRAPPIST-1,6,A002_X12a079b_X22389,12.4669,241.078125,242.921875,31250000.0000,1843750000.0,3219.55,,1.87382,9.36920,5.444794e+15,6.414497e+15,1.069083e+16,7.259725e+15,1.3333,2,1.908045e+16,2.667949e+16,2.529861e+16,2.810875e+16,2904.0000,3.598,3,0.2992,,coarse,B,2.5117,3.8881,2.8947,False,512,242,0.473684,0.372320,False,242.828125,CS(5-4),-2107.8750,-2579.960,star,25.978,3.637,20.263,512,20260825,False,False,,,,0.9952,0.9926,120,111,3.7212,5.2776,0.0820,0.999991
TRAPPIST-1,TRAPPIST-1,6,A002_X12b487b_X386a,12.4669,241.078125,242.921875,31250000.0000,1843750000.0,3219.55,,2.96224,14.81129,8.607394e+15,1.014035e+16,1.690058e+16,1.147653e+16,1.3333,2,3.016330e+16,4.217623e+16,3.999326e+16,4.443567e+16,2904.0000,3.598,3,0.2992,,coarse,B,3.2719,5.0986,4.0634,False,512,52,0.103314,0.037037,False,242.171875,CS(5-4),-2764.1250,-3383.185,star,25.978,3.637,20.263,512,20260825,False,False,,,,0.9735,0.9891,120,135.5,3.7228,5.2461,0.0730,0.999993
TRAPPIST-1,TRAPPIST-1,6,A002_X12b966a_X38de,12.4669,241.078125,242.921875,31250000.0000,1843750000.0,3219.55,,2.35930,11.79656,6.855424e+15,8.076356e+15,1.346059e+16,9.140565e+15,1.3333,2,2.402379e+16,3.359158e+16,3.185294e+16,3.539113e+16,2904.0000,3.598,3,0.2992,,coarse,B,2.5777,4.2392,3.1354,False,512,234,0.458090,0.514620,False,241.890625,CS(5-4),-3045.3750,-3727.425,star,25.978,3.637,20.263,512,20260825,False,False,,,,1.1000,1.0014,120,120.1,3.9546,5.5942,0.0689,0.999993
TRAPPIST-1,TRAPPIST-1,6,A002_X12a8fc8_X10b8,12.4669,241.078125,242.921875,31250000.0000,1843750000.0,3219.55,1597,1.90662,9.53318,5.540088e+15,6.526763e+15,1.087794e+16,7.386785e+15,1.3333,2,1.941440e+16,2.714643e+16,2.574138e+16,2.860071e+16,3228.2800,3.999,3,0.3326,1.0000,coarse,B,2.4033,4.5232,3.6861,False,512,341,0.666667,0.701754,False,242.453125,CS(5-4),-2482.8750,-3038.946,star,25.978,3.637,20.263,512,20260825,False,False,,,,1.0024,1.0897,120,78.95,3.8260,5.4891,0.0818,0.999991
TRAPPIST-1,TRAPPIST-1,6,A002_X12a8fc8_X1980,12.4669,241.078125,242.921875,31250000.0000,1843750000.0,3219.55,,1.78012,8.90070,5.172532e+15,6.093745e+15,1.015624e+16,6.896709e+15,1.3333,2,1.812635e+16,2.534541e+16,2.403357e+16,2.670319e+16,3228.2800,3.999,3,0.3326,,coarse,B,1.7409,4.1290,3.2475,False,512,506,0.988304,0.988304,False,241.890625,CS(5-4),-3045.3750,-3727.425,star,25.978,3.637,20.263,512,20260825,False,False,,,,1.0314,1.0027,120,112.9,3.8125,5.4039,0.0818,0.999991
TRAPPIST-1,TRAPPIST-1,6,A002_X12a8fc8_X2201,12.4669,241.078125,242.921875,31250000.0000,1843750000.0,3219.55,,1.84920,9.24607,5.373236e+15,6.330194e+15,1.055032e+16,7.164314e+15,1.3333,2,1.882969e+16,2.632885e+16,2.496612e+16,2.773933e+16,3228.2800,3.999,3,0.3326,,coarse,B,2.7406,4.7777,3.4276,False,512,165,0.323587,0.319688,False,242.234375,CS(5-4),-2701.6250,-3306.687,star,25.978,3.637,20.263,512,20260825,False,False,,,,1.1248,1.0636,120,81.22,4.0101,5.7474,0.0818,0.999991
TRAPPIST-1,TRAPPIST-1,6,A002_X12a8fc8_Xb82,12.4669,241.078125,242.921875,31250000.0000,1843750000.0,3219.55,,2.00400,10.02009,5.823050e+15,6.860119e+15,1.143353e+16,7.764067e+15,1.3333,2,2.040599e+16,2.853295e+16,2.705613e+16,3.006150e+16,3228.2800,3.999,3,0.3326,,coarse,B,3.5034,5.1831,3.5880,False,512,28,0.056530,0.040936,False,242.796875,CS(5-4),-2139.1250,-2618.209,star,25.978,3.637,20.263,512,20260825,False,False,,,,1.0215,1.0209,120,105.2,3.8095,5.4123,0.0818,0.999991
TRAPPIST-1,TRAPPIST-1,7,A002_Xd0e450_Xc7a1,12.4669,333.709847,335.444222,15625000.0000,1734375000.0,3798.14,,0.24884,1.24487,3.617213e+14,7.234425e+14,8.522857e+14,7.533212e+14,2.0826,1,1.267597e+15,1.772434e+15,1.680696e+15,1.867386e+15,4463.2576,3.999,6,1.085,,coarse,B,2.9895,4.8291,3.9869,False,512,192,0.376218,0.393762,False,,CO(3-2),-10695.5278,-9272.631,star,18.790,2.631,14.656,512,20260825,False,False,,,,1.0604,0.9651,560,428.3,4.1223,5.6217,0.2654,0.999447
TRAPPIST-1,TRAPPIST-1,7,A002_Xd0e450_Xc008,12.4669,333.710028,335.444403,15625000.0000,1734375000.0,3798.14,,0.25785,1.28998,3.748277e+14,7.496554e+14,8.831670e+14,7.806167e+14,2.0826,1,1.313527e+15,1.836656e+15,1.741594e+15,1.935048e+15,4463.2601,3.999,6,1.085,,coarse,B,2.3532,4.5192,3.8003,False,512,468,0.914230,0.896686,False,,CO(3-2),-10476.5971,-9082.826,star,18.790,2.631,14.656,512,20260825,False,False,,,,0.9567,0.9543,560,497.7,3.9225,5.3288,0.2654,0.999447
TRAPPIST-1,TRAPPIST-1,7,A002_Xd0e450_X1e19,12.4669,333.710656,335.445031,15625000.0000,1734375000.0,3798.14,,0.21274,1.06429,3.092487e+14,6.184974e+14,7.286501e+14,6.440418e+14,2.0826,1,1.083715e+15,1.515319e+15,1.436888e+15,1.596496e+15,4463.2684,3.999,6,1.085,,coarse,B,2.3444,4.4322,4.4076,False,512,469,0.916179,0.970760,False,,CO(3-2),-11929.0936,-10342.087,star,18.790,2.631,14.656,512,20260825,False,False,,,,1.0668,0.9734,560,416.4,4.1454,5.6573,0.2640,0.999453
TRAPPIST-1,TRAPPIST-1,7,A002_Xcccc19_X5564,12.4669,333.727377,335.461752,15625000.0000,1734375000.0,3798.14,628,0.22748,1.13786,3.306265e+14,6.612531e+14,7.790204e+14,6.885641e+14,2.0826,1,1.158630e+15,1.620070e+15,1.536218e+15,1.706859e+15,4463.4915,3.999,6,1.085,1.0000,coarse,B,3.5649,4.2858,4.3387,False,512,32,0.064327,0.060429,False,334.977377,CO(3-2),-10818.6227,-9379.349,star,18.789,2.630,14.655,512,20260825,False,False,,,,0.9431,0.9753,560,324.9,3.8421,5.2779,0.2222,0.999612
TRAPPIST-1,TRAPPIST-1,7,A002_Xcccc19_X4dfa,12.4669,333.727513,335.461888,15625000.0000,1734375000.0,3798.14,,0.26672,1.33411,3.876500e+14,7.752999e+14,9.133787e+14,8.073203e+14,2.0826,1,1.358460e+15,1.899485e+15,1.801171e+15,2.001243e+15,4463.4933,3.999,6,1.085,,coarse,B,3.5753,4.7751,3.9785,False,512,30,0.060429,0.076023,False,,CO(3-2),-11396.6120,-9880.445,star,18.789,2.630,14.655,512,20260825,False,False,,,,0.9207,0.9923,560,303,3.8155,5.2512,0.2223,0.999612
TRAPPIST-1,TRAPPIST-1,7,A002_Xd0e450_Xc7a1,12.4669,335.605347,337.339722,15625000.0000,1734375000.0,3798.14,,0.21577,1.07947,3.136615e+14,6.273231e+14,7.390476e+14,6.532320e+14,2.0826,1,1.099179e+15,1.536942e+15,1.457392e+15,1.619278e+15,4488.5436,3.999,6,1.091,,coarse,B,3.1515,4.4148,4.3542,False,512,100,0.196881,0.251462,False,,CO(3-2),-8800.0278,-7629.302,star,18.684,2.616,14.574,512,20260825,False,False,,,,1.1122,0.9608,560,332.6,4.1577,5.7077,0.2654,0.999441
TRAPPIST-1,TRAPPIST-1,7,A002_Xd0e450_Xc008,12.4669,335.605528,337.339903,15625000.0000,1734375000.0,3798.14,,0.22387,1.11996,3.254265e+14,6.508530e+14,7.667681e+14,6.777337e+14,2.0826,1,1.140408e+15,1.594590e+15,1.512057e+15,1.680014e+15,4488.5460,3.999,6,1.091,,coarse,B,2.5818,4.2130,4.3090,False,512,369,0.721248,0.627680,False,,CO(3-2),-10034.2221,-8699.303,star,18.684,2.616,14.574,512,20260825,False,False,,,,0.9972,0.9651,560,390.7,3.9726,5.4304,0.2654,0.999441
TRAPPIST-1,TRAPPIST-1,7,A002_Xd0e450_X1e19,12.4669,335.606156,337.340531,15625000.0000,1734375000.0,3798.14,,0.18423,0.92168,2.678112e+14,5.356224e+14,6.310152e+14,5.577439e+14,2.0826,1,9.385035e+14,1.312275e+15,1.244354e+15,1.382575e+15,4488.5544,3.999,6,1.091,,coarse,B,3.7575,4.7879,4.6271,False,512,26,0.052632,0.072125,False,,CO(3-2),-10017.9686,-8685.212,star,18.684,2.616,14.574,512,20260825,False,False,,,,0.9797,0.9706,560,372.8,3.9375,5.3891,0.2640,0.999446
TRAPPIST-1,TRAPPIST-1,7,A002_Xcccc19_X5564,12.4669,335.622877,337.357252,15625000.0000,1734375000.0,3798.14,628,0.19655,0.98314,2.856690e+14,5.713380e+14,6.730917e+14,5.949354e+14,2.0826,1,1.001084e+15,1.399778e+15,1.327328e+15,1.474766e+15,4488.7775,3.999,6,1.091,1.0000,coarse,B,2.4270,4.6506,4.1528,False,512,446,0.871345,0.920078,False,337.185377,CO(3-2),-8610.6227,-7465.094,star,18.683,2.616,14.573,512,20260825,False,False,,,,0.8829,0.9793,560,354.1,3.7486,5.1375,0.2222,0.999608
TRAPPIST-1,TRAPPIST-1,7,A002_Xcccc19_X4dfa,12.4669,335.623013,337.357388,15625000.0000,1734375000.0,3798.14,,0.23028,1.15186,3.346955e+14,6.693911e+14,7.886078e+14,6.970374e+14,2.0826,1,1.172890e+15,1.640008e+15,1.555124e+15,1.727866e+15,4488.7793,3.999,6,1.091,,coarse,B,2.5032,4.4724,4.4473,False,512,412,0.805068,0.807018,False,,CO(3-2),-8797.9870,-7627.532,star,18.683,2.616,14.573,512,20260825,False,False,,,,0.9961,0.9587,560,422.3,3.9753,5.4231,0.2223,0.999608
TRAPPIST-1,TRAPPIST-1,7,A002_Xd0e450_Xc7a1,12.4669,345.714486,347.439584,488281.2500,1725097656.2,2782.08,,1.41169,7.06263,6.413060e+13,1.282612e+14,1.511042e+14,1.335585e+14,2.0826,1,1.841233e+14,1.844447e+14,1.820385e+14,1.866907e+14,4623.3376,3.999,139,26.34,,fine,A,4.6064,5.9575,5.8483,False,512,261,0.510721,0.555556,False,,CO(3-2),1370.6343,1188.290,star,18.139,2.540,14.149,512,20260825,False,False,,,,1.0404,0.9763,487692,5.932e+05,5.5662,6.7582,0.2654,0.999407
TRAPPIST-1,TRAPPIST-1,7,A002_Xd0e450_Xc008,12.4669,345.714667,347.439764,488281.2500,1725097656.2,2782.08,,1.41882,7.09829,6.445438e+13,1.289088e+14,1.518671e+14,1.342328e+14,2.0826,1,1.850529e+14,1.853759e+14,1.829576e+14,1.876333e+14,4623.3401,3.999,139,26.34,,fine,A,4.3519,5.7524,5.5038,False,512,460,0.898635,0.861598,False,,CO(3-2),552.9439,479.382,star,18.139,2.540,14.149,512,20260825,False,False,,,,1.0082,0.9946,487692,4.446e+05,5.4771,6.6696,0.2654,0.999407
TRAPPIST-1,TRAPPIST-1,7,A002_Xd0e450_X1e19,12.4669,345.715295,347.440393,488281.2500,1725097656.2,2782.08,,1.18157,5.91132,5.367639e+13,1.073528e+14,1.264720e+14,1.117865e+14,2.0826,1,1.541086e+14,1.543776e+14,1.523636e+14,1.562575e+14,4623.3484,3.999,138,26.34,,fine,A,4.9055,5.9101,5.5816,False,512,90,0.177388,0.134503,False,,CO(3-2),570.1740,494.320,star,18.139,2.540,14.149,512,20260825,False,False,,,,1.0220,1.0053,484158,3.133e+05,5.4807,6.6987,0.2640,0.999413
TRAPPIST-1,TRAPPIST-1,7,A002_Xcccc19_X5564,12.4669,345.732016,347.457114,488281.2500,1725097656.2,2782.08,460,1.26733,6.33930,5.756259e+13,1.151252e+14,1.356287e+14,1.200418e+14,2.0854,1,1.652661e+14,1.655546e+14,1.633948e+14,1.675706e+14,4623.5715,3.999,138,26.34,0.9987,fine,A,4.2670,5.7201,5.3615,False,512,488,0.953216,0.964912,False,346.216879,CO(3-2),420.8792,364.887,star,18.139,2.539,14.148,512,20260825,False,False,,,,1.0351,0.9946,484158,4.123e+05,5.5370,6.7478,0.2222,0.999584
TRAPPIST-1,TRAPPIST-1,7,A002_Xcccc19_X4dfa,12.4669,345.732152,347.457249,488281.2500,1725097656.2,2782.08,,1.45880,7.29705,6.625918e+13,1.325184e+14,1.561195e+14,1.379915e+14,2.0826,1,1.902346e+14,1.905667e+14,1.880806e+14,1.928873e+14,4623.5733,3.999,138,26.34,,fine,A,4.5554,5.9214,5.6369,False,512,308,0.602339,0.557505,False,,CO(3-2),210.5657,182.553,star,18.139,2.539,14.148,512,20260825,False,False,,,,1.0182,0.9781,484158,6.178e+05,5.5171,6.6959,0.2223,0.999584
TRAPPIST-1,TRAPPIST-1,7,A002_Xd0e450_Xc7a1,12.4669,347.605347,349.339722,15625000.0000,1734375000.0,3798.14,,0.26297,1.31564,3.822840e+14,7.645680e+14,9.007354e+14,7.961451e+14,2.0826,1,1.339656e+15,1.873191e+15,1.776238e+15,1.973541e+15,4648.6236,3.999,6,1.13,,coarse,B,2.8470,4.9233,4.1294,False,512,236,0.461988,0.391813,False,,CO(3-2),2871.8472,2489.786,star,18.041,2.526,14.072,512,20260825,False,False,,,,0.9793,0.9329,560,527.3,3.9378,5.3418,0.2654,0.999400
TRAPPIST-1,TRAPPIST-1,7,A002_Xd0e450_Xc008,12.4669,347.605528,349.339903,15625000.0000,1734375000.0,3798.14,,0.26775,1.33957,3.892369e+14,7.784738e+14,9.171179e+14,8.106253e+14,2.0826,1,1.364022e+15,1.907261e+15,1.808544e+15,2.009436e+15,4648.6260,3.999,6,1.13,,coarse,B,2.9785,5.0989,3.9504,False,512,185,0.362573,0.348928,False,,CO(3-2),3262.6529,2828.600,star,18.041,2.526,14.072,512,20260825,False,False,,,,1.0255,0.9563,560,437.9,4.0386,5.5043,0.2654,0.999400
TRAPPIST-1,TRAPPIST-1,7,A002_Xd0e450_X1e19,12.4669,347.606156,349.340531,15625000.0000,1734375000.0,3798.14,,0.22336,1.11745,3.246959e+14,6.493918e+14,7.650467e+14,6.762121e+14,2.0826,1,1.137847e+15,1.591010e+15,1.508662e+15,1.676243e+15,4648.6344,3.999,6,1.13,,coarse,B,3.2883,4.3378,4.1945,False,512,80,0.157895,0.153996,False,,CO(3-2),3435.1564,2978.155,star,18.041,2.526,14.072,512,20260825,False,False,,,,1.0028,0.9620,560,413.7,3.9908,5.4472,0.2640,0.999406
TRAPPIST-1,TRAPPIST-1,7,A002_Xcccc19_X5564,12.4669,347.622877,349.357252,15625000.0000,1734375000.0,3798.14,628,0.23850,1.19302,3.466548e+14,6.933096e+14,8.167862e+14,7.219448e+14,2.0826,1,1.214799e+15,1.698609e+15,1.610692e+15,1.789606e+15,4648.8575,3.999,6,1.13,1.0000,coarse,B,2.2326,4.5987,3.7901,False,512,489,0.955166,0.904483,False,349.091627,CO(3-2),3295.6273,2857.188,star,18.040,2.526,14.071,512,20260825,False,False,,,,1.0749,0.9789,560,376.9,4.1493,5.6773,0.2222,0.999579
TRAPPIST-1,TRAPPIST-1,7,A002_Xcccc19_X4dfa,12.4669,347.623013,349.357388,15625000.0000,1734375000.0,3798.14,,0.27827,1.39194,4.044546e+14,8.089091e+14,9.529736e+14,8.423176e+14,2.0826,1,1.417349e+15,1.981827e+15,1.879251e+15,2.087997e+15,4648.8593,3.999,6,1.13,,coarse,B,2.2863,4.9038,4.2171,False,512,477,0.931774,0.937622,False,,CO(3-2),3123.8880,2708.296,star,18.040,2.526,14.071,512,20260825,False,False,,,,0.9981,0.9699,560,440.1,4.0115,5.4667,0.2223,0.999579
HD 69830,HD 69830,6,A002_Xcbc47c_Xd4,12.5692,226.302271,228.027368,488281.2500,1725097656.2,2388.96,,1.03037,5.15195,4.755215e+13,9.510429e+13,1.120421e+14,9.903217e+13,2.0826,1,1.365255e+14,1.367638e+14,1.349796e+14,1.384292e+14,2725.9778,3.598,66,13.34,,fine,A,4.8438,5.9225,5.9255,True,512,67,0.132554,0.120858,False,,CO(2-1),-2840.2217,-3693.435,star,27.675,3.874,21.586,512,20260825,False,False,,,,1.0289,0.9888,229710,2.161e+05,5.3871,6.6112,0.0725,0.999981
HD 69830,HD 69830,6,A002_Xcbb583_Xb78,12.5692,226.302308,228.027406,488281.2500,1725097656.2,2388.96,395,0.87625,4.38131,4.043922e+13,8.087844e+13,9.528267e+13,8.425827e+13,2.0836,1,1.161038e+14,1.163064e+14,1.147891e+14,1.177227e+14,2725.9783,3.598,68,13.34,0.9995,fine,A,4.4156,6.0574,5.3039,False,512,277,0.541910,0.612086,False,226.469788,CO(2-1),-4068.2115,-5290.317,star,27.675,3.874,21.586,512,20260825,False,False,,,,1.0292,1.0019,236778,1.501e+05,5.3555,6.5997,0.0720,0.999981
HD 69830,HD 69830,6,A002_Xcbc47c_Xd4,12.5692,229.195027,230.920125,488281.2500,1725097656.2,2388.96,,1.02591,5.12964,4.734624e+13,9.469247e+13,1.115569e+14,9.860334e+13,2.0826,1,1.359343e+14,1.361716e+14,1.343951e+14,1.378297e+14,2760.6909,3.598,67,13.51,,fine,A,4.3678,6.0700,5.2892,False,512,342,0.668616,0.662768,False,,CO(2-1),-254.5936,-331.075,star,27.327,3.826,21.315,512,20260825,False,False,,,,1.0244,0.9848,233244,2.452e+05,5.3874,6.6022,0.0725,0.999981
HD 69830,HD 69830,6,A002_Xcbb583_Xb78,12.5692,229.195064,230.920162,488281.2500,1725097656.2,2388.96,395,0.84705,4.23532,3.909171e+13,7.818343e+13,9.210768e+13,8.145162e+13,2.0836,1,1.122350e+14,1.124309e+14,1.109641e+14,1.138000e+14,2760.6914,3.598,69,13.51,0.9995,fine,A,4.5267,5.6553,5.8984,True,512,241,0.471735,0.452242,False,230.534908,CO(2-1),-3.0923,-4.021,star,27.327,3.826,21.315,512,20260825,False,False,,,,1.0211,0.9960,240312,2.083e+05,5.3789,6.6037,0.0720,0.999981
HD 69830,HD 69830,6,A002_Xcbc47c_Xd4,12.5692,242.187992,243.922367,15625000.0000,1734375000.0,2896.99,,0.18931,0.94657,2.795775e+14,5.591550e+14,6.587389e+14,5.822485e+14,2.0826,1,9.797368e+14,1.369930e+15,1.299025e+15,1.443319e+15,2916.6622,3.598,4,0.5408,,coarse,B,3.1089,4.4035,3.9663,False,512,96,0.189084,0.179337,False,,CS(5-4),-1029.2580,-1259.773,star,25.865,3.621,20.175,512,20260825,False,False,,,,1.0397,1.0109,336,182.3,3.9646,5.5362,0.0725,0.999978
HD 69830,HD 69830,6,A002_Xcbb583_Xb78,12.5692,242.188031,243.922406,15625000.0000,1734375000.0,2896.99,479,0.15747,0.78736,2.325530e+14,4.651060e+14,5.479401e+14,4.843155e+14,2.0826,1,8.149466e+14,1.139510e+15,1.080531e+15,1.200555e+15,2916.6626,3.598,4,0.5408,1.0000,coarse,B,2.2441,4.1252,3.9544,False,512,447,0.873294,0.853801,False,242.938031,CS(5-4),-1997.9695,-2445.440,star,25.865,3.621,20.175,512,20260825,False,False,,,,1.0696,0.9930,336,228.7,4.0447,5.6106,0.0720,0.999979
HD 69830,HD 69830,6,A002_Xcbc47c_Xd4,12.5692,244.187623,245.921998,15625000.0000,1734375000.0,2896.99,,0.20178,1.00891,2.979893e+14,5.959785e+14,7.021206e+14,6.205928e+14,2.0826,1,1.044258e+15,1.460147e+15,1.384573e+15,1.538370e+15,2940.6577,3.598,4,0.5452,,coarse,B,2.5321,4.8881,4.1865,False,512,337,0.658869,0.773879,False,,CS(5-4),-670.2518,-820.363,star,25.654,3.592,20.010,512,20260825,False,False,,,,1.0238,0.9871,336,219.5,3.9332,5.4624,0.0725,0.999978
HD 69830,HD 69830,6,A002_Xcbb583_Xb78,12.5692,244.187662,245.922037,15625000.0000,1734375000.0,2896.99,479,0.17105,0.85529,2.526166e+14,5.052332e+14,5.952139e+14,5.261000e+14,2.0826,1,8.852564e+14,1.237821e+15,1.173754e+15,1.304133e+15,2940.6582,3.598,4,0.5452,1.0000,coarse,B,2.9324,4.4499,3.9119,False,512,161,0.315789,0.265107,False,244.593912,CS(5-4),-342.0879,-418.703,star,25.654,3.592,20.010,512,20260825,False,False,,,,1.0659,0.9735,336,275.4,4.0445,5.5810,0.0720,0.999978
HD 69830,HD 69830,7,A002_X12277ed_X178c6,12.5692,321.157558,321.265224,244140.6250,107666015.6,2903.04,,2.87961,14.39841,6.644819e+13,7.828243e+13,1.304707e+14,8.859759e+13,1.3333,2,1.907773e+14,1.911103e+14,1.886171e+14,1.934375e+14,3854.5367,3.598,273,45.83,,fine,A,5.0460,6.1342,5.3511,False,512,14,0.029240,0.038986,False,321.200527,CO(3-2),-24595.4731,-21323.374,star,19.572,2.740,15.266,512,20260825,True,False,,unattributed,,0.9905,1.0181,120224,8.202e+04,5.1836,6.4345,0.0592,0.999975
HD 69830,HD 69830,7,A002_X12235df_X8337,12.5692,321.159626,321.267292,244140.6250,107666015.6,2903.04,,3.90561,19.52864,9.012399e+13,1.061748e+14,1.769580e+14,1.201653e+14,1.3333,2,2.587521e+14,2.592038e+14,2.558223e+14,2.623602e+14,3854.5615,3.598,274,45.83,,fine,A,3.9668,5.3037,5.3441,True,512,495,0.966862,0.957115,False,,CO(3-2),-24557.0287,-21290.044,star,19.572,2.740,15.266,512,20260825,False,False,,,,0.9697,1.0034,120666,1.142e+05,5.1526,6.3702,0.0630,0.999971
HD 69830,HD 69830,7,A002_X12235df_X7876,12.5692,321.159833,321.267499,244140.6250,107666015.6,2903.04,,3.34418,16.72138,7.716861e+13,9.091213e+13,1.515202e+14,1.028915e+14,1.3333,2,2.215563e+14,2.219431e+14,2.190477e+14,2.246457e+14,3854.5640,3.598,274,45.83,,fine,A,4.4969,5.9246,5.3331,False,512,184,0.360624,0.380117,False,,CO(3-2),-24618.1008,-21342.991,star,19.572,2.740,15.266,512,20260825,False,False,,,,0.9803,1.0051,120666,1.124e+05,5.1819,6.4076,0.0631,0.999971
HD 69830,HD 69830,7,A002_X12209f7_X16edb,12.5692,321.160099,321.267765,244140.6250,107666015.6,2903.04,,2.67173,13.35904,6.165151e+13,7.263147e+13,1.210525e+14,8.220201e+13,1.3333,2,1.770057e+14,1.773147e+14,1.750015e+14,1.794739e+14,3854.5672,3.598,272,45.83,,fine,A,4.2195,5.6170,5.1593,False,512,389,0.760234,0.725146,False,321.168644,CO(3-2),-24627.3558,-21351.015,star,19.572,2.740,15.266,512,20260825,False,False,,,,1.0179,1.0134,119782,9.77e+04,5.2754,6.5343,0.0637,0.999971
HD 69830,HD 69830,7,A002_X12209f7_X163ba,12.5692,321.160299,321.267965,244140.6250,107666015.6,2903.04,,2.86267,14.31378,6.605762e+13,7.782230e+13,1.297038e+14,8.807683e+13,1.3333,2,1.896559e+14,1.899870e+14,1.875085e+14,1.923005e+14,3854.5696,3.598,276,45.83,,fine,A,4.6401,6.4681,5.5702,False,512,113,0.222222,0.339181,False,,CO(3-2),-24561.2385,-21293.694,star,19.572,2.740,15.266,512,20260825,False,False,,,,1.0193,1.0182,121550,9.684e+04,5.2897,6.5528,0.0637,0.999971
HD 69830,HD 69830,7,A002_X1207c39_X9417,12.5692,321.166506,321.274172,244140.6250,107666015.6,2903.04,480,3.74830,18.74228,8.649498e+13,1.018995e+14,1.698325e+14,1.157602e+14,1.3383,2,2.483330e+14,2.487665e+14,2.455211e+14,2.517957e+14,3854.6441,3.598,275,45.84,0.9963,fine,A,4.4203,5.6870,5.6497,False,512,217,0.424951,0.397661,False,321.225344,CO(3-2),-24570.6561,-21301.858,star,19.571,2.740,15.266,512,20260825,False,False,,,,1.0006,1.0050,121108,1.017e+05,5.2161,6.4577,0.0767,0.999957
HD 69830,HD 69830,7,A002_X12277ed_X178c6,12.5692,322.396991,322.504657,244140.6250,107666015.6,2903.04,,3.95307,19.76585,9.121874e+13,1.074645e+14,1.791076e+14,1.216250e+14,1.3333,2,2.618952e+14,2.623524e+14,2.589298e+14,2.655471e+14,3869.4099,3.598,274,46.01,,fine,A,4.3073,5.4558,5.4589,True,512,314,0.614035,0.604288,False,322.497089,CO(3-2),-23298.9111,-20199.302,star,19.497,2.730,15.207,512,20260825,False,False,,,,1.0545,1.0087,120666,9.626e+04,5.3555,6.6347,0.0592,0.999974
HD 69830,HD 69830,7,A002_X12235df_X8337,12.5692,322.399059,322.506725,244140.6250,107666015.6,2903.04,,5.88577,29.42972,1.358171e+14,1.600058e+14,2.666763e+14,1.810895e+14,1.3333,2,3.899403e+14,3.906210e+14,3.855250e+14,3.953776e+14,3869.4347,3.598,275,46.01,,fine,A,4.7168,5.7074,5.7028,False,512,89,0.175439,0.134503,False,,CO(3-2),-23315.3983,-20213.596,star,19.497,2.730,15.207,512,20260825,False,False,,,,1.0047,1.0232,121108,8.336e+04,5.2367,6.4991,0.0630,0.999971
HD 69830,HD 69830,7,A002_X12235df_X7876,12.5692,322.399266,322.506932,244140.6250,107666015.6,2903.04,,4.63963,23.19884,1.070619e+14,1.261293e+14,2.102155e+14,1.427492e+14,1.3333,2,3.073819e+14,3.079185e+14,3.039015e+14,3.116681e+14,3869.4372,3.598,275,46.01,,fine,A,4.6777,5.8390,5.5463,False,512,97,0.191033,0.263158,False,,CO(3-2),-23391.1188,-20279.243,star,19.497,2.730,15.207,512,20260825,False,False,,,,0.9942,1.0240,121108,7.848e+04,5.2000,6.4584,0.0631,0.999971
HD 69830,HD 69830,7,A002_X12209f7_X16edb,12.5692,322.399532,322.507198,244140.6250,107666015.6,2903.04,,3.42320,17.11650,7.899206e+13,9.306033e+13,1.551005e+14,1.053227e+14,1.3333,2,2.267916e+14,2.271875e+14,2.242236e+14,2.299540e+14,3869.4404,3.598,273,46.01,,fine,A,5.2592,5.4247,5.5362,True,512,7,0.015595,0.017544,False,322.432491,CO(3-2),-23363.5086,-20255.306,star,19.497,2.730,15.207,512,20260825,True,False,,unattributed,,0.9762,1.0180,120224,9.258e+04,5.1692,6.4070,0.0637,0.999970
HD 69830,HD 69830,7,A002_X12209f7_X163ba,12.5692,322.399732,322.507398,244140.6250,107666015.6,2903.04,,3.87075,19.35431,8.931950e+13,1.052271e+14,1.753784e+14,1.190927e+14,1.3333,2,2.564424e+14,2.568900e+14,2.535387e+14,2.600182e+14,3869.4428,3.598,277,46.01,,fine,A,4.4849,5.6721,5.3199,False,512,201,0.393762,0.399610,False,,CO(3-2),-23328.1531,-20224.654,star,19.497,2.730,15.207,512,20260825,False,False,,,,1.0283,1.0281,121992,7.525e+04,5.2904,6.5742,0.0637,0.999970
HD 69830,HD 69830,7,A002_X1207c39_X9417,12.5692,322.406000,322.513666,244140.6250,107666015.6,2903.04,480,5.07662,25.38421,1.171473e+14,1.380109e+14,2.300181e+14,1.567882e+14,1.3384,2,3.363378e+14,3.369249e+14,3.325295e+14,3.410277e+14,3869.5180,3.598,276,46.01,0.9962,fine,A,4.3987,5.7406,5.4928,False,512,248,0.485380,0.518519,False,322.428461,CO(3-2),-23367.5389,-20258.800,star,19.496,2.729,15.207,512,20260825,False,False,,,,1.0532,1.0194,121550,8.261e+04,5.3503,6.6408,0.0767,0.999957
HD 69830,HD 69830,7,A002_X12277ed_X178c6,12.5692,332.573787,334.401912,15625000.0000,1828125000.0,5273.86,,0.21880,1.09401,3.231232e+14,6.462464e+14,7.613411e+14,6.729369e+14,2.0826,1,1.132336e+15,1.583304e+15,1.501355e+15,1.668124e+15,4001.8542,3.598,6,1.351,,coarse,B,2.5379,5.1007,4.2940,False,512,408,0.797271,0.641326,False,332.573787,CO(3-2),-13222.2126,-11463.174,star,18.851,2.639,14.704,512,20260825,False,False,,,,1.0721,0.9711,590,433.2,4.1609,5.6726,0.0592,0.999973
HD 69830,HD 69830,7,A002_X12235df_X8337,12.5692,332.575855,334.403980,15625000.0000,1828125000.0,5273.86,,0.26032,1.30166,3.844568e+14,7.689136e+14,9.058550e+14,8.006703e+14,2.0826,1,1.347270e+15,1.883838e+15,1.786334e+15,1.984758e+15,4001.8790,3.598,6,1.351,,coarse,B,3.2443,4.4978,4.7716,False,512,84,0.165692,0.138402,False,,CO(3-2),-11673.2701,-10120.297,star,18.851,2.639,14.704,512,20260825,False,False,,,,0.8754,0.9502,590,504.6,3.7503,5.0930,0.0630,0.999969
HD 69830,HD 69830,7,A002_X12235df_X7876,12.5692,332.576062,334.404187,15625000.0000,1828125000.0,5273.86,,0.23749,1.18751,3.507389e+14,7.014778e+14,8.264091e+14,7.304493e+14,2.0826,1,1.229111e+15,1.718621e+15,1.629668e+15,1.810690e+15,4001.8815,3.598,6,1.351,,coarse,B,2.9464,4.9765,3.9656,False,512,205,0.401559,0.426901,False,,CO(3-2),-11766.8129,-10201.396,star,18.851,2.639,14.704,512,20260825,False,False,,,,1.1116,0.9646,590,445.2,4.2348,5.7693,0.0631,0.999969
HD 69830,HD 69830,7,A002_X12209f7_X16edb,12.5692,332.576329,334.404454,15625000.0000,1828125000.0,5273.86,,0.21043,1.05217,3.107663e+14,6.215326e+14,7.322259e+14,6.472023e+14,2.0826,1,1.089033e+15,1.522755e+15,1.443940e+15,1.604331e+15,4001.8847,3.598,6,1.351,,coarse,B,2.8548,5.1046,4.1065,False,512,273,0.534113,0.594542,False,334.404454,CO(3-2),-11391.5465,-9876.053,star,18.851,2.639,14.704,512,20260825,False,False,,,,0.9812,0.9838,590,429,3.9994,5.4539,0.0637,0.999968
HD 69830,HD 69830,7,A002_X12209f7_X163ba,12.5692,332.576528,334.404653,15625000.0000,1828125000.0,5273.86,,0.21849,1.09247,3.226688e+14,6.453376e+14,7.602705e+14,6.719905e+14,2.0826,1,1.130744e+15,1.581077e+15,1.499243e+15,1.665778e+15,4001.8871,3.598,6,1.351,,coarse,B,3.0595,4.3974,3.8976,False,512,144,0.282651,0.239766,False,,CO(3-2),-12235.0972,-10607.381,star,18.851,2.639,14.704,512,20260825,False,False,,,,1.0132,0.9375,590,474.9,3.9936,5.4318,0.0637,0.999968
HD 69830,HD 69830,7,A002_X1207c39_X9417,12.5692,332.582766,334.410891,15625000.0000,1828125000.0,5273.86,872,0.25704,1.28524,3.796052e+14,7.592105e+14,8.944238e+14,7.905672e+14,2.0826,1,1.330269e+15,1.860066e+15,1.763792e+15,1.959712e+15,4001.9619,3.598,6,1.351,1.0000,coarse,B,2.1909,4.5289,4.0632,False,512,494,0.964912,0.968811,False,333.660891,CO(3-2),-12135.1093,-10520.695,star,18.851,2.639,14.704,512,20260825,False,False,,,,1.0090,0.9748,590,393.9,4.0180,5.4913,0.0767,0.999954
HD 69830,HD 69830,7,A002_X12277ed_X178c6,12.5692,335.326748,335.434414,244140.6250,107666015.6,2903.04,,2.20609,11.03074,5.090648e+13,5.997279e+13,9.995464e+13,6.787531e+13,1.3333,2,1.461560e+14,1.464111e+14,1.445011e+14,1.481940e+14,4024.5670,3.598,285,47.86,,fine,A,4.2503,5.6501,5.9384,True,512,368,0.719298,0.851852,False,335.424648,CO(3-2),-10371.3520,-8991.582,star,18.745,2.624,14.621,512,20260825,False,False,,,,1.0034,1.0039,125528,1.108e+05,5.2364,6.4762,0.0592,0.999972
HD 69830,HD 69830,7,A002_X12235df_X8337,12.5692,335.328876,335.436542,244140.6250,107666015.6,2903.04,,2.65557,13.27828,6.127883e+13,7.219242e+13,1.203207e+14,8.170510e+13,1.3333,2,1.759357e+14,1.762428e+14,1.739436e+14,1.783889e+14,4024.5925,3.598,286,47.86,,fine,A,4.3018,5.3229,5.4553,True,512,321,0.627680,0.619883,False,,CO(3-2),-10465.9032,-9073.554,star,18.745,2.624,14.621,512,20260825,False,False,,,,1.0399,1.0068,125970,9.63e+04,5.3127,6.5817,0.0630,0.999969
HD 69830,HD 69830,7,A002_X12235df_X7876,12.5692,335.329114,335.436780,244140.6250,107666015.6,2903.04,,2.37679,11.88433,5.484577e+13,6.461365e+13,1.076894e+14,7.312770e+13,1.3333,2,1.574660e+14,1.577408e+14,1.556830e+14,1.596617e+14,4024.5954,3.598,286,47.86,,fine,A,4.7791,6.1135,5.3850,False,512,63,0.124756,0.115010,False,,CO(3-2),-10398.5268,-9015.142,star,18.745,2.624,14.621,512,20260825,False,False,,,,1.0356,1.0124,125970,9.29e+04,5.3091,6.5801,0.0631,0.999969
HD 69830,HD 69830,7,A002_X12209f7_X16edb,12.5692,335.329380,335.437046,244140.6250,107666015.6,2903.04,,2.12915,10.64612,4.913146e+13,5.788164e+13,9.646940e+13,6.550862e+13,1.3333,2,1.410598e+14,1.413060e+14,1.394626e+14,1.430267e+14,4024.5986,3.598,284,47.86,,fine,A,4.1675,5.6561,5.4353,False,512,425,0.830409,0.785575,False,335.415074,CO(3-2),-10380.9264,-8999.883,star,18.745,2.624,14.621,512,20260825,False,False,,,,1.0189,1.0163,125086,9.352e+04,5.2770,6.5398,0.0637,0.999968
HD 69830,HD 69830,7,A002_X12209f7_X163ba,12.5692,335.329580,335.437246,244140.6250,107666015.6,2903.04,,2.20706,11.03565,5.092914e+13,5.999948e+13,9.999914e+13,6.790552e+13,1.3333,2,1.462210e+14,1.464763e+14,1.445654e+14,1.482599e+14,4024.6010,3.598,288,47.86,,fine,A,4.0122,5.7995,5.3604,False,512,490,0.957115,0.925926,False,,CO(3-2),-10362.9048,-8984.259,star,18.745,2.624,14.621,512,20260825,False,False,,,,1.0229,1.0223,126854,9.631e+04,5.3085,6.5765,0.0637,0.999968
HD 69830,HD 69830,7,A002_X1207c39_X9417,12.5692,335.336092,335.443758,244140.6250,107666015.6,2903.04,480,2.55445,12.77282,5.894615e+13,6.944430e+13,1.157405e+14,7.891708e+13,1.3388,2,1.692384e+14,1.695339e+14,1.673221e+14,1.715983e+14,4024.6791,3.598,287,47.86,0.9959,fine,A,4.7990,5.8762,5.1170,False,512,56,0.111111,0.150097,False,335.424715,CO(3-2),-10371.2848,-8991.524,star,18.745,2.624,14.621,512,20260825,False,False,,,,1.0548,1.0121,126412,1.045e+05,5.3806,6.6593,0.0767,0.999954
CD-38 10980,CD-38 10980,6,A002_Xe5808e_X80a1,12.9080,223.085938,224.914062,15625000.0000,1828125000.0,616.90,306,0.28539,1.42696,4.444911e+14,8.889823e+14,1.047308e+15,9.256979e+14,2.0826,1,1.557652e+15,2.178007e+15,2.065277e+15,2.294686e+15,2688.0000,3.598,2,0.1061,1.0000,coarse,B,3.8715,4.0824,4.3094,False,512,3,0.007797,0.013645,False,223.726562,13CO(2-1),3327.5625,4526.237,star,28.066,3.929,21.891,512,20260825,False,False,,,,1.0805,0.9837,118,128.8,3.9028,5.5085,0.0313,0.999997
CD-38 10980,CD-38 10980,6,A002_Xe5808e_X80a1,12.9080,225.085938,226.914062,15625000.0000,1828125000.0,616.90,306,0.26552,1.32760,4.135406e+14,8.270812e+14,9.743821e+14,8.612403e+14,2.0826,1,1.449190e+15,2.026349e+15,1.921469e+15,2.134903e+15,2712.0000,3.598,2,0.1071,1.0000,coarse,B,1.8871,4.4635,3.7257,False,512,496,0.968811,0.906433,False,225.273438,13CO(2-1),4874.4375,6630.337,star,27.817,3.894,21.698,512,20260825,False,False,,,,1.0916,0.9740,118,127.4,3.9024,5.5099,0.0313,0.999996
CD-38 10980,CD-38 10980,6,A002_Xe5808e_X80a1,12.9080,239.085938,240.914063,15625000.0000,1828125000.0,616.90,306,0.29135,1.45673,4.537641e+14,9.075282e+14,1.069156e+15,9.450098e+14,2.0826,1,1.590147e+15,2.223444e+15,2.108363e+15,2.342557e+15,2880.0000,3.598,2,0.1137,1.0000,coarse,B,2.6761,4.1455,4.0573,False,512,179,0.350877,0.345029,False,240.148438,CS(5-4),-4787.5625,-5859.797,star,26.195,3.667,20.432,512,20260825,False,False,,,,1.0667,0.9994,118,118.8,3.8853,5.4981,0.0313,0.999996
CD-38 10980,CD-38 10980,6,A002_Xe5808e_X80a1,12.9080,241.085938,242.914063,15625000.0000,1828125000.0,616.90,306,0.31212,1.56060,4.861181e+14,9.722362e+14,1.145389e+15,1.012390e+15,2.0826,1,1.703527e+15,2.381979e+15,2.258692e+15,2.509585e+15,2904.0000,3.598,2,0.1147,1.0000,coarse,B,2.6142,4.5413,3.5590,False,512,217,0.424951,0.426901,False,241.929688,CS(5-4),-3006.3125,-3679.614,star,25.978,3.637,20.263,512,20260825,False,False,,,,0.9842,0.9936,118,116.9,3.7154,5.2604,0.0313,0.999996
LP 349-25,LP 349-25,3,A002_Xb9a2bb_X1899,14.1281,89.627387,91.361762,15625000.0000,1734375000.0,2649.02,1314,0.13783,0.68969,2.573651e+14,5.147302e+14,6.064022e+14,5.359889e+14,2.0826,1,9.018968e+14,1.261089e+15,1.195817e+15,1.328647e+15,1085.9349,3.598,2,0.1841,1.0000,coarse,B,2.4580,4.3305,4.1900,False,512,287,0.561404,0.555556,False,91.080512,HCO+(1-0),1891.5125,6357.972,star,69.471,9.726,54.187,512,20260825,False,False,,,,1.0019,1.0293,112,102.3,3.7817,5.3778,1.1711,0.999212
LP 349-25,LP 349-25,3,A002_Xb9b1b9_X971,14.1281,89.627387,91.361762,15625000.0000,1734375000.0,2649.02,,0.12632,0.63210,2.358775e+14,4.717550e+14,5.557732e+14,4.912388e+14,2.0826,1,8.265968e+14,1.155800e+15,1.095978e+15,1.217718e+15,1085.9349,3.598,2,0.1841,,coarse,B,3.5708,4.6647,3.6528,False,512,14,0.029240,0.029240,False,,HCO+(1-0),1985.2625,6673.096,star,69.471,9.726,54.187,512,20260825,False,False,,,,1.0987,0.9969,112,124.1,3.9523,5.5850,1.1711,0.999212
LP 349-25,LP 349-25,3,A002_Xb9a2bb_X1899,14.1281,91.564887,93.299262,15625000.0000,1734375000.0,2649.02,1314,0.14266,0.71391,2.664046e+14,5.328093e+14,6.277011e+14,5.548147e+14,2.0826,1,9.335745e+14,1.305383e+15,1.237818e+15,1.375314e+15,1109.1849,3.598,2,0.188,1.0000,coarse,B,2.3464,4.2796,3.5149,False,512,327,0.639376,0.645224,False,92.580512,HCO+(1-0),3391.5125,11399.947,star,68.015,9.522,53.051,512,20260825,False,False,,,,1.0742,0.9768,112,129.1,3.8783,5.4735,1.1711,0.999178
LP 349-25,LP 349-25,3,A002_Xb9b1b9_X971,14.1281,91.564887,93.299262,15625000.0000,1734375000.0,2649.02,,0.13024,0.65174,2.432038e+14,4.864076e+14,5.730354e+14,5.064966e+14,2.0826,1,8.522707e+14,1.191699e+15,1.130018e+15,1.255540e+15,1109.1849,3.598,2,0.188,,coarse,B,2.1818,4.3191,3.9037,False,512,410,0.801170,0.789474,False,,HCO+(1-0),3079.0125,10349.536,star,68.015,9.522,53.051,512,20260825,False,False,,,,1.0827,0.9634,112,153.9,3.9135,5.4929,1.1711,0.999178
LP 349-25,LP 349-25,3,A002_Xb9a2bb_X1899,14.1281,101.627387,103.361762,15625000.0000,1734375000.0,2649.02,1314,0.13974,0.69943,2.610006e+14,5.220012e+14,6.149682e+14,5.435602e+14,2.0826,1,9.146369e+14,1.278903e+15,1.212709e+15,1.347416e+15,1229.9349,3.598,2,0.2085,1.0000,coarse,B,2.3493,4.9596,3.9814,False,512,331,0.647173,0.614035,False,102.408637,CN(1-0),-11082.3625,-29274.645,star,61.337,8.587,47.843,512,20260825,False,False,,,,1.1304,1.0122,112,99.54,3.9815,5.6671,1.1711,0.998990
LP 349-25,LP 349-25,3,A002_Xb9b1b9_X971,14.1281,101.627387,103.361762,15625000.0000,1734375000.0,2649.02,,0.12635,0.63239,2.359846e+14,4.719692e+14,5.560256e+14,4.914618e+14,2.0826,1,8.269721e+14,1.156325e+15,1.096475e+15,1.218270e+15,1229.9349,3.598,2,0.2085,,coarse,B,2.7821,4.3816,3.6758,False,512,157,0.307992,0.348928,False,,CN(1-0),-11785.4875,-31131.986,star,61.337,8.587,47.843,512,20260825,False,False,,,,1.0549,1.0195,112,106.3,3.8722,5.4994,1.1711,0.998990
LP 349-25,LP 349-25,3,A002_Xb9a2bb_X1899,14.1281,103.627387,105.361762,15625000.0000,1734375000.0,2649.02,1314,0.14068,0.70416,2.627661e+14,5.255322e+14,6.191280e+14,5.472371e+14,2.0826,1,9.208238e+14,1.287554e+15,1.220912e+15,1.356530e+15,1253.9349,3.598,2,0.2126,1.0000,coarse,B,2.6002,4.4886,3.6801,False,512,217,0.424951,0.415205,False,105.002387,CN(1-0),-8488.6125,-22423.117,star,60.163,8.423,46.927,512,20260825,False,False,,,,1.0045,1.0137,112,104.2,3.7619,5.3464,1.1711,0.998950
LP 349-25,LP 349-25,3,A002_Xb9b1b9_X971,14.1281,103.627387,105.361762,15625000.0000,1734375000.0,2649.02,,0.12735,0.63742,2.378617e+14,4.757233e+14,5.604484e+14,4.953710e+14,2.0826,1,8.335500e+14,1.165522e+15,1.105197e+15,1.227961e+15,1253.9349,3.598,2,0.2126,,coarse,B,2.6115,4.3143,3.7505,False,512,190,0.372320,0.329435,False,,CN(1-0),-8926.1125,-23578.797,star,60.163,8.423,46.927,512,20260825,False,False,,,,1.0737,1.0112,112,93.23,3.8572,5.5023,1.1711,0.998950
GJ14 Gaia DR3 383426372059603712,GJ14 Gaia DR3 383426372059603712,6,A002_Xd09670_X1d79,14.6876,226.360464,228.085562,488281.2500,1725097656.2,2812.32,,1.61979,8.09915,1.020757e+14,2.041513e+14,2.405101e+14,2.125829e+14,2.0826,1,2.930662e+14,2.935777e+14,2.897478e+14,2.971527e+14,2726.6762,3.598,74,15.7,,fine,A,4.9297,5.9963,6.0421,True,512,51,0.101365,0.058480,False,,CO(2-1),-2763.9618,-3594.266,star,27.668,3.873,21.581,512,20260825,False,False,,,,1.0201,1.0101,257982,1.52e+05,5.3551,6.5982,0.0797,0.999977
GJ14 Gaia DR3 383426372059603712,GJ14 Gaia DR3 383426372059603712,6,A002_Xcf196f_Xabc5,14.6876,226.361799,228.086896,488281.2500,1725097656.2,2812.32,465,2.12555,10.62809,1.339485e+14,2.678970e+14,3.156088e+14,2.790923e+14,2.0836,1,3.845753e+14,3.852466e+14,3.802208e+14,3.899378e+14,2726.6922,3.598,74,15.7,0.9995,fine,A,4.2580,5.6599,5.3648,False,512,419,0.818713,0.846004,False,227.633283,CO(2-1),-2904.7169,-3777.305,star,27.667,3.873,21.581,512,20260825,False,False,,,,1.0210,0.9979,257982,1.848e+05,5.3617,6.5915,0.0905,0.999970
GJ14 Gaia DR3 383426372059603712,GJ14 Gaia DR3 383426372059603712,6,A002_Xd09670_X1d79,14.6876,229.251676,230.976774,488281.2500,1725097656.2,2812.32,,1.66704,8.33540,1.050532e+14,2.101064e+14,2.475257e+14,2.187839e+14,2.0826,1,3.016149e+14,3.021414e+14,2.981997e+14,3.058206e+14,2761.3707,3.598,75,15.9,,fine,A,4.1845,5.8315,5.5116,False,512,458,0.894737,0.929825,False,,CO(2-1),-485.5427,-631.401,star,27.320,3.825,21.310,512,20260825,False,False,,,,1.0040,0.9986,261516,2.057e+05,5.3378,6.5542,0.0797,0.999976
GJ14 Gaia DR3 383426372059603712,GJ14 Gaia DR3 383426372059603712,6,A002_Xcf196f_Xabc5,14.6876,229.252975,230.978073,488281.2500,1725097656.2,2812.32,465,1.91477,9.57415,1.206654e+14,2.413309e+14,2.843113e+14,2.514190e+14,2.0836,1,3.464387e+14,3.470435e+14,3.425160e+14,3.512695e+14,2761.3863,3.598,75,15.9,0.9995,fine,A,4.6210,6.0627,5.5134,False,512,163,0.319688,0.362573,False,229.485886,CO(2-1),-1052.1145,-1368.174,star,27.320,3.825,21.309,512,20260825,False,False,,,,1.0385,0.9941,261516,2.318e+05,5.4399,6.6707,0.0905,0.999970
GJ14 Gaia DR3 383426372059603712,GJ14 Gaia DR3 383426372059603712,6,A002_Xd09670_X1d79,14.6876,242.247841,243.982216,15625000.0000,1734375000.0,3320.35,,0.30958,1.54795,6.242939e+14,1.248588e+15,1.470958e+15,1.300155e+15,2.0826,1,2.187743e+15,3.059040e+15,2.900710e+15,3.222917e+15,2917.3803,3.598,4,0.62,,coarse,B,2.8400,4.2389,4.1132,False,512,186,0.364522,0.298246,False,,CS(5-4),-2516.2839,-3079.837,star,25.859,3.620,20.170,512,20260825,False,False,,,,1.0617,0.9697,336,256.4,4.0112,5.5462,0.0797,0.999974
GJ14 Gaia DR3 383426372059603712,GJ14 Gaia DR3 383426372059603712,6,A002_Xcf196f_Xabc5,14.6876,242.249214,243.983589,15625000.0000,1734375000.0,3320.35,549,0.37174,1.85875,7.496431e+14,1.499286e+15,1.766305e+15,1.561209e+15,2.0826,1,2.627010e+15,3.673251e+15,3.483130e+15,3.870032e+15,2917.3968,3.598,4,0.62,1.0000,coarse,B,3.0198,4.5624,4.2860,False,512,146,0.286550,0.284600,False,242.796089,CS(5-4),-2139.9113,-2619.171,star,25.859,3.620,20.170,512,20260825,False,False,,,,0.9628,0.9580,336,353.3,3.8659,5.2986,0.0905,0.999966
GJ14 Gaia DR3 383426372059603712,GJ14 Gaia DR3 383426372059603712,6,A002_Xd09670_X1d79,14.6876,244.247965,245.982340,15625000.0000,1734375000.0,3320.35,,0.29704,1.48524,5.990053e+14,1.198011e+15,1.411373e+15,1.247489e+15,2.0826,1,2.099123e+15,2.935126e+15,2.783209e+15,3.092365e+15,2941.3818,3.598,4,0.6251,,coarse,B,2.6090,4.7707,3.6242,False,512,305,0.596491,0.635478,False,,CS(5-4),108.8397,133.216,star,25.648,3.591,20.005,512,20260825,False,False,,,,0.9736,0.9502,336,327.2,3.8545,5.2939,0.0797,0.999973
GJ14 Gaia DR3 383426372059603712,GJ14 Gaia DR3 383426372059603712,6,A002_Xcf196f_Xabc5,14.6876,244.249349,245.983724,15625000.0000,1734375000.0,3320.35,549,0.38906,1.94535,7.845676e+14,1.569135e+15,1.848594e+15,1.633942e+15,2.0826,1,2.749398e+15,3.844381e+15,3.645403e+15,4.050330e+15,2941.3984,3.598,4,0.6251,1.0000,coarse,B,2.7799,4.7955,4.0222,False,512,229,0.448343,0.421053,False,244.421224,CS(5-4),-514.7763,-630.067,star,25.648,3.591,20.005,512,20260825,False,False,,,,0.9992,0.9384,336,393.9,3.9243,5.3633,0.0905,0.999965
LHS 1140,LHS 1140,6,A002_Xd9d7c7_X6fd2,14.9636,212.084500,213.912625,15625000.0000,1828125000.0,2600.64,258,1.72355,8.61776,3.607438e+15,7.214875e+15,8.499825e+15,7.512863e+15,2.0826,1,1.264172e+16,1.767644e+16,1.676154e+16,1.862340e+16,2555.9828,3.598,4,0.4254,1.0000,coarse,B,2.6139,4.8700,3.5266,False,512,297,0.580897,0.674464,False,212.147000,SiO(5-4),-4957.9997,-6846.323,star,29.515,4.132,23.022,512,20260825,False,False,,,,0.9775,0.9386,354,357.3,3.8590,5.2875,0.0038,1.000000
LHS 1140,LHS 1140,6,A002_Xda1250_X72ef,14.9636,212.086103,213.914228,15625000.0000,1828125000.0,2600.64,,3.22634,16.13172,6.752819e+15,1.350564e+16,1.591096e+16,1.406343e+16,2.0826,1,2.366423e+16,3.308881e+16,3.137620e+16,3.486143e+16,2556.0020,3.598,4,0.4254,,coarse,B,2.6021,4.1143,3.4690,False,512,290,0.567251,0.401559,False,213.898603,SiO(5-4),-3206.3968,-4427.598,star,29.515,4.132,23.022,512,20260825,False,False,,,,0.9869,0.9244,354,349,3.8440,5.2703,0.0038,1.000000
LHS 1140,LHS 1140,6,A002_Xda1250_X6f6b,14.9636,212.086191,213.914316,15625000.0000,1828125000.0,2600.64,,2.26979,11.34897,4.750735e+15,9.501470e+15,1.119366e+16,9.893888e+15,2.0826,1,1.664823e+16,2.327860e+16,2.207374e+16,2.452567e+16,2556.0030,3.598,4,0.4254,,coarse,B,3.0778,4.3846,3.5844,False,512,102,0.200780,0.216374,False,212.633066,SiO(5-4),-4471.9341,-6175.132,star,29.515,4.132,23.022,512,20260825,False,False,,,,0.9807,1.0007,354,211.5,3.8665,5.3756,0.0038,1.000000
LHS 1140,LHS 1140,6,A002_Xda2c82_X62d7,14.9636,212.086925,213.915050,15625000.0000,1828125000.0,2600.64,,2.00024,10.00121,4.186557e+15,8.373114e+15,9.864343e+15,8.718930e+15,2.0826,1,1.467115e+16,2.051413e+16,1.945235e+16,2.161310e+16,2556.0118,3.598,4,0.4254,,coarse,B,3.3292,4.6517,3.7765,False,512,53,0.105263,0.155945,False,212.665050,SiO(5-4),-4439.9504,-6130.967,star,29.515,4.132,23.022,512,20260825,False,False,,,,1.0279,0.9381,354,336.4,3.9456,5.4149,0.0038,1.000000
LHS 1140,LHS 1140,6,A002_Xd9d7c7_X6fd2,14.9636,214.084487,215.912612,15625000.0000,1828125000.0,2600.64,258,1.61970,8.09850,3.390073e+15,6.780145e+15,7.987670e+15,7.060178e+15,2.0826,1,1.187999e+16,1.661136e+16,1.575158e+16,1.750125e+16,2579.9826,3.598,4,0.4294,1.0000,coarse,B,2.5078,4.4025,3.3228,False,512,372,0.727096,0.768031,False,215.553237,SiO(5-4),-1551.7633,-2142.774,star,29.241,4.094,22.808,512,20260825,False,False,,,,1.0368,0.9880,354,249.3,3.9913,5.5230,0.0038,1.000000
LHS 1140,LHS 1140,6,A002_Xda1250_X72ef,14.9636,214.086103,215.914228,15625000.0000,1828125000.0,2600.64,,3.12736,15.63678,6.545633e+15,1.309127e+16,1.542278e+16,1.363194e+16,2.0826,1,2.293817e+16,3.207360e+16,3.041353e+16,3.379183e+16,2580.0020,3.598,4,0.4294,,coarse,B,2.7133,4.3663,3.7042,False,512,294,0.575049,0.631579,False,215.711103,SiO(5-4),-1393.8968,-1924.782,star,29.241,4.094,22.808,512,20260825,False,False,,,,1.0318,0.9812,354,315.2,4.0244,5.5328,0.0038,1.000000
LHS 1140,LHS 1140,6,A002_Xda1250_X6f6b,14.9636,214.086191,215.914316,15625000.0000,1828125000.0,2600.64,,2.16244,10.81221,4.526045e+15,9.052090e+15,1.066424e+16,9.425948e+15,2.0826,1,1.586084e+16,2.217762e+16,2.102975e+16,2.336571e+16,2580.0030,3.598,4,0.4294,,coarse,B,2.6298,4.6366,3.0674,False,512,254,0.497076,0.423002,False,214.242441,SiO(5-4),-2862.5591,-3952.804,star,29.241,4.094,22.808,512,20260825,False,False,,,,1.0641,0.9654,354,208.6,3.9571,5.5037,0.0038,1.000000
LHS 1140,LHS 1140,6,A002_Xda2c82_X62d7,14.9636,214.086925,215.915050,15625000.0000,1828125000.0,2600.64,,1.86065,9.30327,3.894394e+15,7.788787e+15,9.175949e+15,8.110469e+15,2.0826,1,1.364731e+16,1.908253e+16,1.809485e+16,2.010481e+16,2580.0118,3.598,4,0.4294,,coarse,B,3.2363,4.7808,4.2790,False,512,86,0.169591,0.171540,False,215.696300,SiO(5-4),-1408.7004,-1945.224,star,29.240,4.094,22.808,512,20260825,False,False,,,,1.0271,0.9801,354,283.4,3.9873,5.4977,0.0038,1.000000
LHS 1140,LHS 1140,6,A002_Xd9d7c7_X6fd2,14.9636,227.084439,228.912564,15625000.0000,1828125000.0,2590.56,257,1.61069,8.05344,3.371211e+15,6.742422e+15,7.943228e+15,7.020897e+15,2.0826,1,1.181390e+16,1.651893e+16,1.566394e+16,1.740388e+16,2735.9820,3.598,4,0.4536,1.0000,coarse,B,2.4999,4.1262,3.0330,False,512,347,0.678363,0.695906,False,227.381314,CO(2-1),-3156.6860,-4104.966,star,27.574,3.860,21.507,512,20260825,False,False,,,,1.1050,0.9922,354,224.4,4.1077,5.7011,0.0038,1.000000
LHS 1140,LHS 1140,6,A002_Xda1250_X72ef,14.9636,227.086104,228.914229,15625000.0000,1828125000.0,2600.64,,3.11130,15.55651,6.512031e+15,1.302406e+16,1.534361e+16,1.356196e+16,2.0826,1,2.282042e+16,3.190895e+16,3.025740e+16,3.361836e+16,2736.0020,3.598,4,0.4554,,coarse,B,3.5270,4.2630,4.0093,False,512,18,0.037037,0.027290,False,228.742354,CO(2-1),-1795.6458,-2335.064,star,27.573,3.860,21.507,512,20260825,False,False,,,,1.0871,0.9354,354,335.1,4.0581,5.5699,0.0038,1.000000
LHS 1140,LHS 1140,6,A002_Xda1250_X6f6b,14.9636,227.086195,228.914320,15625000.0000,1828125000.0,2600.64,,2.04231,10.21153,4.274596e+15,8.549191e+15,1.007178e+16,8.902279e+15,2.0826,1,1.497967e+16,2.094552e+16,1.986141e+16,2.206760e+16,2736.0031,3.598,4,0.4554,,coarse,B,2.8099,4.2767,3.6682,False,512,189,0.370370,0.278752,False,228.242445,CO(2-1),-2295.5555,-2985.149,star,27.573,3.860,21.507,512,20260825,False,False,,,,0.9019,0.9708,354,215.5,3.6587,5.0839,0.0038,1.000000
LHS 1140,LHS 1140,6,A002_Xda2c82_X62d7,14.9636,227.086950,228.915075,15625000.0000,1828125000.0,2600.64,,1.78443,8.92215,3.734855e+15,7.469710e+15,8.800045e+15,7.778214e+15,2.0826,1,1.308823e+16,1.830079e+16,1.735357e+16,1.928119e+16,2736.0121,3.598,4,0.4554,,coarse,B,3.2893,4.2816,4.3987,False,512,61,0.120858,0.150097,False,227.446325,CO(2-1),-3091.6753,-4020.426,star,27.573,3.860,21.507,512,20260825,False,False,,,,0.9601,1.0203,354,208.4,3.8612,5.3704,0.0038,1.000000
LHS 1140,LHS 1140,6,A002_Xd9d7c7_X6fd2,14.9636,229.078335,230.918668,488281.2500,1840332031.2,2600.64,258,9.61326,48.06631,6.287749e+14,1.257550e+15,1.481516e+15,1.311237e+15,2.0854,1,1.805256e+15,1.808407e+15,1.784815e+15,1.830428e+15,2759.9820,3.598,79,14.7,0.9987,fine,A,5.1363,5.6804,5.3915,False,512,20,0.040936,0.044834,False,230.635464,CO(2-1),97.4644,126.743,star,27.334,3.827,21.320,512,20260825,True,False,,unattributed,,1.0293,1.0023,294060,1.925e+05,5.4027,6.6389,0.0038,1.000000
LHS 1140,LHS 1140,6,A002_Xda1250_X72ef,14.9636,229.080002,230.920334,488281.2500,1840332031.2,2600.64,,19.56221,97.81107,1.279506e+15,2.559012e+15,3.014765e+15,2.664701e+15,2.0826,1,3.673549e+15,3.679962e+15,3.631954e+15,3.724773e+15,2760.0020,3.598,80,14.7,,fine,A,4.6616,5.9345,5.2403,False,512,163,0.319688,0.413255,False,229.407151,CO(2-1),-1130.8494,-1470.561,star,27.334,3.827,21.320,512,20260825,False,False,,,,1.0196,0.9879,297830,2.851e+05,5.4100,6.6190,0.0038,1.000000
LHS 1140,LHS 1140,6,A002_Xda1250_X6f6b,14.9636,229.080093,230.920425,488281.2500,1840332031.2,2600.64,,12.88099,64.40497,8.425075e+14,1.685015e+15,1.985112e+15,1.754607e+15,2.0826,1,2.418897e+15,2.423119e+15,2.391507e+15,2.452626e+15,2760.0031,3.598,79,14.7,,fine,A,4.4686,5.7930,4.9888,False,512,259,0.508772,0.477583,False,229.850113,CO(2-1),-687.8872,-894.531,star,27.334,3.827,21.320,512,20260825,False,False,,,,1.0291,0.9969,294060,1.932e+05,5.3888,6.6215,0.0038,1.000000
LHS 1140,LHS 1140,6,A002_Xda2c82_X62d7,14.9636,229.080855,230.921187,488281.2500,1840332031.2,2600.64,,11.48074,57.40371,7.509211e+14,1.501842e+15,1.769316e+15,1.563869e+15,2.0826,1,2.155946e+15,2.159709e+15,2.131534e+15,2.186008e+15,2760.0123,3.598,79,14.7,,fine,A,4.8370,5.5468,5.1725,False,512,80,0.157895,0.230019,False,229.495406,CO(2-1),-1042.5942,-1355.793,star,27.333,3.827,21.320,512,20260825,False,False,,,,1.0245,0.9864,294060,2.712e+05,5.4102,6.6228,0.0038,1.000000
HD 38858 Gaia DR3 3023711269067191296,HD 38858 Gaia DR3 3023711269067191296,6,A002_Xc20718_X2fcf,15.2104,229.609322,231.449654,488281.2500,1840332031.2,2782.08,276,13.76975,68.84900,9.305904e+14,1.861181e+15,2.192652e+15,1.940651e+15,2.0854,1,2.671788e+15,2.676452e+15,2.641536e+15,2.709044e+15,2766.3539,3.598,84,15.76,0.9987,fine,A,4.4229,6.3137,4.8434,False,512,315,0.615984,0.664717,False,231.260201,CO(2-1),722.2011,939.153,star,27.271,3.818,21.271,512,20260825,False,False,,,,1.0274,0.9987,312910,2.176e+05,5.4109,6.6397,0.0532,0.999996
HD 38858 Gaia DR3 3023711269067191296,HD 38858 Gaia DR3 3023711269067191296,6,A002_Xc23361_Xb5c9,15.2104,229.611241,231.451573,488281.2500,1840332031.2,2782.08,,10.90464,54.52342,7.369601e+14,1.473920e+15,1.736421e+15,1.534794e+15,2.0826,1,2.115863e+15,2.119556e+15,2.091905e+15,2.145366e+15,2766.3769,3.598,84,15.76,,fine,A,4.4295,7.1550,5.6203,False,512,314,0.614035,0.730994,False,230.129307,CO(2-1),-408.6929,-531.466,star,27.271,3.818,21.271,512,20260825,False,False,,,,1.0273,0.9838,312910,2.861e+05,5.4205,6.6315,0.0537,0.999996
HD 38858 Gaia DR3 3023711269067191296,HD 38858 Gaia DR3 3023711269067191296,6,A002_Xb0be8b_X785f,15.2104,229.637299,231.362397,488281.2500,1725097656.2,90.72,15,10.30222,51.51241,6.962621e+14,1.392524e+15,1.640529e+15,1.450737e+15,2.0836,1,1.999016e+15,2.002505e+15,1.976381e+15,2.026890e+15,2765.9982,3.598,3,0.5139,0.9995,fine,A,3.8682,5.0868,4.9260,False,512,154,0.302144,0.261209,False,229.691498,CO(2-1),-846.5017,-1100.794,star,27.274,3.818,21.274,512,20260825,False,False,,,,1.0170,1.0145,7068,5591,4.7064,6.0781,0.0825,0.999975
HD 38858 Gaia DR3 3023711269067191296,HD 38858 Gaia DR3 3023711269067191296,6,A002_Xb0ebd1_X1855,15.2104,229.637305,231.362403,488281.2500,1725097656.2,90.72,,6.01683,30.08492,4.066397e+14,8.132793e+14,9.581221e+14,8.468683e+14,2.0826,1,1.167490e+15,1.169528e+15,1.154271e+15,1.183770e+15,2765.9982,3.598,3,0.5139,,fine,A,3.5086,5.3817,4.6025,False,512,367,0.717349,0.697856,False,,CO(2-1),204.7740,266.289,star,27.274,3.818,21.274,512,20260825,False,False,,,,1.0157,1.0031,7068,5940,4.6897,6.0502,0.0827,0.999975
HD 38858 Gaia DR3 3023711269067191296,HD 38858 Gaia DR3 3023711269067191296,6,A002_Xb0be8b_X785f,15.2104,231.587797,233.322172,15625000.0000,1734375000.0,20.74,36,1.46818,7.34110,3.175206e+15,6.350412e+15,7.481403e+15,6.612689e+15,2.0826,1,1.112703e+16,1.555851e+16,1.475323e+16,1.639200e+16,2789.4598,3.598,2,0.003702,1.0000,coarse,B,1.7989,4.2537,3.9310,False,512,500,0.976608,0.990253,False,232.572172,CO(2-1),2034.1723,2645.245,star,27.045,3.786,21.095,512,20260825,False,False,,,,1.0485,0.9721,112,142.5,3.8454,5.4103,0.0825,0.999974
HD 38858 Gaia DR3 3023711269067191296,HD 38858 Gaia DR3 3023711269067191296,6,A002_Xb0ebd1_X1855,15.2104,231.587803,233.322178,15625000.0000,1734375000.0,20.74,,0.82181,4.10917,1.777319e+15,3.554638e+15,4.187709e+15,3.701447e+15,2.0826,1,6.228344e+15,8.708863e+15,8.258108e+15,9.175409e+15,2789.4599,3.598,2,0.003702,,coarse,B,3.3460,4.1598,3.5583,False,512,41,0.081871,0.070175,False,,CO(2-1),2315.4283,3010.991,star,27.045,3.786,21.095,512,20260825,False,False,,,,0.9888,1.0014,112,98.02,3.6944,5.2612,0.0827,0.999974
HD 38858 Gaia DR3 3023711269067191296,HD 38858 Gaia DR3 3023711269067191296,6,A002_Xc23361_Xb5c9,15.2104,231.618529,233.352904,15625000.0000,1734375000.0,2782.08,,1.72731,8.63659,3.735540e+15,7.471080e+15,8.801659e+15,7.779641e+15,2.0826,1,1.309063e+16,1.830415e+16,1.735676e+16,1.928473e+16,2789.8286,3.598,4,0.4967,,coarse,B,2.7185,4.3065,3.7206,False,512,248,0.485380,0.479532,False,232.556029,CO(2-1),2018.0288,2624.252,star,27.041,3.786,21.092,512,20260825,False,False,,,,0.9991,0.9814,336,235.6,3.8905,5.3922,0.0537,0.999996
HD 38858 Gaia DR3 3023711269067191296,HD 38858 Gaia DR3 3023711269067191296,6,A002_Xb0be8b_X785f,15.2104,244.085377,245.819752,15625000.0000,1734375000.0,20.74,36,1.64800,8.24022,3.564099e+15,7.128198e+15,8.397710e+15,7.422597e+15,2.0826,1,1.248984e+16,1.746408e+16,1.656017e+16,1.839966e+16,2939.4308,3.598,2,0.003901,1.0000,coarse,B,2.1923,4.7210,3.9795,False,512,396,0.773879,0.707602,False,244.694752,CS(5-4),-241.2478,-295.278,star,25.665,3.593,20.019,512,20260825,False,False,,,,1.0336,1.0676,112,66.73,3.7971,5.4803,0.0825,0.999971
HD 38858 Gaia DR3 3023711269067191296,HD 38858 Gaia DR3 3023711269067191296,6,A002_Xb0ebd1_X1855,15.2104,244.085383,245.819758,15625000.0000,1734375000.0,20.74,,0.86153,4.30778,1.863219e+15,3.726438e+15,4.390107e+15,3.880343e+15,2.0826,1,6.529368e+15,9.129774e+15,8.657233e+15,9.618869e+15,2939.4309,3.598,2,0.003901,,coarse,B,2.1844,4.4405,3.5095,False,512,396,0.773879,0.744639,False,,CS(5-4),-147.4915,-180.524,star,25.665,3.593,20.019,512,20260825,False,False,,,,1.1094,0.9808,112,134,3.9620,5.5851,0.0827,0.999971
HD 38858 Gaia DR3 3023711269067191296,HD 38858 Gaia DR3 3023711269067191296,6,A002_Xc23361_Xb5c9,15.2104,244.117761,245.852136,15625000.0000,1734375000.0,2782.08,,1.85674,9.28376,4.015454e+15,8.030908e+15,9.461190e+15,8.362590e+15,2.0826,1,1.407155e+16,1.967572e+16,1.865734e+16,2.072978e+16,2939.8194,3.598,4,0.5234,,coarse,B,4.1977,4.1962,4.2656,False,512,0,0.001949,0.003899,False,244.789636,CS(5-4),-146.3642,-179.144,star,25.662,3.593,20.016,512,20260825,False,False,,,,0.9953,0.9735,336,223.4,3.8552,5.3514,0.0537,0.999996
HD 38858 Gaia DR3 3023711269067191296,HD 38858 Gaia DR3 3023711269067191296,6,A002_Xb0be8b_X785f,15.2104,246.084990,247.819365,15625000.0000,1734375000.0,20.74,36,1.83603,9.18042,3.970758e+15,7.941516e+15,9.355878e+15,8.269506e+15,2.0826,1,1.391492e+16,1.945671e+16,1.844967e+16,2.049904e+16,2963.4261,3.598,2,0.003933,1.0000,coarse,B,2.2442,3.9622,3.5692,False,512,382,0.746589,0.637427,False,246.866240,CS(5-4),1930.2399,2362.541,star,25.457,3.564,19.857,512,20260825,False,False,,,,1.0244,1.0086,112,119.9,3.8254,5.4117,0.0825,0.999971
HD 38858 Gaia DR3 3023711269067191296,HD 38858 Gaia DR3 3023711269067191296,6,A002_Xb0ebd1_X1855,15.2104,246.084996,247.819371,15625000.0000,1734375000.0,20.74,,0.97456,4.87293,2.107662e+15,4.215325e+15,4.966062e+15,4.389420e+15,2.0826,1,7.385982e+15,1.032755e+16,9.793010e+15,1.088081e+16,2963.4262,3.598,2,0.003933,,coarse,B,1.9099,4.6450,4.0159,False,512,486,0.949318,0.968811,False,,CS(5-4),2492.7463,3051.028,star,25.457,3.564,19.857,512,20260825,False,False,,,,1.1009,1.0503,112,91.31,3.9740,5.6729,0.0827,0.999971
HD 38858 Gaia DR3 3023711269067191296,HD 38858 Gaia DR3 3023711269067191296,6,A002_Xc23361_Xb5c9,15.2104,246.117638,247.852013,15625000.0000,1734375000.0,2782.08,,2.15493,10.77471,4.660330e+15,9.320659e+15,1.098064e+16,9.705609e+15,2.0826,1,1.633142e+16,2.283561e+16,2.165368e+16,2.405895e+16,2963.8179,3.598,4,0.5277,,coarse,B,2.8809,4.5941,3.6903,False,512,188,0.368421,0.294347,False,246.133263,CS(5-4),1197.2630,1465.405,star,25.454,3.564,19.854,512,20260825,False,False,,,,1.0675,0.9833,336,235.8,4.0288,5.5837,0.0537,0.999996
HD 207129 Gaia DR3 6564091190988411520,HD 207129 Gaia DR3 6564091190988411520,6,A002_Xc19d6f_X1c16,15.5590,229.641337,231.481669,488281.2500,1840332031.2,2872.80,,12.13740,60.68705,8.582978e+14,1.716596e+15,2.022316e+15,1.787492e+15,2.0826,1,2.464231e+15,2.468533e+15,2.436329e+15,2.498593e+15,2766.7380,3.598,86,16.28,,fine,A,4.5769,5.7277,4.7999,False,512,203,0.397661,0.407407,False,230.828349,CO(2-1),290.3487,377.571,star,27.267,3.817,21.268,512,20260825,False,False,,,,1.0186,0.9868,320450,2.725e+05,5.3964,6.6056,0.0251,0.999999
HD 207129 Gaia DR3 6564091190988411520,HD 207129 Gaia DR3 6564091190988411520,6,A002_Xc19d6f_X5706,15.5590,229.641368,231.481700,488281.2500,1840332031.2,2872.80,,8.43422,42.17115,5.964271e+14,1.192854e+15,1.405298e+15,1.242120e+15,2.0826,1,1.712383e+15,1.715372e+15,1.692994e+15,1.736260e+15,2766.7384,3.598,86,16.28,,fine,A,5.4325,5.5248,5.6868,True,512,4,0.009747,0.009747,False,230.422618,CO(2-1),-115.3824,-150.044,star,27.267,3.817,21.268,512,20260825,True,False,,unattributed,,1.0297,0.9862,320450,3.428e+05,5.4658,6.6741,0.0247,0.999999
HD 207129 Gaia DR3 6564091190988411520,HD 207129 Gaia DR3 6564091190988411520,6,A002_Xc19d6f_X19ce,15.5590,229.641448,231.481780,488281.2500,1840332031.2,2872.80,285,10.86619,54.33098,7.684038e+14,1.536808e+15,1.810509e+15,1.602428e+15,2.0854,1,2.206140e+15,2.209991e+15,2.181160e+15,2.236902e+15,2766.7394,3.598,86,16.28,0.9987,fine,A,4.1980,5.8558,5.2461,False,512,482,0.939571,0.953216,False,229.791839,CO(2-1),-746.1612,-970.311,star,27.267,3.817,21.268,512,20260825,False,False,,,,1.0293,0.9870,320450,3.214e+05,5.4553,6.6658,0.0251,0.999999
HD 207129 Gaia DR3 6564091190988411520,HD 207129 Gaia DR3 6564091190988411520,6,A002_Xc19d6f_X1c16,15.5590,231.647836,233.382211,15625000.0000,1734375000.0,2872.80,,1.90826,9.54132,4.318177e+15,8.636355e+15,1.017447e+16,8.993042e+15,2.0826,1,1.513240e+16,2.115907e+16,2.006391e+16,2.229259e+16,2790.1803,3.598,4,0.513,,coarse,B,3.2396,4.3485,3.9457,False,512,55,0.109162,0.085770,False,232.022836,CO(2-1),1484.8361,1930.886,star,27.038,3.785,21.090,512,20260825,False,False,,,,1.0011,0.9516,336,229.3,3.8298,5.3121,0.0251,0.999999
HD 207129 Gaia DR3 6564091190988411520,HD 207129 Gaia DR3 6564091190988411520,6,A002_Xc19d6f_X5706,15.5590,231.647866,233.382241,15625000.0000,1734375000.0,2872.80,,1.30280,6.51402,2.948091e+15,5.896182e+15,6.946275e+15,6.139698e+15,2.0826,1,1.033114e+16,1.444565e+16,1.369796e+16,1.521952e+16,2790.1806,3.598,4,0.513,,coarse,B,2.7880,4.9328,3.2963,False,512,195,0.382066,0.415205,False,231.647866,CO(2-1),1109.8659,1443.274,star,27.038,3.785,21.090,512,20260825,False,False,,,,1.0303,0.9439,336,293.4,3.9300,5.4136,0.0247,0.999999
HD 207129 Gaia DR3 6564091190988411520,HD 207129 Gaia DR3 6564091190988411520,6,A002_Xc19d6f_X19ce,15.5590,231.647944,233.382319,15625000.0000,1734375000.0,2872.80,285,1.73449,8.67248,3.924960e+15,7.849919e+15,9.247968e+15,8.174137e+15,2.0826,1,1.375442e+16,1.923230e+16,1.823687e+16,2.026260e+16,2790.1816,3.598,4,0.513,1.0000,coarse,B,2.8189,4.0560,3.5637,False,512,213,0.417154,0.395712,False,232.429194,CO(2-1),1891.1943,2459.316,star,27.038,3.785,21.090,512,20260825,False,False,,,,0.9612,0.9574,336,314.2,3.8349,5.2727,0.0251,0.999999
HD 207129 Gaia DR3 6564091190988411520,HD 207129 Gaia DR3 6564091190988411520,6,A002_Xc19d6f_X1c16,15.5590,244.148644,245.883019,15625000.0000,1734375000.0,2872.80,,2.03229,10.16146,4.598835e+15,9.197671e+15,1.083575e+16,9.577541e+15,2.0826,1,1.611592e+16,2.253429e+16,2.136796e+16,2.374149e+16,2940.1900,3.598,4,0.5406,,coarse,B,2.3149,4.5189,3.0563,False,512,423,0.826511,0.795322,False,245.789269,CS(5-4),853.2688,1044.369,star,25.658,3.592,20.014,512,20260825,False,False,,,,0.9570,0.9546,336,255,3.7734,5.2181,0.0251,0.999999
HD 207129 Gaia DR3 6564091190988411520,HD 207129 Gaia DR3 6564091190988411520,6,A002_Xc19d6f_X5706,15.5590,244.148675,245.883050,15625000.0000,1734375000.0,2872.80,,1.36197,6.80986,3.081981e+15,6.163961e+15,7.261746e+15,6.418537e+15,2.0826,1,1.080033e+16,1.510170e+16,1.432007e+16,1.591072e+16,2940.1904,3.598,4,0.5406,,coarse,B,2.3270,4.1967,4.0313,False,512,415,0.810916,0.857700,False,245.445550,CS(5-4),509.5502,623.670,star,25.658,3.592,20.014,512,20260825,False,False,,,,1.0335,0.9475,336,255.1,3.9106,5.4078,0.0247,0.999999
HD 207129 Gaia DR3 6564091190988411520,HD 207129 Gaia DR3 6564091190988411520,6,A002_Xc19d6f_X19ce,15.5590,244.148758,245.883133,15625000.0000,1734375000.0,2872.80,285,1.80033,9.00168,4.073948e+15,8.147896e+15,9.599014e+15,8.484422e+15,2.0826,1,1.427653e+16,1.996234e+16,1.892913e+16,2.103176e+16,2940.1913,3.598,4,0.5406,1.0000,coarse,B,3.1553,4.5015,3.9305,False,512,99,0.194932,0.194932,False,245.211258,CS(5-4),275.2578,336.905,star,25.658,3.592,20.014,512,20260825,False,False,,,,1.0188,0.9549,336,291.1,3.9274,5.4111,0.0251,0.999999
HD 207129 Gaia DR3 6564091190988411520,HD 207129 Gaia DR3 6564091190988411520,6,A002_Xc19d6f_X1c16,15.5590,246.148773,247.883148,15625000.0000,1734375000.0,2872.80,,2.57950,12.89749,5.837101e+15,1.167420e+16,1.375335e+16,1.215635e+16,2.0826,1,2.045523e+16,2.860179e+16,2.712142e+16,3.013403e+16,2964.1915,3.598,4,0.545,,coarse,B,2.8891,4.3955,3.5681,False,512,194,0.380117,0.495127,False,247.398773,CS(5-4),2462.7730,3014.342,star,25.451,3.563,19.852,512,20260825,False,False,,,,1.0368,0.9669,336,313.1,4.0043,5.5061,0.0251,0.999999
HD 207129 Gaia DR3 6564091190988411520,HD 207129 Gaia DR3 6564091190988411520,6,A002_Xc19d6f_X5706,15.5590,246.148805,247.883180,15625000.0000,1734375000.0,2872.80,,1.75292,8.76459,3.966647e+15,7.933294e+15,9.346191e+15,8.260944e+15,2.0826,1,1.390051e+16,1.943657e+16,1.843057e+16,2.047781e+16,2964.1919,3.598,4,0.545,,coarse,B,2.5918,4.5041,3.1062,False,512,305,0.596491,0.547758,False,246.226930,CS(5-4),1290.9297,1580.049,star,25.451,3.563,19.852,512,20260825,False,False,,,,1.0434,0.9842,336,218.7,3.9651,5.5072,0.0247,0.999999
HD 207129 Gaia DR3 6564091190988411520,HD 207129 Gaia DR3 6564091190988411520,6,A002_Xc19d6f_X19ce,15.5590,246.148888,247.883263,15625000.0000,1734375000.0,2872.80,285,2.25368,11.26840,5.099813e+15,1.019963e+16,1.201615e+16,1.062089e+16,2.0826,1,1.787152e+16,2.498908e+16,2.369569e+16,2.632778e+16,2964.1929,3.598,4,0.545,1.0000,coarse,B,3.5769,5.3205,4.2347,False,512,24,0.048733,0.091618,False,247.195763,CS(5-4),2259.7630,2765.865,star,25.451,3.563,19.852,512,20260825,False,False,,,,1.0972,0.9741,336,272.9,4.1056,5.6668,0.0251,0.999999
HD 207129 Gaia DR3 6564091190988411520,HD 207129 Gaia DR3 6564091190988411520,6,A002_Xb28642_Xcff3,15.5590,229.708703,231.433800,488281.2500,1725097656.2,362.88,,2.88616,14.43093,2.040969e+14,4.081938e+14,4.808920e+14,4.250525e+14,2.0826,1,5.859761e+14,5.869990e+14,5.793411e+14,5.941470e+14,2766.8550,3.598,10,2.056,,fine,A,3.5884,5.7096,5.1295,False,512,485,0.947368,0.861598,False,,CO(2-1),165.3317,214.998,star,27.266,3.817,21.267,512,20260825,False,False,,,,1.0118,0.9840,31806,3.086e+04,4.9649,6.2430,0.0498,0.999991
HD 207129 Gaia DR3 6564091190988411520,HD 207129 Gaia DR3 6564091190988411520,6,A002_Xb28642_Xcff3,15.5590,231.657329,233.391704,15625000.0000,1734375000.0,362.88,,0.42852,2.14262,9.696989e+14,1.939398e+15,2.284799e+15,2.019496e+15,2.0826,1,3.398162e+15,4.751525e+15,4.505594e+15,5.006071e+15,2790.2942,3.598,2,0.0648,,coarse,B,2.3825,3.9829,4.1896,False,512,299,0.584795,0.586745,False,,CO(2-1),1869.3291,2430.882,star,27.037,3.785,21.089,512,20260825,False,False,,,,1.0495,0.9951,112,108.4,3.8215,5.4239,0.0498,0.999991
HD 207129 Gaia DR3 6564091190988411520,HD 207129 Gaia DR3 6564091190988411520,6,A002_Xb28642_Xcff3,15.5590,244.158647,245.893022,15625000.0000,1734375000.0,362.88,,0.47315,2.36579,1.070703e+15,2.141406e+15,2.522784e+15,2.229847e+15,2.0826,1,3.752115e+15,5.246444e+15,4.974897e+15,5.527503e+15,2940.3100,3.598,2,0.06829,,coarse,B,2.3662,4.3250,3.7223,False,512,334,0.653021,0.604288,False,,CS(5-4),347.6472,425.507,star,25.657,3.592,20.013,512,20260825,False,False,,,,1.0291,0.9890,112,125.9,3.8098,5.3812,0.0498,0.999990
HD 207129 Gaia DR3 6564091190988411520,HD 207129 Gaia DR3 6564091190988411520,6,A002_Xb28642_Xcff3,15.5590,246.158858,247.893233,15625000.0000,1734375000.0,362.88,,0.51315,2.56579,1.161217e+15,2.322435e+15,2.736054e+15,2.418353e+15,2.0826,1,4.069310e+15,5.689966e+15,5.395463e+15,5.994785e+15,2964.3125,3.598,2,0.06884,,coarse,B,1.6987,4.3748,4.0384,False,512,511,0.998051,1.000000,False,,CS(5-4),1816.6081,2223.460,star,25.450,3.563,19.851,512,20260825,False,False,,,,1.0610,1.0117,112,101.6,3.8570,5.4861,0.0498,0.999989
HD 23484 Gaia DR3 4856592239127350400,HD 23484 Gaia DR3 4856592239127350400,6,A002_X10b22d7_X2445,16.1696,214.574068,216.402193,15625000.0000,1828125000.0,2751.84,,1.64479,8.22398,4.019875e+15,8.039750e+15,9.471607e+15,8.371797e+15,2.0826,1,1.408704e+16,1.969739e+16,1.867789e+16,2.075260e+16,2585.8576,3.598,4,0.4554,,coarse,B,3.6627,4.8803,4.0372,False,512,21,0.042885,0.033138,False,214.777193,SiO(5-4),-2327.8067,-3214.384,star,29.174,4.084,22.756,512,20260825,False,False,,,,1.0066,0.9543,354,260,3.8754,5.3562,0.0609,0.999996
HD 23484 Gaia DR3 4856592239127350400,HD 23484 Gaia DR3 4856592239127350400,6,A002_X10b33b1_Xf94,16.1696,214.574183,216.402308,15625000.0000,1828125000.0,2751.84,,1.51894,7.59474,3.712300e+15,7.424600e+15,8.746900e+15,7.731241e+15,2.0826,1,1.300919e+16,1.819027e+16,1.724877e+16,1.916475e+16,2585.8589,3.598,4,0.4554,,coarse,B,2.7009,5.9698,3.3412,False,512,249,0.487329,0.576998,False,216.324183,SiO(5-4),-780.8171,-1078.202,star,29.174,4.084,22.756,512,20260825,False,False,,,,0.9278,0.9427,354,301.8,3.7299,5.1339,0.0609,0.999996
HD 23484 Gaia DR3 4856592239127350400,HD 23484 Gaia DR3 4856592239127350400,6,A002_X10b22d7_X1d34,16.1696,214.574214,216.402339,15625000.0000,1828125000.0,2751.84,,1.81369,9.06851,4.432678e+15,8.865356e+15,1.044425e+16,9.231502e+15,2.0826,1,1.553365e+16,2.172012e+16,2.059593e+16,2.288370e+16,2585.8593,3.598,4,0.4554,,coarse,B,2.9501,4.3892,3.4223,False,512,145,0.284600,0.251462,False,215.058589,SiO(5-4),-2046.4112,-2825.815,star,29.174,4.084,22.756,512,20260825,False,False,,,,0.9741,0.9660,354,245.1,3.8205,5.2892,0.0609,0.999996
HD 23484 Gaia DR3 4856592239127350400,HD 23484 Gaia DR3 4856592239127350400,6,A002_X10b0d7d_X323f,16.1696,214.574214,216.402339,15625000.0000,1828125000.0,2751.84,273,2.11140,10.55702,5.160261e+15,1.032052e+16,1.215858e+16,1.074678e+16,2.0826,1,1.808335e+16,2.528528e+16,2.397656e+16,2.663985e+16,2585.8593,3.598,4,0.4554,1.0000,coarse,B,2.5144,4.9494,3.2375,False,512,372,0.727096,0.637427,False,214.636714,SiO(5-4),-2468.2857,-3408.367,star,29.174,4.084,22.756,512,20260825,False,False,,,,0.9183,0.9805,354,291.5,3.7785,5.2058,0.0610,0.999996
HD 23484 Gaia DR3 4856592239127350400,HD 23484 Gaia DR3 4856592239127350400,6,A002_X10b22d7_X2445,16.1696,216.574068,218.402193,15625000.0000,1828125000.0,2751.84,,1.59034,7.95176,3.886811e+15,7.773622e+15,9.158082e+15,8.094678e+15,2.0826,1,1.362074e+16,1.904537e+16,1.805962e+16,2.006566e+16,2609.8576,3.598,4,0.4596,,coarse,B,3.1712,4.2063,3.7859,False,512,95,0.187135,0.150097,False,216.699068,SiO(5-4),-405.9317,-560.536,star,28.906,4.047,22.547,512,20260825,False,False,,,,0.9781,0.9600,354,279.2,3.8468,5.3063,0.0609,0.999996
HD 23484 Gaia DR3 4856592239127350400,HD 23484 Gaia DR3 4856592239127350400,6,A002_X10b33b1_Xf94,16.1696,216.574183,218.402308,15625000.0000,1828125000.0,2751.84,,1.47129,7.35648,3.595840e+15,7.191679e+15,8.472498e+15,7.488701e+15,2.0826,1,1.260107e+16,1.761961e+16,1.670765e+16,1.856352e+16,2609.8589,3.598,4,0.4596,,coarse,B,2.8150,4.4265,3.2686,False,512,215,0.421053,0.319688,False,216.683558,SiO(5-4),-421.4421,-581.954,star,28.906,4.047,22.547,512,20260825,False,False,,,,1.0802,0.9581,354,307.5,4.0691,5.5980,0.0609,0.999996
HD 23484 Gaia DR3 4856592239127350400,HD 23484 Gaia DR3 4856592239127350400,6,A002_X10b22d7_X1d34,16.1696,216.574214,218.402339,15625000.0000,1828125000.0,2751.84,,1.75349,8.76751,4.285549e+15,8.571099e+15,1.009759e+16,8.925091e+15,2.0826,1,1.501806e+16,2.099919e+16,1.991231e+16,2.212415e+16,2609.8593,3.598,4,0.4596,,coarse,B,2.9840,4.4479,4.0516,False,512,161,0.315789,0.356725,False,217.214839,SiO(5-4),109.8388,151.672,star,28.906,4.047,22.547,512,20260825,False,False,,,,1.0155,0.9727,354,315.7,3.9751,5.4647,0.0609,0.999996
HD 23484 Gaia DR3 4856592239127350400,HD 23484 Gaia DR3 4856592239127350400,6,A002_X10b0d7d_X323f,16.1696,216.574214,218.402339,15625000.0000,1828125000.0,2751.84,273,2.07466,10.37333,5.070475e+15,1.014095e+16,1.194702e+16,1.055979e+16,2.0826,1,1.776871e+16,2.484533e+16,2.355938e+16,2.617633e+16,2609.8593,3.598,4,0.4596,1.0000,coarse,B,2.5074,4.4730,3.2238,False,512,358,0.699805,0.740741,False,218.292964,H2CO,70.9643,97.491,star,28.906,4.047,22.547,512,20260825,False,False,,,,1.0659,1.0074,354,189.6,4.0184,5.6048,0.0610,0.999996
HD 23484 Gaia DR3 4856592239127350400,HD 23484 Gaia DR3 4856592239127350400,6,A002_X10b22d7_X2445,16.1696,229.609717,231.450537,976562.5000,1840820312.5,2751.84,,8.57171,42.85877,1.309333e+15,1.542521e+15,2.570869e+15,1.745777e+15,1.3333,2,3.759183e+15,3.765745e+15,3.716618e+15,3.811601e+15,2766.3615,3.598,39,7.795,,fine,A,5.5203,5.5517,5.8121,True,512,1,0.003899,0.003899,False,230.790381,CO(2-1),252.3809,328.197,star,27.271,3.818,21.271,512,20260825,True,False,,unattributed,,1.0295,1.0087,71668,6.715e+04,5.2217,6.4981,0.0609,0.999995
HD 23484 Gaia DR3 4856592239127350400,HD 23484 Gaia DR3 4856592239127350400,6,A002_X10b33b1_Xf94,16.1696,229.609831,231.450652,976562.5000,1840820312.5,2751.84,,8.10371,40.51872,1.237844e+15,1.458301e+15,2.430501e+15,1.650459e+15,1.3333,2,3.553935e+15,3.560139e+15,3.513694e+15,3.603491e+15,2766.3629,3.598,39,7.795,,fine,A,4.9717,5.4748,5.4843,True,512,15,0.031189,0.011696,False,229.777800,CO(2-1),-760.1998,-988.567,star,27.271,3.818,21.271,512,20260825,False,False,,,,1.0247,1.0288,71668,4.417e+04,5.1793,6.4807,0.0609,0.999995
HD 23484 Gaia DR3 4856592239127350400,HD 23484 Gaia DR3 4856592239127350400,6,A002_X10b22d7_X1d34,16.1696,229.609862,231.450683,976562.5000,1840820312.5,2751.84,,9.58233,47.91189,1.463705e+15,1.724387e+15,2.873978e+15,1.951607e+15,1.3333,2,4.202397e+15,4.209733e+15,4.154813e+15,4.260995e+15,2766.3633,3.598,39,7.795,,fine,A,3.9555,5.2521,4.8319,False,512,460,0.898635,0.879142,False,230.752440,CO(2-1),214.4404,278.859,star,27.271,3.818,21.271,512,20260825,False,False,,,,1.0236,1.0280,71668,4.186e+04,5.1642,6.4665,0.0609,0.999995
HD 23484 Gaia DR3 4856592239127350400,HD 23484 Gaia DR3 4856592239127350400,6,A002_X10b0d7d_X323f,16.1696,229.609863,231.450683,976562.5000,1840820312.5,2751.84,273,11.20884,56.04445,1.712154e+15,2.017084e+15,3.361807e+15,2.283638e+15,1.3338,2,4.915712e+15,4.924293e+15,4.860051e+15,4.984257e+15,2766.3633,3.598,39,7.795,0.9997,fine,A,4.1671,5.7195,4.9478,False,512,334,0.653021,0.684211,False,230.631347,CO(2-1),93.3472,121.389,star,27.271,3.818,21.271,512,20260825,False,False,,,,1.0199,1.0074,71668,5.807e+04,5.1661,6.4410,0.0610,0.999995
HD 23484 Gaia DR3 4856592239127350400,HD 23484 Gaia DR3 4856592239127350400,6,A002_X10b22d7_X2445,16.1696,231.574064,233.402189,15625000.0000,1828125000.0,2751.84,,1.70745,8.53727,4.173010e+15,8.346019e+15,9.832422e+15,8.690716e+15,2.0826,1,1.462368e+16,2.044775e+16,1.938941e+16,2.154316e+16,2789.8575,3.598,4,0.4913,,coarse,B,3.3539,4.4004,3.7509,False,512,53,0.105263,0.046784,False,233.292814,CO(2-1),2754.8145,3582.371,star,27.041,3.786,21.092,512,20260825,False,False,,,,0.9986,0.9123,354,402.6,3.8753,5.2932,0.0609,0.999995
HD 23484 Gaia DR3 4856592239127350400,HD 23484 Gaia DR3 4856592239127350400,6,A002_X10b33b1_Xf94,16.1696,231.574179,233.402304,15625000.0000,1828125000.0,2751.84,,1.57734,7.88673,3.855023e+15,7.710046e+15,9.083184e+15,8.028476e+15,2.0826,1,1.350934e+16,1.888961e+16,1.791192e+16,1.990156e+16,2789.8589,3.598,4,0.4913,,coarse,B,3.1412,4.9300,3.4879,False,512,139,0.272904,0.247563,False,233.058554,CO(2-1),2520.5541,3277.738,star,27.041,3.786,21.092,512,20260825,False,False,,,,1.0891,1.0033,354,262.5,4.1375,5.7171,0.0609,0.999995
HD 23484 Gaia DR3 4856592239127350400,HD 23484 Gaia DR3 4856592239127350400,6,A002_X10b22d7_X1d34,16.1696,231.574210,233.402335,15625000.0000,1828125000.0,2751.84,,1.89426,9.47134,4.629581e+15,9.259163e+15,1.090819e+16,9.641573e+15,2.0826,1,1.622366e+16,2.268495e+16,2.151082e+16,2.390021e+16,2789.8593,3.598,4,0.4913,,coarse,B,2.4875,4.4919,3.4014,False,512,380,0.742690,0.752437,False,231.574210,CO(2-1),1036.2099,1347.491,star,27.041,3.786,21.092,512,20260825,False,False,,,,0.9444,1.0059,354,213.9,3.8085,5.2932,0.0609,0.999995
HD 23484 Gaia DR3 4856592239127350400,HD 23484 Gaia DR3 4856592239127350400,6,A002_X10b0d7d_X323f,16.1696,231.574211,233.402336,15625000.0000,1828125000.0,2751.84,273,2.21602,11.08013,5.415956e+15,1.083191e+16,1.276105e+16,1.127929e+16,2.0826,1,1.897939e+16,2.653818e+16,2.516461e+16,2.795987e+16,2789.8593,3.598,4,0.4913,1.0000,coarse,B,2.1666,4.2536,3.6283,False,512,485,0.947368,0.959064,False,233.324211,CO(2-1),2786.2105,3623.198,star,27.041,3.786,21.092,512,20260825,False,False,,,,1.0569,0.9862,354,258.8,4.0365,5.5797,0.0610,0.999995
HD 10647,HD 10647,6,A002_Xb39557_X3789,17.3488,229.673192,231.398290,488281.2500,1725097656.2,393.12,65,4.10657,20.53303,3.610543e+14,7.221085e+14,8.507141e+14,7.522953e+14,2.0836,1,1.036611e+15,1.038421e+15,1.024874e+15,1.051066e+15,2766.4289,3.598,10,2.227,0.9995,fine,A,4.3174,5.2538,5.0226,False,512,97,0.191033,0.192982,False,230.895360,CO(2-1),357.3604,464.713,star,27.270,3.818,21.271,512,20260825,False,False,,,,1.0239,0.9832,31806,2.83e+04,4.9762,6.2649,0.0474,0.999992
HD 10647,HD 10647,6,A002_Xb3d48f_X26f7,17.3488,229.673509,231.398606,488281.2500,1725097656.2,393.12,,4.05867,20.29357,3.568436e+14,7.136872e+14,8.407930e+14,7.431630e+14,2.0826,1,1.024522e+15,1.026311e+15,1.012922e+15,1.038808e+15,2766.4327,3.598,10,2.227,,fine,A,4.0806,5.4323,5.1098,False,512,195,0.382066,0.376218,False,,CO(2-1),377.2079,490.523,star,27.270,3.818,21.271,512,20260825,False,False,,,,1.0094,0.9894,31806,2.491e+04,4.9307,6.2189,0.0506,0.999990
HD 10647,HD 10647,6,A002_Xb39557_X3789,17.3488,244.122209,245.856584,15625000.0000,1734375000.0,520.13,86,0.65773,3.28869,1.850513e+15,3.701025e+15,4.360168e+15,3.853882e+15,2.0826,1,6.484840e+15,9.067512e+15,8.598193e+15,9.553271e+15,2939.8728,3.598,2,0.09786,1.0000,coarse,B,2.2157,4.5387,3.8333,False,512,410,0.801170,0.840156,False,245.122209,CS(5-4),186.2086,227.912,star,25.661,3.593,20.016,512,20260825,False,False,,,,1.0088,1.0216,112,109.8,3.7982,5.3887,0.0474,0.999991
HD 10647,HD 10647,6,A002_Xb3d48f_X26f7,17.3488,244.122533,245.856908,15625000.0000,1734375000.0,520.13,,0.64974,3.24875,1.828038e+15,3.656077e+15,4.307214e+15,3.807075e+15,2.0826,1,6.406082e+15,8.957388e+15,8.493769e+15,9.437248e+15,2939.8766,3.598,2,0.09786,,coarse,B,2.4987,4.3269,3.8712,False,512,234,0.458090,0.559454,False,,CS(5-4),405.2832,496.051,star,25.661,3.593,20.016,512,20260825,False,False,,,,0.9829,0.9484,112,144,3.6781,5.1731,0.0506,0.999989
HD 10647,HD 10647,6,A002_Xb39557_X3789,17.3488,246.122122,247.856497,15625000.0000,1734375000.0,520.13,86,0.70221,3.51107,1.975644e+15,3.951288e+15,4.655001e+15,4.114481e+15,2.0826,1,6.923343e+15,9.680655e+15,9.179601e+15,1.019926e+16,2963.8717,3.598,2,0.09866,1.0000,coarse,B,2.4023,4.6300,4.0535,False,512,299,0.584795,0.693957,False,247.653372,CS(5-4),2717.3721,3325.961,star,25.453,3.563,19.854,512,20260825,False,False,,,,1.0265,1.0300,112,101.4,3.8265,5.4430,0.0474,0.999990
HD 10647,HD 10647,6,A002_Xb3d48f_X26f7,17.3488,246.122449,247.856824,15625000.0000,1734375000.0,520.13,,0.72073,3.60370,2.027767e+15,4.055535e+15,4.777814e+15,4.223031e+15,2.0826,1,7.106002e+15,9.936060e+15,9.421787e+15,1.046835e+16,2963.8756,3.598,2,0.09866,,coarse,B,2.5634,4.9461,3.8767,False,512,233,0.456140,0.539961,False,,CS(5-4),1983.3243,2427.514,star,25.453,3.563,19.854,512,20260825,False,False,,,,0.9629,1.0470,112,83.26,3.6895,5.2835,0.0506,0.999989
HD 10647,HD 10647,7,A002_Xff294f_Xc10b,17.3488,330.350193,332.190525,488281.2500,1840332031.2,2630.88,,30.07945,150.39820,2.644613e+15,5.289226e+15,6.231223e+15,5.507675e+15,2.0826,1,7.592864e+15,7.606119e+15,7.506890e+15,7.698739e+15,3975.2443,3.598,119,21.42,,fine,A,4.6235,5.6648,4.8559,False,512,248,0.485380,0.596491,False,331.071873,CO(3-2),-14724.1269,-12765.278,star,18.978,2.657,14.803,512,20260825,False,False,,,,1.0215,0.9934,444860,3.966e+05,5.4897,6.6929,0.0490,0.999994
HD 10647,HD 10647,7,A002_Xff294f_Xaf70,17.3488,330.350395,332.190727,488281.2500,1840332031.2,2630.88,,24.86678,124.33468,2.186310e+15,4.372621e+15,5.151372e+15,4.553213e+15,2.0826,1,6.277046e+15,6.288003e+15,6.205971e+15,6.364573e+15,3975.2467,3.598,119,21.42,,fine,A,5.1202,5.9096,5.3212,False,512,35,0.070175,0.068226,False,331.657036,CO(3-2),-14138.9640,-12257.964,star,18.978,2.657,14.803,512,20260825,True,False,,unattributed,,1.0341,0.9991,444860,3.735e+05,5.5283,6.7442,0.0490,0.999994
HD 10647,HD 10647,7,A002_Xff294f_X2db6,17.3488,330.350741,332.191073,488281.2500,1840332031.2,2630.88,261,22.68516,113.42652,1.994500e+15,3.989001e+15,4.699431e+15,4.165275e+15,2.0884,1,5.726347e+15,5.736343e+15,5.661507e+15,5.806195e+15,3975.2509,3.598,119,21.42,0.9972,fine,A,4.8199,6.0347,5.1654,False,512,117,0.230019,0.220273,False,331.497714,CO(3-2),-14298.2861,-12396.090,star,18.978,2.657,14.803,512,20260825,False,False,,,,1.0172,0.9924,444860,3.687e+05,5.4620,6.6643,0.0488,0.999994
HD 10647,HD 10647,7,A002_Xfffde1_Xffdf,17.3488,330.403386,332.128483,488281.2500,1725097656.2,2298.24,,1.88715,9.43593,1.659221e+14,3.318442e+14,3.909447e+14,3.455496e+14,2.0826,1,4.763736e+14,4.772052e+14,4.709797e+14,4.830162e+14,3975.1912,3.598,93,18.71,,fine,A,4.2921,5.7216,5.6074,False,512,441,0.861598,0.910331,False,,CO(3-2),-14335.9737,-12428.764,star,18.978,2.657,14.803,512,20260825,False,False,,,,1.0327,1.0117,325128,2.137e+05,5.4563,6.6968,0.0516,0.999979
HD 10647,HD 10647,7,A002_X1171dca_X5df0,17.3488,330.429839,332.154936,488281.2500,1725097656.2,2207.52,,3.15821,15.79144,2.776778e+14,5.553556e+14,6.542629e+14,5.782921e+14,2.0826,1,7.972319e+14,7.986235e+14,7.882048e+14,8.083485e+14,3975.5087,3.598,90,17.97,,fine,A,4.5743,5.6330,5.7197,True,512,220,0.430799,0.407407,False,,CO(3-2),-13835.8879,-11995.208,star,18.976,2.657,14.802,512,20260825,False,False,,,,1.0434,0.9841,314526,3.457e+05,5.4988,6.7138,0.0554,0.999976
HD 10647,HD 10647,7,A002_Xfffde1_Xffdf,17.3488,332.244004,334.072129,15625000.0000,1828125000.0,3060.29,,0.26780,1.33902,7.534549e+14,1.506910e+15,1.775286e+15,1.569146e+15,2.0826,1,2.640368e+15,3.691929e+15,3.500841e+15,3.889711e+15,3997.8968,3.598,4,0.783,,coarse,B,2.6418,4.5491,4.3714,False,512,310,0.606238,0.631579,False,,CO(3-2),-12020.7456,-10421.546,star,18.870,2.642,14.719,512,20260825,False,False,,,,1.0038,0.9624,354,314,3.9300,5.4035,0.0516,0.999979
HD 10647,HD 10647,7,A002_Xff294f_Xc10b,17.3488,332.248364,334.076489,15625000.0000,1828125000.0,2630.88,,4.27072,21.35376,1.201556e+16,2.403111e+16,2.831099e+16,2.502361e+16,2.0826,1,4.210669e+16,5.887622e+16,5.582889e+16,6.203031e+16,3997.9491,3.598,5,0.6732,,coarse,B,2.8428,4.1907,3.5436,False,512,215,0.421053,0.278752,False,333.904614,CO(3-2),-11891.3864,-10309.396,star,18.870,2.642,14.718,512,20260825,False,False,,,,1.0538,0.9628,472,315.5,4.0318,5.5428,0.0490,0.999994
HD 10647,HD 10647,7,A002_Xff294f_Xaf70,17.3488,332.248563,334.076688,15625000.0000,1828125000.0,2630.88,,3.63708,18.18552,1.023282e+16,2.046563e+16,2.411051e+16,2.131088e+16,2.0826,1,3.585935e+16,5.014081e+16,4.754561e+16,5.282692e+16,3997.9515,3.598,5,0.6732,,coarse,B,3.1363,4.6140,3.9918,False,512,111,0.218324,0.179337,False,332.357938,CO(3-2),-13438.0624,-11650.308,star,18.870,2.642,14.718,512,20260825,False,False,,,,,,,,,,0.0499,0.999993
HD 10647,HD 10647,7,A002_X1171dca_X5df0,17.3488,332.270064,334.098189,15625000.0000,1828125000.0,2969.57,,0.41645,2.08232,1.171702e+15,2.343405e+15,2.760759e+15,2.440189e+15,2.0826,1,4.106053e+15,5.741342e+15,5.444180e+15,6.048914e+15,3998.2095,3.598,4,0.7599,,coarse,B,3.4631,4.2089,3.9634,False,512,39,0.077973,0.115010,False,,CO(3-2),-11744.6856,-10182.212,star,18.869,2.642,14.718,512,20260825,False,False,,,,1.1057,0.9386,354,374.8,4.1287,5.6500,0.0554,0.999976
HD 10647,HD 10647,7,A002_Xcf749a_X36e0,17.3488,332.919200,334.653575,15625000.0000,1734375000.0,3024.00,,0.29896,1.49486,8.411407e+14,1.682281e+15,1.981891e+15,1.751761e+15,2.0826,1,2.947650e+15,4.121589e+15,3.908263e+15,4.342389e+15,4005.4367,3.598,5,0.7752,,coarse,B,3.3882,4.2616,4.3842,False,512,72,0.142300,0.179337,False,,CO(3-2),-11954.9246,-10364.481,star,18.835,2.637,14.691,512,20260825,False,False,,,,1.1347,0.9798,448,343.8,4.2490,5.8279,0.0636,0.999968
HD 10647,HD 10647,7,A002_Xcf0c6b_X6513,17.3488,332.920420,334.654795,15625000.0000,1734375000.0,3278.02,542,0.31181,1.55910,8.772923e+14,1.754585e+15,2.067071e+15,1.827052e+15,2.0826,1,3.074337e+15,4.298732e+15,4.076237e+15,4.529021e+15,4005.4513,3.598,5,0.8403,1.0000,coarse,B,1.7562,4.4183,4.1347,False,512,511,0.998051,1.000000,False,334.482920,CO(3-2),-11313.0796,-9808.025,star,18.835,2.637,14.691,512,20260825,False,False,,,,1.0764,0.9571,448,402.4,4.1237,5.6326,0.0603,0.999972
HD 10647,HD 10647,7,A002_Xb54d65_X727,17.3488,332.949870,334.684245,15625000.0000,1734375000.0,393.12,,1.03943,5.19733,2.924488e+15,5.848976e+15,6.890663e+15,6.090543e+15,2.0826,1,1.024842e+16,1.432999e+16,1.358830e+16,1.509767e+16,4005.8047,3.598,2,0.1008,,coarse,B,2.3642,4.3063,4.3468,False,512,314,0.614035,0.578947,False,,CO(3-2),-11361.7551,-9850.225,star,18.833,2.637,14.690,512,20260825,False,False,,,,1.0176,0.9686,112,130.4,3.7582,5.3024,0.0645,0.999967
HD 10647,HD 10647,7,A002_Xcf749a_X36e0,17.3488,334.814700,336.549075,15625000.0000,1734375000.0,3024.00,,0.26688,1.33444,7.508754e+14,1.501751e+15,1.769209e+15,1.563774e+15,2.0826,1,2.631329e+15,3.679290e+15,3.488856e+15,3.876394e+15,4028.1827,3.598,5,0.7796,,coarse,B,3.1776,4.5259,3.7958,False,512,97,0.191033,0.276803,False,,CO(3-2),-9965.6746,-8639.875,star,18.728,2.622,14.608,512,20260825,False,False,,,,1.0004,0.9754,448,340.5,3.9680,5.4440,0.0636,0.999968
HD 10647,HD 10647,7,A002_Xcf0c6b_X6513,17.3488,334.815920,336.550295,15625000.0000,1734375000.0,3278.02,542,0.27219,1.36100,7.658189e+14,1.531638e+15,1.804418e+15,1.594897e+15,2.0826,1,2.683696e+15,3.752513e+15,3.558289e+15,3.953540e+15,4028.1973,3.598,5,0.8451,1.0000,coarse,B,3.0894,4.1807,3.8733,False,512,127,0.249513,0.230019,False,336.519045,CO(3-2),-9276.9546,-8042.780,star,18.728,2.622,14.608,512,20260825,False,False,,,,1.0347,0.9661,448,358.2,4.0302,5.5218,0.0603,0.999971
HD 10647,HD 10647,7,A002_Xb54d65_X727,17.3488,334.907870,336.642245,15625000.0000,1734375000.0,393.12,,0.89800,4.49012,2.526550e+15,5.053100e+15,5.953043e+15,5.261796e+15,2.0826,1,8.853909e+15,1.238009e+16,1.173932e+16,1.304331e+16,4029.3007,3.598,2,0.1014,,coarse,B,2.3488,4.1782,3.8310,False,512,336,0.656920,0.573099,False,,CO(3-2),-9903.7551,-8586.193,star,18.723,2.621,14.604,512,20260825,False,False,,,,1.0517,0.9960,112,114.9,3.8423,5.4431,0.0645,0.999967
HD 10647,HD 10647,7,A002_Xfffde1_Xffdf,17.3488,342.292740,344.120865,15625000.0000,1828125000.0,3060.29,,0.26360,1.31801,7.416336e+14,1.483267e+15,1.747433e+15,1.544527e+15,2.0826,1,2.598942e+15,3.634004e+15,3.445915e+15,3.828683e+15,4118.4816,3.598,4,0.8066,,coarse,B,2.2532,4.2564,3.6517,False,512,465,0.908382,0.925926,False,,CO(3-2),-2972.0104,-2576.624,star,18.318,2.564,14.288,512,20260825,False,False,,,,1.0025,0.9578,354,345.9,3.9404,5.4037,0.0516,0.999978
HD 10647,HD 10647,7,A002_Xff294f_Xc10b,17.3488,342.297226,344.125351,15625000.0000,1828125000.0,2630.88,,4.01986,20.09942,1.130975e+16,2.261950e+16,2.664797e+16,2.355370e+16,2.0826,1,3.963330e+16,5.541778e+16,5.254945e+16,5.838659e+16,4118.5355,3.598,5,0.6935,,coarse,B,2.6267,4.5597,3.5833,False,512,346,0.676413,0.721248,False,343.812851,CO(3-2),-1983.1486,-1719.317,star,18.317,2.564,14.288,512,20260825,False,False,,,,1.0714,0.9506,472,446.1,4.1248,5.6192,0.0490,0.999993
HD 10647,HD 10647,7,A002_Xff294f_Xaf70,17.3488,342.297431,344.125556,15625000.0000,1828125000.0,2630.88,,3.52764,17.63834,9.924924e+15,1.984985e+16,2.338505e+16,2.066966e+16,2.0826,1,3.478039e+16,4.863213e+16,4.611501e+16,5.123742e+16,4118.5379,3.598,5,0.6935,,coarse,B,2.9918,4.5069,4.0544,False,512,159,0.311891,0.358674,False,342.969306,CO(3-2),-2826.6936,-2450.640,star,18.317,2.564,14.288,512,20260825,False,False,,,,,,,,,,0.0531,0.999992
HD 10647,HD 10647,7,A002_X1171dca_X5df0,17.3488,342.319586,344.147711,15625000.0000,1828125000.0,2969.57,,0.38622,1.93116,1.086645e+15,2.173290e+15,2.560347e+15,2.263048e+15,2.0826,1,3.807982e+15,5.324560e+15,5.048971e+15,5.609805e+15,4118.8038,3.598,4,0.7828,,coarse,B,2.8068,4.6578,4.2217,False,512,247,0.483431,0.559454,False,,CO(3-2),-1695.1644,-1469.645,star,18.316,2.564,14.287,512,20260825,False,False,,,,1.0464,1.0104,354,243.8,4.0490,5.6064,0.0554,0.999975
HD 10647,HD 10647,7,A002_Xff294f_Xc10b,17.3488,344.183190,346.023522,488281.2500,1840332031.2,2630.88,,26.09924,130.49708,2.294670e+15,4.589341e+15,5.406690e+15,4.778884e+15,2.0826,1,6.588155e+15,6.599655e+15,6.513557e+15,6.680020e+15,4141.2403,3.598,124,22.31,,fine,A,4.7994,6.0975,5.4802,False,512,104,0.204678,0.216374,False,344.847740,CO(3-2),-948.2596,-822.106,star,18.217,2.550,14.209,512,20260825,False,False,,,,1.0280,0.9876,463710,3.585e+05,5.4732,6.6799,0.0490,0.999993
HD 10647,HD 10647,7,A002_Xff294f_Xaf70,17.3488,344.183392,346.023724,488281.2500,1840332031.2,2630.88,,23.01789,115.09022,2.023755e+15,4.047510e+15,4.768360e+15,4.214675e+15,2.0826,1,5.810339e+15,5.820481e+15,5.744548e+15,5.891358e+15,4141.2427,3.598,124,22.31,,fine,A,4.7652,6.1218,5.3740,False,512,168,0.329435,0.276803,False,344.756634,CO(3-2),-1039.3662,-901.092,star,18.217,2.550,14.209,512,20260825,False,False,,,,,,,,,,0.0485,0.999993
HD 10647,HD 10647,7,A002_Xfffde1_Xffdf,17.3488,344.236386,345.961483,488281.2500,1725097656.2,2298.24,,1.81853,9.09286,1.598895e+14,3.197790e+14,3.767307e+14,3.329861e+14,2.0826,1,4.590536e+14,4.598549e+14,4.538558e+14,4.654547e+14,4141.1872,3.598,96,19.49,,fine,A,4.3901,5.7595,5.5977,False,512,362,0.707602,0.701754,False,,CO(3-2),-383.3448,-332.346,star,18.217,2.550,14.209,512,20260825,False,False,,,,1.0351,0.9890,335730,2.809e+05,5.4521,6.6716,0.0516,0.999978
HD 10647,HD 10647,7,A002_X1171dca_X5df0,17.3488,344.262839,345.987936,488281.2500,1725097656.2,2207.52,,2.62994,13.15003,2.312311e+14,4.624622e+14,5.448254e+14,4.815622e+14,2.0826,1,6.638802e+14,6.650391e+14,6.563631e+14,6.731374e+14,4141.5047,3.598,94,18.72,,fine,A,4.8491,6.0896,5.7489,False,512,67,0.132554,0.126706,False,,CO(3-2),-1291.9504,-1120.074,star,18.216,2.550,14.208,512,20260825,False,False,,,,1.0128,0.9865,328662,3.072e+05,5.4013,6.6030,0.0554,0.999974
HD 10647,HD 10647,7,A002_Xcf749a_X36e0,17.3488,344.923839,346.648937,488281.2500,1725097656.2,2388.96,,1.62157,8.10814,1.425742e+14,2.851484e+14,3.359325e+14,2.969252e+14,2.0826,1,4.093402e+14,4.100548e+14,4.047053e+14,4.150481e+14,4149.4367,3.598,103,20.3,,fine,A,4.5214,5.8552,5.9021,True,512,279,0.545809,0.538012,False,,CO(3-2),42.8781,37.174,star,18.181,2.545,14.181,512,20260825,False,False,,,,1.0281,0.9886,360468,3.259e+05,5.4590,6.6694,0.0636,0.999966
HD 10647,HD 10647,7,A002_Xcf0c6b_X6513,17.3488,344.925059,346.650157,488281.2500,1725097656.2,2388.96,395,1.69399,8.47019,1.489405e+14,2.978811e+14,3.509329e+14,3.105210e+14,2.0849,1,4.276184e+14,4.283649e+14,4.227765e+14,4.335811e+14,4149.4513,3.598,107,20.3,0.9989,fine,A,4.3416,5.9759,5.2177,False,512,421,0.822612,0.824561,False,345.892832,CO(3-2),96.8325,83.950,star,18.181,2.545,14.181,512,20260825,False,False,,,,1.0283,0.9761,374604,4.571e+05,5.4862,6.6788,0.0603,0.999970
HD 10647,HD 10647,7,A002_Xb54d65_X727,17.3488,344.954509,346.679606,488281.2500,1725097656.2,393.12,,6.24391,31.22064,5.489861e+14,1.097972e+15,1.293518e+15,1.143319e+15,2.0826,1,1.576177e+15,1.578928e+15,1.558330e+15,1.598155e+15,4149.8047,3.598,15,3.341,,fine,A,4.2254,5.7628,5.0834,False,512,156,0.306043,0.313840,False,,CO(3-2),-594.4211,-515.341,star,18.179,2.545,14.180,512,20260825,False,False,,,,1.0287,0.9780,49476,4.559e+04,5.0673,6.3380,0.0645,0.999965
HD 10647,HD 10647,7,A002_Xcf749a_X36e0,17.3488,346.814700,348.549075,15625000.0000,1734375000.0,3024.00,,0.31363,1.56821,8.824175e+14,1.764835e+15,2.079147e+15,1.837724e+15,2.0826,1,3.092298e+15,4.323846e+15,4.100051e+15,4.555480e+15,4172.1827,3.598,5,0.8075,,coarse,B,3.0284,4.6269,3.4320,False,512,156,0.306043,0.321637,False,,CO(3-2),1799.9504,1560.491,star,18.082,2.531,14.104,512,20260825,False,False,,,,0.9674,0.9339,448,543.4,3.9219,5.3163,0.0636,0.999966
HD 10647,HD 10647,7,A002_Xcf0c6b_X6513,17.3488,346.815920,348.550295,15625000.0000,1734375000.0,3278.02,542,0.31693,1.58469,8.916895e+14,1.783379e+15,2.100994e+15,1.857036e+15,2.0826,1,3.124790e+15,4.369279e+15,4.143133e+15,4.603347e+15,4172.1973,3.598,5,0.8753,1.0000,coarse,B,2.4460,4.5134,4.6548,False,512,407,0.795322,0.805068,False,347.237795,CO(3-2),1441.7954,1249.984,star,18.082,2.531,14.104,512,20260825,False,False,,,,1.0189,0.9956,448,272.8,3.9929,5.5113,0.0603,0.999969
HD 10647,HD 10647,7,A002_Xb54d65_X727,17.3488,346.949870,348.684245,15625000.0000,1734375000.0,393.12,,1.07326,5.36647,3.019662e+15,6.039325e+15,7.114912e+15,6.288753e+15,2.0826,1,1.058195e+16,1.479635e+16,1.403051e+16,1.558901e+16,4173.8047,3.598,2,0.105,,coarse,B,2.8915,4.6304,3.9817,False,512,102,0.200780,0.152047,False,,CO(3-2),1278.8699,1108.733,star,18.075,2.530,14.098,512,20260825,False,False,,,,1.0007,0.9809,112,133.4,3.7551,5.2942,0.0645,0.999965
HD 139664,HD 139664,6,A002_Xb2f730_X5b37,17.3986,229.691625,231.416722,488281.2500,1725097656.2,393.12,,3.41391,17.06959,3.018792e+14,6.037584e+14,7.112861e+14,6.286941e+14,2.0826,1,8.667158e+14,8.682288e+14,8.569020e+14,8.788013e+14,2766.6501,3.598,10,2.227,,fine,A,3.9617,5.8080,5.2682,False,512,301,0.588694,0.615984,False,,CO(2-1),433.8982,564.243,star,27.268,3.818,21.269,512,20260825,False,False,,,,1.0312,1.0109,31806,2.027e+04,4.9962,6.3205,0.0246,0.999998
HD 139664,HD 139664,6,A002_Xb2f730_X5b37,17.3986,231.640699,233.375074,15625000.0000,1734375000.0,520.13,,0.51712,2.58560,1.463259e+15,2.926517e+15,3.447722e+15,3.047384e+15,2.0826,1,5.127767e+15,7.169967e+15,6.798862e+15,7.554072e+15,2790.0946,3.598,2,0.09288,,coarse,B,2.3431,4.5675,4.1394,False,512,321,0.627680,0.707602,False,,CO(2-1),1555.8237,2023.199,star,27.039,3.785,21.090,512,20260825,False,False,,,,1.0208,0.9884,112,119.9,3.7807,5.3484,0.0246,0.999998
HD 139664,HD 139664,6,A002_Xb2f730_X5b37,17.3986,244.141123,245.875498,15625000.0000,1734375000.0,520.13,,0.57328,2.86639,1.622168e+15,3.244336e+15,3.822143e+15,3.378329e+15,2.0826,1,5.684641e+15,7.948623e+15,7.537216e+15,8.374442e+15,2940.0997,3.598,2,0.09787,,coarse,B,1.9764,4.2244,3.9183,False,512,475,0.927875,0.937622,False,,CS(5-4),486.3727,595.302,star,25.659,3.592,20.014,512,20260825,False,False,,,,0.9316,0.9957,112,114.7,3.6160,5.1227,0.0246,0.999997
HD 139664,HD 139664,6,A002_Xb2f730_X5b37,17.3986,246.141191,247.875566,15625000.0000,1734375000.0,520.13,,0.62914,3.14571,1.780242e+15,3.560483e+15,4.194596e+15,3.707534e+15,2.0826,1,6.238586e+15,8.723184e+15,8.271688e+15,9.190498e+15,2964.1005,3.598,2,0.09867,,coarse,B,2.7206,4.3182,3.6572,False,512,151,0.296296,0.263158,False,,CS(5-4),1845.8156,2259.209,star,25.451,3.563,19.852,512,20260825,False,False,,,,1.0130,0.9800,112,112.8,3.7349,5.2941,0.0246,0.999997
HD 139664,HD 139664,6,A002_Xb2e94e_X361a,17.3986,229.692208,231.417306,488281.2500,1725097656.2,393.12,65,2.88110,14.40556,2.547652e+14,5.095304e+14,6.002764e+14,5.308307e+14,2.0836,1,7.314483e+14,7.327251e+14,7.231661e+14,7.416476e+14,2766.6571,3.598,10,2.227,0.9995,fine,A,4.1182,5.5608,5.1659,False,512,192,0.376218,0.421053,False,230.059396,CO(2-1),-478.6042,-622.379,star,27.268,3.817,21.269,512,20260825,False,False,,,,1.0152,0.9978,31806,2.423e+04,4.9603,6.2587,0.0252,0.999998
HD 139664,HD 139664,6,A002_Xb2e94e_X361a,17.3986,244.141722,245.876097,15625000.0000,1734375000.0,520.13,86,0.44590,2.22950,1.261730e+15,2.523461e+15,2.972882e+15,2.627683e+15,2.0826,1,4.421542e+15,6.182479e+15,5.862485e+15,6.513683e+15,2940.1069,3.598,2,0.09787,1.0000,coarse,B,2.4794,4.3570,4.3575,False,512,266,0.520468,0.428850,False,245.547972,CS(5-4),611.9715,749.030,star,25.659,3.592,20.014,512,20260825,False,False,,,,1.0900,1.0075,112,107.3,3.9175,5.5622,0.0252,0.999997
HD 139664,HD 139664,6,A002_Xb2e94e_X361a,17.3986,246.141794,247.876169,15625000.0000,1734375000.0,520.13,86,0.50523,2.52614,1.429608e+15,2.859215e+15,3.368434e+15,2.977305e+15,2.0826,1,5.009843e+15,7.005078e+15,6.642507e+15,7.380350e+15,2964.1078,3.598,2,0.09867,1.0000,coarse,B,2.4508,4.2241,4.0156,False,512,274,0.536062,0.489279,False,246.594919,CS(5-4),1658.9192,2030.455,star,25.451,3.563,19.852,512,20260825,False,False,,,,1.1800,0.9551,112,153,4.0823,5.7309,0.0252,0.999997
eta Crv,eta Crv,7,A002_X75bfbf_X1430,18.2437,332.967988,334.702363,15625000.0000,1734375000.0,786.24,,1.22007,6.11892,3.807426e+15,7.614851e+15,8.971035e+15,7.929350e+15,2.0826,1,1.334254e+16,1.865639e+16,1.769076e+16,1.965583e+16,4006.0221,3.598,5,0.2016,,coarse,B,2.4705,4.8180,4.2256,False,512,419,0.818713,0.779727,False,334.311738,CO(3-2),-11484.2619,-9956.434,star,18.832,2.636,14.689,512,20260825,False,False,,,,1.0953,0.9905,448,313.7,4.1689,5.7322,0.6236,0.996964
eta Crv,eta Crv,7,A002_X75bfbf_X1430,18.2437,334.862388,336.596763,15625000.0000,1734375000.0,786.24,,1.06306,5.33168,3.317574e+15,6.635149e+15,7.816850e+15,6.909185e+15,2.0826,1,1.162593e+16,1.625611e+16,1.541473e+16,1.712698e+16,4028.7549,3.598,5,0.2027,,coarse,B,2.4993,4.6530,3.8366,False,512,397,0.775828,0.820663,False,336.565513,CO(3-2),-9230.4873,-8002.494,star,18.726,2.622,14.606,512,20260825,False,False,,,,1.1071,0.9796,448,343.7,4.1932,5.7514,0.6236,0.996929
eta Crv,eta Crv,7,A002_X75bfbf_X1430,18.2437,344.971526,346.696624,488281.2500,1725097656.2,786.24,,6.43179,32.26404,6.273721e+14,1.254744e+15,1.478211e+15,1.306566e+15,2.0826,1,1.801228e+15,1.804372e+15,1.780833e+15,1.826344e+15,4150.0089,3.598,106,6.682,,fine,A,5.0126,5.6759,5.3858,False,512,41,0.081871,0.070175,False,345.540374,CO(3-2),-255.6260,-221.618,star,18.178,2.545,14.179,512,20260825,True,False,,unattributed,,1.0067,1.0118,371070,2.001e+05,5.3751,6.6020,0.6236,0.996742
eta Crv,eta Crv,7,A002_X75bfbf_X1430,18.2437,346.669432,348.403807,15625000.0000,1734375000.0,786.24,,1.19412,5.99029,3.727382e+15,7.454763e+15,8.782436e+15,7.762650e+15,2.0826,1,1.306204e+16,1.826417e+16,1.731885e+16,1.924261e+16,4170.4394,3.598,5,0.2099,,coarse,B,2.8882,4.4303,4.3678,False,512,206,0.403509,0.325536,False,346.872557,CO(3-2),1076.5568,933.335,star,18.089,2.533,14.110,512,20260825,False,False,,,,1.0411,0.9455,448,404.3,4.0298,5.5037,0.6236,0.996710
eta Crv,eta Crv,7,A002_X122b6ff_X1041e,18.2437,342.474130,344.199228,488281.2500,1725097656.2,423.36,,3.40408,17.02059,3.309643e+14,6.619285e+14,7.798162e+14,6.892666e+14,2.0826,1,9.502209e+14,9.518797e+14,9.394616e+14,9.634708e+14,4120.0401,3.598,19,3.572,,fine,A,3.9730,5.3381,5.1029,False,512,387,0.756335,0.822612,False,342.880380,CO(3-2),-2915.6198,-2527.736,star,18.311,2.563,14.282,512,20260825,False,False,,,,1.0305,0.9925,63612,5.196e+04,5.1336,6.4097,0.0374,0.999988
eta Crv,eta Crv,7,A002_X11e10bc_X12662,18.2437,342.482582,344.207680,488281.2500,1725097656.2,2842.56,470,1.51385,7.56935,1.471855e+14,2.943710e+14,3.467977e+14,3.068573e+14,2.0848,1,4.225797e+14,4.233173e+14,4.177948e+14,4.284721e+14,4120.1416,3.598,148,23.99,0.9989,fine,A,4.8902,5.5627,5.8690,True,512,114,0.224172,0.150097,False,343.339516,CO(3-2),-2456.4845,-2129.682,star,18.310,2.563,14.282,512,20260825,False,False,,,,1.0290,1.0084,519498,3.364e+05,5.5210,6.7428,0.0432,0.999985
eta Crv,eta Crv,7,A002_X11e10bc_X12662,18.2437,345.768158,345.822052,61035.1562,53894043.0,2842.56,470,3.58969,17.94871,4.362642e+13,8.725284e+13,1.027923e+14,9.749497e+13,2.2348,1,1.252544e+14,1.254731e+14,1.238362e+14,1.270010e+14,4149.5413,3.598,1186,193.3,0.9319,fine,A,4.8275,6.1402,5.5082,False,512,223,0.436647,0.442495,False,345.811004,CO(3-2),15.0043,13.008,star,18.180,2.545,14.181,512,20260825,False,False,,,,1.0095,1.0086,1047540,6.505e+05,5.5865,6.7766,0.0432,0.999984
eta Crv,eta Crv,7,A002_X122b6ff_X1041e,18.2437,345.805940,345.859834,61035.1562,53894043.0,423.36,,8.21088,41.05489,9.978869e+13,1.995774e+14,2.351216e+14,2.078201e+14,2.0826,1,2.865001e+14,2.870003e+14,2.832561e+14,2.904951e+14,4149.9946,3.598,145,28.79,,fine,A,4.0915,5.7408,5.4157,False,512,413,0.807018,0.865497,False,345.822176,CO(3-2),26.1758,22.693,star,18.179,2.545,14.179,512,20260825,False,False,,,,1.0027,0.9916,127296,9.789e+04,5.1796,6.4155,0.0374,0.999988
eta Crv,eta Crv,7,A002_X11e10bc_X12662,18.2437,354.315582,356.040680,488281.2500,1725097656.2,2842.56,470,1.64562,8.22826,1.599979e+14,3.199959e+14,3.769863e+14,3.335941e+14,2.0850,1,4.593650e+14,4.601669e+14,4.541636e+14,4.657704e+14,4262.1376,3.598,154,24.81,0.9989,fine,A,4.5308,5.8356,5.9212,True,512,340,0.664717,0.608187,False,355.495758,CO(3-2),9699.7577,8409.334,star,17.700,2.478,13.806,512,20260825,False,False,,,,1.0320,0.9941,540702,4.654e+05,5.5486,6.7535,0.0432,0.999984
eta Crv,eta Crv,7,A002_X122b6ff_X1041e,18.2437,354.395914,356.121012,488281.2500,1725097656.2,423.36,,3.62129,18.10666,3.520827e+14,7.041653e+14,8.295752e+14,7.332478e+14,2.0826,1,1.010853e+15,1.012618e+15,9.994074e+14,1.024949e+15,4263.1016,3.598,20,3.696,,fine,A,4.1520,5.3545,5.1362,False,512,271,0.530214,0.608187,False,355.174723,CO(3-2),9378.7227,8131.009,star,17.696,2.477,13.803,512,20260825,False,False,,,,1.0228,1.0086,67146,3.985e+04,5.1035,6.3948,0.0374,0.999988
eta Crv,eta Crv,7,A002_X11e10bc_X12662,18.2437,356.190582,357.915680,488281.2500,1725097656.2,2842.56,470,1.85301,9.26519,1.801609e+14,3.603218e+14,4.244941e+14,3.756382e+14,2.0850,1,5.172542e+14,5.181571e+14,5.113973e+14,5.244668e+14,4284.6376,3.598,154,24.94,0.9988,fine,A,4.2364,5.8427,5.9162,True,512,499,0.974659,0.988304,False,356.954742,CO(3-2),11158.7421,9674.220,star,17.607,2.465,13.734,512,20260825,False,False,,,,1.0233,0.9986,540702,4.659e+05,5.5376,6.7400,0.0432,0.999983
eta Crv,eta Crv,7,A002_X122b6ff_X1041e,18.2437,356.275605,358.000702,488281.2500,1725097656.2,423.36,,4.09743,20.48739,3.983760e+14,7.967519e+14,9.386512e+14,8.296583e+14,2.0826,1,1.143765e+15,1.145761e+15,1.130814e+15,1.159713e+15,4285.6578,3.598,20,3.716,,fine,A,5.0059,5.4991,5.3508,False,512,11,0.023392,0.025341,False,357.281464,CO(3-2),11485.4640,9957.476,star,17.603,2.464,13.730,512,20260825,True,False,,unattributed,,1.0369,0.9785,67146,6.478e+04,5.1565,6.4199,0.0374,0.999987
eta Crv,eta Crv,8,A002_X128b034_X11ca9,18.2437,479.266358,481.094483,15625000.0000,1828125000.0,3072.38,,9.55994,47.80054,2.974330e+16,5.948660e+16,7.008100e+16,6.194344e+16,2.0826,1,1.042309e+17,1.457422e+17,1.381988e+17,1.535498e+17,5762.1650,3.598,6,1.133,,coarse,B,3.7304,4.5424,4.1817,False,512,20,0.040936,0.060429,False,479.922608,CO(4-3),18881.6076,12277.788,star,13.092,1.833,10.212,512,20260825,False,False,,,,1.0016,0.9530,590,440.1,3.9842,5.4295,0.0563,0.999983
eta Crv,eta Crv,8,A002_X12277ed_X22e53,18.2437,479.339378,481.167503,15625000.0000,1828125000.0,3072.38,508,19.63333,98.16739,6.108345e+16,1.221669e+17,1.439245e+17,1.272127e+17,2.0826,1,2.140577e+17,2.993089e+17,2.838172e+17,3.153433e+17,5763.0413,3.598,6,1.133,1.0000,coarse,B,2.9225,4.2604,3.5715,False,512,210,0.411306,0.304094,False,480.230003,CO(4-3),19189.0032,12477.672,star,13.090,1.833,10.211,512,20260825,False,False,,,,1.0400,0.9452,590,474.3,4.0640,5.5277,0.0373,0.999992
eta Crv,eta Crv,8,A002_X122b6ff_X18e15,18.2437,479.339436,481.167561,15625000.0000,1828125000.0,3072.38,,11.58377,57.91930,3.603957e+16,7.207914e+16,8.491624e+16,7.505606e+16,2.0826,1,1.262952e+17,1.765939e+17,1.674537e+17,1.860543e+17,5763.0420,3.598,6,1.133,,coarse,B,2.0635,4.4473,4.0973,False,512,509,0.994152,0.992203,False,479.589436,CO(4-3),18548.4357,12061.142,star,13.090,1.833,10.211,512,20260825,False,False,,,,1.0537,0.9430,590,511,4.1047,5.5726,0.0374,0.999992
eta Crv,eta Crv,8,A002_X128b034_X11ca9,18.2437,481.161858,482.989983,15625000.0000,1828125000.0,3072.38,,9.53523,47.67697,2.966641e+16,5.933282e+16,6.989984e+16,6.178331e+16,2.0826,1,1.039614e+17,1.453654e+17,1.378416e+17,1.531529e+17,5784.9110,3.598,6,1.138,,coarse,B,3.4183,4.5687,4.0867,False,512,55,0.109162,0.146199,False,482.880608,CO(4-3),21839.6076,14201.231,star,13.041,1.826,10.172,512,20260825,False,False,,,,1.0119,0.9555,590,438.3,4.0093,5.4643,0.0563,0.999982
eta Crv,eta Crv,8,A002_X12277ed_X22e53,18.2437,481.234878,483.063003,15625000.0000,1828125000.0,3072.38,508,19.82414,99.12147,6.167712e+16,1.233542e+17,1.453233e+17,1.284491e+17,2.0826,1,2.161381e+17,3.022179e+17,2.865756e+17,3.184081e+17,5785.7873,3.598,6,1.138,1.0000,coarse,B,2.7099,4.6524,4.1035,False,512,320,0.625731,0.623782,False,481.469253,CO(4-3),20428.2532,13283.496,star,13.039,1.825,10.170,512,20260825,False,False,,,,1.0622,0.9641,590,466.9,4.1441,5.6389,0.0373,0.999992
eta Crv,eta Crv,8,A002_X122b6ff_X18e15,18.2437,481.234936,483.063061,15625000.0000,1828125000.0,3072.38,,11.72177,58.60931,3.646893e+16,7.293785e+16,8.592788e+16,7.595024e+16,2.0826,1,1.277998e+17,1.786977e+17,1.694487e+17,1.882708e+17,5785.7880,3.598,6,1.138,,coarse,B,2.7395,4.8665,4.0053,False,512,295,0.576998,0.450292,False,482.844311,CO(4-3),21803.3107,14177.629,star,13.039,1.825,10.170,512,20260825,False,False,,,,0.9882,0.9726,590,339.4,3.9373,5.4022,0.0374,0.999992
eta Crv,eta Crv,8,A002_X128b034_X11ca9,18.2437,492.111272,492.165166,61035.1562,53894043.0,2056.32,,186.07122,930.37312,2.261380e+15,4.522760e+15,5.328251e+15,4.709553e+15,2.0826,1,6.492576e+15,6.503910e+15,6.419061e+15,6.583109e+15,5905.6586,3.598,1092,199,,fine,A,4.4573,6.0694,5.3546,False,512,480,0.937622,0.966862,False,492.125127,CO(4-3),31084.1272,20212.491,star,12.774,1.788,9.964,512,20260825,False,False,,,,1.0230,1.0119,964444,6.433e+05,5.6310,6.8314,0.0563,0.999982
eta Crv,eta Crv,8,A002_X12277ed_X22e53,18.2437,492.185959,492.239853,61035.1562,53894043.0,2056.32,340,261.77609,1308.89100,3.181412e+15,6.362823e+15,7.496025e+15,7.659983e+15,2.4077,1,9.134050e+15,9.149994e+15,9.030625e+15,9.261415e+15,5906.5549,3.598,1109,199,0.8650,fine,A,4.7949,5.9671,5.6042,False,512,247,0.483431,0.444444,False,492.207565,CO(4-3),31166.5650,20266.096,star,12.772,1.788,9.962,512,20260825,False,False,,,,1.0035,1.0088,979472,6.416e+05,5.5680,6.7551,0.0373,0.999992
eta Crv,eta Crv,8,A002_X122b6ff_X18e15,18.2437,492.186016,492.239910,61035.1562,53894043.0,2056.32,,229.02015,1145.11003,2.783323e+15,5.566646e+15,6.558050e+15,5.796552e+15,2.0826,1,7.991110e+15,8.005059e+15,7.900627e+15,8.102538e+15,5906.5556,3.598,1091,199,,fine,A,4.7127,6.1316,5.6945,False,512,332,0.649123,0.612086,False,492.216778,CO(4-3),31175.7778,20272.087,star,12.772,1.788,9.962,512,20260825,False,False,,,,1.0005,1.0060,963560,7.859e+05,5.5876,6.7654,0.0374,0.999992
eta Crv,eta Crv,8,A002_X128b034_X11ca9,18.2437,493.223415,495.051540,15625000.0000,1828125000.0,3072.38,,11.70661,58.53412,3.642214e+16,7.284427e+16,8.581764e+16,7.585279e+16,2.0826,1,1.276358e+17,1.784685e+17,1.692313e+17,1.880293e+17,5929.6497,3.598,6,1.166,,coarse,B,4.1682,4.6133,4.2625,False,512,11,0.023392,0.005848,False,494.067165,CO(4-3),33026.1647,21475.303,star,12.723,1.781,9.924,512,20260825,False,False,,,,1.0140,0.9412,590,495.2,4.0121,5.4512,0.0563,0.999982
eta Crv,eta Crv,8,A002_X12277ed_X22e53,18.2437,493.297378,495.125503,15625000.0000,1828125000.0,3072.38,508,22.96893,114.84558,7.146125e+16,1.429225e+17,1.683766e+17,1.488256e+17,2.0826,1,2.504251e+17,3.501601e+17,3.320365e+17,3.689187e+17,5930.5373,3.598,6,1.166,1.0000,coarse,B,2.2767,4.4682,3.7294,False,512,483,0.943470,0.922027,False,494.094253,CO(4-3),33053.2532,21492.917,star,12.721,1.781,9.922,512,20260825,False,False,,,,1.0682,0.9385,590,598.5,4.1615,5.6278,0.0373,0.999992
eta Crv,eta Crv,8,A002_X122b6ff_X18e15,18.2437,493.297436,495.125561,15625000.0000,1828125000.0,3072.38,,15.53466,77.67393,4.833165e+16,9.666331e+16,1.138788e+17,1.006556e+17,2.0826,1,1.693709e+17,2.368251e+17,2.245675e+17,2.495122e+17,5930.5380,3.598,6,1.166,,coarse,B,2.9329,4.6963,3.9209,False,512,214,0.419103,0.350877,False,494.766186,CO(4-3),33725.1857,21929.842,star,12.721,1.781,9.922,512,20260825,False,False,,,,1.0470,0.9461,590,496.9,4.0906,5.5574,0.0374,0.999992
HD53143 Gaia DR3 5479222240596469632,HD53143 Gaia DR3 5479222240596469632,6,A002_X10a341d_X82d2,18.3401,214.565578,216.393703,15625000.0000,1828125000.0,2509.92,249,2.71274,13.56377,8.529356e+15,1.705871e+16,2.009682e+16,1.776327e+16,2.0826,1,2.988983e+16,4.179384e+16,3.963067e+16,4.403280e+16,2585.7557,3.598,4,0.4154,1.0000,coarse,B,3.1997,4.0350,3.8506,False,512,61,0.120858,0.040936,False,216.268703,SiO(5-4),-836.2973,-1154.813,star,29.175,4.085,22.757,512,20260825,False,False,,,,0.9767,0.9720,354,234.9,3.8275,5.3053,0.0555,0.999997
HD53143 Gaia DR3 5479222240596469632,HD53143 Gaia DR3 5479222240596469632,6,A002_X10a341d_Xdc45,18.3401,214.565622,216.393747,15625000.0000,1828125000.0,453.60,,5.27082,26.35420,1.657241e+16,3.314481e+16,3.904781e+16,3.451372e+16,2.0826,1,5.807548e+16,8.120479e+16,7.700177e+16,8.555505e+16,2585.7562,3.598,2,0.07507,,coarse,B,2.6261,4.7283,3.0458,False,512,211,0.413255,0.539961,False,215.471872,SiO(5-4),-1633.1280,-2255.128,star,29.175,4.085,22.757,512,20260825,False,False,,,,1.0221,0.9820,118,135.1,3.8009,5.3565,0.0555,0.999997
HD53143 Gaia DR3 5479222240596469632,HD53143 Gaia DR3 5479222240596469632,6,A002_X10a513c_X3b99,18.3401,214.565682,216.393807,15625000.0000,1828125000.0,2509.92,,2.99768,14.98846,9.425247e+15,1.885049e+16,2.220771e+16,1.962903e+16,2.0826,1,3.302934e+16,4.618371e+16,4.379332e+16,4.865784e+16,2585.7569,3.598,4,0.4154,,coarse,B,2.5179,4.1107,3.2382,False,512,321,0.627680,0.594542,False,215.893807,SiO(5-4),-1211.1929,-1672.493,star,29.175,4.085,22.757,512,20260825,False,False,,,,0.9997,1.0087,354,154.8,3.8429,5.3928,0.0554,0.999997
HD53143 Gaia DR3 5479222240596469632,HD53143 Gaia DR3 5479222240596469632,6,A002_X10a513c_X389e,18.3401,214.565726,216.393851,15625000.0000,1828125000.0,2509.92,,2.52411,12.62059,7.936250e+15,1.587250e+16,1.869935e+16,1.652805e+16,2.0826,1,2.781138e+16,3.888763e+16,3.687487e+16,4.097089e+16,2585.7575,3.598,4,0.4154,,coarse,B,2.6045,4.4040,3.8722,False,512,275,0.538012,0.532164,False,214.753226,SiO(5-4),-2351.7741,-3247.480,star,29.175,4.085,22.757,512,20260825,False,False,,,,1.0707,0.9797,354,198.5,3.9856,5.5514,0.0554,0.999997
HD53143 Gaia DR3 5479222240596469632,HD53143 Gaia DR3 5479222240596469632,6,A002_X10b33b1_X1ca0,18.3401,214.566812,216.394937,15625000.0000,1828125000.0,2509.92,,1.68605,8.43029,5.301248e+15,1.060250e+16,1.249077e+16,1.104039e+16,2.0826,1,1.857742e+16,2.597611e+16,2.463164e+16,2.736769e+16,2585.7705,3.598,4,0.4154,,coarse,B,4.0092,4.5583,4.2629,False,512,7,0.015595,0.025341,False,214.816812,SiO(5-4),-2288.1882,-3159.676,star,29.175,4.085,22.757,512,20260825,False,False,,,,1.0067,0.9888,354,231.6,3.9159,5.4301,0.0550,0.999997
HD53143 Gaia DR3 5479222240596469632,HD53143 Gaia DR3 5479222240596469632,6,A002_X10a341d_X82d2,18.3401,216.565578,218.393703,15625000.0000,1828125000.0,2509.92,249,2.71976,13.59887,8.551429e+15,1.710286e+16,2.014883e+16,1.780924e+16,2.0826,1,2.996718e+16,4.190200e+16,3.973323e+16,4.414675e+16,2609.7557,3.598,4,0.4192,1.0000,coarse,B,2.7255,3.9525,3.8096,False,512,203,0.397661,0.493177,False,217.299953,SiO(5-4),194.9527,269.203,star,28.907,4.047,22.548,512,20260825,False,False,,,,1.0595,0.9746,354,190.1,3.9432,5.4995,0.0555,0.999997
HD53143 Gaia DR3 5479222240596469632,HD53143 Gaia DR3 5479222240596469632,6,A002_X10a341d_Xdc45,18.3401,216.565622,218.393747,15625000.0000,1828125000.0,453.60,,5.06155,25.30786,1.591443e+16,3.182887e+16,3.749750e+16,3.314342e+16,2.0826,1,5.576971e+16,7.798073e+16,7.394458e+16,8.215826e+16,2609.7562,3.598,2,0.07576,,coarse,B,2.9835,4.4680,3.7898,False,512,97,0.191033,0.109162,False,217.815622,H2CO,-406.3780,-558.280,star,28.907,4.047,22.548,512,20260825,False,False,,,,0.9672,0.9955,118,130.3,3.7135,5.2395,0.0555,0.999997
HD53143 Gaia DR3 5479222240596469632,HD53143 Gaia DR3 5479222240596469632,6,A002_X10a513c_X3b99,18.3401,216.565682,218.393807,15625000.0000,1828125000.0,2509.92,,2.95245,14.76230,9.283033e+15,1.856607e+16,2.187263e+16,1.933286e+16,2.0826,1,3.253098e+16,4.548686e+16,4.313254e+16,4.792366e+16,2609.7569,3.598,4,0.4192,,coarse,B,3.0983,4.2154,3.5981,False,512,87,0.171540,0.189084,False,217.971932,H2CO,-250.0679,-343.542,star,28.907,4.047,22.548,512,20260825,False,False,,,,1.0559,0.9509,354,292.3,3.9942,5.5025,0.0554,0.999997
HD53143 Gaia DR3 5479222240596469632,HD53143 Gaia DR3 5479222240596469632,6,A002_X10a513c_X389e,18.3401,216.565726,218.393851,15625000.0000,1828125000.0,2509.92,,2.49527,12.47639,7.845572e+15,1.569114e+16,1.848569e+16,1.633920e+16,2.0826,1,2.749361e+16,3.844330e+16,3.645354e+16,4.050276e+16,2609.7575,3.598,4,0.4192,,coarse,B,2.9598,4.1252,3.5677,False,512,124,0.243665,0.179337,False,217.315726,SiO(5-4),210.7259,290.984,star,28.907,4.047,22.548,512,20260825,False,False,,,,1.0798,0.9935,354,188.2,4.0165,5.6032,0.0554,0.999997
HD53143 Gaia DR3 5479222240596469632,HD53143 Gaia DR3 5479222240596469632,6,A002_X10b33b1_X1ca0,18.3401,216.566812,218.394937,15625000.0000,1828125000.0,2509.92,,1.64665,8.23326,5.177351e+15,1.035470e+16,1.219885e+16,1.078236e+16,2.0826,1,1.814324e+16,2.536902e+16,2.405596e+16,2.672807e+16,2609.7705,3.598,4,0.4192,,coarse,B,2.9006,4.4808,3.2570,False,512,142,0.278752,0.253411,False,217.832437,H2CO,-389.5632,-535.180,star,28.907,4.047,22.547,512,20260825,False,False,,,,0.9217,0.9522,354,250.5,3.6951,5.1124,0.0550,0.999997
HD53143 Gaia DR3 5479222240596469632,HD53143 Gaia DR3 5479222240596469632,6,A002_X10a341d_X82d2,18.3401,229.601226,231.442047,976562.5000,1840820312.5,2509.92,249,14.62183,73.10945,2.873355e+15,3.385092e+15,5.641820e+15,3.832425e+15,1.3338,2,8.249599e+15,8.264000e+15,8.156189e+15,8.364632e+15,2766.2596,3.598,36,7.11,0.9997,fine,A,3.9614,5.5741,4.7702,False,512,447,0.873294,0.898635,False,229.904937,CO(2-1),-633.0628,-823.237,star,27.272,3.818,21.272,512,20260825,False,False,,,,1.0200,1.0221,66010,4.579e+04,5.1577,6.4506,0.0555,0.999996
HD53143 Gaia DR3 5479222240596469632,HD53143 Gaia DR3 5479222240596469632,6,A002_X10a341d_Xdc45,18.3401,229.601271,231.442091,976562.5000,1840820312.5,453.60,,27.34031,136.70207,5.372680e+15,6.329539e+15,1.054923e+16,7.163573e+15,1.3333,2,1.542533e+16,1.545226e+16,1.525067e+16,1.564042e+16,2766.2602,3.598,7,1.285,,fine,A,3.7973,4.9332,4.5178,False,512,270,0.528265,0.557505,False,231.279981,CO(2-1),741.9814,964.875,star,27.272,3.818,21.272,512,20260825,False,False,,,,1.0211,1.0111,11316,8941,4.8060,6.1576,0.0555,0.999996
HD53143 Gaia DR3 5479222240596469632,HD53143 Gaia DR3 5479222240596469632,6,A002_X10a513c_X3b99,18.3401,229.601331,231.442151,976562.5000,1840820312.5,2509.92,,16.34038,81.70221,3.211069e+15,3.782952e+15,6.304919e+15,4.281425e+15,1.3333,2,9.219198e+15,9.235291e+15,9.114809e+15,9.347751e+15,2766.2609,3.598,36,7.11,,fine,A,4.2827,5.2859,4.9813,False,512,215,0.421053,0.545809,False,231.079846,CO(2-1),541.8463,704.619,star,27.272,3.818,21.272,512,20260825,False,False,,,,1.0334,1.0133,66010,4.484e+04,5.1652,6.4618,0.0554,0.999996
HD53143 Gaia DR3 5479222240596469632,HD53143 Gaia DR3 5479222240596469632,6,A002_X10a513c_X389e,18.3401,229.601374,231.442195,976562.5000,1840820312.5,2509.92,,13.64322,68.21637,2.681047e+15,3.158534e+15,5.264223e+15,3.574729e+15,1.3333,2,7.697469e+15,7.710905e+15,7.610310e+15,7.804802e+15,2766.2614,3.598,36,7.11,,fine,A,4.5804,5.3308,5.3825,True,512,77,0.152047,0.175439,False,231.225398,CO(2-1),687.3979,893.895,star,27.272,3.818,21.272,512,20260825,False,False,,,,1.0048,1.0109,66010,5.124e+04,5.1125,6.3845,0.0554,0.999996
HD53143 Gaia DR3 5479222240596469632,HD53143 Gaia DR3 5479222240596469632,6,A002_X10b33b1_X1ca0,18.3401,229.602460,231.443281,976562.5000,1840820312.5,2509.92,,8.83238,44.16205,1.735662e+15,2.044778e+15,3.407964e+15,2.314216e+15,1.3333,2,4.983203e+15,4.991902e+15,4.926778e+15,5.052689e+15,2766.2744,3.598,37,7.11,,fine,A,4.1092,5.4460,4.9376,False,512,371,0.725146,0.828460,False,229.712812,CO(2-1),-825.1881,-1073.078,star,27.272,3.818,21.272,512,20260825,False,False,,,,1.0221,1.0249,67896,4.557e+04,5.1691,6.4652,0.0550,0.999996
HD53143 Gaia DR3 5479222240596469632,HD53143 Gaia DR3 5479222240596469632,6,A002_X10a341d_X82d2,18.3401,231.565574,233.393699,15625000.0000,1828125000.0,2509.92,249,2.89029,14.45149,9.087586e+15,1.817517e+16,2.141212e+16,1.892584e+16,2.0826,1,3.184606e+16,4.452917e+16,4.222442e+16,4.691466e+16,2789.7556,3.598,4,0.4481,1.0000,coarse,B,2.7707,4.8910,3.9047,False,512,205,0.401559,0.315789,False,232.690574,CO(2-1),2152.5739,2799.215,star,27.042,3.786,21.093,512,20260825,False,False,,,,1.0878,0.9616,354,253.2,4.0438,5.5932,0.0555,0.999996
HD53143 Gaia DR3 5479222240596469632,HD53143 Gaia DR3 5479222240596469632,6,A002_X10a341d_Xdc45,18.3401,231.565618,233.393743,15625000.0000,1828125000.0,453.60,,5.40534,27.02682,1.699537e+16,3.399075e+16,4.004440e+16,3.539459e+16,2.0826,1,5.955770e+16,8.327733e+16,7.896704e+16,8.773861e+16,2789.7562,3.598,2,0.08099,,coarse,B,2.6124,4.0455,3.4852,False,512,186,0.364522,0.549708,False,233.284368,CO(2-1),2746.3682,3571.387,star,27.042,3.786,21.093,512,20260825,False,False,,,,1.0605,0.9791,118,124.4,3.8473,5.4362,0.0555,0.999996
HD53143 Gaia DR3 5479222240596469632,HD53143 Gaia DR3 5479222240596469632,6,A002_X10a513c_X3b99,18.3401,231.565678,233.393803,15625000.0000,1828125000.0,2509.92,,3.19817,15.99092,1.005563e+16,2.011125e+16,2.369301e+16,2.094186e+16,2.0826,1,3.523842e+16,4.927257e+16,4.672231e+16,5.191218e+16,2789.7569,3.598,4,0.4481,,coarse,B,3.3629,4.6961,3.7881,False,512,51,0.101365,0.060429,False,233.096928,CO(2-1),2558.9283,3327.640,star,27.042,3.786,21.093,512,20260825,False,False,,,,1.0457,0.9765,354,245.8,3.9829,5.5135,0.0554,0.999996
HD53143 Gaia DR3 5479222240596469632,HD53143 Gaia DR3 5479222240596469632,6,A002_X10a513c_X389e,18.3401,231.565722,233.393847,15625000.0000,1828125000.0,2509.92,,2.67832,13.39167,8.421134e+15,1.684227e+16,1.984183e+16,1.753787e+16,2.0826,1,2.951058e+16,4.126356e+16,3.912783e+16,4.347411e+16,2789.7574,3.598,4,0.4481,,coarse,B,2.5575,4.0510,3.4269,False,512,321,0.627680,0.715400,False,232.346972,CO(2-1),1808.9721,2352.394,star,27.042,3.786,21.093,512,20260825,False,False,,,,1.0230,0.9628,354,269.6,3.9332,5.4307,0.0554,0.999996
HD53143 Gaia DR3 5479222240596469632,HD53143 Gaia DR3 5479222240596469632,6,A002_X10b33b1_X1ca0,18.3401,231.566808,233.394933,15625000.0000,1828125000.0,2509.92,,1.74837,8.74188,5.497187e+15,1.099437e+16,1.295244e+16,1.144845e+16,2.0826,1,1.926406e+16,2.693622e+16,2.554205e+16,2.837923e+16,2789.7704,3.598,4,0.4481,,coarse,B,2.2191,4.5075,2.8422,False,512,456,0.890838,0.890838,False,233.207433,CO(2-1),2669.4330,3471.340,star,27.042,3.786,21.093,512,20260825,False,False,,,,1.0749,0.9800,354,215.8,4.0150,5.5788,0.0550,0.999996
HD53143 Gaia DR3 5479222240596469632,HD53143 Gaia DR3 5479222240596469632,6,A002_Xd9668b_X3f6e,18.3401,229.664382,231.389968,976562.5000,1725585937.5,2963.52,,0.90720,4.53602,1.782753e+14,2.100256e+14,3.500427e+14,2.377003e+14,1.3333,2,5.118404e+14,5.127339e+14,5.060449e+14,5.189775e+14,2766.3261,3.598,40,8.395,,fine,A,4.3913,6.2183,4.9475,False,512,175,0.343080,0.290448,False,,CO(2-1),-196.8600,-255.997,star,27.271,3.818,21.271,512,20260825,False,False,,,,1.0439,1.0332,68952,4.177e+04,5.2276,6.5461,0.0501,0.999991
HD53143 Gaia DR3 5479222240596469632,HD53143 Gaia DR3 5479222240596469632,6,A002_Xd9668b_X3f6e,18.3401,231.567533,233.395658,15625000.0000,1828125000.0,3471.55,,0.15619,0.78096,4.910913e+14,9.821826e+14,1.157107e+15,1.022747e+15,2.0826,1,1.720955e+15,2.406347e+15,2.281799e+15,2.535259e+15,2789.7791,3.598,4,0.6198,,coarse,B,2.6514,4.8473,3.9115,False,512,297,0.580897,0.524366,False,,CO(2-1),1060.7832,1379.446,star,27.042,3.786,21.093,512,20260825,False,False,,,,0.9695,0.9563,354,314.1,3.8493,5.2926,0.0501,0.999990
HD53143 Gaia DR3 5479222240596469632,HD53143 Gaia DR3 5479222240596469632,6,A002_Xd9668b_X3f6e,18.3401,244.066544,245.894669,15625000.0000,1828125000.0,3471.55,,0.16845,0.84225,5.296361e+14,1.059272e+15,1.247926e+15,1.103021e+15,2.0826,1,1.856029e+15,2.595217e+15,2.460893e+15,2.734247e+15,2939.7673,3.598,4,0.6532,,coarse,B,3.4240,4.5394,5.1047,True,512,45,0.089669,0.126706,False,,CS(5-4),646.1687,790.886,star,25.662,3.593,20.016,512,20260825,False,False,,,,1.0231,1.0211,354,187.9,3.9597,5.5243,0.0501,0.999989
HD53143 Gaia DR3 5479222240596469632,HD53143 Gaia DR3 5479222240596469632,6,A002_Xd9668b_X3f6e,18.3401,246.066385,247.894510,15625000.0000,1828125000.0,3471.55,,0.18274,0.91370,5.745680e+14,1.149136e+15,1.353794e+15,1.196596e+15,2.0826,1,2.013486e+15,2.815383e+15,2.669664e+15,2.966207e+15,2963.7654,3.598,4,0.6585,,coarse,B,2.3055,4.4052,4.0803,False,512,439,0.857700,0.871345,False,,CS(5-4),1958.5104,2397.143,star,25.454,3.564,19.854,512,20260825,False,False,,,,1.0020,0.9727,354,300,3.9361,5.4187,0.0501,0.999989
Wolf 219,Wolf 219,6,A002_Xb25e1a_Xed74,18.8830,215.199158,216.933533,15625000.0000,1734375000.0,60.48,10,1.29933,6.53249,4.354629e+15,8.709258e+15,1.026035e+16,9.068960e+15,2.0826,1,1.526014e+16,2.133768e+16,2.023328e+16,2.248077e+16,2592.7961,3.598,2,0.01004,1.0000,coarse,B,2.0037,4.1735,3.7730,False,512,453,0.884990,0.851852,False,216.621033,SiO(5-4),-483.9671,-668.293,star,29.096,4.073,22.695,512,20260825,False,False,,,,1.0554,1.0262,112,92.4,3.8486,5.4916,1.2966,0.994510
Wolf 219,Wolf 219,6,A002_Xb2f730_X9e28,18.8830,215.204154,216.938529,15625000.0000,1734375000.0,60.48,,1.55044,7.79505,5.196263e+15,1.039253e+16,1.224341e+16,1.082175e+16,2.0826,1,1.820951e+16,2.546169e+16,2.414384e+16,2.682571e+16,2592.8561,3.598,2,0.01004,,coarse,B,2.0035,4.2303,3.5299,False,512,465,0.908382,0.918129,False,,SiO(5-4),-260.2207,-359.329,star,29.096,4.073,22.695,512,20260825,False,False,,,,1.1088,1.0640,112,82.15,3.9847,5.7088,1.2971,0.994505
Wolf 219,Wolf 219,6,A002_Xb25e1a_Xed74,18.8830,217.092573,218.826948,15625000.0000,1734375000.0,60.48,10,1.29365,6.50458,4.336023e+15,8.672046e+15,1.021651e+16,9.030212e+15,2.0826,1,1.519493e+16,2.124651e+16,2.014683e+16,2.238472e+16,2615.5171,3.598,2,0.01012,1.0000,coarse,B,2.2161,4.4461,4.1141,False,512,373,0.729045,0.580897,False,218.811323,H2CO,589.3234,809.610,star,28.844,4.038,22.498,512,20260825,False,False,,,,1.0588,0.9628,112,126,3.8164,5.3904,1.2966,0.994413
Wolf 219,Wolf 219,6,A002_Xb2f730_X9e28,18.8830,217.097757,218.832132,15625000.0000,1734375000.0,60.48,,1.55780,7.83278,5.221411e+15,1.044282e+16,1.230266e+16,1.087412e+16,2.0826,1,1.829764e+16,2.558492e+16,2.426069e+16,2.695554e+16,2615.5793,3.598,2,0.01012,,coarse,B,2.3405,4.5088,4.5595,False,512,326,0.637427,0.627680,False,,H2CO,94.5067,129.833,star,28.843,4.038,22.497,512,20260825,False,False,,,,0.8943,0.9666,112,132.2,3.5242,4.9700,1.2971,0.994408
Wolf 219,Wolf 219,6,A002_Xb25e1a_Xed74,18.8830,229.264212,230.989310,488281.2500,1725097656.2,60.48,10,8.03970,40.45035,8.426446e+14,1.685289e+15,1.985435e+15,1.755737e+15,2.0836,1,2.419290e+15,2.423513e+15,2.391896e+15,2.453025e+15,2761.5211,3.598,3,0.3421,0.9995,fine,A,3.9031,5.7618,4.5452,False,512,157,0.307992,0.364522,False,230.762259,CO(2-1),224.2590,291.627,star,27.319,3.825,21.308,512,20260825,False,False,,,,1.0389,0.9926,7068,8596,4.7962,6.1491,1.2966,0.993774
Wolf 219,Wolf 219,6,A002_Xb2f730_X9e28,18.8830,229.269395,230.994493,488281.2500,1725097656.2,60.48,,10.04007,50.51516,1.052311e+15,2.104621e+15,2.479448e+15,2.191543e+15,2.0826,1,3.021255e+15,3.026529e+15,2.987046e+15,3.063384e+15,2761.5833,3.598,3,0.3421,,fine,A,3.8374,5.1334,4.7001,False,512,185,0.362573,0.376218,False,,CO(2-1),-581.1046,-755.671,star,27.318,3.825,21.308,512,20260825,False,False,,,,1.0373,1.0111,7068,6187,4.7672,6.1458,1.2971,0.993768
Wolf 219,Wolf 219,6,A002_Xb25e1a_Xed74,18.8830,231.592573,233.326948,15625000.0000,1734375000.0,60.48,10,1.35180,6.80221,4.534427e+15,9.068854e+15,1.068399e+16,9.443408e+15,2.0826,1,1.589021e+16,2.221869e+16,2.106869e+16,2.340898e+16,2789.5171,3.598,2,0.0108,1.0000,coarse,B,2.0684,4.0926,4.1984,False,512,442,0.863548,0.865497,False,232.733198,CO(2-1),2195.1984,2854.644,star,27.044,3.786,21.095,512,20260825,False,False,,,,1.0190,0.9938,112,115.9,3.7791,5.3520,1.2966,0.993648
Wolf 219,Wolf 219,6,A002_Xb2f730_X9e28,18.8830,231.597757,233.332132,15625000.0000,1734375000.0,60.48,,1.61991,8.15136,5.433780e+15,1.086756e+16,1.280304e+16,1.131640e+16,2.0826,1,1.904186e+16,2.662552e+16,2.524743e+16,2.805189e+16,2789.5793,3.598,2,0.0108,,coarse,B,2.4857,4.3628,4.3877,False,512,293,0.573099,0.596491,False,,CO(2-1),2419.1317,3145.848,star,27.044,3.786,21.094,512,20260825,False,False,,,,1.0434,1.0283,112,108.8,3.8731,5.4965,1.2971,0.993642
bet Pic,bet Pic,3,A002_Xf5d76d_Xeb8,19.6345,100.097217,101.925342,15625000.0000,1828125000.0,2534.11,,0.14237,0.71186,5.130581e+14,1.026116e+15,1.208865e+15,1.068496e+15,2.0826,1,1.797934e+15,2.513985e+15,2.383865e+15,2.648662e+15,1212.1354,3.598,2,0.1966,,coarse,B,2.2138,4.4696,3.6892,False,512,409,0.799220,0.742690,False,,HCO+(1-0),11626.9669,39081.916,star,62.238,8.713,48.546,512,20260825,False,False,,,,1.0031,1.0352,118,105.7,3.8033,5.4025,0.0716,0.999996
bet Pic,bet Pic,3,A002_Xf5d76d_Xe19,19.6345,100.097237,101.925362,15625000.0000,1828125000.0,2534.11,,0.16320,0.81600,5.881154e+14,1.176231e+15,1.385714e+15,1.224810e+15,2.0826,1,2.060961e+15,2.881766e+15,2.732610e+15,3.036146e+15,1212.1356,3.598,2,0.1966,,coarse,B,2.3878,4.3823,3.4174,False,512,313,0.612086,0.592593,False,,CN(1-0),-11643.7632,-30757.614,star,62.238,8.713,48.546,512,20260825,False,False,,,,1.0945,0.9874,118,126,3.9304,5.5515,0.0716,0.999996
bet Pic,bet Pic,3,A002_Xf5d76d_Xcc5,19.6345,100.097263,101.925388,15625000.0000,1828125000.0,2534.11,,0.32426,1.62132,1.168531e+15,2.337063e+15,2.753287e+15,2.433585e+15,2.0826,1,4.094940e+15,5.725804e+15,5.429446e+15,6.032543e+15,1212.1359,3.598,2,0.1966,,coarse,B,3.5024,4.4188,3.9619,False,512,20,0.040936,0.029240,False,,CN(1-0),-11784.3615,-31129.012,star,62.238,8.713,48.545,512,20260825,False,False,,,,0.9557,0.9773,118,131.7,3.6599,5.1621,0.0716,0.999996
bet Pic,bet Pic,3,A002_Xf5d76d_X32f1,19.6345,100.097291,101.925416,15625000.0000,1828125000.0,1463.62,242,0.22320,1.11602,8.043495e+14,1.608699e+15,1.895204e+15,1.675139e+15,2.0826,1,2.818720e+15,3.941312e+15,3.737317e+15,4.152454e+15,1212.1362,3.598,2,0.1135,1.0000,coarse,B,2.7847,4.3591,4.0685,False,512,150,0.294347,0.251462,False,100.362916,HCO+(1-0),11173.9159,37559.068,star,62.238,8.713,48.545,512,20260825,False,False,,,,1.1090,1.0102,118,108.1,3.9602,5.6212,0.0714,0.999996
bet Pic,bet Pic,3,A002_Xf4df6f_Xc7,19.6345,100.098838,101.926963,15625000.0000,1828125000.0,3598.56,,0.10797,0.53983,3.890711e+14,7.781421e+14,9.167271e+14,8.102799e+14,2.0826,1,1.363440e+15,1.906448e+15,1.807774e+15,2.008579e+15,1212.1548,3.598,3,0.2792,,coarse,B,3.7463,4.6018,4.1497,False,512,6,0.013645,0.013645,False,,HCO+(1-0),11941.0884,40137.778,star,62.237,8.713,48.545,512,20260825,False,False,,,,1.0137,0.9662,236,228.8,3.8824,5.3855,0.0778,0.999996
bet Pic,bet Pic,3,A002_Xf5d76d_Xeb8,19.6345,101.992717,103.820842,15625000.0000,1828125000.0,2534.11,,0.14128,0.70640,5.091261e+14,1.018252e+15,1.199600e+15,1.060307e+15,2.0826,1,1.784155e+15,2.494718e+15,2.365596e+15,2.628364e+15,1234.8814,3.598,2,0.2003,,coarse,B,2.2819,3.9448,3.6766,False,512,365,0.713450,0.730994,False,,CN(1-0),-10763.9081,-28433.431,star,61.091,8.553,47.651,512,20260825,False,False,,,,0.9461,0.9910,118,123.8,3.6527,5.1620,0.0716,0.999996
bet Pic,bet Pic,3,A002_Xf5d76d_Xe19,19.6345,101.992737,103.820862,15625000.0000,1828125000.0,2534.11,,0.15964,0.79822,5.753034e+14,1.150607e+15,1.355527e+15,1.198128e+15,2.0826,1,2.016063e+15,2.818987e+15,2.673081e+15,2.970004e+15,1234.8816,3.598,2,0.2003,,coarse,B,1.9984,4.3294,4.2069,False,512,475,0.927875,0.949318,False,,CN(1-0),-10779.5132,-28474.652,star,61.091,8.553,47.651,512,20260825,False,False,,,,0.9929,1.0326,118,98.9,3.7623,5.3562,0.0716,0.999996
bet Pic,bet Pic,3,A002_Xf5d76d_Xcc5,19.6345,101.992763,103.820888,15625000.0000,1828125000.0,2534.11,,0.32427,1.62137,1.168566e+15,2.337132e+15,2.753369e+15,2.433657e+15,2.0826,1,4.095062e+15,5.725973e+15,5.429607e+15,6.032722e+15,1234.8819,3.598,2,0.2003,,coarse,B,2.1717,4.1746,3.4901,False,512,410,0.801170,0.902534,False,,CN(1-0),-9982.6115,-26369.594,star,61.091,8.553,47.651,512,20260825,False,False,,,,1.0643,0.9968,118,110.3,3.8569,5.4709,0.0716,0.999996
bet Pic,bet Pic,3,A002_Xf5d76d_X32f1,19.6345,101.992791,103.820916,15625000.0000,1828125000.0,1463.62,242,0.22031,1.10154,7.939116e+14,1.587823e+15,1.870610e+15,1.653402e+15,2.0826,1,2.782142e+15,3.890167e+15,3.688819e+15,4.098569e+15,1234.8822,3.598,2,0.1157,1.0000,coarse,B,2.3551,4.1083,3.5937,False,512,333,0.651072,0.680312,False,102.774041,CN(1-0),-10716.9591,-28309.412,star,61.091,8.553,47.651,512,20260825,False,False,,,,1.0031,0.9889,118,128.7,3.7660,5.3156,0.0714,0.999996
bet Pic,bet Pic,3,A002_Xf4df6f_Xc7,19.6345,101.994338,103.822463,15625000.0000,1828125000.0,3598.56,,0.10592,0.52960,3.816994e+14,7.633989e+14,8.993581e+14,7.949278e+14,2.0826,1,1.337608e+15,1.870327e+15,1.773522e+15,1.970523e+15,1234.9008,3.598,3,0.2844,,coarse,B,2.1345,4.4605,4.4207,False,512,484,0.945419,0.935673,False,,CN(1-0),-10809.1616,-28552.970,star,61.090,8.553,47.651,512,20260825,False,False,,,,0.9861,0.9292,236,363.4,3.8613,5.2883,0.0778,0.999996
bet Pic,bet Pic,3,A002_Xf5d76d_Xeb8,19.6345,112.597217,114.425342,15625000.0000,1828125000.0,2534.11,,0.20644,1.03221,7.439408e+14,1.487882e+15,1.752869e+15,1.549332e+15,2.0826,1,2.607027e+15,3.645310e+15,3.456635e+15,3.840595e+15,1362.1354,3.598,2,0.2209,,coarse,B,2.2687,4.2359,3.8558,False,512,384,0.750487,0.830409,False,,CN(1-0),-768.7831,-2030.781,star,55.384,7.754,43.200,512,20260825,False,False,,,,1.1793,1.0162,118,109.2,4.1056,5.8257,0.0716,0.999995
bet Pic,bet Pic,3,A002_Xf5d76d_Xe19,19.6345,112.597237,114.425362,15625000.0000,1828125000.0,2534.11,,0.23046,1.15230,8.304926e+14,1.660985e+15,1.956802e+15,1.729585e+15,2.0826,1,2.910335e+15,4.069414e+15,3.858788e+15,4.287418e+15,1362.1356,3.598,2,0.2209,,coarse,B,2.8410,4.4388,3.9906,False,512,122,0.239766,0.298246,False,,CN(1-0),-96.8882,-255.935,star,55.384,7.754,43.200,512,20260825,False,False,,,,0.9510,0.9817,118,139,3.6722,5.1706,0.0716,0.999995
bet Pic,bet Pic,3,A002_Xf5d76d_Xcc5,19.6345,112.597263,114.425388,15625000.0000,1828125000.0,2534.11,,0.43606,2.18031,1.571410e+15,3.142819e+15,3.702546e+15,3.272620e+15,2.0826,1,5.506766e+15,7.699907e+15,7.301373e+15,8.112402e+15,1362.1359,3.598,2,0.2209,,coarse,B,3.2971,4.6681,4.2206,False,512,40,0.079922,0.058480,False,,CN(1-0),825.0135,2179.317,star,55.384,7.754,43.200,512,20260825,False,False,,,,1.0146,1.0468,118,93.68,3.8149,5.4410,0.0716,0.999995
bet Pic,bet Pic,3,A002_Xf5d76d_X32f1,19.6345,112.597291,114.425416,15625000.0000,1828125000.0,1463.62,242,0.32247,1.61234,1.162062e+15,2.324124e+15,2.738044e+15,2.420112e+15,2.0826,1,4.072269e+15,5.694103e+15,5.399386e+15,5.999145e+15,1362.1362,3.598,2,0.1276,1.0000,coarse,B,2.3456,4.8687,3.6046,False,512,335,0.654971,0.816764,False,112.769166,CN(1-0),-721.8341,-1906.763,star,55.384,7.754,43.200,512,20260825,False,False,,,,0.9466,0.9843,118,128.4,3.6499,5.1521,0.0714,0.999995
bet Pic,bet Pic,3,A002_Xf4df6f_Xc7,19.6345,112.598838,114.426963,15625000.0000,1828125000.0,3598.56,,0.15393,0.76966,5.547194e+14,1.109439e+15,1.307027e+15,1.155259e+15,2.0826,1,1.943930e+15,2.718125e+15,2.577440e+15,2.863739e+15,1362.1548,3.598,3,0.3137,,coarse,B,2.7599,4.3411,4.6350,False,512,196,0.384016,0.290448,False,,CN(1-0),-735.9116,-1943.949,star,55.383,7.754,43.199,512,20260825,False,False,,,,1.0706,0.9850,236,186.8,3.9804,5.5542,0.0778,0.999995
bet Pic,bet Pic,3,A002_Xf5d76d_Xeb8,19.6345,114.829173,115.691722,244140.6250,862548828.1,2026.08,,2.45785,12.28930,1.383946e+14,2.767892e+14,3.260845e+14,2.882207e+14,2.0826,1,3.973403e+14,3.980339e+14,3.928412e+14,4.028808e+14,1383.1254,3.598,53,11.48,,fine,A,30.7648,7.3409,36.4645,True,512,0,0.001949,0.001949,True,,CO(1-0),-10.6745,-27.762,star,54.544,7.636,42.544,512,20260825,True,True,circumstellar CO,"attributed: CO(1-0) at -27.8 km/s (topocentric, frozen 15-line mask)",circumstellar CO,1.0149,0.9866,183768,1.862e+05,5.3167,6.5357,0.0716,0.999995
bet Pic,bet Pic,3,A002_Xf5d76d_Xe19,19.6345,114.829193,115.691742,244140.6250,862548828.1,2026.08,,2.64896,13.24484,1.491553e+14,2.983106e+14,3.514389e+14,3.106310e+14,2.0826,1,4.282350e+14,4.289825e+14,4.233861e+14,4.342063e+14,1383.1256,3.598,53,11.48,,fine,A,27.6845,6.4803,32.1610,True,512,0,0.001949,0.001949,True,,CO(1-0),-10.6546,-27.710,star,54.544,7.636,42.544,512,20260825,True,True,circumstellar CO,"attributed: CO(1-0) at -27.7 km/s (topocentric, frozen 15-line mask)",circumstellar CO,1.0222,0.9845,183768,2.125e+05,5.3548,6.5727,0.0716,0.999995
bet Pic,bet Pic,3,A002_Xf5d76d_Xcc5,19.6345,114.829220,115.691769,244140.6250,862548828.1,2026.08,,4.67764,23.38832,2.633849e+14,5.267698e+14,6.205860e+14,5.485257e+14,2.0826,1,7.561960e+14,7.575160e+14,7.476336e+14,7.667404e+14,1383.1259,3.598,53,11.48,,fine,A,17.2885,5.5197,20.4777,True,512,0,0.001949,0.001949,True,,CO(1-0),-10.6279,-27.641,star,54.544,7.636,42.544,512,20260825,True,True,circumstellar CO,"attributed: CO(1-0) at -27.6 km/s (topocentric, frozen 15-line mask)",circumstellar CO,1.0324,0.9947,183768,1.56e+05,5.3520,6.5924,0.0716,0.999995
bet Pic,bet Pic,3,A002_Xf5d76d_X32f1,19.6345,114.829247,115.691796,244140.6250,862548828.1,1209.60,200,3.69571,18.47863,2.080950e+14,4.161900e+14,4.903123e+14,4.335882e+14,2.0836,1,5.974549e+14,5.984978e+14,5.906899e+14,6.057858e+14,1383.1263,3.598,31,6.853,0.9995,fine,A,14.6540,7.2660,20.3114,True,512,0,0.001949,0.001949,True,115.260644,CO(1-0),-10.3563,-26.934,star,54.544,7.636,42.544,512,20260825,True,True,circumstellar CO,"attributed: CO(1-0) at -26.9 km/s (topocentric, frozen 15-line mask)",circumstellar CO,1.0279,0.9993,106020,7.205e+04,5.2068,6.4738,0.0714,0.999995
bet Pic,bet Pic,3,A002_Xf4df6f_Xc7,19.6345,114.830886,115.693435,244140.6250,862548828.1,2963.52,,1.76989,8.84950,9.965768e+13,1.993154e+14,2.348129e+14,2.075472e+14,2.0826,1,2.861240e+14,2.866235e+14,2.828842e+14,2.901137e+14,1383.1459,3.598,76,16.79,,fine,A,17.9065,5.7648,22.5509,True,512,0,0.001949,0.001949,True,,CO(1-0),-8.9614,-23.306,star,54.543,7.636,42.543,512,20260825,True,True,circumstellar CO,"attributed: CO(1-0) at -23.3 km/s (topocentric, frozen 15-line mask)",circumstellar CO,1.0059,0.9988,265050,2.081e+05,5.3456,6.5629,0.0778,0.999994
bet Pic,bet Pic,6,A002_X75bfbf_Xace,19.6345,215.675404,217.400502,488281.2500,1725097656.2,450.00,,3.26586,17.71759,3.990493e+14,7.980986e+14,9.402377e+14,8.310606e+14,2.0826,1,1.145698e+15,1.147698e+15,1.132725e+15,1.161673e+15,2598.4554,3.598,23,2.395,,fine,A,4.5245,5.2783,5.1852,False,512,95,0.187135,0.169591,False,,SiO(5-4),-483.3070,-667.381,star,29.033,4.065,22.646,512,20260825,False,False,,,,1.0200,0.9798,77748,7.895e+04,5.1535,6.4002,4.9806,0.921644
bet Pic,bet Pic,6,A002_X7116f1_X1785,19.6345,215.679396,217.404493,488281.2500,1725097656.2,1058.40,,21.56828,107.84145,2.428888e+15,4.857777e+15,5.722934e+15,5.058406e+15,2.0826,1,6.973504e+15,6.985677e+15,6.894543e+15,7.070743e+15,2598.5033,3.598,41,5.633,,fine,A,4.1372,6.0249,5.1416,False,512,388,0.758285,0.824561,False,216.362501,SiO(5-4),-742.4988,-1025.290,star,29.032,4.065,22.645,512,20260825,False,False,,,,1.0352,0.9925,137826,1.121e+05,5.2916,6.5435,0.0196,1.000000
bet Pic,bet Pic,6,A002_Xa7a216_X23e4,19.6345,215.680155,217.405253,488281.2500,1725097656.2,2220.00,,1.30409,6.52046,1.468589e+14,2.937177e+14,3.460281e+14,3.058485e+14,2.0826,1,4.216418e+14,4.223779e+14,4.168676e+14,4.275212e+14,2598.5124,3.598,65,11.81,,fine,A,4.4567,6.3863,5.9272,False,512,244,0.477583,0.446394,False,,SiO(5-4),-518.1065,-715.435,star,29.032,4.065,22.645,512,20260825,False,False,,,,1.0206,0.9915,226176,1.785e+05,5.3372,6.5640,0.0215,0.999998
bet Pic,bet Pic,6,A002_X6f1341_X1484,19.6345,215.680975,217.406073,488281.2500,1725097656.2,1834.56,182,24.71467,123.57338,2.783215e+15,5.566431e+15,6.557796e+15,5.803193e+15,2.0851,1,7.990801e+15,8.004750e+15,7.900321e+15,8.102225e+15,2598.5223,3.598,55,9.763,0.9988,fine,A,4.7511,5.6700,5.1249,False,512,69,0.136452,0.120858,False,215.709784,SiO(5-4),-1395.2160,-1926.603,star,29.032,4.065,22.645,512,20260825,False,False,,,,1.0172,0.9871,190836,1.671e+05,5.3043,6.5284,0.0196,1.000000
bet Pic,bet Pic,6,A002_X75bfbf_Xace,19.6345,217.624689,219.359064,15625000.0000,1734375000.0,450.00,,0.57178,3.10653,2.238968e+15,4.477935e+15,5.275443e+15,4.662877e+15,2.0826,1,7.846122e+15,1.097094e+16,1.040311e+16,1.155867e+16,2621.9025,3.598,2,0.07551,,coarse,B,2.8387,4.9757,4.4641,False,512,114,0.224172,0.278752,False,,C18O(2-1),-279.0615,-381.037,star,28.773,4.028,22.443,512,20260825,False,False,,,,1.0554,1.0229,112,95.09,3.8501,5.4885,4.9806,0.920282
bet Pic,bet Pic,6,A002_X7116f1_X1785,19.6345,217.628828,219.363203,15625000.0000,1734375000.0,1058.40,,4.39776,21.98882,1.584797e+16,3.169595e+16,3.734091e+16,3.300501e+16,2.0826,1,5.553682e+16,7.765508e+16,7.363579e+16,8.181517e+16,2621.9522,3.598,3,0.1776,,coarse,B,3.3055,4.3505,3.9393,False,512,52,0.103314,0.173489,False,218.988203,C18O(2-1),-571.7974,-780.746,star,28.773,4.028,22.443,512,20260825,False,False,,,,1.0173,0.9894,224,186.7,3.8857,5.4221,0.0196,1.000000
bet Pic,bet Pic,6,A002_Xa7a216_X23e4,19.6345,217.629615,219.363990,15625000.0000,1734375000.0,2220.00,,0.22442,1.12212,8.087433e+14,1.617487e+15,1.905557e+15,1.684290e+15,2.0826,1,2.834118e+15,3.962842e+15,3.757732e+15,4.175137e+15,2621.9616,3.598,4,0.3725,,coarse,B,2.1789,4.6508,4.0659,False,512,460,0.898635,0.742690,False,,C18O(2-1),-196.0098,-267.636,star,28.773,4.028,22.443,512,20260825,False,False,,,,1.1482,0.9904,336,200.7,4.1600,5.7924,0.0215,0.999998
bet Pic,bet Pic,6,A002_X6f1341_X1484,19.6345,217.646091,219.349216,15625000.0000,1703125000.0,1824.48,181,4.27472,21.37360,1.540457e+16,3.080913e+16,3.629615e+16,3.208161e+16,2.0826,1,5.398296e+16,7.548237e+16,7.157554e+16,7.952607e+16,2621.9718,3.598,3,0.3062,1.0000,coarse,B,2.2785,4.4279,3.7572,False,512,409,0.799220,0.713450,False,218.224216,H2CO,2.2156,3.044,star,28.773,4.028,22.443,512,20260825,False,False,,,,1.0733,0.9980,220,157.3,3.9672,5.5645,0.0196,1.000000
bet Pic,bet Pic,6,A002_Xd9668b_Xa9df,19.6345,225.622661,225.730450,122070.3125,107788085.9,2328.48,,2.02760,10.13815,5.708481e+13,1.141696e+14,1.345029e+14,1.188849e+14,2.0826,1,1.638944e+14,1.641805e+14,1.620386e+14,1.661797e+14,2708.1187,3.598,239,51.66,,fine,A,4.4887,5.4512,5.1231,False,512,217,0.424951,0.391813,False,225.711040,CO(2-1),-4826.9597,-6276.996,star,27.857,3.900,21.729,512,20260825,False,False,,,,1.0084,0.9923,210392,1.782e+05,5.3067,6.5267,0.0660,0.999984
bet Pic,bet Pic,6,A002_Xd9668b_X3a90,19.6345,225.622688,225.730476,122070.3125,107788085.9,2328.48,385,2.13151,10.65771,6.001029e+13,1.200206e+14,1.413959e+14,1.259076e+14,2.0981,1,1.722936e+14,1.725944e+14,1.703427e+14,1.746961e+14,2708.1190,3.598,239,51.66,0.9926,fine,A,4.8171,5.8559,5.3036,False,512,54,0.107212,0.083821,False,225.727424,CO(2-1),-4810.5760,-6255.691,star,27.857,3.900,21.729,512,20260825,False,False,,,,0.9942,0.9939,210392,1.612e+05,5.2549,6.4704,0.0662,0.999984
bet Pic,bet Pic,6,A002_Xd9668b_Xa9df,19.6345,226.239391,226.347179,122070.3125,107788085.9,2328.48,,2.00203,10.01032,5.636505e+13,1.127301e+14,1.328070e+14,1.173859e+14,2.0826,1,1.618279e+14,1.621104e+14,1.599955e+14,1.640844e+14,2715.5194,3.598,240,51.8,,fine,A,4.4525,5.6100,5.3238,False,512,255,0.499025,0.471735,False,226.267223,CO(2-1),-4270.7768,-5553.734,star,27.781,3.889,21.669,512,20260825,False,False,,,,1.0058,0.9927,211276,1.873e+05,5.3097,6.5267,0.0660,0.999984
bet Pic,bet Pic,6,A002_Xd9668b_X3a90,19.6345,226.239417,226.347206,122070.3125,107788085.9,2328.48,385,2.09694,10.48485,5.903697e+13,1.180739e+14,1.391026e+14,1.238705e+14,2.0982,1,1.694992e+14,1.697950e+14,1.675799e+14,1.718627e+14,2715.5197,3.598,240,51.8,0.9926,fine,A,4.3942,6.1170,5.1999,False,512,284,0.555556,0.442495,False,226.288856,CO(2-1),-4249.1441,-5525.603,star,27.781,3.889,21.669,512,20260825,False,False,,,,1.0162,0.9879,211276,1.954e+05,5.3325,6.5515,0.0662,0.999984
bet Pic,bet Pic,6,A002_Xd9668b_Xa9df,19.6345,226.584392,226.692180,122070.3125,107788085.9,2328.48,,2.00223,10.01133,5.637070e+13,1.127414e+14,1.328203e+14,1.173977e+14,2.0826,1,1.618441e+14,1.621266e+14,1.600116e+14,1.641009e+14,2719.6594,3.598,240,51.88,,fine,A,4.8976,5.8299,5.4936,False,512,49,0.097466,0.165692,False,226.654705,CO(2-1),-3883.2951,-5049.851,star,27.739,3.883,21.636,512,20260825,False,False,,,,1.0530,0.9850,211276,1.893e+05,5.4168,6.6574,0.0660,0.999984
bet Pic,bet Pic,6,A002_Xd9668b_X3a90,19.6345,226.584419,226.692207,122070.3125,107788085.9,2328.48,385,2.10376,10.51898,5.922916e+13,1.184583e+14,1.395554e+14,1.242766e+14,2.0982,1,1.700510e+14,1.703478e+14,1.681255e+14,1.724222e+14,2719.6598,3.598,240,51.88,0.9926,fine,A,4.5227,5.6747,4.9965,False,512,180,0.352827,0.419103,False,226.653877,CO(2-1),-3884.1234,-5050.928,star,27.739,3.883,21.636,512,20260825,False,False,,,,1.0197,0.9903,211276,1.773e+05,5.3304,6.5561,0.0662,0.999984
bet Pic,bet Pic,6,A002_Xd9668b_Xa9df,19.6345,226.799602,226.907390,122070.3125,107788085.9,2328.48,,1.98685,9.93442,5.593769e+13,1.118754e+14,1.318001e+14,1.164959e+14,2.0826,1,1.606009e+14,1.608813e+14,1.587824e+14,1.628403e+14,2722.2420,3.598,241,51.93,,fine,A,4.2382,6.0399,5.3959,False,512,378,0.738791,0.777778,False,226.881267,CO(2-1),-3656.7326,-4755.228,star,27.713,3.880,21.616,512,20260825,False,False,,,,1.0087,0.9900,212160,1.703e+05,5.2932,6.5134,0.0660,0.999984
bet Pic,bet Pic,6,A002_Xd9668b_X3a90,19.6345,226.799629,226.907417,122070.3125,107788085.9,2328.48,385,2.08549,10.42764,5.871483e+13,1.174297e+14,1.383436e+14,1.231991e+14,2.0983,1,1.685743e+14,1.688685e+14,1.666655e+14,1.709249e+14,2722.2423,3.598,240,51.93,0.9925,fine,A,4.4556,5.7508,5.3161,False,512,230,0.450292,0.426901,False,226.803657,CO(2-1),-3734.3431,-4856.153,star,27.713,3.880,21.616,512,20260825,False,False,,,,1.0306,0.9885,211276,1.739e+05,5.3509,6.5828,0.0662,0.999984
bet Pic,bet Pic,6,A002_X7116f1_X1785,19.6345,230.082117,231.002283,244140.6250,920166015.6,1068.48,,30.55686,152.78436,1.720564e+15,3.441128e+15,4.053983e+15,3.583249e+15,2.0826,1,4.939856e+15,4.948479e+15,4.883922e+15,5.008737e+15,2766.5064,3.598,86,12.11,,fine,A,9.6773,14.1324,13.2817,False,512,6,0.013645,0.013645,False,230.527185,CO(2-1),-10.8150,-14.064,star,27.269,3.818,21.270,512,20260825,True,False,,"attributed: CO(2-1) at -14.1 km/s (topocentric, frozen 15-line mask)",,1.0231,1.0451,320450,2.099e+05,5.5167,6.7724,0.0196,1.000000
bet Pic,bet Pic,6,A002_X6f1341_X1484,19.6345,230.083798,231.003964,244140.6250,920166015.6,1824.48,181,35.90756,179.53790,2.021846e+15,4.043692e+15,4.763862e+15,4.233376e+15,2.0938,1,5.804857e+15,5.814990e+15,5.739129e+15,5.885800e+15,2766.5266,3.598,116,20.67,0.9946,fine,A,9.8320,8.1957,13.5129,True,512,0,0.001949,0.001949,True,230.528379,CO(2-1),-9.6215,-12.512,star,27.269,3.818,21.270,512,20260825,True,True,circumstellar CO,"attributed: CO(2-1) at -12.5 km/s (topocentric, frozen 15-line mask)",circumstellar CO,1.0212,1.0003,433550,4.592e+05,5.5339,6.7366,0.0196,1.000000
bet Pic,bet Pic,6,A002_X75bfbf_Xace,19.6345,230.106675,230.969224,244140.6250,862548828.1,450.00,,4.78704,26.25455,2.956626e+14,5.913253e+14,6.966387e+14,6.157474e+14,2.0826,1,8.488676e+14,8.503494e+14,8.392558e+14,8.607042e+14,2766.4554,3.598,48,5.099,,fine,A,4.8178,18.3104,5.0919,False,512,96,0.189084,0.152047,False,,CO(2-1),64.0366,83.273,star,27.270,3.818,21.270,512,20260825,False,False,,,,1.0245,1.0141,166098,1.277e+05,5.3448,6.5991,4.9806,0.911660
bet Pic,bet Pic,6,A002_Xa7a216_X23e4,19.6345,230.111734,230.974283,244140.6250,862548828.1,2220.00,,1.91254,9.56274,1.076897e+14,2.153794e+14,2.537379e+14,2.242747e+14,2.0826,1,3.091844e+14,3.097242e+14,3.056835e+14,3.134957e+14,2766.5161,3.598,137,25.16,,fine,A,7.9879,6.0292,8.9271,True,512,0,0.001949,0.001949,True,,CO(2-1),-10.7388,-13.965,star,27.269,3.818,21.270,512,20260825,True,True,circumstellar CO,"attributed: CO(2-1) at -14.0 km/s (topocentric, frozen 15-line mask)",circumstellar CO,1.0340,1.0126,480624,3.54e+05,5.5551,6.7808,0.0215,0.999998
bet Pic,bet Pic,6,A002_Xd9668b_Xa9df,19.6345,230.489384,230.543293,15258.7891,53909301.8,2328.48,,6.34601,31.73054,2.233312e+13,4.466624e+13,5.262118e+13,4.651099e+13,2.0826,1,6.411991e+13,6.423184e+13,6.339388e+13,6.501400e+13,2766.1961,3.598,1945,422.1,,fine,A,8.9476,8.4072,10.7251,True,512,0,0.001949,0.001949,True,230.516025,CO(2-1),-21.9746,-28.576,star,27.272,3.818,21.272,512,20260825,True,True,circumstellar CO,"attributed: CO(2-1) at -28.6 km/s (topocentric, frozen 15-line mask)",circumstellar CO,1.0412,1.0099,6866562,5.52e+06,6.0502,7.2000,0.0660,0.999984
bet Pic,bet Pic,6,A002_Xd9668b_X3a90,19.6345,230.489410,230.543319,15258.7891,53909301.8,2328.48,385,6.66045,33.30278,2.343972e+13,4.687943e+13,5.522853e+13,8.504579e+13,3.6283,1,6.729702e+13,6.741450e+13,6.653502e+13,6.823541e+13,2766.1964,3.598,1944,422.1,0.5740,fine,A,11.6810,9.1167,12.7784,True,512,0,0.001949,0.001949,True,230.516128,CO(2-1),-21.8721,-28.443,star,27.272,3.818,21.272,512,20260825,True,True,circumstellar CO,"attributed: CO(2-1) at -28.4 km/s (topocentric, frozen 15-line mask)",circumstellar CO,1.0444,1.0103,6863028,6.055e+06,6.0768,7.2262,0.0662,0.999984
bet Pic,bet Pic,6,A002_X75bfbf_Xace,19.6345,231.670762,233.405137,15625000.0000,1734375000.0,450.00,,0.64347,3.53481,2.547642e+15,5.095284e+15,6.002740e+15,5.305722e+15,2.0826,1,8.927823e+15,1.248344e+16,1.183732e+16,1.315220e+16,2790.4554,3.598,2,0.08037,,coarse,B,2.5451,4.1339,3.6212,False,512,246,0.481481,0.551657,False,,CO(2-1),2242.1368,2915.683,star,27.035,3.785,21.088,512,20260825,False,False,,,,0.9147,1.0006,112,121.7,3.6075,5.1009,4.9806,0.910192
bet Pic,bet Pic,6,A002_X7116f1_X1785,19.6345,231.675049,233.409424,15625000.0000,1734375000.0,1068.48,,3.92630,19.63152,1.414900e+16,2.829800e+16,3.333779e+16,2.946672e+16,2.0826,1,4.958301e+16,6.933009e+16,6.574169e+16,7.304421e+16,2790.5068,3.598,3,0.1908,,coarse,B,2.5288,4.4607,3.7425,False,512,300,0.586745,0.612086,False,232.925049,CO(2-1),2387.0485,3104.127,star,27.035,3.785,21.087,512,20260825,False,False,,,,1.1187,0.9565,224,224.3,4.0645,5.6412,0.0196,1.000000
bet Pic,bet Pic,6,A002_Xa7a216_X23e4,19.6345,231.675864,233.410239,15625000.0000,1734375000.0,2220.00,,0.23455,1.17276,8.452404e+14,1.690481e+15,1.991551e+15,1.760299e+15,2.0826,1,2.962016e+15,4.141678e+15,3.927312e+15,4.363553e+15,2790.5166,3.598,4,0.3965,,coarse,B,2.7301,4.7152,4.1220,False,512,244,0.477583,0.460039,False,,CO(2-1),2200.3642,2861.362,star,27.035,3.785,21.087,512,20260825,False,False,,,,1.1091,0.9340,336,344.7,4.1061,5.6315,0.0215,0.999998
bet Pic,bet Pic,6,A002_X6f1341_X1484,19.6345,231.676745,233.411120,15625000.0000,1734375000.0,1844.64,183,4.45504,22.27522,1.605439e+16,3.210878e+16,3.782726e+16,3.343494e+16,2.0826,1,5.626016e+16,7.866651e+16,7.459487e+16,8.288078e+16,2790.5272,3.598,3,0.3294,1.0000,coarse,B,2.6267,4.2224,3.2961,False,512,256,0.500975,0.506823,False,232.770495,CO(2-1),2232.4950,2903.145,star,27.035,3.785,21.087,512,20260825,False,False,,,,1.0808,0.9966,224,165.2,3.9914,5.5901,0.0196,1.000000
bet Pic,bet Pic,6,A002_Xd9668b_Xa9df,19.6345,241.553089,241.984364,122070.3125,431274414.1,2328.48,,2.08947,10.44755,5.882694e+13,1.176539e+14,1.386077e+14,1.225131e+14,2.0826,1,1.688961e+14,1.691910e+14,1.669837e+14,1.712512e+14,2901.2247,3.598,256,55.34,,fine,A,5.0791,5.9903,5.6731,False,512,88,0.173489,0.210526,False,241.836658,CS(5-4),-3099.3415,-3793.478,star,26.003,3.640,20.282,512,20260825,True,False,,unattributed,,1.0143,0.9933,901170,9.712e+05,5.6274,6.7997,0.0660,0.999982
bet Pic,bet Pic,6,A002_Xd9668b_X3a90,19.6345,241.553115,241.984390,122070.3125,431274414.1,2328.48,385,2.19152,10.95780,6.169999e+13,1.234000e+14,1.453772e+14,1.295948e+14,2.1004,1,1.771449e+14,1.774541e+14,1.751391e+14,1.796150e+14,2901.2250,3.598,256,55.34,0.9915,fine,A,5.4199,5.8117,5.5522,False,512,15,0.031189,0.042885,False,241.751236,CS(5-4),-3184.7645,-3898.032,star,26.003,3.640,20.282,512,20260825,True,False,,unattributed,,1.0210,0.9874,901170,1.02e+06,5.6382,6.8095,0.0662,0.999982
bet Pic,bet Pic,6,A002_Xd9668b_Xa9df,19.6345,243.049274,244.877399,15625000.0000,1828125000.0,2709.50,,0.19977,0.99887,7.199174e+14,1.439835e+15,1.696265e+15,1.499301e+15,2.0826,1,2.522841e+15,3.527595e+15,3.345013e+15,3.716574e+15,2927.5600,3.598,4,0.5077,,coarse,B,3.0980,4.3085,4.1016,False,512,89,0.175439,0.146199,False,244.502399,CS(5-4),-433.6005,-530.711,star,25.769,3.608,20.100,512,20260825,False,False,,,,0.9905,0.9614,354,230.5,3.8294,5.3108,0.0660,0.999982
bet Pic,bet Pic,6,A002_Xd9668b_X3a90,19.6345,243.049301,244.877426,15625000.0000,1828125000.0,2709.50,448,0.20560,1.02804,7.409363e+14,1.481873e+15,1.745790e+15,1.543076e+15,2.0826,1,2.596499e+15,3.630588e+15,3.442675e+15,3.825084e+15,2927.5604,3.598,4,0.5077,1.0000,coarse,B,2.3609,4.4667,3.9572,False,512,403,0.787524,0.842105,False,244.596176,CS(5-4),-339.8243,-415.932,star,25.769,3.608,20.100,512,20260825,False,False,,,,1.0712,0.9729,354,251.7,4.0317,5.5774,0.0662,0.999982
eta Cru,eta Cru,6,A002_Xbe7502_X2047,19.6882,223.132812,224.867188,15625000.0000,1734375000.0,1814.40,900,0.31625,1.58128,1.145909e+15,2.291818e+15,2.699985e+15,2.386472e+15,2.0826,1,4.015664e+15,5.614955e+15,5.324334e+15,5.915756e+15,2688.0000,3.598,3,0.3121,1.0000,coarse,B,3.0573,4.4571,3.7545,False,512,108,0.212476,0.222222,False,223.539062,13CO(2-1),3140.0625,4271.195,star,28.066,3.929,21.891,512,20260825,False,False,,,,1.1183,1.0022,224,175.1,4.0894,5.7174,0.0404,0.999994
eta Cru,eta Cru,6,A002_Xbe7502_X2047,19.6882,225.132812,226.867188,15625000.0000,1734375000.0,1814.40,900,0.30609,1.53045,1.109072e+15,2.218144e+15,2.613189e+15,2.309755e+15,2.0826,1,3.886574e+15,5.434452e+15,5.153175e+15,5.725584e+15,2712.0000,3.598,3,0.3149,1.0000,coarse,B,2.5886,4.0068,3.4295,False,512,254,0.497076,0.370370,False,226.382812,CO(2-1),-4155.1875,-5403.421,star,27.817,3.894,21.698,512,20260825,False,False,,,,1.0792,0.9778,224,165.9,3.9532,5.5360,0.0404,0.999994
eta Cru,eta Cru,6,A002_Xbe7502_X2047,19.6882,239.132813,240.867188,15625000.0000,1734375000.0,1814.40,900,0.33411,1.67057,1.210619e+15,2.421238e+15,2.852454e+15,2.521237e+15,2.0826,1,4.242431e+15,5.932034e+15,5.625002e+15,6.249822e+15,2880.0000,3.598,3,0.3344,1.0000,coarse,B,3.0390,4.2817,3.7798,False,512,110,0.216374,0.241715,False,239.367188,CS(5-4),-5568.8125,-6816.017,star,26.195,3.667,20.432,512,20260825,False,False,,,,0.9823,0.9814,224,183.9,3.7988,5.3032,0.0404,0.999993
eta Cru,eta Cru,6,A002_Xbe7502_X2047,19.6882,241.132813,242.867188,15625000.0000,1734375000.0,1814.40,900,0.35584,1.77923,1.289356e+15,2.578712e+15,3.037974e+15,2.685215e+15,2.0826,1,4.518353e+15,6.317846e+15,5.990845e+15,6.656302e+15,2904.0000,3.598,3,0.3372,1.0000,coarse,B,2.2498,4.3095,4.7479,False,512,427,0.834308,0.818713,False,242.445313,CS(5-4),-2490.6875,-3048.508,star,25.978,3.637,20.263,512,20260825,False,False,,,,1.0714,0.9807,224,193.9,3.9829,5.5515,0.0404,0.999993
PM J03433+1958,PM J034331958,6,A002_Xb25e1a_Xed74,20.7567,215.199158,216.933533,15625000.0000,1734375000.0,60.48,10,1.29363,6.47073,5.211938e+15,1.042388e+16,1.228034e+16,1.085439e+16,2.0826,1,1.826445e+16,2.553850e+16,2.421667e+16,2.690663e+16,2592.7961,3.598,2,0.01004,1.0000,coarse,B,1.7056,4.6623,4.8493,False,512,507,0.990253,0.998051,False,216.527283,SiO(5-4),-577.7171,-797.749,star,29.096,4.073,22.695,512,20260825,False,False,,,,1.0742,1.0238,112,87.98,3.8657,5.5253,0.3484,0.999602
PM J03433+1958,PM J034331958,6,A002_Xb25e1a_Xed74,20.7567,217.092573,218.826948,15625000.0000,1734375000.0,60.48,10,1.28871,6.44618,5.192161e+15,1.038432e+16,1.223374e+16,1.081321e+16,2.0826,1,1.819514e+16,2.544159e+16,2.412478e+16,2.680453e+16,2615.5171,3.598,2,0.01012,1.0000,coarse,B,2.9683,4.4629,3.9720,False,512,84,0.165692,0.187135,False,218.311323,H2CO,89.3234,122.712,star,28.844,4.038,22.498,512,20260825,False,False,,,,1.0223,1.0135,112,103,3.7918,5.3909,0.3484,0.999595
PM J03433+1958,PM J034331958,6,A002_Xb25e1a_Xed74,20.7567,229.264212,230.989310,488281.2500,1725097656.2,60.48,10,7.99285,39.98230,1.006384e+15,2.012767e+15,2.371236e+15,2.096905e+15,2.0836,1,2.889396e+15,2.894440e+15,2.856680e+15,2.929686e+15,2761.5211,3.598,3,0.3421,0.9995,fine,A,3.3311,4.8944,4.7949,False,512,485,0.947368,0.920078,False,229.810111,CO(2-1),-727.8895,-946.550,star,27.319,3.825,21.308,512,20260825,False,False,,,,1.0307,1.0251,7068,5287,4.7509,6.1415,0.3484,0.999549
PM J03433+1958,PM J034331958,6,A002_Xb25e1a_Xed74,20.7567,231.592573,233.326948,15625000.0000,1734375000.0,60.48,10,1.34183,6.71221,5.406442e+15,1.081288e+16,1.273863e+16,1.125947e+16,2.0826,1,1.894605e+16,2.649157e+16,2.512041e+16,2.791076e+16,2789.5171,3.598,2,0.0108,1.0000,coarse,B,2.5253,4.4902,4.5698,False,512,249,0.487329,0.405458,False,232.155073,CO(2-1),1617.0734,2102.848,star,27.044,3.786,21.095,512,20260825,False,False,,,,1.0046,0.9653,112,148.3,3.7588,5.2817,0.3484,0.999540
V star TX PsA,V star TX PsA,7,A002_Xcd2acd_X6125,20.8350,333.163309,334.897684,15625000.0000,1734375000.0,1384.99,229,0.39685,1.98654,1.612183e+15,3.224367e+15,3.798617e+15,3.357538e+15,2.0826,1,5.649651e+15,7.899698e+15,7.490824e+15,8.322896e+15,4008.3660,3.598,4,0.3553,1.0000,coarse,B,3.0403,4.8080,4.0567,False,512,113,0.222222,0.200780,False,333.616434,CO(3-2),-12179.5660,-10559.237,star,18.821,2.635,14.680,512,20260825,False,False,,,,1.0963,0.9554,336,280,4.0729,5.6176,0.3825,0.998855
V star TX PsA,V star TX PsA,7,A002_Xcd2acd_X6125,20.8350,335.058809,336.793184,15625000.0000,1734375000.0,1384.99,229,0.34636,1.73379,1.407068e+15,2.814136e+15,3.315326e+15,2.930365e+15,2.0826,1,4.930857e+15,6.894634e+15,6.537780e+15,7.263990e+15,4031.1120,3.598,4,0.3573,1.0000,coarse,B,3.3710,4.2783,4.0817,False,512,31,0.062378,0.064327,False,336.527559,CO(3-2),-9268.4410,-8035.399,star,18.715,2.620,14.597,512,20260825,False,False,,,,1.0500,0.9712,336,269,4.0026,5.5268,0.3825,0.998842
V star TX PsA,V star TX PsA,7,A002_Xcd2acd_X6125,20.8350,345.167948,346.893045,488281.2500,1725097656.2,876.96,145,2.16265,10.82655,2.745732e+14,5.491464e+14,6.469478e+14,5.724490e+14,2.0849,1,7.883183e+14,7.896944e+14,7.793922e+14,7.993106e+14,4152.3660,3.598,78,7.458,0.9989,fine,A,4.6655,5.9450,6.0002,True,512,137,0.269006,0.309942,False,345.374002,CO(3-2),-421.9976,-365.856,star,18.168,2.544,14.171,512,20260825,False,False,,,,1.0165,1.0036,272118,1.826e+05,5.3624,6.5933,0.3825,0.998772
V star TX PsA,V star TX PsA,7,A002_Xcd2acd_X6125,20.8350,347.058809,348.793184,15625000.0000,1734375000.0,1384.99,229,0.40750,2.04005,1.655611e+15,3.311221e+15,3.900941e+15,3.447981e+15,2.0826,1,5.801836e+15,8.112492e+15,7.692604e+15,8.547090e+15,4175.1120,3.598,4,0.3701,1.0000,coarse,B,3.1173,4.7447,4.0816,False,512,111,0.218324,0.177388,False,348.105684,CO(3-2),2309.6840,2002.411,star,18.069,2.530,14.094,512,20260825,False,False,,,,1.1710,0.9697,336,230.6,4.1997,5.8243,0.3825,0.998758
V star WW PsA,V star TX PsA,7,A002_Xcd2acd_X6125,20.8673,333.163309,334.897684,15625000.0000,1734375000.0,876.96,145,0.40527,2.02683,1.649993e+15,3.299986e+15,3.887705e+15,3.436281e+15,2.0826,1,5.782150e+15,8.084967e+15,7.666503e+15,8.518090e+15,4008.3660,3.598,3,0.225,1.0000,coarse,B,2.1558,4.5240,3.4509,False,512,425,0.830409,0.894737,False,333.803934,CO(3-2),-11992.0660,-10396.682,star,18.821,2.635,14.680,512,20260825,False,False,,,,1.0153,0.9364,224,206.1,3.8026,5.2907,0.1717,0.999769
V star WW PsA,V star TX PsA,7,A002_Xcd2acd_X6125,20.8673,335.058809,336.793184,15625000.0000,1734375000.0,876.96,145,0.35514,1.77611,1.445886e+15,2.891771e+15,3.406788e+15,3.011207e+15,2.0826,1,5.066886e+15,7.084840e+15,6.718141e+15,7.464385e+15,4031.1120,3.598,3,0.2262,1.0000,coarse,B,2.6974,4.1914,3.6766,False,512,193,0.378168,0.391813,False,336.777559,CO(3-2),-9018.4410,-7818.658,star,18.715,2.620,14.597,512,20260825,False,False,,,,1.0102,0.9551,224,178,3.7940,5.3017,0.1717,0.999767
V star WW PsA,V star TX PsA,7,A002_Xcd2acd_X6125,20.8673,345.167948,346.893045,488281.2500,1725097656.2,876.96,145,2.16752,10.84030,2.757753e+14,5.515506e+14,6.497802e+14,5.749552e+14,2.0849,1,7.917697e+14,7.931518e+14,7.828044e+14,8.028101e+14,4152.3660,3.598,67,7.458,0.9989,fine,A,4.3982,5.6740,5.3434,False,512,314,0.614035,0.686160,False,346.380350,CO(3-2),584.3500,506.610,star,18.168,2.544,14.171,512,20260825,False,False,,,,1.0266,0.9956,233244,1.996e+05,5.3846,6.6140,0.1717,0.999752
V star WW PsA,V star TX PsA,7,A002_Xcd2acd_X6125,20.8673,347.058809,348.793184,15625000.0000,1734375000.0,876.96,145,0.42053,2.10318,1.712148e+15,3.424297e+15,4.034155e+15,3.565726e+15,2.0826,1,5.999963e+15,8.389527e+15,7.955300e+15,8.838966e+15,4175.1120,3.598,4,0.2343,1.0000,coarse,B,3.2063,4.6783,3.8964,False,512,81,0.159844,0.140351,False,348.277559,CO(3-2),2481.5590,2151.421,star,18.069,2.530,14.094,512,20260825,False,False,,,,1.0508,1.0206,336,205.1,4.0345,5.6142,0.1717,0.999750
LP 736-15,j1256-1257,7,A002_Xd9398d_X37e8,21.1536,343.107828,344.935953,15625000.0000,1828125000.0,2939.33,,0.34971,3.02737,2.532590e+15,5.065180e+15,5.967274e+15,5.274375e+15,2.0826,1,8.875076e+15,1.240969e+16,1.176739e+16,1.307450e+16,4128.2627,3.598,4,0.7766,,coarse,B,2.2617,4.8033,4.4157,False,512,457,0.892788,0.904483,False,,CO(3-2),-2500.6721,-2167.991,star,18.274,2.558,14.254,512,20260825,False,False,,,,0.9723,0.9728,354,317.8,3.8904,5.3474,8.1310,0.577579
LP 736-15,j1256-1257,7,A002_Xd9398d_X322a,21.1536,343.107979,344.936104,15625000.0000,1828125000.0,2939.33,486,0.34076,2.94989,2.467767e+15,4.935534e+15,5.814539e+15,5.139380e+15,2.0826,1,8.647913e+15,1.209206e+16,1.146619e+16,1.273985e+16,4128.2645,3.598,4,0.7766,1.0000,coarse,B,2.9521,4.4846,3.5283,False,512,157,0.307992,0.208577,False,343.279854,CO(3-2),-2516.1456,-2181.406,star,18.274,2.558,14.254,512,20260825,False,False,,,,0.9886,0.9328,354,401.6,3.8960,5.3218,8.1310,0.577580
LP 736-15,j1256-1257,7,A002_Xd9398d_X37e8,21.1536,344.955202,346.680788,976562.5000,1725585937.5,2177.28,,1.87512,16.32613,8.536152e+14,1.005642e+15,1.676070e+15,1.138154e+15,1.3333,2,2.450787e+15,2.455066e+15,2.423037e+15,2.484961e+15,4149.8159,3.598,47,9.252,,fine,A,3.8650,5.2545,5.7293,True,512,502,0.980507,0.976608,False,,CO(3-2),752.9517,652.782,star,18.179,2.545,14.180,512,20260825,False,False,,,,1.0208,1.0231,81328,5.157e+04,5.1853,6.4749,8.1310,0.574269
LP 736-15,j1256-1257,7,A002_Xd9398d_X322a,21.1536,344.955354,346.680940,976562.5000,1725585937.5,2177.28,360,1.82838,15.91916,8.323367e+14,9.805735e+14,1.634289e+15,1.110084e+15,1.3337,2,2.389695e+15,2.393867e+15,2.362637e+15,2.423017e+15,4149.8178,3.598,47,9.252,0.9997,fine,A,4.9607,5.4833,5.7267,True,512,30,0.060429,0.011696,False,346.304963,CO(3-2),508.9634,441.253,star,18.179,2.545,14.180,512,20260825,False,False,,,,1.0369,1.0272,81328,4.846e+04,5.2244,6.5291,8.1310,0.574270
LP 736-15,j1256-1257,7,A002_Xd9398d_X37e8,21.1536,355.108591,356.936716,15625000.0000,1828125000.0,2939.33,,0.40840,3.67594,3.075152e+15,6.150305e+15,7.245657e+15,6.404317e+15,2.0826,1,1.077640e+16,1.506825e+16,1.428834e+16,1.587547e+16,4272.2718,3.598,4,0.8037,,coarse,B,2.6336,4.6008,4.2762,False,512,325,0.635478,0.705653,False,,CO(3-2),10781.3415,9347.028,star,17.658,2.472,13.773,512,20260825,False,False,,,,1.0431,0.9942,354,254.9,4.0216,5.5614,8.1310,0.555507
LP 736-15,j1256-1257,7,A002_Xd9398d_X322a,21.1536,355.108748,356.936873,15625000.0000,1828125000.0,2939.33,486,0.38734,3.48632,2.916524e+15,5.833047e+15,6.871897e+15,6.073963e+15,2.0826,1,1.022051e+16,1.429097e+16,1.355129e+16,1.505655e+16,4272.2737,3.598,4,0.8037,1.0000,coarse,B,4.0249,4.4955,4.5239,False,512,4,0.009747,0.011696,False,355.452498,CO(3-2),9656.4983,8371.830,star,17.658,2.472,13.773,512,20260825,False,False,,,,1.0267,0.9581,354,287.4,3.9463,5.4390,8.1310,0.555508
LP 736-15,j1256-1257,7,A002_Xd9398d_X37e8,21.1536,356.908706,358.736831,15625000.0000,1828125000.0,2939.33,,0.47217,4.27533,3.576580e+15,7.153160e+15,8.427118e+15,7.448590e+15,2.0826,1,1.253358e+16,1.752524e+16,1.661817e+16,1.846409e+16,4293.8732,3.598,4,0.8078,,coarse,B,3.3280,4.4704,4.2135,False,512,49,0.097466,0.157895,False,,CO(3-2),11440.8310,9918.781,star,17.569,2.460,13.704,512,20260825,False,False,,,,0.9781,0.9854,354,247.9,3.8692,5.3549,8.1310,0.552206
LP 736-15,j1256-1257,7,A002_Xd9398d_X322a,21.1536,356.908864,358.736989,15625000.0000,1828125000.0,2939.33,486,0.44906,4.06603,3.401495e+15,6.802991e+15,8.014585e+15,7.083967e+15,2.0826,1,1.192002e+16,1.666733e+16,1.580466e+16,1.756022e+16,4293.8751,3.598,4,0.8078,1.0000,coarse,B,2.6378,4.2743,3.6690,False,512,298,0.582846,0.614035,False,358.252614,CO(3-2),12456.6137,10799.427,star,17.569,2.460,13.704,512,20260825,False,False,,,,1.0520,0.9919,354,228.3,4.0075,5.5593,8.1310,0.552207
hd92945,hd92945,7,A002_Xb9c01c_X41a2,21.5085,342.227507,343.961882,15625000.0000,1734375000.0,2933.28,,3.74883,18.74422,1.621140e+16,3.242280e+16,3.819721e+16,3.376189e+16,2.0826,1,5.681039e+16,7.943586e+16,7.532440e+16,8.369136e+16,4117.1363,3.598,6,0.7729,,coarse,B,3.9815,4.7638,4.0789,False,512,11,0.023392,0.021442,False,342.618132,CO(3-2),-3177.8684,-2755.095,star,18.324,2.565,14.292,512,20260825,False,False,,,,1.0030,0.9543,560,458.7,3.9990,5.4440,0.0427,0.999995
hd92945,hd92945,7,A002_Xbbcb1f_X7dd5,21.5085,342.238971,343.973346,15625000.0000,1734375000.0,3320.35,,0.29854,1.49275,1.291039e+15,2.582079e+15,3.041940e+15,2.688720e+15,2.0826,1,4.524251e+15,6.326093e+15,5.998666e+15,6.664991e+15,4117.2739,3.598,5,0.8749,,coarse,B,2.5897,5.1680,3.9571,False,512,360,0.703704,0.838207,False,,CO(3-2),-2010.1542,-1742.730,star,18.323,2.565,14.292,512,20260825,False,False,,,,1.0484,0.9834,448,343.2,4.0824,5.5996,0.0557,0.999974
hd92945,hd92945,7,A002_Xbbadbe_X3846,21.5085,342.239130,343.973505,15625000.0000,1734375000.0,3320.35,549,0.28405,1.42030,1.228384e+15,2.456768e+15,2.894312e+15,2.558237e+15,2.0826,1,4.304685e+15,6.019082e+15,5.707545e+15,6.341533e+15,4117.2758,3.598,5,0.8749,1.0000,coarse,B,3.4544,4.9605,4.5857,False,512,43,0.085770,0.107212,False,343.567255,CO(3-2),-2228.7454,-1932.241,star,18.323,2.565,14.292,512,20260825,False,False,,,,1.0701,0.9641,448,356.2,4.0962,5.6130,0.0557,0.999974
hd92945,hd92945,7,A002_Xb9c01c_X41a2,21.5085,344.069784,345.910604,976562.5000,1840820312.5,2933.28,,18.03561,90.17849,4.874568e+15,5.742715e+15,9.571191e+15,6.499424e+15,1.3333,2,1.399522e+16,1.401965e+16,1.383675e+16,1.419037e+16,4139.8823,3.598,73,12.43,,fine,A,4.4359,5.7713,5.0469,False,512,232,0.454191,0.378168,False,345.335409,CO(3-2),-460.5911,-399.316,star,18.223,2.551,14.214,512,20260825,False,False,,,,1.0260,1.0056,135792,1.219e+05,5.3178,6.5693,0.0427,0.999995
hd92945,hd92945,7,A002_Xbbcb1f_X7dd5,21.5085,344.138865,345.864451,976562.5000,1725585937.5,2812.32,,1.82482,9.12435,4.932135e+14,5.810534e+14,9.684224e+14,6.576180e+14,1.3333,2,1.416049e+15,1.418521e+15,1.400016e+15,1.435795e+15,4140.0199,3.598,59,11.92,,fine,A,4.9335,5.6568,5.2968,False,512,21,0.042885,0.033138,False,,CO(3-2),-1224.5175,-1061.612,star,18.222,2.551,14.213,512,20260825,False,False,,,,1.0342,1.0102,102544,8.539e+04,5.2835,6.5552,0.0557,0.999974
hd92945,hd92945,7,A002_Xbbadbe_X3846,21.5085,344.139024,345.864610,976562.5000,1725585937.5,2812.32,465,1.48687,7.43456,4.018726e+14,4.734450e+14,7.890750e+14,5.359750e+14,1.3337,2,1.153804e+15,1.155818e+15,1.140739e+15,1.169892e+15,4140.0218,3.598,59,11.92,0.9997,fine,A,4.0322,5.5884,5.6335,True,512,466,0.910331,0.959064,False,344.543321,CO(3-2),-1252.6790,-1086.027,star,18.222,2.551,14.213,512,20260825,False,False,,,,1.0154,1.0300,102544,6.207e+04,5.2250,6.5088,0.0557,0.999974
hd92945,hd92945,7,A002_Xb9c01c_X41a2,21.5085,354.176153,356.016485,488281.2500,1840332031.2,2933.28,,22.81773,114.08930,3.083529e+15,6.167058e+15,7.265394e+15,6.421762e+15,2.0826,1,8.853022e+15,8.868476e+15,8.752779e+15,8.976469e+15,4261.1558,3.598,150,25.6,,fine,A,4.5411,6.1838,5.2887,False,512,332,0.649123,0.547758,False,354.179082,CO(3-2),8383.0822,7267.825,star,17.704,2.479,13.809,512,20260825,False,False,,,,1.0390,0.9766,561730,6.721e+05,5.5853,6.7730,0.0427,0.999995
hd92945,hd92945,7,A002_Xbbcb1f_X7dd5,21.5085,354.245399,355.970497,488281.2500,1725097656.2,2812.32,,2.27709,11.38577,3.077269e+14,6.154537e+14,7.250643e+14,6.408724e+14,2.0826,1,8.835048e+14,8.850470e+14,8.735009e+14,8.958244e+14,4261.2954,3.598,119,24.54,,fine,A,4.0396,5.5142,5.4251,False,512,512,1.000000,1.000000,False,,CO(3-2),8782.8956,7614.449,star,17.704,2.479,13.809,512,20260825,False,False,,,,1.0205,0.9949,417012,3.404e+05,5.4634,6.6717,0.0557,0.999973
hd92945,hd92945,7,A002_Xbbadbe_X3846,21.5085,354.245561,355.970658,488281.2500,1725097656.2,2812.32,465,1.95977,9.79912,2.648441e+14,5.296883e+14,6.240243e+14,5.521972e+14,2.0850,1,7.603856e+14,7.617129e+14,7.517757e+14,7.709884e+14,4261.2973,3.598,119,24.54,0.9989,fine,A,4.7351,6.0484,5.4974,False,512,167,0.327485,0.333333,False,355.433549,CO(3-2),9637.5488,8355.402,star,17.704,2.479,13.809,512,20260825,False,False,,,,1.0285,0.9697,417012,6.193e+05,5.5229,6.7027,0.0557,0.999973
hd92945,hd92945,7,A002_Xb9c01c_X41a2,21.5085,356.123007,357.857382,15625000.0000,1734375000.0,2933.28,,4.43877,22.19399,1.919502e+16,3.839004e+16,4.522720e+16,3.997557e+16,2.0826,1,6.726602e+16,9.405559e+16,8.918744e+16,9.909428e+16,4283.8823,3.598,6,0.8042,,coarse,B,3.7466,4.4828,4.0106,False,512,14,0.029240,0.070175,False,357.654257,CO(3-2),11858.2566,10280.674,star,17.610,2.465,13.736,512,20260825,False,False,,,,1.0598,0.9486,560,469.5,4.1088,5.5901,0.0427,0.999994
hd92945,hd92945,7,A002_Xbbcb1f_X7dd5,21.5085,356.134471,357.868846,15625000.0000,1734375000.0,3320.35,,0.37989,1.89951,1.642836e+15,3.285672e+15,3.870841e+15,3.421372e+15,2.0826,1,5.757068e+15,8.049896e+15,7.633247e+15,8.481140e+15,4284.0199,3.598,5,0.9104,,coarse,B,4.5686,4.8220,4.5686,False,512,2,0.005848,0.005848,False,,CO(3-2),11322.8458,9816.492,star,17.610,2.465,13.736,512,20260825,False,False,,,,1.0642,0.9756,448,314.6,4.0775,5.6060,0.0557,0.999972
hd92945,hd92945,7,A002_Xbbadbe_X3846,21.5085,356.134630,357.869005,15625000.0000,1734375000.0,3320.35,549,0.35789,1.78951,1.547699e+15,3.095397e+15,3.646679e+15,3.223243e+15,2.0826,1,5.423674e+15,7.583723e+15,7.191203e+15,7.989994e+15,4284.0218,3.598,5,0.9104,1.0000,coarse,B,2.4023,4.8333,4.6361,False,512,430,0.840156,0.836257,False,357.275255,CO(3-2),11479.2546,9952.093,star,17.610,2.465,13.736,512,20260825,False,False,,,,1.0348,0.9612,448,383.6,4.0365,5.5205,0.0557,0.999972
WD2039-202,WD2039-202,6,A002_Xe539c7_X113b1,21.7709,223.085938,224.914062,15625000.0000,1828125000.0,616.90,306,0.30971,1.54857,1.372182e+15,2.744364e+15,3.233128e+15,2.857708e+15,2.0826,1,4.808603e+15,6.723692e+15,6.375685e+15,7.083890e+15,2688.0000,3.598,2,0.1061,1.0000,coarse,B,3.2132,4.2378,4.4770,False,512,39,0.077973,0.077973,False,224.101562,13CO(2-1),3702.5625,5036.322,star,28.066,3.929,21.891,512,20260825,False,False,,,,1.1687,0.9929,118,129.8,4.0889,5.7698,0.0314,0.999997
WD2039-202,WD2039-202,6,A002_Xe539c7_X113b1,21.7709,225.085938,226.914062,15625000.0000,1828125000.0,616.90,306,0.29218,1.46090,1.294497e+15,2.588995e+15,3.050087e+15,2.695922e+15,2.0826,1,4.536369e+15,6.343037e+15,6.014732e+15,6.682842e+15,2712.0000,3.598,2,0.1071,1.0000,coarse,B,2.4663,4.1769,4.2277,False,512,275,0.538012,0.473684,False,226.414062,CO(2-1),-4123.9375,-5362.783,star,27.817,3.894,21.698,512,20260825,False,False,,,,0.9955,1.0146,118,103.7,3.7457,5.3242,0.0314,0.999996
WD2039-202,WD2039-202,6,A002_Xe539c7_X113b1,21.7709,239.085938,240.914063,15625000.0000,1828125000.0,616.90,306,0.31849,1.59248,1.411090e+15,2.822180e+15,3.324803e+15,2.938738e+15,2.0826,1,4.944951e+15,6.914342e+15,6.556468e+15,7.284753e+15,2880.0000,3.598,2,0.1137,1.0000,coarse,B,1.9552,4.2687,3.8526,False,512,487,0.951267,0.947368,False,240.648438,CS(5-4),-4287.5625,-5247.815,star,26.195,3.667,20.432,512,20260825,False,False,,,,0.9635,1.0084,118,125.7,3.7221,5.2576,0.0314,0.999996
WD2039-202,WD2039-202,6,A002_Xe539c7_X113b1,21.7709,241.085938,242.914063,15625000.0000,1828125000.0,616.90,306,0.34089,1.70444,1.510299e+15,3.020598e+15,3.558559e+15,3.145351e+15,2.0826,1,5.292614e+15,7.400466e+15,7.017431e+15,7.796920e+15,2904.0000,3.598,2,0.1147,1.0000,coarse,B,2.5208,4.0714,3.7158,False,512,247,0.483431,0.432749,False,242.710938,CS(5-4),-2225.0625,-2723.393,star,25.978,3.637,20.263,512,20260825,False,False,,,,0.9862,0.9696,118,144,3.7246,5.2386,0.0314,0.999996
HD 45184,HD 45184,6,A002_X126fc6d_Xc894,21.8923,229.665836,231.391422,976562.5000,1725585937.5,2933.28,,17.29778,86.48915,4.843441e+15,5.706044e+15,9.510073e+15,6.457921e+15,1.3333,2,1.390585e+16,1.393012e+16,1.374839e+16,1.409975e+16,2766.3436,3.598,41,8.309,,fine,A,4.6254,5.5098,5.0139,False,512,62,0.122807,0.152047,False,230.171696,CO(2-1),-366.3043,-476.343,star,27.271,3.818,21.271,512,20260825,False,False,,,,1.0061,1.0000,70720,6.468e+04,5.1323,6.3899,0.0459,0.999997
HD 45184,HD 45184,6,A002_X126c7ed_Xe9d,21.8923,229.665871,231.391457,976562.5000,1725585937.5,2933.28,485,10.91588,54.57956,3.056486e+15,3.600837e+15,6.001396e+15,4.075806e+15,1.3335,2,8.775379e+15,8.790697e+15,8.676015e+15,8.897743e+15,2766.3440,3.598,41,8.309,0.9999,fine,A,4.4930,5.3596,5.1910,False,512,114,0.224172,0.116959,False,231.009621,CO(2-1),471.6213,613.298,star,27.271,3.818,21.271,512,20260825,False,False,,,,1.0161,1.0013,70720,6.116e+04,5.1506,6.4174,0.0459,0.999997
HD 45184,HD 45184,6,A002_X12754c1_X9b5,21.8923,229.666036,231.391622,976562.5000,1725585937.5,2933.28,,15.44289,77.21465,4.324063e+15,5.094167e+15,8.490279e+15,5.765418e+15,1.3333,2,1.241468e+16,1.243635e+16,1.227411e+16,1.258779e+16,2766.3459,3.598,41,8.309,,fine,A,3.9025,5.4772,5.0279,False,512,480,0.937622,0.877193,False,230.604513,CO(2-1),66.5125,86.493,star,27.271,3.818,21.271,512,20260825,False,False,,,,1.0037,0.9860,70720,7.513e+04,5.1185,6.3607,0.0457,0.999997
HD 45184,HD 45184,6,A002_X1275eb2_Xe05,21.8923,229.666141,231.391727,976562.5000,1725585937.5,2933.28,,11.62109,58.10561,3.253947e+15,3.833465e+15,6.389109e+15,4.338595e+15,1.3333,2,9.342303e+15,9.358610e+15,9.236520e+15,9.472572e+15,2766.3472,3.598,41,8.309,,fine,A,4.2445,5.2894,5.1089,False,512,277,0.541910,0.629630,False,229.880985,CO(2-1),-657.0148,-854.384,star,27.271,3.818,21.271,512,20260825,False,False,,,,1.0338,1.0123,70720,5.743e+04,5.2117,6.4988,0.0457,0.999997
HD 45184,HD 45184,6,A002_X12771d5_X9f13,21.8923,229.666312,231.391898,976562.5000,1725585937.5,2933.28,,12.39819,61.99109,3.471535e+15,4.089806e+15,6.816344e+15,4.628714e+15,1.3333,2,9.967015e+15,9.984414e+15,9.854159e+15,1.010600e+16,2766.3493,3.598,41,8.309,,fine,A,4.0991,5.6188,5.3469,False,512,383,0.748538,0.709552,False,230.632132,CO(2-1),94.1324,122.410,star,27.271,3.818,21.271,512,20260825,False,False,,,,1.0262,1.0127,70720,6.22e+04,5.2090,6.4886,0.0455,0.999997
HD 45184,HD 45184,6,A002_X12771d5_X3b63,21.8923,229.666331,231.391917,976562.5000,1725585937.5,2933.28,,14.93612,74.68082,4.182168e+15,4.927000e+15,8.211667e+15,5.576223e+15,1.3333,2,1.200729e+16,1.202825e+16,1.187133e+16,1.217472e+16,2766.3495,3.598,41,8.309,,fine,A,4.2835,5.6234,4.7106,False,512,230,0.450292,0.543860,False,230.647776,CO(2-1),109.7760,142.753,star,27.271,3.818,21.271,512,20260825,False,False,,,,1.0295,1.0115,70720,5.18e+04,5.1786,6.4662,0.0456,0.999997
HD 45184,HD 45184,6,A002_X12771d5_X10e06,21.8923,229.666447,231.392033,976562.5000,1725585937.5,2933.28,,13.91934,69.59686,3.897463e+15,4.591590e+15,7.652651e+15,5.196617e+15,1.3333,2,1.118988e+16,1.120942e+16,1.106318e+16,1.134591e+16,2766.3509,3.598,41,8.309,,fine,A,4.4143,5.4220,5.1299,False,512,165,0.323587,0.389864,False,229.916447,CO(2-1),-621.5528,-808.270,star,27.271,3.818,21.271,512,20260825,False,False,,,,1.0205,1.0083,70720,6.051e+04,5.1777,6.4520,0.0455,0.999997
HD 45184,HD 45184,6,A002_X126fc6d_Xc894,21.8923,232.072567,233.900692,15625000.0000,1828125000.0,3610.66,,3.14277,15.71388,1.407978e+16,2.815956e+16,3.317470e+16,2.932257e+16,2.0826,1,4.934045e+16,6.899092e+16,6.542007e+16,7.268687e+16,2795.8396,3.598,4,0.6461,,coarse,B,3.5265,4.1622,4.1588,False,512,18,0.037037,0.048733,False,232.900692,CO(2-1),2362.6918,3072.453,star,26.983,3.778,21.047,512,20260825,False,False,,,,1.1089,0.9697,354,254.2,4.1025,5.6737,0.0459,0.999997
HD 45184,HD 45184,6,A002_X126c7ed_Xe9d,21.8923,232.072602,233.900727,15625000.0000,1828125000.0,3610.66,597,1.92989,9.64949,8.646032e+15,1.729206e+16,2.037173e+16,1.800625e+16,2.0826,1,3.029870e+16,4.236556e+16,4.017279e+16,4.463514e+16,2795.8400,3.598,4,0.6461,1.0000,coarse,B,2.7239,4.1108,3.0349,False,512,243,0.475634,0.487329,False,232.994477,CO(2-1),2456.4768,3194.411,star,26.983,3.778,21.047,512,20260825,False,False,,,,0.9432,0.9325,354,361.2,3.7800,5.1778,0.0459,0.999997
HD 45184,HD 45184,6,A002_X12754c1_X9b5,21.8923,232.072766,233.900891,15625000.0000,1828125000.0,3610.66,,2.77999,13.89996,1.245449e+16,2.490898e+16,2.934520e+16,2.593774e+16,2.0826,1,4.364487e+16,6.102700e+16,5.786835e+16,6.429631e+16,2795.8419,3.598,4,0.6461,,coarse,B,2.5084,4.5691,4.4213,False,512,353,0.690058,0.723197,False,232.775891,CO(2-1),2237.8914,2910.162,star,26.983,3.778,21.047,512,20260825,False,False,,,,0.9556,0.9238,354,396.4,3.8081,5.2036,0.0457,0.999997
HD 45184,HD 45184,6,A002_X1275eb2_Xe05,21.8923,232.072872,233.900997,15625000.0000,1828125000.0,3610.66,,2.06634,10.33175,9.257336e+15,1.851467e+16,2.181208e+16,1.927934e+16,2.0826,1,3.244093e+16,4.536095e+16,4.301314e+16,4.779100e+16,2795.8432,3.598,4,0.6461,,coarse,B,2.3127,5.0400,4.1232,False,512,445,0.869396,0.890838,False,233.557247,CO(2-1),3019.2469,3926.240,star,26.983,3.778,21.047,512,20260825,False,False,,,,1.1033,1.0298,354,204.3,4.1537,5.7807,0.0457,0.999997
HD 45184,HD 45184,6,A002_X12771d5_X9f13,21.8923,232.073043,233.901168,15625000.0000,1828125000.0,3610.66,,2.22978,11.14893,9.989543e+15,1.997909e+16,2.353731e+16,2.080424e+16,2.0826,1,3.500683e+16,4.894876e+16,4.641526e+16,5.157102e+16,2795.8453,3.598,4,0.6461,,coarse,B,3.7965,4.1032,4.4321,False,512,7,0.015595,0.019493,False,233.869918,CO(2-1),3331.9176,4332.838,star,26.983,3.778,21.047,512,20260825,False,False,,,,0.9707,0.9661,354,308.2,3.8670,5.3196,0.0455,0.999997
HD 45184,HD 45184,6,A002_X12771d5_X3b63,21.8923,232.073061,233.901186,15625000.0000,1828125000.0,3610.66,,2.66424,13.32123,1.193594e+16,2.387188e+16,2.812339e+16,2.485780e+16,2.0826,1,4.182768e+16,5.848610e+16,5.545896e+16,6.161928e+16,2795.8455,3.598,4,0.6461,,coarse,B,2.6584,4.1726,4.0164,False,512,289,0.565302,0.658869,False,233.541811,CO(2-1),3003.8112,3906.167,star,26.983,3.778,21.047,512,20260825,False,False,,,,1.0325,0.9425,354,366.1,3.9833,5.4543,0.0456,0.999997
HD 45184,HD 45184,6,A002_X12771d5_X10e06,21.8923,232.073178,233.901303,15625000.0000,1828125000.0,3610.66,,2.49321,12.46607,1.116971e+16,2.233942e+16,2.631800e+16,2.326205e+16,2.0826,1,3.914254e+16,5.473157e+16,5.189876e+16,5.766362e+16,2795.8469,3.598,4,0.6461,,coarse,B,2.8650,4.4072,3.4405,False,512,175,0.345029,0.298246,False,232.088803,CO(2-1),1550.8026,2016.669,star,26.983,3.778,21.047,512,20260825,False,False,,,,1.0003,0.9975,354,213.2,3.9005,5.4216,0.0455,0.999997
HD 45184,HD 45184,6,A002_X126fc6d_Xc894,21.8923,244.072567,245.900692,15625000.0000,1828125000.0,3610.66,,3.23841,16.19209,1.450825e+16,2.901651e+16,3.418427e+16,3.021491e+16,2.0826,1,5.084197e+16,7.109044e+16,6.741092e+16,7.489886e+16,2939.8396,3.598,4,0.6793,,coarse,B,3.9137,4.8608,4.2815,False,512,8,0.017544,0.017544,False,245.806942,CS(5-4),870.9418,1066.000,star,25.661,3.593,20.016,512,20260825,False,False,,,,0.9944,1.0119,354,229.8,3.9352,5.4580,0.0459,0.999997
HD 45184,HD 45184,6,A002_X126c7ed_Xe9d,21.8923,244.072602,245.900727,15625000.0000,1828125000.0,3610.66,597,1.99883,9.99420,8.954892e+15,1.790978e+16,2.109947e+16,1.864948e+16,2.0826,1,3.138106e+16,4.387897e+16,4.160787e+16,4.622963e+16,2939.8400,3.598,4,0.6793,1.0000,coarse,B,2.8204,4.3799,3.3888,False,512,227,0.444444,0.395712,False,245.025727,CS(5-4),89.7268,109.822,star,25.661,3.593,20.016,512,20260825,False,False,,,,1.0368,1.0079,354,227.5,4.0083,5.5610,0.0459,0.999997
HD 45184,HD 45184,6,A002_X12754c1_X9b5,21.8923,244.072766,245.900891,15625000.0000,1828125000.0,3610.66,,2.91012,14.55065,1.303751e+16,2.607503e+16,3.071892e+16,2.715194e+16,2.0826,1,4.568798e+16,6.388382e+16,6.057730e+16,6.730616e+16,2939.8419,3.598,4,0.6793,,coarse,B,2.8533,4.5781,3.8157,False,512,231,0.452242,0.653021,False,244.322766,CS(5-4),-613.2336,-750.575,star,25.661,3.593,20.016,512,20260825,False,False,,,,1.0637,0.9800,354,325.5,4.0936,5.6230,0.0457,0.999997
HD 45184,HD 45184,6,A002_X1275eb2_Xe05,21.8923,244.072872,245.900997,15625000.0000,1828125000.0,3610.66,,2.16781,10.83909,9.711923e+15,1.942385e+16,2.288318e+16,2.022606e+16,2.0826,1,3.403395e+16,4.758842e+16,4.512533e+16,5.013780e+16,2939.8432,3.598,4,0.6793,,coarse,B,2.3710,4.2847,3.5454,False,512,447,0.873294,0.762183,False,244.150997,CS(5-4),-785.0031,-960.814,star,25.661,3.593,20.016,512,20260825,False,False,,,,0.9965,0.9663,354,283.9,3.8995,5.3765,0.0457,0.999997
HD 45184,HD 45184,6,A002_X12771d5_X9f13,21.8923,244.073043,245.901168,15625000.0000,1828125000.0,3610.66,,2.32810,11.64052,1.043001e+16,2.086002e+16,2.457514e+16,2.172156e+16,2.0826,1,3.655039e+16,5.110706e+16,4.846185e+16,5.384494e+16,2939.8453,3.598,4,0.6793,,coarse,B,2.8974,4.6089,3.4797,False,512,150,0.294347,0.115010,False,245.838668,CS(5-4),902.6676,1104.831,star,25.661,3.593,20.016,512,20260825,False,False,,,,0.9683,0.9130,354,390.5,3.8085,5.2061,0.0455,0.999997
HD 45184,HD 45184,6,A002_X12771d5_X3b63,21.8923,244.073061,245.901186,15625000.0000,1828125000.0,3610.66,,2.84613,14.23067,1.275081e+16,2.550162e+16,3.004339e+16,2.655485e+16,2.0826,1,4.468327e+16,6.247896e+16,5.924516e+16,6.582605e+16,2939.8455,3.598,4,0.6793,,coarse,B,3.0307,4.5518,3.7385,False,512,153,0.300195,0.352827,False,244.948061,CS(5-4),12.0612,14.762,star,25.661,3.593,20.016,512,20260825,False,False,,,,1.0625,0.9936,354,298,4.0969,5.6411,0.0456,0.999997
HD 45184,HD 45184,6,A002_X12771d5_X10e06,21.8923,244.073178,245.901303,15625000.0000,1828125000.0,3610.66,,2.63809,13.19048,1.181879e+16,2.363758e+16,2.784737e+16,2.461383e+16,2.0826,1,4.141716e+16,5.791208e+16,5.491465e+16,6.101451e+16,2939.8469,3.598,4,0.6793,,coarse,B,2.1684,4.5351,3.3961,False,512,492,0.961014,0.986355,False,244.541928,CS(5-4),-394.0724,-482.330,star,25.661,3.593,20.016,512,20260825,False,False,,,,1.0751,0.9708,354,372.6,4.1306,5.6534,0.0455,0.999997
HD 45184,HD 45184,6,A002_X126fc6d_Xc894,21.8923,246.072567,247.900692,15625000.0000,1828125000.0,3610.66,,3.56073,17.80370,1.595227e+16,3.190454e+16,3.758665e+16,3.322222e+16,2.0826,1,5.590231e+16,7.816613e+16,7.412039e+16,8.235360e+16,2963.8396,3.598,4,0.6849,,coarse,B,2.0821,4.6150,3.6082,False,512,492,0.961014,0.992203,False,246.291317,CS(5-4),1355.3168,1658.857,star,25.454,3.564,19.854,512,20260825,False,False,,,,1.0890,1.0114,354,233.9,4.1243,5.7173,0.0459,0.999997
HD 45184,HD 45184,6,A002_X126c7ed_Xe9d,21.8923,246.072602,247.900727,15625000.0000,1828125000.0,3610.66,597,2.20094,11.00472,9.860323e+15,1.972065e+16,2.323284e+16,2.053513e+16,2.0826,1,3.455400e+16,4.831558e+16,4.581486e+16,5.090392e+16,2963.8400,3.598,4,0.6849,1.0000,coarse,B,3.5840,4.8717,4.0386,False,512,23,0.046784,0.054581,False,247.650727,CS(5-4),2714.7268,3322.724,star,25.454,3.564,19.854,512,20260825,False,False,,,,0.9851,0.9643,354,333.9,3.9104,5.3677,0.0459,0.999997
HD 45184,HD 45184,6,A002_X12754c1_X9b5,21.8923,246.072766,247.900891,15625000.0000,1828125000.0,3610.66,,3.12490,15.62455,1.399973e+16,2.799946e+16,3.298609e+16,2.915586e+16,2.0826,1,4.905993e+16,6.859869e+16,6.504814e+16,7.227362e+16,2963.8419,3.598,4,0.6849,,coarse,B,3.1136,4.1688,3.6589,False,512,123,0.241715,0.216374,False,246.307141,CS(5-4),1371.1414,1678.226,star,25.454,3.564,19.854,512,20260825,False,False,,,,1.0264,0.9885,354,271.5,3.9925,5.5115,0.0457,0.999997
HD 45184,HD 45184,6,A002_X1275eb2_Xe05,21.8923,246.072872,247.900997,15625000.0000,1828125000.0,3610.66,,2.38323,11.91620,1.067702e+16,2.135404e+16,2.515713e+16,2.223597e+16,2.0826,1,3.741599e+16,5.231739e+16,4.960953e+16,5.512011e+16,2963.8432,3.598,4,0.6849,,coarse,B,2.8347,4.3449,4.2963,False,512,214,0.419103,0.436647,False,246.604122,CS(5-4),1668.1219,2041.718,star,25.454,3.564,19.854,512,20260825,False,False,,,,1.0126,1.0005,354,229.3,3.9482,5.4764,0.0457,0.999997
HD 45184,HD 45184,6,A002_X12771d5_X9f13,21.8923,246.073043,247.901168,15625000.0000,1828125000.0,3610.66,,2.50935,12.54678,1.124202e+16,2.248405e+16,2.648839e+16,2.341265e+16,2.0826,1,3.939596e+16,5.508591e+16,5.223476e+16,5.803694e+16,2963.8453,3.598,4,0.6849,,coarse,B,2.2602,4.6418,3.1572,False,512,456,0.890838,0.904483,False,246.291793,CS(5-4),1355.7926,1659.439,star,25.454,3.564,19.854,512,20260825,False,False,,,,1.0077,0.9572,354,282.8,3.9028,5.3816,0.0455,0.999997
HD 45184,HD 45184,6,A002_X12771d5_X3b63,21.8923,246.073061,247.901186,15625000.0000,1828125000.0,3610.66,,3.11076,15.55383,1.393637e+16,2.787274e+16,3.283680e+16,2.902391e+16,2.0826,1,4.883790e+16,6.828823e+16,6.475375e+16,7.194652e+16,2963.8455,3.598,4,0.6849,,coarse,B,2.2525,4.4933,3.3692,False,512,455,0.888889,0.955166,False,246.104311,CS(5-4),1168.3112,1429.969,star,25.454,3.564,19.854,512,20260825,False,False,,,,0.9900,0.9998,354,214.1,3.8860,5.4007,0.0456,0.999997
HD 45184,HD 45184,6,A002_X12771d5_X10e06,21.8923,246.073178,247.901303,15625000.0000,1828125000.0,3610.66,,2.86806,14.34036,1.284909e+16,2.569819e+16,3.027496e+16,2.675954e+16,2.0826,1,4.502769e+16,6.296056e+16,5.970183e+16,6.633345e+16,2963.8469,3.598,4,0.6849,,coarse,B,3.1208,4.0829,3.3022,False,512,107,0.210526,0.124756,False,246.745053,CS(5-4),1809.0526,2214.212,star,25.454,3.564,19.854,512,20260825,False,False,,,,0.9996,0.9680,354,305.7,3.9265,5.4026,0.0455,0.999997
LP 476-207 783296,LP 476-207 384128,7,A002_Xd10f82_X2635,23.7525,333.149759,334.884134,15625000.0000,1734375000.0,1409.18,233,0.52264,2.69343,2.840891e+15,5.681783e+15,6.693692e+15,5.916450e+15,2.0826,1,9.955471e+15,1.392037e+16,1.319987e+16,1.466610e+16,4008.2034,3.598,3,0.3615,1.0000,coarse,B,2.0332,4.1892,4.3024,False,512,493,0.962963,0.959064,False,333.634134,CO(3-2),-12161.8657,-10543.892,star,18.822,2.635,14.681,512,20260825,False,False,,,,1.0393,1.0084,224,157.1,3.9216,5.5008,1.9657,0.970209
LP 476-207 783296,LP 476-207 384128,7,A002_Xd10f82_X2635,23.7525,335.045259,336.779634,15625000.0000,1734375000.0,1409.18,233,0.45298,2.33527,2.463131e+15,4.926261e+15,5.803615e+15,5.129724e+15,2.0826,1,8.631666e+15,1.206934e+16,1.144465e+16,1.271591e+16,4030.9494,3.598,3,0.3635,1.0000,coarse,B,2.9703,4.2953,4.1651,False,512,120,0.235867,0.274854,False,335.123384,CO(3-2),-10672.6157,-9252.767,star,18.715,2.620,14.598,512,20260825,False,False,,,,0.9927,0.9682,224,210.1,3.8250,5.3189,1.9657,0.969876
LP 476-207 783296,LP 476-207 384128,7,A002_Xd10f82_X2635,23.7525,345.154398,346.879496,488281.2500,1725097656.2,1028.16,170,2.85096,14.72506,4.853520e+14,9.707039e+14,1.143584e+15,1.011895e+15,2.0849,1,1.393479e+15,1.395911e+15,1.377700e+15,1.412909e+15,4152.2034,3.598,44,8.743,0.9989,fine,A,4.4371,5.8578,5.8245,False,512,184,0.360624,0.387914,False,346.823343,CO(3-2),1027.3433,890.669,star,18.169,2.544,14.172,512,20260825,False,False,,,,1.0244,0.9794,151962,1.508e+05,5.2842,6.5114,1.9657,0.968066
LP 476-207 783296,LP 476-207 384128,7,A002_Xd10f82_X2635,23.7525,347.045259,348.779634,15625000.0000,1734375000.0,1409.18,233,0.53335,2.75568,2.906557e+15,5.813114e+15,6.848414e+15,6.053206e+15,2.0826,1,1.018559e+16,1.424213e+16,1.350498e+16,1.500510e+16,4174.9494,3.598,3,0.3765,1.0000,coarse,B,3.4275,4.2282,4.5647,False,512,36,0.072125,0.099415,False,348.092134,CO(3-2),2296.1343,1990.664,star,18.070,2.530,14.094,512,20260825,False,False,,,,1.0488,1.0058,224,163.6,3.9450,5.5268,1.9657,0.967720
LP 476-207 384128,LP 476-207 384128,7,A002_Xd10f82_X2635,23.7875,333.149759,334.884134,15625000.0000,1734375000.0,1409.18,233,0.52239,2.61842,2.769928e+15,5.539856e+15,6.526490e+15,5.768662e+15,2.0826,1,9.706792e+15,1.357265e+16,1.287015e+16,1.429975e+16,4008.2034,3.598,3,0.3615,1.0000,coarse,B,1.8538,4.6169,4.5183,False,512,505,0.986355,1.000000,False,333.368509,CO(3-2),-12427.4907,-10774.179,star,18.822,2.635,14.681,512,20260825,False,False,,,,1.1001,0.9906,224,179.8,4.0387,5.6420,0.5612,0.997538
LP 476-207 384128,LP 476-207 384128,7,A002_Xd10f82_X2635,23.7875,335.045259,336.779634,15625000.0000,1734375000.0,1409.18,233,0.45240,2.26766,2.398875e+15,4.797750e+15,5.652216e+15,4.995906e+15,2.0826,1,8.406493e+15,1.175449e+16,1.114610e+16,1.238419e+16,4030.9494,3.598,3,0.3635,1.0000,coarse,B,2.8663,4.4202,4.3278,False,512,154,0.302144,0.276803,False,335.420259,CO(3-2),-10375.7407,-8995.387,star,18.715,2.620,14.598,512,20260825,False,False,,,,1.0414,0.9564,224,223.7,3.9123,5.4304,0.5612,0.997510
LP 476-207 384128,LP 476-207 384128,7,A002_Xd10f82_X2635,23.7875,345.154398,346.879496,488281.2500,1725097656.2,1028.16,170,2.85145,14.29500,4.725678e+14,9.451355e+14,1.113462e+15,9.852416e+14,2.0849,1,1.356774e+15,1.359143e+15,1.341412e+15,1.375693e+15,4152.2034,3.598,44,8.743,0.9989,fine,A,4.1936,5.7657,5.4793,False,512,391,0.764133,0.783626,False,346.514750,CO(3-2),718.7495,623.130,star,18.169,2.544,14.172,512,20260825,False,False,,,,1.0209,1.0021,151962,1.109e+05,5.2776,6.5270,0.5612,0.997358
LP 476-207 384128,LP 476-207 384128,7,A002_Xd10f82_X2635,23.7875,347.045259,348.779634,15625000.0000,1734375000.0,1409.18,233,0.53262,2.67021,2.824724e+15,5.649449e+15,6.655600e+15,5.882781e+15,2.0826,1,9.898816e+15,1.384115e+16,1.312476e+16,1.458264e+16,4174.9494,3.598,3,0.3765,1.0000,coarse,B,2.9346,4.3362,4.1926,False,512,119,0.233918,0.288499,False,347.420259,CO(3-2),1624.2593,1408.173,star,18.070,2.530,14.094,512,20260825,False,False,,,,0.9749,0.9760,224,183.3,3.7733,5.2682,0.5612,0.997329
HD202628,HD202628,6,A002_Xb99071_X3ca,23.7940,229.595180,231.435512,488281.2500,1840332031.2,786.24,,18.56576,92.82936,3.070447e+15,6.140893e+15,7.234569e+15,6.394516e+15,2.0826,1,8.815462e+15,8.830850e+15,8.715644e+15,8.938384e+15,2766.1842,3.598,21,4.454,,fine,A,4.0447,5.4050,4.4457,False,512,345,0.674464,0.703704,False,231.332485,CO(2-1),794.4848,1033.151,star,27.272,3.818,21.273,512,20260825,False,False,,,,1.0191,0.9923,75400,5.725e+04,5.1227,6.3881,0.0690,0.999994
HD202628,HD202628,6,A002_Xbf1cbb_X6176,23.7940,229.694521,231.419618,488281.2500,1725097656.2,2812.32,,1.09089,5.45446,1.804130e+14,3.608261e+14,4.250882e+14,3.757284e+14,2.0826,1,5.179781e+14,5.188823e+14,5.121131e+14,5.252008e+14,2766.6848,3.598,80,15.94,,fine,A,4.6441,6.1495,5.6183,False,512,170,0.333333,0.311891,False,,CO(2-1),687.2823,893.744,star,27.268,3.817,21.269,512,20260825,False,False,,,,1.0058,0.9989,279186,2.096e+05,5.3468,6.5639,0.0115,1.000000
HD202628,HD202628,6,A002_Xd64dca_X820,23.7940,230.080684,230.943477,488281.2500,862792968.8,2933.28,,1.11476,5.57389,1.843634e+14,2.171980e+14,3.619967e+14,2.458179e+14,1.3333,2,5.293199e+14,5.302439e+14,5.233264e+14,5.367008e+14,2766.1450,3.598,81,16.62,,fine,A,4.4351,5.4659,5.7044,True,512,264,0.516569,0.631579,False,,CO(2-1),-313.2734,-407.382,star,27.273,3.818,21.273,512,20260825,False,False,,,,1.0205,1.0105,141440,1.315e+05,5.3305,6.5790,0.0646,0.999984
HD202628,HD202628,6,A002_Xd64dca_X410,23.7940,230.080755,230.943548,488281.2500,862792968.8,2933.28,485,1.06798,5.33999,1.766269e+14,2.080837e+14,3.468062e+14,2.356163e+14,1.3340,2,5.071080e+14,5.079932e+14,5.013660e+14,5.141791e+14,2766.1458,3.598,81,16.62,0.9995,fine,A,4.2012,5.6891,5.3025,False,512,425,0.830409,0.830409,False,230.728704,CO(2-1),190.7042,247.992,star,27.273,3.818,21.273,512,20260825,False,False,,,,1.0065,1.0198,141440,9.615e+04,5.2594,6.5158,0.0646,0.999984
HD202628,HD202628,6,A002_Xd659d4_X211,23.7940,230.080939,230.943732,488281.2500,862792968.8,2933.28,,1.33529,6.67655,2.208352e+14,2.601654e+14,4.336090e+14,2.944470e+14,1.3333,2,6.340330e+14,6.351398e+14,6.268538e+14,6.428740e+14,2766.1480,3.598,81,16.62,,fine,A,4.2557,5.6416,5.3628,False,512,391,0.764133,0.865497,False,,CO(2-1),-93.2917,-121.317,star,27.273,3.818,21.273,512,20260825,False,False,,,,1.0272,1.0115,141440,1.211e+05,5.3350,6.5911,0.0642,0.999985
HD202628,HD202628,6,A002_Xd64dca_X820,23.7940,231.559785,233.387910,15625000.0000,1828125000.0,3441.31,,0.12703,0.63518,6.723022e+14,1.344604e+15,1.584075e+15,1.400138e+15,2.0826,1,2.355981e+15,3.294281e+15,3.123775e+15,3.470760e+15,2789.6862,3.598,4,0.6144,,coarse,B,2.6785,4.7724,3.8465,False,512,283,0.553606,0.489279,False,,CO(2-1),1881.1604,2446.268,star,27.043,3.786,21.093,512,20260825,False,False,,,,0.9802,0.9867,354,237.3,3.8656,5.3565,0.0646,0.999984
HD202628,HD202628,6,A002_Xd64dca_X410,23.7940,231.559855,233.387980,15625000.0000,1828125000.0,3441.31,569,0.12072,0.60360,6.388765e+14,1.277753e+15,1.505317e+15,1.330526e+15,2.0826,1,2.238846e+15,3.130495e+15,2.968466e+15,3.298200e+15,2789.6870,3.598,4,0.6144,1.0000,coarse,B,2.6117,4.9908,4.2187,False,512,324,0.633528,0.575049,False,231.559855,CO(2-1),1021.8548,1328.824,star,27.043,3.786,21.093,512,20260825,False,False,,,,1.0027,0.9556,354,319.6,3.9182,5.3847,0.0646,0.999984
HD202628,HD202628,6,A002_Xd659d4_X211,23.7940,231.560034,233.388159,15625000.0000,1828125000.0,3441.31,,0.15337,0.76687,8.116902e+14,1.623380e+15,1.912500e+15,1.690427e+15,2.0826,1,2.844445e+15,3.977282e+15,3.771425e+15,4.190351e+15,2789.6892,3.598,4,0.6144,,coarse,B,3.3986,4.2610,4.0265,False,512,46,0.091618,0.107212,False,,CO(2-1),1631.4086,2121.490,star,27.043,3.786,21.093,512,20260825,False,False,,,,0.9366,0.9592,354,362.1,3.8211,5.2337,0.0642,0.999984
HD202628,HD202628,6,A002_Xb99071_X3ca,23.7940,231.602921,233.337296,15625000.0000,1734375000.0,786.24,,2.86333,14.31675,1.515342e+16,3.030683e+16,3.570439e+16,3.155852e+16,2.0826,1,5.310284e+16,7.425173e+16,7.040860e+16,7.822951e+16,2789.6413,3.598,2,0.1404,,coarse,B,2.3960,4.2870,3.3146,False,512,324,0.633528,0.746589,False,232.431046,CO(2-1),1893.0456,2461.723,star,27.043,3.786,21.094,512,20260825,False,False,,,,1.1075,1.0193,112,117.9,3.9976,5.6584,0.0690,0.999994
HD202628,HD202628,6,A002_Xbf1cbb_X6176,23.7940,231.643507,233.377882,15625000.0000,1734375000.0,3320.35,,0.17843,0.89214,9.442783e+14,1.888557e+15,2.224903e+15,1.966555e+15,2.0826,1,3.309080e+15,4.626964e+15,4.387480e+15,4.874837e+15,2790.1283,3.598,4,0.5929,,coarse,B,3.2712,4.7120,4.1286,False,512,55,0.109162,0.126706,False,,CO(2-1),2777.3824,3611.718,star,27.038,3.785,21.090,512,20260825,False,False,,,,1.0403,1.0001,336,191.2,3.9569,5.5175,0.0115,1.000000
HD202628,HD202628,6,A002_Xd64dca_X820,23.7940,244.558323,246.386448,15625000.0000,1828125000.0,3441.31,,0.13948,0.69740,7.381568e+14,1.476314e+15,1.739241e+15,1.537286e+15,2.0826,1,2.586758e+15,3.616968e+15,3.429760e+15,3.810734e+15,2945.6686,3.598,4,0.6488,,coarse,B,3.4082,4.7126,4.4727,False,512,56,0.111111,0.103314,False,,CS(5-4),12.9481,15.848,star,25.611,3.586,19.976,512,20260825,False,False,,,,0.9837,0.9716,354,323.6,3.9152,5.3788,0.0646,0.999982
HD202628,HD202628,6,A002_Xd64dca_X410,23.7940,244.558396,246.386521,15625000.0000,1828125000.0,3441.31,569,0.13241,0.66207,7.007610e+14,1.401522e+15,1.651129e+15,1.459407e+15,2.0826,1,2.455710e+15,3.433729e+15,3.256005e+15,3.617679e+15,2945.6695,3.598,4,0.6488,1.0000,coarse,B,2.8062,4.8652,4.2484,False,512,238,0.465887,0.510721,False,245.120896,CS(5-4),184.8964,226.306,star,25.611,3.585,19.976,512,20260825,False,False,,,,0.9655,0.9729,354,300.7,3.8644,5.3196,0.0646,0.999982
HD202628,HD202628,6,A002_Xd659d4_X211,23.7940,244.558585,246.386710,15625000.0000,1828125000.0,3441.31,,0.16923,0.84618,8.956312e+14,1.791262e+15,2.110281e+15,1.865243e+15,2.0826,1,3.138603e+15,4.388593e+15,4.161447e+15,4.623696e+15,2945.6718,3.598,4,0.6488,,coarse,B,2.4533,4.8171,3.8749,False,512,394,0.769981,0.725146,False,,CS(5-4),856.9602,1048.887,star,25.611,3.585,19.976,512,20260825,False,False,,,,1.0549,0.9948,354,234.1,4.0251,5.5797,0.0642,0.999983
HD202628,HD202628,6,A002_Xb99071_X3ca,23.7940,244.601249,246.335624,15625000.0000,1734375000.0,786.24,,3.09038,15.45200,1.635502e+16,3.271003e+16,3.853560e+16,3.406098e+16,2.0826,1,5.731366e+16,8.013957e+16,7.599169e+16,8.443277e+16,2945.6212,3.598,2,0.1482,,coarse,B,2.8796,4.8310,4.0605,False,512,132,0.259259,0.284600,False,246.319999,CS(5-4),1383.9992,1693.963,star,25.611,3.586,19.977,512,20260825,False,False,,,,1.0478,1.0394,112,99.69,3.8789,5.5208,0.0690,0.999993
HD202628,HD202628,6,A002_Xbf1cbb_X6176,23.7940,244.644105,246.378480,15625000.0000,1734375000.0,3320.35,,0.20003,1.00015,1.058603e+15,2.117207e+15,2.494275e+15,2.204649e+15,2.0826,1,3.709714e+15,5.187156e+15,4.918678e+15,5.465040e+15,2946.1355,3.598,4,0.6261,,coarse,B,3.6596,4.5342,4.3864,False,512,19,0.038986,0.023392,False,,CS(5-4),176.8554,216.464,star,25.607,3.585,19.973,512,20260825,False,False,,,,0.9615,0.9907,336,261.6,3.8595,5.3333,0.0115,0.999999
HD202628,HD202628,6,A002_Xd64dca_X820,23.7940,246.558098,248.386223,15625000.0000,1828125000.0,3441.31,,0.16177,0.80888,8.561489e+14,1.712298e+15,2.017253e+15,1.783017e+15,2.0826,1,3.000243e+15,4.195129e+15,3.977997e+15,4.419869e+15,2969.6659,3.598,4,0.6541,,coarse,B,3.0513,4.6702,4.1704,False,512,143,0.280702,0.189084,False,,CS(5-4),1825.2231,2234.005,star,25.404,3.557,19.815,512,20260825,False,False,,,,1.0048,0.9897,354,274.8,3.9549,5.4577,0.0646,0.999982
HD202628,HD202628,6,A002_Xd64dca_X410,23.7940,246.558172,248.386297,15625000.0000,1828125000.0,3441.31,569,0.15488,0.77440,8.196593e+14,1.639319e+15,1.931277e+15,1.707024e+15,2.0826,1,2.872371e+15,4.016330e+15,3.808452e+15,4.231491e+15,2969.6668,3.598,4,0.6541,1.0000,coarse,B,2.2242,4.4369,4.2244,False,512,465,0.908382,0.904483,False,247.714422,CS(5-4),2778.4221,3400.684,star,25.404,3.557,19.815,512,20260825,False,False,,,,0.9889,0.9618,354,273.1,3.8667,5.3369,0.0646,0.999982
HD202628,HD202628,6,A002_Xd659d4_X211,23.7940,246.558362,248.386487,15625000.0000,1828125000.0,3441.31,,0.19438,0.97191,1.028706e+15,2.057413e+15,2.423833e+15,2.142386e+15,2.0826,1,3.604945e+15,5.040662e+15,4.779766e+15,5.310697e+15,2969.6691,3.598,4,0.6541,,coarse,B,2.1719,5.0107,3.8589,False,512,484,0.945419,0.925926,False,,CS(5-4),2794.2374,3420.042,star,25.404,3.557,19.815,512,20260825,False,False,,,,1.0401,0.9757,354,277.9,3.9998,5.5179,0.0642,0.999982
HD202628,HD202628,6,A002_Xb99071_X3ca,23.7940,246.600992,248.335367,15625000.0000,1734375000.0,786.24,,3.62613,18.13078,1.919034e+16,3.838067e+16,4.521616e+16,3.996582e+16,2.0826,1,6.724961e+16,9.403264e+16,8.916568e+16,9.907011e+16,2969.6182,3.598,2,0.1494,,coarse,B,2.5260,4.3654,3.3721,False,512,266,0.520468,0.393762,False,248.210367,CS(5-4),3274.3671,4007.702,star,25.404,3.557,19.815,512,20260825,False,False,,,,0.9526,1.0156,112,114.2,3.6916,5.2306,0.0690,0.999993
HD 31392,HD 31392,6,A002_X128b034_X187cc,25.7602,229.651114,231.376700,976562.5000,1725585937.5,2963.52,490,12.59700,62.98507,4.883668e+15,5.753436e+15,9.589061e+15,6.512344e+15,1.3335,2,1.402135e+16,1.404582e+16,1.386258e+16,1.421686e+16,2766.1669,3.598,42,8.394,0.9999,fine,A,4.2252,5.3197,5.0709,False,512,288,0.563353,0.549708,False,229.674552,CO(2-1),-863.4482,-1122.831,star,27.273,3.818,21.273,512,20260825,False,False,,,,1.0087,1.0184,72488,4.815e+04,5.1294,6.4109,0.0337,0.999999
HD 31392,HD 31392,6,A002_X1294347_X5c2e,25.7602,229.653127,231.378713,976562.5000,1725585937.5,2963.52,,11.08244,55.41229,4.296498e+15,5.061692e+15,8.436154e+15,5.728664e+15,1.3333,2,1.233554e+16,1.235707e+16,1.219586e+16,1.250755e+16,2766.1910,3.598,42,8.394,,fine,A,4.4869,5.5484,4.7640,False,512,111,0.218324,0.152047,False,229.761526,CO(2-1),-776.4743,-1009.730,star,27.272,3.818,21.272,512,20260825,False,False,,,,1.0185,0.9990,72488,7.081e+04,5.1788,6.4404,0.0334,0.999999
HD 31392,HD 31392,6,A002_X1294347_X1b730,25.7602,229.653524,231.379110,976562.5000,1725585937.5,2963.52,,12.27321,61.36612,4.758140e+15,5.605552e+15,9.342586e+15,6.344187e+15,1.3333,2,1.366094e+16,1.368479e+16,1.350626e+16,1.385143e+16,2766.1958,3.598,42,8.394,,fine,A,4.3768,5.5082,4.7283,False,512,193,0.378168,0.452242,False,231.202352,CO(2-1),664.3518,863.925,star,27.272,3.818,21.272,512,20260825,False,False,,,,1.0243,1.0051,72488,7.043e+04,5.2084,6.4777,0.0333,0.999999
HD 31392,HD 31392,6,A002_X1294347_X1af7f,25.7602,229.653576,231.379162,976562.5000,1725585937.5,2963.52,,12.00825,60.04135,4.655421e+15,5.484539e+15,9.140898e+15,6.207228e+15,1.3333,2,1.336603e+16,1.338936e+16,1.321469e+16,1.355241e+16,2766.1964,3.598,42,8.394,,fine,A,4.3453,5.3520,4.8088,False,512,224,0.438596,0.518519,False,230.085217,CO(2-1),-452.7832,-588.801,star,27.272,3.818,21.272,512,20260825,False,False,,,,1.0248,1.0170,72488,5.898e+04,5.2059,6.4893,0.0333,0.999999
HD 31392,HD 31392,6,A002_X129691d_X6985,25.7602,229.653731,231.379317,976562.5000,1725585937.5,2963.52,,13.72342,68.61721,5.320367e+15,6.267909e+15,1.044652e+16,7.093822e+15,1.3333,2,1.527514e+16,1.530180e+16,1.510218e+16,1.548813e+16,2766.1983,3.598,42,8.394,,fine,A,4.3715,5.7794,4.8177,False,512,175,0.343080,0.382066,False,230.423262,CO(2-1),-114.7381,-149.206,star,27.272,3.818,21.272,512,20260825,False,False,,,,1.0227,1.0002,72488,6.842e+04,5.1862,6.4524,0.0333,0.999999
HD 31392,HD 31392,6,A002_X129754b_X70a9,25.7602,229.653877,231.379462,976562.5000,1725585937.5,2963.52,,14.45769,72.28853,5.605030e+15,6.603270e+15,1.100545e+16,7.473373e+15,1.3333,2,1.609242e+16,1.612051e+16,1.591021e+16,1.631682e+16,2766.2000,3.598,43,8.394,,fine,A,4.2155,5.2923,4.8088,False,512,317,0.619883,0.693957,False,230.592353,CO(2-1),54.3531,70.681,star,27.272,3.818,21.272,512,20260825,False,False,,,,1.0192,1.0094,74256,6.433e+04,5.1890,6.4609,0.0333,0.999999
HD 31392,HD 31392,6,A002_X129754b_X6946,25.7602,229.653946,231.379532,976562.5000,1725585937.5,2963.52,,13.30727,66.53642,5.159029e+15,6.077838e+15,1.012973e+16,6.878706e+15,1.3333,2,1.481192e+16,1.483778e+16,1.464421e+16,1.501846e+16,2766.2009,3.598,42,8.394,,fine,A,5.2887,5.8110,5.5474,False,512,6,0.013645,0.025341,False,231.199845,CO(2-1),661.8448,860.665,star,27.272,3.818,21.272,512,20260825,True,False,,unattributed,,1.0098,1.0236,72488,5.125e+04,5.1575,6.4408,0.0333,0.999999
HD 31392,HD 31392,6,A002_X12b3da5_X4411,25.7602,229.661666,231.387252,976562.5000,1725585937.5,2963.52,,13.26414,66.32082,5.142312e+15,6.058143e+15,1.009691e+16,6.856416e+15,1.3333,2,1.476393e+16,1.478970e+16,1.459676e+16,1.496980e+16,2766.2935,3.598,42,8.395,,fine,A,4.0333,5.5591,4.6172,False,512,436,0.851852,0.789474,False,230.880416,CO(2-1),342.4161,445.279,star,27.271,3.818,21.272,512,20260825,False,False,,,,1.0217,1.0080,72488,6.094e+04,5.1816,6.4562,0.0357,0.999998
HD 31392,HD 31392,6,A002_X12b3da5_X2f34,25.7602,229.661899,231.387485,976562.5000,1725585937.5,2963.52,,13.31628,66.58152,5.162526e+15,6.081957e+15,1.013660e+16,6.883368e+15,1.3333,2,1.482196e+16,1.484784e+16,1.465413e+16,1.502864e+16,2766.2963,3.598,42,8.395,,fine,A,4.5779,5.3690,4.9626,False,512,72,0.142300,0.146199,False,230.617954,CO(2-1),79.9537,103.972,star,27.271,3.818,21.272,512,20260825,False,False,,,,1.0237,0.9872,72488,8.416e+04,5.1944,6.4459,0.0357,0.999998
HD 31392,HD 31392,6,A002_X128b034_X187cc,25.7602,232.057845,233.885970,15625000.0000,1828125000.0,3640.90,602,2.25291,11.26456,1.397470e+16,2.794941e+16,3.292712e+16,2.910375e+16,2.0826,1,4.897222e+16,6.847605e+16,6.493185e+16,7.214441e+16,2795.6629,3.598,4,0.6514,1.0000,coarse,B,2.8319,4.3771,3.9142,False,512,206,0.403509,0.424951,False,233.432845,CO(2-1),2894.8448,3764.467,star,26.985,3.778,21.048,512,20260825,False,False,,,,1.0669,0.9711,354,287.6,4.0522,5.5849,0.0337,0.999999
HD 31392,HD 31392,6,A002_X1294347_X5c2e,25.7602,232.059858,233.887983,15625000.0000,1828125000.0,3640.90,,1.95959,9.79795,1.215524e+16,2.431049e+16,2.864012e+16,2.531453e+16,2.0826,1,4.259620e+16,5.956070e+16,5.647794e+16,6.275145e+16,2795.6870,3.598,4,0.6514,,coarse,B,2.0358,3.9715,3.2778,False,512,500,0.976608,0.980507,False,233.231733,CO(2-1),2693.7327,3502.940,star,26.985,3.778,21.048,512,20260825,False,False,,,,0.9508,0.9184,354,471.3,3.8250,5.2035,0.0334,0.999999
HD 31392,HD 31392,6,A002_X1294347_X1b730,25.7602,232.060254,233.888379,15625000.0000,1828125000.0,3640.90,,2.19158,10.95793,1.359430e+16,2.718861e+16,3.203083e+16,2.831152e+16,2.0826,1,4.763917e+16,6.661209e+16,6.316437e+16,7.018060e+16,2795.6918,3.598,4,0.6514,,coarse,B,2.7429,4.2018,3.3388,False,512,270,0.528265,0.432749,False,232.341504,CO(2-1),1803.5041,2345.283,star,26.985,3.778,21.048,512,20260825,False,False,,,,1.0521,0.9948,354,262.4,4.0477,5.5929,0.0333,0.999999
HD 31392,HD 31392,6,A002_X1294347_X1af7f,25.7602,232.060307,233.888432,15625000.0000,1828125000.0,3640.90,,2.13997,10.69986,1.327415e+16,2.654830e+16,3.127648e+16,2.764477e+16,2.0826,1,4.651724e+16,6.504334e+16,6.167681e+16,6.852781e+16,2795.6924,3.598,4,0.6514,,coarse,B,2.6948,3.9379,3.1853,False,512,274,0.536062,0.415205,False,233.482182,CO(2-1),2944.1817,3828.625,star,26.985,3.778,21.048,512,20260825,False,False,,,,1.0057,0.9377,354,380.3,3.9281,5.3734,0.0333,0.999999
HD 31392,HD 31392,6,A002_X129691d_X6985,25.7602,232.060461,233.888586,15625000.0000,1828125000.0,3640.90,,2.42393,12.11968,1.503556e+16,3.007113e+16,3.542671e+16,3.131309e+16,2.0826,1,5.268985e+16,7.367426e+16,6.986101e+16,7.762110e+16,2795.6943,3.598,4,0.6514,,coarse,B,2.9186,4.4389,3.9645,False,512,177,0.346979,0.403509,False,233.372961,CO(2-1),2834.9611,3686.594,star,26.985,3.778,21.048,512,20260825,False,False,,,,0.9613,0.9911,354,234.3,3.8342,5.3149,0.0333,0.999999
HD 31392,HD 31392,6,A002_X129754b_X70a9,25.7602,232.060607,233.888732,15625000.0000,1828125000.0,3640.90,,2.59212,12.96060,1.607880e+16,3.215761e+16,3.788479e+16,3.348574e+16,2.0826,1,5.634572e+16,7.878614e+16,7.470831e+16,8.300683e+16,2795.6960,3.598,4,0.6514,,coarse,B,2.2384,4.7278,3.4985,False,512,472,0.922027,0.896686,False,233.248107,CO(2-1),2710.1070,3524.233,star,26.985,3.778,21.048,512,20260825,False,False,,,,1.0627,0.9858,354,253.4,4.0422,5.5909,0.0333,0.999999
HD 31392,HD 31392,6,A002_X129754b_X6946,25.7602,232.060677,233.888802,15625000.0000,1828125000.0,3640.90,,2.36297,11.81484,1.465738e+16,2.931477e+16,3.453565e+16,3.052549e+16,2.0826,1,5.136457e+16,7.182118e+16,6.810384e+16,7.566874e+16,2795.6969,3.598,4,0.6514,,coarse,B,2.4374,4.4520,3.7553,False,512,383,0.748538,0.662768,False,233.685677,CO(2-1),3147.6768,4093.250,star,26.985,3.778,21.048,512,20260825,False,False,,,,0.9950,0.9170,354,381.9,3.8657,5.2874,0.0333,0.999999
HD 31392,HD 31392,6,A002_X12b3da5_X4411,25.7602,232.068397,233.896522,15625000.0000,1828125000.0,3640.90,,2.39026,11.95130,1.482667e+16,2.965334e+16,3.493452e+16,3.087805e+16,2.0826,1,5.195782e+16,7.265069e+16,6.889042e+16,7.654269e+16,2795.7895,3.598,4,0.6515,,coarse,B,3.0058,4.2393,3.7127,False,512,118,0.231969,0.165692,False,232.599647,CO(2-1),2061.6466,2680.973,star,26.984,3.778,21.047,512,20260825,False,False,,,,1.0036,0.9321,354,411.5,3.9304,5.3655,0.0357,0.999998
HD 31392,HD 31392,6,A002_X12b3da5_X2f34,25.7602,232.068629,233.896754,15625000.0000,1828125000.0,3640.90,,2.38980,11.94900,1.482381e+16,2.964762e+16,3.492779e+16,3.087209e+16,2.0826,1,5.194779e+16,7.263668e+16,6.887713e+16,7.652793e+16,2795.7923,3.598,4,0.6515,,coarse,B,2.5055,4.5298,3.0480,False,512,364,0.711501,0.861598,False,232.506129,CO(2-1),1968.1295,2559.363,star,26.984,3.778,21.047,512,20260825,False,False,,,,1.0174,0.9552,354,327.1,3.9523,5.4282,0.0357,0.999998
HD 31392,HD 31392,6,A002_X128b034_X187cc,25.7602,244.057845,245.885970,15625000.0000,1828125000.0,3640.90,602,2.36829,11.84146,1.469040e+16,2.938080e+16,3.461344e+16,3.059426e+16,2.0826,1,5.148027e+16,7.198296e+16,6.825725e+16,7.583919e+16,2939.6629,3.598,4,0.685,1.0000,coarse,B,2.2265,4.9613,2.9388,False,512,487,0.951267,0.998051,False,245.839095,CS(5-4),903.0948,1105.354,star,25.663,3.593,20.017,512,20260825,False,False,,,,1.1320,0.9943,354,256.9,4.1991,5.8057,0.0337,0.999998
HD 31392,HD 31392,6,A002_X1294347_X5c2e,25.7602,244.059858,245.887983,15625000.0000,1828125000.0,3640.90,,2.04401,10.22005,1.267890e+16,2.535779e+16,2.987394e+16,2.640509e+16,2.0826,1,4.443126e+16,6.212659e+16,5.891103e+16,6.545480e+16,2939.6870,3.598,4,0.685,,coarse,B,2.6098,4.7812,4.3428,False,512,341,0.666667,0.701754,False,245.356733,CS(5-4),420.7327,514.961,star,25.663,3.593,20.017,512,20260825,False,False,,,,1.0310,0.9806,354,291.3,4.0028,5.5149,0.0334,0.999998
HD 31392,HD 31392,6,A002_X1294347_X1b730,25.7602,244.060254,245.888379,15625000.0000,1828125000.0,3640.90,,2.30076,11.50383,1.427155e+16,2.854309e+16,3.362654e+16,2.972194e+16,2.0826,1,5.001246e+16,6.993057e+16,6.631109e+16,7.367686e+16,2939.6918,3.598,4,0.685,,coarse,B,2.4710,4.5574,3.5499,False,512,382,0.746589,0.707602,False,244.169629,CS(5-4),-766.3709,-938.009,star,25.663,3.593,20.017,512,20260825,False,False,,,,1.0095,0.9936,354,202.5,3.8985,5.4269,0.0333,0.999998
HD 31392,HD 31392,6,A002_X1294347_X1af7f,25.7602,244.060307,245.888432,15625000.0000,1828125000.0,3640.90,,2.22638,11.13192,1.381016e+16,2.762032e+16,3.253943e+16,2.876106e+16,2.0826,1,4.839561e+16,6.766979e+16,6.416732e+16,7.129496e+16,2939.6924,3.598,4,0.685,,coarse,B,2.8626,4.0626,3.5418,False,512,178,0.348928,0.269006,False,245.607182,CS(5-4),671.1817,821.501,star,25.663,3.593,20.017,512,20260825,False,False,,,,0.9701,0.9434,354,322.1,3.8304,5.2630,0.0333,0.999998
HD 31392,HD 31392,6,A002_X129691d_X6985,25.7602,244.060461,245.888586,15625000.0000,1828125000.0,3640.90,,2.53388,12.66944,1.571759e+16,3.143517e+16,3.703369e+16,3.273346e+16,2.0826,1,5.507989e+16,7.701617e+16,7.302995e+16,8.114203e+16,2939.6943,3.598,4,0.685,,coarse,B,3.7977,5.1426,4.3019,False,512,15,0.031189,0.027290,False,244.826086,CS(5-4),-109.9139,-134.531,star,25.663,3.593,20.017,512,20260825,False,False,,,,0.9475,0.9553,354,322.2,3.8090,5.2335,0.0333,0.999998
HD 31392,HD 31392,6,A002_X129754b_X70a9,25.7602,244.060607,245.888732,15625000.0000,1828125000.0,3640.90,,2.74885,13.74426,1.705100e+16,3.410199e+16,4.017546e+16,3.551043e+16,2.0826,1,5.975262e+16,8.354988e+16,7.922548e+16,8.802576e+16,2939.6960,3.598,4,0.685,,coarse,B,2.8412,5.4639,3.8494,False,512,212,0.415205,0.545809,False,244.888732,CS(5-4),-47.2680,-57.854,star,25.663,3.593,20.017,512,20260825,False,False,,,,1.0077,0.9919,354,258.9,3.9508,5.4612,0.0333,0.999998
HD 31392,HD 31392,6,A002_X129754b_X6946,25.7602,244.060677,245.888802,15625000.0000,1828125000.0,3640.90,,2.48563,12.42817,1.541828e+16,3.083656e+16,3.632846e+16,3.211013e+16,2.0826,1,5.403101e+16,7.554956e+16,7.163925e+16,7.959686e+16,2939.6969,3.598,4,0.685,,coarse,B,2.8785,4.5839,3.6496,False,512,230,0.450292,0.366472,False,245.185677,CS(5-4),249.6768,305.595,star,25.663,3.593,20.017,512,20260825,False,False,,,,1.0432,1.0199,354,246.9,4.0644,5.6257,0.0333,0.999998
HD 31392,HD 31392,6,A002_X12b3da5_X4411,25.7602,244.068397,245.896522,15625000.0000,1828125000.0,3640.90,,2.46201,12.31009,1.527178e+16,3.054356e+16,3.598328e+16,3.180503e+16,2.0826,1,5.351762e+16,7.483171e+16,7.095855e+16,7.884055e+16,2939.7895,3.598,4,0.685,,coarse,B,2.0842,4.1993,3.4938,False,512,494,0.964912,0.904483,False,244.615272,CS(5-4),-320.7284,-392.560,star,25.662,3.593,20.016,512,20260825,False,False,,,,1.0750,1.0080,354,219.8,4.0746,5.6585,0.0357,0.999998
HD 31392,HD 31392,6,A002_X12b3da5_X2f34,25.7602,244.068629,245.896754,15625000.0000,1828125000.0,3640.90,,2.48359,12.41798,1.540563e+16,3.081127e+16,3.629867e+16,3.208379e+16,2.0826,1,5.398670e+16,7.548760e+16,7.158050e+16,7.953158e+16,2939.7923,3.598,4,0.685,,coarse,B,2.3116,4.1475,3.4046,False,512,439,0.857700,0.886940,False,244.443629,CS(5-4),-492.3705,-602.643,star,25.662,3.593,20.016,512,20260825,False,False,,,,1.0523,0.9700,354,272.5,4.0082,5.5325,0.0357,0.999998
HD 31392,HD 31392,6,A002_X128b034_X187cc,25.7602,246.057845,247.885970,15625000.0000,1828125000.0,3640.90,602,2.56813,12.84065,1.593000e+16,3.185999e+16,3.753417e+16,3.317585e+16,2.0826,1,5.582425e+16,7.805698e+16,7.401689e+16,8.223861e+16,2963.6629,3.598,4,0.6906,1.0000,coarse,B,3.4262,4.6767,4.0205,False,512,36,0.072125,0.126706,False,246.495345,CS(5-4),1559.3448,1908.579,star,25.455,3.564,19.855,512,20260825,False,False,,,,0.9831,1.0141,354,230.3,3.9179,5.4336,0.0337,0.999998
HD 31392,HD 31392,6,A002_X1294347_X5c2e,25.7602,246.059858,247.887983,15625000.0000,1828125000.0,3640.90,,2.25738,11.28693,1.400246e+16,2.800492e+16,3.299252e+16,2.916154e+16,2.0826,1,4.906949e+16,6.861206e+16,6.506082e+16,7.228771e+16,2963.6870,3.598,4,0.6906,,coarse,B,2.1736,4.5043,3.5002,False,512,491,0.959064,0.943470,False,246.200483,CS(5-4),1264.4827,1547.679,star,25.455,3.564,19.855,512,20260825,False,False,,,,1.0001,1.0016,354,284.9,3.9778,5.4838,0.0334,0.999998
HD 31392,HD 31392,6,A002_X1294347_X1b730,25.7602,246.060254,247.888379,15625000.0000,1828125000.0,3640.90,,2.52713,12.63569,1.567572e+16,3.135144e+16,3.693505e+16,3.264628e+16,2.0826,1,5.493318e+16,7.681103e+16,7.283542e+16,8.092590e+16,2963.6918,3.598,4,0.6906,,coarse,B,2.2245,4.2857,4.1749,False,512,485,0.947368,0.935673,False,246.138379,CS(5-4),1202.3791,1471.667,star,25.455,3.564,19.855,512,20260825,False,False,,,,1.0952,1.0129,354,220.2,4.1242,5.7271,0.0333,0.999998
HD 31392,HD 31392,6,A002_X1294347_X1af7f,25.7602,246.060307,247.888432,15625000.0000,1828125000.0,3640.90,,2.44767,12.23837,1.518280e+16,3.036561e+16,3.577364e+16,3.161973e+16,2.0826,1,5.320583e+16,7.439574e+16,7.054515e+16,7.838122e+16,2963.6924,3.598,4,0.6906,,coarse,B,2.7310,4.4292,3.1859,False,512,266,0.520468,0.444444,False,246.107182,CS(5-4),1171.1817,1433.482,star,25.455,3.564,19.855,512,20260825,False,False,,,,0.9804,0.9441,354,388.5,3.8950,5.3251,0.0333,0.999998
HD 31392,HD 31392,6,A002_X129691d_X6985,25.7602,246.060461,247.888586,15625000.0000,1828125000.0,3640.90,,2.78856,13.94281,1.729732e+16,3.459463e+16,4.075584e+16,3.602341e+16,2.0826,1,6.061581e+16,8.475685e+16,8.036998e+16,8.929739e+16,2963.6943,3.598,4,0.6906,,coarse,B,3.3062,4.5218,3.6277,False,512,83,0.163743,0.235867,False,247.419836,CS(5-4),2483.8361,3040.122,star,25.455,3.564,19.855,512,20260825,False,False,,,,1.0832,1.0202,354,230.7,4.1267,5.7230,0.0333,0.999998
HD 31392,HD 31392,6,A002_X129754b_X70a9,25.7602,246.060607,247.888732,15625000.0000,1828125000.0,3640.90,,2.97326,14.86635,1.844305e+16,3.688610e+16,4.345542e+16,3.840952e+16,2.0826,1,6.463087e+16,9.037095e+16,8.569351e+16,9.521225e+16,2963.6960,3.598,4,0.6906,,coarse,B,3.1554,4.7499,4.1654,False,512,123,0.241715,0.329435,False,247.794982,CS(5-4),2858.9820,3499.287,star,25.455,3.564,19.855,512,20260825,False,False,,,,1.0805,0.9803,354,323.9,4.1266,5.6691,0.0333,0.999998
HD 31392,HD 31392,6,A002_X129754b_X6946,25.7602,246.060677,247.888802,15625000.0000,1828125000.0,3640.90,,2.71461,13.57309,1.683865e+16,3.367730e+16,3.967513e+16,3.506819e+16,2.0826,1,5.900848e+16,8.250938e+16,7.823884e+16,8.692952e+16,2963.6969,3.598,4,0.6906,,coarse,B,2.7242,4.5988,3.0447,False,512,279,0.545809,0.534113,False,246.404427,CS(5-4),1468.4268,1797.299,star,25.455,3.564,19.855,512,20260825,False,False,,,,1.0048,1.0259,354,200.4,3.9497,5.4999,0.0333,0.999998
HD 31392,HD 31392,6,A002_X12b3da5_X4411,25.7602,246.068397,247.896522,15625000.0000,1828125000.0,3640.90,,2.69519,13.47599,1.671818e+16,3.343636e+16,3.939129e+16,3.481731e+16,2.0826,1,5.858633e+16,8.191909e+16,7.767910e+16,8.630762e+16,2963.7895,3.598,4,0.6906,,coarse,B,2.4325,5.0311,4.0483,False,512,422,0.824561,0.777778,False,247.099647,CS(5-4),2163.6466,2648.222,star,25.454,3.564,19.854,512,20260825,False,False,,,,1.0546,1.0020,354,241.4,4.0463,5.6042,0.0357,0.999998
HD 31392,HD 31392,6,A002_X12b3da5_X2f34,25.7602,246.068629,247.896754,15625000.0000,1828125000.0,3640.90,,2.69758,13.48793,1.673299e+16,3.346599e+16,3.942619e+16,3.484816e+16,2.0826,1,5.863823e+16,8.199167e+16,7.774793e+16,8.638408e+16,2963.7923,3.598,4,0.6906,,coarse,B,2.7597,4.1137,3.6989,False,512,283,0.553606,0.467836,False,247.756129,CS(5-4),2820.1295,3451.732,star,25.454,3.564,19.854,512,20260825,False,False,,,,1.0356,1.0003,354,277.1,4.0391,5.5726,0.0357,0.999998
CD-57 1054,CD-57 1054,7,A002_Xcf525f_X5aa4,26.8732,333.118539,334.852914,15625000.0000,1734375000.0,1409.18,233,0.67398,3.36999,4.549853e+15,9.099707e+15,1.072034e+16,9.475540e+15,2.0826,1,1.594427e+16,2.229428e+16,2.114037e+16,2.348862e+16,4007.8287,3.598,3,0.3615,1.0000,coarse,B,2.3442,4.3846,4.0144,False,512,376,0.734893,0.769981,False,334.274789,CO(3-2),-11521.2114,-9988.468,star,18.823,2.635,14.682,512,20260825,False,False,,,,1.0298,0.9612,224,210.6,3.8842,5.4009,0.0667,0.999965
CD-57 1054,CD-57 1054,7,A002_Xcf525f_X5aa4,26.8732,335.014039,336.748414,15625000.0000,1734375000.0,1409.18,233,0.58243,2.91228,3.931885e+15,7.863770e+15,9.264286e+15,8.188557e+15,2.0826,1,1.377869e+16,1.926624e+16,1.826905e+16,2.029836e+16,4030.5747,3.598,3,0.3635,1.0000,coarse,B,2.8196,4.0836,3.5217,False,512,177,0.346979,0.417154,False,336.498414,CO(3-2),-9297.5864,-8060.667,star,18.717,2.620,14.599,512,20260825,False,False,,,,0.9405,1.0051,224,170.7,3.7460,5.2412,0.0667,0.999965
CD-57 1054,CD-57 1054,7,A002_Xcf525f_X5aa4,26.8732,345.123177,346.848275,488281.2500,1725097656.2,1028.16,170,3.61603,18.08083,7.628454e+14,1.525691e+15,1.797412e+15,1.590432e+15,2.0849,1,2.190181e+15,2.194004e+15,2.165382e+15,2.220721e+15,4151.8287,3.598,45,8.742,0.9989,fine,A,5.1083,5.7106,5.3719,False,512,18,0.037037,0.040936,False,346.509896,CO(3-2),713.8960,618.922,star,18.170,2.544,14.173,512,20260825,True,False,,unattributed,,1.0367,1.0047,155496,1.013e+05,5.3083,6.5722,0.0667,0.999963
CD-57 1054,CD-57 1054,7,A002_Xcf525f_X5aa4,26.8732,347.014039,348.748414,15625000.0000,1734375000.0,1409.18,233,0.67157,3.35799,4.533643e+15,9.067287e+15,1.068215e+16,9.441782e+15,2.0826,1,1.588746e+16,2.221485e+16,2.106505e+16,2.340493e+16,4174.5747,3.598,3,0.3765,1.0000,coarse,B,2.4810,4.8887,3.6094,False,512,314,0.614035,0.576998,False,347.389039,CO(3-2),1593.0386,1381.106,star,18.071,2.530,14.096,512,20260825,False,False,,,,0.9679,0.9473,224,225.6,3.7524,5.2072,0.0667,0.999962
LP 353-51,LP 353-51,7,A002_Xd10f82_X7829,27.0991,333.107475,334.935600,15625000.0000,1828125000.0,756.00,,0.93180,4.65932,6.396812e+15,1.279362e+16,1.507213e+16,1.332201e+16,2.0826,1,2.241666e+16,3.134438e+16,2.972205e+16,3.302354e+16,4008.2584,3.598,4,0.1939,,coarse,B,2.4930,4.7551,4.5966,False,512,359,0.701754,0.709552,False,,CO(3-2),-10907.2753,-9456.208,star,18.821,2.635,14.681,512,20260825,False,False,,,,1.1852,0.9624,354,285.7,4.2686,5.8842,0.0935,0.999932
LP 353-51,LP 353-51,7,A002_Xd10f82_X706f,27.0991,333.107596,334.935721,15625000.0000,1828125000.0,756.00,125,1.02948,5.14774,7.067364e+15,1.413473e+16,1.665209e+16,1.471852e+16,2.0826,1,2.476650e+16,3.463009e+16,3.283769e+16,3.648527e+16,4008.2599,3.598,4,0.1939,1.0000,coarse,B,3.3857,4.6626,4.2526,False,512,48,0.095517,0.093567,False,334.201346,CO(3-2),-11594.6538,-10052.140,star,18.821,2.635,14.681,512,20260825,False,False,,,,1.0138,0.9805,354,222.4,3.9039,5.4197,0.0935,0.999932
LP 353-51,LP 353-51,7,A002_Xd10f82_X7829,27.0991,335.002975,336.831100,15625000.0000,1828125000.0,756.00,,0.81272,4.06387,5.579306e+15,1.115861e+16,1.314593e+16,1.161947e+16,2.0826,1,1.955183e+16,2.733860e+16,2.592360e+16,2.880317e+16,4031.0044,3.598,4,0.195,,coarse,B,2.6137,4.8858,4.1909,False,512,302,0.590643,0.573099,False,,CO(3-2),-9027.4003,-7826.425,star,18.715,2.620,14.598,512,20260825,False,False,,,,1.0019,0.9728,354,254.4,3.8975,5.3901,0.0935,0.999931
LP 353-51,LP 353-51,7,A002_Xd10f82_X706f,27.0991,335.003096,336.831221,15625000.0000,1828125000.0,756.00,125,0.89215,4.46106,6.124608e+15,1.224922e+16,1.443077e+16,1.275513e+16,2.0826,1,2.146276e+16,3.001058e+16,2.845728e+16,3.161829e+16,4031.0059,3.598,4,0.195,1.0000,coarse,B,2.9774,4.2056,4.1766,False,512,138,0.270955,0.366472,False,335.362471,CO(3-2),-10433.5288,-9045.487,star,18.715,2.620,14.598,512,20260825,False,False,,,,1.0684,0.9923,354,190.9,3.9956,5.5718,0.0935,0.999931
LP 353-51,LP 353-51,7,A002_Xd10f82_X7829,27.0991,345.158988,346.884086,488281.2500,1725097656.2,756.00,,4.99188,24.96124,1.070919e+15,2.141839e+15,2.523294e+15,2.230298e+15,2.0826,1,3.074682e+15,3.080050e+15,3.039868e+15,3.117556e+15,4152.2584,3.598,75,6.429,,fine,A,4.4567,5.9079,5.3986,False,512,260,0.508772,0.559454,False,,CO(3-2),832.7150,721.933,star,18.169,2.544,14.172,512,20260825,False,False,,,,1.0285,0.9985,257982,1.741e+05,5.3721,6.6088,0.0935,0.999927
LP 353-51,LP 353-51,7,A002_Xd10f82_X706f,27.0991,345.159110,346.884208,488281.2500,1725097656.2,756.00,125,5.75494,28.77680,1.234620e+15,2.469239e+15,2.909004e+15,2.574019e+15,2.0849,1,3.544677e+15,3.550865e+15,3.504541e+15,3.594104e+15,4152.2599,3.598,75,6.429,0.9989,fine,A,4.4801,5.6766,5.4636,False,512,261,0.510721,0.561404,False,345.265067,CO(3-2),-530.9331,-460.300,star,18.169,2.544,14.171,512,20260825,False,False,,,,1.0314,0.9897,257982,2.376e+05,5.4134,6.6364,0.0935,0.999927
LP 353-51,LP 353-51,7,A002_Xd10f82_X7829,27.0991,347.002975,348.831100,15625000.0000,1828125000.0,756.00,,0.93411,4.67092,6.412727e+15,1.282545e+16,1.510963e+16,1.335515e+16,2.0826,1,2.247243e+16,3.142236e+16,2.979600e+16,3.310570e+16,4175.0044,3.598,4,0.202,,coarse,B,3.0198,4.0324,3.8692,False,512,113,0.222222,0.274854,False,,CO(3-2),1425.7247,1236.051,star,18.070,2.530,14.094,512,20260825,False,False,,,,1.0228,0.9775,354,231.5,3.9254,5.4432,0.0935,0.999926
LP 353-51,LP 353-51,7,A002_Xd10f82_X706f,27.0991,347.003096,348.831221,15625000.0000,1828125000.0,756.00,125,1.04829,5.24186,7.196573e+15,1.439315e+16,1.695653e+16,1.498761e+16,2.0826,1,2.521930e+16,3.526321e+16,3.343805e+16,3.715231e+16,4175.0059,3.598,4,0.202,1.0000,coarse,B,2.2333,4.2718,4.0526,False,512,460,0.898635,0.890838,False,347.909346,CO(3-2),2113.3462,1832.194,star,18.070,2.530,14.094,512,20260825,False,False,,,,0.9804,0.9724,354,257,3.8566,5.3320,0.0935,0.999926
hd107146,hd107146,7,A002_Xeba1ac_Xbc74,27.4697,335.606937,337.435062,15625000.0000,1828125000.0,2854.66,,0.30744,1.53722,2.168578e+15,4.337157e+15,5.109593e+15,4.516284e+15,2.0826,1,7.599453e+15,1.062603e+16,1.007605e+16,1.119529e+16,4038.2520,3.598,5,0.7378,,coarse,B,3.4690,4.4175,3.7363,False,512,51,0.101365,0.097466,False,,CO(3-2),-8720.3125,-7560.191,star,18.682,2.615,14.572,512,20260825,False,False,,,,1.0787,0.9796,472,305.8,4.1076,5.6517,0.0272,0.999994
hd107146,hd107146,7,A002_Xeba1ac_Xbc74,27.4697,337.502437,339.330562,15625000.0000,1828125000.0,2854.66,,0.26775,1.33874,1.888571e+15,3.777143e+15,4.449842e+15,3.933141e+15,2.0826,1,6.618211e+15,9.254000e+15,8.775029e+15,9.749750e+15,4060.9980,3.598,5,0.7419,,coarse,B,3.0396,5.2427,3.8045,False,512,134,0.263158,0.360624,False,,CO(3-2),-7387.3125,-6404.529,star,18.577,2.601,14.490,512,20260825,False,False,,,,0.9909,0.9454,472,398.7,3.9246,5.3619,0.0272,0.999994
hd107146,hd107146,7,A002_Xbe2ed7_X7c91,27.4697,342.231954,343.966329,15625000.0000,1734375000.0,2086.56,,4.84704,24.23521,3.418886e+16,6.837771e+16,8.055559e+16,7.120176e+16,2.0826,1,1.198096e+17,1.675254e+17,1.588546e+17,1.765000e+17,4117.1897,3.598,5,0.5498,,coarse,B,2.9616,4.4873,3.7538,False,512,186,0.364522,0.311891,False,343.950704,CO(3-2),-1845.2957,-1599.804,star,18.323,2.565,14.292,512,20260825,False,False,,,,0.9777,0.9729,448,351.5,3.9248,5.3800,0.0190,0.999999
hd107146,hd107146,7,A002_Xb999fd_X148,27.4697,342.250462,343.984837,15625000.0000,1734375000.0,2086.56,207,5.46525,27.32634,3.854954e+16,7.709909e+16,9.083022e+16,8.028356e+16,2.0826,1,1.350910e+17,1.888928e+17,1.791160e+17,1.990120e+17,4117.4118,3.598,5,0.5498,1.0000,coarse,B,3.0665,4.3646,3.9178,False,512,136,0.267057,0.409357,False,342.750462,CO(3-2),-3045.5385,-2640.370,star,18.322,2.565,14.291,512,20260825,False,False,,,,1.0393,1.0042,448,266,4.0443,5.5862,0.0334,0.999997
hd107146,hd107146,7,A002_Xba0af7_X8a66,27.4697,342.256820,343.991195,15625000.0000,1734375000.0,2086.56,,4.97829,24.89155,3.511476e+16,7.022953e+16,8.273721e+16,7.313005e+16,2.0826,1,1.230543e+17,1.720623e+17,1.631567e+17,1.812800e+17,4117.4881,3.598,5,0.5498,,coarse,B,2.7121,4.4245,3.5781,False,512,297,0.580897,0.738791,False,343.147445,CO(3-2),-2648.5553,-2296.200,star,18.322,2.565,14.291,512,20260825,False,False,,,,1.0043,0.9929,448,283.7,3.9680,5.4709,0.0396,0.999996
hd107146,hd107146,7,A002_Xbb9cd7_X40d5,27.4697,342.267245,344.001620,15625000.0000,1734375000.0,3471.55,,0.31519,1.57599,2.223263e+15,4.446525e+15,5.238439e+15,4.630170e+15,2.0826,1,7.791086e+15,1.089399e+16,1.033013e+16,1.147759e+16,4117.6132,3.598,5,0.9148,,coarse,B,3.2940,4.7760,3.9061,False,512,82,0.161793,0.161793,False,,CO(3-2),-1856.8798,-1609.847,star,18.321,2.565,14.291,512,20260825,False,False,,,,1.0729,1.0081,448,252.1,4.1050,5.6786,0.0504,0.999979
hd107146,hd107146,7,A002_Xbe2ed7_X7c91,27.4697,344.074232,345.915052,976562.5000,1840820312.5,2086.56,,24.02042,120.10223,1.058934e+16,1.247527e+16,2.079212e+16,1.411912e+16,1.3333,2,3.040271e+16,3.045578e+16,3.005846e+16,3.082665e+16,4139.9357,3.598,53,8.846,,fine,A,4.3041,5.6318,5.2049,False,512,290,0.567251,0.656920,False,345.224622,CO(3-2),-571.3778,-495.364,star,18.223,2.551,14.214,512,20260825,False,False,,,,1.0064,1.0296,98072,5.65e+04,5.1828,6.4641,0.0190,0.999999
hd107146,hd107146,7,A002_Xb999fd_X148,27.4697,344.092739,345.933559,976562.5000,1840820312.5,2086.56,207,26.48776,132.43920,1.167708e+16,1.375674e+16,2.292790e+16,1.558114e+16,1.3343,2,3.352570e+16,3.358422e+16,3.314608e+16,3.399318e+16,4140.1578,3.598,56,8.846,0.9992,fine,A,4.0904,5.4535,4.9441,False,512,426,0.834308,0.838207,False,344.638637,CO(3-2),-1157.3627,-1003.391,star,18.222,2.551,14.213,512,20260825,False,False,,,,1.0091,1.0065,103730,7.866e+04,5.1937,6.4504,0.0334,0.999997
hd107146,hd107146,7,A002_Xba0af7_X8a66,27.4697,344.099097,345.939917,976562.5000,1840820312.5,2086.56,,24.09467,120.47386,1.062210e+16,1.251387e+16,2.085645e+16,1.416281e+16,1.3333,2,3.049679e+16,3.055002e+16,3.015147e+16,3.092203e+16,4140.2341,3.598,56,8.846,,fine,A,4.6453,5.3768,5.0458,False,512,96,0.189084,0.165692,False,344.544410,CO(3-2),-1251.5904,-1085.083,star,18.221,2.551,14.213,512,20260825,False,False,,,,1.0334,1.0208,103730,7.597e+04,5.2864,6.5685,0.0396,0.999996
hd107146,hd107146,7,A002_Xbb9cd7_X40d5,27.4697,344.167140,345.892726,976562.5000,1725585937.5,2963.52,,1.64333,8.21684,7.244734e+14,8.535001e+14,1.422500e+15,9.659646e+14,1.3333,2,2.080013e+15,2.083643e+15,2.056461e+15,2.109016e+15,4140.3592,3.598,61,12.56,,fine,A,4.6010,5.7366,5.5756,False,512,120,0.235867,0.163743,False,,CO(3-2),-1278.2743,-1108.217,star,18.221,2.551,14.212,512,20260825,False,False,,,,1.0252,1.0037,106080,1.025e+05,5.2781,6.5339,0.0504,0.999979
hd107146,hd107146,7,A002_Xeba1ac_Xbc74,27.4697,347.606937,349.435062,15625000.0000,1828125000.0,2854.66,,0.29110,1.45553,2.053334e+15,4.106668e+15,4.838055e+15,4.276276e+15,2.0826,1,7.195597e+15,1.006134e+16,9.540580e+15,1.060034e+16,4182.2520,3.598,5,0.7641,,coarse,B,1.9536,4.4680,4.1493,False,512,510,0.996101,0.978558,False,,CO(3-2),2857.8125,2477.619,star,18.038,2.525,14.070,512,20260825,False,False,,,,1.0490,0.9676,472,339.7,4.0493,5.5558,0.0272,0.999994
hd107146,hd107146,7,A002_Xeba1ac_Xbc74,27.4697,349.564937,351.393062,15625000.0000,1828125000.0,2854.66,,0.32698,1.63489,2.306359e+15,4.612717e+15,5.434230e+15,4.803226e+15,2.0826,1,8.082283e+15,1.130116e+16,1.071623e+16,1.190658e+16,4205.7480,3.598,5,0.7684,,coarse,B,2.3523,5.1371,4.7745,False,512,446,0.871345,0.916179,False,,CO(3-2),5487.6875,4757.624,star,17.938,2.511,13.991,512,20260825,False,False,,,,0.9720,1.0009,472,255.6,3.8951,5.3860,0.0272,0.999994
hd107146,hd107146,7,A002_Xbe2ed7_X7c91,27.4697,354.180664,356.020996,488281.2500,1840332031.2,2086.56,,31.08429,155.42163,6.851714e+15,1.370343e+16,1.614397e+16,1.426939e+16,2.0826,1,1.967174e+16,1.970608e+16,1.944899e+16,1.994604e+16,4261.2100,3.598,107,18.21,,fine,A,4.6267,5.9548,5.0401,False,512,242,0.473684,0.421053,False,355.984864,CO(3-2),10188.8636,8833.371,star,17.704,2.479,13.809,512,20260825,False,False,,,,1.0329,1.0015,399620,3.204e+05,5.5040,6.7255,0.0190,0.999999
hd107146,hd107146,7,A002_Xb999fd_X148,27.4697,354.199439,356.039771,488281.2500,1840332031.2,2086.56,207,33.30784,166.53977,7.341854e+15,1.468371e+16,1.729883e+16,1.533893e+16,2.0892,1,2.107896e+16,2.111576e+16,2.084029e+16,2.137289e+16,4261.4353,3.598,113,18.21,0.9968,fine,A,4.8419,5.7175,5.0406,False,512,88,0.173489,0.173489,False,355.590064,CO(3-2),9794.0639,8491.094,star,17.703,2.478,13.808,512,20260825,False,False,,,,1.0353,0.9851,422240,3.405e+05,5.4771,6.6883,0.0334,0.999997
hd107146,hd107146,7,A002_Xba0af7_X8a66,27.4697,354.205889,356.046221,488281.2500,1840332031.2,2086.56,,31.73372,158.66934,6.994888e+15,1.398978e+16,1.648132e+16,1.456756e+16,2.0826,1,2.008280e+16,2.011786e+16,1.985540e+16,2.036283e+16,4261.5127,3.598,113,18.21,,fine,A,4.5406,5.8128,5.5614,False,512,310,0.606238,0.538012,False,354.716631,CO(3-2),8920.6311,7733.860,star,17.703,2.478,13.808,512,20260825,False,False,,,,1.0141,1.0015,422240,3.292e+05,5.4581,6.6675,0.0396,0.999995
hd107146,hd107146,7,A002_Xbb9cd7_X40d5,27.4697,354.274082,355.999180,488281.2500,1725097656.2,2963.52,,2.05974,10.29895,4.540258e+14,9.080516e+14,1.069773e+15,9.455547e+14,2.0826,1,1.303539e+15,1.305814e+15,1.288779e+15,1.321716e+15,4261.6396,3.598,123,25.87,,fine,A,4.4912,5.7063,5.4844,False,512,358,0.699805,0.732943,False,,CO(3-2),9333.0626,8091.423,star,17.702,2.478,13.808,512,20260825,False,False,,,,1.0384,1.0074,431148,3.225e+05,5.5359,6.7641,0.0504,0.999978
hd107146,hd107146,7,A002_Xbe2ed7_X7c91,27.4697,356.127454,357.861829,15625000.0000,1734375000.0,2086.56,,6.12950,30.64753,4.323477e+16,8.646955e+16,1.018695e+17,9.004080e+16,2.0826,1,1.515097e+17,2.118504e+17,2.008854e+17,2.231995e+17,4283.9357,3.598,5,0.5721,,coarse,B,3.3503,4.4849,4.0074,False,512,48,0.095517,0.093567,False,357.768079,CO(3-2),11972.0793,10379.354,star,17.610,2.465,13.736,512,20260825,False,False,,,,0.9969,0.9622,448,330.3,3.9275,5.3927,0.0190,0.999999
hd107146,hd107146,7,A002_Xb999fd_X148,27.4697,356.145962,357.880337,15625000.0000,1734375000.0,2086.56,207,6.80603,34.03027,4.800684e+16,9.601367e+16,1.131134e+17,9.997942e+16,2.0826,1,1.682327e+17,2.352335e+17,2.230582e+17,2.478353e+17,4284.1578,3.598,5,0.5721,1.0000,coarse,B,2.4118,4.2655,3.2070,False,512,422,0.824561,0.838207,False,356.505337,CO(3-2),10709.3365,9284.602,star,17.609,2.465,13.735,512,20260825,False,False,,,,1.1045,0.9464,448,371.4,4.1398,5.6665,0.0334,0.999997
hd107146,hd107146,7,A002_Xba0af7_X8a66,27.4697,356.152320,357.886695,15625000.0000,1734375000.0,2086.56,,6.18183,30.90930,4.360405e+16,8.720810e+16,1.027396e+17,9.080986e+16,2.0826,1,1.528038e+17,2.136598e+17,2.026012e+17,2.251059e+17,4284.2341,3.598,5,0.5721,,coarse,B,2.8511,4.3312,3.2838,False,512,221,0.432749,0.385965,False,357.683570,CO(3-2),11887.5697,10306.087,star,17.609,2.465,13.735,512,20260825,False,False,,,,1.0162,0.9911,448,279.7,3.9846,5.4959,0.0396,0.999995
hd107146,hd107146,7,A002_Xbb9cd7_X40d5,27.4697,356.162745,357.897120,15625000.0000,1734375000.0,3471.55,,0.40296,2.01487,2.842396e+15,5.684793e+15,6.697239e+15,5.919579e+15,2.0826,1,9.960746e+15,1.392774e+16,1.320687e+16,1.467387e+16,4284.3592,3.598,5,0.9519,,coarse,B,3.5708,4.4918,4.2969,False,512,36,0.072125,0.070175,False,,CO(3-2),11772.9952,10206.755,star,17.608,2.465,13.735,512,20260825,False,False,,,,1.0314,0.9348,448,460.9,4.0184,5.4697,0.0504,0.999977
L 836-122,L 836-122,7,A002_Xcd64ec_X21c9,28.6967,333.132816,334.867191,15625000.0000,1734375000.0,1257.98,208,0.54880,2.74541,4.226695e+15,8.453390e+15,9.958915e+15,8.802529e+15,2.0826,1,1.481181e+16,2.071080e+16,1.963885e+16,2.182031e+16,4008.0000,3.598,3,0.3227,1.0000,coarse,B,2.6041,4.6272,4.6549,False,512,283,0.553606,0.598441,False,333.382816,CO(3-2),-12413.1845,-10761.776,star,18.823,2.635,14.682,512,20260825,False,False,,,,1.0435,1.0345,224,140.7,3.9516,5.5619,0.2572,0.999482
L 836-122,L 836-122,7,A002_Xcd64ec_X21c9,28.6967,335.028316,336.762691,15625000.0000,1734375000.0,1257.98,208,0.47471,2.37478,3.656092e+15,7.312184e+15,8.614463e+15,7.614190e+15,2.0826,1,1.281222e+16,1.791485e+16,1.698761e+16,1.887457e+16,4030.7460,3.598,3,0.3245,1.0000,coarse,B,2.9811,4.5900,4.6546,False,512,114,0.224172,0.146199,False,335.903316,CO(3-2),-9892.6845,-8576.595,star,18.716,2.620,14.599,512,20260825,False,False,,,,1.0696,0.9764,224,170.4,3.9389,5.5114,0.2572,0.999477
L 836-122,L 836-122,7,A002_Xcd64ec_X21c9,28.6967,345.137454,346.862552,488281.2500,1725097656.2,876.96,145,2.95345,14.77547,7.108615e+14,1.421723e+15,1.674928e+15,1.482053e+15,2.0849,1,2.040932e+15,2.044494e+15,2.017822e+15,2.069391e+15,4152.0000,3.598,40,7.457,0.9989,fine,A,4.1841,5.5547,5.6163,True,512,363,0.709552,0.674464,False,346.743900,CO(3-2),947.8995,821.794,star,18.170,2.544,14.172,512,20260825,False,False,,,,1.0262,0.9949,137826,9.464e+04,5.2427,6.4964,0.2572,0.999445
L 836-122,L 836-122,7,A002_Xcd64ec_X21c9,28.6967,347.028316,348.762691,15625000.0000,1734375000.0,1257.98,208,0.55049,2.75400,4.239921e+15,8.479843e+15,9.990079e+15,8.830076e+15,2.0826,1,1.485816e+16,2.077561e+16,1.970031e+16,2.188859e+16,4174.7460,3.598,3,0.3361,1.0000,coarse,B,2.1853,4.1802,4.1657,False,512,442,0.863548,0.890838,False,347.668941,CO(3-2),1872.9405,1623.771,star,18.071,2.530,14.095,512,20260825,False,False,,,,1.1319,0.9818,224,174.3,4.0750,5.6980,0.2572,0.999439
HD172555,HD172555,6,A002_Xa68906_X1590,28.7890,217.600338,219.334713,15625000.0000,1734375000.0,453.60,75,0.36778,1.83888,2.849292e+15,5.698584e+15,6.713486e+15,5.933941e+15,2.0826,1,9.984909e+15,1.396153e+16,1.323891e+16,1.470947e+16,2621.6103,3.598,2,0.07611,1.0000,coarse,B,2.6743,4.7577,3.7267,False,512,166,0.325536,0.430799,False,217.897213,H2CO,-324.7873,-446.191,star,28.776,4.029,22.446,512,20260825,False,False,,,,1.0239,1.0221,112,88,3.7701,5.3886,0.0040,1.000000
HD172555,HD172555,6,A002_Xa68906_X1590,28.7890,220.363563,220.417472,15258.7891,53909301.8,453.60,75,17.43013,87.15066,1.318728e+14,2.637456e+14,3.107180e+14,4.535194e+14,3.4391,1,3.786159e+14,3.792768e+14,3.743288e+14,3.838953e+14,2644.6862,3.598,372,78.62,0.6056,fine,A,4.9566,6.1808,5.8948,False,512,176,0.345029,0.276803,False,220.376487,13CO(2-1),-22.5131,-30.623,star,28.525,3.994,22.250,512,20260825,False,False,,,,1.0199,0.9977,1307580,1.231e+06,5.6966,6.8679,0.0040,1.000000
HD172555,HD172555,6,A002_Xa68906_X1590,28.7890,230.502480,230.556389,15258.7891,53909301.8,453.60,75,16.05292,80.26459,1.214531e+14,2.429062e+14,2.861671e+14,4.406971e+14,3.6285,1,3.487001e+14,3.493088e+14,3.447518e+14,3.535624e+14,2766.3532,3.598,389,82.24,0.5740,fine,A,4.7304,5.8462,5.6134,False,512,388,0.758285,0.736842,False,230.529839,CO(2-1),-8.1613,-10.613,star,27.271,3.818,21.271,512,20260825,False,False,,,,1.0238,0.9902,1371192,1.605e+06,5.7321,6.8939,0.0040,1.000000
HD172555,HD172555,6,A002_Xa68906_X1590,28.7890,232.112870,233.847245,15625000.0000,1734375000.0,453.60,75,0.37761,1.88805,2.925479e+15,5.850958e+15,6.892998e+15,6.092610e+15,2.0826,1,1.025190e+16,1.433485e+16,1.359290e+16,1.510279e+16,2795.7607,3.598,2,0.08116,1.0000,coarse,B,2.7073,4.0737,4.0252,False,512,173,0.339181,0.350877,False,233.612870,CO(2-1),3074.8703,3998.573,star,26.984,3.778,21.047,512,20260825,False,False,,,,0.9589,0.9998,112,114.3,3.6740,5.2055,0.0040,1.000000
HD172555,HD172555,7,A002_X107376c_X4442,28.7890,328.032897,329.757994,488281.2500,1725097656.2,2721.60,450,4.20513,21.02585,1.018095e+15,2.036189e+15,2.398829e+15,2.122370e+15,2.0846,1,2.923019e+15,2.928122e+15,2.889922e+15,2.963778e+15,3946.7453,3.598,141,22,0.9990,fine,A,4.4625,5.8030,5.8975,True,512,405,0.791423,0.787524,False,328.203795,CO(3-2),-17592.2050,-15251.797,star,19.115,2.676,14.909,512,20260825,False,False,,,,1.0267,1.0080,494760,3.353e+05,5.5131,6.7334,0.0357,0.999990
HD172555,HD172555,7,A002_X107376c_X4442,28.7890,330.032897,331.757994,488281.2500,1725097656.2,2721.60,450,2.57143,12.85727,6.225629e+14,1.245126e+15,1.466879e+15,1.297841e+15,2.0847,1,1.787421e+15,1.790541e+15,1.767182e+15,1.812344e+15,3970.7453,3.598,142,22.13,0.9990,fine,A,4.2214,5.8581,5.8479,False,512,493,0.962963,0.922027,False,331.144713,CO(3-2),-14651.2870,-12702.129,star,18.999,2.660,14.819,512,20260825,False,False,,,,1.0287,0.9957,498294,4.291e+05,5.5296,6.7361,0.0357,0.999990
HD172555,HD172555,7,A002_X107376c_X4442,28.7890,340.074897,341.799994,488281.2500,1725097656.2,2721.60,450,1.99524,9.97628,4.830625e+14,9.661249e+14,1.138189e+15,1.007090e+15,2.0848,1,1.386905e+15,1.389326e+15,1.371201e+15,1.406244e+15,4091.2493,3.598,146,22.8,0.9989,fine,A,4.9160,6.0733,5.7710,False,512,109,0.214425,0.319688,False,341.779486,CO(3-2),-4016.5136,-3482.170,star,18.440,2.582,14.383,512,20260825,False,False,,,,1.0195,1.0074,512430,3.607e+05,5.5050,6.7183,0.0357,0.999990
HD172555,HD172555,7,A002_X107376c_X4442,28.7890,342.023383,343.851508,15625000.0000,1828125000.0,3864.67,639,0.38886,1.94433,3.012686e+15,6.025372e+15,7.098475e+15,6.274231e+15,2.0826,1,1.055750e+16,1.476216e+16,1.399810e+16,1.555299e+16,4115.2493,3.598,6,1.018,1.0000,coarse,B,3.2153,4.2967,4.0666,False,512,104,0.204678,0.173489,False,343.820258,CO(3-2),-1975.7421,-1712.896,star,18.332,2.566,14.299,512,20260825,False,False,,,,0.9976,0.9479,590,512.6,4.0001,5.4302,0.0357,0.999989
HD161868,HD161868,6,A002_Xcd97a1_X2b1e,29.7465,226.304572,228.144904,488281.2500,1840332031.2,2177.28,,8.02517,40.12586,2.074329e+15,4.148658e+15,4.887523e+15,4.320001e+15,2.0826,1,5.955541e+15,5.965937e+15,5.888106e+15,6.038585e+15,2726.6969,3.598,60,12.16,,fine,A,4.2020,5.7381,5.3912,False,512,424,0.828460,0.771930,False,227.664436,CO(2-1),-2873.5644,-3736.794,star,27.667,3.873,21.581,512,20260825,False,False,,,,1.0197,0.9994,222430,1.539e+05,5.3285,6.5645,0.0128,1.000000
HD161868,HD161868,6,A002_Xcd97a1_X2377,29.7465,226.304678,228.145011,488281.2500,1840332031.2,2177.28,216,7.73203,38.66017,1.998559e+15,3.997118e+15,4.708994e+15,4.167630e+15,2.0853,1,5.738000e+15,5.748016e+15,5.673028e+15,5.818010e+15,2726.6981,3.598,60,12.16,0.9987,fine,A,3.9725,5.7560,4.9771,False,512,503,0.982456,0.972710,False,226.487784,CO(2-1),-4050.2161,-5266.916,star,27.667,3.873,21.581,512,20260825,False,False,,,,1.0325,0.9958,222430,1.8e+05,5.3816,6.6180,0.0128,1.000000
HD161868,HD161868,6,A002_Xce1e34_X7be,29.7465,226.358202,228.083299,488281.2500,1725097656.2,876.96,,1.26575,6.32875,3.271681e+14,6.543362e+14,7.708717e+14,6.813608e+14,2.0826,1,9.393219e+14,9.409616e+14,9.286860e+14,9.524199e+14,2726.6490,3.598,24,4.897,,fine,A,3.9276,6.1150,5.2464,False,512,432,0.844055,0.861598,False,,CO(2-1),-3381.4583,-4397.261,star,27.668,3.874,21.581,512,20260825,False,False,,,,1.0279,0.9895,81282,6.209e+04,5.1535,6.4197,0.0184,0.999999
HD161868,HD161868,6,A002_Xcd97a1_X2b1e,29.7465,229.195739,231.036071,488281.2500,1840332031.2,2177.28,,7.14349,35.71747,1.846435e+15,3.692870e+15,4.350560e+15,3.845388e+15,2.0826,1,5.301240e+15,5.310494e+15,5.241214e+15,5.375161e+15,2761.3909,3.598,61,12.31,,fine,A,4.5516,5.5037,5.5303,True,512,183,0.358674,0.329435,False,229.447204,CO(2-1),-1090.7965,-1418.476,star,27.320,3.825,21.309,512,20260825,False,False,,,,1.0275,0.9877,226200,2.054e+05,5.3712,6.5953,0.0128,1.000000
HD161868,HD161868,6,A002_Xcd97a1_X2377,29.7465,229.195842,231.036174,488281.2500,1840332031.2,2177.28,216,7.34318,36.71592,1.898050e+15,3.796100e+15,4.472175e+15,3.958169e+15,2.0854,1,5.449431e+15,5.458944e+15,5.387727e+15,5.525418e+15,2761.3921,3.598,61,12.31,0.9987,fine,A,4.5897,5.5110,4.9435,False,512,170,0.333333,0.198830,False,230.561565,CO(2-1),23.5646,30.644,star,27.320,3.825,21.309,512,20260825,False,False,,,,1.0353,0.9984,226200,1.757e+05,5.3915,6.6320,0.0128,1.000000
HD161868,HD161868,6,A002_Xce1e34_X7be,29.7465,229.249474,230.974572,488281.2500,1725097656.2,876.96,,1.26638,6.33190,3.273310e+14,6.546619e+14,7.712554e+14,6.816999e+14,2.0826,1,9.397895e+14,9.414300e+14,9.291483e+14,9.528940e+14,2761.3443,3.598,24,4.959,,fine,A,4.0066,6.3909,5.0689,False,512,394,0.769981,0.750487,False,,CO(2-1),54.2474,70.544,star,27.320,3.825,21.310,512,20260825,False,False,,,,1.0297,0.9973,81282,5.115e+04,5.1407,6.4199,0.0184,0.999999
HD161868,HD161868,6,A002_Xce1e34_X7be,29.7465,242.245515,243.979890,15625000.0000,1734375000.0,1130.98,,0.22998,1.14991,1.902241e+15,3.804482e+15,4.482049e+15,3.961609e+15,2.0826,1,6.666114e+15,9.320980e+15,8.838543e+15,9.820318e+15,2917.3524,3.598,2,0.2112,,coarse,B,2.4837,4.1805,3.7299,False,512,269,0.526316,0.489279,False,,CS(5-4),-1971.7355,-2413.330,star,25.859,3.620,20.170,512,20260825,False,False,,,,1.0692,0.9985,112,113.8,3.8773,5.4944,0.0184,0.999999
HD161868,HD161868,6,A002_Xcd97a1_X2b1e,29.7465,242.249612,243.983987,15625000.0000,1734375000.0,2177.28,,1.34699,6.73495,1.114134e+16,2.228268e+16,2.625117e+16,2.320297e+16,2.0826,1,3.904313e+16,5.459257e+16,5.176696e+16,5.751717e+16,2917.4016,3.598,3,0.4065,,coarse,B,2.7130,4.3060,3.3942,False,512,178,0.348928,0.317739,False,243.624612,CS(5-4),-1311.3882,-1605.090,star,25.859,3.620,20.170,512,20260825,False,False,,,,1.0511,0.9912,224,139.3,3.8811,5.4643,0.0128,1.000000
HD161868,HD161868,6,A002_Xcd97a1_X2377,29.7465,242.249721,243.984096,15625000.0000,1734375000.0,2177.28,216,1.40099,7.00493,1.158797e+16,2.317594e+16,2.730351e+16,2.413316e+16,2.0826,1,4.060827e+16,5.678105e+16,5.384216e+16,5.982289e+16,2917.4029,3.598,3,0.4065,1.0000,coarse,B,2.1932,4.0804,3.9160,False,512,413,0.807018,0.844055,False,242.359096,CS(5-4),-2576.9040,-3154.034,star,25.859,3.620,20.170,512,20260825,False,False,,,,1.0225,0.9411,224,174.6,3.7862,5.2938,0.0128,1.000000
HD161868,HD161868,6,A002_Xce1e34_X7be,29.7465,244.245619,245.979994,15625000.0000,1734375000.0,1130.98,,0.24145,1.20724,1.997089e+15,3.994179e+15,4.705531e+15,4.159141e+15,2.0826,1,6.998496e+15,9.785738e+15,9.279245e+15,1.030997e+16,2941.3537,3.598,2,0.2129,,coarse,B,2.7037,4.1649,4.2157,False,512,164,0.321637,0.300195,False,,CS(5-4),762.7440,933.570,star,25.648,3.591,20.006,512,20260825,False,False,,,,1.0736,0.9499,112,168.9,3.8935,5.4493,0.0184,0.999999
HD161868,HD161868,6,A002_Xcd97a1_X2b1e,29.7465,244.249750,245.984125,15625000.0000,1734375000.0,2177.28,,1.41485,7.07423,1.170261e+16,2.340521e+16,2.757362e+16,2.437186e+16,2.0826,1,4.101000e+16,5.734277e+16,5.437481e+16,6.041470e+16,2941.4033,3.598,3,0.4099,,coarse,B,2.5557,4.2445,3.1015,False,512,240,0.469786,0.430799,False,245.812250,CS(5-4),876.2501,1072.497,star,25.648,3.591,20.005,512,20260825,False,False,,,,0.9952,0.9438,224,170.4,3.7330,5.2233,0.0128,1.000000
HD161868,HD161868,6,A002_Xcd97a1_X2377,29.7465,244.249860,245.984235,15625000.0000,1734375000.0,2177.28,216,1.44717,7.23585,1.196996e+16,2.393992e+16,2.820355e+16,2.492869e+16,2.0826,1,4.194690e+16,5.865280e+16,5.561703e+16,6.179491e+16,2941.4046,3.598,3,0.4099,1.0000,coarse,B,2.8526,4.6514,3.7265,False,512,164,0.321637,0.192982,False,245.890485,CS(5-4),954.4851,1168.254,star,25.648,3.591,20.005,512,20260825,False,False,,,,1.0031,0.9761,224,151,3.7809,5.3099,0.0128,1.000000
HD161868,HD161868,7,A002_Xff294f_X812c,29.7465,330.367843,332.208175,488281.2500,1840332031.2,2751.84,,23.98614,119.93183,6.199944e+15,1.239989e+16,1.460827e+16,1.291201e+16,2.0826,1,1.780046e+16,1.783153e+16,1.759891e+16,1.804867e+16,3975.4561,3.598,123,22.4,,fine,A,4.5649,5.7365,5.4989,False,512,285,0.557505,0.536062,False,330.447921,CO(3-2),-15348.0789,-13306.222,star,18.977,2.657,14.802,512,20260825,False,False,,,,1.0212,0.9933,459940,3.904e+05,5.4856,6.6890,0.0597,0.999991
HD161868,HD161868,7,A002_Xff45a6_X8474,29.7465,330.367943,332.208275,488281.2500,1840332031.2,2751.84,,42.47375,212.37071,1.097862e+16,2.195725e+16,2.586777e+16,2.286410e+16,2.0826,1,3.152038e+16,3.157540e+16,3.116347e+16,3.195990e+16,3975.4573,3.598,123,22.4,,fine,A,4.4291,5.7487,4.9468,False,512,371,0.725146,0.674464,False,330.454369,CO(3-2),-15341.6313,-13300.632,star,18.977,2.657,14.802,512,20260825,False,False,,,,1.0067,0.9971,459940,3.346e+05,5.4286,6.6304,0.0595,0.999991
HD161868,HD161868,7,A002_Xff294f_X7bf4,29.7465,330.368031,332.208363,488281.2500,1840332031.2,2751.84,273,23.57966,117.89942,6.094877e+15,1.218975e+16,1.436072e+16,1.272843e+16,2.0884,1,1.749881e+16,1.752935e+16,1.730067e+16,1.774281e+16,3975.4584,3.598,123,22.4,0.9972,fine,A,4.9377,5.8116,5.3807,False,512,98,0.192982,0.200780,False,330.929066,CO(3-2),-14866.9341,-12889.087,star,18.977,2.657,14.802,512,20260825,False,False,,,,1.0128,1.0035,459940,3.199e+05,5.4547,6.6655,0.0597,0.999991
HD161868,HD161868,7,A002_Xff45a6_X111c3,29.7465,330.368047,332.208379,488281.2500,1840332031.2,2751.84,,45.31203,226.56225,1.171226e+16,2.342453e+16,2.759637e+16,2.439198e+16,2.0826,1,3.362671e+16,3.368541e+16,3.324595e+16,3.409560e+16,3975.4586,3.598,123,22.4,,fine,A,4.7157,6.0862,4.9832,False,512,159,0.311891,0.255361,False,331.756719,CO(3-2),-14039.2807,-12171.542,star,18.977,2.657,14.802,512,20260825,False,False,,,,1.0118,0.9944,459940,3.544e+05,5.4457,6.6472,0.0593,0.999991
HD161868,HD161868,7,A002_Xff45a6_X10ca8,29.7465,330.368222,332.208554,488281.2500,1840332031.2,2751.84,,20.43041,102.15300,5.280857e+15,1.056171e+16,1.244273e+16,1.099792e+16,2.0826,1,1.516170e+16,1.518817e+16,1.499002e+16,1.537312e+16,3975.4607,3.598,123,22.4,,fine,A,4.8391,5.8671,5.5320,False,512,98,0.192982,0.194932,False,331.875547,CO(3-2),-13920.4534,-12068.523,star,18.977,2.657,14.802,512,20260825,False,False,,,,1.0309,0.9855,459940,3.963e+05,5.4934,6.6975,0.0593,0.999991
HD161868,HD161868,7,A002_Xff699e_Xd7,29.7465,330.368390,332.208722,488281.2500,1840332031.2,2751.84,,20.64579,103.22990,5.336528e+15,1.067306e+16,1.257390e+16,1.111386e+16,2.0826,1,1.532153e+16,1.534828e+16,1.514805e+16,1.553518e+16,3975.4627,3.598,123,22.4,,fine,A,4.3604,5.8174,5.3816,False,512,446,0.871345,0.881092,False,331.469464,CO(3-2),-14326.5357,-12420.581,star,18.977,2.657,14.802,512,20260825,False,False,,,,1.0262,0.9917,459940,4.5e+05,5.5203,6.7214,0.0592,0.999991
HD161868,HD161868,7,A002_Xff699e_X7543,29.7465,330.368406,332.208738,488281.2500,1840332031.2,2751.84,,33.87503,169.37668,8.756023e+15,1.751205e+16,2.063089e+16,1.823531e+16,2.0826,1,2.513914e+16,2.518302e+16,2.485449e+16,2.548968e+16,3975.4629,3.598,123,22.4,,fine,A,4.8520,5.6670,5.5052,False,512,137,0.269006,0.378168,False,332.037351,CO(3-2),-13758.6491,-11928.244,star,18.977,2.657,14.802,512,20260825,False,False,,,,1.0330,1.0105,459940,2.996e+05,5.5161,6.7452,0.0590,0.999991
HD161868,HD161868,7,A002_Xff45a6_X107fe,29.7465,330.368411,332.208743,488281.2500,1840332031.2,2751.84,,19.21533,96.07756,4.966784e+15,9.933567e+15,1.170271e+16,1.034383e+16,2.0826,1,1.425997e+16,1.428487e+16,1.409851e+16,1.445882e+16,3975.4629,3.598,123,22.4,,fine,A,4.8346,5.6981,5.4756,False,512,121,0.237817,0.183236,False,330.441165,CO(3-2),-15354.8347,-13312.079,star,18.977,2.657,14.802,512,20260825,False,False,,,,1.0269,0.9836,459940,4.644e+05,5.5059,6.7017,0.0594,0.999991
HD161868,HD161868,7,A002_Xff81e8_X734e,29.7465,330.368964,332.209296,488281.2500,1840332031.2,786.24,,40.51266,202.56512,1.047172e+16,2.094344e+16,2.467340e+16,2.180841e+16,2.0826,1,3.006502e+16,3.011750e+16,2.972459e+16,3.048424e+16,3975.4696,3.598,32,6.401,,fine,A,4.2933,5.8355,5.2647,False,512,267,0.522417,0.672515,False,331.097968,CO(3-2),-14698.0316,-12742.655,star,18.977,2.657,14.802,512,20260825,False,False,,,,1.0252,0.9972,116870,9.134e+04,5.2396,6.4954,0.0587,0.999991
HD161868,HD161868,7,A002_Xff294f_X812c,29.7465,332.265751,334.093876,15625000.0000,1828125000.0,2751.84,,3.39702,16.98526,2.809800e+16,5.619600e+16,6.620435e+16,5.851693e+16,2.0826,1,9.846517e+16,1.376802e+17,1.305541e+17,1.450559e+17,3998.1578,3.598,5,0.7041,,coarse,B,2.9615,4.4593,3.6502,False,512,171,0.335283,0.372320,False,333.562626,CO(3-2),-12233.3740,-10605.887,star,18.869,2.642,14.718,512,20260825,False,False,,,,1.0866,0.9906,472,285.6,4.1286,5.6913,0.0597,0.999991
HD161868,HD161868,7,A002_Xff45a6_X8474,29.7465,332.265849,334.093974,15625000.0000,1828125000.0,2751.84,,6.11042,30.55237,5.054150e+16,1.010830e+17,1.190856e+17,1.052578e+17,2.0826,1,1.771150e+17,2.476534e+17,2.348353e+17,2.609205e+17,3998.1589,3.598,5,0.7041,,coarse,B,3.2273,3.9845,3.6907,False,512,68,0.134503,0.093567,False,333.828349,CO(3-2),-11967.6505,-10375.514,star,18.869,2.642,14.718,512,20260825,False,False,,,,1.0062,0.9263,472,443.2,3.9407,5.3693,0.0595,0.999991
HD161868,HD161868,7,A002_Xff294f_X7bf4,29.7465,332.265936,334.094061,15625000.0000,1828125000.0,2751.84,273,3.35597,16.78002,2.775848e+16,5.551697e+16,6.540438e+16,5.781001e+16,2.0826,1,9.727538e+16,1.360166e+17,1.289766e+17,1.433032e+17,3998.1600,3.598,5,0.7041,1.0000,coarse,B,3.1773,4.9351,3.5078,False,512,81,0.159844,0.212476,False,333.890936,CO(3-2),-11905.0641,-10321.254,star,18.869,2.642,14.718,512,20260825,False,False,,,,1.0215,0.9638,472,323.8,3.9753,5.4613,0.0597,0.999991
HD161868,HD161868,7,A002_Xff45a6_X111c3,29.7465,332.265952,334.094077,15625000.0000,1828125000.0,2751.84,,6.68213,33.41095,5.527033e+16,1.105407e+17,1.302276e+17,1.151061e+17,2.0826,1,1.936864e+17,2.708246e+17,2.568072e+17,2.853331e+17,3998.1602,3.598,5,0.7041,,coarse,B,3.0388,4.4295,3.5018,False,512,154,0.302144,0.348928,False,332.625327,CO(3-2),-13170.6726,-11418.490,star,18.869,2.642,14.718,512,20260825,False,False,,,,1.0910,0.9849,472,305.9,4.1428,5.7001,0.0593,0.999991
HD161868,HD161868,7,A002_Xff45a6_X10ca8,29.7465,332.266125,334.094250,15625000.0000,1828125000.0,2751.84,,3.00117,15.00597,2.482375e+16,4.964749e+16,5.848958e+16,5.169797e+16,2.0826,1,8.699104e+16,1.216364e+17,1.153407e+17,1.281526e+17,3998.1622,3.598,5,0.7041,,coarse,B,2.7675,4.7790,3.7224,False,512,273,0.534113,0.467836,False,333.844250,CO(3-2),-11951.7503,-10361.729,star,18.869,2.642,14.718,512,20260825,False,False,,,,1.0755,0.9948,472,298.5,4.1257,5.6805,0.0593,0.999991
HD161868,HD161868,7,A002_Xff699e_Xd7,29.7465,332.266290,334.094415,15625000.0000,1828125000.0,2751.84,,3.03938,15.19706,2.513987e+16,5.027973e+16,5.923442e+16,5.235632e+16,2.0826,1,8.809884e+16,1.231853e+17,1.168095e+17,1.297846e+17,3998.1642,3.598,5,0.7041,,coarse,B,3.3841,4.4505,3.7629,False,512,66,0.130604,0.163743,False,333.047540,CO(3-2),-12748.4600,-11052.448,star,18.869,2.642,14.718,512,20260825,False,False,,,,1.0459,0.9505,472,430.9,4.0643,5.5417,0.0592,0.999991
HD161868,HD161868,7,A002_Xff699e_X7543,29.7465,332.266305,334.094430,15625000.0000,1828125000.0,2751.84,,4.90657,24.53308,4.058405e+16,8.116810e+16,9.562391e+16,8.452039e+16,2.0826,1,1.422206e+17,1.988618e+17,1.885691e+17,2.095151e+17,3998.1644,3.598,5,0.7041,,coarse,B,3.2841,4.6980,3.9740,False,512,84,0.165692,0.208577,False,334.031930,CO(3-2),-11764.0697,-10199.017,star,18.869,2.642,14.718,512,20260825,False,False,,,,1.0136,0.9986,472,280.3,3.9948,5.5097,0.0590,0.999991
HD161868,HD161868,7,A002_Xff45a6_X107fe,29.7465,332.266311,334.094436,15625000.0000,1828125000.0,2751.84,,2.85405,14.27040,2.360692e+16,4.721384e+16,5.562250e+16,4.916380e+16,2.0826,1,8.272686e+16,1.156739e+17,1.096868e+17,1.218707e+17,3998.1645,3.598,5,0.7041,,coarse,B,2.7579,4.2529,3.6887,False,512,242,0.473684,0.578947,False,332.703811,CO(3-2),-13092.1891,-11350.448,star,18.869,2.642,14.718,512,20260825,False,False,,,,1.1328,0.9410,472,379.9,4.1915,5.7339,0.0594,0.999991
HD161868,HD161868,7,A002_Xff81e8_X734e,29.7465,332.266856,334.094981,15625000.0000,1828125000.0,786.24,,5.83172,29.15885,4.823626e+16,9.647252e+16,1.136540e+17,1.004569e+17,2.0826,1,1.690366e+17,2.363577e+17,2.241242e+17,2.490197e+17,3998.1710,3.598,2,0.2012,,coarse,B,2.4446,3.8618,3.1923,False,512,299,0.584795,0.588694,False,334.063731,CO(3-2),-11732.2692,-10171.447,star,18.869,2.642,14.718,512,20260825,False,False,,,,1.0259,1.0207,118,106.6,3.8209,5.4261,0.0587,0.999991
HD161868,HD161868,7,A002_Xff294f_X812c,29.7465,342.315138,344.143263,15625000.0000,1828125000.0,2751.84,,3.20142,16.00728,2.648017e+16,5.296034e+16,6.239243e+16,5.514764e+16,2.0826,1,9.279573e+16,1.297528e+17,1.230371e+17,1.367039e+17,4118.7504,3.598,5,0.7254,,coarse,B,2.6936,4.4874,3.4164,False,512,278,0.543860,0.678363,False,344.018263,CO(3-2),-1777.7367,-1541.233,star,18.316,2.564,14.287,512,20260825,False,False,,,,1.0022,0.9592,472,333.3,3.9342,5.4006,0.0597,0.999990
HD161868,HD161868,7,A002_Xff45a6_X8474,29.7465,342.315240,344.143365,15625000.0000,1828125000.0,2751.84,,5.58827,27.94161,4.622263e+16,9.244527e+16,1.089095e+17,9.626332e+16,2.0826,1,1.619802e+17,2.264909e+17,2.147681e+17,2.386243e+17,4118.7516,3.598,5,0.7254,,coarse,B,2.5836,4.1171,4.0544,False,512,338,0.660819,0.629630,False,343.549615,CO(3-2),-2246.3853,-1947.534,star,18.316,2.564,14.287,512,20260825,False,False,,,,0.9735,0.9617,472,316.5,3.8697,5.3195,0.0595,0.999990
HD161868,HD161868,7,A002_Xff294f_X7bf4,29.7465,342.315329,344.143454,15625000.0000,1828125000.0,2751.84,273,3.19314,15.96585,2.641164e+16,5.282327e+16,6.223095e+16,5.500507e+16,2.0826,1,9.255556e+16,1.294170e+17,1.227186e+17,1.363501e+17,4118.7527,3.598,5,0.7254,1.0000,coarse,B,2.8831,4.0986,4.4759,False,512,173,0.339181,0.239766,False,342.502829,CO(3-2),-3293.1712,-2855.059,star,18.316,2.564,14.287,512,20260825,False,False,,,,1.0968,0.9737,472,261.6,4.0935,5.6567,0.0597,0.999990
HD161868,HD161868,7,A002_Xff45a6_X111c3,29.7465,342.315346,344.143471,15625000.0000,1828125000.0,2751.84,,6.42182,32.10941,5.311724e+16,1.062345e+17,1.251546e+17,1.106220e+17,2.0826,1,1.861413e+17,2.602745e+17,2.468031e+17,2.742178e+17,4118.7529,3.598,5,0.7254,,coarse,B,2.6557,4.6678,3.8296,False,512,307,0.600390,0.703704,False,342.377846,CO(3-2),-3418.1543,-2963.414,star,18.316,2.564,14.287,512,20260825,False,False,,,,1.0593,0.9918,472,264.6,4.0580,5.6058,0.0593,0.999990
HD161868,HD161868,7,A002_Xff45a6_X10ca8,29.7465,342.315523,344.143648,15625000.0000,1828125000.0,2751.84,,2.98966,14.94846,2.472861e+16,4.945722e+16,5.826541e+16,5.149984e+16,2.0826,1,8.665765e+16,1.211702e+17,1.148986e+17,1.276614e+17,4118.7550,3.598,5,0.7254,,coarse,B,2.4093,4.6720,3.9233,False,512,445,0.869396,0.943470,False,343.268648,CO(3-2),-2527.3518,-2191.121,star,18.316,2.564,14.287,512,20260825,False,False,,,,1.0012,0.9689,472,466.7,4.0293,5.4828,0.0593,0.999990
HD161868,HD161868,7,A002_Xff699e_Xd7,29.7465,342.315693,344.143818,15625000.0000,1828125000.0,2751.84,,2.98456,14.92294,2.468640e+16,4.937279e+16,5.816595e+16,5.141192e+16,2.0826,1,8.650972e+16,1.209633e+17,1.147025e+17,1.274435e+17,4118.7571,3.598,5,0.7254,,coarse,B,3.0937,4.1964,3.5413,False,512,101,0.198830,0.171540,False,343.878193,CO(3-2),-1917.8065,-1662.668,star,18.316,2.564,14.287,512,20260825,False,False,,,,0.9997,0.9119,472,511.5,3.9298,5.3351,0.0592,0.999990
HD161868,HD161868,7,A002_Xff699e_X7543,29.7465,342.315709,344.143834,15625000.0000,1828125000.0,2751.84,,4.54837,22.74209,3.762129e+16,7.524257e+16,8.864307e+16,7.835014e+16,2.0826,1,1.318381e+17,1.843443e+17,1.748030e+17,1.942199e+17,4118.7573,3.598,5,0.7254,,coarse,B,3.4235,4.3018,3.6743,False,512,34,0.068226,0.074074,False,343.893834,CO(3-2),-1902.1658,-1649.108,star,18.316,2.564,14.287,512,20260825,False,False,,,,1.0621,0.9847,472,261.4,4.0466,5.5920,0.0590,0.999990
HD161868,HD161868,7,A002_Xff45a6_X107fe,29.7465,342.315715,344.143840,15625000.0000,1828125000.0,2751.84,,2.81234,14.06183,2.326189e+16,4.652378e+16,5.480954e+16,4.844525e+16,2.0826,1,8.151776e+16,1.139833e+17,1.080837e+17,1.200895e+17,4118.7573,3.598,5,0.7254,,coarse,B,3.2017,4.4564,3.5971,False,512,60,0.118908,0.230019,False,343.128215,CO(3-2),-2667.7849,-2312.872,star,18.316,2.564,14.287,512,20260825,False,False,,,,1.0959,0.9531,472,302.5,4.0865,5.6244,0.0594,0.999990
HD161868,HD161868,7,A002_Xff81e8_X734e,29.7465,342.316276,344.144401,15625000.0000,1828125000.0,786.24,,5.66455,28.32300,4.685356e+16,9.370712e+16,1.103961e+17,9.757729e+16,2.0826,1,1.641912e+17,2.295824e+17,2.176997e+17,2.418815e+17,4118.7641,3.598,2,0.2073,,coarse,B,1.7657,5.2159,3.2646,False,512,501,0.978558,0.982456,False,343.066276,CO(3-2),-2729.7237,-2366.570,star,18.316,2.564,14.287,512,20260825,False,False,,,,1.0716,1.0526,118,101.8,3.9536,5.6231,0.0587,0.999990
HD161868,HD161868,7,A002_Xff294f_X812c,29.7465,344.200839,346.041171,488281.2500,1840332031.2,2751.84,,20.91565,104.57933,5.406287e+15,1.081257e+16,1.273826e+16,1.125914e+16,2.0826,1,1.552182e+16,1.554891e+16,1.534607e+16,1.573826e+16,4141.4521,3.598,128,23.34,,fine,A,4.4810,5.8600,5.2160,False,512,363,0.709552,0.826511,False,344.778476,CO(3-2),-1017.5241,-882.156,star,18.216,2.550,14.208,512,20260825,False,False,,,,1.0313,1.0214,478790,2.423e+05,5.5017,6.7432,0.0597,0.999990
HD161868,HD161868,7,A002_Xff45a6_X8474,29.7465,344.200939,346.041271,488281.2500,1840332031.2,2751.84,,35.82088,179.10620,9.258996e+15,1.851799e+16,2.181599e+16,1.928280e+16,2.0826,1,2.658321e+16,2.662961e+16,2.628221e+16,2.695388e+16,4141.4533,3.598,128,23.34,,fine,A,4.3852,5.9917,5.0163,False,512,428,0.836257,0.764133,False,345.912853,CO(3-2),116.8532,101.307,star,18.216,2.550,14.208,512,20260825,False,False,,,,1.0237,1.0009,478790,3.621e+05,5.4996,6.7114,0.0595,0.999990
HD161868,HD161868,7,A002_Xff294f_X7bf4,29.7465,344.201027,346.041359,488281.2500,1840332031.2,2751.84,273,20.75830,103.79256,5.365615e+15,1.073123e+16,1.264243e+16,1.120810e+16,2.0889,1,1.540505e+16,1.543194e+16,1.523061e+16,1.561985e+16,4141.4543,3.598,128,23.34,0.9970,fine,A,4.4217,5.8674,5.6600,False,512,405,0.791423,0.742690,False,345.007668,CO(3-2),-788.3324,-683.455,star,18.216,2.550,14.208,512,20260825,False,False,,,,1.0258,0.9815,478790,4.754e+05,5.5009,6.6940,0.0597,0.999990
HD161868,HD161868,7,A002_Xff45a6_X111c3,29.7465,344.201044,346.041376,488281.2500,1840332031.2,2751.84,,41.70071,208.50565,1.077882e+16,2.155763e+16,2.539699e+16,2.244798e+16,2.0826,1,3.094672e+16,3.100074e+16,3.059631e+16,3.137824e+16,4141.4545,3.598,128,23.34,,fine,A,4.3354,5.9698,5.0012,False,512,436,0.851852,0.859649,False,344.372430,CO(3-2),-1423.5697,-1234.183,star,18.216,2.550,14.208,512,20260825,False,False,,,,1.0129,0.9974,478790,3.096e+05,5.4326,6.6407,0.0593,0.999990
HD161868,HD161868,7,A002_Xff45a6_X10ca8,29.7465,344.201219,346.041551,488281.2500,1840332031.2,2751.84,,19.41433,97.07263,5.018224e+15,1.003645e+16,1.182391e+16,1.045096e+16,2.0826,1,1.440766e+16,1.443281e+16,1.424453e+16,1.460856e+16,4141.4566,3.598,128,23.34,,fine,A,5.4812,6.1580,5.7484,False,512,6,0.013645,0.015595,False,345.633836,CO(3-2),-162.1643,-140.590,star,18.216,2.550,14.208,512,20260825,True,False,,unattributed,,1.0228,1.0203,478790,2.618e+05,5.4904,6.7236,0.0593,0.999990
HD161868,HD161868,7,A002_Xff699e_Xd7,29.7465,344.201386,346.041718,488281.2500,1840332031.2,2751.84,,19.51611,97.58154,5.044533e+15,1.008907e+16,1.188590e+16,1.050575e+16,2.0826,1,1.448320e+16,1.450848e+16,1.431920e+16,1.468515e+16,4141.4586,3.598,128,23.34,,fine,A,4.8345,6.3211,5.4347,False,512,137,0.269006,0.257310,False,345.629121,CO(3-2),-166.8793,-144.678,star,18.216,2.550,14.208,512,20260825,False,False,,,,1.0297,0.9962,478790,4.061e+05,5.5237,6.7327,0.0592,0.999990
HD161868,HD161868,7,A002_Xff699e_X7543,29.7465,344.201402,346.041734,488281.2500,1840332031.2,2751.84,,29.69526,148.47776,7.675641e+15,1.535128e+16,1.808530e+16,1.598530e+16,2.0826,1,2.203729e+16,2.207576e+16,2.178776e+16,2.234458e+16,4141.4588,3.598,128,23.34,,fine,A,4.8644,5.8443,5.4953,False,512,87,0.171540,0.136452,False,345.975328,CO(3-2),179.3276,155.470,star,18.216,2.550,14.208,512,20260825,False,False,,,,1.0163,0.9905,478790,4.137e+05,5.4748,6.6718,0.0590,0.999990
HD161868,HD161868,7,A002_Xff45a6_X107fe,29.7465,344.201408,346.041740,488281.2500,1840332031.2,2751.84,,18.55399,92.77088,4.795843e+15,9.591686e+15,1.129994e+16,9.987829e+15,2.0826,1,1.376919e+16,1.379323e+16,1.361328e+16,1.396119e+16,4141.4589,3.598,128,23.34,,fine,A,4.7276,5.7631,5.3798,False,512,156,0.306043,0.403509,False,344.882072,CO(3-2),-913.9284,-792.342,star,18.216,2.550,14.208,512,20260825,False,False,,,,1.0139,0.9936,478790,3.446e+05,5.4442,6.6473,0.0594,0.999990
HD161868,HD161868,7,A002_Xff81e8_X734e,29.7465,344.201961,346.042293,488281.2500,1840332031.2,786.24,,37.06032,185.30340,9.579364e+15,1.915873e+16,2.257084e+16,1.995000e+16,2.0826,1,2.750301e+16,2.755102e+16,2.719159e+16,2.788651e+16,4141.4655,3.598,33,6.669,,fine,A,4.5085,5.4388,5.8334,True,512,125,0.245614,0.235867,False,344.894343,CO(3-2),-901.6566,-781.703,star,18.216,2.550,14.208,512,20260825,False,False,,,,1.0244,1.0094,120640,7.114e+04,5.2213,6.4929,0.0587,0.999990
51 Eri,51 Eri,6,A002_Xb95160_X3e24,29.9052,214.525853,216.260228,15625000.0000,1734375000.0,1282.18,212,0.23158,1.15789,1.935927e+15,3.871854e+15,4.561421e+15,4.031766e+15,2.0826,1,6.784162e+15,9.486043e+15,8.995062e+15,9.994224e+15,2584.7165,3.598,2,0.2121,1.0000,coarse,B,2.1243,4.3050,4.1243,False,512,426,0.832359,0.853801,False,215.338353,SiO(5-4),-1766.6471,-2439.499,star,29.187,4.086,22.766,512,20260825,False,False,,,,1.0227,1.0371,112,96.25,3.8190,5.4419,0.0272,0.999998
51 Eri,51 Eri,6,A002_Xb95160_X3e24,29.9052,217.025772,218.760147,15625000.0000,1734375000.0,1282.18,212,0.23685,1.18423,1.979974e+15,3.959948e+15,4.665204e+15,4.123498e+15,2.0826,1,6.938518e+15,9.701873e+15,9.199721e+15,1.022162e+16,2614.7155,3.598,2,0.2146,1.0000,coarse,B,2.2322,3.9580,4.4594,False,512,383,0.748538,0.828460,False,218.619522,H2CO,397.5221,546.114,star,28.852,4.039,22.505,512,20260825,False,False,,,,1.0200,0.9970,112,114.2,3.7830,5.3602,0.0272,0.999998
51 Eri,51 Eri,6,A002_Xb95160_X3e24,29.9052,229.662803,231.387413,1953125.0000,1724609375.0,1028.16,170,1.04724,5.23623,1.094341e+15,1.074366e+15,2.082618e+15,1.157045e+15,1.0573,4,3.141927e+15,3.147411e+15,3.106351e+15,3.185738e+15,2766.3013,3.598,8,1.456,1.0000,fine,A,3.9026,4.9706,5.3222,True,512,136,0.267057,0.185185,False,230.336631,CO(2-1),-201.3685,-261.860,star,27.271,3.818,21.272,512,20260825,False,False,,,,1.0308,1.0037,6188,5461,4.7084,6.0832,0.0272,0.999997
51 Eri,51 Eri,6,A002_Xb95160_X3e24,29.9052,231.637421,233.371796,15625000.0000,1734375000.0,1282.18,212,0.24788,1.23941,2.072238e+15,4.144477e+15,4.882597e+15,4.315648e+15,2.0826,1,7.261844e+15,1.015397e+16,9.628416e+15,1.069793e+16,2790.0553,3.598,2,0.2289,1.0000,coarse,B,3.7055,4.6330,3.7600,False,512,10,0.021442,0.037037,False,233.043671,CO(2-1),2505.6705,3258.383,star,27.039,3.785,21.091,512,20260825,False,False,,,,1.0768,0.9949,112,123.2,3.9053,5.5199,0.0272,0.999997
kap CrB,kap CrB,6,A002_Xe48598_Xff51,29.9911,214.610014,216.438139,15625000.0000,1828125000.0,3471.55,574,0.21256,1.06279,1.787150e+15,3.574299e+15,4.210872e+15,3.721922e+15,2.0826,1,6.262794e+15,8.757033e+15,8.303785e+15,9.226160e+15,2586.2889,3.598,4,0.5746,1.0000,coarse,B,3.8277,4.2221,4.1172,False,512,10,0.021442,0.017544,False,214.625639,SiO(5-4),-2479.3607,-3423.660,star,29.169,4.084,22.752,512,20260825,False,False,,,,1.0098,0.9767,354,263.4,3.9290,5.4284,0.0254,0.999998
kap CrB,kap CrB,6,A002_Xe48598_Xff51,29.9911,216.610014,218.438139,15625000.0000,1828125000.0,3471.55,574,0.25484,1.27422,2.142694e+15,4.285388e+15,5.048604e+15,4.462379e+15,2.0826,1,7.508745e+15,1.049920e+16,9.955780e+15,1.106166e+16,2610.2889,3.598,4,0.58,1.0000,coarse,B,2.0758,4.3849,3.6160,False,512,488,0.953216,0.916179,False,217.594389,SiO(5-4),489.3893,675.780,star,28.901,4.046,22.543,512,20260825,False,False,,,,1.0139,0.9926,354,225.7,3.9313,5.4554,0.0254,0.999998
kap CrB,kap CrB,6,A002_Xe48598_Xff51,29.9911,227.610014,229.438139,15625000.0000,1828125000.0,3471.55,574,0.24923,1.24617,2.095527e+15,4.191053e+15,4.937468e+15,4.364148e+15,2.0826,1,7.343454e+15,1.026808e+16,9.736622e+15,1.081816e+16,2742.2889,3.598,4,0.6093,1.0000,coarse,B,2.5231,4.7681,3.4432,False,512,361,0.705653,0.721248,False,227.735014,CO(2-1),-2802.9857,-3645.013,star,27.510,3.851,21.458,512,20260825,False,False,,,,1.0265,0.9762,354,278.6,3.9745,5.4826,0.0254,0.999998
kap CrB,kap CrB,6,A002_Xe48598_Xff51,29.9911,229.703284,231.428870,976562.5000,1725585937.5,2963.52,490,1.21707,6.08536,6.395598e+14,7.534637e+14,1.255773e+15,8.528494e+14,1.3335,2,1.836220e+15,1.839425e+15,1.815428e+15,1.861824e+15,2766.7929,3.598,40,8.396,0.9999,fine,A,4.2861,5.5322,4.9504,False,512,257,0.502924,0.502924,False,230.417151,CO(2-1),-120.8490,-157.152,star,27.266,3.817,21.268,512,20260825,False,False,,,,1.0228,1.0245,68952,4.93e+04,5.1851,6.4785,0.0254,0.999998
HD 155555C,HD 155555C,7,A002_Xccea8d_X2ff5,30.4116,333.147679,334.882054,15625000.0000,1734375000.0,1778.11,294,0.47201,2.36036,4.081205e+15,8.162409e+15,9.616112e+15,8.499531e+15,2.0826,1,1.430196e+16,1.999790e+16,1.896285e+16,2.106922e+16,4008.1784,3.598,3,0.4561,1.0000,coarse,B,2.7710,4.1165,4.2474,False,512,183,0.358674,0.368421,False,334.741429,CO(3-2),-11054.5715,-9583.908,star,18.822,2.635,14.681,512,20260825,False,False,,,,1.0145,0.9705,224,193.7,3.8525,5.3700,0.1255,0.999877
HD 155555C,HD 155555C,7,A002_Xccea8d_X2ff5,30.4116,335.043179,336.777554,15625000.0000,1734375000.0,1778.11,294,0.41018,2.05113,3.546533e+15,7.093067e+15,8.356323e+15,7.386023e+15,2.0826,1,1.242829e+16,1.737801e+16,1.647856e+16,1.830898e+16,4030.9244,3.598,3,0.4587,1.0000,coarse,B,2.1170,3.9902,3.4556,False,512,451,0.881092,0.883041,False,336.496304,CO(3-2),-9299.6965,-8062.496,star,18.715,2.620,14.598,512,20260825,False,False,,,,0.9880,0.9634,224,172.2,3.7594,5.2586,0.1255,0.999875
HD 155555C,HD 155555C,7,A002_Xccea8d_X2ff5,30.4116,345.152317,346.877415,488281.2500,1725097656.2,1270.08,210,2.55671,12.78525,6.908276e+14,1.381655e+15,1.627724e+15,1.440285e+15,2.0849,1,1.983413e+15,1.986875e+15,1.960955e+15,2.011070e+15,4152.1784,3.598,57,10.8,0.9989,fine,A,4.1704,5.7123,5.3186,False,512,427,0.834308,0.727096,False,345.906712,CO(3-2),110.7117,95.983,star,18.169,2.544,14.172,512,20260825,False,False,,,,1.0332,0.9888,197904,1.812e+05,5.3663,6.5986,0.1255,0.999868
HD 155555C,HD 155555C,7,A002_Xccea8d_X2ff5,30.4116,347.043179,348.777554,15625000.0000,1734375000.0,1778.11,294,0.47387,2.36965,4.097265e+15,8.194531e+15,9.653954e+15,8.532980e+15,2.0826,1,1.435824e+16,2.007660e+16,1.903747e+16,2.115213e+16,4174.9244,3.598,3,0.4751,1.0000,coarse,B,2.8663,4.4911,3.7137,False,512,140,0.274854,0.284600,False,348.558804,CO(3-2),2762.8035,2395.249,star,18.070,2.530,14.095,512,20260825,False,False,,,,1.0162,1.0226,224,114.1,3.8238,5.4182,0.1255,0.999866
2MASS J05241914-1601153 551040,2MASS J05241914-1601153 551040,7,A002_Xcf749a_X4871,30.9854,333.127085,334.861460,15625000.0000,1734375000.0,876.96,145,0.45909,2.30236,4.132550e+15,8.265100e+15,9.737091e+15,8.606462e+15,2.0826,1,1.448189e+16,2.024949e+16,1.920142e+16,2.133429e+16,4007.9313,3.598,4,0.2249,1.0000,coarse,B,3.0494,4.1941,3.5895,False,512,110,0.216374,0.253411,False,333.361460,CO(3-2),-12434.5401,-10780.291,star,18.823,2.635,14.682,512,20260825,False,False,,,,1.0204,0.9750,336,222.9,3.9066,5.4230,0.6203,0.996994
2MASS J05241914-1601153 551040,2MASS J05241914-1601153 551040,7,A002_Xcf749a_X4871,30.9854,335.022585,336.756960,15625000.0000,1734375000.0,876.96,145,0.40216,2.01692,3.620212e+15,7.240424e+15,8.529923e+15,7.539466e+15,2.0826,1,1.268648e+16,1.773904e+16,1.682090e+16,1.868934e+16,4030.6773,3.598,4,0.2262,1.0000,coarse,B,2.6111,4.5744,4.8978,False,512,301,0.588694,0.516569,False,335.585085,CO(3-2),-10210.9151,-8852.489,star,18.717,2.620,14.599,512,20260825,False,False,,,,1.0434,0.9534,336,289.6,3.9719,5.4733,0.6203,0.996960
2MASS J05241914-1601153 551040,2MASS J05241914-1601153 551040,7,A002_Xcf749a_X4871,30.9854,347.022585,348.756960,15625000.0000,1734375000.0,876.96,145,0.49686,2.49242,4.473706e+15,8.947412e+15,1.054092e+16,9.316956e+15,2.0826,1,1.567742e+16,2.192116e+16,2.078656e+16,2.309551e+16,4174.6773,3.598,4,0.2343,1.0000,coarse,B,2.2023,4.3481,4.4681,False,512,456,0.890838,0.867446,False,347.585085,CO(3-2),1789.0849,1551.071,star,18.071,2.530,14.095,512,20260825,False,False,,,,1.0014,0.9804,336,205.2,3.8603,5.3717,0.6203,0.996739
WD0346-011,WD0346-011,6,A002_Xe50c9e_X17ab,31.0396,223.085938,224.914062,15625000.0000,1828125000.0,647.14,321,0.30060,1.50302,2.707255e+15,5.414511e+15,6.378820e+15,5.638134e+15,2.0826,1,9.487165e+15,1.326555e+16,1.257895e+16,1.397621e+16,2688.0000,3.598,2,0.1113,1.0000,coarse,B,2.5933,4.2601,3.6679,False,512,235,0.460039,0.460039,False,223.414062,13CO(2-1),3015.0625,4101.167,star,28.066,3.929,21.891,512,20260825,False,False,,,,1.0324,0.9915,118,133.4,3.8352,5.4072,0.0174,0.999999
WD0346-011,WD0346-011,6,A002_Xe50c9e_X17ab,31.0396,225.085938,226.914062,15625000.0000,1828125000.0,647.14,321,0.28200,1.41002,2.539731e+15,5.079462e+15,5.984100e+15,5.289247e+15,2.0826,1,8.900100e+15,1.244468e+16,1.180057e+16,1.311136e+16,2712.0000,3.598,2,0.1123,1.0000,coarse,B,2.3969,4.4134,3.6600,False,512,324,0.633528,0.678363,False,226.382812,CO(2-1),-4155.1875,-5403.421,star,27.817,3.894,21.698,512,20260825,False,False,,,,1.1548,1.0390,118,96.1,4.0670,5.7955,0.0174,0.999999
WD0346-011,WD0346-011,6,A002_Xe50c9e_X17ab,31.0396,239.085938,240.914063,15625000.0000,1828125000.0,647.14,321,0.30989,1.54945,2.790876e+15,5.581752e+15,6.575846e+15,5.812282e+15,2.0826,1,9.780200e+15,1.367529e+16,1.296748e+16,1.440790e+16,2880.0000,3.598,2,0.1193,1.0000,coarse,B,2.2306,4.4421,3.6753,False,512,398,0.777778,0.795322,False,239.085938,CS(5-4),-5850.0625,-7160.257,star,26.195,3.667,20.432,512,20260825,False,False,,,,1.1195,0.9985,118,136.6,4.0197,5.6630,0.0174,0.999999
WD0346-011,WD0346-011,6,A002_Xe50c9e_X17ab,31.0396,241.085938,242.914063,15625000.0000,1828125000.0,647.14,321,0.33857,1.69284,3.049153e+15,6.098306e+15,7.184398e+15,6.350171e+15,2.0826,1,1.068529e+16,1.494085e+16,1.416754e+16,1.574125e+16,2904.0000,3.598,2,0.1203,1.0000,coarse,B,2.8702,4.3233,3.8133,False,512,114,0.224172,0.212476,False,241.320313,CS(5-4),-3615.6875,-4425.466,star,25.978,3.637,20.263,512,20260825,False,False,,,,1.0149,1.0115,118,103,3.7744,5.3662,0.0174,0.999999
2MASS J05241914-1601153 717696,2MASS J05241914-1601153 551040,7,A002_Xcf749a_X4871,31.1901,333.127085,334.861460,15625000.0000,1734375000.0,876.96,145,0.46050,2.30845,4.198424e+15,8.396848e+15,9.892304e+15,8.743653e+15,2.0826,1,1.471274e+16,2.057228e+16,1.950749e+16,2.167436e+16,4007.9313,3.598,4,0.2249,1.0000,coarse,B,2.9201,4.2022,3.7170,False,512,183,0.358674,0.345029,False,334.705210,CO(3-2),-11090.7901,-9615.309,star,18.823,2.635,14.682,512,20260825,False,False,,,,1.0950,1.0032,336,201.5,4.0822,5.6836,0.5743,0.997422
2MASS J05241914-1601153 717696,2MASS J05241914-1601153 551040,7,A002_Xcf749a_X4871,31.1901,335.022585,336.756960,15625000.0000,1734375000.0,876.96,145,0.40122,2.01136,3.658094e+15,7.316188e+15,8.619181e+15,7.618359e+15,2.0826,1,1.281923e+16,1.792466e+16,1.699691e+16,1.888491e+16,4030.6773,3.598,4,0.2262,1.0000,coarse,B,2.7681,4.4213,4.9063,False,512,220,0.430799,0.385965,False,335.585085,CO(3-2),-10210.9151,-8852.489,star,18.717,2.620,14.599,512,20260825,False,False,,,,1.0926,0.9869,336,196.1,4.0390,5.6279,0.5743,0.997393
2MASS J05241914-1601153 717696,2MASS J05241914-1601153 551040,7,A002_Xcf749a_X4871,31.1901,347.022585,348.756960,15625000.0000,1734375000.0,876.96,145,0.49714,2.49268,4.533496e+15,9.066991e+15,1.068180e+16,9.441475e+15,2.0826,1,1.588695e+16,2.221413e+16,2.106436e+16,2.340417e+16,4174.6773,3.598,4,0.2343,1.0000,coarse,B,2.7180,4.7965,4.3712,False,512,250,0.489279,0.487329,False,348.147585,CO(3-2),2351.5849,2038.738,star,18.071,2.530,14.095,512,20260825,False,False,,,,1.0562,0.9580,336,293.6,4.0098,5.5234,0.5743,0.997203
UCAC2 20312880,UCAC2 20312880,7,A002_Xcdd033_X85ff,33.7660,333.096699,334.831074,15625000.0000,1734375000.0,1257.98,208,0.57702,2.89082,6.161858e+15,1.232372e+16,1.451854e+16,1.283271e+16,2.0826,1,2.159329e+16,3.019311e+16,2.863036e+16,3.181059e+16,4007.5666,3.598,3,0.3227,1.0000,coarse,B,2.2711,4.8827,3.6502,False,512,426,0.832359,0.785575,False,333.877949,CO(3-2),-11918.0513,-10332.514,star,18.825,2.635,14.683,512,20260825,False,False,,,,0.9537,0.9600,224,217.3,3.7406,5.1965,0.5033,0.998020
UCAC2 20312880,UCAC2 20312880,7,A002_Xcdd033_X85ff,33.7660,334.992199,336.726574,15625000.0000,1734375000.0,1257.98,208,0.49867,2.49838,5.325347e+15,1.065069e+16,1.254755e+16,1.109059e+16,2.0826,1,1.866187e+16,2.609420e+16,2.474361e+16,2.749210e+16,4030.3126,3.598,3,0.3245,1.0000,coarse,B,1.9926,4.5625,3.9947,False,512,491,0.959064,0.968811,False,335.257824,CO(3-2),-10538.1763,-9136.213,star,18.718,2.621,14.600,512,20260825,False,False,,,,1.0200,0.9810,224,196.7,3.8873,5.4159,0.5033,0.997997
UCAC2 20312880,UCAC2 20312880,7,A002_Xcdd033_X85ff,33.7660,345.101337,346.826435,488281.2500,1725097656.2,876.96,145,3.18038,15.93577,1.061483e+15,2.122967e+15,2.501061e+15,2.213053e+15,2.0849,1,3.047591e+15,3.052911e+15,3.013084e+15,3.090087e+15,4151.5666,3.598,39,7.456,0.9989,fine,A,4.5382,5.4153,5.7216,True,512,147,0.288499,0.304094,False,345.167255,CO(3-2),-628.7447,-545.099,star,18.172,2.544,14.174,512,20260825,False,False,,,,1.0262,0.9728,134292,1.7e+05,5.2935,6.5139,0.5033,0.997875
UCAC2 20312880,UCAC2 20312880,7,A002_Xcdd033_X85ff,33.7660,346.992199,348.726574,15625000.0000,1734375000.0,1257.98,208,0.60119,3.01240,6.421000e+15,1.284200e+16,1.512912e+16,1.337240e+16,2.0826,1,2.250142e+16,3.146290e+16,2.983444e+16,3.314841e+16,4174.3126,3.598,3,0.3361,1.0000,coarse,B,2.5007,4.5521,3.8722,False,512,326,0.637427,0.746589,False,347.554699,CO(3-2),1758.6987,1524.727,star,18.073,2.530,14.097,512,20260825,False,False,,,,1.0889,1.0171,224,161.1,4.0398,5.6623,0.5033,0.997852
HR 2562,HR 2562,7,A002_Xcd64ec_X9149,33.9284,335.627387,337.361762,15625000.0000,1734375000.0,2358.72,1170,0.34918,1.74594,3.757394e+15,7.514788e+15,8.853151e+15,7.825155e+15,2.0826,1,1.316722e+16,1.841123e+16,1.745830e+16,1.939755e+16,4037.9349,3.598,4,0.6096,1.0000,coarse,B,2.8994,4.2932,3.8751,False,512,195,0.382066,0.465887,False,336.893012,CO(3-2),-8902.9875,-7718.564,star,18.683,2.616,14.573,512,20260825,False,False,,,,1.0346,0.9802,336,271,3.9919,5.5108,0.0503,0.999980
HR 2562,HR 2562,7,A002_Xcd64ec_X9149,33.9284,337.564887,339.299262,15625000.0000,1734375000.0,2358.72,1170,0.31540,1.57704,3.393906e+15,6.787812e+15,7.996703e+15,7.068154e+15,2.0826,1,1.189343e+16,1.663014e+16,1.576939e+16,1.752104e+16,4061.1849,3.598,4,0.6131,1.0000,coarse,B,2.2036,5.1655,4.2078,False,512,480,0.937622,0.861598,False,337.783637,CO(3-2),-8012.3625,-6946.425,star,18.576,2.601,14.489,512,20260825,False,False,,,,1.0809,0.9808,336,294.6,4.1052,5.6543,0.0503,0.999980
HR 2562,HR 2562,7,A002_Xcd64ec_X9149,33.9284,347.627387,349.361762,15625000.0000,1734375000.0,2358.72,1170,0.34052,1.70266,3.664252e+15,7.328504e+15,8.633691e+15,7.631178e+15,2.0826,1,1.284081e+16,1.795484e+16,1.702552e+16,1.891670e+16,4181.9349,3.598,4,0.6313,1.0000,coarse,B,3.3977,4.8410,4.3736,False,512,44,0.087719,0.054581,False,348.127387,CO(3-2),2331.3875,2021.228,star,18.040,2.526,14.071,512,20260825,False,False,,,,1.0337,0.9801,336,240.9,3.9616,5.4872,0.0503,0.999978
HR 2562,HR 2562,7,A002_Xcd64ec_X9149,33.9284,349.627387,351.361762,15625000.0000,1734375000.0,2358.72,1170,0.38644,1.93222,4.158282e+15,8.316565e+15,9.797722e+15,8.660046e+15,2.0826,1,1.457207e+16,2.037558e+16,1.932098e+16,2.146713e+16,4205.9349,3.598,4,0.6349,1.0000,coarse,B,2.8430,4.7717,4.0719,False,512,205,0.401559,0.512671,False,351.096137,CO(3-2),5300.1375,4595.025,star,17.937,2.511,13.991,512,20260825,False,False,,,,0.9675,0.9969,336,219,3.8418,5.3359,0.0503,0.999978
TWA 7,TWA 7,7,A002_Xb77b17_X3940,34.0975,333.512585,335.246960,15625000.0000,1734375000.0,2896.99,479,0.40118,2.62708,5.710176e+15,1.142035e+16,1.345429e+16,1.189203e+16,2.0826,1,2.001044e+16,2.797986e+16,2.653167e+16,2.947878e+16,4012.5573,3.598,5,0.744,1.0000,coarse,B,2.4756,4.9174,3.8655,False,512,395,0.771930,0.746589,False,334.325085,CO(3-2),-11470.9146,-9944.863,star,18.801,2.632,14.665,512,20260825,False,False,,,,0.9618,0.9601,448,387.4,3.8889,5.3171,5.8648,0.763541
TWA 7,TWA 7,7,A002_Xb825df_X2265,34.0975,333.518613,335.252988,15625000.0000,1734375000.0,3024.00,,0.41062,2.69004,5.847022e+15,1.169404e+16,1.377672e+16,1.217702e+16,2.0826,1,2.049000e+16,2.865041e+16,2.716751e+16,3.018525e+16,4012.6296,3.598,5,0.7766,,coarse,B,3.2043,4.5120,4.3664,False,512,107,0.210526,0.204678,False,,CO(3-2),-12277.3869,-10644.044,star,18.801,2.632,14.665,512,20260825,False,False,,,,1.0272,0.9657,448,373.3,4.0240,5.5072,5.8693,0.763216
TWA 7,TWA 7,7,A002_Xb77b17_X3940,34.0975,335.403544,337.137919,15625000.0000,1734375000.0,2896.99,479,0.35742,2.34771,5.102935e+15,1.020587e+16,1.202351e+16,1.062739e+16,2.0826,1,1.788246e+16,2.500438e+16,2.371020e+16,2.634390e+16,4035.2488,3.598,5,0.7482,1.0000,coarse,B,3.2139,4.7367,4.2117,False,512,98,0.192982,0.206628,False,337.075419,CO(3-2),-8720.5806,-7560.424,star,18.695,2.617,14.582,512,20260825,False,False,,,,1.0557,0.9652,448,388.6,4.0900,5.5917,5.8648,0.761208
TWA 7,TWA 7,7,A002_Xb825df_X2265,34.0975,335.409698,337.144073,15625000.0000,1734375000.0,3024.00,,0.35421,2.32765,5.059343e+15,1.011869e+16,1.192080e+16,1.053659e+16,2.0826,1,1.772970e+16,2.479078e+16,2.350765e+16,2.611886e+16,4035.3226,3.598,5,0.781,,coarse,B,3.7053,4.3351,4.1082,False,512,24,0.048733,0.019493,False,,CO(3-2),-9448.8021,-8191.765,star,18.695,2.617,14.582,512,20260825,False,False,,,,1.0855,0.9782,448,367.5,4.1631,5.7000,5.8693,0.760880
TWA 7,TWA 7,7,A002_Xb77b17_X3940,34.0975,345.547794,346.410343,244140.6250,862548828.1,2388.96,395,3.26187,21.77078,7.393835e+14,1.478767e+15,1.742131e+15,1.546560e+15,2.0917,1,2.122820e+15,2.126526e+15,2.098784e+15,2.152421e+15,4151.7488,3.598,215,40.63,0.9957,fine,A,4.7169,5.9033,5.9305,True,512,279,0.545809,0.682261,False,345.858341,CO(3-2),62.3410,54.047,star,18.171,2.544,14.173,512,20260825,False,False,,,,1.0224,1.0098,756276,5.336e+05,5.5901,6.7945,5.8648,0.749139
TWA 7,TWA 7,7,A002_Xb825df_X2265,34.0975,345.554038,346.416587,244140.6250,862548828.1,2388.96,,3.13774,20.95188,7.115719e+14,1.423144e+15,1.676602e+15,1.481921e+15,2.0826,1,2.042971e+15,2.046538e+15,2.019839e+15,2.071459e+15,4151.8238,3.598,223,40.63,,fine,A,4.1285,6.1420,5.5866,False,512,512,1.000000,0.992203,False,,CO(3-2),545.6358,473.046,star,18.170,2.544,14.173,512,20260825,False,False,,,,1.0292,0.9862,784548,7.974e+05,5.6148,6.7974,5.8693,0.748797
TWA 7,TWA 7,7,A002_Xb77b17_X3940,34.0975,347.511739,349.246114,15625000.0000,1734375000.0,2896.99,479,0.42155,2.82488,6.140103e+15,1.228021e+16,1.446728e+16,1.278740e+16,2.0826,1,2.151706e+16,3.008650e+16,2.852928e+16,3.169828e+16,4180.5471,3.598,5,0.7751,1.0000,coarse,B,3.1147,4.3767,3.8932,False,512,118,0.231969,0.187135,False,347.808614,CO(3-2),2012.6136,1744.862,star,18.046,2.526,14.076,512,20260825,False,False,,,,1.0276,0.9431,448,434.9,4.0142,5.4721,5.8648,0.746133
TWA 7,TWA 7,7,A002_Xb825df_X2265,34.0975,347.518019,349.252394,15625000.0000,1734375000.0,3024.00,,0.42400,2.84265,6.178736e+15,1.235747e+16,1.455830e+16,1.286784e+16,2.0826,1,2.165244e+16,3.027581e+16,2.870879e+16,3.189773e+16,4180.6225,3.598,5,0.8091,,coarse,B,3.1978,4.2176,4.4340,False,512,90,0.177388,0.111111,False,,CO(3-2),2675.1436,2319.251,star,18.045,2.526,14.075,512,20260825,False,False,,,,1.0386,0.9464,448,420.1,4.0355,5.5060,5.8693,0.745788
WD 0407+179,WD 0407179,6,A002_Xb25e1a_Xed74,34.1102,215.199158,216.933533,15625000.0000,1734375000.0,60.48,10,1.31817,6.59399,1.434325e+16,2.868650e+16,3.379549e+16,2.987129e+16,2.0826,1,5.026374e+16,7.028193e+16,6.664426e+16,7.404703e+16,2592.7961,3.598,2,0.01004,1.0000,coarse,B,2.6989,3.9233,3.8348,False,512,173,0.339181,0.337232,False,216.230408,SiO(5-4),-874.5921,-1207.693,star,29.096,4.073,22.695,512,20260825,False,False,,,,0.9913,0.9632,112,147.9,3.7288,5.2401,0.3812,0.999524
WD 0407+179,WD 0407179,6,A002_Xb25e1a_Xed74,34.1102,217.092573,218.826948,15625000.0000,1734375000.0,60.48,10,1.32570,6.63173,1.442535e+16,2.885069e+16,3.398892e+16,3.004226e+16,2.0826,1,5.055143e+16,7.068419e+16,6.702570e+16,7.447085e+16,2615.5171,3.598,2,0.01012,1.0000,coarse,B,2.8794,4.4825,3.8151,False,512,112,0.220273,0.315789,False,218.795698,H2CO,573.6984,788.144,star,28.844,4.038,22.498,512,20260825,False,False,,,,0.9659,1.0343,112,86.85,3.6824,5.2655,0.3812,0.999516
WD 0407+179,WD 0407179,6,A002_Xb25e1a_Xed74,34.1102,229.264212,230.989310,488281.2500,1725097656.2,60.48,10,8.10674,40.55560,2.756769e+15,5.513537e+15,6.495483e+15,5.744013e+15,2.0836,1,7.914871e+15,7.928687e+15,7.825251e+15,8.025236e+15,2761.5211,3.598,3,0.3421,0.9995,fine,A,3.9352,5.2529,4.8134,False,512,148,0.290448,0.278752,False,230.504935,CO(2-1),-33.0653,-42.998,star,27.319,3.825,21.308,512,20260825,False,False,,,,0.9998,0.9948,7068,7952,4.6931,6.0247,0.3812,0.999460
WD 0407+179,WD 0407179,6,A002_Xb25e1a_Xed74,34.1102,231.592573,233.326948,15625000.0000,1734375000.0,60.48,10,1.36377,6.82258,1.484049e+16,2.968099e+16,3.496709e+16,3.090685e+16,2.0826,1,5.200625e+16,7.271842e+16,6.895464e+16,7.661404e+16,2789.5171,3.598,2,0.0108,1.0000,coarse,B,2.8568,4.1542,3.8213,False,512,115,0.226121,0.356725,False,232.248823,CO(2-1),1710.8234,2224.761,star,27.044,3.786,21.095,512,20260825,False,False,,,,1.1995,1.0185,112,95.41,4.1097,5.8579,0.3812,0.999449
UCAC3 176-23654,UCAC3 176-23654,7,A002_Xd12f5c_Xd7c6,34.3459,333.148162,334.882537,15625000.0000,1734375000.0,725.76,120,0.50168,2.50852,5.532210e+15,1.106442e+16,1.303496e+16,1.152140e+16,2.0826,1,1.938679e+16,2.710783e+16,2.570478e+16,2.856004e+16,4008.1842,3.598,3,0.1862,1.0000,coarse,B,3.1666,4.2849,4.0509,False,512,72,0.142300,0.103314,False,333.273162,CO(3-2),-12522.8379,-10856.841,star,18.822,2.635,14.681,512,20260825,False,False,,,,1.0468,0.9855,224,175.8,3.9205,5.4804,0.0836,0.999945
UCAC3 176-23654,UCAC3 176-23654,7,A002_Xd12f5c_Xd7c6,34.3459,335.043662,336.778037,15625000.0000,1734375000.0,725.76,120,0.44070,2.20360,4.859745e+15,9.719490e+15,1.145050e+16,1.012092e+16,2.0826,1,1.703024e+16,2.381275e+16,2.258024e+16,2.508843e+16,4030.9302,3.598,3,0.1872,1.0000,coarse,B,2.5081,4.2228,4.6760,False,512,328,0.641326,0.676413,False,335.387412,CO(3-2),-10408.5879,-9023.864,star,18.715,2.620,14.598,512,20260825,False,False,,,,1.0325,1.0200,224,155.9,3.9289,5.5123,0.0836,0.999945
UCAC3 176-23654,UCAC3 176-23654,7,A002_Xd12f5c_Xd7c6,34.3459,345.152801,346.877898,488281.2500,1725097656.2,725.76,120,2.73334,13.66749,9.419332e+14,1.883866e+15,2.219378e+15,1.963807e+15,2.0849,1,2.704354e+15,2.709075e+15,2.673733e+15,2.742064e+15,4152.1842,3.598,61,6.172,0.9989,fine,A,4.6622,5.7033,5.6055,False,512,115,0.226121,0.298246,False,346.338348,CO(3-2),542.3477,470.196,star,18.169,2.544,14.172,512,20260825,False,False,,,,1.0163,0.9960,212040,1.653e+05,5.3237,6.5532,0.0836,0.999941
UCAC3 176-23654,UCAC3 176-23654,7,A002_Xd12f5c_Xd7c6,34.3459,347.043662,348.778037,15625000.0000,1734375000.0,725.76,120,0.52935,2.64692,5.837443e+15,1.167489e+16,1.375415e+16,1.215708e+16,2.0826,1,2.045643e+16,2.860347e+16,2.712301e+16,3.013580e+16,4174.9302,3.598,3,0.1939,1.0000,coarse,B,2.4225,4.3426,4.1871,False,512,336,0.656920,0.717349,False,348.746787,CO(3-2),2950.7871,2558.224,star,18.070,2.530,14.095,512,20260825,False,False,,,,1.0868,0.9652,224,182.3,3.9674,5.5400,0.0836,0.999941
GJ 2006B,GJ 2006A,7,A002_Xcdb7b8_Xfb16,34.9764,333.150967,334.885342,15625000.0000,1734375000.0,1257.98,208,0.39753,2.02060,4.621273e+15,9.242545e+15,1.088862e+16,9.624278e+15,2.0826,1,1.619455e+16,2.264424e+16,2.147221e+16,2.385732e+16,4008.2178,3.598,4,0.3227,1.0000,coarse,B,2.2646,4.3953,3.6208,False,512,450,0.879142,0.863548,False,333.150967,CO(3-2),-12645.0334,-10962.780,star,18.822,2.635,14.681,512,20260825,False,False,,,,1.0133,0.9593,336,292.9,3.9264,5.4088,1.4497,0.983685
GJ 2006B,GJ 2006A,7,A002_Xcdb7b8_Xfb16,34.9764,335.046467,336.780842,15625000.0000,1734375000.0,1257.98,208,0.34602,1.75912,4.023242e+15,8.046485e+15,9.479542e+15,8.378819e+15,2.0826,1,1.409884e+16,1.971389e+16,1.869353e+16,2.076999e+16,4030.9638,3.598,4,0.3245,1.0000,coarse,B,2.7956,4.2641,3.9447,False,512,192,0.376218,0.419103,False,336.077717,CO(3-2),-9718.2834,-8425.396,star,18.715,2.620,14.598,512,20260825,False,False,,,,0.9346,0.9631,336,246.8,3.7385,5.1747,1.4497,0.983501
GJ 2006B,GJ 2006A,7,A002_Xcdb7b8_Xfb16,34.9764,345.155605,346.880703,488281.2500,1725097656.2,876.96,145,2.21096,11.25169,8.041728e+14,1.608346e+15,1.894788e+15,1.676595e+15,2.0849,1,2.308835e+15,2.312865e+15,2.282692e+15,2.341029e+15,4152.2178,3.598,69,7.457,0.9989,fine,A,4.2213,5.4654,6.0069,True,512,432,0.844055,0.812865,False,346.133633,CO(3-2),337.6326,292.715,star,18.169,2.544,14.172,512,20260825,False,False,,,,1.0266,0.9866,240312,1.862e+05,5.3478,6.5739,1.4497,0.982502
GJ 2006B,GJ 2006A,7,A002_Xcdb7b8_Xfb16,34.9764,347.046467,348.780842,15625000.0000,1734375000.0,1257.98,208,0.42026,2.13916,4.892433e+15,9.784867e+15,1.152752e+16,1.018900e+16,2.0826,1,1.714479e+16,2.397292e+16,2.273213e+16,2.525719e+16,4174.9638,3.598,4,0.3361,1.0000,coarse,B,2.2784,4.1810,3.8801,False,512,446,0.871345,0.945419,False,348.390217,CO(3-2),2594.2166,2249.091,star,18.070,2.530,14.094,512,20260825,False,False,,,,1.0668,1.0211,336,212.3,4.0754,5.6654,1.4497,0.982312
ALMA J153702653-33192492,ALMA J153702653-33192492,6,A002_Xfe62c1_X398,35.0098,216.068221,217.908553,488281.2500,1840332031.2,211.68,,29.34179,152.25590,1.090268e+16,2.180536e+16,2.568884e+16,2.270594e+16,2.0826,1,3.130234e+16,3.135698e+16,3.094790e+16,3.173882e+16,2603.8606,3.598,79,1.129,,fine,A,5.2281,6.0229,5.3783,False,512,13,0.027290,0.009747,False,216.184432,SiO(5-4),-920.5682,-1271.179,star,28.973,4.056,22.599,512,20260825,True,False,,unattributed,,1.0171,0.9928,271440,2.207e+05,5.3703,6.5890,5.7463,0.963568
ALMA J153702653-33192492,ALMA J153702653-33192492,6,A002_Xff0235_X8392,35.0098,216.071602,217.911934,488281.2500,1840332031.2,211.68,,34.80511,180.60431,1.293264e+16,2.586528e+16,3.047182e+16,2.693354e+16,2.0826,1,3.713050e+16,3.719531e+16,3.671007e+16,3.764824e+16,2603.9012,3.598,79,1.129,,fine,A,4.2470,5.9009,5.4199,False,512,439,0.857700,0.888889,False,217.480781,SiO(5-4),375.7812,518.903,star,28.972,4.056,22.598,512,20260825,False,False,,,,1.0197,1.0041,271440,1.976e+05,5.3870,6.6176,5.7457,0.963574
ALMA J153702653-33192492,ALMA J153702653-33192492,6,A002_Xf8f6a9_X10359,35.0098,216.091061,217.931393,488281.2500,1840332031.2,211.68,,31.86418,165.35412,1.184061e+16,2.368122e+16,2.789879e+16,2.465928e+16,2.0826,1,3.399521e+16,3.405455e+16,3.361028e+16,3.446923e+16,2604.1347,3.598,79,1.129,,fine,A,5.0911,5.4064,5.2748,False,512,26,0.052632,0.081871,False,217.729244,H2CO,-492.7556,-676.946,star,28.970,4.056,22.596,512,20260825,True,False,,unattributed,,1.0276,0.9988,271440,1.999e+05,5.3959,6.6277,5.7501,0.963513
ALMA J153702653-33192492,ALMA J153702653-33192492,6,A002_X1009c59_X1ba4d,35.0098,216.098099,217.938431,488281.2500,1840332031.2,211.68,21,44.11948,228.93257,1.639331e+16,3.278662e+16,3.862583e+16,3.418135e+16,2.0851,1,4.706632e+16,4.714848e+16,4.653339e+16,4.772261e+16,2604.2192,3.598,80,1.129,0.9988,fine,A,4.6462,5.8088,5.6669,False,512,140,0.274854,0.424951,False,217.591752,SiO(5-4),486.7517,672.138,star,28.969,4.056,22.596,512,20260825,False,False,,,,1.0359,0.9890,275210,2.602e+05,5.4402,6.6626,5.7436,0.963591
ALMA J153702653-33192492,ALMA J153702653-33192492,6,A002_X1015532_X20dc8,35.0098,216.102295,217.942627,488281.2500,1840332031.2,211.68,,40.11194,208.13712,1.490420e+16,2.980840e+16,3.511719e+16,3.103951e+16,2.0826,1,4.279097e+16,4.286567e+16,4.230645e+16,4.338765e+16,2604.2695,3.598,80,1.129,,fine,A,4.5964,5.6835,5.4262,False,512,180,0.352827,0.282651,False,216.822021,SiO(5-4),-282.9788,-390.755,star,28.968,4.056,22.595,512,20260825,False,False,,,,1.0198,0.9947,286520,2.145e+05,5.3772,6.5995,5.7433,0.963594
ALMA J153702653-33192492,ALMA J153702653-33192492,6,A002_X1018459_X73b0,35.0098,216.102688,217.943020,488281.2500,1840332031.2,211.68,,33.54048,174.03837,1.246247e+16,2.492494e+16,2.936400e+16,2.595436e+16,2.0826,1,3.578060e+16,3.584306e+16,3.537546e+16,3.627953e+16,2604.2742,3.598,79,1.129,,fine,A,4.5069,5.7182,5.2554,False,512,244,0.477583,0.471735,False,217.059719,SiO(5-4),-45.2808,-62.527,star,28.968,4.056,22.595,512,20260825,False,False,,,,1.0190,0.9954,271440,2.152e+05,5.3777,6.5999,5.7432,0.963594
ALMA J153702653-33192492,ALMA J153702653-33192492,6,A002_X1020da2_X78cd,35.0098,216.105778,217.946110,488281.2500,1840332031.2,181.44,,33.05562,171.52197,1.228228e+16,2.456455e+16,2.893943e+16,2.557909e+16,2.0826,1,3.526325e+16,3.532481e+16,3.486397e+16,3.575497e+16,2604.3113,3.598,66,0.9677,,fine,A,4.6496,5.5848,5.7757,True,512,155,0.304094,0.280702,False,216.217107,SiO(5-4),-887.8934,-1226.060,star,28.968,4.055,22.595,512,20260825,False,False,,,,1.0319,0.9888,222430,2.287e+05,5.4056,6.6296,5.7429,0.963597
ALMA J153702653-33192492,ALMA J153702653-33192492,6,A002_Xfe62c1_X398,35.0098,218.318221,220.158553,488281.2500,1840332031.2,211.68,,30.63299,159.07900,1.139127e+16,2.278253e+16,2.684004e+16,2.372347e+16,2.0826,1,3.270510e+16,3.276219e+16,3.233478e+16,3.316114e+16,2630.8606,3.598,79,1.141,,fine,A,5.0901,5.5634,5.4100,False,512,20,0.040936,0.031189,False,218.872908,H2CO,650.9083,894.215,star,28.675,4.015,22.367,512,20260825,True,False,,unattributed,,1.0034,1.0093,278980,1.882e+05,5.3485,6.5739,5.7463,0.962823
ALMA J153702653-33192492,ALMA J153702653-33192492,6,A002_Xff0235_X8392,35.0098,218.321602,220.161934,488281.2500,1840332031.2,211.68,,35.83109,186.07202,1.332417e+16,2.664834e+16,3.139434e+16,2.774894e+16,2.0826,1,3.825460e+16,3.832138e+16,3.782145e+16,3.878803e+16,2630.9012,3.598,80,1.141,,fine,A,4.2805,6.0451,5.3717,False,512,421,0.822612,0.881092,False,218.595527,H2CO,373.5273,513.150,star,28.675,4.014,22.366,512,20260825,False,False,,,,1.0218,1.0023,278980,2.164e+05,5.4046,6.6325,5.7457,0.962829
ALMA J153702653-33192492,ALMA J153702653-33192492,6,A002_Xf8f6a9_X10359,35.0098,218.341061,220.181393,488281.2500,1840332031.2,211.68,,33.35963,173.24868,1.240592e+16,2.481185e+16,2.923077e+16,2.583659e+16,2.0826,1,3.561825e+16,3.568042e+16,3.521494e+16,3.611491e+16,2631.1347,3.598,79,1.141,,fine,A,5.0476,5.7708,5.2035,False,512,34,0.068226,0.101365,False,218.671139,H2CO,449.1389,617.025,star,28.672,4.014,22.364,512,20260825,True,False,,unattributed,,1.0190,0.9775,278980,3.494e+05,5.4169,6.6130,5.7501,0.962767
ALMA J153702653-33192492,ALMA J153702653-33192492,6,A002_X1009c59_X1ba4d,35.0098,218.348099,220.188431,488281.2500,1840332031.2,211.68,21,45.44371,235.98624,1.689841e+16,3.379682e+16,3.981594e+16,3.523539e+16,2.0851,1,4.851648e+16,4.860118e+16,4.796713e+16,4.919300e+16,2631.2192,3.598,81,1.141,0.9988,fine,A,4.6790,6.0964,5.3255,False,512,132,0.259259,0.220273,False,218.766556,H2CO,544.5564,748.109,star,28.671,4.014,22.364,512,20260825,False,False,,,,1.0376,0.9935,278980,2.254e+05,5.4308,6.6617,5.7436,0.962847
ALMA J153702653-33192492,ALMA J153702653-33192492,6,A002_X1015532_X20dc8,35.0098,218.352295,220.192627,488281.2500,1840332031.2,211.68,,40.75798,211.65289,1.515596e+16,3.031191e+16,3.571038e+16,3.156381e+16,2.0826,1,4.351378e+16,4.358974e+16,4.302108e+16,4.412054e+16,2631.2695,3.598,80,1.141,,fine,A,4.6808,5.5728,5.2495,False,512,153,0.300195,0.216374,False,220.171631,13CO(2-1),-227.3694,-309.274,star,28.671,4.014,22.363,512,20260825,False,False,,,,1.0240,1.0003,275210,1.875e+05,5.3787,6.6114,5.7433,0.962850
ALMA J153702653-33192492,ALMA J153702653-33192492,6,A002_X1018459_X73b0,35.0098,218.352688,220.193020,488281.2500,1840332031.2,211.68,,34.34252,178.33787,1.277035e+16,2.554070e+16,3.008942e+16,2.659554e+16,2.0826,1,3.666454e+16,3.672854e+16,3.624939e+16,3.717579e+16,2631.2742,3.598,80,1.141,,fine,A,4.6992,5.7144,5.1634,False,512,142,0.278752,0.378168,False,218.522122,H2CO,300.1216,412.306,star,28.671,4.014,22.363,512,20260825,False,False,,,,1.0215,0.9876,275210,2.797e+05,5.4109,6.6215,5.7432,0.962850
ALMA J153702653-33192492,ALMA J153702653-33192492,6,A002_X1020da2_X78cd,35.0098,218.355778,220.196110,488281.2500,1840332031.2,181.44,,33.96678,176.38613,1.263059e+16,2.526118e+16,2.976012e+16,2.630448e+16,2.0826,1,3.626328e+16,3.632658e+16,3.585267e+16,3.676894e+16,2631.3113,3.598,67,0.9778,,fine,A,4.1677,5.7407,4.7557,False,512,456,0.890838,0.916179,False,219.430485,C18O(2-1),-129.5145,-176.842,star,28.670,4.014,22.363,512,20260825,False,False,,,,1.0143,1.0147,226200,1.4e+05,5.3369,6.5821,5.7429,0.962853
ALMA J153702653-33192492,ALMA J153702653-33192492,6,A002_Xfe62c1_X398,35.0098,230.292452,230.752657,244140.6250,460205078.1,211.68,,51.59258,268.99741,9.631130e+15,1.926226e+16,2.269282e+16,2.005780e+16,2.0826,1,2.765163e+16,2.769990e+16,2.733853e+16,2.803721e+16,2766.2707,3.598,165,2.398,,fine,A,4.1538,10.9211,5.5706,False,512,496,0.968811,0.970760,False,230.699679,CO(2-1),161.6789,210.248,star,27.272,3.818,21.272,512,20260825,False,False,,,,1.0356,1.0287,296102,1.938e+05,5.4913,6.7473,5.7463,0.958979
ALMA J153702653-33192492,ALMA J153702653-33192492,6,A002_Xff0235_X8392,35.0098,230.295833,230.756038,244140.6250,460205078.1,211.68,,59.35597,309.47278,1.108030e+16,2.216060e+16,2.610735e+16,2.307585e+16,2.0826,1,3.181230e+16,3.186783e+16,3.145209e+16,3.225589e+16,2766.3112,3.598,167,2.399,,fine,A,5.4050,13.4122,6.0234,False,512,81,0.159844,0.231969,False,230.522151,CO(2-1),-15.8486,-20.610,star,27.271,3.818,21.272,512,20260825,True,False,,"attributed: CO(2-1) at -20.6 km/s (topocentric, frozen 15-line mask)",,1.0332,1.0350,297988,1.706e+05,5.4773,6.7398,5.7457,0.958985
ALMA J153702653-33192492,ALMA J153702653-33192492,6,A002_Xf8f6a9_X10359,35.0098,230.315292,230.775497,244140.6250,460205078.1,211.68,,56.58751,295.05912,1.056424e+16,2.112848e+16,2.489140e+16,2.200110e+16,2.0826,1,3.033065e+16,3.038359e+16,2.998721e+16,3.075358e+16,2766.5447,3.598,165,2.399,,fine,A,4.7803,13.5994,5.6632,False,512,193,0.378168,0.555556,False,230.726669,CO(2-1),188.6693,245.346,star,27.269,3.818,21.270,512,20260825,False,False,,,,1.0216,1.0161,299874,2.767e+05,5.4858,6.7139,5.7501,0.958918
ALMA J153702653-33192492,ALMA J153702653-33192492,6,A002_X1009c59_X1ba4d,35.0098,230.322331,230.782536,244140.6250,460205078.1,211.68,21,74.55853,388.72831,1.391795e+16,2.783590e+16,3.279340e+16,2.914166e+16,2.0938,1,3.995939e+16,4.002914e+16,3.950693e+16,4.051658e+16,2766.6292,3.598,168,2.399,0.9946,fine,A,4.5583,11.8818,5.4807,False,512,293,0.573099,0.658869,False,230.767643,CO(2-1),229.6434,298.629,star,27.268,3.818,21.269,512,20260825,False,False,,,,1.0378,0.9996,299874,3.747e+05,5.5405,6.7589,5.7436,0.959006
ALMA J153702653-33192492,ALMA J153702653-33192492,6,A002_X1015532_X20dc8,35.0098,230.326526,230.786731,244140.6250,460205078.1,201.60,,69.57100,362.72337,1.298688e+16,2.597375e+16,3.059960e+16,2.704648e+16,2.0826,1,3.728620e+16,3.735129e+16,3.686401e+16,3.780612e+16,2766.6795,3.598,167,2.285,,fine,A,4.5897,12.2155,5.3300,False,512,268,0.524366,0.567251,False,230.533802,CO(2-1),-4.1984,-5.460,star,27.268,3.817,21.269,512,20260825,False,False,,,,1.0374,1.0306,301760,1.875e+05,5.4948,6.7540,5.7433,0.959009
ALMA J153702653-33192492,ALMA J153702653-33192492,6,A002_X1018459_X73b0,35.0098,230.326920,230.787125,244140.6250,460205078.1,211.68,,57.29063,298.69695,1.069449e+16,2.138897e+16,2.519829e+16,2.227235e+16,2.0826,1,3.070460e+16,3.075820e+16,3.035693e+16,3.113274e+16,2766.6843,3.598,166,2.399,,fine,A,4.6373,13.2484,6.0164,False,512,243,0.475634,0.514620,False,230.574722,CO(2-1),36.7223,47.754,star,27.268,3.817,21.269,512,20260825,False,False,,,,1.0424,1.0173,296102,2.44e+05,5.5219,6.7674,5.7432,0.959009
ALMA J153702653-33192492,ALMA J153702653-33192492,6,A002_X1020da2_X78cd,35.0098,230.330010,230.790215,244140.6250,460205078.1,181.44,,56.49026,294.52299,1.054504e+16,2.109009e+16,2.484617e+16,2.196112e+16,2.0826,1,3.027554e+16,3.032839e+16,2.993273e+16,3.069770e+16,2766.7214,3.598,139,2.056,,fine,A,4.5840,13.7640,5.6031,False,512,264,0.516569,0.586745,False,230.597588,CO(2-1),59.5881,77.489,star,27.267,3.817,21.268,512,20260825,False,False,,,,1.0283,1.0283,245180,1.79e+05,5.4559,6.7098,5.7429,0.959013
ALMA J153702653-33192492,ALMA J153702653-33192492,6,A002_Xfe62c1_X398,35.0098,230.774874,231.235079,244140.6250,460205078.1,211.68,,42.42256,221.22486,7.920691e+15,1.584138e+16,1.866269e+16,1.649564e+16,2.0826,1,2.274084e+16,2.278054e+16,2.248335e+16,2.305794e+16,2772.0597,3.598,165,2.403,,fine,A,4.2217,5.5931,4.9217,False,512,460,0.898635,0.906433,False,230.834445,CO(2-1),296.4446,385.498,star,27.215,3.810,21.227,512,20260825,False,False,,,,1.0229,1.0010,301760,2.016e+05,5.3910,6.6210,5.7463,0.958811
ALMA J153702653-33192492,ALMA J153702653-33192492,6,A002_Xff0235_X8392,35.0098,230.778255,231.238460,244140.6250,460205078.1,211.68,,50.92075,265.53946,9.507322e+15,1.901464e+16,2.240110e+16,1.979996e+16,2.0826,1,2.729617e+16,2.734382e+16,2.698709e+16,2.767679e+16,2772.1003,3.598,167,2.404,,fine,A,4.1953,5.6118,5.2626,False,512,470,0.918129,0.865497,False,230.857112,CO(2-1),319.1124,414.975,star,27.214,3.810,21.227,512,20260825,False,False,,,,1.0401,0.9989,299874,2.3e+05,5.4553,6.6902,5.7457,0.958817
ALMA J153702653-33192492,ALMA J153702653-33192492,6,A002_Xf8f6a9_X10359,35.0098,230.797714,231.257919,244140.6250,460205078.1,211.68,,46.34573,241.69883,8.653737e+15,1.730747e+16,2.038989e+16,1.802228e+16,2.0826,1,2.484547e+16,2.488884e+16,2.456414e+16,2.519191e+16,2772.3338,3.598,166,2.404,,fine,A,4.5282,5.7094,5.7171,True,512,249,0.487329,0.530214,False,230.933945,CO(2-1),395.9447,514.888,star,27.212,3.810,21.225,512,20260825,False,False,,,,1.0271,1.0034,297988,2.064e+05,5.4129,6.6462,5.7501,0.958750
ALMA J153702653-33192492,ALMA J153702653-33192492,6,A002_X1009c59_X1ba4d,35.0098,230.804753,231.264958,244140.6250,460205078.1,211.68,21,63.77567,332.56763,1.190719e+16,2.381437e+16,2.805564e+16,2.493204e+16,2.0939,1,3.418634e+16,3.424602e+16,3.379925e+16,3.466304e+16,2772.4183,3.598,168,2.404,0.9946,fine,A,4.4399,5.6289,5.0646,False,512,281,0.549708,0.627680,False,231.155095,CO(2-1),617.0946,802.472,star,27.211,3.810,21.225,512,20260825,False,False,,,,1.0301,0.9756,296102,2.976e+05,5.4128,6.6194,5.7436,0.958838
ALMA J153702653-33192492,ALMA J153702653-33192492,6,A002_X1015532_X20dc8,35.0098,230.808948,231.269153,244140.6250,460205078.1,201.60,,58.68367,306.01358,1.095645e+16,2.191290e+16,2.581553e+16,2.281792e+16,2.0826,1,3.145671e+16,3.151162e+16,3.110053e+16,3.189535e+16,2772.4686,3.598,168,2.289,,fine,A,4.6895,5.6997,5.3522,False,512,122,0.239766,0.321637,False,231.238636,CO(2-1),700.6356,911.109,star,27.211,3.809,21.224,512,20260825,False,False,,,,1.0192,0.9991,305532,2.22e+05,5.3937,6.6172,5.7433,0.958841
ALMA J153702653-33192492,ALMA J153702653-33192492,6,A002_X1018459_X73b0,35.0098,230.809341,231.269546,244140.6250,460205078.1,211.68,,48.65244,253.70437,9.083581e+15,1.816716e+16,2.140268e+16,1.891748e+16,2.0826,1,2.607958e+16,2.612510e+16,2.578428e+16,2.644323e+16,2772.4733,3.598,167,2.404,,fine,A,4.3876,5.5150,5.1180,False,512,343,0.670565,0.705653,False,230.853531,CO(2-1),315.5309,410.317,star,27.211,3.809,21.224,512,20260825,False,False,,,,1.0332,0.9749,299874,3.481e+05,5.4478,6.6509,5.7432,0.958841
ALMA J153702653-33192492,ALMA J153702653-33192492,6,A002_X1020da2_X78cd,35.0098,230.812432,231.272637,244140.6250,460205078.1,181.44,,47.79115,249.21218,8.922743e+15,1.784549e+16,2.102372e+16,1.858252e+16,2.0826,1,2.561780e+16,2.566252e+16,2.532773e+16,2.597502e+16,2772.5104,3.598,139,2.06,,fine,A,4.4431,5.9489,5.0803,False,512,241,0.471735,0.461988,False,231.227227,CO(2-1),689.2268,896.273,star,27.210,3.809,21.224,512,20260825,False,False,,,,1.0242,0.9917,245180,1.726e+05,5.3411,6.5714,5.7429,0.958845
ALMA J153702653-33192492,ALMA J153702653-33192492,6,A002_Xfe62c1_X398,35.0098,232.568217,234.408549,488281.2500,1840332031.2,211.68,,30.99682,161.78904,1.158533e+16,2.317065e+16,2.729728e+16,2.412761e+16,2.0826,1,3.326226e+16,3.332032e+16,3.288563e+16,3.372607e+16,2801.8606,3.598,84,1.215,,fine,A,4.8874,5.8486,5.0844,False,512,55,0.109162,0.118908,False,232.858256,CO(2-1),2320.2561,3017.269,star,26.925,3.770,21.002,512,20260825,False,False,,,,1.0217,1.0008,290290,1.708e+05,5.3565,6.5911,5.7463,0.957940
ALMA J153702653-33192492,ALMA J153702653-33192492,6,A002_Xff0235_X8392,35.0098,232.571598,234.411930,488281.2500,1840332031.2,211.68,,37.84202,197.51648,1.414368e+16,2.828736e+16,3.332527e+16,2.945565e+16,2.0826,1,4.060747e+16,4.067836e+16,4.014768e+16,4.117371e+16,2801.9012,3.598,85,1.215,,fine,A,4.3433,5.8587,6.0308,True,512,385,0.752437,0.766082,False,234.231266,CO(2-1),3693.2657,4802.736,star,26.925,3.769,21.001,512,20260825,False,False,,,,1.0380,1.0026,294060,2.058e+05,5.4393,6.6788,5.7457,0.957946
ALMA J153702653-33192492,ALMA J153702653-33192492,6,A002_Xf8f6a9_X10359,35.0098,232.591057,234.431389,488281.2500,1840332031.2,211.68,,33.96120,177.27326,1.269411e+16,2.538823e+16,2.990980e+16,2.643678e+16,2.0826,1,3.644566e+16,3.650928e+16,3.603299e+16,3.695386e+16,2802.1347,3.598,84,1.215,,fine,A,4.2491,5.8115,5.4222,False,512,445,0.869396,0.900585,False,233.595452,CO(2-1),3057.4515,3975.921,star,26.923,3.769,21.000,512,20260825,False,False,,,,1.0033,0.9959,290290,2.374e+05,5.3549,6.5647,5.7501,0.957877
ALMA J153702653-33192492,ALMA J153702653-33192492,6,A002_X1009c59_X1ba4d,35.0098,232.598096,234.438428,488281.2500,1840332031.2,211.68,21,47.22377,246.47912,1.764978e+16,3.529956e+16,4.158631e+16,3.680809e+16,2.0855,1,5.067372e+16,5.076218e+16,5.009994e+16,5.138031e+16,2802.2191,3.598,86,1.215,0.9986,fine,A,4.9082,5.7166,5.1257,False,512,72,0.142300,0.243665,False,233.938916,CO(2-1),3400.9159,4422.563,star,26.922,3.769,20.999,512,20260825,False,False,,,,1.0363,0.9860,297830,3.31e+05,5.4768,6.6900,5.7436,0.957967
ALMA J153702653-33192492,ALMA J153702653-33192492,6,A002_X1015532_X20dc8,35.0098,232.602291,234.442623,488281.2500,1840332031.2,211.68,,43.27456,225.86586,1.617371e+16,3.234742e+16,3.810841e+16,3.368340e+16,2.0826,1,4.643583e+16,4.651689e+16,4.591004e+16,4.708333e+16,2802.2695,3.598,85,1.215,,fine,A,4.6166,5.9702,5.2590,False,512,196,0.384016,0.288499,False,233.894283,CO(2-1),3356.2831,4364.523,star,26.921,3.769,20.999,512,20260825,False,False,,,,1.0265,0.9945,305370,2.626e+05,5.4316,6.6514,5.7433,0.957970
ALMA J153702653-33192492,ALMA J153702653-33192492,6,A002_X1018459_X73b0,35.0098,232.602684,234.443016,488281.2500,1840332031.2,211.68,,35.83861,187.05487,1.339455e+16,2.678910e+16,3.156017e+16,2.789551e+16,2.0826,1,3.845667e+16,3.852380e+16,3.802122e+16,3.899291e+16,2802.2742,3.598,85,1.215,,fine,A,4.2664,5.9961,5.3439,False,512,438,0.855750,0.832359,False,233.158837,CO(2-1),2620.8365,3408.145,star,26.921,3.769,20.999,512,20260825,False,False,,,,1.0396,0.9938,294060,2.477e+05,5.4541,6.6832,5.7432,0.957971
ALMA J153702653-33192492,ALMA J153702653-33192492,6,A002_X1020da2_X78cd,35.0098,232.605775,234.446107,488281.2500,1840332031.2,181.44,,35.06366,183.00946,1.310487e+16,2.620974e+16,3.087762e+16,2.729222e+16,2.0826,1,3.762497e+16,3.769065e+16,3.719894e+16,3.814961e+16,2802.3113,3.598,71,1.041,,fine,A,4.7607,5.5655,5.4875,False,512,93,0.183236,0.245614,False,232.638978,CO(2-1),2100.9778,2732.119,star,26.921,3.769,20.998,512,20260825,False,False,,,,1.0435,1.0034,241280,1.745e+05,5.4252,6.6740,5.7429,0.957974
ALMA J153702653-33192492,ALMA J153702653-33192492,7,A002_Xd9d7c7_Xbb64,35.0098,333.166882,334.892468,976562.5000,1725585937.5,151.20,,6.75412,43.62993,6.248469e+15,7.361304e+15,1.226884e+16,8.331292e+15,1.3333,2,1.793978e+16,1.797110e+16,1.773665e+16,1.818993e+16,4008.3561,3.598,47,0.6206,,fine,A,4.3286,5.4257,5.3350,False,512,236,0.461988,0.415205,False,333.919812,CO(3-2),-11876.1880,-10296.220,star,18.821,2.635,14.680,512,20260825,False,False,,,,1.0230,1.0156,74256,6.08e+04,5.2037,6.4840,5.7207,0.774023
ALMA J153702653-33192492,ALMA J153702653-33192492,7,A002_Xd9d7c7_Xb3d2,35.0098,333.167010,334.892596,976562.5000,1725585937.5,151.20,25,6.98362,45.11247,6.460791e+15,7.611440e+15,1.268573e+16,8.616572e+15,1.3337,2,1.854937e+16,1.858175e+16,1.833934e+16,1.880802e+16,4008.3576,3.598,46,0.6206,0.9997,fine,A,4.5620,5.7881,5.0846,False,512,94,0.185185,0.245614,False,333.689471,CO(3-2),-12106.5293,-10495.917,star,18.821,2.635,14.680,512,20260825,False,False,,,,1.0037,0.9994,72488,8.102e+04,5.1669,6.4148,5.7207,0.774023
ALMA J153702653-33192492,ALMA J153702653-33192492,7,A002_Xd9d7c7_Xbb64,35.0098,335.058996,336.784582,976562.5000,1725585937.5,151.20,,6.05274,39.21313,5.615917e+15,6.616096e+15,1.102683e+16,7.487889e+15,1.3333,2,1.612368e+16,1.615183e+16,1.594111e+16,1.634851e+16,4031.0615,3.598,47,0.6241,,fine,A,4.2510,5.6036,5.3718,False,512,274,0.536062,0.541910,False,335.627356,CO(3-2),-10168.6442,-8815.842,star,18.715,2.620,14.598,512,20260825,False,False,,,,1.0163,1.0189,72488,5.02e+04,5.1579,6.4431,5.7207,0.771774
ALMA J153702653-33192492,ALMA J153702653-33192492,7,A002_Xd9d7c7_Xb3d2,35.0098,335.059127,336.784712,976562.5000,1725585937.5,151.20,25,6.23653,40.40385,5.786446e+15,6.816996e+15,1.136166e+16,7.717239e+15,1.3337,2,1.661328e+16,1.664228e+16,1.642517e+16,1.684494e+16,4031.0630,3.598,47,0.6241,0.9997,fine,A,4.2803,5.6548,5.9048,True,512,268,0.524366,0.461988,False,336.317916,CO(3-2),-9478.0844,-8217.152,star,18.715,2.620,14.598,512,20260825,False,False,,,,1.0092,1.0256,74256,4.87e+04,5.1510,6.4370,5.7207,0.771774
ALMA J153702653-33192492,ALMA J153702653-33192492,7,A002_Xd9d7c7_Xbb64,35.0098,345.118188,346.843286,488281.2500,1725097656.2,151.20,,6.58911,43.36559,3.105306e+15,6.210612e+15,7.316705e+15,6.467114e+15,2.0826,1,8.915545e+15,8.931108e+15,8.814594e+15,9.039863e+15,4151.7688,3.598,95,1.286,,fine,A,4.3400,5.8839,5.2801,False,512,396,0.773879,0.752437,False,345.225610,CO(3-2),-570.3900,-494.507,star,18.171,2.544,14.173,512,20260825,False,False,,,,1.0150,0.9998,307458,2.28e+05,5.3892,6.6098,5.7207,0.759716
ALMA J153702653-33192492,ALMA J153702653-33192492,7,A002_Xd9d7c7_Xb3d2,35.0098,345.118320,346.843418,488281.2500,1725097656.2,151.20,25,6.80021,44.75501,3.204799e+15,6.409597e+15,7.551129e+15,6.681582e+15,2.0849,1,9.201195e+15,9.217257e+15,9.097010e+15,9.329497e+15,4151.7704,3.598,94,1.286,0.9989,fine,A,4.5357,5.8350,5.6365,False,512,250,0.489279,0.524366,False,345.222324,CO(3-2),-573.6759,-497.356,star,18.171,2.544,14.173,512,20260825,False,False,,,,1.0251,1.0093,289788,1.88e+05,5.4059,6.6446,5.7207,0.759716
ALMA J153702653-33192492,ALMA J153702653-33192492,7,A002_Xd9d7c7_Xbb64,35.0098,346.976241,348.701338,488281.2500,1725097656.2,151.20,,7.37187,48.66110,3.484505e+15,6.969009e+15,8.210171e+15,7.256834e+15,2.0826,1,1.000425e+16,1.002171e+16,9.890972e+15,1.014375e+16,4174.0655,3.598,96,1.293,,fine,A,5.0087,5.6821,6.0963,True,512,34,0.068226,0.087719,False,347.217940,CO(3-2),1421.9398,1232.770,star,18.074,2.530,14.097,512,20260825,True,False,,unattributed,,1.0337,1.0035,310992,2.268e+05,5.4479,6.6822,5.7207,0.757471
ALMA J153702653-33192492,ALMA J153702653-33192492,7,A002_Xd9d7c7_Xb3d2,35.0098,346.976371,348.701468,488281.2500,1725097656.2,151.20,25,7.59836,50.15616,3.591562e+15,7.183124e+15,8.462419e+15,7.488021e+15,2.0849,1,1.031162e+16,1.032962e+16,1.019486e+16,1.045541e+16,4174.0670,3.598,95,1.293,0.9989,fine,A,4.5068,5.7398,5.5049,False,512,283,0.553606,0.545809,False,348.506644,CO(3-2),2710.6441,2350.029,star,18.074,2.530,14.097,512,20260825,False,False,,,,1.0105,1.0143,300390,1.807e+05,5.3733,6.6074,5.7207,0.757470
GJ 2006A,GJ 2006A,7,A002_Xcdb7b8_Xfb16,35.0292,333.150967,334.885342,15625000.0000,1734375000.0,876.96,145,0.40522,2.02860,4.653580e+15,9.307160e+15,1.096474e+16,9.691562e+15,2.0826,1,1.630776e+16,2.280254e+16,2.162232e+16,2.402411e+16,4008.2178,3.598,4,0.225,1.0000,coarse,B,2.2047,4.2906,4.1701,False,512,472,0.922027,0.904483,False,334.650967,CO(3-2),-11145.0334,-9662.335,star,18.822,2.635,14.681,512,20260825,False,False,,,,1.0624,0.9879,336,260.6,4.0527,5.6009,0.3987,0.998757
GJ 2006A,GJ 2006A,7,A002_Xcdb7b8_Xfb16,35.0292,335.046467,336.780842,15625000.0000,1734375000.0,876.96,145,0.35237,1.76405,4.046706e+15,8.093411e+15,9.534826e+15,8.427683e+15,2.0826,1,1.418106e+16,1.982886e+16,1.880255e+16,2.089112e+16,4030.9638,3.598,4,0.2262,1.0000,coarse,B,2.3757,4.6604,4.1355,False,512,422,0.824561,0.879142,False,336.671467,CO(3-2),-9124.5334,-7910.636,star,18.715,2.620,14.598,512,20260825,False,False,,,,1.1050,0.9796,336,300.7,4.1558,5.7208,0.3987,0.998743
GJ 2006A,GJ 2006A,7,A002_Xcdb7b8_Xfb16,35.0292,345.155605,346.880703,488281.2500,1725097656.2,876.96,145,2.21555,11.09253,7.951901e+14,1.590380e+15,1.873622e+15,1.657867e+15,2.0849,1,2.283045e+15,2.287030e+15,2.257194e+15,2.314880e+15,4152.2178,3.598,72,7.457,0.9989,fine,A,4.4060,5.7815,5.5022,False,512,300,0.586745,0.610136,False,345.389004,CO(3-2),-406.9963,-352.851,star,18.169,2.544,14.172,512,20260825,False,False,,,,1.0226,1.0071,250914,1.454e+05,5.3457,6.5900,0.3987,0.998666
GJ 2006A,GJ 2006A,7,A002_Xcdb7b8_Xfb16,35.0292,347.046467,348.780842,15625000.0000,1734375000.0,876.96,145,0.42761,2.14092,4.911230e+15,9.822460e+15,1.157181e+16,1.022814e+16,2.0826,1,1.721066e+16,2.406503e+16,2.281946e+16,2.535422e+16,4174.9638,3.598,4,0.2343,1.0000,coarse,B,2.0703,4.5981,4.0763,False,512,494,0.964912,0.972710,False,348.093342,CO(3-2),2297.3416,1991.711,star,18.070,2.530,14.094,512,20260825,False,False,,,,1.0600,0.9765,336,234,3.9991,5.5437,0.3987,0.998651
TYC 2211-1309-1,TYC 2211-1309-1,7,A002_Xd189ef_X867b,35.4239,333.136009,334.870384,15625000.0000,1734375000.0,1899.07,314,0.45689,2.28450,5.359400e+15,1.071880e+16,1.262779e+16,1.116151e+16,2.0826,1,1.878120e+16,2.626106e+16,2.490184e+16,2.766790e+16,4008.0384,3.598,3,0.4871,1.0000,coarse,B,2.5456,4.3640,4.1629,False,512,278,0.543860,0.551657,False,334.136009,CO(3-2),-11659.9911,-10108.785,star,18.822,2.635,14.681,512,20260825,False,False,,,,1.1280,1.0080,224,135.1,4.0511,5.7092,0.0408,0.999987
TYC 2211-1309-1,TYC 2211-1309-1,7,A002_Xd189ef_X867b,35.4239,335.031509,336.765884,15625000.0000,1734375000.0,1899.07,314,0.39911,1.99559,4.681612e+15,9.363225e+15,1.103079e+16,9.749942e+15,2.0826,1,1.640600e+16,2.293990e+16,2.175257e+16,2.416882e+16,4030.7844,3.598,3,0.4899,1.0000,coarse,B,2.8474,4.8712,4.3614,False,512,178,0.348928,0.345029,False,335.140884,CO(3-2),-10655.1161,-9237.595,star,18.716,2.620,14.599,512,20260825,False,False,,,,1.0651,1.0502,224,109.3,3.9557,5.6129,0.0408,0.999987
TYC 2211-1309-1,TYC 2211-1309-1,7,A002_Xd189ef_X867b,35.4239,345.140648,346.865745,488281.2500,1725097656.2,1391.04,230,2.48676,12.43396,9.115579e+14,1.823116e+15,2.147808e+15,1.900478e+15,2.0849,1,2.617145e+15,2.621713e+15,2.587511e+15,2.653638e+15,4152.0384,3.598,61,11.83,0.9989,fine,A,4.4844,6.1006,5.6116,False,512,222,0.434698,0.378168,False,345.370140,CO(3-2),-425.8602,-369.205,star,18.170,2.544,14.172,512,20260825,False,False,,,,1.0172,0.9953,212040,1.707e+05,5.3300,6.5585,0.0408,0.999986
TYC 2211-1309-1,TYC 2211-1309-1,7,A002_Xd189ef_X867b,35.4239,347.031509,348.765884,15625000.0000,1734375000.0,1899.07,314,0.46172,2.30864,5.416017e+15,1.083203e+16,1.276119e+16,1.127942e+16,2.0826,1,1.897961e+16,2.653848e+16,2.516490e+16,2.796019e+16,4174.7844,3.598,3,0.5074,1.0000,coarse,B,3.2994,3.9673,4.1186,False,512,36,0.072125,0.062378,False,348.531509,CO(3-2),2735.5089,2371.586,star,18.071,2.530,14.095,512,20260825,False,False,,,,1.0219,0.9683,224,183.6,3.8494,5.3742,0.0408,0.999986
HD14055,HD14055,6,A002_Xd09670_X23c5,35.7405,226.359920,228.085018,488281.2500,1725097656.2,1300.32,215,2.11697,10.58485,7.899268e+14,1.579854e+15,1.861221e+15,1.645874e+15,2.0836,1,2.267934e+15,2.271893e+15,2.242254e+15,2.299558e+15,2726.6696,3.598,34,7.261,0.9995,fine,A,3.9924,5.5617,5.3932,False,512,460,0.898635,0.828460,False,227.533260,CO(2-1),-3004.7398,-3907.375,star,27.668,3.873,21.581,512,20260825,False,False,,,,1.0437,0.9859,116622,1.058e+05,5.2858,6.5409,0.0126,0.999999
HD14055,HD14055,6,A002_Xd09670_X23c5,35.7405,229.251147,230.976245,488281.2500,1725097656.2,1300.32,215,2.10325,10.51624,7.848067e+14,1.569613e+15,1.849157e+15,1.635226e+15,2.0836,1,2.253233e+15,2.257167e+15,2.227720e+15,2.284653e+15,2761.3643,3.598,35,7.354,0.9995,fine,A,4.3766,5.4306,5.3851,False,512,204,0.399610,0.424951,False,230.624194,CO(2-1),86.1938,112.087,star,27.320,3.825,21.310,512,20260825,False,False,,,,1.0356,0.9773,120156,1.262e+05,5.2752,6.5140,0.0126,0.999999
HD14055,HD14055,6,A002_Xd09670_X23c5,35.7405,242.247282,243.981657,15625000.0000,1734375000.0,1554.34,257,0.39373,1.96865,4.701334e+15,9.402669e+15,1.107726e+16,9.791011e+15,2.0826,1,1.647511e+16,2.303654e+16,2.184421e+16,2.427064e+16,2917.3736,3.598,3,0.2902,1.0000,coarse,B,2.9963,4.6777,4.0639,False,512,128,0.251462,0.263158,False,243.216032,CS(5-4),-1719.9680,-2105.176,star,25.859,3.620,20.170,512,20260825,False,False,,,,1.0434,1.0181,224,155.9,3.9461,5.5365,0.0126,0.999999
HD14055,HD14055,6,A002_Xd09670_X23c5,35.7405,244.247401,245.981776,15625000.0000,1734375000.0,1554.34,257,0.39628,1.98138,4.731737e+15,9.463474e+15,1.114889e+16,9.854327e+15,2.0826,1,1.658165e+16,2.318551e+16,2.198547e+16,2.442759e+16,2941.3751,3.598,3,0.2926,1.0000,coarse,B,3.1501,4.0558,3.8487,False,512,81,0.159844,0.153996,False,244.888026,CS(5-4),-47.9740,-58.718,star,25.648,3.591,20.006,512,20260825,False,False,,,,1.0248,0.9947,224,159.8,3.8719,5.4282,0.0126,0.999999
HD14055,HD14055,7,A002_X101088d_Xbf80,35.7405,330.353206,332.193538,488281.2500,1840332031.2,2993.76,,35.18650,175.93325,1.312956e+16,2.625912e+16,3.093579e+16,2.734364e+16,2.0826,1,3.769586e+16,3.776166e+16,3.726903e+16,3.822149e+16,3975.2805,3.598,136,24.37,,fine,A,4.5005,6.5805,5.1653,False,512,376,0.734893,0.769981,False,330.501155,CO(3-2),-15294.8449,-13260.070,star,18.977,2.657,14.802,512,20260825,False,False,,,,1.0067,1.0008,508950,4.453e+05,5.4899,6.6851,0.0410,0.999996
HD14055,HD14055,7,A002_X1006d51_X228e,35.7405,330.381315,332.221647,488281.2500,1840332031.2,2993.76,,22.66292,113.31466,8.456454e+15,1.691291e+16,1.992505e+16,1.761142e+16,2.0826,1,2.427906e+16,2.432144e+16,2.400414e+16,2.461760e+16,3975.6178,3.598,136,24.38,,fine,A,4.4945,5.8198,5.3685,False,512,383,0.748538,0.803119,False,331.175748,CO(3-2),-14620.2516,-12675.222,star,18.976,2.657,14.801,512,20260825,False,False,,,,1.0055,1.0099,508950,3.98e+05,5.4915,6.6949,0.0166,0.999999
HD14055,HD14055,7,A002_X1003af4_X14e08,35.7405,330.382391,332.222723,488281.2500,1840332031.2,2993.76,,24.04486,120.22436,8.972112e+15,1.794422e+16,2.114004e+16,1.868533e+16,2.0826,1,2.575954e+16,2.580451e+16,2.546787e+16,2.611874e+16,3975.6307,3.598,136,24.38,,fine,A,4.7346,5.7974,5.3084,False,512,172,0.337232,0.430799,False,331.203680,CO(3-2),-14592.3204,-12651.007,star,18.976,2.657,14.801,512,20260825,False,False,,,,1.0216,1.0165,508950,2.768e+05,5.4872,6.7157,0.0156,0.999999
HD14055,HD14055,7,A002_X1003af4_X3a2c,35.7405,330.383423,332.223755,488281.2500,1840332031.2,2358.72,,23.74367,118.71844,8.859728e+15,1.771946e+16,2.087524e+16,1.845128e+16,2.0826,1,2.543688e+16,2.548129e+16,2.514886e+16,2.579157e+16,3975.6431,3.598,105,19.2,,fine,A,4.7586,5.8900,5.4644,False,512,167,0.327485,0.376218,False,331.096802,CO(3-2),-14699.1979,-12743.666,star,18.976,2.657,14.801,512,20260825,False,False,,,,1.0462,0.9850,392080,5e+05,5.5756,6.7814,0.0147,0.999999
HD14055,HD14055,7,A002_X1001fdc_Xc06e,35.7405,330.384098,332.224430,488281.2500,1840332031.2,2993.76,,20.02572,100.12863,7.472406e+15,1.494481e+16,1.760644e+16,1.556204e+16,2.0826,1,2.145379e+16,2.149124e+16,2.121087e+16,2.175294e+16,3975.6512,3.598,136,24.38,,fine,A,4.5405,5.8503,5.2715,False,512,357,0.697856,0.686160,False,331.377262,CO(3-2),-14418.7377,-12500.517,star,18.976,2.657,14.801,512,20260825,False,False,,,,1.0323,1.0174,508950,2.889e+05,5.5263,6.7603,0.0142,0.999999
HD14055,HD14055,7,A002_X1001fdc_X29ae,35.7405,330.384371,332.224703,488281.2500,1840332031.2,2993.76,,23.20046,116.00237,8.657033e+15,1.731407e+16,2.039765e+16,1.802915e+16,2.0826,1,2.485493e+16,2.489832e+16,2.457350e+16,2.520151e+16,3975.6544,3.598,136,24.38,,fine,A,5.0819,6.2623,6.0374,False,512,51,0.101365,0.044834,False,331.155856,CO(3-2),-14640.1445,-12692.469,star,18.976,2.657,14.801,512,20260825,True,False,,unattributed,,,,,,,,0.0152,0.999999
HD14055,HD14055,7,A002_X1001fdc_X2085,35.7405,330.384586,332.224918,488281.2500,1840332031.2,2993.76,297,20.33971,101.69860,7.589570e+15,1.517914e+16,1.788250e+16,1.584992e+16,2.0884,1,2.179017e+16,2.182821e+16,2.154344e+16,2.209402e+16,3975.6570,3.598,136,24.38,0.9972,fine,A,4.9099,5.7649,5.5427,False,512,85,0.167641,0.111111,False,331.420718,CO(3-2),-14375.2816,-12462.842,star,18.976,2.657,14.801,512,20260825,False,False,,,,1.0050,0.9989,508950,4.087e+05,5.4648,6.6605,0.0137,1.000000
HD14055,HD14055,7,A002_Xfffde1_X9bd6,35.7405,330.385469,332.225801,488281.2500,1840332031.2,2993.76,,9.75372,48.76861,3.639507e+15,7.279014e+15,8.575386e+15,7.579642e+15,2.0826,1,1.044927e+16,1.046751e+16,1.033096e+16,1.059498e+16,3975.6676,3.598,137,24.38,,fine,A,4.5046,5.7340,5.6639,False,512,347,0.678363,0.660819,False,332.146700,CO(3-2),-13649.3003,-11833.443,star,18.976,2.657,14.801,512,20260825,False,False,,,,1.0202,0.9970,512720,3.552e+05,5.4759,6.6838,0.0128,1.000000
HD14055,HD14055,7,A002_Xfffde1_X3835,35.7405,330.385894,332.226226,488281.2500,1840332031.2,2993.76,,26.51850,132.59256,9.895127e+15,1.979025e+16,2.331484e+16,2.060760e+16,2.0826,1,2.840958e+16,2.845918e+16,2.808790e+16,2.880573e+16,3975.6727,3.598,136,24.38,,fine,A,4.3546,5.8185,5.4426,False,512,463,0.904483,0.879142,False,332.034331,CO(3-2),-13761.6689,-11930.863,star,18.976,2.657,14.801,512,20260825,False,False,,,,1.0310,1.0156,508950,3.177e+05,5.5353,6.7644,0.0123,1.000000
HD14055,HD14055,7,A002_Xfff3d8_Xd46,35.7405,330.386622,332.226954,488281.2500,1840332031.2,2993.76,,22.31333,111.56671,8.326008e+15,1.665202e+16,1.961769e+16,1.733976e+16,2.0826,1,2.390454e+16,2.394627e+16,2.363387e+16,2.423786e+16,3975.6815,3.598,136,24.38,,fine,A,5.5750,5.9882,5.6265,False,512,9,0.019493,0.011696,False,331.769922,CO(3-2),-14026.0776,-12160.095,star,18.976,2.657,14.801,512,20260825,True,False,,unattributed,,1.0217,1.0139,508950,3.131e+05,5.5030,6.7260,0.0119,1.000000
HD14055,HD14055,7,A002_Xff99e1_X2c3bb,35.7405,330.386951,332.227283,488281.2500,1840332031.2,2993.76,,23.73887,118.69441,8.857935e+15,1.771587e+16,2.087102e+16,1.844755e+16,2.0826,1,2.543173e+16,2.547613e+16,2.514377e+16,2.578635e+16,3975.6854,3.598,136,24.38,,fine,A,4.6437,6.2858,5.6418,False,512,260,0.508772,0.586745,False,332.138416,CO(3-2),-13657.5842,-11840.625,star,18.976,2.657,14.801,512,20260825,False,False,,,,1.0323,1.0130,508950,3.133e+05,5.5292,6.7580,0.0114,1.000000
HD14055,HD14055,7,A002_Xff99e1_X2b2ee,35.7405,330.387234,332.227566,488281.2500,1840332031.2,2993.76,,31.01795,155.08981,1.157405e+16,2.314811e+16,2.727072e+16,2.410414e+16,2.0826,1,3.322990e+16,3.328790e+16,3.285363e+16,3.369325e+16,3975.6888,3.598,136,24.38,,fine,A,4.4472,6.5090,5.0264,False,512,427,0.834308,0.721248,False,330.476101,CO(3-2),-15319.8986,-13281.791,star,18.976,2.657,14.801,512,20260825,False,False,,,,1.0217,1.0167,508950,3.323e+05,5.5212,6.7440,0.0114,1.000000
HD14055,HD14055,7,A002_Xff99e1_X24be0,35.7405,330.387449,332.227781,488281.2500,1840332031.2,2993.76,,34.95363,174.76821,1.304261e+16,2.608523e+16,3.073094e+16,2.716257e+16,2.0826,1,3.744623e+16,3.751160e+16,3.702223e+16,3.796839e+16,3975.6914,3.598,136,24.38,,fine,A,5.2770,5.6916,5.8173,True,512,17,0.035088,0.013645,False,331.707762,CO(3-2),-14088.2384,-12213.986,star,18.975,2.657,14.801,512,20260825,True,False,,unattributed,,1.0198,0.9965,508950,4.484e+05,5.5153,6.7156,0.0110,1.000000
HD14055,HD14055,7,A002_Xff99e1_X1b0c4,35.7405,330.388286,332.228618,488281.2500,1840332031.2,2993.76,,23.18691,115.93461,8.651976e+15,1.730395e+16,2.038574e+16,1.801862e+16,2.0826,1,2.484041e+16,2.488377e+16,2.455914e+16,2.518679e+16,3975.7014,3.598,136,24.38,,fine,A,4.8288,5.9686,5.5620,False,512,160,0.313840,0.339181,False,330.871684,CO(3-2),-14924.3157,-12938.835,star,18.975,2.657,14.801,512,20260825,False,False,,,,1.0196,1.0100,508950,4.131e+05,5.5368,6.7475,0.0105,1.000000
HD14055,HD14055,7,A002_X107fa96_X9a88,35.7405,330.391113,332.231445,488281.2500,1840332031.2,2993.76,,41.38583,206.92926,1.544273e+16,3.088546e+16,3.638608e+16,3.216105e+16,2.0826,1,4.433713e+16,4.441453e+16,4.383510e+16,4.495537e+16,3975.7354,3.598,136,24.38,,fine,A,4.3236,6.2065,5.6521,False,512,483,0.943470,0.886940,False,330.889649,CO(3-2),-14906.3515,-12923.260,star,18.975,2.657,14.801,512,20260825,False,False,,,,1.0286,0.9854,508950,5.764e+05,5.5537,6.7450,0.0144,0.999999
HD14055,HD14055,7,A002_X107fa96_X150f6,35.7405,330.392117,332.232449,488281.2500,1840332031.2,2993.76,,36.50565,182.52836,1.362174e+16,2.724348e+16,3.209547e+16,2.836865e+16,2.0826,1,3.910894e+16,3.917721e+16,3.866611e+16,3.965428e+16,3975.7474,3.598,136,24.38,,fine,A,4.2403,6.1740,5.1772,False,512,484,0.945419,0.990253,False,330.577175,CO(3-2),-15218.8246,-13194.163,star,18.975,2.657,14.801,512,20260825,False,False,,,,1.0282,0.9923,508950,4.829e+05,5.5400,6.7404,0.0139,0.999999
HD14055,HD14055,7,A002_X1086384_X10bc1,35.7405,330.395189,332.235521,488281.2500,1840332031.2,2993.76,,14.06612,70.33062,5.248638e+15,1.049728e+16,1.236681e+16,1.093082e+16,2.0826,1,1.506920e+16,1.509550e+16,1.489857e+16,1.527932e+16,3975.7843,3.598,136,24.38,,fine,A,4.4871,5.9080,5.3312,False,512,343,0.670565,0.732943,False,331.694017,CO(3-2),-14101.9829,-12225.902,star,18.975,2.657,14.801,512,20260825,False,False,,,,1.0209,0.9962,508950,3.639e+05,5.4800,6.6871,0.0123,1.000000
HD14055,HD14055,7,A002_X1088045_X3c7b,35.7405,330.395770,332.236103,488281.2500,1840332031.2,2993.76,,26.87554,134.37777,1.002835e+16,2.005671e+16,2.362875e+16,2.088506e+16,2.0826,1,2.879209e+16,2.884235e+16,2.846607e+16,2.919356e+16,3975.7912,3.598,136,24.38,,fine,A,4.7447,5.9010,4.8417,False,512,185,0.362573,0.348928,False,331.096454,CO(3-2),-14699.5459,-12743.968,star,18.975,2.657,14.801,512,20260825,False,False,,,,1.0202,1.0092,508950,3.441e+05,5.5033,6.7195,0.0121,1.000000
HD14055,HD14055,7,A002_X101088d_Xbf80,35.7405,332.251331,334.079456,15625000.0000,1828125000.0,2993.76,,4.91340,24.56709,5.866863e+16,1.173373e+17,1.382347e+17,1.221834e+17,2.0826,1,2.055953e+17,2.874763e+17,2.725970e+17,3.028768e+17,3997.9847,3.598,6,0.766,,coarse,B,2.4857,4.3530,4.2264,False,512,422,0.824561,0.769981,False,332.313831,CO(3-2),-13482.1687,-11688.546,star,18.870,2.642,14.718,512,20260825,False,False,,,,1.1016,0.9732,590,384.7,4.1966,5.7389,0.0410,0.999996
HD14055,HD14055,7,A002_X1006d51_X228e,35.7405,332.279023,334.107148,15625000.0000,1828125000.0,2993.76,,3.28239,16.41198,3.919343e+16,7.838686e+16,9.234734e+16,8.162429e+16,2.0826,1,1.373474e+17,1.920478e+17,1.821077e+17,2.023361e+17,3998.3170,3.598,6,0.7661,,coarse,B,3.5215,4.2712,4.0756,False,512,28,0.056530,0.064327,False,333.075898,CO(3-2),-12720.1024,-11027.863,star,18.868,2.642,14.717,512,20260825,False,False,,,,1.0259,0.9623,590,422.8,4.0435,5.5160,0.0166,0.999999
HD14055,HD14055,7,A002_X1003af4_X14e08,35.7405,332.280082,334.108207,15625000.0000,1828125000.0,2993.76,,3.49249,17.46247,4.170210e+16,8.340421e+16,9.825827e+16,8.684886e+16,2.0826,1,1.461387e+17,2.043403e+17,1.937640e+17,2.152871e+17,3998.3297,3.598,6,0.7661,,coarse,B,2.3170,4.6082,3.0483,False,512,469,0.916179,0.962963,False,332.545707,CO(3-2),-13250.2926,-11487.518,star,18.868,2.642,14.717,512,20260825,False,False,,,,1.0713,0.9573,590,414.8,4.1209,5.6243,0.0156,0.999999
HD14055,HD14055,7,A002_X1003af4_X3a2c,35.7405,332.281107,334.109232,15625000.0000,1828125000.0,2358.72,,3.48508,17.42540,4.161356e+16,8.322712e+16,9.804964e+16,8.666446e+16,2.0826,1,1.458284e+17,2.039064e+17,1.933526e+17,2.148300e+17,3998.3420,3.598,5,0.6036,,coarse,B,2.9912,5.0299,4.0200,False,512,185,0.362573,0.317739,False,332.343607,CO(3-2),-13452.3933,-11662.732,star,18.868,2.642,14.717,512,20260825,False,False,,,,1.0072,0.9803,472,343.6,3.9937,5.4778,0.0147,0.999999
HD14055,HD14055,7,A002_X1001fdc_Xc06e,35.7405,332.281782,334.109907,15625000.0000,1828125000.0,2993.76,,2.96336,14.81679,3.538395e+16,7.076791e+16,8.337147e+16,7.369067e+16,2.0826,1,1.239977e+17,1.733814e+17,1.644075e+17,1.826697e+17,3998.3501,3.598,6,0.7661,,coarse,B,2.6295,4.3366,3.5181,False,512,346,0.676413,0.723197,False,333.031782,CO(3-2),-12764.2182,-11066.109,star,18.868,2.642,14.717,512,20260825,False,False,,,,1.0441,0.9380,590,511.2,4.0747,5.5319,0.0142,0.999999
HD14055,HD14055,7,A002_X1001fdc_X29ae,35.7405,332.282055,334.110180,15625000.0000,1828125000.0,2993.76,,3.40250,17.01252,4.062756e+16,8.125511e+16,9.572643e+16,8.461101e+16,2.0826,1,1.423731e+17,1.990750e+17,1.887713e+17,2.097398e+17,3998.3534,3.598,6,0.7661,,coarse,B,2.8392,4.4737,3.8370,False,512,238,0.465887,0.335283,False,333.828930,CO(3-2),-11967.0703,-10375.011,star,18.868,2.642,14.717,512,20260825,False,False,,,,,,,,,,0.0211,0.999999
HD14055,HD14055,7,A002_X1001fdc_X2085,35.7405,332.282269,334.110394,15625000.0000,1828125000.0,2993.76,297,2.96010,14.80050,3.534504e+16,7.069008e+16,8.327979e+16,7.360983e+16,2.0826,1,1.238613e+17,1.731907e+17,1.642267e+17,1.824688e+17,3998.3560,3.598,6,0.7661,1.0000,coarse,B,3.0587,4.2888,3.4608,False,512,137,0.269006,0.231969,False,333.891644,CO(3-2),-11904.3559,-10320.640,star,18.868,2.642,14.717,512,20260825,False,False,,,,1.0001,0.9512,590,436,3.9754,5.4188,0.0137,1.000000
HD14055,HD14055,7,A002_Xfffde1_X9bd6,35.7405,332.283153,334.111278,15625000.0000,1828125000.0,2993.76,,1.44825,7.24123,1.729278e+16,3.458555e+16,4.074514e+16,3.601396e+16,2.0826,1,6.059990e+16,8.473460e+16,8.034889e+16,8.927395e+16,3998.3666,3.598,6,0.7661,,coarse,B,2.4602,4.5655,4.0903,False,512,412,0.805068,0.842105,False,332.798778,CO(3-2),-12997.2222,-11268.115,star,18.868,2.642,14.717,512,20260825,False,False,,,,0.9879,0.9546,590,421.8,3.9499,5.3887,0.0128,1.000000
HD14055,HD14055,7,A002_Xfffde1_X3835,35.7405,332.283577,334.111702,15625000.0000,1828125000.0,2993.76,,3.94378,19.71891,4.709070e+16,9.418140e+16,1.109548e+17,9.807116e+16,2.0826,1,1.650222e+17,2.307444e+17,2.188015e+17,2.431057e+17,3998.3717,3.598,6,0.7661,,coarse,B,3.1689,4.1810,3.3600,False,512,77,0.152047,0.122807,False,334.111702,CO(3-2),-11684.2979,-10129.858,star,18.868,2.641,14.717,512,20260825,False,False,,,,0.9766,0.9532,590,372.6,3.8961,5.3324,0.0123,1.000000
HD14055,HD14055,7,A002_Xfff3d8_Xd46,35.7405,332.284305,334.112430,15625000.0000,1828125000.0,2993.76,,3.65443,18.27216,4.363571e+16,8.727141e+16,1.028142e+17,9.087578e+16,2.0826,1,1.529147e+17,2.138150e+17,2.027483e+17,2.252693e+17,3998.3804,3.598,6,0.7661,,coarse,B,3.1213,4.5569,4.3920,False,512,143,0.280702,0.417154,False,333.518680,CO(3-2),-12277.3199,-10643.986,star,18.868,2.641,14.717,512,20260825,False,False,,,,1.0053,0.9983,590,365.6,4.0407,5.5331,0.0119,1.000000
HD14055,HD14055,7,A002_Xff99e1_X2c3bb,35.7405,332.284634,334.112759,15625000.0000,1828125000.0,2993.76,,3.49852,17.49259,4.177402e+16,8.354804e+16,9.842771e+16,8.699863e+16,2.0826,1,1.463907e+17,2.046927e+17,1.940982e+17,2.156584e+17,3998.3844,3.598,6,0.7661,,coarse,B,2.8904,4.0433,3.4024,False,512,204,0.399610,0.409357,False,332.862759,CO(3-2),-12933.2406,-11212.646,star,18.868,2.641,14.717,512,20260825,False,False,,,,1.0623,0.9370,590,488.2,4.0994,5.5718,0.0114,1.000000
HD14055,HD14055,7,A002_Xff99e1_X2b2ee,35.7405,332.284918,334.113043,15625000.0000,1828125000.0,2993.76,,4.45770,22.28853,5.322720e+16,1.064544e+17,1.254136e+17,1.108510e+17,2.0826,1,1.865266e+17,2.608133e+17,2.473140e+17,2.747854e+17,3998.3878,3.598,6,0.7661,,coarse,B,2.6489,4.6545,3.4626,False,512,346,0.676413,0.575049,False,334.003668,CO(3-2),-11792.3323,-10223.520,star,18.868,2.641,14.717,512,20260825,False,False,,,,0.9750,1.0103,590,261,3.9244,5.4234,0.0114,1.000000
HD14055,HD14055,7,A002_Xff99e1_X24be0,35.7405,332.285133,334.113258,15625000.0000,1828125000.0,2993.76,,4.96073,24.80368,5.923362e+16,1.184672e+17,1.395659e+17,1.233600e+17,2.0826,1,2.075752e+17,2.902448e+17,2.752222e+17,3.057936e+17,3998.3903,3.598,6,0.7661,,coarse,B,3.0416,4.5168,3.4972,False,512,137,0.269006,0.235867,False,332.597633,CO(3-2),-13198.3673,-11442.501,star,18.868,2.641,14.717,512,20260825,False,False,,,,1.0407,0.9234,590,537.6,4.0490,5.4900,0.0110,1.000000
HD14055,HD14055,7,A002_Xff99e1_X1b0c4,35.7405,332.285969,334.114094,15625000.0000,1828125000.0,2993.76,,3.42782,17.13910,4.092986e+16,8.185973e+16,9.643872e+16,8.524059e+16,2.0826,1,1.434325e+17,2.005563e+17,1.901759e+17,2.113004e+17,3998.4004,3.598,6,0.7661,,coarse,B,2.6433,4.7224,3.8316,False,512,347,0.678363,0.621832,False,333.067219,CO(3-2),-12728.7806,-11035.386,star,18.868,2.641,14.717,512,20260825,False,False,,,,1.0165,1.0008,590,304.2,4.0244,5.5381,0.0105,1.000000
HD14055,HD14055,7,A002_X107fa96_X9a88,35.7405,332.288637,334.116762,15625000.0000,1828125000.0,2993.76,,5.96618,29.83090,7.123911e+16,1.424782e+17,1.678532e+17,1.483627e+17,2.0826,1,2.496466e+17,3.490717e+17,3.310043e+17,3.677719e+17,3998.4324,3.598,6,0.7661,,coarse,B,2.6794,4.3416,3.9297,False,512,345,0.674464,0.614035,False,332.554262,CO(3-2),-13241.7381,-11480.102,star,18.868,2.641,14.717,512,20260825,False,False,,,,1.0951,0.9596,590,442.8,4.1897,5.7086,0.0144,0.999999
HD14055,HD14055,7,A002_X107fa96_X150f6,35.7405,332.289640,334.117765,15625000.0000,1828125000.0,2993.76,,5.03064,25.15322,6.006837e+16,1.201367e+17,1.415328e+17,1.250985e+17,2.0826,1,2.105005e+17,2.943350e+17,2.791007e+17,3.101030e+17,3998.4444,3.598,6,0.7661,,coarse,B,3.3339,4.7310,3.4416,False,512,100,0.196881,0.146199,False,332.664640,CO(3-2),-13131.3597,-11384.408,star,18.868,2.641,14.717,512,20260825,False,False,,,,1.0813,0.9721,590,407.5,4.1671,5.6900,0.0139,0.999999
HD14055,HD14055,7,A002_X1086384_X10bc1,35.7405,332.292691,334.120816,15625000.0000,1828125000.0,2993.76,,2.11081,10.55403,2.520406e+16,5.040813e+16,5.938567e+16,5.249002e+16,2.0826,1,8.832380e+16,1.234999e+17,1.171078e+17,1.301160e+17,3998.4810,3.598,6,0.7661,,coarse,B,2.8268,4.6053,3.6784,False,512,266,0.520468,0.643275,False,332.402066,CO(3-2),-13393.9343,-11612.050,star,18.867,2.641,14.717,512,20260825,False,False,,,,1.0075,0.9735,590,426.1,4.0305,5.4972,0.0123,1.000000
HD14055,HD14055,7,A002_X1088045_X3c7b,35.7405,332.293264,334.121389,15625000.0000,1828125000.0,2993.76,,3.84707,19.23533,4.593587e+16,9.187174e+16,1.082338e+17,9.566610e+16,2.0826,1,1.609753e+17,2.250858e+17,2.134357e+17,2.371439e+17,3998.4879,3.598,6,0.7661,,coarse,B,2.2628,4.5919,2.9654,False,512,490,0.957115,0.939571,False,333.793264,CO(3-2),-12002.7365,-10405.933,star,18.867,2.641,14.716,512,20260825,False,False,,,,1.0904,0.9832,590,450.2,4.2321,5.7640,0.0121,1.000000
HD14055,HD14055,7,A002_X101088d_Xbf80,35.7405,342.300284,344.128409,15625000.0000,1828125000.0,2993.76,,4.50712,22.53572,5.381752e+16,1.076350e+17,1.268046e+17,1.120804e+17,2.0826,1,1.885953e+17,2.637059e+17,2.500569e+17,2.778330e+17,4118.5722,3.598,6,0.7891,,coarse,B,2.5779,4.7593,3.5110,False,512,394,0.769981,0.769981,False,343.003409,CO(3-2),-2792.5914,-2421.074,star,18.317,2.564,14.287,512,20260825,False,False,,,,0.9788,0.9874,590,438,4.0066,5.4607,0.0410,0.999995
HD14055,HD14055,7,A002_X1006d51_X228e,35.7405,342.328810,344.156935,15625000.0000,1828125000.0,2993.76,,3.21563,16.07814,3.839619e+16,7.679237e+16,9.046888e+16,7.996395e+16,2.0826,1,1.345536e+17,1.881413e+17,1.784035e+17,1.982203e+17,4118.9145,3.598,6,0.7892,,coarse,B,3.2448,4.5383,3.4781,False,512,92,0.181287,0.126706,False,342.781935,CO(3-2),-3014.0648,-2613.084,star,18.316,2.564,14.286,512,20260825,False,False,,,,0.9889,0.9567,590,400.2,3.9443,5.3884,0.0166,0.999999
HD14055,HD14055,7,A002_X1003af4_X14e08,35.7405,342.329902,344.158027,15625000.0000,1828125000.0,2993.76,,3.40809,17.04044,4.069424e+16,8.138847e+16,9.588354e+16,8.474987e+16,2.0826,1,1.426068e+17,1.994018e+17,1.890811e+17,2.100840e+17,4118.9276,3.598,6,0.7892,,coarse,B,2.7429,4.6264,3.4655,False,512,317,0.619883,0.497076,False,343.845527,CO(3-2),-1950.4731,-1690.989,star,18.316,2.564,14.286,512,20260825,False,False,,,,1.1117,0.9671,590,448.2,4.2420,5.7781,0.0156,0.999999
HD14055,HD14055,7,A002_X1003af4_X3a2c,35.7405,342.330943,344.159068,15625000.0000,1828125000.0,2358.72,,3.76685,18.83425,4.497803e+16,8.995607e+16,1.059770e+17,9.367132e+16,2.0826,1,1.576187e+17,2.203924e+17,2.089852e+17,2.321991e+17,4118.9401,3.598,5,0.6218,,coarse,B,3.4236,4.2127,3.5457,False,512,59,0.116959,0.074074,False,343.846568,CO(3-2),-1949.4321,-1690.086,star,18.316,2.564,14.286,512,20260825,False,False,,,,0.9836,0.9905,472,319.4,3.9497,5.4280,0.0147,0.999999
HD14055,HD14055,7,A002_X1001fdc_Xc06e,35.7405,342.331618,344.159743,15625000.0000,1828125000.0,2993.76,,2.95213,14.76067,3.524994e+16,7.049987e+16,8.305570e+16,7.341156e+16,2.0826,1,1.235280e+17,1.727247e+17,1.637848e+17,1.819778e+17,4118.9482,3.598,6,0.7892,,coarse,B,3.2030,4.7781,4.5821,False,512,133,0.261209,0.282651,False,342.800368,CO(3-2),-2995.6320,-2597.103,star,18.316,2.564,14.286,512,20260825,False,False,,,,1.0279,0.9733,590,475.2,4.0969,5.5723,0.0142,0.999999
HD14055,HD14055,7,A002_X1001fdc_X29ae,35.7405,342.331891,344.160016,15625000.0000,1828125000.0,2993.76,,3.29252,16.46260,3.931429e+16,7.862859e+16,9.263212e+16,8.187600e+16,2.0826,1,1.377710e+17,1.926400e+17,1.826693e+17,2.029600e+17,4118.9514,3.598,6,0.7892,,coarse,B,2.8251,4.2850,3.7227,False,512,279,0.545809,0.610136,False,343.706891,CO(3-2),-2089.1092,-1811.181,star,18.316,2.564,14.286,512,20260825,False,False,,,,,,,,,,0.0000,1.000000
HD14055,HD14055,7,A002_X1001fdc_X2085,35.7405,342.332105,344.160230,15625000.0000,1828125000.0,2993.76,297,2.89891,14.49455,3.461440e+16,6.922880e+16,8.155826e+16,7.208821e+16,2.0826,1,1.213009e+17,1.696106e+17,1.608318e+17,1.786968e+17,4118.9540,3.598,6,0.7892,1.0000,coarse,B,2.5820,5.3254,3.1613,False,512,378,0.738791,0.717349,False,343.785230,CO(3-2),-2010.7697,-1743.264,star,18.315,2.564,14.286,512,20260825,False,False,,,,1.0779,0.9475,590,492.9,4.1550,5.6459,0.0137,0.999999
HD14055,HD14055,7,A002_Xfffde1_X9bd6,35.7405,342.332989,344.161114,15625000.0000,1828125000.0,2993.76,,1.52490,7.62450,1.820805e+16,3.641610e+16,4.290170e+16,3.792010e+16,2.0826,1,6.380733e+16,8.921943e+16,8.460159e+16,9.399905e+16,4118.9646,3.598,6,0.7892,,coarse,B,3.1988,4.2919,3.6779,False,512,106,0.208577,0.241715,False,343.192364,CO(3-2),-2603.6360,-2257.257,star,18.315,2.564,14.286,512,20260825,False,False,,,,1.0445,0.9929,590,338.3,4.0902,5.6125,0.0128,1.000000
HD14055,HD14055,7,A002_Xfffde1_X3835,35.7405,342.333413,344.161538,15625000.0000,1828125000.0,2993.76,,4.42057,22.10286,5.278381e+16,1.055676e+17,1.243689e+17,1.099276e+17,2.0826,1,1.849728e+17,2.586407e+17,2.452539e+17,2.724964e+17,4118.9697,3.598,6,0.7892,,coarse,B,2.9432,4.2885,3.5294,False,512,178,0.348928,0.341131,False,343.755288,CO(3-2),-2040.7117,-1769.222,star,18.315,2.564,14.286,512,20260825,False,False,,,,1.0365,0.9142,590,601.9,4.0466,5.4716,0.0123,1.000000
HD14055,HD14055,7,A002_Xfff3d8_Xd46,35.7405,342.334141,344.162266,15625000.0000,1828125000.0,2993.76,,3.51428,17.57140,4.196223e+16,8.392445e+16,9.887117e+16,8.739059e+16,2.0826,1,1.470502e+17,2.056149e+17,1.949726e+17,2.166300e+17,4118.9784,3.598,6,0.7892,,coarse,B,3.0852,4.5613,3.8497,False,512,163,0.319688,0.331384,False,343.427891,CO(3-2),-2368.1087,-2053.063,star,18.315,2.564,14.286,512,20260825,False,False,,,,0.9905,1.0031,590,365,4.0202,5.5053,0.0119,1.000000
HD14055,HD14055,7,A002_Xff99e1_X2c3bb,35.7405,342.334471,344.162596,15625000.0000,1828125000.0,2993.76,,3.45511,17.27554,4.125568e+16,8.251137e+16,9.720642e+16,8.591915e+16,2.0826,1,1.445743e+17,2.021529e+17,1.916898e+17,2.129825e+17,4118.9824,3.598,6,0.7892,,coarse,B,3.0172,4.3984,3.7118,False,512,190,0.372320,0.413255,False,342.662596,CO(3-2),-3133.4044,-2716.547,star,18.315,2.564,14.286,512,20260825,False,False,,,,1.1311,0.9374,590,615.6,4.2965,5.8063,0.0114,1.000000
HD14055,HD14055,7,A002_Xff99e1_X2b2ee,35.7405,342.334754,344.162879,15625000.0000,1828125000.0,2993.76,,4.19517,20.97588,5.009246e+16,1.001849e+17,1.180276e+17,1.043226e+17,2.0826,1,1.755414e+17,2.454530e+17,2.327488e+17,2.586023e+17,4118.9858,3.598,6,0.7892,,coarse,B,2.9829,4.0269,3.4334,False,512,182,0.356725,0.202729,False,342.506629,CO(3-2),-3289.3711,-2851.764,star,18.315,2.564,14.286,512,20260825,False,False,,,,0.9958,0.9282,590,524.7,3.9610,5.3740,0.0114,1.000000
HD14055,HD14055,7,A002_Xff99e1_X24be0,35.7405,342.334969,344.163094,15625000.0000,1828125000.0,2993.76,,4.61953,23.09768,5.515952e+16,1.103190e+17,1.299666e+17,1.148753e+17,2.0826,1,1.932982e+17,2.702817e+17,2.562924e+17,2.847610e+17,4118.9884,3.598,6,0.7892,,coarse,B,2.5475,4.8860,2.9357,False,512,397,0.775828,0.828460,False,343.053719,CO(3-2),-2742.2812,-2377.457,star,18.315,2.564,14.286,512,20260825,False,False,,,,1.0675,0.9755,590,365.1,4.1197,5.6415,0.0110,1.000000
HD14055,HD14055,7,A002_Xff99e1_X1b0c4,35.7405,342.335806,344.163931,15625000.0000,1828125000.0,2993.76,,3.36819,16.84096,4.021788e+16,8.043575e+16,9.476114e+16,8.375781e+16,2.0826,1,1.409374e+17,1.970676e+17,1.868677e+17,2.076248e+17,4118.9984,3.598,6,0.7892,,coarse,B,3.0675,4.6356,3.6261,False,512,165,0.323587,0.409357,False,343.320181,CO(3-2),-2475.8194,-2146.445,star,18.315,2.564,14.286,512,20260825,False,False,,,,0.9739,0.9484,590,533.3,3.9613,5.3722,0.0105,1.000000
HD14055,HD14055,7,A002_X107fa96_X9a88,35.7405,342.338793,344.166918,15625000.0000,1828125000.0,2983.68,,5.58087,27.90436,6.663835e+16,1.332767e+17,1.570129e+17,1.387811e+17,2.0826,1,2.335240e+17,3.265279e+17,3.096274e+17,3.440205e+17,4119.0343,3.598,6,0.7866,,coarse,B,3.0903,4.9800,3.5430,False,512,156,0.306043,0.339181,False,343.901293,CO(3-2),-1894.7069,-1642.641,star,18.315,2.564,14.286,512,20260825,False,False,,,,1.0291,0.9754,590,382.9,4.0535,5.5438,0.0144,0.999999
HD14055,HD14055,7,A002_X107fa96_X150f6,35.7405,342.339796,344.167921,15625000.0000,1828125000.0,2993.76,,4.77762,23.88812,5.704717e+16,1.140943e+17,1.344142e+17,1.188065e+17,2.0826,1,1.999131e+17,2.795311e+17,2.650631e+17,2.945060e+17,4119.0463,3.598,6,0.7892,,coarse,B,2.8249,5.1693,3.1654,False,512,225,0.440546,0.446394,False,343.652296,CO(3-2),-2143.7035,-1858.512,star,18.315,2.564,14.286,512,20260825,False,False,,,,1.0142,0.9290,590,467.3,3.9745,5.4081,0.0139,0.999999
HD14055,HD14055,7,A002_X1086384_X10bc1,35.7405,342.342890,344.171015,15625000.0000,1828125000.0,2993.76,,2.09771,10.48853,2.504764e+16,5.009529e+16,5.901712e+16,5.216426e+16,2.0826,1,8.777565e+16,1.227335e+17,1.163810e+17,1.293085e+17,4119.0834,3.598,6,0.7892,,coarse,B,2.8796,4.3177,3.8577,False,512,206,0.403509,0.374269,False,342.561640,CO(3-2),-3234.3595,-2804.071,star,18.315,2.564,14.286,512,20260825,False,False,,,,1.0867,0.9426,590,445.3,4.1391,5.6389,0.0123,1.000000
HD14055,HD14055,7,A002_X1088045_X3c7b,35.7405,342.343481,344.171606,15625000.0000,1828125000.0,2993.76,,3.76530,18.82651,4.495957e+16,8.991913e+16,1.059335e+17,9.363285e+16,2.0826,1,1.575540e+17,2.203019e+17,2.088994e+17,2.321038e+17,4119.0905,3.598,6,0.7892,,coarse,B,2.3113,4.2945,3.3646,False,512,463,0.904483,0.951267,False,342.374731,CO(3-2),-3421.2694,-2966.115,star,18.315,2.564,14.286,512,20260825,False,False,,,,0.9365,0.9773,590,354.1,3.8523,5.2796,0.0121,1.000000
HD14055,HD14055,7,A002_X101088d_Xbf80,35.7405,344.186202,346.026534,488281.2500,1840332031.2,2993.76,,28.99734,144.98739,1.082013e+16,2.164026e+16,2.549433e+16,2.253402e+16,2.0826,1,3.106533e+16,3.111956e+16,3.071358e+16,3.149850e+16,4141.2764,3.598,142,25.39,,fine,A,4.4157,6.4810,5.1413,False,512,444,0.867446,0.941520,False,345.135909,CO(3-2),-660.0909,-572.275,star,18.217,2.550,14.209,512,20260825,False,False,,,,1.0438,1.0120,531570,4.014e+05,5.6032,6.8305,0.0410,0.999995
HD14055,HD14055,7,A002_X1006d51_X228e,35.7405,344.214311,346.054643,488281.2500,1840332031.2,2993.76,,20.84250,104.21258,7.777184e+15,1.555437e+16,1.832456e+16,1.619677e+16,2.0826,1,2.232882e+16,2.236780e+16,2.207600e+16,2.264018e+16,4141.6137,3.598,141,25.39,,fine,A,4.6545,5.9201,5.3424,False,512,248,0.485380,0.458090,False,345.352495,CO(3-2),-443.5054,-384.503,star,18.215,2.550,14.208,512,20260825,False,False,,,,1.0328,1.0056,527800,3.548e+05,5.5332,6.7539,0.0166,0.999999
HD14055,HD14055,7,A002_X1003af4_X14e08,35.7405,344.215387,346.055719,488281.2500,1840332031.2,2993.76,,22.29685,111.48431,8.319859e+15,1.663972e+16,1.960320e+16,1.732695e+16,2.0826,1,2.388688e+16,2.392858e+16,2.361641e+16,2.421996e+16,4141.6266,3.598,141,25.39,,fine,A,4.5058,6.1428,5.3764,False,512,390,0.762183,0.805068,False,344.603082,CO(3-2),-1192.9180,-1034.216,star,18.215,2.550,14.208,512,20260825,False,False,,,,1.0353,0.9820,527800,7.593e+05,5.6115,6.7966,0.0156,0.999999
HD14055,HD14055,7,A002_X1003af4_X3a2c,35.7405,344.216419,346.056751,488281.2500,1840332031.2,2358.72,,24.62156,123.10788,9.187303e+15,1.837461e+16,2.164707e+16,1.913349e+16,2.0826,1,2.637737e+16,2.642342e+16,2.607870e+16,2.674518e+16,4141.6390,3.598,109,20.01,,fine,A,4.5259,5.6793,5.3991,False,512,316,0.617934,0.690058,False,345.055775,CO(3-2),-740.2252,-641.748,star,18.215,2.550,14.208,512,20260825,False,False,,,,1.0378,1.0111,407160,2.553e+05,5.5013,6.7388,0.0147,0.999999
HD14055,HD14055,7,A002_X1001fdc_Xc06e,35.7405,344.217094,346.057426,488281.2500,1840332031.2,2993.76,,19.50620,97.53108,7.278556e+15,1.455711e+16,1.714969e+16,1.515833e+16,2.0826,1,2.089723e+16,2.093371e+16,2.066061e+16,2.118862e+16,4141.6471,3.598,141,25.39,,fine,A,4.8635,5.8729,5.2567,False,512,122,0.239766,0.233918,False,345.661919,CO(3-2),-134.0813,-116.244,star,18.215,2.550,14.208,512,20260825,False,False,,,,1.0351,0.9969,527800,4.697e+05,5.5664,6.7746,0.0142,0.999999
HD14055,HD14055,7,A002_X1001fdc_X29ae,35.7405,344.217367,346.057699,488281.2500,1840332031.2,2993.76,,21.53870,107.69354,8.036961e+15,1.607392e+16,1.893664e+16,1.673779e+16,2.0826,1,2.307466e+16,2.311494e+16,2.281339e+16,2.339642e+16,4141.6504,3.598,142,25.39,,fine,A,4.7511,5.7744,5.1187,False,512,166,0.325536,0.360624,False,345.171469,CO(3-2),-624.5311,-541.446,star,18.215,2.550,14.208,512,20260825,False,False,,,,,,,,,,0.0114,1.000000
HD14055,HD14055,7,A002_X1001fdc_X2085,35.7405,344.217582,346.057914,488281.2500,1840332031.2,2993.76,297,19.10649,95.53251,7.129407e+15,1.425881e+16,1.679827e+16,1.489244e+16,2.0889,1,2.046901e+16,2.050474e+16,2.023724e+16,2.075443e+16,4141.6530,3.598,141,25.39,0.9970,fine,A,4.7801,6.6714,5.6465,False,512,179,0.350877,0.251462,False,345.234183,CO(3-2),-561.8167,-487.074,star,18.215,2.550,14.208,512,20260825,False,False,,,,1.0299,0.9915,527800,5.534e+05,5.5668,6.7637,0.0137,0.999999
HD14055,HD14055,7,A002_Xfffde1_X9bd6,35.7405,344.218465,346.058797,488281.2500,1840332031.2,2993.76,,9.88233,49.41165,3.687496e+15,7.374992e+15,8.688458e+15,7.679584e+15,2.0826,1,1.058705e+16,1.060553e+16,1.046718e+16,1.073468e+16,4141.6636,3.598,142,25.39,,fine,A,4.2004,5.8705,5.4558,False,512,499,0.974659,0.955166,False,345.492391,CO(3-2),-303.6088,-263.218,star,18.215,2.550,14.208,512,20260825,False,False,,,,1.0358,0.9849,531570,5.903e+05,5.5765,6.7711,0.0128,1.000000
HD14055,HD14055,7,A002_Xfffde1_X3835,35.7405,344.218890,346.059222,488281.2500,1840332031.2,2993.76,,24.92703,124.63519,9.301284e+15,1.860257e+16,2.191563e+16,1.937087e+16,2.0826,1,2.670462e+16,2.675124e+16,2.640224e+16,2.707699e+16,4141.6687,3.598,142,25.39,,fine,A,5.1773,6.5608,5.7630,False,512,34,0.068226,0.050682,False,345.009905,CO(3-2),-786.0946,-681.515,star,18.215,2.550,14.208,512,20260825,True,False,,unattributed,,1.0193,0.9915,531570,5.137e+05,5.5244,6.7173,0.0123,1.000000
HD14055,HD14055,7,A002_Xfff3d8_Xd46,35.7405,344.219618,346.059950,488281.2500,1840332031.2,2993.76,,20.48207,102.41041,7.642691e+15,1.528538e+16,1.800767e+16,1.591668e+16,2.0826,1,2.194269e+16,2.198099e+16,2.169423e+16,2.224866e+16,4141.6774,3.598,141,25.39,,fine,A,4.8996,6.0005,5.3029,False,512,101,0.198830,0.206628,False,344.610243,CO(3-2),-1185.7572,-1028.008,star,18.215,2.550,14.208,512,20260825,False,False,,,,1.0349,0.9874,527800,5.715e+05,5.5748,6.7712,0.0119,1.000000
HD14055,HD14055,7,A002_Xff99e1_X2c3bb,35.7405,344.219947,346.060279,488281.2500,1840332031.2,2993.76,,22.36003,111.80018,8.343431e+15,1.668686e+16,1.965875e+16,1.737604e+16,2.0826,1,2.395456e+16,2.399638e+16,2.368332e+16,2.428858e+16,4141.6814,3.598,142,25.39,,fine,A,5.1861,5.6573,5.3005,False,512,29,0.058480,0.058480,False,345.525611,CO(3-2),-270.3888,-234.417,star,18.215,2.550,14.208,512,20260825,True,False,,unattributed,,0.9962,0.9953,531570,4.985e+05,5.4662,6.6485,0.0114,1.000000
HD14055,HD14055,7,A002_Xff99e1_X2b2ee,35.7405,344.220230,346.060562,488281.2500,1840332031.2,2993.76,,27.31361,136.56809,1.019181e+16,2.038363e+16,2.401389e+16,2.122548e+16,2.0826,1,2.926139e+16,2.931247e+16,2.893006e+16,2.966941e+16,4141.6848,3.598,141,25.39,,fine,A,5.1750,5.9214,5.3083,False,512,39,0.077973,0.122807,False,344.700699,CO(3-2),-1095.3009,-949.586,star,18.215,2.550,14.208,512,20260825,True,False,,unattributed,,1.0306,0.9955,527800,4.461e+05,5.5412,6.7474,0.0114,1.000000
HD14055,HD14055,7,A002_Xff99e1_X24be0,35.7405,344.220445,346.060777,488281.2500,1840332031.2,2993.76,,29.80284,149.01425,1.112065e+16,2.224129e+16,2.620240e+16,2.315987e+16,2.0826,1,3.192813e+16,3.198387e+16,3.156661e+16,3.237334e+16,4141.6873,3.598,142,25.39,,fine,A,4.9592,6.0399,5.0743,False,512,86,0.169591,0.111111,False,344.656480,CO(3-2),-1139.5195,-987.922,star,18.215,2.550,14.208,512,20260825,False,False,,,,1.0354,1.0101,531570,3.115e+05,5.5287,6.7578,0.0110,1.000000
HD14055,HD14055,7,A002_Xff99e1_X1b0c4,35.7405,344.221282,346.061614,488281.2500,1840332031.2,2993.76,,22.10375,110.51878,8.247803e+15,1.649561e+16,1.943343e+16,1.717689e+16,2.0826,1,2.368001e+16,2.372134e+16,2.341188e+16,2.401020e+16,4141.6974,3.598,141,25.39,,fine,A,4.9033,5.7783,5.3585,False,512,120,0.235867,0.253411,False,345.977141,CO(3-2),181.1414,157.043,star,18.215,2.550,14.208,512,20260825,False,False,,,,1.0295,0.9997,527800,5.748e+05,5.5951,6.7955,0.0105,1.000000
HD14055,HD14055,7,A002_X107fa96_X9a88,35.7405,344.224110,346.064442,488281.2500,1840332031.2,2993.76,,37.47220,187.36113,1.398240e+16,2.796480e+16,3.294525e+16,2.911976e+16,2.0826,1,4.014442e+16,4.021450e+16,3.968987e+16,4.070420e+16,4141.7313,3.598,141,25.39,,fine,A,4.5658,5.9282,5.3180,False,512,315,0.615984,0.746589,False,345.674305,CO(3-2),-121.6951,-105.505,star,18.215,2.550,14.208,512,20260825,False,False,,,,1.0267,0.9831,527800,6.536e+05,5.5641,6.7492,0.0144,0.999999
HD14055,HD14055,7,A002_X107fa96_X150f6,35.7405,344.225113,346.065445,488281.2500,1840332031.2,2993.76,,30.83085,154.15435,1.150424e+16,2.300848e+16,2.710623e+16,2.395875e+16,2.0826,1,3.302946e+16,3.308712e+16,3.265547e+16,3.349002e+16,4141.7433,3.598,142,25.39,,fine,A,4.3070,5.8103,5.4617,False,512,477,0.931774,0.906433,False,344.536636,CO(3-2),-1259.3636,-1091.822,star,18.215,2.550,14.207,512,20260825,False,False,,,,1.0198,1.0131,531570,3.042e+05,5.4902,6.7124,0.0139,0.999999
HD14055,HD14055,7,A002_X1086384_X10bc1,35.7405,344.228185,346.068517,488281.2500,1840332031.2,2993.76,,13.88891,69.44457,5.182514e+15,1.036503e+16,1.221101e+16,1.079311e+16,2.0826,1,1.487935e+16,1.490533e+16,1.471087e+16,1.508683e+16,4141.7802,3.598,142,25.39,,fine,A,4.2832,5.7267,5.5959,False,512,475,0.927875,0.949318,False,344.818517,CO(3-2),-977.4828,-847.442,star,18.215,2.550,14.207,512,20260825,False,False,,,,1.0199,0.9785,531570,5.243e+05,5.4939,6.6788,0.0123,1.000000
HD14055,HD14055,7,A002_X1088045_X3c7b,35.7405,344.228767,346.069099,488281.2500,1840332031.2,2993.76,,24.89096,124.45485,9.287825e+15,1.857565e+16,2.188392e+16,1.934284e+16,2.0826,1,2.666598e+16,2.671253e+16,2.636404e+16,2.703781e+16,4141.7872,3.598,141,25.39,,fine,A,4.2412,6.4141,5.3901,False,512,491,0.959064,0.984405,False,344.658454,CO(3-2),-1137.5458,-986.211,star,18.215,2.550,14.207,512,20260825,False,False,,,,1.0420,1.0022,527800,4.089e+05,5.5750,6.7947,0.0121,1.000000
HD 48370,HD 48370,6,A002_Xc26103_X155a,35.9519,216.121140,217.855515,15625000.0000,1734375000.0,1874.88,186,2.28440,11.42202,2.760052e+16,5.520104e+16,6.503220e+16,5.748095e+16,2.0826,1,9.672183e+16,1.352426e+17,1.282426e+17,1.424877e+17,2603.8599,3.598,3,0.3124,1.0000,coarse,B,3.0083,4.1673,3.6388,False,512,86,0.169591,0.118908,False,216.386765,SiO(5-4),-718.2349,-991.785,star,28.973,4.056,22.599,512,20260825,False,False,,,,1.0590,0.9792,224,146.4,3.8857,5.4624,0.0281,0.999999
HD 48370,HD 48370,6,A002_Xc26103_X155a,35.9519,218.560028,220.400360,488281.2500,1840332031.2,1874.88,186,13.16665,65.83332,4.971300e+15,9.942601e+15,1.171335e+16,1.036583e+16,2.0851,1,1.427294e+16,1.429786e+16,1.411133e+16,1.447196e+16,2633.7623,3.598,51,10.11,0.9988,fine,A,4.4244,10.8229,11.1066,True,512,327,0.639376,0.610136,False,220.039031,13CO(2-1),-359.9685,-489.639,star,28.644,4.010,22.342,512,20260825,False,False,,,,1.0314,1.0213,188500,1.612e+05,5.4255,6.6804,0.0281,0.999999
HD 48370,HD 48370,6,A002_Xc26103_X155a,35.9519,230.500443,230.960526,122070.3125,460083007.8,1874.88,186,30.66966,153.34845,2.894967e+15,5.789934e+15,6.821105e+15,6.160641e+15,2.1281,1,8.311648e+15,8.326156e+15,8.217535e+15,8.427545e+15,2768.7658,3.598,210,42.53,0.9786,fine,A,26.8342,18.3574,27.6751,True,512,0,0.001949,0.001949,True,230.511674,CO(2-1),-26.3263,-34.235,star,27.247,3.815,21.253,512,20260825,True,True,foreground CO,"attributed: CO(2-1) at -34.2 km/s (topocentric, frozen 15-line mask)",foreground CO,1.0329,1.8547,787930,4.81e+05,7.9164,9.6322,0.0281,0.999999
HD 48370,HD 48370,6,A002_Xc26103_X155a,35.9519,232.620253,234.354628,15625000.0000,1734375000.0,1874.88,186,2.32070,11.60351,2.803907e+16,5.607813e+16,6.606549e+16,5.839427e+16,2.0826,1,9.825864e+16,1.373914e+17,1.302803e+17,1.447517e+17,2801.8493,3.598,3,0.3362,1.0000,coarse,B,3.2296,3.9836,3.6156,False,512,59,0.116959,0.062378,False,233.167128,CO(2-1),2629.1276,3418.927,star,26.925,3.770,21.002,512,20260825,False,False,,,,1.0385,1.0132,224,146.4,3.9115,5.4986,0.0281,0.999999
HD 48370,HD 48370,8,A002_Xe64b7b_X1704c,35.9519,479.259869,481.056744,15625000.0000,1796875000.0,2600.64,258,18.45347,92.26743,2.229578e+17,4.459155e+17,5.253319e+17,4.643348e+17,2.0826,1,7.813216e+17,1.092493e+18,1.035948e+18,1.151019e+18,5761.8997,3.598,7,0.959,1.0000,coarse,B,2.7082,4.5830,3.3773,False,512,332,0.649123,0.838207,False,480.712994,CO(4-3),19671.9940,12791.737,star,13.093,1.833,10.213,512,20260825,False,False,,,,1.0264,0.9646,696,478.2,4.0775,5.5449,0.0131,0.999999
HD 48370,HD 48370,8,A002_Xf05a48_X269c,35.9519,479.288148,481.116273,15625000.0000,1828125000.0,1572.48,,16.48121,82.40630,1.991290e+17,3.982581e+17,4.691868e+17,4.147064e+17,2.0826,1,6.978175e+17,9.757323e+17,9.252302e+17,1.028004e+18,5762.4265,3.598,5,0.5799,,coarse,B,3.1845,5.0934,3.7019,False,512,98,0.192982,0.198830,False,480.569398,CO(4-3),19528.3979,12698.364,star,13.092,1.833,10.212,512,20260825,False,False,,,,1.0790,0.9098,472,588.3,4.1206,5.5748,0.0245,0.999997
HD 48370,HD 48370,8,A002_Xe64b7b_X1704c,35.9519,481.217869,483.014744,15625000.0000,1796875000.0,2600.64,258,18.95284,94.76429,2.289913e+17,4.579825e+17,5.395479e+17,4.769002e+17,2.0826,1,8.024650e+17,1.122057e+18,1.063981e+18,1.182167e+18,5785.3957,3.598,7,0.9629,1.0000,coarse,B,2.1227,4.1478,3.2884,False,512,500,0.976608,0.961014,False,482.733494,CO(4-3),21692.4940,14105.570,star,13.040,1.826,10.171,512,20260825,False,False,,,,1.0279,0.9472,696,499.5,4.0551,5.5084,0.0131,0.999999
HD 48370,HD 48370,8,A002_Xf05a48_X269c,35.9519,481.246148,483.074273,15625000.0000,1828125000.0,1572.48,,17.88129,89.40676,2.160452e+17,4.320903e+17,5.090444e+17,4.499360e+17,2.0826,1,7.570974e+17,1.058621e+18,1.003829e+18,1.115333e+18,5785.9225,3.598,5,0.5823,,coarse,B,2.9152,3.9306,3.1596,False,512,146,0.286550,0.226121,False,481.355523,CO(4-3),20314.5229,13209.543,star,13.039,1.825,10.170,512,20260825,False,False,,,,1.0392,0.9316,472,363.9,3.9735,5.4418,0.0245,0.999997
HD 48370,HD 48370,8,A002_Xe64b7b_X1704c,35.9519,491.657082,492.577492,488281.2500,920410156.2,2600.64,258,182.12387,910.62026,6.876406e+16,8.101075e+16,1.350179e+17,9.224819e+16,1.3415,2,1.974263e+17,1.977709e+17,1.951909e+17,2.001792e+17,5905.4074,3.598,186,31.45,0.9939,fine,A,4.6956,5.7925,5.4334,False,512,199,0.389864,0.555556,False,491.949074,CO(4-3),30908.0742,20098.012,star,12.775,1.788,9.964,512,20260825,False,False,,,,1.0152,1.0131,348910,2.484e+05,5.4409,6.6668,0.0131,0.999999
HD 48370,HD 48370,8,A002_Xf05a48_X269c,35.9519,491.700986,492.621396,488281.2500,920410156.2,1572.48,,151.07793,755.39226,5.704226e+16,6.720133e+16,1.120022e+17,7.605635e+16,1.3333,2,1.637722e+17,1.640581e+17,1.619178e+17,1.660559e+17,5905.9343,3.598,104,19.02,,fine,A,4.2932,5.7673,5.3733,False,512,423,0.826511,0.805068,False,491.843564,CO(4-3),30802.5640,20029.404,star,12.774,1.788,9.963,512,20260825,False,False,,,,1.0201,1.0067,194258,1.696e+05,5.3668,6.6043,0.0245,0.999997
HD 48370,HD 48370,8,A002_Xe64b7b_X1704c,35.9519,493.244240,495.072365,15625000.0000,1828125000.0,2600.64,258,23.40585,117.02935,2.827932e+17,5.655864e+17,6.663158e+17,5.889491e+17,2.0826,1,9.910058e+17,1.385687e+18,1.313966e+18,1.459920e+18,5929.8996,3.598,7,0.987,1.0000,coarse,B,2.7656,4.4884,3.7446,False,512,287,0.561404,0.534113,False,494.837990,CO(4-3),33796.9902,21976.533,star,12.722,1.781,9.923,512,20260825,False,False,,,,1.0127,0.9571,708,456.9,4.0239,5.4784,0.0131,0.999999
HD 48370,HD 48370,8,A002_Xf05a48_X269c,35.9519,493.288144,495.116269,15625000.0000,1828125000.0,1572.48,,19.21948,96.09772,2.322134e+17,4.644268e+17,5.471399e+17,4.836080e+17,2.0826,1,8.137565e+17,1.137846e+18,1.078953e+18,1.198802e+18,5930.4265,3.598,5,0.5968,,coarse,B,2.7391,4.4168,3.5408,False,512,282,0.551657,0.635478,False,494.600644,CO(4-3),33559.6441,21822.198,star,12.721,1.781,9.922,512,20260825,False,False,,,,1.0048,0.9609,472,359.3,3.9601,5.4252,0.0245,0.999996
HD 89452,HD 89452,6,A002_X12694b3_Xab7,36.2270,229.664145,231.389730,976562.5000,1725585937.5,2872.80,,12.15677,60.78389,9.321025e+15,1.098107e+16,1.830179e+16,1.242803e+16,1.3333,2,2.676130e+16,2.680801e+16,2.645828e+16,2.713446e+16,2766.3232,3.598,41,8.138,,fine,A,3.9343,5.4017,5.0239,False,512,469,0.916179,0.900585,False,230.864340,CO(2-1),326.3398,424.374,star,27.271,3.818,21.271,512,20260825,False,False,,,,1.0196,1.0096,70720,5.345e+04,5.1550,6.4341,0.0145,1.000000
HD 89452,HD 89452,6,A002_X126787e_X227e,36.2270,229.664778,231.390364,976562.5000,1725585937.5,2872.80,,12.06382,60.31912,9.249754e+15,1.089711e+16,1.816185e+16,1.233301e+16,1.3333,2,2.655667e+16,2.660303e+16,2.625597e+16,2.692698e+16,2766.3309,3.598,41,8.138,,fine,A,4.0598,5.6236,4.8207,False,512,409,0.799220,0.888889,False,229.855208,CO(2-1),-682.7919,-887.905,star,27.271,3.818,21.271,512,20260825,False,False,,,,1.0169,1.0133,70720,6.352e+04,5.1905,6.4639,0.0136,1.000000
HD 89452,HD 89452,6,A002_X126787e_X1c15,36.2270,229.664906,231.390492,976562.5000,1725585937.5,2872.80,,12.19605,60.98026,9.351138e+15,1.101655e+16,1.836092e+16,1.246818e+16,1.3333,2,2.684775e+16,2.689462e+16,2.654376e+16,2.722212e+16,2766.3324,3.598,41,8.138,,fine,A,4.5017,5.5985,4.9007,False,512,113,0.222222,0.152047,False,229.975453,CO(2-1),-562.5471,-731.538,star,27.271,3.818,21.271,512,20260825,False,False,,,,1.0234,1.0352,70720,3.787e+04,5.1617,6.4722,0.0136,1.000000
HD 89452,HD 89452,6,A002_X126787e_X1170,36.2270,229.665051,231.390637,976562.5000,1725585937.5,2872.80,,14.25941,71.29706,1.093319e+16,1.288036e+16,2.146727e+16,1.457758e+16,1.3333,2,3.138993e+16,3.144472e+16,3.103450e+16,3.182763e+16,2766.3341,3.598,41,8.138,,fine,A,4.7048,5.6569,4.7889,False,512,37,0.074074,0.097466,False,231.388684,CO(2-1),850.6837,1106.232,star,27.271,3.818,21.271,512,20260825,False,False,,,,1.0182,1.0232,70720,4.569e+04,5.1555,6.4481,0.0136,1.000000
HD 89452,HD 89452,6,A002_X1264cde_X2d40,36.2270,229.665932,231.391518,976562.5000,1725585937.5,2872.80,,12.35483,61.77417,9.472882e+15,1.115998e+16,1.859996e+16,1.263051e+16,1.3333,2,2.719729e+16,2.724477e+16,2.688934e+16,2.757653e+16,2766.3447,3.598,41,8.138,,fine,A,4.2084,5.3561,4.8197,False,512,272,0.532164,0.380117,False,230.490151,CO(2-1),-47.8488,-62.223,star,27.271,3.818,21.271,512,20260825,False,False,,,,1.0282,1.0092,70720,5.077e+04,5.1658,6.4519,0.0124,1.000000
HD 89452,HD 89452,6,A002_X1264cde_X258b,36.2270,229.666066,231.391652,976562.5000,1725585937.5,2872.80,,11.79434,58.97172,9.043134e+15,1.065369e+16,1.775615e+16,1.205751e+16,1.3333,2,2.596346e+16,2.600878e+16,2.566947e+16,2.632549e+16,2766.3463,3.598,40,8.138,,fine,A,4.2044,5.5773,4.6651,False,512,304,0.594542,0.508772,False,230.997120,CO(2-1),459.1204,597.042,star,27.271,3.818,21.271,512,20260825,False,False,,,,1.0054,1.0034,68952,6.248e+04,5.1326,6.3931,0.0123,1.000000
HD 89452,HD 89452,6,A002_X1263402_X856c,36.2270,229.666276,231.391862,976562.5000,1725585937.5,2872.80,,11.07585,55.37925,8.492241e+15,1.000469e+16,1.667448e+16,1.132299e+16,1.3333,2,2.438180e+16,2.442436e+16,2.410573e+16,2.472178e+16,2766.3488,3.598,41,8.138,,fine,A,4.6735,5.7023,5.1544,False,512,52,0.103314,0.050682,False,229.856706,CO(2-1),-681.2938,-885.957,star,27.271,3.818,21.271,512,20260825,False,False,,,,1.0119,1.0304,70720,4.138e+04,5.1384,6.4352,0.0119,1.000000
HD 89452,HD 89452,6,A002_X1263402_X816f,36.2270,229.666403,231.391989,976562.5000,1725585937.5,2872.80,475,11.24073,56.20367,8.618662e+15,1.015362e+16,1.692270e+16,1.149294e+16,1.3335,2,2.474477e+16,2.478796e+16,2.446458e+16,2.508981e+16,2766.3504,3.598,41,8.138,0.9999,fine,A,4.6111,5.5209,4.7505,False,512,82,0.161793,0.270955,False,231.234762,CO(2-1),696.7623,906.072,star,27.271,3.818,21.271,512,20260825,False,False,,,,1.0119,1.0263,70720,4.823e+04,5.1579,6.4464,0.0119,1.000000
HD 89452,HD 89452,6,A002_X12694b3_Xab7,36.2270,232.070875,233.899000,15625000.0000,1828125000.0,3550.18,,2.16725,10.83623,2.658725e+16,5.317450e+16,6.264473e+16,5.537064e+16,2.0826,1,9.317096e+16,1.302775e+17,1.235346e+17,1.372567e+17,2795.8192,3.598,4,0.6352,,coarse,B,2.4495,4.3108,4.1700,False,512,364,0.711501,0.742690,False,232.430250,CO(2-1),1892.2500,2460.689,star,26.983,3.778,21.047,512,20260825,False,False,,,,0.9867,0.9334,354,379.6,3.8807,5.3088,0.0145,1.000000
HD 89452,HD 89452,6,A002_X126787e_X227e,36.2270,232.071509,233.899634,15625000.0000,1828125000.0,3550.18,,2.11414,10.57068,2.593571e+16,5.187143e+16,6.110959e+16,5.401375e+16,2.0826,1,9.088776e+16,1.270850e+17,1.205073e+17,1.338931e+17,2795.8269,3.598,4,0.6352,,coarse,B,3.7395,4.4948,4.4379,False,512,19,0.038986,0.064327,False,232.243384,CO(2-1),1705.3839,2217.687,star,26.983,3.778,21.047,512,20260825,False,False,,,,1.0516,0.9331,354,381.8,4.0126,5.4884,0.0136,1.000000
HD 89452,HD 89452,6,A002_X126787e_X1c15,36.2270,232.071637,233.899762,15625000.0000,1828125000.0,3550.18,,2.16130,10.80650,2.651431e+16,5.302863e+16,6.247288e+16,5.521875e+16,2.0826,1,9.291538e+16,1.299201e+17,1.231957e+17,1.368801e+17,2795.8284,3.598,4,0.6352,,coarse,B,2.4727,4.5253,2.9610,False,512,403,0.787524,0.842105,False,233.665387,CO(2-1),3127.3865,4066.865,star,26.983,3.778,21.047,512,20260825,False,False,,,,0.9870,0.9647,354,374.8,3.9417,5.3940,0.0136,1.000000
HD 89452,HD 89452,6,A002_X126787e_X1170,36.2270,232.071781,233.899906,15625000.0000,1828125000.0,3550.18,,2.54180,12.70901,3.118222e+16,6.236444e+16,7.347138e+16,6.494014e+16,2.0826,1,1.092734e+17,1.527929e+17,1.448846e+17,1.609782e+17,2795.8301,3.598,4,0.6352,,coarse,B,2.0935,4.4543,3.1728,False,512,503,0.982456,0.968811,False,232.649906,CO(2-1),2111.9064,2746.331,star,26.983,3.778,21.047,512,20260825,False,False,,,,1.0621,1.0143,354,231.9,4.0749,5.6503,0.0136,1.000000
HD 89452,HD 89452,6,A002_X1264cde_X2d40,36.2270,232.072663,233.900788,15625000.0000,1828125000.0,3550.18,,2.19727,10.98633,2.695554e+16,5.391107e+16,6.351248e+16,5.613764e+16,2.0826,1,9.446157e+16,1.320821e+17,1.252458e+17,1.391580e+17,2795.8407,3.598,4,0.6352,,coarse,B,3.1192,4.4775,3.5406,False,512,124,0.243665,0.212476,False,233.103913,CO(2-1),2565.9129,3336.723,star,26.983,3.778,21.047,512,20260825,False,False,,,,1.0189,0.9946,354,226.6,3.9460,5.4751,0.0124,1.000000
HD 89452,HD 89452,6,A002_X1264cde_X258b,36.2270,232.072796,233.900921,15625000.0000,1828125000.0,3550.18,,2.10739,10.53696,2.585297e+16,5.170595e+16,6.091464e+16,5.384144e+16,2.0826,1,9.059781e+16,1.266796e+17,1.201229e+17,1.334660e+17,2795.8423,3.598,4,0.6352,,coarse,B,2.4357,3.9691,3.2581,False,512,392,0.766082,0.664717,False,232.088421,CO(2-1),1550.4211,2016.173,star,26.983,3.778,21.047,512,20260825,False,False,,,,0.9110,0.9518,354,327.3,3.7322,5.1258,0.0123,1.000000
HD 89452,HD 89452,6,A002_X1263402_X856c,36.2270,232.073007,233.901132,15625000.0000,1828125000.0,3550.18,,1.97847,9.89235,2.427140e+16,4.854280e+16,5.718814e+16,5.054765e+16,2.0826,1,8.505543e+16,1.189299e+17,1.127743e+17,1.253011e+17,2795.8448,3.598,4,0.6352,,coarse,B,3.8768,4.2545,4.0880,False,512,10,0.021442,0.017544,False,232.791757,CO(2-1),2253.7570,2930.794,star,26.983,3.778,21.047,512,20260825,False,False,,,,1.0049,0.9549,354,373.2,3.9571,5.4158,0.0119,1.000000
HD 89452,HD 89452,6,A002_X1263402_X816f,36.2270,232.073133,233.901258,15625000.0000,1828125000.0,3550.18,587,1.99068,9.95340,2.442117e+16,4.884234e+16,5.754103e+16,5.085959e+16,2.0826,1,8.558028e+16,1.196637e+17,1.134702e+17,1.260743e+17,2795.8464,3.598,4,0.6352,1.0000,coarse,B,3.2281,4.2910,3.4868,False,512,83,0.163743,0.079922,False,232.448133,CO(2-1),1910.1334,2483.944,star,26.983,3.778,21.047,512,20260825,False,False,,,,0.9994,0.9205,354,457.5,3.9221,5.3396,0.0119,1.000000
HD 89452,HD 89452,6,A002_X12694b3_Xab7,36.2270,244.070875,245.899000,15625000.0000,1828125000.0,3550.18,,2.26976,11.34883,2.784493e+16,5.568986e+16,6.560807e+16,5.798989e+16,2.0826,1,9.757831e+16,1.364401e+17,1.293782e+17,1.437494e+17,2939.8192,3.598,4,0.668,,coarse,B,3.0755,4.5695,3.5589,False,512,138,0.270955,0.181287,False,245.211500,CS(5-4),275.5000,337.202,star,25.662,3.593,20.016,512,20260825,False,False,,,,1.0660,0.9842,354,317.4,4.1003,5.6361,0.0145,1.000000
HD 89452,HD 89452,6,A002_X126787e_X227e,36.2270,244.071509,245.899634,15625000.0000,1828125000.0,3550.18,,2.21677,11.08383,2.719474e+16,5.438949e+16,6.407611e+16,5.663581e+16,2.0826,1,9.529985e+16,1.332543e+17,1.263572e+17,1.403929e+17,2939.8269,3.598,4,0.668,,coarse,B,2.6409,4.3139,3.6930,False,512,279,0.545809,0.436647,False,245.399634,CS(5-4),463.6339,567.470,star,25.662,3.593,20.016,512,20260825,False,False,,,,0.9954,0.9328,354,367.9,3.8899,5.3257,0.0136,1.000000
HD 89452,HD 89452,6,A002_X126787e_X1c15,36.2270,244.071637,245.899762,15625000.0000,1828125000.0,3550.18,,2.23777,11.18887,2.745247e+16,5.490494e+16,6.468336e+16,5.717255e+16,2.0826,1,9.620300e+16,1.345171e+17,1.275547e+17,1.417234e+17,2939.8284,3.598,4,0.668,,coarse,B,2.3692,4.4392,2.8785,False,512,437,0.853801,0.914230,False,245.321637,CS(5-4),385.6365,472.005,star,25.662,3.593,20.016,512,20260825,False,False,,,,1.0469,0.9936,354,344.8,4.1010,5.6244,0.0136,1.000000
HD 89452,HD 89452,6,A002_X126787e_X1170,36.2270,244.071781,245.899906,15625000.0000,1828125000.0,3550.18,,2.62141,13.10703,3.215877e+16,6.431754e+16,7.577232e+16,6.697390e+16,2.0826,1,1.126955e+17,1.575780e+17,1.494220e+17,1.660197e+17,2939.8301,3.598,4,0.668,,coarse,B,2.3102,4.2031,3.9479,False,512,438,0.855750,0.795322,False,245.446781,CS(5-4),510.7814,625.177,star,25.662,3.593,20.016,512,20260825,False,False,,,,1.0578,0.9642,354,300.4,4.0308,5.5488,0.0136,1.000000
HD 89452,HD 89452,6,A002_X1264cde_X2d40,36.2270,244.072663,245.900788,15625000.0000,1828125000.0,3550.18,,2.28686,11.43432,2.805470e+16,5.610940e+16,6.610233e+16,5.842676e+16,2.0826,1,9.831343e+16,1.374680e+17,1.303529e+17,1.448324e+17,2939.8407,3.598,4,0.668,,coarse,B,2.6942,4.4836,3.6168,False,512,284,0.555556,0.452242,False,245.010163,CS(5-4),74.1629,90.773,star,25.661,3.593,20.016,512,20260825,False,False,,,,1.0791,0.9501,354,382.9,4.1032,5.6119,0.0124,1.000000
HD 89452,HD 89452,6,A002_X1264cde_X258b,36.2270,244.072796,245.900921,15625000.0000,1828125000.0,3550.18,,2.18203,10.91018,2.676868e+16,5.353736e+16,6.307221e+16,5.574849e+16,2.0826,1,9.380676e+16,1.311665e+17,1.243776e+17,1.381933e+17,2939.8423,3.598,4,0.668,,coarse,B,3.3051,4.3605,3.6501,False,512,68,0.134503,0.167641,False,244.260296,CS(5-4),-675.7039,-827.036,star,25.661,3.593,20.016,512,20260825,False,False,,,,1.0340,0.9395,354,342.5,3.9648,5.4387,0.0123,1.000000
HD 89452,HD 89452,6,A002_X1263402_X856c,36.2270,244.073007,245.901132,15625000.0000,1828125000.0,3550.18,,2.06323,10.31613,2.531115e+16,5.062230e+16,5.963799e+16,5.271303e+16,2.0826,1,8.869907e+16,1.240246e+17,1.176053e+17,1.306688e+17,2939.8448,3.598,4,0.668,,coarse,B,3.2743,4.3297,3.7668,False,512,81,0.159844,0.095517,False,245.291757,CS(5-4),355.7570,435.433,star,25.661,3.593,20.016,512,20260825,False,False,,,,1.0454,0.9911,354,265.1,4.0295,5.5662,0.0119,1.000000
HD 89452,HD 89452,6,A002_X1263402_X816f,36.2270,244.073133,245.901258,15625000.0000,1828125000.0,3550.18,587,2.07755,10.38775,2.548688e+16,5.097376e+16,6.005205e+16,5.307904e+16,2.0826,1,8.931490e+16,1.248857e+17,1.184219e+17,1.315760e+17,2939.8464,3.598,4,0.668,1.0000,coarse,B,2.8315,4.3961,4.2194,False,512,218,0.426901,0.329435,False,244.370008,CS(5-4),-565.9916,-692.752,star,25.661,3.593,20.016,512,20260825,False,False,,,,0.9876,0.9977,354,245,3.9095,5.4124,0.0119,1.000000
HD 89452,HD 89452,6,A002_X12694b3_Xab7,36.2270,246.070875,247.899000,15625000.0000,1828125000.0,3550.18,,2.52042,12.60209,3.091988e+16,6.183977e+16,7.285326e+16,6.439379e+16,2.0826,1,1.083540e+17,1.515074e+17,1.436657e+17,1.596239e+17,2963.8192,3.598,4,0.6734,,coarse,B,2.8697,4.6935,3.5682,False,512,201,0.393762,0.495127,False,247.086500,CS(5-4),2150.5000,2632.131,star,25.454,3.564,19.854,512,20260825,False,False,,,,0.9534,0.9803,354,279.8,3.8384,5.2943,0.0145,1.000000
HD 89452,HD 89452,6,A002_X126787e_X227e,36.2270,246.071509,247.899634,15625000.0000,1828125000.0,3550.18,,2.42533,12.12663,2.975332e+16,5.950664e+16,7.010461e+16,6.196430e+16,2.0826,1,1.042660e+17,1.457913e+17,1.382454e+17,1.536015e+17,2963.8269,3.598,4,0.6734,,coarse,B,2.7543,4.3984,3.6299,False,512,251,0.491228,0.563353,False,246.134009,CS(5-4),1198.0089,1466.318,star,25.454,3.564,19.854,512,20260825,False,False,,,,1.0749,0.9571,354,335.8,4.0775,5.5962,0.0136,1.000000
HD 89452,HD 89452,6,A002_X126787e_X1c15,36.2270,246.071637,247.899762,15625000.0000,1828125000.0,3550.18,,2.49609,12.48045,3.062144e+16,6.124288e+16,7.215006e+16,6.377225e+16,2.0826,1,1.073082e+17,1.500450e+17,1.422790e+17,1.580832e+17,2963.8284,3.598,4,0.6734,,coarse,B,2.2089,4.6710,3.0842,False,512,462,0.902534,0.896686,False,247.368512,CS(5-4),2432.5115,2977.303,star,25.454,3.564,19.854,512,20260825,False,False,,,,0.9859,0.9506,354,293.7,3.8552,5.3104,0.0136,1.000000
HD 89452,HD 89452,6,A002_X126787e_X1170,36.2270,246.071781,247.899906,15625000.0000,1828125000.0,3550.18,,2.90795,14.53974,3.567400e+16,7.134800e+16,8.405488e+16,7.429472e+16,2.0826,1,1.250141e+17,1.748026e+17,1.657551e+17,1.841670e+17,2963.8301,3.598,4,0.6734,,coarse,B,4.0890,4.3386,4.8115,False,512,5,0.011696,0.001949,False,247.446781,CS(5-4),2510.7814,3073.102,star,25.454,3.564,19.854,512,20260825,False,False,,,,0.9704,0.9626,354,340.7,3.8824,5.3263,0.0136,1.000000
HD 89452,HD 89452,6,A002_X1264cde_X2d40,36.2270,246.072663,247.900788,15625000.0000,1828125000.0,3550.18,,2.52647,12.63235,3.099412e+16,6.198824e+16,7.302818e+16,6.454840e+16,2.0826,1,1.086142e+17,1.518712e+17,1.440106e+17,1.600072e+17,2963.8407,3.598,4,0.6734,,coarse,B,2.2447,4.4350,3.3568,False,512,462,0.902534,0.803119,False,246.322663,CS(5-4),1386.6629,1697.223,star,25.454,3.564,19.854,512,20260825,False,False,,,,1.0220,0.9644,354,360.5,4.0027,5.4831,0.0124,1.000000
HD 89452,HD 89452,6,A002_X1264cde_X258b,36.2270,246.072796,247.900921,15625000.0000,1828125000.0,3550.18,,2.37747,11.88734,2.916621e+16,5.833242e+16,6.872127e+16,6.074159e+16,2.0826,1,1.022086e+17,1.429144e+17,1.355174e+17,1.505706e+17,2963.8423,3.598,4,0.6734,,coarse,B,3.0895,4.6446,3.5700,False,512,142,0.278752,0.269006,False,247.166546,CS(5-4),2230.5461,2730.105,star,25.454,3.564,19.854,512,20260825,False,False,,,,0.9329,0.9987,354,285.4,3.8389,5.2921,0.0123,1.000000
HD 89452,HD 89452,6,A002_X1263402_X856c,36.2270,246.073007,247.901132,15625000.0000,1828125000.0,3550.18,,2.26431,11.32157,2.777806e+16,5.555612e+16,6.545051e+16,5.785062e+16,2.0826,1,9.734398e+16,1.361125e+17,1.290675e+17,1.434042e+17,2963.8448,3.598,4,0.6734,,coarse,B,2.4942,4.5320,3.3154,False,512,396,0.773879,0.625731,False,247.213632,CS(5-4),2277.6320,2787.736,star,25.454,3.564,19.854,512,20260825,False,False,,,,1.0129,1.0046,354,289.8,4.0133,5.5301,0.0119,1.000000
HD 89452,HD 89452,6,A002_X1263402_X816f,36.2270,246.073133,247.901258,15625000.0000,1828125000.0,3550.18,587,2.27767,11.38836,2.794192e+16,5.588384e+16,6.583660e+16,5.819191e+16,2.0826,1,9.791821e+16,1.369154e+17,1.298289e+17,1.442502e+17,2963.8464,3.598,4,0.6734,1.0000,coarse,B,2.4997,4.1235,3.2521,False,512,384,0.750487,0.820663,False,246.698133,CS(5-4),1762.1334,2156.785,star,25.454,3.564,19.854,512,20260825,False,False,,,,1.0894,0.9634,354,275.5,4.0711,5.6177,0.0119,1.000000
HD61005,HD61005,6,A002_X7d194b_X58f,36.4506,212.106645,213.841020,15625000.0000,1734375000.0,1360.80,,0.37240,1.86200,4.625091e+15,9.250181e+15,1.089761e+16,9.632220e+15,2.0826,1,1.620793e+16,2.266294e+16,2.148995e+16,2.387703e+16,2555.6860,3.598,3,0.2226,,coarse,B,2.2609,4.3255,4.2890,False,512,439,0.857700,0.931774,False,,SiO(5-4),-4498.3553,-6211.617,star,29.519,4.133,23.025,512,20260825,False,False,,,,1.0626,1.0160,224,181.5,4.0176,5.6109,0.0162,0.999999
HD61005,HD61005,6,A002_X74fea5_Xd70,36.4506,212.127382,213.861757,15625000.0000,1734375000.0,2419.20,400,0.45733,2.28665,5.679884e+15,1.135977e+16,1.338291e+16,1.182894e+16,2.0826,1,1.990429e+16,2.783143e+16,2.639093e+16,2.932240e+16,2555.9348,3.598,3,0.3957,1.0000,coarse,B,2.1943,4.2660,4.5156,False,512,421,0.822612,0.974659,False,212.252382,SiO(5-4),-4852.6183,-6700.805,star,29.516,4.132,23.022,512,20260825,False,False,,,,1.0516,1.0043,224,116.4,3.8608,5.4670,0.0160,0.999999
HD61005,HD61005,6,A002_X7d194b_X58f,36.4506,214.106399,215.840774,15625000.0000,1734375000.0,1360.80,,0.35928,1.79640,4.462130e+15,8.924260e+15,1.051365e+16,9.292838e+15,2.0826,1,1.563686e+16,2.186444e+16,2.073277e+16,2.303575e+16,2579.6830,3.598,3,0.2247,,coarse,B,2.5506,4.3861,4.2238,False,512,292,0.571150,0.559454,False,,SiO(5-4),-2717.3510,-3752.292,star,29.244,4.094,22.810,512,20260825,False,False,,,,1.0415,1.0016,224,163.1,3.9224,5.4956,0.0162,0.999999
HD61005,HD61005,6,A002_X74fea5_Xd70,36.4506,214.127331,215.861706,15625000.0000,1734375000.0,2419.20,400,0.41918,2.09591,5.206093e+15,1.041219e+16,1.226657e+16,1.084222e+16,2.0826,1,1.824396e+16,2.550986e+16,2.418951e+16,2.687646e+16,2579.9342,3.598,3,0.3994,1.0000,coarse,B,2.0275,4.6678,3.9764,False,512,463,0.904483,0.906433,False,214.392956,SiO(5-4),-2712.0443,-3744.964,star,29.241,4.094,22.808,512,20260825,False,False,,,,1.0358,1.0302,224,100.8,3.8427,5.4671,0.0160,0.999999
HD61005,HD61005,6,A002_Xb47876_X3918,36.4506,223.132812,224.867188,15625000.0000,1734375000.0,828.58,,0.29376,1.46879,3.648374e+15,7.296747e+15,8.596278e+15,7.598108e+15,2.0826,1,1.278517e+16,1.787703e+16,1.695175e+16,1.883473e+16,2688.0000,3.598,2,0.1425,,coarse,B,3.2617,4.5402,3.8198,False,512,34,0.068226,0.058480,False,,13CO(2-1),3936.9375,5355.125,star,28.066,3.929,21.891,512,20260825,False,False,,,,1.1456,0.9842,112,124.2,4.0169,5.6762,0.0399,0.999994
HD61005,HD61005,6,A002_Xb47876_X3918,36.4506,225.132812,226.867188,15625000.0000,1734375000.0,828.58,,0.27005,1.35024,3.353898e+15,6.707796e+15,7.902436e+15,6.984833e+15,2.0826,1,1.175323e+16,1.643410e+16,1.558350e+16,1.731450e+16,2712.0000,3.598,2,0.1438,,coarse,B,2.4488,4.8251,3.9885,False,512,271,0.530214,0.493177,False,,CO(2-1),-4405.1875,-5728.522,star,27.817,3.894,21.698,512,20260825,False,False,,,,1.0638,1.0063,112,101.7,3.8523,5.4793,0.0399,0.999994
HD61005,HD61005,6,A002_X7d194b_X58f,36.4506,227.104802,228.839177,15625000.0000,1734375000.0,1360.80,,0.36970,1.84849,4.591520e+15,9.183040e+15,1.081851e+16,9.562306e+15,2.0826,1,1.609028e+16,2.249845e+16,2.133397e+16,2.370372e+16,2735.6639,3.598,3,0.2383,,coarse,B,2.8721,4.6662,3.9065,False,512,145,0.284600,0.341131,False,,CO(2-1),-2058.1981,-2676.488,star,27.577,3.861,21.510,512,20260825,False,False,,,,0.9696,1.0104,224,153.3,3.7861,5.3148,0.0162,0.999999
HD61005,HD61005,6,A002_X74fea5_Xd70,36.4506,227.126999,228.861374,15625000.0000,1734375000.0,2419.20,400,0.43702,2.18510,5.427641e+15,1.085528e+16,1.278858e+16,1.130362e+16,2.0826,1,1.902034e+16,2.659544e+16,2.521891e+16,2.802020e+16,2735.9302,3.598,4,0.4236,1.0000,coarse,B,3.6546,4.3908,3.9558,False,512,17,0.035088,0.031189,False,228.064499,CO(2-1),-2473.5007,-3216.549,star,27.574,3.860,21.508,512,20260825,False,False,,,,0.9845,0.9351,336,285.2,3.8150,5.2592,0.0160,0.999999
HD61005,HD61005,6,A002_X7d194b_X58f,36.4506,230.087999,230.950548,244140.6250,862548828.1,1360.80,,3.14387,15.71934,6.100909e+14,1.220182e+15,1.437493e+15,1.270576e+15,2.0826,1,1.751612e+15,1.754670e+15,1.731779e+15,1.776037e+15,2766.2313,3.598,74,15.42,,fine,A,4.2937,5.8577,5.6691,False,512,399,0.779727,0.738791,False,,CO(2-1),213.5734,277.732,star,27.272,3.818,21.272,512,20260825,False,False,,,,1.0049,0.9923,257982,2.168e+05,5.3331,6.5446,0.0162,0.999999
HD61005,HD61005,6,A002_X74fea5_Xd70,36.4506,230.108722,230.971271,244140.6250,862548828.1,2419.20,400,3.91781,19.58909,7.602815e+14,1.520563e+15,1.791371e+15,1.586426e+15,2.0866,1,2.182820e+15,2.186630e+15,2.158104e+15,2.213257e+15,2766.4800,3.598,135,27.41,0.9981,fine,A,4.3492,6.0081,5.7335,False,512,463,0.904483,0.898635,False,230.523273,CO(2-1),-14.7268,-19.151,star,27.270,3.818,21.270,512,20260825,False,False,,,,1.0180,0.9965,473556,4.483e+05,5.5103,6.7094,0.0160,0.999999
HD61005,HD61005,6,A002_Xb47876_X3918,36.4506,239.132813,240.867188,15625000.0000,1734375000.0,828.58,,0.29729,1.48646,3.692271e+15,7.384542e+15,8.699709e+15,7.689529e+15,2.0826,1,1.293900e+16,1.809213e+16,1.715571e+16,1.906135e+16,2880.0000,3.598,2,0.1527,,coarse,B,1.6860,4.7181,3.8747,False,512,507,0.990253,0.964912,False,,CS(5-4),-5443.8125,-6663.022,star,26.195,3.667,20.432,512,20260825,False,False,,,,1.0362,0.9967,112,113.6,3.8117,5.4016,0.0399,0.999994
HD61005,HD61005,6,A002_Xb47876_X3918,36.4506,241.132813,242.867188,15625000.0000,1734375000.0,828.58,,0.31213,1.56064,3.876524e+15,7.753048e+15,9.133845e+15,8.073255e+15,2.0826,1,1.358469e+16,1.899497e+16,1.801182e+16,2.001256e+16,2904.0000,3.598,2,0.154,,coarse,B,2.5264,4.6907,4.1419,False,512,263,0.514620,0.549708,False,,CS(5-4),-3271.9375,-4004.729,star,25.978,3.637,20.263,512,20260825,False,False,,,,1.0268,1.0121,112,115.9,3.8278,5.4211,0.0399,0.999993
HD61005,HD61005,7,A002_X1066403_Xbbde,36.4506,330.400026,332.125123,488281.2500,1725097656.2,2086.56,345,2.54278,12.71400,9.868980e+14,1.973796e+15,2.325324e+15,2.057366e+15,2.0847,1,2.833452e+15,2.838398e+15,2.801368e+15,2.872961e+15,3975.1509,3.598,121,16.99,0.9990,fine,A,4.6401,5.8895,5.4445,False,512,242,0.473684,0.434698,False,331.667115,CO(3-2),-14128.8846,-12249.225,star,18.978,2.657,14.803,512,20260825,False,False,,,,1.0120,1.0082,424080,3.216e+05,5.4662,6.6790,0.0278,0.999994
HD61005,HD61005,7,A002_Xff0235_X26e3,36.4506,330.438712,332.163810,488281.2500,1725097656.2,1058.40,,2.41118,12.05597,9.358200e+14,1.871640e+15,2.204974e+15,1.948940e+15,2.0826,1,2.686803e+15,2.691493e+15,2.656380e+15,2.724268e+15,3975.6151,3.598,43,8.618,,fine,A,4.2884,5.3947,5.4449,True,512,306,0.598441,0.709552,False,,CO(3-2),-14324.5731,-12418.880,star,18.976,2.657,14.801,512,20260825,False,False,,,,1.0152,0.9946,148428,1.183e+05,5.2552,6.4943,0.0256,0.999995
HD61005,HD61005,7,A002_X1066403_Xbbde,36.4506,332.240694,334.068819,15625000.0000,1828125000.0,3229.63,534,0.34005,1.70025,4.223306e+15,8.446612e+15,9.950930e+15,8.795471e+15,2.0826,1,1.479993e+16,2.069420e+16,1.962310e+16,2.180282e+16,3997.8571,3.598,5,0.8263,1.0000,coarse,B,2.7463,4.5988,4.5046,False,512,275,0.538012,0.536062,False,332.412569,CO(3-2),-13383.4308,-11602.944,star,18.870,2.642,14.719,512,20260825,False,False,,,,1.0404,0.9707,472,352.9,4.0474,5.5475,0.0278,0.999994
HD61005,HD61005,7,A002_Xff0235_X26e3,36.4506,332.278806,334.106931,15625000.0000,1828125000.0,1439.42,,0.34268,1.71343,4.256037e+15,8.512074e+15,1.002805e+16,8.863628e+15,2.0826,1,1.491463e+16,2.085458e+16,1.977518e+16,2.197179e+16,3998.3144,3.598,3,0.3683,,coarse,B,2.7140,4.3269,4.1689,False,512,218,0.426901,0.384016,False,,CO(3-2),-12767.1941,-11068.689,star,18.868,2.642,14.717,512,20260825,False,False,,,,1.0603,0.9644,236,222.3,3.9634,5.5023,0.0256,0.999995
HD61005,HD61005,7,A002_X1066403_Xbbde,36.4506,342.289330,344.117455,15625000.0000,1828125000.0,3229.63,534,0.32213,1.61065,4.000757e+15,8.001515e+15,9.426562e+15,8.331991e+15,2.0826,1,1.402005e+16,1.960371e+16,1.858906e+16,2.065391e+16,4118.4407,3.598,5,0.8513,1.0000,coarse,B,2.4907,4.4067,3.9218,False,512,382,0.746589,0.894737,False,343.117455,CO(3-2),-2678.5454,-2322.201,star,18.318,2.564,14.288,512,20260825,False,False,,,,1.0028,0.9819,472,267.8,3.9293,5.4263,0.0278,0.999994
HD61005,HD61005,7,A002_Xff0235_X26e3,36.4506,342.328591,344.156716,15625000.0000,1828125000.0,1439.42,,0.33950,1.69752,4.216530e+15,8.433059e+15,9.934964e+15,8.781351e+15,2.0826,1,1.477619e+16,2.066100e+16,1.959162e+16,2.176783e+16,4118.9118,3.598,3,0.3794,,coarse,B,2.6942,5.2216,4.2755,False,512,231,0.452242,0.395712,False,,CO(3-2),-2795.5342,-2423.626,star,18.316,2.564,14.286,512,20260825,False,False,,,,0.9973,1.0118,236,153.5,3.8421,5.3932,0.0256,0.999995
HD61005,HD61005,7,A002_X1066403_Xbbde,36.4506,344.233026,345.958123,488281.2500,1725097656.2,2086.56,345,2.21756,11.08790,8.606752e+14,1.721350e+15,2.027918e+15,1.794384e+15,2.0849,1,2.471057e+15,2.475371e+15,2.443077e+15,2.505513e+15,4141.1469,3.598,126,17.7,0.9989,fine,A,4.5491,6.1281,6.0800,False,512,301,0.588694,0.576998,False,345.949822,CO(3-2),153.8224,133.358,star,18.217,2.550,14.210,512,20260825,False,False,,,,1.0304,0.9928,441750,4.092e+05,5.5175,6.7247,0.0278,0.999994
HD61005,HD61005,7,A002_Xff0235_X26e3,36.4506,344.271712,345.996810,488281.2500,1725097656.2,1058.40,,2.39101,11.95509,9.279895e+14,1.855979e+15,2.186524e+15,1.932632e+15,2.0826,1,2.664321e+15,2.668972e+15,2.634153e+15,2.701472e+15,4141.6111,3.598,45,8.977,,fine,A,4.2909,6.0766,5.2768,False,512,309,0.604288,0.602339,False,,CO(3-2),-700.0692,-606.934,star,18.215,2.550,14.208,512,20260825,False,False,,,,1.0346,0.9968,155496,1.196e+05,5.3140,6.5660,0.0256,0.999995
HD61005,HD61005,8,A002_Xe4f0a6_X3658,36.4506,479.271781,481.099906,15625000.0000,1828125000.0,2939.33,486,1.06905,5.34529,1.327734e+16,2.655469e+16,3.128401e+16,2.765147e+16,2.0826,1,4.652843e+16,6.505899e+16,6.169165e+16,6.854429e+16,5762.2301,3.598,6,1.084,1.0000,coarse,B,3.5598,4.7292,4.1981,False,512,45,0.089669,0.064327,False,479.803031,CO(4-3),18762.0313,12200.033,star,13.092,1.833,10.212,512,20260825,False,False,,,,1.0536,0.9567,590,528.9,4.1405,5.6164,0.0253,0.999990
HD61005,HD61005,8,A002_Xe4f0a6_X3658,36.4506,481.229781,483.057906,15625000.0000,1828125000.0,2939.33,486,1.13340,5.66707,1.407663e+16,2.815326e+16,3.316728e+16,2.931607e+16,2.0826,1,4.932941e+16,6.897549e+16,6.540544e+16,7.267061e+16,5785.7261,3.598,6,1.088,1.0000,coarse,B,3.1523,4.6066,4.0094,False,512,141,0.276803,0.278752,False,481.776656,CO(4-3),20735.6563,13483.385,star,13.039,1.825,10.171,512,20260825,False,False,,,,1.0854,1.0014,590,328,4.1818,5.7430,0.0253,0.999990
HD61005,HD61005,8,A002_Xe4f0a6_X3658,36.4506,491.714012,492.576804,488281.2500,862792968.8,2177.28,360,10.07987,50.39988,3.912187e+15,4.608937e+15,7.681561e+15,5.227745e+15,1.3363,2,1.123216e+16,1.125176e+16,1.110497e+16,1.138878e+16,5905.7449,3.598,145,26.33,0.9978,fine,A,4.4812,6.0548,5.8193,False,512,335,0.654971,0.697856,False,492.043113,CO(4-3),31002.1131,20159.161,star,12.774,1.788,9.964,512,20260825,False,False,,,,1.0300,1.0076,254592,2.609e+05,5.4750,6.7050,0.0253,0.999989
HD61005,HD61005,8,A002_Xe4f0a6_X3658,36.4506,493.271781,495.099906,15625000.0000,1828125000.0,2939.33,486,1.26405,6.32033,1.569928e+16,3.139855e+16,3.699055e+16,3.269541e+16,2.0826,1,5.501573e+16,7.692645e+16,7.294488e+16,8.104752e+16,5930.2301,3.598,6,1.116,1.0000,coarse,B,2.7900,4.8734,4.1866,False,512,277,0.541910,0.627680,False,493.896781,CO(4-3),32855.7813,21364.511,star,12.721,1.781,9.923,512,20260825,False,False,,,,1.0270,0.9741,590,385,4.0479,5.5354,0.0253,0.999989
HD61005,HD61005,10,A002_X11d9ce7_X5257,36.4506,849.408207,851.133793,976562.5000,1725585937.5,2211.84,360,35.83812,179.19645,2.781951e+16,3.277409e+16,5.462348e+16,3.715561e+16,1.3356,2,7.987171e+16,8.001114e+16,7.896733e+16,8.098545e+16,10203.2520,3.598,143,23.11,0.9983,fine,A,4.4365,5.8935,5.3648,False,512,361,0.705653,0.625731,False,850.364262,CO(6-5),158891.2617,68888.304,star,7.394,1.035,5.767,512,20260825,False,False,,,,1.0172,1.0135,251056,2.144e+05,5.4203,6.6524,0.0253,0.999967
HD61005,HD61005,10,A002_X11d9ce7_X5257,36.4506,851.408207,853.133793,976562.5000,1725585937.5,2211.84,360,33.30240,166.51746,2.585115e+16,3.045517e+16,5.075862e+16,3.452696e+16,1.3356,2,7.422042e+16,7.434998e+16,7.338002e+16,7.525535e+16,10227.2520,3.598,143,23.16,0.9983,fine,A,4.5534,5.6402,5.7439,True,512,283,0.553606,0.604288,False,851.865238,CO(6-5),160392.2383,69539.061,star,7.376,1.033,5.754,512,20260825,False,False,,,,1.0249,1.0239,251056,1.845e+05,5.4408,6.6890,0.0253,0.999967
HD61005,HD61005,10,A002_X11d9ce7_X5257,36.4506,853.366207,855.091793,976562.5000,1725585937.5,2211.84,360,32.53891,162.69989,2.525849e+16,2.975696e+16,4.959493e+16,3.373566e+16,1.3356,2,7.251884e+16,7.264543e+16,7.169771e+16,7.353005e+16,10250.7480,3.598,144,23.22,0.9983,fine,A,4.7583,5.8092,5.6307,False,512,131,0.257310,0.251462,False,854.346676,CO(6-5),162873.6758,70614.904,star,7.360,1.030,5.740,512,20260825,False,False,,,,1.0218,1.0258,252824,1.836e+05,5.4368,6.6844,0.0253,0.999967
HD61005,HD61005,10,A002_X11d9ce7_X5257,36.4506,855.366207,857.091793,976562.5000,1725585937.5,2211.84,360,34.91997,174.60559,2.710680e+16,3.193445e+16,5.322408e+16,3.620458e+16,1.3356,2,7.782547e+16,7.796132e+16,7.694425e+16,7.891067e+16,10274.7480,3.598,144,23.27,0.9983,fine,A,4.6286,5.7271,5.5336,False,512,224,0.438596,0.471735,False,855.923824,CO(6-5),164450.8242,71298.687,star,7.342,1.028,5.727,512,20260825,False,False,,,,1.0275,1.0188,252824,2.027e+05,5.4514,6.6948,0.0253,0.999967
HD61005,HD61005,10,A002_X11d9ce7_X5257,36.4506,865.408207,867.133793,976562.5000,1725585937.5,2211.84,360,35.74907,178.75137,2.775042e+16,3.269269e+16,5.448781e+16,3.706572e+16,1.3357,2,7.967333e+16,7.981241e+16,7.877119e+16,8.078430e+16,10395.2520,3.598,146,23.54,0.9982,fine,A,4.8481,5.9931,5.5774,False,512,100,0.196881,0.210526,False,866.560551,CO(6-5),175087.5508,75910.306,star,7.257,1.016,5.661,512,20260825,False,False,,,,1.0131,1.0160,256360,2.405e+05,5.4372,6.6647,0.0253,0.999966
HD61005,HD61005,10,A002_X11d9ce7_X5257,36.4506,867.408207,869.133793,976562.5000,1725585937.5,2211.84,360,33.75601,168.78579,2.620330e+16,3.087004e+16,5.145006e+16,3.499955e+16,1.3357,2,7.523146e+16,7.536279e+16,7.437962e+16,7.628049e+16,10419.2520,3.598,146,23.6,0.9982,fine,A,4.5935,5.6511,6.5330,True,512,237,0.463938,0.421053,False,867.810551,CO(6-5),176337.5508,76452.252,star,7.241,1.014,5.648,512,20260825,False,False,,,,1.0225,1.0119,256360,2.16e+05,5.4318,6.6659,0.0253,0.999966
HD61005,HD61005,10,A002_X11d9ce7_X5257,36.4506,869.366207,871.091793,976562.5000,1725585937.5,2211.84,360,35.86671,179.33965,2.784174e+16,3.280028e+16,5.466713e+16,3.718830e+16,1.3357,2,7.993554e+16,8.007508e+16,7.903043e+16,8.105016e+16,10442.7480,3.598,146,23.65,0.9982,fine,A,4.9110,5.7486,5.6950,False,512,69,0.136452,0.062378,False,871.067379,CO(6-5),179594.3789,77864.270,star,7.224,1.011,5.635,512,20260825,False,False,,,,1.0223,1.0189,256360,1.831e+05,5.4193,6.6631,0.0253,0.999966
HD61005,HD61005,10,A002_X11d9ce7_X5257,36.4506,871.366207,873.091793,976562.5000,1725585937.5,2211.84,360,38.63180,193.16560,2.998816e+16,3.532897e+16,5.888162e+16,4.005561e+16,1.3357,2,8.609807e+16,8.624836e+16,8.512318e+16,8.729862e+16,10466.7480,3.598,147,23.71,0.9982,fine,A,4.3679,5.9323,5.6562,False,512,420,0.820663,0.779727,False,873.065426,CO(6-5),181592.4258,78730.536,star,7.208,1.009,5.622,512,20260825,False,False,,,,1.0115,1.0142,258128,2.027e+05,5.3967,6.6277,0.0253,0.999966
CP-72 2713,CP-72 2713,6,A002_Xc296d2_X148c,36.7222,216.126496,217.860871,15625000.0000,1734375000.0,1905.12,189,2.78442,13.92210,3.509888e+16,7.019776e+16,8.269979e+16,7.309706e+16,2.0826,1,1.229987e+17,1.719845e+17,1.630829e+17,1.811980e+17,2603.9242,3.598,3,0.3175,1.0000,coarse,B,2.8473,4.3320,3.7204,False,512,178,0.348928,0.343080,False,216.360871,SiO(5-4),-744.1286,-1027.540,star,28.972,4.056,22.598,512,20260825,False,False,,,,1.1078,1.0337,224,132.1,4.0555,5.7195,0.0431,0.999998
CP-72 2713,CP-72 2713,6,A002_Xc296d2_X148c,36.7222,218.565445,220.405777,488281.2500,1840332031.2,1905.12,189,16.14329,80.71661,6.359183e+15,1.271837e+16,1.498347e+16,1.325976e+16,2.0851,1,1.825765e+16,1.828952e+16,1.805092e+16,1.851223e+16,2633.8273,3.598,52,10.28,0.9988,fine,A,4.4061,5.5476,4.8434,False,512,265,0.518519,0.522417,False,219.283707,C18O(2-1),-276.2929,-377.257,star,28.643,4.010,22.342,512,20260825,False,False,,,,1.0251,1.0013,192270,1.366e+05,5.3255,6.5700,0.0431,0.999998
CP-72 2713,CP-72 2713,6,A002_Xc296d2_X148c,36.7222,230.506541,230.966624,122070.3125,460083007.8,1905.12,189,35.60596,178.03022,3.506486e+15,7.012972e+15,8.261964e+15,7.461995e+15,2.1281,1,1.006736e+16,1.008493e+16,9.953368e+15,1.020774e+16,2768.8390,3.598,213,43.21,0.9786,fine,A,4.7785,5.8255,5.1419,False,512,226,0.442495,0.471735,False,230.895702,CO(2-1),357.7015,465.156,star,27.246,3.814,21.252,512,20260825,False,False,,,,1.0196,1.0001,799240,6.665e+05,5.5950,6.7853,0.0431,0.999998
CP-72 2713,CP-72 2713,6,A002_Xc296d2_X148c,36.7222,232.626016,234.360391,15625000.0000,1734375000.0,1905.12,189,2.88616,14.43081,3.638138e+16,7.276275e+16,8.572160e+16,7.576800e+16,2.0826,1,1.274930e+17,1.782687e+17,1.690419e+17,1.878188e+17,2801.9184,3.598,3,0.3416,1.0000,coarse,B,2.1292,4.1778,3.3165,False,512,454,0.886940,0.900585,False,233.344766,CO(2-1),2806.7661,3649.929,star,26.925,3.769,21.001,512,20260825,False,False,,,,1.0339,0.9250,224,283.3,3.8913,5.3655,0.0431,0.999998
CP-72 2713,CP-72 2713,7,A002_Xff0235_X4a6d,36.7222,330.419656,332.144754,488281.2500,1725097656.2,2993.76,495,2.33239,11.66203,9.187822e+14,1.837564e+15,2.164829e+15,1.915366e+15,2.0847,1,2.637886e+15,2.642491e+15,2.608017e+15,2.674669e+15,3975.3865,3.598,123,24.37,0.9990,fine,A,4.5440,5.6726,5.3961,False,512,303,0.592593,0.543860,False,331.929910,CO(3-2),-13866.0899,-12021.392,star,18.977,2.657,14.802,512,20260825,False,False,,,,1.0318,1.0024,431148,3.268e+05,5.5071,6.7279,0.0263,0.999995
CP-72 2713,CP-72 2713,7,A002_Xff0235_X4a6d,36.7222,332.260033,334.088158,15625000.0000,1828125000.0,4009.82,663,0.32123,1.60616,4.049280e+15,8.098559e+15,9.540891e+15,8.433044e+15,2.0826,1,1.419008e+16,1.984147e+16,1.881451e+16,2.090441e+16,3998.0891,3.598,5,1.026,1.0000,coarse,B,2.3655,4.4487,4.0071,False,512,445,0.869396,0.892788,False,332.369408,CO(3-2),-13426.5918,-11640.363,star,18.869,2.642,14.718,512,20260825,False,False,,,,1.0737,0.9799,472,281.7,4.0783,5.6242,0.0263,0.999995
CP-72 2713,CP-72 2713,7,A002_Xff0235_X4a6d,36.7222,342.309252,344.137377,15625000.0000,1828125000.0,4009.82,663,0.30549,1.52744,3.850819e+15,7.701638e+15,9.073279e+15,8.019730e+15,2.0826,1,1.349461e+16,1.886901e+16,1.789239e+16,1.987985e+16,4118.6798,3.598,5,1.057,1.0000,coarse,B,2.2253,4.3805,4.3783,False,512,472,0.922027,0.925926,False,343.403002,CO(3-2),-2392.9981,-2074.642,star,18.317,2.564,14.287,512,20260825,False,False,,,,1.0280,0.9561,472,341.9,3.9858,5.4677,0.0263,0.999994
CP-72 2713,CP-72 2713,7,A002_Xff0235_X4a6d,36.7222,344.252656,345.977754,488281.2500,1725097656.2,2993.76,495,2.09705,10.48529,8.260736e+14,1.652147e+15,1.946390e+15,1.722245e+15,2.0849,1,2.371714e+15,2.375854e+15,2.344859e+15,2.404785e+15,4141.3825,3.598,129,25.39,0.9989,fine,A,5.8089,5.6832,5.8089,True,512,0,0.001949,0.007797,False,344.269746,CO(3-2),-1526.2539,-1323.206,star,18.216,2.550,14.209,512,20260825,True,True,unattributed; absent in epoch 2,unattributed,unattributed; absent in epoch 2,1.0162,1.0103,452352,2.999e+05,5.4703,6.6891,0.0263,0.999994
CP-72 2713,CP-72 2713,7,A002_Xff0235_X502d,36.7224,330.419569,332.144666,488281.2500,1725097656.2,2993.76,,2.13950,10.69756,8.428048e+14,1.685610e+15,1.985812e+15,1.755226e+15,2.0826,1,2.419750e+15,2.423974e+15,2.392351e+15,2.453491e+15,3975.3854,3.598,123,24.37,,fine,A,4.4696,6.2669,5.3191,False,512,355,0.693957,0.649123,False,,CO(3-2),-14536.5876,-12602.689,star,18.977,2.657,14.802,512,20260825,False,False,,,,1.0299,0.9917,431148,3.68e+05,5.4941,6.7036,0.0263,0.999995
CP-72 2713,CP-72 2713,7,A002_Xff0235_X502d,36.7224,332.259947,334.088072,15625000.0000,1828125000.0,4009.82,,0.29679,1.48397,3.741261e+15,7.482522e+15,8.815138e+15,7.791555e+15,2.0826,1,1.311068e+16,1.833218e+16,1.738334e+16,1.931426e+16,3998.0881,3.598,5,1.026,,coarse,B,2.6460,4.2693,4.4537,False,512,334,0.653021,0.545809,False,,CO(3-2),-12207.9281,-10583.826,star,18.869,2.642,14.718,512,20260825,False,False,,,,1.0262,0.9707,472,387.2,4.0405,5.5245,0.0263,0.999995
CP-72 2713,CP-72 2713,7,A002_Xff0235_X502d,36.7224,342.309163,344.137288,15625000.0000,1828125000.0,4009.82,,0.28585,1.42925,3.603288e+15,7.206575e+15,8.490047e+15,7.504212e+15,2.0826,1,1.262717e+16,1.765611e+16,1.674226e+16,1.860197e+16,4118.6787,3.598,5,1.057,,coarse,B,2.9822,4.4940,4.2419,False,512,168,0.329435,0.228070,False,,CO(3-2),-3455.5870,-2995.867,star,18.317,2.564,14.287,512,20260825,False,False,,,,1.0306,0.9645,472,376.1,4.0302,5.5147,0.0263,0.999994
CP-72 2713,CP-72 2713,7,A002_Xff0235_X502d,36.7224,344.252569,345.977666,488281.2500,1725097656.2,2993.76,,1.96402,9.82016,7.736786e+14,1.547357e+15,1.822937e+15,1.611264e+15,2.0826,1,2.221284e+15,2.225161e+15,2.196132e+15,2.252258e+15,4141.3814,3.598,128,25.39,,fine,A,4.6982,5.9330,5.8306,False,512,187,0.366472,0.450292,False,,CO(3-2),-1031.2244,-894.034,star,18.216,2.550,14.209,512,20260825,False,False,,,,1.0212,0.9898,448818,4.465e+05,5.5000,6.6972,0.0263,0.999994
HD170773,HD170773,6,A002_Xcca365_X3822,36.9345,226.326975,228.167307,488281.2500,1840332031.2,2086.56,,17.14892,85.74486,6.833672e+15,1.366734e+16,1.610146e+16,1.423181e+16,2.0826,1,1.961994e+16,1.965419e+16,1.939778e+16,1.989352e+16,2726.9657,3.598,62,11.65,,fine,A,4.5418,6.3903,5.1735,False,512,186,0.364522,0.356725,False,227.879221,CO(2-1),-2658.7791,-3457.486,star,27.665,3.873,21.578,512,20260825,False,False,,,,1.0326,1.0011,229970,1.519e+05,5.3646,6.6100,0.0485,0.999997
HD170773,HD170773,6,A002_Xce574d_X123f,36.9345,226.374448,228.099546,488281.2500,1725097656.2,846.72,140,1.40517,7.02586,5.599452e+14,1.119890e+15,1.319340e+15,1.166690e+15,2.0836,1,1.607641e+15,1.610447e+15,1.589438e+15,1.630058e+15,2726.8440,3.598,22,4.729,0.9995,fine,A,4.4174,5.6115,5.2624,False,512,132,0.259259,0.245614,False,226.551206,CO(2-1),-3986.7943,-5184.442,star,27.666,3.873,21.579,512,20260825,False,False,,,,1.0300,0.9975,74214,5.221e+04,5.1459,6.4247,0.0373,0.999995
HD170773,HD170773,6,A002_Xcca365_X3822,36.9345,229.217546,231.057878,488281.2500,1840332031.2,2086.56,,19.86608,99.33069,7.916431e+15,1.583286e+16,1.865265e+16,1.648677e+16,2.0826,1,2.272861e+16,2.276829e+16,2.247126e+16,2.304554e+16,2761.6525,3.598,63,11.8,,fine,A,4.5184,5.9970,5.3479,False,512,213,0.415205,0.606238,False,230.647234,CO(2-1),109.2339,142.048,star,27.317,3.824,21.307,512,20260825,False,False,,,,1.0135,0.9939,233740,1.876e+05,5.3339,6.5562,0.0485,0.999997
HD170773,HD170773,6,A002_Xce574d_X123f,36.9345,229.265289,230.990386,488281.2500,1725097656.2,846.72,140,1.37327,6.86639,5.472354e+14,1.094471e+15,1.289393e+15,1.140222e+15,2.0836,1,1.571150e+15,1.573893e+15,1.553360e+15,1.593058e+15,2761.5341,3.598,23,4.789,0.9995,fine,A,4.1788,5.8783,5.0942,False,512,264,0.516569,0.473684,False,230.186187,CO(2-1),-351.8128,-457.499,star,27.318,3.825,21.308,512,20260825,False,False,,,,1.0239,0.9932,77748,5.697e+04,5.1364,6.4055,0.0373,0.999995
HD170773,HD170773,6,A002_Xce574d_X123f,36.9345,242.262223,243.996598,15625000.0000,1734375000.0,973.73,161,0.25960,1.29802,3.310378e+15,6.620755e+15,7.799894e+15,6.894201e+15,2.0826,1,1.160071e+16,1.622085e+16,1.538129e+16,1.708982e+16,2917.5529,3.598,2,0.1818,1.0000,coarse,B,2.2851,4.1208,4.0219,False,512,352,0.688109,0.721248,False,242.496598,CS(5-4),-2439.4022,-2985.737,star,25.858,3.620,20.169,512,20260825,False,False,,,,1.0551,1.0588,112,78.45,3.8641,5.5449,0.0373,0.999994
HD170773,HD170773,6,A002_Xcca365_X3822,36.9345,242.272652,244.007027,15625000.0000,1734375000.0,2086.56,,3.28271,16.41362,4.186010e+16,8.372019e+16,9.863053e+16,8.717790e+16,2.0826,1,1.466923e+17,2.051145e+17,1.944981e+17,2.161028e+17,2917.6781,3.598,4,0.3896,,coarse,B,2.5469,4.1262,3.1353,False,512,269,0.526316,0.393762,False,242.819527,CS(5-4),-2116.4734,-2590.484,star,25.856,3.620,20.168,512,20260825,False,False,,,,0.9295,0.9169,336,274.7,3.6612,5.0524,0.0485,0.999997
HD170773,HD170773,6,A002_Xce574d_X123f,36.9345,244.262465,245.996840,15625000.0000,1734375000.0,973.73,161,0.27200,1.36002,3.468495e+15,6.936990e+15,8.172449e+15,7.223497e+15,2.0826,1,1.215481e+16,1.699563e+16,1.611596e+16,1.790611e+16,2941.5558,3.598,2,0.1833,1.0000,coarse,B,2.7472,4.6843,3.6489,False,512,168,0.329435,0.325536,False,244.512465,CS(5-4),-423.5352,-518.391,star,25.647,3.591,20.004,512,20260825,False,False,,,,1.0196,1.0029,112,114.4,3.7938,5.3751,0.0373,0.999994
HD170773,HD170773,6,A002_Xcca365_X3822,36.9345,244.272979,246.007354,15625000.0000,1734375000.0,2086.56,,3.43269,17.16349,4.377252e+16,8.754503e+16,1.031366e+17,9.116070e+16,2.0826,1,1.533941e+17,2.144853e+17,2.033839e+17,2.259756e+17,2941.6820,3.598,4,0.3928,,coarse,B,2.9489,4.2113,2.9998,False,512,131,0.257310,0.185185,False,244.569854,CS(5-4),-366.1456,-448.148,star,25.645,3.590,20.003,512,20260825,False,False,,,,0.9702,0.9698,336,187.7,3.7578,5.2428,0.0485,0.999997
HD170773,HD170773,7,A002_Xff0235_X8c42,36.9345,330.374882,332.215214,488281.2500,1840332031.2,2963.52,294,23.09921,115.49627,9.204791e+15,1.840958e+16,2.168828e+16,1.922311e+16,2.0884,1,2.642758e+16,2.647372e+16,2.612834e+16,2.679609e+16,3975.5406,3.598,135,24.13,0.9972,fine,A,5.0291,5.7500,5.4471,False,512,60,0.118908,0.109162,False,331.010136,CO(3-2),-14785.8645,-12818.803,star,18.976,2.657,14.801,512,20260825,True,False,,unattributed,,1.0460,0.9874,505180,5.143e+05,5.5866,6.7929,0.0268,0.999998
HD170773,HD170773,7,A002_X10228b9_X423,36.9345,330.474324,332.199422,488281.2500,1725097656.2,1844.64,,3.08335,15.41675,1.228680e+15,2.457359e+15,2.895008e+15,2.558850e+15,2.0826,1,3.527623e+15,3.533781e+15,3.487680e+15,3.576812e+15,3976.0425,3.598,75,15.02,,fine,A,4.4486,5.6452,5.3757,False,512,282,0.551657,0.555556,False,,CO(3-2),-14115.1328,-12237.303,star,18.974,2.656,14.800,512,20260825,False,False,,,,1.0276,0.9862,261516,2.547e+05,5.4067,6.6231,0.0109,0.999999
HD170773,HD170773,7,A002_Xff0235_X8c42,36.9345,332.272685,334.100810,15625000.0000,1828125000.0,2963.52,294,3.25632,16.28165,4.152354e+16,8.304709e+16,9.783754e+16,8.647722e+16,2.0826,1,1.455129e+17,2.034654e+17,1.929344e+17,2.143653e+17,3998.2410,3.598,6,0.7583,1.0000,coarse,B,2.6746,4.7951,3.7799,False,512,315,0.615984,0.623782,False,332.975810,CO(3-2),-12820.1900,-11114.635,star,18.868,2.642,14.717,512,20260825,False,False,,,,1.0514,0.9261,590,539.2,4.0774,5.5282,0.0268,0.999998
HD170773,HD170773,7,A002_X10228b9_X423,36.9345,332.313889,334.142014,15625000.0000,1828125000.0,2479.68,,0.42210,2.11051,5.382498e+15,1.076500e+16,1.268221e+16,1.120960e+16,2.0826,1,1.886215e+16,2.637424e+16,2.500916e+16,2.778715e+16,3998.7354,3.598,4,0.6346,,coarse,B,3.0157,4.5100,4.2624,False,512,123,0.241715,0.265107,False,,CO(3-2),-13013.3610,-11282.107,star,18.866,2.641,14.716,512,20260825,False,False,,,,0.9566,0.9647,354,294.8,3.8258,5.2694,0.0109,0.999999
HD170773,HD170773,7,A002_Xff0235_X8c42,36.9345,342.322281,344.150406,15625000.0000,1828125000.0,2963.52,294,3.14955,15.74777,4.016198e+16,8.032397e+16,9.462944e+16,8.364165e+16,2.0826,1,1.407416e+17,1.967937e+17,1.866080e+17,2.073362e+17,4118.8361,3.598,6,0.7812,1.0000,coarse,B,2.7792,4.6226,5.1507,True,512,292,0.571150,0.637427,False,343.056656,CO(3-2),-2739.3435,-2374.910,star,18.316,2.564,14.286,512,20260825,False,False,,,,1.0345,0.9771,590,424.3,4.0917,5.5812,0.0268,0.999998
HD170773,HD170773,7,A002_X10228b9_X423,36.9345,342.364732,344.192857,15625000.0000,1828125000.0,2479.68,,0.41503,2.07514,5.292291e+15,1.058458e+16,1.246967e+16,1.102173e+16,2.0826,1,1.854603e+16,2.593222e+16,2.459002e+16,2.732145e+16,4119.3455,3.598,4,0.6537,,coarse,B,2.0972,4.6848,4.3246,False,512,492,0.961014,0.964912,False,,CO(3-2),-3384.3929,-2934.145,star,18.314,2.564,14.285,512,20260825,False,False,,,,1.1021,0.9709,354,301.2,4.1332,5.6894,0.0109,0.999999
HD170773,HD170773,7,A002_Xff0235_X8c42,36.9345,344.207878,346.048210,488281.2500,1840332031.2,2963.52,294,20.79717,103.98604,8.287452e+15,1.657490e+16,1.952685e+16,1.731145e+16,2.0889,1,2.379384e+16,2.383537e+16,2.352442e+16,2.412562e+16,4141.5365,3.598,141,25.14,0.9970,fine,A,4.5002,6.0843,5.3339,False,512,343,0.670565,0.590643,False,345.507683,CO(3-2),-288.3175,-249.961,star,18.216,2.550,14.208,512,20260825,False,False,,,,1.0100,1.0007,527800,3.403e+05,5.4506,6.6560,0.0268,0.999998
HD170773,HD170773,7,A002_X10228b9_X423,36.9345,344.307324,346.032422,488281.2500,1725097656.2,1844.64,,2.82039,14.10194,1.123893e+15,2.247786e+15,2.648110e+15,2.340621e+15,2.0826,1,3.226773e+15,3.232406e+15,3.190236e+15,3.271767e+15,4142.0385,3.598,78,15.65,,fine,A,4.1679,5.8961,5.4549,False,512,477,0.931774,0.961014,False,,CO(3-2),-947.1718,-821.163,star,18.213,2.550,14.206,512,20260825,False,False,,,,1.0111,0.9899,272118,2.421e+05,5.3631,6.5733,0.0109,0.999999
TWA 3A 696000,TWA 3A 696000,6,A002_Xd3607d_X6487,37.0547,218.071776,219.899901,15625000.0000,1828125000.0,3507.84,580,0.15470,0.77476,1.988776e+15,3.977553e+15,4.685944e+15,4.141830e+15,2.0826,1,6.969364e+15,9.745005e+15,9.240620e+15,1.026706e+16,2627.8301,3.598,4,0.59,1.0000,coarse,B,3.0940,4.5135,4.8981,False,512,114,0.224172,0.290448,False,218.774901,H2CO,552.9011,759.573,star,28.708,4.019,22.393,512,20260825,False,False,,,,0.9930,0.9624,354,303.1,3.9002,5.3677,0.7014,0.998346
TWA 3A 696000,TWA 3A 696000,6,A002_Xd40be0_X749c,37.0547,218.074926,219.903051,15625000.0000,1828125000.0,3507.84,,0.11634,0.58266,1.495664e+15,2.991329e+15,3.524076e+15,3.114873e+15,2.0826,1,5.241328e+15,7.328755e+15,6.949432e+15,7.721367e+15,2627.8679,3.598,4,0.59,,coarse,B,3.0728,5.0293,4.5955,False,512,146,0.286550,0.152047,False,,C18O(2-1),-500.6986,-683.666,star,28.708,4.019,22.392,512,20260825,False,False,,,,1.0724,1.0174,354,213.5,4.0805,5.6715,0.7011,0.998348
TWA 3A 696000,TWA 3A 696000,6,A002_Xd3607d_X6487,37.0547,220.288446,220.504144,122070.3125,215698242.2,2872.80,475,3.30262,16.54079,3.317140e+14,3.907914e+14,6.513190e+14,4.454238e+14,1.3428,2,9.523736e+14,9.540361e+14,9.415899e+14,9.656535e+14,2644.7555,3.598,301,62.24,0.9930,fine,A,4.7421,5.7414,6.0761,True,512,238,0.465887,0.465887,False,220.410760,13CO(2-1),11.7604,15.997,star,28.525,3.993,22.249,512,20260825,False,False,,,,1.0266,0.9962,530400,6.454e+05,5.5981,6.7913,0.7014,0.998325
TWA 3A 696000,TWA 3A 696000,6,A002_Xd40be0_X749c,37.0547,220.291517,220.507215,122070.3125,215698242.2,2872.80,,2.67124,13.37861,2.682988e+14,3.160821e+14,5.268035e+14,3.577317e+14,1.3333,2,7.703042e+14,7.716488e+14,7.615820e+14,7.810453e+14,2644.7924,3.598,302,62.24,,fine,A,4.7302,6.4846,5.5014,False,512,242,0.473684,0.483431,False,,13CO(2-1),-95.5200,-129.929,star,28.524,3.993,22.249,512,20260825,False,False,,,,1.0215,1.0119,532168,4.326e+05,5.5557,6.7672,0.7011,0.998326
TWA 3A 696000,TWA 3A 696000,6,A002_Xd3607d_X6487,37.0547,230.427679,230.643377,122070.3125,215698242.2,2872.80,475,3.11522,15.60471,3.129417e+14,3.686758e+14,6.144597e+14,4.204967e+14,1.3437,2,8.984771e+14,9.000455e+14,8.883036e+14,9.110055e+14,2766.4263,3.598,315,65.11,0.9923,fine,A,4.7904,6.0660,7.7430,True,512,225,0.440546,0.497076,False,230.450872,CO(2-1),-87.1280,-113.302,star,27.270,3.818,21.271,512,20260825,False,False,,,,1.0274,0.9959,555152,7.766e+05,5.6323,6.8203,0.7014,0.998168
TWA 3A 696000,TWA 3A 696000,6,A002_Xd40be0_X749c,37.0547,230.430903,230.646602,122070.3125,215698242.2,2872.80,,2.46206,12.33288,2.473274e+14,2.913758e+14,4.856263e+14,3.297699e+14,1.3333,2,7.100939e+14,7.113334e+14,7.020535e+14,7.199954e+14,2766.4650,3.598,316,65.11,,fine,A,4.5915,6.4368,9.2607,True,512,360,0.703704,0.840156,False,,CO(2-1),-18.7177,-24.341,star,27.270,3.818,21.270,512,20260825,False,False,,,,1.0138,1.0196,556920,3.97e+05,5.5400,6.7542,0.7011,0.998169
TWA 3A 696000,TWA 3A 696000,6,A002_Xd3607d_X6487,37.0547,231.683430,233.511555,15625000.0000,1828125000.0,3507.84,580,0.15657,0.78429,2.013245e+15,4.026491e+15,4.743597e+15,4.192789e+15,2.0826,1,7.055112e+15,9.864902e+15,9.354312e+15,1.039338e+16,2791.1699,3.598,4,0.6266,1.0000,coarse,B,2.8056,4.4836,4.1571,False,512,223,0.436647,0.413255,False,233.308430,CO(2-1),2770.4299,3602.677,star,27.028,3.784,21.082,512,20260825,False,False,,,,0.9415,0.9735,354,256.6,3.7817,5.2286,0.7014,0.998135
TWA 3A 696000,TWA 3A 696000,6,A002_Xd40be0_X749c,37.0547,231.686677,233.514802,15625000.0000,1828125000.0,3507.84,,0.11391,0.57064,1.464797e+15,2.929593e+15,3.451346e+15,3.050588e+15,2.0826,1,5.133157e+15,7.177504e+15,6.806009e+15,7.562013e+15,2791.2089,3.598,4,0.6266,,coarse,B,3.4252,5.3401,5.0125,False,512,57,0.113060,0.062378,False,,CO(2-1),2601.8025,3383.393,star,27.028,3.784,21.082,512,20260825,False,False,,,,1.1377,0.9950,354,278.9,4.2329,5.8389,0.7011,0.998136
TWA 3A [576064],TWA 3A 696000,6,A002_Xd3607d_X6487,37.1301,218.071776,219.899901,15625000.0000,1828125000.0,3507.84,,0.15479,0.77789,2.004931e+15,4.009861e+15,4.724006e+15,4.175471e+15,2.0826,1,7.025974e+15,9.824160e+15,9.315679e+15,1.035045e+16,2627.8301,3.598,4,0.59,,coarse,B,3.2165,4.3723,4.1151,False,512,81,0.159844,0.081871,False,,C18O(2-1),168.0261,229.427,star,28.708,4.019,22.393,512,20260825,False,False,,,,0.8725,1.0282,354,189.3,3.6836,5.1379,1.2295,0.994928
TWA 3A [576064],TWA 3A 696000,6,A002_Xd3607d_X6487,37.1301,220.288446,220.504144,122070.3125,215698242.2,2872.80,,3.30321,16.60134,3.342844e+14,3.938195e+14,6.563658e+14,4.457125e+14,1.3333,2,9.597532e+14,9.614285e+14,9.488859e+14,9.731360e+14,2644.7555,3.598,301,62.24,,fine,A,4.8491,5.9294,6.1443,True,512,155,0.304094,0.306043,False,,13CO(2-1),-8.6254,-11.732,star,28.525,3.993,22.249,512,20260825,False,False,,,,1.0301,1.0110,530400,4.743e+05,5.5933,6.8066,1.2295,0.994862
TWA 3A [576064],TWA 3A 696000,6,A002_Xd3607d_X6487,37.1301,230.427679,230.643377,122070.3125,215698242.2,2872.80,,3.11585,15.66729,3.154763e+14,3.716618e+14,6.194363e+14,4.206351e+14,1.3333,2,9.057540e+14,9.073351e+14,8.954981e+14,9.183838e+14,2766.4263,3.598,315,65.11,,fine,A,4.6145,5.8204,8.1372,True,512,372,0.727096,0.758285,False,,CO(2-1),75.3476,97.982,star,27.270,3.818,21.271,512,20260825,False,False,,,,1.0008,1.0225,555152,3.763e+05,5.5029,6.7127,1.2295,0.994380
TWA 3A [576064],TWA 3A 696000,6,A002_Xd3607d_X6487,37.1301,231.683430,233.511555,15625000.0000,1828125000.0,3507.84,,0.15639,0.78647,2.027041e+15,4.054081e+15,4.776102e+15,4.221518e+15,2.0826,1,7.103456e+15,9.932500e+15,9.418411e+15,1.046460e+16,2791.1699,3.598,4,0.6266,,coarse,B,2.9899,4.9424,4.0157,False,512,163,0.319688,0.253411,False,,CO(2-1),1817.3049,2363.230,star,27.028,3.784,21.082,512,20260825,False,False,,,,1.0457,1.0198,354,215.8,4.0357,5.6076,1.2295,0.994280
Barta 161 12,Barta 161 12,7,A002_Xce1e34_X1fb8,37.2812,333.152719,334.887094,15625000.0000,1734375000.0,1257.98,208,0.51093,2.55550,6.640279e+15,1.328056e+16,1.564579e+16,1.382907e+16,2.0826,1,2.326985e+16,3.253737e+16,3.085329e+16,3.428044e+16,4008.2389,3.598,3,0.3227,1.0000,coarse,B,1.7237,4.5000,3.6259,False,512,506,0.988304,0.986355,False,334.058969,CO(3-2),-11737.0310,-10175.576,star,18.821,2.635,14.681,512,20260825,False,False,,,,1.0127,0.9695,224,198.8,3.8534,5.3670,0.2065,0.999666
Barta 161 12,Barta 161 12,7,A002_Xce1e34_X1fb8,37.2812,335.048219,336.782594,15625000.0000,1734375000.0,1257.98,208,0.44498,2.22563,5.783139e+15,1.156628e+16,1.362620e+16,1.204398e+16,2.0826,1,2.026613e+16,2.833738e+16,2.687069e+16,2.985545e+16,4030.9849,3.598,3,0.3245,1.0000,coarse,B,3.1989,4.6426,3.4334,False,512,62,0.122807,0.066277,False,335.329469,CO(3-2),-10466.5310,-9074.099,star,18.715,2.620,14.598,512,20260825,False,False,,,,0.9947,1.0081,224,143.3,3.8129,5.3636,0.2065,0.999663
Barta 161 12,Barta 161 12,7,A002_Xce1e34_X1fb8,37.2812,345.157358,346.882455,488281.2500,1725097656.2,876.96,145,2.77612,13.88558,1.127522e+15,2.255043e+15,2.656661e+15,2.350735e+15,2.0849,1,3.237192e+15,3.242843e+15,3.200537e+15,3.282331e+15,4152.2389,3.598,39,7.457,0.9989,fine,A,4.0506,5.5545,5.3137,False,512,429,0.838207,0.795322,False,345.996225,CO(3-2),200.2249,173.588,star,18.169,2.544,14.172,512,20260825,False,False,,,,1.0093,0.9904,134292,9.547e+04,5.1889,6.4290,0.2065,0.999642
Barta 161 12,Barta 161 12,7,A002_Xce1e34_X1fb8,37.2812,347.048219,348.782594,15625000.0000,1734375000.0,1257.98,208,0.52063,2.60409,6.766549e+15,1.353310e+16,1.594331e+16,1.409204e+16,2.0826,1,2.371234e+16,3.315609e+16,3.143999e+16,3.493231e+16,4174.9849,3.598,3,0.3361,1.0000,coarse,B,2.8228,4.1516,3.9110,False,512,171,0.335283,0.319688,False,347.485719,CO(3-2),1689.7190,1464.924,star,18.070,2.530,14.094,512,20260825,False,False,,,,0.9791,0.9655,224,219,3.8030,5.2820,0.2065,0.999638
HD377,HD377,6,A002_X1239f8e_Xa43b,38.4045,229.653766,231.379352,976562.5000,1725585937.5,2237.76,370,17.36072,86.80367,1.495935e+16,1.762357e+16,2.937261e+16,1.994820e+16,1.3335,2,4.294931e+16,4.302428e+16,4.246299e+16,4.354819e+16,2766.1987,3.598,31,6.339,0.9999,fine,A,4.1828,5.6690,5.0935,False,512,285,0.557505,0.586745,False,230.023883,CO(2-1),-514.1169,-668.560,star,27.272,3.818,21.272,512,20260825,False,False,,,,1.0129,1.0143,53040,4.278e+04,5.1067,6.3927,0.0246,0.999999
HD377,HD377,6,A002_X1263402_Xb082,38.4045,229.674130,231.399716,976562.5000,1725585937.5,2086.56,,14.01559,70.07793,1.207691e+16,1.422777e+16,2.371296e+16,1.610255e+16,1.3333,2,3.467363e+16,3.473416e+16,3.428102e+16,3.515712e+16,2766.4431,3.598,31,5.911,,fine,A,4.4100,5.3511,4.9459,False,512,116,0.228070,0.216374,False,230.487607,CO(2-1),-50.3935,-65.532,star,27.270,3.818,21.271,512,20260825,False,False,,,,1.0250,1.0087,53040,4.502e+04,5.1329,6.4211,0.0031,1.000000
HD377,HD377,6,A002_X1239f8e_Xa43b,38.4045,232.060496,233.888621,15625000.0000,1828125000.0,2745.79,454,3.10190,15.50951,4.276540e+16,8.553079e+16,1.007636e+17,8.906331e+16,2.0826,1,1.498648e+17,2.095504e+17,1.987045e+17,2.207764e+17,2795.6947,3.598,3,0.4913,1.0000,coarse,B,2.2085,4.0701,3.0510,False,512,441,0.861598,0.957115,False,233.482371,CO(2-1),2944.3713,3828.871,star,26.985,3.778,21.048,512,20260825,False,False,,,,0.9786,0.9567,236,239.3,3.8054,5.2719,0.0246,0.999999
HD377,HD377,6,A002_X1263402_Xb082,38.4045,232.080860,233.908985,15625000.0000,1828125000.0,2594.59,,2.52466,12.62328,3.480700e+16,6.961400e+16,8.201207e+16,7.248911e+16,2.0826,1,1.219758e+17,1.705543e+17,1.617267e+17,1.796911e+17,2795.9391,3.598,3,0.4643,,coarse,B,2.8029,4.4718,4.0848,False,512,166,0.325536,0.331384,False,232.987110,CO(2-1),2449.1104,3184.832,star,26.982,3.778,21.046,512,20260825,False,False,,,,1.1068,1.0042,236,138.6,4.0102,5.6471,0.0031,1.000000
HD377,HD377,6,A002_X1239f8e_Xa43b,38.4045,244.060496,245.888621,15625000.0000,1828125000.0,2745.79,454,3.24742,16.23711,4.477167e+16,8.954333e+16,1.054908e+17,9.324158e+16,2.0826,1,1.568955e+17,2.193812e+17,2.080264e+17,2.311337e+17,2939.6947,3.598,3,0.5166,1.0000,coarse,B,2.6950,4.1904,3.1078,False,512,183,0.358674,0.350877,False,245.826121,CS(5-4),890.1213,1089.475,star,25.663,3.593,20.017,512,20260825,False,False,,,,1.0386,1.0011,236,123.7,3.8462,5.4356,0.0246,0.999999
HD377,HD377,6,A002_X1263402_Xb082,38.4045,244.080860,245.908985,15625000.0000,1828125000.0,2594.59,,2.61119,13.05593,3.599999e+16,7.199999e+16,8.482299e+16,7.497364e+16,2.0826,1,1.261565e+17,1.764000e+17,1.672698e+17,1.858500e+17,2939.9391,3.598,3,0.4882,,coarse,B,2.4432,4.3156,3.1196,False,512,279,0.545809,0.495127,False,244.846485,CS(5-4),-89.5146,-109.562,star,25.661,3.592,20.015,512,20260825,False,False,,,,1.0275,0.9476,236,157.8,3.7837,5.3067,0.0031,1.000000
HD377,HD377,6,A002_X1239f8e_Xa43b,38.4045,246.060496,247.888621,15625000.0000,1828125000.0,2745.79,454,3.59130,17.95651,4.951268e+16,9.902536e+16,1.166615e+17,1.031152e+17,2.0826,1,1.735096e+17,2.426121e+17,2.300550e+17,2.556092e+17,2963.6947,3.598,4,0.5208,1.0000,coarse,B,3.0192,4.5007,3.2610,False,512,92,0.181287,0.138402,False,246.326121,CS(5-4),1390.1213,1701.456,star,25.455,3.564,19.855,512,20260825,False,False,,,,0.9902,0.9718,354,196.5,3.8113,5.3103,0.0246,0.999999
HD377,HD377,6,A002_X1263402_Xb082,38.4045,246.080860,247.908985,15625000.0000,1828125000.0,2594.59,,2.89450,14.47252,3.990605e+16,7.981209e+16,9.402641e+16,8.310839e+16,2.0826,1,1.398447e+17,1.955396e+17,1.854188e+17,2.060150e+17,2963.9391,3.598,3,0.4922,,coarse,B,2.9825,4.4540,4.0273,False,512,77,0.152047,0.150097,False,247.549610,CS(5-4),2613.6104,3198.961,star,25.453,3.563,19.853,512,20260825,False,False,,,,0.9810,0.9815,236,136.9,3.7250,5.2475,0.0031,1.000000
HD 139084,HD 139084,7,A002_Xcd8029_Xb6b0,38.7162,333.140219,334.874594,15625000.0000,1734375000.0,1409.18,233,0.58103,3.59226,1.006662e+16,2.013323e+16,2.371890e+16,2.096477e+16,2.0826,1,3.527692e+16,4.932642e+16,4.677337e+16,5.196890e+16,4008.0889,3.598,3,0.3615,1.0000,coarse,B,2.3299,4.6671,3.4670,False,512,407,0.795322,0.793372,False,334.218344,CO(3-2),-11577.6564,-10037.404,star,18.822,2.635,14.681,512,20260825,False,False,,,,1.0265,0.9873,224,188.7,3.9020,5.4431,5.2083,0.808727
HD 139084,HD 139084,7,A002_Xcd8029_Xb6b0,38.7162,335.035719,336.770094,15625000.0000,1734375000.0,1409.18,233,0.50244,3.11387,8.726023e+15,1.745205e+16,2.056021e+16,1.817285e+16,2.0826,1,3.057902e+16,4.275751e+16,4.054446e+16,4.504809e+16,4030.8349,3.598,3,0.3635,1.0000,coarse,B,2.4914,4.2482,3.8480,False,512,301,0.588694,0.590643,False,335.816969,CO(3-2),-9979.0314,-8651.454,star,18.716,2.620,14.598,512,20260825,False,False,,,,1.0465,0.9836,224,163.9,3.8986,5.4615,5.2083,0.806775
HD 139084,HD 139084,7,A002_Xcd8029_Xb6b0,38.7162,345.144857,346.869955,488281.2500,1725097656.2,1028.16,170,3.11783,19.57784,1.714474e+15,3.428948e+15,4.039635e+15,3.574453e+15,2.0849,1,4.922372e+15,4.930965e+15,4.866636e+15,4.991010e+15,4152.0889,3.598,44,8.743,0.9989,fine,A,4.1526,18.3885,7.6405,False,512,429,0.838207,0.842105,False,345.328939,CO(3-2),-467.0607,-404.925,star,18.169,2.544,14.172,512,20260825,False,False,,,,1.0149,1.0038,151962,1.458e+05,5.3175,6.5551,5.2083,0.796266
HD 139084,HD 139084,7,A002_Xcd8029_Xb6b0,38.7162,347.035719,348.770094,15625000.0000,1734375000.0,1409.18,233,0.57994,3.65074,1.023051e+16,2.046102e+16,2.410507e+16,2.130610e+16,2.0826,1,3.585127e+16,5.012950e+16,4.753489e+16,5.281501e+16,4174.8349,3.598,3,0.3765,1.0000,coarse,B,2.4052,5.1945,4.2672,False,512,374,0.730994,0.754386,False,348.285719,CO(3-2),2489.7186,2158.495,star,18.070,2.530,14.095,512,20260825,False,False,,,,0.9424,0.9865,224,189.7,3.7387,5.2146,5.2083,0.794275
HIP 490,HIP 490,6,A002_X74c92c_X6d5,38.8298,212.114808,213.849183,15625000.0000,1734375000.0,2237.76,370,0.25953,1.29763,3.657725e+15,7.315449e+15,8.618311e+15,7.617586e+15,2.0826,1,1.281794e+16,1.792285e+16,1.699520e+16,1.888300e+16,2555.7839,3.598,3,0.366,1.0000,coarse,B,2.5361,4.2429,3.9244,False,512,274,0.536062,0.604288,False,213.802308,SiO(5-4),-3302.6920,-4560.568,star,29.518,4.132,23.024,512,20260825,False,False,,,,1.1073,0.9513,224,207.2,4.0121,5.5814,0.0109,1.000000
HIP 490,HIP 490,6,A002_X74c92c_X6d5,38.8298,214.114639,215.849014,15625000.0000,1734375000.0,2237.76,370,0.24268,1.21339,3.420281e+15,6.840561e+15,8.058847e+15,7.123084e+15,2.0826,1,1.198585e+16,1.675938e+16,1.589194e+16,1.765720e+16,2579.7819,3.598,3,0.3695,1.0000,coarse,B,2.5975,4.2534,4.1431,False,512,270,0.528265,0.676413,False,214.349014,SiO(5-4),-2755.9861,-3805.642,star,29.243,4.094,22.810,512,20260825,False,False,,,,1.0595,1.0036,224,163.7,3.9616,5.5499,0.0109,1.000000
HIP 490,HIP 490,6,A002_X74c92c_X6d5,38.8298,227.113540,228.847915,15625000.0000,1734375000.0,2237.76,370,0.23335,1.16673,3.288761e+15,6.577522e+15,7.748960e+15,6.849181e+15,2.0826,1,1.152496e+16,1.611493e+16,1.528085e+16,1.697823e+16,2735.7687,3.598,3,0.3918,1.0000,coarse,B,2.7401,4.3828,4.5851,False,512,200,0.391813,0.405458,False,228.597915,CO(2-1),-1940.0849,-2522.894,star,27.576,3.861,21.509,512,20260825,False,False,,,,1.1554,1.0198,224,128.9,4.1126,5.8046,0.0109,1.000000
HIP 490,HIP 490,6,A002_X74c92c_X6d5,38.8298,230.096768,230.959317,244140.6250,862548828.1,2237.76,370,1.98046,9.90230,4.361315e+14,8.722630e+14,1.027611e+15,9.100446e+14,2.0866,1,1.252163e+15,1.254349e+15,1.237985e+15,1.269623e+15,2766.3365,3.598,121,25.36,0.9981,fine,A,4.8162,6.0366,5.4607,False,512,141,0.276803,0.237817,False,230.524747,CO(2-1),-13.2534,-17.235,star,27.271,3.818,21.271,512,20260825,False,False,,,,1.0297,0.9960,424080,4.135e+05,5.5264,6.7348,0.0109,1.000000
HD110411,HD110411,6,A002_X10b6f7c_X850c,38.9225,214.568205,216.396330,15625000.0000,1828125000.0,2540.16,,2.85304,14.26520,4.040273e+16,8.080545e+16,9.519668e+16,8.414278e+16,2.0826,1,1.415852e+17,1.979734e+17,1.877266e+17,2.085791e+17,2585.7872,3.598,4,0.4204,,coarse,B,3.2945,4.3820,3.6521,False,512,57,0.113060,0.109162,False,215.271330,SiO(5-4),-1833.6701,-2532.049,star,29.175,4.085,22.757,512,20260825,False,False,,,,0.9986,0.9526,354,294.1,3.8849,5.3510,0.0359,0.999999
HD110411,HD110411,6,A002_Xe3da01_X4265,38.9225,216.106945,217.935070,15625000.0000,1828125000.0,1796.26,297,0.22439,1.12812,3.195139e+15,6.390277e+15,7.528368e+15,6.654203e+15,2.0826,1,1.119688e+16,1.565618e+16,1.484584e+16,1.649490e+16,2604.2521,3.598,3,0.2994,1.0000,coarse,B,1.9764,4.3068,3.9533,False,512,501,0.978558,0.986355,False,217.341320,SiO(5-4),236.3197,326.325,star,28.968,4.056,22.595,512,20260825,False,False,,,,1.0943,1.0104,236,166.7,4.0463,5.6654,1.2874,0.994539
HD110411,HD110411,6,A002_Xe45e29_Xb7d4,38.9225,216.108898,217.937023,15625000.0000,1828125000.0,1796.26,,0.27723,1.39375,3.947447e+15,7.894893e+15,9.300952e+15,8.220958e+15,2.0826,1,1.383323e+16,1.934249e+16,1.834135e+16,2.037869e+16,2604.2755,3.598,3,0.2994,,coarse,B,2.8379,4.2163,4.0853,False,512,190,0.370370,0.423002,False,216.249523,SiO(5-4),-855.4771,-1181.297,star,28.968,4.056,22.595,512,20260825,False,False,,,,1.0569,0.9798,236,217.2,3.9810,5.5305,1.2874,0.994539
HD110411,HD110411,6,A002_X10b6f7c_X850c,38.9225,216.561857,218.402678,976562.5000,1840820312.5,2540.16,,14.35529,71.77653,1.270560e+16,1.496843e+16,2.494739e+16,1.694080e+16,1.3333,2,3.647864e+16,3.654232e+16,3.606559e+16,3.698730e+16,2609.7872,3.598,34,6.788,,fine,A,4.2005,5.5955,4.8303,False,512,271,0.530214,0.557505,False,218.125334,H2CO,-96.6662,-132.800,star,28.907,4.047,22.547,512,20260825,False,False,,,,1.0137,1.0149,62238,4.572e+04,5.1232,6.4076,0.0359,0.999999
HD110411,HD110411,6,A002_Xe3da01_X4265,38.9225,219.367908,219.799305,244140.6250,431396484.4,1542.24,255,1.85613,9.33285,4.130160e+14,8.260320e+14,9.731460e+14,8.616568e+14,2.0863,1,1.185797e+15,1.187867e+15,1.172370e+15,1.202332e+15,2635.0033,3.598,76,16.65,0.9982,fine,A,4.6542,5.7793,5.4472,False,512,86,0.169591,0.128655,False,219.451160,C18O(2-1),-108.8397,-148.612,star,28.630,4.008,22.332,512,20260825,False,False,,,,1.0190,0.9917,132600,1.099e+05,5.2439,6.4860,1.2874,0.994410
HD110411,HD110411,6,A002_Xe45e29_Xb7d4,38.9225,219.369801,219.801197,244140.6250,431396484.4,1542.24,,2.29102,11.51948,5.097834e+14,1.019567e+15,1.201149e+15,1.061676e+15,2.0826,1,1.463623e+15,1.466178e+15,1.447050e+15,1.484032e+15,2635.0260,3.598,76,16.65,,fine,A,5.3929,5.8547,5.6952,False,512,2,0.005848,0.021442,False,219.453785,C18O(2-1),-106.2151,-145.029,star,28.630,4.008,22.331,512,20260825,True,False,,unattributed,,1.0325,1.0038,132600,8.531e+04,5.2627,6.5295,1.2874,0.994409
HD110411,HD110411,6,A002_Xe3da01_X4265,38.9225,220.206257,220.637653,244140.6250,431396484.4,1542.24,255,2.41029,12.11973,5.363469e+14,1.072694e+15,1.263738e+15,1.118971e+15,2.0863,1,1.539888e+15,1.542577e+15,1.522452e+15,1.561361e+15,2645.0635,3.598,76,16.71,0.9982,fine,A,4.5575,5.5688,5.5012,False,512,117,0.230019,0.249513,False,220.415485,13CO(2-1),16.4852,22.424,star,28.521,3.993,22.247,512,20260825,False,False,,,,1.0545,0.9998,132600,7.76e+04,5.2907,6.5720,1.2874,0.994367
HD110411,HD110411,6,A002_Xe45e29_Xb7d4,38.9225,220.208149,220.639545,244140.6250,431396484.4,1542.24,,2.91833,14.67432,6.493978e+14,1.298796e+15,1.530107e+15,1.352437e+15,2.0826,1,1.864465e+15,1.867720e+15,1.843354e+15,1.890463e+15,2645.0862,3.598,76,16.71,,fine,A,4.8731,6.0298,5.2016,False,512,43,0.085770,0.118908,False,220.336323,13CO(2-1),-62.6773,-85.255,star,28.521,3.993,22.246,512,20260825,False,False,,,,1.0194,1.0010,132600,9.294e+04,5.2376,6.4915,1.2874,0.994367
HD110411,HD110411,6,A002_X10b6f7c_X850c,38.9225,229.603853,231.444674,976562.5000,1840820312.5,2540.16,,15.21949,76.09760,1.347050e+16,1.586956e+16,2.644926e+16,1.796066e+16,1.3333,2,3.867472e+16,3.874223e+16,3.823680e+16,3.921400e+16,2766.2912,3.598,36,7.195,,fine,A,4.6230,5.5001,5.0406,False,512,64,0.126706,0.202729,False,230.236666,CO(2-1),-301.3341,-391.856,star,27.271,3.818,21.272,512,20260825,False,False,,,,1.0090,0.9993,66010,5.438e+04,5.1050,6.3702,0.0359,0.999998
HD110411,HD110411,6,A002_Xe3da01_X4265,38.9225,230.346699,230.778095,244140.6250,431396484.4,1542.24,255,2.30403,11.59156,5.129732e+14,1.025946e+15,1.208665e+15,1.070385e+15,2.0866,1,1.472781e+15,1.475352e+15,1.456105e+15,1.493318e+15,2766.7488,3.598,80,17.48,0.9981,fine,A,4.1098,5.5673,5.1674,False,512,395,0.771930,0.816764,False,230.508320,CO(2-1),-29.6803,-38.596,star,27.267,3.817,21.268,512,20260825,False,False,,,,1.0308,0.9878,139672,1.13e+05,5.2696,6.5156,1.2874,0.993838
HD110411,HD110411,6,A002_Xe45e29_Xb7d4,38.9225,230.348682,230.780079,244140.6250,431396484.4,1542.24,,2.80007,14.08718,6.234141e+14,1.246828e+15,1.468885e+15,1.298323e+15,2.0826,1,1.789864e+15,1.792989e+15,1.769598e+15,1.814822e+15,2766.7726,3.598,80,17.48,,fine,A,4.4375,5.6660,5.6289,False,512,163,0.319688,0.311891,False,230.698048,CO(2-1),160.0476,208.126,star,27.267,3.817,21.268,512,20260825,False,False,,,,1.0290,0.9833,139672,1.089e+05,5.2463,6.4898,1.2874,0.993838
HD110411,HD110411,6,A002_Xe3da01_X4265,38.9225,231.205982,231.637379,244140.6250,431396484.4,1542.24,255,1.92948,9.70766,4.296028e+14,8.592056e+14,1.012228e+15,8.964351e+14,2.0867,1,1.233419e+15,1.235572e+15,1.219453e+15,1.250618e+15,2777.0602,3.598,80,17.54,0.9981,fine,A,4.2097,5.9751,5.3678,False,512,327,0.639376,0.617934,False,231.621021,CO(2-1),1083.0211,1408.365,star,27.166,3.803,21.189,512,20260825,False,False,,,,1.0237,0.9881,139672,1.077e+05,5.2429,6.4864,1.2874,0.993793
HD110411,HD110411,6,A002_Xe45e29_Xb7d4,38.9225,231.207966,231.639362,244140.6250,431396484.4,1542.24,,2.36279,11.88773,5.260796e+14,1.052159e+15,1.239546e+15,1.095614e+15,2.0826,1,1.510411e+15,1.513047e+15,1.493308e+15,1.531472e+15,2777.0840,3.598,80,17.54,,fine,A,4.4805,5.7535,4.8358,False,512,172,0.337232,0.485380,False,231.436970,CO(2-1),898.9697,1169.023,star,27.165,3.803,21.189,512,20260825,False,False,,,,1.0345,0.9980,139672,1.138e+05,5.3073,6.5618,1.2874,0.993792
HD110411,HD110411,6,A002_X10b6f7c_X850c,38.9225,231.568201,233.396326,15625000.0000,1828125000.0,2540.16,,3.00134,15.00674,4.250294e+16,8.500588e+16,1.001452e+17,8.851668e+16,2.0826,1,1.489451e+17,2.082644e+17,1.974850e+17,2.194214e+17,2789.7872,3.598,4,0.4535,,coarse,B,1.6988,4.5514,2.9731,False,512,512,1.000000,0.994152,False,231.958826,CO(2-1),1420.8261,1847.647,star,27.042,3.786,21.093,512,20260825,False,False,,,,1.0381,0.9564,354,301.7,3.9771,5.4742,0.0359,0.999998
HD110411,HD110411,6,A002_Xe3da01_X4265,38.9225,233.106945,234.935070,15625000.0000,1828125000.0,1796.26,297,0.24688,1.24227,3.518430e+15,7.036860e+15,8.290105e+15,7.327490e+15,2.0826,1,1.232980e+16,1.724031e+16,1.634798e+16,1.816389e+16,2808.2521,3.598,3,0.3228,1.0000,coarse,B,2.3533,4.3537,4.1703,False,512,404,0.789474,0.808967,False,234.513195,CO(2-1),3975.1947,5169.358,star,26.864,3.761,20.954,512,20260825,False,False,,,,1.0514,1.0066,236,169.9,3.9613,5.5433,1.2874,0.993653
HD110411,HD110411,6,A002_Xe45e29_Xb7d4,38.9225,233.108898,234.937023,15625000.0000,1828125000.0,1796.26,,0.29786,1.49879,4.244958e+15,8.489915e+15,1.000195e+16,8.840555e+15,2.0826,1,1.487581e+16,2.080029e+16,1.972371e+16,2.191459e+16,2808.2755,3.598,3,0.3228,,coarse,B,3.5605,5.0893,4.0621,False,512,19,0.038986,0.048733,False,234.655773,CO(2-1),4117.7729,5354.767,star,26.864,3.761,20.954,512,20260825,False,False,,,,0.9869,1.0150,236,166.1,3.8478,5.3882,1.2874,0.993652
HIP10679,HIP10679,6,A002_Xa95c04_X14cd,39.6344,217.623087,219.357462,15625000.0000,1734375000.0,514.08,85,0.47338,2.36733,6.952388e+15,1.390478e+16,1.638118e+16,1.447906e+16,2.0826,1,2.436359e+16,3.406670e+16,3.230347e+16,3.589171e+16,2621.8833,3.598,2,0.08626,1.0000,coarse,B,2.6161,4.2559,3.9758,False,512,200,0.391813,0.407407,False,218.779337,H2CO,557.3366,765.667,star,28.773,4.028,22.443,512,20260825,False,False,,,,1.0081,0.9904,112,120.4,3.7614,5.3205,0.2313,0.999821
HIP10679,HIP10679,6,A002_Xa95c04_X14cd,39.6344,220.386514,220.440423,15258.7891,53909301.8,514.08,85,22.95083,114.77506,3.291716e+14,6.583431e+14,7.755922e+14,1.132176e+15,3.4395,1,9.450740e+14,9.467237e+14,9.343729e+14,9.582521e+14,2644.9616,3.598,772,89.11,0.6055,fine,A,5.4561,6.7583,6.2500,False,512,49,0.097466,0.058480,False,220.418512,13CO(2-1),19.5118,26.540,star,28.522,3.993,22.247,512,20260825,True,False,,"attributed: 13CO(2-1) at +26.5 km/s (topocentric, frozen 15-line mask)",,1.0166,1.0201,2717646,1.863e+06,5.8227,6.9934,0.2313,0.999818
HIP10679,HIP10679,6,A002_Xa95c04_X14cd,39.6344,230.526503,230.580412,15258.7891,53909301.8,514.08,85,20.47569,102.39885,2.936769e+14,5.873539e+14,6.919600e+14,1.065758e+15,3.6290,1,8.431665e+14,8.446383e+14,8.336193e+14,8.549236e+14,2766.6415,3.598,807,93.21,0.5739,fine,A,4.9780,6.0836,5.7800,False,512,283,0.553606,0.582846,False,230.530196,CO(2-1),-7.8044,-10.149,star,27.268,3.818,21.269,512,20260825,False,False,,,,1.0279,1.0011,2841336,2.49e+06,5.8506,7.0090,0.2313,0.999801
HIP10679,HIP10679,6,A002_Xa95c04_X14cd,39.6344,232.136361,233.870736,15625000.0000,1734375000.0,514.08,85,0.48535,2.42724,7.128325e+15,1.425665e+16,1.679572e+16,1.484547e+16,2.0826,1,2.498013e+16,3.492879e+16,3.312094e+16,3.679998e+16,2796.0426,3.598,2,0.09199,1.0000,coarse,B,1.9444,4.6107,3.5585,False,512,472,0.922027,0.955166,False,233.855111,CO(2-1),3317.1114,4313.584,star,26.981,3.777,21.045,512,20260825,False,False,,,,1.0744,1.0048,112,103.3,3.8734,5.5065,0.2313,0.999796
