star_name,eb,flo_GHz,fhi_GHz,dish_m,pb_offset_arcsec,theta_pb_fwhm_arcsec,pb_atten,pb_atten_fwhm,smin_ratio
Proxima Cen,A002_X106a1f1_X6a0c,223.085939,224.914064,7.0,0.5154,44.5634,0.999682,0.999629,1.000053
Proxima Cen,A002_X1076174_X11cc,223.085939,224.914064,7.0,0.5007,44.5634,0.999700,0.999650,1.000050
Proxima Cen,A002_X106b646_X1295,223.085939,224.914064,7.0,0.5133,44.5634,0.999685,0.999632,1.000053
Proxima Cen,A002_X107376c_X12b9,223.085939,224.914064,7.0,0.5015,44.5634,0.999699,0.999649,1.000050
Proxima Cen,A002_X106f040_X13932,223.085939,224.914064,7.0,0.5029,44.5634,0.999697,0.999647,1.000050
Proxima Cen,A002_X106f040_X148f3,223.085939,224.914064,7.0,0.5028,44.5634,0.999697,0.999647,1.000050
Proxima Cen,A002_X1074d99_X167,223.085939,224.914064,7.0,0.5010,44.5634,0.999699,0.999650,1.000049
Proxima Cen,A002_X106b646_X19c5,223.085939,224.914064,7.0,0.5131,44.5634,0.999685,0.999633,1.000053
Proxima Cen,A002_X106ccd1_X1a38,223.085939,224.914064,7.0,0.5095,44.5634,0.999689,0.999638,1.000051
Proxima Cen,A002_X106f040_X26c7,223.085939,224.914064,7.0,0.5050,44.5634,0.999695,0.999644,1.000051
Proxima Cen,A002_X106f040_X2b06,223.085939,224.914064,7.0,0.5050,44.5634,0.999695,0.999644,1.000051
Proxima Cen,A002_X106f040_X2e59,223.085939,224.914064,7.0,0.5049,44.5634,0.999695,0.999644,1.000051
Proxima Cen,A002_X1074d99_X74e,223.085939,224.914064,7.0,0.5010,44.5634,0.999699,0.999650,1.000049
Proxima Cen,A002_X107649f_X868f,223.085939,224.914064,7.0,0.5008,44.5634,0.999700,0.999650,1.000050
Proxima Cen,A002_X107649f_X8f30,223.085939,224.914064,7.0,0.5008,44.5634,0.999700,0.999650,1.000050
Proxima Cen,A002_X1077d5b_X9976,223.085939,224.914064,7.0,0.5015,44.5634,0.999699,0.999649,1.000050
Proxima Cen,A002_X1077d5b_Xa63d,223.085939,224.914064,7.0,0.5016,44.5634,0.999699,0.999649,1.000050
Proxima Cen,A002_X106ccd1_Xbe52,223.085939,224.914064,7.0,0.5078,44.5634,0.999691,0.999640,1.000051
Proxima Cen,A002_X106ccd1_Xc4a6,223.085939,224.914064,7.0,0.5077,44.5634,0.999691,0.999640,1.000051
Proxima Cen,A002_X106a1f1_X6a0c,225.085939,226.914064,7.0,0.5154,44.1690,0.999676,0.999623,1.000053
Proxima Cen,A002_X1076174_X11cc,225.085939,226.914064,7.0,0.5007,44.1690,0.999694,0.999644,1.000050
Proxima Cen,A002_X106b646_X1295,225.085939,226.914064,7.0,0.5133,44.1690,0.999679,0.999626,1.000053
Proxima Cen,A002_X107376c_X12b9,225.085939,226.914064,7.0,0.5015,44.1690,0.999693,0.999643,1.000050
Proxima Cen,A002_X106f040_X13932,225.085939,226.914064,7.0,0.5029,44.1690,0.999692,0.999641,1.000051
Proxima Cen,A002_X106f040_X148f3,225.085939,226.914064,7.0,0.5028,44.1690,0.999692,0.999641,1.000051
Proxima Cen,A002_X1074d99_X167,225.085939,226.914064,7.0,0.5010,44.1690,0.999694,0.999643,1.000051
Proxima Cen,A002_X106b646_X19c5,225.085939,226.914064,7.0,0.5131,44.1690,0.999679,0.999626,1.000053
Proxima Cen,A002_X106ccd1_X1a38,225.085939,226.914064,7.0,0.5095,44.1690,0.999684,0.999631,1.000053
Proxima Cen,A002_X106f040_X26c7,225.085939,226.914064,7.0,0.5050,44.1690,0.999689,0.999638,1.000051
Proxima Cen,A002_X106f040_X2b06,225.085939,226.914064,7.0,0.5050,44.1690,0.999689,0.999638,1.000051
Proxima Cen,A002_X106f040_X2e59,225.085939,226.914064,7.0,0.5049,44.1690,0.999689,0.999638,1.000051
Proxima Cen,A002_X1074d99_X74e,225.085939,226.914064,7.0,0.5010,44.1690,0.999694,0.999643,1.000051
Proxima Cen,A002_X107649f_X868f,225.085939,226.914064,7.0,0.5008,44.1690,0.999694,0.999644,1.000050
Proxima Cen,A002_X107649f_X8f30,225.085939,226.914064,7.0,0.5008,44.1690,0.999694,0.999644,1.000050
Proxima Cen,A002_X1077d5b_X9976,225.085939,226.914064,7.0,0.5015,44.1690,0.999693,0.999643,1.000050
Proxima Cen,A002_X1077d5b_Xa63d,225.085939,226.914064,7.0,0.5016,44.1690,0.999693,0.999642,1.000051
Proxima Cen,A002_X106ccd1_Xbe52,225.085939,226.914064,7.0,0.5078,44.1690,0.999686,0.999634,1.000052
Proxima Cen,A002_X106ccd1_Xc4a6,225.085939,226.914064,7.0,0.5077,44.1690,0.999686,0.999634,1.000052
Proxima Cen,A002_X106a1f1_X6a0c,239.085936,240.914061,7.0,0.5154,41.5925,0.999635,0.999574,1.000061
Proxima Cen,A002_X1076174_X11cc,239.085936,240.914061,7.0,0.5007,41.5925,0.999655,0.999598,1.000057
Proxima Cen,A002_X106b646_X1295,239.085936,240.914061,7.0,0.5133,41.5925,0.999638,0.999578,1.000060
Proxima Cen,A002_X107376c_X12b9,239.085936,240.914061,7.0,0.5015,41.5925,0.999654,0.999597,1.000057
Proxima Cen,A002_X106f040_X13932,239.085936,240.914061,7.0,0.5029,41.5925,0.999652,0.999595,1.000057
Proxima Cen,A002_X106f040_X148f3,239.085936,240.914061,7.0,0.5028,41.5925,0.999652,0.999595,1.000057
Proxima Cen,A002_X1074d99_X167,239.085936,240.914061,7.0,0.5010,41.5925,0.999655,0.999598,1.000057
Proxima Cen,A002_X106b646_X19c5,239.085936,240.914061,7.0,0.5131,41.5925,0.999638,0.999578,1.000060
Proxima Cen,A002_X106ccd1_X1a38,239.085936,240.914061,7.0,0.5095,41.5925,0.999643,0.999584,1.000059
Proxima Cen,A002_X106f040_X26c7,239.085936,240.914061,7.0,0.5050,41.5925,0.999649,0.999591,1.000058
Proxima Cen,A002_X106f040_X2b06,239.085936,240.914061,7.0,0.5050,41.5925,0.999649,0.999591,1.000058
Proxima Cen,A002_X106f040_X2e59,239.085936,240.914061,7.0,0.5049,41.5925,0.999650,0.999592,1.000059
Proxima Cen,A002_X1074d99_X74e,239.085936,240.914061,7.0,0.5010,41.5925,0.999655,0.999598,1.000057
Proxima Cen,A002_X107649f_X868f,239.085936,240.914061,7.0,0.5008,41.5925,0.999655,0.999598,1.000057
Proxima Cen,A002_X107649f_X8f30,239.085936,240.914061,7.0,0.5008,41.5925,0.999655,0.999598,1.000057
Proxima Cen,A002_X1077d5b_X9976,239.085936,240.914061,7.0,0.5015,41.5925,0.999654,0.999597,1.000057
Proxima Cen,A002_X1077d5b_Xa63d,239.085936,240.914061,7.0,0.5016,41.5925,0.999654,0.999597,1.000057
Proxima Cen,A002_X106ccd1_Xbe52,239.085936,240.914061,7.0,0.5078,41.5925,0.999645,0.999587,1.000058
Proxima Cen,A002_X106ccd1_Xc4a6,239.085936,240.914061,7.0,0.5077,41.5925,0.999646,0.999587,1.000059
Proxima Cen,A002_X106a1f1_X6a0c,241.085936,242.914061,7.0,0.5154,41.2488,0.999629,0.999567,1.000062
Proxima Cen,A002_X1076174_X11cc,241.085936,242.914061,7.0,0.5007,41.2488,0.999650,0.999592,1.000058
Proxima Cen,A002_X106b646_X1295,241.085936,242.914061,7.0,0.5133,41.2488,0.999632,0.999571,1.000061
Proxima Cen,A002_X107376c_X12b9,241.085936,242.914061,7.0,0.5015,41.2488,0.999648,0.999590,1.000058
Proxima Cen,A002_X106f040_X13932,241.085936,242.914061,7.0,0.5029,41.2488,0.999647,0.999588,1.000059
Proxima Cen,A002_X106f040_X148f3,241.085936,242.914061,7.0,0.5028,41.2488,0.999647,0.999588,1.000059
Proxima Cen,A002_X1074d99_X167,241.085936,242.914061,7.0,0.5010,41.2488,0.999649,0.999591,1.000058
Proxima Cen,A002_X106b646_X19c5,241.085936,242.914061,7.0,0.5131,41.2488,0.999632,0.999571,1.000061
Proxima Cen,A002_X106ccd1_X1a38,241.085936,242.914061,7.0,0.5095,41.2488,0.999637,0.999577,1.000060
Proxima Cen,A002_X106f040_X26c7,241.085936,242.914061,7.0,0.5050,41.2488,0.999643,0.999585,1.000059
Proxima Cen,A002_X106f040_X2b06,241.085936,242.914061,7.0,0.5050,41.2488,0.999644,0.999585,1.000060
Proxima Cen,A002_X106f040_X2e59,241.085936,242.914061,7.0,0.5049,41.2488,0.999644,0.999585,1.000059
Proxima Cen,A002_X1074d99_X74e,241.085936,242.914061,7.0,0.5010,41.2488,0.999649,0.999591,1.000058
Proxima Cen,A002_X107649f_X868f,241.085936,242.914061,7.0,0.5008,41.2488,0.999649,0.999591,1.000058
Proxima Cen,A002_X107649f_X8f30,241.085936,242.914061,7.0,0.5008,41.2488,0.999649,0.999591,1.000058
Proxima Cen,A002_X1077d5b_X9976,241.085936,242.914061,7.0,0.5015,41.2488,0.999648,0.999590,1.000058
Proxima Cen,A002_X1077d5b_Xa63d,241.085936,242.914061,7.0,0.5016,41.2488,0.999648,0.999590,1.000058
Proxima Cen,A002_X106ccd1_Xbe52,241.085936,242.914061,7.0,0.5078,41.2488,0.999640,0.999580,1.000060
Proxima Cen,A002_X106ccd1_Xc4a6,241.085936,242.914061,7.0,0.5077,41.2488,0.999640,0.999580,1.000060
Proxima Cen,A002_Xdbc154_X138c,223.085939,224.914064,7.0,0.6169,44.5634,0.999544,0.999469,1.000075
Proxima Cen,A002_Xdb7ab7_X140ee,223.085939,224.914064,7.0,0.6219,44.5634,0.999537,0.999460,1.000077
Proxima Cen,A002_Xdc0d09_X1938,223.085939,224.914064,7.0,0.5952,44.5634,0.999576,0.999506,1.000071
Proxima Cen,A002_Xdc21b9_X252f,223.085939,224.914064,7.0,0.5672,44.5634,0.999615,0.999551,1.000064
Proxima Cen,A002_Xdb7ab7_X8bda,223.085939,224.914064,7.0,0.6335,44.5634,0.999519,0.999440,1.000079
Proxima Cen,A002_Xbcef34_X2720,223.132812,224.867188,7.0,0.8423,44.5634,0.999151,0.999010,1.000141
Proxima Cen,A002_Xdbc154_X138c,225.085939,226.914064,7.0,0.6169,44.1690,0.999536,0.999459,1.000077
Proxima Cen,A002_Xdb7ab7_X140ee,225.085939,226.914064,7.0,0.6219,44.1690,0.999529,0.999450,1.000079
Proxima Cen,A002_Xdc0d09_X1938,225.085939,226.914064,7.0,0.5952,44.1690,0.999568,0.999497,1.000071
Proxima Cen,A002_Xdc21b9_X252f,225.085939,226.914064,7.0,0.5672,44.1690,0.999608,0.999543,1.000065
Proxima Cen,A002_Xdb7ab7_X8bda,225.085939,226.914064,7.0,0.6335,44.1690,0.999511,0.999430,1.000081
Proxima Cen,A002_Xbcef34_X2720,225.132812,226.867188,7.0,0.8423,44.1690,0.999135,0.998992,1.000143
Proxima Cen,A002_Xdbc154_X138c,239.085936,240.914061,7.0,0.6169,41.5925,0.999477,0.999390,1.000087
Proxima Cen,A002_Xdb7ab7_X140ee,239.085936,240.914061,7.0,0.6219,41.5925,0.999468,0.999380,1.000088
Proxima Cen,A002_Xdc0d09_X1938,239.085936,240.914061,7.0,0.5952,41.5925,0.999513,0.999432,1.000081
Proxima Cen,A002_Xdc21b9_X252f,239.085936,240.914061,7.0,0.5672,41.5925,0.999558,0.999485,1.000074
Proxima Cen,A002_Xdb7ab7_X8bda,239.085936,240.914061,7.0,0.6335,41.5925,0.999448,0.999357,1.000091
Proxima Cen,A002_Xbcef34_X2720,239.132813,240.867188,7.0,0.8423,41.5925,0.999025,0.998864,1.000162
Proxima Cen,A002_Xdbc154_X138c,241.085936,242.914061,7.0,0.6169,41.2488,0.999468,0.999380,1.000088
Proxima Cen,A002_Xdb7ab7_X140ee,241.085936,242.914061,7.0,0.6219,41.2488,0.999459,0.999370,1.000089
Proxima Cen,A002_Xdc0d09_X1938,241.085936,242.914061,7.0,0.5952,41.2488,0.999505,0.999423,1.000082
Proxima Cen,A002_Xdc21b9_X252f,241.085936,242.914061,7.0,0.5672,41.2488,0.999550,0.999476,1.000074
Proxima Cen,A002_Xdb7ab7_X8bda,241.085936,242.914061,7.0,0.6335,41.2488,0.999439,0.999346,1.000093
Proxima Cen,A002_Xbcef34_X2720,241.132813,242.867188,7.0,0.8423,41.2488,0.999009,0.998845,1.000165
NAME Barnards star,A002_Xfdf45f_X478e,223.085939,224.914064,7.0,0.5377,44.5634,0.999654,0.999596,1.000058
NAME Barnards star,A002_Xfe2e17_X282,223.085939,224.914064,7.0,0.5446,44.5634,0.999645,0.999586,1.000059
NAME Barnards star,A002_Xfe3986_X5c7e,223.085939,224.914064,7.0,0.5474,44.5634,0.999641,0.999582,1.000059
NAME Barnards star,A002_Xfdf45f_X478e,225.085939,226.914064,7.0,0.5377,44.1690,0.999648,0.999589,1.000059
NAME Barnards star,A002_Xfe2e17_X282,225.085939,226.914064,7.0,0.5446,44.1690,0.999638,0.999579,1.000059
NAME Barnards star,A002_Xfe3986_X5c7e,225.085939,226.914064,7.0,0.5474,44.1690,0.999635,0.999574,1.000061
NAME Barnards star,A002_Xfdf45f_X478e,239.085936,240.914061,7.0,0.5377,41.5925,0.999603,0.999537,1.000066
NAME Barnards star,A002_Xfe2e17_X282,239.085936,240.914061,7.0,0.5446,41.5925,0.999592,0.999525,1.000067
NAME Barnards star,A002_Xfe3986_X5c7e,239.085936,240.914061,7.0,0.5474,41.5925,0.999588,0.999520,1.000068
NAME Barnards star,A002_Xfdf45f_X478e,241.085936,242.914061,7.0,0.5377,41.2488,0.999596,0.999529,1.000067
NAME Barnards star,A002_Xfe2e17_X282,241.085936,242.914061,7.0,0.5446,41.2488,0.999585,0.999517,1.000068
NAME Barnards star,A002_Xfe3986_X5c7e,241.085936,242.914061,7.0,0.5474,41.2488,0.999581,0.999512,1.000069
Wolf 359,A002_Xfdb69b_X667a,223.085939,224.914064,7.0,0.5137,44.5634,0.999684,0.999632,1.000052
Wolf 359,A002_Xfdc8ec_X4cec,223.085939,224.914064,7.0,0.5147,44.5634,0.999683,0.999630,1.000053
Wolf 359,A002_Xfddca6_Xcf25,223.085939,224.914064,7.0,0.5183,44.5634,0.999678,0.999625,1.000053
Wolf 359,A002_Xfdb69b_X667a,225.085939,226.914064,7.0,0.5137,44.1690,0.999678,0.999625,1.000053
Wolf 359,A002_Xfdc8ec_X4cec,225.085939,226.914064,7.0,0.5147,44.1690,0.999677,0.999624,1.000053
Wolf 359,A002_Xfddca6_Xcf25,225.085939,226.914064,7.0,0.5183,44.1690,0.999673,0.999618,1.000055
Wolf 359,A002_Xfdb69b_X667a,239.085936,240.914061,7.0,0.5137,41.5925,0.999637,0.999577,1.000060
Wolf 359,A002_Xfdc8ec_X4cec,239.085936,240.914061,7.0,0.5147,41.5925,0.999636,0.999576,1.000061
Wolf 359,A002_Xfddca6_Xcf25,239.085936,240.914061,7.0,0.5183,41.5925,0.999631,0.999570,1.000061
Wolf 359,A002_Xfdb69b_X667a,241.085936,242.914061,7.0,0.5137,41.2488,0.999631,0.999570,1.000061
Wolf 359,A002_Xfdc8ec_X4cec,241.085936,242.914061,7.0,0.5147,41.2488,0.999630,0.999568,1.000062
Wolf 359,A002_Xfddca6_Xcf25,241.085936,242.914061,7.0,0.5183,41.2488,0.999625,0.999562,1.000063
alf CMa B,A002_Xc99ad7_X348,92.127387,93.861762,12.0,7.6430,62.6160,0.965182,0.959533,1.005887
alf CMa B,A002_Xc99ad7_X348,94.064887,95.799262,12.0,7.6430,61.3381,0.963743,0.957865,1.006136
alf CMa B,A002_Xc99ad7_X348,104.127387,105.861762,12.0,7.6430,55.4595,0.955831,0.948705,1.007511
alf CMa B,A002_Xc99ad7_X348,106.127387,107.861762,12.0,7.6430,54.4228,0.954171,0.946785,1.007801
alf CMa B,A002_Xcc626d_X579,142.127387,143.861762,12.0,7.9774,40.7215,0.912757,0.899061,1.015234
alf CMa B,A002_Xcc626d_X579,144.064887,145.799262,12.0,7.9774,40.1771,0.910487,0.896454,1.015653
alf CMa B,A002_Xcc626d_X579,154.127387,155.861762,12.0,7.9774,37.5687,0.898302,0.882485,1.017923
alf CMa B,A002_Xcc626d_X579,156.127387,157.861762,12.0,7.9774,37.0901,0.895803,0.879625,1.018392
alf CMa B,A002_Xd0fb35_X90dc,195.127387,196.861762,12.0,7.4333,29.7097,0.861656,0.840666,1.024968
alf CMa B,A002_Xd0fb35_X90dc,197.064887,198.799262,12.0,7.4333,29.4189,0.859110,0.837772,1.025470
alf CMa B,A002_Xd0fb35_X90dc,207.127387,208.861762,12.0,7.4333,27.9957,0.845615,0.822453,1.028162
alf CMa B,A002_Xd0fb35_X90dc,209.127387,210.861762,12.0,7.4333,27.7290,0.842879,0.819352,1.028714
G 272-61B,A002_X877e41_X14c1,89.627387,91.361762,12.0,1.3741,64.3458,0.998916,0.998736,1.000180
G 272-61B,A002_X877e41_X14c1,91.564887,93.299262,12.0,1.3741,62.9971,0.998869,0.998682,1.000187
G 272-61B,A002_X877e41_X14c1,101.627387,103.361762,12.0,1.3741,56.8123,0.998609,0.998379,1.000230
G 272-61B,A002_X877e41_X14c1,103.627387,105.361762,12.0,1.3741,55.7249,0.998555,0.998316,1.000240
G 272-61A,A002_X877e41_X14c1,89.627387,91.361762,12.0,1.9666,64.3458,0.997781,0.997413,1.000368
G 272-61A,A002_X877e41_X14c1,91.564887,93.299262,12.0,1.9666,62.9971,0.997685,0.997302,1.000384
G 272-61A,A002_X877e41_X14c1,101.627387,103.361762,12.0,1.9666,56.8123,0.997154,0.996683,1.000472
G 272-61A,A002_X877e41_X14c1,103.627387,105.361762,12.0,1.9666,55.7249,0.997042,0.996553,1.000491
CD-23 14742,A002_Xfeb5e6_X13ee,223.085939,224.914064,7.0,0.3261,44.5634,0.999873,0.999852,1.000021
CD-23 14742,A002_Xfec857_X11fd,223.085939,224.914064,7.0,0.3282,44.5634,0.999871,0.999850,1.000021
CD-23 14742,A002_Xfec857_X6b2,223.085939,224.914064,7.0,0.3282,44.5634,0.999871,0.999850,1.000021
CD-23 14742,A002_Xfee03e_X82ee,223.085939,224.914064,7.0,0.3313,44.5634,0.999869,0.999847,1.000022
CD-23 14742,A002_Xfeb5e6_X13ee,225.085939,226.914064,7.0,0.3261,44.1690,0.999870,0.999849,1.000021
CD-23 14742,A002_Xfec857_X11fd,225.085939,226.914064,7.0,0.3282,44.1690,0.999869,0.999847,1.000022
CD-23 14742,A002_Xfec857_X6b2,225.085939,226.914064,7.0,0.3282,44.1690,0.999869,0.999847,1.000022
CD-23 14742,A002_Xfee03e_X82ee,225.085939,226.914064,7.0,0.3313,44.1690,0.999866,0.999844,1.000022
CD-23 14742,A002_Xfeb5e6_X13ee,239.085936,240.914061,7.0,0.3261,41.5925,0.999854,0.999830,1.000024
CD-23 14742,A002_Xfec857_X11fd,239.085936,240.914061,7.0,0.3282,41.5925,0.999852,0.999827,1.000025
CD-23 14742,A002_Xfec857_X6b2,239.085936,240.914061,7.0,0.3282,41.5925,0.999852,0.999827,1.000025
CD-23 14742,A002_Xfee03e_X82ee,239.085936,240.914061,7.0,0.3313,41.5925,0.999849,0.999824,1.000025
CD-23 14742,A002_Xfeb5e6_X13ee,241.085936,242.914061,7.0,0.3261,41.2488,0.999851,0.999827,1.000024
CD-23 14742,A002_Xfec857_X11fd,241.085936,242.914061,7.0,0.3282,41.2488,0.999849,0.999824,1.000025
CD-23 14742,A002_Xfec857_X6b2,241.085936,242.914061,7.0,0.3282,41.2488,0.999849,0.999824,1.000025
CD-23 14742,A002_Xfee03e_X82ee,241.085936,242.914061,7.0,0.3313,41.2488,0.999847,0.999821,1.000026
tau Cet,A002_X9707f1_Xa89,223.128906,224.871094,12.0,0.0172,25.9953,0.999999,0.999999,1.000000
tau Cet,A002_X8602fa_X509f,223.160156,224.847656,7.0,0.0167,44.5626,1.000000,1.000000,1.000000
tau Cet,A002_X9707f1_Xa89,225.128906,226.871094,12.0,0.0172,25.7653,0.999999,0.999999,1.000000
tau Cet,A002_X8602fa_X509f,225.160156,226.847656,7.0,0.0167,44.1683,1.000000,1.000000,1.000000
tau Cet,A002_Xbaa732_X1627,229.626443,231.466775,7.0,0.1832,43.2980,0.999957,0.999950,1.000007
tau Cet,A002_Xba4d35_Xb3a3,229.628380,231.468712,7.0,0.1690,43.2976,0.999964,0.999958,1.000006
tau Cet,A002_Xba460f_X7e6,229.629104,231.469436,7.0,0.1644,43.2975,0.999966,0.999960,1.000006
tau Cet,A002_Xb9cc97_X193f,229.633486,231.473818,7.0,0.1399,43.2966,0.999975,0.999971,1.000004
tau Cet,A002_Xb9cc97_X1734,229.633640,231.473972,7.0,0.1398,43.2966,0.999975,0.999971,1.000004
tau Cet,A002_Xb9cc97_X150a,229.633788,231.474121,7.0,0.1398,43.2966,0.999975,0.999971,1.000004
tau Cet,A002_Xbaa732_X1627,231.633333,233.367708,7.0,0.1832,42.9341,0.999957,0.999950,1.000007
tau Cet,A002_Xba4d35_Xb3a3,231.635219,233.369594,7.0,0.1690,42.9337,0.999963,0.999957,1.000006
tau Cet,A002_Xba460f_X7e6,231.635924,233.370299,7.0,0.1644,42.9336,0.999965,0.999959,1.000006
tau Cet,A002_Xb9cc97_X193f,231.640191,233.374566,7.0,0.1399,42.9328,0.999975,0.999971,1.000004
tau Cet,A002_Xb9cc97_X1734,231.640341,233.374716,7.0,0.1398,42.9328,0.999975,0.999971,1.000004
tau Cet,A002_X9707f1_Xa89,239.128906,240.871094,12.0,0.0172,24.2623,0.999999,0.999999,1.000000
tau Cet,A002_X8602fa_X509f,239.152344,240.839844,7.0,0.0167,41.5932,1.000000,1.000000,1.000000
tau Cet,A002_X9707f1_Xa89,241.128906,242.871094,12.0,0.0172,24.0618,0.999999,0.999999,1.000000
tau Cet,A002_X8602fa_X509f,241.152344,242.839844,7.0,0.0167,41.2494,1.000000,1.000000,1.000000
tau Cet,A002_Xbaa732_X1627,244.133361,245.867736,7.0,0.1832,40.7436,0.999952,0.999944,1.000008
tau Cet,A002_Xba4d35_Xb3a3,244.135319,245.869694,7.0,0.1690,40.7433,0.999959,0.999952,1.000007
tau Cet,A002_Xba460f_X7e6,244.136123,245.870498,7.0,0.1644,40.7431,0.999961,0.999955,1.000006
tau Cet,A002_Xb9cc97_X193f,244.140587,245.874962,7.0,0.1399,40.7424,0.999972,0.999967,1.000005
tau Cet,A002_Xb9cc97_X1734,244.140746,245.875121,7.0,0.1398,40.7424,0.999972,0.999967,1.000005
tau Cet,A002_Xbaa732_X1627,246.133365,247.867740,7.0,0.1832,40.4137,0.999951,0.999943,1.000008
tau Cet,A002_Xba4d35_Xb3a3,246.135399,247.869774,7.0,0.1690,40.4133,0.999958,0.999952,1.000006
tau Cet,A002_Xba460f_X7e6,246.136123,247.870498,7.0,0.1644,40.4132,0.999961,0.999954,1.000007
tau Cet,A002_Xb9cc97_X193f,246.140651,247.875026,7.0,0.1399,40.4125,0.999971,0.999967,1.000004
tau Cet,A002_Xb9cc97_X1734,246.140811,247.875186,7.0,0.1398,40.4125,0.999972,0.999967,1.000005
BD05 1668,A002_Xc74b5b_X7c16,223.132814,224.867189,7.0,0.2449,44.5634,0.999928,0.999916,1.000012
BD05 1668,A002_Xc9831a_X13c7,223.132814,224.867189,7.0,0.1117,44.5634,0.999985,0.999983,1.000002
BD05 1668,A002_Xc99ad7_X1619,223.132814,224.867189,7.0,0.1119,44.5634,0.999985,0.999983,1.000002
BD05 1668,A002_Xc94c38_X1923,223.132814,224.867189,7.0,0.1141,44.5634,0.999984,0.999982,1.000002
BD05 1668,A002_Xc805c1_X1ab2,223.132814,224.867189,7.0,0.1922,44.5634,0.999956,0.999948,1.000008
BD05 1668,A002_Xc83b78_X256c,223.132814,224.867189,7.0,0.1736,44.5634,0.999964,0.999958,1.000006
BD05 1668,A002_Xc7b4ea_X2729,223.132814,224.867189,7.0,0.2165,44.5634,0.999944,0.999935,1.000009
BD05 1668,A002_Xc7fa6f_X28a8,223.132814,224.867189,7.0,0.1951,44.5634,0.999954,0.999947,1.000007
BD05 1668,A002_Xc96f17_X2a84,223.132814,224.867189,7.0,0.1122,44.5634,0.999985,0.999982,1.000003
BD05 1668,A002_Xcbc47c_X2d9,223.132814,224.867189,7.0,0.2249,44.5634,0.999939,0.999929,1.000010
BD05 1668,A002_Xc96463_X30ea,223.132814,224.867189,7.0,0.1127,44.5634,0.999985,0.999982,1.000003
BD05 1668,A002_Xcb8a93_X395,223.132814,224.867189,7.0,0.2236,44.5634,0.999940,0.999930,1.000010
BD05 1668,A002_Xc92fe3_X4af1,223.132814,224.867189,7.0,0.1160,44.5634,0.999984,0.999981,1.000003
BD05 1668,A002_Xc7a409_X5de8,223.132814,224.867189,7.0,0.2196,44.5634,0.999942,0.999933,1.000009
BD05 1668,A002_Xc77d4f_X6247,223.132814,224.867189,7.0,0.2310,44.5634,0.999936,0.999926,1.000010
BD05 1668,A002_Xc7e4e4_X683a,223.132814,224.867189,7.0,0.1981,44.5634,0.999953,0.999945,1.000008
BD05 1668,A002_Xc92012_X6a6f,223.132814,224.867189,7.0,0.1173,44.5634,0.999984,0.999981,1.000003
BD05 1668,A002_Xcb8a93_X7bee,223.132814,224.867189,7.0,0.2240,44.5634,0.999940,0.999930,1.000010
BD05 1668,A002_Xc9831a_Xa0b7,223.132814,224.867189,7.0,0.1117,44.5634,0.999985,0.999983,1.000002
BD05 1668,A002_Xc92fe3_Xaa2f,223.132814,224.867189,7.0,0.1150,44.5634,0.999984,0.999982,1.000002
BD05 1668,A002_Xc8ed16_Xafd5,223.132814,224.867189,7.0,0.1257,44.5634,0.999981,0.999978,1.000003
BD05 1668,A002_Xc94c38_Xb5c5,223.132814,224.867189,7.0,0.1133,44.5634,0.999985,0.999982,1.000003
BD05 1668,A002_Xc94c38_Xc003,223.132814,224.867189,7.0,0.1133,44.5634,0.999985,0.999982,1.000003
BD05 1668,A002_Xc8592e_Xd319,223.132814,224.867189,7.0,0.1614,44.5634,0.999969,0.999964,1.000005
BD05 1668,A002_Xca464b_Xebf,223.132814,224.867189,7.0,0.1985,44.5634,0.999953,0.999945,1.000008
BD05 1668,A002_Xc74b5b_X7c16,225.132814,226.867189,7.0,0.2449,44.1690,0.999927,0.999915,1.000012
BD05 1668,A002_Xc9831a_X13c7,225.132814,226.867189,7.0,0.1117,44.1690,0.999985,0.999982,1.000003
BD05 1668,A002_Xc99ad7_X1619,225.132814,226.867189,7.0,0.1119,44.1690,0.999985,0.999982,1.000003
BD05 1668,A002_Xc94c38_X1923,225.132814,226.867189,7.0,0.1141,44.1690,0.999984,0.999981,1.000003
BD05 1668,A002_Xc805c1_X1ab2,225.132814,226.867189,7.0,0.1922,44.1690,0.999955,0.999948,1.000007
BD05 1668,A002_Xc83b78_X256c,225.132814,226.867189,7.0,0.1736,44.1690,0.999963,0.999957,1.000006
BD05 1668,A002_Xc7b4ea_X2729,225.132814,226.867189,7.0,0.2165,44.1690,0.999943,0.999933,1.000010
BD05 1668,A002_Xc7fa6f_X28a8,225.132814,226.867189,7.0,0.1943,44.1690,0.999954,0.999946,1.000008
BD05 1668,A002_Xc96f17_X2a84,225.132814,226.867189,7.0,0.1122,44.1690,0.999985,0.999982,1.000003
BD05 1668,A002_Xcbc47c_X2d9,225.132814,226.867189,7.0,0.2249,44.1690,0.999938,0.999928,1.000010
BD05 1668,A002_Xc96463_X30ea,225.132814,226.867189,7.0,0.1127,44.1690,0.999985,0.999982,1.000003
BD05 1668,A002_Xcb8a93_X395,225.132814,226.867189,7.0,0.2236,44.1690,0.999939,0.999929,1.000010
BD05 1668,A002_Xc92fe3_X4af1,225.132814,226.867189,7.0,0.1160,44.1690,0.999984,0.999981,1.000003
BD05 1668,A002_Xc7a409_X5de8,225.132814,226.867189,7.0,0.2196,44.1690,0.999941,0.999931,1.000010
BD05 1668,A002_Xc77d4f_X6247,225.132814,226.867189,7.0,0.2310,44.1690,0.999935,0.999924,1.000011
BD05 1668,A002_Xc7e4e4_X683a,225.132814,226.867189,7.0,0.1981,44.1690,0.999952,0.999944,1.000008
BD05 1668,A002_Xc92012_X6a6f,225.132814,226.867189,7.0,0.1173,44.1690,0.999983,0.999980,1.000003
BD05 1668,A002_Xcb8a93_X7bee,225.132814,226.867189,7.0,0.2240,44.1690,0.999939,0.999929,1.000010
BD05 1668,A002_Xc9831a_Xa0b7,225.132814,226.867189,7.0,0.1117,44.1690,0.999985,0.999982,1.000003
BD05 1668,A002_Xc92fe3_Xaa2f,225.132814,226.867189,7.0,0.1150,44.1690,0.999984,0.999981,1.000003
BD05 1668,A002_Xc8ed16_Xafd5,225.132814,226.867189,7.0,0.1257,44.1690,0.999981,0.999978,1.000003
BD05 1668,A002_Xc94c38_Xb5c5,225.132814,226.867189,7.0,0.1133,44.1690,0.999984,0.999982,1.000002
BD05 1668,A002_Xc94c38_Xc003,225.132814,226.867189,7.0,0.1133,44.1690,0.999984,0.999982,1.000002
BD05 1668,A002_Xc8592e_Xd319,225.132814,226.867189,7.0,0.1614,44.1690,0.999968,0.999963,1.000005
BD05 1668,A002_Xca464b_Xebf,225.132814,226.867189,7.0,0.1985,44.1690,0.999952,0.999944,1.000008
BD05 1668,A002_Xc74b5b_X7c16,239.132811,240.867186,7.0,0.2449,41.5925,0.999918,0.999904,1.000014
BD05 1668,A002_Xc9831a_X13c7,239.132811,240.867186,7.0,0.1117,41.5925,0.999983,0.999980,1.000003
BD05 1668,A002_Xc99ad7_X1619,239.132811,240.867186,7.0,0.1119,41.5925,0.999983,0.999980,1.000003
BD05 1668,A002_Xc94c38_X1923,239.132811,240.867186,7.0,0.1141,41.5925,0.999982,0.999979,1.000003
BD05 1668,A002_Xc805c1_X1ab2,239.132811,240.867186,7.0,0.1922,41.5925,0.999949,0.999941,1.000008
BD05 1668,A002_Xc83b78_X256c,239.132811,240.867186,7.0,0.1736,41.5925,0.999959,0.999952,1.000007
BD05 1668,A002_Xc7b4ea_X2729,239.132811,240.867186,7.0,0.2165,41.5925,0.999936,0.999925,1.000011
BD05 1668,A002_Xc7fa6f_X28a8,239.132811,240.867186,7.0,0.1943,41.5925,0.999948,0.999939,1.000009
BD05 1668,A002_Xc96f17_X2a84,239.132811,240.867186,7.0,0.1122,41.5925,0.999983,0.999980,1.000003
BD05 1668,A002_Xcbc47c_X2d9,239.132811,240.867186,7.0,0.2249,41.5925,0.999930,0.999919,1.000011
BD05 1668,A002_Xc96463_X30ea,239.132811,240.867186,7.0,0.1127,41.5925,0.999983,0.999980,1.000003
BD05 1668,A002_Xcb8a93_X395,239.132811,240.867186,7.0,0.2236,41.5925,0.999931,0.999920,1.000011
BD05 1668,A002_Xc92fe3_X4af1,239.132811,240.867186,7.0,0.1160,41.5925,0.999981,0.999978,1.000003
BD05 1668,A002_Xc7a409_X5de8,239.132811,240.867186,7.0,0.2196,41.5925,0.999934,0.999923,1.000011
BD05 1668,A002_Xc77d4f_X6247,239.132811,240.867186,7.0,0.2310,41.5925,0.999927,0.999914,1.000013
BD05 1668,A002_Xc7e4e4_X683a,239.132811,240.867186,7.0,0.1981,41.5925,0.999946,0.999937,1.000009
BD05 1668,A002_Xc92012_X6a6f,239.132811,240.867186,7.0,0.1173,41.5925,0.999981,0.999978,1.000003
BD05 1668,A002_Xcb8a93_X7bee,239.132811,240.867186,7.0,0.2240,41.5925,0.999931,0.999920,1.000011
BD05 1668,A002_Xc9831a_Xa0b7,239.132811,240.867186,7.0,0.1117,41.5925,0.999983,0.999980,1.000003
BD05 1668,A002_Xc92fe3_Xaa2f,239.132811,240.867186,7.0,0.1150,41.5925,0.999982,0.999979,1.000003
BD05 1668,A002_Xc8ed16_Xafd5,239.132811,240.867186,7.0,0.1257,41.5925,0.999978,0.999975,1.000003
BD05 1668,A002_Xc94c38_Xb5c5,239.132811,240.867186,7.0,0.1133,41.5925,0.999982,0.999979,1.000003
BD05 1668,A002_Xc94c38_Xc003,239.132811,240.867186,7.0,0.1133,41.5925,0.999982,0.999979,1.000003
BD05 1668,A002_Xc8592e_Xd319,239.132811,240.867186,7.0,0.1614,41.5925,0.999964,0.999958,1.000006
BD05 1668,A002_Xca464b_Xebf,239.132811,240.867186,7.0,0.1985,41.5925,0.999946,0.999937,1.000009
BD05 1668,A002_Xc74b5b_X7c16,241.132811,242.867186,7.0,0.2449,41.2488,0.999916,0.999902,1.000014
BD05 1668,A002_Xc9831a_X13c7,241.132811,242.867186,7.0,0.1117,41.2488,0.999983,0.999980,1.000003
BD05 1668,A002_Xc94c38_X1923,241.132811,242.867186,7.0,0.1141,41.2488,0.999982,0.999979,1.000003
BD05 1668,A002_Xc805c1_X1ab2,241.132811,242.867186,7.0,0.1922,41.2488,0.999948,0.999940,1.000008
BD05 1668,A002_Xc83b78_X256c,241.132811,242.867186,7.0,0.1736,41.2488,0.999958,0.999951,1.000007
BD05 1668,A002_Xc7b4ea_X2729,241.132811,242.867186,7.0,0.2165,41.2488,0.999934,0.999924,1.000010
BD05 1668,A002_Xc7fa6f_X28a8,241.132811,242.867186,7.0,0.1970,41.2488,0.999946,0.999937,1.000009
BD05 1668,A002_Xc96f17_X2a84,241.132811,242.867186,7.0,0.1122,41.2488,0.999982,0.999979,1.000003
BD05 1668,A002_Xcbc47c_X2d9,241.132811,242.867186,7.0,0.2249,41.2488,0.999929,0.999918,1.000011
BD05 1668,A002_Xc96463_X30ea,241.132811,242.867186,7.0,0.1127,41.2488,0.999982,0.999979,1.000003
BD05 1668,A002_Xcb8a93_X395,241.132811,242.867186,7.0,0.2236,41.2488,0.999930,0.999919,1.000011
BD05 1668,A002_Xc92fe3_X4af1,241.132811,242.867186,7.0,0.1160,41.2488,0.999981,0.999978,1.000003
BD05 1668,A002_Xc7a409_X5de8,241.132811,242.867186,7.0,0.2196,41.2488,0.999933,0.999921,1.000012
BD05 1668,A002_Xc77d4f_X6247,241.132811,242.867186,7.0,0.2310,41.2488,0.999925,0.999913,1.000012
BD05 1668,A002_Xc7e4e4_X683a,241.132811,242.867186,7.0,0.1981,41.2488,0.999945,0.999936,1.000009
BD05 1668,A002_Xc92012_X6a6f,241.132811,242.867186,7.0,0.1173,41.2488,0.999981,0.999978,1.000003
BD05 1668,A002_Xcb8a93_X7bee,241.132811,242.867186,7.0,0.2240,41.2488,0.999930,0.999918,1.000012
BD05 1668,A002_Xc9831a_Xa0b7,241.132811,242.867186,7.0,0.1117,41.2488,0.999983,0.999980,1.000003
BD05 1668,A002_Xc92fe3_Xaa2f,241.132811,242.867186,7.0,0.1150,41.2488,0.999982,0.999978,1.000004
BD05 1668,A002_Xc8ed16_Xafd5,241.132811,242.867186,7.0,0.1257,41.2488,0.999978,0.999974,1.000004
BD05 1668,A002_Xc94c38_Xb5c5,241.132811,242.867186,7.0,0.1133,41.2488,0.999982,0.999979,1.000003
BD05 1668,A002_Xc94c38_Xc003,241.132811,242.867186,7.0,0.1133,41.2488,0.999982,0.999979,1.000003
BD05 1668,A002_Xc8592e_Xd319,241.132811,242.867186,7.0,0.1614,41.2488,0.999964,0.999958,1.000006
BD05 1668,A002_Xca464b_Xebf,241.132811,242.867186,7.0,0.1985,41.2488,0.999945,0.999936,1.000009
BD05 1668,A002_Xc99ad7_X1619,241.148436,242.851561,7.0,0.1119,41.2488,0.999983,0.999980,1.000003
HD 33793,A002_Xc8b2b0_X9c35,223.085939,224.914064,7.0,0.4952,44.5634,0.999706,0.999658,1.000048
HD 33793,A002_Xcc3ae3_X12e7,223.085939,224.914064,7.0,0.1314,44.5634,0.999979,0.999976,1.000003
HD 33793,A002_Xc96463_X164e,223.085939,224.914064,7.0,0.4557,44.5634,0.999751,0.999710,1.000041
HD 33793,A002_Xc96463_X1d7a,223.085939,224.914064,7.0,0.4555,44.5634,0.999751,0.999710,1.000041
HD 33793,A002_Xc92fe3_X255d,223.085939,224.914064,7.0,0.4667,44.5634,0.999739,0.999696,1.000043
HD 33793,A002_Xc96463_X281c,223.085939,224.914064,7.0,0.4553,44.5634,0.999752,0.999711,1.000041
HD 33793,A002_Xc99ad7_X2cc,223.085939,224.914064,7.0,0.4413,44.5634,0.999767,0.999728,1.000039
HD 33793,A002_Xd29c1f_X445c,223.085939,224.914064,7.0,0.5797,44.5634,0.999598,0.999531,1.000067
HD 33793,A002_Xd1f23d_X53b2,223.085939,224.914064,7.0,0.5534,44.5634,0.999633,0.999573,1.000061
HD 33793,A002_Xd12f5c_X5deb,223.085939,224.914064,7.0,0.5139,44.5634,0.999684,0.999631,1.000053
HD 33793,A002_Xc92fe3_X9313,223.085939,224.914064,7.0,0.4640,44.5634,0.999742,0.999699,1.000043
HD 33793,A002_Xc92fe3_Xa1eb,223.085939,224.914064,7.0,0.4637,44.5634,0.999743,0.999700,1.000043
HD 33793,A002_Xc94c38_Xa4bc,223.085939,224.914064,7.0,0.4584,44.5634,0.999748,0.999707,1.000041
HD 33793,A002_Xc94c38_Xad7a,223.085939,224.914064,7.0,0.4582,44.5634,0.999749,0.999707,1.000042
HD 33793,A002_Xd28a9e_Xb92f,223.085939,224.914064,7.0,0.5782,44.5634,0.999600,0.999533,1.000067
HD 33793,A002_Xd28a9e_Xbb59,223.085939,224.914064,7.0,0.5783,44.5634,0.999600,0.999533,1.000067
HD 33793,A002_Xd28a9e_Xbd84,223.085939,224.914064,7.0,0.5786,44.5634,0.999599,0.999533,1.000066
HD 33793,A002_Xcc3ae3_Xcea0,223.085939,224.914064,7.0,0.1288,44.5634,0.999980,0.999977,1.000003
HD 33793,A002_Xc99ad7_Xe20,223.085939,224.914064,7.0,0.4406,44.5634,0.999767,0.999729,1.000038
HD 33793,A002_Xc9831a_Xe79,223.085939,224.914064,7.0,0.4471,44.5634,0.999761,0.999721,1.000040
HD 33793,A002_Xd1c06f_Xf04b,223.085939,224.914064,7.0,0.5471,44.5634,0.999642,0.999582,1.000060
HD 33793,A002_Xd1c06f_Xf769,223.085939,224.914064,7.0,0.5472,44.5634,0.999641,0.999582,1.000059
HD 33793,A002_Xcc3ae3_X12e7,225.085939,226.914064,7.0,0.1314,44.1690,0.999979,0.999975,1.000004
HD 33793,A002_Xc96463_X164e,225.085939,226.914064,7.0,0.4557,44.1690,0.999747,0.999705,1.000042
HD 33793,A002_Xc96463_X1d7a,225.085939,226.914064,7.0,0.4555,44.1690,0.999747,0.999705,1.000042
HD 33793,A002_Xc92fe3_X255d,225.085939,226.914064,7.0,0.4667,44.1690,0.999734,0.999691,1.000044
HD 33793,A002_Xc96463_X281c,225.085939,226.914064,7.0,0.4553,44.1690,0.999747,0.999705,1.000042
HD 33793,A002_Xc99ad7_X2cc,225.085939,226.914064,7.0,0.4413,44.1690,0.999763,0.999723,1.000040
HD 33793,A002_Xd29c1f_X445c,225.085939,226.914064,7.0,0.5797,44.1690,0.999590,0.999523,1.000068
HD 33793,A002_Xd1f23d_X53b2,225.085939,226.914064,7.0,0.5534,44.1690,0.999627,0.999565,1.000062
HD 33793,A002_Xd12f5c_X5deb,225.085939,226.914064,7.0,0.5139,44.1690,0.999678,0.999625,1.000053
HD 33793,A002_Xc92fe3_X9313,225.085939,226.914064,7.0,0.4640,44.1690,0.999738,0.999694,1.000044
HD 33793,A002_Xc92fe3_Xa1eb,225.085939,226.914064,7.0,0.4637,44.1690,0.999738,0.999694,1.000044
HD 33793,A002_Xc94c38_Xa4bc,225.085939,226.914064,7.0,0.4584,44.1690,0.999744,0.999701,1.000043
HD 33793,A002_Xc94c38_Xad7a,225.085939,226.914064,7.0,0.4582,44.1690,0.999744,0.999702,1.000042
HD 33793,A002_Xd28a9e_Xb92f,225.085939,226.914064,7.0,0.5782,44.1690,0.999592,0.999525,1.000067
HD 33793,A002_Xd28a9e_Xbb59,225.085939,226.914064,7.0,0.5783,44.1690,0.999592,0.999525,1.000067
HD 33793,A002_Xd28a9e_Xbd84,225.085939,226.914064,7.0,0.5786,44.1690,0.999592,0.999524,1.000068
HD 33793,A002_Xcc3ae3_Xcea0,225.085939,226.914064,7.0,0.1288,44.1690,0.999980,0.999976,1.000004
HD 33793,A002_Xc99ad7_Xe20,225.085939,226.914064,7.0,0.4406,44.1690,0.999763,0.999724,1.000039
HD 33793,A002_Xc9831a_Xe79,225.085939,226.914064,7.0,0.4471,44.1690,0.999756,0.999716,1.000040
HD 33793,A002_Xd1c06f_Xf04b,225.085939,226.914064,7.0,0.5471,44.1690,0.999635,0.999575,1.000060
HD 33793,A002_Xd1c06f_Xf769,225.085939,226.914064,7.0,0.5472,44.1690,0.999635,0.999575,1.000060
HD 33793,A002_Xcc3ae3_X12e7,239.085936,240.914061,7.0,0.1314,41.5925,0.999976,0.999972,1.000004
HD 33793,A002_Xc96463_X164e,239.085936,240.914061,7.0,0.4557,41.5925,0.999715,0.999667,1.000048
HD 33793,A002_Xc96463_X1d7a,239.085936,240.914061,7.0,0.4555,41.5925,0.999715,0.999668,1.000047
HD 33793,A002_Xc92fe3_X255d,239.085936,240.914061,7.0,0.4667,41.5925,0.999701,0.999651,1.000050
HD 33793,A002_Xc96463_X281c,239.085936,240.914061,7.0,0.4553,41.5925,0.999715,0.999668,1.000047
HD 33793,A002_Xc99ad7_X2cc,239.085936,240.914061,7.0,0.4413,41.5925,0.999732,0.999688,1.000044
HD 33793,A002_Xd29c1f_X445c,239.085936,240.914061,7.0,0.5797,41.5925,0.999538,0.999462,1.000076
HD 33793,A002_Xd1f23d_X53b2,239.085936,240.914061,7.0,0.5534,41.5925,0.999579,0.999509,1.000070
HD 33793,A002_Xd12f5c_X5deb,239.085936,240.914061,7.0,0.5139,41.5925,0.999637,0.999577,1.000060
HD 33793,A002_Xc92fe3_X9313,239.085936,240.914061,7.0,0.4640,41.5925,0.999704,0.999655,1.000049
HD 33793,A002_Xc92fe3_Xa1eb,239.085936,240.914061,7.0,0.4637,41.5925,0.999704,0.999655,1.000049
HD 33793,A002_Xc94c38_Xa4bc,239.085936,240.914061,7.0,0.4584,41.5925,0.999711,0.999663,1.000048
HD 33793,A002_Xc94c38_Xad7a,239.085936,240.914061,7.0,0.4582,41.5925,0.999711,0.999664,1.000047
HD 33793,A002_Xd28a9e_Xb92f,239.085936,240.914061,7.0,0.5782,41.5925,0.999540,0.999464,1.000076
HD 33793,A002_Xd28a9e_Xbb59,239.085936,240.914061,7.0,0.5783,41.5925,0.999540,0.999464,1.000076
HD 33793,A002_Xd28a9e_Xbd84,239.085936,240.914061,7.0,0.5786,41.5925,0.999540,0.999464,1.000076
HD 33793,A002_Xcc3ae3_Xcea0,239.085936,240.914061,7.0,0.1288,41.5925,0.999977,0.999973,1.000004
HD 33793,A002_Xc99ad7_Xe20,239.085936,240.914061,7.0,0.4406,41.5925,0.999733,0.999689,1.000044
HD 33793,A002_Xc9831a_Xe79,239.085936,240.914061,7.0,0.4471,41.5925,0.999725,0.999680,1.000045
HD 33793,A002_Xd1c06f_Xf04b,239.085936,240.914061,7.0,0.5471,41.5925,0.999589,0.999520,1.000069
HD 33793,A002_Xd1c06f_Xf769,239.085936,240.914061,7.0,0.5472,41.5925,0.999588,0.999520,1.000068
HD 33793,A002_Xcc3ae3_X12e7,241.085936,242.914061,7.0,0.1314,41.2488,0.999976,0.999972,1.000004
HD 33793,A002_Xc96463_X164e,241.085936,242.914061,7.0,0.4557,41.2488,0.999710,0.999662,1.000048
HD 33793,A002_Xc96463_X1d7a,241.085936,242.914061,7.0,0.4555,41.2488,0.999710,0.999662,1.000048
HD 33793,A002_Xc92fe3_X255d,241.085936,242.914061,7.0,0.4667,41.2488,0.999696,0.999645,1.000051
HD 33793,A002_Xc96463_X281c,241.085936,242.914061,7.0,0.4553,41.2488,0.999710,0.999662,1.000048
HD 33793,A002_Xc99ad7_X2cc,241.085936,242.914061,7.0,0.4413,41.2488,0.999728,0.999683,1.000045
HD 33793,A002_Xd29c1f_X445c,241.085936,242.914061,7.0,0.5797,41.2488,0.999530,0.999453,1.000078
HD 33793,A002_Xd1f23d_X53b2,241.085936,242.914061,7.0,0.5534,41.2488,0.999572,0.999501,1.000071
HD 33793,A002_Xd12f5c_X5deb,241.085936,242.914061,7.0,0.5139,41.2488,0.999631,0.999570,1.000061
HD 33793,A002_Xc92fe3_X9313,241.085936,242.914061,7.0,0.4640,41.2488,0.999699,0.999649,1.000050
HD 33793,A002_Xc92fe3_Xa1eb,241.085936,242.914061,7.0,0.4637,41.2488,0.999699,0.999650,1.000049
HD 33793,A002_Xc94c38_Xa4bc,241.085936,242.914061,7.0,0.4584,41.2488,0.999706,0.999658,1.000048
HD 33793,A002_Xc94c38_Xad7a,241.085936,242.914061,7.0,0.4582,41.2488,0.999707,0.999658,1.000049
HD 33793,A002_Xd28a9e_Xb92f,241.085936,242.914061,7.0,0.5782,41.2488,0.999533,0.999455,1.000078
HD 33793,A002_Xd28a9e_Xbb59,241.085936,242.914061,7.0,0.5783,41.2488,0.999533,0.999455,1.000078
HD 33793,A002_Xd28a9e_Xbd84,241.085936,242.914061,7.0,0.5786,41.2488,0.999532,0.999455,1.000077
HD 33793,A002_Xcc3ae3_Xcea0,241.085936,242.914061,7.0,0.1288,41.2488,0.999977,0.999973,1.000004
HD 33793,A002_Xc99ad7_Xe20,241.085936,242.914061,7.0,0.4406,41.2488,0.999729,0.999684,1.000045
HD 33793,A002_Xc9831a_Xe79,241.085936,242.914061,7.0,0.4471,41.2488,0.999721,0.999674,1.000047
HD 33793,A002_Xd1c06f_Xf04b,241.085936,242.914061,7.0,0.5471,41.2488,0.999582,0.999512,1.000070
HD 33793,A002_Xd1c06f_Xf769,241.085936,242.914061,7.0,0.5472,41.2488,0.999582,0.999512,1.000070
Wolf 28,A002_X9f2ff8_X25b0,223.132812,224.867188,12.0,0.1475,25.9953,0.999923,0.999911,1.000012
GJ 674,A002_X107fa96_Xce38,223.085939,224.914064,7.0,0.1016,44.5634,0.999988,0.999986,1.000002
GJ 674,A002_X1093ae8_X14a7,223.085939,224.914064,7.0,0.0934,44.5634,0.999990,0.999988,1.000002
GJ 674,A002_X1097a87_X1ba1,223.085939,224.914064,7.0,0.0998,44.5634,0.999988,0.999986,1.000002
GJ 674,A002_X1093ae8_X1c39,223.085939,224.914064,7.0,0.0935,44.5634,0.999990,0.999988,1.000002
GJ 674,A002_X108c378_X1ced,223.085939,224.914064,7.0,0.0889,44.5634,0.999991,0.999989,1.000002
GJ 674,A002_X1097a87_X1e64,223.085939,224.914064,7.0,0.0999,44.5634,0.999988,0.999986,1.000002
GJ 674,A002_X1093ae8_X2228,223.085939,224.914064,7.0,0.0935,44.5634,0.999990,0.999988,1.000002
GJ 674,A002_X1097a87_X22ab,223.085939,224.914064,7.0,0.1000,44.5634,0.999988,0.999986,1.000002
GJ 674,A002_X108c378_X26b3,223.085939,224.914064,7.0,0.0889,44.5634,0.999991,0.999989,1.000002
GJ 674,A002_X108c378_X2a0f,223.085939,224.914064,7.0,0.0889,44.5634,0.999991,0.999989,1.000002
GJ 674,A002_X108c378_X331a,223.085939,224.914064,7.0,0.0889,44.5634,0.999991,0.999989,1.000002
GJ 674,A002_X108c378_X3ab4,223.085939,224.914064,7.0,0.0890,44.5634,0.999991,0.999989,1.000002
GJ 674,A002_X10854a6_X3ac1,223.085939,224.914064,7.0,0.0934,44.5634,0.999990,0.999988,1.000002
GJ 674,A002_X1088045_X4ebc,223.085939,224.914064,7.0,0.0903,44.5634,0.999990,0.999989,1.000001
GJ 674,A002_X1088045_X51df,223.085939,224.914064,7.0,0.0902,44.5634,0.999990,0.999989,1.000001
GJ 674,A002_X1088045_X5c31,223.085939,224.914064,7.0,0.0902,44.5634,0.999990,0.999989,1.000001
GJ 674,A002_X1097a87_X75ae,223.085939,224.914064,7.0,0.1013,44.5634,0.999988,0.999986,1.000002
GJ 674,A002_X1097a87_X795f,223.085939,224.914064,7.0,0.1013,44.5634,0.999988,0.999986,1.000002
GJ 674,A002_X1086384_Xdeeb,223.085939,224.914064,7.0,0.0916,44.5634,0.999990,0.999988,1.000002
GJ 674,A002_X1093ae8_Xe18,223.085939,224.914064,7.0,0.0933,44.5634,0.999990,0.999988,1.000002
GJ 674,A002_X107fa96_Xce38,225.085939,226.914064,7.0,0.1016,44.1690,0.999987,0.999985,1.000002
GJ 674,A002_X1093ae8_X14a7,225.085939,226.914064,7.0,0.0934,44.1690,0.999989,0.999988,1.000001
GJ 674,A002_X1097a87_X1ba1,225.085939,226.914064,7.0,0.0998,44.1690,0.999988,0.999986,1.000002
GJ 674,A002_X1093ae8_X1c39,225.085939,226.914064,7.0,0.0935,44.1690,0.999989,0.999988,1.000001
GJ 674,A002_X108c378_X1ced,225.085939,226.914064,7.0,0.0889,44.1690,0.999990,0.999989,1.000001
GJ 674,A002_X1097a87_X1e64,225.085939,226.914064,7.0,0.0999,44.1690,0.999988,0.999986,1.000002
GJ 674,A002_X1093ae8_X2228,225.085939,226.914064,7.0,0.0935,44.1690,0.999989,0.999988,1.000001
GJ 674,A002_X1097a87_X22ab,225.085939,226.914064,7.0,0.1000,44.1690,0.999988,0.999986,1.000002
GJ 674,A002_X108c378_X26b3,225.085939,226.914064,7.0,0.0889,44.1690,0.999990,0.999989,1.000001
GJ 674,A002_X108c378_X2a0f,225.085939,226.914064,7.0,0.0889,44.1690,0.999990,0.999989,1.000001
GJ 674,A002_X108c378_X331a,225.085939,226.914064,7.0,0.0889,44.1690,0.999990,0.999989,1.000001
GJ 674,A002_X108c378_X3ab4,225.085939,226.914064,7.0,0.0890,44.1690,0.999990,0.999989,1.000001
GJ 674,A002_X10854a6_X3ac1,225.085939,226.914064,7.0,0.0934,44.1690,0.999989,0.999988,1.000001
GJ 674,A002_X1088045_X4ebc,225.085939,226.914064,7.0,0.0903,44.1690,0.999990,0.999988,1.000002
GJ 674,A002_X1088045_X51df,225.085939,226.914064,7.0,0.0902,44.1690,0.999990,0.999988,1.000002
GJ 674,A002_X1088045_X5c31,225.085939,226.914064,7.0,0.0902,44.1690,0.999990,0.999988,1.000002
GJ 674,A002_X1097a87_X75ae,225.085939,226.914064,7.0,0.1013,44.1690,0.999988,0.999985,1.000003
GJ 674,A002_X1097a87_X795f,225.085939,226.914064,7.0,0.1013,44.1690,0.999987,0.999985,1.000002
GJ 674,A002_X1086384_Xdeeb,225.085939,226.914064,7.0,0.0916,44.1690,0.999990,0.999988,1.000002
GJ 674,A002_X1093ae8_Xe18,225.085939,226.914064,7.0,0.0933,44.1690,0.999989,0.999988,1.000001
GJ 674,A002_X107fa96_Xce38,239.085936,240.914061,7.0,0.1016,41.5925,0.999986,0.999983,1.000003
GJ 674,A002_X1093ae8_X14a7,239.085936,240.914061,7.0,0.0934,41.5925,0.999988,0.999986,1.000002
GJ 674,A002_X1097a87_X1ba1,239.085936,240.914061,7.0,0.0998,41.5925,0.999986,0.999984,1.000002
GJ 674,A002_X1093ae8_X1c39,239.085936,240.914061,7.0,0.0935,41.5925,0.999988,0.999986,1.000002
GJ 674,A002_X108c378_X1ced,239.085936,240.914061,7.0,0.0889,41.5925,0.999989,0.999987,1.000002
GJ 674,A002_X1097a87_X1e64,239.085936,240.914061,7.0,0.0999,41.5925,0.999986,0.999984,1.000002
GJ 674,A002_X1093ae8_X2228,239.085936,240.914061,7.0,0.0935,41.5925,0.999988,0.999986,1.000002
GJ 674,A002_X1097a87_X22ab,239.085936,240.914061,7.0,0.1000,41.5925,0.999986,0.999984,1.000002
GJ 674,A002_X108c378_X26b3,239.085936,240.914061,7.0,0.0889,41.5925,0.999989,0.999987,1.000002
GJ 674,A002_X108c378_X2a0f,239.085936,240.914061,7.0,0.0889,41.5925,0.999989,0.999987,1.000002
GJ 674,A002_X108c378_X331a,239.085936,240.914061,7.0,0.0889,41.5925,0.999989,0.999987,1.000002
GJ 674,A002_X108c378_X3ab4,239.085936,240.914061,7.0,0.0890,41.5925,0.999989,0.999987,1.000002
GJ 674,A002_X10854a6_X3ac1,239.085936,240.914061,7.0,0.0934,41.5925,0.999988,0.999986,1.000002
GJ 674,A002_X1088045_X4ebc,239.085936,240.914061,7.0,0.0903,41.5925,0.999989,0.999987,1.000002
GJ 674,A002_X1088045_X51df,239.085936,240.914061,7.0,0.0902,41.5925,0.999989,0.999987,1.000002
GJ 674,A002_X1088045_X5c31,239.085936,240.914061,7.0,0.0902,41.5925,0.999989,0.999987,1.000002
GJ 674,A002_X1097a87_X75ae,239.085936,240.914061,7.0,0.1013,41.5925,0.999986,0.999984,1.000002
GJ 674,A002_X1097a87_X795f,239.085936,240.914061,7.0,0.1013,41.5925,0.999986,0.999984,1.000002
GJ 674,A002_X1086384_Xdeeb,239.085936,240.914061,7.0,0.0916,41.5925,0.999988,0.999987,1.000001
GJ 674,A002_X1093ae8_Xe18,239.085936,240.914061,7.0,0.0933,41.5925,0.999988,0.999986,1.000002
GJ 674,A002_X107fa96_Xce38,241.085936,242.914061,7.0,0.1016,41.2488,0.999986,0.999983,1.000003
GJ 674,A002_X1093ae8_X14a7,241.085936,242.914061,7.0,0.0934,41.2488,0.999988,0.999986,1.000002
GJ 674,A002_X1097a87_X1ba1,241.085936,242.914061,7.0,0.0998,41.2488,0.999986,0.999984,1.000002
GJ 674,A002_X1093ae8_X1c39,241.085936,242.914061,7.0,0.0935,41.2488,0.999988,0.999986,1.000002
GJ 674,A002_X108c378_X1ced,241.085936,242.914061,7.0,0.0889,41.2488,0.999989,0.999987,1.000002
GJ 674,A002_X1097a87_X1e64,241.085936,242.914061,7.0,0.0999,41.2488,0.999986,0.999984,1.000002
GJ 674,A002_X1093ae8_X2228,241.085936,242.914061,7.0,0.0935,41.2488,0.999988,0.999986,1.000002
GJ 674,A002_X1097a87_X22ab,241.085936,242.914061,7.0,0.1000,41.2488,0.999986,0.999984,1.000002
GJ 674,A002_X108c378_X26b3,241.085936,242.914061,7.0,0.0889,41.2488,0.999989,0.999987,1.000002
GJ 674,A002_X108c378_X2a0f,241.085936,242.914061,7.0,0.0889,41.2488,0.999989,0.999987,1.000002
GJ 674,A002_X108c378_X331a,241.085936,242.914061,7.0,0.0889,41.2488,0.999989,0.999987,1.000002
GJ 674,A002_X108c378_X3ab4,241.085936,242.914061,7.0,0.0890,41.2488,0.999989,0.999987,1.000002
GJ 674,A002_X10854a6_X3ac1,241.085936,242.914061,7.0,0.0934,41.2488,0.999988,0.999986,1.000002
GJ 674,A002_X1088045_X4ebc,241.085936,242.914061,7.0,0.0903,41.2488,0.999989,0.999987,1.000002
GJ 674,A002_X1088045_X51df,241.085936,242.914061,7.0,0.0902,41.2488,0.999989,0.999987,1.000002
GJ 674,A002_X1088045_X5c31,241.085936,242.914061,7.0,0.0902,41.2488,0.999989,0.999987,1.000002
GJ 674,A002_X1097a87_X75ae,241.085936,242.914061,7.0,0.1013,41.2488,0.999986,0.999983,1.000003
GJ 674,A002_X1097a87_X795f,241.085936,242.914061,7.0,0.1013,41.2488,0.999986,0.999983,1.000003
GJ 674,A002_X1086384_Xdeeb,241.085936,242.914061,7.0,0.0916,41.2488,0.999988,0.999986,1.000002
GJ 674,A002_X1093ae8_Xe18,241.085936,242.914061,7.0,0.0933,41.2488,0.999988,0.999986,1.000002
GL 3379 Gaia DR3 3316364602541746048,A002_Xda2c82_X765d,212.045896,213.874021,7.0,0.1891,46.8736,0.999961,0.999955,1.000006
GL 3379 Gaia DR3 3316364602541746048,A002_Xdaef5a_X7167,212.047513,213.875638,7.0,0.1752,46.8732,0.999967,0.999961,1.000006
GL 3379 Gaia DR3 3316364602541746048,A002_Xdaef5a_X6873,212.047616,213.875741,7.0,0.1753,46.8732,0.999967,0.999961,1.000006
GL 3379 Gaia DR3 3316364602541746048,A002_Xdb3eb4_X899,212.048406,213.876531,7.0,0.1673,46.8730,0.999970,0.999965,1.000005
GL 3379 Gaia DR3 3316364602541746048,A002_Xdd0d37_X18197,212.059957,213.888082,7.0,0.0840,46.8705,0.999992,0.999991,1.000001
GL 3379 Gaia DR3 3316364602541746048,A002_Xdd0d37_X17f99,212.060028,213.888153,7.0,0.0841,46.8705,0.999992,0.999991,1.000001
GL 3379 Gaia DR3 3316364602541746048,A002_Xda2c82_X765d,214.045520,215.873645,7.0,0.1891,46.4376,0.999961,0.999954,1.000007
GL 3379 Gaia DR3 3316364602541746048,A002_Xdaef5a_X7167,214.047153,215.875278,7.0,0.1752,46.4372,0.999966,0.999961,1.000005
GL 3379 Gaia DR3 3316364602541746048,A002_Xdaef5a_X6873,214.047256,215.875381,7.0,0.1753,46.4372,0.999966,0.999960,1.000006
GL 3379 Gaia DR3 3316364602541746048,A002_Xdb3eb4_X899,214.048054,215.876179,7.0,0.1673,46.4370,0.999969,0.999964,1.000005
GL 3379 Gaia DR3 3316364602541746048,A002_Xdd0d37_X18197,214.059713,215.887838,7.0,0.0840,46.4345,0.999992,0.999991,1.000001
GL 3379 Gaia DR3 3316364602541746048,A002_Xdd0d37_X17f99,214.059785,215.887910,7.0,0.0841,46.4345,0.999992,0.999991,1.000001
GL 3379 Gaia DR3 3316364602541746048,A002_Xda2c82_X765d,227.043072,228.871197,7.0,0.1891,43.7898,0.999956,0.999948,1.000008
GL 3379 Gaia DR3 3316364602541746048,A002_Xdaef5a_X7167,227.044804,228.872929,7.0,0.1752,43.7895,0.999962,0.999956,1.000006
GL 3379 Gaia DR3 3316364602541746048,A002_Xdaef5a_X6873,227.044914,228.873039,7.0,0.1753,43.7895,0.999962,0.999956,1.000006
GL 3379 Gaia DR3 3316364602541746048,A002_Xdb3eb4_X899,227.045759,228.873884,7.0,0.1673,43.7893,0.999965,0.999960,1.000005
GL 3379 Gaia DR3 3316364602541746048,A002_Xdd0d37_X18197,227.058123,228.886248,7.0,0.0840,43.7869,0.999991,0.999990,1.000001
GL 3379 Gaia DR3 3316364602541746048,A002_Xdd0d37_X17f99,227.058200,228.886325,7.0,0.0841,43.7869,0.999991,0.999990,1.000001
GL 3379 Gaia DR3 3316364602541746048,A002_Xda2c82_X765d,229.036592,230.876925,7.0,0.1891,43.4090,0.999955,0.999947,1.000008
GL 3379 Gaia DR3 3316364602541746048,A002_Xdaef5a_X7167,229.038339,230.878671,7.0,0.1752,43.4087,0.999961,0.999955,1.000006
GL 3379 Gaia DR3 3316364602541746048,A002_Xdaef5a_X6873,229.038450,230.878782,7.0,0.1753,43.4087,0.999961,0.999955,1.000006
GL 3379 Gaia DR3 3316364602541746048,A002_Xdb3eb4_X899,229.039303,230.879635,7.0,0.1673,43.4085,0.999965,0.999959,1.000006
GL 3379 Gaia DR3 3316364602541746048,A002_Xdd0d37_X18197,229.051775,230.892107,7.0,0.0840,43.4062,0.999991,0.999990,1.000001
GL 3379 Gaia DR3 3316364602541746048,A002_Xdd0d37_X17f99,229.051853,230.892185,7.0,0.0841,43.4061,0.999991,0.999990,1.000001
LSR J1835+3259,A002_Xba3ea7_X2ab4,89.627387,91.361762,12.0,1.3103,64.3458,0.999014,0.998851,1.000163
LSR J1835+3259,A002_Xbb44e1_X5d00,89.627387,91.361762,12.0,1.3103,64.3458,0.999014,0.998851,1.000163
LSR J1835+3259,A002_Xba3ea7_X2ab4,91.564887,93.299262,12.0,1.3103,62.9971,0.998972,0.998801,1.000171
LSR J1835+3259,A002_Xbb44e1_X5d00,91.564887,93.299262,12.0,1.3103,62.9971,0.998972,0.998801,1.000171
LSR J1835+3259,A002_Xba3ea7_X2ab4,101.627387,103.361762,12.0,1.3103,56.8123,0.998736,0.998526,1.000210
LSR J1835+3259,A002_Xbb44e1_X5d00,101.627387,103.361762,12.0,1.3103,56.8123,0.998736,0.998526,1.000210
LSR J1835+3259,A002_Xba3ea7_X2ab4,103.627387,105.361762,12.0,1.3103,55.7249,0.998686,0.998468,1.000218
LSR J1835+3259,A002_Xbb44e1_X5d00,103.627387,105.361762,12.0,1.3103,55.7249,0.998686,0.998468,1.000218
HN Lib,A002_Xdcf222_X4da7,212.077223,213.905348,7.0,0.0806,46.8667,0.999993,0.999992,1.000001
HN Lib,A002_Xdcbe57_X2dd3,212.078482,213.906607,7.0,0.0685,46.8664,0.999995,0.999994,1.000001
HN Lib,A002_Xdcad18_X305b,212.078792,213.906917,7.0,0.0660,46.8664,0.999995,0.999995,1.000000
HN Lib,A002_Xdc946c_X226,212.079364,213.907489,7.0,0.0609,46.8662,0.999996,0.999995,1.000001
HN Lib,A002_Xdc621b_X2bb0,212.080541,213.908666,7.0,0.0529,46.8660,0.999997,0.999996,1.000001
HN Lib,A002_Xdcf222_X4da7,214.077141,215.905266,7.0,0.0806,46.4307,0.999993,0.999992,1.000001
HN Lib,A002_Xdcbe57_X2dd3,214.078412,215.906537,7.0,0.0685,46.4305,0.999995,0.999994,1.000001
HN Lib,A002_Xdcad18_X305b,214.078725,215.906850,7.0,0.0660,46.4304,0.999995,0.999994,1.000001
HN Lib,A002_Xdc946c_X226,214.079302,215.907427,7.0,0.0609,46.4303,0.999996,0.999995,1.000001
HN Lib,A002_Xdc621b_X2bb0,214.080490,215.908615,7.0,0.0529,46.4300,0.999997,0.999996,1.000001
HN Lib,A002_Xdcf222_X4da7,227.076605,228.904730,7.0,0.0806,43.7834,0.999992,0.999991,1.000001
HN Lib,A002_Xdcbe57_X2dd3,227.077953,228.906078,7.0,0.0685,43.7831,0.999994,0.999993,1.000001
HN Lib,A002_Xdcad18_X305b,227.078285,228.906410,7.0,0.0660,43.7830,0.999995,0.999994,1.000001
HN Lib,A002_Xdc946c_X226,227.078897,228.907022,7.0,0.0609,43.7829,0.999995,0.999995,1.000000
HN Lib,A002_Xdc621b_X2bb0,227.080122,228.908247,7.0,0.0529,43.7827,0.999997,0.999996,1.000001
HN Lib,A002_Xdcf222_X4da7,229.070420,230.910752,7.0,0.0806,43.4026,0.999992,0.999990,1.000002
HN Lib,A002_Xdcbe57_X2dd3,229.071779,230.912111,7.0,0.0685,43.4024,0.999994,0.999993,1.000001
HN Lib,A002_Xdcad18_X305b,229.072114,230.912446,7.0,0.0660,43.4023,0.999995,0.999994,1.000001
HN Lib,A002_Xdc946c_X226,229.072732,230.913064,7.0,0.0609,43.4022,0.999995,0.999995,1.000000
HN Lib,A002_Xdc621b_X2bb0,229.074003,230.914335,7.0,0.0529,43.4020,0.999996,0.999996,1.000000
GJ 581,A002_Xd16a1e_X8d4,223.085939,224.914064,7.0,0.3261,44.5634,0.999873,0.999852,1.000021
GJ 581,A002_Xd1daeb_X282,223.085939,224.914064,7.0,0.3168,44.5634,0.999880,0.999860,1.000020
GJ 581,A002_Xd1b0f3_X2f3,223.085939,224.914064,7.0,0.3200,44.5634,0.999877,0.999857,1.000020
GJ 581,A002_Xd248b5_X2fa,223.085939,224.914064,7.0,0.3021,44.5634,0.999891,0.999873,1.000018
GJ 581,A002_Xd1c06f_X4a7,223.085939,224.914064,7.0,0.3189,44.5634,0.999878,0.999858,1.000020
GJ 581,A002_Xd21a3a_X8a5a,223.085939,224.914064,7.0,0.3066,44.5634,0.999887,0.999869,1.000018
GJ 581,A002_Xd1c06f_X9f4c,223.085939,224.914064,7.0,0.3179,44.5634,0.999879,0.999859,1.000020
GJ 581,A002_Xd1b0f3_Xb67,223.085939,224.914064,7.0,0.3200,44.5634,0.999877,0.999857,1.000020
GJ 581,A002_Xd16a1e_Xf0d,223.085939,224.914064,7.0,0.3261,44.5634,0.999873,0.999852,1.000021
GJ 581,A002_Xd16a1e_X8d4,225.085939,226.914064,7.0,0.3261,44.1690,0.999870,0.999849,1.000021
GJ 581,A002_Xd1daeb_X282,225.085939,226.914064,7.0,0.3168,44.1690,0.999878,0.999857,1.000021
GJ 581,A002_Xd1b0f3_X2f3,225.085939,226.914064,7.0,0.3200,44.1690,0.999875,0.999854,1.000021
GJ 581,A002_Xd248b5_X2fa,225.085939,226.914064,7.0,0.3021,44.1690,0.999889,0.999870,1.000019
GJ 581,A002_Xd1c06f_X4a7,225.085939,226.914064,7.0,0.3189,44.1690,0.999876,0.999855,1.000021
GJ 581,A002_Xd21a3a_X8a5a,225.085939,226.914064,7.0,0.3066,44.1690,0.999885,0.999866,1.000019
GJ 581,A002_Xd1c06f_X9f4c,225.085939,226.914064,7.0,0.3179,44.1690,0.999877,0.999856,1.000021
GJ 581,A002_Xd1b0f3_Xb67,225.085939,226.914064,7.0,0.3200,44.1690,0.999875,0.999854,1.000021
GJ 581,A002_Xd16a1e_Xf0d,225.085939,226.914064,7.0,0.3261,44.1690,0.999870,0.999849,1.000021
GJ 581,A002_Xd16a1e_X8d4,239.085936,240.914061,7.0,0.3261,41.5925,0.999854,0.999830,1.000024
GJ 581,A002_Xd1daeb_X282,239.085936,240.914061,7.0,0.3168,41.5925,0.999862,0.999839,1.000023
GJ 581,A002_Xd1b0f3_X2f3,239.085936,240.914061,7.0,0.3200,41.5925,0.999859,0.999836,1.000023
GJ 581,A002_Xd248b5_X2fa,239.085936,240.914061,7.0,0.3021,41.5925,0.999875,0.999854,1.000021
GJ 581,A002_Xd1c06f_X4a7,239.085936,240.914061,7.0,0.3189,41.5925,0.999860,0.999837,1.000023
GJ 581,A002_Xd21a3a_X8a5a,239.085936,240.914061,7.0,0.3066,41.5925,0.999871,0.999849,1.000022
GJ 581,A002_Xd1c06f_X9f4c,239.085936,240.914061,7.0,0.3179,41.5925,0.999861,0.999838,1.000023
GJ 581,A002_Xd1b0f3_Xb67,239.085936,240.914061,7.0,0.3200,41.5925,0.999859,0.999836,1.000023
GJ 581,A002_Xd16a1e_Xf0d,239.085936,240.914061,7.0,0.3261,41.5925,0.999854,0.999830,1.000024
GJ 581,A002_Xd16a1e_X8d4,241.085936,242.914061,7.0,0.3261,41.2488,0.999851,0.999827,1.000024
GJ 581,A002_Xd1daeb_X282,241.085936,242.914061,7.0,0.3168,41.2488,0.999860,0.999836,1.000024
GJ 581,A002_Xd1b0f3_X2f3,241.085936,242.914061,7.0,0.3200,41.2488,0.999857,0.999833,1.000024
GJ 581,A002_Xd248b5_X2fa,241.085936,242.914061,7.0,0.3021,41.2488,0.999872,0.999851,1.000021
GJ 581,A002_Xd1c06f_X4a7,241.085936,242.914061,7.0,0.3189,41.2488,0.999858,0.999834,1.000024
GJ 581,A002_Xd21a3a_X8a5a,241.085936,242.914061,7.0,0.3066,41.2488,0.999869,0.999847,1.000022
GJ 581,A002_Xd1c06f_X9f4c,241.085936,242.914061,7.0,0.3179,41.2488,0.999859,0.999835,1.000024
GJ 581,A002_Xd1b0f3_Xb67,241.085936,242.914061,7.0,0.3200,41.2488,0.999857,0.999833,1.000024
GJ 581,A002_Xd16a1e_Xf0d,241.085936,242.914061,7.0,0.3261,41.2488,0.999851,0.999827,1.000024
lp 876-10 Gaia DR3 6623351805412369024,A002_Xce574d_X8706,332.965910,334.700285,12.0,0.2695,17.4427,0.999432,0.999338,1.000094
lp 876-10 Gaia DR3 6623351805412369024,A002_Xce0587_Xe4d0,332.966395,334.700770,12.0,0.2696,17.4427,0.999432,0.999338,1.000094
lp 876-10 Gaia DR3 6623351805412369024,A002_Xcda49e_Xdebb,332.966462,334.700837,12.0,0.2697,17.4427,0.999431,0.999337,1.000094
lp 876-10 Gaia DR3 6623351805412369024,A002_Xce574d_X8706,334.923910,336.658285,12.0,0.2695,17.3410,0.999425,0.999331,1.000095
lp 876-10 Gaia DR3 6623351805412369024,A002_Xce0587_Xe4d0,334.924395,336.658770,12.0,0.2696,17.3410,0.999425,0.999330,1.000095
lp 876-10 Gaia DR3 6623351805412369024,A002_Xcda49e_Xdebb,334.924462,336.658837,12.0,0.2697,17.3410,0.999425,0.999330,1.000095
lp 876-10 Gaia DR3 6623351805412369024,A002_Xce574d_X8706,344.970549,346.695647,12.0,0.2695,16.8375,0.999391,0.999290,1.000101
lp 876-10 Gaia DR3 6623351805412369024,A002_Xce0587_Xe4d0,344.971034,346.696132,12.0,0.2696,16.8374,0.999390,0.999289,1.000101
lp 876-10 Gaia DR3 6623351805412369024,A002_Xcda49e_Xdebb,344.971100,346.696198,12.0,0.2697,16.8374,0.999390,0.999289,1.000101
lp 876-10 Gaia DR3 6623351805412369024,A002_Xce574d_X8706,346.965910,348.700285,12.0,0.2695,16.7406,0.999384,0.999282,1.000102
lp 876-10 Gaia DR3 6623351805412369024,A002_Xce0587_Xe4d0,346.966395,348.700770,12.0,0.2696,16.7406,0.999383,0.999281,1.000102
lp 876-10 Gaia DR3 6623351805412369024,A002_Xcda49e_Xdebb,346.966462,348.700837,12.0,0.2697,16.7406,0.999383,0.999281,1.000102
61 Vir,A002_Xc079b5_X82f,332.925384,334.659759,7.0,0.0663,29.9054,0.999988,0.999986,1.000002
61 Vir,A002_Xc079b5_X1ae,332.925632,334.660007,7.0,0.0662,29.9054,0.999988,0.999986,1.000002
61 Vir,A002_Xc074d4_X2e6,332.925877,334.660252,7.0,0.0648,29.9054,0.999989,0.999987,1.000002
61 Vir,A002_Xc067f7_X822,332.926816,334.661191,7.0,0.0617,29.9053,0.999990,0.999988,1.000002
61 Vir,A002_X9db5ce_X224b,332.927378,334.661753,12.0,0.0045,17.4447,1.000000,1.000000,1.000000
61 Vir,A002_Xc079b5_X82f,334.820884,336.555259,7.0,0.0663,29.7365,0.999988,0.999986,1.000002
61 Vir,A002_Xc079b5_X1ae,334.821132,336.555507,7.0,0.0662,29.7365,0.999988,0.999986,1.000002
61 Vir,A002_Xc074d4_X2e6,334.821377,336.555752,7.0,0.0648,29.7365,0.999989,0.999987,1.000002
61 Vir,A002_Xc067f7_X822,334.822316,336.556691,7.0,0.0617,29.7364,0.999990,0.999988,1.000002
61 Vir,A002_X9db5ce_X224b,334.864878,336.599253,12.0,0.0045,17.3440,1.000000,1.000000,1.000000
61 Vir,A002_Xc079b5_X82f,344.872405,346.712737,7.0,0.0663,28.8676,0.999987,0.999985,1.000002
61 Vir,A002_Xc079b5_X1ae,344.872653,346.712986,7.0,0.0662,28.8676,0.999987,0.999985,1.000002
61 Vir,A002_Xc074d4_X2e6,344.872899,346.713231,7.0,0.0648,28.8676,0.999988,0.999986,1.000002
61 Vir,A002_Xc067f7_X822,344.873837,346.714169,7.0,0.0617,28.8675,0.999989,0.999987,1.000002
61 Vir,A002_X9db5ce_X224b,344.932017,346.657115,12.0,0.0045,16.8393,1.000000,1.000000,1.000000
61 Vir,A002_Xc079b5_X82f,346.820884,348.555259,7.0,0.0663,28.7102,0.999987,0.999985,1.000002
61 Vir,A002_Xc079b5_X1ae,346.821132,348.555507,7.0,0.0662,28.7102,0.999987,0.999985,1.000002
61 Vir,A002_Xc074d4_X2e6,346.821377,348.555752,7.0,0.0648,28.7102,0.999988,0.999986,1.000002
61 Vir,A002_Xc067f7_X822,346.822316,348.556691,7.0,0.0617,28.7101,0.999989,0.999987,1.000002
61 Vir,A002_X9db5ce_X224b,346.927378,348.661753,12.0,0.0045,16.7425,1.000000,1.000000,1.000000
chi01 Ori,A002_X74deb6_Xff1,94.127387,95.861762,12.0,0.6789,61.2977,0.999708,0.999660,1.000048
chi01 Ori,A002_X74deb6_Xff1,96.064887,97.799262,12.0,0.6789,60.0725,0.999696,0.999646,1.000050
chi01 Ori,A002_X74deb6_Xff1,106.127387,107.861762,12.0,0.6789,54.4228,0.999630,0.999569,1.000061
chi01 Ori,A002_X74deb6_Xff1,108.127387,109.861762,12.0,0.6789,53.4242,0.999616,0.999552,1.000064
GJ 849,A002_Xd86f11_X584b,212.085180,213.913305,7.0,0.0623,46.8650,0.999996,0.999995,1.000001
GJ 849,A002_Xd95042_X67d7,212.102235,213.930360,7.0,0.0315,46.8612,0.999999,0.999999,1.000000
GJ 849,A002_Xd95042_X5feb,212.102316,213.930441,7.0,0.0314,46.8612,0.999999,0.999999,1.000000
GJ 849,A002_Xd9668b_X88ad,212.103222,213.931347,7.0,0.0368,46.8610,0.999999,0.999998,1.000001
GJ 849,A002_Xd9668b_X841a,212.103311,213.931436,7.0,0.0367,46.8610,0.999999,0.999998,1.000001
GJ 849,A002_Xd9668b_X7c83,212.103389,213.931514,7.0,0.0366,46.8609,0.999999,0.999998,1.000001
GJ 849,A002_Xd86f11_X584b,214.085173,215.913298,7.0,0.0623,46.4290,0.999996,0.999995,1.000001
GJ 849,A002_Xd95042_X67d7,214.102388,215.930513,7.0,0.0315,46.4253,0.999999,0.999999,1.000000
GJ 849,A002_Xd95042_X5feb,214.102470,215.930595,7.0,0.0314,46.4253,0.999999,0.999999,1.000000
GJ 849,A002_Xd9668b_X88ad,214.103384,215.931509,7.0,0.0368,46.4251,0.999999,0.999998,1.000001
GJ 849,A002_Xd9668b_X841a,214.103474,215.931599,7.0,0.0367,46.4250,0.999999,0.999998,1.000001
GJ 849,A002_Xd9668b_X7c83,214.103553,215.931678,7.0,0.0366,46.4250,0.999999,0.999998,1.000001
GJ 849,A002_Xd86f11_X584b,227.085146,228.913271,7.0,0.0623,43.7817,0.999995,0.999994,1.000001
GJ 849,A002_Xd95042_X67d7,227.103379,228.931504,7.0,0.0315,43.7782,0.999999,0.999999,1.000000
GJ 849,A002_Xd95042_X5feb,227.103466,228.931591,7.0,0.0314,43.7782,0.999999,0.999999,1.000000
GJ 849,A002_Xd9668b_X88ad,227.104435,228.932560,7.0,0.0368,43.7780,0.999998,0.999998,1.000000
GJ 849,A002_Xd9668b_X841a,227.104530,228.932655,7.0,0.0367,43.7780,0.999998,0.999998,1.000000
GJ 849,A002_Xd9668b_X7c83,227.104614,228.932739,7.0,0.0366,43.7780,0.999998,0.999998,1.000000
GJ 849,A002_Xd86f11_X584b,229.079042,230.919374,7.0,0.0623,43.4010,0.999995,0.999994,1.000001
GJ 849,A002_Xd95042_X67d7,229.097428,230.937760,7.0,0.0315,43.3975,0.999999,0.999999,1.000000
GJ 849,A002_Xd95042_X5feb,229.097516,230.937848,7.0,0.0314,43.3975,0.999999,0.999999,1.000000
GJ 849,A002_Xd9668b_X88ad,229.098494,230.938826,7.0,0.0368,43.3973,0.999998,0.999998,1.000000
GJ 849,A002_Xd9668b_X841a,229.098590,230.938922,7.0,0.0367,43.3973,0.999998,0.999998,1.000000
GJ 849,A002_Xd9668b_X7c83,229.098674,230.939006,7.0,0.0366,43.3973,0.999998,0.999998,1.000000
gam Lep,A002_Xd28a9e_Xbcdf,223.085938,224.914062,12.0,0.1169,25.9953,0.999952,0.999944,1.000008
gam Lep,A002_Xd28a9e_Xbcdf,225.085938,226.914062,12.0,0.1169,25.7653,0.999951,0.999943,1.000008
gam Lep,A002_Xd28a9e_Xbcdf,239.085938,240.914063,12.0,0.1169,24.2623,0.999945,0.999936,1.000009
gam Lep,A002_Xd28a9e_Xbcdf,241.085938,242.914063,12.0,0.1169,24.0618,0.999944,0.999935,1.000009
gam Lep,A002_Xd248b5_X5186,335.627387,337.361762,12.0,0.1177,17.3047,0.999890,0.999872,1.000018
gam Lep,A002_Xd248b5_X5186,337.564887,339.299262,12.0,0.1177,17.2057,0.999889,0.999870,1.000019
gam Lep,A002_Xd248b5_X5186,347.627387,349.361762,12.0,0.1177,16.7089,0.999882,0.999862,1.000020
gam Lep,A002_Xd248b5_X5186,349.627387,351.361762,12.0,0.1177,16.6135,0.999881,0.999861,1.000020
HD 285968,A002_Xd98580_X3bf6,212.046491,213.874616,7.0,0.1038,46.8735,0.999966,0.999986,0.999980
HD 285968,A002_Xda2c82_X7136,212.048118,213.876243,7.0,0.0964,46.8731,0.999990,0.999988,1.000002
HD 285968,A002_Xdb4b9a_X108f,212.053847,213.881972,7.0,0.0678,46.8718,0.999995,0.999994,1.000001
HD 285968,A002_Xdb7ab7_X5b4e,212.055280,213.883405,7.0,0.0606,46.8715,0.999996,0.999995,1.000001
HD 285968,A002_Xd98580_X3bf6,214.046121,215.874246,7.0,0.1038,46.4374,0.999965,0.999986,0.999979
HD 285968,A002_Xda2c82_X7136,214.047762,215.875887,7.0,0.0964,46.4371,0.999990,0.999988,1.000002
HD 285968,A002_Xdb4b9a_X108f,214.053545,215.881670,7.0,0.0678,46.4358,0.999995,0.999994,1.000001
HD 285968,A002_Xdb7ab7_X5b4e,214.054993,215.883118,7.0,0.0606,46.4355,0.999996,0.999995,1.000001
HD 285968,A002_Xd98580_X3bf6,227.043709,228.871834,7.0,0.1038,43.7897,0.999961,0.999984,0.999977
HD 285968,A002_Xda2c82_X7136,227.045450,228.873575,7.0,0.0964,43.7894,0.999988,0.999987,1.000001
HD 285968,A002_Xdb4b9a_X108f,227.051583,228.879708,7.0,0.0678,43.7882,0.999994,0.999993,1.000001
HD 285968,A002_Xdb7ab7_X5b4e,227.053118,228.881243,7.0,0.0606,43.7879,0.999995,0.999995,1.000000
HD 285968,A002_Xd98580_X3bf6,229.037235,230.877567,7.0,0.1038,43.4089,0.999960,0.999984,0.999976
HD 285968,A002_Xda2c82_X7136,229.038992,230.879324,7.0,0.0964,43.4086,0.999988,0.999986,1.000002
HD 285968,A002_Xdb4b9a_X108f,229.045178,230.885510,7.0,0.0678,43.4074,0.999994,0.999993,1.000001
HD 285968,A002_Xdb7ab7_X5b4e,229.046726,230.887058,7.0,0.0606,43.4071,0.999995,0.999995,1.000000
AU Mic,A002_X1237e23_Xdb0,100.003657,101.831782,12.0,0.0384,57.7000,0.999999,0.999999,1.000000
AU Mic,A002_X1240efd_X14e83,100.005796,101.833921,12.0,0.0242,57.6987,1.000000,1.000000,1.000000
AU Mic,A002_X1240efd_X14140,100.005845,101.833970,12.0,0.0243,57.6987,1.000000,1.000000,1.000000
AU Mic,A002_X1240efd_X13b03,100.005869,101.833994,12.0,0.0243,57.6987,1.000000,1.000000,1.000000
AU Mic,A002_X12a079b_Xf640,100.015682,101.843807,12.0,0.0850,57.6931,0.999995,0.999994,1.000001
AU Mic,A002_X129754b_X2b51b,100.016327,101.844452,12.0,0.0913,57.6927,0.999994,0.999993,1.000001
AU Mic,A002_X129754b_X23b68,100.016378,101.844503,12.0,0.0920,57.6927,0.999994,0.999993,1.000001
AU Mic,A002_X129754b_X2363e,100.016445,101.844570,12.0,0.0921,57.6927,0.999994,0.999993,1.000001
AU Mic,A002_X129754b_X1a931,100.016506,101.844631,12.0,0.0929,57.6926,0.999994,0.999993,1.000001
AU Mic,A002_X12925a3_Xa4b1,100.017230,101.845355,12.0,0.0984,57.6922,0.999993,0.999992,1.000001
AU Mic,A002_X12a079b_Xf640,101.911182,103.739307,12.0,0.0850,56.6296,0.999995,0.999994,1.000001
AU Mic,A002_X129754b_X2b51b,101.911827,103.739952,12.0,0.0913,56.6292,0.999994,0.999993,1.000001
AU Mic,A002_X129754b_X23b68,101.911878,103.740003,12.0,0.0920,56.6292,0.999994,0.999993,1.000001
AU Mic,A002_X129754b_X2363e,101.911945,103.740070,12.0,0.0921,56.6292,0.999994,0.999993,1.000001
AU Mic,A002_X129754b_X1a931,101.912006,103.740131,12.0,0.0929,56.6291,0.999994,0.999993,1.000001
AU Mic,A002_X12925a3_Xa4b1,101.912730,103.740855,12.0,0.0984,56.6287,0.999993,0.999992,1.000001
AU Mic,A002_X1237e23_Xdb0,101.961657,103.789782,12.0,0.0384,56.6018,0.999999,0.999999,1.000000
AU Mic,A002_X1240efd_X14e83,101.963796,103.791921,12.0,0.0242,56.6006,1.000000,0.999999,1.000001
AU Mic,A002_X1240efd_X14140,101.963845,103.791970,12.0,0.0243,56.6006,1.000000,0.999999,1.000001
AU Mic,A002_X1240efd_X13b03,101.963869,103.791994,12.0,0.0243,56.6006,1.000000,0.999999,1.000001
AU Mic,A002_X1237e23_Xdb0,112.003657,113.831782,12.0,0.0384,51.5681,0.999999,0.999998,1.000001
AU Mic,A002_X1240efd_X14e83,112.005796,113.833921,12.0,0.0242,51.5671,0.999999,0.999999,1.000000
AU Mic,A002_X1240efd_X14140,112.005845,113.833970,12.0,0.0243,51.5671,0.999999,0.999999,1.000000
AU Mic,A002_X1240efd_X13b03,112.005869,113.833994,12.0,0.0243,51.5671,0.999999,0.999999,1.000000
AU Mic,A002_X12a079b_Xf640,112.015682,113.843807,12.0,0.0850,51.5626,0.999994,0.999992,1.000002
AU Mic,A002_X129754b_X2b51b,112.016327,113.844452,12.0,0.0913,51.5623,0.999993,0.999991,1.000002
AU Mic,A002_X129754b_X23b68,112.016378,113.844503,12.0,0.0920,51.5623,0.999992,0.999991,1.000001
AU Mic,A002_X129754b_X2363e,112.016445,113.844570,12.0,0.0921,51.5622,0.999992,0.999991,1.000001
AU Mic,A002_X129754b_X1a931,112.016506,113.844631,12.0,0.0929,51.5622,0.999992,0.999991,1.000001
AU Mic,A002_X12925a3_Xa4b1,112.017230,113.845355,12.0,0.0984,51.5619,0.999991,0.999990,1.000001
AU Mic,A002_X1237e23_Xdb0,114.012927,115.738512,12.0,0.0384,50.6891,0.999999,0.999998,1.000001
AU Mic,A002_X1240efd_X14e83,114.015065,115.740651,12.0,0.0242,50.6882,0.999999,0.999999,1.000000
AU Mic,A002_X1240efd_X14140,114.015115,115.740701,12.0,0.0243,50.6882,0.999999,0.999999,1.000000
AU Mic,A002_X1240efd_X13b03,114.015139,115.740725,12.0,0.0243,50.6881,0.999999,0.999999,1.000000
AU Mic,A002_X12a079b_Xf640,114.024952,115.750538,12.0,0.0850,50.6838,0.999993,0.999992,1.000001
AU Mic,A002_X129754b_X2b51b,114.025596,115.751182,12.0,0.0913,50.6835,0.999992,0.999991,1.000001
AU Mic,A002_X129754b_X23b68,114.025647,115.751233,12.0,0.0920,50.6835,0.999992,0.999991,1.000001
AU Mic,A002_X129754b_X2363e,114.025714,115.751300,12.0,0.0921,50.6835,0.999992,0.999991,1.000001
AU Mic,A002_X129754b_X1a931,114.025776,115.751362,12.0,0.0929,50.6835,0.999992,0.999991,1.000001
AU Mic,A002_X12925a3_Xa4b1,114.026500,115.752086,12.0,0.0984,50.6831,0.999991,0.999990,1.000001
AU Mic,A002_X899169_X1838,212.625624,214.359999,12.0,0.0349,27.2747,0.999996,0.999995,1.000001
AU Mic,A002_Xa42f75_X319,212.644214,214.378589,12.0,0.0361,27.2723,0.999996,0.999995,1.000001
AU Mic,A002_X7d80c7_X15c6,212.650835,214.385210,12.0,0.0343,27.2715,0.999996,0.999996,1.000000
AU Mic,A002_X899169_X1838,215.125539,216.859914,12.0,0.0349,26.9590,0.999996,0.999995,1.000001
AU Mic,A002_Xa42f75_X319,215.144347,216.878722,12.0,0.0361,26.9567,0.999996,0.999995,1.000001
AU Mic,A002_X7d80c7_X15c6,215.151046,216.885421,12.0,0.0343,26.9558,0.999996,0.999996,1.000000
AU Mic,A002_X899169_X1838,227.625118,229.359493,12.0,0.0349,25.4842,0.999996,0.999995,1.000001
AU Mic,A002_Xa42f75_X319,227.645015,229.379390,12.0,0.0361,25.4820,0.999995,0.999994,1.000001
AU Mic,A002_X7d80c7_X15c6,227.652101,229.386476,12.0,0.0343,25.4812,0.999996,0.999995,1.000001
AU Mic,A002_X899169_X1838,229.675816,231.400913,12.0,0.0349,25.2581,0.999995,0.999995,1.000000
AU Mic,A002_Xa42f75_X319,229.695158,231.420255,12.0,0.0361,25.2559,0.999995,0.999994,1.000001
AU Mic,A002_X7d80c7_X15c6,229.702047,231.427144,12.0,0.0343,25.2552,0.999996,0.999995,1.000001
AU Mic,A002_Xbf792a_X26ec,675.127388,676.861763,12.0,0.0622,8.6139,0.999876,0.999855,1.000021
AU Mic,A002_Xbf792a_X26ec,677.127388,678.861763,12.0,0.0622,8.5885,0.999875,0.999855,1.000020
AU Mic,A002_Xbf792a_X26ec,679.127388,680.861763,12.0,0.0622,8.5632,0.999875,0.999854,1.000021
AU Mic,A002_Xbf792a_X26ec,681.064888,682.799263,12.0,0.0622,8.5389,0.999874,0.999853,1.000021
V AT Mic B,A002_Xcd97a1_X3f1e,333.171187,334.905562,12.0,0.5116,17.4320,0.997954,0.997615,1.000340
V AT Mic B,A002_Xcd97a1_X3f1e,335.066687,336.801062,12.0,0.5116,17.3336,0.997930,0.997588,1.000343
V AT Mic B,A002_Xcd97a1_X3f1e,345.175825,346.900923,12.0,0.5116,16.8275,0.997804,0.997441,1.000364
V AT Mic B,A002_Xcd97a1_X3f1e,347.066687,348.801062,12.0,0.5116,16.7358,0.997780,0.997412,1.000369
NAME AT Mic AB Gaia DR3 6792436799475128960,A002_Xcd97a1_X3f1e,333.171187,334.905562,12.0,1.4732,17.4320,0.983156,0.980392,1.002819
NAME AT Mic AB Gaia DR3 6792436799475128960,A002_Xcd97a1_X3f1e,335.066687,336.801062,12.0,1.4732,17.3336,0.982966,0.980172,1.002851
NAME AT Mic AB Gaia DR3 6792436799475128960,A002_Xcd97a1_X3f1e,345.175825,346.900923,12.0,1.4732,16.8275,0.981935,0.978974,1.003025
NAME AT Mic AB Gaia DR3 6792436799475128960,A002_Xcd97a1_X3f1e,347.066687,348.801062,12.0,1.4732,16.7358,0.981738,0.978745,1.003058
gam Vir,A002_Xd95042_X2d99,223.085938,224.914062,12.0,0.3722,25.9953,0.999513,0.999432,1.000081
gam Vir,A002_Xd99ff3_X9611,223.085938,224.914062,12.0,0.3655,25.9953,0.999530,0.999452,1.000078
gam Vir,A002_Xd95042_X2d99,225.085938,226.914062,12.0,0.3722,25.7653,0.999504,0.999422,1.000082
gam Vir,A002_Xd99ff3_X9611,225.085938,226.914062,12.0,0.3655,25.7653,0.999521,0.999442,1.000079
gam Vir,A002_Xd95042_X2d99,239.085938,240.914063,12.0,0.3722,24.2623,0.999440,0.999348,1.000092
gam Vir,A002_Xd99ff3_X9611,239.085938,240.914063,12.0,0.3655,24.2623,0.999460,0.999371,1.000089
gam Vir,A002_Xd95042_X2d99,241.085938,242.914063,12.0,0.3722,24.0618,0.999431,0.999337,1.000094
gam Vir,A002_Xd99ff3_X9611,241.085938,242.914063,12.0,0.3655,24.0618,0.999451,0.999360,1.000091
gam Vir,A002_Xd6ebab_X41a3,335.580512,337.408637,12.0,0.4023,17.3047,0.998715,0.998503,1.000213
gam Vir,A002_Xd99ff3_X152c8,335.580512,337.408637,12.0,0.3641,17.3047,0.998948,0.998773,1.000175
gam Vir,A002_Xd6ebab_X41a3,337.518012,339.346137,12.0,0.4023,17.2057,0.998700,0.998485,1.000215
gam Vir,A002_Xd99ff3_X152c8,337.518012,339.346137,12.0,0.3641,17.2057,0.998936,0.998759,1.000177
gam Vir,A002_Xd6ebab_X41a3,347.580512,349.408637,12.0,0.4023,16.7089,0.998622,0.998394,1.000228
gam Vir,A002_Xd99ff3_X152c8,347.580512,349.408637,12.0,0.3641,16.7089,0.998871,0.998684,1.000187
gam Vir,A002_Xd6ebab_X41a3,349.580512,351.408637,12.0,0.4023,16.6135,0.998606,0.998376,1.000231
gam Vir,A002_Xd99ff3_X152c8,349.580512,351.408637,12.0,0.3641,16.6135,0.998858,0.998669,1.000189
HR 1010 Gaia DR3 4722135642226902656,A002_Xc6fa08_X1053,229.609959,231.450780,7.0,0.0893,43.3010,0.999990,0.999988,1.000002
HR 1010 Gaia DR3 4722135642226902656,A002_Xc6e968_X1339,229.610125,231.450945,7.0,0.0890,43.3010,0.999990,0.999988,1.000002
HR 1010 Gaia DR3 4722135642226902656,A002_Xc6d2f9_X7060,229.610174,231.450995,7.0,0.0888,43.3010,0.999990,0.999988,1.000002
HR 1010 Gaia DR3 4722135642226902656,A002_Xc694dd_X41ca,229.610626,231.451446,7.0,0.0873,43.3009,0.999990,0.999989,1.000001
HR 1010 Gaia DR3 4722135642226902656,A002_Xc694dd_X3e5f,229.610685,231.451506,7.0,0.0873,43.3009,0.999990,0.999989,1.000001
HR 1010 Gaia DR3 4722135642226902656,A002_Xc68b3e_X107b,229.610807,231.451627,7.0,0.0869,43.3009,0.999990,0.999989,1.000001
HR 1010 Gaia DR3 4722135642226902656,A002_Xc67b7e_X1f16,229.610880,231.451700,7.0,0.0867,43.3008,0.999990,0.999989,1.000001
HR 1010 Gaia DR3 4722135642226902656,A002_Xc66ce1_Xaa9,229.611119,231.451939,7.0,0.0864,43.3008,0.999991,0.999989,1.000002
HR 1010 Gaia DR3 4722135642226902656,A002_Xc6fa08_X1053,231.617535,233.351910,7.0,0.0893,42.9370,0.999990,0.999988,1.000002
HR 1010 Gaia DR3 4722135642226902656,A002_Xc6e968_X1339,231.617696,233.352071,7.0,0.0890,42.9370,0.999990,0.999988,1.000002
HR 1010 Gaia DR3 4722135642226902656,A002_Xc6d2f9_X7060,231.617744,233.352119,7.0,0.0888,42.9370,0.999990,0.999988,1.000002
HR 1010 Gaia DR3 4722135642226902656,A002_Xc6b674_X28f5,231.617953,233.352328,7.0,0.0880,42.9369,0.999990,0.999988,1.000002
HR 1010 Gaia DR3 4722135642226902656,A002_Xc694dd_X41ca,231.618183,233.352558,7.0,0.0873,42.9369,0.999990,0.999989,1.000001
HR 1010 Gaia DR3 4722135642226902656,A002_Xc694dd_X3e5f,231.618241,233.352616,7.0,0.0873,42.9369,0.999990,0.999989,1.000001
HR 1010 Gaia DR3 4722135642226902656,A002_Xc68b3e_X107b,231.618359,233.352734,7.0,0.0869,42.9369,0.999990,0.999989,1.000001
HR 1010 Gaia DR3 4722135642226902656,A002_Xc67b7e_X1f16,231.618430,233.352805,7.0,0.0867,42.9368,0.999990,0.999989,1.000001
HR 1010 Gaia DR3 4722135642226902656,A002_Xc66ce1_Xaa9,231.618663,233.353038,7.0,0.0864,42.9368,0.999990,0.999989,1.000001
HR 1010 Gaia DR3 4722135642226902656,A002_Xc6fa08_X1053,244.616677,246.351052,7.0,0.0893,40.6634,0.999989,0.999987,1.000002
HR 1010 Gaia DR3 4722135642226902656,A002_Xc6e968_X1339,244.616846,246.351221,7.0,0.0890,40.6633,0.999989,0.999987,1.000002
HR 1010 Gaia DR3 4722135642226902656,A002_Xc6d2f9_X7060,244.616897,246.351272,7.0,0.0888,40.6633,0.999989,0.999987,1.000002
HR 1010 Gaia DR3 4722135642226902656,A002_Xc6b674_X28f5,244.617118,246.351493,7.0,0.0880,40.6633,0.999989,0.999987,1.000002
HR 1010 Gaia DR3 4722135642226902656,A002_Xc694dd_X41ca,244.617361,246.351736,7.0,0.0873,40.6632,0.999989,0.999987,1.000002
HR 1010 Gaia DR3 4722135642226902656,A002_Xc694dd_X3e5f,244.617422,246.351797,7.0,0.0873,40.6632,0.999989,0.999987,1.000002
HR 1010 Gaia DR3 4722135642226902656,A002_Xc68b3e_X107b,244.617547,246.351922,7.0,0.0869,40.6632,0.999989,0.999987,1.000002
HR 1010 Gaia DR3 4722135642226902656,A002_Xc67b7e_X1f16,244.617622,246.351997,7.0,0.0867,40.6632,0.999989,0.999987,1.000002
HR 1010 Gaia DR3 4722135642226902656,A002_Xc66ce1_Xaa9,244.617868,246.352243,7.0,0.0864,40.6632,0.999989,0.999987,1.000002
HR 1010 Gaia DR3 4722135642226902656,A002_Xc6fa08_X1053,246.616545,248.350920,7.0,0.0893,40.3348,0.999988,0.999986,1.000002
HR 1010 Gaia DR3 4722135642226902656,A002_Xc6e968_X1339,246.616716,248.351091,7.0,0.0890,40.3347,0.999988,0.999987,1.000001
HR 1010 Gaia DR3 4722135642226902656,A002_Xc6d2f9_X7060,246.616768,248.351143,7.0,0.0888,40.3347,0.999988,0.999987,1.000001
HR 1010 Gaia DR3 4722135642226902656,A002_Xc6b674_X28f5,246.616990,248.351365,7.0,0.0880,40.3347,0.999989,0.999987,1.000002
HR 1010 Gaia DR3 4722135642226902656,A002_Xc694dd_X41ca,246.617235,248.351610,7.0,0.0873,40.3347,0.999989,0.999987,1.000002
HR 1010 Gaia DR3 4722135642226902656,A002_Xc694dd_X3e5f,246.617297,248.351672,7.0,0.0873,40.3346,0.999989,0.999987,1.000002
HR 1010 Gaia DR3 4722135642226902656,A002_Xc68b3e_X107b,246.617423,248.351798,7.0,0.0869,40.3346,0.999989,0.999987,1.000002
HR 1010 Gaia DR3 4722135642226902656,A002_Xc67b7e_X1f16,246.617498,248.351873,7.0,0.0867,40.3346,0.999989,0.999987,1.000002
HR 1010 Gaia DR3 4722135642226902656,A002_Xc66ce1_Xaa9,246.617746,248.352121,7.0,0.0864,40.3346,0.999989,0.999987,1.000002
HR 1010 Gaia DR3 4722135642226902656,A002_Xc7111c_X61dc,333.084351,334.912476,7.0,1.2243,29.8870,0.996017,0.995358,1.000662
HR 1010 Gaia DR3 4722135642226902656,A002_Xc6c0d5_X121e,333.085241,334.913366,7.0,1.2104,29.8869,0.996106,0.995463,1.000646
HR 1010 Gaia DR3 4722135642226902656,A002_Xc6a3db_X7b5b,333.085368,334.913493,7.0,1.2077,29.8869,0.996124,0.995483,1.000644
HR 1010 Gaia DR3 4722135642226902656,A002_Xc66ce1_X1345,333.086140,334.914265,7.0,1.1992,29.8868,0.996178,0.995546,1.000635
HR 1010 Gaia DR3 4722135642226902656,A002_Xc6141c_X3af0,333.087349,334.915474,7.0,1.1881,29.8867,0.996248,0.995628,1.000623
HR 1010 Gaia DR3 4722135642226902656,A002_Xc7111c_X61dc,335.042351,336.870476,7.0,1.2243,29.7128,0.995970,0.995304,1.000669
HR 1010 Gaia DR3 4722135642226902656,A002_Xc6c0d5_X121e,335.043241,336.871366,7.0,1.2104,29.7127,0.996061,0.995409,1.000655
HR 1010 Gaia DR3 4722135642226902656,A002_Xc6a3db_X7b5b,335.043368,336.871493,7.0,1.2077,29.7127,0.996078,0.995430,1.000651
HR 1010 Gaia DR3 4722135642226902656,A002_Xc66ce1_X1345,335.044140,336.872265,7.0,1.1992,29.7126,0.996133,0.995494,1.000642
HR 1010 Gaia DR3 4722135642226902656,A002_Xc6141c_X3af0,335.045349,336.873474,7.0,1.1881,29.7125,0.996204,0.995577,1.000630
HR 1010 Gaia DR3 4722135642226902656,A002_Xc7111c_X61dc,345.313596,346.234006,7.0,1.2243,28.8692,0.995732,0.995026,1.000710
HR 1010 Gaia DR3 4722135642226902656,A002_Xc6c0d5_X121e,345.314486,346.234896,7.0,1.2104,28.8691,0.995827,0.995138,1.000692
HR 1010 Gaia DR3 4722135642226902656,A002_Xc6a3db_X7b5b,345.314613,346.235023,7.0,1.2077,28.8691,0.995846,0.995160,1.000690
HR 1010 Gaia DR3 4722135642226902656,A002_Xc66ce1_X1345,345.315385,346.235795,7.0,1.1992,28.8690,0.995904,0.995227,1.000680
HR 1010 Gaia DR3 4722135642226902656,A002_Xc6141c_X3af0,345.316593,346.237003,7.0,1.1881,28.8689,0.995980,0.995315,1.000668
HR 1010 Gaia DR3 4722135642226902656,A002_Xc7111c_X61dc,347.042348,348.870473,7.0,1.2243,28.6881,0.995678,0.994963,1.000719
HR 1010 Gaia DR3 4722135642226902656,A002_Xc6c0d5_X121e,347.043238,348.871363,7.0,1.2104,28.6880,0.995775,0.995077,1.000702
HR 1010 Gaia DR3 4722135642226902656,A002_Xc6a3db_X7b5b,347.043364,348.871489,7.0,1.2077,28.6880,0.995794,0.995098,1.000699
HR 1010 Gaia DR3 4722135642226902656,A002_Xc66ce1_X1345,347.044137,348.872262,7.0,1.1992,28.6879,0.995852,0.995167,1.000688
HR 1010 Gaia DR3 4722135642226902656,A002_Xc6141c_X3af0,347.045345,348.873470,7.0,1.1881,28.6878,0.995929,0.995256,1.000676
TRAPPIST-1,A002_Xc9831a_X443,89.627387,91.361762,12.0,0.3400,64.3458,0.999934,0.999923,1.000011
TRAPPIST-1,A002_Xc99ad7_X623d,89.627387,91.361762,12.0,0.3370,64.3458,0.999935,0.999924,1.000011
TRAPPIST-1,A002_Xc9c531_X632d,89.627387,91.361762,12.0,0.3338,64.3458,0.999936,0.999925,1.000011
TRAPPIST-1,A002_Xc9c531_X67a0,89.627387,91.361762,12.0,0.3337,64.3458,0.999936,0.999925,1.000011
TRAPPIST-1,A002_Xc99ad7_X67ff,89.627387,91.361762,12.0,0.3369,64.3458,0.999935,0.999924,1.000011
TRAPPIST-1,A002_Xc9831a_X443,91.564887,93.299262,12.0,0.3400,62.9971,0.999931,0.999919,1.000012
TRAPPIST-1,A002_Xc99ad7_X623d,91.564887,93.299262,12.0,0.3370,62.9971,0.999932,0.999921,1.000011
TRAPPIST-1,A002_Xc9c531_X632d,91.564887,93.299262,12.0,0.3338,62.9971,0.999933,0.999922,1.000011
TRAPPIST-1,A002_Xc9c531_X67a0,91.564887,93.299262,12.0,0.3337,62.9971,0.999933,0.999922,1.000011
TRAPPIST-1,A002_Xc99ad7_X67ff,91.564887,93.299262,12.0,0.3369,62.9971,0.999932,0.999921,1.000011
TRAPPIST-1,A002_Xc9831a_X443,101.627387,103.361762,12.0,0.3400,56.8123,0.999915,0.999901,1.000014
TRAPPIST-1,A002_Xc99ad7_X623d,101.627387,103.361762,12.0,0.3370,56.8123,0.999916,0.999902,1.000014
TRAPPIST-1,A002_Xc9c531_X632d,101.627387,103.361762,12.0,0.3338,56.8123,0.999918,0.999904,1.000014
TRAPPIST-1,A002_Xc9c531_X67a0,101.627387,103.361762,12.0,0.3337,56.8123,0.999918,0.999904,1.000014
TRAPPIST-1,A002_Xc99ad7_X67ff,101.627387,103.361762,12.0,0.3369,56.8123,0.999916,0.999903,1.000013
TRAPPIST-1,A002_Xc9831a_X443,103.627387,105.361762,12.0,0.3400,55.7249,0.999911,0.999897,1.000014
TRAPPIST-1,A002_Xc99ad7_X623d,103.627387,105.361762,12.0,0.3370,55.7249,0.999913,0.999899,1.000014
TRAPPIST-1,A002_Xc9c531_X632d,103.627387,105.361762,12.0,0.3338,55.7249,0.999915,0.999901,1.000014
TRAPPIST-1,A002_Xc9c531_X67a0,103.627387,105.361762,12.0,0.3337,55.7249,0.999915,0.999901,1.000014
TRAPPIST-1,A002_Xc99ad7_X67ff,103.627387,105.361762,12.0,0.3369,55.7249,0.999913,0.999899,1.000014
TRAPPIST-1,A002_X12ac5b5_X14ae,223.078125,224.921875,7.0,0.0808,44.5634,0.999992,0.999991,1.000001
TRAPPIST-1,A002_X12a079b_X22389,223.078125,224.921875,7.0,0.0820,44.5634,0.999992,0.999991,1.000001
TRAPPIST-1,A002_X12b487b_X386a,223.078125,224.921875,7.0,0.0730,44.5634,0.999994,0.999993,1.000001
TRAPPIST-1,A002_X12b966a_X38de,223.078125,224.921875,7.0,0.0689,44.5634,0.999994,0.999993,1.000001
TRAPPIST-1,A002_X12a8fc8_X10b8,223.078125,224.921875,7.0,0.0818,44.5634,0.999992,0.999991,1.000001
TRAPPIST-1,A002_X12a8fc8_X1980,223.078125,224.921875,7.0,0.0818,44.5634,0.999992,0.999991,1.000001
TRAPPIST-1,A002_X12a8fc8_X2201,223.078125,224.921875,7.0,0.0818,44.5634,0.999992,0.999991,1.000001
TRAPPIST-1,A002_X12a8fc8_Xb82,223.078125,224.921875,7.0,0.0818,44.5634,0.999992,0.999991,1.000001
TRAPPIST-1,A002_X12ac5b5_X14ae,225.078125,226.921875,7.0,0.0808,44.1690,0.999992,0.999991,1.000001
TRAPPIST-1,A002_X12a079b_X22389,225.078125,226.921875,7.0,0.0820,44.1690,0.999992,0.999990,1.000002
TRAPPIST-1,A002_X12b487b_X386a,225.078125,226.921875,7.0,0.0730,44.1690,0.999993,0.999992,1.000001
TRAPPIST-1,A002_X12b966a_X38de,225.078125,226.921875,7.0,0.0689,44.1690,0.999994,0.999993,1.000001
TRAPPIST-1,A002_X12a8fc8_X10b8,225.078125,226.921875,7.0,0.0818,44.1690,0.999992,0.999990,1.000002
TRAPPIST-1,A002_X12a8fc8_X1980,225.078125,226.921875,7.0,0.0818,44.1690,0.999992,0.999990,1.000002
TRAPPIST-1,A002_X12a8fc8_X2201,225.078125,226.921875,7.0,0.0818,44.1690,0.999992,0.999990,1.000002
TRAPPIST-1,A002_X12a8fc8_Xb82,225.078125,226.921875,7.0,0.0818,44.1690,0.999992,0.999990,1.000002
TRAPPIST-1,A002_X12ac5b5_X14ae,239.078125,240.921875,7.0,0.0808,41.5925,0.999991,0.999990,1.000001
TRAPPIST-1,A002_X12a079b_X22389,239.078125,240.921875,7.0,0.0820,41.5925,0.999991,0.999989,1.000002
TRAPPIST-1,A002_X12b487b_X386a,239.078125,240.921875,7.0,0.0730,41.5925,0.999993,0.999991,1.000002
TRAPPIST-1,A002_X12b966a_X38de,239.078125,240.921875,7.0,0.0689,41.5925,0.999993,0.999992,1.000001
TRAPPIST-1,A002_X12a8fc8_X10b8,239.078125,240.921875,7.0,0.0818,41.5925,0.999991,0.999989,1.000002
TRAPPIST-1,A002_X12a8fc8_X1980,239.078125,240.921875,7.0,0.0818,41.5925,0.999991,0.999989,1.000002
TRAPPIST-1,A002_X12a8fc8_X2201,239.078125,240.921875,7.0,0.0818,41.5925,0.999991,0.999989,1.000002
TRAPPIST-1,A002_X12a8fc8_Xb82,239.078125,240.921875,7.0,0.0818,41.5925,0.999991,0.999989,1.000002
TRAPPIST-1,A002_X12ac5b5_X14ae,241.078125,242.921875,7.0,0.0808,41.2488,0.999991,0.999989,1.000002
TRAPPIST-1,A002_X12a079b_X22389,241.078125,242.921875,7.0,0.0820,41.2488,0.999991,0.999989,1.000002
TRAPPIST-1,A002_X12b487b_X386a,241.078125,242.921875,7.0,0.0730,41.2488,0.999993,0.999991,1.000002
TRAPPIST-1,A002_X12b966a_X38de,241.078125,242.921875,7.0,0.0689,41.2488,0.999993,0.999992,1.000001
TRAPPIST-1,A002_X12a8fc8_X10b8,241.078125,242.921875,7.0,0.0818,41.2488,0.999991,0.999989,1.000002
TRAPPIST-1,A002_X12a8fc8_X1980,241.078125,242.921875,7.0,0.0818,41.2488,0.999991,0.999989,1.000002
TRAPPIST-1,A002_X12a8fc8_X2201,241.078125,242.921875,7.0,0.0818,41.2488,0.999991,0.999989,1.000002
TRAPPIST-1,A002_X12a8fc8_Xb82,241.078125,242.921875,7.0,0.0818,41.2488,0.999991,0.999989,1.000002
TRAPPIST-1,A002_Xd0e450_Xc7a1,333.709847,335.444222,12.0,0.2654,17.4039,0.999447,0.999355,1.000092
TRAPPIST-1,A002_Xd0e450_Xc008,333.710028,335.444403,12.0,0.2654,17.4039,0.999447,0.999355,1.000092
TRAPPIST-1,A002_Xd0e450_X1e19,333.710656,335.445031,12.0,0.2640,17.4039,0.999453,0.999362,1.000091
TRAPPIST-1,A002_Xcccc19_X5564,333.727377,335.461752,12.0,0.2222,17.4030,0.999612,0.999548,1.000064
TRAPPIST-1,A002_Xcccc19_X4dfa,333.727513,335.461888,12.0,0.2223,17.4030,0.999612,0.999548,1.000064
TRAPPIST-1,A002_Xd0e450_Xc7a1,335.605347,337.339722,12.0,0.2654,17.3059,0.999441,0.999348,1.000093
TRAPPIST-1,A002_Xd0e450_Xc008,335.605528,337.339903,12.0,0.2654,17.3059,0.999441,0.999348,1.000093
TRAPPIST-1,A002_Xd0e450_X1e19,335.606156,337.340531,12.0,0.2640,17.3058,0.999446,0.999355,1.000091
TRAPPIST-1,A002_Xcccc19_X5564,335.622877,337.357252,12.0,0.2222,17.3050,0.999608,0.999543,1.000065
TRAPPIST-1,A002_Xcccc19_X4dfa,335.623013,337.357388,12.0,0.2223,17.3050,0.999608,0.999543,1.000065
TRAPPIST-1,A002_Xd0e450_Xc7a1,345.714486,347.439584,12.0,0.2654,16.8013,0.999407,0.999308,1.000099
TRAPPIST-1,A002_Xd0e450_Xc008,345.714667,347.439764,12.0,0.2654,16.8013,0.999407,0.999308,1.000099
TRAPPIST-1,A002_Xd0e450_X1e19,345.715295,347.440393,12.0,0.2640,16.8013,0.999413,0.999316,1.000097
TRAPPIST-1,A002_Xcccc19_X5564,345.732016,347.457114,12.0,0.2222,16.8005,0.999584,0.999515,1.000069
TRAPPIST-1,A002_Xcccc19_X4dfa,345.732152,347.457249,12.0,0.2223,16.8005,0.999584,0.999515,1.000069
TRAPPIST-1,A002_Xd0e450_Xc7a1,347.605347,349.339722,12.0,0.2654,16.7099,0.999400,0.999301,1.000099
TRAPPIST-1,A002_Xd0e450_Xc008,347.605528,349.339903,12.0,0.2654,16.7099,0.999400,0.999301,1.000099
TRAPPIST-1,A002_Xd0e450_X1e19,347.606156,349.340531,12.0,0.2640,16.7099,0.999406,0.999308,1.000098
TRAPPIST-1,A002_Xcccc19_X5564,347.622877,349.357252,12.0,0.2222,16.7091,0.999579,0.999510,1.000069
TRAPPIST-1,A002_Xcccc19_X4dfa,347.623013,349.357388,12.0,0.2223,16.7091,0.999579,0.999509,1.000070
HD 69830,A002_Xcbc47c_Xd4,226.302271,228.027368,12.0,0.0725,25.6331,0.999981,0.999978,1.000003
HD 69830,A002_Xcbb583_Xb78,226.302308,228.027406,12.0,0.0720,25.6331,0.999981,0.999978,1.000003
HD 69830,A002_Xcbc47c_Xd4,229.195027,230.920125,12.0,0.0725,25.3108,0.999981,0.999977,1.000004
HD 69830,A002_Xcbb583_Xb78,229.195064,230.920162,12.0,0.0720,25.3108,0.999981,0.999978,1.000003
HD 69830,A002_Xcbc47c_Xd4,242.187992,243.922367,12.0,0.0725,23.9573,0.999978,0.999975,1.000003
HD 69830,A002_Xcbb583_Xb78,242.188031,243.922406,12.0,0.0720,23.9573,0.999979,0.999975,1.000004
HD 69830,A002_Xcbc47c_Xd4,244.187623,245.921998,12.0,0.0725,23.7618,0.999978,0.999974,1.000004
HD 69830,A002_Xcbb583_Xb78,244.187662,245.922037,12.0,0.0720,23.7618,0.999978,0.999975,1.000003
HD 69830,A002_X12277ed_X178c6,321.157558,321.265224,12.0,0.0592,18.1281,0.999975,0.999970,1.000005
HD 69830,A002_X12235df_X8337,321.159626,321.267292,12.0,0.0630,18.1280,0.999971,0.999967,1.000004
HD 69830,A002_X12235df_X7876,321.159833,321.267499,12.0,0.0631,18.1280,0.999971,0.999966,1.000005
HD 69830,A002_X12209f7_X16edb,321.160099,321.267765,12.0,0.0637,18.1279,0.999971,0.999966,1.000005
HD 69830,A002_X12209f7_X163ba,321.160299,321.267965,12.0,0.0637,18.1279,0.999971,0.999966,1.000005
HD 69830,A002_X1207c39_X9417,321.166506,321.274172,12.0,0.0767,18.1276,0.999957,0.999950,1.000007
HD 69830,A002_X12277ed_X178c6,322.396991,322.504657,12.0,0.0592,18.0584,0.999974,0.999970,1.000004
HD 69830,A002_X12235df_X8337,322.399059,322.506725,12.0,0.0630,18.0583,0.999971,0.999966,1.000005
HD 69830,A002_X12235df_X7876,322.399266,322.506932,12.0,0.0631,18.0583,0.999971,0.999966,1.000005
HD 69830,A002_X12209f7_X16edb,322.399532,322.507198,12.0,0.0637,18.0583,0.999970,0.999966,1.000004
HD 69830,A002_X12209f7_X163ba,322.399732,322.507398,12.0,0.0637,18.0583,0.999970,0.999966,1.000004
HD 69830,A002_X1207c39_X9417,322.406000,322.513666,12.0,0.0767,18.0579,0.999957,0.999950,1.000007
HD 69830,A002_X12277ed_X178c6,332.573787,334.401912,12.0,0.0592,17.4608,0.999973,0.999968,1.000005
HD 69830,A002_X12235df_X8337,332.575855,334.403980,12.0,0.0630,17.4606,0.999969,0.999964,1.000005
HD 69830,A002_X12235df_X7876,332.576062,334.404187,12.0,0.0631,17.4606,0.999969,0.999964,1.000005
HD 69830,A002_X12209f7_X16edb,332.576329,334.404454,12.0,0.0637,17.4606,0.999968,0.999963,1.000005
HD 69830,A002_X12209f7_X163ba,332.576528,334.404653,12.0,0.0637,17.4606,0.999968,0.999963,1.000005
HD 69830,A002_X1207c39_X9417,332.582766,334.410891,12.0,0.0767,17.4603,0.999954,0.999946,1.000008
HD 69830,A002_X12277ed_X178c6,335.326748,335.434414,12.0,0.0592,17.3622,0.999972,0.999968,1.000004
HD 69830,A002_X12235df_X8337,335.328876,335.436542,12.0,0.0630,17.3621,0.999969,0.999963,1.000006
HD 69830,A002_X12235df_X7876,335.329114,335.436780,12.0,0.0631,17.3621,0.999969,0.999963,1.000006
HD 69830,A002_X12209f7_X16edb,335.329380,335.437046,12.0,0.0637,17.3621,0.999968,0.999963,1.000005
HD 69830,A002_X12209f7_X163ba,335.329580,335.437246,12.0,0.0637,17.3621,0.999968,0.999963,1.000005
HD 69830,A002_X1207c39_X9417,335.336092,335.443758,12.0,0.0767,17.3617,0.999954,0.999946,1.000008
CD-38 10980,A002_Xe5808e_X80a1,223.085938,224.914062,12.0,0.0313,25.9953,0.999997,0.999996,1.000001
CD-38 10980,A002_Xe5808e_X80a1,225.085938,226.914062,12.0,0.0313,25.7653,0.999996,0.999996,1.000000
CD-38 10980,A002_Xe5808e_X80a1,239.085938,240.914063,12.0,0.0313,24.2623,0.999996,0.999995,1.000001
CD-38 10980,A002_Xe5808e_X80a1,241.085938,242.914063,12.0,0.0313,24.0618,0.999996,0.999995,1.000001
LP 349-25,A002_Xb9a2bb_X1899,89.627387,91.361762,12.0,1.1711,64.3458,0.999212,0.999082,1.000130
LP 349-25,A002_Xb9b1b9_X971,89.627387,91.361762,12.0,1.1711,64.3458,0.999212,0.999082,1.000130
LP 349-25,A002_Xb9a2bb_X1899,91.564887,93.299262,12.0,1.1711,62.9971,0.999178,0.999042,1.000136
LP 349-25,A002_Xb9b1b9_X971,91.564887,93.299262,12.0,1.1711,62.9971,0.999178,0.999042,1.000136
LP 349-25,A002_Xb9a2bb_X1899,101.627387,103.361762,12.0,1.1711,56.8123,0.998990,0.998823,1.000168
LP 349-25,A002_Xb9b1b9_X971,101.627387,103.361762,12.0,1.1711,56.8123,0.998990,0.998823,1.000168
LP 349-25,A002_Xb9a2bb_X1899,103.627387,105.361762,12.0,1.1711,55.7249,0.998950,0.998776,1.000174
LP 349-25,A002_Xb9b1b9_X971,103.627387,105.361762,12.0,1.1711,55.7249,0.998950,0.998776,1.000174
GJ14 Gaia DR3 383426372059603712,A002_Xd09670_X1d79,226.360464,228.085562,12.0,0.0797,25.6266,0.999977,0.999973,1.000004
GJ14 Gaia DR3 383426372059603712,A002_Xcf196f_Xabc5,226.361799,228.086896,12.0,0.0905,25.6264,0.999970,0.999965,1.000005
GJ14 Gaia DR3 383426372059603712,A002_Xd09670_X1d79,229.251676,230.976774,12.0,0.0797,25.3046,0.999976,0.999972,1.000004
GJ14 Gaia DR3 383426372059603712,A002_Xcf196f_Xabc5,229.252975,230.978073,12.0,0.0905,25.3045,0.999970,0.999965,1.000005
GJ14 Gaia DR3 383426372059603712,A002_Xd09670_X1d79,242.247841,243.982216,12.0,0.0797,23.9514,0.999974,0.999969,1.000005
GJ14 Gaia DR3 383426372059603712,A002_Xcf196f_Xabc5,242.249214,243.983589,12.0,0.0905,23.9513,0.999966,0.999960,1.000006
GJ14 Gaia DR3 383426372059603712,A002_Xd09670_X1d79,244.247965,245.982340,12.0,0.0797,23.7560,0.999973,0.999969,1.000004
GJ14 Gaia DR3 383426372059603712,A002_Xcf196f_Xabc5,244.249349,245.983724,12.0,0.0905,23.7558,0.999965,0.999960,1.000005
LHS 1140,A002_Xd9d7c7_X6fd2,212.084500,213.912625,7.0,0.0038,46.8651,1.000000,1.000000,1.000000
LHS 1140,A002_Xda1250_X72ef,212.086103,213.914228,7.0,0.0038,46.8647,1.000000,1.000000,1.000000
LHS 1140,A002_Xda1250_X6f6b,212.086191,213.914316,7.0,0.0038,46.8647,1.000000,1.000000,1.000000
LHS 1140,A002_Xda2c82_X62d7,212.086925,213.915050,7.0,0.0038,46.8646,1.000000,1.000000,1.000000
LHS 1140,A002_Xd9d7c7_X6fd2,214.084487,215.912612,7.0,0.0038,46.4291,1.000000,1.000000,1.000000
LHS 1140,A002_Xda1250_X72ef,214.086103,215.914228,7.0,0.0038,46.4288,1.000000,1.000000,1.000000
LHS 1140,A002_Xda1250_X6f6b,214.086191,215.914316,7.0,0.0038,46.4288,1.000000,1.000000,1.000000
LHS 1140,A002_Xda2c82_X62d7,214.086925,215.915050,7.0,0.0038,46.4286,1.000000,1.000000,1.000000
LHS 1140,A002_Xd9d7c7_X6fd2,227.084439,228.912564,7.0,0.0038,43.7819,1.000000,1.000000,1.000000
LHS 1140,A002_Xda1250_X72ef,227.086104,228.914229,7.0,0.0038,43.7815,1.000000,1.000000,1.000000
LHS 1140,A002_Xda1250_X6f6b,227.086195,228.914320,7.0,0.0038,43.7815,1.000000,1.000000,1.000000
LHS 1140,A002_Xda2c82_X62d7,227.086950,228.915075,7.0,0.0038,43.7814,1.000000,1.000000,1.000000
LHS 1140,A002_Xd9d7c7_X6fd2,229.078335,230.918668,7.0,0.0038,43.4011,1.000000,1.000000,1.000000
LHS 1140,A002_Xda1250_X72ef,229.080002,230.920334,7.0,0.0038,43.4008,1.000000,1.000000,1.000000
LHS 1140,A002_Xda1250_X6f6b,229.080093,230.920425,7.0,0.0038,43.4008,1.000000,1.000000,1.000000
LHS 1140,A002_Xda2c82_X62d7,229.080855,230.921187,7.0,0.0038,43.4007,1.000000,1.000000,1.000000
HD 38858 Gaia DR3 3023711269067191296,A002_Xc20718_X2fcf,229.609322,231.449654,7.0,0.0532,43.3012,0.999996,0.999996,1.000000
HD 38858 Gaia DR3 3023711269067191296,A002_Xc23361_Xb5c9,229.611241,231.451573,7.0,0.0537,43.3008,0.999996,0.999996,1.000000
HD 38858 Gaia DR3 3023711269067191296,A002_Xb0be8b_X785f,229.637299,231.362397,12.0,0.0825,25.2623,0.999975,0.999970,1.000005
HD 38858 Gaia DR3 3023711269067191296,A002_Xb0ebd1_X1855,229.637305,231.362403,12.0,0.0827,25.2623,0.999975,0.999970,1.000005
HD 38858 Gaia DR3 3023711269067191296,A002_Xb0be8b_X785f,231.587797,233.322172,12.0,0.0825,25.0498,0.999974,0.999970,1.000004
HD 38858 Gaia DR3 3023711269067191296,A002_Xb0ebd1_X1855,231.587803,233.322178,12.0,0.0827,25.0498,0.999974,0.999970,1.000004
HD 38858 Gaia DR3 3023711269067191296,A002_Xc23361_Xb5c9,231.618529,233.352904,7.0,0.0537,42.9368,0.999996,0.999996,1.000000
HD 38858 Gaia DR3 3023711269067191296,A002_Xb0be8b_X785f,244.085377,245.819752,12.0,0.0825,23.7717,0.999971,0.999967,1.000004
HD 38858 Gaia DR3 3023711269067191296,A002_Xb0ebd1_X1855,244.085383,245.819758,12.0,0.0827,23.7717,0.999971,0.999966,1.000005
HD 38858 Gaia DR3 3023711269067191296,A002_Xc23361_Xb5c9,244.117761,245.852136,7.0,0.0537,40.7462,0.999996,0.999995,1.000001
HD 38858 Gaia DR3 3023711269067191296,A002_Xb0be8b_X785f,246.084990,247.819365,12.0,0.0825,23.5793,0.999971,0.999966,1.000005
HD 38858 Gaia DR3 3023711269067191296,A002_Xb0ebd1_X1855,246.084996,247.819371,12.0,0.0827,23.5793,0.999971,0.999966,1.000005
HD 38858 Gaia DR3 3023711269067191296,A002_Xc23361_Xb5c9,246.117638,247.852013,7.0,0.0537,40.4162,0.999996,0.999995,1.000001
HD 207129 Gaia DR3 6564091190988411520,A002_Xc19d6f_X1c16,229.641337,231.481669,7.0,0.0251,43.2952,0.999999,0.999999,1.000000
HD 207129 Gaia DR3 6564091190988411520,A002_Xc19d6f_X5706,229.641368,231.481700,7.0,0.0247,43.2952,0.999999,0.999999,1.000000
HD 207129 Gaia DR3 6564091190988411520,A002_Xc19d6f_X19ce,229.641448,231.481780,7.0,0.0251,43.2951,0.999999,0.999999,1.000000
HD 207129 Gaia DR3 6564091190988411520,A002_Xc19d6f_X1c16,231.647836,233.382211,7.0,0.0251,42.9314,0.999999,0.999999,1.000000
HD 207129 Gaia DR3 6564091190988411520,A002_Xc19d6f_X5706,231.647866,233.382241,7.0,0.0247,42.9314,0.999999,0.999999,1.000000
HD 207129 Gaia DR3 6564091190988411520,A002_Xc19d6f_X19ce,231.647944,233.382319,7.0,0.0251,42.9314,0.999999,0.999999,1.000000
HD 207129 Gaia DR3 6564091190988411520,A002_Xc19d6f_X1c16,244.148644,245.883019,7.0,0.0251,40.7410,0.999999,0.999999,1.000000
HD 207129 Gaia DR3 6564091190988411520,A002_Xc19d6f_X5706,244.148675,245.883050,7.0,0.0247,40.7410,0.999999,0.999999,1.000000
HD 207129 Gaia DR3 6564091190988411520,A002_Xc19d6f_X19ce,244.148758,245.883133,7.0,0.0251,40.7410,0.999999,0.999999,1.000000
HD 207129 Gaia DR3 6564091190988411520,A002_Xc19d6f_X1c16,246.148773,247.883148,7.0,0.0251,40.4112,0.999999,0.999999,1.000000
HD 207129 Gaia DR3 6564091190988411520,A002_Xc19d6f_X5706,246.148805,247.883180,7.0,0.0247,40.4111,0.999999,0.999999,1.000000
HD 207129 Gaia DR3 6564091190988411520,A002_Xc19d6f_X19ce,246.148888,247.883263,7.0,0.0251,40.4111,0.999999,0.999999,1.000000
HD 207129 Gaia DR3 6564091190988411520,A002_Xb28642_Xcff3,229.708703,231.433800,12.0,0.0498,25.2544,0.999991,0.999989,1.000002
HD 207129 Gaia DR3 6564091190988411520,A002_Xb28642_Xcff3,231.657329,233.391704,12.0,0.0498,25.0423,0.999991,0.999989,1.000002
HD 207129 Gaia DR3 6564091190988411520,A002_Xb28642_Xcff3,244.158647,245.893022,12.0,0.0498,23.7646,0.999990,0.999988,1.000002
HD 207129 Gaia DR3 6564091190988411520,A002_Xb28642_Xcff3,246.158858,247.893233,12.0,0.0498,23.5722,0.999989,0.999988,1.000001
HD 23484 Gaia DR3 4856592239127350400,A002_X10b22d7_X2445,214.574068,216.402193,7.0,0.0609,46.3237,0.999996,0.999995,1.000001
HD 23484 Gaia DR3 4856592239127350400,A002_X10b33b1_Xf94,214.574183,216.402308,7.0,0.0609,46.3236,0.999996,0.999995,1.000001
HD 23484 Gaia DR3 4856592239127350400,A002_X10b22d7_X1d34,214.574214,216.402339,7.0,0.0609,46.3236,0.999996,0.999995,1.000001
HD 23484 Gaia DR3 4856592239127350400,A002_X10b0d7d_X323f,214.574214,216.402339,7.0,0.0610,46.3236,0.999996,0.999995,1.000001
HD 23484 Gaia DR3 4856592239127350400,A002_X10b22d7_X2445,216.574068,218.402193,7.0,0.0609,45.8977,0.999996,0.999995,1.000001
HD 23484 Gaia DR3 4856592239127350400,A002_X10b33b1_Xf94,216.574183,218.402308,7.0,0.0609,45.8976,0.999996,0.999995,1.000001
HD 23484 Gaia DR3 4856592239127350400,A002_X10b22d7_X1d34,216.574214,218.402339,7.0,0.0609,45.8976,0.999996,0.999995,1.000001
HD 23484 Gaia DR3 4856592239127350400,A002_X10b0d7d_X323f,216.574214,218.402339,7.0,0.0610,45.8976,0.999996,0.999995,1.000001
HD 23484 Gaia DR3 4856592239127350400,A002_X10b22d7_X2445,229.609717,231.450537,7.0,0.0609,43.3011,0.999995,0.999995,1.000000
HD 23484 Gaia DR3 4856592239127350400,A002_X10b33b1_Xf94,229.609831,231.450652,7.0,0.0609,43.3010,0.999995,0.999995,1.000000
HD 23484 Gaia DR3 4856592239127350400,A002_X10b22d7_X1d34,229.609862,231.450683,7.0,0.0609,43.3010,0.999995,0.999995,1.000000
HD 23484 Gaia DR3 4856592239127350400,A002_X10b0d7d_X323f,229.609863,231.450683,7.0,0.0610,43.3010,0.999995,0.999994,1.000001
HD 23484 Gaia DR3 4856592239127350400,A002_X10b22d7_X2445,231.574064,233.402189,7.0,0.0609,42.9364,0.999995,0.999994,1.000001
HD 23484 Gaia DR3 4856592239127350400,A002_X10b33b1_Xf94,231.574179,233.402304,7.0,0.0609,42.9364,0.999995,0.999994,1.000001
HD 23484 Gaia DR3 4856592239127350400,A002_X10b22d7_X1d34,231.574210,233.402335,7.0,0.0609,42.9364,0.999995,0.999994,1.000001
HD 23484 Gaia DR3 4856592239127350400,A002_X10b0d7d_X323f,231.574211,233.402336,7.0,0.0610,42.9364,0.999995,0.999994,1.000001
HD 10647,A002_Xb39557_X3789,229.673192,231.398290,12.0,0.0474,25.2583,0.999992,0.999990,1.000002
HD 10647,A002_Xb3d48f_X26f7,229.673509,231.398606,12.0,0.0506,25.2583,0.999990,0.999989,1.000001
HD 10647,A002_Xb39557_X3789,244.122209,245.856584,12.0,0.0474,23.7682,0.999991,0.999989,1.000002
HD 10647,A002_Xb3d48f_X26f7,244.122533,245.856908,12.0,0.0506,23.7681,0.999989,0.999987,1.000002
HD 10647,A002_Xb39557_X3789,246.122122,247.856497,12.0,0.0474,23.5757,0.999990,0.999989,1.000001
HD 10647,A002_Xb3d48f_X26f7,246.122449,247.856824,12.0,0.0506,23.5757,0.999989,0.999987,1.000002
HD 10647,A002_Xff294f_Xc10b,330.350193,332.190525,7.0,0.0490,30.1331,0.999994,0.999993,1.000001
HD 10647,A002_Xff294f_Xaf70,330.350395,332.190727,7.0,0.0490,30.1331,0.999994,0.999993,1.000001
HD 10647,A002_Xff294f_X2db6,330.350741,332.191073,7.0,0.0488,30.1330,0.999994,0.999993,1.000001
HD 10647,A002_Xfffde1_Xffdf,330.403386,332.128483,12.0,0.0516,17.5779,0.999979,0.999976,1.000003
HD 10647,A002_X1171dca_X5df0,330.429839,332.154936,12.0,0.0554,17.5765,0.999976,0.999972,1.000004
HD 10647,A002_Xfffde1_Xffdf,332.244004,334.072129,12.0,0.0516,17.4780,0.999979,0.999976,1.000003
HD 10647,A002_Xff294f_Xc10b,332.248364,334.076489,7.0,0.0490,29.9620,0.999994,0.999993,1.000001
HD 10647,A002_Xff294f_Xaf70,332.248563,334.076688,7.0,0.0499,29.9619,0.999993,0.999992,1.000001
HD 10647,A002_X1171dca_X5df0,332.270064,334.098189,12.0,0.0554,17.4767,0.999976,0.999972,1.000004
HD 10647,A002_Xcf749a_X36e0,332.919200,334.653575,12.0,0.0636,17.4451,0.999968,0.999963,1.000005
HD 10647,A002_Xcf0c6b_X6513,332.920420,334.654795,12.0,0.0603,17.4451,0.999972,0.999967,1.000005
HD 10647,A002_Xb54d65_X727,332.949870,334.684245,12.0,0.0645,17.4435,0.999967,0.999962,1.000005
HD 10647,A002_Xcf749a_X36e0,334.814700,336.549075,12.0,0.0636,17.3466,0.999968,0.999963,1.000005
HD 10647,A002_Xcf0c6b_X6513,334.815920,336.550295,12.0,0.0603,17.3466,0.999971,0.999966,1.000005
HD 10647,A002_Xb54d65_X727,334.907870,336.642245,12.0,0.0645,17.3418,0.999967,0.999962,1.000005
HD 10647,A002_Xfffde1_Xffdf,342.292740,344.120865,12.0,0.0516,16.9663,0.999978,0.999974,1.000004
HD 10647,A002_Xff294f_Xc10b,342.297226,344.125351,7.0,0.0490,29.0847,0.999993,0.999992,1.000001
HD 10647,A002_Xff294f_Xaf70,342.297431,344.125556,7.0,0.0531,29.0847,0.999992,0.999991,1.000001
HD 10647,A002_X1171dca_X5df0,342.319586,344.147711,12.0,0.0554,16.9650,0.999975,0.999970,1.000005
HD 10647,A002_Xff294f_Xc10b,344.183190,346.023522,7.0,0.0490,28.9252,0.999993,0.999992,1.000001
HD 10647,A002_Xff294f_Xaf70,344.183392,346.023724,7.0,0.0485,28.9252,0.999993,0.999992,1.000001
HD 10647,A002_Xfffde1_Xffdf,344.236386,345.961483,12.0,0.0516,16.8733,0.999978,0.999974,1.000004
HD 10647,A002_X1171dca_X5df0,344.262839,345.987936,12.0,0.0554,16.8720,0.999974,0.999970,1.000004
HD 10647,A002_Xcf749a_X36e0,344.923839,346.648937,12.0,0.0636,16.8397,0.999966,0.999960,1.000006
HD 10647,A002_Xcf0c6b_X6513,344.925059,346.650157,12.0,0.0603,16.8397,0.999970,0.999964,1.000006
HD 10647,A002_Xb54d65_X727,344.954509,346.679606,12.0,0.0645,16.8382,0.999965,0.999959,1.000006
HD 10647,A002_Xcf749a_X36e0,346.814700,348.549075,12.0,0.0636,16.7479,0.999966,0.999960,1.000006
HD 10647,A002_Xcf0c6b_X6513,346.815920,348.550295,12.0,0.0603,16.7479,0.999969,0.999964,1.000005
HD 10647,A002_Xb54d65_X727,346.949870,348.684245,12.0,0.0645,16.7414,0.999965,0.999959,1.000006
HD 139664,A002_Xb2f730_X5b37,229.691625,231.416722,12.0,0.0246,25.2563,0.999998,0.999997,1.000001
HD 139664,A002_Xb2f730_X5b37,231.640699,233.375074,12.0,0.0246,25.0441,0.999998,0.999997,1.000001
HD 139664,A002_Xb2f730_X5b37,244.141123,245.875498,12.0,0.0246,23.7663,0.999997,0.999997,1.000000
HD 139664,A002_Xb2f730_X5b37,246.141191,247.875566,12.0,0.0246,23.5739,0.999997,0.999997,1.000000
HD 139664,A002_Xb2e94e_X361a,229.692208,231.417306,12.0,0.0252,25.2563,0.999998,0.999997,1.000001
HD 139664,A002_Xb2e94e_X361a,244.141722,245.876097,12.0,0.0252,23.7663,0.999997,0.999997,1.000000
HD 139664,A002_Xb2e94e_X361a,246.141794,247.876169,12.0,0.0252,23.5738,0.999997,0.999997,1.000000
eta Crv,A002_X75bfbf_X1430,332.967988,334.702363,12.0,0.6236,17.4426,0.996964,0.996462,1.000503
eta Crv,A002_X75bfbf_X1430,334.862388,336.596763,12.0,0.6236,17.3442,0.996929,0.996422,1.000509
eta Crv,A002_X75bfbf_X1430,344.971526,346.696624,12.0,0.6236,16.8374,0.996742,0.996204,1.000540
eta Crv,A002_X75bfbf_X1430,346.669432,348.403807,12.0,0.6236,16.7549,0.996710,0.996167,1.000545
eta Crv,A002_X122b6ff_X1041e,342.474130,344.199228,12.0,0.0374,16.9599,0.999988,0.999987,1.000001
eta Crv,A002_X11e10bc_X12662,342.482582,344.207680,12.0,0.0432,16.9595,0.999985,0.999982,1.000003
eta Crv,A002_X11e10bc_X12662,345.768158,345.822052,12.0,0.0432,16.8393,0.999984,0.999982,1.000002
eta Crv,A002_X122b6ff_X1041e,345.805940,345.859834,12.0,0.0374,16.8375,0.999988,0.999986,1.000002
eta Crv,A002_X11e10bc_X12662,354.315582,356.040680,12.0,0.0432,16.3944,0.999984,0.999981,1.000003
eta Crv,A002_X122b6ff_X1041e,354.395914,356.121012,12.0,0.0374,16.3907,0.999988,0.999986,1.000002
eta Crv,A002_X11e10bc_X12662,356.190582,357.915680,12.0,0.0432,16.3084,0.999983,0.999981,1.000002
eta Crv,A002_X122b6ff_X1041e,356.275605,358.000702,12.0,0.0374,16.3045,0.999987,0.999985,1.000002
eta Crv,A002_X128b034_X11ca9,479.266358,481.094483,7.0,0.0563,20.7884,0.999983,0.999980,1.000003
eta Crv,A002_X12277ed_X22e53,479.339378,481.167503,7.0,0.0373,20.7853,0.999992,0.999991,1.000001
eta Crv,A002_X122b6ff_X18e15,479.339436,481.167561,7.0,0.0374,20.7853,0.999992,0.999991,1.000001
eta Crv,A002_X128b034_X11ca9,481.161858,482.989983,7.0,0.0563,20.7067,0.999982,0.999980,1.000002
eta Crv,A002_X12277ed_X22e53,481.234878,483.063003,7.0,0.0373,20.7036,0.999992,0.999991,1.000001
eta Crv,A002_X122b6ff_X18e15,481.234936,483.063061,7.0,0.0374,20.7036,0.999992,0.999991,1.000001
eta Crv,A002_X128b034_X11ca9,492.111272,492.165166,7.0,0.0563,20.2833,0.999982,0.999979,1.000003
eta Crv,A002_X12277ed_X22e53,492.185959,492.239853,7.0,0.0373,20.2802,0.999992,0.999991,1.000001
eta Crv,A002_X122b6ff_X18e15,492.186016,492.239910,7.0,0.0374,20.2802,0.999992,0.999991,1.000001
eta Crv,A002_X128b034_X11ca9,493.223415,495.051540,7.0,0.0563,20.2013,0.999982,0.999978,1.000004
eta Crv,A002_X12277ed_X22e53,493.297378,495.125503,7.0,0.0373,20.1982,0.999992,0.999991,1.000001
eta Crv,A002_X122b6ff_X18e15,493.297436,495.125561,7.0,0.0374,20.1982,0.999992,0.999990,1.000002
HD53143 Gaia DR3 5479222240596469632,A002_X10a341d_X82d2,214.565578,216.393703,7.0,0.0555,46.3255,0.999997,0.999996,1.000001
HD53143 Gaia DR3 5479222240596469632,A002_X10a341d_Xdc45,214.565622,216.393747,7.0,0.0555,46.3255,0.999997,0.999996,1.000001
HD53143 Gaia DR3 5479222240596469632,A002_X10a513c_X3b99,214.565682,216.393807,7.0,0.0554,46.3255,0.999997,0.999996,1.000001
HD53143 Gaia DR3 5479222240596469632,A002_X10a513c_X389e,214.565726,216.393851,7.0,0.0554,46.3255,0.999997,0.999996,1.000001
HD53143 Gaia DR3 5479222240596469632,A002_X10b33b1_X1ca0,214.566812,216.394937,7.0,0.0550,46.3252,0.999997,0.999996,1.000001
HD53143 Gaia DR3 5479222240596469632,A002_X10a341d_X82d2,216.565578,218.393703,7.0,0.0555,45.8995,0.999997,0.999996,1.000001
HD53143 Gaia DR3 5479222240596469632,A002_X10a341d_Xdc45,216.565622,218.393747,7.0,0.0555,45.8995,0.999997,0.999996,1.000001
HD53143 Gaia DR3 5479222240596469632,A002_X10a513c_X3b99,216.565682,218.393807,7.0,0.0554,45.8994,0.999997,0.999996,1.000001
HD53143 Gaia DR3 5479222240596469632,A002_X10a513c_X389e,216.565726,218.393851,7.0,0.0554,45.8994,0.999997,0.999996,1.000001
HD53143 Gaia DR3 5479222240596469632,A002_X10b33b1_X1ca0,216.566812,218.394937,7.0,0.0550,45.8992,0.999997,0.999996,1.000001
HD53143 Gaia DR3 5479222240596469632,A002_X10a341d_X82d2,229.601226,231.442047,7.0,0.0555,43.3027,0.999996,0.999995,1.000001
HD53143 Gaia DR3 5479222240596469632,A002_X10a341d_Xdc45,229.601271,231.442091,7.0,0.0555,43.3026,0.999996,0.999995,1.000001
HD53143 Gaia DR3 5479222240596469632,A002_X10a513c_X3b99,229.601331,231.442151,7.0,0.0554,43.3026,0.999996,0.999995,1.000001
HD53143 Gaia DR3 5479222240596469632,A002_X10a513c_X389e,229.601374,231.442195,7.0,0.0554,43.3026,0.999996,0.999995,1.000001
HD53143 Gaia DR3 5479222240596469632,A002_X10b33b1_X1ca0,229.602460,231.443281,7.0,0.0550,43.3024,0.999996,0.999996,1.000000
HD53143 Gaia DR3 5479222240596469632,A002_X10a341d_X82d2,231.565574,233.393699,7.0,0.0555,42.9380,0.999996,0.999995,1.000001
HD53143 Gaia DR3 5479222240596469632,A002_X10a341d_Xdc45,231.565618,233.393743,7.0,0.0555,42.9379,0.999996,0.999995,1.000001
HD53143 Gaia DR3 5479222240596469632,A002_X10a513c_X3b99,231.565678,233.393803,7.0,0.0554,42.9379,0.999996,0.999995,1.000001
HD53143 Gaia DR3 5479222240596469632,A002_X10a513c_X389e,231.565722,233.393847,7.0,0.0554,42.9379,0.999996,0.999995,1.000001
HD53143 Gaia DR3 5479222240596469632,A002_X10b33b1_X1ca0,231.566808,233.394933,7.0,0.0550,42.9377,0.999996,0.999995,1.000001
HD53143 Gaia DR3 5479222240596469632,A002_Xd9668b_X3f6e,229.664382,231.389968,12.0,0.0501,25.2593,0.999991,0.999989,1.000002
HD53143 Gaia DR3 5479222240596469632,A002_Xd9668b_X3f6e,231.567533,233.395658,12.0,0.0501,25.0469,0.999990,0.999989,1.000001
HD53143 Gaia DR3 5479222240596469632,A002_Xd9668b_X3f6e,244.066544,245.894669,12.0,0.0501,23.7690,0.999989,0.999988,1.000001
HD53143 Gaia DR3 5479222240596469632,A002_Xd9668b_X3f6e,246.066385,247.894510,12.0,0.0501,23.5766,0.999989,0.999987,1.000002
Wolf 219,A002_Xb25e1a_Xed74,215.199158,216.933533,12.0,1.2966,26.9498,0.994510,0.993603,1.000913
Wolf 219,A002_Xb2f730_X9e28,215.204154,216.938529,12.0,1.2971,26.9492,0.994505,0.993598,1.000913
Wolf 219,A002_Xb25e1a_Xed74,217.092573,218.826948,12.0,1.2966,26.7157,0.994413,0.993491,1.000929
Wolf 219,A002_Xb2f730_X9e28,217.097757,218.832132,12.0,1.2971,26.7151,0.994408,0.993485,1.000929
Wolf 219,A002_Xb25e1a_Xed74,229.264212,230.989310,12.0,1.2966,25.3032,0.993774,0.992746,1.001035
Wolf 219,A002_Xb2f730_X9e28,229.269395,230.994493,12.0,1.2971,25.3027,0.993768,0.992740,1.001035
Wolf 219,A002_Xb25e1a_Xed74,231.592573,233.326948,12.0,1.2966,25.0493,0.993648,0.992599,1.001057
Wolf 219,A002_Xb2f730_X9e28,231.597757,233.332132,12.0,1.2971,25.0487,0.993642,0.992593,1.001057
bet Pic,A002_Xf5d76d_Xeb8,100.097217,101.925342,12.0,0.0716,57.6465,0.999996,0.999996,1.000000
bet Pic,A002_Xf5d76d_Xe19,100.097237,101.925362,12.0,0.0716,57.6465,0.999996,0.999996,1.000000
bet Pic,A002_Xf5d76d_Xcc5,100.097263,101.925388,12.0,0.0716,57.6465,0.999996,0.999996,1.000000
bet Pic,A002_Xf5d76d_X32f1,100.097291,101.925416,12.0,0.0714,57.6465,0.999996,0.999996,1.000000
bet Pic,A002_Xf4df6f_Xc7,100.098838,101.926963,12.0,0.0778,57.6456,0.999996,0.999995,1.000001
bet Pic,A002_Xf5d76d_Xeb8,101.992717,103.820842,12.0,0.0716,56.5847,0.999996,0.999996,1.000000
bet Pic,A002_Xf5d76d_Xe19,101.992737,103.820862,12.0,0.0716,56.5847,0.999996,0.999996,1.000000
bet Pic,A002_Xf5d76d_Xcc5,101.992763,103.820888,12.0,0.0716,56.5847,0.999996,0.999996,1.000000
bet Pic,A002_Xf5d76d_X32f1,101.992791,103.820916,12.0,0.0714,56.5847,0.999996,0.999996,1.000000
bet Pic,A002_Xf4df6f_Xc7,101.994338,103.822463,12.0,0.0778,56.5838,0.999996,0.999995,1.000001
bet Pic,A002_Xf5d76d_Xeb8,112.597217,114.425342,12.0,0.0716,51.2984,0.999995,0.999995,1.000000
bet Pic,A002_Xf5d76d_Xe19,112.597237,114.425362,12.0,0.0716,51.2984,0.999995,0.999995,1.000000
bet Pic,A002_Xf5d76d_Xcc5,112.597263,114.425388,12.0,0.0716,51.2984,0.999995,0.999995,1.000000
bet Pic,A002_Xf5d76d_X32f1,112.597291,114.425416,12.0,0.0714,51.2984,0.999995,0.999995,1.000000
bet Pic,A002_Xf4df6f_Xc7,112.598838,114.426963,12.0,0.0778,51.2977,0.999995,0.999994,1.000001
bet Pic,A002_Xf5d76d_Xeb8,114.829173,115.691722,12.0,0.0716,50.5199,0.999995,0.999994,1.000001
bet Pic,A002_Xf5d76d_Xe19,114.829193,115.691742,12.0,0.0716,50.5199,0.999995,0.999994,1.000001
bet Pic,A002_Xf5d76d_Xcc5,114.829220,115.691769,12.0,0.0716,50.5199,0.999995,0.999994,1.000001
bet Pic,A002_Xf5d76d_X32f1,114.829247,115.691796,12.0,0.0714,50.5199,0.999995,0.999994,1.000001
bet Pic,A002_Xf4df6f_Xc7,114.830886,115.693435,12.0,0.0778,50.5192,0.999994,0.999993,1.000001
bet Pic,A002_X75bfbf_Xace,215.675404,217.400502,12.0,4.9806,26.8911,0.921644,0.909272,1.013606
bet Pic,A002_X7116f1_X1785,215.679396,217.404493,7.0,0.0196,46.0982,1.000000,0.999999,1.000001
bet Pic,A002_Xa7a216_X23e4,215.680155,217.405253,12.0,0.0215,26.8905,0.999998,0.999998,1.000000
bet Pic,A002_X6f1341_X1484,215.680975,217.406073,7.0,0.0196,46.0979,1.000000,0.999999,1.000001
bet Pic,A002_X75bfbf_Xace,217.624689,219.359064,12.0,4.9806,26.6506,0.920282,0.907706,1.013855
bet Pic,A002_X7116f1_X1785,217.628828,219.363203,7.0,0.0196,45.6860,1.000000,0.999999,1.000001
bet Pic,A002_Xa7a216_X23e4,217.629615,219.363990,12.0,0.0215,26.6500,0.999998,0.999998,1.000000
bet Pic,A002_X6f1341_X1484,217.646091,219.349216,7.0,0.0196,45.6856,1.000000,0.999999,1.000001
bet Pic,A002_Xd9668b_Xa9df,225.622661,225.730450,12.0,0.0660,25.8022,0.999984,0.999982,1.000002
bet Pic,A002_Xd9668b_X3a90,225.622688,225.730476,12.0,0.0662,25.8022,0.999984,0.999982,1.000002
bet Pic,A002_Xd9668b_Xa9df,226.239391,226.347179,12.0,0.0660,25.7319,0.999984,0.999982,1.000002
bet Pic,A002_Xd9668b_X3a90,226.239417,226.347206,12.0,0.0662,25.7319,0.999984,0.999982,1.000002
bet Pic,A002_Xd9668b_Xa9df,226.584392,226.692180,12.0,0.0660,25.6927,0.999984,0.999982,1.000002
bet Pic,A002_Xd9668b_X3a90,226.584419,226.692207,12.0,0.0662,25.6927,0.999984,0.999982,1.000002
bet Pic,A002_Xd9668b_Xa9df,226.799602,226.907390,12.0,0.0660,25.6683,0.999984,0.999982,1.000002
bet Pic,A002_Xd9668b_X3a90,226.799629,226.907417,12.0,0.0662,25.6683,0.999984,0.999982,1.000002
bet Pic,A002_X7116f1_X1785,230.082117,231.002283,7.0,0.0196,43.2988,1.000000,0.999999,1.000001
bet Pic,A002_X6f1341_X1484,230.083798,231.003964,7.0,0.0196,43.2985,1.000000,0.999999,1.000001
bet Pic,A002_X75bfbf_Xace,230.106675,230.969224,12.0,4.9806,25.2581,0.911660,0.897801,1.015437
bet Pic,A002_Xa7a216_X23e4,230.111734,230.974283,12.0,0.0215,25.2575,0.999998,0.999998,1.000000
bet Pic,A002_Xd9668b_Xa9df,230.489384,230.543293,12.0,0.0660,25.2605,0.999984,0.999981,1.000003
bet Pic,A002_Xd9668b_X3a90,230.489410,230.543319,12.0,0.0662,25.2605,0.999984,0.999981,1.000003
bet Pic,A002_X75bfbf_Xace,231.670762,233.405137,12.0,4.9806,25.0409,0.910192,0.896116,1.015708
bet Pic,A002_X7116f1_X1785,231.675049,233.409424,7.0,0.0196,42.9264,1.000000,0.999999,1.000001
bet Pic,A002_Xa7a216_X23e4,231.675864,233.410239,12.0,0.0215,25.0403,0.999998,0.999998,1.000000
bet Pic,A002_X6f1341_X1484,231.676745,233.411120,7.0,0.0196,42.9261,1.000000,0.999999,1.000001
bet Pic,A002_Xd9668b_Xa9df,241.553089,241.984364,12.0,0.0660,24.0848,0.999982,0.999979,1.000003
bet Pic,A002_Xd9668b_X3a90,241.553115,241.984390,12.0,0.0662,24.0848,0.999982,0.999979,1.000003
bet Pic,A002_Xd9668b_Xa9df,243.049274,244.877399,12.0,0.0660,23.8681,0.999982,0.999979,1.000003
bet Pic,A002_Xd9668b_X3a90,243.049301,244.877426,12.0,0.0662,23.8681,0.999982,0.999979,1.000003
eta Cru,A002_Xbe7502_X2047,223.132812,224.867188,12.0,0.0404,25.9953,0.999994,0.999993,1.000001
eta Cru,A002_Xbe7502_X2047,225.132812,226.867188,12.0,0.0404,25.7653,0.999994,0.999993,1.000001
eta Cru,A002_Xbe7502_X2047,239.132813,240.867188,12.0,0.0404,24.2623,0.999993,0.999992,1.000001
eta Cru,A002_Xbe7502_X2047,241.132813,242.867188,12.0,0.0404,24.0618,0.999993,0.999992,1.000001
PM J03433+1958,A002_Xb25e1a_Xed74,215.199158,216.933533,12.0,0.3484,26.9498,0.999602,0.999537,1.000065
PM J03433+1958,A002_Xb25e1a_Xed74,217.092573,218.826948,12.0,0.3484,26.7157,0.999595,0.999529,1.000066
PM J03433+1958,A002_Xb25e1a_Xed74,229.264212,230.989310,12.0,0.3484,25.3032,0.999549,0.999474,1.000075
PM J03433+1958,A002_Xb25e1a_Xed74,231.592573,233.326948,12.0,0.3484,25.0493,0.999540,0.999464,1.000076
V star TX PsA,A002_Xcd2acd_X6125,333.163309,334.897684,12.0,0.3825,17.4324,0.998855,0.998666,1.000189
V star TX PsA,A002_Xcd2acd_X6125,335.058809,336.793184,12.0,0.3825,17.3340,0.998842,0.998651,1.000191
V star TX PsA,A002_Xcd2acd_X6125,345.167948,346.893045,12.0,0.3825,16.8279,0.998772,0.998569,1.000204
V star TX PsA,A002_Xcd2acd_X6125,347.058809,348.793184,12.0,0.3825,16.7362,0.998758,0.998553,1.000205
V star WW PsA,A002_Xcd2acd_X6125,333.163309,334.897684,12.0,0.1717,17.4324,0.999769,0.999731,1.000038
V star WW PsA,A002_Xcd2acd_X6125,335.058809,336.793184,12.0,0.1717,17.3340,0.999767,0.999728,1.000039
V star WW PsA,A002_Xcd2acd_X6125,345.167948,346.893045,12.0,0.1717,16.8279,0.999752,0.999711,1.000041
V star WW PsA,A002_Xcd2acd_X6125,347.058809,348.793184,12.0,0.1717,16.7362,0.999750,0.999708,1.000042
LP 736-15,A002_Xd9398d_X37e8,343.107828,344.935953,12.0,8.1310,16.9261,0.577579,0.527386,1.095173
LP 736-15,A002_Xd9398d_X322a,343.107979,344.936104,12.0,8.1310,16.9261,0.577580,0.527386,1.095176
LP 736-15,A002_Xd9398d_X37e8,344.955202,346.680788,12.0,8.1310,16.8382,0.574269,0.523865,1.096215
LP 736-15,A002_Xd9398d_X322a,344.955354,346.680940,12.0,8.1310,16.8382,0.574270,0.523865,1.096218
LP 736-15,A002_Xd9398d_X37e8,355.108591,356.936716,12.0,8.1310,16.3556,0.555507,0.503969,1.102263
LP 736-15,A002_Xd9398d_X322a,355.108748,356.936873,12.0,8.1310,16.3556,0.555508,0.503969,1.102266
LP 736-15,A002_Xd9398d_X37e8,356.908706,358.736831,12.0,8.1310,16.2733,0.552206,0.500480,1.103352
LP 736-15,A002_Xd9398d_X322a,356.908864,358.736989,12.0,8.1310,16.2733,0.552207,0.500480,1.103354
hd92945,A002_Xb9c01c_X41a2,342.227507,343.961882,7.0,0.0427,29.0946,0.999995,0.999994,1.000001
hd92945,A002_Xbbcb1f_X7dd5,342.238971,343.973346,12.0,0.0557,16.9713,0.999974,0.999970,1.000004
hd92945,A002_Xbbadbe_X3846,342.239130,343.973505,12.0,0.0557,16.9713,0.999974,0.999970,1.000004
hd92945,A002_Xb9c01c_X41a2,344.069784,345.910604,7.0,0.0427,28.9347,0.999995,0.999994,1.000001
hd92945,A002_Xbbcb1f_X7dd5,344.138865,345.864451,12.0,0.0557,16.8780,0.999974,0.999970,1.000004
hd92945,A002_Xbbadbe_X3846,344.139024,345.864610,12.0,0.0557,16.8780,0.999974,0.999970,1.000004
hd92945,A002_Xb9c01c_X41a2,354.176153,356.016485,7.0,0.0427,28.1112,0.999995,0.999994,1.000001
hd92945,A002_Xbbcb1f_X7dd5,354.245399,355.970497,12.0,0.0557,16.3977,0.999973,0.999968,1.000005
hd92945,A002_Xbbadbe_X3846,354.245561,355.970658,12.0,0.0557,16.3977,0.999973,0.999968,1.000005
hd92945,A002_Xb9c01c_X41a2,356.123007,357.857382,7.0,0.0427,27.9621,0.999994,0.999994,1.000000
hd92945,A002_Xbbcb1f_X7dd5,356.134471,357.868846,12.0,0.0557,16.3107,0.999972,0.999968,1.000004
hd92945,A002_Xbbadbe_X3846,356.134630,357.869005,12.0,0.0557,16.3107,0.999972,0.999968,1.000004
WD2039-202,A002_Xe539c7_X113b1,223.085938,224.914062,12.0,0.0314,25.9953,0.999997,0.999996,1.000001
WD2039-202,A002_Xe539c7_X113b1,225.085938,226.914062,12.0,0.0314,25.7653,0.999996,0.999996,1.000000
WD2039-202,A002_Xe539c7_X113b1,239.085938,240.914063,12.0,0.0314,24.2623,0.999996,0.999995,1.000001
WD2039-202,A002_Xe539c7_X113b1,241.085938,242.914063,12.0,0.0314,24.0618,0.999996,0.999995,1.000001
HD 45184,A002_X126fc6d_Xc894,229.665836,231.391422,7.0,0.0459,43.3013,0.999997,0.999997,1.000000
HD 45184,A002_X126c7ed_Xe9d,229.665871,231.391457,7.0,0.0459,43.3013,0.999997,0.999997,1.000000
HD 45184,A002_X12754c1_X9b5,229.666036,231.391622,7.0,0.0457,43.3013,0.999997,0.999997,1.000000
HD 45184,A002_X1275eb2_Xe05,229.666141,231.391727,7.0,0.0457,43.3013,0.999997,0.999997,1.000000
HD 45184,A002_X12771d5_X9f13,229.666312,231.391898,7.0,0.0455,43.3013,0.999997,0.999997,1.000000
HD 45184,A002_X12771d5_X3b63,229.666331,231.391917,7.0,0.0456,43.3013,0.999997,0.999997,1.000000
HD 45184,A002_X12771d5_X10e06,229.666447,231.392033,7.0,0.0455,43.3012,0.999997,0.999997,1.000000
HD 45184,A002_X126fc6d_Xc894,232.072567,233.900692,7.0,0.0459,42.8445,0.999997,0.999997,1.000000
HD 45184,A002_X126c7ed_Xe9d,232.072602,233.900727,7.0,0.0459,42.8445,0.999997,0.999997,1.000000
HD 45184,A002_X12754c1_X9b5,232.072766,233.900891,7.0,0.0457,42.8445,0.999997,0.999997,1.000000
HD 45184,A002_X1275eb2_Xe05,232.072872,233.900997,7.0,0.0457,42.8445,0.999997,0.999997,1.000000
HD 45184,A002_X12771d5_X9f13,232.073043,233.901168,7.0,0.0455,42.8444,0.999997,0.999997,1.000000
HD 45184,A002_X12771d5_X3b63,232.073061,233.901186,7.0,0.0456,42.8444,0.999997,0.999997,1.000000
HD 45184,A002_X12771d5_X10e06,232.073178,233.901303,7.0,0.0455,42.8444,0.999997,0.999997,1.000000
HD 45184,A002_X126fc6d_Xc894,244.072567,245.900692,7.0,0.0459,40.7459,0.999997,0.999996,1.000001
HD 45184,A002_X126c7ed_Xe9d,244.072602,245.900727,7.0,0.0459,40.7459,0.999997,0.999996,1.000001
HD 45184,A002_X12754c1_X9b5,244.072766,245.900891,7.0,0.0457,40.7459,0.999997,0.999997,1.000000
HD 45184,A002_X1275eb2_Xe05,244.072872,245.900997,7.0,0.0457,40.7458,0.999997,0.999997,1.000000
HD 45184,A002_X12771d5_X9f13,244.073043,245.901168,7.0,0.0455,40.7458,0.999997,0.999997,1.000000
HD 45184,A002_X12771d5_X3b63,244.073061,245.901186,7.0,0.0456,40.7458,0.999997,0.999997,1.000000
HD 45184,A002_X12771d5_X10e06,244.073178,245.901303,7.0,0.0455,40.7458,0.999997,0.999997,1.000000
HD 45184,A002_X126fc6d_Xc894,246.072567,247.900692,7.0,0.0459,40.4160,0.999997,0.999996,1.000001
HD 45184,A002_X126c7ed_Xe9d,246.072602,247.900727,7.0,0.0459,40.4159,0.999997,0.999996,1.000001
HD 45184,A002_X12754c1_X9b5,246.072766,247.900891,7.0,0.0457,40.4159,0.999997,0.999996,1.000001
HD 45184,A002_X1275eb2_Xe05,246.072872,247.900997,7.0,0.0457,40.4159,0.999997,0.999996,1.000001
HD 45184,A002_X12771d5_X9f13,246.073043,247.901168,7.0,0.0455,40.4159,0.999997,0.999996,1.000001
HD 45184,A002_X12771d5_X3b63,246.073061,247.901186,7.0,0.0456,40.4159,0.999997,0.999996,1.000001
HD 45184,A002_X12771d5_X10e06,246.073178,247.901303,7.0,0.0455,40.4159,0.999997,0.999996,1.000001
LP 476-207 783296,A002_Xd10f82_X2635,333.149759,334.884134,12.0,1.9657,17.4331,0.970209,0.965363,1.005020
LP 476-207 783296,A002_Xd10f82_X2635,335.045259,336.779634,12.0,1.9657,17.3347,0.969876,0.964976,1.005078
LP 476-207 783296,A002_Xd10f82_X2635,345.154398,346.879496,12.0,1.9657,16.8285,0.968066,0.962877,1.005389
LP 476-207 783296,A002_Xd10f82_X2635,347.045259,348.779634,12.0,1.9657,16.7368,0.967720,0.962477,1.005447
LP 476-207 384128,A002_Xd10f82_X2635,333.149759,334.884134,12.0,0.5612,17.4331,0.997538,0.997131,1.000408
LP 476-207 384128,A002_Xd10f82_X2635,335.045259,336.779634,12.0,0.5612,17.3347,0.997510,0.997098,1.000413
LP 476-207 384128,A002_Xd10f82_X2635,345.154398,346.879496,12.0,0.5612,16.8285,0.997358,0.996921,1.000438
LP 476-207 384128,A002_Xd10f82_X2635,347.045259,348.779634,12.0,0.5612,16.7368,0.997329,0.996888,1.000443
HD202628,A002_Xb99071_X3ca,229.595180,231.435512,7.0,0.0690,43.3038,0.999994,0.999993,1.000001
HD202628,A002_Xbf1cbb_X6176,229.694521,231.419618,12.0,0.0115,25.2560,1.000000,0.999999,1.000001
HD202628,A002_Xd64dca_X820,230.080684,230.943477,12.0,0.0646,25.2609,0.999984,0.999982,1.000002
HD202628,A002_Xd64dca_X410,230.080755,230.943548,12.0,0.0646,25.2609,0.999984,0.999982,1.000002
HD202628,A002_Xd659d4_X211,230.080939,230.943732,12.0,0.0642,25.2609,0.999985,0.999982,1.000003
HD202628,A002_Xd64dca_X820,231.559785,233.387910,12.0,0.0646,25.0478,0.999984,0.999982,1.000002
HD202628,A002_Xd64dca_X410,231.559855,233.387980,12.0,0.0646,25.0478,0.999984,0.999982,1.000002
HD202628,A002_Xd659d4_X211,231.560034,233.388159,12.0,0.0642,25.0477,0.999984,0.999982,1.000002
HD202628,A002_Xb99071_X3ca,231.602921,233.337296,7.0,0.0690,42.9397,0.999994,0.999993,1.000001
HD202628,A002_Xbf1cbb_X6176,231.643507,233.377882,12.0,0.0115,25.0438,1.000000,0.999999,1.000001
HD202628,A002_Xd64dca_X820,244.558323,246.386448,12.0,0.0646,23.7214,0.999982,0.999979,1.000003
HD202628,A002_Xd64dca_X410,244.558396,246.386521,12.0,0.0646,23.7214,0.999982,0.999979,1.000003
HD202628,A002_Xd659d4_X211,244.558585,246.386710,12.0,0.0642,23.7214,0.999983,0.999980,1.000003
HD202628,A002_Xb99071_X3ca,244.601249,246.335624,7.0,0.0690,40.6659,0.999993,0.999992,1.000001
HD202628,A002_Xbf1cbb_X6176,244.644105,246.378480,12.0,0.0115,23.7176,0.999999,0.999999,1.000000
HD202628,A002_Xd64dca_X820,246.558098,248.386223,12.0,0.0646,23.5297,0.999982,0.999979,1.000003
HD202628,A002_Xd64dca_X410,246.558172,248.386297,12.0,0.0646,23.5297,0.999982,0.999979,1.000003
HD202628,A002_Xd659d4_X211,246.558362,248.386487,12.0,0.0642,23.5297,0.999982,0.999979,1.000003
HD202628,A002_Xb99071_X3ca,246.600992,248.335367,7.0,0.0690,40.3373,0.999993,0.999992,1.000001
HD 31392,A002_X128b034_X187cc,229.651114,231.376700,7.0,0.0337,43.3041,0.999999,0.999998,1.000001
HD 31392,A002_X1294347_X5c2e,229.653127,231.378713,7.0,0.0334,43.3037,0.999999,0.999998,1.000001
HD 31392,A002_X1294347_X1b730,229.653524,231.379110,7.0,0.0333,43.3037,0.999999,0.999998,1.000001
HD 31392,A002_X1294347_X1af7f,229.653576,231.379162,7.0,0.0333,43.3036,0.999999,0.999998,1.000001
HD 31392,A002_X129691d_X6985,229.653731,231.379317,7.0,0.0333,43.3036,0.999999,0.999998,1.000001
HD 31392,A002_X129754b_X70a9,229.653877,231.379462,7.0,0.0333,43.3036,0.999999,0.999998,1.000001
HD 31392,A002_X129754b_X6946,229.653946,231.379532,7.0,0.0333,43.3036,0.999999,0.999998,1.000001
HD 31392,A002_X12b3da5_X4411,229.661666,231.387252,7.0,0.0357,43.3021,0.999998,0.999998,1.000000
HD 31392,A002_X12b3da5_X2f34,229.661899,231.387485,7.0,0.0357,43.3021,0.999998,0.999998,1.000000
HD 31392,A002_X128b034_X187cc,232.057845,233.885970,7.0,0.0337,42.8472,0.999999,0.999998,1.000001
HD 31392,A002_X1294347_X5c2e,232.059858,233.887983,7.0,0.0334,42.8469,0.999999,0.999998,1.000001
HD 31392,A002_X1294347_X1b730,232.060254,233.888379,7.0,0.0333,42.8468,0.999999,0.999998,1.000001
HD 31392,A002_X1294347_X1af7f,232.060307,233.888432,7.0,0.0333,42.8468,0.999999,0.999998,1.000001
HD 31392,A002_X129691d_X6985,232.060461,233.888586,7.0,0.0333,42.8467,0.999999,0.999998,1.000001
HD 31392,A002_X129754b_X70a9,232.060607,233.888732,7.0,0.0333,42.8467,0.999999,0.999998,1.000001
HD 31392,A002_X129754b_X6946,232.060677,233.888802,7.0,0.0333,42.8467,0.999999,0.999998,1.000001
HD 31392,A002_X12b3da5_X4411,232.068397,233.896522,7.0,0.0357,42.8453,0.999998,0.999998,1.000000
HD 31392,A002_X12b3da5_X2f34,232.068629,233.896754,7.0,0.0357,42.8452,0.999998,0.999998,1.000000
HD 31392,A002_X128b034_X187cc,244.057845,245.885970,7.0,0.0337,40.7483,0.999998,0.999998,1.000000
HD 31392,A002_X1294347_X5c2e,244.059858,245.887983,7.0,0.0334,40.7480,0.999998,0.999998,1.000000
HD 31392,A002_X1294347_X1b730,244.060254,245.888379,7.0,0.0333,40.7479,0.999998,0.999998,1.000000
HD 31392,A002_X1294347_X1af7f,244.060307,245.888432,7.0,0.0333,40.7479,0.999998,0.999998,1.000000
HD 31392,A002_X129691d_X6985,244.060461,245.888586,7.0,0.0333,40.7479,0.999998,0.999998,1.000000
HD 31392,A002_X129754b_X70a9,244.060607,245.888732,7.0,0.0333,40.7479,0.999998,0.999998,1.000000
HD 31392,A002_X129754b_X6946,244.060677,245.888802,7.0,0.0333,40.7479,0.999998,0.999998,1.000000
HD 31392,A002_X12b3da5_X4411,244.068397,245.896522,7.0,0.0357,40.7466,0.999998,0.999998,1.000000
HD 31392,A002_X12b3da5_X2f34,244.068629,245.896754,7.0,0.0357,40.7465,0.999998,0.999998,1.000000
HD 31392,A002_X128b034_X187cc,246.057845,247.885970,7.0,0.0337,40.4184,0.999998,0.999998,1.000000
HD 31392,A002_X1294347_X5c2e,246.059858,247.887983,7.0,0.0334,40.4180,0.999998,0.999998,1.000000
HD 31392,A002_X1294347_X1b730,246.060254,247.888379,7.0,0.0333,40.4180,0.999998,0.999998,1.000000
HD 31392,A002_X1294347_X1af7f,246.060307,247.888432,7.0,0.0333,40.4180,0.999998,0.999998,1.000000
HD 31392,A002_X129691d_X6985,246.060461,247.888586,7.0,0.0333,40.4179,0.999998,0.999998,1.000000
HD 31392,A002_X129754b_X70a9,246.060607,247.888732,7.0,0.0333,40.4179,0.999998,0.999998,1.000000
HD 31392,A002_X129754b_X6946,246.060677,247.888802,7.0,0.0333,40.4179,0.999998,0.999998,1.000000
HD 31392,A002_X12b3da5_X4411,246.068397,247.896522,7.0,0.0357,40.4166,0.999998,0.999998,1.000000
HD 31392,A002_X12b3da5_X2f34,246.068629,247.896754,7.0,0.0357,40.4166,0.999998,0.999998,1.000000
CD-57 1054,A002_Xcf525f_X5aa4,333.118539,334.852914,12.0,0.0667,17.4347,0.999965,0.999959,1.000006
CD-57 1054,A002_Xcf525f_X5aa4,335.014039,336.748414,12.0,0.0667,17.3363,0.999965,0.999959,1.000006
CD-57 1054,A002_Xcf525f_X5aa4,345.123177,346.848275,12.0,0.0667,16.8300,0.999963,0.999956,1.000007
CD-57 1054,A002_Xcf525f_X5aa4,347.014039,348.748414,12.0,0.0667,16.7383,0.999962,0.999956,1.000006
LP 353-51,A002_Xd10f82_X7829,333.107475,334.935600,12.0,0.0935,17.4329,0.999932,0.999920,1.000012
LP 353-51,A002_Xd10f82_X706f,333.107596,334.935721,12.0,0.0935,17.4329,0.999932,0.999920,1.000012
LP 353-51,A002_Xd10f82_X7829,335.002975,336.831100,12.0,0.0935,17.3345,0.999931,0.999919,1.000012
LP 353-51,A002_Xd10f82_X706f,335.003096,336.831221,12.0,0.0935,17.3345,0.999931,0.999919,1.000012
LP 353-51,A002_Xd10f82_X7829,345.158988,346.884086,12.0,0.0935,16.8283,0.999927,0.999914,1.000013
LP 353-51,A002_Xd10f82_X706f,345.159110,346.884208,12.0,0.0935,16.8283,0.999927,0.999914,1.000013
LP 353-51,A002_Xd10f82_X7829,347.002975,348.831100,12.0,0.0935,16.7366,0.999926,0.999913,1.000013
LP 353-51,A002_Xd10f82_X706f,347.003096,348.831221,12.0,0.0935,16.7366,0.999926,0.999913,1.000013
hd107146,A002_Xeba1ac_Xbc74,335.606937,337.435062,12.0,0.0272,17.3034,0.999994,0.999993,1.000001
hd107146,A002_Xeba1ac_Xbc74,337.502437,339.330562,12.0,0.0272,17.2065,0.999994,0.999993,1.000001
hd107146,A002_Xbe2ed7_X7c91,342.231954,343.966329,7.0,0.0190,29.0942,0.999999,0.999999,1.000000
hd107146,A002_Xb999fd_X148,342.250462,343.984837,7.0,0.0334,29.0926,0.999997,0.999996,1.000001
hd107146,A002_Xba0af7_X8a66,342.256820,343.991195,7.0,0.0396,29.0921,0.999996,0.999995,1.000001
hd107146,A002_Xbb9cd7_X40d5,342.267245,344.001620,12.0,0.0504,16.9699,0.999979,0.999976,1.000003
hd107146,A002_Xbe2ed7_X7c91,344.074232,345.915052,7.0,0.0190,28.9344,0.999999,0.999999,1.000000
hd107146,A002_Xb999fd_X148,344.092739,345.933559,7.0,0.0334,28.9328,0.999997,0.999996,1.000001
hd107146,A002_Xba0af7_X8a66,344.099097,345.939917,7.0,0.0396,28.9323,0.999996,0.999995,1.000001
hd107146,A002_Xbb9cd7_X40d5,344.167140,345.892726,12.0,0.0504,16.8767,0.999979,0.999975,1.000004
hd107146,A002_Xeba1ac_Xbc74,347.606937,349.435062,12.0,0.0272,16.7076,0.999994,0.999993,1.000001
hd107146,A002_Xeba1ac_Xbc74,349.564937,351.393062,12.0,0.0272,16.6143,0.999994,0.999993,1.000001
hd107146,A002_Xbe2ed7_X7c91,354.180664,356.020996,7.0,0.0190,28.1109,0.999999,0.999999,1.000000
hd107146,A002_Xb999fd_X148,354.199439,356.039771,7.0,0.0334,28.1094,0.999997,0.999996,1.000001
hd107146,A002_Xba0af7_X8a66,354.205889,356.046221,7.0,0.0396,28.1089,0.999995,0.999994,1.000001
hd107146,A002_Xbb9cd7_X40d5,354.274082,355.999180,12.0,0.0504,16.3964,0.999978,0.999974,1.000004
hd107146,A002_Xbe2ed7_X7c91,356.127454,357.861829,7.0,0.0190,27.9618,0.999999,0.999999,1.000000
hd107146,A002_Xb999fd_X148,356.145962,357.880337,7.0,0.0334,27.9603,0.999997,0.999996,1.000001
hd107146,A002_Xba0af7_X8a66,356.152320,357.886695,7.0,0.0396,27.9598,0.999995,0.999994,1.000001
hd107146,A002_Xbb9cd7_X40d5,356.162745,357.897120,12.0,0.0504,16.3094,0.999977,0.999974,1.000003
L 836-122,A002_Xcd64ec_X21c9,333.132816,334.867191,12.0,0.2572,17.4340,0.999482,0.999397,1.000085
L 836-122,A002_Xcd64ec_X21c9,335.028316,336.762691,12.0,0.2572,17.3356,0.999477,0.999390,1.000087
L 836-122,A002_Xcd64ec_X21c9,345.137454,346.862552,12.0,0.2572,16.8293,0.999445,0.999353,1.000092
L 836-122,A002_Xcd64ec_X21c9,347.028316,348.762691,12.0,0.2572,16.7376,0.999439,0.999346,1.000094
HD172555,A002_Xa68906_X1590,217.600338,219.334713,12.0,0.0040,26.6536,1.000000,1.000000,1.000000
HD172555,A002_Xa68906_X1590,220.363563,220.417472,12.0,0.0040,26.4211,1.000000,1.000000,1.000000
HD172555,A002_Xa68906_X1590,230.502480,230.556389,12.0,0.0040,25.2590,1.000000,1.000000,1.000000
HD172555,A002_Xa68906_X1590,232.112870,233.847245,12.0,0.0040,24.9933,1.000000,1.000000,1.000000
HD172555,A002_X107376c_X4442,328.032897,329.757994,12.0,0.0357,17.7046,0.999990,0.999989,1.000001
HD172555,A002_X107376c_X4442,330.032897,331.757994,12.0,0.0357,17.5976,0.999990,0.999989,1.000001
HD172555,A002_X107376c_X4442,340.074897,341.799994,12.0,0.0357,17.0792,0.999990,0.999988,1.000002
HD172555,A002_X107376c_X4442,342.023383,343.851508,12.0,0.0357,16.9796,0.999989,0.999988,1.000001
HD161868,A002_Xcd97a1_X2b1e,226.304572,228.144904,7.0,0.0128,43.9310,1.000000,1.000000,1.000000
HD161868,A002_Xcd97a1_X2377,226.304678,228.145011,7.0,0.0128,43.9309,1.000000,1.000000,1.000000
HD161868,A002_Xce1e34_X7be,226.358202,228.083299,12.0,0.0184,25.6268,0.999999,0.999999,1.000000
HD161868,A002_Xcd97a1_X2b1e,229.195739,231.036071,7.0,0.0128,43.3790,1.000000,1.000000,1.000000
HD161868,A002_Xcd97a1_X2377,229.195842,231.036174,7.0,0.0128,43.3790,1.000000,1.000000,1.000000
HD161868,A002_Xce1e34_X7be,229.249474,230.974572,12.0,0.0184,25.3048,0.999999,0.999999,1.000000
HD161868,A002_Xce1e34_X7be,242.245515,243.979890,12.0,0.0184,23.9516,0.999999,0.999998,1.000001
HD161868,A002_Xcd97a1_X2b1e,242.249612,243.983987,7.0,0.0128,41.0593,1.000000,1.000000,1.000000
HD161868,A002_Xcd97a1_X2377,242.249721,243.984096,7.0,0.0128,41.0593,1.000000,1.000000,1.000000
HD161868,A002_Xce1e34_X7be,244.245619,245.979994,12.0,0.0184,23.7562,0.999999,0.999998,1.000001
HD161868,A002_Xcd97a1_X2b1e,244.249750,245.984125,7.0,0.0128,40.7242,1.000000,1.000000,1.000000
HD161868,A002_Xcd97a1_X2377,244.249860,245.984235,7.0,0.0128,40.7242,1.000000,1.000000,1.000000
HD161868,A002_Xff294f_X812c,330.367843,332.208175,7.0,0.0597,30.1315,0.999991,0.999989,1.000002
HD161868,A002_Xff45a6_X8474,330.367943,332.208275,7.0,0.0595,30.1315,0.999991,0.999989,1.000002
HD161868,A002_Xff294f_X7bf4,330.368031,332.208363,7.0,0.0597,30.1315,0.999991,0.999989,1.000002
HD161868,A002_Xff45a6_X111c3,330.368047,332.208379,7.0,0.0593,30.1315,0.999991,0.999989,1.000002
HD161868,A002_Xff45a6_X10ca8,330.368222,332.208554,7.0,0.0593,30.1314,0.999991,0.999989,1.000002
HD161868,A002_Xff699e_Xd7,330.368390,332.208722,7.0,0.0592,30.1314,0.999991,0.999989,1.000002
HD161868,A002_Xff699e_X7543,330.368406,332.208738,7.0,0.0590,30.1314,0.999991,0.999989,1.000002
HD161868,A002_Xff45a6_X107fe,330.368411,332.208743,7.0,0.0594,30.1314,0.999991,0.999989,1.000002
HD161868,A002_Xff81e8_X734e,330.368964,332.209296,7.0,0.0587,30.1314,0.999991,0.999989,1.000002
HD161868,A002_Xff294f_X812c,332.265751,334.093876,7.0,0.0597,29.9604,0.999991,0.999989,1.000002
HD161868,A002_Xff45a6_X8474,332.265849,334.093974,7.0,0.0595,29.9604,0.999991,0.999989,1.000002
HD161868,A002_Xff294f_X7bf4,332.265936,334.094061,7.0,0.0597,29.9604,0.999991,0.999989,1.000002
HD161868,A002_Xff45a6_X111c3,332.265952,334.094077,7.0,0.0593,29.9604,0.999991,0.999989,1.000002
HD161868,A002_Xff45a6_X10ca8,332.266125,334.094250,7.0,0.0593,29.9604,0.999991,0.999989,1.000002
HD161868,A002_Xff699e_Xd7,332.266290,334.094415,7.0,0.0592,29.9603,0.999991,0.999989,1.000002
HD161868,A002_Xff699e_X7543,332.266305,334.094430,7.0,0.0590,29.9603,0.999991,0.999989,1.000002
HD161868,A002_Xff45a6_X107fe,332.266311,334.094436,7.0,0.0594,29.9603,0.999991,0.999989,1.000002
HD161868,A002_Xff81e8_X734e,332.266856,334.094981,7.0,0.0587,29.9603,0.999991,0.999989,1.000002
HD161868,A002_Xff294f_X812c,342.315138,344.143263,7.0,0.0597,29.0832,0.999990,0.999988,1.000002
HD161868,A002_Xff45a6_X8474,342.315240,344.143365,7.0,0.0595,29.0832,0.999990,0.999988,1.000002
HD161868,A002_Xff294f_X7bf4,342.315329,344.143454,7.0,0.0597,29.0832,0.999990,0.999988,1.000002
HD161868,A002_Xff45a6_X111c3,342.315346,344.143471,7.0,0.0593,29.0832,0.999990,0.999988,1.000002
HD161868,A002_Xff45a6_X10ca8,342.315523,344.143648,7.0,0.0593,29.0832,0.999990,0.999988,1.000002
HD161868,A002_Xff699e_Xd7,342.315693,344.143818,7.0,0.0592,29.0831,0.999990,0.999989,1.000001
HD161868,A002_Xff699e_X7543,342.315709,344.143834,7.0,0.0590,29.0831,0.999990,0.999989,1.000001
HD161868,A002_Xff45a6_X107fe,342.315715,344.143840,7.0,0.0594,29.0831,0.999990,0.999988,1.000002
HD161868,A002_Xff81e8_X734e,342.316276,344.144401,7.0,0.0587,29.0831,0.999990,0.999989,1.000001
HD161868,A002_Xff294f_X812c,344.200839,346.041171,7.0,0.0597,28.9238,0.999990,0.999988,1.000002
HD161868,A002_Xff45a6_X8474,344.200939,346.041271,7.0,0.0595,28.9238,0.999990,0.999988,1.000002
HD161868,A002_Xff294f_X7bf4,344.201027,346.041359,7.0,0.0597,28.9238,0.999990,0.999988,1.000002
HD161868,A002_Xff45a6_X111c3,344.201044,346.041376,7.0,0.0593,28.9237,0.999990,0.999988,1.000002
HD161868,A002_Xff45a6_X10ca8,344.201219,346.041551,7.0,0.0593,28.9237,0.999990,0.999988,1.000002
HD161868,A002_Xff699e_Xd7,344.201386,346.041718,7.0,0.0592,28.9237,0.999990,0.999988,1.000002
HD161868,A002_Xff699e_X7543,344.201402,346.041734,7.0,0.0590,28.9237,0.999990,0.999988,1.000002
HD161868,A002_Xff45a6_X107fe,344.201408,346.041740,7.0,0.0594,28.9237,0.999990,0.999988,1.000002
HD161868,A002_Xff81e8_X734e,344.201961,346.042293,7.0,0.0587,28.9237,0.999990,0.999989,1.000001
51 Eri,A002_Xb95160_X3e24,214.525853,216.260228,12.0,0.0272,27.0341,0.999998,0.999997,1.000001
51 Eri,A002_Xb95160_X3e24,217.025772,218.760147,12.0,0.0272,26.7239,0.999998,0.999997,1.000001
51 Eri,A002_Xb95160_X3e24,229.662803,231.387413,12.0,0.0272,25.2595,0.999997,0.999997,1.000000
51 Eri,A002_Xb95160_X3e24,231.637421,233.371796,12.0,0.0272,25.0444,0.999997,0.999997,1.000000
kap CrB,A002_Xe48598_Xff51,214.610014,216.438139,12.0,0.0254,27.0176,0.999998,0.999998,1.000000
kap CrB,A002_Xe48598_Xff51,216.610014,218.438139,12.0,0.0254,26.7692,0.999998,0.999998,1.000000
kap CrB,A002_Xe48598_Xff51,227.610014,229.438139,12.0,0.0254,25.4807,0.999998,0.999997,1.000001
kap CrB,A002_Xe48598_Xff51,229.703284,231.428870,12.0,0.0254,25.2550,0.999998,0.999997,1.000001
HD 155555C,A002_Xccea8d_X2ff5,333.147679,334.882054,12.0,0.1255,17.4332,0.999877,0.999856,1.000021
HD 155555C,A002_Xccea8d_X2ff5,335.043179,336.777554,12.0,0.1255,17.3348,0.999875,0.999855,1.000020
HD 155555C,A002_Xccea8d_X2ff5,345.152317,346.877415,12.0,0.1255,16.8286,0.999868,0.999846,1.000022
HD 155555C,A002_Xccea8d_X2ff5,347.043179,348.777554,12.0,0.1255,16.7369,0.999866,0.999844,1.000022
2MASS J05241914-1601153 551040,A002_Xcf749a_X4871,333.127085,334.861460,12.0,0.6203,17.4343,0.996994,0.996496,1.000499
2MASS J05241914-1601153 551040,A002_Xcf749a_X4871,335.022585,336.756960,12.0,0.6203,17.3359,0.996960,0.996457,1.000505
2MASS J05241914-1601153 551040,A002_Xcf749a_X4871,347.022585,348.756960,12.0,0.6203,16.7379,0.996739,0.996199,1.000542
WD0346-011,A002_Xe50c9e_X17ab,223.085938,224.914062,12.0,0.0174,25.9953,0.999999,0.999999,1.000000
WD0346-011,A002_Xe50c9e_X17ab,225.085938,226.914062,12.0,0.0174,25.7653,0.999999,0.999999,1.000000
WD0346-011,A002_Xe50c9e_X17ab,239.085938,240.914063,12.0,0.0174,24.2623,0.999999,0.999999,1.000000
WD0346-011,A002_Xe50c9e_X17ab,241.085938,242.914063,12.0,0.0174,24.0618,0.999999,0.999999,1.000000
2MASS J05241914-1601153 717696,A002_Xcf749a_X4871,333.127085,334.861460,12.0,0.5743,17.4343,0.997422,0.996996,1.000427
2MASS J05241914-1601153 717696,A002_Xcf749a_X4871,335.022585,336.756960,12.0,0.5743,17.3359,0.997393,0.996962,1.000432
2MASS J05241914-1601153 717696,A002_Xcf749a_X4871,347.022585,348.756960,12.0,0.5743,16.7379,0.997203,0.996741,1.000463
UCAC2 20312880,A002_Xcdd033_X85ff,333.096699,334.831074,12.0,0.5033,17.4359,0.998020,0.997692,1.000328
UCAC2 20312880,A002_Xcdd033_X85ff,334.992199,336.726574,12.0,0.5033,17.3375,0.997997,0.997666,1.000332
UCAC2 20312880,A002_Xcdd033_X85ff,345.101337,346.826435,12.0,0.5033,16.8311,0.997875,0.997524,1.000352
UCAC2 20312880,A002_Xcdd033_X85ff,346.992199,348.726574,12.0,0.5033,16.7394,0.997852,0.997497,1.000356
HR 2562,A002_Xcd64ec_X9149,335.627387,337.361762,12.0,0.0503,17.3047,0.999980,0.999977,1.000003
HR 2562,A002_Xcd64ec_X9149,337.564887,339.299262,12.0,0.0503,17.2057,0.999980,0.999976,1.000004
HR 2562,A002_Xcd64ec_X9149,347.627387,349.361762,12.0,0.0503,16.7089,0.999978,0.999975,1.000003
HR 2562,A002_Xcd64ec_X9149,349.627387,351.361762,12.0,0.0503,16.6135,0.999978,0.999975,1.000003
TWA 7,A002_Xb77b17_X3940,333.512585,335.246960,12.0,5.8648,17.4142,0.763541,0.730172,1.045700
TWA 7,A002_Xb825df_X2265,333.518613,335.252988,12.0,5.8693,17.4139,0.763216,0.729812,1.045771
TWA 7,A002_Xb77b17_X3940,335.403544,337.137919,12.0,5.8648,17.3163,0.761208,0.727573,1.046230
TWA 7,A002_Xb825df_X2265,335.409698,337.144073,12.0,5.8693,17.3159,0.760880,0.727209,1.046302
TWA 7,A002_Xb77b17_X3940,345.547794,346.410343,12.0,5.8648,16.8304,0.749139,0.714144,1.049003
TWA 7,A002_Xb825df_X2265,345.554038,346.416587,12.0,5.8693,16.8300,0.748797,0.713766,1.049079
TWA 7,A002_Xb77b17_X3940,347.511739,349.246114,12.0,5.8648,16.7144,0.746133,0.710805,1.049702
TWA 7,A002_Xb825df_X2265,347.518019,349.252394,12.0,5.8693,16.7141,0.745788,0.710424,1.049779
WD 0407+179,A002_Xb25e1a_Xed74,215.199158,216.933533,12.0,0.3812,26.9498,0.999524,0.999445,1.000079
WD 0407+179,A002_Xb25e1a_Xed74,217.092573,218.826948,12.0,0.3812,26.7157,0.999516,0.999436,1.000080
WD 0407+179,A002_Xb25e1a_Xed74,229.264212,230.989310,12.0,0.3812,25.3032,0.999460,0.999371,1.000089
WD 0407+179,A002_Xb25e1a_Xed74,231.592573,233.326948,12.0,0.3812,25.0493,0.999449,0.999358,1.000091
UCAC3 176-23654,A002_Xd12f5c_Xd7c6,333.148162,334.882537,12.0,0.0836,17.4332,0.999945,0.999936,1.000009
UCAC3 176-23654,A002_Xd12f5c_Xd7c6,335.043662,336.778037,12.0,0.0836,17.3348,0.999945,0.999936,1.000009
UCAC3 176-23654,A002_Xd12f5c_Xd7c6,345.152801,346.877898,12.0,0.0836,16.8286,0.999941,0.999932,1.000009
UCAC3 176-23654,A002_Xd12f5c_Xd7c6,347.043662,348.778037,12.0,0.0836,16.7369,0.999941,0.999931,1.000010
GJ 2006B,A002_Xcdb7b8_Xfb16,333.150967,334.885342,12.0,1.4497,17.4330,0.983685,0.981009,1.002727
GJ 2006B,A002_Xcdb7b8_Xfb16,335.046467,336.780842,12.0,1.4497,17.3347,0.983501,0.980795,1.002759
GJ 2006B,A002_Xcdb7b8_Xfb16,345.155605,346.880703,12.0,1.4497,16.8285,0.982502,0.979635,1.002927
GJ 2006B,A002_Xcdb7b8_Xfb16,347.046467,348.780842,12.0,1.4497,16.7368,0.982312,0.979413,1.002960
ALMA J153702653-33192492,A002_Xfe62c1_X398,216.068221,217.908553,7.0,5.7463,46.0034,0.963568,0.957663,1.006166
ALMA J153702653-33192492,A002_Xff0235_X8392,216.071602,217.911934,7.0,5.7457,46.0027,0.963574,0.957670,1.006165
ALMA J153702653-33192492,A002_Xf8f6a9_X10359,216.091061,217.931393,7.0,5.7501,45.9985,0.963513,0.957599,1.006176
ALMA J153702653-33192492,A002_X1009c59_X1ba4d,216.098099,217.938431,7.0,5.7436,45.9970,0.963591,0.957690,1.006161
ALMA J153702653-33192492,A002_X1015532_X20dc8,216.102295,217.942627,7.0,5.7433,45.9962,0.963594,0.957693,1.006162
ALMA J153702653-33192492,A002_X1018459_X73b0,216.102688,217.943020,7.0,5.7432,45.9961,0.963594,0.957694,1.006160
ALMA J153702653-33192492,A002_X1020da2_X78cd,216.105778,217.946110,7.0,5.7429,45.9954,0.963597,0.957697,1.006160
ALMA J153702653-33192492,A002_Xfe62c1_X398,218.318221,220.158553,7.0,5.7463,45.5313,0.962823,0.956800,1.006295
ALMA J153702653-33192492,A002_Xff0235_X8392,218.321602,220.161934,7.0,5.7457,45.5306,0.962829,0.956807,1.006294
ALMA J153702653-33192492,A002_Xf8f6a9_X10359,218.341061,220.181393,7.0,5.7501,45.5265,0.962767,0.956735,1.006305
ALMA J153702653-33192492,A002_X1009c59_X1ba4d,218.348099,220.188431,7.0,5.7436,45.5251,0.962847,0.956828,1.006291
ALMA J153702653-33192492,A002_X1015532_X20dc8,218.352295,220.192627,7.0,5.7433,45.5242,0.962850,0.956831,1.006291
ALMA J153702653-33192492,A002_X1018459_X73b0,218.352688,220.193020,7.0,5.7432,45.5241,0.962850,0.956832,1.006290
ALMA J153702653-33192492,A002_X1020da2_X78cd,218.355778,220.196110,7.0,5.7429,45.5235,0.962853,0.956835,1.006289
ALMA J153702653-33192492,A002_Xfe62c1_X398,230.292452,230.752657,7.0,5.7463,43.3025,0.958979,0.952348,1.006962
ALMA J153702653-33192492,A002_Xff0235_X8392,230.295833,230.756038,7.0,5.7457,43.3018,0.958985,0.952357,1.006960
ALMA J153702653-33192492,A002_Xf8f6a9_X10359,230.315292,230.775497,7.0,5.7501,43.2982,0.958918,0.952278,1.006973
ALMA J153702653-33192492,A002_X1009c59_X1ba4d,230.322331,230.782536,7.0,5.7436,43.2969,0.959006,0.952380,1.006957
ALMA J153702653-33192492,A002_X1015532_X20dc8,230.326526,230.786731,7.0,5.7433,43.2961,0.959009,0.952383,1.006957
ALMA J153702653-33192492,A002_X1018459_X73b0,230.326920,230.787125,7.0,5.7432,43.2960,0.959009,0.952385,1.006956
ALMA J153702653-33192492,A002_X1020da2_X78cd,230.330010,230.790215,7.0,5.7429,43.2954,0.959013,0.952388,1.006956
ALMA J153702653-33192492,A002_Xfe62c1_X398,230.774874,231.235079,7.0,5.7463,43.2121,0.958811,0.952154,1.006992
ALMA J153702653-33192492,A002_Xff0235_X8392,230.778255,231.238460,7.0,5.7457,43.2114,0.958817,0.952162,1.006989
ALMA J153702653-33192492,A002_Xf8f6a9_X10359,230.797714,231.257919,7.0,5.7501,43.2078,0.958750,0.952083,1.007003
ALMA J153702653-33192492,A002_X1009c59_X1ba4d,230.804753,231.264958,7.0,5.7436,43.2065,0.958838,0.952185,1.006987
ALMA J153702653-33192492,A002_X1015532_X20dc8,230.808948,231.269153,7.0,5.7433,43.2057,0.958841,0.952189,1.006986
ALMA J153702653-33192492,A002_X1018459_X73b0,230.809341,231.269546,7.0,5.7432,43.2056,0.958841,0.952190,1.006985
ALMA J153702653-33192492,A002_X1020da2_X78cd,230.812432,231.272637,7.0,5.7429,43.2050,0.958845,0.952194,1.006985
ALMA J153702653-33192492,A002_Xfe62c1_X398,232.568217,234.408549,7.0,5.7463,42.7524,0.957940,0.951145,1.007144
ALMA J153702653-33192492,A002_Xff0235_X8392,232.571598,234.411930,7.0,5.7457,42.7518,0.957946,0.951154,1.007141
ALMA J153702653-33192492,A002_Xf8f6a9_X10359,232.591057,234.431389,7.0,5.7501,42.7483,0.957877,0.951073,1.007154
ALMA J153702653-33192492,A002_X1009c59_X1ba4d,232.598096,234.438428,7.0,5.7436,42.7470,0.957967,0.951178,1.007138
ALMA J153702653-33192492,A002_X1015532_X20dc8,232.602291,234.442623,7.0,5.7433,42.7462,0.957970,0.951181,1.007138
ALMA J153702653-33192492,A002_X1018459_X73b0,232.602684,234.443016,7.0,5.7432,42.7461,0.957971,0.951182,1.007137
ALMA J153702653-33192492,A002_X1020da2_X78cd,232.605775,234.446107,7.0,5.7429,42.7456,0.957974,0.951186,1.007136
ALMA J153702653-33192492,A002_Xd9d7c7_Xbb64,333.166882,334.892468,12.0,5.7207,17.4324,0.774023,0.741867,1.043344
ALMA J153702653-33192492,A002_Xd9d7c7_Xb3d2,333.167010,334.892596,12.0,5.7207,17.4324,0.774023,0.741867,1.043345
ALMA J153702653-33192492,A002_Xd9d7c7_Xbb64,335.058996,336.784582,12.0,5.7207,17.3342,0.771774,0.739355,1.043848
ALMA J153702653-33192492,A002_Xd9d7c7_Xb3d2,335.059127,336.784712,12.0,5.7207,17.3342,0.771774,0.739355,1.043848
ALMA J153702653-33192492,A002_Xd9d7c7_Xbb64,345.118188,346.843286,12.0,5.7207,16.8303,0.759716,0.725907,1.046574
ALMA J153702653-33192492,A002_Xd9d7c7_Xb3d2,345.118320,346.843418,12.0,5.7207,16.8303,0.759716,0.725907,1.046575
ALMA J153702653-33192492,A002_Xd9d7c7_Xbb64,346.976241,348.701338,12.0,5.7207,16.7404,0.757471,0.723407,1.047088
ALMA J153702653-33192492,A002_Xd9d7c7_Xb3d2,346.976371,348.701468,12.0,5.7207,16.7404,0.757470,0.723407,1.047087
GJ 2006A,A002_Xcdb7b8_Xfb16,333.150967,334.885342,12.0,0.3987,17.4330,0.998757,0.998551,1.000206
GJ 2006A,A002_Xcdb7b8_Xfb16,335.046467,336.780842,12.0,0.3987,17.3347,0.998743,0.998534,1.000209
GJ 2006A,A002_Xcdb7b8_Xfb16,345.155605,346.880703,12.0,0.3987,16.8285,0.998666,0.998445,1.000221
GJ 2006A,A002_Xcdb7b8_Xfb16,347.046467,348.780842,12.0,0.3987,16.7368,0.998651,0.998428,1.000223
TYC 2211-1309-1,A002_Xd189ef_X867b,333.136009,334.870384,12.0,0.0408,17.4338,0.999987,0.999985,1.000002
TYC 2211-1309-1,A002_Xd189ef_X867b,335.031509,336.765884,12.0,0.0408,17.3354,0.999987,0.999985,1.000002
TYC 2211-1309-1,A002_Xd189ef_X867b,345.140648,346.865745,12.0,0.0408,16.8292,0.999986,0.999984,1.000002
TYC 2211-1309-1,A002_Xd189ef_X867b,347.031509,348.765884,12.0,0.0408,16.7375,0.999986,0.999984,1.000002
HD14055,A002_Xd09670_X23c5,226.359920,228.085018,12.0,0.0126,25.6266,0.999999,0.999999,1.000000
HD14055,A002_Xd09670_X23c5,229.251147,230.976245,12.0,0.0126,25.3047,0.999999,0.999999,1.000000
HD14055,A002_Xd09670_X23c5,242.247282,243.981657,12.0,0.0126,23.9515,0.999999,0.999999,1.000000
HD14055,A002_Xd09670_X23c5,244.247401,245.981776,12.0,0.0126,23.7560,0.999999,0.999999,1.000000
HD14055,A002_X101088d_Xbf80,330.353206,332.193538,7.0,0.0410,30.1328,0.999996,0.999995,1.000001
HD14055,A002_X1006d51_X228e,330.381315,332.221647,7.0,0.0166,30.1303,0.999999,0.999999,1.000000
HD14055,A002_X1003af4_X14e08,330.382391,332.222723,7.0,0.0156,30.1302,0.999999,0.999999,1.000000
HD14055,A002_X1003af4_X3a2c,330.383423,332.223755,7.0,0.0147,30.1301,0.999999,0.999999,1.000000
HD14055,A002_X1001fdc_Xc06e,330.384098,332.224430,7.0,0.0142,30.1300,0.999999,0.999999,1.000000
HD14055,A002_X1001fdc_X29ae,330.384371,332.224703,7.0,0.0152,30.1300,0.999999,0.999999,1.000000
HD14055,A002_X1001fdc_X2085,330.384586,332.224918,7.0,0.0137,30.1300,1.000000,0.999999,1.000001
HD14055,A002_Xfffde1_X9bd6,330.385469,332.225801,7.0,0.0128,30.1299,1.000000,0.999999,1.000001
HD14055,A002_Xfffde1_X3835,330.385894,332.226226,7.0,0.0123,30.1298,1.000000,1.000000,1.000000
HD14055,A002_Xfff3d8_Xd46,330.386622,332.226954,7.0,0.0119,30.1298,1.000000,1.000000,1.000000
HD14055,A002_Xff99e1_X2c3bb,330.386951,332.227283,7.0,0.0114,30.1297,1.000000,1.000000,1.000000
HD14055,A002_Xff99e1_X2b2ee,330.387234,332.227566,7.0,0.0114,30.1297,1.000000,1.000000,1.000000
HD14055,A002_Xff99e1_X24be0,330.387449,332.227781,7.0,0.0110,30.1297,1.000000,1.000000,1.000000
HD14055,A002_Xff99e1_X1b0c4,330.388286,332.228618,7.0,0.0105,30.1296,1.000000,1.000000,1.000000
HD14055,A002_X107fa96_X9a88,330.391113,332.231445,7.0,0.0144,30.1294,0.999999,0.999999,1.000000
HD14055,A002_X107fa96_X150f6,330.392117,332.232449,7.0,0.0139,30.1293,0.999999,0.999999,1.000000
HD14055,A002_X1086384_X10bc1,330.395189,332.235521,7.0,0.0123,30.1290,1.000000,1.000000,1.000000
HD14055,A002_X1088045_X3c7b,330.395770,332.236103,7.0,0.0121,30.1289,1.000000,1.000000,1.000000
HD14055,A002_X101088d_Xbf80,332.251331,334.079456,7.0,0.0410,29.9617,0.999996,0.999995,1.000001
HD14055,A002_X1006d51_X228e,332.279023,334.107148,7.0,0.0166,29.9592,0.999999,0.999999,1.000000
HD14055,A002_X1003af4_X14e08,332.280082,334.108207,7.0,0.0156,29.9591,0.999999,0.999999,1.000000
HD14055,A002_X1003af4_X3a2c,332.281107,334.109232,7.0,0.0147,29.9590,0.999999,0.999999,1.000000
HD14055,A002_X1001fdc_Xc06e,332.281782,334.109907,7.0,0.0142,29.9590,0.999999,0.999999,1.000000
HD14055,A002_X1001fdc_X29ae,332.282055,334.110180,7.0,0.0211,29.9589,0.999999,0.999999,1.000000
HD14055,A002_X1001fdc_X2085,332.282269,334.110394,7.0,0.0137,29.9589,1.000000,0.999999,1.000001
HD14055,A002_Xfffde1_X9bd6,332.283153,334.111278,7.0,0.0128,29.9588,1.000000,0.999999,1.000001
HD14055,A002_Xfffde1_X3835,332.283577,334.111702,7.0,0.0123,29.9588,1.000000,1.000000,1.000000
HD14055,A002_Xfff3d8_Xd46,332.284305,334.112430,7.0,0.0119,29.9587,1.000000,1.000000,1.000000
HD14055,A002_Xff99e1_X2c3bb,332.284634,334.112759,7.0,0.0114,29.9587,1.000000,1.000000,1.000000
HD14055,A002_Xff99e1_X2b2ee,332.284918,334.113043,7.0,0.0114,29.9587,1.000000,1.000000,1.000000
HD14055,A002_Xff99e1_X24be0,332.285133,334.113258,7.0,0.0110,29.9587,1.000000,1.000000,1.000000
HD14055,A002_Xff99e1_X1b0c4,332.285969,334.114094,7.0,0.0105,29.9586,1.000000,1.000000,1.000000
HD14055,A002_X107fa96_X9a88,332.288637,334.116762,7.0,0.0144,29.9583,0.999999,0.999999,1.000000
HD14055,A002_X107fa96_X150f6,332.289640,334.117765,7.0,0.0139,29.9582,0.999999,0.999999,1.000000
HD14055,A002_X1086384_X10bc1,332.292691,334.120816,7.0,0.0123,29.9580,1.000000,1.000000,1.000000
HD14055,A002_X1088045_X3c7b,332.293264,334.121389,7.0,0.0121,29.9579,1.000000,1.000000,1.000000
HD14055,A002_X101088d_Xbf80,342.300284,344.128409,7.0,0.0410,29.0844,0.999995,0.999994,1.000001
HD14055,A002_X1006d51_X228e,342.328810,344.156935,7.0,0.0166,29.0820,0.999999,0.999999,1.000000
HD14055,A002_X1003af4_X14e08,342.329902,344.158027,7.0,0.0156,29.0819,0.999999,0.999999,1.000000
HD14055,A002_X1003af4_X3a2c,342.330943,344.159068,7.0,0.0147,29.0818,0.999999,0.999999,1.000000
HD14055,A002_X1001fdc_Xc06e,342.331618,344.159743,7.0,0.0142,29.0818,0.999999,0.999999,1.000000
HD14055,A002_X1001fdc_X29ae,342.331891,344.160016,7.0,0.0000,29.0818,1.000000,1.000000,1.000000
HD14055,A002_X1001fdc_X2085,342.332105,344.160230,7.0,0.0137,29.0818,0.999999,0.999999,1.000000
HD14055,A002_Xfffde1_X9bd6,342.332989,344.161114,7.0,0.0128,29.0817,1.000000,0.999999,1.000001
HD14055,A002_Xfffde1_X3835,342.333413,344.161538,7.0,0.0123,29.0816,1.000000,1.000000,1.000000
HD14055,A002_Xfff3d8_Xd46,342.334141,344.162266,7.0,0.0119,29.0816,1.000000,1.000000,1.000000
HD14055,A002_Xff99e1_X2c3bb,342.334471,344.162596,7.0,0.0114,29.0815,1.000000,1.000000,1.000000
HD14055,A002_Xff99e1_X2b2ee,342.334754,344.162879,7.0,0.0114,29.0815,1.000000,1.000000,1.000000
HD14055,A002_Xff99e1_X24be0,342.334969,344.163094,7.0,0.0110,29.0815,1.000000,1.000000,1.000000
HD14055,A002_Xff99e1_X1b0c4,342.335806,344.163931,7.0,0.0105,29.0814,1.000000,1.000000,1.000000
HD14055,A002_X107fa96_X9a88,342.338793,344.166918,7.0,0.0144,29.0812,0.999999,0.999999,1.000000
HD14055,A002_X107fa96_X150f6,342.339796,344.167921,7.0,0.0139,29.0811,0.999999,0.999999,1.000000
HD14055,A002_X1086384_X10bc1,342.342890,344.171015,7.0,0.0123,29.0808,1.000000,1.000000,1.000000
HD14055,A002_X1088045_X3c7b,342.343481,344.171606,7.0,0.0121,29.0808,1.000000,1.000000,1.000000
HD14055,A002_X101088d_Xbf80,344.186202,346.026534,7.0,0.0410,28.9250,0.999995,0.999994,1.000001
HD14055,A002_X1006d51_X228e,344.214311,346.054643,7.0,0.0166,28.9226,0.999999,0.999999,1.000000
HD14055,A002_X1003af4_X14e08,344.215387,346.055719,7.0,0.0156,28.9225,0.999999,0.999999,1.000000
HD14055,A002_X1003af4_X3a2c,344.216419,346.056751,7.0,0.0147,28.9225,0.999999,0.999999,1.000000
HD14055,A002_X1001fdc_Xc06e,344.217094,346.057426,7.0,0.0142,28.9224,0.999999,0.999999,1.000000
HD14055,A002_X1001fdc_X29ae,344.217367,346.057699,7.0,0.0114,28.9224,1.000000,1.000000,1.000000
HD14055,A002_X1001fdc_X2085,344.217582,346.057914,7.0,0.0137,28.9224,0.999999,0.999999,1.000000
HD14055,A002_Xfffde1_X9bd6,344.218465,346.058797,7.0,0.0128,28.9223,1.000000,0.999999,1.000001
HD14055,A002_Xfffde1_X3835,344.218890,346.059222,7.0,0.0123,28.9223,1.000000,0.999999,1.000001
HD14055,A002_Xfff3d8_Xd46,344.219618,346.059950,7.0,0.0119,28.9222,1.000000,1.000000,1.000000
HD14055,A002_Xff99e1_X2c3bb,344.219947,346.060279,7.0,0.0114,28.9222,1.000000,1.000000,1.000000
HD14055,A002_Xff99e1_X2b2ee,344.220230,346.060562,7.0,0.0114,28.9221,1.000000,1.000000,1.000000
HD14055,A002_Xff99e1_X24be0,344.220445,346.060777,7.0,0.0110,28.9221,1.000000,1.000000,1.000000
HD14055,A002_Xff99e1_X1b0c4,344.221282,346.061614,7.0,0.0105,28.9221,1.000000,1.000000,1.000000
HD14055,A002_X107fa96_X9a88,344.224110,346.064442,7.0,0.0144,28.9218,0.999999,0.999999,1.000000
HD14055,A002_X107fa96_X150f6,344.225113,346.065445,7.0,0.0139,28.9217,0.999999,0.999999,1.000000
HD14055,A002_X1086384_X10bc1,344.228185,346.068517,7.0,0.0123,28.9215,1.000000,0.999999,1.000001
HD14055,A002_X1088045_X3c7b,344.228767,346.069099,7.0,0.0121,28.9214,1.000000,1.000000,1.000000
HD 48370,A002_Xc26103_X155a,216.121140,217.855515,7.0,0.0281,46.0034,0.999999,0.999999,1.000000
HD 48370,A002_Xc26103_X155a,218.560028,220.400360,7.0,0.0281,45.4811,0.999999,0.999999,1.000000
HD 48370,A002_Xc26103_X155a,230.500443,230.960526,7.0,0.0281,43.2635,0.999999,0.999999,1.000000
HD 48370,A002_Xc26103_X155a,232.620253,234.354628,7.0,0.0281,42.7526,0.999999,0.999999,1.000000
HD 48370,A002_Xe64b7b_X1704c,479.259869,481.056744,7.0,0.0131,20.7894,0.999999,0.999999,1.000000
HD 48370,A002_Xf05a48_X269c,479.288148,481.116273,7.0,0.0245,20.7875,0.999997,0.999996,1.000001
HD 48370,A002_Xe64b7b_X1704c,481.217869,483.014744,7.0,0.0131,20.7050,0.999999,0.999999,1.000000
HD 48370,A002_Xf05a48_X269c,481.246148,483.074273,7.0,0.0245,20.7031,0.999997,0.999996,1.000001
HD 48370,A002_Xe64b7b_X1704c,491.657082,492.577492,7.0,0.0131,20.2842,0.999999,0.999999,1.000000
HD 48370,A002_Xf05a48_X269c,491.700986,492.621396,7.0,0.0245,20.2824,0.999997,0.999996,1.000001
HD 48370,A002_Xe64b7b_X1704c,493.244240,495.072365,7.0,0.0131,20.2004,0.999999,0.999999,1.000000
HD 48370,A002_Xf05a48_X269c,493.288144,495.116269,7.0,0.0245,20.1986,0.999996,0.999996,1.000000
HD 89452,A002_X12694b3_Xab7,229.664145,231.389730,7.0,0.0145,43.3017,1.000000,1.000000,1.000000
HD 89452,A002_X126787e_X227e,229.664778,231.390364,7.0,0.0136,43.3015,1.000000,1.000000,1.000000
HD 89452,A002_X126787e_X1c15,229.664906,231.390492,7.0,0.0136,43.3015,1.000000,1.000000,1.000000
HD 89452,A002_X126787e_X1170,229.665051,231.390637,7.0,0.0136,43.3015,1.000000,1.000000,1.000000
HD 89452,A002_X1264cde_X2d40,229.665932,231.391518,7.0,0.0124,43.3013,1.000000,1.000000,1.000000
HD 89452,A002_X1264cde_X258b,229.666066,231.391652,7.0,0.0123,43.3013,1.000000,1.000000,1.000000
HD 89452,A002_X1263402_X856c,229.666276,231.391862,7.0,0.0119,43.3013,1.000000,1.000000,1.000000
HD 89452,A002_X1263402_X816f,229.666403,231.391989,7.0,0.0119,43.3012,1.000000,1.000000,1.000000
HD 89452,A002_X12694b3_Xab7,232.070875,233.899000,7.0,0.0145,42.8448,1.000000,1.000000,1.000000
HD 89452,A002_X126787e_X227e,232.071509,233.899634,7.0,0.0136,42.8447,1.000000,1.000000,1.000000
HD 89452,A002_X126787e_X1c15,232.071637,233.899762,7.0,0.0136,42.8447,1.000000,1.000000,1.000000
HD 89452,A002_X126787e_X1170,232.071781,233.899906,7.0,0.0136,42.8447,1.000000,1.000000,1.000000
HD 89452,A002_X1264cde_X2d40,232.072663,233.900788,7.0,0.0124,42.8445,1.000000,1.000000,1.000000
HD 89452,A002_X1264cde_X258b,232.072796,233.900921,7.0,0.0123,42.8445,1.000000,1.000000,1.000000
HD 89452,A002_X1263402_X856c,232.073007,233.901132,7.0,0.0119,42.8444,1.000000,1.000000,1.000000
HD 89452,A002_X1263402_X816f,232.073133,233.901258,7.0,0.0119,42.8444,1.000000,1.000000,1.000000
HD 89452,A002_X12694b3_Xab7,244.070875,245.899000,7.0,0.0145,40.7462,1.000000,1.000000,1.000000
HD 89452,A002_X126787e_X227e,244.071509,245.899634,7.0,0.0136,40.7461,1.000000,1.000000,1.000000
HD 89452,A002_X126787e_X1c15,244.071637,245.899762,7.0,0.0136,40.7460,1.000000,1.000000,1.000000
HD 89452,A002_X126787e_X1170,244.071781,245.899906,7.0,0.0136,40.7460,1.000000,1.000000,1.000000
HD 89452,A002_X1264cde_X2d40,244.072663,245.900788,7.0,0.0124,40.7459,1.000000,1.000000,1.000000
HD 89452,A002_X1264cde_X258b,244.072796,245.900921,7.0,0.0123,40.7459,1.000000,1.000000,1.000000
HD 89452,A002_X1263402_X856c,244.073007,245.901132,7.0,0.0119,40.7458,1.000000,1.000000,1.000000
HD 89452,A002_X1263402_X816f,244.073133,245.901258,7.0,0.0119,40.7458,1.000000,1.000000,1.000000
HD 89452,A002_X12694b3_Xab7,246.070875,247.899000,7.0,0.0145,40.4162,1.000000,1.000000,1.000000
HD 89452,A002_X126787e_X227e,246.071509,247.899634,7.0,0.0136,40.4161,1.000000,1.000000,1.000000
HD 89452,A002_X126787e_X1c15,246.071637,247.899762,7.0,0.0136,40.4161,1.000000,1.000000,1.000000
HD 89452,A002_X126787e_X1170,246.071781,247.899906,7.0,0.0136,40.4161,1.000000,1.000000,1.000000
HD 89452,A002_X1264cde_X2d40,246.072663,247.900788,7.0,0.0124,40.4159,1.000000,1.000000,1.000000
HD 89452,A002_X1264cde_X258b,246.072796,247.900921,7.0,0.0123,40.4159,1.000000,1.000000,1.000000
HD 89452,A002_X1263402_X856c,246.073007,247.901132,7.0,0.0119,40.4159,1.000000,1.000000,1.000000
HD 89452,A002_X1263402_X816f,246.073133,247.901258,7.0,0.0119,40.4159,1.000000,1.000000,1.000000
HD61005,A002_X7d194b_X58f,212.106645,213.841020,12.0,0.0162,27.3412,0.999999,0.999999,1.000000
HD61005,A002_X74fea5_Xd70,212.127382,213.861757,12.0,0.0160,27.3385,0.999999,0.999999,1.000000
HD61005,A002_X7d194b_X58f,214.106399,215.840774,12.0,0.0162,27.0868,0.999999,0.999999,1.000000
HD61005,A002_X74fea5_Xd70,214.127331,215.861706,12.0,0.0160,27.0842,0.999999,0.999999,1.000000
HD61005,A002_Xb47876_X3918,223.132812,224.867188,12.0,0.0399,25.9953,0.999994,0.999993,1.000001
HD61005,A002_Xb47876_X3918,225.132812,226.867188,12.0,0.0399,25.7653,0.999994,0.999993,1.000001
HD61005,A002_X7d194b_X58f,227.104802,228.839177,12.0,0.0162,25.5424,0.999999,0.999999,1.000000
HD61005,A002_X74fea5_Xd70,227.126999,228.861374,12.0,0.0160,25.5399,0.999999,0.999999,1.000000
HD61005,A002_X7d194b_X58f,230.087999,230.950548,12.0,0.0162,25.2601,0.999999,0.999999,1.000000
HD61005,A002_X74fea5_Xd70,230.108722,230.971271,12.0,0.0160,25.2579,0.999999,0.999999,1.000000
HD61005,A002_Xb47876_X3918,239.132813,240.867188,12.0,0.0399,24.2623,0.999994,0.999993,1.000001
HD61005,A002_Xb47876_X3918,241.132813,242.867188,12.0,0.0399,24.0618,0.999993,0.999992,1.000001
HD61005,A002_X1066403_Xbbde,330.400026,332.125123,12.0,0.0278,17.5780,0.999994,0.999993,1.000001
HD61005,A002_Xff0235_X26e3,330.438712,332.163810,12.0,0.0256,17.5760,0.999995,0.999994,1.000001
HD61005,A002_X1066403_Xbbde,332.240694,334.068819,12.0,0.0278,17.4782,0.999994,0.999993,1.000001
HD61005,A002_Xff0235_X26e3,332.278806,334.106931,12.0,0.0256,17.4762,0.999995,0.999994,1.000001
HD61005,A002_X1066403_Xbbde,342.289330,344.117455,12.0,0.0278,16.9665,0.999994,0.999993,1.000001
HD61005,A002_Xff0235_X26e3,342.328591,344.156716,12.0,0.0256,16.9645,0.999995,0.999994,1.000001
HD61005,A002_X1066403_Xbbde,344.233026,345.958123,12.0,0.0278,16.8734,0.999994,0.999992,1.000002
HD61005,A002_Xff0235_X26e3,344.271712,345.996810,12.0,0.0256,16.8715,0.999995,0.999994,1.000001
HD61005,A002_Xe4f0a6_X3658,479.271781,481.099906,12.0,0.0253,12.1265,0.999990,0.999988,1.000002
HD61005,A002_Xe4f0a6_X3658,481.229781,483.057906,12.0,0.0253,12.0772,0.999990,0.999988,1.000002
HD61005,A002_Xe4f0a6_X3658,491.714012,492.576804,12.0,0.0253,11.8318,0.999989,0.999987,1.000002
HD61005,A002_Xe4f0a6_X3658,493.271781,495.099906,12.0,0.0253,11.7829,0.999989,0.999987,1.000002
HD61005,A002_X11d9ce7_X5257,849.408207,851.133793,12.0,0.0253,6.8483,0.999967,0.999962,1.000005
HD61005,A002_X11d9ce7_X5257,851.408207,853.133793,12.0,0.0253,6.8323,0.999967,0.999962,1.000005
HD61005,A002_X11d9ce7_X5257,853.366207,855.091793,12.0,0.0253,6.8166,0.999967,0.999962,1.000005
HD61005,A002_X11d9ce7_X5257,855.366207,857.091793,12.0,0.0253,6.8007,0.999967,0.999962,1.000005
HD61005,A002_X11d9ce7_X5257,865.408207,867.133793,12.0,0.0253,6.7219,0.999966,0.999961,1.000005
HD61005,A002_X11d9ce7_X5257,867.408207,869.133793,12.0,0.0253,6.7064,0.999966,0.999961,1.000005
HD61005,A002_X11d9ce7_X5257,869.366207,871.091793,12.0,0.0253,6.6913,0.999966,0.999960,1.000006
HD61005,A002_X11d9ce7_X5257,871.366207,873.091793,12.0,0.0253,6.6759,0.999966,0.999960,1.000006
CP-72 2713,A002_Xc296d2_X148c,216.126496,217.860871,7.0,0.0431,46.0023,0.999998,0.999998,1.000000
CP-72 2713,A002_Xc296d2_X148c,218.565445,220.405777,7.0,0.0431,45.4800,0.999998,0.999998,1.000000
CP-72 2713,A002_Xc296d2_X148c,230.506541,230.966624,7.0,0.0431,43.2623,0.999998,0.999997,1.000001
CP-72 2713,A002_Xc296d2_X148c,232.626016,234.360391,7.0,0.0431,42.7516,0.999998,0.999997,1.000001
CP-72 2713,A002_Xff0235_X4a6d,330.419656,332.144754,12.0,0.0263,17.5770,0.999995,0.999994,1.000001
CP-72 2713,A002_Xff0235_X4a6d,332.260033,334.088158,12.0,0.0263,17.4772,0.999995,0.999994,1.000001
CP-72 2713,A002_Xff0235_X4a6d,342.309252,344.137377,12.0,0.0263,16.9655,0.999994,0.999993,1.000001
CP-72 2713,A002_Xff0235_X4a6d,344.252656,345.977754,12.0,0.0263,16.8725,0.999994,0.999993,1.000001
CP-72 2713,A002_Xff0235_X502d,330.419569,332.144666,12.0,0.0263,17.5770,0.999995,0.999994,1.000001
CP-72 2713,A002_Xff0235_X502d,332.259947,334.088072,12.0,0.0263,17.4772,0.999995,0.999994,1.000001
CP-72 2713,A002_Xff0235_X502d,342.309163,344.137288,12.0,0.0263,16.9655,0.999994,0.999993,1.000001
CP-72 2713,A002_Xff0235_X502d,344.252569,345.977666,12.0,0.0263,16.8725,0.999994,0.999993,1.000001
HD170773,A002_Xcca365_X3822,226.326975,228.167307,7.0,0.0485,43.9266,0.999997,0.999997,1.000000
HD170773,A002_Xce574d_X123f,226.374448,228.099546,12.0,0.0373,25.6250,0.999995,0.999994,1.000001
HD170773,A002_Xcca365_X3822,229.217546,231.057878,7.0,0.0485,43.3749,0.999997,0.999997,1.000000
HD170773,A002_Xce574d_X123f,229.265289,230.990386,12.0,0.0373,25.3031,0.999995,0.999994,1.000001
HD170773,A002_Xce574d_X123f,242.262223,243.996598,12.0,0.0373,23.9500,0.999994,0.999993,1.000001
HD170773,A002_Xcca365_X3822,242.272652,244.007027,7.0,0.0485,41.0554,0.999997,0.999996,1.000001
HD170773,A002_Xce574d_X123f,244.262465,245.996840,12.0,0.0373,23.7546,0.999994,0.999993,1.000001
HD170773,A002_Xcca365_X3822,244.272979,246.007354,7.0,0.0485,40.7204,0.999997,0.999996,1.000001
HD170773,A002_Xff0235_X8c42,330.374882,332.215214,7.0,0.0268,30.1308,0.999998,0.999998,1.000000
HD170773,A002_X10228b9_X423,330.474324,332.199422,12.0,0.0109,17.5741,0.999999,0.999999,1.000000
HD170773,A002_Xff0235_X8c42,332.272685,334.100810,7.0,0.0268,29.9598,0.999998,0.999998,1.000000
HD170773,A002_X10228b9_X423,332.313889,334.142014,12.0,0.0109,17.4744,0.999999,0.999999,1.000000
HD170773,A002_Xff0235_X8c42,342.322281,344.150406,7.0,0.0268,29.0826,0.999998,0.999998,1.000000
HD170773,A002_X10228b9_X423,342.364732,344.192857,12.0,0.0109,16.9627,0.999999,0.999999,1.000000
HD170773,A002_Xff0235_X8c42,344.207878,346.048210,7.0,0.0268,28.9232,0.999998,0.999998,1.000000
HD170773,A002_X10228b9_X423,344.307324,346.032422,12.0,0.0109,16.8698,0.999999,0.999999,1.000000
TWA 3A 696000,A002_Xd3607d_X6487,218.071776,219.899901,12.0,0.7014,26.5905,0.998346,0.998073,1.000274
TWA 3A 696000,A002_Xd40be0_X749c,218.074926,219.903051,12.0,0.7011,26.5901,0.998348,0.998074,1.000274
TWA 3A 696000,A002_Xd3607d_X6487,220.288446,220.504144,12.0,0.7014,26.4204,0.998325,0.998048,1.000278
TWA 3A 696000,A002_Xd40be0_X749c,220.291517,220.507215,12.0,0.7011,26.4200,0.998326,0.998049,1.000277
TWA 3A 696000,A002_Xd3607d_X6487,230.427679,230.643377,12.0,0.7014,25.2584,0.998168,0.997864,1.000304
TWA 3A 696000,A002_Xd40be0_X749c,230.430903,230.646602,12.0,0.7011,25.2580,0.998169,0.997866,1.000304
TWA 3A 696000,A002_Xd3607d_X6487,231.683430,233.511555,12.0,0.7014,25.0344,0.998135,0.997826,1.000310
TWA 3A 696000,A002_Xd40be0_X749c,231.686677,233.514802,12.0,0.7011,25.0341,0.998136,0.997828,1.000309
TWA 3A [576064],A002_Xd3607d_X6487,218.071776,219.899901,12.0,1.2295,26.5905,0.994928,0.994090,1.000843
TWA 3A [576064],A002_Xd3607d_X6487,220.288446,220.504144,12.0,1.2295,26.4204,0.994862,0.994014,1.000853
TWA 3A [576064],A002_Xd3607d_X6487,230.427679,230.643377,12.0,1.2295,25.2584,0.994380,0.993452,1.000934
TWA 3A [576064],A002_Xd3607d_X6487,231.683430,233.511555,12.0,1.2295,25.0344,0.994280,0.993335,1.000952
Barta 161 12,A002_Xce1e34_X1fb8,333.152719,334.887094,12.0,0.2065,17.4329,0.999666,0.999611,1.000055
Barta 161 12,A002_Xce1e34_X1fb8,335.048219,336.782594,12.0,0.2065,17.3346,0.999663,0.999607,1.000056
Barta 161 12,A002_Xce1e34_X1fb8,345.157358,346.882455,12.0,0.2065,16.8284,0.999642,0.999583,1.000059
Barta 161 12,A002_Xce1e34_X1fb8,347.048219,348.782594,12.0,0.2065,16.7367,0.999638,0.999578,1.000060
HD377,A002_X1239f8e_Xa43b,229.653766,231.379352,7.0,0.0246,43.3036,0.999999,0.999999,1.000000
HD377,A002_X1263402_Xb082,229.674130,231.399716,7.0,0.0031,43.2998,1.000000,1.000000,1.000000
HD377,A002_X1239f8e_Xa43b,232.060496,233.888621,7.0,0.0246,42.8467,0.999999,0.999999,1.000000
HD377,A002_X1263402_Xb082,232.080860,233.908985,7.0,0.0031,42.8430,1.000000,1.000000,1.000000
HD377,A002_X1239f8e_Xa43b,244.060496,245.888621,7.0,0.0246,40.7479,0.999999,0.999999,1.000000
HD377,A002_X1263402_Xb082,244.080860,245.908985,7.0,0.0031,40.7445,1.000000,1.000000,1.000000
HD377,A002_X1239f8e_Xa43b,246.060496,247.888621,7.0,0.0246,40.4179,0.999999,0.999999,1.000000
HD377,A002_X1263402_Xb082,246.080860,247.908985,7.0,0.0031,40.4146,1.000000,1.000000,1.000000
HD 139084,A002_Xcd8029_Xb6b0,333.140219,334.874594,12.0,5.2083,17.4336,0.808727,0.780782,1.035791
HD 139084,A002_Xcd8029_Xb6b0,335.035719,336.770094,12.0,5.2083,17.3352,0.806775,0.778586,1.036205
HD 139084,A002_Xcd8029_Xb6b0,345.144857,346.869955,12.0,5.2083,16.8290,0.796266,0.766777,1.038459
HD 139084,A002_Xcd8029_Xb6b0,347.035719,348.770094,12.0,5.2083,16.7373,0.794275,0.764543,1.038889
HIP 490,A002_X74c92c_X6d5,212.114808,213.849183,12.0,0.0109,27.3401,1.000000,1.000000,1.000000
HIP 490,A002_X74c92c_X6d5,214.114639,215.849014,12.0,0.0109,27.0858,1.000000,1.000000,1.000000
HIP 490,A002_X74c92c_X6d5,227.113540,228.847915,12.0,0.0109,25.5414,1.000000,0.999999,1.000001
HIP 490,A002_X74c92c_X6d5,230.096768,230.959317,12.0,0.0109,25.2592,1.000000,0.999999,1.000001
HD110411,A002_X10b6f7c_X850c,214.568205,216.396330,7.0,0.0359,46.3249,0.999999,0.999998,1.000001
HD110411,A002_Xe3da01_X4265,216.106945,217.935070,12.0,1.2874,26.8313,0.994539,0.993637,1.000908
HD110411,A002_Xe45e29_Xb7d4,216.108898,217.937023,12.0,1.2874,26.8310,0.994539,0.993637,1.000908
HD110411,A002_X10b6f7c_X850c,216.561857,218.402678,7.0,0.0359,45.8989,0.999999,0.999998,1.000001
HD110411,A002_Xe3da01_X4265,219.367908,219.799305,12.0,1.2874,26.5181,0.994410,0.993487,1.000929
HD110411,A002_Xe45e29_Xb7d4,219.369801,219.801197,12.0,1.2874,26.5179,0.994409,0.993486,1.000929
HD110411,A002_Xe3da01_X4265,220.206257,220.637653,12.0,1.2874,26.4173,0.994367,0.993437,1.000936
HD110411,A002_Xe45e29_Xb7d4,220.208149,220.639545,12.0,1.2874,26.4171,0.994367,0.993437,1.000936
HD110411,A002_X10b6f7c_X850c,229.603853,231.444674,7.0,0.0359,43.3022,0.999998,0.999998,1.000000
HD110411,A002_Xe3da01_X4265,230.346699,230.778095,12.0,1.2874,25.2554,0.993838,0.992821,1.001024
HD110411,A002_Xe45e29_Xb7d4,230.348682,230.780079,12.0,1.2874,25.2552,0.993838,0.992821,1.001024
HD110411,A002_Xe3da01_X4265,231.205982,231.637379,12.0,1.2874,25.1616,0.993793,0.992768,1.001032
HD110411,A002_Xe45e29_Xb7d4,231.207966,231.639362,12.0,1.2874,25.1614,0.993792,0.992768,1.001032
HD110411,A002_X10b6f7c_X850c,231.568201,233.396326,7.0,0.0359,42.9375,0.999998,0.999998,1.000000
HD110411,A002_Xe3da01_X4265,233.106945,234.935070,12.0,1.2874,24.8822,0.993653,0.992605,1.001056
HD110411,A002_Xe45e29_Xb7d4,233.108898,234.937023,12.0,1.2874,24.8820,0.993652,0.992605,1.001055
HIP10679,A002_Xa95c04_X14cd,217.623087,219.357462,12.0,0.2313,26.6508,0.999821,0.999791,1.000030
HIP10679,A002_Xa95c04_X14cd,220.386514,220.440423,12.0,0.2313,26.4183,0.999818,0.999787,1.000031
HIP10679,A002_Xa95c04_X14cd,230.526503,230.580412,12.0,0.2313,25.2564,0.999801,0.999767,1.000034
HIP10679,A002_Xa95c04_X14cd,232.136361,233.870736,12.0,0.2313,24.9908,0.999796,0.999763,1.000033
