window,target,band,chanw_Hz,n_int,n_chan,span_s,n_drift,pb_arcsec,array,amp_sigma,realisation,inj_flux_Jy,inj_chan,inj_drift_Hz_s,rec_snr,rec_chan,rec_drift_Hz_s,global_max_snr,drift_matched,detected
A002_X11d9ce7_X5257_spw0,HD61005_B10,10,976562.5,360,1768,3386.5,144,7.3,12m,3,0,0.24302465938416895,274,-5949.204,3.477,274,-6814.3128,18.44,False,False
A002_X11d9ce7_X5257_spw0,HD61005_B10,10,976562.5,360,1768,3386.5,144,7.3,12m,3,1,0.23725584127999524,297,-3065.508,6.558,296,-7246.8672,18.44,False,True
A002_X11d9ce7_X5257_spw0,HD61005_B10,10,976562.5,360,1768,3386.5,144,7.3,12m,3,2,0.21330106676476016,892,-4218.9864,3.737,893,-5805.0192,18.44,False,False
A002_X11d9ce7_X5257_spw0,HD61005_B10,10,976562.5,360,1768,3386.5,144,7.3,12m,3,3,0.21794402995955525,1416,971.6664,3.664,1416,-8544.5304,18.44,False,False
A002_X11d9ce7_X5257_spw0,HD61005_B10,10,976562.5,360,1768,3386.5,144,7.3,12m,3,4,0.22322748003950146,1515,-6237.5736,3.251,1515,-6381.7584,18.44,True,False
A002_X11d9ce7_X5257_spw0,HD61005_B10,10,976562.5,360,1768,3386.5,144,7.3,12m,3,5,0.22429825268962558,1190,1980.96,6.028,1191,-10274.748,18.44,False,True
A002_X11d9ce7_X5257_spw0,HD61005_B10,10,976562.5,360,1768,3386.5,144,7.3,12m,3,6,0.23935021769597228,985,8901.8305,6.48,985,9190.2001,18.44,False,True
A002_X11d9ce7_X5257_spw0,HD61005_B10,10,976562.5,360,1768,3386.5,144,7.3,12m,3,7,0.24055147413608163,1241,-4651.5408,2.724,1241,-4507.356,18.44,True,False
A002_X11d9ce7_X5257_spw0,HD61005_B10,10,976562.5,360,1768,3386.5,144,7.3,12m,3,8,0.21380907882228636,1530,827.4816,2.771,1530,-10274.748,18.44,False,False
A002_X11d9ce7_X5257_spw0,HD61005_B10,10,976562.5,360,1768,3386.5,144,7.3,12m,3,9,0.22000021924826982,1362,-3642.2472,3.038,1361,-4218.9864,18.44,False,False
A002_X11d9ce7_X5257_spw0,HD61005_B10,10,976562.5,360,1768,3386.5,144,7.3,12m,3,10,0.21228427619918425,1615,3999.5472,6.331,1615,4143.732,18.44,True,True
A002_X11d9ce7_X5257_spw0,HD61005_B10,10,976562.5,360,1768,3386.5,144,7.3,12m,3,11,0.22985958947290994,762,-9409.6392,3.467,763,1836.7752,18.44,False,False
A002_X11d9ce7_X5257_spw0,HD61005_B10,10,976562.5,360,1768,3386.5,144,7.3,12m,3,12,0.2121794954819941,1684,971.6664,3.484,1684,827.4816,18.44,True,False
A002_X11d9ce7_X5257_spw0,HD61005_B10,10,976562.5,360,1768,3386.5,144,7.3,12m,3,13,0.20964265821433964,1469,4432.1016,3.78,1469,4432.1016,18.44,True,False
A002_X11d9ce7_X5257_spw0,HD61005_B10,10,976562.5,360,1768,3386.5,144,7.3,12m,3,14,0.20282196344294626,766,2269.3296,4.595,766,2269.3296,18.44,True,False
A002_X11d9ce7_X5257_spw0,HD61005_B10,10,976562.5,360,1768,3386.5,144,7.3,12m,3,15,0.24457027972360768,639,3422.808,17.794,639,-2488.7688,18.424,False,True
A002_X11d9ce7_X5257_spw0,HD61005_B10,10,976562.5,360,1768,3386.5,144,7.3,12m,4,0,0.32820680427545856,393,-1191.1056,5.047,392,-4363.1712,18.44,False,True
A002_X11d9ce7_X5257_spw0,HD61005_B10,10,976562.5,360,1768,3386.5,144,7.3,12m,4,1,0.3024205301546877,630,-1767.8448,16.901,631,-5516.6496,18.418,False,True
A002_X11d9ce7_X5257_spw0,HD61005_B10,10,976562.5,360,1768,3386.5,144,7.3,12m,4,2,0.31736503885620054,300,-2200.3992,6.398,299,-5805.0192,18.44,False,True
A002_X11d9ce7_X5257_spw0,HD61005_B10,10,976562.5,360,1768,3386.5,144,7.3,12m,4,3,0.3072876499693613,883,827.4816,4.204,882,539.112,18.44,False,False
A002_X11d9ce7_X5257_spw0,HD61005_B10,10,976562.5,360,1768,3386.5,144,7.3,12m,4,4,0.31972245689200435,206,7459.9825,4.939,206,7604.1673,18.44,True,False
A002_X11d9ce7_X5257_spw0,HD61005_B10,10,976562.5,360,1768,3386.5,144,7.3,12m,4,5,0.30633734205232654,1564,-1623.66,3.623,1564,-1767.8448,18.44,True,False
A002_X11d9ce7_X5257_spw0,HD61005_B10,10,976562.5,360,1768,3386.5,144,7.3,12m,4,6,0.33715515538231533,228,-4939.9104,4.283,228,-4939.9104,18.44,True,False
A002_X11d9ce7_X5257_spw0,HD61005_B10,10,976562.5,360,1768,3386.5,144,7.3,12m,4,7,0.3475028128200362,125,-5516.6496,4.403,125,-6093.3888,18.44,False,False
A002_X11d9ce7_X5257_spw0,HD61005_B10,10,976562.5,360,1768,3386.5,144,7.3,12m,4,8,0.3164765252353989,1391,-1479.4752,5.716,1391,971.6664,18.44,False,True
A002_X11d9ce7_X5257_spw0,HD61005_B10,10,976562.5,360,1768,3386.5,144,7.3,12m,4,9,0.32155617809621606,260,-3642.2472,2.38,261,-1191.1056,18.44,False,False
A002_X11d9ce7_X5257_spw0,HD61005_B10,10,976562.5,360,1768,3386.5,144,7.3,12m,4,10,0.30742374310063353,407,5297.2104,3.862,407,5297.2104,18.44,True,False
A002_X11d9ce7_X5257_spw0,HD61005_B10,10,976562.5,360,1768,3386.5,144,7.3,12m,4,11,0.28263784091921995,1632,9478.5697,5.33,1632,9478.5697,18.44,True,True
A002_X11d9ce7_X5257_spw0,HD61005_B10,10,976562.5,360,1768,3386.5,144,7.3,12m,4,12,0.33937196102296757,160,-9409.6392,5.19,160,-9409.6392,18.44,True,True
A002_X11d9ce7_X5257_spw0,HD61005_B10,10,976562.5,360,1768,3386.5,144,7.3,12m,4,13,0.29815742203147944,1168,3278.6232,4.087,1168,3278.6232,18.44,True,False
A002_X11d9ce7_X5257_spw0,HD61005_B10,10,976562.5,360,1768,3386.5,144,7.3,12m,4,14,0.3139030088344564,188,-6525.9432,4.764,188,-6525.9432,18.44,True,False
A002_X11d9ce7_X5257_spw0,HD61005_B10,10,976562.5,360,1768,3386.5,144,7.3,12m,4,15,0.31324871942014715,1051,1836.7752,2.662,1051,-7679.4216,18.44,False,False
A002_X11d9ce7_X5257_spw0,HD61005_B10,10,976562.5,360,1768,3386.5,144,7.3,12m,5,0,0.4135587463076527,503,9334.3849,4.401,503,9334.3849,18.44,True,False
A002_X11d9ce7_X5257_spw0,HD61005_B10,10,976562.5,360,1768,3386.5,144,7.3,12m,5,1,0.3814924340642826,761,-2777.1384,5.031,762,-2344.584,18.44,False,True
A002_X11d9ce7_X5257_spw0,HD61005_B10,10,976562.5,360,1768,3386.5,144,7.3,12m,5,2,0.42367503790495453,600,-6814.3128,6.103,600,-6814.3128,18.35,True,True
A002_X11d9ce7_X5257_spw0,HD61005_B10,10,976562.5,360,1768,3386.5,144,7.3,12m,5,3,0.36331151499129394,1422,-1479.4752,5.503,1422,-1479.4752,18.44,True,True
A002_X11d9ce7_X5257_spw0,HD61005_B10,10,976562.5,360,1768,3386.5,144,7.3,12m,5,4,0.3401211381367769,1371,-8256.1608,3.867,1371,-8400.3456,18.44,True,False
A002_X11d9ce7_X5257_spw0,HD61005_B10,10,976562.5,360,1768,3386.5,144,7.3,12m,5,5,0.39857852907305863,1392,-9121.2696,5.271,1391,971.6664,18.44,False,True
A002_X11d9ce7_X5257_spw0,HD61005_B10,10,976562.5,360,1768,3386.5,144,7.3,12m,5,6,0.36724876633703984,1573,-1912.0296,4.235,1573,-1912.0296,18.44,True,False
A002_X11d9ce7_X5257_spw0,HD61005_B10,10,976562.5,360,1768,3386.5,144,7.3,12m,5,7,0.40094448347182604,758,4720.4712,5.3,758,4720.4712,18.44,True,True
A002_X11d9ce7_X5257_spw0,HD61005_B10,10,976562.5,360,1768,3386.5,144,7.3,12m,5,8,0.36222634254774533,829,-8544.5304,5.915,829,-8544.5304,18.44,True,True
A002_X11d9ce7_X5257_spw0,HD61005_B10,10,976562.5,360,1768,3386.5,144,7.3,12m,5,9,0.3852283618144818,1514,-3353.8776,4.651,1514,-3209.6928,18.44,True,False
A002_X11d9ce7_X5257_spw0,HD61005_B10,10,976562.5,360,1768,3386.5,144,7.3,12m,5,10,0.39339467091222985,1031,-8256.1608,5.771,1031,-8256.1608,18.44,True,True
A002_X11d9ce7_X5257_spw0,HD61005_B10,10,976562.5,360,1768,3386.5,144,7.3,12m,5,11,0.3964791185237366,822,5873.9496,5.404,822,5873.9496,18.44,True,True
A002_X11d9ce7_X5257_spw0,HD61005_B10,10,976562.5,360,1768,3386.5,144,7.3,12m,5,12,0.4130773712358308,556,6739.0585,6.604,555,10343.6785,18.44,False,True
A002_X11d9ce7_X5257_spw0,HD61005_B10,10,976562.5,360,1768,3386.5,144,7.3,12m,5,13,0.41204385759649864,898,-7535.2368,4.638,898,-7535.2368,18.44,True,False
A002_X11d9ce7_X5257_spw0,HD61005_B10,10,976562.5,360,1768,3386.5,144,7.3,12m,5,14,0.3599070792594048,751,1692.5904,5.093,751,1692.5904,18.44,True,True
A002_X11d9ce7_X5257_spw0,HD61005_B10,10,976562.5,360,1768,3386.5,144,7.3,12m,5,15,0.3576987915481866,802,971.6664,4.745,803,-7967.7912,18.44,False,False
A002_X11d9ce7_X5257_spw0,HD61005_B10,10,976562.5,360,1768,3386.5,144,7.3,12m,6,0,0.45640041308320384,1042,1980.96,5.161,1042,1980.96,18.44,True,True
A002_X11d9ce7_X5257_spw0,HD61005_B10,10,976562.5,360,1768,3386.5,144,7.3,12m,6,1,0.4684801977705006,1669,-3209.6928,6.161,1669,-3209.6928,18.44,True,True
A002_X11d9ce7_X5257_spw0,HD61005_B10,10,976562.5,360,1768,3386.5,144,7.3,12m,6,2,0.4748100388682555,712,10055.3089,6.97,712,10055.3089,18.408,True,True
A002_X11d9ce7_X5257_spw0,HD61005_B10,10,976562.5,360,1768,3386.5,144,7.3,12m,6,3,0.4492255492855444,967,-6814.3128,6.591,967,-6814.3128,18.44,True,True
A002_X11d9ce7_X5257_spw0,HD61005_B10,10,976562.5,360,1768,3386.5,144,7.3,12m,6,4,0.4468791758785398,1601,-3642.2472,6.562,1601,-3642.2472,18.44,True,True
A002_X11d9ce7_X5257_spw0,HD61005_B10,10,976562.5,360,1768,3386.5,144,7.3,12m,6,5,0.42201698395312726,1339,8036.7217,13.464,1339,1692.5904,18.44,False,True
A002_X11d9ce7_X5257_spw0,HD61005_B10,10,976562.5,360,1768,3386.5,144,7.3,12m,6,6,0.5127604004172216,308,8036.7217,5.838,308,8036.7217,18.44,True,True
A002_X11d9ce7_X5257_spw0,HD61005_B10,10,976562.5,360,1768,3386.5,144,7.3,12m,6,7,0.39624305623792344,1321,-758.5512,6.941,1321,-758.5512,18.44,True,True
A002_X11d9ce7_X5257_spw0,HD61005_B10,10,976562.5,360,1768,3386.5,144,7.3,12m,6,8,0.46277741012211376,797,5153.0256,4.372,797,5153.0256,18.44,True,False
A002_X11d9ce7_X5257_spw0,HD61005_B10,10,976562.5,360,1768,3386.5,144,7.3,12m,6,9,0.48436124642655126,653,-1912.0296,17.416,652,2125.1448,18.58,False,True
A002_X11d9ce7_X5257_spw0,HD61005_B10,10,976562.5,360,1768,3386.5,144,7.3,12m,6,10,0.43432558607988336,1594,-5228.28,6.067,1594,-5228.28,18.44,True,True
A002_X11d9ce7_X5257_spw0,HD61005_B10,10,976562.5,360,1768,3386.5,144,7.3,12m,6,11,0.44501375811635635,1592,4864.656,6.029,1592,4864.656,18.44,True,True
A002_X11d9ce7_X5257_spw0,HD61005_B10,10,976562.5,360,1768,3386.5,144,7.3,12m,6,12,0.4615584193225957,1223,10199.4937,5.842,1223,10199.4937,18.44,True,True
A002_X11d9ce7_X5257_spw0,HD61005_B10,10,976562.5,360,1768,3386.5,144,7.3,12m,6,13,0.5105756065852317,1517,-8688.7152,5.319,1517,-8688.7152,18.44,True,True
A002_X11d9ce7_X5257_spw0,HD61005_B10,10,976562.5,360,1768,3386.5,144,7.3,12m,6,14,0.4700360198002033,1220,8036.7217,7.264,1220,8036.7217,18.44,True,True
A002_X11d9ce7_X5257_spw0,HD61005_B10,10,976562.5,360,1768,3386.5,144,7.3,12m,6,15,0.46575400746654233,1183,3999.5472,5.704,1183,3999.5472,18.44,True,True
A002_X11d9ce7_X5257_spw0,HD61005_B10,10,976562.5,360,1768,3386.5,144,7.3,12m,7,0,0.5389681755682919,1227,-7967.7912,5.972,1227,-7967.7912,18.44,True,True
A002_X11d9ce7_X5257_spw0,HD61005_B10,10,976562.5,360,1768,3386.5,144,7.3,12m,7,1,0.5897284018835897,252,-8544.5304,7.55,252,-8544.5304,18.44,True,True
A002_X11d9ce7_X5257_spw0,HD61005_B10,10,976562.5,360,1768,3386.5,144,7.3,12m,7,2,0.5053025884326406,346,5729.7648,8.624,346,5729.7648,18.44,True,True
A002_X11d9ce7_X5257_spw0,HD61005_B10,10,976562.5,360,1768,3386.5,144,7.3,12m,7,3,0.5461574953254357,1680,10343.6785,7.742,1680,10343.6785,18.44,True,True
A002_X11d9ce7_X5257_spw0,HD61005_B10,10,976562.5,360,1768,3386.5,144,7.3,12m,7,4,0.5194683239341216,1681,9046.0153,5.582,1681,9190.2001,18.44,True,True
A002_X11d9ce7_X5257_spw0,HD61005_B10,10,976562.5,360,1768,3386.5,144,7.3,12m,7,5,0.5493393611446897,644,-9553.824,17.511,645,-470.1816,18.403,False,True
A002_X11d9ce7_X5257_spw0,HD61005_B10,10,976562.5,360,1768,3386.5,144,7.3,12m,7,6,0.5497416462886714,224,-758.5512,8.446,224,-758.5512,18.44,True,True
A002_X11d9ce7_X5257_spw0,HD61005_B10,10,976562.5,360,1768,3386.5,144,7.3,12m,7,7,0.6035005822906081,1600,-6670.128,6.756,1600,-6670.128,18.44,True,True
A002_X11d9ce7_X5257_spw0,HD61005_B10,10,976562.5,360,1768,3386.5,144,7.3,12m,7,8,0.506077755018477,579,-8544.5304,7.683,579,-8544.5304,18.37,True,True
A002_X11d9ce7_X5257_spw0,HD61005_B10,10,976562.5,360,1768,3386.5,144,7.3,12m,7,9,0.5812196726315715,635,-8400.3456,17.016,636,-3786.432,18.405,False,True
A002_X11d9ce7_X5257_spw0,HD61005_B10,10,976562.5,360,1768,3386.5,144,7.3,12m,7,10,0.517860907462722,748,-4795.7256,6.989,748,-4795.7256,18.44,True,True
A002_X11d9ce7_X5257_spw0,HD61005_B10,10,976562.5,360,1768,3386.5,144,7.3,12m,7,11,0.6062634036219212,93,2701.884,6.484,93,3566.9928,18.44,False,True
A002_X11d9ce7_X5257_spw0,HD61005_B10,10,976562.5,360,1768,3386.5,144,7.3,12m,7,12,0.5546928751063405,1362,250.7424,6.688,1362,250.7424,18.44,True,True
A002_X11d9ce7_X5257_spw0,HD61005_B10,10,976562.5,360,1768,3386.5,144,7.3,12m,7,13,0.6155329374174938,105,-4074.8016,6.665,105,-4074.8016,18.44,True,True
A002_X11d9ce7_X5257_spw0,HD61005_B10,10,976562.5,360,1768,3386.5,144,7.3,12m,7,14,0.5485218496741076,1363,-5805.0192,6.803,1363,-5805.0192,18.44,True,True
A002_X11d9ce7_X5257_spw0,HD61005_B10,10,976562.5,360,1768,3386.5,144,7.3,12m,7,15,0.6139122113540787,415,1548.4056,7.009,415,1548.4056,18.44,True,True
A002_X11d9ce7_X5257_spw0,HD61005_B10,10,976562.5,360,1768,3386.5,144,7.3,12m,8,0,0.6103951448574215,634,-1623.66,18.045,633,-4795.7256,18.54,False,True
A002_X11d9ce7_X5257_spw0,HD61005_B10,10,976562.5,360,1768,3386.5,144,7.3,12m,8,1,0.6096805800882605,578,4576.2864,7.141,578,4576.2864,18.44,True,True
A002_X11d9ce7_X5257_spw0,HD61005_B10,10,976562.5,360,1768,3386.5,144,7.3,12m,8,2,0.6235071105742167,899,8180.9065,7.79,899,8180.9065,18.44,True,True
A002_X11d9ce7_X5257_spw0,HD61005_B10,10,976562.5,360,1768,3386.5,144,7.3,12m,8,3,0.6264249243638462,897,1404.2208,9.39,897,1404.2208,18.44,True,True
A002_X11d9ce7_X5257_spw0,HD61005_B10,10,976562.5,360,1768,3386.5,144,7.3,12m,8,4,0.5925987741750243,1371,3999.5472,8.546,1371,3999.5472,18.44,True,True
A002_X11d9ce7_X5257_spw0,HD61005_B10,10,976562.5,360,1768,3386.5,144,7.3,12m,8,5,0.6341703421741721,1492,-10130.5632,7.346,1492,-10130.5632,18.44,True,True
A002_X11d9ce7_X5257_spw0,HD61005_B10,10,976562.5,360,1768,3386.5,144,7.3,12m,8,6,0.6026828896681473,798,-4795.7256,8.252,798,-4795.7256,18.44,True,True
A002_X11d9ce7_X5257_spw0,HD61005_B10,10,976562.5,360,1768,3386.5,144,7.3,12m,8,7,0.6106671714496966,244,9190.2001,8.476,244,9190.2001,18.44,True,True
A002_X11d9ce7_X5257_spw0,HD61005_B10,10,976562.5,360,1768,3386.5,144,7.3,12m,8,8,0.6603191872016662,383,6018.1344,7.79,383,6018.1344,18.44,True,True
A002_X11d9ce7_X5257_spw0,HD61005_B10,10,976562.5,360,1768,3386.5,144,7.3,12m,8,9,0.706107155024887,939,6162.3193,8.839,939,6162.3193,18.44,True,True
A002_X11d9ce7_X5257_spw0,HD61005_B10,10,976562.5,360,1768,3386.5,144,7.3,12m,8,10,0.6262668361540634,919,3422.808,7.697,919,3422.808,18.44,True,True
A002_X11d9ce7_X5257_spw0,HD61005_B10,10,976562.5,360,1768,3386.5,144,7.3,12m,8,11,0.6140675287557484,556,5153.0256,7.968,556,5153.0256,18.44,True,True
A002_X11d9ce7_X5257_spw0,HD61005_B10,10,976562.5,360,1768,3386.5,144,7.3,12m,8,12,0.5649906391350404,930,-5805.0192,8.813,930,-5805.0192,18.44,True,True
A002_X11d9ce7_X5257_spw0,HD61005_B10,10,976562.5,360,1768,3386.5,144,7.3,12m,8,13,0.6374688812839465,92,-9265.4544,9.052,92,-9265.4544,18.44,True,True
A002_X11d9ce7_X5257_spw0,HD61005_B10,10,976562.5,360,1768,3386.5,144,7.3,12m,8,14,0.6413104137232406,607,8469.2761,7.429,607,8469.2761,18.422,True,True
A002_X11d9ce7_X5257_spw0,HD61005_B10,10,976562.5,360,1768,3386.5,144,7.3,12m,8,15,0.614420705645193,1191,-5228.28,8.0,1191,-5228.28,18.44,True,True
A002_X11d9ce7_X5257_spw0,HD61005_B10,10,976562.5,360,1768,3386.5,144,7.3,12m,10,0,0.9202920180865445,272,-6381.7584,9.297,272,-6381.7584,18.44,True,True
A002_X11d9ce7_X5257_spw0,HD61005_B10,10,976562.5,360,1768,3386.5,144,7.3,12m,10,1,0.7629932044026478,501,-10130.5632,11.247,501,-10130.5632,18.44,True,True
A002_X11d9ce7_X5257_spw0,HD61005_B10,10,976562.5,360,1768,3386.5,144,7.3,12m,10,2,0.7646114024460505,623,-3209.6928,17.356,623,-8688.7152,18.407,False,True
A002_X11d9ce7_X5257_spw0,HD61005_B10,10,976562.5,360,1768,3386.5,144,7.3,12m,10,3,0.7932560957789531,452,2413.5144,11.868,452,2413.5144,18.44,True,True
A002_X11d9ce7_X5257_spw0,HD61005_B10,10,976562.5,360,1768,3386.5,144,7.3,12m,10,4,0.7726152310978646,1279,5873.9496,10.036,1279,5873.9496,18.44,True,True
A002_X11d9ce7_X5257_spw0,HD61005_B10,10,976562.5,360,1768,3386.5,144,7.3,12m,10,5,0.7276167104143432,763,1836.7752,13.347,763,1836.7752,18.44,True,True
A002_X11d9ce7_X5257_spw0,HD61005_B10,10,976562.5,360,1768,3386.5,144,7.3,12m,10,6,0.7563607992707012,1695,9622.7545,9.926,1695,9622.7545,18.44,True,True
A002_X11d9ce7_X5257_spw0,HD61005_B10,10,976562.5,360,1768,3386.5,144,7.3,12m,10,7,0.7879221801369288,999,-1046.9208,9.339,999,-1046.9208,18.44,True,True
A002_X11d9ce7_X5257_spw0,HD61005_B10,10,976562.5,360,1768,3386.5,144,7.3,12m,10,8,0.7669348107005489,1535,-1623.66,11.456,1535,-1623.66,18.44,True,True
A002_X11d9ce7_X5257_spw0,HD61005_B10,10,976562.5,360,1768,3386.5,144,7.3,12m,10,9,0.9033689122674899,72,-1191.1056,9.525,72,-1191.1056,18.44,True,True
A002_X11d9ce7_X5257_spw0,HD61005_B10,10,976562.5,360,1768,3386.5,144,7.3,12m,10,10,0.7268105458775933,610,5297.2104,10.051,610,5297.2104,18.404,True,True
A002_X11d9ce7_X5257_spw0,HD61005_B10,10,976562.5,360,1768,3386.5,144,7.3,12m,10,11,0.7591264403517514,831,-8688.7152,9.206,831,-8688.7152,18.44,True,True
A002_X11d9ce7_X5257_spw0,HD61005_B10,10,976562.5,360,1768,3386.5,144,7.3,12m,10,12,0.8046424401627447,334,2125.1448,9.688,334,2125.1448,18.44,True,True
A002_X11d9ce7_X5257_spw0,HD61005_B10,10,976562.5,360,1768,3386.5,144,7.3,12m,10,13,0.8746622930524943,70,7892.5369,10.714,70,7892.5369,18.44,True,True
A002_X11d9ce7_X5257_spw0,HD61005_B10,10,976562.5,360,1768,3386.5,144,7.3,12m,10,14,0.726835762200062,912,-2777.1384,8.879,912,-2777.1384,18.44,True,True
A002_X11d9ce7_X5257_spw0,HD61005_B10,10,976562.5,360,1768,3386.5,144,7.3,12m,10,15,0.7466481550649907,407,-4363.1712,9.946,407,-4363.1712,18.44,True,True
A002_X11d9ce7_X5257_spw0,HD61005_B10,10,976562.5,360,1768,3386.5,144,7.3,12m,12,0,0.9734581922278798,456,-5372.4648,10.811,456,-5372.4648,18.44,True,True
A002_X11d9ce7_X5257_spw0,HD61005_B10,10,976562.5,360,1768,3386.5,144,7.3,12m,12,1,0.9403204654382825,944,3999.5472,13.5,944,3999.5472,18.44,True,True
A002_X11d9ce7_X5257_spw0,HD61005_B10,10,976562.5,360,1768,3386.5,144,7.3,12m,12,2,0.9352390656316001,1613,106.5576,10.862,1613,-37.6272,18.44,True,True
A002_X11d9ce7_X5257_spw0,HD61005_B10,10,976562.5,360,1768,3386.5,144,7.3,12m,12,3,1.0254033466898071,279,-2921.3232,12.749,279,-2921.3232,18.44,True,True
A002_X11d9ce7_X5257_spw0,HD61005_B10,10,976562.5,360,1768,3386.5,144,7.3,12m,12,4,0.9162149987677888,1228,-7391.052,9.654,1228,-7391.052,18.44,True,True
A002_X11d9ce7_X5257_spw0,HD61005_B10,10,976562.5,360,1768,3386.5,144,7.3,12m,12,5,0.890776753510952,1178,-4507.356,12.182,1178,-4507.356,18.44,True,True
A002_X11d9ce7_X5257_spw0,HD61005_B10,10,976562.5,360,1768,3386.5,144,7.3,12m,12,6,0.9160424298085571,1354,-7679.4216,12.832,1354,-7679.4216,18.44,True,True
A002_X11d9ce7_X5257_spw0,HD61005_B10,10,976562.5,360,1768,3386.5,144,7.3,12m,12,7,1.0121048151594336,407,-8832.9,11.078,407,-8832.9,18.44,True,True
A002_X11d9ce7_X5257_spw0,HD61005_B10,10,976562.5,360,1768,3386.5,144,7.3,12m,12,8,0.925056246617526,472,8469.2761,14.268,472,8469.2761,18.44,True,True
A002_X11d9ce7_X5257_spw0,HD61005_B10,10,976562.5,360,1768,3386.5,144,7.3,12m,12,9,1.0048590071987447,316,-10130.5632,12.392,316,-10130.5632,18.44,True,True
A002_X11d9ce7_X5257_spw0,HD61005_B10,10,976562.5,360,1768,3386.5,144,7.3,12m,12,10,0.9894082803147212,1558,-3353.8776,10.879,1558,-3353.8776,18.44,True,True
A002_X11d9ce7_X5257_spw0,HD61005_B10,10,976562.5,360,1768,3386.5,144,7.3,12m,12,11,0.9221918540621901,895,4287.9168,12.5,895,4287.9168,18.44,True,True
A002_X11d9ce7_X5257_spw0,HD61005_B10,10,976562.5,360,1768,3386.5,144,7.3,12m,12,12,0.9801461872234574,1155,9622.7545,11.726,1155,9622.7545,18.44,True,True
A002_X11d9ce7_X5257_spw0,HD61005_B10,10,976562.5,360,1768,3386.5,144,7.3,12m,12,13,0.8484435711188163,1438,5441.3952,12.039,1438,5441.3952,18.44,True,True
A002_X11d9ce7_X5257_spw0,HD61005_B10,10,976562.5,360,1768,3386.5,144,7.3,12m,12,14,1.0492205816575966,189,-8256.1608,11.24,189,-8256.1608,18.44,True,True
A002_X11d9ce7_X5257_spw0,HD61005_B10,10,976562.5,360,1768,3386.5,144,7.3,12m,12,15,0.9296367148068493,674,-3209.6928,17.559,674,10343.6785,18.268,False,True
A002_X11d9ce7_X5257_spw0,HD61005_B10,10,976562.5,360,1768,3386.5,144,7.3,12m,15,0,1.2227320386204439,817,2701.884,14.27,817,2701.884,18.44,True,True
A002_X11d9ce7_X5257_spw0,HD61005_B10,10,976562.5,360,1768,3386.5,144,7.3,12m,15,1,1.0465549860793448,1257,7604.1673,15.51,1257,7604.1673,18.44,True,True
A002_X11d9ce7_X5257_spw0,HD61005_B10,10,976562.5,360,1768,3386.5,144,7.3,12m,15,2,1.1457510463758485,301,4287.9168,11.752,301,4287.9168,18.44,True,True
A002_X11d9ce7_X5257_spw0,HD61005_B10,10,976562.5,360,1768,3386.5,144,7.3,12m,15,3,1.1594557761453674,302,-2344.584,12.599,302,-2344.584,18.44,True,True
A002_X11d9ce7_X5257_spw0,HD61005_B10,10,976562.5,360,1768,3386.5,144,7.3,12m,15,4,1.1240173673256924,1148,2990.2536,14.003,1148,2990.2536,18.44,True,True
A002_X11d9ce7_X5257_spw0,HD61005_B10,10,976562.5,360,1768,3386.5,144,7.3,12m,15,5,1.1606574024688574,1651,9334.3849,15.59,1651,9334.3849,18.44,True,True
A002_X11d9ce7_X5257_spw0,HD61005_B10,10,976562.5,360,1768,3386.5,144,7.3,12m,15,6,1.1787786051738933,685,-9842.1936,15.662,685,-9842.1936,18.388,True,True
A002_X11d9ce7_X5257_spw0,HD61005_B10,10,976562.5,360,1768,3386.5,144,7.3,12m,15,7,1.0496087138212726,903,8180.9065,14.161,903,8180.9065,18.44,True,True
A002_X11d9ce7_X5257_spw0,HD61005_B10,10,976562.5,360,1768,3386.5,144,7.3,12m,15,8,0.9681464121070599,997,6306.5041,15.009,997,6306.5041,18.44,True,True
A002_X11d9ce7_X5257_spw0,HD61005_B10,10,976562.5,360,1768,3386.5,144,7.3,12m,15,9,1.06966351029791,1193,2125.1448,17.194,1193,2125.1448,18.44,True,True
A002_X11d9ce7_X5257_spw0,HD61005_B10,10,976562.5,360,1768,3386.5,144,7.3,12m,15,10,1.13006130270659,1364,-2488.7688,14.881,1364,-2488.7688,18.44,True,True
A002_X11d9ce7_X5257_spw0,HD61005_B10,10,976562.5,360,1768,3386.5,144,7.3,12m,15,11,1.1179462034677086,1408,4720.4712,15.516,1408,4720.4712,18.44,True,True
A002_X11d9ce7_X5257_spw0,HD61005_B10,10,976562.5,360,1768,3386.5,144,7.3,12m,15,12,1.2833257524896453,1110,-1479.4752,14.925,1110,-1479.4752,18.44,True,True
A002_X11d9ce7_X5257_spw0,HD61005_B10,10,976562.5,360,1768,3386.5,144,7.3,12m,15,13,1.0684746943292054,512,9190.2001,19.362,512,9190.2001,19.362,True,True
A002_X11d9ce7_X5257_spw0,HD61005_B10,10,976562.5,360,1768,3386.5,144,7.3,12m,15,14,1.2528078545723074,362,-9698.0088,14.014,362,-9698.0088,18.44,True,True
A002_X11d9ce7_X5257_spw0,HD61005_B10,10,976562.5,360,1768,3386.5,144,7.3,12m,15,15,1.1949311859617957,372,-758.5512,15.909,372,-758.5512,18.44,True,True
A002_Xf5d76d_X32f1_spw3,bet_Pic_B3,3,244140.625,200,3534,1284.2,31,54.5,ACA,3,0,0.025168905515419518,2274,-812.7895,2.624,2274,-812.7895,17.482,True,False
A002_Xf5d76d_X32f1_spw3,bet_Pic_B3,3,244140.625,200,3534,1284.2,31,54.5,ACA,3,1,0.02436677842338954,3143,-52.3405,3.751,3143,-52.3405,17.482,True,False
A002_Xf5d76d_X32f1_spw3,bet_Pic_B3,3,244140.625,200,3534,1284.2,31,54.5,ACA,3,2,0.019675173502264137,66,803.1646,2.114,65,-337.5089,17.482,False,False
A002_Xf5d76d_X32f1_spw3,bet_Pic_B3,3,244140.625,200,3534,1284.2,31,54.5,ACA,3,3,0.022685702053082058,2034,1278.4452,1.945,2034,1278.4452,17.482,True,False
A002_Xf5d76d_X32f1_spw3,bet_Pic_B3,3,244140.625,200,3534,1284.2,31,54.5,ACA,3,4,0.020696165782534064,1113,422.9401,4.867,1113,422.9401,17.482,True,False
A002_Xf5d76d_X32f1_spw3,bet_Pic_B3,3,244140.625,200,3534,1284.2,31,54.5,ACA,3,5,0.019859320615399773,2844,327.884,5.989,2844,327.884,17.482,True,True
A002_Xf5d76d_X32f1_spw3,bet_Pic_B3,3,244140.625,200,3534,1284.2,31,54.5,ACA,3,6,0.023365859067884843,2866,517.9962,2.895,2866,517.9962,17.482,True,False
A002_Xf5d76d_X32f1_spw3,bet_Pic_B3,3,244140.625,200,3534,1284.2,31,54.5,ACA,3,7,0.02377623919071974,2473,-432.565,3.471,2473,327.884,17.482,False,False
A002_Xf5d76d_X32f1_spw3,bet_Pic_B3,3,244140.625,200,3534,1284.2,31,54.5,ACA,3,8,0.0240463668195503,2298,-717.7334,3.573,2298,-717.7334,17.482,True,False
A002_Xf5d76d_X32f1_spw3,bet_Pic_B3,3,244140.625,200,3534,1284.2,31,54.5,ACA,3,9,0.020742521691116088,1153,-527.6212,5.062,1153,-527.6212,17.482,True,True
A002_Xf5d76d_X32f1_spw3,bet_Pic_B3,3,244140.625,200,3534,1284.2,31,54.5,ACA,3,10,0.021431796690928217,2869,708.1084,4.886,2870,232.8278,17.482,False,False
A002_Xf5d76d_X32f1_spw3,bet_Pic_B3,3,244140.625,200,3534,1284.2,31,54.5,ACA,3,11,0.021898237300989033,1199,-52.3405,2.938,1199,-52.3405,17.482,True,False
A002_Xf5d76d_X32f1_spw3,bet_Pic_B3,3,244140.625,200,3534,1284.2,31,54.5,ACA,3,12,0.018375600355325542,2842,1468.5574,4.341,2843,1183.3891,17.482,False,False
A002_Xf5d76d_X32f1_spw3,bet_Pic_B3,3,244140.625,200,3534,1284.2,31,54.5,ACA,3,13,0.021030500686406946,2277,613.0523,3.241,2277,613.0523,17.482,True,False
A002_Xf5d76d_X32f1_spw3,bet_Pic_B3,3,244140.625,200,3534,1284.2,31,54.5,ACA,3,14,0.019302177731429743,535,517.9962,5.911,535,708.1084,17.482,False,True
A002_Xf5d76d_X32f1_spw3,bet_Pic_B3,3,244140.625,200,3534,1284.2,31,54.5,ACA,3,15,0.024182493518112757,3070,327.884,3.016,3070,327.884,17.482,True,False
A002_Xf5d76d_X32f1_spw3,bet_Pic_B3,3,244140.625,200,3534,1284.2,31,54.5,ACA,4,0,0.030656419815741395,2097,137.7717,4.054,2097,137.7717,17.482,True,False
A002_Xf5d76d_X32f1_spw3,bet_Pic_B3,3,244140.625,200,3534,1284.2,31,54.5,ACA,4,1,0.032171074405046074,2024,803.1646,5.253,2024,803.1646,17.482,True,True
A002_Xf5d76d_X32f1_spw3,bet_Pic_B3,3,244140.625,200,3534,1284.2,31,54.5,ACA,4,2,0.02825340245784926,466,422.9401,4.986,465,-1097.9579,17.482,False,False
A002_Xf5d76d_X32f1_spw3,bet_Pic_B3,3,244140.625,200,3534,1284.2,31,54.5,ACA,4,3,0.024399107804489787,1013,137.7717,3.547,1013,-52.3405,17.482,False,False
A002_Xf5d76d_X32f1_spw3,bet_Pic_B3,3,244140.625,200,3534,1284.2,31,54.5,ACA,4,4,0.029161132846226755,1943,517.9962,5.006,1943,517.9962,17.482,True,True
A002_Xf5d76d_X32f1_spw3,bet_Pic_B3,3,244140.625,200,3534,1284.2,31,54.5,ACA,4,5,0.029110341011442976,1871,803.1646,4.354,1871,803.1646,17.482,True,False
A002_Xf5d76d_X32f1_spw3,bet_Pic_B3,3,244140.625,200,3534,1284.2,31,54.5,ACA,4,6,0.02953453944658088,530,1468.5574,4.712,530,1468.5574,17.482,True,False
A002_Xf5d76d_X32f1_spw3,bet_Pic_B3,3,244140.625,200,3534,1284.2,31,54.5,ACA,4,7,0.03570044761066065,3063,993.2768,4.93,3063,993.2768,17.482,True,False
A002_Xf5d76d_X32f1_spw3,bet_Pic_B3,3,244140.625,200,3534,1284.2,31,54.5,ACA,4,8,0.029515891862925834,2147,1278.4452,3.413,2147,1278.4452,17.482,True,False
A002_Xf5d76d_X32f1_spw3,bet_Pic_B3,3,244140.625,200,3534,1284.2,31,54.5,ACA,4,9,0.031924447716413284,3080,327.884,5.758,3080,327.884,17.482,True,True
A002_Xf5d76d_X32f1_spw3,bet_Pic_B3,3,244140.625,200,3534,1284.2,31,54.5,ACA,4,10,0.026952098111183695,1212,-907.8456,4.65,1211,-622.6773,17.482,False,False
A002_Xf5d76d_X32f1_spw3,bet_Pic_B3,3,244140.625,200,3534,1284.2,31,54.5,ACA,4,11,0.031262197423576145,2678,137.7717,3.614,2678,137.7717,17.482,True,False
A002_Xf5d76d_X32f1_spw3,bet_Pic_B3,3,244140.625,200,3534,1284.2,31,54.5,ACA,4,12,0.031536170284038975,2682,-337.5089,3.218,2682,-337.5089,17.482,True,False
A002_Xf5d76d_X32f1_spw3,bet_Pic_B3,3,244140.625,200,3534,1284.2,31,54.5,ACA,4,13,0.02893312478563082,526,708.1084,4.94,526,708.1084,17.482,True,False
A002_Xf5d76d_X32f1_spw3,bet_Pic_B3,3,244140.625,200,3534,1284.2,31,54.5,ACA,4,14,0.028598873176284366,1946,993.2768,3.902,1946,993.2768,17.482,True,False
A002_Xf5d76d_X32f1_spw3,bet_Pic_B3,3,244140.625,200,3534,1284.2,31,54.5,ACA,4,15,0.02870106147625609,731,-622.6773,5.134,731,-622.6773,17.342,True,True
A002_Xf5d76d_X32f1_spw3,bet_Pic_B3,3,244140.625,200,3534,1284.2,31,54.5,ACA,5,0,0.03709001124964769,1668,-527.6212,4.141,1668,-527.6212,17.482,True,False
A002_Xf5d76d_X32f1_spw3,bet_Pic_B3,3,244140.625,200,3534,1284.2,31,54.5,ACA,5,1,0.03208678434945661,1795,-52.3405,5.097,1795,-52.3405,17.482,True,True
A002_Xf5d76d_X32f1_spw3,bet_Pic_B3,3,244140.625,200,3534,1284.2,31,54.5,ACA,5,2,0.031295883360386585,691,-622.6773,4.475,691,-622.6773,17.477,True,False
A002_Xf5d76d_X32f1_spw3,bet_Pic_B3,3,244140.625,200,3534,1284.2,31,54.5,ACA,5,3,0.03011876228737037,963,42.7156,5.672,964,-812.7895,17.482,False,True
A002_Xf5d76d_X32f1_spw3,bet_Pic_B3,3,244140.625,200,3534,1284.2,31,54.5,ACA,5,4,0.04412503800115798,2376,-147.3967,5.079,2376,-147.3967,17.482,True,True
A002_Xf5d76d_X32f1_spw3,bet_Pic_B3,3,244140.625,200,3534,1284.2,31,54.5,ACA,5,5,0.03458311352267975,2825,-147.3967,3.286,2825,-147.3967,17.482,True,False
A002_Xf5d76d_X32f1_spw3,bet_Pic_B3,3,244140.625,200,3534,1284.2,31,54.5,ACA,5,6,0.03682474516576002,2249,1468.5574,3.985,2249,1468.5574,17.482,True,False
A002_Xf5d76d_X32f1_spw3,bet_Pic_B3,3,244140.625,200,3534,1284.2,31,54.5,ACA,5,7,0.02957529810147765,833,-1383.1263,13.21,832,-1383.1263,17.482,True,True
A002_Xf5d76d_X32f1_spw3,bet_Pic_B3,3,244140.625,200,3534,1284.2,31,54.5,ACA,5,8,0.03676774763607394,2299,-432.565,3.366,2299,-432.565,17.482,True,False
A002_Xf5d76d_X32f1_spw3,bet_Pic_B3,3,244140.625,200,3534,1284.2,31,54.5,ACA,5,9,0.036926058289731424,2223,-1288.0701,5.135,2223,-1288.0701,17.482,True,True
A002_Xf5d76d_X32f1_spw3,bet_Pic_B3,3,244140.625,200,3534,1284.2,31,54.5,ACA,5,10,0.04181445869383161,2575,-1288.0701,3.354,2575,-1288.0701,17.482,True,False
A002_Xf5d76d_X32f1_spw3,bet_Pic_B3,3,244140.625,200,3534,1284.2,31,54.5,ACA,5,11,0.034839262711582726,2169,517.9962,5.314,2169,517.9962,17.482,True,True
A002_Xf5d76d_X32f1_spw3,bet_Pic_B3,3,244140.625,200,3534,1284.2,31,54.5,ACA,5,12,0.04006655440815443,2472,1088.3329,6.213,2472,1088.3329,17.482,True,True
A002_Xf5d76d_X32f1_spw3,bet_Pic_B3,3,244140.625,200,3534,1284.2,31,54.5,ACA,5,13,0.039262760465076506,3333,1278.4452,4.17,3333,1278.4452,17.482,True,False
A002_Xf5d76d_X32f1_spw3,bet_Pic_B3,3,244140.625,200,3534,1284.2,31,54.5,ACA,5,14,0.037037093510355064,1955,-1002.9018,5.073,1955,-1002.9018,17.482,True,True
A002_Xf5d76d_X32f1_spw3,bet_Pic_B3,3,244140.625,200,3534,1284.2,31,54.5,ACA,5,15,0.03888959195875106,1048,-147.3967,5.474,1048,-147.3967,17.482,True,True
A002_Xf5d76d_X32f1_spw3,bet_Pic_B3,3,244140.625,200,3534,1284.2,31,54.5,ACA,6,0,0.04052460829706809,1145,-52.3405,4.617,1145,-52.3405,17.482,True,False
A002_Xf5d76d_X32f1_spw3,bet_Pic_B3,3,244140.625,200,3534,1284.2,31,54.5,ACA,6,1,0.041475341602055085,2348,-52.3405,4.338,2348,-52.3405,17.482,True,False
A002_Xf5d76d_X32f1_spw3,bet_Pic_B3,3,244140.625,200,3534,1284.2,31,54.5,ACA,6,2,0.036470529804996155,2119,1468.5574,11.296,2118,-337.5089,17.482,False,True
A002_Xf5d76d_X32f1_spw3,bet_Pic_B3,3,244140.625,200,3534,1284.2,31,54.5,ACA,6,3,0.04709022915944357,1448,708.1084,6.986,1448,708.1084,17.482,True,True
A002_Xf5d76d_X32f1_spw3,bet_Pic_B3,3,244140.625,200,3534,1284.2,31,54.5,ACA,6,4,0.043087303469525766,1021,898.2207,2.827,1021,898.2207,17.482,True,False
A002_Xf5d76d_X32f1_spw3,bet_Pic_B3,3,244140.625,200,3534,1284.2,31,54.5,ACA,6,5,0.04776249373491856,3151,-147.3967,8.181,3151,-147.3967,17.482,True,True
A002_Xf5d76d_X32f1_spw3,bet_Pic_B3,3,244140.625,200,3534,1284.2,31,54.5,ACA,6,6,0.048055153848401914,2619,-432.565,6.187,2618,-147.3967,17.482,False,True
A002_Xf5d76d_X32f1_spw3,bet_Pic_B3,3,244140.625,200,3534,1284.2,31,54.5,ACA,6,7,0.038465294077957575,1655,1373.5013,5.054,1655,1373.5013,17.482,True,True
A002_Xf5d76d_X32f1_spw3,bet_Pic_B3,3,244140.625,200,3534,1284.2,31,54.5,ACA,6,8,0.04449875333107143,2404,42.7156,6.63,2404,-52.3405,17.482,True,True
A002_Xf5d76d_X32f1_spw3,bet_Pic_B3,3,244140.625,200,3534,1284.2,31,54.5,ACA,6,9,0.04577820001818979,1679,-52.3405,4.547,1679,-52.3405,17.482,True,False
A002_Xf5d76d_X32f1_spw3,bet_Pic_B3,3,244140.625,200,3534,1284.2,31,54.5,ACA,6,10,0.0460659764810239,3269,42.7156,6.597,3269,-52.3405,17.482,True,True
A002_Xf5d76d_X32f1_spw3,bet_Pic_B3,3,244140.625,200,3534,1284.2,31,54.5,ACA,6,11,0.04474179973823654,3073,-52.3405,5.928,3073,-52.3405,17.482,True,True
A002_Xf5d76d_X32f1_spw3,bet_Pic_B3,3,244140.625,200,3534,1284.2,31,54.5,ACA,6,12,0.04423884104472837,175,137.7717,8.293,175,1468.5574,17.482,False,True
A002_Xf5d76d_X32f1_spw3,bet_Pic_B3,3,244140.625,200,3534,1284.2,31,54.5,ACA,6,13,0.04168939895326765,791,-1383.1263,5.926,791,-1383.1263,17.481,True,True
A002_Xf5d76d_X32f1_spw3,bet_Pic_B3,3,244140.625,200,3534,1284.2,31,54.5,ACA,6,14,0.0460206851456607,1528,1373.5013,3.966,1528,1373.5013,17.482,True,False
A002_Xf5d76d_X32f1_spw3,bet_Pic_B3,3,244140.625,200,3534,1284.2,31,54.5,ACA,6,15,0.04665605085935901,3249,42.7156,6.488,3249,-52.3405,17.482,True,True
A002_Xf5d76d_X32f1_spw3,bet_Pic_B3,3,244140.625,200,3534,1284.2,31,54.5,ACA,7,0,0.0492322199477444,800,1088.3329,6.133,800,1088.3329,17.482,True,True
A002_Xf5d76d_X32f1_spw3,bet_Pic_B3,3,244140.625,200,3534,1284.2,31,54.5,ACA,7,1,0.05713105275170958,2837,-52.3405,7.637,2837,-52.3405,17.482,True,True
A002_Xf5d76d_X32f1_spw3,bet_Pic_B3,3,244140.625,200,3534,1284.2,31,54.5,ACA,7,2,0.043427836331564613,481,993.2768,9.352,481,993.2768,17.482,True,True
A002_Xf5d76d_X32f1_spw3,bet_Pic_B3,3,244140.625,200,3534,1284.2,31,54.5,ACA,7,3,0.06112190198611036,2807,708.1084,5.989,2807,708.1084,17.482,True,True
A002_Xf5d76d_X32f1_spw3,bet_Pic_B3,3,244140.625,200,3534,1284.2,31,54.5,ACA,7,4,0.048798813473587443,3160,327.884,7.691,3160,327.884,17.482,True,True
A002_Xf5d76d_X32f1_spw3,bet_Pic_B3,3,244140.625,200,3534,1284.2,31,54.5,ACA,7,5,0.05259158976283736,3361,-1193.014,4.562,3361,-1193.014,17.482,True,False
A002_Xf5d76d_X32f1_spw3,bet_Pic_B3,3,244140.625,200,3534,1284.2,31,54.5,ACA,7,6,0.05567842457636542,2232,1373.5013,8.824,2232,1373.5013,17.482,True,True
A002_Xf5d76d_X32f1_spw3,bet_Pic_B3,3,244140.625,200,3534,1284.2,31,54.5,ACA,7,7,0.052221308359384426,260,-147.3967,7.466,260,-147.3967,17.482,True,True
A002_Xf5d76d_X32f1_spw3,bet_Pic_B3,3,244140.625,200,3534,1284.2,31,54.5,ACA,7,8,0.04881408155523806,1745,-717.7334,5.181,1745,-717.7334,17.482,True,True
A002_Xf5d76d_X32f1_spw3,bet_Pic_B3,3,244140.625,200,3534,1284.2,31,54.5,ACA,7,9,0.05475501909774239,3290,-1193.014,7.346,3290,-1193.014,17.482,True,True
A002_Xf5d76d_X32f1_spw3,bet_Pic_B3,3,244140.625,200,3534,1284.2,31,54.5,ACA,7,10,0.05401910147354619,1311,-337.5089,7.052,1311,-337.5089,17.482,True,True
A002_Xf5d76d_X32f1_spw3,bet_Pic_B3,3,244140.625,200,3534,1284.2,31,54.5,ACA,7,11,0.046150695823479214,407,-907.8456,6.884,407,-907.8456,17.482,True,True
A002_Xf5d76d_X32f1_spw3,bet_Pic_B3,3,244140.625,200,3534,1284.2,31,54.5,ACA,7,12,0.05170988276607837,1408,-1002.9018,7.686,1408,-1002.9018,17.482,True,True
A002_Xf5d76d_X32f1_spw3,bet_Pic_B3,3,244140.625,200,3534,1284.2,31,54.5,ACA,7,13,0.04431084815192206,1402,-907.8456,4.721,1402,-907.8456,17.482,True,False
A002_Xf5d76d_X32f1_spw3,bet_Pic_B3,3,244140.625,200,3534,1284.2,31,54.5,ACA,7,14,0.05533731632656325,2011,898.2207,6.806,2011,898.2207,17.482,True,True
A002_Xf5d76d_X32f1_spw3,bet_Pic_B3,3,244140.625,200,3534,1284.2,31,54.5,ACA,7,15,0.04992884723904838,704,-52.3405,7.242,704,-52.3405,17.47,True,True
A002_Xf5d76d_X32f1_spw3,bet_Pic_B3,3,244140.625,200,3534,1284.2,31,54.5,ACA,8,0,0.052178361428749945,1815,1468.5574,12.06,1815,1468.5574,17.482,True,True
A002_Xf5d76d_X32f1_spw3,bet_Pic_B3,3,244140.625,200,3534,1284.2,31,54.5,ACA,8,1,0.06100082461112391,2093,137.7717,8.137,2093,137.7717,17.482,True,True
A002_Xf5d76d_X32f1_spw3,bet_Pic_B3,3,244140.625,200,3534,1284.2,31,54.5,ACA,8,2,0.053179673347464575,1624,1373.5013,9.463,1624,1373.5013,17.482,True,True
A002_Xf5d76d_X32f1_spw3,bet_Pic_B3,3,244140.625,200,3534,1284.2,31,54.5,ACA,8,3,0.057680311027630556,1195,-907.8456,8.218,1195,-907.8456,17.482,True,True
A002_Xf5d76d_X32f1_spw3,bet_Pic_B3,3,244140.625,200,3534,1284.2,31,54.5,ACA,8,4,0.061474124622089905,1052,-527.6212,8.445,1052,-527.6212,17.482,True,True
A002_Xf5d76d_X32f1_spw3,bet_Pic_B3,3,244140.625,200,3534,1284.2,31,54.5,ACA,8,5,0.05758008171706418,2984,993.2768,9.09,2984,993.2768,17.482,True,True
A002_Xf5d76d_X32f1_spw3,bet_Pic_B3,3,244140.625,200,3534,1284.2,31,54.5,ACA,8,6,0.05487205167701791,1280,1183.3891,6.819,1280,1183.3891,17.482,True,True
A002_Xf5d76d_X32f1_spw3,bet_Pic_B3,3,244140.625,200,3534,1284.2,31,54.5,ACA,8,7,0.050432571669634364,1236,-622.6773,6.205,1236,613.0523,17.482,False,True
A002_Xf5d76d_X32f1_spw3,bet_Pic_B3,3,244140.625,200,3534,1284.2,31,54.5,ACA,8,8,0.05481695697057228,300,327.884,7.959,300,327.884,17.482,True,True
A002_Xf5d76d_X32f1_spw3,bet_Pic_B3,3,244140.625,200,3534,1284.2,31,54.5,ACA,8,9,0.06417503588391198,2084,137.7717,9.465,2084,137.7717,17.482,True,True
A002_Xf5d76d_X32f1_spw3,bet_Pic_B3,3,244140.625,200,3534,1284.2,31,54.5,ACA,8,10,0.05487051335822906,1219,1088.3329,8.753,1219,1088.3329,17.482,True,True
A002_Xf5d76d_X32f1_spw3,bet_Pic_B3,3,244140.625,200,3534,1284.2,31,54.5,ACA,8,11,0.06079912309878296,1828,803.1646,9.358,1828,803.1646,17.482,True,True
A002_Xf5d76d_X32f1_spw3,bet_Pic_B3,3,244140.625,200,3534,1284.2,31,54.5,ACA,8,12,0.06585202535638757,3333,422.9401,6.513,3333,422.9401,17.482,True,True
A002_Xf5d76d_X32f1_spw3,bet_Pic_B3,3,244140.625,200,3534,1284.2,31,54.5,ACA,8,13,0.04617200579358505,100,-622.6773,6.929,100,-622.6773,17.482,True,True
A002_Xf5d76d_X32f1_spw3,bet_Pic_B3,3,244140.625,200,3534,1284.2,31,54.5,ACA,8,14,0.05936419676822909,1725,232.8278,7.588,1725,232.8278,17.482,True,True
A002_Xf5d76d_X32f1_spw3,bet_Pic_B3,3,244140.625,200,3534,1284.2,31,54.5,ACA,8,15,0.06305061765622336,1178,-52.3405,7.21,1178,-52.3405,17.482,True,True
A002_Xf5d76d_X32f1_spw3,bet_Pic_B3,3,244140.625,200,3534,1284.2,31,54.5,ACA,10,0,0.08253754081942466,987,613.0523,10.142,987,613.0523,17.482,True,True
A002_Xf5d76d_X32f1_spw3,bet_Pic_B3,3,244140.625,200,3534,1284.2,31,54.5,ACA,10,1,0.06907889279363084,1155,422.9401,8.667,1155,422.9401,17.482,True,True
A002_Xf5d76d_X32f1_spw3,bet_Pic_B3,3,244140.625,200,3534,1284.2,31,54.5,ACA,10,2,0.06767140255634403,689,993.2768,9.13,689,993.2768,17.421,True,True
A002_Xf5d76d_X32f1_spw3,bet_Pic_B3,3,244140.625,200,3534,1284.2,31,54.5,ACA,10,3,0.07180090987739501,932,1278.4452,9.024,932,1278.4452,17.482,True,True
A002_Xf5d76d_X32f1_spw3,bet_Pic_B3,3,244140.625,200,3534,1284.2,31,54.5,ACA,10,4,0.07371132186108943,1152,232.8278,9.835,1152,232.8278,17.482,True,True
A002_Xf5d76d_X32f1_spw3,bet_Pic_B3,3,244140.625,200,3534,1284.2,31,54.5,ACA,10,5,0.08013989601298922,2284,137.7717,10.744,2284,137.7717,17.482,True,True
A002_Xf5d76d_X32f1_spw3,bet_Pic_B3,3,244140.625,200,3534,1284.2,31,54.5,ACA,10,6,0.06566704661591362,937,-1002.9018,10.384,937,-1002.9018,17.482,True,True
A002_Xf5d76d_X32f1_spw3,bet_Pic_B3,3,244140.625,200,3534,1284.2,31,54.5,ACA,10,7,0.06872751576876099,3107,137.7717,8.335,3107,137.7717,17.482,True,True
A002_Xf5d76d_X32f1_spw3,bet_Pic_B3,3,244140.625,200,3534,1284.2,31,54.5,ACA,10,8,0.07437948604065421,764,42.7156,9.739,764,-52.3405,17.424,True,True
A002_Xf5d76d_X32f1_spw3,bet_Pic_B3,3,244140.625,200,3534,1284.2,31,54.5,ACA,10,9,0.07105695719376713,2897,137.7717,11.055,2897,137.7717,17.482,True,True
A002_Xf5d76d_X32f1_spw3,bet_Pic_B3,3,244140.625,200,3534,1284.2,31,54.5,ACA,10,10,0.07013039419332427,1522,-1383.1263,9.257,1522,-1383.1263,17.482,True,True
A002_Xf5d76d_X32f1_spw3,bet_Pic_B3,3,244140.625,200,3534,1284.2,31,54.5,ACA,10,11,0.07200908620681556,362,-717.7334,8.862,362,-717.7334,17.482,True,True
A002_Xf5d76d_X32f1_spw3,bet_Pic_B3,3,244140.625,200,3534,1284.2,31,54.5,ACA,10,12,0.06273592179192447,795,422.9401,9.211,795,422.9401,17.482,True,True
A002_Xf5d76d_X32f1_spw3,bet_Pic_B3,3,244140.625,200,3534,1284.2,31,54.5,ACA,10,13,0.07314804821413505,342,-432.565,8.655,342,-432.565,17.482,True,True
A002_Xf5d76d_X32f1_spw3,bet_Pic_B3,3,244140.625,200,3534,1284.2,31,54.5,ACA,10,14,0.0750367122281492,1208,-812.7895,9.845,1208,-812.7895,17.482,True,True
A002_Xf5d76d_X32f1_spw3,bet_Pic_B3,3,244140.625,200,3534,1284.2,31,54.5,ACA,10,15,0.07592130418198077,1345,-1288.0701,9.08,1345,-1288.0701,17.482,True,True
A002_Xf5d76d_X32f1_spw3,bet_Pic_B3,3,244140.625,200,3534,1284.2,31,54.5,ACA,12,0,0.0896016517450331,394,-907.8456,9.938,394,-907.8456,17.482,True,True
A002_Xf5d76d_X32f1_spw3,bet_Pic_B3,3,244140.625,200,3534,1284.2,31,54.5,ACA,12,1,0.0955205148648502,2906,-527.6212,12.686,2906,-527.6212,17.482,True,True
A002_Xf5d76d_X32f1_spw3,bet_Pic_B3,3,244140.625,200,3534,1284.2,31,54.5,ACA,12,2,0.08710113007201409,988,-812.7895,10.535,988,-812.7895,17.482,True,True
A002_Xf5d76d_X32f1_spw3,bet_Pic_B3,3,244140.625,200,3534,1284.2,31,54.5,ACA,12,3,0.0739413485407458,1324,-1383.1263,11.063,1324,-1383.1263,17.482,True,True
A002_Xf5d76d_X32f1_spw3,bet_Pic_B3,3,244140.625,200,3534,1284.2,31,54.5,ACA,12,4,0.09336221087832423,675,803.1646,11.539,675,803.1646,17.468,True,True
A002_Xf5d76d_X32f1_spw3,bet_Pic_B3,3,244140.625,200,3534,1284.2,31,54.5,ACA,12,5,0.09074511483483243,3464,993.2768,12.266,3464,993.2768,17.482,True,True
A002_Xf5d76d_X32f1_spw3,bet_Pic_B3,3,244140.625,200,3534,1284.2,31,54.5,ACA,12,6,0.08801802738296242,1017,327.884,13.843,1017,327.884,17.482,True,True
A002_Xf5d76d_X32f1_spw3,bet_Pic_B3,3,244140.625,200,3534,1284.2,31,54.5,ACA,12,7,0.09009568208141622,1634,422.9401,11.306,1634,422.9401,17.482,True,True
A002_Xf5d76d_X32f1_spw3,bet_Pic_B3,3,244140.625,200,3534,1284.2,31,54.5,ACA,12,8,0.10049232410018469,3089,613.0523,11.606,3089,613.0523,17.482,True,True
A002_Xf5d76d_X32f1_spw3,bet_Pic_B3,3,244140.625,200,3534,1284.2,31,54.5,ACA,12,9,0.08379399266478504,2045,898.2207,13.369,2045,898.2207,17.482,True,True
A002_Xf5d76d_X32f1_spw3,bet_Pic_B3,3,244140.625,200,3534,1284.2,31,54.5,ACA,12,10,0.08011737368785893,2349,-1193.014,11.563,2349,-1193.014,17.482,True,True
A002_Xf5d76d_X32f1_spw3,bet_Pic_B3,3,244140.625,200,3534,1284.2,31,54.5,ACA,12,11,0.09310928110087616,2642,993.2768,11.873,2642,993.2768,17.482,True,True
A002_Xf5d76d_X32f1_spw3,bet_Pic_B3,3,244140.625,200,3534,1284.2,31,54.5,ACA,12,12,0.08926751849143444,900,1278.4452,11.114,900,1278.4452,17.482,True,True
A002_Xf5d76d_X32f1_spw3,bet_Pic_B3,3,244140.625,200,3534,1284.2,31,54.5,ACA,12,13,0.0861067862774153,2943,803.1646,11.371,2943,803.1646,17.482,True,True
A002_Xf5d76d_X32f1_spw3,bet_Pic_B3,3,244140.625,200,3534,1284.2,31,54.5,ACA,12,14,0.08701850791827899,1218,708.1084,13.498,1218,708.1084,17.482,True,True
A002_Xf5d76d_X32f1_spw3,bet_Pic_B3,3,244140.625,200,3534,1284.2,31,54.5,ACA,12,15,0.0650281437513453,997,-147.3967,8.031,997,-147.3967,17.482,True,True
A002_Xf5d76d_X32f1_spw3,bet_Pic_B3,3,244140.625,200,3534,1284.2,31,54.5,ACA,15,0,0.10979940256125931,873,1373.5013,13.312,873,1373.5013,17.482,True,True
A002_Xf5d76d_X32f1_spw3,bet_Pic_B3,3,244140.625,200,3534,1284.2,31,54.5,ACA,15,1,0.11364894451302691,2206,42.7156,16.002,2206,-52.3405,17.482,True,True
A002_Xf5d76d_X32f1_spw3,bet_Pic_B3,3,244140.625,200,3534,1284.2,31,54.5,ACA,15,2,0.10299887811989092,854,327.884,14.337,854,327.884,17.482,True,True
A002_Xf5d76d_X32f1_spw3,bet_Pic_B3,3,244140.625,200,3534,1284.2,31,54.5,ACA,15,3,0.09877319355092919,2981,-812.7895,11.104,2981,-812.7895,17.482,True,True
A002_Xf5d76d_X32f1_spw3,bet_Pic_B3,3,244140.625,200,3534,1284.2,31,54.5,ACA,15,4,0.12256036878947328,3198,613.0523,14.294,3198,613.0523,17.482,True,True
A002_Xf5d76d_X32f1_spw3,bet_Pic_B3,3,244140.625,200,3534,1284.2,31,54.5,ACA,15,5,0.09520766506018136,1925,993.2768,11.585,1925,993.2768,17.482,True,True
A002_Xf5d76d_X32f1_spw3,bet_Pic_B3,3,244140.625,200,3534,1284.2,31,54.5,ACA,15,6,0.11637034737169755,1651,1468.5574,15.166,1651,1468.5574,17.482,True,True
A002_Xf5d76d_X32f1_spw3,bet_Pic_B3,3,244140.625,200,3534,1284.2,31,54.5,ACA,15,7,0.10646838922907272,2085,898.2207,14.647,2085,898.2207,17.482,True,True
A002_Xf5d76d_X32f1_spw3,bet_Pic_B3,3,244140.625,200,3534,1284.2,31,54.5,ACA,15,8,0.09415094623568916,729,898.2207,14.022,729,898.2207,17.31,True,True
A002_Xf5d76d_X32f1_spw3,bet_Pic_B3,3,244140.625,200,3534,1284.2,31,54.5,ACA,15,9,0.1152109412858954,3344,1183.3891,14.704,3344,1183.3891,17.482,True,True
A002_Xf5d76d_X32f1_spw3,bet_Pic_B3,3,244140.625,200,3534,1284.2,31,54.5,ACA,15,10,0.10781804980790309,893,-52.3405,14.623,893,-52.3405,17.482,True,True
A002_Xf5d76d_X32f1_spw3,bet_Pic_B3,3,244140.625,200,3534,1284.2,31,54.5,ACA,15,11,0.11087367728194479,3456,993.2768,15.406,3456,993.2768,17.482,True,True
A002_Xf5d76d_X32f1_spw3,bet_Pic_B3,3,244140.625,200,3534,1284.2,31,54.5,ACA,15,12,0.11761663196981072,1191,-1097.9579,14.418,1191,-1097.9579,17.482,True,True
A002_Xf5d76d_X32f1_spw3,bet_Pic_B3,3,244140.625,200,3534,1284.2,31,54.5,ACA,15,13,0.10959629699506405,1605,1088.3329,11.427,1605,1088.3329,17.482,True,True
A002_Xf5d76d_X32f1_spw3,bet_Pic_B3,3,244140.625,200,3534,1284.2,31,54.5,ACA,15,14,0.11297971187582295,3032,232.8278,16.946,3032,232.8278,17.482,True,True
A002_Xf5d76d_X32f1_spw3,bet_Pic_B3,3,244140.625,200,3534,1284.2,31,54.5,ACA,15,15,0.10408111845623688,1081,-527.6212,16.007,1081,-527.6212,17.482,True,True
A002_Xf5d76d_Xcc5_spw3,bet_Pic_B3_EB_Xcc5,3,244140.625,335,3534,2255.7,53,54.5,ACA,3,0,0.028601152196432878,1956,727.4016,3.782,1955,1376.7946,19.576,False,False
A002_Xf5d76d_Xcc5_spw3,bet_Pic_B3_EB_Xcc5,3,244140.625,335,3534,2255.7,53,54.5,ACA,3,1,0.031182426953481716,3185,294.4728,2.299,3185,294.4728,19.576,True,False
A002_Xf5d76d_Xcc5_spw3,bet_Pic_B3_EB_Xcc5,3,244140.625,335,3534,2255.7,53,54.5,ACA,3,2,0.03127963088037274,696,-841.965,3.102,696,-841.965,19.576,True,False
A002_Xf5d76d_Xcc5_spw3,bet_Pic_B3_EB_Xcc5,3,244140.625,335,3534,2255.7,53,54.5,ACA,3,3,0.030788623856207488,1835,456.8211,3.074,1835,456.8211,19.576,True,False
A002_Xf5d76d_Xcc5_spw3,bet_Pic_B3_EB_Xcc5,3,244140.625,335,3534,2255.7,53,54.5,ACA,3,4,0.028102681031088612,3204,-679.6168,2.855,3204,-625.5007,19.576,True,False
A002_Xf5d76d_Xcc5_spw3,bet_Pic_B3_EB_Xcc5,3,244140.625,335,3534,2255.7,53,54.5,ACA,3,5,0.028170769970625887,257,348.5889,3.181,257,348.5889,19.576,True,False
A002_Xf5d76d_Xcc5_spw3,bet_Pic_B3_EB_Xcc5,3,244140.625,335,3534,2255.7,53,54.5,ACA,3,6,0.026707756218764735,1172,-246.6881,1.536,1172,240.3568,19.576,False,False
A002_Xf5d76d_Xcc5_spw3,bet_Pic_B3_EB_Xcc5,3,244140.625,335,3534,2255.7,53,54.5,ACA,3,7,0.03161609021170241,3233,997.982,2.134,3233,781.5177,19.576,False,False
A002_Xf5d76d_Xcc5_spw3,bet_Pic_B3_EB_Xcc5,3,244140.625,335,3534,2255.7,53,54.5,ACA,3,8,0.02873117070786483,2172,565.0533,3.321,2173,456.8211,19.576,False,False
A002_Xf5d76d_Xcc5_spw3,bet_Pic_B3_EB_Xcc5,3,244140.625,335,3534,2255.7,53,54.5,ACA,3,9,0.029821381102719098,2777,-625.5007,5.61,2777,997.982,19.576,False,True
A002_Xf5d76d_Xcc5_spw3,bet_Pic_B3_EB_Xcc5,3,244140.625,335,3534,2255.7,53,54.5,ACA,3,10,0.03280437227513709,3166,-1112.5455,4.39,3167,-517.2685,19.576,False,False
A002_Xf5d76d_Xcc5_spw3,bet_Pic_B3_EB_Xcc5,3,244140.625,335,3534,2255.7,53,54.5,ACA,3,11,0.029846604054481644,1471,781.5177,3.127,1470,-1004.3133,19.572,False,False
A002_Xf5d76d_Xcc5_spw3,bet_Pic_B3_EB_Xcc5,3,244140.625,335,3534,2255.7,53,54.5,ACA,3,12,0.02868781709124135,1128,-138.4559,3.083,1128,-138.4559,19.576,True,False
A002_Xf5d76d_Xcc5_spw3,bet_Pic_B3_EB_Xcc5,3,244140.625,335,3534,2255.7,53,54.5,ACA,3,13,0.02929914354761042,1933,1160.3303,3.801,1932,-950.1972,19.576,False,False
A002_Xf5d76d_Xcc5_spw3,bet_Pic_B3_EB_Xcc5,3,244140.625,335,3534,2255.7,53,54.5,ACA,3,14,0.0314156004990701,1556,1268.5625,3.047,1556,1214.4464,19.576,True,False
A002_Xf5d76d_Xcc5_spw3,bet_Pic_B3_EB_Xcc5,3,244140.625,335,3534,2255.7,53,54.5,ACA,3,15,0.03157981860018535,3362,-679.6168,4.395,3362,-733.7329,19.576,True,False
A002_Xf5d76d_Xcc5_spw3,bet_Pic_B3_EB_Xcc5,3,244140.625,335,3534,2255.7,53,54.5,ACA,4,0,0.038963738283085324,3016,-138.4559,3.693,3016,-138.4559,19.576,True,False
A002_Xf5d76d_Xcc5_spw3,bet_Pic_B3_EB_Xcc5,3,244140.625,335,3534,2255.7,53,54.5,ACA,4,1,0.044059563986356735,3016,23.8924,3.242,3016,-30.2237,19.576,True,False
A002_Xf5d76d_Xcc5_spw3,bet_Pic_B3_EB_Xcc5,3,244140.625,335,3534,2255.7,53,54.5,ACA,4,2,0.03861036331594414,681,348.5889,2.882,680,456.8211,19.576,False,False
A002_Xf5d76d_Xcc5_spw3,bet_Pic_B3_EB_Xcc5,3,244140.625,335,3534,2255.7,53,54.5,ACA,4,3,0.03400913311762691,1335,-1220.7777,3.88,1335,-1220.7777,19.576,True,False
A002_Xf5d76d_Xcc5_spw3,bet_Pic_B3_EB_Xcc5,3,244140.625,335,3534,2255.7,53,54.5,ACA,4,4,0.040686670642719594,536,-1329.0098,3.398,536,-1383.1259,19.576,True,False
A002_Xf5d76d_Xcc5_spw3,bet_Pic_B3_EB_Xcc5,3,244140.625,335,3534,2255.7,53,54.5,ACA,4,5,0.03224913281520533,232,-1004.3133,2.611,233,-841.965,19.576,False,False
A002_Xf5d76d_Xcc5_spw3,bet_Pic_B3_EB_Xcc5,3,244140.625,335,3534,2255.7,53,54.5,ACA,4,6,0.035052542230069934,89,-300.8041,3.656,89,-300.8041,19.576,True,False
A002_Xf5d76d_Xcc5_spw3,bet_Pic_B3_EB_Xcc5,3,244140.625,335,3534,2255.7,53,54.5,ACA,4,7,0.03371909891347834,173,-30.2237,2.611,173,-30.2237,19.576,True,False
A002_Xf5d76d_Xcc5_spw3,bet_Pic_B3_EB_Xcc5,3,244140.625,335,3534,2255.7,53,54.5,ACA,4,8,0.041082109290622004,2432,-246.6881,3.828,2432,-246.6881,19.576,True,False
A002_Xf5d76d_Xcc5_spw3,bet_Pic_B3_EB_Xcc5,3,244140.625,335,3534,2255.7,53,54.5,ACA,4,9,0.04115184907516676,2672,-1004.3133,3.535,2672,-1004.3133,19.576,True,False
A002_Xf5d76d_Xcc5_spw3,bet_Pic_B3_EB_Xcc5,3,244140.625,335,3534,2255.7,53,54.5,ACA,4,10,0.0389521041035954,1178,943.8659,3.206,1178,943.8659,19.576,True,False
A002_Xf5d76d_Xcc5_spw3,bet_Pic_B3_EB_Xcc5,3,244140.625,335,3534,2255.7,53,54.5,ACA,4,11,0.03911194925138391,766,1322.6785,7.963,767,1106.2142,19.576,False,True
A002_Xf5d76d_Xcc5_spw3,bet_Pic_B3_EB_Xcc5,3,244140.625,335,3534,2255.7,53,54.5,ACA,4,12,0.04045693039599301,3094,835.6337,5.23,3094,835.6337,19.576,True,True
A002_Xf5d76d_Xcc5_spw3,bet_Pic_B3_EB_Xcc5,3,244140.625,335,3534,2255.7,53,54.5,ACA,4,13,0.03955405359071393,2096,402.705,4.367,2096,402.705,19.576,True,False
A002_Xf5d76d_Xcc5_spw3,bet_Pic_B3_EB_Xcc5,3,244140.625,335,3534,2255.7,53,54.5,ACA,4,14,0.038114223290312645,801,1214.4464,6.368,801,1214.4464,19.576,True,True
A002_Xf5d76d_Xcc5_spw3,bet_Pic_B3_EB_Xcc5,3,244140.625,335,3534,2255.7,53,54.5,ACA,4,15,0.030403360393359526,353,402.705,8.326,353,402.705,19.576,True,True
A002_Xf5d76d_Xcc5_spw3,bet_Pic_B3_EB_Xcc5,3,244140.625,335,3534,2255.7,53,54.5,ACA,5,0,0.04476133040967922,1246,-354.9202,5.191,1246,-354.9202,19.576,True,True
A002_Xf5d76d_Xcc5_spw3,bet_Pic_B3_EB_Xcc5,3,244140.625,335,3534,2255.7,53,54.5,ACA,5,1,0.04239019127298098,2248,565.0533,3.736,2248,565.0533,19.576,True,False
A002_Xf5d76d_Xcc5_spw3,bet_Pic_B3_EB_Xcc5,3,244140.625,335,3534,2255.7,53,54.5,ACA,5,2,0.05033054398019112,113,-571.3846,5.163,113,-517.2685,19.576,True,True
A002_Xf5d76d_Xcc5_spw3,bet_Pic_B3_EB_Xcc5,3,244140.625,335,3534,2255.7,53,54.5,ACA,5,3,0.048772933008349464,2844,835.6337,4.759,2844,835.6337,19.576,True,False
A002_Xf5d76d_Xcc5_spw3,bet_Pic_B3_EB_Xcc5,3,244140.625,335,3534,2255.7,53,54.5,ACA,5,4,0.045687028951569966,250,23.8924,5.033,250,-30.2237,19.576,True,True
A002_Xf5d76d_Xcc5_spw3,bet_Pic_B3_EB_Xcc5,3,244140.625,335,3534,2255.7,53,54.5,ACA,5,5,0.04005295605499986,2547,-192.572,5.187,2547,-192.572,19.576,True,True
A002_Xf5d76d_Xcc5_spw3,bet_Pic_B3_EB_Xcc5,3,244140.625,335,3534,2255.7,53,54.5,ACA,5,6,0.05058863942836762,1190,-1166.6616,5.147,1190,-1166.6616,19.576,True,True
A002_Xf5d76d_Xcc5_spw3,bet_Pic_B3_EB_Xcc5,3,244140.625,335,3534,2255.7,53,54.5,ACA,5,7,0.04850396898408228,1458,-463.1524,4.32,1458,-463.1524,19.571,True,False
A002_Xf5d76d_Xcc5_spw3,bet_Pic_B3_EB_Xcc5,3,244140.625,335,3534,2255.7,53,54.5,ACA,5,8,0.0505070449867807,1415,943.8659,15.717,1416,-192.572,19.734,False,True
A002_Xf5d76d_Xcc5_spw3,bet_Pic_B3_EB_Xcc5,3,244140.625,335,3534,2255.7,53,54.5,ACA,5,9,0.04292941925439992,1752,-1112.5455,7.58,1752,-1112.5455,19.576,True,True
A002_Xf5d76d_Xcc5_spw3,bet_Pic_B3_EB_Xcc5,3,244140.625,335,3534,2255.7,53,54.5,ACA,5,10,0.04763257002040224,267,-1383.1259,4.853,267,-1383.1259,19.576,True,False
A002_Xf5d76d_Xcc5_spw3,bet_Pic_B3_EB_Xcc5,3,244140.625,335,3534,2255.7,53,54.5,ACA,5,11,0.040850767374294265,198,-1004.3133,4.277,198,-1004.3133,19.576,True,False
A002_Xf5d76d_Xcc5_spw3,bet_Pic_B3_EB_Xcc5,3,244140.625,335,3534,2255.7,53,54.5,ACA,5,12,0.04650245397246291,3223,-1329.0098,6.274,3223,-1329.0098,19.576,True,True
A002_Xf5d76d_Xcc5_spw3,bet_Pic_B3_EB_Xcc5,3,244140.625,335,3534,2255.7,53,54.5,ACA,5,13,0.04612894419346579,743,-192.572,5.312,743,-192.572,19.576,True,True
A002_Xf5d76d_Xcc5_spw3,bet_Pic_B3_EB_Xcc5,3,244140.625,335,3534,2255.7,53,54.5,ACA,5,14,0.04433412697505768,764,-1058.4294,5.087,764,-1329.0098,19.576,False,True
A002_Xf5d76d_Xcc5_spw3,bet_Pic_B3_EB_Xcc5,3,244140.625,335,3534,2255.7,53,54.5,ACA,5,15,0.04999016572115932,944,240.3568,4.917,944,240.3568,19.576,True,False
A002_Xf5d76d_Xcc5_spw3,bet_Pic_B3_EB_Xcc5,3,244140.625,335,3534,2255.7,53,54.5,ACA,6,0,0.05576010682441816,605,835.6337,6.845,605,835.6337,19.576,True,True
A002_Xf5d76d_Xcc5_spw3,bet_Pic_B3_EB_Xcc5,3,244140.625,335,3534,2255.7,53,54.5,ACA,6,1,0.05978072244752115,2603,-1112.5455,6.632,2603,-1112.5455,19.576,True,True
A002_Xf5d76d_Xcc5_spw3,bet_Pic_B3_EB_Xcc5,3,244140.625,335,3534,2255.7,53,54.5,ACA,6,2,0.06069213626635272,2911,-679.6168,5.545,2911,-733.7329,19.576,True,True
A002_Xf5d76d_Xcc5_spw3,bet_Pic_B3_EB_Xcc5,3,244140.625,335,3534,2255.7,53,54.5,ACA,6,3,0.055413316938352795,2649,-896.0811,4.966,2649,-896.0811,19.576,True,False
A002_Xf5d76d_Xcc5_spw3,bet_Pic_B3_EB_Xcc5,3,244140.625,335,3534,2255.7,53,54.5,ACA,6,4,0.06366699199392371,2185,78.0085,6.282,2185,78.0085,19.576,True,True
A002_Xf5d76d_Xcc5_spw3,bet_Pic_B3_EB_Xcc5,3,244140.625,335,3534,2255.7,53,54.5,ACA,6,5,0.05747103163988045,977,510.9372,4.753,977,510.9372,19.576,True,False
A002_Xf5d76d_Xcc5_spw3,bet_Pic_B3_EB_Xcc5,3,244140.625,335,3534,2255.7,53,54.5,ACA,6,6,0.056286775040073705,652,-138.4559,5.886,652,-138.4559,19.576,True,True
A002_Xf5d76d_Xcc5_spw3,bet_Pic_B3_EB_Xcc5,3,244140.625,335,3534,2255.7,53,54.5,ACA,6,7,0.0622461643475628,2660,619.1694,6.884,2660,619.1694,19.576,True,True
A002_Xf5d76d_Xcc5_spw3,bet_Pic_B3_EB_Xcc5,3,244140.625,335,3534,2255.7,53,54.5,ACA,6,8,0.05581442409172777,2653,1430.9107,5.024,2653,1430.9107,19.576,True,True
A002_Xf5d76d_Xcc5_spw3,bet_Pic_B3_EB_Xcc5,3,244140.625,335,3534,2255.7,53,54.5,ACA,6,9,0.06503306330690074,2692,1106.2142,5.355,2692,1106.2142,19.576,True,True
A002_Xf5d76d_Xcc5_spw3,bet_Pic_B3_EB_Xcc5,3,244140.625,335,3534,2255.7,53,54.5,ACA,6,10,0.05789711037044147,818,-625.5007,6.093,818,-625.5007,19.576,True,True
A002_Xf5d76d_Xcc5_spw3,bet_Pic_B3_EB_Xcc5,3,244140.625,335,3534,2255.7,53,54.5,ACA,6,11,0.05918742564180715,2461,-409.0363,5.278,2461,-409.0363,19.576,True,True
A002_Xf5d76d_Xcc5_spw3,bet_Pic_B3_EB_Xcc5,3,244140.625,335,3534,2255.7,53,54.5,ACA,6,12,0.055844886397336736,3019,-1220.7777,3.944,3019,-1220.7777,19.576,True,False
A002_Xf5d76d_Xcc5_spw3,bet_Pic_B3_EB_Xcc5,3,244140.625,335,3534,2255.7,53,54.5,ACA,6,13,0.05875179882642488,3396,-1166.6616,6.107,3396,-1166.6616,19.576,True,True
A002_Xf5d76d_Xcc5_spw3,bet_Pic_B3_EB_Xcc5,3,244140.625,335,3534,2255.7,53,54.5,ACA,6,14,0.05922457827622086,2686,727.4016,6.015,2686,727.4016,19.576,True,True
A002_Xf5d76d_Xcc5_spw3,bet_Pic_B3_EB_Xcc5,3,244140.625,335,3534,2255.7,53,54.5,ACA,6,15,0.06618600279036713,3344,240.3568,6.384,3344,240.3568,19.576,True,True
A002_Xf5d76d_Xcc5_spw3,bet_Pic_B3_EB_Xcc5,3,244140.625,335,3534,2255.7,53,54.5,ACA,7,0,0.06442226065623921,499,240.3568,6.736,499,240.3568,19.576,True,True
A002_Xf5d76d_Xcc5_spw3,bet_Pic_B3_EB_Xcc5,3,244140.625,335,3534,2255.7,53,54.5,ACA,7,1,0.06676709743201474,2852,-1004.3133,6.057,2852,-1004.3133,19.576,True,True
A002_Xf5d76d_Xcc5_spw3,bet_Pic_B3_EB_Xcc5,3,244140.625,335,3534,2255.7,53,54.5,ACA,7,2,0.06886959114705583,1962,-1004.3133,7.402,1962,-1004.3133,19.576,True,True
A002_Xf5d76d_Xcc5_spw3,bet_Pic_B3_EB_Xcc5,3,244140.625,335,3534,2255.7,53,54.5,ACA,7,3,0.07000951939383383,2354,1430.9107,7.818,2354,1430.9107,19.576,True,True
A002_Xf5d76d_Xcc5_spw3,bet_Pic_B3_EB_Xcc5,3,244140.625,335,3534,2255.7,53,54.5,ACA,7,4,0.0723682465163779,2540,1052.0981,5.324,2540,1052.0981,19.576,True,True
A002_Xf5d76d_Xcc5_spw3,bet_Pic_B3_EB_Xcc5,3,244140.625,335,3534,2255.7,53,54.5,ACA,7,5,0.06611551368662455,2713,240.3568,6.09,2713,240.3568,19.576,True,True
A002_Xf5d76d_Xcc5_spw3,bet_Pic_B3_EB_Xcc5,3,244140.625,335,3534,2255.7,53,54.5,ACA,7,6,0.068053008816331,594,-84.3398,6.919,594,-84.3398,19.576,True,True
A002_Xf5d76d_Xcc5_spw3,bet_Pic_B3_EB_Xcc5,3,244140.625,335,3534,2255.7,53,54.5,ACA,7,7,0.07239887892410307,2860,997.982,5.75,2860,997.982,19.576,True,True
A002_Xf5d76d_Xcc5_spw3,bet_Pic_B3_EB_Xcc5,3,244140.625,335,3534,2255.7,53,54.5,ACA,7,8,0.06819684764843117,1048,1052.0981,6.135,1048,1052.0981,19.576,True,True
A002_Xf5d76d_Xcc5_spw3,bet_Pic_B3_EB_Xcc5,3,244140.625,335,3534,2255.7,53,54.5,ACA,7,9,0.0688017524393456,2486,-84.3398,5.441,2486,-84.3398,19.576,True,True
A002_Xf5d76d_Xcc5_spw3,bet_Pic_B3_EB_Xcc5,3,244140.625,335,3534,2255.7,53,54.5,ACA,7,10,0.05651824765816532,1003,-84.3398,8.119,1003,-84.3398,19.576,True,True
A002_Xf5d76d_Xcc5_spw3,bet_Pic_B3_EB_Xcc5,3,244140.625,335,3534,2255.7,53,54.5,ACA,7,11,0.06872426904540062,573,78.0085,7.492,573,78.0085,19.576,True,True
A002_Xf5d76d_Xcc5_spw3,bet_Pic_B3_EB_Xcc5,3,244140.625,335,3534,2255.7,53,54.5,ACA,7,12,0.06253311020559699,1353,-571.3846,6.147,1353,-571.3846,19.576,True,True
A002_Xf5d76d_Xcc5_spw3,bet_Pic_B3_EB_Xcc5,3,244140.625,335,3534,2255.7,53,54.5,ACA,7,13,0.0725740770913397,2856,943.8659,8.012,2856,943.8659,19.576,True,True
A002_Xf5d76d_Xcc5_spw3,bet_Pic_B3_EB_Xcc5,3,244140.625,335,3534,2255.7,53,54.5,ACA,7,14,0.07293992769125092,2609,-950.1972,7.532,2609,-950.1972,19.576,True,True
A002_Xf5d76d_Xcc5_spw3,bet_Pic_B3_EB_Xcc5,3,244140.625,335,3534,2255.7,53,54.5,ACA,7,15,0.06205727684157764,1090,-1112.5455,6.67,1090,-1112.5455,19.576,True,True
A002_Xf5d76d_Xcc5_spw3,bet_Pic_B3_EB_Xcc5,3,244140.625,335,3534,2255.7,53,54.5,ACA,8,0,0.08766830031978712,1702,510.9372,7.65,1702,510.9372,19.576,True,True
A002_Xf5d76d_Xcc5_spw3,bet_Pic_B3_EB_Xcc5,3,244140.625,335,3534,2255.7,53,54.5,ACA,8,1,0.07502178188684493,825,-30.2237,7.423,825,-30.2237,19.576,True,True
A002_Xf5d76d_Xcc5_spw3,bet_Pic_B3_EB_Xcc5,3,244140.625,335,3534,2255.7,53,54.5,ACA,8,2,0.078296312731981,715,132.1246,7.32,715,132.1246,19.576,True,True
A002_Xf5d76d_Xcc5_spw3,bet_Pic_B3_EB_Xcc5,3,244140.625,335,3534,2255.7,53,54.5,ACA,8,3,0.07970875959716697,1601,-787.8489,8.196,1601,-787.8489,19.576,True,True
A002_Xf5d76d_Xcc5_spw3,bet_Pic_B3_EB_Xcc5,3,244140.625,335,3534,2255.7,53,54.5,ACA,8,4,0.07354951551255501,357,1052.0981,7.836,357,1052.0981,19.576,True,True
A002_Xf5d76d_Xcc5_spw3,bet_Pic_B3_EB_Xcc5,3,244140.625,335,3534,2255.7,53,54.5,ACA,8,5,0.06750790269549939,828,-896.0811,6.384,828,-896.0811,19.576,True,True
A002_Xf5d76d_Xcc5_spw3,bet_Pic_B3_EB_Xcc5,3,244140.625,335,3534,2255.7,53,54.5,ACA,8,6,0.08027551443055779,1627,835.6337,6.473,1627,835.6337,19.576,True,True
A002_Xf5d76d_Xcc5_spw3,bet_Pic_B3_EB_Xcc5,3,244140.625,335,3534,2255.7,53,54.5,ACA,8,7,0.078435035953806,282,-841.965,8.4,282,-841.965,19.576,True,True
A002_Xf5d76d_Xcc5_spw3,bet_Pic_B3_EB_Xcc5,3,244140.625,335,3534,2255.7,53,54.5,ACA,8,8,0.07892690818490362,2272,781.5177,8.436,2272,781.5177,19.576,True,True
A002_Xf5d76d_Xcc5_spw3,bet_Pic_B3_EB_Xcc5,3,244140.625,335,3534,2255.7,53,54.5,ACA,8,9,0.07489307436800952,1489,-1329.0098,8.386,1489,-1329.0098,19.559,True,True
A002_Xf5d76d_Xcc5_spw3,bet_Pic_B3_EB_Xcc5,3,244140.625,335,3534,2255.7,53,54.5,ACA,8,10,0.07522053110518652,1975,-841.965,9.584,1975,-841.965,19.576,True,True
A002_Xf5d76d_Xcc5_spw3,bet_Pic_B3_EB_Xcc5,3,244140.625,335,3534,2255.7,53,54.5,ACA,8,11,0.07714763648991803,2500,348.5889,6.697,2500,348.5889,19.576,True,True
A002_Xf5d76d_Xcc5_spw3,bet_Pic_B3_EB_Xcc5,3,244140.625,335,3534,2255.7,53,54.5,ACA,8,12,0.08066508081240512,2862,132.1246,7.084,2862,132.1246,19.576,True,True
A002_Xf5d76d_Xcc5_spw3,bet_Pic_B3_EB_Xcc5,3,244140.625,335,3534,2255.7,53,54.5,ACA,8,13,0.08208718415649897,2590,-1112.5455,5.943,2590,-1112.5455,19.576,True,True
A002_Xf5d76d_Xcc5_spw3,bet_Pic_B3_EB_Xcc5,3,244140.625,335,3534,2255.7,53,54.5,ACA,8,14,0.09404938056955148,3346,-1220.7777,7.213,3346,-1220.7777,19.576,True,True
A002_Xf5d76d_Xcc5_spw3,bet_Pic_B3_EB_Xcc5,3,244140.625,335,3534,2255.7,53,54.5,ACA,8,15,0.08534227594366829,3462,-1112.5455,8.803,3462,-1112.5455,19.576,True,True
A002_Xf5d76d_Xcc5_spw3,bet_Pic_B3_EB_Xcc5,3,244140.625,335,3534,2255.7,53,54.5,ACA,10,0,0.10419626721257211,2099,-1274.8938,10.326,2099,-1274.8938,19.576,True,True
A002_Xf5d76d_Xcc5_spw3,bet_Pic_B3_EB_Xcc5,3,244140.625,335,3534,2255.7,53,54.5,ACA,10,1,0.10647846459331398,2730,1052.0981,10.915,2730,1052.0981,19.576,True,True
A002_Xf5d76d_Xcc5_spw3,bet_Pic_B3_EB_Xcc5,3,244140.625,335,3534,2255.7,53,54.5,ACA,10,2,0.10561435662371778,3225,456.8211,10.264,3225,456.8211,19.576,True,True
A002_Xf5d76d_Xcc5_spw3,bet_Pic_B3_EB_Xcc5,3,244140.625,335,3534,2255.7,53,54.5,ACA,10,3,0.09641847489164879,1725,619.1694,9.45,1725,619.1694,19.576,True,True
A002_Xf5d76d_Xcc5_spw3,bet_Pic_B3_EB_Xcc5,3,244140.625,335,3534,2255.7,53,54.5,ACA,10,4,0.09792774235569296,2111,673.2855,9.41,2111,673.2855,19.576,True,True
A002_Xf5d76d_Xcc5_spw3,bet_Pic_B3_EB_Xcc5,3,244140.625,335,3534,2255.7,53,54.5,ACA,10,5,0.09423616058044167,2089,1268.5625,9.545,2089,1268.5625,19.576,True,True
A002_Xf5d76d_Xcc5_spw3,bet_Pic_B3_EB_Xcc5,3,244140.625,335,3534,2255.7,53,54.5,ACA,10,6,0.09999732353239953,2702,-1112.5455,9.754,2702,-1112.5455,19.576,True,True
A002_Xf5d76d_Xcc5_spw3,bet_Pic_B3_EB_Xcc5,3,244140.625,335,3534,2255.7,53,54.5,ACA,10,7,0.08535410884544467,476,1268.5625,11.044,476,1268.5625,19.576,True,True
A002_Xf5d76d_Xcc5_spw3,bet_Pic_B3_EB_Xcc5,3,244140.625,335,3534,2255.7,53,54.5,ACA,10,8,0.09330030950238283,1163,-625.5007,12.001,1163,-625.5007,19.576,True,True
A002_Xf5d76d_Xcc5_spw3,bet_Pic_B3_EB_Xcc5,3,244140.625,335,3534,2255.7,53,54.5,ACA,10,9,0.0875134627465994,1032,727.4016,7.707,1032,727.4016,19.576,True,True
A002_Xf5d76d_Xcc5_spw3,bet_Pic_B3_EB_Xcc5,3,244140.625,335,3534,2255.7,53,54.5,ACA,10,10,0.10274860979010794,2527,510.9372,8.804,2527,510.9372,19.576,True,True
A002_Xf5d76d_Xcc5_spw3,bet_Pic_B3_EB_Xcc5,3,244140.625,335,3534,2255.7,53,54.5,ACA,10,11,0.09520559128153068,1600,-1383.1259,11.105,1600,-1383.1259,19.576,True,True
A002_Xf5d76d_Xcc5_spw3,bet_Pic_B3_EB_Xcc5,3,244140.625,335,3534,2255.7,53,54.5,ACA,10,12,0.09803991237725072,931,-300.8041,9.068,931,-300.8041,19.576,True,True
A002_Xf5d76d_Xcc5_spw3,bet_Pic_B3_EB_Xcc5,3,244140.625,335,3534,2255.7,53,54.5,ACA,10,13,0.10020060005994916,2447,-1329.0098,8.903,2447,-1329.0098,19.576,True,True
A002_Xf5d76d_Xcc5_spw3,bet_Pic_B3_EB_Xcc5,3,244140.625,335,3534,2255.7,53,54.5,ACA,10,14,0.09889535944285893,3287,-300.8041,9.878,3287,-300.8041,19.576,True,True
A002_Xf5d76d_Xcc5_spw3,bet_Pic_B3_EB_Xcc5,3,244140.625,335,3534,2255.7,53,54.5,ACA,10,15,0.10313969247959506,1108,1052.0981,10.402,1108,1052.0981,19.576,True,True
A002_Xf5d76d_Xcc5_spw3,bet_Pic_B3_EB_Xcc5,3,244140.625,335,3534,2255.7,53,54.5,ACA,12,0,0.11522818110946804,2986,-300.8041,12.787,2986,-300.8041,19.576,True,True
A002_Xf5d76d_Xcc5_spw3,bet_Pic_B3_EB_Xcc5,3,244140.625,335,3534,2255.7,53,54.5,ACA,12,1,0.12078014413103655,2796,-1004.3133,10.999,2796,-1004.3133,19.576,True,True
A002_Xf5d76d_Xcc5_spw3,bet_Pic_B3_EB_Xcc5,3,244140.625,335,3534,2255.7,53,54.5,ACA,12,2,0.12665816010875333,858,1160.3303,12.135,858,1160.3303,19.576,True,True
A002_Xf5d76d_Xcc5_spw3,bet_Pic_B3_EB_Xcc5,3,244140.625,335,3534,2255.7,53,54.5,ACA,12,3,0.09878971366547552,1663,1322.6785,14.523,1663,1322.6785,19.576,True,True
A002_Xf5d76d_Xcc5_spw3,bet_Pic_B3_EB_Xcc5,3,244140.625,335,3534,2255.7,53,54.5,ACA,12,4,0.12216469201137661,2872,-30.2237,11.339,2872,-30.2237,19.576,True,True
A002_Xf5d76d_Xcc5_spw3,bet_Pic_B3_EB_Xcc5,3,244140.625,335,3534,2255.7,53,54.5,ACA,12,5,0.11523893679326341,924,997.982,10.596,924,997.982,19.576,True,True
A002_Xf5d76d_Xcc5_spw3,bet_Pic_B3_EB_Xcc5,3,244140.625,335,3534,2255.7,53,54.5,ACA,12,6,0.12327346921808059,2213,781.5177,11.32,2213,781.5177,19.576,True,True
A002_Xf5d76d_Xcc5_spw3,bet_Pic_B3_EB_Xcc5,3,244140.625,335,3534,2255.7,53,54.5,ACA,12,7,0.10647539880872407,347,-625.5007,11.511,347,-625.5007,19.576,True,True
A002_Xf5d76d_Xcc5_spw3,bet_Pic_B3_EB_Xcc5,3,244140.625,335,3534,2255.7,53,54.5,ACA,12,8,0.1259069138841829,2651,-30.2237,11.774,2651,-30.2237,19.576,True,True
A002_Xf5d76d_Xcc5_spw3,bet_Pic_B3_EB_Xcc5,3,244140.625,335,3534,2255.7,53,54.5,ACA,12,9,0.12003760182167535,2397,-409.0363,9.754,2397,-409.0363,19.576,True,True
A002_Xf5d76d_Xcc5_spw3,bet_Pic_B3_EB_Xcc5,3,244140.625,335,3534,2255.7,53,54.5,ACA,12,10,0.12154803833682565,3078,781.5177,12.354,3078,781.5177,19.576,True,True
A002_Xf5d76d_Xcc5_spw3,bet_Pic_B3_EB_Xcc5,3,244140.625,335,3534,2255.7,53,54.5,ACA,12,11,0.09932206874465618,1394,-1112.5455,11.423,1394,-1112.5455,19.315,True,True
A002_Xf5d76d_Xcc5_spw3,bet_Pic_B3_EB_Xcc5,3,244140.625,335,3534,2255.7,53,54.5,ACA,12,12,0.10543712596991862,629,-30.2237,12.476,629,-30.2237,19.576,True,True
A002_Xf5d76d_Xcc5_spw3,bet_Pic_B3_EB_Xcc5,3,244140.625,335,3534,2255.7,53,54.5,ACA,12,13,0.09663049612140778,662,1160.3303,10.106,662,1160.3303,19.576,True,True
A002_Xf5d76d_Xcc5_spw3,bet_Pic_B3_EB_Xcc5,3,244140.625,335,3534,2255.7,53,54.5,ACA,12,14,0.13350110051180303,2911,-1329.0098,11.367,2911,-1329.0098,19.576,True,True
A002_Xf5d76d_Xcc5_spw3,bet_Pic_B3_EB_Xcc5,3,244140.625,335,3534,2255.7,53,54.5,ACA,12,15,0.11988175201173025,1304,-1112.5455,10.663,1304,-1112.5455,19.576,True,True
A002_Xf5d76d_Xcc5_spw3,bet_Pic_B3_EB_Xcc5,3,244140.625,335,3534,2255.7,53,54.5,ACA,15,0,0.145154483281083,1864,-1166.6616,14.834,1864,-1166.6616,19.576,True,True
A002_Xf5d76d_Xcc5_spw3,bet_Pic_B3_EB_Xcc5,3,244140.625,335,3534,2255.7,53,54.5,ACA,15,1,0.1473103977431983,921,-30.2237,14.415,921,-30.2237,19.576,True,True
A002_Xf5d76d_Xcc5_spw3,bet_Pic_B3_EB_Xcc5,3,244140.625,335,3534,2255.7,53,54.5,ACA,15,2,0.1456154195932108,1746,-84.3398,14.535,1746,-84.3398,19.576,True,True
A002_Xf5d76d_Xcc5_spw3,bet_Pic_B3_EB_Xcc5,3,244140.625,335,3534,2255.7,53,54.5,ACA,15,3,0.1420447653104098,1436,-300.8041,15.503,1436,-300.8041,19.514,True,True
A002_Xf5d76d_Xcc5_spw3,bet_Pic_B3_EB_Xcc5,3,244140.625,335,3534,2255.7,53,54.5,ACA,15,4,0.15974157287869248,2554,240.3568,14.718,2554,240.3568,19.576,True,True
A002_Xf5d76d_Xcc5_spw3,bet_Pic_B3_EB_Xcc5,3,244140.625,335,3534,2255.7,53,54.5,ACA,15,5,0.15727167454401492,1345,-409.0363,14.454,1345,-409.0363,19.576,True,True
A002_Xf5d76d_Xcc5_spw3,bet_Pic_B3_EB_Xcc5,3,244140.625,335,3534,2255.7,53,54.5,ACA,15,6,0.11623202358482072,148,1106.2142,13.062,148,1106.2142,19.576,True,True
A002_Xf5d76d_Xcc5_spw3,bet_Pic_B3_EB_Xcc5,3,244140.625,335,3534,2255.7,53,54.5,ACA,15,7,0.16104198349377397,3212,565.0533,16.122,3212,565.0533,19.576,True,True
A002_Xf5d76d_Xcc5_spw3,bet_Pic_B3_EB_Xcc5,3,244140.625,335,3534,2255.7,53,54.5,ACA,15,8,0.1445354777883123,221,997.982,14.196,221,997.982,19.576,True,True
A002_Xf5d76d_Xcc5_spw3,bet_Pic_B3_EB_Xcc5,3,244140.625,335,3534,2255.7,53,54.5,ACA,15,9,0.14159583502556122,1433,-787.8489,13.965,1433,-787.8489,19.322,True,True
A002_Xf5d76d_Xcc5_spw3,bet_Pic_B3_EB_Xcc5,3,244140.625,335,3534,2255.7,53,54.5,ACA,15,10,0.13577611154747224,806,240.3568,17.159,806,240.3568,19.576,True,True
A002_Xf5d76d_Xcc5_spw3,bet_Pic_B3_EB_Xcc5,3,244140.625,335,3534,2255.7,53,54.5,ACA,15,11,0.1571738650735787,2995,186.2407,14.529,2995,186.2407,19.576,True,True
A002_Xf5d76d_Xcc5_spw3,bet_Pic_B3_EB_Xcc5,3,244140.625,335,3534,2255.7,53,54.5,ACA,15,12,0.142594793801024,2396,-192.572,13.774,2396,-192.572,19.576,True,True
A002_Xf5d76d_Xcc5_spw3,bet_Pic_B3_EB_Xcc5,3,244140.625,335,3534,2255.7,53,54.5,ACA,15,13,0.11956682517449102,936,510.9372,12.667,936,510.9372,19.576,True,True
A002_Xf5d76d_Xcc5_spw3,bet_Pic_B3_EB_Xcc5,3,244140.625,335,3534,2255.7,53,54.5,ACA,15,14,0.1264673038163085,947,-1004.3133,17.191,947,-1004.3133,19.576,True,True
A002_Xf5d76d_Xcc5_spw3,bet_Pic_B3_EB_Xcc5,3,244140.625,335,3534,2255.7,53,54.5,ACA,15,15,0.15684236132436027,2589,-625.5007,15.247,2589,-625.5007,19.576,True,True
A002_X1237e23_Xdb0_spw3,AU_Mic_B3,3,976562.5,400,1768,2758.7,17,54.7,ACA,3,0,0.020926920434475978,1147,-1024.5154,3.562,1147,-1201.512,24.04,True,False
A002_X1237e23_Xdb0_spw3,AU_Mic_B3,3,976562.5,400,1768,2758.7,17,54.7,ACA,3,1,0.017054561115801593,1248,-493.5256,2.287,1248,-139.5324,24.04,False,False
A002_X1237e23_Xdb0_spw3,AU_Mic_B3,3,976562.5,400,1768,2758.7,17,54.7,ACA,3,2,0.01902520100524725,603,37.4642,2.585,603,-139.5324,24.04,True,False
A002_X1237e23_Xdb0_spw3,AU_Mic_B3,3,976562.5,400,1768,2758.7,17,54.7,ACA,3,3,0.017213775187868277,1070,-493.5256,1.906,1071,-139.5324,24.04,False,False
A002_X1237e23_Xdb0_spw3,AU_Mic_B3,3,976562.5,400,1768,2758.7,17,54.7,ACA,3,4,0.017861510426345106,671,-1024.5154,4.346,671,-1024.5154,24.04,True,False
A002_X1237e23_Xdb0_spw3,AU_Mic_B3,3,976562.5,400,1768,2758.7,17,54.7,ACA,3,5,0.019427928360136383,738,568.4541,2.79,738,568.4541,24.04,True,False
A002_X1237e23_Xdb0_spw3,AU_Mic_B3,3,976562.5,400,1768,2758.7,17,54.7,ACA,3,6,0.017493891285432005,343,-1024.5154,2.15,343,-1024.5154,24.04,True,False
A002_X1237e23_Xdb0_spw3,AU_Mic_B3,3,976562.5,400,1768,2758.7,17,54.7,ACA,3,7,0.020415977080452105,1251,37.4642,2.027,1252,-316.529,24.04,False,False
A002_X1237e23_Xdb0_spw3,AU_Mic_B3,3,976562.5,400,1768,2758.7,17,54.7,ACA,3,8,0.0199460559239987,1337,37.4642,3.203,1337,214.4608,23.966,True,False
A002_X1237e23_Xdb0_spw3,AU_Mic_B3,3,976562.5,400,1768,2758.7,17,54.7,ACA,3,9,0.018014285621322155,126,568.4541,3.058,126,-493.5256,24.04,False,False
A002_X1237e23_Xdb0_spw3,AU_Mic_B3,3,976562.5,400,1768,2758.7,17,54.7,ACA,3,10,0.021016634244041148,1476,-847.5188,5.839,1476,-1024.5154,24.04,True,True
A002_X1237e23_Xdb0_spw3,AU_Mic_B3,3,976562.5,400,1768,2758.7,17,54.7,ACA,3,11,0.016784078908184338,104,391.4574,2.695,104,-316.529,24.04,False,False
A002_X1237e23_Xdb0_spw3,AU_Mic_B3,3,976562.5,400,1768,2758.7,17,54.7,ACA,3,12,0.016136189759023464,136,1276.4405,1.448,136,1099.4439,24.04,True,False
A002_X1237e23_Xdb0_spw3,AU_Mic_B3,3,976562.5,400,1768,2758.7,17,54.7,ACA,3,13,0.018539218417257114,406,568.4541,2.352,406,391.4574,24.04,True,False
A002_X1237e23_Xdb0_spw3,AU_Mic_B3,3,976562.5,400,1768,2758.7,17,54.7,ACA,3,14,0.018268877603230746,582,-847.5188,3.033,582,745.4507,24.04,False,False
A002_X1237e23_Xdb0_spw3,AU_Mic_B3,3,976562.5,400,1768,2758.7,17,54.7,ACA,3,15,0.023501112621595995,1520,214.4608,3.805,1519,922.4473,24.04,False,False
A002_X1237e23_Xdb0_spw3,AU_Mic_B3,3,976562.5,400,1768,2758.7,17,54.7,ACA,4,0,0.027127341006500154,1410,-847.5188,5.28,1410,-847.5188,23.066,True,True
A002_X1237e23_Xdb0_spw3,AU_Mic_B3,3,976562.5,400,1768,2758.7,17,54.7,ACA,4,1,0.02207813723601224,141,568.4541,2.344,141,568.4541,24.04,True,False
A002_X1237e23_Xdb0_spw3,AU_Mic_B3,3,976562.5,400,1768,2758.7,17,54.7,ACA,4,2,0.027396453287135816,1050,568.4541,2.655,1050,391.4574,24.04,True,False
A002_X1237e23_Xdb0_spw3,AU_Mic_B3,3,976562.5,400,1768,2758.7,17,54.7,ACA,4,3,0.019399494171507162,1111,-1024.5154,5.153,1111,-1024.5154,24.04,True,True
A002_X1237e23_Xdb0_spw3,AU_Mic_B3,3,976562.5,400,1768,2758.7,17,54.7,ACA,4,4,0.028508704907141108,1134,568.4541,3.138,1134,568.4541,24.04,True,False
A002_X1237e23_Xdb0_spw3,AU_Mic_B3,3,976562.5,400,1768,2758.7,17,54.7,ACA,4,5,0.024397276467627998,416,-139.5324,2.523,416,-316.529,24.04,True,False
A002_X1237e23_Xdb0_spw3,AU_Mic_B3,3,976562.5,400,1768,2758.7,17,54.7,ACA,4,6,0.027689416938633075,725,-847.5188,4.554,726,-1378.5086,24.04,False,False
A002_X1237e23_Xdb0_spw3,AU_Mic_B3,3,976562.5,400,1768,2758.7,17,54.7,ACA,4,7,0.028639729440977982,1395,-1378.5086,5.7,1395,-1201.512,24.032,True,True
A002_X1237e23_Xdb0_spw3,AU_Mic_B3,3,976562.5,400,1768,2758.7,17,54.7,ACA,4,8,0.027772300825583716,1405,745.4507,2.753,1405,922.4473,24.026,True,False
A002_X1237e23_Xdb0_spw3,AU_Mic_B3,3,976562.5,400,1768,2758.7,17,54.7,ACA,4,9,0.02905249503313101,1267,-1024.5154,4.359,1267,-1024.5154,24.04,True,False
A002_X1237e23_Xdb0_spw3,AU_Mic_B3,3,976562.5,400,1768,2758.7,17,54.7,ACA,4,10,0.021778741456809685,333,214.4608,3.613,333,214.4608,24.04,True,False
A002_X1237e23_Xdb0_spw3,AU_Mic_B3,3,976562.5,400,1768,2758.7,17,54.7,ACA,4,11,0.026417232998676436,1112,1453.4371,4.349,1112,1453.4371,24.04,True,False
A002_X1237e23_Xdb0_spw3,AU_Mic_B3,3,976562.5,400,1768,2758.7,17,54.7,ACA,4,12,0.026529666243975205,1118,-493.5256,3.711,1118,-493.5256,24.04,True,False
A002_X1237e23_Xdb0_spw3,AU_Mic_B3,3,976562.5,400,1768,2758.7,17,54.7,ACA,4,13,0.028574319470568155,1573,568.4541,3.489,1573,568.4541,24.04,True,False
A002_X1237e23_Xdb0_spw3,AU_Mic_B3,3,976562.5,400,1768,2758.7,17,54.7,ACA,4,14,0.02389282774396089,210,-493.5256,5.359,210,-493.5256,24.04,True,True
A002_X1237e23_Xdb0_spw3,AU_Mic_B3,3,976562.5,400,1768,2758.7,17,54.7,ACA,4,15,0.021622146305215435,1407,-1378.5086,2.539,1406,-1024.5154,24.03,False,False
A002_X1237e23_Xdb0_spw3,AU_Mic_B3,3,976562.5,400,1768,2758.7,17,54.7,ACA,5,0,0.029782238795434464,248,-847.5188,5.376,248,-847.5188,24.04,True,True
A002_X1237e23_Xdb0_spw3,AU_Mic_B3,3,976562.5,400,1768,2758.7,17,54.7,ACA,5,1,0.02929179894241526,430,-493.5256,5.437,430,-493.5256,24.04,True,True
A002_X1237e23_Xdb0_spw3,AU_Mic_B3,3,976562.5,400,1768,2758.7,17,54.7,ACA,5,2,0.03877977271329308,1382,922.4473,4.714,1382,922.4473,24.022,True,False
A002_X1237e23_Xdb0_spw3,AU_Mic_B3,3,976562.5,400,1768,2758.7,17,54.7,ACA,5,3,0.03348436412701672,775,37.4642,4.961,775,-139.5324,24.04,True,False
A002_X1237e23_Xdb0_spw3,AU_Mic_B3,3,976562.5,400,1768,2758.7,17,54.7,ACA,5,4,0.03680766802545123,1310,-1378.5086,8.464,1309,1276.4405,24.036,False,True
A002_X1237e23_Xdb0_spw3,AU_Mic_B3,3,976562.5,400,1768,2758.7,17,54.7,ACA,5,5,0.03851846165937301,1617,-493.5256,3.843,1617,-493.5256,24.04,True,False
A002_X1237e23_Xdb0_spw3,AU_Mic_B3,3,976562.5,400,1768,2758.7,17,54.7,ACA,5,6,0.034284674612910904,1104,1099.4439,5.62,1104,1099.4439,24.04,True,True
A002_X1237e23_Xdb0_spw3,AU_Mic_B3,3,976562.5,400,1768,2758.7,17,54.7,ACA,5,7,0.034699134828463506,823,214.4608,6.647,823,214.4608,24.04,True,True
A002_X1237e23_Xdb0_spw3,AU_Mic_B3,3,976562.5,400,1768,2758.7,17,54.7,ACA,5,8,0.0319925753143619,582,-1201.512,5.691,582,-1201.512,24.04,True,True
A002_X1237e23_Xdb0_spw3,AU_Mic_B3,3,976562.5,400,1768,2758.7,17,54.7,ACA,5,9,0.03194454579450767,224,-1378.5086,4.701,224,-1378.5086,24.04,True,False
A002_X1237e23_Xdb0_spw3,AU_Mic_B3,3,976562.5,400,1768,2758.7,17,54.7,ACA,5,10,0.02788009338263276,1248,-316.529,3.529,1248,-139.5324,24.04,True,False
A002_X1237e23_Xdb0_spw3,AU_Mic_B3,3,976562.5,400,1768,2758.7,17,54.7,ACA,5,11,0.03332454611603685,1157,214.4608,5.908,1157,214.4608,24.04,True,True
A002_X1237e23_Xdb0_spw3,AU_Mic_B3,3,976562.5,400,1768,2758.7,17,54.7,ACA,5,12,0.027445652769182507,93,922.4473,3.799,93,745.4507,24.04,True,False
A002_X1237e23_Xdb0_spw3,AU_Mic_B3,3,976562.5,400,1768,2758.7,17,54.7,ACA,5,13,0.03082021338098598,1325,568.4541,4.903,1324,922.4473,24.032,False,False
A002_X1237e23_Xdb0_spw3,AU_Mic_B3,3,976562.5,400,1768,2758.7,17,54.7,ACA,5,14,0.03126783535765941,1284,-139.5324,4.5,1284,-139.5324,24.04,True,False
A002_X1237e23_Xdb0_spw3,AU_Mic_B3,3,976562.5,400,1768,2758.7,17,54.7,ACA,5,15,0.025774416825514703,178,1453.4371,5.21,178,1453.4371,24.04,True,True
A002_X1237e23_Xdb0_spw3,AU_Mic_B3,3,976562.5,400,1768,2758.7,17,54.7,ACA,6,0,0.04901974331854573,1701,-670.5222,6.194,1701,-670.5222,24.04,True,True
A002_X1237e23_Xdb0_spw3,AU_Mic_B3,3,976562.5,400,1768,2758.7,17,54.7,ACA,6,1,0.0393172630026086,1106,37.4642,4.113,1106,-139.5324,24.04,True,False
A002_X1237e23_Xdb0_spw3,AU_Mic_B3,3,976562.5,400,1768,2758.7,17,54.7,ACA,6,2,0.04619097361080768,1415,568.4541,6.068,1415,568.4541,24.013,True,True
A002_X1237e23_Xdb0_spw3,AU_Mic_B3,3,976562.5,400,1768,2758.7,17,54.7,ACA,6,3,0.03509788952514368,95,37.4642,5.351,95,-139.5324,24.04,True,True
A002_X1237e23_Xdb0_spw3,AU_Mic_B3,3,976562.5,400,1768,2758.7,17,54.7,ACA,6,4,0.042465570667541995,1287,568.4541,5.736,1287,568.4541,24.04,True,True
A002_X1237e23_Xdb0_spw3,AU_Mic_B3,3,976562.5,400,1768,2758.7,17,54.7,ACA,6,5,0.03782350744586499,459,214.4608,6.22,459,214.4608,24.04,True,True
A002_X1237e23_Xdb0_spw3,AU_Mic_B3,3,976562.5,400,1768,2758.7,17,54.7,ACA,6,6,0.038782935332504605,995,-493.5256,5.78,995,-493.5256,24.04,True,True
A002_X1237e23_Xdb0_spw3,AU_Mic_B3,3,976562.5,400,1768,2758.7,17,54.7,ACA,6,7,0.036443376921763915,720,-1201.512,6.028,720,-1201.512,24.04,True,True
A002_X1237e23_Xdb0_spw3,AU_Mic_B3,3,976562.5,400,1768,2758.7,17,54.7,ACA,6,8,0.04178634397071265,1401,214.4608,6.287,1401,391.4574,24.021,True,True
A002_X1237e23_Xdb0_spw3,AU_Mic_B3,3,976562.5,400,1768,2758.7,17,54.7,ACA,6,9,0.043982123348681394,1146,391.4574,5.546,1146,391.4574,24.04,True,True
A002_X1237e23_Xdb0_spw3,AU_Mic_B3,3,976562.5,400,1768,2758.7,17,54.7,ACA,6,10,0.04096360441263901,1123,214.4608,5.74,1123,214.4608,24.04,True,True
A002_X1237e23_Xdb0_spw3,AU_Mic_B3,3,976562.5,400,1768,2758.7,17,54.7,ACA,6,11,0.03303341444060778,739,-493.5256,5.253,739,-493.5256,24.04,True,True
A002_X1237e23_Xdb0_spw3,AU_Mic_B3,3,976562.5,400,1768,2758.7,17,54.7,ACA,6,12,0.04290835444848155,1020,-1024.5154,5.803,1020,-1024.5154,24.04,True,True
A002_X1237e23_Xdb0_spw3,AU_Mic_B3,3,976562.5,400,1768,2758.7,17,54.7,ACA,6,13,0.033149022853448895,330,1453.4371,5.673,330,1453.4371,24.04,True,True
A002_X1237e23_Xdb0_spw3,AU_Mic_B3,3,976562.5,400,1768,2758.7,17,54.7,ACA,6,14,0.035564727996810826,236,1453.4371,5.959,236,1453.4371,24.04,True,True
A002_X1237e23_Xdb0_spw3,AU_Mic_B3,3,976562.5,400,1768,2758.7,17,54.7,ACA,6,15,0.03893221611849405,602,-670.5222,6.239,602,-670.5222,24.04,True,True
A002_X1237e23_Xdb0_spw3,AU_Mic_B3,3,976562.5,400,1768,2758.7,17,54.7,ACA,7,0,0.038878614686282405,578,-670.5222,4.524,578,-670.5222,24.04,True,False
A002_X1237e23_Xdb0_spw3,AU_Mic_B3,3,976562.5,400,1768,2758.7,17,54.7,ACA,7,1,0.051983187697483356,1683,-1378.5086,8.257,1682,-493.5256,24.04,False,True
A002_X1237e23_Xdb0_spw3,AU_Mic_B3,3,976562.5,400,1768,2758.7,17,54.7,ACA,7,2,0.04214466019197153,508,214.4608,6.801,508,214.4608,24.04,True,True
A002_X1237e23_Xdb0_spw3,AU_Mic_B3,3,976562.5,400,1768,2758.7,17,54.7,ACA,7,3,0.04440572606010039,396,37.4642,6.044,396,-139.5324,24.04,True,True
A002_X1237e23_Xdb0_spw3,AU_Mic_B3,3,976562.5,400,1768,2758.7,17,54.7,ACA,7,4,0.04545959114674838,586,-139.5324,7.633,586,214.4608,24.04,False,True
A002_X1237e23_Xdb0_spw3,AU_Mic_B3,3,976562.5,400,1768,2758.7,17,54.7,ACA,7,5,0.03911711238786597,255,922.4473,7.728,255,922.4473,24.04,True,True
A002_X1237e23_Xdb0_spw3,AU_Mic_B3,3,976562.5,400,1768,2758.7,17,54.7,ACA,7,6,0.038024726299601595,205,-316.529,6.903,205,-316.529,24.04,True,True
A002_X1237e23_Xdb0_spw3,AU_Mic_B3,3,976562.5,400,1768,2758.7,17,54.7,ACA,7,7,0.05074276521519788,1423,-316.529,7.23,1423,-316.529,23.056,True,True
A002_X1237e23_Xdb0_spw3,AU_Mic_B3,3,976562.5,400,1768,2758.7,17,54.7,ACA,7,8,0.04941759012073899,1197,-1024.5154,6.876,1197,-1024.5154,24.04,True,True
A002_X1237e23_Xdb0_spw3,AU_Mic_B3,3,976562.5,400,1768,2758.7,17,54.7,ACA,7,9,0.04295594651033063,1193,-1024.5154,5.719,1193,-1024.5154,24.04,True,True
A002_X1237e23_Xdb0_spw3,AU_Mic_B3,3,976562.5,400,1768,2758.7,17,54.7,ACA,7,10,0.04366257879913682,894,568.4541,6.577,894,568.4541,24.04,True,True
A002_X1237e23_Xdb0_spw3,AU_Mic_B3,3,976562.5,400,1768,2758.7,17,54.7,ACA,7,11,0.049792638288884236,1110,-1378.5086,6.776,1110,-1378.5086,24.04,True,True
A002_X1237e23_Xdb0_spw3,AU_Mic_B3,3,976562.5,400,1768,2758.7,17,54.7,ACA,7,12,0.04499119784317799,1014,568.4541,6.585,1014,568.4541,24.04,True,True
A002_X1237e23_Xdb0_spw3,AU_Mic_B3,3,976562.5,400,1768,2758.7,17,54.7,ACA,7,13,0.045102611699115926,1148,745.4507,10.368,1148,745.4507,24.04,True,True
A002_X1237e23_Xdb0_spw3,AU_Mic_B3,3,976562.5,400,1768,2758.7,17,54.7,ACA,7,14,0.0441341856628259,72,-1201.512,7.291,72,-1201.512,24.04,True,True
A002_X1237e23_Xdb0_spw3,AU_Mic_B3,3,976562.5,400,1768,2758.7,17,54.7,ACA,7,15,0.05648776760502084,1694,-1378.5086,5.543,1694,-1378.5086,24.04,True,True
A002_X1237e23_Xdb0_spw3,AU_Mic_B3,3,976562.5,400,1768,2758.7,17,54.7,ACA,8,0,0.05271906095054147,884,1099.4439,8.176,884,1099.4439,24.04,True,True
A002_X1237e23_Xdb0_spw3,AU_Mic_B3,3,976562.5,400,1768,2758.7,17,54.7,ACA,8,1,0.048173406330607044,261,-1378.5086,7.227,261,-1378.5086,24.04,True,True
A002_X1237e23_Xdb0_spw3,AU_Mic_B3,3,976562.5,400,1768,2758.7,17,54.7,ACA,8,2,0.0493111928635312,548,1099.4439,9.054,548,1099.4439,24.04,True,True
A002_X1237e23_Xdb0_spw3,AU_Mic_B3,3,976562.5,400,1768,2758.7,17,54.7,ACA,8,3,0.046453190649715766,583,1453.4371,8.383,583,1453.4371,24.04,True,True
A002_X1237e23_Xdb0_spw3,AU_Mic_B3,3,976562.5,400,1768,2758.7,17,54.7,ACA,8,4,0.05772241566669653,1197,391.4574,8.565,1197,391.4574,24.04,True,True
A002_X1237e23_Xdb0_spw3,AU_Mic_B3,3,976562.5,400,1768,2758.7,17,54.7,ACA,8,5,0.04781557677227077,950,214.4608,8.453,950,214.4608,24.04,True,True
A002_X1237e23_Xdb0_spw3,AU_Mic_B3,3,976562.5,400,1768,2758.7,17,54.7,ACA,8,6,0.049353531089392555,833,922.4473,8.138,833,922.4473,24.04,True,True
A002_X1237e23_Xdb0_spw3,AU_Mic_B3,3,976562.5,400,1768,2758.7,17,54.7,ACA,8,7,0.05006868902302254,798,-1201.512,9.168,798,-1201.512,24.04,True,True
A002_X1237e23_Xdb0_spw3,AU_Mic_B3,3,976562.5,400,1768,2758.7,17,54.7,ACA,8,8,0.05207313699579289,706,922.4473,5.239,706,1099.4439,24.04,True,True
A002_X1237e23_Xdb0_spw3,AU_Mic_B3,3,976562.5,400,1768,2758.7,17,54.7,ACA,8,9,0.06044236014153341,1065,-670.5222,7.922,1065,-670.5222,24.04,True,True
A002_X1237e23_Xdb0_spw3,AU_Mic_B3,3,976562.5,400,1768,2758.7,17,54.7,ACA,8,10,0.045375857938253335,400,-316.529,8.633,400,-316.529,24.04,True,True
A002_X1237e23_Xdb0_spw3,AU_Mic_B3,3,976562.5,400,1768,2758.7,17,54.7,ACA,8,11,0.04952516874546588,619,214.4608,8.442,619,214.4608,24.04,True,True
A002_X1237e23_Xdb0_spw3,AU_Mic_B3,3,976562.5,400,1768,2758.7,17,54.7,ACA,8,12,0.045507588976593676,530,-670.5222,10.851,530,-670.5222,24.04,True,True
A002_X1237e23_Xdb0_spw3,AU_Mic_B3,3,976562.5,400,1768,2758.7,17,54.7,ACA,8,13,0.039805535632429716,369,-670.5222,6.692,370,-1024.5154,24.04,False,True
A002_X1237e23_Xdb0_spw3,AU_Mic_B3,3,976562.5,400,1768,2758.7,17,54.7,ACA,8,14,0.05157084739105147,387,37.4642,8.219,387,-139.5324,24.04,True,True
A002_X1237e23_Xdb0_spw3,AU_Mic_B3,3,976562.5,400,1768,2758.7,17,54.7,ACA,8,15,0.058867487709321716,1361,-139.5324,8.924,1361,-139.5324,23.842,True,True
A002_X1237e23_Xdb0_spw3,AU_Mic_B3,3,976562.5,400,1768,2758.7,17,54.7,ACA,10,0,0.06792831410541486,1469,1276.4405,11.691,1469,1276.4405,24.04,True,True
A002_X1237e23_Xdb0_spw3,AU_Mic_B3,3,976562.5,400,1768,2758.7,17,54.7,ACA,10,1,0.07690468268292092,1007,-670.5222,10.792,1007,-670.5222,24.04,True,True
A002_X1237e23_Xdb0_spw3,AU_Mic_B3,3,976562.5,400,1768,2758.7,17,54.7,ACA,10,2,0.06770147161979415,1180,37.4642,9.563,1180,-139.5324,24.04,True,True
A002_X1237e23_Xdb0_spw3,AU_Mic_B3,3,976562.5,400,1768,2758.7,17,54.7,ACA,10,3,0.05852109160014782,148,1453.4371,10.498,148,1453.4371,24.04,True,True
A002_X1237e23_Xdb0_spw3,AU_Mic_B3,3,976562.5,400,1768,2758.7,17,54.7,ACA,10,4,0.07058901494134776,984,1453.4371,9.813,984,1453.4371,24.04,True,True
A002_X1237e23_Xdb0_spw3,AU_Mic_B3,3,976562.5,400,1768,2758.7,17,54.7,ACA,10,5,0.06724845096446952,442,1276.4405,10.15,442,1276.4405,24.04,True,True
A002_X1237e23_Xdb0_spw3,AU_Mic_B3,3,976562.5,400,1768,2758.7,17,54.7,ACA,10,6,0.07253113939142569,701,214.4608,9.999,701,214.4608,24.04,True,True
A002_X1237e23_Xdb0_spw3,AU_Mic_B3,3,976562.5,400,1768,2758.7,17,54.7,ACA,10,7,0.06173250680214005,330,-493.5256,9.346,330,-493.5256,24.04,True,True
A002_X1237e23_Xdb0_spw3,AU_Mic_B3,3,976562.5,400,1768,2758.7,17,54.7,ACA,10,8,0.06735530400120418,1285,1099.4439,10.049,1285,1099.4439,24.04,True,True
A002_X1237e23_Xdb0_spw3,AU_Mic_B3,3,976562.5,400,1768,2758.7,17,54.7,ACA,10,9,0.057440927309699547,290,1276.4405,9.574,290,1276.4405,24.04,True,True
A002_X1237e23_Xdb0_spw3,AU_Mic_B3,3,976562.5,400,1768,2758.7,17,54.7,ACA,10,10,0.07356725273443813,1444,745.4507,10.227,1444,745.4507,24.04,True,True
A002_X1237e23_Xdb0_spw3,AU_Mic_B3,3,976562.5,400,1768,2758.7,17,54.7,ACA,10,11,0.07386552318639812,1166,-139.5324,9.353,1166,-139.5324,24.04,True,True
A002_X1237e23_Xdb0_spw3,AU_Mic_B3,3,976562.5,400,1768,2758.7,17,54.7,ACA,10,12,0.07038788375955196,930,-1024.5154,9.741,930,-1024.5154,24.04,True,True
A002_X1237e23_Xdb0_spw3,AU_Mic_B3,3,976562.5,400,1768,2758.7,17,54.7,ACA,10,13,0.06609454024174521,1098,214.4608,9.137,1098,214.4608,24.04,True,True
A002_X1237e23_Xdb0_spw3,AU_Mic_B3,3,976562.5,400,1768,2758.7,17,54.7,ACA,10,14,0.06906063713330012,1251,1099.4439,10.119,1251,1099.4439,24.04,True,True
A002_X1237e23_Xdb0_spw3,AU_Mic_B3,3,976562.5,400,1768,2758.7,17,54.7,ACA,10,15,0.06324054980314597,1348,214.4608,9.935,1348,214.4608,24.027,True,True
A002_X1237e23_Xdb0_spw3,AU_Mic_B3,3,976562.5,400,1768,2758.7,17,54.7,ACA,12,0,0.07853354188661064,1092,1453.4371,12.586,1092,1453.4371,24.04,True,True
A002_X1237e23_Xdb0_spw3,AU_Mic_B3,3,976562.5,400,1768,2758.7,17,54.7,ACA,12,1,0.08243736765726659,1239,745.4507,11.033,1239,745.4507,24.04,True,True
A002_X1237e23_Xdb0_spw3,AU_Mic_B3,3,976562.5,400,1768,2758.7,17,54.7,ACA,12,2,0.07396524455638329,383,-670.5222,11.639,383,-670.5222,24.04,True,True
A002_X1237e23_Xdb0_spw3,AU_Mic_B3,3,976562.5,400,1768,2758.7,17,54.7,ACA,12,3,0.09007405104155494,1397,-493.5256,12.38,1397,-493.5256,23.997,True,True
A002_X1237e23_Xdb0_spw3,AU_Mic_B3,3,976562.5,400,1768,2758.7,17,54.7,ACA,12,4,0.08655228501064072,1247,568.4541,12.974,1247,568.4541,24.04,True,True
A002_X1237e23_Xdb0_spw3,AU_Mic_B3,3,976562.5,400,1768,2758.7,17,54.7,ACA,12,5,0.07544721372323324,607,1099.4439,11.83,607,1099.4439,24.04,True,True
A002_X1237e23_Xdb0_spw3,AU_Mic_B3,3,976562.5,400,1768,2758.7,17,54.7,ACA,12,6,0.07075847480633515,1472,745.4507,7.355,1472,745.4507,24.04,True,True
A002_X1237e23_Xdb0_spw3,AU_Mic_B3,3,976562.5,400,1768,2758.7,17,54.7,ACA,12,7,0.06760388889666455,548,922.4473,12.251,548,922.4473,24.04,True,True
A002_X1237e23_Xdb0_spw3,AU_Mic_B3,3,976562.5,400,1768,2758.7,17,54.7,ACA,12,8,0.07065786695938744,446,1453.4371,12.48,446,1453.4371,24.04,True,True
A002_X1237e23_Xdb0_spw3,AU_Mic_B3,3,976562.5,400,1768,2758.7,17,54.7,ACA,12,9,0.08935029445308346,1392,1453.4371,23.037,1391,-1378.5086,23.037,False,True
A002_X1237e23_Xdb0_spw3,AU_Mic_B3,3,976562.5,400,1768,2758.7,17,54.7,ACA,12,10,0.07480281139474829,289,214.4608,12.098,289,214.4608,24.04,True,True
A002_X1237e23_Xdb0_spw3,AU_Mic_B3,3,976562.5,400,1768,2758.7,17,54.7,ACA,12,11,0.08136288896551995,1413,-493.5256,11.595,1413,-493.5256,24.011,True,True
A002_X1237e23_Xdb0_spw3,AU_Mic_B3,3,976562.5,400,1768,2758.7,17,54.7,ACA,12,12,0.07888514712661196,961,1453.4371,11.79,961,1453.4371,24.04,True,True
A002_X1237e23_Xdb0_spw3,AU_Mic_B3,3,976562.5,400,1768,2758.7,17,54.7,ACA,12,13,0.08111652039676419,1404,-1201.512,13.216,1404,-1201.512,24.013,True,True
A002_X1237e23_Xdb0_spw3,AU_Mic_B3,3,976562.5,400,1768,2758.7,17,54.7,ACA,12,14,0.08050286726911049,880,1099.4439,12.97,880,1099.4439,24.04,True,True
A002_X1237e23_Xdb0_spw3,AU_Mic_B3,3,976562.5,400,1768,2758.7,17,54.7,ACA,12,15,0.07918667983152261,1181,1453.4371,12.891,1181,1453.4371,24.04,True,True
A002_X1237e23_Xdb0_spw3,AU_Mic_B3,3,976562.5,400,1768,2758.7,17,54.7,ACA,15,0,0.08198597988425095,458,-139.5324,13.98,458,-139.5324,24.04,True,True
A002_X1237e23_Xdb0_spw3,AU_Mic_B3,3,976562.5,400,1768,2758.7,17,54.7,ACA,15,1,0.11176896856372497,1463,745.4507,15.285,1463,745.4507,24.04,True,True
A002_X1237e23_Xdb0_spw3,AU_Mic_B3,3,976562.5,400,1768,2758.7,17,54.7,ACA,15,2,0.08953338161739513,551,37.4642,14.629,551,-139.5324,24.04,True,True
A002_X1237e23_Xdb0_spw3,AU_Mic_B3,3,976562.5,400,1768,2758.7,17,54.7,ACA,15,3,0.11371102342169351,1503,-493.5256,14.823,1503,-493.5256,24.04,True,True
A002_X1237e23_Xdb0_spw3,AU_Mic_B3,3,976562.5,400,1768,2758.7,17,54.7,ACA,15,4,0.08845920448304921,316,-139.5324,16.082,316,-139.5324,24.04,True,True
A002_X1237e23_Xdb0_spw3,AU_Mic_B3,3,976562.5,400,1768,2758.7,17,54.7,ACA,15,5,0.09034010030421855,604,745.4507,14.618,604,745.4507,24.04,True,True
A002_X1237e23_Xdb0_spw3,AU_Mic_B3,3,976562.5,400,1768,2758.7,17,54.7,ACA,15,6,0.11161835079975531,1123,-847.5188,15.098,1123,-847.5188,24.04,True,True
A002_X1237e23_Xdb0_spw3,AU_Mic_B3,3,976562.5,400,1768,2758.7,17,54.7,ACA,15,7,0.09261155601511248,469,-1201.512,15.781,469,-1201.512,24.04,True,True
A002_X1237e23_Xdb0_spw3,AU_Mic_B3,3,976562.5,400,1768,2758.7,17,54.7,ACA,15,8,0.11028802497698917,1641,-847.5188,14.774,1641,-847.5188,24.04,True,True
A002_X1237e23_Xdb0_spw3,AU_Mic_B3,3,976562.5,400,1768,2758.7,17,54.7,ACA,15,9,0.09608326566556386,556,745.4507,13.759,556,745.4507,24.04,True,True
A002_X1237e23_Xdb0_spw3,AU_Mic_B3,3,976562.5,400,1768,2758.7,17,54.7,ACA,15,10,0.09886868492344733,901,-1378.5086,15.027,901,-1378.5086,24.04,True,True
A002_X1237e23_Xdb0_spw3,AU_Mic_B3,3,976562.5,400,1768,2758.7,17,54.7,ACA,15,11,0.09636783522708688,987,-1024.5154,15.452,987,-1024.5154,24.04,True,True
A002_X1237e23_Xdb0_spw3,AU_Mic_B3,3,976562.5,400,1768,2758.7,17,54.7,ACA,15,12,0.1073638440807571,1275,37.4642,15.093,1275,-139.5324,24.04,True,True
A002_X1237e23_Xdb0_spw3,AU_Mic_B3,3,976562.5,400,1768,2758.7,17,54.7,ACA,15,13,0.09802820586727314,1077,745.4507,14.795,1077,1276.4405,24.04,False,True
A002_X1237e23_Xdb0_spw3,AU_Mic_B3,3,976562.5,400,1768,2758.7,17,54.7,ACA,15,14,0.09539466990857601,259,-1378.5086,14.319,259,-1378.5086,24.04,True,True
A002_X1237e23_Xdb0_spw3,AU_Mic_B3,3,976562.5,400,1768,2758.7,17,54.7,ACA,15,15,0.08779602393056922,234,745.4507,14.698,234,745.4507,24.04,True,True
A002_Xc26103_X155a_spw16,HD_48370_B6,6,122070.3125,186,3770,2299.9,210,27.2,12m,3,0,0.2069715187352783,1859,867.0089,6.462,1859,-1494.9178,13.761,False,True
A002_Xc26103_X155a_spw16,HD_48370_B6,6,122070.3125,186,3770,2299.9,210,27.2,12m,3,1,0.22145528326300973,382,-1866.4568,5.036,382,1769.3179,13.761,False,True
A002_Xc26103_X155a_spw16,HD_48370_B6,6,122070.3125,186,3770,2299.9,210,27.2,12m,3,2,0.19689663236926427,976,-539.5317,4.69,976,-539.5317,13.761,True,False
A002_Xc26103_X155a_spw16,HD_48370_B6,6,122070.3125,186,3770,2299.9,210,27.2,12m,3,3,0.17903092754563354,2340,681.2394,3.109,2340,681.2394,13.761,True,False
A002_Xc26103_X155a_spw16,HD_48370_B6,6,122070.3125,186,3770,2299.9,210,27.2,12m,3,4,0.2423299667238943,601,-2423.7653,9.608,601,415.8543,13.761,False,True
A002_Xc26103_X155a_spw16,HD_48370_B6,6,122070.3125,186,3770,2299.9,210,27.2,12m,3,5,0.2068924361554277,1966,1848.9334,4.454,1965,-247.6082,13.761,False,False
A002_Xc26103_X155a_spw16,HD_48370_B6,6,122070.3125,186,3770,2299.9,210,27.2,12m,3,6,0.19623043763500833,1371,999.7014,4.784,1370,1848.9334,13.761,False,False
A002_Xc26103_X155a_spw16,HD_48370_B6,6,122070.3125,186,3770,2299.9,210,27.2,12m,3,7,0.17589888213778335,3583,628.1624,4.739,3583,628.1624,13.761,True,False
A002_Xc26103_X155a_spw16,HD_48370_B6,6,122070.3125,186,3770,2299.9,210,27.2,12m,3,8,0.2113482215331442,707,-1654.1488,8.399,706,2432.7805,13.761,False,True
A002_Xc26103_X155a_spw16,HD_48370_B6,6,122070.3125,186,3770,2299.9,210,27.2,12m,3,9,0.18590802188639505,3376,-1972.6108,4.394,3376,-857.9937,13.761,False,False
A002_Xc26103_X155a_spw16,HD_48370_B6,6,122070.3125,186,3770,2299.9,210,27.2,12m,3,10,0.16678062431084245,3663,-1919.5338,4.606,3664,-167.9927,13.761,False,False
A002_Xc26103_X155a_spw16,HD_48370_B6,6,122070.3125,186,3770,2299.9,210,27.2,12m,3,11,0.19411032646700027,793,1848.9334,4.297,794,1610.0869,13.761,False,False
A002_Xc26103_X155a_spw16,HD_48370_B6,6,122070.3125,186,3770,2299.9,210,27.2,12m,3,12,0.21356646527677936,1297,-274.1467,3.861,1296,2167.3954,13.761,False,False
A002_Xc26103_X155a_spw16,HD_48370_B6,6,122070.3125,186,3770,2299.9,210,27.2,12m,3,13,0.22545253779357857,268,-2636.0733,7.21,267,1769.3179,13.761,False,True
A002_Xc26103_X155a_spw16,HD_48370_B6,6,122070.3125,186,3770,2299.9,210,27.2,12m,3,14,0.20297312829511274,484,362.7773,2.885,485,-2582.9963,13.761,False,False
A002_Xc26103_X155a_spw16,HD_48370_B6,6,122070.3125,186,3770,2299.9,210,27.2,12m,3,15,0.1921316413203773,990,2459.319,11.428,991,2193.9339,13.761,False,True
A002_Xc26103_X155a_spw16,HD_48370_B6,6,122070.3125,186,3770,2299.9,210,27.2,12m,4,0,0.3031622456604912,881,1079.3169,4.288,881,1079.3169,13.761,True,False
A002_Xc26103_X155a_spw16,HD_48370_B6,6,122070.3125,186,3770,2299.9,210,27.2,12m,4,1,0.27149577378714307,228,-2529.9193,4.458,228,-2529.9193,13.761,True,False
A002_Xc26103_X155a_spw16,HD_48370_B6,6,122070.3125,186,3770,2299.9,210,27.2,12m,4,2,0.2384809655624563,3547,-1229.5327,4.052,3547,-1229.5327,13.761,True,False
A002_Xc26103_X155a_spw16,HD_48370_B6,6,122070.3125,186,3770,2299.9,210,27.2,12m,4,3,0.23204718425210533,3257,-1892.9953,6.02,3258,1716.2409,13.761,False,True
A002_Xc26103_X155a_spw16,HD_48370_B6,6,122070.3125,186,3770,2299.9,210,27.2,12m,4,4,0.27691377222127805,722,-2344.1498,8.247,721,1238.5479,13.761,False,True
A002_Xc26103_X155a_spw16,HD_48370_B6,6,122070.3125,186,3770,2299.9,210,27.2,12m,4,5,0.2701259642402167,1940,123.9308,4.546,1941,2247.0109,13.761,False,False
A002_Xc26103_X155a_spw16,HD_48370_B6,6,122070.3125,186,3770,2299.9,210,27.2,12m,4,6,0.17492262992793184,2980,1981.6259,5.243,2981,-8.7617,13.761,False,True
A002_Xc26103_X155a_spw16,HD_48370_B6,6,122070.3125,186,3770,2299.9,210,27.2,12m,4,7,0.28265652021805987,1239,-194.5312,3.864,1238,-911.0707,13.761,False,False
A002_Xc26103_X155a_spw16,HD_48370_B6,6,122070.3125,186,3770,2299.9,210,27.2,12m,4,8,0.27802032911762403,988,707.7779,10.655,987,2432.7805,13.761,False,True
A002_Xc26103_X155a_spw16,HD_48370_B6,6,122070.3125,186,3770,2299.9,210,27.2,12m,4,9,0.23559209077990856,2890,-1229.5327,3.162,2890,681.2394,13.761,False,False
A002_Xc26103_X155a_spw16,HD_48370_B6,6,122070.3125,186,3770,2299.9,210,27.2,12m,4,10,0.19229854738234542,3656,-1707.2258,8.292,3655,-2742.2273,13.761,False,True
A002_Xc26103_X155a_spw16,HD_48370_B6,6,122070.3125,186,3770,2299.9,210,27.2,12m,4,11,0.270982364033709,858,-1680.6873,4.72,859,1185.4709,13.761,False,False
A002_Xc26103_X155a_spw16,HD_48370_B6,6,122070.3125,186,3770,2299.9,210,27.2,12m,4,12,0.26979236690576985,3207,-1760.3028,7.363,3207,-1733.7643,13.761,True,True
A002_Xc26103_X155a_spw16,HD_48370_B6,6,122070.3125,186,3770,2299.9,210,27.2,12m,4,13,0.2327702789703676,1974,1557.0099,5.631,1973,-831.4552,13.761,False,True
A002_Xc26103_X155a_spw16,HD_48370_B6,6,122070.3125,186,3770,2299.9,210,27.2,12m,4,14,0.25851945252350167,1287,2459.319,4.286,1287,2459.319,13.761,True,False
A002_Xc26103_X155a_spw16,HD_48370_B6,6,122070.3125,186,3770,2299.9,210,27.2,12m,4,15,0.25051246622904444,2683,-274.1467,3.662,2683,-274.1467,13.761,True,False
A002_Xc26103_X155a_spw16,HD_48370_B6,6,122070.3125,186,3770,2299.9,210,27.2,12m,5,0,0.3395566163740392,162,-911.0707,5.179,162,-911.0707,13.761,True,True
A002_Xc26103_X155a_spw16,HD_48370_B6,6,122070.3125,186,3770,2299.9,210,27.2,12m,5,1,0.38655368044265626,714,601.6239,7.987,713,1822.3949,13.761,False,True
A002_Xc26103_X155a_spw16,HD_48370_B6,6,122070.3125,186,3770,2299.9,210,27.2,12m,5,2,0.3180301523792711,1450,707.7779,5.821,1450,-1707.2258,13.761,False,True
A002_Xc26103_X155a_spw16,HD_48370_B6,6,122070.3125,186,3770,2299.9,210,27.2,12m,5,3,0.3577292163185204,1189,2008.1644,5.067,1189,1875.4719,13.761,False,True
A002_Xc26103_X155a_spw16,HD_48370_B6,6,122070.3125,186,3770,2299.9,210,27.2,12m,5,4,0.35373699461169317,1430,2406.242,6.361,1430,2406.242,13.761,True,True
A002_Xc26103_X155a_spw16,HD_48370_B6,6,122070.3125,186,3770,2299.9,210,27.2,12m,5,5,0.335287587869057,1227,-2344.1498,4.296,1227,-2344.1498,13.761,True,False
A002_Xc26103_X155a_spw16,HD_48370_B6,6,122070.3125,186,3770,2299.9,210,27.2,12m,5,6,0.37771703133693835,567,2406.242,4.485,567,2406.242,13.761,True,False
A002_Xc26103_X155a_spw16,HD_48370_B6,6,122070.3125,186,3770,2299.9,210,27.2,12m,5,7,0.29151104799646815,1149,1291.6249,13.108,1149,203.5463,13.828,False,True
A002_Xc26103_X155a_spw16,HD_48370_B6,6,122070.3125,186,3770,2299.9,210,27.2,12m,5,8,0.31985362423614166,3378,1902.0104,5.327,3378,1902.0104,13.761,True,True
A002_Xc26103_X155a_spw16,HD_48370_B6,6,122070.3125,186,3770,2299.9,210,27.2,12m,5,9,0.3341710312520056,851,2645.0885,3.092,851,1848.9334,13.761,False,False
A002_Xc26103_X155a_spw16,HD_48370_B6,6,122070.3125,186,3770,2299.9,210,27.2,12m,5,10,0.39623955354280355,166,-8.7617,6.2,165,44.3153,13.761,False,True
A002_Xc26103_X155a_spw16,HD_48370_B6,6,122070.3125,186,3770,2299.9,210,27.2,12m,5,11,0.33395491281654854,878,-433.3777,4.28,877,946.6244,13.761,False,False
A002_Xc26103_X155a_spw16,HD_48370_B6,6,122070.3125,186,3770,2299.9,210,27.2,12m,5,12,0.37636470652801424,608,628.1624,10.6,609,-1176.4557,13.761,False,True
A002_Xc26103_X155a_spw16,HD_48370_B6,6,122070.3125,186,3770,2299.9,210,27.2,12m,5,13,0.3101377808181184,1540,-2662.6118,8.553,1541,-1654.1488,13.761,False,True
A002_Xc26103_X155a_spw16,HD_48370_B6,6,122070.3125,186,3770,2299.9,210,27.2,12m,5,14,0.3612168108294996,1224,-512.9932,4.007,1224,-512.9932,13.761,True,False
A002_Xc26103_X155a_spw16,HD_48370_B6,6,122070.3125,186,3770,2299.9,210,27.2,12m,5,15,0.30789334359918613,2671,-1494.9178,7.148,2671,-1494.9178,13.761,True,True
A002_Xc26103_X155a_spw16,HD_48370_B6,6,122070.3125,186,3770,2299.9,210,27.2,12m,6,0,0.398380721304015,2383,-35.3002,7.825,2383,-35.3002,13.761,True,True
A002_Xc26103_X155a_spw16,HD_48370_B6,6,122070.3125,186,3770,2299.9,210,27.2,12m,6,1,0.3579610759456755,3027,-2768.7658,6.935,3027,-2768.7658,13.761,True,True
A002_Xc26103_X155a_spw16,HD_48370_B6,6,122070.3125,186,3770,2299.9,210,27.2,12m,6,2,0.42569291863008146,1192,2671.627,6.866,1192,2671.627,13.761,True,True
A002_Xc26103_X155a_spw16,HD_48370_B6,6,122070.3125,186,3770,2299.9,210,27.2,12m,6,3,0.3778579688065038,1624,-566.0702,8.626,1624,-566.0702,13.761,True,True
A002_Xc26103_X155a_spw16,HD_48370_B6,6,122070.3125,186,3770,2299.9,210,27.2,12m,6,4,0.3653378722159854,3386,2061.2414,6.633,3386,2061.2414,13.761,True,True
A002_Xc26103_X155a_spw16,HD_48370_B6,6,122070.3125,186,3770,2299.9,210,27.2,12m,6,5,0.42195379441274916,650,468.9314,6.254,650,468.9314,13.761,True,True
A002_Xc26103_X155a_spw16,HD_48370_B6,6,122070.3125,186,3770,2299.9,210,27.2,12m,6,6,0.41670768498018984,931,-88.3772,4.175,931,-88.3772,13.761,True,False
A002_Xc26103_X155a_spw16,HD_48370_B6,6,122070.3125,186,3770,2299.9,210,27.2,12m,6,7,0.4244443172262231,933,2432.7805,6.803,933,2432.7805,13.761,True,True
A002_Xc26103_X155a_spw16,HD_48370_B6,6,122070.3125,186,3770,2299.9,210,27.2,12m,6,8,0.4120613097077972,2303,-2211.4573,10.678,2302,-1680.6873,13.757,False,True
A002_Xc26103_X155a_spw16,HD_48370_B6,6,122070.3125,186,3770,2299.9,210,27.2,12m,6,9,0.378258410822492,3073,2114.3184,6.857,3073,2140.8569,13.761,True,True
A002_Xc26103_X155a_spw16,HD_48370_B6,6,122070.3125,186,3770,2299.9,210,27.2,12m,6,10,0.4326542024745776,865,2618.55,7.204,865,2618.55,13.761,True,True
A002_Xc26103_X155a_spw16,HD_48370_B6,6,122070.3125,186,3770,2299.9,210,27.2,12m,6,11,0.4898925094097153,178,-1999.1493,6.147,178,-1999.1493,13.761,True,True
A002_Xc26103_X155a_spw16,HD_48370_B6,6,122070.3125,186,3770,2299.9,210,27.2,12m,6,12,0.3791058250053862,1741,522.0084,6.671,1741,522.0084,13.761,True,True
A002_Xc26103_X155a_spw16,HD_48370_B6,6,122070.3125,186,3770,2299.9,210,27.2,12m,6,13,0.43282430499976926,2181,-1070.3017,5.58,2181,-1070.3017,13.749,True,True
A002_Xc26103_X155a_spw16,HD_48370_B6,6,122070.3125,186,3770,2299.9,210,27.2,12m,6,14,0.3872574050834084,3642,-1946.0723,7.54,3641,-486.4547,13.761,False,True
A002_Xc26103_X155a_spw16,HD_48370_B6,6,122070.3125,186,3770,2299.9,210,27.2,12m,6,15,0.38438408698452403,3192,-2582.9963,6.332,3191,-884.5322,13.761,False,True
A002_Xc26103_X155a_spw16,HD_48370_B6,6,122070.3125,186,3770,2299.9,210,27.2,12m,7,0,0.5036534651664906,386,707.7779,6.99,386,707.7779,13.761,True,True
A002_Xc26103_X155a_spw16,HD_48370_B6,6,122070.3125,186,3770,2299.9,210,27.2,12m,7,1,0.5184943934999101,2534,-592.6087,6.862,2534,-592.6087,13.761,True,True
A002_Xc26103_X155a_spw16,HD_48370_B6,6,122070.3125,186,3770,2299.9,210,27.2,12m,7,2,0.49017772332807563,2493,840.4704,6.753,2493,840.4704,13.761,True,True
A002_Xc26103_X155a_spw16,HD_48370_B6,6,122070.3125,186,3770,2299.9,210,27.2,12m,7,3,0.46528863933301917,1461,-672.2242,7.844,1461,-672.2242,13.761,True,True
A002_Xc26103_X155a_spw16,HD_48370_B6,6,122070.3125,186,3770,2299.9,210,27.2,12m,7,4,0.4850778249959885,2481,2300.0879,7.466,2481,2300.0879,13.761,True,True
A002_Xc26103_X155a_spw16,HD_48370_B6,6,122070.3125,186,3770,2299.9,210,27.2,12m,7,5,0.38404346785514054,1977,203.5463,6.353,1977,-1123.3787,13.761,False,True
A002_Xc26103_X155a_spw16,HD_48370_B6,6,122070.3125,186,3770,2299.9,210,27.2,12m,7,6,0.45751384291459407,3319,-1654.1488,6.347,3319,-1654.1488,13.761,True,True
A002_Xc26103_X155a_spw16,HD_48370_B6,6,122070.3125,186,3770,2299.9,210,27.2,12m,7,7,0.37944711653013835,1490,-2556.4578,7.052,1490,-2556.4578,13.761,True,True
A002_Xc26103_X155a_spw16,HD_48370_B6,6,122070.3125,186,3770,2299.9,210,27.2,12m,7,8,0.469285908328486,2730,2353.165,6.108,2730,2353.165,13.761,True,True
A002_Xc26103_X155a_spw16,HD_48370_B6,6,122070.3125,186,3770,2299.9,210,27.2,12m,7,9,0.5037518948935773,1198,-194.5312,6.486,1198,-194.5312,13.761,True,True
A002_Xc26103_X155a_spw16,HD_48370_B6,6,122070.3125,186,3770,2299.9,210,27.2,12m,7,10,0.4985136790525231,1371,-167.9927,7.104,1371,-167.9927,13.761,True,True
A002_Xc26103_X155a_spw16,HD_48370_B6,6,122070.3125,186,3770,2299.9,210,27.2,12m,7,11,0.5143509577492686,1917,-1017.2247,6.887,1917,-1017.2247,13.761,True,True
A002_Xc26103_X155a_spw16,HD_48370_B6,6,122070.3125,186,3770,2299.9,210,27.2,12m,7,12,0.3856819161155863,2952,2193.9339,7.423,2952,2193.9339,13.761,True,True
A002_Xc26103_X155a_spw16,HD_48370_B6,6,122070.3125,186,3770,2299.9,210,27.2,12m,7,13,0.40382423587012706,2594,1265.0864,6.698,2594,1265.0864,13.761,True,True
A002_Xc26103_X155a_spw16,HD_48370_B6,6,122070.3125,186,3770,2299.9,210,27.2,12m,7,14,0.6013201584575083,107,-1999.1493,7.532,107,-1999.1493,13.761,True,True
A002_Xc26103_X155a_spw16,HD_48370_B6,6,122070.3125,186,3770,2299.9,210,27.2,12m,7,15,0.448157501393727,530,548.5469,6.216,530,548.5469,13.761,True,True
A002_Xc26103_X155a_spw16,HD_48370_B6,6,122070.3125,186,3770,2299.9,210,27.2,12m,8,0,0.552335208584579,3686,2273.5494,7.778,3686,2273.5494,13.761,True,True
A002_Xc26103_X155a_spw16,HD_48370_B6,6,122070.3125,186,3770,2299.9,210,27.2,12m,8,1,0.5778033372484479,1034,-433.3777,13.24,1034,-380.3007,13.761,False,True
A002_Xc26103_X155a_spw16,HD_48370_B6,6,122070.3125,186,3770,2299.9,210,27.2,12m,8,2,0.5103601469579959,2066,-1415.3022,8.111,2066,-1415.3022,13.761,True,True
A002_Xc26103_X155a_spw16,HD_48370_B6,6,122070.3125,186,3770,2299.9,210,27.2,12m,8,3,0.37074820613180276,2898,-2556.4578,4.039,2898,-2529.9193,13.761,True,False
A002_Xc26103_X155a_spw16,HD_48370_B6,6,122070.3125,186,3770,2299.9,210,27.2,12m,8,4,0.5072796068706451,1374,-141.4542,6.588,1374,-141.4542,13.761,True,True
A002_Xc26103_X155a_spw16,HD_48370_B6,6,122070.3125,186,3770,2299.9,210,27.2,12m,8,5,0.5101310497074365,788,-1441.8407,8.825,788,-1441.8407,13.761,True,True
A002_Xc26103_X155a_spw16,HD_48370_B6,6,122070.3125,186,3770,2299.9,210,27.2,12m,8,6,0.5097993961553244,2903,-778.3782,8.189,2903,-778.3782,13.761,True,True
A002_Xc26103_X155a_spw16,HD_48370_B6,6,122070.3125,186,3770,2299.9,210,27.2,12m,8,7,0.4822888445592685,3534,-1149.9172,7.405,3534,-1149.9172,13.761,True,True
A002_Xc26103_X155a_spw16,HD_48370_B6,6,122070.3125,186,3770,2299.9,210,27.2,12m,8,8,0.5514189424011363,1620,150.4693,7.329,1620,150.4693,13.761,True,True
A002_Xc26103_X155a_spw16,HD_48370_B6,6,122070.3125,186,3770,2299.9,210,27.2,12m,8,9,0.4921463662716058,2846,2300.0879,7.481,2846,2300.0879,13.761,True,True
A002_Xc26103_X155a_spw16,HD_48370_B6,6,122070.3125,186,3770,2299.9,210,27.2,12m,8,10,0.539940276344647,3023,2432.7805,8.471,3023,2432.7805,13.761,True,True
A002_Xc26103_X155a_spw16,HD_48370_B6,6,122070.3125,186,3770,2299.9,210,27.2,12m,8,11,0.5430753002584033,422,-2078.7648,7.457,422,-2078.7648,13.761,True,True
A002_Xc26103_X155a_spw16,HD_48370_B6,6,122070.3125,186,3770,2299.9,210,27.2,12m,8,12,0.5860717419663862,451,1583.5484,7.029,451,1583.5484,13.761,True,True
A002_Xc26103_X155a_spw16,HD_48370_B6,6,122070.3125,186,3770,2299.9,210,27.2,12m,8,13,0.5824127003107015,725,336.2388,8.519,724,973.1629,13.761,False,True
A002_Xc26103_X155a_spw16,HD_48370_B6,6,122070.3125,186,3770,2299.9,210,27.2,12m,8,14,0.5218521462046013,3348,1848.9334,9.868,3348,1848.9334,13.761,True,True
A002_Xc26103_X155a_spw16,HD_48370_B6,6,122070.3125,186,3770,2299.9,210,27.2,12m,8,15,0.410872116122115,710,-937.6092,8.239,711,1981.6259,13.761,False,True
A002_Xc26103_X155a_spw16,HD_48370_B6,6,122070.3125,186,3770,2299.9,210,27.2,12m,10,0,0.6298636904173349,1485,2406.242,9.462,1485,2406.242,13.761,True,True
A002_Xc26103_X155a_spw16,HD_48370_B6,6,122070.3125,186,3770,2299.9,210,27.2,12m,10,1,0.6553706186640026,2692,1105.8554,10.864,2692,1105.8554,13.761,True,True
A002_Xc26103_X155a_spw16,HD_48370_B6,6,122070.3125,186,3770,2299.9,210,27.2,12m,10,2,0.5761123404452063,1617,-2105.3033,10.702,1617,-2105.3033,13.761,True,True
A002_Xc26103_X155a_spw16,HD_48370_B6,6,122070.3125,186,3770,2299.9,210,27.2,12m,10,3,0.6666590159241483,2022,-1892.9953,10.974,2022,-1892.9953,13.761,True,True
A002_Xc26103_X155a_spw16,HD_48370_B6,6,122070.3125,186,3770,2299.9,210,27.2,12m,10,4,0.7446519216194548,584,44.3153,10.797,584,44.3153,13.761,True,True
A002_Xc26103_X155a_spw16,HD_48370_B6,6,122070.3125,186,3770,2299.9,210,27.2,12m,10,5,0.6042457941107382,2514,-2317.6113,9.15,2514,-2317.6113,13.761,True,True
A002_Xc26103_X155a_spw16,HD_48370_B6,6,122070.3125,186,3770,2299.9,210,27.2,12m,10,6,0.7039969569962159,782,681.2394,11.494,782,681.2394,13.761,True,True
A002_Xc26103_X155a_spw16,HD_48370_B6,6,122070.3125,186,3770,2299.9,210,27.2,12m,10,7,0.7270463536320404,1233,-2423.7653,10.946,1233,-2423.7653,13.761,True,True
A002_Xc26103_X155a_spw16,HD_48370_B6,6,122070.3125,186,3770,2299.9,210,27.2,12m,10,8,0.6505770558594006,694,-1282.6097,9.433,694,-1282.6097,13.761,True,True
A002_Xc26103_X155a_spw16,HD_48370_B6,6,122070.3125,186,3770,2299.9,210,27.2,12m,10,9,0.6953408386662134,1662,2087.7799,8.966,1662,2087.7799,13.761,True,True
A002_Xc26103_X155a_spw16,HD_48370_B6,6,122070.3125,186,3770,2299.9,210,27.2,12m,10,10,0.8461190147427925,121,548.5469,9.083,121,548.5469,13.761,True,True
A002_Xc26103_X155a_spw16,HD_48370_B6,6,122070.3125,186,3770,2299.9,210,27.2,12m,10,11,0.6617779068096796,2777,-1786.8413,10.177,2777,-1786.8413,13.761,True,True
A002_Xc26103_X155a_spw16,HD_48370_B6,6,122070.3125,186,3770,2299.9,210,27.2,12m,10,12,0.6676561163386497,1006,-1335.6867,10.706,1006,1318.1634,13.761,False,True
A002_Xc26103_X155a_spw16,HD_48370_B6,6,122070.3125,186,3770,2299.9,210,27.2,12m,10,13,0.6333565878709477,3115,2061.2414,8.198,3115,2061.2414,13.761,True,True
A002_Xc26103_X155a_spw16,HD_48370_B6,6,122070.3125,186,3770,2299.9,210,27.2,12m,10,14,0.6664983084624226,1197,1132.3939,10.011,1197,1132.3939,13.761,True,True
A002_Xc26103_X155a_spw16,HD_48370_B6,6,122070.3125,186,3770,2299.9,210,27.2,12m,10,15,0.6653501184548054,696,442.3929,7.388,696,442.3929,13.761,True,True
A002_Xc26103_X155a_spw16,HD_48370_B6,6,122070.3125,186,3770,2299.9,210,27.2,12m,12,0,0.7048388411495718,2421,2538.9345,11.679,2421,2538.9345,13.761,True,True
A002_Xc26103_X155a_spw16,HD_48370_B6,6,122070.3125,186,3770,2299.9,210,27.2,12m,12,1,0.8429142461571117,1386,628.1624,11.498,1386,628.1624,13.761,True,True
A002_Xc26103_X155a_spw16,HD_48370_B6,6,122070.3125,186,3770,2299.9,210,27.2,12m,12,2,0.774246082270191,433,-964.1477,10.333,433,-964.1477,13.761,True,True
A002_Xc26103_X155a_spw16,HD_48370_B6,6,122070.3125,186,3770,2299.9,210,27.2,12m,12,3,0.7720744245550766,2126,-2317.6113,12.717,2126,-2317.6113,13.761,True,True
A002_Xc26103_X155a_spw16,HD_48370_B6,6,122070.3125,186,3770,2299.9,210,27.2,12m,12,4,0.7154803648100141,3594,-592.6087,12.126,3594,-592.6087,13.761,True,True
A002_Xc26103_X155a_spw16,HD_48370_B6,6,122070.3125,186,3770,2299.9,210,27.2,12m,12,5,0.8798413286682123,454,973.1629,12.125,454,973.1629,13.761,True,True
A002_Xc26103_X155a_spw16,HD_48370_B6,6,122070.3125,186,3770,2299.9,210,27.2,12m,12,6,0.7947497669245062,3128,-2556.4578,11.234,3128,-2556.4578,13.761,True,True
A002_Xc26103_X155a_spw16,HD_48370_B6,6,122070.3125,186,3770,2299.9,210,27.2,12m,12,7,0.7828319264444423,2239,-459.9162,11.818,2239,-459.9162,13.749,True,True
A002_Xc26103_X155a_spw16,HD_48370_B6,6,122070.3125,186,3770,2299.9,210,27.2,12m,12,8,0.8430427765203065,3540,-778.3782,11.381,3540,-778.3782,13.761,True,True
A002_Xc26103_X155a_spw16,HD_48370_B6,6,122070.3125,186,3770,2299.9,210,27.2,12m,12,9,0.7127921463182227,3659,-937.6092,11.37,3659,-937.6092,13.761,True,True
A002_Xc26103_X155a_spw16,HD_48370_B6,6,122070.3125,186,3770,2299.9,210,27.2,12m,12,10,0.9076929485971942,1129,946.6244,13.133,1128,1928.5489,14.198,False,True
A002_Xc26103_X155a_spw16,HD_48370_B6,6,122070.3125,186,3770,2299.9,210,27.2,12m,12,11,0.7130734011263645,1866,-114.9157,11.87,1865,2485.8575,13.761,False,True
A002_Xc26103_X155a_spw16,HD_48370_B6,6,122070.3125,186,3770,2299.9,210,27.2,12m,12,12,0.8576851012855548,696,1981.6259,12.294,696,1981.6259,13.761,True,True
A002_Xc26103_X155a_spw16,HD_48370_B6,6,122070.3125,186,3770,2299.9,210,27.2,12m,12,13,0.7427557527640787,3673,-486.4547,12.446,3673,-486.4547,13.761,True,True
A002_Xc26103_X155a_spw16,HD_48370_B6,6,122070.3125,186,3770,2299.9,210,27.2,12m,12,14,0.8006303087045208,1715,1424.3174,10.948,1715,1424.3174,13.761,True,True
A002_Xc26103_X155a_spw16,HD_48370_B6,6,122070.3125,186,3770,2299.9,210,27.2,12m,12,15,0.7815132385803338,3288,256.6233,11.694,3288,256.6233,13.761,True,True
A002_Xc26103_X155a_spw16,HD_48370_B6,6,122070.3125,186,3770,2299.9,210,27.2,12m,15,0,0.7296735308587159,2254,-512.9932,11.696,2254,-512.9932,13.749,True,True
A002_Xc26103_X155a_spw16,HD_48370_B6,6,122070.3125,186,3770,2299.9,210,27.2,12m,15,1,0.914249452947574,2923,97.3923,15.066,2923,97.3923,15.066,True,True
A002_Xc26103_X155a_spw16,HD_48370_B6,6,122070.3125,186,3770,2299.9,210,27.2,12m,15,2,0.8913761520033195,2587,2034.7029,13.574,2587,2034.7029,13.761,True,True
A002_Xc26103_X155a_spw16,HD_48370_B6,6,122070.3125,186,3770,2299.9,210,27.2,12m,15,3,0.915689334828292,2073,1769.3179,16.178,2073,1769.3179,16.178,True,True
A002_Xc26103_X155a_spw16,HD_48370_B6,6,122070.3125,186,3770,2299.9,210,27.2,12m,15,4,0.9360243656559437,2781,2751.2425,15.493,2781,2751.2425,15.493,True,True
A002_Xc26103_X155a_spw16,HD_48370_B6,6,122070.3125,186,3770,2299.9,210,27.2,12m,15,5,0.9907656069461064,2760,-2370.6883,15.017,2760,-2370.6883,15.017,True,True
A002_Xc26103_X155a_spw16,HD_48370_B6,6,122070.3125,186,3770,2299.9,210,27.2,12m,15,6,0.9243454942577566,3180,17.7768,15.924,3180,-8.7617,15.924,True,True
A002_Xc26103_X155a_spw16,HD_48370_B6,6,122070.3125,186,3770,2299.9,210,27.2,12m,15,7,0.9270420738388531,3623,1212.0094,15.494,3623,1212.0094,15.494,True,True
A002_Xc26103_X155a_spw16,HD_48370_B6,6,122070.3125,186,3770,2299.9,210,27.2,12m,15,8,0.9360575912804293,3252,654.7009,15.769,3252,654.7009,15.769,True,True
A002_Xc26103_X155a_spw16,HD_48370_B6,6,122070.3125,186,3770,2299.9,210,27.2,12m,15,9,0.9210451780089223,2643,628.1624,15.068,2643,628.1624,15.068,True,True
A002_Xc26103_X155a_spw16,HD_48370_B6,6,122070.3125,186,3770,2299.9,210,27.2,12m,15,10,0.875436450529991,3106,1663.1639,15.93,3106,1663.1639,15.93,True,True
A002_Xc26103_X155a_spw16,HD_48370_B6,6,122070.3125,186,3770,2299.9,210,27.2,12m,15,11,0.7731331673089219,3199,1344.7019,15.394,3199,1344.7019,15.394,True,True
A002_Xc26103_X155a_spw16,HD_48370_B6,6,122070.3125,186,3770,2299.9,210,27.2,12m,15,12,1.1774121902713706,333,-778.3782,14.977,333,-778.3782,14.977,True,True
A002_Xc26103_X155a_spw16,HD_48370_B6,6,122070.3125,186,3770,2299.9,210,27.2,12m,15,13,1.0085352069761488,299,1530.4714,16.019,299,1530.4714,16.019,True,True
A002_Xc26103_X155a_spw16,HD_48370_B6,6,122070.3125,186,3770,2299.9,210,27.2,12m,15,14,1.2611406794681295,67,2565.473,16.004,67,2565.473,16.004,True,True
A002_Xc26103_X155a_spw16,HD_48370_B6,6,122070.3125,186,3770,2299.9,210,27.2,12m,15,15,0.8365326424181573,1943,-1415.3022,13.407,1943,-1415.3022,13.761,True,True
A002_Xd9668b_X3a90_spw1,bet_Pic_B6,6,122070.3125,385,884,2679.2,240,27.8,12m,3,0,0.01364428326678088,639,2524.1987,4.457,639,-1325.8553,13.782,False,False
A002_Xd9668b_X3a90_spw1,bet_Pic_B6,6,122070.3125,385,884,2679.2,240,27.8,12m,3,1,0.013866921388301277,707,-2259.892,6.44,707,1385.1295,13.782,False,True
A002_Xd9668b_X3a90_spw1,bet_Pic_B6,6,122070.3125,385,884,2679.2,240,27.8,12m,3,2,0.013525582095235885,649,2159.6965,3.946,650,1977.4455,13.782,False,False
A002_Xd9668b_X3a90_spw1,bet_Pic_B6,6,122070.3125,385,884,2679.2,240,27.8,12m,3,3,0.013892594870715156,156,2364.729,4.279,156,2364.729,13.78,True,False
A002_Xd9668b_X3a90_spw1,bet_Pic_B6,6,122070.3125,385,884,2679.2,240,27.8,12m,3,4,0.012318582423907324,461,2592.5428,6.238,462,-164.0047,13.782,False,True
A002_Xd9668b_X3a90_spw1,bet_Pic_B6,6,122070.3125,385,884,2679.2,240,27.8,12m,3,5,0.012737394875327232,514,2638.1056,6.135,513,2455.8545,13.782,False,True
A002_Xd9668b_X3a90_spw1,bet_Pic_B6,6,122070.3125,385,884,2679.2,240,27.8,12m,3,6,0.013821825774472185,697,2524.1987,7.72,696,542.2182,13.782,False,True
A002_Xd9668b_X3a90_spw1,bet_Pic_B6,6,122070.3125,385,884,2679.2,240,27.8,12m,3,7,0.012718909999820944,343,-1234.7297,6.42,343,-1098.0414,13.782,False,True
A002_Xd9668b_X3a90_spw1,bet_Pic_B6,6,122070.3125,385,884,2679.2,240,27.8,12m,3,8,0.01426823158798358,84,2569.7615,8.332,84,1043.4087,13.782,False,True
A002_Xd9668b_X3a90_spw1,bet_Pic_B6,6,122070.3125,385,884,2679.2,240,27.8,12m,3,9,0.014191111699262167,522,-1986.5154,5.614,523,-2533.2687,13.782,False,True
A002_Xd9668b_X3a90_spw1,bet_Pic_B6,6,122070.3125,385,884,2679.2,240,27.8,12m,3,10,0.014346118891168935,349,-2009.2968,5.706,349,-1462.5436,13.782,False,True
A002_Xd9668b_X3a90_spw1,bet_Pic_B6,6,122070.3125,385,884,2679.2,240,27.8,12m,3,11,0.013763346904194158,226,2341.9476,3.784,226,2319.1662,13.807,True,False
A002_Xd9668b_X3a90_spw1,bet_Pic_B6,6,122070.3125,385,884,2679.2,240,27.8,12m,3,12,0.014637071764239862,633,200.4975,3.932,633,246.0602,13.782,False,False
A002_Xd9668b_X3a90_spw1,bet_Pic_B6,6,122070.3125,385,884,2679.2,240,27.8,12m,3,13,0.013507264980890719,364,-1940.9527,6.0,364,-4.535,13.782,False,True
A002_Xd9668b_X3a90_spw1,bet_Pic_B6,6,122070.3125,385,884,2679.2,240,27.8,12m,3,14,0.014460973185939752,728,1544.5992,3.225,729,2250.8221,13.782,False,False
A002_Xd9668b_X3a90_spw1,bet_Pic_B6,6,122070.3125,385,884,2679.2,240,27.8,12m,3,15,0.013838245288291124,431,-984.1345,6.694,432,-1690.3574,13.782,False,True
A002_Xd9668b_X3a90_spw1,bet_Pic_B6,6,122070.3125,385,884,2679.2,240,27.8,12m,4,0,0.017899702985854762,340,-2487.7059,5.16,341,-1166.3856,13.782,False,True
A002_Xd9668b_X3a90_spw1,bet_Pic_B6,6,122070.3125,385,884,2679.2,240,27.8,12m,4,1,0.017794779411626643,771,-1416.9808,4.593,771,-1416.9808,13.782,True,False
A002_Xd9668b_X3a90_spw1,bet_Pic_B6,6,122070.3125,385,884,2679.2,240,27.8,12m,4,2,0.018351971501668143,743,2524.1987,3.011,743,2524.1987,13.782,True,False
A002_Xd9668b_X3a90_spw1,bet_Pic_B6,6,122070.3125,385,884,2679.2,240,27.8,12m,4,3,0.018570553813358166,815,-2328.2362,5.046,814,-779.1021,13.782,False,True
A002_Xd9668b_X3a90_spw1,bet_Pic_B6,6,122070.3125,385,884,2679.2,240,27.8,12m,4,4,0.017750502865602705,634,2273.6035,4.003,634,2273.6035,13.782,True,False
A002_Xd9668b_X3a90_spw1,bet_Pic_B6,6,122070.3125,385,884,2679.2,240,27.8,12m,4,5,0.01756173122348218,494,337.1858,6.824,493,1407.9109,13.782,False,True
A002_Xd9668b_X3a90_spw1,bet_Pic_B6,6,122070.3125,385,884,2679.2,240,27.8,12m,4,6,0.0170832435421948,503,109.3719,5.518,504,1954.6641,13.782,False,True
A002_Xd9668b_X3a90_spw1,bet_Pic_B6,6,122070.3125,385,884,2679.2,240,27.8,12m,4,7,0.01894279756616874,676,-2487.7059,5.674,675,-1029.6973,13.782,False,True
A002_Xd9668b_X3a90_spw1,bet_Pic_B6,6,122070.3125,385,884,2679.2,240,27.8,12m,4,8,0.016960292413239122,248,2729.2311,3.542,249,-1735.9202,13.837,False,False
A002_Xd9668b_X3a90_spw1,bet_Pic_B6,6,122070.3125,385,884,2679.2,240,27.8,12m,4,9,0.017764829957074357,194,-984.1345,4.838,194,-1940.9527,13.798,False,False
A002_Xd9668b_X3a90_spw1,bet_Pic_B6,6,122070.3125,385,884,2679.2,240,27.8,12m,4,10,0.017453705391519272,624,1658.5061,4.481,624,1658.5061,13.782,True,False
A002_Xd9668b_X3a90_spw1,bet_Pic_B6,6,122070.3125,385,884,2679.2,240,27.8,12m,4,11,0.016888282194999545,596,-1485.325,4.238,596,2068.571,13.782,False,False
A002_Xd9668b_X3a90_spw1,bet_Pic_B6,6,122070.3125,385,884,2679.2,240,27.8,12m,4,12,0.01819414579478181,491,-1667.5761,6.53,492,1362.3481,13.782,False,True
A002_Xd9668b_X3a90_spw1,bet_Pic_B6,6,122070.3125,385,884,2679.2,240,27.8,12m,4,13,0.018776365781402175,600,-2442.1431,5.296,601,2387.5104,13.782,False,True
A002_Xd9668b_X3a90_spw1,bet_Pic_B6,6,122070.3125,385,884,2679.2,240,27.8,12m,4,14,0.017870903774354865,814,-801.8834,7.407,814,-779.1021,13.782,True,True
A002_Xd9668b_X3a90_spw1,bet_Pic_B6,6,122070.3125,385,884,2679.2,240,27.8,12m,4,15,0.017721881313559697,553,1909.1013,4.351,554,1248.4412,13.782,False,False
A002_Xd9668b_X3a90_spw1,bet_Pic_B6,6,122070.3125,385,884,2679.2,240,27.8,12m,5,0,0.023057254116276932,87,86.5906,8.307,88,1294.0039,13.782,False,True
A002_Xd9668b_X3a90_spw1,bet_Pic_B6,6,122070.3125,385,884,2679.2,240,27.8,12m,5,1,0.021707864369801984,158,-505.7254,4.868,158,-505.7254,13.778,True,False
A002_Xd9668b_X3a90_spw1,bet_Pic_B6,6,122070.3125,385,884,2679.2,240,27.8,12m,5,2,0.022838605248515297,664,-255.1302,6.433,664,-1872.6085,13.782,False,True
A002_Xd9668b_X3a90_spw1,bet_Pic_B6,6,122070.3125,385,884,2679.2,240,27.8,12m,5,3,0.023466072501103635,813,-779.1021,6.97,813,-801.8834,13.782,True,True
A002_Xd9668b_X3a90_spw1,bet_Pic_B6,6,122070.3125,385,884,2679.2,240,27.8,12m,5,4,0.021981028486131968,573,-733.5393,5.559,573,-733.5393,13.782,True,True
A002_Xd9668b_X3a90_spw1,bet_Pic_B6,6,122070.3125,385,884,2679.2,240,27.8,12m,5,5,0.022727615667009444,628,-528.5068,5.609,628,-528.5068,13.782,True,True
A002_Xd9668b_X3a90_spw1,bet_Pic_B6,6,122070.3125,385,884,2679.2,240,27.8,12m,5,6,0.022322828423222415,776,-2328.2362,6.682,775,-2578.8314,13.782,False,True
A002_Xd9668b_X3a90_spw1,bet_Pic_B6,6,122070.3125,385,884,2679.2,240,27.8,12m,5,7,0.02222066819575862,798,405.5299,6.407,799,-1485.325,13.782,False,True
A002_Xd9668b_X3a90_spw1,bet_Pic_B6,6,122070.3125,385,884,2679.2,240,27.8,12m,5,8,0.023083783098552607,818,-2328.2362,4.021,818,-2328.2362,13.782,True,False
A002_Xd9668b_X3a90_spw1,bet_Pic_B6,6,122070.3125,385,884,2679.2,240,27.8,12m,5,9,0.022909211818789736,275,1658.5061,4.75,276,-1667.5761,13.84,False,False
A002_Xd9668b_X3a90_spw1,bet_Pic_B6,6,122070.3125,385,884,2679.2,240,27.8,12m,5,10,0.023136409059892473,254,2433.0732,5.025,254,2433.0732,13.693,True,True
A002_Xd9668b_X3a90_spw1,bet_Pic_B6,6,122070.3125,385,884,2679.2,240,27.8,12m,5,11,0.02240785592762217,142,-164.0047,3.697,143,-118.4419,13.776,False,False
A002_Xd9668b_X3a90_spw1,bet_Pic_B6,6,122070.3125,385,884,2679.2,240,27.8,12m,5,12,0.02301268960868927,799,-1143.6042,6.773,799,-1485.325,13.782,False,True
A002_Xd9668b_X3a90_spw1,bet_Pic_B6,6,122070.3125,385,884,2679.2,240,27.8,12m,5,13,0.0211147507731527,345,-72.8791,6.202,345,-72.8791,13.782,True,True
A002_Xd9668b_X3a90_spw1,bet_Pic_B6,6,122070.3125,385,884,2679.2,240,27.8,12m,5,14,0.022021259641625917,563,-596.851,4.499,563,-596.851,13.782,True,False
A002_Xd9668b_X3a90_spw1,bet_Pic_B6,6,122070.3125,385,884,2679.2,240,27.8,12m,5,15,0.021328688788113965,473,-2032.0782,6.141,473,405.5299,13.782,False,True
A002_Xd9668b_X3a90_spw1,bet_Pic_B6,6,122070.3125,385,884,2679.2,240,27.8,12m,6,0,0.02868758327956777,351,1749.6316,6.7,351,1749.6316,13.781,True,True
A002_Xd9668b_X3a90_spw1,bet_Pic_B6,6,122070.3125,385,884,2679.2,240,27.8,12m,6,1,0.027590113848616753,341,-460.1627,7.433,341,-460.1627,13.782,True,True
A002_Xd9668b_X3a90_spw1,bet_Pic_B6,6,122070.3125,385,884,2679.2,240,27.8,12m,6,2,0.029530009936312482,763,2455.8545,6.466,763,2455.8545,13.782,True,True
A002_Xd9668b_X3a90_spw1,bet_Pic_B6,6,122070.3125,385,884,2679.2,240,27.8,12m,6,3,0.024066682053314255,89,-1462.5436,9.364,90,1430.6922,13.782,False,True
A002_Xd9668b_X3a90_spw1,bet_Pic_B6,6,122070.3125,385,884,2679.2,240,27.8,12m,6,4,0.026351985474759445,693,-1211.9484,6.952,693,337.1858,13.782,False,True
A002_Xd9668b_X3a90_spw1,bet_Pic_B6,6,122070.3125,385,884,2679.2,240,27.8,12m,6,5,0.027783100762502237,315,-232.3488,6.145,315,-232.3488,13.782,True,True
A002_Xd9668b_X3a90_spw1,bet_Pic_B6,6,122070.3125,385,884,2679.2,240,27.8,12m,6,6,0.026591258766204502,171,2159.6965,6.538,171,2159.6965,13.777,True,True
A002_Xd9668b_X3a90_spw1,bet_Pic_B6,6,122070.3125,385,884,2679.2,240,27.8,12m,6,7,0.025940687397254945,766,-2487.7059,6.83,766,-2487.7059,13.782,True,True
A002_Xd9668b_X3a90_spw1,bet_Pic_B6,6,122070.3125,385,884,2679.2,240,27.8,12m,6,8,0.023652460333954968,188,1202.8784,8.467,188,1202.8784,13.759,True,True
A002_Xd9668b_X3a90_spw1,bet_Pic_B6,6,122070.3125,385,884,2679.2,240,27.8,12m,6,9,0.026284154544639348,690,382.7485,6.61,690,382.7485,13.782,True,True
A002_Xd9668b_X3a90_spw1,bet_Pic_B6,6,122070.3125,385,884,2679.2,240,27.8,12m,6,10,0.02790664840671219,473,-1735.9202,6.171,473,405.5299,13.782,False,True
A002_Xd9668b_X3a90_spw1,bet_Pic_B6,6,122070.3125,385,884,2679.2,240,27.8,12m,6,11,0.024812706119198925,466,246.0602,7.416,465,-4.535,13.782,False,True
A002_Xd9668b_X3a90_spw1,bet_Pic_B6,6,122070.3125,385,884,2679.2,240,27.8,12m,6,12,0.027559891851027966,767,-1804.2644,6.736,767,-1804.2644,13.782,True,True
A002_Xd9668b_X3a90_spw1,bet_Pic_B6,6,122070.3125,385,884,2679.2,240,27.8,12m,6,13,0.024616123456302687,88,-596.851,9.168,89,1385.1295,13.782,False,True
A002_Xd9668b_X3a90_spw1,bet_Pic_B6,6,122070.3125,385,884,2679.2,240,27.8,12m,6,14,0.026967028116917015,123,724.4693,6.135,123,724.4693,13.782,True,True
A002_Xd9668b_X3a90_spw1,bet_Pic_B6,6,122070.3125,385,884,2679.2,240,27.8,12m,6,15,0.02774523820144299,665,-437.3813,6.635,664,-1872.6085,13.782,False,True
A002_Xd9668b_X3a90_spw1,bet_Pic_B6,6,122070.3125,385,884,2679.2,240,27.8,12m,7,0,0.02943294531853125,318,1635.7247,7.009,318,1635.7247,13.781,True,True
A002_Xd9668b_X3a90_spw1,bet_Pic_B6,6,122070.3125,385,884,2679.2,240,27.8,12m,7,1,0.0349175316423604,421,-528.5068,6.066,422,-2191.5479,13.782,False,True
A002_Xd9668b_X3a90_spw1,bet_Pic_B6,6,122070.3125,385,884,2679.2,240,27.8,12m,7,2,0.031388800310825846,348,-1599.2319,9.658,348,-1599.2319,13.782,True,True
A002_Xd9668b_X3a90_spw1,bet_Pic_B6,6,122070.3125,385,884,2679.2,240,27.8,12m,7,3,0.02930845682081686,185,-460.1627,8.729,185,-460.1627,13.767,True,True
A002_Xd9668b_X3a90_spw1,bet_Pic_B6,6,122070.3125,385,884,2679.2,240,27.8,12m,7,4,0.031884972939209125,469,1931.8827,7.04,469,1931.8827,13.782,True,True
A002_Xd9668b_X3a90_spw1,bet_Pic_B6,6,122070.3125,385,884,2679.2,240,27.8,12m,7,5,0.03181263110988793,162,633.3438,4.62,162,610.5624,13.775,True,False
A002_Xd9668b_X3a90_spw1,bet_Pic_B6,6,122070.3125,385,884,2679.2,240,27.8,12m,7,6,0.032207475367725634,473,-1166.3856,7.133,473,-1166.3856,13.782,True,True
A002_Xd9668b_X3a90_spw1,bet_Pic_B6,6,122070.3125,385,884,2679.2,240,27.8,12m,7,7,0.03165534372393666,373,1134.5342,7.532,373,1134.5342,13.782,True,True
A002_Xd9668b_X3a90_spw1,bet_Pic_B6,6,122070.3125,385,884,2679.2,240,27.8,12m,7,8,0.031195931416607814,113,1840.7572,6.924,112,2729.2311,13.782,False,True
A002_Xd9668b_X3a90_spw1,bet_Pic_B6,6,122070.3125,385,884,2679.2,240,27.8,12m,7,9,0.03223740320449295,266,223.2789,5.896,266,223.2789,13.746,True,True
A002_Xd9668b_X3a90_spw1,bet_Pic_B6,6,122070.3125,385,884,2679.2,240,27.8,12m,7,10,0.02729080783870888,577,-164.0047,7.494,577,-164.0047,13.782,True,True
A002_Xd9668b_X3a90_spw1,bet_Pic_B6,6,122070.3125,385,884,2679.2,240,27.8,12m,7,11,0.03125370648800299,726,519.4369,8.092,725,2706.4498,13.782,False,True
A002_Xd9668b_X3a90_spw1,bet_Pic_B6,6,122070.3125,385,884,2679.2,240,27.8,12m,7,12,0.032874799450984135,556,132.1533,7.007,557,1544.5992,13.782,False,True
A002_Xd9668b_X3a90_spw1,bet_Pic_B6,6,122070.3125,385,884,2679.2,240,27.8,12m,7,13,0.032407482696581495,533,1817.9758,6.969,533,1817.9758,13.782,True,True
A002_Xd9668b_X3a90_spw1,bet_Pic_B6,6,122070.3125,385,884,2679.2,240,27.8,12m,7,14,0.024712951715590962,394,-1758.7016,4.73,393,1521.8178,13.782,False,False
A002_Xd9668b_X3a90_spw1,bet_Pic_B6,6,122070.3125,385,884,2679.2,240,27.8,12m,7,15,0.030707172867768567,759,2341.9476,6.379,759,2341.9476,13.782,True,True
A002_Xd9668b_X3a90_spw1,bet_Pic_B6,6,122070.3125,385,884,2679.2,240,27.8,12m,8,0,0.03609498094252464,275,-323.4744,6.362,275,-323.4744,13.781,True,True
A002_Xd9668b_X3a90_spw1,bet_Pic_B6,6,122070.3125,385,884,2679.2,240,27.8,12m,8,1,0.03627037654097301,510,-414.5999,8.732,510,-414.5999,13.782,True,True
A002_Xd9668b_X3a90_spw1,bet_Pic_B6,6,122070.3125,385,884,2679.2,240,27.8,12m,8,2,0.03399844473179925,751,-687.9765,9.821,751,-687.9765,13.782,True,True
A002_Xd9668b_X3a90_spw1,bet_Pic_B6,6,122070.3125,385,884,2679.2,240,27.8,12m,8,3,0.033600411436031374,380,-2054.8596,7.739,380,-2054.8596,13.782,True,True
A002_Xd9668b_X3a90_spw1,bet_Pic_B6,6,122070.3125,385,884,2679.2,240,27.8,12m,8,4,0.03478305166478258,349,-528.5068,7.909,349,-528.5068,13.782,True,True
A002_Xd9668b_X3a90_spw1,bet_Pic_B6,6,122070.3125,385,884,2679.2,240,27.8,12m,8,5,0.03578122504059679,683,2501.4173,8.483,683,2501.4173,13.782,True,True
A002_Xd9668b_X3a90_spw1,bet_Pic_B6,6,122070.3125,385,884,2679.2,240,27.8,12m,8,6,0.034360718869383924,653,-1394.1994,8.589,653,-1394.1994,13.782,True,True
A002_Xd9668b_X3a90_spw1,bet_Pic_B6,6,122070.3125,385,884,2679.2,240,27.8,12m,8,7,0.03696569872240287,316,-574.0696,7.971,316,-574.0696,13.781,True,True
A002_Xd9668b_X3a90_spw1,bet_Pic_B6,6,122070.3125,385,884,2679.2,240,27.8,12m,8,8,0.03517619816178355,236,-27.3164,7.692,236,-27.3164,13.649,True,True
A002_Xd9668b_X3a90_spw1,bet_Pic_B6,6,122070.3125,385,884,2679.2,240,27.8,12m,8,9,0.03719775289119787,672,109.3719,7.302,672,109.3719,13.782,True,True
A002_Xd9668b_X3a90_spw1,bet_Pic_B6,6,122070.3125,385,884,2679.2,240,27.8,12m,8,10,0.024767496326034824,212,-1849.8271,20.239,212,-1849.8271,20.239,True,True
A002_Xd9668b_X3a90_spw1,bet_Pic_B6,6,122070.3125,385,884,2679.2,240,27.8,12m,8,11,0.03419907804317163,413,2364.729,8.271,413,2364.729,13.782,True,True
A002_Xd9668b_X3a90_spw1,bet_Pic_B6,6,122070.3125,385,884,2679.2,240,27.8,12m,8,12,0.034180188060456,604,41.0278,9.207,604,41.0278,13.782,True,True
A002_Xd9668b_X3a90_spw1,bet_Pic_B6,6,122070.3125,385,884,2679.2,240,27.8,12m,8,13,0.039342940358725334,775,-1986.5154,8.254,775,-1986.5154,13.782,True,True
A002_Xd9668b_X3a90_spw1,bet_Pic_B6,6,122070.3125,385,884,2679.2,240,27.8,12m,8,14,0.03341643220308433,146,382.7485,7.151,146,382.7485,13.777,True,True
A002_Xd9668b_X3a90_spw1,bet_Pic_B6,6,122070.3125,385,884,2679.2,240,27.8,12m,8,15,0.034666833942239045,138,-1530.8877,7.672,138,-1530.8877,13.758,True,True
A002_Xd9668b_X3a90_spw1,bet_Pic_B6,6,122070.3125,385,884,2679.2,240,27.8,12m,10,0,0.046474990816577216,181,1339.5667,9.578,181,1339.5667,13.759,True,True
A002_Xd9668b_X3a90_spw1,bet_Pic_B6,6,122070.3125,385,884,2679.2,240,27.8,12m,10,1,0.04738374065403836,318,-1530.8877,10.157,318,-1530.8877,13.782,True,True
A002_Xd9668b_X3a90_spw1,bet_Pic_B6,6,122070.3125,385,884,2679.2,240,27.8,12m,10,2,0.04544826888291339,682,610.5624,9.472,682,610.5624,13.782,True,True
A002_Xd9668b_X3a90_spw1,bet_Pic_B6,6,122070.3125,385,884,2679.2,240,27.8,12m,10,3,0.03906171136302327,401,-1530.8877,9.192,400,1840.7572,13.782,False,True
A002_Xd9668b_X3a90_spw1,bet_Pic_B6,6,122070.3125,385,884,2679.2,240,27.8,12m,10,4,0.04669267472932755,78,496.6555,10.742,78,496.6555,13.782,True,True
A002_Xd9668b_X3a90_spw1,bet_Pic_B6,6,122070.3125,385,884,2679.2,240,27.8,12m,10,5,0.04353071919160627,691,2706.4498,9.685,691,2706.4498,13.782,True,True
A002_Xd9668b_X3a90_spw1,bet_Pic_B6,6,122070.3125,385,884,2679.2,240,27.8,12m,10,6,0.04234913032585869,698,-346.2558,9.645,698,-346.2558,13.782,True,True
A002_Xd9668b_X3a90_spw1,bet_Pic_B6,6,122070.3125,385,884,2679.2,240,27.8,12m,10,7,0.04270322976792252,245,-915.7904,10.457,245,-915.7904,13.585,True,True
A002_Xd9668b_X3a90_spw1,bet_Pic_B6,6,122070.3125,385,884,2679.2,240,27.8,12m,10,8,0.039532587263680925,429,2387.5104,10.445,429,2387.5104,13.782,True,True
A002_Xd9668b_X3a90_spw1,bet_Pic_B6,6,122070.3125,385,884,2679.2,240,27.8,12m,10,9,0.046806644681771876,79,-482.9441,9.835,79,-482.9441,13.782,True,True
A002_Xd9668b_X3a90_spw1,bet_Pic_B6,6,122070.3125,385,884,2679.2,240,27.8,12m,10,10,0.04483405447250037,733,-1348.6367,9.502,733,-1348.6367,13.782,True,True
A002_Xd9668b_X3a90_spw1,bet_Pic_B6,6,122070.3125,385,884,2679.2,240,27.8,12m,10,11,0.04576547407769053,813,1111.7529,8.662,813,1111.7529,13.782,True,True
A002_Xd9668b_X3a90_spw1,bet_Pic_B6,6,122070.3125,385,884,2679.2,240,27.8,12m,10,12,0.04237367002038099,559,-1257.5111,10.983,559,-1257.5111,13.782,True,True
A002_Xd9668b_X3a90_spw1,bet_Pic_B6,6,122070.3125,385,884,2679.2,240,27.8,12m,10,13,0.04595271842249445,496,2000.2268,10.962,496,2000.2268,13.782,True,True
A002_Xd9668b_X3a90_spw1,bet_Pic_B6,6,122070.3125,385,884,2679.2,240,27.8,12m,10,14,0.044275702810415735,699,1681.2875,9.881,699,1681.2875,13.782,True,True
A002_Xd9668b_X3a90_spw1,bet_Pic_B6,6,122070.3125,385,884,2679.2,240,27.8,12m,10,15,0.044812144912440385,779,1385.1295,10.752,779,1385.1295,13.782,True,True
A002_Xd9668b_X3a90_spw1,bet_Pic_B6,6,122070.3125,385,884,2679.2,240,27.8,12m,12,0,0.05395808896464324,629,-1508.1064,12.027,629,-1508.1064,13.782,True,True
A002_Xd9668b_X3a90_spw1,bet_Pic_B6,6,122070.3125,385,884,2679.2,240,27.8,12m,12,1,0.055831025070057924,813,-2032.0782,9.918,813,-2032.0782,13.782,True,True
A002_Xd9668b_X3a90_spw1,bet_Pic_B6,6,122070.3125,385,884,2679.2,240,27.8,12m,12,2,0.056854376627901854,339,63.8092,11.719,339,63.8092,13.781,True,True
A002_Xd9668b_X3a90_spw1,bet_Pic_B6,6,122070.3125,385,884,2679.2,240,27.8,12m,12,3,0.050550482293985864,538,-2191.5479,12.872,538,-2191.5479,13.782,True,True
A002_Xd9668b_X3a90_spw1,bet_Pic_B6,6,122070.3125,385,884,2679.2,240,27.8,12m,12,4,0.05507093088274732,537,1066.1901,11.526,537,1066.1901,13.782,True,True
A002_Xd9668b_X3a90_spw1,bet_Pic_B6,6,122070.3125,385,884,2679.2,240,27.8,12m,12,5,0.05715975895870086,258,-1143.6042,11.833,258,-1143.6042,13.741,True,True
A002_Xd9668b_X3a90_spw1,bet_Pic_B6,6,122070.3125,385,884,2679.2,240,27.8,12m,12,6,0.050694005896076415,601,2273.6035,15.7,601,2273.6035,15.7,True,True
A002_Xd9668b_X3a90_spw1,bet_Pic_B6,6,122070.3125,385,884,2679.2,240,27.8,12m,12,7,0.05147635946184916,302,2729.2311,12.579,302,2729.2311,13.857,True,True
A002_Xd9668b_X3a90_spw1,bet_Pic_B6,6,122070.3125,385,884,2679.2,240,27.8,12m,12,8,0.05792207834038443,731,1180.097,12.196,731,1180.097,13.782,True,True
A002_Xd9668b_X3a90_spw1,bet_Pic_B6,6,122070.3125,385,884,2679.2,240,27.8,12m,12,9,0.05105692984542833,292,-482.9441,12.839,292,-482.9441,13.78,True,True
A002_Xd9668b_X3a90_spw1,bet_Pic_B6,6,122070.3125,385,884,2679.2,240,27.8,12m,12,10,0.05590304898237281,754,838.3762,12.174,754,838.3762,13.782,True,True
A002_Xd9668b_X3a90_spw1,bet_Pic_B6,6,122070.3125,385,884,2679.2,240,27.8,12m,12,11,0.051089888856805134,307,1453.4736,11.153,307,1453.4736,13.78,True,True
A002_Xd9668b_X3a90_spw1,bet_Pic_B6,6,122070.3125,385,884,2679.2,240,27.8,12m,12,12,0.052304553780837336,300,-528.5068,13.49,300,-528.5068,13.781,True,True
A002_Xd9668b_X3a90_spw1,bet_Pic_B6,6,122070.3125,385,884,2679.2,240,27.8,12m,12,13,0.05100454678541564,577,1658.5061,12.694,577,1658.5061,13.782,True,True
A002_Xd9668b_X3a90_spw1,bet_Pic_B6,6,122070.3125,385,884,2679.2,240,27.8,12m,12,14,0.054314455143702735,624,-2556.05,12.989,624,-2556.05,13.782,True,True
A002_Xd9668b_X3a90_spw1,bet_Pic_B6,6,122070.3125,385,884,2679.2,240,27.8,12m,12,15,0.054182819475735514,441,929.5018,14.274,441,929.5018,14.274,True,True
A002_Xd9668b_X3a90_spw1,bet_Pic_B6,6,122070.3125,385,884,2679.2,240,27.8,12m,15,0,0.07195029037217886,719,-2578.8314,15.618,719,-2578.8314,15.618,True,True
A002_Xd9668b_X3a90_spw1,bet_Pic_B6,6,122070.3125,385,884,2679.2,240,27.8,12m,15,1,0.07266081125589406,570,906.7204,15.69,570,906.7204,15.69,True,True
A002_Xd9668b_X3a90_spw1,bet_Pic_B6,6,122070.3125,385,884,2679.2,240,27.8,12m,15,2,0.06974447707248127,262,-1257.5111,13.738,262,-1257.5111,13.754,True,True
A002_Xd9668b_X3a90_spw1,bet_Pic_B6,6,122070.3125,385,884,2679.2,240,27.8,12m,15,3,0.06762709364896141,308,1817.9758,16.483,308,1817.9758,16.483,True,True
A002_Xd9668b_X3a90_spw1,bet_Pic_B6,6,122070.3125,385,884,2679.2,240,27.8,12m,15,4,0.06212029550865832,196,-2692.7384,17.283,196,-2692.7384,17.283,True,True
A002_Xd9668b_X3a90_spw1,bet_Pic_B6,6,122070.3125,385,884,2679.2,240,27.8,12m,15,5,0.0701235574468872,817,86.5906,14.844,817,86.5906,14.844,True,True
A002_Xd9668b_X3a90_spw1,bet_Pic_B6,6,122070.3125,385,884,2679.2,240,27.8,12m,15,6,0.06025240304350308,113,656.1252,14.335,113,656.1252,14.335,True,True
A002_Xd9668b_X3a90_spw1,bet_Pic_B6,6,122070.3125,385,884,2679.2,240,27.8,12m,15,7,0.06565915867967907,270,-801.8834,15.789,270,-801.8834,15.789,True,True
A002_Xd9668b_X3a90_spw1,bet_Pic_B6,6,122070.3125,385,884,2679.2,240,27.8,12m,15,8,0.06418808838950428,81,2068.571,13.778,81,2068.571,13.782,True,True
A002_Xd9668b_X3a90_spw1,bet_Pic_B6,6,122070.3125,385,884,2679.2,240,27.8,12m,15,9,0.070191252570672,100,2433.0732,14.776,100,2433.0732,14.776,True,True
A002_Xd9668b_X3a90_spw1,bet_Pic_B6,6,122070.3125,385,884,2679.2,240,27.8,12m,15,10,0.0707873860858053,409,-346.2558,13.512,409,-346.2558,13.782,True,True
A002_Xd9668b_X3a90_spw1,bet_Pic_B6,6,122070.3125,385,884,2679.2,240,27.8,12m,15,11,0.06730657780821091,173,2136.9152,14.661,173,2136.9152,14.661,True,True
A002_Xd9668b_X3a90_spw1,bet_Pic_B6,6,122070.3125,385,884,2679.2,240,27.8,12m,15,12,0.06324024534630467,509,-2373.799,14.274,509,-2373.799,14.274,True,True
A002_Xd9668b_X3a90_spw1,bet_Pic_B6,6,122070.3125,385,884,2679.2,240,27.8,12m,15,13,0.06555878573763406,416,1681.2875,15.987,416,1681.2875,15.987,True,True
A002_Xd9668b_X3a90_spw1,bet_Pic_B6,6,122070.3125,385,884,2679.2,240,27.8,12m,15,14,0.07268211780770784,624,-2077.641,14.574,624,-2077.641,14.574,True,True
A002_Xd9668b_X3a90_spw1,bet_Pic_B6,6,122070.3125,385,884,2679.2,240,27.8,12m,15,15,0.05888567973178371,541,975.0645,13.0,541,975.0645,13.782,True,True
A002_Xd3607d_X6487_spw2,TWA_3A_576064_B6,6,122070.3125,475,1768,3459.1,315,27.3,12m,3,0,0.020093774340690564,456,-1619.5045,5.699,457,-2554.6869,9.644,False,True
A002_Xd3607d_X6487_spw2,TWA_3A_576064_B6,6,122070.3125,475,1768,3459.1,315,27.3,12m,3,1,0.02142657347551431,1362,2033.0004,3.595,1362,2033.0004,9.644,True,False
A002_Xd3607d_X6487_spw2,TWA_3A_576064_B6,6,122070.3125,475,1768,3459.1,315,27.3,12m,3,2,0.01883396434672148,225,1415.4271,4.578,224,1556.5867,9.644,False,False
A002_Xd3607d_X6487_spw2,TWA_3A_576064_B6,6,122070.3125,475,1768,3459.1,315,27.3,12m,3,3,0.012623999067724595,1126,1574.2316,8.937,1126,1574.2316,9.964,True,True
A002_Xd3607d_X6487_spw2,TWA_3A_576064_B6,6,122070.3125,475,1768,3459.1,315,27.3,12m,3,4,0.02014788480376389,931,2703.5085,2.867,931,2703.5085,9.644,True,False
A002_Xd3607d_X6487_spw2,TWA_3A_576064_B6,6,122070.3125,475,1768,3459.1,315,27.3,12m,3,5,0.020534755183074082,123,427.3098,4.07,124,-472.5827,9.644,False,False
A002_Xd3607d_X6487_spw2,TWA_3A_576064_B6,6,122070.3125,475,1768,3459.1,315,27.3,12m,3,6,0.02213886482912372,428,-2431.1723,6.872,428,-825.4817,9.644,False,True
A002_Xd3607d_X6487_spw2,TWA_3A_576064_B6,6,122070.3125,475,1768,3459.1,315,27.3,12m,3,7,0.01889179753465184,1575,2103.5802,5.987,1575,-1407.7651,9.644,False,True
A002_Xd3607d_X6487_spw2,TWA_3A_576064_B6,6,122070.3125,475,1768,3459.1,315,27.3,12m,3,8,0.019648709599840084,1682,-525.5175,4.24,1683,321.4401,9.644,False,False
A002_Xd3607d_X6487_spw2,TWA_3A_576064_B6,6,122070.3125,475,1768,3459.1,315,27.3,12m,3,9,0.020278343096061222,163,-578.4524,4.297,163,-2695.8465,9.644,False,False
A002_Xd3607d_X6487_spw2,TWA_3A_576064_B6,6,122070.3125,475,1768,3459.1,315,27.3,12m,3,10,0.01930841733831054,1477,-2148.853,5.476,1477,1521.2968,9.644,False,True
A002_Xd3607d_X6487_spw2,TWA_3A_576064_B6,6,122070.3125,475,1768,3459.1,315,27.3,12m,3,11,0.019496452959478668,474,1680.1013,3.5,474,1680.1013,9.644,True,False
A002_Xd3607d_X6487_spw2,TWA_3A_576064_B6,6,122070.3125,475,1768,3459.1,315,27.3,12m,3,12,0.01886338131297258,307,-419.6478,2.554,308,-2166.498,9.644,False,False
A002_Xd3607d_X6487_spw2,TWA_3A_576064_B6,6,122070.3125,475,1768,3459.1,315,27.3,12m,3,13,0.020206009486071076,1405,2421.1893,3.482,1405,2421.1893,9.644,True,False
A002_Xd3607d_X6487_spw2,TWA_3A_576064_B6,6,122070.3125,475,1768,3459.1,315,27.3,12m,3,14,0.020026560062206187,788,-2572.3319,3.611,788,-2572.3319,9.644,True,False
A002_Xd3607d_X6487_spw2,TWA_3A_576064_B6,6,122070.3125,475,1768,3459.1,315,27.3,12m,3,15,0.015939927589244285,107,-349.068,7.675,108,-543.1625,9.644,False,True
A002_Xd3607d_X6487_spw2,TWA_3A_576064_B6,6,122070.3125,475,1768,3459.1,315,27.3,12m,4,0,0.02725964299283577,1218,956.6583,6.606,1219,2491.7691,9.644,False,True
A002_Xd3607d_X6487_spw2,TWA_3A_576064_B6,6,122070.3125,475,1768,3459.1,315,27.3,12m,4,1,0.028426683163268088,749,286.1502,4.807,749,286.1502,9.644,True,False
A002_Xd3607d_X6487_spw2,TWA_3A_576064_B6,6,122070.3125,475,1768,3459.1,315,27.3,12m,4,2,0.024445177414158345,1537,2403.5443,6.694,1537,515.5346,9.644,False,True
A002_Xd3607d_X6487_spw2,TWA_3A_576064_B6,6,122070.3125,475,1768,3459.1,315,27.3,12m,4,3,0.028561328755363692,1050,-243.1983,3.332,1050,-260.8433,9.644,True,False
A002_Xd3607d_X6487_spw2,TWA_3A_576064_B6,6,122070.3125,475,1768,3459.1,315,27.3,12m,4,4,0.02701371548253861,267,1468.3619,2.904,268,-137.3286,9.644,False,False
A002_Xd3607d_X6487_spw2,TWA_3A_576064_B6,6,122070.3125,475,1768,3459.1,315,27.3,12m,4,5,0.027777501824864458,995,-1354.8302,4.065,994,-1037.2211,9.644,False,False
A002_Xd3607d_X6487_spw2,TWA_3A_576064_B6,6,122070.3125,475,1768,3459.1,315,27.3,12m,4,6,0.02331687016283043,1582,-772.5469,5.47,1582,-772.5469,9.644,True,True
A002_Xd3607d_X6487_spw2,TWA_3A_576064_B6,6,122070.3125,475,1768,3459.1,315,27.3,12m,4,7,0.026286411797383398,240,2068.2903,3.968,240,-701.9671,9.644,False,False
A002_Xd3607d_X6487_spw2,TWA_3A_576064_B6,6,122070.3125,475,1768,3459.1,315,27.3,12m,4,8,0.02696849657702312,1464,-2095.9182,5.1,1463,2209.4499,9.644,False,True
A002_Xd3607d_X6487_spw2,TWA_3A_576064_B6,6,122070.3125,475,1768,3459.1,315,27.3,12m,4,9,0.02608411407702755,505,-2095.9182,3.572,505,-2113.5631,9.644,True,False
A002_Xd3607d_X6487_spw2,TWA_3A_576064_B6,6,122070.3125,475,1768,3459.1,315,27.3,12m,4,10,0.02663609617836321,260,-1513.6348,3.812,260,-1513.6348,9.644,True,False
A002_Xd3607d_X6487_spw2,TWA_3A_576064_B6,6,122070.3125,475,1768,3459.1,315,27.3,12m,4,11,0.024500649756796816,576,2068.2903,4.15,575,2244.7398,9.63,False,False
A002_Xd3607d_X6487_spw2,TWA_3A_576064_B6,6,122070.3125,475,1768,3459.1,315,27.3,12m,4,12,0.02350676379237638,84,-913.7065,3.942,83,409.6649,9.644,False,False
A002_Xd3607d_X6487_spw2,TWA_3A_576064_B6,6,122070.3125,475,1768,3459.1,315,27.3,12m,4,13,0.026323976597597734,589,1080.173,6.139,590,2632.9287,9.615,False,True
A002_Xd3607d_X6487_spw2,TWA_3A_576064_B6,6,122070.3125,475,1768,3459.1,315,27.3,12m,4,14,0.028673484731373215,654,2509.414,6.684,653,-366.713,9.641,False,True
A002_Xd3607d_X6487_spw2,TWA_3A_576064_B6,6,122070.3125,475,1768,3459.1,315,27.3,12m,4,15,0.027002113044696085,78,2033.0004,4.348,78,2033.0004,9.644,True,False
A002_Xd3607d_X6487_spw2,TWA_3A_576064_B6,6,122070.3125,475,1768,3459.1,315,27.3,12m,5,0,0.03488173329493884,324,833.1437,5.265,324,833.1437,9.644,True,True
A002_Xd3607d_X6487_spw2,TWA_3A_576064_B6,6,122070.3125,475,1768,3459.1,315,27.3,12m,5,1,0.03289180494892889,1358,727.274,5.259,1358,-2448.8172,9.644,False,True
A002_Xd3607d_X6487_spw2,TWA_3A_576064_B6,6,122070.3125,475,1768,3459.1,315,27.3,12m,5,2,0.03286374094091007,411,-1725.3742,6.326,411,162.6355,9.644,False,True
A002_Xd3607d_X6487_spw2,TWA_3A_576064_B6,6,122070.3125,475,1768,3459.1,315,27.3,12m,5,3,0.031157365753617706,619,144.9906,6.906,618,1291.9124,9.548,False,True
A002_Xd3607d_X6487_spw2,TWA_3A_576064_B6,6,122070.3125,475,1768,3459.1,315,27.3,12m,5,4,0.030298418387469377,615,444.9548,6.783,614,1468.3619,9.581,False,True
A002_Xd3607d_X6487_spw2,TWA_3A_576064_B6,6,122070.3125,475,1768,3459.1,315,27.3,12m,5,5,0.03393256846697792,755,1362.4922,5.09,755,1362.4922,9.644,True,True
A002_Xd3607d_X6487_spw2,TWA_3A_576064_B6,6,122070.3125,475,1768,3459.1,315,27.3,12m,5,6,0.035007815698347856,408,1662.4564,6.103,409,268.5053,9.644,False,True
A002_Xd3607d_X6487_spw2,TWA_3A_576064_B6,6,122070.3125,475,1768,3459.1,315,27.3,12m,5,7,0.03207407575428091,1393,727.274,4.208,1393,-1813.599,9.644,False,False
A002_Xd3607d_X6487_spw2,TWA_3A_576064_B6,6,122070.3125,475,1768,3459.1,315,27.3,12m,5,8,0.03547896042372506,1232,-613.7423,6.294,1231,1927.1307,9.644,False,True
A002_Xd3607d_X6487_spw2,TWA_3A_576064_B6,6,122070.3125,475,1768,3459.1,315,27.3,12m,5,9,0.034515042947787754,188,2103.5802,5.838,188,2103.5802,9.644,True,True
A002_Xd3607d_X6487_spw2,TWA_3A_576064_B6,6,122070.3125,475,1768,3459.1,315,27.3,12m,5,10,0.03441220681349808,584,-2219.4328,5.342,584,-2219.4328,9.644,True,True
A002_Xd3607d_X6487_spw2,TWA_3A_576064_B6,6,122070.3125,475,1768,3459.1,315,27.3,12m,5,11,0.03049239336745833,222,1486.0069,3.859,221,1962.4206,9.644,False,False
A002_Xd3607d_X6487_spw2,TWA_3A_576064_B6,6,122070.3125,475,1768,3459.1,315,27.3,12m,5,12,0.035870157864944775,1608,1503.6518,4.89,1608,1503.6518,9.644,True,False
A002_Xd3607d_X6487_spw2,TWA_3A_576064_B6,6,122070.3125,475,1768,3459.1,315,27.3,12m,5,13,0.033572800802138376,1494,-860.7716,5.604,1493,2738.7984,9.644,False,True
A002_Xd3607d_X6487_spw2,TWA_3A_576064_B6,6,122070.3125,475,1768,3459.1,315,27.3,12m,5,14,0.03350570588071354,1287,1133.1079,6.836,1286,-1690.0843,9.644,False,True
A002_Xd3607d_X6487_spw2,TWA_3A_576064_B6,6,122070.3125,475,1768,3459.1,315,27.3,12m,5,15,0.03436803502306347,1691,-1213.6706,5.307,1691,-1213.6706,9.644,True,True
A002_Xd3607d_X6487_spw2,TWA_3A_576064_B6,6,122070.3125,475,1768,3459.1,315,27.3,12m,6,0,0.03756893087964905,992,1309.5574,4.928,992,1327.2023,9.644,True,False
A002_Xd3607d_X6487_spw2,TWA_3A_576064_B6,6,122070.3125,475,1768,3459.1,315,27.3,12m,6,1,0.04401559243695061,1390,-2131.2081,7.178,1390,-2131.2081,9.644,True,True
A002_Xd3607d_X6487_spw2,TWA_3A_576064_B6,6,122070.3125,475,1768,3459.1,315,27.3,12m,6,2,0.04174168036460915,1578,-1531.2798,6.014,1578,-1531.2798,9.644,True,True
A002_Xd3607d_X6487_spw2,TWA_3A_576064_B6,6,122070.3125,475,1768,3459.1,315,27.3,12m,6,3,0.03806929426736765,258,2421.1893,5.351,258,2421.1893,9.644,True,True
A002_Xd3607d_X6487_spw2,TWA_3A_576064_B6,6,122070.3125,475,1768,3459.1,315,27.3,12m,6,4,0.04016512263334412,1318,691.9841,7.143,1318,691.9841,9.644,True,True
A002_Xd3607d_X6487_spw2,TWA_3A_576064_B6,6,122070.3125,475,1768,3459.1,315,27.3,12m,6,5,0.04224649182647034,1073,1362.4922,7.083,1074,1821.2609,9.644,False,True
A002_Xd3607d_X6487_spw2,TWA_3A_576064_B6,6,122070.3125,475,1768,3459.1,315,27.3,12m,6,6,0.04259862096079306,1544,-2678.2016,7.132,1545,92.0557,9.644,False,True
A002_Xd3607d_X6487_spw2,TWA_3A_576064_B6,6,122070.3125,475,1768,3459.1,315,27.3,12m,6,7,0.03904901379647246,912,-860.7716,5.891,912,-860.7716,9.644,True,True
A002_Xd3607d_X6487_spw2,TWA_3A_576064_B6,6,122070.3125,475,1768,3459.1,315,27.3,12m,6,8,0.044441060018636507,1284,-1337.1853,6.838,1284,-1337.1853,9.644,True,True
A002_Xd3607d_X6487_spw2,TWA_3A_576064_B6,6,122070.3125,475,1768,3459.1,315,27.3,12m,6,9,0.03514676373565717,973,974.3033,7.7,973,974.3033,9.644,True,True
A002_Xd3607d_X6487_spw2,TWA_3A_576064_B6,6,122070.3125,475,1768,3459.1,315,27.3,12m,6,10,0.03873945734102204,159,127.3456,7.333,159,127.3456,9.644,True,True
A002_Xd3607d_X6487_spw2,TWA_3A_576064_B6,6,122070.3125,475,1768,3459.1,315,27.3,12m,6,11,0.04384147031030878,1161,2315.3196,7.727,1162,-507.8726,9.644,False,True
A002_Xd3607d_X6487_spw2,TWA_3A_576064_B6,6,122070.3125,475,1768,3459.1,315,27.3,12m,6,12,0.04353732408551523,1373,568.4694,3.633,1373,568.4694,9.644,True,False
A002_Xd3607d_X6487_spw2,TWA_3A_576064_B6,6,122070.3125,475,1768,3459.1,315,27.3,12m,6,13,0.04267562999183057,992,1891.8408,5.863,992,1891.8408,9.644,True,True
A002_Xd3607d_X6487_spw2,TWA_3A_576064_B6,6,122070.3125,475,1768,3459.1,315,27.3,12m,6,14,0.036632559353153245,232,1609.5215,5.873,232,1609.5215,9.644,True,True
A002_Xd3607d_X6487_spw2,TWA_3A_576064_B6,6,122070.3125,475,1768,3459.1,315,27.3,12m,6,15,0.04233231236360511,1552,162.6355,6.312,1552,162.6355,9.644,True,True
A002_Xd3607d_X6487_spw2,TWA_3A_576064_B6,6,122070.3125,475,1768,3459.1,315,27.3,12m,7,0,0.03933010376549464,1594,-1990.0485,6.113,1594,-2395.8824,9.644,False,True
A002_Xd3607d_X6487_spw2,TWA_3A_576064_B6,6,122070.3125,475,1768,3459.1,315,27.3,12m,7,1,0.04803167391957743,310,2721.1535,8.031,310,2721.1535,9.644,True,True
A002_Xd3607d_X6487_spw2,TWA_3A_576064_B6,6,122070.3125,475,1768,3459.1,315,27.3,12m,7,2,0.051090459158634104,868,2474.1241,6.405,868,2474.1241,9.644,True,True
A002_Xd3607d_X6487_spw2,TWA_3A_576064_B6,6,122070.3125,475,1768,3459.1,315,27.3,12m,7,3,0.044338227626228584,1225,1450.717,11.512,1225,1433.072,11.512,True,True
A002_Xd3607d_X6487_spw2,TWA_3A_576064_B6,6,122070.3125,475,1768,3459.1,315,27.3,12m,7,4,0.048548517318128356,518,1486.0069,7.458,518,1486.0069,9.644,True,True
A002_Xd3607d_X6487_spw2,TWA_3A_576064_B6,6,122070.3125,475,1768,3459.1,315,27.3,12m,7,5,0.04854237499416334,1274,-1284.2504,7.55,1274,-1054.8661,9.644,False,True
A002_Xd3607d_X6487_spw2,TWA_3A_576064_B6,6,122070.3125,475,1768,3459.1,315,27.3,12m,7,6,0.048713486704220724,623,1380.1372,7.224,623,1380.1372,9.604,True,True
A002_Xd3607d_X6487_spw2,TWA_3A_576064_B6,6,122070.3125,475,1768,3459.1,315,27.3,12m,7,7,0.049228730074914295,1375,1256.6225,7.188,1375,1256.6225,9.644,True,True
A002_Xd3607d_X6487_spw2,TWA_3A_576064_B6,6,122070.3125,475,1768,3459.1,315,27.3,12m,7,8,0.05287964581041285,1534,1962.4206,7.129,1534,1962.4206,9.644,True,True
A002_Xd3607d_X6487_spw2,TWA_3A_576064_B6,6,122070.3125,475,1768,3459.1,315,27.3,12m,7,9,0.04741357153713146,809,-2519.397,7.938,809,-2519.397,9.644,True,True
A002_Xd3607d_X6487_spw2,TWA_3A_576064_B6,6,122070.3125,475,1768,3459.1,315,27.3,12m,7,10,0.04409873533943627,814,1715.3912,6.683,814,1715.3912,9.644,True,True
A002_Xd3607d_X6487_spw2,TWA_3A_576064_B6,6,122070.3125,475,1768,3459.1,315,27.3,12m,7,11,0.04767287553787592,1537,-1090.156,7.154,1537,-1090.156,9.644,True,True
A002_Xd3607d_X6487_spw2,TWA_3A_576064_B6,6,122070.3125,475,1768,3459.1,315,27.3,12m,7,12,0.05066982970205167,92,-719.612,6.652,92,-719.612,9.644,True,True
A002_Xd3607d_X6487_spw2,TWA_3A_576064_B6,6,122070.3125,475,1768,3459.1,315,27.3,12m,7,13,0.03888362412809005,1093,833.1437,10.628,1093,833.1437,10.628,True,True
A002_Xd3607d_X6487_spw2,TWA_3A_576064_B6,6,122070.3125,475,1768,3459.1,315,27.3,12m,7,14,0.04596777378728299,586,374.375,8.003,586,374.375,9.532,True,True
A002_Xd3607d_X6487_spw2,TWA_3A_576064_B6,6,122070.3125,475,1768,3459.1,315,27.3,12m,7,15,0.04630588240369973,162,-1337.1853,7.473,162,-1337.1853,9.644,True,True
A002_Xd3607d_X6487_spw2,TWA_3A_576064_B6,6,122070.3125,475,1768,3459.1,315,27.3,12m,8,0,0.0568961545526697,489,1874.1958,8.487,489,1874.1958,9.644,True,True
A002_Xd3607d_X6487_spw2,TWA_3A_576064_B6,6,122070.3125,475,1768,3459.1,315,27.3,12m,8,1,0.05867202844809464,965,-2484.1071,7.384,965,-2484.1071,9.644,True,True
A002_Xd3607d_X6487_spw2,TWA_3A_576064_B6,6,122070.3125,475,1768,3459.1,315,27.3,12m,8,2,0.05811253643240869,480,-1654.7944,8.63,480,-1654.7944,9.644,True,True
A002_Xd3607d_X6487_spw2,TWA_3A_576064_B6,6,122070.3125,475,1768,3459.1,315,27.3,12m,8,3,0.05714603976521658,980,2527.059,7.309,980,2527.059,9.644,True,True
A002_Xd3607d_X6487_spw2,TWA_3A_576064_B6,6,122070.3125,475,1768,3459.1,315,27.3,12m,8,4,0.0549412034974248,1225,-225.5534,7.168,1225,1397.7821,9.644,False,True
A002_Xd3607d_X6487_spw2,TWA_3A_576064_B6,6,122070.3125,475,1768,3459.1,315,27.3,12m,8,5,0.05169164769773842,254,-1813.599,6.969,254,-1813.599,9.644,True,True
A002_Xd3607d_X6487_spw2,TWA_3A_576064_B6,6,122070.3125,475,1768,3459.1,315,27.3,12m,8,6,0.052360943679581565,732,2438.8342,8.504,732,2438.8342,9.644,True,True
A002_Xd3607d_X6487_spw2,TWA_3A_576064_B6,6,122070.3125,475,1768,3459.1,315,27.3,12m,8,7,0.05175851493297292,479,-1143.0908,7.798,479,-1143.0908,9.644,True,True
A002_Xd3607d_X6487_spw2,TWA_3A_576064_B6,6,122070.3125,475,1768,3459.1,315,27.3,12m,8,8,0.050434155444918444,248,-1037.2211,6.283,248,-1037.2211,9.644,True,True
A002_Xd3607d_X6487_spw2,TWA_3A_576064_B6,6,122070.3125,475,1768,3459.1,315,27.3,12m,8,9,0.05576015257390745,1039,127.3456,8.179,1039,127.3456,9.644,True,True
A002_Xd3607d_X6487_spw2,TWA_3A_576064_B6,6,122070.3125,475,1768,3459.1,315,27.3,12m,8,10,0.05698128636604691,1416,-719.612,9.609,1416,-719.612,9.644,True,True
A002_Xd3607d_X6487_spw2,TWA_3A_576064_B6,6,122070.3125,475,1768,3459.1,315,27.3,12m,8,11,0.05426787876750529,617,-2678.2016,8.364,617,-2678.2016,9.631,True,True
A002_Xd3607d_X6487_spw2,TWA_3A_576064_B6,6,122070.3125,475,1768,3459.1,315,27.3,12m,8,12,0.05420103326203543,492,1256.6225,9.093,492,1256.6225,9.644,True,True
A002_Xd3607d_X6487_spw2,TWA_3A_576064_B6,6,122070.3125,475,1768,3459.1,315,27.3,12m,8,13,0.058585608569207276,1406,2756.4434,8.348,1406,2756.4434,9.644,True,True
A002_Xd3607d_X6487_spw2,TWA_3A_576064_B6,6,122070.3125,475,1768,3459.1,315,27.3,12m,8,14,0.0580765548781997,1323,1521.2968,6.429,1323,1521.2968,9.644,True,True
A002_Xd3607d_X6487_spw2,TWA_3A_576064_B6,6,122070.3125,475,1768,3459.1,315,27.3,12m,8,15,0.052364983019562265,865,2703.5085,8.693,865,2703.5085,9.644,True,True
A002_Xd3607d_X6487_spw2,TWA_3A_576064_B6,6,122070.3125,475,1768,3459.1,315,27.3,12m,10,0,0.06580287571434126,622,-1848.8889,9.66,622,-1848.8889,9.66,True,True
A002_Xd3607d_X6487_spw2,TWA_3A_576064_B6,6,122070.3125,475,1768,3459.1,315,27.3,12m,10,1,0.06446797841630877,723,1733.0362,7.869,723,1733.0362,9.644,True,True
A002_Xd3607d_X6487_spw2,TWA_3A_576064_B6,6,122070.3125,475,1768,3459.1,315,27.3,12m,10,2,0.06556430965996858,664,2756.4434,11.916,664,2756.4434,11.916,True,True
A002_Xd3607d_X6487_spw2,TWA_3A_576064_B6,6,122070.3125,475,1768,3459.1,315,27.3,12m,10,3,0.0657513839483695,429,2474.1241,10.68,429,2474.1241,10.68,True,True
A002_Xd3607d_X6487_spw2,TWA_3A_576064_B6,6,122070.3125,475,1768,3459.1,315,27.3,12m,10,4,0.06781657322499236,351,-49.1039,9.811,351,-49.1039,9.811,True,True
A002_Xd3607d_X6487_spw2,TWA_3A_576064_B6,6,122070.3125,475,1768,3459.1,315,27.3,12m,10,5,0.06657190783978328,391,1274.2675,10.105,390,1397.7821,10.105,False,True
A002_Xd3607d_X6487_spw2,TWA_3A_576064_B6,6,122070.3125,475,1768,3459.1,315,27.3,12m,10,6,0.0667076267239775,245,656.6942,8.632,245,656.6942,9.644,True,True
A002_Xd3607d_X6487_spw2,TWA_3A_576064_B6,6,122070.3125,475,1768,3459.1,315,27.3,12m,10,7,0.06998673580101837,937,2138.8701,10.075,937,2138.8701,10.075,True,True
A002_Xd3607d_X6487_spw2,TWA_3A_576064_B6,6,122070.3125,475,1768,3459.1,315,27.3,12m,10,8,0.06884338547482392,226,-1443.055,9.996,226,-1443.055,9.996,True,True
A002_Xd3607d_X6487_spw2,TWA_3A_576064_B6,6,122070.3125,475,1768,3459.1,315,27.3,12m,10,9,0.07008046296474543,632,1521.2968,9.63,632,1521.2968,9.63,True,True
A002_Xd3607d_X6487_spw2,TWA_3A_576064_B6,6,122070.3125,475,1768,3459.1,315,27.3,12m,10,10,0.06583254333653078,86,-1584.2146,9.395,86,-1584.2146,9.644,True,True
A002_Xd3607d_X6487_spw2,TWA_3A_576064_B6,6,122070.3125,475,1768,3459.1,315,27.3,12m,10,11,0.06928058989336981,1287,-1443.055,9.58,1287,-1443.055,9.644,True,True
A002_Xd3607d_X6487_spw2,TWA_3A_576064_B6,6,122070.3125,475,1768,3459.1,315,27.3,12m,10,12,0.06550188669784134,247,109.7007,9.655,247,109.7007,9.655,True,True
A002_Xd3607d_X6487_spw2,TWA_3A_576064_B6,6,122070.3125,475,1768,3459.1,315,27.3,12m,10,13,0.07285053039468638,1034,480.2447,10.537,1034,480.2447,10.537,True,True
A002_Xd3607d_X6487_spw2,TWA_3A_576064_B6,6,122070.3125,475,1768,3459.1,315,27.3,12m,10,14,0.06762740993098913,1448,-1795.954,9.853,1448,-1795.954,9.853,True,True
A002_Xd3607d_X6487_spw2,TWA_3A_576064_B6,6,122070.3125,475,1768,3459.1,315,27.3,12m,10,15,0.06744303408915296,394,621.4043,10.304,394,621.4043,10.304,True,True
A002_Xd3607d_X6487_spw2,TWA_3A_576064_B6,6,122070.3125,475,1768,3459.1,315,27.3,12m,12,0,0.07973200175143835,160,1644.8114,12.692,160,1644.8114,12.692,True,True
A002_Xd3607d_X6487_spw2,TWA_3A_576064_B6,6,122070.3125,475,1768,3459.1,315,27.3,12m,12,1,0.0735503923853737,144,-2731.1364,10.686,144,-2731.1364,10.686,True,True
A002_Xd3607d_X6487_spw2,TWA_3A_576064_B6,6,122070.3125,475,1768,3459.1,315,27.3,12m,12,2,0.08407416457698919,1672,1203.6877,11.492,1672,1203.6877,11.492,True,True
A002_Xd3607d_X6487_spw2,TWA_3A_576064_B6,6,122070.3125,475,1768,3459.1,315,27.3,12m,12,3,0.07548574480011114,987,-2360.5925,13.6,987,-2360.5925,13.6,True,True
A002_Xd3607d_X6487_spw2,TWA_3A_576064_B6,6,122070.3125,475,1768,3459.1,315,27.3,12m,12,4,0.08362922304008992,1260,2650.5737,12.559,1260,2650.5737,12.559,True,True
A002_Xd3607d_X6487_spw2,TWA_3A_576064_B6,6,122070.3125,475,1768,3459.1,315,27.3,12m,12,5,0.08490188645950479,710,1168.3978,11.814,710,1168.3978,11.814,True,True
A002_Xd3607d_X6487_spw2,TWA_3A_576064_B6,6,122070.3125,475,1768,3459.1,315,27.3,12m,12,6,0.08770507868388176,1317,-2519.397,11.754,1317,-2519.397,11.754,True,True
A002_Xd3607d_X6487_spw2,TWA_3A_576064_B6,6,122070.3125,475,1768,3459.1,315,27.3,12m,12,7,0.07486078590443104,1012,92.0557,13.836,1012,92.0557,13.836,True,True
A002_Xd3607d_X6487_spw2,TWA_3A_576064_B6,6,122070.3125,475,1768,3459.1,315,27.3,12m,12,8,0.08531932437702645,1359,1009.5932,10.98,1359,1009.5932,10.98,True,True
A002_Xd3607d_X6487_spw2,TWA_3A_576064_B6,6,122070.3125,475,1768,3459.1,315,27.3,12m,12,9,0.08758320294517509,1216,-2395.8824,11.863,1216,-2395.8824,11.863,True,True
A002_Xd3607d_X6487_spw2,TWA_3A_576064_B6,6,122070.3125,475,1768,3459.1,315,27.3,12m,12,10,0.08245621277653883,1538,1609.5215,12.984,1538,1609.5215,12.984,True,True
A002_Xd3607d_X6487_spw2,TWA_3A_576064_B6,6,122070.3125,475,1768,3459.1,315,27.3,12m,12,11,0.08724678914586301,660,-1443.055,10.754,660,-1443.055,10.754,True,True
A002_Xd3607d_X6487_spw2,TWA_3A_576064_B6,6,122070.3125,475,1768,3459.1,315,27.3,12m,12,12,0.08653580908293318,991,-419.6478,11.855,991,-419.6478,11.855,True,True
A002_Xd3607d_X6487_spw2,TWA_3A_576064_B6,6,122070.3125,475,1768,3459.1,315,27.3,12m,12,13,0.08576560809047716,206,-1301.8954,12.155,206,-1301.8954,12.155,True,True
A002_Xd3607d_X6487_spw2,TWA_3A_576064_B6,6,122070.3125,475,1768,3459.1,315,27.3,12m,12,14,0.08902536994306347,1481,-2625.2667,12.066,1481,-2625.2667,12.066,True,True
A002_Xd3607d_X6487_spw2,TWA_3A_576064_B6,6,122070.3125,475,1768,3459.1,315,27.3,12m,12,15,0.07440099257050187,503,-2131.2081,9.308,503,-2131.2081,9.644,True,True
A002_Xd3607d_X6487_spw2,TWA_3A_576064_B6,6,122070.3125,475,1768,3459.1,315,27.3,12m,15,0,0.10749487684960121,1565,-2537.042,15.273,1565,-2537.042,15.273,True,True
A002_Xd3607d_X6487_spw2,TWA_3A_576064_B6,6,122070.3125,475,1768,3459.1,315,27.3,12m,15,1,0.0961830171444886,205,-402.0029,13.776,205,-402.0029,13.776,True,True
A002_Xd3607d_X6487_spw2,TWA_3A_576064_B6,6,122070.3125,475,1768,3459.1,315,27.3,12m,15,2,0.09494866166859955,1630,-719.612,17.564,1630,-719.612,17.564,True,True
A002_Xd3607d_X6487_spw2,TWA_3A_576064_B6,6,122070.3125,475,1768,3459.1,315,27.3,12m,15,3,0.10273204853726023,1566,674.3391,15.364,1566,674.3391,15.364,True,True
A002_Xd3607d_X6487_spw2,TWA_3A_576064_B6,6,122070.3125,475,1768,3459.1,315,27.3,12m,15,4,0.10801725621541536,950,-1601.8596,14.33,950,-1601.8596,14.33,True,True
A002_Xd3607d_X6487_spw2,TWA_3A_576064_B6,6,122070.3125,475,1768,3459.1,315,27.3,12m,15,5,0.10090525479555315,419,480.2447,14.573,419,480.2447,14.573,True,True
A002_Xd3607d_X6487_spw2,TWA_3A_576064_B6,6,122070.3125,475,1768,3459.1,315,27.3,12m,15,6,0.10884553405818645,1426,-684.3221,15.044,1426,-684.3221,15.044,True,True
A002_Xd3607d_X6487_spw2,TWA_3A_576064_B6,6,122070.3125,475,1768,3459.1,315,27.3,12m,15,7,0.10589706414341368,632,233.2154,14.568,632,233.2154,14.568,True,True
A002_Xd3607d_X6487_spw2,TWA_3A_576064_B6,6,122070.3125,475,1768,3459.1,315,27.3,12m,15,8,0.10607002161636926,1671,1609.5215,15.189,1671,1609.5215,15.189,True,True
A002_Xd3607d_X6487_spw2,TWA_3A_576064_B6,6,122070.3125,475,1768,3459.1,315,27.3,12m,15,9,0.10247248529127305,839,-296.1332,13.477,839,-296.1332,13.477,True,True
A002_Xd3607d_X6487_spw2,TWA_3A_576064_B6,6,122070.3125,475,1768,3459.1,315,27.3,12m,15,10,0.10734664282965503,305,2191.8049,15.842,305,2191.8049,15.842,True,True
A002_Xd3607d_X6487_spw2,TWA_3A_576064_B6,6,122070.3125,475,1768,3459.1,315,27.3,12m,15,11,0.09118736497779427,699,-2325.3026,15.801,699,-2325.3026,15.801,True,True
A002_Xd3607d_X6487_spw2,TWA_3A_576064_B6,6,122070.3125,475,1768,3459.1,315,27.3,12m,15,12,0.09700109638785795,817,1662.4564,14.381,817,1662.4564,14.381,True,True
A002_Xd3607d_X6487_spw2,TWA_3A_576064_B6,6,122070.3125,475,1768,3459.1,315,27.3,12m,15,13,0.10495527358531322,385,956.6583,15.47,385,956.6583,15.47,True,True
A002_Xd3607d_X6487_spw2,TWA_3A_576064_B6,6,122070.3125,475,1768,3459.1,315,27.3,12m,15,14,0.09607091724018366,716,1785.971,14.659,716,1785.971,14.659,True,True
A002_Xd3607d_X6487_spw2,TWA_3A_576064_B6,6,122070.3125,475,1768,3459.1,315,27.3,12m,15,15,0.08769185950910523,1319,-1937.1136,16.091,1319,-1937.1136,16.091,True,True
A002_Xa68906_X1590_spw0,HD172555_B6,6,15258.7890625,75,3534,534.9,389,27.3,12m,3,0,0.07784716245525598,1839,-2523.884,5.144,1838,2553.7072,17.968,False,True
A002_Xa68906_X1590_spw0,HD172555_B6,6,15258.7890625,75,3534,534.9,389,27.3,12m,3,1,0.09674037190593861,3436,-2252.8889,15.382,3436,-741.0219,17.969,False,True
A002_Xa68906_X1590_spw0,HD172555_B6,6,15258.7890625,75,3534,534.9,389,27.3,12m,3,2,0.09944965054382852,2819,-170.506,5.123,2820,-1054.8056,17.969,False,True
A002_Xa68906_X1590_spw0,HD172555_B6,6,15258.7890625,75,3534,534.9,389,27.3,12m,3,3,0.08370042703185347,3292,-712.4961,4.454,3293,970.5257,17.969,False,False
A002_Xa68906_X1590_spw0,HD172555_B6,6,15258.7890625,75,3534,534.9,389,27.3,12m,3,4,0.09833362623614224,786,2325.5009,7.137,787,1013.3144,17.969,False,True
A002_Xa68906_X1590_spw0,HD172555_B6,6,15258.7890625,75,3534,534.9,389,27.3,12m,3,5,0.09273560932887195,3095,1555.3045,2.722,3096,-2110.26,17.969,False,False
A002_Xa68906_X1590_spw0,HD172555_B6,6,15258.7890625,75,3534,534.9,389,27.3,12m,3,6,0.0935400299675648,1123,528.3759,4.786,1123,528.3759,17.969,True,False
A002_Xa68906_X1590_spw0,HD172555_B6,6,15258.7890625,75,3534,534.9,389,27.3,12m,3,7,0.07769290248912372,1216,-1411.378,7.319,1216,-1411.378,17.969,True,True
A002_Xa68906_X1590_spw0,HD172555_B6,6,15258.7890625,75,3534,534.9,389,27.3,12m,3,8,0.0905897937182175,1444,1897.614,4.596,1445,-113.4544,17.969,False,False
A002_Xa68906_X1590_spw0,HD172555_B6,6,15258.7890625,75,3534,534.9,389,27.3,12m,3,9,0.08576422559108071,2542,-70.6658,4.342,2542,-70.6658,17.969,True,False
A002_Xa68906_X1590_spw0,HD172555_B6,6,15258.7890625,75,3534,534.9,389,27.3,12m,3,10,0.06713451263595893,2664,-1354.3265,3.856,2664,-2424.0437,17.969,False,False
A002_Xa68906_X1590_spw0,HD172555_B6,6,15258.7890625,75,3534,534.9,389,27.3,12m,3,11,0.09379435428820852,1541,-1425.6409,3.684,1540,970.5257,17.969,False,False
A002_Xa68906_X1590_spw0,HD172555_B6,6,15258.7890625,75,3534,534.9,389,27.3,12m,3,12,0.09327126104326335,3125,-798.0735,4.713,3124,2468.1298,17.969,False,False
A002_Xa68906_X1590_spw0,HD172555_B6,6,15258.7890625,75,3534,534.9,389,27.3,12m,3,13,0.10129454787278014,508,-455.764,4.035,508,-1225.9604,17.969,False,False
A002_Xa68906_X1590_spw0,HD172555_B6,6,15258.7890625,75,3534,534.9,389,27.3,12m,3,14,0.09109065985858096,2762,86.2261,4.571,2761,613.9533,17.969,False,False
A002_Xa68906_X1590_spw0,HD172555_B6,6,15258.7890625,75,3534,534.9,389,27.3,12m,3,15,0.08823625733837316,1138,2339.7638,3.803,1139,-313.135,17.969,False,False
A002_Xa68906_X1590_spw0,HD172555_B6,6,15258.7890625,75,3534,534.9,389,27.3,12m,4,0,0.12444807610043157,113,-2181.5745,6.205,113,-2181.5745,17.969,True,True
A002_Xa68906_X1590_spw0,HD172555_B6,6,15258.7890625,75,3534,534.9,389,27.3,12m,4,1,0.1267243857146079,3393,2296.9751,14.204,3394,1911.8769,17.969,False,True
A002_Xa68906_X1590_spw0,HD172555_B6,6,15258.7890625,75,3534,534.9,389,27.3,12m,4,2,0.12200644159966517,2410,1184.4691,5.611,2410,528.3759,17.969,False,True
A002_Xa68906_X1590_spw0,HD172555_B6,6,15258.7890625,75,3534,534.9,389,27.3,12m,4,3,0.12440194665416238,907,2068.7687,4.509,908,171.8035,17.969,False,False
A002_Xa68906_X1590_spw0,HD172555_B6,6,15258.7890625,75,3534,534.9,389,27.3,12m,4,4,0.11269636034685701,2407,-2238.626,5.309,2406,685.2678,17.969,False,True
A002_Xa68906_X1590_spw0,HD172555_B6,6,15258.7890625,75,3534,534.9,389,27.3,12m,4,5,0.11601011036057814,179,2482.3927,4.871,180,2197.1348,17.969,False,False
A002_Xa68906_X1590_spw0,HD172555_B6,6,15258.7890625,75,3534,534.9,389,27.3,12m,4,6,0.10455176545107789,2995,-2680.7758,4.302,2994,-1525.4812,17.969,False,False
A002_Xa68906_X1590_spw0,HD172555_B6,6,15258.7890625,75,3534,534.9,389,27.3,12m,4,7,0.13580452532831325,1524,-213.2947,4.98,1523,-2752.0903,17.969,False,False
A002_Xa68906_X1590_spw0,HD172555_B6,6,15258.7890625,75,3534,534.9,389,27.3,12m,4,8,0.12342623499063857,853,-2595.1985,6.187,853,-2566.6727,17.969,False,True
A002_Xa68906_X1590_spw0,HD172555_B6,6,15258.7890625,75,3534,534.9,389,27.3,12m,4,9,0.11034271453160018,3383,2753.3878,14.999,3383,2625.0217,17.969,False,True
A002_Xa68906_X1590_spw0,HD172555_B6,6,15258.7890625,75,3534,534.9,389,27.3,12m,4,10,0.1383857465518263,273,-1611.0586,4.647,273,-1611.0586,17.969,True,False
A002_Xa68906_X1590_spw0,HD172555_B6,6,15258.7890625,75,3534,534.9,389,27.3,12m,4,11,0.11505518572184538,3240,-2238.626,6.139,3241,-883.6509,17.969,False,True
A002_Xa68906_X1590_spw0,HD172555_B6,6,15258.7890625,75,3534,534.9,389,27.3,12m,4,12,0.11708547451869247,1500,-969.2282,4.412,1499,-1939.1052,17.969,False,False
A002_Xa68906_X1590_spw0,HD172555_B6,6,15258.7890625,75,3534,534.9,389,27.3,12m,4,13,0.13898645299785156,527,-1496.9554,4.183,527,-1496.9554,17.969,True,False
A002_Xa68906_X1590_spw0,HD172555_B6,6,15258.7890625,75,3534,534.9,389,27.3,12m,4,14,0.11704069792353808,1037,-2324.2034,3.927,1037,-2338.4663,17.969,True,False
A002_Xa68906_X1590_spw0,HD172555_B6,6,15258.7890625,75,3534,534.9,389,27.3,12m,4,15,0.10840036798303919,1500,-2509.6211,4.54,1499,-1939.1052,17.969,False,False
A002_Xa68906_X1590_spw0,HD172555_B6,6,15258.7890625,75,3534,534.9,389,27.3,12m,5,0,0.14621712101575388,937,-2338.4663,4.956,937,-2338.4663,17.969,True,False
A002_Xa68906_X1590_spw0,HD172555_B6,6,15258.7890625,75,3534,534.9,389,27.3,12m,5,1,0.1467551235144369,2887,-213.2947,6.099,2887,-213.2947,17.969,True,True
A002_Xa68906_X1590_spw0,HD172555_B6,6,15258.7890625,75,3534,534.9,389,27.3,12m,5,2,0.14000913320337705,1471,-1910.5794,5.172,1471,-983.4911,17.969,False,True
A002_Xa68906_X1590_spw0,HD172555_B6,6,15258.7890625,75,3534,534.9,389,27.3,12m,5,3,0.14509767662005307,2039,2439.604,6.561,2038,2339.7638,17.969,False,True
A002_Xa68906_X1590_spw0,HD172555_B6,6,15258.7890625,75,3534,534.9,389,27.3,12m,5,4,0.13198182442535705,3141,-641.1816,5.704,3141,-641.1816,17.969,True,True
A002_Xa68906_X1590_spw0,HD172555_B6,6,15258.7890625,75,3534,534.9,389,27.3,12m,5,5,0.15937653280859446,1967,1555.3045,5.929,1967,1555.3045,17.969,True,True
A002_Xa68906_X1590_spw0,HD172555_B6,6,15258.7890625,75,3534,534.9,389,27.3,12m,5,6,0.13977143857106,1229,-241.8205,5.576,1229,-256.0834,17.969,True,True
A002_Xa68906_X1590_spw0,HD172555_B6,6,15258.7890625,75,3534,534.9,389,27.3,12m,5,7,0.16162562331524746,3220,-883.6509,6.029,3219,43.4374,17.969,False,True
A002_Xa68906_X1590_spw0,HD172555_B6,6,15258.7890625,75,3534,534.9,389,27.3,12m,5,8,0.15322555526661816,2510,1013.3144,5.186,2510,1013.3144,17.969,True,True
A002_Xa68906_X1590_spw0,HD172555_B6,6,15258.7890625,75,3534,534.9,389,27.3,12m,5,9,0.15429654338148133,849,1926.1398,6.185,849,1926.1398,17.969,True,True
A002_Xa68906_X1590_spw0,HD172555_B6,6,15258.7890625,75,3534,534.9,389,27.3,12m,5,10,0.14914872963149722,2599,1512.5158,4.648,2599,1512.5158,17.969,True,False
A002_Xa68906_X1590_spw0,HD172555_B6,6,15258.7890625,75,3534,534.9,389,27.3,12m,5,11,0.1270205124089062,795,1754.985,6.946,794,228.8551,17.969,False,True
A002_Xa68906_X1590_spw0,HD172555_B6,6,15258.7890625,75,3534,534.9,389,27.3,12m,5,12,0.14899301938093967,3131,2296.9751,5.146,3131,2068.7687,17.969,False,True
A002_Xa68906_X1590_spw0,HD172555_B6,6,15258.7890625,75,3534,534.9,389,27.3,12m,5,13,0.14003068340273303,496,542.6388,4.114,495,-2737.8274,17.969,False,False
A002_Xa68906_X1590_spw0,HD172555_B6,6,15258.7890625,75,3534,534.9,389,27.3,12m,5,14,0.11565558273455692,1833,2425.3411,5.725,1833,2425.3411,17.969,True,True
A002_Xa68906_X1590_spw0,HD172555_B6,6,15258.7890625,75,3534,534.9,389,27.3,12m,5,15,0.1564653936945756,2681,-2053.2084,4.908,2681,-2053.2084,17.969,True,False
A002_Xa68906_X1590_spw0,HD172555_B6,6,15258.7890625,75,3534,534.9,389,27.3,12m,6,0,0.1740279521924738,3351,756.5822,5.975,3351,756.5822,17.969,True,True
A002_Xa68906_X1590_spw0,HD172555_B6,6,15258.7890625,75,3534,534.9,389,27.3,12m,6,1,0.20099642603566528,2092,913.4741,6.443,2092,913.4741,17.969,True,True
A002_Xa68906_X1590_spw0,HD172555_B6,6,15258.7890625,75,3534,534.9,389,27.3,12m,6,2,0.1398399197257381,1270,-2267.1518,12.598,1271,2582.233,17.969,False,True
A002_Xa68906_X1590_spw0,HD172555_B6,6,15258.7890625,75,3534,534.9,389,27.3,12m,6,3,0.18139685859341517,555,2425.3411,7.657,554,1869.0882,17.969,False,True
A002_Xa68906_X1590_spw0,HD172555_B6,6,15258.7890625,75,3534,534.9,389,27.3,12m,6,4,0.18654297096411182,1003,-2238.626,5.836,1003,-2238.626,17.969,True,True
A002_Xa68906_X1590_spw0,HD172555_B6,6,15258.7890625,75,3534,534.9,389,27.3,12m,6,5,0.18934353607625778,1178,-1254.4862,4.991,1178,-1254.4862,17.969,True,False
A002_Xa68906_X1590_spw0,HD172555_B6,6,15258.7890625,75,3534,534.9,389,27.3,12m,6,6,0.18248813603710662,948,-1867.7907,6.569,948,-1867.7907,17.969,True,True
A002_Xa68906_X1590_spw0,HD172555_B6,6,15258.7890625,75,3534,534.9,389,27.3,12m,6,7,0.17404796774439205,1514,2439.604,5.577,1514,2439.604,17.969,True,True
A002_Xa68906_X1590_spw0,HD172555_B6,6,15258.7890625,75,3534,534.9,389,27.3,12m,6,8,0.17157876413757361,1741,-2053.2084,17.02,1740,-2723.5645,17.866,False,True
A002_Xa68906_X1590_spw0,HD172555_B6,6,15258.7890625,75,3534,534.9,389,27.3,12m,6,9,0.17974011394784314,931,-370.1866,5.945,931,-370.1866,17.969,True,True
A002_Xa68906_X1590_spw0,HD172555_B6,6,15258.7890625,75,3534,534.9,389,27.3,12m,6,10,0.15364067340168625,837,514.113,9.605,837,528.3759,17.969,True,True
A002_Xa68906_X1590_spw0,HD172555_B6,6,15258.7890625,75,3534,534.9,389,27.3,12m,6,11,0.19982976512426237,383,-84.9287,5.37,383,-84.9287,17.969,True,True
A002_Xa68906_X1590_spw0,HD172555_B6,6,15258.7890625,75,3534,534.9,389,27.3,12m,6,12,0.1694731836320644,2504,2439.604,5.346,2504,2439.604,17.969,True,True
A002_Xa68906_X1590_spw0,HD172555_B6,6,15258.7890625,75,3534,534.9,389,27.3,12m,6,13,0.17025336941551983,2818,-1825.002,7.508,2818,-1825.002,17.969,True,True
A002_Xa68906_X1590_spw0,HD172555_B6,6,15258.7890625,75,3534,534.9,389,27.3,12m,6,14,0.20328704772221384,1305,2239.9235,12.25,1304,542.6388,17.969,False,True
A002_Xa68906_X1590_spw0,HD172555_B6,6,15258.7890625,75,3534,534.9,389,27.3,12m,6,15,0.1518573872979103,3164,1754.985,7.992,3164,1754.985,17.969,True,True
A002_Xa68906_X1590_spw0,HD172555_B6,6,15258.7890625,75,3534,534.9,389,27.3,12m,7,0,0.1915275765046332,1422,1783.5108,5.055,1422,1783.5108,17.969,True,True
A002_Xa68906_X1590_spw0,HD172555_B6,6,15258.7890625,75,3534,534.9,389,27.3,12m,7,1,0.22957317449890463,1307,-184.7689,11.942,1307,371.484,17.969,False,True
A002_Xa68906_X1590_spw0,HD172555_B6,6,15258.7890625,75,3534,534.9,389,27.3,12m,7,2,0.24271976854787736,897,1426.9384,7.77,897,1426.9384,17.969,True,True
A002_Xa68906_X1590_spw0,HD172555_B6,6,15258.7890625,75,3534,534.9,389,27.3,12m,7,3,0.20427403753707354,1575,-412.9753,7.678,1575,-412.9753,17.969,True,True
A002_Xa68906_X1590_spw0,HD172555_B6,6,15258.7890625,75,3534,534.9,389,27.3,12m,7,4,0.22820289654742723,104,-2595.1985,6.621,104,-2595.1985,17.969,True,True
A002_Xa68906_X1590_spw0,HD172555_B6,6,15258.7890625,75,3534,534.9,389,27.3,12m,7,5,0.21819917178943432,175,1255.7836,6.804,175,1255.7836,17.969,True,True
A002_Xa68906_X1590_spw0,HD172555_B6,6,15258.7890625,75,3534,534.9,389,27.3,12m,7,6,0.20049250530594817,1992,913.4741,5.927,1992,913.4741,17.969,True,True
A002_Xa68906_X1590_spw0,HD172555_B6,6,15258.7890625,75,3534,534.9,389,27.3,12m,7,7,0.19746177544248822,2366,-1725.1618,5.715,2366,-1725.1618,17.969,True,True
A002_Xa68906_X1590_spw0,HD172555_B6,6,15258.7890625,75,3534,534.9,389,27.3,12m,7,8,0.2696769831866179,79,-2395.5179,6.935,79,-2395.5179,17.969,True,True
A002_Xa68906_X1590_spw0,HD172555_B6,6,15258.7890625,75,3534,534.9,389,27.3,12m,7,9,0.22446276122231837,948,371.484,6.116,948,371.484,17.969,True,True
A002_Xa68906_X1590_spw0,HD172555_B6,6,15258.7890625,75,3534,534.9,389,27.3,12m,7,10,0.21371654187638497,1415,1783.5108,8.391,1415,1783.5108,17.969,True,True
A002_Xa68906_X1590_spw0,HD172555_B6,6,15258.7890625,75,3534,534.9,389,27.3,12m,7,11,0.23834016189266088,113,-2067.4713,6.732,113,-2067.4713,17.969,True,True
A002_Xa68906_X1590_spw0,HD172555_B6,6,15258.7890625,75,3534,534.9,389,27.3,12m,7,12,0.21874917662433746,3174,1826.2995,7.382,3173,1997.4542,17.969,False,True
A002_Xa68906_X1590_spw0,HD172555_B6,6,15258.7890625,75,3534,534.9,389,27.3,12m,7,13,0.19391180185170115,880,-1525.4812,6.905,880,-1525.4812,17.969,True,True
A002_Xa68906_X1590_spw0,HD172555_B6,6,15258.7890625,75,3534,534.9,389,27.3,12m,7,14,0.1822959019553386,801,-227.5576,9.012,801,-227.5576,17.969,True,True
A002_Xa68906_X1590_spw0,HD172555_B6,6,15258.7890625,75,3534,534.9,389,27.3,12m,7,15,0.20918011272128412,1639,-626.9187,7.389,1639,-626.9187,17.968,True,True
A002_Xa68906_X1590_spw0,HD172555_B6,6,15258.7890625,75,3534,534.9,389,27.3,12m,8,0,0.23499027775444856,1483,1954.6656,7.641,1483,1954.6656,17.969,True,True
A002_Xa68906_X1590_spw0,HD172555_B6,6,15258.7890625,75,3534,534.9,389,27.3,12m,8,1,0.21180802472765028,557,613.9533,7.075,556,1740.7221,17.969,False,True
A002_Xa68906_X1590_spw0,HD172555_B6,6,15258.7890625,75,3534,534.9,389,27.3,12m,8,2,0.21505812245367686,443,2468.1298,8.561,443,2468.1298,17.969,True,True
A002_Xa68906_X1590_spw0,HD172555_B6,6,15258.7890625,75,3534,534.9,389,27.3,12m,8,3,0.2140880019023033,1568,-1568.2699,9.142,1568,-1568.2699,17.969,True,True
A002_Xa68906_X1590_spw0,HD172555_B6,6,15258.7890625,75,3534,534.9,389,27.3,12m,8,4,0.23966557725887688,2560,-1083.3314,8.246,2560,-1083.3314,17.969,True,True
A002_Xa68906_X1590_spw0,HD172555_B6,6,15258.7890625,75,3534,534.9,389,27.3,12m,8,5,0.2528523818796639,2533,-2424.0437,7.315,2533,-2424.0437,17.969,True,True
A002_Xa68906_X1590_spw0,HD172555_B6,6,15258.7890625,75,3534,534.9,389,27.3,12m,8,6,0.186362912524218,232,1983.1913,11.472,232,1983.1913,17.969,True,True
A002_Xa68906_X1590_spw0,HD172555_B6,6,15258.7890625,75,3534,534.9,389,27.3,12m,8,7,0.2103354612449672,1089,2482.3927,8.816,1089,2482.3927,17.969,True,True
A002_Xa68906_X1590_spw0,HD172555_B6,6,15258.7890625,75,3534,534.9,389,27.3,12m,8,8,0.22004577418257648,1850,-1097.5943,7.756,1850,-1097.5943,17.969,True,True
A002_Xa68906_X1590_spw0,HD172555_B6,6,15258.7890625,75,3534,534.9,389,27.3,12m,8,9,0.2345182855277367,347,2639.2846,6.956,347,2639.2846,17.969,True,True
A002_Xa68906_X1590_spw0,HD172555_B6,6,15258.7890625,75,3534,534.9,389,27.3,12m,8,10,0.24814369266863662,2598,2539.4443,7.023,2598,2539.4443,17.969,True,True
A002_Xa68906_X1590_spw0,HD172555_B6,6,15258.7890625,75,3534,534.9,389,27.3,12m,8,11,0.1743325220954314,2701,228.8551,5.53,2702,2097.2945,17.969,False,True
A002_Xa68906_X1590_spw0,HD172555_B6,6,15258.7890625,75,3534,534.9,389,27.3,12m,8,12,0.20896794245101127,3381,941.9999,14.698,3382,2667.8104,17.969,False,True
A002_Xa68906_X1590_spw0,HD172555_B6,6,15258.7890625,75,3534,534.9,389,27.3,12m,8,13,0.2647968456639047,425,1155.9433,7.961,425,1155.9433,17.969,True,True
A002_Xa68906_X1590_spw0,HD172555_B6,6,15258.7890625,75,3534,534.9,389,27.3,12m,8,14,0.22900310121309028,1788,-398.7124,9.722,1788,-398.7124,17.969,True,True
A002_Xa68906_X1590_spw0,HD172555_B6,6,15258.7890625,75,3534,534.9,389,27.3,12m,8,15,0.2554364930760959,2930,1754.985,6.887,2930,1754.985,17.969,True,True
A002_Xa68906_X1590_spw0,HD172555_B6,6,15258.7890625,75,3534,534.9,389,27.3,12m,10,0,0.3535889504102956,1798,-1225.9604,10.796,1798,-1225.9604,17.963,True,True
A002_Xa68906_X1590_spw0,HD172555_B6,6,15258.7890625,75,3534,534.9,389,27.3,12m,10,1,0.30149745464568956,709,-2723.5645,8.747,709,-2723.5645,17.969,True,True
A002_Xa68906_X1590_spw0,HD172555_B6,6,15258.7890625,75,3534,534.9,389,27.3,12m,10,2,0.29675109396676586,703,214.5922,9.787,703,214.5922,17.969,True,True
A002_Xa68906_X1590_spw0,HD172555_B6,6,15258.7890625,75,3534,534.9,389,27.3,12m,10,3,0.31345171231173063,2667,1441.2013,9.584,2667,1441.2013,17.969,True,True
A002_Xa68906_X1590_spw0,HD172555_B6,6,15258.7890625,75,3534,534.9,389,27.3,12m,10,4,0.2828685926758522,1519,-1967.631,9.42,1519,-1967.631,17.969,True,True
A002_Xa68906_X1590_spw0,HD172555_B6,6,15258.7890625,75,3534,534.9,389,27.3,12m,10,5,0.34254995123557286,1001,1056.1031,9.114,1001,1056.1031,17.969,True,True
A002_Xa68906_X1590_spw0,HD172555_B6,6,15258.7890625,75,3534,534.9,389,27.3,12m,10,6,0.25930456733290613,1505,-1325.8007,8.296,1505,-1325.8007,17.969,True,True
A002_Xa68906_X1590_spw0,HD172555_B6,6,15258.7890625,75,3534,534.9,389,27.3,12m,10,7,0.31726648086229264,1501,-1782.2133,9.223,1501,-1782.2133,17.969,True,True
A002_Xa68906_X1590_spw0,HD172555_B6,6,15258.7890625,75,3534,534.9,389,27.3,12m,10,8,0.2722467174886056,1755,-2281.4147,11.892,1755,-2281.4147,17.967,True,True
A002_Xa68906_X1590_spw0,HD172555_B6,6,15258.7890625,75,3534,534.9,389,27.3,12m,10,9,0.3165019601853488,1794,-840.8622,10.208,1794,-840.8622,17.965,True,True
A002_Xa68906_X1590_spw0,HD172555_B6,6,15258.7890625,75,3534,534.9,389,27.3,12m,10,10,0.2655245520536957,3070,-498.5527,9.958,3070,-498.5527,17.969,True,True
A002_Xa68906_X1590_spw0,HD172555_B6,6,15258.7890625,75,3534,534.9,389,27.3,12m,10,11,0.2447242503173952,789,813.6338,16.475,789,813.6338,17.969,True,True
A002_Xa68906_X1590_spw0,HD172555_B6,6,15258.7890625,75,3534,534.9,389,27.3,12m,10,12,0.2537945121947739,1334,-669.7074,11.767,1335,-1340.0636,17.969,False,True
A002_Xa68906_X1590_spw0,HD172555_B6,6,15258.7890625,75,3534,534.9,389,27.3,12m,10,13,0.253385397771726,835,-855.1251,9.375,835,-855.1251,17.969,True,True
A002_Xa68906_X1590_spw0,HD172555_B6,6,15258.7890625,75,3534,534.9,389,27.3,12m,10,14,0.2557096312457415,442,-2153.0487,11.004,442,-2153.0487,17.969,True,True
A002_Xa68906_X1590_spw0,HD172555_B6,6,15258.7890625,75,3534,534.9,389,27.3,12m,10,15,0.3040353733682983,594,-484.2898,10.255,594,-484.2898,17.969,True,True
A002_Xa68906_X1590_spw0,HD172555_B6,6,15258.7890625,75,3534,534.9,389,27.3,12m,12,0,0.30485533302229223,2218,-2595.1985,11.923,2218,-2595.1985,17.969,True,True
A002_Xa68906_X1590_spw0,HD172555_B6,6,15258.7890625,75,3534,534.9,389,27.3,12m,12,1,0.3178994707743013,2995,471.3243,12.902,2995,471.3243,17.969,True,True
A002_Xa68906_X1590_spw0,HD172555_B6,6,15258.7890625,75,3534,534.9,389,27.3,12m,12,2,0.3085277661123794,3325,-1097.5943,11.451,3325,-1097.5943,17.969,True,True
A002_Xa68906_X1590_spw0,HD172555_B6,6,15258.7890625,75,3534,534.9,389,27.3,12m,12,3,0.35798575038252395,2990,628.2162,13.04,2990,628.2162,17.969,True,True
A002_Xa68906_X1590_spw0,HD172555_B6,6,15258.7890625,75,3534,534.9,389,27.3,12m,12,4,0.4217885316237756,508,2140.0832,12.165,508,2140.0832,17.969,True,True
A002_Xa68906_X1590_spw0,HD172555_B6,6,15258.7890625,75,3534,534.9,389,27.3,12m,12,5,0.3593010195779289,732,57.7003,13.161,732,57.7003,17.969,True,True
A002_Xa68906_X1590_spw0,HD172555_B6,6,15258.7890625,75,3534,534.9,389,27.3,12m,12,6,0.29567221089493356,1908,671.0049,10.869,1908,671.0049,17.969,True,True
A002_Xa68906_X1590_spw0,HD172555_B6,6,15258.7890625,75,3534,534.9,389,27.3,12m,12,7,0.3519141291473513,2848,-1268.7491,11.62,2848,-1268.7491,17.969,True,True
A002_Xa68906_X1590_spw0,HD172555_B6,6,15258.7890625,75,3534,534.9,389,27.3,12m,12,8,0.40030188861687205,772,-2224.3631,11.082,772,-2224.3631,17.969,True,True
A002_Xa68906_X1590_spw0,HD172555_B6,6,15258.7890625,75,3534,534.9,389,27.3,12m,12,9,0.3836685855162697,2884,-484.2898,11.415,2884,-484.2898,17.969,True,True
A002_Xa68906_X1590_spw0,HD172555_B6,6,15258.7890625,75,3534,534.9,389,27.3,12m,12,10,0.4069876654132803,453,2425.3411,10.849,453,2425.3411,17.969,True,True
A002_Xa68906_X1590_spw0,HD172555_B6,6,15258.7890625,75,3534,534.9,389,27.3,12m,12,11,0.3099914489778527,493,1184.4691,10.009,493,1184.4691,17.969,True,True
A002_Xa68906_X1590_spw0,HD172555_B6,6,15258.7890625,75,3534,534.9,389,27.3,12m,12,12,0.4269419028999792,154,-2352.7292,11.746,154,-2352.7292,17.969,True,True
A002_Xa68906_X1590_spw0,HD172555_B6,6,15258.7890625,75,3534,534.9,389,27.3,12m,12,13,0.3182399270019492,817,-341.6608,12.679,817,-341.6608,17.969,True,True
A002_Xa68906_X1590_spw0,HD172555_B6,6,15258.7890625,75,3534,534.9,389,27.3,12m,12,14,0.25014449876611083,869,2496.6556,7.923,869,2496.6556,17.969,True,True
A002_Xa68906_X1590_spw0,HD172555_B6,6,15258.7890625,75,3534,534.9,389,27.3,12m,12,15,0.338883763795671,2984,-1682.3731,11.81,2984,-1682.3731,17.969,True,True
A002_Xa68906_X1590_spw0,HD172555_B6,6,15258.7890625,75,3534,534.9,389,27.3,12m,15,0,0.4584393669625027,1116,1412.6755,15.399,1116,1412.6755,17.969,True,True
A002_Xa68906_X1590_spw0,HD172555_B6,6,15258.7890625,75,3534,534.9,389,27.3,12m,15,1,0.4583303292519808,1746,2425.3411,15.323,1746,2425.3411,17.964,True,True
A002_Xa68906_X1590_spw0,HD172555_B6,6,15258.7890625,75,3534,534.9,389,27.3,12m,15,2,0.4771100930591794,1493,-1639.5844,14.608,1493,-1639.5844,17.969,True,True
A002_Xa68906_X1590_spw0,HD172555_B6,6,15258.7890625,75,3534,534.9,389,27.3,12m,15,3,0.45022816587828607,428,-2195.8373,15.72,428,-2195.8373,17.969,True,True
A002_Xa68906_X1590_spw0,HD172555_B6,6,15258.7890625,75,3534,534.9,389,27.3,12m,15,4,0.4400025758601841,618,-712.4961,15.895,618,-712.4961,17.969,True,True
A002_Xa68906_X1590_spw0,HD172555_B6,6,15258.7890625,75,3534,534.9,389,27.3,12m,15,5,0.33564883534980583,1540,-2666.5129,13.77,1540,-2666.5129,17.969,True,True
A002_Xa68906_X1590_spw0,HD172555_B6,6,15258.7890625,75,3534,534.9,389,27.3,12m,15,6,0.4847024680735192,658,485.5872,15.806,658,485.5872,17.969,True,True
A002_Xa68906_X1590_spw0,HD172555_B6,6,15258.7890625,75,3534,534.9,389,27.3,12m,15,7,0.4440546644913007,1463,-1126.1201,14.732,1463,-1126.1201,17.969,True,True
A002_Xa68906_X1590_spw0,HD172555_B6,6,15258.7890625,75,3534,534.9,389,27.3,12m,15,8,0.4265377268078662,1787,314.4324,14.102,1787,314.4324,17.969,True,True
A002_Xa68906_X1590_spw0,HD172555_B6,6,15258.7890625,75,3534,534.9,389,27.3,12m,15,9,0.43036895395657154,2996,-1882.0536,14.745,2996,-1882.0536,17.969,True,True
A002_Xa68906_X1590_spw0,HD172555_B6,6,15258.7890625,75,3534,534.9,389,27.3,12m,15,10,0.5007274513726228,302,2268.4493,14.763,302,2268.4493,17.969,True,True
A002_Xa68906_X1590_spw0,HD172555_B6,6,15258.7890625,75,3534,534.9,389,27.3,12m,15,11,0.4889198693054926,1809,-1297.2749,16.365,1809,-1297.2749,17.965,True,True
A002_Xa68906_X1590_spw0,HD172555_B6,6,15258.7890625,75,3534,534.9,389,27.3,12m,15,12,0.45126270609203867,1618,813.6338,14.378,1618,813.6338,17.968,True,True
A002_Xa68906_X1590_spw0,HD172555_B6,6,15258.7890625,75,3534,534.9,389,27.3,12m,15,13,0.4944488378364704,2826,-141.9802,15.328,2826,-141.9802,17.969,True,True
A002_Xa68906_X1590_spw0,HD172555_B6,6,15258.7890625,75,3534,534.9,389,27.3,12m,15,14,0.45160432175810306,1909,585.4275,13.095,1909,585.4275,17.969,True,True
A002_Xa68906_X1590_spw0,HD172555_B6,6,15258.7890625,75,3534,534.9,389,27.3,12m,15,15,0.43830505962922767,222,-1311.5378,12.384,222,-1311.5378,17.969,True,True
A002_X7116f1_X1785_spw0,bet_Pic_B6_EB_X1785,6,244140.625,106,3770,1870.6,86,27.3,12m,3,0,0.15410572197234734,2661,2780.483,2.195,2661,-1265.5563,14.895,False,False
A002_X7116f1_X1785_spw0,bet_Pic_B6_EB_X1785,6,244140.625,106,3770,1870.6,86,27.3,12m,3,1,0.14851420436920446,3330,2062.6373,4.012,3330,2062.6373,14.895,True,False
A002_X7116f1_X1785_spw0,bet_Pic_B6_EB_X1785,6,244140.625,106,3770,1870.6,86,27.3,12m,3,2,0.16446330032056544,3310,-874.0041,4.025,3310,2780.483,14.895,False,False
A002_X7116f1_X1785_spw0,bet_Pic_B6_EB_X1785,6,244140.625,106,3770,1870.6,86,27.3,12m,3,3,0.15554146767877586,2163,887.9808,6.187,2163,-678.228,14.895,False,True
A002_X7116f1_X1785_spw0,bet_Pic_B6_EB_X1785,6,244140.625,106,3770,1870.6,86,27.3,12m,3,4,0.19514492455881535,3009,692.2047,4.65,3008,1083.7569,14.895,False,False
A002_X7116f1_X1785_spw0,bet_Pic_B6_EB_X1785,6,244140.625,106,3770,1870.6,86,27.3,12m,3,5,0.18632302665202594,2608,2062.6373,3.842,2608,2062.6373,14.895,True,False
A002_X7116f1_X1785_spw0,bet_Pic_B6_EB_X1785,6,244140.625,106,3770,1870.6,86,27.3,12m,3,6,0.17188024120189202,1143,1344.7917,6.692,1143,1279.533,14.895,True,True
A002_X7116f1_X1785_spw0,bet_Pic_B6_EB_X1785,6,244140.625,106,3770,1870.6,86,27.3,12m,3,7,0.1606477320574773,2701,-156.1584,3.099,2702,-1983.402,14.895,False,False
A002_X7116f1_X1785_spw0,bet_Pic_B6_EB_X1785,6,244140.625,106,3770,1870.6,86,27.3,12m,3,8,0.16289178704077828,3236,431.1699,3.825,3237,-939.2628,14.895,False,False
A002_X7116f1_X1785_spw0,bet_Pic_B6_EB_X1785,6,244140.625,106,3770,1870.6,86,27.3,12m,3,9,0.17912368470723913,801,-1265.5563,4.341,800,-678.228,14.895,False,False
A002_X7116f1_X1785_spw0,bet_Pic_B6_EB_X1785,6,244140.625,106,3770,1870.6,86,27.3,12m,3,10,0.1590367311388763,2629,1866.8613,2.882,2629,1866.8613,14.895,True,False
A002_X7116f1_X1785_spw0,bet_Pic_B6_EB_X1785,6,244140.625,106,3770,1870.6,86,27.3,12m,3,11,0.1820220856883951,1961,-1787.6259,6.131,1961,757.4634,14.895,False,True
A002_X7116f1_X1785_spw0,bet_Pic_B6_EB_X1785,6,244140.625,106,3770,1870.6,86,27.3,12m,3,12,0.1656254425778963,1839,1866.8613,2.551,1840,-743.4867,14.895,False,False
A002_X7116f1_X1785_spw0,bet_Pic_B6_EB_X1785,6,244140.625,106,3770,1870.6,86,27.3,12m,3,13,0.19105783888349623,2453,-874.0041,4.077,2452,-25.641,14.895,False,False
A002_X7116f1_X1785_spw0,bet_Pic_B6_EB_X1785,6,244140.625,106,3770,1870.6,86,27.3,12m,3,14,0.1750591625825264,235,-612.9693,3.837,235,-678.228,14.895,True,False
A002_X7116f1_X1785_spw0,bet_Pic_B6_EB_X1785,6,244140.625,106,3770,1870.6,86,27.3,12m,3,15,0.16532913579394654,876,-351.9345,3.49,876,1410.0504,14.895,False,False
A002_X7116f1_X1785_spw0,bet_Pic_B6_EB_X1785,6,244140.625,106,3770,1870.6,86,27.3,12m,4,0,0.2270913908100311,3096,-2440.2129,3.117,3097,-2766.5064,14.895,False,False
A002_X7116f1_X1785_spw0,bet_Pic_B6_EB_X1785,6,244140.625,106,3770,1870.6,86,27.3,12m,4,1,0.19534562094147243,2241,1736.3439,3.966,2241,1736.3439,14.895,True,False
A002_X7116f1_X1785_spw0,bet_Pic_B6_EB_X1785,6,244140.625,106,3770,1870.6,86,27.3,12m,4,2,0.24285035929648505,215,2649.9656,5.465,216,-417.1932,14.895,False,True
A002_X7116f1_X1785_spw0,bet_Pic_B6_EB_X1785,6,244140.625,106,3770,1870.6,86,27.3,12m,4,3,0.23876006984775466,2405,-874.0041,4.831,2405,-874.0041,14.895,True,False
A002_X7116f1_X1785_spw0,bet_Pic_B6_EB_X1785,6,244140.625,106,3770,1870.6,86,27.3,12m,4,4,0.2918055955445115,131,2780.483,3.126,131,2780.483,14.895,True,False
A002_X7116f1_X1785_spw0,bet_Pic_B6_EB_X1785,6,244140.625,106,3770,1870.6,86,27.3,12m,4,5,0.2546177246408566,3243,1736.3439,3.848,3243,887.9808,14.895,False,False
A002_X7116f1_X1785_spw0,bet_Pic_B6_EB_X1785,6,244140.625,106,3770,1870.6,86,27.3,12m,4,6,0.2230806001015009,1740,1410.0504,5.524,1740,1410.0504,14.895,True,True
A002_X7116f1_X1785_spw0,bet_Pic_B6_EB_X1785,6,244140.625,106,3770,1870.6,86,27.3,12m,4,7,0.2497481019767684,2502,-2374.9542,4.458,2502,-2374.9542,14.895,True,False
A002_X7116f1_X1785_spw0,bet_Pic_B6_EB_X1785,6,244140.625,106,3770,1870.6,86,27.3,12m,4,8,0.18679760940977724,1960,2454.1895,6.393,1961,757.4634,14.895,False,True
A002_X7116f1_X1785_spw0,bet_Pic_B6_EB_X1785,6,244140.625,106,3770,1870.6,86,27.3,12m,4,9,0.22067849662780675,3500,-1852.8846,3.791,3500,-1852.8846,14.895,True,False
A002_X7116f1_X1785_spw0,bet_Pic_B6_EB_X1785,6,244140.625,106,3770,1870.6,86,27.3,12m,4,10,0.22533928093509842,202,1605.8265,8.386,202,1671.0852,14.895,True,True
A002_X7116f1_X1785_spw0,bet_Pic_B6_EB_X1785,6,244140.625,106,3770,1870.6,86,27.3,12m,4,11,0.22996550260599316,1740,-2374.9542,3.746,1740,-2374.9542,14.895,True,False
A002_X7116f1_X1785_spw0,bet_Pic_B6_EB_X1785,6,244140.625,106,3770,1870.6,86,27.3,12m,4,12,0.23094549373121862,827,496.4286,3.29,828,1932.12,14.895,False,False
A002_X7116f1_X1785_spw0,bet_Pic_B6_EB_X1785,6,244140.625,106,3770,1870.6,86,27.3,12m,4,13,0.2528293056181588,281,1801.6026,5.182,281,1801.6026,14.895,True,True
A002_X7116f1_X1785_spw0,bet_Pic_B6_EB_X1785,6,244140.625,106,3770,1870.6,86,27.3,12m,4,14,0.19758571209879414,3141,-612.9693,2.359,3141,-547.7106,14.895,True,False
A002_X7116f1_X1785_spw0,bet_Pic_B6_EB_X1785,6,244140.625,106,3770,1870.6,86,27.3,12m,4,15,0.24126265488057624,3676,1997.3787,3.785,3676,1997.3787,14.895,True,False
A002_X7116f1_X1785_spw0,bet_Pic_B6_EB_X1785,6,244140.625,106,3770,1870.6,86,27.3,12m,5,0,0.2452244948173596,2031,-1983.402,6.227,2031,-1983.402,14.895,True,True
A002_X7116f1_X1785_spw0,bet_Pic_B6_EB_X1785,6,244140.625,106,3770,1870.6,86,27.3,12m,5,1,0.30995662796015777,774,2584.7069,3.92,774,2584.7069,14.895,True,False
A002_X7116f1_X1785_spw0,bet_Pic_B6_EB_X1785,6,244140.625,106,3770,1870.6,86,27.3,12m,5,2,0.27789026781766196,2204,2127.896,5.238,2204,2127.896,14.895,True,True
A002_X7116f1_X1785_spw0,bet_Pic_B6_EB_X1785,6,244140.625,106,3770,1870.6,86,27.3,12m,5,3,0.3018442602209175,1598,1997.3787,8.73,1599,-482.4519,14.895,False,True
A002_X7116f1_X1785_spw0,bet_Pic_B6_EB_X1785,6,244140.625,106,3770,1870.6,86,27.3,12m,5,4,0.304412898611895,2521,1736.3439,6.289,2521,1671.0852,14.895,True,True
A002_X7116f1_X1785_spw0,bet_Pic_B6_EB_X1785,6,244140.625,106,3770,1870.6,86,27.3,12m,5,5,0.3125899531599675,189,170.1351,4.732,189,170.1351,14.895,True,False
A002_X7116f1_X1785_spw0,bet_Pic_B6_EB_X1785,6,244140.625,106,3770,1870.6,86,27.3,12m,5,6,0.31833678411136646,975,-1330.815,4.989,975,-1330.815,14.894,True,False
A002_X7116f1_X1785_spw0,bet_Pic_B6_EB_X1785,6,244140.625,106,3770,1870.6,86,27.3,12m,5,7,0.26319560931256897,934,1083.7569,6.26,934,1083.7569,14.895,True,True
A002_X7116f1_X1785_spw0,bet_Pic_B6_EB_X1785,6,244140.625,106,3770,1870.6,86,27.3,12m,5,8,0.2289721351098813,466,-874.0041,3.909,466,-808.7454,14.895,True,False
A002_X7116f1_X1785_spw0,bet_Pic_B6_EB_X1785,6,244140.625,106,3770,1870.6,86,27.3,12m,5,9,0.2871388012915737,1650,626.946,5.182,1650,626.946,14.895,True,True
A002_X7116f1_X1785_spw0,bet_Pic_B6_EB_X1785,6,244140.625,106,3770,1870.6,86,27.3,12m,5,10,0.2998720757577638,2106,104.8764,5.224,2105,496.4286,14.895,False,True
A002_X7116f1_X1785_spw0,bet_Pic_B6_EB_X1785,6,244140.625,106,3770,1870.6,86,27.3,12m,5,11,0.2417195177583537,1406,2454.1895,6.381,1406,2454.1895,14.895,True,True
A002_X7116f1_X1785_spw0,bet_Pic_B6_EB_X1785,6,244140.625,106,3770,1870.6,86,27.3,12m,5,12,0.23914748067481228,1256,-1069.7802,4.974,1256,-1069.7802,14.895,True,False
A002_X7116f1_X1785_spw0,bet_Pic_B6_EB_X1785,6,244140.625,106,3770,1870.6,86,27.3,12m,5,13,0.282805916079291,3296,1214.2743,4.334,3296,1149.0156,14.895,True,False
A002_X7116f1_X1785_spw0,bet_Pic_B6_EB_X1785,6,244140.625,106,3770,1870.6,86,27.3,12m,5,14,0.3155376702217248,517,-1526.5911,6.151,517,-1526.5911,14.895,True,True
A002_X7116f1_X1785_spw0,bet_Pic_B6_EB_X1785,6,244140.625,106,3770,1870.6,86,27.3,12m,5,15,0.29210850889611456,2390,-2701.2477,6.013,2390,-2701.2477,14.895,True,True
A002_X7116f1_X1785_spw0,bet_Pic_B6_EB_X1785,6,244140.625,106,3770,1870.6,86,27.3,12m,6,0,0.35980568452711453,1764,2780.483,5.778,1764,2780.483,14.895,True,True
A002_X7116f1_X1785_spw0,bet_Pic_B6_EB_X1785,6,244140.625,106,3770,1870.6,86,27.3,12m,6,1,0.34797908404484273,3016,-2570.7303,5.678,3016,-2570.7303,14.895,True,True
A002_X7116f1_X1785_spw0,bet_Pic_B6_EB_X1785,6,244140.625,106,3770,1870.6,86,27.3,12m,6,2,0.3197033141908455,3263,-417.1932,7.183,3263,-417.1932,14.895,True,True
A002_X7116f1_X1785_spw0,bet_Pic_B6_EB_X1785,6,244140.625,106,3770,1870.6,86,27.3,12m,6,3,0.30397905493536576,2969,39.6177,5.36,2969,-25.641,14.895,True,True
A002_X7116f1_X1785_spw0,bet_Pic_B6_EB_X1785,6,244140.625,106,3770,1870.6,86,27.3,12m,6,4,0.335081929477623,2148,431.1699,5.228,2147,1475.3091,14.895,False,True
A002_X7116f1_X1785_spw0,bet_Pic_B6_EB_X1785,6,244140.625,106,3770,1870.6,86,27.3,12m,6,5,0.33256567256179637,3090,-2113.9194,5.656,3090,-2113.9194,14.895,True,True
A002_X7116f1_X1785_spw0,bet_Pic_B6_EB_X1785,6,244140.625,106,3770,1870.6,86,27.3,12m,6,6,0.27445316316153007,1362,496.4286,4.282,1362,496.4286,14.895,True,False
A002_X7116f1_X1785_spw0,bet_Pic_B6_EB_X1785,6,244140.625,106,3770,1870.6,86,27.3,12m,6,7,0.34779495092252366,3611,-1722.3672,6.035,3611,-1722.3672,14.895,True,True
A002_X7116f1_X1785_spw0,bet_Pic_B6_EB_X1785,6,244140.625,106,3770,1870.6,86,27.3,12m,6,8,0.3613775142318083,2327,-1787.6259,6.635,2327,-1787.6259,14.895,True,True
A002_X7116f1_X1785_spw0,bet_Pic_B6_EB_X1785,6,244140.625,106,3770,1870.6,86,27.3,12m,6,9,0.2683641864325792,607,2584.7069,5.593,607,2584.7069,14.895,True,True
A002_X7116f1_X1785_spw0,bet_Pic_B6_EB_X1785,6,244140.625,106,3770,1870.6,86,27.3,12m,6,10,0.37306988520497697,805,-2701.2477,7.011,804,-1265.5563,14.895,False,True
A002_X7116f1_X1785_spw0,bet_Pic_B6_EB_X1785,6,244140.625,106,3770,1870.6,86,27.3,12m,6,11,0.375840988961516,2502,822.7221,6.113,2502,822.7221,14.895,True,True
A002_X7116f1_X1785_spw0,bet_Pic_B6_EB_X1785,6,244140.625,106,3770,1870.6,86,27.3,12m,6,12,0.271992011474112,3625,-1983.402,8.214,3625,-1983.402,14.895,True,True
A002_X7116f1_X1785_spw0,bet_Pic_B6_EB_X1785,6,244140.625,106,3770,1870.6,86,27.3,12m,6,13,0.4269807508193956,209,-1461.3324,5.621,209,-1461.3324,14.895,True,True
A002_X7116f1_X1785_spw0,bet_Pic_B6_EB_X1785,6,244140.625,106,3770,1870.6,86,27.3,12m,6,14,0.37935008955646576,3588,-2048.6607,3.794,3588,-2048.6607,14.895,True,False
A002_X7116f1_X1785_spw0,bet_Pic_B6_EB_X1785,6,244140.625,106,3770,1870.6,86,27.3,12m,6,15,0.28633171982555417,690,-612.9693,9.163,691,-2505.4716,14.895,False,True
A002_X7116f1_X1785_spw0,bet_Pic_B6_EB_X1785,6,244140.625,106,3770,1870.6,86,27.3,12m,7,0,0.4067619957655848,1092,2519.4482,6.255,1092,2519.4482,14.868,True,True
A002_X7116f1_X1785_spw0,bet_Pic_B6_EB_X1785,6,244140.625,106,3770,1870.6,86,27.3,12m,7,1,0.4797198933202832,862,-1657.1085,7.635,862,-1657.1085,14.895,True,True
A002_X7116f1_X1785_spw0,bet_Pic_B6_EB_X1785,6,244140.625,106,3770,1870.6,86,27.3,12m,7,2,0.3497859725600081,2247,-2505.4716,8.357,2247,-2505.4716,14.895,True,True
A002_X7116f1_X1785_spw0,bet_Pic_B6_EB_X1785,6,244140.625,106,3770,1870.6,86,27.3,12m,7,3,0.511880725242366,314,1736.3439,6.927,314,-1069.7802,14.895,False,True
A002_X7116f1_X1785_spw0,bet_Pic_B6_EB_X1785,6,244140.625,106,3770,1870.6,86,27.3,12m,7,4,0.4890997892138523,122,-2374.9542,6.554,122,-2374.9542,14.895,True,True
A002_X7116f1_X1785_spw0,bet_Pic_B6_EB_X1785,6,244140.625,106,3770,1870.6,86,27.3,12m,7,5,0.3936594694942922,2286,-1135.0389,8.333,2286,-1135.0389,14.895,True,True
A002_X7116f1_X1785_spw0,bet_Pic_B6_EB_X1785,6,244140.625,106,3770,1870.6,86,27.3,12m,7,6,0.4223445621768022,2935,1866.8613,8.069,2935,1866.8613,14.895,True,True
A002_X7116f1_X1785_spw0,bet_Pic_B6_EB_X1785,6,244140.625,106,3770,1870.6,86,27.3,12m,7,7,0.3977750413018961,1005,-1396.0737,7.392,1005,-1396.0737,14.873,True,True
A002_X7116f1_X1785_spw0,bet_Pic_B6_EB_X1785,6,244140.625,106,3770,1870.6,86,27.3,12m,7,8,0.4899193774830931,318,-808.7454,8.193,318,-808.7454,14.895,True,True
A002_X7116f1_X1785_spw0,bet_Pic_B6_EB_X1785,6,244140.625,106,3770,1870.6,86,27.3,12m,7,9,0.3903412244570469,2148,-1135.0389,7.395,2148,-1135.0389,14.895,True,True
A002_X7116f1_X1785_spw0,bet_Pic_B6_EB_X1785,6,244140.625,106,3770,1870.6,86,27.3,12m,7,10,0.3813382953759709,2957,887.9808,6.78,2957,887.9808,14.895,True,True
A002_X7116f1_X1785_spw0,bet_Pic_B6_EB_X1785,6,244140.625,106,3770,1870.6,86,27.3,12m,7,11,0.4082689262269108,2277,887.9808,9.453,2277,953.2395,14.895,True,True
A002_X7116f1_X1785_spw0,bet_Pic_B6_EB_X1785,6,244140.625,106,3770,1870.6,86,27.3,12m,7,12,0.34526915039249184,1012,300.6525,4.42,1012,300.6525,14.862,True,False
A002_X7116f1_X1785_spw0,bet_Pic_B6_EB_X1785,6,244140.625,106,3770,1870.6,86,27.3,12m,7,13,0.411309187707658,2819,-2505.4716,7.811,2819,-2505.4716,14.895,True,True
A002_X7116f1_X1785_spw0,bet_Pic_B6_EB_X1785,6,244140.625,106,3770,1870.6,86,27.3,12m,7,14,0.3662444623473967,1598,-1200.2976,8.436,1598,-286.6758,14.895,False,True
A002_X7116f1_X1785_spw0,bet_Pic_B6_EB_X1785,6,244140.625,106,3770,1870.6,86,27.3,12m,7,15,0.4580007999959225,2049,496.4286,8.226,2049,496.4286,14.895,True,True
A002_X7116f1_X1785_spw0,bet_Pic_B6_EB_X1785,6,244140.625,106,3770,1870.6,86,27.3,12m,8,0,0.5377928502083578,3179,-221.4171,7.675,3179,-221.4171,14.895,True,True
A002_X7116f1_X1785_spw0,bet_Pic_B6_EB_X1785,6,244140.625,106,3770,1870.6,86,27.3,12m,8,1,0.5214513151465561,89,39.6177,9.017,89,-25.641,14.895,True,True
A002_X7116f1_X1785_spw0,bet_Pic_B6_EB_X1785,6,244140.625,106,3770,1870.6,86,27.3,12m,8,2,0.413907564888799,1853,104.8764,8.328,1853,104.8764,14.895,True,True
A002_X7116f1_X1785_spw0,bet_Pic_B6_EB_X1785,6,244140.625,106,3770,1870.6,86,27.3,12m,8,3,0.46030925490918545,3008,-221.4171,7.029,3008,-221.4171,14.895,True,True
A002_X7116f1_X1785_spw0,bet_Pic_B6_EB_X1785,6,244140.625,106,3770,1870.6,86,27.3,12m,8,4,0.43915028982584736,2403,1475.3091,8.116,2403,1475.3091,14.895,True,True
A002_X7116f1_X1785_spw0,bet_Pic_B6_EB_X1785,6,244140.625,106,3770,1870.6,86,27.3,12m,8,5,0.38144596102045064,2985,822.7221,11.515,2985,822.7221,14.895,True,True
A002_X7116f1_X1785_spw0,bet_Pic_B6_EB_X1785,6,244140.625,106,3770,1870.6,86,27.3,12m,8,6,0.46537734785441753,1536,-1135.0389,7.758,1536,-1135.0389,14.895,True,True
A002_X7116f1_X1785_spw0,bet_Pic_B6_EB_X1785,6,244140.625,106,3770,1870.6,86,27.3,12m,8,7,0.48798839436072416,3646,-221.4171,7.367,3646,-221.4171,14.895,True,True
A002_X7116f1_X1785_spw0,bet_Pic_B6_EB_X1785,6,244140.625,106,3770,1870.6,86,27.3,12m,8,8,0.46783391435231114,1212,-2570.7303,7.237,1213,2584.7069,14.895,False,True
A002_X7116f1_X1785_spw0,bet_Pic_B6_EB_X1785,6,244140.625,106,3770,1870.6,86,27.3,12m,8,9,0.4573035249286687,2918,2454.1895,7.809,2918,2454.1895,14.895,True,True
A002_X7116f1_X1785_spw0,bet_Pic_B6_EB_X1785,6,244140.625,106,3770,1870.6,86,27.3,12m,8,10,0.4604095888842625,2780,-2244.4368,7.433,2780,-2244.4368,14.895,True,True
A002_X7116f1_X1785_spw0,bet_Pic_B6_EB_X1785,6,244140.625,106,3770,1870.6,86,27.3,12m,8,11,0.5073571153560743,732,-1722.3672,6.956,732,-1722.3672,14.895,True,True
A002_X7116f1_X1785_spw0,bet_Pic_B6_EB_X1785,6,244140.625,106,3770,1870.6,86,27.3,12m,8,12,0.48492039588750036,2979,-1983.402,8.466,2979,-1983.402,14.895,True,True
A002_X7116f1_X1785_spw0,bet_Pic_B6_EB_X1785,6,244140.625,106,3770,1870.6,86,27.3,12m,8,13,0.4871142809108503,887,-2440.2129,7.418,887,-2440.2129,14.895,True,True
A002_X7116f1_X1785_spw0,bet_Pic_B6_EB_X1785,6,244140.625,106,3770,1870.6,86,27.3,12m,8,14,0.43530339308724897,2919,1605.8265,8.89,2919,1605.8265,14.895,True,True
A002_X7116f1_X1785_spw0,bet_Pic_B6_EB_X1785,6,244140.625,106,3770,1870.6,86,27.3,12m,8,15,0.4610491360655488,2868,1997.3787,9.586,2868,1997.3787,14.895,True,True
A002_X7116f1_X1785_spw0,bet_Pic_B6_EB_X1785,6,244140.625,106,3770,1870.6,86,27.3,12m,10,0,0.5354962844431315,2788,1083.7569,10.425,2788,1083.7569,14.895,True,True
A002_X7116f1_X1785_spw0,bet_Pic_B6_EB_X1785,6,244140.625,106,3770,1870.6,86,27.3,12m,10,1,0.5502547656427389,2195,1018.4982,7.798,2195,1018.4982,14.895,True,True
A002_X7116f1_X1785_spw0,bet_Pic_B6_EB_X1785,6,244140.625,106,3770,1870.6,86,27.3,12m,10,2,0.48690845507408026,2655,692.2047,10.25,2655,692.2047,14.895,True,True
A002_X7116f1_X1785_spw0,bet_Pic_B6_EB_X1785,6,244140.625,106,3770,1870.6,86,27.3,12m,10,3,0.5701962341990106,2512,1018.4982,10.282,2512,1018.4982,14.895,True,True
A002_X7116f1_X1785_spw0,bet_Pic_B6_EB_X1785,6,244140.625,106,3770,1870.6,86,27.3,12m,10,4,0.5065641353764156,540,2519.4482,10.837,540,2519.4482,14.895,True,True
A002_X7116f1_X1785_spw0,bet_Pic_B6_EB_X1785,6,244140.625,106,3770,1870.6,86,27.3,12m,10,5,0.6007091913161213,1793,1736.3439,10.019,1793,1736.3439,14.895,True,True
A002_X7116f1_X1785_spw0,bet_Pic_B6_EB_X1785,6,244140.625,106,3770,1870.6,86,27.3,12m,10,6,0.5891078551684606,3559,-156.1584,11.444,3559,-156.1584,14.895,True,True
A002_X7116f1_X1785_spw0,bet_Pic_B6_EB_X1785,6,244140.625,106,3770,1870.6,86,27.3,12m,10,7,0.5843316879528084,1291,822.7221,9.223,1291,822.7221,14.895,True,True
A002_X7116f1_X1785_spw0,bet_Pic_B6_EB_X1785,6,244140.625,106,3770,1870.6,86,27.3,12m,10,8,0.6300152356322427,1203,1801.6026,10.517,1203,1801.6026,14.895,True,True
A002_X7116f1_X1785_spw0,bet_Pic_B6_EB_X1785,6,244140.625,106,3770,1870.6,86,27.3,12m,10,9,0.5721482046538633,2227,-1069.7802,11.68,2227,-1069.7802,14.895,True,True
A002_X7116f1_X1785_spw0,bet_Pic_B6_EB_X1785,6,244140.625,106,3770,1870.6,86,27.3,12m,10,10,0.6800236601559823,1035,1279.533,14.344,1036,561.6873,14.905,False,True
A002_X7116f1_X1785_spw0,bet_Pic_B6_EB_X1785,6,244140.625,106,3770,1870.6,86,27.3,12m,10,11,0.5057894413111055,1091,-1396.0737,9.061,1090,-1200.2976,14.825,False,True
A002_X7116f1_X1785_spw0,bet_Pic_B6_EB_X1785,6,244140.625,106,3770,1870.6,86,27.3,12m,10,12,0.556567384484204,1767,235.3938,11.155,1767,235.3938,14.895,True,True
A002_X7116f1_X1785_spw0,bet_Pic_B6_EB_X1785,6,244140.625,106,3770,1870.6,86,27.3,12m,10,13,0.44857999832481915,1710,-874.0041,9.458,1710,-874.0041,14.895,True,True
A002_X7116f1_X1785_spw0,bet_Pic_B6_EB_X1785,6,244140.625,106,3770,1870.6,86,27.3,12m,10,14,0.6552342847754709,638,2193.1547,10.252,638,2193.1547,14.895,True,True
A002_X7116f1_X1785_spw0,bet_Pic_B6_EB_X1785,6,244140.625,106,3770,1870.6,86,27.3,12m,10,15,0.5870121431617589,2683,-2570.7303,9.963,2683,-2570.7303,14.895,True,True
A002_X7116f1_X1785_spw0,bet_Pic_B6_EB_X1785,6,244140.625,106,3770,1870.6,86,27.3,12m,12,0,0.5650325550837022,2814,-1330.815,9.539,2814,-1330.815,14.895,True,True
A002_X7116f1_X1785_spw0,bet_Pic_B6_EB_X1785,6,244140.625,106,3770,1870.6,86,27.3,12m,12,1,0.8022058069559996,2589,-286.6758,12.668,2589,-286.6758,14.895,True,True
A002_X7116f1_X1785_spw0,bet_Pic_B6_EB_X1785,6,244140.625,106,3770,1870.6,86,27.3,12m,12,2,0.6849200027793098,2757,170.1351,10.92,2757,170.1351,14.895,True,True
A002_X7116f1_X1785_spw0,bet_Pic_B6_EB_X1785,6,244140.625,106,3770,1870.6,86,27.3,12m,12,3,0.7710194629158615,2317,2258.4134,11.78,2317,2258.4134,14.895,True,True
A002_X7116f1_X1785_spw0,bet_Pic_B6_EB_X1785,6,244140.625,106,3770,1870.6,86,27.3,12m,12,4,0.6236710291887813,3280,-1657.1085,10.11,3280,-1657.1085,14.895,True,True
A002_X7116f1_X1785_spw0,bet_Pic_B6_EB_X1785,6,244140.625,106,3770,1870.6,86,27.3,12m,12,5,0.49803007369890206,1114,2062.6373,10.013,1114,2062.6373,14.895,True,True
A002_X7116f1_X1785_spw0,bet_Pic_B6_EB_X1785,6,244140.625,106,3770,1870.6,86,27.3,12m,12,6,0.6367142253663111,3134,-1526.5911,8.902,3134,-1526.5911,14.895,True,True
A002_X7116f1_X1785_spw0,bet_Pic_B6_EB_X1785,6,244140.625,106,3770,1870.6,86,27.3,12m,12,7,0.7037856773156543,2606,-417.1932,12.003,2606,-417.1932,14.895,True,True
A002_X7116f1_X1785_spw0,bet_Pic_B6_EB_X1785,6,244140.625,106,3770,1870.6,86,27.3,12m,12,8,0.7652191327821294,666,-2440.2129,13.651,666,-2440.2129,14.895,True,True
A002_X7116f1_X1785_spw0,bet_Pic_B6_EB_X1785,6,244140.625,106,3770,1870.6,86,27.3,12m,12,9,0.7414771990508967,2013,-678.228,11.51,2013,-678.228,14.895,True,True
A002_X7116f1_X1785_spw0,bet_Pic_B6_EB_X1785,6,244140.625,106,3770,1870.6,86,27.3,12m,12,10,0.6665801052277824,1490,2715.2243,14.52,1490,2715.2243,14.895,True,True
A002_X7116f1_X1785_spw0,bet_Pic_B6_EB_X1785,6,244140.625,106,3770,1870.6,86,27.3,12m,12,11,0.8420377459303645,1310,1801.6026,11.391,1310,1801.6026,14.895,True,True
A002_X7116f1_X1785_spw0,bet_Pic_B6_EB_X1785,6,244140.625,106,3770,1870.6,86,27.3,12m,12,12,0.6325654632549214,3134,1866.8613,13.029,3134,1866.8613,14.895,True,True
A002_X7116f1_X1785_spw0,bet_Pic_B6_EB_X1785,6,244140.625,106,3770,1870.6,86,27.3,12m,12,13,0.7693251166818248,2530,-743.4867,11.663,2530,-743.4867,14.895,True,True
A002_X7116f1_X1785_spw0,bet_Pic_B6_EB_X1785,6,244140.625,106,3770,1870.6,86,27.3,12m,12,14,0.7737678696139816,1717,757.4634,13.873,1717,757.4634,14.895,True,True
A002_X7116f1_X1785_spw0,bet_Pic_B6_EB_X1785,6,244140.625,106,3770,1870.6,86,27.3,12m,12,15,0.7765493347187751,3070,-1722.3672,10.601,3070,-1722.3672,14.895,True,True
A002_X7116f1_X1785_spw0,bet_Pic_B6_EB_X1785,6,244140.625,106,3770,1870.6,86,27.3,12m,15,0,0.8106126882488406,3325,-25.641,14.573,3325,-25.641,14.895,True,True
A002_X7116f1_X1785_spw0,bet_Pic_B6_EB_X1785,6,244140.625,106,3770,1870.6,86,27.3,12m,15,1,0.8628900168901401,2009,39.6177,16.104,2009,-25.641,16.104,True,True
A002_X7116f1_X1785_spw0,bet_Pic_B6_EB_X1785,6,244140.625,106,3770,1870.6,86,27.3,12m,15,2,0.6312766857570941,1247,-2766.5064,16.571,1247,-2766.5064,16.571,True,True
A002_X7116f1_X1785_spw0,bet_Pic_B6_EB_X1785,6,244140.625,106,3770,1870.6,86,27.3,12m,15,3,0.8392355286754526,1506,1475.3091,17.118,1506,1475.3091,17.118,True,True
A002_X7116f1_X1785_spw0,bet_Pic_B6_EB_X1785,6,244140.625,106,3770,1870.6,86,27.3,12m,15,4,0.9278555283456684,2788,2454.1895,15.89,2788,2454.1895,15.89,True,True
A002_X7116f1_X1785_spw0,bet_Pic_B6_EB_X1785,6,244140.625,106,3770,1870.6,86,27.3,12m,15,5,1.0519617496818003,154,-1591.8498,15.822,154,-1591.8498,15.822,True,True
A002_X7116f1_X1785_spw0,bet_Pic_B6_EB_X1785,6,244140.625,106,3770,1870.6,86,27.3,12m,15,6,0.7873870119693562,3326,1018.4982,14.637,3326,1018.4982,14.895,True,True
A002_X7116f1_X1785_spw0,bet_Pic_B6_EB_X1785,6,244140.625,106,3770,1870.6,86,27.3,12m,15,7,0.9249216393156879,878,-1135.0389,15.418,878,-1135.0389,15.418,True,True
A002_X7116f1_X1785_spw0,bet_Pic_B6_EB_X1785,6,244140.625,106,3770,1870.6,86,27.3,12m,15,8,0.8901232159537558,2731,1540.5678,15.378,2731,1540.5678,15.378,True,True
A002_X7116f1_X1785_spw0,bet_Pic_B6_EB_X1785,6,244140.625,106,3770,1870.6,86,27.3,12m,15,9,0.8577331303535799,2066,887.9808,13.455,2066,887.9808,14.895,True,True
A002_X7116f1_X1785_spw0,bet_Pic_B6_EB_X1785,6,244140.625,106,3770,1870.6,86,27.3,12m,15,10,0.6996156727019722,1184,2780.483,15.423,1184,2780.483,15.423,True,True
A002_X7116f1_X1785_spw0,bet_Pic_B6_EB_X1785,6,244140.625,106,3770,1870.6,86,27.3,12m,15,11,0.838856165495227,891,-2309.6955,16.174,891,-2309.6955,16.174,True,True
A002_X7116f1_X1785_spw0,bet_Pic_B6_EB_X1785,6,244140.625,106,3770,1870.6,86,27.3,12m,15,12,0.9121532465749916,2482,1801.6026,14.998,2482,1801.6026,14.998,True,True
A002_X7116f1_X1785_spw0,bet_Pic_B6_EB_X1785,6,244140.625,106,3770,1870.6,86,27.3,12m,15,13,0.85939561467397,2586,2062.6373,14.422,2586,2062.6373,14.895,True,True
A002_X7116f1_X1785_spw0,bet_Pic_B6_EB_X1785,6,244140.625,106,3770,1870.6,86,27.3,12m,15,14,0.9607037463073687,643,235.3938,14.947,643,235.3938,14.947,True,True
A002_X7116f1_X1785_spw0,bet_Pic_B6_EB_X1785,6,244140.625,106,3770,1870.6,86,27.3,12m,15,15,1.0156203076926758,419,-1852.8846,13.573,419,-1852.8846,14.895,True,True
A002_X74c92c_X6d5_spw0,HIP_490_B6,6,244140.625,370,3534,2627.7,121,27.3,12m,3,0,0.013708124035582317,269,2761.9073,4.182,268,-397.0892,8.721,False,False
A002_X74c92c_X6d5_spw0,HIP_490_B6,6,244140.625,370,3534,2627.7,121,27.3,12m,3,1,0.012632907419157997,3190,113.925,2.681,3190,113.925,8.721,True,False
A002_X74c92c_X6d5_spw0,HIP_490_B6,6,244140.625,370,3534,2627.7,121,27.3,12m,3,2,0.012008392042610245,3404,2018.614,3.065,3403,2157.9815,8.721,False,False
A002_X74c92c_X6d5_spw0,HIP_490_B6,6,244140.625,370,3534,2627.7,121,27.3,12m,3,3,0.011134165007253755,2858,-1558.4849,2.414,2858,857.2182,8.721,False,False
A002_X74c92c_X6d5_spw0,HIP_490_B6,6,244140.625,370,3534,2627.7,121,27.3,12m,3,4,0.011493271276847588,1956,-1093.9266,6.173,1956,-1093.9266,8.721,True,True
A002_X74c92c_X6d5_spw0,HIP_490_B6,6,244140.625,370,3534,2627.7,121,27.3,12m,3,5,0.012530512596000774,1306,2761.9073,3.808,1306,2761.9073,8.721,True,False
A002_X74c92c_X6d5_spw0,HIP_490_B6,6,244140.625,370,3534,2627.7,121,27.3,12m,3,6,0.006924692059229909,3328,-2534.0574,4.11,3327,299.7483,8.721,False,False
A002_X74c92c_X6d5_spw0,HIP_490_B6,6,244140.625,370,3534,2627.7,121,27.3,12m,3,7,0.013657038772013047,3052,-2069.4991,3.056,3052,-2162.4107,8.721,False,False
A002_X74c92c_X6d5_spw0,HIP_490_B6,6,244140.625,370,3534,2627.7,121,27.3,12m,3,8,0.0126281835969831,1018,-1279.7499,3.726,1018,-1279.7499,8.721,True,False
A002_X74c92c_X6d5_spw0,HIP_490_B6,6,244140.625,370,3534,2627.7,121,27.3,12m,3,9,0.011853685380399813,2876,1461.144,3.907,2875,-1976.5874,8.721,False,False
A002_X74c92c_X6d5_spw0,HIP_490_B6,6,244140.625,370,3534,2627.7,121,27.3,12m,3,10,0.013035681267855922,2868,1182.4091,4.415,2867,-1883.6757,8.721,False,False
A002_X74c92c_X6d5_spw0,HIP_490_B6,6,244140.625,370,3534,2627.7,121,27.3,12m,3,11,0.013125563223420482,3386,-1790.7641,6.262,3387,-2069.4991,8.721,False,True
A002_X74c92c_X6d5_spw0,HIP_490_B6,6,244140.625,370,3534,2627.7,121,27.3,12m,3,12,0.013418729738555365,2205,2576.084,4.566,2206,2390.2606,8.721,False,False
A002_X74c92c_X6d5_spw0,HIP_490_B6,6,244140.625,370,3534,2627.7,121,27.3,12m,3,13,0.013034186291442639,2702,-304.1775,3.781,2702,-304.1775,8.713,True,False
A002_X74c92c_X6d5_spw0,HIP_490_B6,6,244140.625,370,3534,2627.7,121,27.3,12m,3,14,0.014141727323006663,3053,857.2182,3.058,3053,857.2182,8.721,True,False
A002_X74c92c_X6d5_spw0,HIP_490_B6,6,244140.625,370,3534,2627.7,121,27.3,12m,3,15,0.013125288980395805,1020,1693.4232,3.736,1020,1693.4232,8.721,True,False
A002_X74c92c_X6d5_spw0,HIP_490_B6,6,244140.625,370,3534,2627.7,121,27.3,12m,4,0,0.016942149809219216,2633,1786.3348,3.179,2633,-1419.1174,8.721,False,False
A002_X74c92c_X6d5_spw0,HIP_490_B6,6,244140.625,370,3534,2627.7,121,27.3,12m,4,1,0.016885107391751066,200,-2394.6899,4.182,200,-2394.6899,8.721,True,False
A002_X74c92c_X6d5_spw0,HIP_490_B6,6,244140.625,370,3534,2627.7,121,27.3,12m,4,2,0.016760717326628406,3399,-954.5591,3.804,3399,-954.5591,8.721,True,False
A002_X74c92c_X6d5_spw0,HIP_490_B6,6,244140.625,370,3534,2627.7,121,27.3,12m,4,3,0.01682981822213567,1692,2390.2606,3.909,1691,160.3808,8.721,False,False
A002_X74c92c_X6d5_spw0,HIP_490_B6,6,244140.625,370,3534,2627.7,121,27.3,12m,4,4,0.01665035840799513,496,2297.349,6.731,496,2297.349,8.721,True,True
A002_X74c92c_X6d5_spw0,HIP_490_B6,6,244140.625,370,3534,2627.7,121,27.3,12m,4,5,0.01769265705775565,1674,857.2182,2.633,1674,857.2182,8.721,True,False
A002_X74c92c_X6d5_spw0,HIP_490_B6,6,244140.625,370,3534,2627.7,121,27.3,12m,4,6,0.017897566222913296,2704,-629.3683,5.047,2704,-629.3683,8.711,True,True
A002_X74c92c_X6d5_spw0,HIP_490_B6,6,244140.625,370,3534,2627.7,121,27.3,12m,4,7,0.017547622897609905,358,-211.2659,4.49,358,-211.2659,8.721,True,False
A002_X74c92c_X6d5_spw0,HIP_490_B6,6,244140.625,370,3534,2627.7,121,27.3,12m,4,8,0.01830474298475089,541,2715.4514,3.549,540,392.6599,8.721,False,False
A002_X74c92c_X6d5_spw0,HIP_490_B6,6,244140.625,370,3534,2627.7,121,27.3,12m,4,9,0.016615868840071737,251,-2766.3365,4.371,251,-2766.3365,8.721,True,False
A002_X74c92c_X6d5_spw0,HIP_490_B6,6,244140.625,370,3534,2627.7,121,27.3,12m,4,10,0.015524369732622948,1785,903.6741,4.663,1786,810.7624,8.721,False,False
A002_X74c92c_X6d5_spw0,HIP_490_B6,6,244140.625,370,3534,2627.7,121,27.3,12m,4,11,0.01801694553508285,91,-1326.2058,3.198,90,2065.0698,8.721,False,False
A002_X74c92c_X6d5_spw0,HIP_490_B6,6,244140.625,370,3534,2627.7,121,27.3,12m,4,12,0.017579625405456344,1115,578.4833,3.307,1115,578.4833,8.721,True,False
A002_X74c92c_X6d5_spw0,HIP_490_B6,6,244140.625,370,3534,2627.7,121,27.3,12m,4,13,0.015461517530291005,1528,-71.8984,6.075,1528,-71.8984,8.721,True,True
A002_X74c92c_X6d5_spw0,HIP_490_B6,6,244140.625,370,3534,2627.7,121,27.3,12m,4,14,0.016699748557632236,3410,2576.084,3.932,3410,2529.6281,8.721,True,False
A002_X74c92c_X6d5_spw0,HIP_490_B6,6,244140.625,370,3534,2627.7,121,27.3,12m,4,15,0.01843150506559126,849,-118.3542,4.907,849,-118.3542,8.721,True,False
A002_X74c92c_X6d5_spw0,HIP_490_B6,6,244140.625,370,3534,2627.7,121,27.3,12m,5,0,0.021392405778320803,888,-257.7217,2.913,888,-211.2659,8.721,True,False
A002_X74c92c_X6d5_spw0,HIP_490_B6,6,244140.625,370,3534,2627.7,121,27.3,12m,5,1,0.023127604124476977,843,-815.1916,5.063,843,-815.1916,8.721,True,True
A002_X74c92c_X6d5_spw0,HIP_490_B6,6,244140.625,370,3534,2627.7,121,27.3,12m,5,2,0.02173842444896375,158,1925.7023,5.73,158,1925.7023,8.721,True,True
A002_X74c92c_X6d5_spw0,HIP_490_B6,6,244140.625,370,3534,2627.7,121,27.3,12m,5,3,0.021872652318899614,731,160.3808,4.016,731,160.3808,8.721,True,False
A002_X74c92c_X6d5_spw0,HIP_490_B6,6,244140.625,370,3534,2627.7,121,27.3,12m,5,4,0.02093523325117172,626,-1001.015,4.536,626,-1001.015,8.721,True,False
A002_X74c92c_X6d5_spw0,HIP_490_B6,6,244140.625,370,3534,2627.7,121,27.3,12m,5,5,0.021766411798678276,2991,-164.81,5.074,2991,-164.81,8.721,True,True
A002_X74c92c_X6d5_spw0,HIP_490_B6,6,244140.625,370,3534,2627.7,121,27.3,12m,5,6,0.020244912298687214,2629,-1326.2058,3.606,2629,-1326.2058,8.721,True,False
A002_X74c92c_X6d5_spw0,HIP_490_B6,6,244140.625,370,3534,2627.7,121,27.3,12m,5,7,0.020057762548901327,1215,-1233.2941,4.322,1215,-1186.8383,8.721,True,False
A002_X74c92c_X6d5_spw0,HIP_490_B6,6,244140.625,370,3534,2627.7,121,27.3,12m,5,8,0.020203025738150072,3406,-1093.9266,4.039,3406,-1093.9266,8.721,True,False
A002_X74c92c_X6d5_spw0,HIP_490_B6,6,244140.625,370,3534,2627.7,121,27.3,12m,5,9,0.0211338448056421,1146,-397.0892,7.498,1146,-397.0892,8.721,True,True
A002_X74c92c_X6d5_spw0,HIP_490_B6,6,244140.625,370,3534,2627.7,121,27.3,12m,5,10,0.01934511262650463,2216,-1233.2941,2.293,2216,-1326.2058,8.721,False,False
A002_X74c92c_X6d5_spw0,HIP_490_B6,6,244140.625,370,3534,2627.7,121,27.3,12m,5,11,0.020932986673084072,1640,392.6599,6.019,1641,113.925,8.721,False,True
A002_X74c92c_X6d5_spw0,HIP_490_B6,6,244140.625,370,3534,2627.7,121,27.3,12m,5,12,0.02081636741865864,2935,346.2041,4.503,2936,-2766.3365,8.721,False,False
A002_X74c92c_X6d5_spw0,HIP_490_B6,6,244140.625,370,3534,2627.7,121,27.3,12m,5,13,0.0196075025081805,1419,1507.5999,5.516,1419,1507.5999,8.721,True,True
A002_X74c92c_X6d5_spw0,HIP_490_B6,6,244140.625,370,3534,2627.7,121,27.3,12m,5,14,0.01858016808503603,1135,-675.8242,3.999,1135,1972.1582,8.721,False,False
A002_X74c92c_X6d5_spw0,HIP_490_B6,6,244140.625,370,3534,2627.7,121,27.3,12m,5,15,0.022590763928519168,1128,-2115.9549,4.68,1128,-2115.9549,8.721,True,False
A002_X74c92c_X6d5_spw0,HIP_490_B6,6,244140.625,370,3534,2627.7,121,27.3,12m,6,0,0.02572092390430763,312,-1790.7641,5.669,312,-1790.7641,8.721,True,True
A002_X74c92c_X6d5_spw0,HIP_490_B6,6,244140.625,370,3534,2627.7,121,27.3,12m,6,1,0.026868352751952294,3419,2297.349,5.595,3419,2297.349,8.721,True,True
A002_X74c92c_X6d5_spw0,HIP_490_B6,6,244140.625,370,3534,2627.7,121,27.3,12m,6,2,0.026586103367837118,1356,-1604.9408,5.95,1356,-1604.9408,8.721,True,True
A002_X74c92c_X6d5_spw0,HIP_490_B6,6,244140.625,370,3534,2627.7,121,27.3,12m,6,3,0.01998672323007063,1896,1182.4091,4.823,1895,532.0274,8.721,False,False
A002_X74c92c_X6d5_spw0,HIP_490_B6,6,244140.625,370,3534,2627.7,121,27.3,12m,6,4,0.02517699980405255,529,-2580.5132,5.243,529,-2580.5132,8.721,True,True
A002_X74c92c_X6d5_spw0,HIP_490_B6,6,244140.625,370,3534,2627.7,121,27.3,12m,6,5,0.0247791513283983,3314,346.2041,8.189,3314,346.2041,8.721,True,True
A002_X74c92c_X6d5_spw0,HIP_490_B6,6,244140.625,370,3534,2627.7,121,27.3,12m,6,6,0.027849656248300467,1452,1925.7023,6.08,1452,1925.7023,8.721,True,True
A002_X74c92c_X6d5_spw0,HIP_490_B6,6,244140.625,370,3534,2627.7,121,27.3,12m,6,7,0.027018327815602258,568,-2162.4107,6.921,568,-2162.4107,8.721,True,True
A002_X74c92c_X6d5_spw0,HIP_490_B6,6,244140.625,370,3534,2627.7,121,27.3,12m,6,8,0.025992963582299522,2262,-118.3542,5.507,2262,-118.3542,8.721,True,True
A002_X74c92c_X6d5_spw0,HIP_490_B6,6,244140.625,370,3534,2627.7,121,27.3,12m,6,9,0.026873650521180417,737,2483.1723,6.865,737,2483.1723,8.721,True,True
A002_X74c92c_X6d5_spw0,HIP_490_B6,6,244140.625,370,3534,2627.7,121,27.3,12m,6,10,0.02482754414895038,2347,392.6599,4.611,2347,392.6599,8.721,True,False
A002_X74c92c_X6d5_spw0,HIP_490_B6,6,244140.625,370,3534,2627.7,121,27.3,12m,6,11,0.026257700614212613,3433,439.1158,4.044,3433,439.1158,8.721,True,False
A002_X74c92c_X6d5_spw0,HIP_490_B6,6,244140.625,370,3534,2627.7,121,27.3,12m,6,12,0.026671951327659246,2069,-1140.3825,6.122,2069,-1140.3825,8.721,True,True
A002_X74c92c_X6d5_spw0,HIP_490_B6,6,244140.625,370,3534,2627.7,121,27.3,12m,6,13,0.025139432251256016,283,950.1299,5.44,283,950.1299,8.721,True,True
A002_X74c92c_X6d5_spw0,HIP_490_B6,6,244140.625,370,3534,2627.7,121,27.3,12m,6,14,0.02581871182442578,1498,1182.4091,5.995,1498,1182.4091,8.721,True,True
A002_X74c92c_X6d5_spw0,HIP_490_B6,6,244140.625,370,3534,2627.7,121,27.3,12m,6,15,0.02717809290444911,3190,-1465.5733,5.578,3190,-1465.5733,8.721,True,True
A002_X74c92c_X6d5_spw0,HIP_490_B6,6,244140.625,370,3534,2627.7,121,27.3,12m,7,0,0.03000816585850117,2264,-211.2659,7.121,2264,-211.2659,8.721,True,True
A002_X74c92c_X6d5_spw0,HIP_490_B6,6,244140.625,370,3534,2627.7,121,27.3,12m,7,1,0.02889418609262753,1523,1879.2465,5.35,1523,1879.2465,8.721,True,True
A002_X74c92c_X6d5_spw0,HIP_490_B6,6,244140.625,370,3534,2627.7,121,27.3,12m,7,2,0.03136946516672123,151,439.1158,6.807,151,439.1158,8.721,True,True
A002_X74c92c_X6d5_spw0,HIP_490_B6,6,244140.625,370,3534,2627.7,121,27.3,12m,7,3,0.03262452080355828,603,-954.5591,6.756,603,-954.5591,8.721,True,True
A002_X74c92c_X6d5_spw0,HIP_490_B6,6,244140.625,370,3534,2627.7,121,27.3,12m,7,4,0.03205084116237552,838,1554.0557,6.652,838,1554.0557,8.721,True,True
A002_X74c92c_X6d5_spw0,HIP_490_B6,6,244140.625,370,3534,2627.7,121,27.3,12m,7,5,0.028757492994946766,2891,-2534.0574,7.883,2891,-2534.0574,8.721,True,True
A002_X74c92c_X6d5_spw0,HIP_490_B6,6,244140.625,370,3534,2627.7,121,27.3,12m,7,6,0.030116019816758644,498,-629.3683,7.545,498,-629.3683,8.721,True,True
A002_X74c92c_X6d5_spw0,HIP_490_B6,6,244140.625,370,3534,2627.7,121,27.3,12m,7,7,0.031030444952442372,1294,-118.3542,7.156,1294,-118.3542,8.721,True,True
A002_X74c92c_X6d5_spw0,HIP_490_B6,6,244140.625,370,3534,2627.7,121,27.3,12m,7,8,0.030929472991178732,1674,1135.9532,5.691,1674,1135.9532,8.721,True,True
A002_X74c92c_X6d5_spw0,HIP_490_B6,6,244140.625,370,3534,2627.7,121,27.3,12m,7,9,0.02985705589647928,3292,2390.2606,5.988,3292,2390.2606,8.721,True,True
A002_X74c92c_X6d5_spw0,HIP_490_B6,6,244140.625,370,3534,2627.7,121,27.3,12m,7,10,0.02897305040247867,342,2111.5257,6.191,342,2157.9815,8.721,True,True
A002_X74c92c_X6d5_spw0,HIP_490_B6,6,244140.625,370,3534,2627.7,121,27.3,12m,7,11,0.029547234927226277,2181,2343.8048,7.272,2181,2343.8048,8.721,True,True
A002_X74c92c_X6d5_spw0,HIP_490_B6,6,244140.625,370,3534,2627.7,121,27.3,12m,7,12,0.029107964184412253,1958,-1326.2058,7.491,1958,-1326.2058,8.721,True,True
A002_X74c92c_X6d5_spw0,HIP_490_B6,6,244140.625,370,3534,2627.7,121,27.3,12m,7,13,0.031104233313732296,1314,996.5857,5.95,1314,996.5857,8.721,True,True
A002_X74c92c_X6d5_spw0,HIP_490_B6,6,244140.625,370,3534,2627.7,121,27.3,12m,7,14,0.031182659550958655,2056,717.8508,7.295,2056,717.8508,8.721,True,True
A002_X74c92c_X6d5_spw0,HIP_490_B6,6,244140.625,370,3534,2627.7,121,27.3,12m,7,15,0.02976986028705826,1643,-722.28,6.07,1643,-722.28,8.721,True,True
A002_X74c92c_X6d5_spw0,HIP_490_B6,6,244140.625,370,3534,2627.7,121,27.3,12m,8,0,0.033598070384944945,716,-350.6333,9.55,716,-350.6333,9.55,True,True
A002_X74c92c_X6d5_spw0,HIP_490_B6,6,244140.625,370,3534,2627.7,121,27.3,12m,8,1,0.03401308368401936,3134,299.7483,7.803,3134,299.7483,8.721,True,True
A002_X74c92c_X6d5_spw0,HIP_490_B6,6,244140.625,370,3534,2627.7,121,27.3,12m,8,2,0.036142532529513945,380,2111.5257,7.474,380,2111.5257,8.721,True,True
A002_X74c92c_X6d5_spw0,HIP_490_B6,6,244140.625,370,3534,2627.7,121,27.3,12m,8,3,0.03248362036361808,878,206.8366,6.141,878,206.8366,8.721,True,True
A002_X74c92c_X6d5_spw0,HIP_490_B6,6,244140.625,370,3534,2627.7,121,27.3,12m,8,4,0.03337294667424444,2440,-675.8242,9.39,2440,-675.8242,9.39,True,True
A002_X74c92c_X6d5_spw0,HIP_490_B6,6,244140.625,370,3534,2627.7,121,27.3,12m,8,5,0.03561466114779772,3122,2157.9815,6.996,3122,2157.9815,8.721,True,True
A002_X74c92c_X6d5_spw0,HIP_490_B6,6,244140.625,370,3534,2627.7,121,27.3,12m,8,6,0.032876620579464784,3300,1832.7907,7.872,3300,1832.7907,8.721,True,True
A002_X74c92c_X6d5_spw0,HIP_490_B6,6,244140.625,370,3534,2627.7,121,27.3,12m,8,7,0.034736879556906165,1463,1321.7765,8.372,1463,1321.7765,8.721,True,True
A002_X74c92c_X6d5_spw0,HIP_490_B6,6,244140.625,370,3534,2627.7,121,27.3,12m,8,8,0.03217994421557863,3249,1786.3348,7.546,3249,1786.3348,8.721,True,True
A002_X74c92c_X6d5_spw0,HIP_490_B6,6,244140.625,370,3534,2627.7,121,27.3,12m,8,9,0.03303157333218801,3387,1461.144,9.278,3387,1461.144,9.278,True,True
A002_X74c92c_X6d5_spw0,HIP_490_B6,6,244140.625,370,3534,2627.7,121,27.3,12m,8,10,0.03307650854183144,69,2761.9073,7.534,69,2761.9073,8.721,True,True
A002_X74c92c_X6d5_spw0,HIP_490_B6,6,244140.625,370,3534,2627.7,121,27.3,12m,8,11,0.038209890155186464,2247,-1233.2941,8.167,2247,-1233.2941,8.721,True,True
A002_X74c92c_X6d5_spw0,HIP_490_B6,6,244140.625,370,3534,2627.7,121,27.3,12m,8,12,0.03583490881010721,3082,-908.1033,7.086,3082,-908.1033,8.721,True,True
A002_X74c92c_X6d5_spw0,HIP_490_B6,6,244140.625,370,3534,2627.7,121,27.3,12m,8,13,0.03469511409346321,3262,1693.4232,7.36,3262,1693.4232,8.721,True,True
A002_X74c92c_X6d5_spw0,HIP_490_B6,6,244140.625,370,3534,2627.7,121,27.3,12m,8,14,0.03623689166416293,2512,671.3949,7.725,2512,671.3949,8.721,True,True
A002_X74c92c_X6d5_spw0,HIP_490_B6,6,244140.625,370,3534,2627.7,121,27.3,12m,8,15,0.03811816196575065,1063,-1651.3966,8.461,1063,-1651.3966,8.721,True,True
A002_X74c92c_X6d5_spw0,HIP_490_B6,6,244140.625,370,3534,2627.7,121,27.3,12m,10,0,0.04415913324995418,94,857.2182,8.854,94,857.2182,8.854,True,True
A002_X74c92c_X6d5_spw0,HIP_490_B6,6,244140.625,370,3534,2627.7,121,27.3,12m,10,1,0.03999136954160813,3459,-1930.1316,9.713,3459,-1930.1316,9.713,True,True
A002_X74c92c_X6d5_spw0,HIP_490_B6,6,244140.625,370,3534,2627.7,121,27.3,12m,10,2,0.038775942845059724,2381,-1790.7641,10.523,2381,-1790.7641,10.523,True,True
A002_X74c92c_X6d5_spw0,HIP_490_B6,6,244140.625,370,3534,2627.7,121,27.3,12m,10,3,0.04642546699495114,1155,485.5716,9.673,1155,485.5716,9.673,True,True
A002_X74c92c_X6d5_spw0,HIP_490_B6,6,244140.625,370,3534,2627.7,121,27.3,12m,10,4,0.04302053681882232,3088,-1512.0291,9.552,3088,-1512.0291,9.552,True,True
A002_X74c92c_X6d5_spw0,HIP_490_B6,6,244140.625,370,3534,2627.7,121,27.3,12m,10,5,0.042877540269977435,1473,2111.5257,7.873,1473,2111.5257,8.721,True,True
A002_X74c92c_X6d5_spw0,HIP_490_B6,6,244140.625,370,3534,2627.7,121,27.3,12m,10,6,0.04143580644876326,513,1182.4091,11.807,513,1182.4091,11.807,True,True
A002_X74c92c_X6d5_spw0,HIP_490_B6,6,244140.625,370,3534,2627.7,121,27.3,12m,10,7,0.04562763478014423,2430,-861.6475,10.703,2430,-861.6475,10.703,True,True
A002_X74c92c_X6d5_spw0,HIP_490_B6,6,244140.625,370,3534,2627.7,121,27.3,12m,10,8,0.03882747326818859,815,439.1158,8.735,815,439.1158,8.735,True,True
A002_X74c92c_X6d5_spw0,HIP_490_B6,6,244140.625,370,3534,2627.7,121,27.3,12m,10,9,0.03856656282467518,2963,-1604.9408,10.796,2963,-1604.9408,10.796,True,True
A002_X74c92c_X6d5_spw0,HIP_490_B6,6,244140.625,370,3534,2627.7,121,27.3,12m,10,10,0.04419222835746677,97,-582.9125,10.523,97,-582.9125,10.523,True,True
A002_X74c92c_X6d5_spw0,HIP_490_B6,6,244140.625,370,3534,2627.7,121,27.3,12m,10,11,0.04516980324856558,2575,-2069.4991,8.816,2575,-2069.4991,8.816,True,True
A002_X74c92c_X6d5_spw0,HIP_490_B6,6,244140.625,370,3534,2627.7,121,27.3,12m,10,12,0.040521096193040826,693,-1744.3082,9.906,693,-1744.3082,9.906,True,True
A002_X74c92c_X6d5_spw0,HIP_490_B6,6,244140.625,370,3534,2627.7,121,27.3,12m,10,13,0.046764036761723714,2579,-954.5591,9.967,2579,-954.5591,9.967,True,True
A002_X74c92c_X6d5_spw0,HIP_490_B6,6,244140.625,370,3534,2627.7,121,27.3,12m,10,14,0.04340191372560797,673,1693.4232,8.574,673,1693.4232,8.721,True,True
A002_X74c92c_X6d5_spw0,HIP_490_B6,6,244140.625,370,3534,2627.7,121,27.3,12m,10,15,0.043767919961960035,1019,810.7624,9.165,1019,810.7624,9.165,True,True
A002_X74c92c_X6d5_spw0,HIP_490_B6,6,244140.625,370,3534,2627.7,121,27.3,12m,12,0,0.04949807713495224,2168,-861.6475,11.11,2168,-861.6475,11.11,True,True
A002_X74c92c_X6d5_spw0,HIP_490_B6,6,244140.625,370,3534,2627.7,121,27.3,12m,12,1,0.04348973933698899,432,624.9391,14.548,432,624.9391,14.548,True,True
A002_X74c92c_X6d5_spw0,HIP_490_B6,6,244140.625,370,3534,2627.7,121,27.3,12m,12,2,0.049107385635566055,2394,-350.6333,11.884,2394,-350.6333,11.884,True,True
A002_X74c92c_X6d5_spw0,HIP_490_B6,6,244140.625,370,3534,2627.7,121,27.3,12m,12,3,0.052308000149708156,2589,2668.9956,10.896,2589,2668.9956,10.896,True,True
A002_X74c92c_X6d5_spw0,HIP_490_B6,6,244140.625,370,3534,2627.7,121,27.3,12m,12,4,0.04856845238660704,3269,2065.0698,10.611,3269,2065.0698,10.611,True,True
A002_X74c92c_X6d5_spw0,HIP_490_B6,6,244140.625,370,3534,2627.7,121,27.3,12m,12,5,0.05395995814631115,2020,253.2925,10.141,2020,253.2925,10.141,True,True
A002_X74c92c_X6d5_spw0,HIP_490_B6,6,244140.625,370,3534,2627.7,121,27.3,12m,12,6,0.05298209662371042,2254,1089.4974,12.419,2254,1089.4974,12.419,True,True
A002_X74c92c_X6d5_spw0,HIP_490_B6,6,244140.625,370,3534,2627.7,121,27.3,12m,12,7,0.04842307632693056,1895,-1651.3966,13.057,1895,-1651.3966,13.057,True,True
A002_X74c92c_X6d5_spw0,HIP_490_B6,6,244140.625,370,3534,2627.7,121,27.3,12m,12,8,0.05076385987259265,1642,-1976.5874,12.387,1642,-1976.5874,12.387,True,True
A002_X74c92c_X6d5_spw0,HIP_490_B6,6,244140.625,370,3534,2627.7,121,27.3,12m,12,9,0.052469146544304755,2945,532.0274,11.085,2945,532.0274,11.085,True,True
A002_X74c92c_X6d5_spw0,HIP_490_B6,6,244140.625,370,3534,2627.7,121,27.3,12m,12,10,0.05146969731051981,682,-1186.8383,11.58,682,-1186.8383,11.58,True,True
A002_X74c92c_X6d5_spw0,HIP_490_B6,6,244140.625,370,3534,2627.7,121,27.3,12m,12,11,0.04844095638740563,1697,2576.084,10.4,1697,2576.084,10.4,True,True
A002_X74c92c_X6d5_spw0,HIP_490_B6,6,244140.625,370,3534,2627.7,121,27.3,12m,12,12,0.05234882628597167,1500,-1326.2058,10.973,1500,-1326.2058,10.973,True,True
A002_X74c92c_X6d5_spw0,HIP_490_B6,6,244140.625,370,3534,2627.7,121,27.3,12m,12,13,0.04914330143378297,1584,-1651.3966,11.371,1584,-1651.3966,11.371,True,True
A002_X74c92c_X6d5_spw0,HIP_490_B6,6,244140.625,370,3534,2627.7,121,27.3,12m,12,14,0.05108210477444189,2850,21.0133,12.233,2850,-25.4425,12.233,True,True
A002_X74c92c_X6d5_spw0,HIP_490_B6,6,244140.625,370,3534,2627.7,121,27.3,12m,12,15,0.048472918628330426,2670,2576.084,11.115,2670,2576.084,11.115,True,True
A002_X74c92c_X6d5_spw0,HIP_490_B6,6,244140.625,370,3534,2627.7,121,27.3,12m,15,0,0.06502279993478917,645,1507.5999,15.118,645,1507.5999,15.118,True,True
A002_X74c92c_X6d5_spw0,HIP_490_B6,6,244140.625,370,3534,2627.7,121,27.3,12m,15,1,0.062098336902206744,2061,-2162.4107,14.586,2061,-2162.4107,14.586,True,True
A002_X74c92c_X6d5_spw0,HIP_490_B6,6,244140.625,370,3534,2627.7,121,27.3,12m,15,2,0.06500335236003196,1514,1693.4232,15.338,1514,1693.4232,15.338,True,True
A002_X74c92c_X6d5_spw0,HIP_490_B6,6,244140.625,370,3534,2627.7,121,27.3,12m,15,3,0.0631810005213575,2158,-2719.8807,15.816,2158,-2719.8807,15.816,True,True
A002_X74c92c_X6d5_spw0,HIP_490_B6,6,244140.625,370,3534,2627.7,121,27.3,12m,15,4,0.06614463159845617,2731,-2115.9549,14.378,2731,-2115.9549,14.378,True,True
A002_X74c92c_X6d5_spw0,HIP_490_B6,6,244140.625,370,3534,2627.7,121,27.3,12m,15,5,0.06386245344354656,456,-1512.0291,16.036,456,-1512.0291,16.036,True,True
A002_X74c92c_X6d5_spw0,HIP_490_B6,6,244140.625,370,3534,2627.7,121,27.3,12m,15,6,0.06783607729893917,1364,-1883.6757,13.94,1364,-1883.6757,13.94,True,True
A002_X74c92c_X6d5_spw0,HIP_490_B6,6,244140.625,370,3534,2627.7,121,27.3,12m,15,7,0.06226374113017878,2399,67.4691,15.562,2399,67.4691,15.562,True,True
A002_X74c92c_X6d5_spw0,HIP_490_B6,6,244140.625,370,3534,2627.7,121,27.3,12m,15,8,0.06549912280535938,1517,160.3808,12.853,1517,160.3808,12.853,True,True
A002_X74c92c_X6d5_spw0,HIP_490_B6,6,244140.625,370,3534,2627.7,121,27.3,12m,15,9,0.06419420259882395,234,1925.7023,12.589,234,1925.7023,12.589,True,True
A002_X74c92c_X6d5_spw0,HIP_490_B6,6,244140.625,370,3534,2627.7,121,27.3,12m,15,10,0.06695503805962308,1739,-397.0892,13.515,1739,-397.0892,13.515,True,True
A002_X74c92c_X6d5_spw0,HIP_490_B6,6,244140.625,370,3534,2627.7,121,27.3,12m,15,11,0.06653187880529958,335,2715.4514,15.443,335,2715.4514,15.443,True,True
A002_X74c92c_X6d5_spw0,HIP_490_B6,6,244140.625,370,3534,2627.7,121,27.3,12m,15,12,0.06767894971444306,692,-397.0892,16.194,692,-397.0892,16.194,True,True
A002_X74c92c_X6d5_spw0,HIP_490_B6,6,244140.625,370,3534,2627.7,121,27.3,12m,15,13,0.060602427950364746,3247,-2719.8807,15.168,3247,-2719.8807,15.168,True,True
A002_X74c92c_X6d5_spw0,HIP_490_B6,6,244140.625,370,3534,2627.7,121,27.3,12m,15,14,0.06985768933151894,1156,299.7483,14.95,1156,299.7483,14.95,True,True
A002_X74c92c_X6d5_spw0,HIP_490_B6,6,244140.625,370,3534,2627.7,121,27.3,12m,15,15,0.06115748936675868,1054,671.3949,16.455,1054,671.3949,16.455,True,True
A002_X74fea5_Xd70_spw0,HD61005_B6,6,244140.625,400,3534,2935.6,135,27.3,12m,3,0,0.026141180413987018,1327,-2433.8216,4.651,1327,-2433.8216,10.454,True,False
A002_X74fea5_Xd70_spw0,HD61005_B6,6,244140.625,400,3534,2935.6,135,27.3,12m,3,1,0.026881967778767224,302,-1893.2518,3.552,303,2389.7245,10.454,False,False
A002_X74fea5_Xd70_spw0,HD61005_B6,6,244140.625,400,3534,2935.6,135,27.3,12m,3,2,0.02353876626098315,1889,851.1796,4.644,1889,851.1796,10.454,True,False
A002_X74fea5_Xd70_spw0,HD61005_B6,6,244140.625,400,3534,2935.6,135,27.3,12m,3,3,0.02447114661167009,2324,144.2806,3.656,2324,144.2806,10.454,True,False
A002_X74fea5_Xd70_spw0,HD61005_B6,6,244140.625,400,3534,2935.6,135,27.3,12m,3,4,0.025605869806631317,3245,-2558.5685,5.864,3244,-1269.5174,10.454,False,True
A002_X74fea5_Xd70_spw0,HD61005_B6,6,244140.625,400,3534,2935.6,135,27.3,12m,3,5,0.02348634006346781,994,726.4327,9.306,993,-562.6184,10.454,False,True
A002_X74fea5_Xd70_spw0,HD61005_B6,6,244140.625,400,3534,2935.6,135,27.3,12m,3,6,0.026165809612138723,972,61.116,9.8,973,1807.5724,10.454,False,True
A002_X74fea5_Xd70_spw0,HD61005_B6,6,244140.625,400,3534,2935.6,135,27.3,12m,3,7,0.024485368856995912,213,1225.4202,3.611,214,2805.5474,10.454,False,False
A002_X74fea5_Xd70_spw0,HD61005_B6,6,244140.625,400,3534,2935.6,135,27.3,12m,3,8,0.024390415490668966,1080,-1477.4289,3.352,1080,-1477.4289,10.454,True,False
A002_X74fea5_Xd70_spw0,HD61005_B6,6,244140.625,400,3534,2935.6,135,27.3,12m,3,9,0.023122103718793897,2078,-895.2767,2.953,2079,2514.4714,10.454,False,False
A002_X74fea5_Xd70_spw0,HD61005_B6,6,244140.625,400,3534,2935.6,135,27.3,12m,3,10,0.02480434364687128,1962,-354.7069,4.913,1962,-1934.8341,10.454,False,False
A002_X74fea5_Xd70_spw0,HD61005_B6,6,244140.625,400,3534,2935.6,135,27.3,12m,3,11,0.024559158731694588,2371,1890.737,4.099,2371,1890.737,10.454,True,False
A002_X74fea5_Xd70_spw0,HD61005_B6,6,244140.625,400,3534,2935.6,135,27.3,12m,3,12,0.02483272248991851,3230,-1810.0872,5.253,3231,476.939,10.454,False,True
A002_X74fea5_Xd70_spw0,HD61005_B6,6,244140.625,400,3534,2935.6,135,27.3,12m,3,13,0.02855639306075351,2747,2514.4714,3.035,2748,1890.737,10.454,False,False
A002_X74fea5_Xd70_spw0,HD61005_B6,6,244140.625,400,3534,2935.6,135,27.3,12m,3,14,0.023489160227699406,1237,-479.4538,3.326,1237,-479.4538,10.454,True,False
A002_X74fea5_Xd70_spw0,HD61005_B6,6,244140.625,400,3534,2935.6,135,27.3,12m,3,15,0.026336395663947354,2258,1849.1547,3.525,2258,1849.1547,10.454,True,False
A002_X74fea5_Xd70_spw0,HD61005_B6,6,244140.625,400,3534,2935.6,135,27.3,12m,4,0,0.03243124271635002,1610,2264.9776,5.139,1610,2264.9776,10.454,True,True
A002_X74fea5_Xd70_spw0,HD61005_B6,6,244140.625,400,3534,2935.6,135,27.3,12m,4,1,0.03185325564454814,1771,-1227.9351,3.74,1770,-1020.0236,10.454,False,False
A002_X74fea5_Xd70_spw0,HD61005_B6,6,244140.625,400,3534,2935.6,135,27.3,12m,4,2,0.03341233715308607,78,-1893.2518,3.879,78,-1810.0872,10.454,False,False
A002_X74fea5_Xd70_spw0,HD61005_B6,6,244140.625,400,3534,2935.6,135,27.3,12m,4,3,0.032984953873286094,285,-2059.581,2.569,286,-2766.48,10.454,False,False
A002_X74fea5_Xd70_spw0,HD61005_B6,6,244140.625,400,3534,2935.6,135,27.3,12m,4,4,0.03533780976142068,2086,-1186.3528,3.523,2086,-1186.3528,10.454,True,False
A002_X74fea5_Xd70_spw0,HD61005_B6,6,244140.625,400,3534,2935.6,135,27.3,12m,4,5,0.03733608772201076,274,-2309.0747,3.933,274,-2309.0747,10.454,True,False
A002_X74fea5_Xd70_spw0,HD61005_B6,6,244140.625,400,3534,2935.6,135,27.3,12m,4,6,0.037033083070156556,1995,-562.6184,4.828,1995,-562.6184,10.454,True,False
A002_X74fea5_Xd70_spw0,HD61005_B6,6,244140.625,400,3534,2935.6,135,27.3,12m,4,7,0.03457758889922919,126,-1976.4164,4.936,126,-1976.4164,10.454,True,False
A002_X74fea5_Xd70_spw0,HD61005_B6,6,244140.625,400,3534,2935.6,135,27.3,12m,4,8,0.03131068245091895,2746,-1394.2643,4.654,2746,-1394.2643,10.454,True,False
A002_X74fea5_Xd70_spw0,HD61005_B6,6,244140.625,400,3534,2935.6,135,27.3,12m,4,9,0.02893146495586925,2345,227.4452,6.138,2344,310.6098,10.454,False,True
A002_X74fea5_Xd70_spw0,HD61005_B6,6,244140.625,400,3534,2935.6,135,27.3,12m,4,10,0.03707464060687489,3107,-1976.4164,9.079,3106,560.1035,10.454,False,True
A002_X74fea5_Xd70_spw0,HD61005_B6,6,244140.625,400,3534,2935.6,135,27.3,12m,4,11,0.03302396673400836,2199,-2101.1633,4.789,2199,-2101.1633,10.454,True,False
A002_X74fea5_Xd70_spw0,HD61005_B6,6,244140.625,400,3534,2935.6,135,27.3,12m,4,12,0.03436161026835266,2072,2223.3953,4.709,2072,1682.8255,10.454,False,False
A002_X74fea5_Xd70_spw0,HD61005_B6,6,244140.625,400,3534,2935.6,135,27.3,12m,4,13,0.03357778082095442,172,310.6098,4.268,171,1765.9901,10.454,False,False
A002_X74fea5_Xd70_spw0,HD61005_B6,6,244140.625,400,3534,2935.6,135,27.3,12m,4,14,0.03471938036438431,3321,-645.783,3.749,3320,518.5213,10.454,False,False
A002_X74fea5_Xd70_spw0,HD61005_B6,6,244140.625,400,3534,2935.6,135,27.3,12m,4,15,0.02880079157825208,1548,185.8629,2.944,1549,61.116,10.454,False,False
A002_X74fea5_Xd70_spw0,HD61005_B6,6,244140.625,400,3534,2935.6,135,27.3,12m,5,0,0.04224789217167803,818,-2225.9101,4.348,818,-2225.9101,10.454,True,False
A002_X74fea5_Xd70_spw0,HD61005_B6,6,244140.625,400,3534,2935.6,135,27.3,12m,5,1,0.042242415521600955,1025,1183.838,5.191,1024,768.015,10.454,False,True
A002_X74fea5_Xd70_spw0,HD61005_B6,6,244140.625,400,3534,2935.6,135,27.3,12m,5,2,0.04156675083474058,2534,1391.7494,5.762,2535,-2059.581,10.454,False,True
A002_X74fea5_Xd70_spw0,HD61005_B6,6,244140.625,400,3534,2935.6,135,27.3,12m,5,3,0.045117486630139265,2379,2181.813,4.138,2379,2181.813,10.454,True,False
A002_X74fea5_Xd70_spw0,HD61005_B6,6,244140.625,400,3534,2935.6,135,27.3,12m,5,4,0.04347170162885377,2804,-1934.8341,5.197,2804,-1934.8341,10.454,True,True
A002_X74fea5_Xd70_spw0,HD61005_B6,6,244140.625,400,3534,2935.6,135,27.3,12m,5,5,0.043134968038743664,3150,2763.9651,4.522,3150,2763.9651,10.454,True,False
A002_X74fea5_Xd70_spw0,HD61005_B6,6,244140.625,400,3534,2935.6,135,27.3,12m,5,6,0.04284558083935073,2337,726.4327,4.599,2336,2057.0661,10.454,False,False
A002_X74fea5_Xd70_spw0,HD61005_B6,6,244140.625,400,3534,2935.6,135,27.3,12m,5,7,0.04013387562515347,1459,269.0275,4.916,1459,269.0275,10.454,True,False
A002_X74fea5_Xd70_spw0,HD61005_B6,6,244140.625,400,3534,2935.6,135,27.3,12m,5,8,0.04210229294310725,1943,2098.6484,4.031,1943,2098.6484,10.454,True,False
A002_X74fea5_Xd70_spw0,HD61005_B6,6,244140.625,400,3534,2935.6,135,27.3,12m,5,9,0.04079091849731671,1055,2264.9776,3.737,1055,2264.9776,10.454,True,False
A002_X74fea5_Xd70_spw0,HD61005_B6,6,244140.625,400,3534,2935.6,135,27.3,12m,5,10,0.03954937639134764,637,2763.9651,7.259,637,2763.9651,10.454,True,True
A002_X74fea5_Xd70_spw0,HD61005_B6,6,244140.625,400,3534,2935.6,135,27.3,12m,5,11,0.043793739027177106,1126,352.1921,4.713,1126,352.1921,10.454,True,False
A002_X74fea5_Xd70_spw0,HD61005_B6,6,244140.625,400,3534,2935.6,135,27.3,12m,5,12,0.0428009700470934,613,1682.8255,4.514,614,1849.1547,10.453,False,False
A002_X74fea5_Xd70_spw0,HD61005_B6,6,244140.625,400,3534,2935.6,135,27.3,12m,5,13,0.042262178568319965,996,-1519.0111,8.555,995,-895.2767,10.454,False,True
A002_X74fea5_Xd70_spw0,HD61005_B6,6,244140.625,400,3534,2935.6,135,27.3,12m,5,14,0.044049755756059274,1824,2722.3828,4.36,1824,2722.3828,10.454,True,False
A002_X74fea5_Xd70_spw0,HD61005_B6,6,244140.625,400,3534,2935.6,135,27.3,12m,5,15,0.04254697425237019,640,-2184.3278,5.635,640,-2184.3278,10.449,True,True
A002_X74fea5_Xd70_spw0,HD61005_B6,6,244140.625,400,3534,2935.6,135,27.3,12m,6,0,0.05002077500392107,2736,-2184.3278,4.835,2736,-2184.3278,10.454,True,False
A002_X74fea5_Xd70_spw0,HD61005_B6,6,244140.625,400,3534,2935.6,135,27.3,12m,6,1,0.05410742283492968,3374,-1311.0997,5.852,3374,-1311.0997,10.454,True,True
A002_X74fea5_Xd70_spw0,HD61005_B6,6,244140.625,400,3534,2935.6,135,27.3,12m,6,2,0.0476203305755129,1866,-604.2007,5.639,1866,-604.2007,10.454,True,True
A002_X74fea5_Xd70_spw0,HD61005_B6,6,244140.625,400,3534,2935.6,135,27.3,12m,6,3,0.051006940292820345,1868,-2392.2393,6.033,1868,-2392.2393,10.454,True,True
A002_X74fea5_Xd70_spw0,HD61005_B6,6,244140.625,400,3534,2935.6,135,27.3,12m,6,4,0.05129110523366419,1140,-63.6309,5.375,1140,-63.6309,10.454,True,True
A002_X74fea5_Xd70_spw0,HD61005_B6,6,244140.625,400,3534,2935.6,135,27.3,12m,6,5,0.054826822876910486,2929,2306.5599,5.854,2929,2306.5599,10.454,True,True
A002_X74fea5_Xd70_spw0,HD61005_B6,6,244140.625,400,3534,2935.6,135,27.3,12m,6,6,0.04940601780299822,1837,-1186.3528,5.898,1837,-1186.3528,10.454,True,True
A002_X74fea5_Xd70_spw0,HD61005_B6,6,244140.625,400,3534,2935.6,135,27.3,12m,6,7,0.04945577741019311,629,435.3567,7.195,630,310.6098,10.448,False,True
A002_X74fea5_Xd70_spw0,HD61005_B6,6,244140.625,400,3534,2935.6,135,27.3,12m,6,8,0.04897970318872875,878,1890.737,4.545,879,2098.6484,10.454,False,False
A002_X74fea5_Xd70_spw0,HD61005_B6,6,244140.625,400,3534,2935.6,135,27.3,12m,6,9,0.05001563562868122,3110,-1976.4164,9.612,3110,-188.3777,10.454,False,True
A002_X74fea5_Xd70_spw0,HD61005_B6,6,244140.625,400,3534,2935.6,135,27.3,12m,6,10,0.04922129029404374,714,1308.5848,6.151,714,1308.5848,10.454,True,True
A002_X74fea5_Xd70_spw0,HD61005_B6,6,244140.625,400,3534,2935.6,135,27.3,12m,6,11,0.04833673626549694,661,-895.2767,6.431,661,-895.2767,10.453,True,True
A002_X74fea5_Xd70_spw0,HD61005_B6,6,244140.625,400,3534,2935.6,135,27.3,12m,6,12,0.04809064519664987,462,-2433.8216,7.234,462,-2433.8216,10.451,True,True
A002_X74fea5_Xd70_spw0,HD61005_B6,6,244140.625,400,3534,2935.6,135,27.3,12m,6,13,0.049418721666522544,965,-2350.657,8.51,965,2763.9651,10.454,False,True
A002_X74fea5_Xd70_spw0,HD61005_B6,6,244140.625,400,3534,2935.6,135,27.3,12m,6,14,0.05189230090456946,2057,-1394.2643,7.402,2057,-1394.2643,10.454,True,True
A002_X74fea5_Xd70_spw0,HD61005_B6,6,244140.625,400,3534,2935.6,135,27.3,12m,6,15,0.051545237156406756,2278,-271.5423,5.43,2278,-271.5423,10.454,True,True
A002_X74fea5_Xd70_spw0,HD61005_B6,6,244140.625,400,3534,2935.6,135,27.3,12m,7,0,0.058017821146376804,3399,1017.5088,7.346,3399,1017.5088,10.454,True,True
A002_X74fea5_Xd70_spw0,HD61005_B6,6,244140.625,400,3534,2935.6,135,27.3,12m,7,1,0.05759646037603273,761,-271.5423,5.525,761,-271.5423,10.454,True,True
A002_X74fea5_Xd70_spw0,HD61005_B6,6,244140.625,400,3534,2935.6,135,27.3,12m,7,2,0.055935599448410214,1182,-396.2892,7.354,1182,-396.2892,10.454,True,True
A002_X74fea5_Xd70_spw0,HD61005_B6,6,244140.625,400,3534,2935.6,135,27.3,12m,7,3,0.0606725216858447,1688,144.2806,7.507,1688,144.2806,10.454,True,True
A002_X74fea5_Xd70_spw0,HD61005_B6,6,244140.625,400,3534,2935.6,135,27.3,12m,7,4,0.06033460110320223,712,-1519.0111,7.182,712,-1519.0111,10.454,True,True
A002_X74fea5_Xd70_spw0,HD61005_B6,6,244140.625,400,3534,2935.6,135,27.3,12m,7,5,0.05824660315404522,1530,643.2681,6.034,1530,643.2681,10.454,True,True
A002_X74fea5_Xd70_spw0,HD61005_B6,6,244140.625,400,3534,2935.6,135,27.3,12m,7,6,0.06263578452288146,2237,2348.1422,5.81,2237,2348.1422,10.454,True,True
A002_X74fea5_Xd70_spw0,HD61005_B6,6,244140.625,400,3534,2935.6,135,27.3,12m,7,7,0.05777583506118997,2523,2680.8005,5.368,2523,2680.8005,10.454,True,True
A002_X74fea5_Xd70_spw0,HD61005_B6,6,244140.625,400,3534,2935.6,135,27.3,12m,7,8,0.06062384676003167,1039,-354.7069,6.315,1039,-354.7069,10.454,True,True
A002_X74fea5_Xd70_spw0,HD61005_B6,6,244140.625,400,3534,2935.6,135,27.3,12m,7,9,0.06334913471625259,2106,-1269.5174,6.289,2106,-1269.5174,10.454,True,True
A002_X74fea5_Xd70_spw0,HD61005_B6,6,244140.625,400,3534,2935.6,135,27.3,12m,7,10,0.05988553499883098,81,-2600.1508,5.204,81,-2641.7331,10.454,True,True
A002_X74fea5_Xd70_spw0,HD61005_B6,6,244140.625,400,3534,2935.6,135,27.3,12m,7,11,0.04829613769194309,1145,476.939,6.913,1145,435.3567,10.454,True,True
A002_X74fea5_Xd70_spw0,HD61005_B6,6,244140.625,400,3534,2935.6,135,27.3,12m,7,12,0.056550197594325294,2158,934.3442,6.507,2158,934.3442,10.454,True,True
A002_X74fea5_Xd70_spw0,HD61005_B6,6,244140.625,400,3534,2935.6,135,27.3,12m,7,13,0.058367731257167405,1849,2597.6359,7.829,1849,2597.6359,10.454,True,True
A002_X74fea5_Xd70_spw0,HD61005_B6,6,244140.625,400,3534,2935.6,135,27.3,12m,7,14,0.05971593273615969,3421,1391.7494,7.419,3421,1391.7494,10.454,True,True
A002_X74fea5_Xd70_spw0,HD61005_B6,6,244140.625,400,3534,2935.6,135,27.3,12m,7,15,0.06156740264911983,696,1516.4963,8.44,695,1641.2432,10.454,False,True
A002_X74fea5_Xd70_spw0,HD61005_B6,6,244140.625,400,3534,2935.6,135,27.3,12m,8,0,0.06827422737278677,1910,601.6858,7.138,1910,601.6858,10.454,True,True
A002_X74fea5_Xd70_spw0,HD61005_B6,6,244140.625,400,3534,2935.6,135,27.3,12m,8,1,0.0661271634398769,80,1142.2557,8.689,80,1142.2557,10.454,True,True
A002_X74fea5_Xd70_spw0,HD61005_B6,6,244140.625,400,3534,2935.6,135,27.3,12m,8,2,0.06588716020148601,1892,-2600.1508,7.511,1892,-2600.1508,10.454,True,True
A002_X74fea5_Xd70_spw0,HD61005_B6,6,244140.625,400,3534,2935.6,135,27.3,12m,8,3,0.06447945688929342,1583,-2350.657,8.738,1583,-2350.657,10.454,True,True
A002_X74fea5_Xd70_spw0,HD61005_B6,6,244140.625,400,3534,2935.6,135,27.3,12m,8,4,0.06392997813057508,458,-1976.4164,10.192,458,-1976.4164,10.454,True,True
A002_X74fea5_Xd70_spw0,HD61005_B6,6,244140.625,400,3534,2935.6,135,27.3,12m,8,5,0.07160436310768432,420,-645.783,9.028,420,-645.783,10.454,True,True
A002_X74fea5_Xd70_spw0,HD61005_B6,6,244140.625,400,3534,2935.6,135,27.3,12m,8,6,0.07186001157031532,1238,1474.914,7.716,1238,1474.914,10.454,True,True
A002_X74fea5_Xd70_spw0,HD61005_B6,6,244140.625,400,3534,2935.6,135,27.3,12m,8,7,0.06552644356728383,2758,1807.5724,7.53,2758,1807.5724,10.454,True,True
A002_X74fea5_Xd70_spw0,HD61005_B6,6,244140.625,400,3534,2935.6,135,27.3,12m,8,8,0.07016029158978747,2343,-562.6184,8.794,2343,-562.6184,10.454,True,True
A002_X74fea5_Xd70_spw0,HD61005_B6,6,244140.625,400,3534,2935.6,135,27.3,12m,8,9,0.06787690417109321,1276,2140.2307,8.327,1276,2140.2307,10.454,True,True
A002_X74fea5_Xd70_spw0,HD61005_B6,6,244140.625,400,3534,2935.6,135,27.3,12m,8,10,0.07085554827778026,1314,2057.0661,8.506,1314,2057.0661,10.454,True,True
A002_X74fea5_Xd70_spw0,HD61005_B6,6,244140.625,400,3534,2935.6,135,27.3,12m,8,11,0.06586509828365023,2640,-728.9476,8.033,2640,-728.9476,10.454,True,True
A002_X74fea5_Xd70_spw0,HD61005_B6,6,244140.625,400,3534,2935.6,135,27.3,12m,8,12,0.06647476143749208,303,-271.5423,7.71,303,-271.5423,10.454,True,True
A002_X74fea5_Xd70_spw0,HD61005_B6,6,244140.625,400,3534,2935.6,135,27.3,12m,8,13,0.06037865402638551,2736,2348.1422,4.622,2735,2472.8891,10.454,False,False
A002_X74fea5_Xd70_spw0,HD61005_B6,6,244140.625,400,3534,2935.6,135,27.3,12m,8,14,0.062439607876487634,2024,-1186.3528,6.173,2024,-1186.3528,10.454,True,True
A002_X74fea5_Xd70_spw0,HD61005_B6,6,244140.625,400,3534,2935.6,135,27.3,12m,8,15,0.06450862513756213,1720,1100.6734,7.288,1720,1100.6734,10.454,True,True
A002_X74fea5_Xd70_spw0,HD61005_B6,6,244140.625,400,3534,2935.6,135,27.3,12m,10,0,0.08188333697718869,218,1433.3317,8.795,218,1433.3317,10.454,True,True
A002_X74fea5_Xd70_spw0,HD61005_B6,6,244140.625,400,3534,2935.6,135,27.3,12m,10,1,0.08320366393631073,1696,-895.2767,11.242,1696,-895.2767,11.242,True,True
A002_X74fea5_Xd70_spw0,HD61005_B6,6,244140.625,400,3534,2935.6,135,27.3,12m,10,2,0.0935824253773772,327,-229.96,9.614,327,-229.96,10.454,True,True
A002_X74fea5_Xd70_spw0,HD61005_B6,6,244140.625,400,3534,2935.6,135,27.3,12m,10,3,0.08017898039610048,904,-2766.48,10.406,904,-2766.48,10.454,True,True
A002_X74fea5_Xd70_spw0,HD61005_B6,6,244140.625,400,3534,2935.6,135,27.3,12m,10,4,0.08514961665554745,3057,1558.0786,10.527,3057,1558.0786,10.527,True,True
A002_X74fea5_Xd70_spw0,HD61005_B6,6,244140.625,400,3534,2935.6,135,27.3,12m,10,5,0.09071107296728738,3445,-2142.7456,9.653,3445,-2142.7456,10.454,True,True
A002_X74fea5_Xd70_spw0,HD61005_B6,6,244140.625,400,3534,2935.6,135,27.3,12m,10,6,0.08440357895794527,1214,2389.7245,9.213,1214,2389.7245,10.454,True,True
A002_X74fea5_Xd70_spw0,HD61005_B6,6,244140.625,400,3534,2935.6,135,27.3,12m,10,7,0.07361964629718017,2617,-1352.682,5.89,2617,-1352.682,10.454,True,True
A002_X74fea5_Xd70_spw0,HD61005_B6,6,244140.625,400,3534,2935.6,135,27.3,12m,10,8,0.08818354586104296,2307,-1311.0997,11.298,2307,-1311.0997,11.298,True,True
A002_X74fea5_Xd70_spw0,HD61005_B6,6,244140.625,400,3534,2935.6,135,27.3,12m,10,9,0.08456515839463687,1173,601.6858,9.845,1173,601.6858,10.454,True,True
A002_X74fea5_Xd70_spw0,HD61005_B6,6,244140.625,400,3534,2935.6,135,27.3,12m,10,10,0.09040176254718221,1018,-1768.5049,10.206,1018,-1768.5049,10.454,True,True
A002_X74fea5_Xd70_spw0,HD61005_B6,6,244140.625,400,3534,2935.6,135,27.3,12m,10,11,0.06560244157515195,1550,-1352.682,4.944,1550,-1352.682,10.454,True,False
A002_X74fea5_Xd70_spw0,HD61005_B6,6,244140.625,400,3534,2935.6,135,27.3,12m,10,12,0.08628546135343529,1679,-2641.7331,10.143,1679,-2641.7331,10.454,True,True
A002_X74fea5_Xd70_spw0,HD61005_B6,6,244140.625,400,3534,2935.6,135,27.3,12m,10,13,0.08517343260133031,290,-2267.4924,10.937,290,-2267.4924,10.937,True,True
A002_X74fea5_Xd70_spw0,HD61005_B6,6,244140.625,400,3534,2935.6,135,27.3,12m,10,14,0.0783830000874231,2124,-1560.5934,9.197,2124,-1560.5934,10.454,True,True
A002_X74fea5_Xd70_spw0,HD61005_B6,6,244140.625,400,3534,2935.6,135,27.3,12m,10,15,0.08266226434208822,1957,-2267.4924,9.406,1957,-2267.4924,10.454,True,True
A002_X74fea5_Xd70_spw0,HD61005_B6,6,244140.625,400,3534,2935.6,135,27.3,12m,12,0,0.09983807054612559,2466,-687.3653,9.745,2466,-687.3653,10.454,True,True
A002_X74fea5_Xd70_spw0,HD61005_B6,6,244140.625,400,3534,2935.6,135,27.3,12m,12,1,0.1071316293496722,2833,-188.3777,11.309,2833,-188.3777,11.309,True,True
A002_X74fea5_Xd70_spw0,HD61005_B6,6,244140.625,400,3534,2935.6,135,27.3,12m,12,2,0.10071771114212254,1092,-2641.7331,8.143,1092,-2641.7331,10.454,True,True
A002_X74fea5_Xd70_spw0,HD61005_B6,6,244140.625,400,3534,2935.6,135,27.3,12m,12,3,0.10572776380526103,2134,-1934.8341,12.826,2134,-1934.8341,12.826,True,True
A002_X74fea5_Xd70_spw0,HD61005_B6,6,244140.625,400,3534,2935.6,135,27.3,12m,12,4,0.10164866905203085,2477,892.7619,11.528,2477,892.7619,11.528,True,True
A002_X74fea5_Xd70_spw0,HD61005_B6,6,244140.625,400,3534,2935.6,135,27.3,12m,12,5,0.10434719747077786,3258,-1976.4164,12.922,3258,-1976.4164,12.922,True,True
A002_X74fea5_Xd70_spw0,HD61005_B6,6,244140.625,400,3534,2935.6,135,27.3,12m,12,6,0.10107927943627382,1110,-479.4538,13.31,1110,-479.4538,13.31,True,True
A002_X74fea5_Xd70_spw0,HD61005_B6,6,244140.625,400,3534,2935.6,135,27.3,12m,12,7,0.1071009708881698,2102,-1934.8341,11.333,2102,-1934.8341,11.333,True,True
A002_X74fea5_Xd70_spw0,HD61005_B6,6,244140.625,400,3534,2935.6,135,27.3,12m,12,8,0.09993825504942833,2585,-1435.8466,11.932,2585,-1435.8466,11.932,True,True
A002_X74fea5_Xd70_spw0,HD61005_B6,6,244140.625,400,3534,2935.6,135,27.3,12m,12,9,0.10172084181097024,2318,2223.3953,13.134,2318,2223.3953,13.134,True,True
A002_X74fea5_Xd70_spw0,HD61005_B6,6,244140.625,400,3534,2935.6,135,27.3,12m,12,10,0.10820536576036413,836,227.4452,12.41,836,227.4452,12.41,True,True
A002_X74fea5_Xd70_spw0,HD61005_B6,6,244140.625,400,3534,2935.6,135,27.3,12m,12,11,0.10056643584919206,3191,-1685.3403,11.912,3191,-1685.3403,11.912,True,True
A002_X74fea5_Xd70_spw0,HD61005_B6,6,244140.625,400,3534,2935.6,135,27.3,12m,12,12,0.10202792595268381,1957,185.8629,11.815,1957,185.8629,11.815,True,True
A002_X74fea5_Xd70_spw0,HD61005_B6,6,244140.625,400,3534,2935.6,135,27.3,12m,12,13,0.09939580088615274,1503,-1643.758,13.007,1503,-1643.758,13.007,True,True
A002_X74fea5_Xd70_spw0,HD61005_B6,6,244140.625,400,3534,2935.6,135,27.3,12m,12,14,0.11180233365169698,1051,-770.5299,11.218,1051,-770.5299,11.218,True,True
A002_X74fea5_Xd70_spw0,HD61005_B6,6,244140.625,400,3534,2935.6,135,27.3,12m,12,15,0.08996141544562264,785,-1685.3403,14.995,785,-1685.3403,14.995,True,True
A002_X74fea5_Xd70_spw0,HD61005_B6,6,244140.625,400,3534,2935.6,135,27.3,12m,15,0,0.10415720380392456,2214,-2101.1633,12.438,2214,-2101.1633,12.438,True,True
A002_X74fea5_Xd70_spw0,HD61005_B6,6,244140.625,400,3534,2935.6,135,27.3,12m,15,1,0.11752546605179999,1869,-1685.3403,15.367,1869,-1685.3403,15.367,True,True
A002_X74fea5_Xd70_spw0,HD61005_B6,6,244140.625,400,3534,2935.6,135,27.3,12m,15,2,0.12781504423569892,282,-63.6309,15.185,282,-63.6309,15.185,True,True
A002_X74fea5_Xd70_spw0,HD61005_B6,6,244140.625,400,3534,2935.6,135,27.3,12m,15,3,0.12121337331281025,2830,-1227.9351,16.395,2830,-1227.9351,16.395,True,True
A002_X74fea5_Xd70_spw0,HD61005_B6,6,244140.625,400,3534,2935.6,135,27.3,12m,15,4,0.125336083154174,1771,684.8504,16.358,1771,684.8504,16.358,True,True
A002_X74fea5_Xd70_spw0,HD61005_B6,6,244140.625,400,3534,2935.6,135,27.3,12m,15,5,0.1303157520543495,2695,-2184.3278,14.178,2695,-2184.3278,14.178,True,True
A002_X74fea5_Xd70_spw0,HD61005_B6,6,244140.625,400,3534,2935.6,135,27.3,12m,15,6,0.12995951780502005,956,-313.1246,13.641,956,-313.1246,13.641,True,True
A002_X74fea5_Xd70_spw0,HD61005_B6,6,244140.625,400,3534,2935.6,135,27.3,12m,15,7,0.12772966819751097,97,-2558.5685,14.051,97,-2558.5685,14.051,True,True
A002_X74fea5_Xd70_spw0,HD61005_B6,6,244140.625,400,3534,2935.6,135,27.3,12m,15,8,0.13197499503255464,718,2057.0661,14.847,718,2057.0661,14.847,True,True
A002_X74fea5_Xd70_spw0,HD61005_B6,6,244140.625,400,3534,2935.6,135,27.3,12m,15,9,0.11186914642501648,2691,144.2806,14.291,2691,144.2806,14.291,True,True
A002_X74fea5_Xd70_spw0,HD61005_B6,6,244140.625,400,3534,2935.6,135,27.3,12m,15,10,0.12556414286285253,324,2472.8891,13.288,324,2472.8891,13.288,True,True
A002_X74fea5_Xd70_spw0,HD61005_B6,6,244140.625,400,3534,2935.6,135,27.3,12m,15,11,0.1281359155612252,657,684.8504,16.822,657,684.8504,16.822,True,True
A002_X74fea5_Xd70_spw0,HD61005_B6,6,244140.625,400,3534,2935.6,135,27.3,12m,15,12,0.12902182807770782,2778,227.4452,13.562,2778,227.4452,13.562,True,True
A002_X74fea5_Xd70_spw0,HD61005_B6,6,244140.625,400,3534,2935.6,135,27.3,12m,15,13,0.13166714048277042,2531,1474.914,15.592,2531,1474.914,15.592,True,True
A002_X74fea5_Xd70_spw0,HD61005_B6,6,244140.625,400,3534,2935.6,135,27.3,12m,15,14,0.1247990598376868,149,393.7744,13.746,149,393.7744,13.746,True,True
A002_X74fea5_Xd70_spw0,HD61005_B6,6,244140.625,400,3534,2935.6,135,27.3,12m,15,15,0.13265797247593752,3242,1890.737,16.484,3242,1890.737,16.484,True,True
A002_Xb39557_X3789_spw25,HD_10647_B6,6,488281.25,65,3534,388.6,10,27.3,12m,3,0,0.021524119043289852,2642,-2138.1849,1.767,2641,2259.5227,15.211,False,False
A002_Xb39557_X3789_spw25,HD_10647_B6,6,488281.25,65,3534,388.6,10,27.3,12m,3,1,0.021604127180694037,2163,-2138.1849,2.464,2163,-2138.1849,15.211,True,False
A002_Xb39557_X3789_spw25,HD_10647_B6,6,488281.25,65,3534,388.6,10,27.3,12m,3,2,0.02332932136354115,1313,-253.4531,2.845,1313,-253.4531,15.211,True,False
A002_Xb39557_X3789_spw25,HD_10647_B6,6,488281.25,65,3534,388.6,10,27.3,12m,3,3,0.01972443431968358,1699,-253.4531,4.67,1699,-253.4531,15.211,True,False
A002_Xb39557_X3789_spw25,HD_10647_B6,6,488281.25,65,3534,388.6,10,27.3,12m,3,4,0.019452407111647786,1044,374.7909,2.68,1044,-253.4531,15.211,True,False
A002_Xb39557_X3789_spw25,HD_10647_B6,6,488281.25,65,3534,388.6,10,27.3,12m,3,5,0.023569950934208987,716,-881.697,3.88,716,-881.697,15.211,True,False
A002_Xb39557_X3789_spw25,HD_10647_B6,6,488281.25,65,3534,388.6,10,27.3,12m,3,6,0.019832487087450345,373,-2138.1849,4.469,373,-2138.1849,15.211,True,False
A002_Xb39557_X3789_spw25,HD_10647_B6,6,488281.25,65,3534,388.6,10,27.3,12m,3,7,0.023657937673260375,338,2887.7667,2.013,338,2887.7667,15.211,True,False
A002_Xb39557_X3789_spw25,HD_10647_B6,6,488281.25,65,3534,388.6,10,27.3,12m,3,8,0.02231535644751715,680,-253.4531,4.025,681,1631.2788,15.211,False,False
A002_Xb39557_X3789_spw25,HD_10647_B6,6,488281.25,65,3534,388.6,10,27.3,12m,3,9,0.021122897564283115,3395,-2766.4289,1.923,3394,2887.7667,15.211,False,False
A002_Xb39557_X3789_spw25,HD_10647_B6,6,488281.25,65,3534,388.6,10,27.3,12m,3,10,0.01968267642616037,229,-253.4531,5.764,229,-253.4531,15.211,True,True
A002_Xb39557_X3789_spw25,HD_10647_B6,6,488281.25,65,3534,388.6,10,27.3,12m,3,11,0.020133977644312014,2231,-1509.941,3.644,2231,-253.4531,15.211,False,False
A002_Xb39557_X3789_spw25,HD_10647_B6,6,488281.25,65,3534,388.6,10,27.3,12m,3,12,0.02041999895243737,2656,-1509.941,3.635,2656,-1509.941,15.211,True,False
A002_Xb39557_X3789_spw25,HD_10647_B6,6,488281.25,65,3534,388.6,10,27.3,12m,3,13,0.01934527670866585,640,-1509.941,3.886,640,-1509.941,15.211,True,False
A002_Xb39557_X3789_spw25,HD_10647_B6,6,488281.25,65,3534,388.6,10,27.3,12m,3,14,0.021344355759906862,1615,-2138.1849,1.424,1616,-881.697,15.211,False,False
A002_Xb39557_X3789_spw25,HD_10647_B6,6,488281.25,65,3534,388.6,10,27.3,12m,3,15,0.018350842349942276,3204,-2766.4289,2.344,3205,-881.697,15.211,False,False
A002_Xb39557_X3789_spw25,HD_10647_B6,6,488281.25,65,3534,388.6,10,27.3,12m,4,0,0.028854958552295817,2151,2259.5227,4.716,2151,2259.5227,15.211,True,False
A002_Xb39557_X3789_spw25,HD_10647_B6,6,488281.25,65,3534,388.6,10,27.3,12m,4,1,0.026685911546297725,1325,1003.0348,3.729,1326,2887.7667,15.211,False,False
A002_Xb39557_X3789_spw25,HD_10647_B6,6,488281.25,65,3534,388.6,10,27.3,12m,4,2,0.02547591770293465,3162,-2766.4289,3.699,3162,-2766.4289,15.211,True,False
A002_Xb39557_X3789_spw25,HD_10647_B6,6,488281.25,65,3534,388.6,10,27.3,12m,4,3,0.02563607359676321,994,1631.2788,2.506,994,1631.2788,15.211,True,False
A002_Xb39557_X3789_spw25,HD_10647_B6,6,488281.25,65,3534,388.6,10,27.3,12m,4,4,0.02854981347517343,3416,374.7909,4.374,3416,-2138.1849,15.211,False,False
A002_Xb39557_X3789_spw25,HD_10647_B6,6,488281.25,65,3534,388.6,10,27.3,12m,4,5,0.025123157074522163,2448,2887.7667,3.607,2448,2887.7667,15.211,True,False
A002_Xb39557_X3789_spw25,HD_10647_B6,6,488281.25,65,3534,388.6,10,27.3,12m,4,6,0.024607179762777077,2174,1631.2788,3.678,2174,1631.2788,15.211,True,False
A002_Xb39557_X3789_spw25,HD_10647_B6,6,488281.25,65,3534,388.6,10,27.3,12m,4,7,0.025493391182943158,1249,1631.2788,1.968,1249,-253.4531,15.211,False,False
A002_Xb39557_X3789_spw25,HD_10647_B6,6,488281.25,65,3534,388.6,10,27.3,12m,4,8,0.03281279778415769,2144,-881.697,2.978,2144,-881.697,15.211,True,False
A002_Xb39557_X3789_spw25,HD_10647_B6,6,488281.25,65,3534,388.6,10,27.3,12m,4,9,0.024873296847071253,1855,-253.4531,5.958,1855,-253.4531,15.203,True,True
A002_Xb39557_X3789_spw25,HD_10647_B6,6,488281.25,65,3534,388.6,10,27.3,12m,4,10,0.026940458001921873,928,2887.7667,2.991,928,2887.7667,15.211,True,False
A002_Xb39557_X3789_spw25,HD_10647_B6,6,488281.25,65,3534,388.6,10,27.3,12m,4,11,0.027520310052676893,668,-2766.4289,4.304,668,-2766.4289,15.211,True,False
A002_Xb39557_X3789_spw25,HD_10647_B6,6,488281.25,65,3534,388.6,10,27.3,12m,4,12,0.023463558139210257,3076,374.7909,4.66,3076,-253.4531,15.211,True,False
A002_Xb39557_X3789_spw25,HD_10647_B6,6,488281.25,65,3534,388.6,10,27.3,12m,4,13,0.02703789527957611,3388,1631.2788,4.621,3388,1631.2788,15.211,True,False
A002_Xb39557_X3789_spw25,HD_10647_B6,6,488281.25,65,3534,388.6,10,27.3,12m,4,14,0.02675825851126704,1229,-253.4531,4.187,1229,-253.4531,15.211,True,False
A002_Xb39557_X3789_spw25,HD_10647_B6,6,488281.25,65,3534,388.6,10,27.3,12m,4,15,0.026472681700892366,1672,-881.697,4.848,1672,-881.697,15.211,True,False
A002_Xb39557_X3789_spw25,HD_10647_B6,6,488281.25,65,3534,388.6,10,27.3,12m,5,0,0.03850705822443476,2647,2259.5227,6.237,2647,2259.5227,15.211,True,True
A002_Xb39557_X3789_spw25,HD_10647_B6,6,488281.25,65,3534,388.6,10,27.3,12m,5,1,0.03782005083603493,134,1631.2788,5.556,134,1631.2788,15.211,True,True
A002_Xb39557_X3789_spw25,HD_10647_B6,6,488281.25,65,3534,388.6,10,27.3,12m,5,2,0.03450896629162636,1299,2887.7667,4.965,1299,2887.7667,15.211,True,False
A002_Xb39557_X3789_spw25,HD_10647_B6,6,488281.25,65,3534,388.6,10,27.3,12m,5,3,0.038295056356986185,99,-1509.941,5.623,99,-1509.941,15.211,True,True
A002_Xb39557_X3789_spw25,HD_10647_B6,6,488281.25,65,3534,388.6,10,27.3,12m,5,4,0.03299150301754691,3342,1631.2788,3.068,3342,2259.5227,15.211,True,False
A002_Xb39557_X3789_spw25,HD_10647_B6,6,488281.25,65,3534,388.6,10,27.3,12m,5,5,0.03325623426174717,830,-253.4531,5.242,830,-253.4531,15.211,True,True
A002_Xb39557_X3789_spw25,HD_10647_B6,6,488281.25,65,3534,388.6,10,27.3,12m,5,6,0.03537123223742747,626,374.7909,4.943,626,-253.4531,15.211,True,False
A002_Xb39557_X3789_spw25,HD_10647_B6,6,488281.25,65,3534,388.6,10,27.3,12m,5,7,0.038740792368663894,2160,-2766.4289,5.23,2160,-2766.4289,15.211,True,True
A002_Xb39557_X3789_spw25,HD_10647_B6,6,488281.25,65,3534,388.6,10,27.3,12m,5,8,0.03863171298221167,849,-2138.1849,4.703,849,-2138.1849,15.211,True,False
A002_Xb39557_X3789_spw25,HD_10647_B6,6,488281.25,65,3534,388.6,10,27.3,12m,5,9,0.03653400491353685,1275,-2766.4289,6.69,1275,-2766.4289,15.211,True,True
A002_Xb39557_X3789_spw25,HD_10647_B6,6,488281.25,65,3534,388.6,10,27.3,12m,5,10,0.030365125804339903,1854,-881.697,6.416,1854,-881.697,15.199,True,True
A002_Xb39557_X3789_spw25,HD_10647_B6,6,488281.25,65,3534,388.6,10,27.3,12m,5,11,0.03368795873248649,1515,374.7909,6.535,1515,-253.4531,15.211,True,True
A002_Xb39557_X3789_spw25,HD_10647_B6,6,488281.25,65,3534,388.6,10,27.3,12m,5,12,0.041497667520823116,3006,1631.2788,5.527,3006,1631.2788,15.211,True,True
A002_Xb39557_X3789_spw25,HD_10647_B6,6,488281.25,65,3534,388.6,10,27.3,12m,5,13,0.030605866628124884,3131,-2766.4289,6.824,3131,-2766.4289,15.211,True,True
A002_Xb39557_X3789_spw25,HD_10647_B6,6,488281.25,65,3534,388.6,10,27.3,12m,5,14,0.03402532819284299,2254,-881.697,5.136,2254,-881.697,15.211,True,True
A002_Xb39557_X3789_spw25,HD_10647_B6,6,488281.25,65,3534,388.6,10,27.3,12m,5,15,0.03233297171459338,130,-253.4531,9.236,130,-253.4531,15.211,True,True
A002_Xb39557_X3789_spw25,HD_10647_B6,6,488281.25,65,3534,388.6,10,27.3,12m,6,0,0.051737270952445284,2122,1631.2788,6.531,2122,1631.2788,15.211,True,True
A002_Xb39557_X3789_spw25,HD_10647_B6,6,488281.25,65,3534,388.6,10,27.3,12m,6,1,0.040299383795713344,2480,-2138.1849,6.288,2480,-2138.1849,15.211,True,True
A002_Xb39557_X3789_spw25,HD_10647_B6,6,488281.25,65,3534,388.6,10,27.3,12m,6,2,0.05247619386849863,228,-2766.4289,6.604,228,-2138.1849,15.211,True,True
A002_Xb39557_X3789_spw25,HD_10647_B6,6,488281.25,65,3534,388.6,10,27.3,12m,6,3,0.04033971380065375,3293,-881.697,5.035,3293,-881.697,15.211,True,True
A002_Xb39557_X3789_spw25,HD_10647_B6,6,488281.25,65,3534,388.6,10,27.3,12m,6,4,0.03864228207996138,1072,1003.0348,2.893,1072,1003.0348,15.211,True,False
A002_Xb39557_X3789_spw25,HD_10647_B6,6,488281.25,65,3534,388.6,10,27.3,12m,6,5,0.03226035089469047,524,-1509.941,5.638,524,-1509.941,15.211,True,True
A002_Xb39557_X3789_spw25,HD_10647_B6,6,488281.25,65,3534,388.6,10,27.3,12m,6,6,0.036445865393456824,1269,-881.697,7.553,1269,-881.697,15.211,True,True
A002_Xb39557_X3789_spw25,HD_10647_B6,6,488281.25,65,3534,388.6,10,27.3,12m,6,7,0.043658796175035056,564,-2138.1849,5.458,564,-2138.1849,15.211,True,True
A002_Xb39557_X3789_spw25,HD_10647_B6,6,488281.25,65,3534,388.6,10,27.3,12m,6,8,0.030234817645697333,3453,1631.2788,3.255,3452,-253.4531,15.211,False,False
A002_Xb39557_X3789_spw25,HD_10647_B6,6,488281.25,65,3534,388.6,10,27.3,12m,6,9,0.03951951102440736,2695,1631.2788,4.56,2695,1631.2788,15.211,True,False
A002_Xb39557_X3789_spw25,HD_10647_B6,6,488281.25,65,3534,388.6,10,27.3,12m,6,10,0.04712330013442709,173,2259.5227,5.116,173,2259.5227,15.211,True,True
A002_Xb39557_X3789_spw25,HD_10647_B6,6,488281.25,65,3534,388.6,10,27.3,12m,6,11,0.04218406713779264,3361,2887.7667,7.245,3361,2887.7667,15.211,True,True
A002_Xb39557_X3789_spw25,HD_10647_B6,6,488281.25,65,3534,388.6,10,27.3,12m,6,12,0.03967350560857396,1517,-881.697,6.308,1517,-881.697,15.211,True,True
A002_Xb39557_X3789_spw25,HD_10647_B6,6,488281.25,65,3534,388.6,10,27.3,12m,6,13,0.03403197671797719,1163,-2138.1849,6.852,1163,-2138.1849,15.211,True,True
A002_Xb39557_X3789_spw25,HD_10647_B6,6,488281.25,65,3534,388.6,10,27.3,12m,6,14,0.02138997829838266,2838,2887.7667,7.917,2838,2887.7667,15.211,True,True
A002_Xb39557_X3789_spw25,HD_10647_B6,6,488281.25,65,3534,388.6,10,27.3,12m,6,15,0.0458494302792583,1216,-2138.1849,5.728,1216,-2138.1849,15.211,True,True
A002_Xb39557_X3789_spw25,HD_10647_B6,6,488281.25,65,3534,388.6,10,27.3,12m,7,0,0.043279228045412385,2242,1631.2788,8.962,2242,1631.2788,15.211,True,True
A002_Xb39557_X3789_spw25,HD_10647_B6,6,488281.25,65,3534,388.6,10,27.3,12m,7,1,0.05845963689765005,2653,-2766.4289,7.334,2653,-2766.4289,15.211,True,True
A002_Xb39557_X3789_spw25,HD_10647_B6,6,488281.25,65,3534,388.6,10,27.3,12m,7,2,0.04143571664970677,2602,-1509.941,6.372,2602,-1509.941,15.211,True,True
A002_Xb39557_X3789_spw25,HD_10647_B6,6,488281.25,65,3534,388.6,10,27.3,12m,7,3,0.047633400252023575,801,-2138.1849,6.058,801,-2138.1849,15.211,True,True
A002_Xb39557_X3789_spw25,HD_10647_B6,6,488281.25,65,3534,388.6,10,27.3,12m,7,4,0.04607567345958681,1137,2259.5227,5.889,1137,2259.5227,15.211,True,True
A002_Xb39557_X3789_spw25,HD_10647_B6,6,488281.25,65,3534,388.6,10,27.3,12m,7,5,0.050924734083953115,117,-2766.4289,6.237,117,-2766.4289,15.211,True,True
A002_Xb39557_X3789_spw25,HD_10647_B6,6,488281.25,65,3534,388.6,10,27.3,12m,7,6,0.040789879809551344,3272,-2138.1849,4.234,3273,-253.4531,15.211,False,False
A002_Xb39557_X3789_spw25,HD_10647_B6,6,488281.25,65,3534,388.6,10,27.3,12m,7,7,0.044844567461511955,404,-2138.1849,7.611,404,-2138.1849,15.211,True,True
A002_Xb39557_X3789_spw25,HD_10647_B6,6,488281.25,65,3534,388.6,10,27.3,12m,7,8,0.045076052911453474,812,-253.4531,9.464,812,-253.4531,15.211,True,True
A002_Xb39557_X3789_spw25,HD_10647_B6,6,488281.25,65,3534,388.6,10,27.3,12m,7,9,0.0531187111493946,1291,-1509.941,6.599,1291,-1509.941,15.211,True,True
A002_Xb39557_X3789_spw25,HD_10647_B6,6,488281.25,65,3534,388.6,10,27.3,12m,7,10,0.0479612946790425,2440,-2766.4289,7.25,2440,-2766.4289,15.211,True,True
A002_Xb39557_X3789_spw25,HD_10647_B6,6,488281.25,65,3534,388.6,10,27.3,12m,7,11,0.05082739926677829,451,374.7909,7.465,451,-253.4531,15.211,True,True
A002_Xb39557_X3789_spw25,HD_10647_B6,6,488281.25,65,3534,388.6,10,27.3,12m,7,12,0.05387919449092873,657,-2766.4289,6.953,657,-2766.4289,15.211,True,True
A002_Xb39557_X3789_spw25,HD_10647_B6,6,488281.25,65,3534,388.6,10,27.3,12m,7,13,0.05418965002468521,1855,-881.697,8.099,1855,-881.697,15.197,True,True
A002_Xb39557_X3789_spw25,HD_10647_B6,6,488281.25,65,3534,388.6,10,27.3,12m,7,14,0.04802787378234785,3280,-2138.1849,7.378,3280,-2138.1849,15.211,True,True
A002_Xb39557_X3789_spw25,HD_10647_B6,6,488281.25,65,3534,388.6,10,27.3,12m,7,15,0.05987503953717902,3452,1003.0348,7.3,3452,1003.0348,15.211,True,True
A002_Xb39557_X3789_spw25,HD_10647_B6,6,488281.25,65,3534,388.6,10,27.3,12m,8,0,0.056877760733871754,3152,-2766.4289,7.802,3152,-2766.4289,15.211,True,True
A002_Xb39557_X3789_spw25,HD_10647_B6,6,488281.25,65,3534,388.6,10,27.3,12m,8,1,0.06288923415495656,210,2259.5227,9.743,210,2259.5227,15.211,True,True
A002_Xb39557_X3789_spw25,HD_10647_B6,6,488281.25,65,3534,388.6,10,27.3,12m,8,2,0.049231161075893946,1130,-881.697,8.882,1130,-881.697,15.211,True,True
A002_Xb39557_X3789_spw25,HD_10647_B6,6,488281.25,65,3534,388.6,10,27.3,12m,8,3,0.05030628138546427,1442,1003.0348,7.797,1442,1003.0348,15.211,True,True
A002_Xb39557_X3789_spw25,HD_10647_B6,6,488281.25,65,3534,388.6,10,27.3,12m,8,4,0.0636909873032063,149,2259.5227,6.883,149,2259.5227,15.211,True,True
A002_Xb39557_X3789_spw25,HD_10647_B6,6,488281.25,65,3534,388.6,10,27.3,12m,8,5,0.03705778085388066,1357,2259.5227,8.173,1357,2259.5227,15.211,True,True
A002_Xb39557_X3789_spw25,HD_10647_B6,6,488281.25,65,3534,388.6,10,27.3,12m,8,6,0.05970047251669056,3369,-253.4531,7.236,3369,-253.4531,15.211,True,True
A002_Xb39557_X3789_spw25,HD_10647_B6,6,488281.25,65,3534,388.6,10,27.3,12m,8,7,0.04515096109554022,1968,-253.4531,4.531,1968,-253.4531,15.211,True,False
A002_Xb39557_X3789_spw25,HD_10647_B6,6,488281.25,65,3534,388.6,10,27.3,12m,8,8,0.06181898657211371,1150,-2766.4289,7.033,1150,-2766.4289,15.211,True,True
A002_Xb39557_X3789_spw25,HD_10647_B6,6,488281.25,65,3534,388.6,10,27.3,12m,8,9,0.06575074562508292,496,1003.0348,7.343,496,1003.0348,15.211,True,True
A002_Xb39557_X3789_spw25,HD_10647_B6,6,488281.25,65,3534,388.6,10,27.3,12m,8,10,0.05353443384613966,1156,2259.5227,9.797,1156,2259.5227,15.211,True,True
A002_Xb39557_X3789_spw25,HD_10647_B6,6,488281.25,65,3534,388.6,10,27.3,12m,8,11,0.05255773499210323,2655,2259.5227,8.731,2655,2259.5227,15.211,True,True
A002_Xb39557_X3789_spw25,HD_10647_B6,6,488281.25,65,3534,388.6,10,27.3,12m,8,12,0.056986812069436864,491,-253.4531,8.565,491,-253.4531,15.211,True,True
A002_Xb39557_X3789_spw25,HD_10647_B6,6,488281.25,65,3534,388.6,10,27.3,12m,8,13,0.08424320493239296,251,2887.7667,7.695,251,2887.7667,15.211,True,True
A002_Xb39557_X3789_spw25,HD_10647_B6,6,488281.25,65,3534,388.6,10,27.3,12m,8,14,0.0646825500941712,1654,374.7909,7.78,1654,-253.4531,15.211,True,True
A002_Xb39557_X3789_spw25,HD_10647_B6,6,488281.25,65,3534,388.6,10,27.3,12m,8,15,0.045049056452788304,2603,374.7909,8.821,2603,-253.4531,15.211,True,True
A002_Xb39557_X3789_spw25,HD_10647_B6,6,488281.25,65,3534,388.6,10,27.3,12m,10,0,0.0694539639628629,499,-2138.1849,11.06,499,-2138.1849,15.211,True,True
A002_Xb39557_X3789_spw25,HD_10647_B6,6,488281.25,65,3534,388.6,10,27.3,12m,10,1,0.07325537981233657,1966,-2766.4289,9.077,1966,-2766.4289,15.211,True,True
A002_Xb39557_X3789_spw25,HD_10647_B6,6,488281.25,65,3534,388.6,10,27.3,12m,10,2,0.0828700675973614,2823,2887.7667,9.897,2823,2887.7667,15.211,True,True
A002_Xb39557_X3789_spw25,HD_10647_B6,6,488281.25,65,3534,388.6,10,27.3,12m,10,3,0.06515757075831935,2419,-2766.4289,8.992,2419,-2766.4289,15.211,True,True
A002_Xb39557_X3789_spw25,HD_10647_B6,6,488281.25,65,3534,388.6,10,27.3,12m,10,4,0.07833971902182332,148,-2766.4289,9.483,148,-2766.4289,15.211,True,True
A002_Xb39557_X3789_spw25,HD_10647_B6,6,488281.25,65,3534,388.6,10,27.3,12m,10,5,0.06651246852349434,830,374.7909,10.206,830,-253.4531,15.211,True,True
A002_Xb39557_X3789_spw25,HD_10647_B6,6,488281.25,65,3534,388.6,10,27.3,12m,10,6,0.06332588589268415,2518,-2138.1849,9.996,2518,-2138.1849,15.211,True,True
A002_Xb39557_X3789_spw25,HD_10647_B6,6,488281.25,65,3534,388.6,10,27.3,12m,10,7,0.06939928268983096,3096,1631.2788,8.823,3096,1631.2788,15.211,True,True
A002_Xb39557_X3789_spw25,HD_10647_B6,6,488281.25,65,3534,388.6,10,27.3,12m,10,8,0.07390142640419237,2643,2887.7667,10.825,2643,2887.7667,15.211,True,True
A002_Xb39557_X3789_spw25,HD_10647_B6,6,488281.25,65,3534,388.6,10,27.3,12m,10,9,0.0591481558914489,1015,2259.5227,8.139,1015,2259.5227,15.211,True,True
A002_Xb39557_X3789_spw25,HD_10647_B6,6,488281.25,65,3534,388.6,10,27.3,12m,10,10,0.052183176421860517,695,2887.7667,9.862,695,2887.7667,15.211,True,True
A002_Xb39557_X3789_spw25,HD_10647_B6,6,488281.25,65,3534,388.6,10,27.3,12m,10,11,0.07883571735586746,1280,-2766.4289,11.415,1280,-2766.4289,15.211,True,True
A002_Xb39557_X3789_spw25,HD_10647_B6,6,488281.25,65,3534,388.6,10,27.3,12m,10,12,0.06889806285403494,3464,-2138.1849,8.822,3464,-2138.1849,15.211,True,True
A002_Xb39557_X3789_spw25,HD_10647_B6,6,488281.25,65,3534,388.6,10,27.3,12m,10,13,0.07012692060125979,3216,374.7909,10.939,3216,-253.4531,15.211,True,True
A002_Xb39557_X3789_spw25,HD_10647_B6,6,488281.25,65,3534,388.6,10,27.3,12m,10,14,0.08401636667626597,177,-253.4531,8.877,177,-881.697,15.211,True,True
A002_Xb39557_X3789_spw25,HD_10647_B6,6,488281.25,65,3534,388.6,10,27.3,12m,10,15,0.06319338473227812,1297,2887.7667,10.596,1297,2887.7667,15.211,True,True
A002_Xb39557_X3789_spw25,HD_10647_B6,6,488281.25,65,3534,388.6,10,27.3,12m,12,0,0.08967748418970092,647,-2766.4289,11.156,647,-2766.4289,15.211,True,True
A002_Xb39557_X3789_spw25,HD_10647_B6,6,488281.25,65,3534,388.6,10,27.3,12m,12,1,0.08689297968059358,512,-2138.1849,11.229,512,-2138.1849,15.211,True,True
A002_Xb39557_X3789_spw25,HD_10647_B6,6,488281.25,65,3534,388.6,10,27.3,12m,12,2,0.07485537773224481,1147,2259.5227,10.499,1147,2259.5227,15.211,True,True
A002_Xb39557_X3789_spw25,HD_10647_B6,6,488281.25,65,3534,388.6,10,27.3,12m,12,3,0.07171172226643789,1746,-253.4531,11.193,1746,-253.4531,15.211,True,True
A002_Xb39557_X3789_spw25,HD_10647_B6,6,488281.25,65,3534,388.6,10,27.3,12m,12,4,0.07513602847734935,2583,-2138.1849,10.429,2583,-2138.1849,15.211,True,True
A002_Xb39557_X3789_spw25,HD_10647_B6,6,488281.25,65,3534,388.6,10,27.3,12m,12,5,0.08811091744528249,3090,-2138.1849,11.955,3090,-2138.1849,15.211,True,True
A002_Xb39557_X3789_spw25,HD_10647_B6,6,488281.25,65,3534,388.6,10,27.3,12m,12,6,0.07340529770536793,829,-253.4531,12.563,829,-253.4531,15.211,True,True
A002_Xb39557_X3789_spw25,HD_10647_B6,6,488281.25,65,3534,388.6,10,27.3,12m,12,7,0.09295137191616963,789,1003.0348,11.958,789,1003.0348,15.211,True,True
A002_Xb39557_X3789_spw25,HD_10647_B6,6,488281.25,65,3534,388.6,10,27.3,12m,12,8,0.08036380645120228,3401,-2766.4289,10.529,3401,-2766.4289,15.211,True,True
A002_Xb39557_X3789_spw25,HD_10647_B6,6,488281.25,65,3534,388.6,10,27.3,12m,12,9,0.08928940319949685,82,2259.5227,11.288,82,2259.5227,15.211,True,True
A002_Xb39557_X3789_spw25,HD_10647_B6,6,488281.25,65,3534,388.6,10,27.3,12m,12,10,0.08563163218426571,862,2259.5227,12.72,862,2259.5227,15.211,True,True
A002_Xb39557_X3789_spw25,HD_10647_B6,6,488281.25,65,3534,388.6,10,27.3,12m,12,11,0.0898246371092138,3158,-2138.1849,12.186,3158,-2138.1849,15.211,True,True
A002_Xb39557_X3789_spw25,HD_10647_B6,6,488281.25,65,3534,388.6,10,27.3,12m,12,12,0.08148982946853758,2133,2259.5227,11.761,2133,2259.5227,15.211,True,True
A002_Xb39557_X3789_spw25,HD_10647_B6,6,488281.25,65,3534,388.6,10,27.3,12m,12,13,0.07927401047247797,1180,2259.5227,12.49,1180,2259.5227,15.211,True,True
A002_Xb39557_X3789_spw25,HD_10647_B6,6,488281.25,65,3534,388.6,10,27.3,12m,12,14,0.08138926280732077,1521,-2766.4289,10.936,1521,-2766.4289,15.211,True,True
A002_Xb39557_X3789_spw25,HD_10647_B6,6,488281.25,65,3534,388.6,10,27.3,12m,12,15,0.08537359336111817,2545,-253.4531,11.653,2545,-253.4531,15.211,True,True
A002_Xb39557_X3789_spw25,HD_10647_B6,6,488281.25,65,3534,388.6,10,27.3,12m,15,0,0.11360227445517788,369,1003.0348,15.695,369,1003.0348,15.695,True,True
A002_Xb39557_X3789_spw25,HD_10647_B6,6,488281.25,65,3534,388.6,10,27.3,12m,15,1,0.1071866777395287,557,1631.2788,14.019,557,1631.2788,15.211,True,True
A002_Xb39557_X3789_spw25,HD_10647_B6,6,488281.25,65,3534,388.6,10,27.3,12m,15,2,0.12344097195731286,2532,1003.0348,13.904,2532,1003.0348,15.211,True,True
A002_Xb39557_X3789_spw25,HD_10647_B6,6,488281.25,65,3534,388.6,10,27.3,12m,15,3,0.10631363502779806,3203,-2138.1849,14.714,3203,-2138.1849,15.211,True,True
A002_Xb39557_X3789_spw25,HD_10647_B6,6,488281.25,65,3534,388.6,10,27.3,12m,15,4,0.1000713274595971,2668,2887.7667,14.758,2668,2887.7667,15.211,True,True
A002_Xb39557_X3789_spw25,HD_10647_B6,6,488281.25,65,3534,388.6,10,27.3,12m,15,5,0.08837008135127623,1542,374.7909,18.333,1542,-253.4531,18.333,True,True
A002_Xb39557_X3789_spw25,HD_10647_B6,6,488281.25,65,3534,388.6,10,27.3,12m,15,6,0.10544245072449956,2417,1631.2788,15.429,2417,1631.2788,15.429,True,True
A002_Xb39557_X3789_spw25,HD_10647_B6,6,488281.25,65,3534,388.6,10,27.3,12m,15,7,0.10637748996602112,2650,-253.4531,14.972,2650,-253.4531,15.211,True,True
A002_Xb39557_X3789_spw25,HD_10647_B6,6,488281.25,65,3534,388.6,10,27.3,12m,15,8,0.10539439259637481,3433,2259.5227,14.3,3433,2259.5227,15.211,True,True
A002_Xb39557_X3789_spw25,HD_10647_B6,6,488281.25,65,3534,388.6,10,27.3,12m,15,9,0.10022423898822715,1485,2259.5227,15.998,1485,2259.5227,15.998,True,True
A002_Xb39557_X3789_spw25,HD_10647_B6,6,488281.25,65,3534,388.6,10,27.3,12m,15,10,0.09037115635887145,353,-1509.941,12.706,353,-1509.941,15.211,True,True
A002_Xb39557_X3789_spw25,HD_10647_B6,6,488281.25,65,3534,388.6,10,27.3,12m,15,11,0.10092463665611677,1997,-1509.941,15.402,1997,-1509.941,15.402,True,True
A002_Xb39557_X3789_spw25,HD_10647_B6,6,488281.25,65,3534,388.6,10,27.3,12m,15,12,0.1105582330352442,2089,374.7909,16.806,2089,-253.4531,16.806,True,True
A002_Xb39557_X3789_spw25,HD_10647_B6,6,488281.25,65,3534,388.6,10,27.3,12m,15,13,0.10467691703892253,2457,1003.0348,13.797,2457,1003.0348,15.211,True,True
A002_Xb39557_X3789_spw25,HD_10647_B6,6,488281.25,65,3534,388.6,10,27.3,12m,15,14,0.1071866777395287,557,1631.2788,14.019,557,1631.2788,15.211,True,True
A002_Xb39557_X3789_spw25,HD_10647_B6,6,488281.25,65,3534,388.6,10,27.3,12m,15,15,0.12454743622698697,752,-2138.1849,15.504,752,-2138.1849,15.504,True,True
A002_Xdcf222_X4da7_spw3,HN_Lib_B6_EB_X4da7,6,488281.25,258,3770,3424.7,79,27.3,12m,3,0,0.07590601134756765,3124,1945.1932,2.652,3124,1945.1932,12.877,True,False
A002_Xdcf222_X4da7_spw3,HN_Lib_B6_EB_X4da7,6,488281.25,258,3770,3424.7,79,27.3,12m,3,1,0.08076794370459198,3568,1873.9041,4.628,3569,-549.9251,12.877,False,False
A002_Xdcf222_X4da7_spw3,HN_Lib_B6_EB_X4da7,6,488281.25,258,3770,3424.7,79,27.3,12m,3,2,0.07127826693552046,3242,661.9895,5.454,3241,1945.1932,12.877,False,True
A002_Xdcf222_X4da7_spw3,HN_Lib_B6_EB_X4da7,6,488281.25,258,3770,3424.7,79,27.3,12m,3,3,0.07411568331393233,346,1660.0368,4.992,345,-692.5033,12.877,False,False
A002_Xdcf222_X4da7_spw3,HN_Lib_B6_EB_X4da7,6,488281.25,258,3770,3424.7,79,27.3,12m,3,4,0.07416470937883539,1916,2658.0841,3.524,1916,733.2786,12.877,False,False
A002_Xdcf222_X4da7_spw3,HN_Lib_B6_EB_X4da7,6,488281.25,258,3770,3424.7,79,27.3,12m,3,5,0.06979502326001666,725,-1120.2379,3.277,725,-1120.2379,12.877,True,False
A002_Xdcf222_X4da7_spw3,HN_Lib_B6_EB_X4da7,6,488281.25,258,3770,3424.7,79,27.3,12m,3,6,0.06147037945636279,393,-122.1905,5.309,393,1089.7241,12.877,False,True
A002_Xdcf222_X4da7_spw3,HN_Lib_B6_EB_X4da7,6,488281.25,258,3770,3424.7,79,27.3,12m,3,7,0.06007648266577773,2150,-2046.9961,2.842,2151,-2189.5743,12.877,False,False
A002_Xdcf222_X4da7_spw3,HN_Lib_B6_EB_X4da7,6,488281.25,258,3770,3424.7,79,27.3,12m,3,8,0.07195860364891656,2132,2159.0605,2.569,2132,2159.0605,12.877,True,False
A002_Xdcf222_X4da7_spw3,HN_Lib_B6_EB_X4da7,6,488281.25,258,3770,3424.7,79,27.3,12m,3,9,0.07459238408682728,1261,448.1222,3.262,1261,448.1222,12.877,True,False
A002_Xdcf222_X4da7_spw3,HN_Lib_B6_EB_X4da7,6,488281.25,258,3770,3424.7,79,27.3,12m,3,10,0.07868861438916944,976,91.6767,3.682,976,-763.7924,12.877,False,False
A002_Xdcf222_X4da7_spw3,HN_Lib_B6_EB_X4da7,6,488281.25,258,3770,3424.7,79,27.3,12m,3,11,0.08374783653486459,1873,2444.2169,3.578,1873,2444.2169,12.877,True,False
A002_Xdcf222_X4da7_spw3,HN_Lib_B6_EB_X4da7,6,488281.25,258,3770,3424.7,79,27.3,12m,3,12,0.07275264539068999,2989,2159.0605,4.755,2989,2372.9278,12.877,False,False
A002_Xdcf222_X4da7_spw3,HN_Lib_B6_EB_X4da7,6,488281.25,258,3770,3424.7,79,27.3,12m,3,13,0.06899288269674447,2636,-2118.2852,2.084,2635,-1975.707,12.877,False,False
A002_Xdcf222_X4da7_spw3,HN_Lib_B6_EB_X4da7,6,488281.25,258,3770,3424.7,79,27.3,12m,3,14,0.06622891054539308,780,-621.2142,3.447,779,2230.3496,12.877,False,False
A002_Xdcf222_X4da7_spw3,HN_Lib_B6_EB_X4da7,6,488281.25,258,3770,3424.7,79,27.3,12m,3,15,0.07358472785903247,2987,-1690.5506,4.052,2988,2658.0841,12.877,False,False
A002_Xdcf222_X4da7_spw3,HN_Lib_B6_EB_X4da7,6,488281.25,258,3770,3424.7,79,27.3,12m,4,0,0.09528649550588325,2780,20.3877,4.356,2780,-50.9014,12.877,True,False
A002_Xdcf222_X4da7_spw3,HN_Lib_B6_EB_X4da7,6,488281.25,258,3770,3424.7,79,27.3,12m,4,1,0.10028171478934458,3143,2444.2169,4.672,3143,2444.2169,12.877,True,False
A002_Xdcf222_X4da7_spw3,HN_Lib_B6_EB_X4da7,6,488281.25,258,3770,3424.7,79,27.3,12m,4,2,0.08787165611860444,3032,-763.7924,4.772,3032,-763.7924,12.877,True,False
A002_Xdcf222_X4da7_spw3,HN_Lib_B6_EB_X4da7,6,488281.25,258,3770,3424.7,79,27.3,12m,4,3,0.10218976426318417,2437,590.7004,4.259,2438,-1476.6833,12.877,False,False
A002_Xdcf222_X4da7_spw3,HN_Lib_B6_EB_X4da7,6,488281.25,258,3770,3424.7,79,27.3,12m,4,4,0.09920841245811464,1676,875.8568,4.927,1676,2800.6623,12.877,False,False
A002_Xdcf222_X4da7_spw3,HN_Lib_B6_EB_X4da7,6,488281.25,258,3770,3424.7,79,27.3,12m,4,5,0.07712974172176232,2474,1303.5914,3.383,2474,1303.5914,12.877,True,False
A002_Xdcf222_X4da7_spw3,HN_Lib_B6_EB_X4da7,6,488281.25,258,3770,3424.7,79,27.3,12m,4,6,0.09766769260719589,3118,1161.0132,3.491,3117,-2759.887,12.877,False,False
A002_Xdcf222_X4da7_spw3,HN_Lib_B6_EB_X4da7,6,488281.25,258,3770,3424.7,79,27.3,12m,4,7,0.10480042730105261,1570,2301.6387,4.51,1570,2301.6387,12.877,True,False
A002_Xdcf222_X4da7_spw3,HN_Lib_B6_EB_X4da7,6,488281.25,258,3770,3424.7,79,27.3,12m,4,8,0.0949018358559537,3392,-2688.5979,6.553,3392,-2617.3088,12.877,True,True
A002_Xdcf222_X4da7_spw3,HN_Lib_B6_EB_X4da7,6,488281.25,258,3770,3424.7,79,27.3,12m,4,9,0.0986670834665752,2631,733.2786,4.123,2631,733.2786,12.877,True,False
A002_Xdcf222_X4da7_spw3,HN_Lib_B6_EB_X4da7,6,488281.25,258,3770,3424.7,79,27.3,12m,4,10,0.08792126633441089,3647,-1619.2615,5.767,3648,-2332.1525,12.877,False,True
A002_Xdcf222_X4da7_spw3,HN_Lib_B6_EB_X4da7,6,488281.25,258,3770,3424.7,79,27.3,12m,4,11,0.09882547409971461,1165,-1690.5506,5.927,1165,-1690.5506,12.877,True,True
A002_Xdcf222_X4da7_spw3,HN_Lib_B6_EB_X4da7,6,488281.25,258,3770,3424.7,79,27.3,12m,4,12,0.09602047741107247,3212,162.9658,5.358,3212,162.9658,12.877,True,True
A002_Xdcf222_X4da7_spw3,HN_Lib_B6_EB_X4da7,6,488281.25,258,3770,3424.7,79,27.3,12m,4,13,0.10495355389347041,680,-122.1905,4.282,680,-122.1905,12.877,True,False
A002_Xdcf222_X4da7_spw3,HN_Lib_B6_EB_X4da7,6,488281.25,258,3770,3424.7,79,27.3,12m,4,14,0.09016983686940633,583,91.6767,3.598,583,-1476.6833,12.877,False,False
A002_Xdcf222_X4da7_spw3,HN_Lib_B6_EB_X4da7,6,488281.25,258,3770,3424.7,79,27.3,12m,4,15,0.10324117726505994,2297,-2260.8634,3.285,2297,-2260.8634,12.877,True,False
A002_Xdcf222_X4da7_spw3,HN_Lib_B6_EB_X4da7,6,488281.25,258,3770,3424.7,79,27.3,12m,5,0,0.12422029784672331,3006,-1975.707,6.275,3006,-1975.707,12.877,True,True
A002_Xdcf222_X4da7_spw3,HN_Lib_B6_EB_X4da7,6,488281.25,258,3770,3424.7,79,27.3,12m,5,1,0.1197005512467768,1570,-2332.1525,3.362,1570,-2332.1525,12.877,True,False
A002_Xdcf222_X4da7_spw3,HN_Lib_B6_EB_X4da7,6,488281.25,258,3770,3424.7,79,27.3,12m,5,2,0.10652695882292695,387,-2688.5979,3.826,387,-2688.5979,12.877,True,False
A002_Xdcf222_X4da7_spw3,HN_Lib_B6_EB_X4da7,6,488281.25,258,3770,3424.7,79,27.3,12m,5,3,0.11779253103626873,566,661.9895,5.07,566,661.9895,12.877,True,True
A002_Xdcf222_X4da7_spw3,HN_Lib_B6_EB_X4da7,6,488281.25,258,3770,3424.7,79,27.3,12m,5,4,0.11492292014410456,2100,1873.9041,4.515,2100,1873.9041,12.877,True,False
A002_Xdcf222_X4da7_spw3,HN_Lib_B6_EB_X4da7,6,488281.25,258,3770,3424.7,79,27.3,12m,5,5,0.12064522467645007,765,1232.3023,5.797,765,1232.3023,12.877,True,True
A002_Xdcf222_X4da7_spw3,HN_Lib_B6_EB_X4da7,6,488281.25,258,3770,3424.7,79,27.3,12m,5,6,0.1062730173141863,1583,-1334.1051,3.292,1582,1588.7477,12.877,False,False
A002_Xdcf222_X4da7_spw3,HN_Lib_B6_EB_X4da7,6,488281.25,258,3770,3424.7,79,27.3,12m,5,7,0.11694196520135539,3456,519.4113,6.108,3456,519.4113,12.877,True,True
A002_Xdcf222_X4da7_spw3,HN_Lib_B6_EB_X4da7,6,488281.25,258,3770,3424.7,79,27.3,12m,5,8,0.12350083260015149,969,2586.7951,4.46,969,2586.7951,12.877,True,False
A002_Xdcf222_X4da7_spw3,HN_Lib_B6_EB_X4da7,6,488281.25,258,3770,3424.7,79,27.3,12m,5,9,0.11655502799591982,428,2301.6387,5.153,428,2301.6387,12.877,True,True
A002_Xdcf222_X4da7_spw3,HN_Lib_B6_EB_X4da7,6,488281.25,258,3770,3424.7,79,27.3,12m,5,10,0.12087336420465085,2456,2016.4823,4.405,2456,2016.4823,12.877,True,False
A002_Xdcf222_X4da7_spw3,HN_Lib_B6_EB_X4da7,6,488281.25,258,3770,3424.7,79,27.3,12m,5,11,0.11877840864483576,554,448.1222,6.392,554,448.1222,12.877,True,True
A002_Xdcf222_X4da7_spw3,HN_Lib_B6_EB_X4da7,6,488281.25,258,3770,3424.7,79,27.3,12m,5,12,0.1118229874412138,1533,2087.7714,8.303,1533,2087.7714,12.877,True,True
A002_Xdcf222_X4da7_spw3,HN_Lib_B6_EB_X4da7,6,488281.25,258,3770,3424.7,79,27.3,12m,5,13,0.1119226972759928,3411,-1761.8397,4.906,3411,-1761.8397,12.877,True,False
A002_Xdcf222_X4da7_spw3,HN_Lib_B6_EB_X4da7,6,488281.25,258,3770,3424.7,79,27.3,12m,5,14,0.11320739277709824,374,-2403.4416,4.314,374,-2403.4416,12.877,True,False
A002_Xdcf222_X4da7_spw3,HN_Lib_B6_EB_X4da7,6,488281.25,258,3770,3424.7,79,27.3,12m,5,15,0.11436336431447347,2629,-977.6597,6.71,2629,-977.6597,12.877,True,True
A002_Xdcf222_X4da7_spw3,HN_Lib_B6_EB_X4da7,6,488281.25,258,3770,3424.7,79,27.3,12m,6,0,0.140342061515246,2841,-621.2142,5.84,2841,-621.2142,12.877,True,True
A002_Xdcf222_X4da7_spw3,HN_Lib_B6_EB_X4da7,6,488281.25,258,3770,3424.7,79,27.3,12m,6,1,0.1408967172634498,408,-906.3706,6.028,408,-906.3706,12.877,True,True
A002_Xdcf222_X4da7_spw3,HN_Lib_B6_EB_X4da7,6,488281.25,258,3770,3424.7,79,27.3,12m,6,2,0.1472996724989519,1871,-1262.816,5.819,1871,-1262.816,12.877,True,True
A002_Xdcf222_X4da7_spw3,HN_Lib_B6_EB_X4da7,6,488281.25,258,3770,3424.7,79,27.3,12m,6,3,0.14893727719729935,3463,733.2786,6.435,3463,733.2786,12.877,True,True
A002_Xdcf222_X4da7_spw3,HN_Lib_B6_EB_X4da7,6,488281.25,258,3770,3424.7,79,27.3,12m,6,4,0.1483967551405212,411,162.9658,4.528,411,162.9658,12.877,True,False
A002_Xdcf222_X4da7_spw3,HN_Lib_B6_EB_X4da7,6,488281.25,258,3770,3424.7,79,27.3,12m,6,5,0.15006642679446625,1166,1517.4586,4.014,1166,1517.4586,12.877,True,False
A002_Xdcf222_X4da7_spw3,HN_Lib_B6_EB_X4da7,6,488281.25,258,3770,3424.7,79,27.3,12m,6,6,0.15151227218155522,2688,-1904.4179,6.251,2688,-1904.4179,12.877,True,True
A002_Xdcf222_X4da7_spw3,HN_Lib_B6_EB_X4da7,6,488281.25,258,3770,3424.7,79,27.3,12m,6,7,0.144964097490609,392,-264.7687,6.418,392,-264.7687,12.877,True,True
A002_Xdcf222_X4da7_spw3,HN_Lib_B6_EB_X4da7,6,488281.25,258,3770,3424.7,79,27.3,12m,6,8,0.11865759411413511,2901,-1334.1051,6.264,2901,-1334.1051,12.877,True,True
A002_Xdcf222_X4da7_spw3,HN_Lib_B6_EB_X4da7,6,488281.25,258,3770,3424.7,79,27.3,12m,6,9,0.14636250914717963,3212,1303.5914,3.559,3212,1303.5914,12.877,True,False
A002_Xdcf222_X4da7_spw3,HN_Lib_B6_EB_X4da7,6,488281.25,258,3770,3424.7,79,27.3,12m,6,10,0.15843184917372893,1255,-835.0815,5.35,1255,-835.0815,12.877,True,True
A002_Xdcf222_X4da7_spw3,HN_Lib_B6_EB_X4da7,6,488281.25,258,3770,3424.7,79,27.3,12m,6,11,0.14408922578598324,3101,2515.506,6.224,3101,2515.506,12.877,True,True
A002_Xdcf222_X4da7_spw3,HN_Lib_B6_EB_X4da7,6,488281.25,258,3770,3424.7,79,27.3,12m,6,12,0.15033305684224318,3260,-1547.9724,6.251,3261,-835.0815,12.877,False,True
A002_Xdcf222_X4da7_spw3,HN_Lib_B6_EB_X4da7,6,488281.25,258,3770,3424.7,79,27.3,12m,6,13,0.13920999239987256,3302,1660.0368,6.113,3302,1660.0368,12.877,True,True
A002_Xdcf222_X4da7_spw3,HN_Lib_B6_EB_X4da7,6,488281.25,258,3770,3424.7,79,27.3,12m,6,14,0.1571382755283514,2400,-50.9014,6.462,2400,-50.9014,12.877,True,True
A002_Xdcf222_X4da7_spw3,HN_Lib_B6_EB_X4da7,6,488281.25,258,3770,3424.7,79,27.3,12m,6,15,0.14127599972687274,2147,733.2786,5.342,2148,519.4113,12.877,False,True
A002_Xdcf222_X4da7_spw3,HN_Lib_B6_EB_X4da7,6,488281.25,258,3770,3424.7,79,27.3,12m,7,0,0.1714575195002384,2859,804.5677,5.51,2859,804.5677,12.877,True,True
A002_Xdcf222_X4da7_spw3,HN_Lib_B6_EB_X4da7,6,488281.25,258,3770,3424.7,79,27.3,12m,7,1,0.14088301523706112,1915,1802.615,4.83,1914,1945.1932,12.877,False,False
A002_Xdcf222_X4da7_spw3,HN_Lib_B6_EB_X4da7,6,488281.25,258,3770,3424.7,79,27.3,12m,7,2,0.14981871821037548,1167,91.6767,7.337,1167,91.6767,12.877,True,True
A002_Xdcf222_X4da7_spw3,HN_Lib_B6_EB_X4da7,6,488281.25,258,3770,3424.7,79,27.3,12m,7,3,0.16342323667177888,1106,2515.506,6.544,1106,2515.506,12.877,True,True
A002_Xdcf222_X4da7_spw3,HN_Lib_B6_EB_X4da7,6,488281.25,258,3770,3424.7,79,27.3,12m,7,4,0.17552693761374907,849,-407.3469,7.604,849,-407.3469,12.877,True,True
A002_Xdcf222_X4da7_spw3,HN_Lib_B6_EB_X4da7,6,488281.25,258,3770,3424.7,79,27.3,12m,7,5,0.18565525369512387,1454,-2474.7307,7.759,1454,-2474.7307,12.877,True,True
A002_Xdcf222_X4da7_spw3,HN_Lib_B6_EB_X4da7,6,488281.25,258,3770,3424.7,79,27.3,12m,7,6,0.15346802388493927,275,-336.0578,6.372,275,-336.0578,12.877,True,True
A002_Xdcf222_X4da7_spw3,HN_Lib_B6_EB_X4da7,6,488281.25,258,3770,3424.7,79,27.3,12m,7,7,0.1757164016965827,1190,-1262.816,6.026,1190,-1262.816,12.877,True,True
A002_Xdcf222_X4da7_spw3,HN_Lib_B6_EB_X4da7,6,488281.25,258,3770,3424.7,79,27.3,12m,7,8,0.14717191196881643,2485,2800.6623,7.394,2485,2800.6623,12.877,True,True
A002_Xdcf222_X4da7_spw3,HN_Lib_B6_EB_X4da7,6,488281.25,258,3770,3424.7,79,27.3,12m,7,9,0.1660657981720214,120,-977.6597,6.901,120,-977.6597,12.877,True,True
A002_Xdcf222_X4da7_spw3,HN_Lib_B6_EB_X4da7,6,488281.25,258,3770,3424.7,79,27.3,12m,7,10,0.13639987836627768,295,-692.5033,10.536,295,-692.5033,12.877,True,True
A002_Xdcf222_X4da7_spw3,HN_Lib_B6_EB_X4da7,6,488281.25,258,3770,3424.7,79,27.3,12m,7,11,0.1561610707822512,1908,-1476.6833,8.493,1908,-1476.6833,12.877,True,True
A002_Xdcf222_X4da7_spw3,HN_Lib_B6_EB_X4da7,6,488281.25,258,3770,3424.7,79,27.3,12m,7,12,0.1768842004925653,1288,733.2786,7.31,1287,2444.2169,12.877,False,True
A002_Xdcf222_X4da7_spw3,HN_Lib_B6_EB_X4da7,6,488281.25,258,3770,3424.7,79,27.3,12m,7,13,0.17377136758861567,1631,-2332.1525,6.813,1631,-2332.1525,12.877,True,True
A002_Xdcf222_X4da7_spw3,HN_Lib_B6_EB_X4da7,6,488281.25,258,3770,3424.7,79,27.3,12m,7,14,0.18132940772799294,1658,-2546.0197,6.854,1658,-2546.0197,12.877,True,True
A002_Xdcf222_X4da7_spw3,HN_Lib_B6_EB_X4da7,6,488281.25,258,3770,3424.7,79,27.3,12m,7,15,0.15938957875822957,868,-2474.7307,7.237,868,-2474.7307,12.877,True,True
A002_Xdcf222_X4da7_spw3,HN_Lib_B6_EB_X4da7,6,488281.25,258,3770,3424.7,79,27.3,12m,8,0,0.21936085307100306,3422,2729.3732,6.462,3422,2729.3732,12.877,True,True
A002_Xdcf222_X4da7_spw3,HN_Lib_B6_EB_X4da7,6,488281.25,258,3770,3424.7,79,27.3,12m,8,1,0.18021238943703397,315,-2546.0197,8.27,314,305.544,12.877,False,True
A002_Xdcf222_X4da7_spw3,HN_Lib_B6_EB_X4da7,6,488281.25,258,3770,3424.7,79,27.3,12m,8,2,0.19415166517692747,1795,-1833.1288,6.461,1795,-1833.1288,12.877,True,True
A002_Xdcf222_X4da7_spw3,HN_Lib_B6_EB_X4da7,6,488281.25,258,3770,3424.7,79,27.3,12m,8,3,0.19903336684954048,857,-1120.2379,8.026,857,-1120.2379,12.877,True,True
A002_Xdcf222_X4da7_spw3,HN_Lib_B6_EB_X4da7,6,488281.25,258,3770,3424.7,79,27.3,12m,8,4,0.17732271124207766,2871,234.2549,6.795,2871,234.2549,12.877,True,True
A002_Xdcf222_X4da7_spw3,HN_Lib_B6_EB_X4da7,6,488281.25,258,3770,3424.7,79,27.3,12m,8,5,0.21428744818886125,2615,2159.0605,7.983,2615,2159.0605,12.877,True,True
A002_Xdcf222_X4da7_spw3,HN_Lib_B6_EB_X4da7,6,488281.25,258,3770,3424.7,79,27.3,12m,8,6,0.18209510387684585,1171,2586.7951,7.954,1171,2586.7951,12.877,True,True
A002_Xdcf222_X4da7_spw3,HN_Lib_B6_EB_X4da7,6,488281.25,258,3770,3424.7,79,27.3,12m,8,7,0.19636938761789313,3404,2658.0841,8.404,3404,2658.0841,12.877,True,True
A002_Xdcf222_X4da7_spw3,HN_Lib_B6_EB_X4da7,6,488281.25,258,3770,3424.7,79,27.3,12m,8,8,0.18047791682977346,101,-1833.1288,6.347,101,-1833.1288,12.877,True,True
A002_Xdcf222_X4da7_spw3,HN_Lib_B6_EB_X4da7,6,488281.25,258,3770,3424.7,79,27.3,12m,8,9,0.20261790563190515,1876,947.1459,6.583,1876,947.1459,12.877,True,True
A002_Xdcf222_X4da7_spw3,HN_Lib_B6_EB_X4da7,6,488281.25,258,3770,3424.7,79,27.3,12m,8,10,0.17912068883058935,546,2444.2169,9.172,546,2444.2169,12.877,True,True
A002_Xdcf222_X4da7_spw3,HN_Lib_B6_EB_X4da7,6,488281.25,258,3770,3424.7,79,27.3,12m,8,11,0.1898401965157959,1729,234.2549,10.123,1729,-835.0815,12.877,False,True
A002_Xdcf222_X4da7_spw3,HN_Lib_B6_EB_X4da7,6,488281.25,258,3770,3424.7,79,27.3,12m,8,12,0.17133261021256393,2527,-1690.5506,7.763,2527,-1690.5506,12.877,True,True
A002_Xdcf222_X4da7_spw3,HN_Lib_B6_EB_X4da7,6,488281.25,258,3770,3424.7,79,27.3,12m,8,13,0.1764064476703305,88,-692.5033,6.74,88,-692.5033,12.877,True,True
A002_Xdcf222_X4da7_spw3,HN_Lib_B6_EB_X4da7,6,488281.25,258,3770,3424.7,79,27.3,12m,8,14,0.20372277983608847,3529,-407.3469,8.059,3529,-407.3469,12.877,True,True
A002_Xdcf222_X4da7_spw3,HN_Lib_B6_EB_X4da7,6,488281.25,258,3770,3424.7,79,27.3,12m,8,15,0.21017849610943298,1981,-1904.4179,6.779,1981,-1904.4179,12.877,True,True
A002_Xdcf222_X4da7_spw3,HN_Lib_B6_EB_X4da7,6,488281.25,258,3770,3424.7,79,27.3,12m,10,0,0.24974889964157862,3157,91.6767,10.568,3157,91.6767,12.877,True,True
A002_Xdcf222_X4da7_spw3,HN_Lib_B6_EB_X4da7,6,488281.25,258,3770,3424.7,79,27.3,12m,10,1,0.22037548274539387,549,2729.3732,11.948,549,2729.3732,12.877,True,True
A002_Xdcf222_X4da7_spw3,HN_Lib_B6_EB_X4da7,6,488281.25,258,3770,3424.7,79,27.3,12m,10,2,0.244415591225908,2780,1303.5914,10.954,2780,1303.5914,12.877,True,True
A002_Xdcf222_X4da7_spw3,HN_Lib_B6_EB_X4da7,6,488281.25,258,3770,3424.7,79,27.3,12m,10,3,0.2428939815792476,491,1374.8804,9.962,491,1374.8804,12.877,True,True
A002_Xdcf222_X4da7_spw3,HN_Lib_B6_EB_X4da7,6,488281.25,258,3770,3424.7,79,27.3,12m,10,4,0.24246091822230065,1747,-2189.5743,11.312,1747,-2189.5743,12.877,True,True
A002_Xdcf222_X4da7_spw3,HN_Lib_B6_EB_X4da7,6,488281.25,258,3770,3424.7,79,27.3,12m,10,5,0.2373955036391063,3503,-2189.5743,11.961,3503,-2189.5743,12.877,True,True
A002_Xdcf222_X4da7_spw3,HN_Lib_B6_EB_X4da7,6,488281.25,258,3770,3424.7,79,27.3,12m,10,6,0.25779329027855186,1944,1660.0368,9.761,1944,1660.0368,12.877,True,True
A002_Xdcf222_X4da7_spw3,HN_Lib_B6_EB_X4da7,6,488281.25,258,3770,3424.7,79,27.3,12m,10,7,0.22934294770892225,3673,2515.506,10.004,3673,2515.506,12.877,True,True
A002_Xdcf222_X4da7_spw3,HN_Lib_B6_EB_X4da7,6,488281.25,258,3770,3424.7,79,27.3,12m,10,8,0.24702491561399567,304,-1334.1051,9.567,304,-1334.1051,12.877,True,True
A002_Xdcf222_X4da7_spw3,HN_Lib_B6_EB_X4da7,6,488281.25,258,3770,3424.7,79,27.3,12m,10,9,0.25816095382255966,979,-1904.4179,10.129,979,-1904.4179,12.877,True,True
A002_Xdcf222_X4da7_spw3,HN_Lib_B6_EB_X4da7,6,488281.25,258,3770,3424.7,79,27.3,12m,10,10,0.24034549140529235,348,875.8568,10.583,348,875.8568,12.877,True,True
A002_Xdcf222_X4da7_spw3,HN_Lib_B6_EB_X4da7,6,488281.25,258,3770,3424.7,79,27.3,12m,10,11,0.25047631025365596,521,-50.9014,9.554,521,-50.9014,12.877,True,True
A002_Xdcf222_X4da7_spw3,HN_Lib_B6_EB_X4da7,6,488281.25,258,3770,3424.7,79,27.3,12m,10,12,0.2107890466656618,1332,-336.0578,6.237,1332,-336.0578,12.877,True,True
A002_Xdcf222_X4da7_spw3,HN_Lib_B6_EB_X4da7,6,488281.25,258,3770,3424.7,79,27.3,12m,10,13,0.2478998992443595,2140,-2474.7307,10.235,2140,-2474.7307,12.877,True,True
A002_Xdcf222_X4da7_spw3,HN_Lib_B6_EB_X4da7,6,488281.25,258,3770,3424.7,79,27.3,12m,10,14,0.2263592197617921,1015,-763.7924,8.879,1015,-763.7924,12.877,True,True
A002_Xdcf222_X4da7_spw3,HN_Lib_B6_EB_X4da7,6,488281.25,258,3770,3424.7,79,27.3,12m,10,15,0.23545745106418145,626,804.5677,9.788,626,804.5677,12.877,True,True
A002_Xdcf222_X4da7_spw3,HN_Lib_B6_EB_X4da7,6,488281.25,258,3770,3424.7,79,27.3,12m,12,0,0.29323248173124306,1519,1374.8804,11.951,1519,1374.8804,12.877,True,True
A002_Xdcf222_X4da7_spw3,HN_Lib_B6_EB_X4da7,6,488281.25,258,3770,3424.7,79,27.3,12m,12,1,0.29857052103164067,1621,1303.5914,11.772,1621,1303.5914,12.877,True,True
A002_Xdcf222_X4da7_spw3,HN_Lib_B6_EB_X4da7,6,488281.25,258,3770,3424.7,79,27.3,12m,12,2,0.31186197621258144,1117,-2688.5979,12.34,1117,-2688.5979,12.877,True,True
A002_Xdcf222_X4da7_spw3,HN_Lib_B6_EB_X4da7,6,488281.25,258,3770,3424.7,79,27.3,12m,12,3,0.3111605245110978,2292,519.4113,12.454,2292,519.4113,12.877,True,True
A002_Xdcf222_X4da7_spw3,HN_Lib_B6_EB_X4da7,6,488281.25,258,3770,3424.7,79,27.3,12m,12,4,0.2739923451837276,2837,-50.9014,11.087,2837,-50.9014,12.877,True,True
A002_Xdcf222_X4da7_spw3,HN_Lib_B6_EB_X4da7,6,488281.25,258,3770,3424.7,79,27.3,12m,12,5,0.25429587852514446,664,-1547.9724,11.753,664,-1547.9724,12.877,True,True
A002_Xdcf222_X4da7_spw3,HN_Lib_B6_EB_X4da7,6,488281.25,258,3770,3424.7,79,27.3,12m,12,6,0.3145446030544571,2349,-1761.8397,12.986,2349,-1761.8397,12.986,True,True
A002_Xdcf222_X4da7_spw3,HN_Lib_B6_EB_X4da7,6,488281.25,258,3770,3424.7,79,27.3,12m,12,7,0.3243920438357738,3067,-2688.5979,12.411,3067,-2688.5979,12.877,True,True
A002_Xdcf222_X4da7_spw3,HN_Lib_B6_EB_X4da7,6,488281.25,258,3770,3424.7,79,27.3,12m,12,8,0.2885402700760737,201,1089.7241,12.0,201,1089.7241,13.625,True,True
A002_Xdcf222_X4da7_spw3,HN_Lib_B6_EB_X4da7,6,488281.25,258,3770,3424.7,79,27.3,12m,12,9,0.30234460465769203,634,1660.0368,11.567,634,1660.0368,12.877,True,True
A002_Xdcf222_X4da7_spw3,HN_Lib_B6_EB_X4da7,6,488281.25,258,3770,3424.7,79,27.3,12m,12,10,0.27530896153831874,2171,1660.0368,11.646,2171,1660.0368,12.877,True,True
A002_Xdcf222_X4da7_spw3,HN_Lib_B6_EB_X4da7,6,488281.25,258,3770,3424.7,79,27.3,12m,12,11,0.26395561863170747,345,-906.3706,12.306,345,-835.0815,12.877,True,True
A002_Xdcf222_X4da7_spw3,HN_Lib_B6_EB_X4da7,6,488281.25,258,3770,3424.7,79,27.3,12m,12,12,0.3225863837929441,1879,448.1222,11.699,1879,448.1222,12.877,True,True
A002_Xdcf222_X4da7_spw3,HN_Lib_B6_EB_X4da7,6,488281.25,258,3770,3424.7,79,27.3,12m,12,13,0.2811374302787506,2647,-1191.527,12.552,2647,-1191.527,12.877,True,True
A002_Xdcf222_X4da7_spw3,HN_Lib_B6_EB_X4da7,6,488281.25,258,3770,3424.7,79,27.3,12m,12,14,0.27156601409913117,1219,-1120.2379,11.71,1219,-1120.2379,12.877,True,True
A002_Xdcf222_X4da7_spw3,HN_Lib_B6_EB_X4da7,6,488281.25,258,3770,3424.7,79,27.3,12m,12,15,0.25136203138448227,753,-193.4796,9.229,753,-193.4796,12.877,True,True
A002_Xdcf222_X4da7_spw3,HN_Lib_B6_EB_X4da7,6,488281.25,258,3770,3424.7,79,27.3,12m,15,0,0.3377632267445404,1990,376.8331,14.656,1990,376.8331,14.656,True,True
A002_Xdcf222_X4da7_spw3,HN_Lib_B6_EB_X4da7,6,488281.25,258,3770,3424.7,79,27.3,12m,15,1,0.3585756017858268,1444,91.6767,16.001,1444,91.6767,16.001,True,True
A002_Xdcf222_X4da7_spw3,HN_Lib_B6_EB_X4da7,6,488281.25,258,3770,3424.7,79,27.3,12m,15,2,0.33813587289987435,121,2444.2169,14.499,121,2444.2169,14.499,True,True
A002_Xdcf222_X4da7_spw3,HN_Lib_B6_EB_X4da7,6,488281.25,258,3770,3424.7,79,27.3,12m,15,3,0.35422070754028695,1657,-50.9014,12.33,1657,-50.9014,12.877,True,True
A002_Xdcf222_X4da7_spw3,HN_Lib_B6_EB_X4da7,6,488281.25,258,3770,3424.7,79,27.3,12m,15,4,0.36370990778310064,2688,2230.3496,14.795,2688,2230.3496,14.795,True,True
A002_Xdcf222_X4da7_spw3,HN_Lib_B6_EB_X4da7,6,488281.25,258,3770,3424.7,79,27.3,12m,15,5,0.3935008388611893,2820,1660.0368,13.947,2820,1660.0368,13.947,True,True
A002_Xdcf222_X4da7_spw3,HN_Lib_B6_EB_X4da7,6,488281.25,258,3770,3424.7,79,27.3,12m,15,6,0.3647654009557744,1258,-264.7687,14.092,1258,-264.7687,14.092,True,True
A002_Xdcf222_X4da7_spw3,HN_Lib_B6_EB_X4da7,6,488281.25,258,3770,3424.7,79,27.3,12m,15,7,0.3545943988129375,1616,-407.3469,15.637,1616,-407.3469,15.637,True,True
A002_Xdcf222_X4da7_spw3,HN_Lib_B6_EB_X4da7,6,488281.25,258,3770,3424.7,79,27.3,12m,15,8,0.3206000295323823,714,1089.7241,14.61,714,1089.7241,14.61,True,True
A002_Xdcf222_X4da7_spw3,HN_Lib_B6_EB_X4da7,6,488281.25,258,3770,3424.7,79,27.3,12m,15,9,0.3373683473861887,1611,-1833.1288,14.955,1611,-1833.1288,14.955,True,True
A002_Xdcf222_X4da7_spw3,HN_Lib_B6_EB_X4da7,6,488281.25,258,3770,3424.7,79,27.3,12m,15,10,0.33367690150617996,3590,875.8568,12.919,3590,875.8568,12.919,True,True
A002_Xdcf222_X4da7_spw3,HN_Lib_B6_EB_X4da7,6,488281.25,258,3770,3424.7,79,27.3,12m,15,11,0.3476770543139686,843,2729.3732,13.863,843,2729.3732,13.863,True,True
A002_Xdcf222_X4da7_spw3,HN_Lib_B6_EB_X4da7,6,488281.25,258,3770,3424.7,79,27.3,12m,15,12,0.29251156020131447,2449,-122.1905,14.701,2448,376.8331,14.701,False,True
A002_Xdcf222_X4da7_spw3,HN_Lib_B6_EB_X4da7,6,488281.25,258,3770,3424.7,79,27.3,12m,15,13,0.3423329221375471,2025,-692.5033,13.964,2025,-692.5033,13.964,True,True
A002_Xdcf222_X4da7_spw3,HN_Lib_B6_EB_X4da7,6,488281.25,258,3770,3424.7,79,27.3,12m,15,14,0.35954270876877226,2927,1588.7477,15.454,2927,1588.7477,15.454,True,True
A002_Xdcf222_X4da7_spw3,HN_Lib_B6_EB_X4da7,6,488281.25,258,3770,3424.7,79,27.3,12m,15,15,0.3321964998706111,2705,875.8568,15.773,2705,875.8568,15.773,True,True
A002_Xd64dca_X410_spw3,HD202628_B6,6,488281.25,485,1768,3503.0,81,27.3,12m,3,0,0.008217501615244734,953,-2278.2883,3.594,953,-2766.1458,10.619,False,False
A002_Xd64dca_X410_spw3,HD202628_B6,6,488281.25,485,1768,3503.0,81,27.3,12m,3,1,0.007510412634074018,731,-535.9401,3.981,732,2669.9807,10.619,False,False
A002_Xd64dca_X410_spw3,HD202628_B6,6,488281.25,485,1768,3503.0,81,27.3,12m,3,2,0.0080762845235384,467,-2557.064,3.222,466,1206.4082,10.619,False,False
A002_Xd64dca_X410_spw3,HD202628_B6,6,488281.25,485,1768,3503.0,81,27.3,12m,3,3,0.007117401242950886,1601,2251.8172,3.269,1600,1694.2657,10.619,False,False
A002_Xd64dca_X410_spw3,HD202628_B6,6,488281.25,485,1768,3503.0,81,27.3,12m,3,4,0.0079199404106798,71,-2626.758,4.077,71,-2626.758,10.619,True,False
A002_Xd64dca_X410_spw3,HD202628_B6,6,488281.25,485,1768,3503.0,81,27.3,12m,3,5,0.007724492271731982,930,2321.5111,3.299,930,2321.5111,10.619,True,False
A002_Xd64dca_X410_spw3,HD202628_B6,6,488281.25,485,1768,3503.0,81,27.3,12m,3,6,0.007521804721984529,985,1415.49,3.157,985,2391.205,10.619,False,False
A002_Xd64dca_X410_spw3,HD202628_B6,6,488281.25,485,1768,3503.0,81,27.3,12m,3,7,0.007511965945570177,1192,-326.8583,3.073,1193,857.9385,10.619,False,False
A002_Xd64dca_X410_spw3,HD202628_B6,6,488281.25,485,1768,3503.0,81,27.3,12m,3,8,0.007299612494261392,228,2182.1232,4.149,228,2182.1232,10.619,True,False
A002_Xd64dca_X410_spw3,HD202628_B6,6,488281.25,485,1768,3503.0,81,27.3,12m,3,9,0.007029966347751911,220,-1511.6551,9.753,221,2809.3686,10.619,False,True
A002_Xd64dca_X410_spw3,HD202628_B6,6,488281.25,485,1768,3503.0,81,27.3,12m,3,10,0.0077710003072908014,189,2391.205,3.564,189,2391.205,10.619,True,False
A002_Xd64dca_X410_spw3,HD202628_B6,6,488281.25,485,1768,3503.0,81,27.3,12m,3,11,0.00707117287771637,146,2460.8989,3.187,146,2460.8989,10.619,True,False
A002_Xd64dca_X410_spw3,HD202628_B6,6,488281.25,485,1768,3503.0,81,27.3,12m,3,12,0.00793205623566695,1367,1345.7961,3.619,1367,1345.7961,10.619,True,False
A002_Xd64dca_X410_spw3,HD202628_B6,6,488281.25,485,1768,3503.0,81,27.3,12m,3,13,0.007226466173151476,1385,927.6325,5.221,1385,927.6325,10.619,True,True
A002_Xd64dca_X410_spw3,HD202628_B6,6,488281.25,485,1768,3503.0,81,27.3,12m,3,14,0.007489564033237811,358,-1999.5126,3.22,359,160.9992,10.619,False,False
A002_Xd64dca_X410_spw3,HD202628_B6,6,488281.25,485,1768,3503.0,81,27.3,12m,3,15,0.007762467547863158,294,579.1628,6.196,294,2182.1232,10.619,False,True
A002_Xd64dca_X410_spw3,HD202628_B6,6,488281.25,485,1768,3503.0,81,27.3,12m,4,0,0.009061175758921187,623,1763.9596,3.289,623,1763.9596,10.619,True,False
A002_Xd64dca_X410_spw3,HD202628_B6,6,488281.25,485,1768,3503.0,81,27.3,12m,4,1,0.01019443766254938,91,2600.2868,4.017,91,2600.2868,10.619,True,False
A002_Xd64dca_X410_spw3,HD202628_B6,6,488281.25,485,1768,3503.0,81,27.3,12m,4,2,0.010003681294326149,1303,2042.7354,5.512,1303,1973.0414,10.619,True,True
A002_Xd64dca_X410_spw3,HD202628_B6,6,488281.25,485,1768,3503.0,81,27.3,12m,4,3,0.00986789304293742,194,-1581.349,4.232,194,-1581.349,10.619,True,False
A002_Xd64dca_X410_spw3,HD202628_B6,6,488281.25,485,1768,3503.0,81,27.3,12m,4,4,0.010823667130839905,1270,2460.8989,3.405,1270,2460.8989,10.619,True,False
A002_Xd64dca_X410_spw3,HD202628_B6,6,488281.25,485,1768,3503.0,81,27.3,12m,4,5,0.008307583757479092,1237,-1511.6551,9.161,1237,-1511.6551,10.619,True,True
A002_Xd64dca_X410_spw3,HD202628_B6,6,488281.25,485,1768,3503.0,81,27.3,12m,4,6,0.010455068617451702,1198,509.4689,3.975,1197,1554.8779,10.619,False,False
A002_Xd64dca_X410_spw3,HD202628_B6,6,488281.25,485,1768,3503.0,81,27.3,12m,4,7,0.009936946994234946,169,-1302.5733,3.691,169,-1302.5733,10.619,True,False
A002_Xd64dca_X410_spw3,HD202628_B6,6,488281.25,485,1768,3503.0,81,27.3,12m,4,8,0.00942421661311055,1604,2182.1232,3.959,1604,2112.4293,10.619,True,False
A002_Xd64dca_X410_spw3,HD202628_B6,6,488281.25,485,1768,3503.0,81,27.3,12m,4,9,0.01071779003840833,314,-745.0218,3.479,314,-745.0218,10.619,True,False
A002_Xd64dca_X410_spw3,HD202628_B6,6,488281.25,485,1768,3503.0,81,27.3,12m,4,10,0.010392679426319272,418,-2278.2883,5.263,418,-2278.2883,10.619,True,True
A002_Xd64dca_X410_spw3,HD202628_B6,6,488281.25,485,1768,3503.0,81,27.3,12m,4,11,0.01051394590046149,580,-2766.1458,3.98,580,-2766.1458,10.619,True,False
A002_Xd64dca_X410_spw3,HD202628_B6,6,488281.25,485,1768,3503.0,81,27.3,12m,4,12,0.00983961294414361,1691,-535.9401,5.184,1691,-535.9401,10.581,True,True
A002_Xd64dca_X410_spw3,HD202628_B6,6,488281.25,485,1768,3503.0,81,27.3,12m,4,13,0.009591844434560336,1069,-745.0218,3.665,1069,-745.0218,10.619,True,False
A002_Xd64dca_X410_spw3,HD202628_B6,6,488281.25,485,1768,3503.0,81,27.3,12m,4,14,0.010079063886273408,583,-1232.8794,5.052,583,1485.1839,10.619,False,True
A002_Xd64dca_X410_spw3,HD202628_B6,6,488281.25,485,1768,3503.0,81,27.3,12m,4,15,0.00994542763941678,412,579.1628,4.435,413,-2626.758,10.619,False,False
A002_Xd64dca_X410_spw3,HD202628_B6,6,488281.25,485,1768,3503.0,81,27.3,12m,5,0,0.012101676286433775,908,-257.1643,5.271,907,-466.2461,10.619,False,True
A002_Xd64dca_X410_spw3,HD202628_B6,6,488281.25,485,1768,3503.0,81,27.3,12m,5,1,0.012657834331322395,723,-1163.1854,5.246,724,-1999.5126,10.619,False,True
A002_Xd64dca_X410_spw3,HD202628_B6,6,488281.25,485,1768,3503.0,81,27.3,12m,5,2,0.012181042417848537,1174,-257.1643,4.715,1174,-257.1643,10.619,True,False
A002_Xd64dca_X410_spw3,HD202628_B6,6,488281.25,485,1768,3503.0,81,27.3,12m,5,3,0.012672544839766074,1690,-1302.5733,4.113,1690,-1302.5733,10.569,True,False
A002_Xd64dca_X410_spw3,HD202628_B6,6,488281.25,485,1768,3503.0,81,27.3,12m,5,4,0.01174239705788515,1655,997.3264,5.873,1655,997.3264,10.577,True,True
A002_Xd64dca_X410_spw3,HD202628_B6,6,488281.25,485,1768,3503.0,81,27.3,12m,5,5,0.01220722760943183,488,2809.3686,5.024,488,2809.3686,10.619,True,True
A002_Xd64dca_X410_spw3,HD202628_B6,6,488281.25,485,1768,3503.0,81,27.3,12m,5,6,0.012157176164409023,1123,230.6932,5.636,1123,230.6932,10.619,True,True
A002_Xd64dca_X410_spw3,HD202628_B6,6,488281.25,485,1768,3503.0,81,27.3,12m,5,7,0.012410186085381383,1569,1973.0414,5.893,1569,1973.0414,10.619,True,True
A002_Xd64dca_X410_spw3,HD202628_B6,6,488281.25,485,1768,3503.0,81,27.3,12m,5,8,0.012231006706687577,1050,-117.7765,4.829,1050,-117.7765,10.619,True,False
A002_Xd64dca_X410_spw3,HD202628_B6,6,488281.25,485,1768,3503.0,81,27.3,12m,5,9,0.01305508316880165,951,-745.0218,5.997,951,-745.0218,10.619,True,True
A002_Xd64dca_X410_spw3,HD202628_B6,6,488281.25,485,1768,3503.0,81,27.3,12m,5,10,0.012100471657193959,767,-2138.9004,3.995,767,-2138.9004,10.619,True,False
A002_Xd64dca_X410_spw3,HD202628_B6,6,488281.25,485,1768,3503.0,81,27.3,12m,5,11,0.01246983344640074,806,-1302.5733,6.995,806,-1302.5733,10.619,True,True
A002_Xd64dca_X410_spw3,HD202628_B6,6,488281.25,485,1768,3503.0,81,27.3,12m,5,12,0.011180951845491595,827,648.8568,3.718,827,579.1628,10.619,True,False
A002_Xd64dca_X410_spw3,HD202628_B6,6,488281.25,485,1768,3503.0,81,27.3,12m,5,13,0.013247384894545683,1043,579.1628,5.339,1043,579.1628,10.619,True,True
A002_Xd64dca_X410_spw3,HD202628_B6,6,488281.25,485,1768,3503.0,81,27.3,12m,5,14,0.012747083768351328,635,-1999.5126,3.736,635,-1999.5126,10.619,True,False
A002_Xd64dca_X410_spw3,HD202628_B6,6,488281.25,485,1768,3503.0,81,27.3,12m,5,15,0.012004404216209689,1271,-2696.4519,3.113,1271,-2696.4519,10.619,True,False
A002_Xd64dca_X410_spw3,HD202628_B6,6,488281.25,485,1768,3503.0,81,27.3,12m,6,0,0.014200505966597705,1047,-605.634,6.192,1047,-605.634,10.619,True,True
A002_Xd64dca_X410_spw3,HD202628_B6,6,488281.25,485,1768,3503.0,81,27.3,12m,6,1,0.014989321840652884,852,-1093.4915,6.237,852,-1093.4915,10.619,True,True
A002_Xd64dca_X410_spw3,HD202628_B6,6,488281.25,485,1768,3503.0,81,27.3,12m,6,2,0.01510600046347389,1507,-257.1643,5.397,1507,-257.1643,10.619,True,True
A002_Xd64dca_X410_spw3,HD202628_B6,6,488281.25,485,1768,3503.0,81,27.3,12m,6,3,0.014510128900385789,699,-1441.9611,5.618,699,-1441.9611,10.619,True,True
A002_Xd64dca_X410_spw3,HD202628_B6,6,488281.25,485,1768,3503.0,81,27.3,12m,6,4,0.015582378742080337,1265,2600.2868,5.988,1265,2600.2868,10.619,True,True
A002_Xd64dca_X410_spw3,HD202628_B6,6,488281.25,485,1768,3503.0,81,27.3,12m,6,5,0.014504603260693048,577,-1302.5733,7.795,577,-1302.5733,10.619,True,True
A002_Xd64dca_X410_spw3,HD202628_B6,6,488281.25,485,1768,3503.0,81,27.3,12m,6,6,0.014989476101841577,92,-396.5522,6.628,92,-396.5522,10.619,True,True
A002_Xd64dca_X410_spw3,HD202628_B6,6,488281.25,485,1768,3503.0,81,27.3,12m,6,7,0.016358904543858778,215,2112.4293,5.826,215,2112.4293,10.619,True,True
A002_Xd64dca_X410_spw3,HD202628_B6,6,488281.25,485,1768,3503.0,81,27.3,12m,6,8,0.01501523155376564,880,1345.7961,6.071,880,1345.7961,10.619,True,True
A002_Xd64dca_X410_spw3,HD202628_B6,6,488281.25,485,1768,3503.0,81,27.3,12m,6,9,0.014237894062214287,87,1554.8779,4.973,87,1554.8779,10.619,True,False
A002_Xd64dca_X410_spw3,HD202628_B6,6,488281.25,485,1768,3503.0,81,27.3,12m,6,10,0.014836516211585596,1524,788.2446,7.136,1524,788.2446,10.619,True,True
A002_Xd64dca_X410_spw3,HD202628_B6,6,488281.25,485,1768,3503.0,81,27.3,12m,6,11,0.0146640171996188,1685,-745.0218,11.657,1686,-535.9401,11.657,False,True
A002_Xd64dca_X410_spw3,HD202628_B6,6,488281.25,485,1768,3503.0,81,27.3,12m,6,12,0.01434509508790652,173,-1860.1247,6.043,173,-1860.1247,10.619,True,True
A002_Xd64dca_X410_spw3,HD202628_B6,6,488281.25,485,1768,3503.0,81,27.3,12m,6,13,0.015682146051333883,875,648.8568,6.402,875,648.8568,10.619,True,True
A002_Xd64dca_X410_spw3,HD202628_B6,6,488281.25,485,1768,3503.0,81,27.3,12m,6,14,0.015140783071269636,1215,-675.3279,5.995,1215,-675.3279,10.619,True,True
A002_Xd64dca_X410_spw3,HD202628_B6,6,488281.25,485,1768,3503.0,81,27.3,12m,6,15,0.014897577619801821,1308,-2487.3701,5.913,1308,-2487.3701,10.619,True,True
A002_Xd64dca_X410_spw3,HD202628_B6,6,488281.25,485,1768,3503.0,81,27.3,12m,7,0,0.017454682273044232,1037,2600.2868,5.745,1037,2600.2868,10.619,True,True
A002_Xd64dca_X410_spw3,HD202628_B6,6,488281.25,485,1768,3503.0,81,27.3,12m,7,1,0.017436626235534672,1361,-1999.5126,6.701,1361,-1999.5126,10.619,True,True
A002_Xd64dca_X410_spw3,HD202628_B6,6,488281.25,485,1768,3503.0,81,27.3,12m,7,2,0.0178502312021934,320,230.6932,6.47,320,230.6932,10.619,True,True
A002_Xd64dca_X410_spw3,HD202628_B6,6,488281.25,485,1768,3503.0,81,27.3,12m,7,3,0.017095276390931058,1530,-2626.758,8.993,1530,-2626.758,10.619,True,True
A002_Xd64dca_X410_spw3,HD202628_B6,6,488281.25,485,1768,3503.0,81,27.3,12m,7,4,0.017914125239076515,721,-1232.8794,6.204,721,-1232.8794,10.619,True,True
A002_Xd64dca_X410_spw3,HD202628_B6,6,488281.25,485,1768,3503.0,81,27.3,12m,7,5,0.017384942790613367,1342,-535.9401,7.335,1342,-535.9401,10.619,True,True
A002_Xd64dca_X410_spw3,HD202628_B6,6,488281.25,485,1768,3503.0,81,27.3,12m,7,6,0.017420879573895622,1624,2321.5111,8.08,1624,2321.5111,10.619,True,True
A002_Xd64dca_X410_spw3,HD202628_B6,6,488281.25,485,1768,3503.0,81,27.3,12m,7,7,0.017456457684014236,294,2391.205,7.528,294,2182.1232,10.619,False,True
A002_Xd64dca_X410_spw3,HD202628_B6,6,488281.25,485,1768,3503.0,81,27.3,12m,7,8,0.016332034697115406,1230,-1372.2672,7.181,1230,-1372.2672,10.619,True,True
A002_Xd64dca_X410_spw3,HD202628_B6,6,488281.25,485,1768,3503.0,81,27.3,12m,7,9,0.017481493132405074,844,857.9385,7.964,844,857.9385,10.619,True,True
A002_Xd64dca_X410_spw3,HD202628_B6,6,488281.25,485,1768,3503.0,81,27.3,12m,7,10,0.017659825907952214,96,2391.205,7.929,96,2391.205,10.619,True,True
A002_Xd64dca_X410_spw3,HD202628_B6,6,488281.25,485,1768,3503.0,81,27.3,12m,7,11,0.019038025061828983,840,2182.1232,7.507,840,2182.1232,10.619,True,True
A002_Xd64dca_X410_spw3,HD202628_B6,6,488281.25,485,1768,3503.0,81,27.3,12m,7,12,0.01758207612136639,287,-326.8583,6.403,287,718.5507,10.619,False,True
A002_Xd64dca_X410_spw3,HD202628_B6,6,488281.25,485,1768,3503.0,81,27.3,12m,7,13,0.018314740361915934,288,1485.1839,6.749,287,718.5507,10.619,False,True
A002_Xd64dca_X410_spw3,HD202628_B6,6,488281.25,485,1768,3503.0,81,27.3,12m,7,14,0.019529822481944036,1002,857.9385,6.754,1002,857.9385,10.619,True,True
A002_Xd64dca_X410_spw3,HD202628_B6,6,488281.25,485,1768,3503.0,81,27.3,12m,7,15,0.018974616764352678,646,-1651.0429,7.5,646,-1651.0429,10.619,True,True
A002_Xd64dca_X410_spw3,HD202628_B6,6,488281.25,485,1768,3503.0,81,27.3,12m,8,0,0.02097116428504912,874,-466.2461,6.658,874,-466.2461,10.619,True,True
A002_Xd64dca_X410_spw3,HD202628_B6,6,488281.25,485,1768,3503.0,81,27.3,12m,8,1,0.02096160662253768,1120,1067.0203,5.63,1120,1067.0203,10.619,True,True
A002_Xd64dca_X410_spw3,HD202628_B6,6,488281.25,485,1768,3503.0,81,27.3,12m,8,2,0.01930754059075005,922,579.1628,7.857,922,579.1628,10.619,True,True
A002_Xd64dca_X410_spw3,HD202628_B6,6,488281.25,485,1768,3503.0,81,27.3,12m,8,3,0.01997826881406676,944,1276.1021,8.891,944,1276.1021,10.619,True,True
A002_Xd64dca_X410_spw3,HD202628_B6,6,488281.25,485,1768,3503.0,81,27.3,12m,8,4,0.020035875692815137,823,-535.9401,8.705,823,-535.9401,10.619,True,True
A002_Xd64dca_X410_spw3,HD202628_B6,6,488281.25,485,1768,3503.0,81,27.3,12m,8,5,0.020216218262197678,905,1903.3475,7.709,905,1903.3475,10.619,True,True
A002_Xd64dca_X410_spw3,HD202628_B6,6,488281.25,485,1768,3503.0,81,27.3,12m,8,6,0.020091371416363978,996,-1929.8187,6.287,996,-1929.8187,10.619,True,True
A002_Xd64dca_X410_spw3,HD202628_B6,6,488281.25,485,1768,3503.0,81,27.3,12m,8,7,0.019610003152795593,763,2669.9807,7.896,763,2669.9807,10.619,True,True
A002_Xd64dca_X410_spw3,HD202628_B6,6,488281.25,485,1768,3503.0,81,27.3,12m,8,8,0.019982531860925176,290,91.3053,7.259,290,91.3053,10.619,True,True
A002_Xd64dca_X410_spw3,HD202628_B6,6,488281.25,485,1768,3503.0,81,27.3,12m,8,9,0.0202832344395936,338,-605.634,7.185,338,-605.634,10.619,True,True
A002_Xd64dca_X410_spw3,HD202628_B6,6,488281.25,485,1768,3503.0,81,27.3,12m,8,10,0.018771198584286056,550,-2417.6762,7.157,550,-2417.6762,10.619,True,True
A002_Xd64dca_X410_spw3,HD202628_B6,6,488281.25,485,1768,3503.0,81,27.3,12m,8,11,0.01966644515766552,1390,-2766.1458,7.745,1390,-2766.1458,10.619,True,True
A002_Xd64dca_X410_spw3,HD202628_B6,6,488281.25,485,1768,3503.0,81,27.3,12m,8,12,0.018863817650640782,1243,1833.6536,7.265,1242,-675.3279,10.619,False,True
A002_Xd64dca_X410_spw3,HD202628_B6,6,488281.25,485,1768,3503.0,81,27.3,12m,8,13,0.01970474848421887,142,1624.5718,7.499,142,1624.5718,10.619,True,True
A002_Xd64dca_X410_spw3,HD202628_B6,6,488281.25,485,1768,3503.0,81,27.3,12m,8,14,0.020541874167032983,114,1554.8779,6.91,114,1554.8779,10.619,True,True
A002_Xd64dca_X410_spw3,HD202628_B6,6,488281.25,485,1768,3503.0,81,27.3,12m,8,15,0.017960188544403774,254,1624.5718,9.23,254,1624.5718,10.619,True,True
A002_Xd64dca_X410_spw3,HD202628_B6,6,488281.25,485,1768,3503.0,81,27.3,12m,10,0,0.025466626274006695,98,-1232.8794,10.254,98,-1232.8794,10.619,True,True
A002_Xd64dca_X410_spw3,HD202628_B6,6,488281.25,485,1768,3503.0,81,27.3,12m,10,1,0.02514259641576004,969,-1790.4308,9.537,969,-1790.4308,10.619,True,True
A002_Xd64dca_X410_spw3,HD202628_B6,6,488281.25,485,1768,3503.0,81,27.3,12m,10,2,0.02201633908431566,1524,-1093.4915,9.41,1524,-1093.4915,10.619,True,True
A002_Xd64dca_X410_spw3,HD202628_B6,6,488281.25,485,1768,3503.0,81,27.3,12m,10,3,0.025646774329300105,535,-1441.9611,10.896,535,-1441.9611,10.896,True,True
A002_Xd64dca_X410_spw3,HD202628_B6,6,488281.25,485,1768,3503.0,81,27.3,12m,10,4,0.02322029700396177,346,-954.1036,11.021,346,-954.1036,11.021,True,True
A002_Xd64dca_X410_spw3,HD202628_B6,6,488281.25,485,1768,3503.0,81,27.3,12m,10,5,0.02697654848725719,1110,2600.2868,9.369,1110,2600.2868,10.619,True,True
A002_Xd64dca_X410_spw3,HD202628_B6,6,488281.25,485,1768,3503.0,81,27.3,12m,10,6,0.024186441428791877,959,-1372.2672,9.011,959,-1372.2672,10.619,True,True
A002_Xd64dca_X410_spw3,HD202628_B6,6,488281.25,485,1768,3503.0,81,27.3,12m,10,7,0.024630055912397735,1273,2112.4293,9.959,1273,2112.4293,10.619,True,True
A002_Xd64dca_X410_spw3,HD202628_B6,6,488281.25,485,1768,3503.0,81,27.3,12m,10,8,0.02624666861716772,1271,1276.1021,10.258,1271,1276.1021,10.619,True,True
A002_Xd64dca_X410_spw3,HD202628_B6,6,488281.25,485,1768,3503.0,81,27.3,12m,10,9,0.025503074142264083,1263,2391.205,10.893,1263,2391.205,10.893,True,True
A002_Xd64dca_X410_spw3,HD202628_B6,6,488281.25,485,1768,3503.0,81,27.3,12m,10,10,0.026111779528114054,1099,-257.1643,9.351,1099,-257.1643,10.619,True,True
A002_Xd64dca_X410_spw3,HD202628_B6,6,488281.25,485,1768,3503.0,81,27.3,12m,10,11,0.024926886977279284,140,-2417.6762,10.532,140,-2417.6762,10.619,True,True
A002_Xd64dca_X410_spw3,HD202628_B6,6,488281.25,485,1768,3503.0,81,27.3,12m,10,12,0.02508237391965058,173,-2347.9822,10.188,173,-2347.9822,10.619,True,True
A002_Xd64dca_X410_spw3,HD202628_B6,6,488281.25,485,1768,3503.0,81,27.3,12m,10,13,0.025395683721934483,716,-1860.1247,9.85,716,-1860.1247,10.619,True,True
A002_Xd64dca_X410_spw3,HD202628_B6,6,488281.25,485,1768,3503.0,81,27.3,12m,10,14,0.025587690774340144,1568,-1790.4308,10.79,1568,-1790.4308,10.79,True,True
A002_Xd64dca_X410_spw3,HD202628_B6,6,488281.25,485,1768,3503.0,81,27.3,12m,10,15,0.027128221913688966,957,857.9385,9.1,957,857.9385,10.619,True,True
A002_Xd64dca_X410_spw3,HD202628_B6,6,488281.25,485,1768,3503.0,81,27.3,12m,12,0,0.03170130437863024,607,-1720.7369,12.447,607,-1720.7369,12.447,True,True
A002_Xd64dca_X410_spw3,HD202628_B6,6,488281.25,485,1768,3503.0,81,27.3,12m,12,1,0.032478950155810905,1445,2321.5111,11.936,1445,2321.5111,11.936,True,True
A002_Xd64dca_X410_spw3,HD202628_B6,6,488281.25,485,1768,3503.0,81,27.3,12m,12,2,0.03159741404691145,634,1973.0414,12.159,634,1973.0414,12.159,True,True
A002_Xd64dca_X410_spw3,HD202628_B6,6,488281.25,485,1768,3503.0,81,27.3,12m,12,3,0.028196912456727605,92,2391.205,12.692,92,2391.205,12.692,True,True
A002_Xd64dca_X410_spw3,HD202628_B6,6,488281.25,485,1768,3503.0,81,27.3,12m,12,4,0.03197393993592782,1115,230.6932,12.361,1115,230.6932,12.361,True,True
A002_Xd64dca_X410_spw3,HD202628_B6,6,488281.25,485,1768,3503.0,81,27.3,12m,12,5,0.02822154365928823,1172,-1093.4915,12.108,1172,-1093.4915,12.108,True,True
A002_Xd64dca_X410_spw3,HD202628_B6,6,488281.25,485,1768,3503.0,81,27.3,12m,12,6,0.028138203237756176,1156,-396.5522,10.665,1156,-396.5522,10.665,True,True
A002_Xd64dca_X410_spw3,HD202628_B6,6,488281.25,485,1768,3503.0,81,27.3,12m,12,7,0.03062151925835971,559,-1720.7369,12.782,559,-1720.7369,12.782,True,True
A002_Xd64dca_X410_spw3,HD202628_B6,6,488281.25,485,1768,3503.0,81,27.3,12m,12,8,0.030838745862355577,1248,2112.4293,13.106,1248,2112.4293,13.106,True,True
A002_Xd64dca_X410_spw3,HD202628_B6,6,488281.25,485,1768,3503.0,81,27.3,12m,12,9,0.030820382041279487,421,1973.0414,11.209,421,1973.0414,11.209,True,True
A002_Xd64dca_X410_spw3,HD202628_B6,6,488281.25,485,1768,3503.0,81,27.3,12m,12,10,0.03040426510299528,1298,648.8568,12.202,1298,648.8568,12.202,True,True
A002_Xd64dca_X410_spw3,HD202628_B6,6,488281.25,485,1768,3503.0,81,27.3,12m,12,11,0.03368865327306991,1020,-1860.1247,11.432,1020,-1860.1247,11.432,True,True
A002_Xd64dca_X410_spw3,HD202628_B6,6,488281.25,485,1768,3503.0,81,27.3,12m,12,12,0.030233217789775634,1400,-1163.1854,11.816,1400,-1163.1854,11.816,True,True
A002_Xd64dca_X410_spw3,HD202628_B6,6,488281.25,485,1768,3503.0,81,27.3,12m,12,13,0.0295878912711415,1436,579.1628,11.671,1436,579.1628,11.671,True,True
A002_Xd64dca_X410_spw3,HD202628_B6,6,488281.25,485,1768,3503.0,81,27.3,12m,12,14,0.02884300866251944,224,1345.7961,14.039,224,1345.7961,14.039,True,True
A002_Xd64dca_X410_spw3,HD202628_B6,6,488281.25,485,1768,3503.0,81,27.3,12m,12,15,0.02640917899928312,299,-1511.6551,14.802,299,-1511.6551,14.802,True,True
A002_Xd64dca_X410_spw3,HD202628_B6,6,488281.25,485,1768,3503.0,81,27.3,12m,15,0,0.03460200991573087,992,-1372.2672,14.042,992,-1372.2672,14.042,True,True
A002_Xd64dca_X410_spw3,HD202628_B6,6,488281.25,485,1768,3503.0,81,27.3,12m,15,1,0.03939636161536968,527,1206.4082,15.771,527,1206.4082,15.771,True,True
A002_Xd64dca_X410_spw3,HD202628_B6,6,488281.25,485,1768,3503.0,81,27.3,12m,15,2,0.037193984623043054,797,300.3871,14.973,797,300.3871,14.973,True,True
A002_Xd64dca_X410_spw3,HD202628_B6,6,488281.25,485,1768,3503.0,81,27.3,12m,15,3,0.03943177911918918,566,-1720.7369,14.595,566,-1720.7369,14.595,True,True
A002_Xd64dca_X410_spw3,HD202628_B6,6,488281.25,485,1768,3503.0,81,27.3,12m,15,4,0.0364672216944138,446,-1441.9611,14.136,446,-1441.9611,14.136,True,True
A002_Xd64dca_X410_spw3,HD202628_B6,6,488281.25,485,1768,3503.0,81,27.3,12m,15,5,0.03881429765398541,995,-2417.6762,15.219,995,-2417.6762,15.219,True,True
A002_Xd64dca_X410_spw3,HD202628_B6,6,488281.25,485,1768,3503.0,81,27.3,12m,15,6,0.02675322014875388,1095,-745.0218,20.186,1095,-745.0218,20.186,True,True
A002_Xd64dca_X410_spw3,HD202628_B6,6,488281.25,485,1768,3503.0,81,27.3,12m,15,7,0.03802438022646737,566,-1581.349,14.179,566,-1581.349,14.179,True,True
A002_Xd64dca_X410_spw3,HD202628_B6,6,488281.25,485,1768,3503.0,81,27.3,12m,15,8,0.03839427314997064,328,-954.1036,15.419,328,-954.1036,15.419,True,True
A002_Xd64dca_X410_spw3,HD202628_B6,6,488281.25,485,1768,3503.0,81,27.3,12m,15,9,0.03611533191611427,1442,1624.5718,15.698,1442,1624.5718,15.698,True,True
A002_Xd64dca_X410_spw3,HD202628_B6,6,488281.25,485,1768,3503.0,81,27.3,12m,15,10,0.03583954591953316,1416,1694.2657,14.394,1416,1694.2657,14.394,True,True
A002_Xd64dca_X410_spw3,HD202628_B6,6,488281.25,485,1768,3503.0,81,27.3,12m,15,11,0.039408585982974746,1695,-1441.9611,15.668,1695,-1441.9611,15.668,True,True
A002_Xd64dca_X410_spw3,HD202628_B6,6,488281.25,485,1768,3503.0,81,27.3,12m,15,12,0.036839650042894724,548,-257.1643,15.583,548,-257.1643,15.583,True,True
A002_Xd64dca_X410_spw3,HD202628_B6,6,488281.25,485,1768,3503.0,81,27.3,12m,15,13,0.037176693692419986,1697,-396.5522,15.414,1697,-396.5522,15.414,True,True
A002_Xd64dca_X410_spw3,HD202628_B6,6,488281.25,485,1768,3503.0,81,27.3,12m,15,14,0.03556211308903752,1209,-745.0218,16.422,1209,-745.0218,16.422,True,True
A002_Xd64dca_X410_spw3,HD202628_B6,6,488281.25,485,1768,3503.0,81,27.3,12m,15,15,0.036691854040800366,1393,1206.4082,14.371,1393,1206.4082,14.371,True,True
A002_X10a341d_Xdc45_spw2,HD53143__Gaia_DR3_5479222240596469632__B6_EB_Xdc45,6,976562.5,45,1886,444.0,7,27.3,12m,3,0,0.13296819738215154,418,532.9375,1.881,418,3832.1351,18.652,False,False
A002_X10a341d_Xdc45_spw2,HD53143__Gaia_DR3_5479222240596469632__B6_EB_Xdc45,6,976562.5,45,1886,444.0,7,27.3,12m,3,1,0.28116387009600363,1717,-2766.2602,2.477,1717,-2766.2602,18.65,True,False
A002_X10a341d_Xdc45_spw2,HD53143__Gaia_DR3_5479222240596469632__B6_EB_Xdc45,6,976562.5,45,1886,444.0,7,27.3,12m,3,2,0.13903493077949025,1164,-566.7951,2.932,1164,-566.7951,18.652,True,False
A002_X10a341d_Xdc45_spw2,HD53143__Gaia_DR3_5479222240596469632__B6_EB_Xdc45,6,976562.5,45,1886,444.0,7,27.3,12m,3,3,0.11976146231830485,913,-566.7951,4.081,913,-1666.5276,18.652,True,False
A002_X10a341d_Xdc45_spw2,HD53143__Gaia_DR3_5479222240596469632__B6_EB_Xdc45,6,976562.5,45,1886,444.0,7,27.3,12m,3,4,0.14182647120125833,1645,2732.4025,2.523,1645,1632.67,18.64,True,False
A002_X10a341d_Xdc45_spw2,HD53143__Gaia_DR3_5479222240596469632__B6_EB_Xdc45,6,976562.5,45,1886,444.0,7,27.3,12m,3,5,0.1378713167663804,915,-566.7951,3.227,915,-566.7951,18.652,True,False
A002_X10a341d_Xdc45_spw2,HD53143__Gaia_DR3_5479222240596469632__B6_EB_Xdc45,6,976562.5,45,1886,444.0,7,27.3,12m,3,6,0.14868408992319881,474,-2766.2602,1.957,474,-2766.2602,18.652,True,False
A002_X10a341d_Xdc45_spw2,HD53143__Gaia_DR3_5479222240596469632__B6_EB_Xdc45,6,976562.5,45,1886,444.0,7,27.3,12m,3,7,0.15139470731306737,192,1632.67,4.583,192,-1666.5276,18.652,False,False
A002_X10a341d_Xdc45_spw2,HD53143__Gaia_DR3_5479222240596469632__B6_EB_Xdc45,6,976562.5,45,1886,444.0,7,27.3,12m,3,8,0.12834987661574607,1000,-1666.5276,3.456,1000,1632.67,18.652,False,False
A002_X10a341d_Xdc45_spw2,HD53143__Gaia_DR3_5479222240596469632__B6_EB_Xdc45,6,976562.5,45,1886,444.0,7,27.3,12m,3,9,0.14098685239895187,716,-2766.2602,1.854,716,-2766.2602,18.652,True,False
A002_X10a341d_Xdc45_spw2,HD53143__Gaia_DR3_5479222240596469632__B6_EB_Xdc45,6,976562.5,45,1886,444.0,7,27.3,12m,3,10,0.15223928393945144,246,1632.67,2.487,246,1632.67,18.652,True,False
A002_X10a341d_Xdc45_spw2,HD53143__Gaia_DR3_5479222240596469632__B6_EB_Xdc45,6,976562.5,45,1886,444.0,7,27.3,12m,3,11,0.11551461609342885,816,2732.4025,3.403,816,2732.4025,18.652,True,False
A002_X10a341d_Xdc45_spw2,HD53143__Gaia_DR3_5479222240596469632__B6_EB_Xdc45,6,976562.5,45,1886,444.0,7,27.3,12m,3,12,0.14264717219465023,587,532.9375,3.304,587,-566.7951,18.652,True,False
A002_X10a341d_Xdc45_spw2,HD53143__Gaia_DR3_5479222240596469632__B6_EB_Xdc45,6,976562.5,45,1886,444.0,7,27.3,12m,3,13,0.12697797204287717,1180,3832.1351,3.698,1180,3832.1351,18.652,True,False
A002_X10a341d_Xdc45_spw2,HD53143__Gaia_DR3_5479222240596469632__B6_EB_Xdc45,6,976562.5,45,1886,444.0,7,27.3,12m,3,14,0.1144503594953676,281,1632.67,2.544,280,3832.1351,18.652,False,False
A002_X10a341d_Xdc45_spw2,HD53143__Gaia_DR3_5479222240596469632__B6_EB_Xdc45,6,976562.5,45,1886,444.0,7,27.3,12m,3,15,0.14273781021877094,1109,-1666.5276,3.09,1109,-1666.5276,18.652,True,False
A002_X10a341d_Xdc45_spw2,HD53143__Gaia_DR3_5479222240596469632__B6_EB_Xdc45,6,976562.5,45,1886,444.0,7,27.3,12m,4,0,0.17184784456741709,431,-2766.2602,2.263,431,-2766.2602,18.652,True,False
A002_X10a341d_Xdc45_spw2,HD53143__Gaia_DR3_5479222240596469632__B6_EB_Xdc45,6,976562.5,45,1886,444.0,7,27.3,12m,4,1,0.20642876062633603,705,2732.4025,3.825,705,2732.4025,18.652,True,False
A002_X10a341d_Xdc45_spw2,HD53143__Gaia_DR3_5479222240596469632__B6_EB_Xdc45,6,976562.5,45,1886,444.0,7,27.3,12m,4,2,0.193960543556503,509,3832.1351,3.627,509,3832.1351,18.652,True,False
A002_X10a341d_Xdc45_spw2,HD53143__Gaia_DR3_5479222240596469632__B6_EB_Xdc45,6,976562.5,45,1886,444.0,7,27.3,12m,4,3,0.16898865001699948,505,3832.1351,4.951,505,3832.1351,18.652,True,False
A002_X10a341d_Xdc45_spw2,HD53143__Gaia_DR3_5479222240596469632__B6_EB_Xdc45,6,976562.5,45,1886,444.0,7,27.3,12m,4,4,0.2019079392058731,636,-2766.2602,4.163,636,-2766.2602,18.652,True,False
A002_X10a341d_Xdc45_spw2,HD53143__Gaia_DR3_5479222240596469632__B6_EB_Xdc45,6,976562.5,45,1886,444.0,7,27.3,12m,4,5,0.20716493949706297,233,-1666.5276,4.728,233,-1666.5276,18.652,True,False
A002_X10a341d_Xdc45_spw2,HD53143__Gaia_DR3_5479222240596469632__B6_EB_Xdc45,6,976562.5,45,1886,444.0,7,27.3,12m,4,6,0.1741393755130457,591,2732.4025,3.287,591,2732.4025,18.652,True,False
A002_X10a341d_Xdc45_spw2,HD53143__Gaia_DR3_5479222240596469632__B6_EB_Xdc45,6,976562.5,45,1886,444.0,7,27.3,12m,4,7,0.18926810115368217,613,1632.67,5.786,613,1632.67,18.652,True,True
A002_X10a341d_Xdc45_spw2,HD53143__Gaia_DR3_5479222240596469632__B6_EB_Xdc45,6,976562.5,45,1886,444.0,7,27.3,12m,4,8,0.1745063760347454,367,2732.4025,6.382,367,2732.4025,18.652,True,True
A002_X10a341d_Xdc45_spw2,HD53143__Gaia_DR3_5479222240596469632__B6_EB_Xdc45,6,976562.5,45,1886,444.0,7,27.3,12m,4,9,0.24478446225124753,286,-2766.2602,4.11,286,-2766.2602,18.652,True,False
A002_X10a341d_Xdc45_spw2,HD53143__Gaia_DR3_5479222240596469632__B6_EB_Xdc45,6,976562.5,45,1886,444.0,7,27.3,12m,4,10,0.1901127112852699,170,-566.7951,3.772,170,-566.7951,18.652,True,False
A002_X10a341d_Xdc45_spw2,HD53143__Gaia_DR3_5479222240596469632__B6_EB_Xdc45,6,976562.5,45,1886,444.0,7,27.3,12m,4,11,0.21462437460857825,783,2732.4025,4.501,783,2732.4025,18.652,True,False
A002_X10a341d_Xdc45_spw2,HD53143__Gaia_DR3_5479222240596469632__B6_EB_Xdc45,6,976562.5,45,1886,444.0,7,27.3,12m,4,12,0.15737268537550403,148,-1666.5276,6.978,148,-1666.5276,18.652,True,True
A002_X10a341d_Xdc45_spw2,HD53143__Gaia_DR3_5479222240596469632__B6_EB_Xdc45,6,976562.5,45,1886,444.0,7,27.3,12m,4,13,0.16604056055960728,1276,2732.4025,4.638,1276,2732.4025,18.652,True,False
A002_X10a341d_Xdc45_spw2,HD53143__Gaia_DR3_5479222240596469632__B6_EB_Xdc45,6,976562.5,45,1886,444.0,7,27.3,12m,4,14,0.1866404456539135,842,3832.1351,3.488,842,3832.1351,18.652,True,False
A002_X10a341d_Xdc45_spw2,HD53143__Gaia_DR3_5479222240596469632__B6_EB_Xdc45,6,976562.5,45,1886,444.0,7,27.3,12m,4,15,0.2102405244142125,1450,532.9375,3.806,1450,-566.7951,18.652,True,False
A002_X10a341d_Xdc45_spw2,HD53143__Gaia_DR3_5479222240596469632__B6_EB_Xdc45,6,976562.5,45,1886,444.0,7,27.3,12m,5,0,0.2550788059488676,180,2732.4025,6.416,180,2732.4025,18.652,True,True
A002_X10a341d_Xdc45_spw2,HD53143__Gaia_DR3_5479222240596469632__B6_EB_Xdc45,6,976562.5,45,1886,444.0,7,27.3,12m,5,1,0.2616911071210257,192,532.9375,6.131,192,-566.7951,18.652,True,True
A002_X10a341d_Xdc45_spw2,HD53143__Gaia_DR3_5479222240596469632__B6_EB_Xdc45,6,976562.5,45,1886,444.0,7,27.3,12m,5,2,0.24208308856043578,343,3832.1351,4.974,343,-2766.2602,18.652,False,False
A002_X10a341d_Xdc45_spw2,HD53143__Gaia_DR3_5479222240596469632__B6_EB_Xdc45,6,976562.5,45,1886,444.0,7,27.3,12m,5,3,0.23478936022188274,491,-1666.5276,6.245,491,-1666.5276,18.652,True,True
A002_X10a341d_Xdc45_spw2,HD53143__Gaia_DR3_5479222240596469632__B6_EB_Xdc45,6,976562.5,45,1886,444.0,7,27.3,12m,5,4,0.32110335048715616,1736,1632.67,4.186,1736,1632.67,18.652,True,False
A002_X10a341d_Xdc45_spw2,HD53143__Gaia_DR3_5479222240596469632__B6_EB_Xdc45,6,976562.5,45,1886,444.0,7,27.3,12m,5,5,0.2302072566778782,1291,-566.7951,4.318,1291,-566.7951,18.652,True,False
A002_X10a341d_Xdc45_spw2,HD53143__Gaia_DR3_5479222240596469632__B6_EB_Xdc45,6,976562.5,45,1886,444.0,7,27.3,12m,5,6,0.2622321903276568,624,-2766.2602,4.739,624,-2766.2602,18.652,True,False
A002_X10a341d_Xdc45_spw2,HD53143__Gaia_DR3_5479222240596469632__B6_EB_Xdc45,6,976562.5,45,1886,444.0,7,27.3,12m,5,7,0.3021924047921784,1678,2732.4025,5.628,1678,2732.4025,18.579,True,True
A002_X10a341d_Xdc45_spw2,HD53143__Gaia_DR3_5479222240596469632__B6_EB_Xdc45,6,976562.5,45,1886,444.0,7,27.3,12m,5,8,0.21768802138423873,819,532.9375,7.398,819,-566.7951,18.652,True,True
A002_X10a341d_Xdc45_spw2,HD53143__Gaia_DR3_5479222240596469632__B6_EB_Xdc45,6,976562.5,45,1886,444.0,7,27.3,12m,5,9,0.1801876768988865,446,3832.1351,3.234,446,3832.1351,18.652,True,False
A002_X10a341d_Xdc45_spw2,HD53143__Gaia_DR3_5479222240596469632__B6_EB_Xdc45,6,976562.5,45,1886,444.0,7,27.3,12m,5,10,0.23860972853544274,221,-2766.2602,6.345,221,-2766.2602,18.652,True,True
A002_X10a341d_Xdc45_spw2,HD53143__Gaia_DR3_5479222240596469632__B6_EB_Xdc45,6,976562.5,45,1886,444.0,7,27.3,12m,5,11,0.2547060056319607,1451,-1666.5276,4.557,1451,-1666.5276,18.652,True,False
A002_X10a341d_Xdc45_spw2,HD53143__Gaia_DR3_5479222240596469632__B6_EB_Xdc45,6,976562.5,45,1886,444.0,7,27.3,12m,5,12,0.21941402097560123,535,3832.1351,4.298,535,3832.1351,18.652,True,False
A002_X10a341d_Xdc45_spw2,HD53143__Gaia_DR3_5479222240596469632__B6_EB_Xdc45,6,976562.5,45,1886,444.0,7,27.3,12m,5,13,0.2736046572543634,1060,-566.7951,4.584,1060,-566.7951,18.652,True,False
A002_X10a341d_Xdc45_spw2,HD53143__Gaia_DR3_5479222240596469632__B6_EB_Xdc45,6,976562.5,45,1886,444.0,7,27.3,12m,5,14,0.25866624376137104,1771,3832.1351,7.704,1771,3832.1351,18.652,True,True
A002_X10a341d_Xdc45_spw2,HD53143__Gaia_DR3_5479222240596469632__B6_EB_Xdc45,6,976562.5,45,1886,444.0,7,27.3,12m,5,15,0.22067129393822657,483,532.9375,5.712,483,-566.7951,18.652,True,True
A002_X10a341d_Xdc45_spw2,HD53143__Gaia_DR3_5479222240596469632__B6_EB_Xdc45,6,976562.5,45,1886,444.0,7,27.3,12m,6,0,0.24621287972424383,393,532.9375,6.237,393,-566.7951,18.652,True,True
A002_X10a341d_Xdc45_spw2,HD53143__Gaia_DR3_5479222240596469632__B6_EB_Xdc45,6,976562.5,45,1886,444.0,7,27.3,12m,6,1,0.2595593061434214,201,-2766.2602,5.694,201,-2766.2602,18.652,True,True
A002_X10a341d_Xdc45_spw2,HD53143__Gaia_DR3_5479222240596469632__B6_EB_Xdc45,6,976562.5,45,1886,444.0,7,27.3,12m,6,2,0.3007552075397513,140,3832.1351,4.572,140,3832.1351,18.652,True,False
A002_X10a341d_Xdc45_spw2,HD53143__Gaia_DR3_5479222240596469632__B6_EB_Xdc45,6,976562.5,45,1886,444.0,7,27.3,12m,6,3,0.24501587533757418,1231,532.9375,5.249,1231,-566.7951,18.652,True,True
A002_X10a341d_Xdc45_spw2,HD53143__Gaia_DR3_5479222240596469632__B6_EB_Xdc45,6,976562.5,45,1886,444.0,7,27.3,12m,6,4,0.303957615887269,589,2732.4025,7.892,589,2732.4025,18.652,True,True
A002_X10a341d_Xdc45_spw2,HD53143__Gaia_DR3_5479222240596469632__B6_EB_Xdc45,6,976562.5,45,1886,444.0,7,27.3,12m,6,5,0.2461249823352697,1415,-566.7951,5.982,1415,-566.7951,18.652,True,True
A002_X10a341d_Xdc45_spw2,HD53143__Gaia_DR3_5479222240596469632__B6_EB_Xdc45,6,976562.5,45,1886,444.0,7,27.3,12m,6,6,0.315852687038384,1651,1632.67,5.365,1651,1632.67,18.634,True,True
A002_X10a341d_Xdc45_spw2,HD53143__Gaia_DR3_5479222240596469632__B6_EB_Xdc45,6,976562.5,45,1886,444.0,7,27.3,12m,6,7,0.11378265775205673,725,532.9375,13.456,725,-566.7951,18.652,True,True
A002_X10a341d_Xdc45_spw2,HD53143__Gaia_DR3_5479222240596469632__B6_EB_Xdc45,6,976562.5,45,1886,444.0,7,27.3,12m,6,8,0.2528638756769351,271,-2766.2602,6.605,271,-2766.2602,18.652,True,True
A002_X10a341d_Xdc45_spw2,HD53143__Gaia_DR3_5479222240596469632__B6_EB_Xdc45,6,976562.5,45,1886,444.0,7,27.3,12m,6,9,0.1595357576346564,1105,3832.1351,7.212,1105,3832.1351,18.652,True,True
A002_X10a341d_Xdc45_spw2,HD53143__Gaia_DR3_5479222240596469632__B6_EB_Xdc45,6,976562.5,45,1886,444.0,7,27.3,12m,6,10,0.2592177439997465,1567,1632.67,4.102,1567,2732.4025,18.652,True,False
A002_X10a341d_Xdc45_spw2,HD53143__Gaia_DR3_5479222240596469632__B6_EB_Xdc45,6,976562.5,45,1886,444.0,7,27.3,12m,6,11,0.2809366448254567,952,-2766.2602,6.585,952,-2766.2602,18.652,True,True
A002_X10a341d_Xdc45_spw2,HD53143__Gaia_DR3_5479222240596469632__B6_EB_Xdc45,6,976562.5,45,1886,444.0,7,27.3,12m,6,12,0.30951976362970895,453,-566.7951,6.968,453,-566.7951,18.652,True,True
A002_X10a341d_Xdc45_spw2,HD53143__Gaia_DR3_5479222240596469632__B6_EB_Xdc45,6,976562.5,45,1886,444.0,7,27.3,12m,6,13,0.29621100253139054,494,-2766.2602,6.165,494,-2766.2602,18.652,True,True
A002_X10a341d_Xdc45_spw2,HD53143__Gaia_DR3_5479222240596469632__B6_EB_Xdc45,6,976562.5,45,1886,444.0,7,27.3,12m,6,14,0.3031384782536989,1596,532.9375,6.691,1596,-566.7951,18.652,True,True
A002_X10a341d_Xdc45_spw2,HD53143__Gaia_DR3_5479222240596469632__B6_EB_Xdc45,6,976562.5,45,1886,444.0,7,27.3,12m,6,15,0.29036482474689995,273,-566.7951,5.708,273,-566.7951,18.652,True,True
A002_X10a341d_Xdc45_spw2,HD53143__Gaia_DR3_5479222240596469632__B6_EB_Xdc45,6,976562.5,45,1886,444.0,7,27.3,12m,7,0,0.3811967690721766,1671,3832.1351,8.12,1671,3832.1351,18.632,True,True
A002_X10a341d_Xdc45_spw2,HD53143__Gaia_DR3_5479222240596469632__B6_EB_Xdc45,6,976562.5,45,1886,444.0,7,27.3,12m,7,1,0.45168791147010423,1685,1632.67,7.749,1685,1632.67,18.577,True,True
A002_X10a341d_Xdc45_spw2,HD53143__Gaia_DR3_5479222240596469632__B6_EB_Xdc45,6,976562.5,45,1886,444.0,7,27.3,12m,7,2,0.32925917503656144,326,1632.67,6.787,326,1632.67,18.652,True,True
A002_X10a341d_Xdc45_spw2,HD53143__Gaia_DR3_5479222240596469632__B6_EB_Xdc45,6,976562.5,45,1886,444.0,7,27.3,12m,7,3,0.3421472991601651,1318,-1666.5276,8.952,1318,-1666.5276,18.652,True,True
A002_X10a341d_Xdc45_spw2,HD53143__Gaia_DR3_5479222240596469632__B6_EB_Xdc45,6,976562.5,45,1886,444.0,7,27.3,12m,7,4,0.4441716585314483,1604,-2766.2602,7.658,1604,-2766.2602,18.652,True,True
A002_X10a341d_Xdc45_spw2,HD53143__Gaia_DR3_5479222240596469632__B6_EB_Xdc45,6,976562.5,45,1886,444.0,7,27.3,12m,7,5,0.3313002632436249,481,-2766.2602,6.495,481,-2766.2602,18.652,True,True
A002_X10a341d_Xdc45_spw2,HD53143__Gaia_DR3_5479222240596469632__B6_EB_Xdc45,6,976562.5,45,1886,444.0,7,27.3,12m,7,6,0.33588607647117696,188,2732.4025,7.779,188,2732.4025,18.652,True,True
A002_X10a341d_Xdc45_spw2,HD53143__Gaia_DR3_5479222240596469632__B6_EB_Xdc45,6,976562.5,45,1886,444.0,7,27.3,12m,7,7,0.3534535140517374,84,3832.1351,7.119,84,3832.1351,18.652,True,True
A002_X10a341d_Xdc45_spw2,HD53143__Gaia_DR3_5479222240596469632__B6_EB_Xdc45,6,976562.5,45,1886,444.0,7,27.3,12m,7,8,0.39901056147634667,1669,3832.1351,7.069,1668,1632.67,18.575,False,True
A002_X10a341d_Xdc45_spw2,HD53143__Gaia_DR3_5479222240596469632__B6_EB_Xdc45,6,976562.5,45,1886,444.0,7,27.3,12m,7,9,0.33150387830987227,508,532.9375,6.201,508,-566.7951,18.652,True,True
A002_X10a341d_Xdc45_spw2,HD53143__Gaia_DR3_5479222240596469632__B6_EB_Xdc45,6,976562.5,45,1886,444.0,7,27.3,12m,7,10,0.2493647325867576,1357,1632.67,5.281,1357,1632.67,18.652,True,True
A002_X10a341d_Xdc45_spw2,HD53143__Gaia_DR3_5479222240596469632__B6_EB_Xdc45,6,976562.5,45,1886,444.0,7,27.3,12m,7,11,0.256191520218006,649,2732.4025,6.646,650,3832.1351,18.652,True,True
A002_X10a341d_Xdc45_spw2,HD53143__Gaia_DR3_5479222240596469632__B6_EB_Xdc45,6,976562.5,45,1886,444.0,7,27.3,12m,7,12,0.31196946338922826,722,-1666.5276,5.525,722,-1666.5276,18.652,True,True
A002_X10a341d_Xdc45_spw2,HD53143__Gaia_DR3_5479222240596469632__B6_EB_Xdc45,6,976562.5,45,1886,444.0,7,27.3,12m,7,13,0.31164221422043303,182,1632.67,5.482,182,1632.67,18.652,True,True
A002_X10a341d_Xdc45_spw2,HD53143__Gaia_DR3_5479222240596469632__B6_EB_Xdc45,6,976562.5,45,1886,444.0,7,27.3,12m,7,14,0.24189873965885325,1327,532.9375,4.319,1327,-566.7951,18.652,True,False
A002_X10a341d_Xdc45_spw2,HD53143__Gaia_DR3_5479222240596469632__B6_EB_Xdc45,6,976562.5,45,1886,444.0,7,27.3,12m,7,15,0.3214700009646639,1121,532.9375,7.584,1121,-566.7951,18.652,True,True
A002_X10a341d_Xdc45_spw2,HD53143__Gaia_DR3_5479222240596469632__B6_EB_Xdc45,6,976562.5,45,1886,444.0,7,27.3,12m,8,0,0.36736206562261625,992,-2766.2602,7.069,992,-2766.2602,18.652,True,True
A002_X10a341d_Xdc45_spw2,HD53143__Gaia_DR3_5479222240596469632__B6_EB_Xdc45,6,976562.5,45,1886,444.0,7,27.3,12m,8,1,0.35394575698974673,1290,-1666.5276,6.847,1290,-1666.5276,18.652,True,True
A002_X10a341d_Xdc45_spw2,HD53143__Gaia_DR3_5479222240596469632__B6_EB_Xdc45,6,976562.5,45,1886,444.0,7,27.3,12m,8,2,0.28381580929323014,1128,3832.1351,8.237,1128,3832.1351,18.652,True,True
A002_X10a341d_Xdc45_spw2,HD53143__Gaia_DR3_5479222240596469632__B6_EB_Xdc45,6,976562.5,45,1886,444.0,7,27.3,12m,8,3,0.31976423530548104,227,3832.1351,7.12,227,3832.1351,18.652,True,True
A002_X10a341d_Xdc45_spw2,HD53143__Gaia_DR3_5479222240596469632__B6_EB_Xdc45,6,976562.5,45,1886,444.0,7,27.3,12m,8,4,0.4156124652775497,941,-566.7951,8.327,941,-566.7951,18.652,True,True
A002_X10a341d_Xdc45_spw2,HD53143__Gaia_DR3_5479222240596469632__B6_EB_Xdc45,6,976562.5,45,1886,444.0,7,27.3,12m,8,5,0.4511451059814638,1746,-1666.5276,6.642,1746,-1666.5276,18.555,True,True
A002_X10a341d_Xdc45_spw2,HD53143__Gaia_DR3_5479222240596469632__B6_EB_Xdc45,6,976562.5,45,1886,444.0,7,27.3,12m,8,6,0.4105258760248528,982,1632.67,7.824,982,1632.67,18.652,True,True
A002_X10a341d_Xdc45_spw2,HD53143__Gaia_DR3_5479222240596469632__B6_EB_Xdc45,6,976562.5,45,1886,444.0,7,27.3,12m,8,7,0.33698234991582027,1222,-566.7951,7.507,1222,-566.7951,18.652,True,True
A002_X10a341d_Xdc45_spw2,HD53143__Gaia_DR3_5479222240596469632__B6_EB_Xdc45,6,976562.5,45,1886,444.0,7,27.3,12m,8,8,0.31372168951715745,1592,-566.7951,7.759,1592,-566.7951,18.652,True,True
A002_X10a341d_Xdc45_spw2,HD53143__Gaia_DR3_5479222240596469632__B6_EB_Xdc45,6,976562.5,45,1886,444.0,7,27.3,12m,8,9,0.3573258898198445,490,532.9375,9.253,490,-566.7951,18.652,True,True
A002_X10a341d_Xdc45_spw2,HD53143__Gaia_DR3_5479222240596469632__B6_EB_Xdc45,6,976562.5,45,1886,444.0,7,27.3,12m,8,10,0.3467962469664297,391,532.9375,7.874,391,-566.7951,18.652,True,True
A002_X10a341d_Xdc45_spw2,HD53143__Gaia_DR3_5479222240596469632__B6_EB_Xdc45,6,976562.5,45,1886,444.0,7,27.3,12m,8,11,0.48831368889439924,73,1632.67,8.452,73,1632.67,18.652,True,True
A002_X10a341d_Xdc45_spw2,HD53143__Gaia_DR3_5479222240596469632__B6_EB_Xdc45,6,976562.5,45,1886,444.0,7,27.3,12m,8,12,0.3491103820910433,934,1632.67,6.157,934,1632.67,18.652,True,True
A002_X10a341d_Xdc45_spw2,HD53143__Gaia_DR3_5479222240596469632__B6_EB_Xdc45,6,976562.5,45,1886,444.0,7,27.3,12m,8,13,0.2085365128397771,102,-566.7951,10.754,102,-566.7951,18.652,True,True
A002_X10a341d_Xdc45_spw2,HD53143__Gaia_DR3_5479222240596469632__B6_EB_Xdc45,6,976562.5,45,1886,444.0,7,27.3,12m,8,14,0.4053228141300638,606,-2766.2602,8.303,606,-2766.2602,18.652,True,True
A002_X10a341d_Xdc45_spw2,HD53143__Gaia_DR3_5479222240596469632__B6_EB_Xdc45,6,976562.5,45,1886,444.0,7,27.3,12m,8,15,0.3505773128878078,1487,532.9375,10.644,1487,-566.7951,18.652,True,True
A002_X10a341d_Xdc45_spw2,HD53143__Gaia_DR3_5479222240596469632__B6_EB_Xdc45,6,976562.5,45,1886,444.0,7,27.3,12m,10,0,0.46001818321320054,761,3832.1351,8.92,761,3832.1351,18.652,True,True
A002_X10a341d_Xdc45_spw2,HD53143__Gaia_DR3_5479222240596469632__B6_EB_Xdc45,6,976562.5,45,1886,444.0,7,27.3,12m,10,1,0.4368544548110631,476,-1666.5276,10.346,476,-1666.5276,18.652,True,True
A002_X10a341d_Xdc45_spw2,HD53143__Gaia_DR3_5479222240596469632__B6_EB_Xdc45,6,976562.5,45,1886,444.0,7,27.3,12m,10,2,0.47416349339263675,1211,-1666.5276,10.677,1211,-1666.5276,18.652,True,True
A002_X10a341d_Xdc45_spw2,HD53143__Gaia_DR3_5479222240596469632__B6_EB_Xdc45,6,976562.5,45,1886,444.0,7,27.3,12m,10,3,0.49350306132432165,395,-2766.2602,10.891,395,-2766.2602,18.652,True,True
A002_X10a341d_Xdc45_spw2,HD53143__Gaia_DR3_5479222240596469632__B6_EB_Xdc45,6,976562.5,45,1886,444.0,7,27.3,12m,10,4,0.4061256504081295,1476,1632.67,8.1,1476,1632.67,18.652,True,True
A002_X10a341d_Xdc45_spw2,HD53143__Gaia_DR3_5479222240596469632__B6_EB_Xdc45,6,976562.5,45,1886,444.0,7,27.3,12m,10,5,0.4152405896575168,1147,-566.7951,10.198,1147,-566.7951,18.652,True,True
A002_X10a341d_Xdc45_spw2,HD53143__Gaia_DR3_5479222240596469632__B6_EB_Xdc45,6,976562.5,45,1886,444.0,7,27.3,12m,10,6,0.4485628716247776,1662,532.9375,11.147,1662,-566.7951,18.572,True,True
A002_X10a341d_Xdc45_spw2,HD53143__Gaia_DR3_5479222240596469632__B6_EB_Xdc45,6,976562.5,45,1886,444.0,7,27.3,12m,10,7,0.5480819714545064,395,532.9375,10.631,395,-566.7951,18.652,True,True
A002_X10a341d_Xdc45_spw2,HD53143__Gaia_DR3_5479222240596469632__B6_EB_Xdc45,6,976562.5,45,1886,444.0,7,27.3,12m,10,8,0.500734959163382,927,-2766.2602,10.437,927,-2766.2602,18.652,True,True
A002_X10a341d_Xdc45_spw2,HD53143__Gaia_DR3_5479222240596469632__B6_EB_Xdc45,6,976562.5,45,1886,444.0,7,27.3,12m,10,9,0.5172884744388508,349,-2766.2602,9.989,349,-2766.2602,18.652,True,True
A002_X10a341d_Xdc45_spw2,HD53143__Gaia_DR3_5479222240596469632__B6_EB_Xdc45,6,976562.5,45,1886,444.0,7,27.3,12m,10,10,0.4809527878908585,1601,-2766.2602,11.74,1601,-2766.2602,18.652,True,True
A002_X10a341d_Xdc45_spw2,HD53143__Gaia_DR3_5479222240596469632__B6_EB_Xdc45,6,976562.5,45,1886,444.0,7,27.3,12m,10,11,0.44911191559615493,732,532.9375,9.982,732,-566.7951,18.652,True,True
A002_X10a341d_Xdc45_spw2,HD53143__Gaia_DR3_5479222240596469632__B6_EB_Xdc45,6,976562.5,45,1886,444.0,7,27.3,12m,10,12,0.4606191944757674,1242,1632.67,9.565,1242,1632.67,18.652,True,True
A002_X10a341d_Xdc45_spw2,HD53143__Gaia_DR3_5479222240596469632__B6_EB_Xdc45,6,976562.5,45,1886,444.0,7,27.3,12m,10,13,0.5422333561591234,1693,-1666.5276,10.262,1693,-1666.5276,18.651,True,True
A002_X10a341d_Xdc45_spw2,HD53143__Gaia_DR3_5479222240596469632__B6_EB_Xdc45,6,976562.5,45,1886,444.0,7,27.3,12m,10,14,0.4599165884697273,350,-1666.5276,8.389,350,-1666.5276,18.652,True,True
A002_X10a341d_Xdc45_spw2,HD53143__Gaia_DR3_5479222240596469632__B6_EB_Xdc45,6,976562.5,45,1886,444.0,7,27.3,12m,10,15,0.4715483945605719,1410,-2766.2602,9.995,1410,-2766.2602,18.652,True,True
A002_X10a341d_Xdc45_spw2,HD53143__Gaia_DR3_5479222240596469632__B6_EB_Xdc45,6,976562.5,45,1886,444.0,7,27.3,12m,12,0,0.5455678181107109,1426,-1666.5276,13.04,1426,-1666.5276,18.652,True,True
A002_X10a341d_Xdc45_spw2,HD53143__Gaia_DR3_5479222240596469632__B6_EB_Xdc45,6,976562.5,45,1886,444.0,7,27.3,12m,12,1,0.4741141657483009,1135,-2766.2602,10.156,1135,-2766.2602,18.652,True,True
A002_X10a341d_Xdc45_spw2,HD53143__Gaia_DR3_5479222240596469632__B6_EB_Xdc45,6,976562.5,45,1886,444.0,7,27.3,12m,12,2,0.5044809347902522,1408,2732.4025,11.829,1408,2732.4025,18.652,True,True
A002_X10a341d_Xdc45_spw2,HD53143__Gaia_DR3_5479222240596469632__B6_EB_Xdc45,6,976562.5,45,1886,444.0,7,27.3,12m,12,3,0.5689299551865111,1273,-566.7951,11.795,1273,-566.7951,18.652,True,True
A002_X10a341d_Xdc45_spw2,HD53143__Gaia_DR3_5479222240596469632__B6_EB_Xdc45,6,976562.5,45,1886,444.0,7,27.3,12m,12,4,0.5942776888640677,162,2732.4025,11.889,162,2732.4025,18.652,True,True
A002_X10a341d_Xdc45_spw2,HD53143__Gaia_DR3_5479222240596469632__B6_EB_Xdc45,6,976562.5,45,1886,444.0,7,27.3,12m,12,5,0.4947889113307296,878,3832.1351,9.96,878,3832.1351,18.652,True,True
A002_X10a341d_Xdc45_spw2,HD53143__Gaia_DR3_5479222240596469632__B6_EB_Xdc45,6,976562.5,45,1886,444.0,7,27.3,12m,12,6,0.5201162834009935,72,-2766.2602,10.459,72,-2766.2602,18.652,True,True
A002_X10a341d_Xdc45_spw2,HD53143__Gaia_DR3_5479222240596469632__B6_EB_Xdc45,6,976562.5,45,1886,444.0,7,27.3,12m,12,7,0.5099265688831256,1059,532.9375,12.911,1059,-566.7951,18.652,True,True
A002_X10a341d_Xdc45_spw2,HD53143__Gaia_DR3_5479222240596469632__B6_EB_Xdc45,6,976562.5,45,1886,444.0,7,27.3,12m,12,8,0.6358704197194945,93,3832.1351,10.976,93,3832.1351,18.652,True,True
A002_X10a341d_Xdc45_spw2,HD53143__Gaia_DR3_5479222240596469632__B6_EB_Xdc45,6,976562.5,45,1886,444.0,7,27.3,12m,12,9,0.3719088633989518,745,2732.4025,11.181,745,2732.4025,18.652,True,True
A002_X10a341d_Xdc45_spw2,HD53143__Gaia_DR3_5479222240596469632__B6_EB_Xdc45,6,976562.5,45,1886,444.0,7,27.3,12m,12,10,0.6495160244327094,388,-1666.5276,10.858,388,-1666.5276,18.652,True,True
A002_X10a341d_Xdc45_spw2,HD53143__Gaia_DR3_5479222240596469632__B6_EB_Xdc45,6,976562.5,45,1886,444.0,7,27.3,12m,12,11,0.6562737905915628,1804,-2766.2602,11.86,1804,-2766.2602,18.652,True,True
A002_X10a341d_Xdc45_spw2,HD53143__Gaia_DR3_5479222240596469632__B6_EB_Xdc45,6,976562.5,45,1886,444.0,7,27.3,12m,12,12,0.7285302186412134,1774,-566.7951,11.497,1774,-566.7951,18.652,True,True
A002_X10a341d_Xdc45_spw2,HD53143__Gaia_DR3_5479222240596469632__B6_EB_Xdc45,6,976562.5,45,1886,444.0,7,27.3,12m,12,13,0.6633678545384162,815,2732.4025,11.694,815,2732.4025,18.652,True,True
A002_X10a341d_Xdc45_spw2,HD53143__Gaia_DR3_5479222240596469632__B6_EB_Xdc45,6,976562.5,45,1886,444.0,7,27.3,12m,12,14,0.4760071775572054,547,-2766.2602,12.684,547,-2766.2602,18.652,True,True
A002_X10a341d_Xdc45_spw2,HD53143__Gaia_DR3_5479222240596469632__B6_EB_Xdc45,6,976562.5,45,1886,444.0,7,27.3,12m,12,15,0.4674453843440626,973,-2766.2602,11.196,973,-2766.2602,18.652,True,True
A002_X10a341d_Xdc45_spw2,HD53143__Gaia_DR3_5479222240596469632__B6_EB_Xdc45,6,976562.5,45,1886,444.0,7,27.3,12m,15,0,0.4225604646991481,1143,-1666.5276,19.755,1143,-1666.5276,19.755,True,True
A002_X10a341d_Xdc45_spw2,HD53143__Gaia_DR3_5479222240596469632__B6_EB_Xdc45,6,976562.5,45,1886,444.0,7,27.3,12m,15,1,0.7507240884576429,813,-1666.5276,14.667,813,-1666.5276,18.652,True,True
A002_X10a341d_Xdc45_spw2,HD53143__Gaia_DR3_5479222240596469632__B6_EB_Xdc45,6,976562.5,45,1886,444.0,7,27.3,12m,15,2,1.1177918685491972,1761,2732.4025,15.199,1761,2732.4025,18.652,True,True
A002_X10a341d_Xdc45_spw2,HD53143__Gaia_DR3_5479222240596469632__B6_EB_Xdc45,6,976562.5,45,1886,444.0,7,27.3,12m,15,3,0.9344615862476129,1604,-566.7951,13.961,1604,-566.7951,18.652,True,True
A002_X10a341d_Xdc45_spw2,HD53143__Gaia_DR3_5479222240596469632__B6_EB_Xdc45,6,976562.5,45,1886,444.0,7,27.3,12m,15,4,0.7947950322901397,490,3832.1351,15.476,490,3832.1351,18.652,True,True
A002_X10a341d_Xdc45_spw2,HD53143__Gaia_DR3_5479222240596469632__B6_EB_Xdc45,6,976562.5,45,1886,444.0,7,27.3,12m,15,5,0.6681505545714138,1362,1632.67,15.793,1362,1632.67,18.652,True,True
A002_X10a341d_Xdc45_spw2,HD53143__Gaia_DR3_5479222240596469632__B6_EB_Xdc45,6,976562.5,45,1886,444.0,7,27.3,12m,15,6,0.6460260443521275,476,532.9375,12.737,476,-566.7951,18.652,True,True
A002_X10a341d_Xdc45_spw2,HD53143__Gaia_DR3_5479222240596469632__B6_EB_Xdc45,6,976562.5,45,1886,444.0,7,27.3,12m,15,7,0.6656335573562981,200,-2766.2602,15.855,200,-2766.2602,18.652,True,True
A002_X10a341d_Xdc45_spw2,HD53143__Gaia_DR3_5479222240596469632__B6_EB_Xdc45,6,976562.5,45,1886,444.0,7,27.3,12m,15,8,0.788990863457611,1653,-1666.5276,14.969,1653,-1666.5276,18.634,True,True
A002_X10a341d_Xdc45_spw2,HD53143__Gaia_DR3_5479222240596469632__B6_EB_Xdc45,6,976562.5,45,1886,444.0,7,27.3,12m,15,9,0.5979294449428662,1661,3832.1351,15.716,1661,3832.1351,19.456,True,True
A002_X10a341d_Xdc45_spw2,HD53143__Gaia_DR3_5479222240596469632__B6_EB_Xdc45,6,976562.5,45,1886,444.0,7,27.3,12m,15,10,0.7099536906746032,1595,2732.4025,14.18,1595,2732.4025,18.652,True,True
A002_X10a341d_Xdc45_spw2,HD53143__Gaia_DR3_5479222240596469632__B6_EB_Xdc45,6,976562.5,45,1886,444.0,7,27.3,12m,15,11,0.6672402556001948,565,2732.4025,15.609,565,2732.4025,18.652,True,True
A002_X10a341d_Xdc45_spw2,HD53143__Gaia_DR3_5479222240596469632__B6_EB_Xdc45,6,976562.5,45,1886,444.0,7,27.3,12m,15,12,0.6041002247399989,88,-1666.5276,17.451,88,-1666.5276,18.652,True,True
A002_X10a341d_Xdc45_spw2,HD53143__Gaia_DR3_5479222240596469632__B6_EB_Xdc45,6,976562.5,45,1886,444.0,7,27.3,12m,15,13,0.7547425885240087,1208,-2766.2602,15.326,1208,-2766.2602,18.652,True,True
A002_X10a341d_Xdc45_spw2,HD53143__Gaia_DR3_5479222240596469632__B6_EB_Xdc45,6,976562.5,45,1886,444.0,7,27.3,12m,15,14,0.5899794760108629,1112,532.9375,17.374,1112,-566.7951,18.652,True,True
A002_X10a341d_Xdc45_spw2,HD53143__Gaia_DR3_5479222240596469632__B6_EB_Xdc45,6,976562.5,45,1886,444.0,7,27.3,12m,15,15,0.8144602510010874,252,532.9375,14.365,252,-566.7951,18.652,True,True
A002_X10b0d7d_X323f_spw2,HD_23484__Gaia_DR3_4856592239127350400__B6,6,976562.5,273,1886,3271.2,39,27.3,12m,3,0,0.06739179067676161,441,-825.8961,3.045,442,-2169.2965,20.175,False,False
A002_X10b0d7d_X323f_spw2,HD_23484__Gaia_DR3_4856592239127350400__B6,6,976562.5,273,1886,3271.2,39,27.3,12m,3,1,0.06738054475884082,996,1711.6379,2.863,996,2905.7716,20.175,False,False
A002_X10b0d7d_X323f_spw2,HD_23484__Gaia_DR3_4856592239127350400__B6,6,976562.5,273,1886,3271.2,39,27.3,12m,3,2,0.06831029257604287,1589,218.9709,3.133,1589,218.9709,20.175,True,False
A002_X10b0d7d_X323f_spw2,HD_23484__Gaia_DR3_4856592239127350400__B6,6,976562.5,273,1886,3271.2,39,27.3,12m,3,3,0.061813350240901635,1399,-2318.5632,3.823,1399,-2318.5632,20.175,True,False
A002_X10b0d7d_X323f_spw2,HD_23484__Gaia_DR3_4856592239127350400__B6,6,976562.5,273,1886,3271.2,39,27.3,12m,3,4,0.08153615656959799,1801,-2766.3633,3.392,1801,-2766.3633,20.175,True,False
A002_X10b0d7d_X323f_spw2,HD_23484__Gaia_DR3_4856592239127350400__B6,6,976562.5,273,1886,3271.2,39,27.3,12m,3,5,0.06872762611777947,560,368.2376,2.974,560,2756.5049,20.175,False,False
A002_X10b0d7d_X323f_spw2,HD_23484__Gaia_DR3_4856592239127350400__B6,6,976562.5,273,1886,3271.2,39,27.3,12m,3,6,0.07027300462236792,453,-676.6294,4.711,453,-676.6294,20.175,True,False
A002_X10b0d7d_X323f_spw2,HD_23484__Gaia_DR3_4856592239127350400__B6,6,976562.5,273,1886,3271.2,39,27.3,12m,3,7,0.0690846268468952,973,965.3044,3.839,973,965.3044,20.175,True,False
A002_X10b0d7d_X323f_spw2,HD_23484__Gaia_DR3_4856592239127350400__B6,6,976562.5,273,1886,3271.2,39,27.3,12m,3,8,0.0727915961141644,546,1114.5711,2.744,546,1114.5711,20.175,True,False
A002_X10b0d7d_X323f_spw2,HD_23484__Gaia_DR3_4856592239127350400__B6,6,976562.5,273,1886,3271.2,39,27.3,12m,3,9,0.06438554074567052,1283,-1124.4295,2.691,1282,-825.8961,20.175,False,False
A002_X10b0d7d_X323f_spw2,HD_23484__Gaia_DR3_4856592239127350400__B6,6,976562.5,273,1886,3271.2,39,27.3,12m,3,10,0.06119581555645544,1078,-975.1628,2.229,1078,-1124.4295,20.175,True,False
A002_X10b0d7d_X323f_spw2,HD_23484__Gaia_DR3_4856592239127350400__B6,6,976562.5,273,1886,3271.2,39,27.3,12m,3,11,0.07353843908534244,285,218.9709,2.965,285,-79.5626,20.168,False,False
A002_X10b0d7d_X323f_spw2,HD_23484__Gaia_DR3_4856592239127350400__B6,6,976562.5,273,1886,3271.2,39,27.3,12m,3,12,0.06259725583655147,1205,1114.5711,4.371,1205,1114.5711,20.175,True,False
A002_X10b0d7d_X323f_spw2,HD_23484__Gaia_DR3_4856592239127350400__B6,6,976562.5,273,1886,3271.2,39,27.3,12m,3,13,0.06518093844835679,1122,-1721.4963,3.415,1122,-1721.4963,20.175,True,False
A002_X10b0d7d_X323f_spw2,HD_23484__Gaia_DR3_4856592239127350400__B6,6,976562.5,273,1886,3271.2,39,27.3,12m,3,14,0.06382238270557618,1437,1860.9046,2.955,1437,1711.6379,20.175,True,False
A002_X10b0d7d_X323f_spw2,HD_23484__Gaia_DR3_4856592239127350400__B6,6,976562.5,273,1886,3271.2,39,27.3,12m,3,15,0.06792808225587266,1425,-1124.4295,3.046,1426,-2169.2965,20.175,False,False
A002_X10b0d7d_X323f_spw2,HD_23484__Gaia_DR3_4856592239127350400__B6,6,976562.5,273,1886,3271.2,39,27.3,12m,4,0,0.08714433863915359,1196,-1124.4295,4.804,1196,-1124.4295,20.175,True,False
A002_X10b0d7d_X323f_spw2,HD_23484__Gaia_DR3_4856592239127350400__B6,6,976562.5,273,1886,3271.2,39,27.3,12m,4,1,0.06857934654110619,1635,2607.2382,5.346,1635,2607.2382,20.175,True,True
A002_X10b0d7d_X323f_spw2,HD_23484__Gaia_DR3_4856592239127350400__B6,6,976562.5,273,1886,3271.2,39,27.3,12m,4,2,0.09843200593717794,533,2457.9714,3.2,533,2457.9714,20.175,True,False
A002_X10b0d7d_X323f_spw2,HD_23484__Gaia_DR3_4856592239127350400__B6,6,976562.5,273,1886,3271.2,39,27.3,12m,4,3,0.09221887538350268,1040,-975.1628,3.465,1040,-975.1628,20.175,True,False
A002_X10b0d7d_X323f_spw2,HD_23484__Gaia_DR3_4856592239127350400__B6,6,976562.5,273,1886,3271.2,39,27.3,12m,4,4,0.09335882515247597,562,-228.8293,3.387,561,2159.438,20.175,False,False
A002_X10b0d7d_X323f_spw2,HD_23484__Gaia_DR3_4856592239127350400__B6,6,976562.5,273,1886,3271.2,39,27.3,12m,4,5,0.14112755526357634,1720,-1572.2296,3.635,1720,-1572.2296,20.175,True,False
A002_X10b0d7d_X323f_spw2,HD_23484__Gaia_DR3_4856592239127350400__B6,6,976562.5,273,1886,3271.2,39,27.3,12m,4,6,0.09388294908955079,246,-2020.0297,18.08,246,-2467.8299,20.013,False,True
A002_X10b0d7d_X323f_spw2,HD_23484__Gaia_DR3_4856592239127350400__B6,6,976562.5,273,1886,3271.2,39,27.3,12m,4,7,0.10494123373973441,122,-2467.8299,2.701,121,2308.7047,20.175,False,False
A002_X10b0d7d_X323f_spw2,HD_23484__Gaia_DR3_4856592239127350400__B6,6,976562.5,273,1886,3271.2,39,27.3,12m,4,8,0.09439108646259249,734,1562.3712,3.873,734,1562.3712,20.175,True,False
A002_X10b0d7d_X323f_spw2,HD_23484__Gaia_DR3_4856592239127350400__B6,6,976562.5,273,1886,3271.2,39,27.3,12m,4,9,0.0837733319478785,829,2905.7716,3.629,829,2905.7716,20.175,True,False
A002_X10b0d7d_X323f_spw2,HD_23484__Gaia_DR3_4856592239127350400__B6,6,976562.5,273,1886,3271.2,39,27.3,12m,4,10,0.0858182903655491,1069,368.2376,3.714,1069,368.2376,20.175,True,False
A002_X10b0d7d_X323f_spw2,HD_23484__Gaia_DR3_4856592239127350400__B6,6,976562.5,273,1886,3271.2,39,27.3,12m,4,11,0.10273606453984276,1799,-1721.4963,3.669,1799,-1721.4963,20.175,True,False
A002_X10b0d7d_X323f_spw2,HD_23484__Gaia_DR3_4856592239127350400__B6,6,976562.5,273,1886,3271.2,39,27.3,12m,4,12,0.09147767768434083,501,-79.5626,3.523,502,-975.1628,20.175,False,False
A002_X10b0d7d_X323f_spw2,HD_23484__Gaia_DR3_4856592239127350400__B6,6,976562.5,273,1886,3271.2,39,27.3,12m,4,13,0.08929712685498338,606,2457.9714,5.197,606,2159.438,20.175,False,True
A002_X10b0d7d_X323f_spw2,HD_23484__Gaia_DR3_4856592239127350400__B6,6,976562.5,273,1886,3271.2,39,27.3,12m,4,14,0.09204386988976708,777,-1572.2296,3.001,776,-1273.6962,20.175,False,False
A002_X10b0d7d_X323f_spw2,HD_23484__Gaia_DR3_4856592239127350400__B6,6,976562.5,273,1886,3271.2,39,27.3,12m,4,15,0.08619258060745498,1766,-1124.4295,6.113,1766,-1124.4295,20.175,True,True
A002_X10b0d7d_X323f_spw2,HD_23484__Gaia_DR3_4856592239127350400__B6,6,976562.5,273,1886,3271.2,39,27.3,12m,5,0,0.11322012436603197,638,-378.096,5.511,638,-378.096,20.175,True,True
A002_X10b0d7d_X323f_spw2,HD_23484__Gaia_DR3_4856592239127350400__B6,6,976562.5,273,1886,3271.2,39,27.3,12m,5,1,0.11173653502423168,630,-2617.0966,4.415,630,-2617.0966,20.175,True,False
A002_X10b0d7d_X323f_spw2,HD_23484__Gaia_DR3_4856592239127350400__B6,6,976562.5,273,1886,3271.2,39,27.3,12m,5,2,0.09769951589537064,945,-1422.9629,6.738,945,-1572.2296,20.175,True,True
A002_X10b0d7d_X323f_spw2,HD_23484__Gaia_DR3_4856592239127350400__B6,6,976562.5,273,1886,3271.2,39,27.3,12m,5,3,0.12730545822987105,216,2308.7047,4.616,216,2308.7047,19.92,True,False
A002_X10b0d7d_X323f_spw2,HD_23484__Gaia_DR3_4856592239127350400__B6,6,976562.5,273,1886,3271.2,39,27.3,12m,5,4,0.09681212104970952,1264,965.3044,5.255,1264,816.0377,20.175,True,True
A002_X10b0d7d_X323f_spw2,HD_23484__Gaia_DR3_4856592239127350400__B6,6,976562.5,273,1886,3271.2,39,27.3,12m,5,5,0.10527501663205206,1021,-2617.0966,5.912,1021,-2617.0966,20.175,True,True
A002_X10b0d7d_X323f_spw2,HD_23484__Gaia_DR3_4856592239127350400__B6,6,976562.5,273,1886,3271.2,39,27.3,12m,5,6,0.12632885590866497,1630,-228.8293,7.054,1630,-228.8293,20.175,True,True
A002_X10b0d7d_X323f_spw2,HD_23484__Gaia_DR3_4856592239127350400__B6,6,976562.5,273,1886,3271.2,39,27.3,12m,5,7,0.12098441447833769,76,-79.5626,4.682,76,-79.5626,20.175,True,False
A002_X10b0d7d_X323f_spw2,HD_23484__Gaia_DR3_4856592239127350400__B6,6,976562.5,273,1886,3271.2,39,27.3,12m,5,8,0.12086360000867738,805,-1124.4295,5.179,805,-1124.4295,20.175,True,True
A002_X10b0d7d_X323f_spw2,HD_23484__Gaia_DR3_4856592239127350400__B6,6,976562.5,273,1886,3271.2,39,27.3,12m,5,9,0.10381581098380689,1443,517.5043,3.913,1443,517.5043,20.175,True,False
A002_X10b0d7d_X323f_spw2,HD_23484__Gaia_DR3_4856592239127350400__B6,6,976562.5,273,1886,3271.2,39,27.3,12m,5,10,0.10961602356472978,581,-2318.5632,7.012,581,2905.7716,20.175,False,True
A002_X10b0d7d_X323f_spw2,HD_23484__Gaia_DR3_4856592239127350400__B6,6,976562.5,273,1886,3271.2,39,27.3,12m,5,11,0.11997354781342393,229,-1721.4963,4.429,229,-1721.4963,20.154,True,False
A002_X10b0d7d_X323f_spw2,HD_23484__Gaia_DR3_4856592239127350400__B6,6,976562.5,273,1886,3271.2,39,27.3,12m,5,12,0.12119422649641119,522,517.5043,5.704,522,517.5043,20.175,True,True
A002_X10b0d7d_X323f_spw2,HD_23484__Gaia_DR3_4856592239127350400__B6,6,976562.5,273,1886,3271.2,39,27.3,12m,5,13,0.15582367194490546,1722,-1273.6962,4.812,1722,-1273.6962,20.175,True,False
A002_X10b0d7d_X323f_spw2,HD_23484__Gaia_DR3_4856592239127350400__B6,6,976562.5,273,1886,3271.2,39,27.3,12m,5,14,0.09382228003666639,827,2756.5049,5.218,827,2756.5049,20.175,True,True
A002_X10b0d7d_X323f_spw2,HD_23484__Gaia_DR3_4856592239127350400__B6,6,976562.5,273,1886,3271.2,39,27.3,12m,5,15,0.09973313356729534,1210,1114.5711,5.287,1210,1114.5711,20.175,True,True
A002_X10b0d7d_X323f_spw2,HD_23484__Gaia_DR3_4856592239127350400__B6,6,976562.5,273,1886,3271.2,39,27.3,12m,6,0,0.12745880590467606,1428,-2766.3633,7.089,1428,-2766.3633,20.175,True,True
A002_X10b0d7d_X323f_spw2,HD_23484__Gaia_DR3_4856592239127350400__B6,6,976562.5,273,1886,3271.2,39,27.3,12m,6,1,0.15794170739293065,128,-676.6294,6.567,128,-676.6294,20.175,True,True
A002_X10b0d7d_X323f_spw2,HD_23484__Gaia_DR3_4856592239127350400__B6,6,976562.5,273,1886,3271.2,39,27.3,12m,6,2,0.11450688913537056,1640,-2766.3633,6.478,1640,-2766.3633,20.175,True,True
A002_X10b0d7d_X323f_spw2,HD_23484__Gaia_DR3_4856592239127350400__B6,6,976562.5,273,1886,3271.2,39,27.3,12m,6,3,0.13589218277562184,1283,1263.8378,6.261,1283,1263.8378,20.175,True,True
A002_X10b0d7d_X323f_spw2,HD_23484__Gaia_DR3_4856592239127350400__B6,6,976562.5,273,1886,3271.2,39,27.3,12m,6,4,0.1488798493027488,181,-228.8293,6.02,181,-228.8293,20.175,True,True
A002_X10b0d7d_X323f_spw2,HD_23484__Gaia_DR3_4856592239127350400__B6,6,976562.5,273,1886,3271.2,39,27.3,12m,6,5,0.1303323936868174,537,-1124.4295,6.616,537,-1124.4295,20.175,True,True
A002_X10b0d7d_X323f_spw2,HD_23484__Gaia_DR3_4856592239127350400__B6,6,976562.5,273,1886,3271.2,39,27.3,12m,6,6,0.14132611107959503,761,-676.6294,6.062,761,-676.6294,20.175,True,True
A002_X10b0d7d_X323f_spw2,HD_23484__Gaia_DR3_4856592239127350400__B6,6,976562.5,273,1886,3271.2,39,27.3,12m,6,7,0.1298787406126798,849,816.0377,7.387,849,816.0377,20.175,True,True
A002_X10b0d7d_X323f_spw2,HD_23484__Gaia_DR3_4856592239127350400__B6,6,976562.5,273,1886,3271.2,39,27.3,12m,6,8,0.11100257464721981,966,-975.1628,11.215,966,-975.1628,20.175,True,True
A002_X10b0d7d_X323f_spw2,HD_23484__Gaia_DR3_4856592239127350400__B6,6,976562.5,273,1886,3271.2,39,27.3,12m,6,9,0.11948536307395155,1255,2159.438,5.745,1255,2159.438,20.175,True,True
A002_X10b0d7d_X323f_spw2,HD_23484__Gaia_DR3_4856592239127350400__B6,6,976562.5,273,1886,3271.2,39,27.3,12m,6,10,0.13236316686979963,1459,-1572.2296,5.861,1460,-1870.763,20.175,False,True
A002_X10b0d7d_X323f_spw2,HD_23484__Gaia_DR3_4856592239127350400__B6,6,976562.5,273,1886,3271.2,39,27.3,12m,6,11,0.14046473512516158,1392,1413.1045,5.421,1392,1413.1045,20.175,True,True
A002_X10b0d7d_X323f_spw2,HD_23484__Gaia_DR3_4856592239127350400__B6,6,976562.5,273,1886,3271.2,39,27.3,12m,6,12,0.12648415173591804,246,816.0377,17.823,246,-2467.8299,20.157,False,True
A002_X10b0d7d_X323f_spw2,HD_23484__Gaia_DR3_4856592239127350400__B6,6,976562.5,273,1886,3271.2,39,27.3,12m,6,13,0.15635772928725516,505,-2467.8299,5.853,505,-2467.8299,20.175,True,True
A002_X10b0d7d_X323f_spw2,HD_23484__Gaia_DR3_4856592239127350400__B6,6,976562.5,273,1886,3271.2,39,27.3,12m,6,14,0.14115828221689522,170,2010.1713,6.294,170,2010.1713,20.175,True,True
A002_X10b0d7d_X323f_spw2,HD_23484__Gaia_DR3_4856592239127350400__B6,6,976562.5,273,1886,3271.2,39,27.3,12m,6,15,0.13176622970227356,630,-378.096,4.838,630,-378.096,20.175,True,False
A002_X10b0d7d_X323f_spw2,HD_23484__Gaia_DR3_4856592239127350400__B6,6,976562.5,273,1886,3271.2,39,27.3,12m,7,0,0.13871816206538226,1321,-527.3627,6.544,1321,-527.3627,20.175,True,True
A002_X10b0d7d_X323f_spw2,HD_23484__Gaia_DR3_4856592239127350400__B6,6,976562.5,273,1886,3271.2,39,27.3,12m,7,1,0.14212454565970511,764,2159.438,8.17,764,2159.438,20.175,True,True
A002_X10b0d7d_X323f_spw2,HD_23484__Gaia_DR3_4856592239127350400__B6,6,976562.5,273,1886,3271.2,39,27.3,12m,7,2,0.15344417663792287,681,2159.438,7.469,681,2159.438,20.175,True,True
A002_X10b0d7d_X323f_spw2,HD_23484__Gaia_DR3_4856592239127350400__B6,6,976562.5,273,1886,3271.2,39,27.3,12m,7,3,0.152744646017738,786,2308.7047,8.844,786,2308.7047,20.175,True,True
A002_X10b0d7d_X323f_spw2,HD_23484__Gaia_DR3_4856592239127350400__B6,6,976562.5,273,1886,3271.2,39,27.3,12m,7,4,0.17231252926849946,67,-1124.4295,6.526,67,-1124.4295,20.175,True,True
A002_X10b0d7d_X323f_spw2,HD_23484__Gaia_DR3_4856592239127350400__B6,6,976562.5,273,1886,3271.2,39,27.3,12m,7,5,0.15675257892418965,267,2905.7716,6.062,267,2905.7716,20.168,True,True
A002_X10b0d7d_X323f_spw2,HD_23484__Gaia_DR3_4856592239127350400__B6,6,976562.5,273,1886,3271.2,39,27.3,12m,7,6,0.17473818474770347,404,-2318.5632,7.486,404,-2318.5632,20.175,True,True
A002_X10b0d7d_X323f_spw2,HD_23484__Gaia_DR3_4856592239127350400__B6,6,976562.5,273,1886,3271.2,39,27.3,12m,7,7,0.1514691409146352,1479,2159.438,6.564,1479,2159.438,20.175,True,True
A002_X10b0d7d_X323f_spw2,HD_23484__Gaia_DR3_4856592239127350400__B6,6,976562.5,273,1886,3271.2,39,27.3,12m,7,8,0.16960513464682445,594,-1422.9629,7.817,594,-1422.9629,20.175,True,True
A002_X10b0d7d_X323f_spw2,HD_23484__Gaia_DR3_4856592239127350400__B6,6,976562.5,273,1886,3271.2,39,27.3,12m,7,9,0.1467445554203329,944,-2617.0966,8.502,944,-2617.0966,20.175,True,True
A002_X10b0d7d_X323f_spw2,HD_23484__Gaia_DR3_4856592239127350400__B6,6,976562.5,273,1886,3271.2,39,27.3,12m,7,10,0.1607845065058722,852,-2467.8299,5.539,852,-2467.8299,20.175,True,True
A002_X10b0d7d_X323f_spw2,HD_23484__Gaia_DR3_4856592239127350400__B6,6,976562.5,273,1886,3271.2,39,27.3,12m,7,11,0.15004125105150348,1235,-1124.4295,7.138,1235,-1124.4295,20.175,True,True
A002_X10b0d7d_X323f_spw2,HD_23484__Gaia_DR3_4856592239127350400__B6,6,976562.5,273,1886,3271.2,39,27.3,12m,7,12,0.15506687361007407,1081,965.3044,5.627,1081,965.3044,20.175,True,True
A002_X10b0d7d_X323f_spw2,HD_23484__Gaia_DR3_4856592239127350400__B6,6,976562.5,273,1886,3271.2,39,27.3,12m,7,13,0.19773313761041073,1680,-975.1628,5.883,1680,-975.1628,20.175,True,True
A002_X10b0d7d_X323f_spw2,HD_23484__Gaia_DR3_4856592239127350400__B6,6,976562.5,273,1886,3271.2,39,27.3,12m,7,14,0.17270354893671674,444,1711.6379,6.046,444,1711.6379,20.175,True,True
A002_X10b0d7d_X323f_spw2,HD_23484__Gaia_DR3_4856592239127350400__B6,6,976562.5,273,1886,3271.2,39,27.3,12m,7,15,0.1688522373480183,550,-527.3627,6.927,550,-527.3627,20.175,True,True
A002_X10b0d7d_X323f_spw2,HD_23484__Gaia_DR3_4856592239127350400__B6,6,976562.5,273,1886,3271.2,39,27.3,12m,8,0,0.18950280181118612,1805,-79.5626,7.463,1805,-79.5626,20.175,True,True
A002_X10b0d7d_X323f_spw2,HD_23484__Gaia_DR3_4856592239127350400__B6,6,976562.5,273,1886,3271.2,39,27.3,12m,8,1,0.16815806711153308,344,-1572.2296,8.959,344,-1572.2296,20.175,True,True
A002_X10b0d7d_X323f_spw2,HD_23484__Gaia_DR3_4856592239127350400__B6,6,976562.5,273,1886,3271.2,39,27.3,12m,8,2,0.18224479245821265,1212,-378.096,8.513,1212,-378.096,20.175,True,True
A002_X10b0d7d_X323f_spw2,HD_23484__Gaia_DR3_4856592239127350400__B6,6,976562.5,273,1886,3271.2,39,27.3,12m,8,3,0.19043634035290874,550,-975.1628,8.619,550,-975.1628,20.175,True,True
A002_X10b0d7d_X323f_spw2,HD_23484__Gaia_DR3_4856592239127350400__B6,6,976562.5,273,1886,3271.2,39,27.3,12m,8,4,0.1451179492787122,1340,-2318.5632,8.846,1340,-2318.5632,20.175,True,True
A002_X10b0d7d_X323f_spw2,HD_23484__Gaia_DR3_4856592239127350400__B6,6,976562.5,273,1886,3271.2,39,27.3,12m,8,5,0.23435751744109545,1701,666.771,7.534,1701,666.771,20.175,True,True
A002_X10b0d7d_X323f_spw2,HD_23484__Gaia_DR3_4856592239127350400__B6,6,976562.5,273,1886,3271.2,39,27.3,12m,8,6,0.13126401172805513,666,-1273.6962,13.626,666,-1273.6962,20.175,True,True
A002_X10b0d7d_X323f_spw2,HD_23484__Gaia_DR3_4856592239127350400__B6,6,976562.5,273,1886,3271.2,39,27.3,12m,8,7,0.17817829512113206,777,517.5043,7.23,777,517.5043,20.175,True,True
A002_X10b0d7d_X323f_spw2,HD_23484__Gaia_DR3_4856592239127350400__B6,6,976562.5,273,1886,3271.2,39,27.3,12m,8,8,0.19744035811650162,276,-2766.3633,7.642,276,-2766.3633,20.117,True,True
A002_X10b0d7d_X323f_spw2,HD_23484__Gaia_DR3_4856592239127350400__B6,6,976562.5,273,1886,3271.2,39,27.3,12m,8,9,0.1782603238143338,166,-228.8293,7.39,166,-228.8293,20.175,True,True
A002_X10b0d7d_X323f_spw2,HD_23484__Gaia_DR3_4856592239127350400__B6,6,976562.5,273,1886,3271.2,39,27.3,12m,8,10,0.18371690474866162,523,816.0377,7.521,523,816.0377,20.175,True,True
A002_X10b0d7d_X323f_spw2,HD_23484__Gaia_DR3_4856592239127350400__B6,6,976562.5,273,1886,3271.2,39,27.3,12m,8,11,0.18644540357915748,1081,-1572.2296,7.764,1081,-1572.2296,20.175,True,True
A002_X10b0d7d_X323f_spw2,HD_23484__Gaia_DR3_4856592239127350400__B6,6,976562.5,273,1886,3271.2,39,27.3,12m,8,12,0.18075478575333115,281,1263.8378,7.099,281,1263.8378,20.142,True,True
A002_X10b0d7d_X323f_spw2,HD_23484__Gaia_DR3_4856592239127350400__B6,6,976562.5,273,1886,3271.2,39,27.3,12m,8,13,0.21092905923696553,1660,-79.5626,10.109,1660,-79.5626,20.175,True,True
A002_X10b0d7d_X323f_spw2,HD_23484__Gaia_DR3_4856592239127350400__B6,6,976562.5,273,1886,3271.2,39,27.3,12m,8,14,0.1741831480068951,1586,816.0377,7.948,1586,816.0377,20.175,True,True
A002_X10b0d7d_X323f_spw2,HD_23484__Gaia_DR3_4856592239127350400__B6,6,976562.5,273,1886,3271.2,39,27.3,12m,8,15,0.17865114986887248,957,-1572.2296,7.794,957,-1572.2296,20.175,True,True
A002_X10b0d7d_X323f_spw2,HD_23484__Gaia_DR3_4856592239127350400__B6,6,976562.5,273,1886,3271.2,39,27.3,12m,10,0,0.20746206456266372,775,-2617.0966,11.248,775,-2617.0966,20.175,True,True
A002_X10b0d7d_X323f_spw2,HD_23484__Gaia_DR3_4856592239127350400__B6,6,976562.5,273,1886,3271.2,39,27.3,12m,10,1,0.21885800722240487,1288,-228.8293,10.253,1288,-228.8293,20.175,True,True
A002_X10b0d7d_X323f_spw2,HD_23484__Gaia_DR3_4856592239127350400__B6,6,976562.5,273,1886,3271.2,39,27.3,12m,10,2,0.22476063497831567,1192,-2020.0297,10.483,1192,-2020.0297,20.175,True,True
A002_X10b0d7d_X323f_spw2,HD_23484__Gaia_DR3_4856592239127350400__B6,6,976562.5,273,1886,3271.2,39,27.3,12m,10,3,0.18960086772727947,1336,-2020.0297,11.459,1336,-2020.0297,20.175,True,True
A002_X10b0d7d_X323f_spw2,HD_23484__Gaia_DR3_4856592239127350400__B6,6,976562.5,273,1886,3271.2,39,27.3,12m,10,4,0.09178457850755607,289,2457.9714,2.114,289,1860.9046,20.169,False,False
A002_X10b0d7d_X323f_spw2,HD_23484__Gaia_DR3_4856592239127350400__B6,6,976562.5,273,1886,3271.2,39,27.3,12m,10,5,0.25242834334142167,1563,816.0377,10.105,1563,816.0377,20.175,True,True
A002_X10b0d7d_X323f_spw2,HD_23484__Gaia_DR3_4856592239127350400__B6,6,976562.5,273,1886,3271.2,39,27.3,12m,10,6,0.2478254169907092,1673,-2020.0297,11.07,1673,-2020.0297,20.175,True,True
A002_X10b0d7d_X323f_spw2,HD_23484__Gaia_DR3_4856592239127350400__B6,6,976562.5,273,1886,3271.2,39,27.3,12m,10,7,0.21241046126423882,1296,1114.5711,10.912,1296,1114.5711,20.175,True,True
A002_X10b0d7d_X323f_spw2,HD_23484__Gaia_DR3_4856592239127350400__B6,6,976562.5,273,1886,3271.2,39,27.3,12m,10,8,0.221176791774824,768,2159.438,11.44,768,2159.438,20.175,True,True
A002_X10b0d7d_X323f_spw2,HD_23484__Gaia_DR3_4856592239127350400__B6,6,976562.5,273,1886,3271.2,39,27.3,12m,10,9,0.23882954336958595,602,816.0377,9.787,602,816.0377,20.175,True,True
A002_X10b0d7d_X323f_spw2,HD_23484__Gaia_DR3_4856592239127350400__B6,6,976562.5,273,1886,3271.2,39,27.3,12m,10,10,0.201043131235018,1350,2159.438,10.43,1350,2159.438,20.175,True,True
A002_X10b0d7d_X323f_spw2,HD_23484__Gaia_DR3_4856592239127350400__B6,6,976562.5,273,1886,3271.2,39,27.3,12m,10,11,0.2262923453476232,963,2756.5049,10.34,963,2756.5049,20.175,True,True
A002_X10b0d7d_X323f_spw2,HD_23484__Gaia_DR3_4856592239127350400__B6,6,976562.5,273,1886,3271.2,39,27.3,12m,10,12,0.23636931358379773,695,816.0377,10.049,695,816.0377,20.175,True,True
A002_X10b0d7d_X323f_spw2,HD_23484__Gaia_DR3_4856592239127350400__B6,6,976562.5,273,1886,3271.2,39,27.3,12m,10,13,0.24148217076630532,416,-2020.0297,10.599,416,-2020.0297,20.175,True,True
A002_X10b0d7d_X323f_spw2,HD_23484__Gaia_DR3_4856592239127350400__B6,6,976562.5,273,1886,3271.2,39,27.3,12m,10,14,0.22203941846101602,544,2308.7047,9.138,544,2308.7047,20.175,True,True
A002_X10b0d7d_X323f_spw2,HD_23484__Gaia_DR3_4856592239127350400__B6,6,976562.5,273,1886,3271.2,39,27.3,12m,10,15,0.20691074625726888,896,2308.7047,11.498,896,2308.7047,20.175,True,True
A002_X10b0d7d_X323f_spw2,HD_23484__Gaia_DR3_4856592239127350400__B6,6,976562.5,273,1886,3271.2,39,27.3,12m,12,0,0.2627748187133999,944,-79.5626,10.909,944,-79.5626,20.175,True,True
A002_X10b0d7d_X323f_spw2,HD_23484__Gaia_DR3_4856592239127350400__B6,6,976562.5,273,1886,3271.2,39,27.3,12m,12,1,0.3550737434427926,1731,965.3044,10.658,1731,965.3044,20.175,True,True
A002_X10b0d7d_X323f_spw2,HD_23484__Gaia_DR3_4856592239127350400__B6,6,976562.5,273,1886,3271.2,39,27.3,12m,12,2,0.18383554273389363,1384,2607.2382,4.059,1384,2308.7047,20.175,False,False
A002_X10b0d7d_X323f_spw2,HD_23484__Gaia_DR3_4856592239127350400__B6,6,976562.5,273,1886,3271.2,39,27.3,12m,12,3,0.2535849737298938,761,-2169.2965,12.602,761,-2169.2965,20.175,True,True
A002_X10b0d7d_X323f_spw2,HD_23484__Gaia_DR3_4856592239127350400__B6,6,976562.5,273,1886,3271.2,39,27.3,12m,12,4,0.2898785631611382,157,-79.5626,11.548,157,-79.5626,20.175,True,True
A002_X10b0d7d_X323f_spw2,HD_23484__Gaia_DR3_4856592239127350400__B6,6,976562.5,273,1886,3271.2,39,27.3,12m,12,5,0.2956546916354653,89,-2169.2965,11.305,89,-2169.2965,20.175,True,True
A002_X10b0d7d_X323f_spw2,HD_23484__Gaia_DR3_4856592239127350400__B6,6,976562.5,273,1886,3271.2,39,27.3,12m,12,6,0.3326703256505274,1733,2308.7047,14.157,1733,2308.7047,20.175,True,True
A002_X10b0d7d_X323f_spw2,HD_23484__Gaia_DR3_4856592239127350400__B6,6,976562.5,273,1886,3271.2,39,27.3,12m,12,7,0.2715373589114178,1124,-1721.4963,12.688,1124,-1721.4963,20.175,True,True
A002_X10b0d7d_X323f_spw2,HD_23484__Gaia_DR3_4856592239127350400__B6,6,976562.5,273,1886,3271.2,39,27.3,12m,12,8,0.27877635232791637,212,-527.3627,12.338,212,-527.3627,19.595,True,True
A002_X10b0d7d_X323f_spw2,HD_23484__Gaia_DR3_4856592239127350400__B6,6,976562.5,273,1886,3271.2,39,27.3,12m,12,9,0.2889200486005698,1098,-1572.2296,12.063,1098,-1572.2296,20.175,True,True
A002_X10b0d7d_X323f_spw2,HD_23484__Gaia_DR3_4856592239127350400__B6,6,976562.5,273,1886,3271.2,39,27.3,12m,12,10,0.25280430317377345,1532,-2169.2965,11.676,1532,-2169.2965,20.175,True,True
A002_X10b0d7d_X323f_spw2,HD_23484__Gaia_DR3_4856592239127350400__B6,6,976562.5,273,1886,3271.2,39,27.3,12m,12,11,0.27556910676404994,1758,-79.5626,12.055,1758,-79.5626,20.175,True,True
A002_X10b0d7d_X323f_spw2,HD_23484__Gaia_DR3_4856592239127350400__B6,6,976562.5,273,1886,3271.2,39,27.3,12m,12,12,0.2584674903366765,502,666.771,12.941,502,666.771,20.175,True,True
A002_X10b0d7d_X323f_spw2,HD_23484__Gaia_DR3_4856592239127350400__B6,6,976562.5,273,1886,3271.2,39,27.3,12m,12,13,0.2309134330641443,1332,2756.5049,12.695,1332,2756.5049,20.175,True,True
A002_X10b0d7d_X323f_spw2,HD_23484__Gaia_DR3_4856592239127350400__B6,6,976562.5,273,1886,3271.2,39,27.3,12m,12,14,0.27348805531455583,543,-1124.4295,12.157,543,-1124.4295,20.175,True,True
A002_X10b0d7d_X323f_spw2,HD_23484__Gaia_DR3_4856592239127350400__B6,6,976562.5,273,1886,3271.2,39,27.3,12m,12,15,0.2985513265123445,494,-825.8961,12.011,494,-825.8961,20.175,True,True
A002_X10b0d7d_X323f_spw2,HD_23484__Gaia_DR3_4856592239127350400__B6,6,976562.5,273,1886,3271.2,39,27.3,12m,15,0,0.3333941820468846,1304,-1422.9629,14.789,1304,-1422.9629,20.175,True,True
A002_X10b0d7d_X323f_spw2,HD_23484__Gaia_DR3_4856592239127350400__B6,6,976562.5,273,1886,3271.2,39,27.3,12m,15,1,0.33999043938470114,308,517.5043,13.375,308,517.5043,20.161,True,True
A002_X10b0d7d_X323f_spw2,HD_23484__Gaia_DR3_4856592239127350400__B6,6,976562.5,273,1886,3271.2,39,27.3,12m,15,2,0.314027066027651,1404,-1273.6962,14.937,1404,-1273.6962,20.175,True,True
A002_X10b0d7d_X323f_spw2,HD_23484__Gaia_DR3_4856592239127350400__B6,6,976562.5,273,1886,3271.2,39,27.3,12m,15,3,0.3538024622378351,631,-527.3627,14.815,631,-527.3627,20.175,True,True
A002_X10b0d7d_X323f_spw2,HD_23484__Gaia_DR3_4856592239127350400__B6,6,976562.5,273,1886,3271.2,39,27.3,12m,15,4,0.34519331865630964,1635,69.7041,16.84,1635,-79.5626,20.175,True,True
A002_X10b0d7d_X323f_spw2,HD_23484__Gaia_DR3_4856592239127350400__B6,6,976562.5,273,1886,3271.2,39,27.3,12m,15,5,0.3432037858345505,858,2756.5049,14.229,858,2756.5049,20.175,True,True
A002_X10b0d7d_X323f_spw2,HD_23484__Gaia_DR3_4856592239127350400__B6,6,976562.5,273,1886,3271.2,39,27.3,12m,15,6,0.34540878070960696,1386,2905.7716,15.501,1386,2905.7716,20.175,True,True
A002_X10b0d7d_X323f_spw2,HD_23484__Gaia_DR3_4856592239127350400__B6,6,976562.5,273,1886,3271.2,39,27.3,12m,15,7,0.35739879271929254,97,-378.096,14.695,97,-378.096,20.175,True,True
A002_X10b0d7d_X323f_spw2,HD_23484__Gaia_DR3_4856592239127350400__B6,6,976562.5,273,1886,3271.2,39,27.3,12m,15,8,0.33459560036130986,1561,816.0377,15.699,1561,816.0377,20.175,True,True
A002_X10b0d7d_X323f_spw2,HD_23484__Gaia_DR3_4856592239127350400__B6,6,976562.5,273,1886,3271.2,39,27.3,12m,15,9,0.23927075121797667,1242,-527.3627,15.593,1242,-527.3627,20.175,True,True
A002_X10b0d7d_X323f_spw2,HD_23484__Gaia_DR3_4856592239127350400__B6,6,976562.5,273,1886,3271.2,39,27.3,12m,15,10,0.3184531819701711,1225,2308.7047,14.46,1225,2308.7047,20.175,True,True
A002_X10b0d7d_X323f_spw2,HD_23484__Gaia_DR3_4856592239127350400__B6,6,976562.5,273,1886,3271.2,39,27.3,12m,15,11,0.3675933281238557,1087,517.5043,14.118,1087,517.5043,20.175,True,True
A002_X10b0d7d_X323f_spw2,HD_23484__Gaia_DR3_4856592239127350400__B6,6,976562.5,273,1886,3271.2,39,27.3,12m,15,12,0.3576715824659594,102,218.9709,14.829,102,218.9709,20.175,True,True
A002_X10b0d7d_X323f_spw2,HD_23484__Gaia_DR3_4856592239127350400__B6,6,976562.5,273,1886,3271.2,39,27.3,12m,15,13,0.4088841243194133,1664,-1870.763,16.052,1664,-1870.763,20.175,True,True
A002_X10b0d7d_X323f_spw2,HD_23484__Gaia_DR3_4856592239127350400__B6,6,976562.5,273,1886,3271.2,39,27.3,12m,15,14,0.3814395647173836,78,-2020.0297,15.149,78,-2020.0297,20.175,True,True
A002_X10b0d7d_X323f_spw2,HD_23484__Gaia_DR3_4856592239127350400__B6,6,976562.5,273,1886,3271.2,39,27.3,12m,15,15,0.2940444252656639,1460,1413.1045,18.047,1460,1413.1045,20.175,True,True
A002_X1263402_X816f_spw3,HD_89452_B6,6,976562.5,475,1768,3509.1,41,27.3,12m,3,0,0.0803174586108974,1020,-400.8731,2.772,1020,-400.8731,8.577,True,False
A002_X1263402_X816f_spw3,HD_89452_B6,6,976562.5,475,1768,3509.1,41,27.3,12m,3,1,0.0802560614078001,828,-679.1646,6.597,829,-1792.3303,8.577,False,True
A002_X1263402_X816f_spw3,HD_89452_B6,6,976562.5,475,1768,3509.1,41,27.3,12m,3,2,0.07606567731001326,1305,-1096.6017,4.349,1305,-1096.6017,8.577,True,False
A002_X1263402_X816f_spw3,HD_89452_B6,6,976562.5,475,1768,3509.1,41,27.3,12m,3,3,0.06898382769165036,1364,-957.456,2.37,1363,434.0012,8.577,False,False
A002_X1263402_X816f_spw3,HD_89452_B6,6,976562.5,475,1768,3509.1,41,27.3,12m,3,4,0.0767660789328963,672,-1931.476,2.134,672,-2627.2046,8.474,False,False
A002_X1263402_X816f_spw3,HD_89452_B6,6,976562.5,475,1768,3509.1,41,27.3,12m,3,5,0.07836130357395817,840,-679.1646,3.553,840,-679.1646,8.577,True,False
A002_X1263402_X816f_spw3,HD_89452_B6,6,976562.5,475,1768,3509.1,41,27.3,12m,3,6,0.08020750206150662,960,1129.7298,2.702,960,1129.7298,8.577,True,False
A002_X1263402_X816f_spw3,HD_89452_B6,6,976562.5,475,1768,3509.1,41,27.3,12m,3,7,0.07276752101793385,1209,1408.0212,4.142,1209,1408.0212,8.577,True,False
A002_X1263402_X816f_spw3,HD_89452_B6,6,976562.5,475,1768,3509.1,41,27.3,12m,3,8,0.0728851069006659,1279,1825.4584,4.518,1279,1825.4584,8.577,True,False
A002_X1263402_X816f_spw3,HD_89452_B6,6,976562.5,475,1768,3509.1,41,27.3,12m,3,9,0.07469222550728746,1157,573.1469,2.379,1158,-1931.476,8.577,False,False
A002_X1263402_X816f_spw3,HD_89452_B6,6,976562.5,475,1768,3509.1,41,27.3,12m,3,10,0.0760541794296247,1189,-1374.8932,4.144,1189,-1374.8932,8.577,True,False
A002_X1263402_X816f_spw3,HD_89452_B6,6,976562.5,475,1768,3509.1,41,27.3,12m,3,11,0.10035713801396173,108,2660.3327,4.074,107,-122.5817,8.577,False,False
A002_X1263402_X816f_spw3,HD_89452_B6,6,976562.5,475,1768,3509.1,41,27.3,12m,3,12,0.07908199450879934,1008,2242.8955,4.084,1008,2242.8955,8.577,True,False
A002_X1263402_X816f_spw3,HD_89452_B6,6,976562.5,475,1768,3509.1,41,27.3,12m,3,13,0.07444405220073362,934,-1653.1846,5.126,935,1129.7298,8.577,False,True
A002_X1263402_X816f_spw3,HD_89452_B6,6,976562.5,475,1768,3509.1,41,27.3,12m,3,14,0.06834783757293876,1036,1129.7298,3.179,1035,-1931.476,8.577,False,False
A002_X1263402_X816f_spw3,HD_89452_B6,6,976562.5,475,1768,3509.1,41,27.3,12m,3,15,0.07726951881717214,1320,-2070.6218,6.839,1320,-2627.2046,8.577,False,True
A002_X1263402_X816f_spw3,HD_89452_B6,6,976562.5,475,1768,3509.1,41,27.3,12m,4,0,0.09396087036465069,387,-1792.3303,3.953,387,-1374.8932,8.577,False,False
A002_X1263402_X816f_spw3,HD_89452_B6,6,976562.5,475,1768,3509.1,41,27.3,12m,4,1,0.10086390316890986,1428,-122.5817,5.214,1428,-122.5817,8.577,True,True
A002_X1263402_X816f_spw3,HD_89452_B6,6,976562.5,475,1768,3509.1,41,27.3,12m,4,2,0.09820057373063532,451,-2766.3504,6.479,451,-2766.3504,8.577,True,True
A002_X1263402_X816f_spw3,HD_89452_B6,6,976562.5,475,1768,3509.1,41,27.3,12m,4,3,0.09717558234818213,315,-1792.3303,5.258,315,-1792.3303,8.577,True,True
A002_X1263402_X816f_spw3,HD_89452_B6,6,976562.5,475,1768,3509.1,41,27.3,12m,4,4,0.09565834800554711,1252,1547.1669,4.022,1252,1547.1669,8.577,True,False
A002_X1263402_X816f_spw3,HD_89452_B6,6,976562.5,475,1768,3509.1,41,27.3,12m,4,5,0.10192752635075532,188,-400.8731,4.151,188,-400.8731,8.577,True,False
A002_X1263402_X816f_spw3,HD_89452_B6,6,976562.5,475,1768,3509.1,41,27.3,12m,4,6,0.09854357557778377,888,294.8555,3.011,888,294.8555,8.577,True,False
A002_X1263402_X816f_spw3,HD_89452_B6,6,976562.5,475,1768,3509.1,41,27.3,12m,4,7,0.10114807585629688,1123,-122.5817,5.685,1123,-122.5817,8.577,True,True
A002_X1263402_X816f_spw3,HD_89452_B6,6,976562.5,475,1768,3509.1,41,27.3,12m,4,8,0.0755402454488632,332,1964.6041,7.24,332,1825.4584,8.577,True,True
A002_X1263402_X816f_spw3,HD_89452_B6,6,976562.5,475,1768,3509.1,41,27.3,12m,4,9,0.08492655294904472,1434,-1653.1846,5.816,1434,-1653.1846,8.577,True,True
A002_X1263402_X816f_spw3,HD_89452_B6,6,976562.5,475,1768,3509.1,41,27.3,12m,4,10,0.09628486261838948,1347,-261.7274,3.427,1347,-261.7274,8.577,True,False
A002_X1263402_X816f_spw3,HD_89452_B6,6,976562.5,475,1768,3509.1,41,27.3,12m,4,11,0.10107976580659088,281,2242.8955,4.006,280,1964.6041,8.577,False,False
A002_X1263402_X816f_spw3,HD_89452_B6,6,976562.5,475,1768,3509.1,41,27.3,12m,4,12,0.10575418657346461,832,1686.3126,8.004,832,294.8555,8.577,False,True
A002_X1263402_X816f_spw3,HD_89452_B6,6,976562.5,475,1768,3509.1,41,27.3,12m,4,13,0.10357979514658419,899,-122.5817,5.035,899,-122.5817,8.577,True,True
A002_X1263402_X816f_spw3,HD_89452_B6,6,976562.5,475,1768,3509.1,41,27.3,12m,4,14,0.09552877819687268,286,2103.7498,3.725,286,2103.7498,8.577,True,False
A002_X1263402_X816f_spw3,HD_89452_B6,6,976562.5,475,1768,3509.1,41,27.3,12m,4,15,0.10569623356376458,886,-818.3103,3.907,886,-818.3103,8.577,True,False
A002_X1263402_X816f_spw3,HD_89452_B6,6,976562.5,475,1768,3509.1,41,27.3,12m,5,0,0.12247747684596928,209,-1096.6017,4.126,209,1268.8755,8.577,False,False
A002_X1263402_X816f_spw3,HD_89452_B6,6,976562.5,475,1768,3509.1,41,27.3,12m,5,1,0.12704143454783362,1015,1129.7298,4.315,1015,1129.7298,8.577,True,False
A002_X1263402_X816f_spw3,HD_89452_B6,6,976562.5,475,1768,3509.1,41,27.3,12m,5,2,0.11962973278389412,196,1686.3126,3.84,196,1686.3126,8.577,True,False
A002_X1263402_X816f_spw3,HD_89452_B6,6,976562.5,475,1768,3509.1,41,27.3,12m,5,3,0.1229137561383448,1679,-1096.6017,4.401,1679,-1096.6017,8.577,True,False
A002_X1263402_X816f_spw3,HD_89452_B6,6,976562.5,475,1768,3509.1,41,27.3,12m,5,4,0.13181620828361074,1078,2521.187,4.23,1078,2521.187,8.577,True,False
A002_X1263402_X816f_spw3,HD_89452_B6,6,976562.5,475,1768,3509.1,41,27.3,12m,5,5,0.19887572379115478,114,-540.0189,5.478,114,-540.0189,8.577,True,True
A002_X1263402_X816f_spw3,HD_89452_B6,6,976562.5,475,1768,3509.1,41,27.3,12m,5,6,0.12610717497997917,1284,1547.1669,4.531,1284,1547.1669,8.577,True,False
A002_X1263402_X816f_spw3,HD_89452_B6,6,976562.5,475,1768,3509.1,41,27.3,12m,5,7,0.11400727263342603,526,294.8555,3.642,526,434.0012,8.577,True,False
A002_X1263402_X816f_spw3,HD_89452_B6,6,976562.5,475,1768,3509.1,41,27.3,12m,5,8,0.12036880346907891,1550,-1792.3303,5.436,1550,-1792.3303,8.577,True,True
A002_X1263402_X816f_spw3,HD_89452_B6,6,976562.5,475,1768,3509.1,41,27.3,12m,5,9,0.12764276014820522,795,-122.5817,5.459,795,-122.5817,8.577,True,True
A002_X1263402_X816f_spw3,HD_89452_B6,6,976562.5,475,1768,3509.1,41,27.3,12m,5,10,0.11692012795699361,313,-1514.0389,6.409,313,-1514.0389,8.577,True,True
A002_X1263402_X816f_spw3,HD_89452_B6,6,976562.5,475,1768,3509.1,41,27.3,12m,5,11,0.1309902047798068,1065,2242.8955,3.491,1065,2242.8955,8.577,True,False
A002_X1263402_X816f_spw3,HD_89452_B6,6,976562.5,475,1768,3509.1,41,27.3,12m,5,12,0.12199342607251562,400,1408.0212,4.582,400,1408.0212,8.577,True,False
A002_X1263402_X816f_spw3,HD_89452_B6,6,976562.5,475,1768,3509.1,41,27.3,12m,5,13,0.11277099423582486,472,573.1469,4.416,472,573.1469,8.577,True,False
A002_X1263402_X816f_spw3,HD_89452_B6,6,976562.5,475,1768,3509.1,41,27.3,12m,5,14,0.10813085727454975,1673,-1792.3303,5.871,1673,-1792.3303,8.577,True,True
A002_X1263402_X816f_spw3,HD_89452_B6,6,976562.5,475,1768,3509.1,41,27.3,12m,5,15,0.14091550126560154,82,-400.8731,4.973,82,-400.8731,8.577,True,False
A002_X1263402_X816f_spw3,HD_89452_B6,6,976562.5,475,1768,3509.1,41,27.3,12m,6,0,0.14853516354939902,830,-818.3103,11.104,830,-957.456,11.104,True,True
A002_X1263402_X816f_spw3,HD_89452_B6,6,976562.5,475,1768,3509.1,41,27.3,12m,6,1,0.14099033193141172,1620,-2209.7675,7.622,1620,-2209.7675,8.577,True,True
A002_X1263402_X816f_spw3,HD_89452_B6,6,976562.5,475,1768,3509.1,41,27.3,12m,6,2,0.15098679790826502,1236,2103.7498,6.703,1236,2103.7498,8.577,True,True
A002_X1263402_X816f_spw3,HD_89452_B6,6,976562.5,475,1768,3509.1,41,27.3,12m,6,3,0.1531086608402674,735,-2209.7675,6.438,735,-2209.7675,8.577,True,True
A002_X1263402_X816f_spw3,HD_89452_B6,6,976562.5,475,1768,3509.1,41,27.3,12m,6,4,0.14403401348640976,808,573.1469,7.622,808,573.1469,8.577,True,True
A002_X1263402_X816f_spw3,HD_89452_B6,6,976562.5,475,1768,3509.1,41,27.3,12m,6,5,0.1620715672182917,1012,2660.3327,5.804,1012,2660.3327,8.577,True,True
A002_X1263402_X816f_spw3,HD_89452_B6,6,976562.5,475,1768,3509.1,41,27.3,12m,6,6,0.1391345030488314,635,1825.4584,7.523,635,1825.4584,8.572,True,True
A002_X1263402_X816f_spw3,HD_89452_B6,6,976562.5,475,1768,3509.1,41,27.3,12m,6,7,0.13864108760618796,218,434.0012,5.716,218,434.0012,8.577,True,True
A002_X1263402_X816f_spw3,HD_89452_B6,6,976562.5,475,1768,3509.1,41,27.3,12m,6,8,0.14382903795804916,1608,1547.1669,5.749,1608,1547.1669,8.577,True,True
A002_X1263402_X816f_spw3,HD_89452_B6,6,976562.5,475,1768,3509.1,41,27.3,12m,6,9,0.14101971672448446,348,712.2926,5.044,348,712.2926,8.577,True,True
A002_X1263402_X816f_spw3,HD_89452_B6,6,976562.5,475,1768,3509.1,41,27.3,12m,6,10,0.14162102721980013,1581,-1931.476,6.545,1581,-1931.476,8.577,True,True
A002_X1263402_X816f_spw3,HD_89452_B6,6,976562.5,475,1768,3509.1,41,27.3,12m,6,11,0.13424787050421538,1527,-2627.2046,7.58,1527,-2627.2046,8.577,True,True
A002_X1263402_X816f_spw3,HD_89452_B6,6,976562.5,475,1768,3509.1,41,27.3,12m,6,12,0.16785295409201623,1229,573.1469,6.094,1229,573.1469,8.577,True,True
A002_X1263402_X816f_spw3,HD_89452_B6,6,976562.5,475,1768,3509.1,41,27.3,12m,6,13,0.15837995551461506,723,-122.5817,4.466,723,-122.5817,8.577,True,False
A002_X1263402_X816f_spw3,HD_89452_B6,6,976562.5,475,1768,3509.1,41,27.3,12m,6,14,0.1425883476329315,946,-957.456,5.843,946,-957.456,8.577,True,True
A002_X1263402_X816f_spw3,HD_89452_B6,6,976562.5,475,1768,3509.1,41,27.3,12m,6,15,0.13209101413167046,533,155.7097,6.318,533,155.7097,8.577,True,True
A002_X1263402_X816f_spw3,HD_89452_B6,6,976562.5,475,1768,3509.1,41,27.3,12m,7,0,0.1675130826505006,644,851.4383,6.617,644,851.4383,8.553,True,True
A002_X1263402_X816f_spw3,HD_89452_B6,6,976562.5,475,1768,3509.1,41,27.3,12m,7,1,0.15818602808308332,437,-2627.2046,7.928,437,-2627.2046,8.577,True,True
A002_X1263402_X816f_spw3,HD_89452_B6,6,976562.5,475,1768,3509.1,41,27.3,12m,7,2,0.1769112691305913,1202,294.8555,7.024,1202,294.8555,8.577,True,True
A002_X1263402_X816f_spw3,HD_89452_B6,6,976562.5,475,1768,3509.1,41,27.3,12m,7,3,0.16387494915319079,467,-2070.6218,6.664,467,-2070.6218,8.577,True,True
A002_X1263402_X816f_spw3,HD_89452_B6,6,976562.5,475,1768,3509.1,41,27.3,12m,7,4,0.17354678861721853,674,-679.1646,8.358,675,-2627.2046,8.45,False,True
A002_X1263402_X816f_spw3,HD_89452_B6,6,976562.5,475,1768,3509.1,41,27.3,12m,7,5,0.1647926904157284,626,434.0012,6.798,626,434.0012,8.553,True,True
A002_X1263402_X816f_spw3,HD_89452_B6,6,976562.5,475,1768,3509.1,41,27.3,12m,7,6,0.16648866414748892,701,1547.1669,4.874,701,1547.1669,8.522,True,False
A002_X1263402_X816f_spw3,HD_89452_B6,6,976562.5,475,1768,3509.1,41,27.3,12m,7,7,0.17415812320968302,915,-818.3103,6.602,915,-818.3103,8.577,True,True
A002_X1263402_X816f_spw3,HD_89452_B6,6,976562.5,475,1768,3509.1,41,27.3,12m,7,8,0.1696261672102903,555,-679.1646,7.11,555,-679.1646,8.577,True,True
A002_X1263402_X816f_spw3,HD_89452_B6,6,976562.5,475,1768,3509.1,41,27.3,12m,7,9,0.16819264629158115,1332,2242.8955,6.615,1332,2242.8955,8.577,True,True
A002_X1263402_X816f_spw3,HD_89452_B6,6,976562.5,475,1768,3509.1,41,27.3,12m,7,10,0.15985146950197776,1702,294.8555,7.789,1702,294.8555,8.577,True,True
A002_X1263402_X816f_spw3,HD_89452_B6,6,976562.5,475,1768,3509.1,41,27.3,12m,7,11,0.1616056832180253,1592,-1653.1846,6.257,1592,-1653.1846,8.577,True,True
A002_X1263402_X816f_spw3,HD_89452_B6,6,976562.5,475,1768,3509.1,41,27.3,12m,7,12,0.1767150516939287,726,2382.0412,6.182,726,2382.0412,8.488,True,True
A002_X1263402_X816f_spw3,HD_89452_B6,6,976562.5,475,1768,3509.1,41,27.3,12m,7,13,0.17772100898026116,1290,1268.8755,8.012,1290,1268.8755,8.577,True,True
A002_X1263402_X816f_spw3,HD_89452_B6,6,976562.5,475,1768,3509.1,41,27.3,12m,7,14,0.1534963808228539,1437,-1792.3303,7.026,1437,-1792.3303,8.577,True,True
A002_X1263402_X816f_spw3,HD_89452_B6,6,976562.5,475,1768,3509.1,41,27.3,12m,7,15,0.16155269361222654,590,712.2926,7.801,590,712.2926,8.573,True,True
A002_X1263402_X816f_spw3,HD_89452_B6,6,976562.5,475,1768,3509.1,41,27.3,12m,8,0,0.19946914834716717,1446,-1374.8932,8.393,1446,-1374.8932,8.577,True,True
A002_X1263402_X816f_spw3,HD_89452_B6,6,976562.5,475,1768,3509.1,41,27.3,12m,8,1,0.18593378360981097,1524,-957.456,7.92,1524,-957.456,8.577,True,True
A002_X1263402_X816f_spw3,HD_89452_B6,6,976562.5,475,1768,3509.1,41,27.3,12m,8,2,0.21366883684062743,776,-1792.3303,8.742,776,-1792.3303,8.742,True,True
A002_X1263402_X816f_spw3,HD_89452_B6,6,976562.5,475,1768,3509.1,41,27.3,12m,8,3,0.18769008208791557,862,2660.3327,5.905,862,2660.3327,8.577,True,True
A002_X1263402_X816f_spw3,HD_89452_B6,6,976562.5,475,1768,3509.1,41,27.3,12m,8,4,0.19219159415874829,1655,155.7097,9.257,1655,155.7097,9.257,True,True
A002_X1263402_X816f_spw3,HD_89452_B6,6,976562.5,475,1768,3509.1,41,27.3,12m,8,5,0.20109315333406869,709,2382.0412,9.11,709,2382.0412,9.11,True,True
A002_X1263402_X816f_spw3,HD_89452_B6,6,976562.5,475,1768,3509.1,41,27.3,12m,8,6,0.18818978257183835,362,-122.5817,9.201,362,-122.5817,9.201,True,True
A002_X1263402_X816f_spw3,HD_89452_B6,6,976562.5,475,1768,3509.1,41,27.3,12m,8,7,0.18997628924721066,203,-818.3103,8.699,203,-818.3103,8.699,True,True
A002_X1263402_X816f_spw3,HD_89452_B6,6,976562.5,475,1768,3509.1,41,27.3,12m,8,8,0.20295267801398617,1030,-2070.6218,6.927,1030,-2070.6218,8.577,True,True
A002_X1263402_X816f_spw3,HD_89452_B6,6,976562.5,475,1768,3509.1,41,27.3,12m,8,9,0.21079637874659451,1109,1129.7298,7.122,1109,1129.7298,8.577,True,True
A002_X1263402_X816f_spw3,HD_89452_B6,6,976562.5,475,1768,3509.1,41,27.3,12m,8,10,0.18350623744878913,1390,1825.4584,9.587,1390,1825.4584,9.587,True,True
A002_X1263402_X816f_spw3,HD_89452_B6,6,976562.5,475,1768,3509.1,41,27.3,12m,8,11,0.18277920931565544,1601,434.0012,9.048,1601,434.0012,9.048,True,True
A002_X1263402_X816f_spw3,HD_89452_B6,6,976562.5,475,1768,3509.1,41,27.3,12m,8,12,0.18984903757161142,585,1408.0212,6.098,585,1408.0212,8.577,True,True
A002_X1263402_X816f_spw3,HD_89452_B6,6,976562.5,475,1768,3509.1,41,27.3,12m,8,13,0.1867393813999761,242,1686.3126,8.338,242,1686.3126,8.577,True,True
A002_X1263402_X816f_spw3,HD_89452_B6,6,976562.5,475,1768,3509.1,41,27.3,12m,8,14,0.18119202476013915,610,573.1469,8.273,610,573.1469,8.571,True,True
A002_X1263402_X816f_spw3,HD_89452_B6,6,976562.5,475,1768,3509.1,41,27.3,12m,8,15,0.19624130326448866,530,2660.3327,7.397,530,2660.3327,8.577,True,True
A002_X1263402_X816f_spw3,HD_89452_B6,6,976562.5,475,1768,3509.1,41,27.3,12m,10,0,0.2394727168995746,585,434.0012,8.534,585,434.0012,8.577,True,True
A002_X1263402_X816f_spw3,HD_89452_B6,6,976562.5,475,1768,3509.1,41,27.3,12m,10,1,0.23927386841508155,1572,434.0012,7.997,1572,434.0012,8.577,True,True
A002_X1263402_X816f_spw3,HD_89452_B6,6,976562.5,475,1768,3509.1,41,27.3,12m,10,2,0.2652312245665955,193,-818.3103,9.504,193,-818.3103,9.504,True,True
A002_X1263402_X816f_spw3,HD_89452_B6,6,976562.5,475,1768,3509.1,41,27.3,12m,10,3,0.2293757002018494,625,1825.4584,9.675,625,1825.4584,9.675,True,True
A002_X1263402_X816f_spw3,HD_89452_B6,6,976562.5,475,1768,3509.1,41,27.3,12m,10,4,0.2567739941298368,1268,2103.7498,9.776,1268,2103.7498,9.776,True,True
A002_X1263402_X816f_spw3,HD_89452_B6,6,976562.5,475,1768,3509.1,41,27.3,12m,10,5,0.24340120617915773,1435,1686.3126,9.071,1435,1686.3126,9.071,True,True
A002_X1263402_X816f_spw3,HD_89452_B6,6,976562.5,475,1768,3509.1,41,27.3,12m,10,6,0.24009904549222852,221,573.1469,8.409,221,573.1469,8.577,True,True
A002_X1263402_X816f_spw3,HD_89452_B6,6,976562.5,475,1768,3509.1,41,27.3,12m,10,7,0.3321015388876465,104,434.0012,8.541,104,434.0012,8.577,True,True
A002_X1263402_X816f_spw3,HD_89452_B6,6,976562.5,475,1768,3509.1,41,27.3,12m,10,8,0.23054580645709766,615,1686.3126,8.607,615,1686.3126,8.607,True,True
A002_X1263402_X816f_spw3,HD_89452_B6,6,976562.5,475,1768,3509.1,41,27.3,12m,10,9,0.2577147946983954,1553,851.4383,8.698,1553,851.4383,8.698,True,True
A002_X1263402_X816f_spw3,HD_89452_B6,6,976562.5,475,1768,3509.1,41,27.3,12m,10,10,0.24639098607347534,666,-1235.7474,9.966,666,-1235.7474,9.966,True,True
A002_X1263402_X816f_spw3,HD_89452_B6,6,976562.5,475,1768,3509.1,41,27.3,12m,10,11,0.26052322796888727,837,2103.7498,11.345,837,2103.7498,11.345,True,True
A002_X1263402_X816f_spw3,HD_89452_B6,6,976562.5,475,1768,3509.1,41,27.3,12m,10,12,0.24817631203387394,373,2799.4784,9.54,373,2799.4784,9.54,True,True
A002_X1263402_X816f_spw3,HD_89452_B6,6,976562.5,475,1768,3509.1,41,27.3,12m,10,13,0.2302490687861101,887,-2488.0589,8.946,887,-2488.0589,8.946,True,True
A002_X1263402_X816f_spw3,HD_89452_B6,6,976562.5,475,1768,3509.1,41,27.3,12m,10,14,0.23990121213081408,354,434.0012,9.617,354,434.0012,9.617,True,True
A002_X1263402_X816f_spw3,HD_89452_B6,6,976562.5,475,1768,3509.1,41,27.3,12m,10,15,0.25596191103688265,1149,-261.7274,11.076,1149,-261.7274,11.076,True,True
A002_X1263402_X816f_spw3,HD_89452_B6,6,976562.5,475,1768,3509.1,41,27.3,12m,12,0,0.27086635588096686,394,434.0012,12.272,394,434.0012,12.272,True,True
A002_X1263402_X816f_spw3,HD_89452_B6,6,976562.5,475,1768,3509.1,41,27.3,12m,12,1,0.2804326078581601,553,294.8555,13.263,553,294.8555,13.263,True,True
A002_X1263402_X816f_spw3,HD_89452_B6,6,976562.5,475,1768,3509.1,41,27.3,12m,12,2,0.31115198542825173,1137,-1653.1846,11.657,1137,-1653.1846,11.657,True,True
A002_X1263402_X816f_spw3,HD_89452_B6,6,976562.5,475,1768,3509.1,41,27.3,12m,12,3,0.29390407107996974,1262,851.4383,12.832,1262,851.4383,12.832,True,True
A002_X1263402_X816f_spw3,HD_89452_B6,6,976562.5,475,1768,3509.1,41,27.3,12m,12,4,0.33973246217183956,1000,712.2926,12.467,1000,712.2926,12.467,True,True
A002_X1263402_X816f_spw3,HD_89452_B6,6,976562.5,475,1768,3509.1,41,27.3,12m,12,5,0.312974236523462,1135,990.584,12.057,1135,990.584,12.057,True,True
A002_X1263402_X816f_spw3,HD_89452_B6,6,976562.5,475,1768,3509.1,41,27.3,12m,12,6,0.277312412197973,1647,1547.1669,12.384,1647,1547.1669,12.384,True,True
A002_X1263402_X816f_spw3,HD_89452_B6,6,976562.5,475,1768,3509.1,41,27.3,12m,12,7,0.31045005114465796,1117,-1096.6017,11.431,1117,-1096.6017,11.431,True,True
A002_X1263402_X816f_spw3,HD_89452_B6,6,976562.5,475,1768,3509.1,41,27.3,12m,12,8,0.2963839540006645,616,-2488.0589,11.138,616,-2488.0589,11.138,True,True
A002_X1263402_X816f_spw3,HD_89452_B6,6,976562.5,475,1768,3509.1,41,27.3,12m,12,9,0.36731327537514863,98,-400.8731,10.897,98,-400.8731,10.897,True,True
A002_X1263402_X816f_spw3,HD_89452_B6,6,976562.5,475,1768,3509.1,41,27.3,12m,12,10,0.2646443242369609,1432,712.2926,11.352,1432,712.2926,11.352,True,True
A002_X1263402_X816f_spw3,HD_89452_B6,6,976562.5,475,1768,3509.1,41,27.3,12m,12,11,0.2740086882709901,555,-1931.476,11.024,555,-1931.476,11.024,True,True
A002_X1263402_X816f_spw3,HD_89452_B6,6,976562.5,475,1768,3509.1,41,27.3,12m,12,12,0.29919424836763947,890,-679.1646,10.759,890,-679.1646,10.759,True,True
A002_X1263402_X816f_spw3,HD_89452_B6,6,976562.5,475,1768,3509.1,41,27.3,12m,12,13,0.2957080511134245,616,851.4383,12.087,616,851.4383,12.087,True,True
A002_X1263402_X816f_spw3,HD_89452_B6,6,976562.5,475,1768,3509.1,41,27.3,12m,12,14,0.3227200522566684,164,2521.187,13.103,164,2521.187,13.103,True,True
A002_X1263402_X816f_spw3,HD_89452_B6,6,976562.5,475,1768,3509.1,41,27.3,12m,12,15,0.26434869884135725,1234,1129.7298,12.505,1234,1129.7298,12.505,True,True
A002_X1263402_X816f_spw3,HD_89452_B6,6,976562.5,475,1768,3509.1,41,27.3,12m,15,0,0.35896987669297353,387,851.4383,16.074,387,851.4383,16.074,True,True
A002_X1263402_X816f_spw3,HD_89452_B6,6,976562.5,475,1768,3509.1,41,27.3,12m,15,1,0.3624969344150175,1311,1547.1669,13.768,1311,1547.1669,13.768,True,True
A002_X1263402_X816f_spw3,HD_89452_B6,6,976562.5,475,1768,3509.1,41,27.3,12m,15,2,0.35111508065157515,606,-2209.7675,15.463,606,-2209.7675,15.463,True,True
A002_X1263402_X816f_spw3,HD_89452_B6,6,976562.5,475,1768,3509.1,41,27.3,12m,15,3,0.37569321969875275,899,-1792.3303,14.535,899,-1792.3303,14.535,True,True
A002_X1263402_X816f_spw3,HD_89452_B6,6,976562.5,475,1768,3509.1,41,27.3,12m,15,4,0.3581945731983391,227,573.1469,15.351,227,573.1469,15.351,True,True
A002_X1263402_X816f_spw3,HD_89452_B6,6,976562.5,475,1768,3509.1,41,27.3,12m,15,5,0.36184485607204525,631,-400.8731,14.992,631,-400.8731,14.992,True,True
A002_X1263402_X816f_spw3,HD_89452_B6,6,976562.5,475,1768,3509.1,41,27.3,12m,15,6,0.35335647418524735,1590,-679.1646,12.666,1590,-679.1646,12.666,True,True
A002_X1263402_X816f_spw3,HD_89452_B6,6,976562.5,475,1768,3509.1,41,27.3,12m,15,7,0.38415896432897556,1692,-2209.7675,14.523,1692,-2209.7675,14.523,True,True
A002_X1263402_X816f_spw3,HD_89452_B6,6,976562.5,475,1768,3509.1,41,27.3,12m,15,8,0.33791206111024463,1355,-818.3103,10.236,1355,-818.3103,10.236,True,True
A002_X1263402_X816f_spw3,HD_89452_B6,6,976562.5,475,1768,3509.1,41,27.3,12m,15,9,0.36572954137224983,1568,-1096.6017,16.062,1568,-1096.6017,16.062,True,True
A002_X1263402_X816f_spw3,HD_89452_B6,6,976562.5,475,1768,3509.1,41,27.3,12m,15,10,0.3361085435507917,1633,155.7097,16.187,1633,155.7097,16.187,True,True
A002_X1263402_X816f_spw3,HD_89452_B6,6,976562.5,475,1768,3509.1,41,27.3,12m,15,11,0.37542922894499686,1397,1686.3126,14.023,1397,1686.3126,14.023,True,True
A002_X1263402_X816f_spw3,HD_89452_B6,6,976562.5,475,1768,3509.1,41,27.3,12m,15,12,0.30995268165314804,470,2521.187,17.904,470,2521.187,17.904,True,True
A002_X1263402_X816f_spw3,HD_89452_B6,6,976562.5,475,1768,3509.1,41,27.3,12m,15,13,0.3621409652856931,1541,1686.3126,15.389,1541,1686.3126,15.389,True,True
A002_X1263402_X816f_spw3,HD_89452_B6,6,976562.5,475,1768,3509.1,41,27.3,12m,15,14,0.3463651687692902,1576,-1235.7474,14.66,1576,-1235.7474,14.66,True,True
A002_X1263402_X816f_spw3,HD_89452_B6,6,976562.5,475,1768,3509.1,41,27.3,12m,15,15,0.36187367152797495,1434,2799.4784,14.425,1434,2799.4784,14.425,True,True
A002_X1207c39_X9417_spw1,HD_69830_B7,7,244140.625,480,442,4331.7,275,19.6,12m,3,0,0.021404963282853063,166,-585.6926,18.899,167,2795.9813,20.89,False,True
A002_X1207c39_X9417_spw1,HD_69830_B7,7,244140.625,480,442,4331.7,275,19.6,12m,3,1,0.02173881564021504,339,-1008.4019,4.729,339,1809.6597,20.895,False,False
A002_X1207c39_X9417_spw1,HD_69830_B7,7,244140.625,480,442,4331.7,275,19.6,12m,3,2,0.021614380819053397,210,2063.2853,5.036,210,2063.2853,20.888,True,True
A002_X1207c39_X9417_spw1,HD_69830_B7,7,244140.625,480,442,4331.7,275,19.6,12m,3,3,0.02243331982650656,75,2176.0078,5.533,75,-3685.5604,20.894,False,True
A002_X1207c39_X9417_spw1,HD_69830_B7,7,244140.625,480,442,4331.7,275,19.6,12m,3,4,0.02148477961340179,192,-2981.045,4.72,192,3359.5936,20.89,False,False
A002_X1207c39_X9417_spw1,HD_69830_B7,7,244140.625,480,442,4331.7,275,19.6,12m,3,5,0.02094089514153016,184,-2107.4459,5.069,183,2824.1619,20.886,False,True
A002_X1207c39_X9417_spw1,HD_69830_B7,7,244140.625,480,442,4331.7,275,19.6,12m,3,6,0.024033672675009457,194,3359.5936,4.991,195,3556.8579,20.921,False,False
A002_X1207c39_X9417_spw1,HD_69830_B7,7,244140.625,480,442,4331.7,275,19.6,12m,3,7,0.0225838139301997,142,2035.1047,18.209,143,316.0871,20.88,False,True
A002_X1207c39_X9417_spw1,HD_69830_B7,7,244140.625,480,442,4331.7,275,19.6,12m,3,8,0.022405309892875227,252,-1346.5692,8.598,252,-895.6794,20.895,False,True
A002_X1207c39_X9417_spw1,HD_69830_B7,7,244140.625,480,442,4331.7,275,19.6,12m,3,9,0.015848904283110473,138,231.5453,18.287,138,-247.5252,20.88,False,True
A002_X1207c39_X9417_spw1,HD_69830_B7,7,244140.625,480,442,4331.7,275,19.6,12m,3,10,0.01974025884674685,297,316.0871,7.952,298,-191.164,20.895,False,True
A002_X1207c39_X9417_spw1,HD_69830_B7,7,244140.625,480,442,4331.7,275,19.6,12m,3,11,0.01989217983849812,116,1076.9637,18.869,117,-2361.0714,20.888,False,True
A002_X1207c39_X9417_spw1,HD_69830_B7,7,244140.625,480,442,4331.7,275,19.6,12m,3,12,0.021527026824036625,318,3021.4262,7.913,317,2035.1047,20.895,False,True
A002_X1207c39_X9417_spw1,HD_69830_B7,7,244140.625,480,442,4331.7,275,19.6,12m,3,13,0.021121644308471035,338,3218.6905,4.852,337,1668.7567,20.895,False,False
A002_X1207c39_X9417_spw1,HD_69830_B7,7,244140.625,480,442,4331.7,275,19.6,12m,3,14,0.0208387612832948,369,3049.6069,3.31,369,34.2809,20.895,False,False
A002_X1207c39_X9417_spw1,HD_69830_B7,7,244140.625,480,442,4331.7,275,19.6,12m,3,15,0.02381694049190139,366,3021.4262,3.82,366,3754.1223,20.895,False,False
A002_X1207c39_X9417_spw1,HD_69830_B7,7,244140.625,480,442,4331.7,275,19.6,12m,4,0,0.030127819425788353,366,1443.3117,5.258,366,1443.3117,20.895,True,True
A002_X1207c39_X9417_spw1,HD_69830_B7,7,244140.625,480,442,4331.7,275,19.6,12m,4,1,0.02844696655891243,251,-1121.1243,10.138,251,-1092.9437,20.895,True,True
A002_X1207c39_X9417_spw1,HD_69830_B7,7,244140.625,480,442,4331.7,275,19.6,12m,4,2,0.029304623933944028,258,1358.7699,7.999,257,-303.8865,20.895,False,True
A002_X1207c39_X9417_spw1,HD_69830_B7,7,244140.625,480,442,4331.7,275,19.6,12m,4,3,0.029962754579992472,318,1302.4087,7.819,317,2035.1047,20.895,False,True
A002_X1207c39_X9417_spw1,HD_69830_B7,7,244140.625,480,442,4331.7,275,19.6,12m,4,4,0.02498656511449857,354,1302.4087,6.746,354,1302.4087,20.895,True,True
A002_X1207c39_X9417_spw1,HD_69830_B7,7,244140.625,480,442,4331.7,275,19.6,12m,4,5,0.028093083584685777,218,-2699.2388,5.985,219,-3713.741,20.894,False,True
A002_X1207c39_X9417_spw1,HD_69830_B7,7,244140.625,480,442,4331.7,275,19.6,12m,4,6,0.027082871227754747,230,936.0607,8.525,229,-3601.0185,20.891,False,True
A002_X1207c39_X9417_spw1,HD_69830_B7,7,244140.625,480,442,4331.7,275,19.6,12m,4,7,0.02995474926118426,202,-3262.8511,4.437,202,-3262.8511,20.893,True,False
A002_X1207c39_X9417_spw1,HD_69830_B7,7,244140.625,480,442,4331.7,275,19.6,12m,4,8,0.02849489466953575,194,-162.9834,4.492,195,3556.8579,20.886,False,False
A002_X1207c39_X9417_spw1,HD_69830_B7,7,244140.625,480,442,4331.7,275,19.6,12m,4,9,0.028779999040271106,314,-3572.8379,7.707,314,1668.7567,20.895,False,True
A002_X1207c39_X9417_spw1,HD_69830_B7,7,244140.625,480,442,4331.7,275,19.6,12m,4,10,0.028470864063789705,84,1189.6862,4.588,83,-3178.3093,20.866,False,False
A002_X1207c39_X9417_spw1,HD_69830_B7,7,244140.625,480,442,4331.7,275,19.6,12m,4,11,0.02984291953088932,85,3472.3161,5.077,85,3472.3161,20.894,True,True
A002_X1207c39_X9417_spw1,HD_69830_B7,7,244140.625,480,442,4331.7,275,19.6,12m,4,12,0.028197898005367327,324,2570.5364,8.321,323,2795.9813,20.895,False,True
A002_X1207c39_X9417_spw1,HD_69830_B7,7,244140.625,480,442,4331.7,275,19.6,12m,4,13,0.03057122027662264,361,626.0739,4.663,362,3415.9549,20.895,False,False
A002_X1207c39_X9417_spw1,HD_69830_B7,7,244140.625,480,442,4331.7,275,19.6,12m,4,14,0.028778081992926842,157,3246.8712,18.698,158,1837.8404,20.915,False,True
A002_X1207c39_X9417_spw1,HD_69830_B7,7,244140.625,480,442,4331.7,275,19.6,12m,4,15,0.029116322600849676,288,1556.0342,8.812,289,3359.5936,20.895,False,True
A002_X1207c39_X9417_spw1,HD_69830_B7,7,244140.625,480,442,4331.7,275,19.6,12m,5,0,0.03552428282555682,97,-1290.208,5.702,97,-1290.208,20.875,True,True
A002_X1207c39_X9417_spw1,HD_69830_B7,7,244140.625,480,442,4331.7,275,19.6,12m,5,1,0.03716800722333811,344,-2051.0846,4.881,345,2204.1884,20.895,False,False
A002_X1207c39_X9417_spw1,HD_69830_B7,7,244140.625,480,442,4331.7,275,19.6,12m,5,2,0.03570828592258425,261,-1402.9305,8.047,261,62.4616,20.895,False,True
A002_X1207c39_X9417_spw1,HD_69830_B7,7,244140.625,480,442,4331.7,275,19.6,12m,5,3,0.03705646440645196,75,2035.1047,5.542,75,-3685.5604,20.893,False,True
A002_X1207c39_X9417_spw1,HD_69830_B7,7,244140.625,480,442,4331.7,275,19.6,12m,5,4,0.03140291626269845,328,-416.6089,6.97,329,3585.0386,20.895,False,True
A002_X1207c39_X9417_spw1,HD_69830_B7,7,244140.625,480,442,4331.7,275,19.6,12m,5,5,0.036129266365024074,118,-895.6794,18.957,117,-2361.0714,20.842,False,True
A002_X1207c39_X9417_spw1,HD_69830_B7,7,244140.625,480,442,4331.7,275,19.6,12m,5,6,0.03686163905390067,172,-3403.7542,18.466,171,3246.8712,20.884,False,True
A002_X1207c39_X9417_spw1,HD_69830_B7,7,244140.625,480,442,4331.7,275,19.6,12m,5,7,0.0351741255886838,136,147.0034,19.479,135,-501.1508,20.874,False,True
A002_X1207c39_X9417_spw1,HD_69830_B7,7,244140.625,480,442,4331.7,275,19.6,12m,5,8,0.03790166182807601,177,2711.4395,19.17,177,3810.4835,20.996,False,True
A002_X1207c39_X9417_spw1,HD_69830_B7,7,244140.625,480,442,4331.7,275,19.6,12m,5,9,0.03233616538777843,372,3134.1487,4.456,372,3134.1487,20.895,True,False
A002_X1207c39_X9417_spw1,HD_69830_B7,7,244140.625,480,442,4331.7,275,19.6,12m,5,10,0.03752455704337839,87,2852.3425,5.606,87,2852.3425,20.889,True,True
A002_X1207c39_X9417_spw1,HD_69830_B7,7,244140.625,480,442,4331.7,275,19.6,12m,5,11,0.03222929423673742,121,-332.0671,18.815,120,-2135.6265,20.878,False,True
A002_X1207c39_X9417_spw1,HD_69830_B7,7,244140.625,480,442,4331.7,275,19.6,12m,5,12,0.035849817844957915,314,879.6994,7.828,314,1668.7567,20.895,False,True
A002_X1207c39_X9417_spw1,HD_69830_B7,7,244140.625,480,442,4331.7,275,19.6,12m,5,13,0.03645089967724272,227,-1431.1111,8.744,228,-3685.5604,20.895,False,True
A002_X1207c39_X9417_spw1,HD_69830_B7,7,244140.625,480,442,4331.7,275,19.6,12m,5,14,0.03245087244597664,240,2091.4659,8.365,240,-2332.8908,20.89,False,True
A002_X1207c39_X9417_spw1,HD_69830_B7,7,244140.625,480,442,4331.7,275,19.6,12m,5,15,0.03767042548567917,292,-1741.0979,7.833,291,3556.8579,20.895,False,True
A002_X1207c39_X9417_spw1,HD_69830_B7,7,244140.625,480,442,4331.7,275,19.6,12m,6,0,0.04372700124803767,371,1894.2016,6.25,371,1894.2016,20.895,True,True
A002_X1207c39_X9417_spw1,HD_69830_B7,7,244140.625,480,442,4331.7,275,19.6,12m,6,1,0.042319447818614846,84,-3234.6705,5.843,85,-3093.7674,20.971,False,True
A002_X1207c39_X9417_spw1,HD_69830_B7,7,244140.625,480,442,4331.7,275,19.6,12m,6,2,0.04596851604182906,259,-726.5957,7.556,260,-22.0803,20.895,False,True
A002_X1207c39_X9417_spw1,HD_69830_B7,7,244140.625,480,442,4331.7,275,19.6,12m,6,3,0.04163286280857553,293,118.8228,7.731,292,3669.5804,20.895,False,True
A002_X1207c39_X9417_spw1,HD_69830_B7,7,244140.625,480,442,4331.7,275,19.6,12m,6,4,0.04293778670176022,93,-2896.5031,6.156,93,-2896.5031,20.892,True,True
A002_X1207c39_X9417_spw1,HD_69830_B7,7,244140.625,480,442,4331.7,275,19.6,12m,6,5,0.04500844281132273,172,-2586.5163,18.288,171,3246.8712,20.712,False,True
A002_X1207c39_X9417_spw1,HD_69830_B7,7,244140.625,480,442,4331.7,275,19.6,12m,6,6,0.04392724572802507,312,3303.2324,7.658,312,1527.8536,20.895,False,True
A002_X1207c39_X9417_spw1,HD_69830_B7,7,244140.625,480,442,4331.7,275,19.6,12m,6,7,0.04548707600971278,151,-1994.7234,19.189,151,1105.1443,20.707,False,True
A002_X1207c39_X9417_spw1,HD_69830_B7,7,244140.625,480,442,4331.7,275,19.6,12m,6,8,0.043083608710294756,339,-78.4415,6.369,339,-78.4415,20.895,True,True
A002_X1207c39_X9417_spw1,HD_69830_B7,7,244140.625,480,442,4331.7,275,19.6,12m,6,9,0.044704198109332426,178,-1036.5825,19.1,177,3810.4835,20.875,False,True
A002_X1207c39_X9417_spw1,HD_69830_B7,7,244140.625,480,442,4331.7,275,19.6,12m,6,10,0.03667709178907537,339,231.5453,7.154,339,231.5453,20.895,True,True
A002_X1207c39_X9417_spw1,HD_69830_B7,7,244140.625,480,442,4331.7,275,19.6,12m,6,11,0.043825708370134664,344,-1346.5692,4.871,345,2204.1884,20.895,False,False
A002_X1207c39_X9417_spw1,HD_69830_B7,7,244140.625,480,442,4331.7,275,19.6,12m,6,12,0.043178151765948594,329,626.0739,7.366,330,3754.1223,20.895,False,True
A002_X1207c39_X9417_spw1,HD_69830_B7,7,244140.625,480,442,4331.7,275,19.6,12m,6,13,0.04596862463839736,86,2965.065,6.868,86,2965.065,20.891,True,True
A002_X1207c39_X9417_spw1,HD_69830_B7,7,244140.625,480,442,4331.7,275,19.6,12m,6,14,0.04825334510519069,149,3754.1223,19.368,148,823.3382,20.93,False,True
A002_X1207c39_X9417_spw1,HD_69830_B7,7,244140.625,480,442,4331.7,275,19.6,12m,6,15,0.04543807342213291,104,1753.2985,18.541,104,-3798.2828,20.838,False,True
A002_X1207c39_X9417_spw1,HD_69830_B7,7,244140.625,480,442,4331.7,275,19.6,12m,7,0,0.049589660554519945,117,1781.4791,18.857,117,-2361.0714,20.871,False,True
A002_X1207c39_X9417_spw1,HD_69830_B7,7,244140.625,480,442,4331.7,275,19.6,12m,7,1,0.04728537382112498,103,3331.413,18.521,104,-3798.2828,20.882,False,True
A002_X1207c39_X9417_spw1,HD_69830_B7,7,244140.625,480,442,4331.7,275,19.6,12m,7,2,0.05471573756072244,336,1809.6597,7.385,336,1809.6597,20.895,True,True
A002_X1207c39_X9417_spw1,HD_69830_B7,7,244140.625,480,442,4331.7,275,19.6,12m,7,3,0.05240967277281498,105,2006.9241,18.518,104,-3798.2828,20.87,False,True
A002_X1207c39_X9417_spw1,HD_69830_B7,7,244140.625,480,442,4331.7,275,19.6,12m,7,4,0.055056060506433815,320,-22.0803,7.462,321,2542.3558,20.895,False,True
A002_X1207c39_X9417_spw1,HD_69830_B7,7,244140.625,480,442,4331.7,275,19.6,12m,7,5,0.05152567869632054,174,-2699.2388,19.272,175,3641.3998,20.878,False,True
A002_X1207c39_X9417_spw1,HD_69830_B7,7,244140.625,480,442,4331.7,275,19.6,12m,7,6,0.04786013534903574,308,-2473.7939,8.005,309,1161.5056,20.895,False,True
A002_X1207c39_X9417_spw1,HD_69830_B7,7,244140.625,480,442,4331.7,275,19.6,12m,7,7,0.05141680585776927,232,2993.2456,7.792,231,-3403.7542,20.883,False,True
A002_X1207c39_X9417_spw1,HD_69830_B7,7,244140.625,480,442,4331.7,275,19.6,12m,7,8,0.050950350960344414,139,-416.6089,18.063,138,-247.5252,21.117,False,True
A002_X1207c39_X9417_spw1,HD_69830_B7,7,244140.625,480,442,4331.7,275,19.6,12m,7,9,0.05087646131868487,220,-2107.4459,7.727,220,-2107.4459,20.895,True,True
A002_X1207c39_X9417_spw1,HD_69830_B7,7,244140.625,480,442,4331.7,275,19.6,12m,7,10,0.04314155661927231,278,2119.6465,13.006,278,2119.6465,20.895,True,True
A002_X1207c39_X9417_spw1,HD_69830_B7,7,244140.625,480,442,4331.7,275,19.6,12m,7,11,0.052503797331028175,251,-754.7763,8.487,250,-1149.3049,20.895,False,True
A002_X1207c39_X9417_spw1,HD_69830_B7,7,244140.625,480,442,4331.7,275,19.6,12m,7,12,0.05016063619021629,75,1358.7699,5.638,75,1358.7699,20.893,True,True
A002_X1207c39_X9417_spw1,HD_69830_B7,7,244140.625,480,442,4331.7,275,19.6,12m,7,13,0.04881801701921774,311,1105.1443,8.498,311,1105.1443,20.895,True,True
A002_X1207c39_X9417_spw1,HD_69830_B7,7,244140.625,480,442,4331.7,275,19.6,12m,7,14,0.048989718759949695,219,2514.1751,6.165,219,-3713.741,20.858,False,True
A002_X1207c39_X9417_spw1,HD_69830_B7,7,244140.625,480,442,4331.7,275,19.6,12m,7,15,0.04759721462853929,234,1048.7831,6.961,235,-162.9834,20.892,False,True
A002_X1207c39_X9417_spw1,HD_69830_B7,7,244140.625,480,442,4331.7,275,19.6,12m,8,0,0.05671588939142539,189,-1684.7366,7.381,189,-1684.7366,20.874,True,True
A002_X1207c39_X9417_spw1,HD_69830_B7,7,244140.625,480,442,4331.7,275,19.6,12m,8,1,0.05386999177644953,361,-1600.1948,6.511,361,-1600.1948,20.895,True,True
A002_X1207c39_X9417_spw1,HD_69830_B7,7,244140.625,480,442,4331.7,275,19.6,12m,8,2,0.05677802497533961,93,2655.0782,8.444,93,2655.0782,20.884,True,True
A002_X1207c39_X9417_spw1,HD_69830_B7,7,244140.625,480,442,4331.7,275,19.6,12m,8,3,0.057587158761004655,129,851.5188,18.732,129,-1121.1243,20.867,False,True
A002_X1207c39_X9417_spw1,HD_69830_B7,7,244140.625,480,442,4331.7,275,19.6,12m,8,4,0.05730562654955604,260,795.1576,8.052,260,795.1576,20.895,True,True
A002_X1207c39_X9417_spw1,HD_69830_B7,7,244140.625,480,442,4331.7,275,19.6,12m,8,5,0.059515852740404086,370,428.8096,8.66,370,428.8096,20.895,True,True
A002_X1207c39_X9417_spw1,HD_69830_B7,7,244140.625,480,442,4331.7,275,19.6,12m,8,6,0.05412085733694461,239,-3178.3093,8.536,240,-2332.8908,20.895,False,True
A002_X1207c39_X9417_spw1,HD_69830_B7,7,244140.625,480,442,4331.7,275,19.6,12m,8,7,0.05801745504294531,311,-726.5957,8.069,311,-726.5957,20.895,True,True
A002_X1207c39_X9417_spw1,HD_69830_B7,7,244140.625,480,442,4331.7,275,19.6,12m,8,8,0.05867490689256151,376,-3601.0185,8.609,376,-3601.0185,20.895,True,True
A002_X1207c39_X9417_spw1,HD_69830_B7,7,244140.625,480,442,4331.7,275,19.6,12m,8,9,0.057235973362340764,184,-2276.5296,8.069,184,-2276.5296,20.712,True,True
A002_X1207c39_X9417_spw1,HD_69830_B7,7,244140.625,480,442,4331.7,275,19.6,12m,8,10,0.05727426401183359,353,485.1708,6.83,353,485.1708,20.895,True,True
A002_X1207c39_X9417_spw1,HD_69830_B7,7,244140.625,480,442,4331.7,275,19.6,12m,8,11,0.060738715596169945,169,-1431.1111,19.278,168,2908.7038,20.871,False,True
A002_X1207c39_X9417_spw1,HD_69830_B7,7,244140.625,480,442,4331.7,275,19.6,12m,8,12,0.058796286153607165,173,2345.0915,18.965,174,3585.0386,20.955,False,True
A002_X1207c39_X9417_spw1,HD_69830_B7,7,244140.625,480,442,4331.7,275,19.6,12m,8,13,0.05785696999523596,326,1725.1179,8.188,326,1725.1179,20.895,True,True
A002_X1207c39_X9417_spw1,HD_69830_B7,7,244140.625,480,442,4331.7,275,19.6,12m,8,14,0.059253366099163145,86,1612.3954,9.162,86,1612.3954,20.888,True,True
A002_X1207c39_X9417_spw1,HD_69830_B7,7,244140.625,480,442,4331.7,275,19.6,12m,8,15,0.057348589993343746,259,1978.7434,7.685,258,-191.164,20.895,False,True
A002_X1207c39_X9417_spw1,HD_69830_B7,7,244140.625,480,442,4331.7,275,19.6,12m,10,0,0.07211551761922204,175,-980.2212,19.295,175,3641.3998,20.869,False,True
A002_X1207c39_X9417_spw1,HD_69830_B7,7,244140.625,480,442,4331.7,275,19.6,12m,10,1,0.07467560863684294,172,1161.5056,18.271,171,3246.8712,20.698,False,True
A002_X1207c39_X9417_spw1,HD_69830_B7,7,244140.625,480,442,4331.7,275,19.6,12m,10,2,0.07042559646101743,105,2598.717,18.505,104,-3798.2828,20.851,False,True
A002_X1207c39_X9417_spw1,HD_69830_B7,7,244140.625,480,442,4331.7,275,19.6,12m,10,3,0.06337751531834307,185,-1684.7366,9.53,185,-1684.7366,20.874,True,True
A002_X1207c39_X9417_spw1,HD_69830_B7,7,244140.625,480,442,4331.7,275,19.6,12m,10,4,0.06980119529001809,118,992.4219,18.927,117,-2361.0714,20.854,False,True
A002_X1207c39_X9417_spw1,HD_69830_B7,7,244140.625,480,442,4331.7,275,19.6,12m,10,5,0.07252312213486017,249,-1882.0009,9.82,249,-1882.0009,20.895,True,True
A002_X1207c39_X9417_spw1,HD_69830_B7,7,244140.625,480,442,4331.7,275,19.6,12m,10,6,0.07290228322566185,153,-1346.5692,18.794,154,1443.3117,20.698,False,True
A002_X1207c39_X9417_spw1,HD_69830_B7,7,244140.625,480,442,4331.7,275,19.6,12m,10,7,0.06958278463269746,283,1668.7567,10.388,283,1668.7567,20.895,True,True
A002_X1207c39_X9417_spw1,HD_69830_B7,7,244140.625,480,442,4331.7,275,19.6,12m,10,8,0.0732774558628586,271,-275.7058,7.856,271,-275.7058,20.895,True,True
A002_X1207c39_X9417_spw1,HD_69830_B7,7,244140.625,480,442,4331.7,275,19.6,12m,10,9,0.057275530963172956,281,2401.4527,15.005,281,2401.4527,20.895,True,True
A002_X1207c39_X9417_spw1,HD_69830_B7,7,244140.625,480,442,4331.7,275,19.6,12m,10,10,0.06992266445051577,142,-3093.7674,18.281,143,316.0871,20.872,False,True
A002_X1207c39_X9417_spw1,HD_69830_B7,7,244140.625,480,442,4331.7,275,19.6,12m,10,11,0.07395585901644053,67,1048.7831,10.604,67,1048.7831,20.895,True,True
A002_X1207c39_X9417_spw1,HD_69830_B7,7,244140.625,480,442,4331.7,275,19.6,12m,10,12,0.07205524329219831,338,-1092.9437,7.91,338,-1092.9437,20.895,True,True
A002_X1207c39_X9417_spw1,HD_69830_B7,7,244140.625,480,442,4331.7,275,19.6,12m,10,13,0.07039277660204511,321,-2276.5296,9.373,321,-2276.5296,20.895,True,True
A002_X1207c39_X9417_spw1,HD_69830_B7,7,244140.625,480,442,4331.7,275,19.6,12m,10,14,0.0776054493022193,77,2993.2456,9.666,77,2993.2456,20.895,True,True
A002_X1207c39_X9417_spw1,HD_69830_B7,7,244140.625,480,442,4331.7,275,19.6,12m,10,15,0.07238392154048748,188,-1008.4019,8.829,188,-1008.4019,20.866,True,True
A002_X1207c39_X9417_spw1,HD_69830_B7,7,244140.625,480,442,4331.7,275,19.6,12m,12,0,0.0885259889209003,207,-3178.3093,10.965,207,-3178.3093,20.889,True,True
A002_X1207c39_X9417_spw1,HD_69830_B7,7,244140.625,480,442,4331.7,275,19.6,12m,12,1,0.08835057375731872,100,2232.369,13.207,100,2232.369,20.856,True,True
A002_X1207c39_X9417_spw1,HD_69830_B7,7,244140.625,480,442,4331.7,275,19.6,12m,12,2,0.0841362217784245,224,-1008.4019,13.037,224,-1008.4019,20.895,True,True
A002_X1207c39_X9417_spw1,HD_69830_B7,7,244140.625,480,442,4331.7,275,19.6,12m,12,3,0.08274836903815222,186,-1064.7631,12.115,186,-1064.7631,20.699,True,True
A002_X1207c39_X9417_spw1,HD_69830_B7,7,244140.625,480,442,4331.7,275,19.6,12m,12,4,0.0915719165397654,246,-1994.7234,11.54,246,-1994.7234,20.895,True,True
A002_X1207c39_X9417_spw1,HD_69830_B7,7,244140.625,480,442,4331.7,275,19.6,12m,12,5,0.07416805762653497,83,-3572.8379,14.949,83,-3572.8379,20.865,True,True
A002_X1207c39_X9417_spw1,HD_69830_B7,7,244140.625,480,442,4331.7,275,19.6,12m,12,6,0.08561353944277339,178,1584.2148,18.927,177,3810.4835,20.703,False,True
A002_X1207c39_X9417_spw1,HD_69830_B7,7,244140.625,480,442,4331.7,275,19.6,12m,12,7,0.0851035791254771,336,-3319.2124,12.239,336,-3319.2124,20.895,True,True
A002_X1207c39_X9417_spw1,HD_69830_B7,7,244140.625,480,442,4331.7,275,19.6,12m,12,8,0.0796079402264485,333,-22.0803,13.366,333,-22.0803,20.895,True,True
A002_X1207c39_X9417_spw1,HD_69830_B7,7,244140.625,480,442,4331.7,275,19.6,12m,12,9,0.0843943898403157,279,231.5453,13.11,279,231.5453,20.895,True,True
A002_X1207c39_X9417_spw1,HD_69830_B7,7,244140.625,480,442,4331.7,275,19.6,12m,12,10,0.0807916486575635,210,1527.8536,9.363,210,1527.8536,20.863,True,True
A002_X1207c39_X9417_spw1,HD_69830_B7,7,244140.625,480,442,4331.7,275,19.6,12m,12,11,0.0892187955693515,205,-3826.4635,14.141,205,-3826.4635,20.887,True,True
A002_X1207c39_X9417_spw1,HD_69830_B7,7,244140.625,480,442,4331.7,275,19.6,12m,12,12,0.09054355441215158,154,259.7259,18.927,154,1443.3117,20.681,False,True
A002_X1207c39_X9417_spw1,HD_69830_B7,7,244140.625,480,442,4331.7,275,19.6,12m,12,13,0.09004986634964737,239,2485.9945,11.265,239,2485.9945,20.705,True,True
A002_X1207c39_X9417_spw1,HD_69830_B7,7,244140.625,480,442,4331.7,275,19.6,12m,12,14,0.08891688137088163,86,2683.2588,12.596,86,2683.2588,20.887,True,True
A002_X1207c39_X9417_spw1,HD_69830_B7,7,244140.625,480,442,4331.7,275,19.6,12m,12,15,0.07888684094980698,299,-2389.252,12.471,299,-2389.252,20.895,True,True
A002_X1207c39_X9417_spw1,HD_69830_B7,7,244140.625,480,442,4331.7,275,19.6,12m,15,0,0.1091375629398914,237,-1656.556,15.746,237,-1656.556,20.895,True,True
A002_X1207c39_X9417_spw1,HD_69830_B7,7,244140.625,480,442,4331.7,275,19.6,12m,15,1,0.1146136839907327,202,2401.4527,14.614,202,2401.4527,20.691,True,True
A002_X1207c39_X9417_spw1,HD_69830_B7,7,244140.625,480,442,4331.7,275,19.6,12m,15,2,0.10881755987000596,225,-3572.8379,13.679,225,-3572.8379,20.895,True,True
A002_X1207c39_X9417_spw1,HD_69830_B7,7,244140.625,480,442,4331.7,275,19.6,12m,15,3,0.11196078886179493,127,-2755.6,18.577,127,-1346.5692,20.873,False,True
A002_X1207c39_X9417_spw1,HD_69830_B7,7,244140.625,480,442,4331.7,275,19.6,12m,15,4,0.11185875412588436,312,3866.8447,15.73,312,3866.8447,20.895,True,True
A002_X1207c39_X9417_spw1,HD_69830_B7,7,244140.625,480,442,4331.7,275,19.6,12m,15,5,0.11112422650621918,330,-1290.208,14.292,330,-1290.208,20.895,True,True
A002_X1207c39_X9417_spw1,HD_69830_B7,7,244140.625,480,442,4331.7,275,19.6,12m,15,6,0.10867142294118072,190,-3572.8379,14.49,190,-3572.8379,20.881,True,True
A002_X1207c39_X9417_spw1,HD_69830_B7,7,244140.625,480,442,4331.7,275,19.6,12m,15,7,0.11308320012961832,209,344.2677,14.794,209,344.2677,20.693,True,True
A002_X1207c39_X9417_spw1,HD_69830_B7,7,244140.625,480,442,4331.7,275,19.6,12m,15,8,0.10310195792021502,305,-1290.208,16.164,305,-1290.208,20.895,True,True
A002_X1207c39_X9417_spw1,HD_69830_B7,7,244140.625,480,442,4331.7,275,19.6,12m,15,9,0.10209010966408397,69,1950.5628,11.529,69,1950.5628,20.895,True,True
A002_X1207c39_X9417_spw1,HD_69830_B7,7,244140.625,480,442,4331.7,275,19.6,12m,15,10,0.11154787844420516,91,1443.3117,14.075,91,1443.3117,20.826,True,True
A002_X1207c39_X9417_spw1,HD_69830_B7,7,244140.625,480,442,4331.7,275,19.6,12m,15,11,0.10896095892043785,117,2063.2853,18.855,117,-2361.0714,20.831,False,True
A002_X1207c39_X9417_spw1,HD_69830_B7,7,244140.625,480,442,4331.7,275,19.6,12m,15,12,0.11285168853780718,102,-3403.7542,18.048,103,-3826.4635,20.998,False,True
A002_X1207c39_X9417_spw1,HD_69830_B7,7,244140.625,480,442,4331.7,275,19.6,12m,15,13,0.11492754310786543,92,626.0739,14.877,92,626.0739,20.798,True,True
A002_X1207c39_X9417_spw1,HD_69830_B7,7,244140.625,480,442,4331.7,275,19.6,12m,15,14,0.10751835344241183,240,1696.9373,14.994,240,1696.9373,20.884,True,True
A002_X1207c39_X9417_spw1,HD_69830_B7,7,244140.625,480,442,4331.7,275,19.6,12m,15,15,0.1108323216379223,255,3105.9681,14.735,255,3105.9681,20.869,True,True
A002_Xc6141c_X3af0_spw0,HR_1010__Gaia_DR3_4722135642226902656__B7,7,488281.25,135,1886,3853.1,132,18.2,12m,3,0,0.20078761022510572,960,3897.7609,3.779,961,4151.2123,13.385,False,False
A002_Xc6141c_X3af0_spw0,HR_1010__Gaia_DR3_4722135642226902656__B7,7,488281.25,135,1886,3853.1,132,18.2,12m,3,1,0.153533823074965,1041,-2375.1617,8.738,1040,286.0782,13.385,False,True
A002_Xc6141c_X3af0_spw0,HR_1010__Gaia_DR3_4722135642226902656__B7,7,488281.25,135,1886,3853.1,132,18.2,12m,3,2,0.18934945849121684,817,-410.9132,3.389,816,1236.521,13.385,False,False
A002_Xc6141c_X3af0_spw0,HR_1010__Gaia_DR3_4722135642226902656__B7,7,488281.25,135,1886,3853.1,132,18.2,12m,3,3,0.17121911969874745,521,-1931.6217,6.581,521,1870.1496,13.385,False,True
A002_Xc6141c_X3af0_spw0,HR_1010__Gaia_DR3_4722135642226902656__B7,7,488281.25,135,1886,3853.1,132,18.2,12m,3,4,0.20375118036670248,582,1870.1496,2.596,582,1870.1496,13.385,True,False
A002_Xc6141c_X3af0_spw0,HR_1010__Gaia_DR3_4722135642226902656__B7,7,488281.25,135,1886,3853.1,132,18.2,12m,3,5,0.17731514657035075,157,666.2553,2.716,157,666.2553,13.385,True,False
A002_Xc6141c_X3af0_spw0,HR_1010__Gaia_DR3_4722135642226902656__B7,7,488281.25,135,1886,3853.1,132,18.2,12m,3,6,0.1621170999932175,1376,2123.601,3.768,1375,2313.6895,13.385,False,False
A002_Xc6141c_X3af0_spw0,HR_1010__Gaia_DR3_4722135642226902656__B7,7,488281.25,135,1886,3853.1,132,18.2,12m,3,7,0.18125564749877837,90,-2121.7103,8.09,89,856.3439,13.385,False,True
A002_Xc6141c_X3af0_spw0,HR_1010__Gaia_DR3_4722135642226902656__B7,7,488281.25,135,1886,3853.1,132,18.2,12m,3,8,0.16055068032092537,1184,-791.0903,6.92,1183,-3705.7816,13.385,False,True
A002_Xc6141c_X3af0_spw0,HR_1010__Gaia_DR3_4722135642226902656__B7,7,488281.25,135,1886,3853.1,132,18.2,12m,3,9,0.15240567212153958,1474,1363.2467,4.401,1473,-4022.5959,13.385,False,False
A002_Xc6141c_X3af0_spw0,HR_1010__Gaia_DR3_4722135642226902656__B7,7,488281.25,135,1886,3853.1,132,18.2,12m,3,10,0.154066433927879,908,-3579.0559,3.488,907,-3959.233,13.385,False,False
A002_Xc6141c_X3af0_spw0,HR_1010__Gaia_DR3_4722135642226902656__B7,7,488281.25,135,1886,3853.1,132,18.2,12m,3,11,0.1820721005569157,445,2186.9638,3.441,445,-2248.436,13.385,False,False
A002_Xc6141c_X3af0_spw0,HR_1010__Gaia_DR3_4722135642226902656__B7,7,488281.25,135,1886,3853.1,132,18.2,12m,3,12,0.17501072702008474,459,-1297.9931,6.768,459,3454.2209,13.385,False,True
A002_Xc6141c_X3af0_spw0,HR_1010__Gaia_DR3_4722135642226902656__B7,7,488281.25,135,1886,3853.1,132,18.2,12m,3,13,0.17718830607520988,828,3644.3095,2.92,827,-4022.5959,13.385,False,False
A002_Xc6141c_X3af0_spw0,HR_1010__Gaia_DR3_4722135642226902656__B7,7,488281.25,135,1886,3853.1,132,18.2,12m,3,14,0.1708089266918907,1656,-3959.233,3.37,1656,-3959.233,13.385,True,False
A002_Xc6141c_X3af0_spw0,HR_1010__Gaia_DR3_4722135642226902656__B7,7,488281.25,135,1886,3853.1,132,18.2,12m,3,15,0.17239850995058295,1541,2820.5924,3.56,1541,2820.5924,13.385,True,False
A002_Xc6141c_X3af0_spw0,HR_1010__Gaia_DR3_4722135642226902656__B7,7,488281.25,135,1886,3853.1,132,18.2,12m,4,0,0.24990420891824125,1221,-1551.4446,2.365,1221,-1424.7189,13.385,False,False
A002_Xc6141c_X3af0_spw0,HR_1010__Gaia_DR3_4722135642226902656__B7,7,488281.25,135,1886,3853.1,132,18.2,12m,4,1,0.23700458106391092,1607,-3642.4187,2.935,1607,-3642.4187,13.385,True,False
A002_Xc6141c_X3af0_spw0,HR_1010__Gaia_DR3_4722135642226902656__B7,7,488281.25,135,1886,3853.1,132,18.2,12m,4,2,0.2082041448842113,907,-3388.9673,4.074,907,-3388.9673,13.385,True,False
A002_Xc6141c_X3af0_spw0,HR_1010__Gaia_DR3_4722135642226902656__B7,7,488281.25,135,1886,3853.1,132,18.2,12m,4,3,0.25447698079357545,1813,2186.9638,5.037,1813,1046.4325,13.275,False,True
A002_Xc6141c_X3af0_spw0,HR_1010__Gaia_DR3_4722135642226902656__B7,7,488281.25,135,1886,3853.1,132,18.2,12m,4,4,0.26651571625684256,1728,2060.2381,3.136,1728,2060.2381,13.385,True,False
A002_Xc6141c_X3af0_spw0,HR_1010__Gaia_DR3_4722135642226902656__B7,7,488281.25,135,1886,3853.1,132,18.2,12m,4,5,0.24884843238451562,382,-3072.1531,3.615,381,-474.276,13.385,False,False
A002_Xc6141c_X3af0_spw0,HR_1010__Gaia_DR3_4722135642226902656__B7,7,488281.25,135,1886,3853.1,132,18.2,12m,4,6,0.19916853471349164,1192,-2945.4274,6.537,1192,-2945.4274,13.385,True,True
A002_Xc6141c_X3af0_spw0,HR_1010__Gaia_DR3_4722135642226902656__B7,7,488281.25,135,1886,3853.1,132,18.2,12m,4,7,0.2562969855526742,117,-1678.1703,7.321,117,-2945.4274,13.385,False,True
A002_Xc6141c_X3af0_spw0,HR_1010__Gaia_DR3_4722135642226902656__B7,7,488281.25,135,1886,3853.1,132,18.2,12m,4,8,0.2648347297487924,204,539.5296,3.137,204,792.981,13.385,False,False
A002_Xc6141c_X3af0_spw0,HR_1010__Gaia_DR3_4722135642226902656__B7,7,488281.25,135,1886,3853.1,132,18.2,12m,4,9,0.2582406157609021,554,2883.9552,5.343,555,-2691.9759,13.385,False,True
A002_Xc6141c_X3af0_spw0,HR_1010__Gaia_DR3_4722135642226902656__B7,7,488281.25,135,1886,3853.1,132,18.2,12m,4,10,0.24248721387309655,1200,-3325.6045,4.203,1200,-3325.6045,13.385,True,False
A002_Xc6141c_X3af0_spw0,HR_1010__Gaia_DR3_4722135642226902656__B7,7,488281.25,135,1886,3853.1,132,18.2,12m,4,11,0.1924858677535563,921,666.2553,5.544,921,602.8925,13.385,True,True
A002_Xc6141c_X3af0_spw0,HR_1010__Gaia_DR3_4722135642226902656__B7,7,488281.25,135,1886,3853.1,132,18.2,12m,4,12,0.22256744569757736,1583,-1234.6303,4.702,1583,-1234.6303,13.385,True,False
A002_Xc6141c_X3af0_spw0,HR_1010__Gaia_DR3_4722135642226902656__B7,7,488281.25,135,1886,3853.1,132,18.2,12m,4,13,0.23296314316096522,713,-1741.5331,2.946,713,-1741.5331,13.385,True,False
A002_Xc6141c_X3af0_spw0,HR_1010__Gaia_DR3_4722135642226902656__B7,7,488281.25,135,1886,3853.1,132,18.2,12m,4,14,0.2177133603161814,271,-1614.8074,4.447,271,-1614.8074,13.385,True,False
A002_Xc6141c_X3af0_spw0,HR_1010__Gaia_DR3_4722135642226902656__B7,7,488281.25,135,1886,3853.1,132,18.2,12m,4,15,0.24138929131999806,1015,3200.7695,11.499,1015,-1361.356,13.385,False,True
A002_Xc6141c_X3af0_spw0,HR_1010__Gaia_DR3_4722135642226902656__B7,7,488281.25,135,1886,3853.1,132,18.2,12m,5,0,0.3044368436845944,508,1616.6981,6.812,507,-2882.0645,13.385,False,True
A002_Xc6141c_X3af0_spw0,HR_1010__Gaia_DR3_4722135642226902656__B7,7,488281.25,135,1886,3853.1,132,18.2,12m,5,1,0.30506034036488316,1021,-1994.9845,11.226,1021,-2185.0731,13.385,False,True
A002_Xc6141c_X3af0_spw0,HR_1010__Gaia_DR3_4722135642226902656__B7,7,488281.25,135,1886,3853.1,132,18.2,12m,5,2,0.29902321362730094,452,-3705.7816,6.201,453,4151.2123,13.385,False,True
A002_Xc6141c_X3af0_spw0,HR_1010__Gaia_DR3_4722135642226902656__B7,7,488281.25,135,1886,3853.1,132,18.2,12m,5,3,0.3114308131622122,1490,-917.816,5.179,1490,-917.816,13.385,True,True
A002_Xc6141c_X3af0_spw0,HR_1010__Gaia_DR3_4722135642226902656__B7,7,488281.25,135,1886,3853.1,132,18.2,12m,5,4,0.3218030162262814,1271,2503.7781,6.716,1272,3074.0438,13.385,False,True
A002_Xc6141c_X3af0_spw0,HR_1010__Gaia_DR3_4722135642226902656__B7,7,488281.25,135,1886,3853.1,132,18.2,12m,5,5,0.29850366342839496,226,2567.1409,4.089,226,2567.1409,13.385,True,False
A002_Xc6141c_X3af0_spw0,HR_1010__Gaia_DR3_4722135642226902656__B7,7,488281.25,135,1886,3853.1,132,18.2,12m,5,6,0.27682246322381565,388,-537.6389,3.755,388,-601.0018,13.385,True,False
A002_Xc6141c_X3af0_spw0,HR_1010__Gaia_DR3_4722135642226902656__B7,7,488281.25,135,1886,3853.1,132,18.2,12m,5,7,0.2961394716719074,1303,1806.7867,5.751,1303,1806.7867,13.385,True,True
A002_Xc6141c_X3af0_spw0,HR_1010__Gaia_DR3_4722135642226902656__B7,7,488281.25,135,1886,3853.1,132,18.2,12m,5,8,0.26034705236276773,767,2630.5038,4.805,767,2630.5038,13.385,True,False
A002_Xc6141c_X3af0_spw0,HR_1010__Gaia_DR3_4722135642226902656__B7,7,488281.25,135,1886,3853.1,132,18.2,12m,5,9,0.28279281656289923,622,-2565.2502,2.723,623,-2691.9759,13.385,False,False
A002_Xc6141c_X3af0_spw0,HR_1010__Gaia_DR3_4722135642226902656__B7,7,488281.25,135,1886,3853.1,132,18.2,12m,5,10,0.15686489040871757,533,1363.2467,5.657,534,1109.7953,13.385,False,True
A002_Xc6141c_X3af0_spw0,HR_1010__Gaia_DR3_4722135642226902656__B7,7,488281.25,135,1886,3853.1,132,18.2,12m,5,11,0.25970543574461896,1380,4151.2123,4.995,1380,4151.2123,13.385,True,False
A002_Xc6141c_X3af0_spw0,HR_1010__Gaia_DR3_4722135642226902656__B7,7,488281.25,135,1886,3853.1,132,18.2,12m,5,12,0.2834338368082528,1553,2883.9552,4.454,1553,2883.9552,13.385,True,False
A002_Xc6141c_X3af0_spw0,HR_1010__Gaia_DR3_4722135642226902656__B7,7,488281.25,135,1886,3853.1,132,18.2,12m,5,13,0.2591493715119656,1078,-2121.7103,5.194,1078,-2121.7103,13.385,True,True
A002_Xc6141c_X3af0_spw0,HR_1010__Gaia_DR3_4722135642226902656__B7,7,488281.25,135,1886,3853.1,132,18.2,12m,5,14,0.24106298483966201,504,-2628.6131,11.128,504,-2501.8874,13.385,False,True
A002_Xc6141c_X3af0_spw0,HR_1010__Gaia_DR3_4722135642226902656__B7,7,488281.25,135,1886,3853.1,132,18.2,12m,5,15,0.29629230220242925,1275,3580.9466,7.244,1275,2250.3267,13.385,False,True
A002_Xc6141c_X3af0_spw0,HR_1010__Gaia_DR3_4722135642226902656__B7,7,488281.25,135,1886,3853.1,132,18.2,12m,6,0,0.33409010688150187,1717,3707.6723,7.42,1717,3707.6723,13.385,True,True
A002_Xc6141c_X3af0_spw0,HR_1010__Gaia_DR3_4722135642226902656__B7,7,488281.25,135,1886,3853.1,132,18.2,12m,6,1,0.35010351261409334,1742,-1931.6217,4.637,1742,-1931.6217,13.385,True,False
A002_Xc6141c_X3af0_spw0,HR_1010__Gaia_DR3_4722135642226902656__B7,7,488281.25,135,1886,3853.1,132,18.2,12m,6,2,0.36180582300734193,1477,4024.4866,4.952,1477,4024.4866,13.385,True,False
A002_Xc6141c_X3af0_spw0,HR_1010__Gaia_DR3_4722135642226902656__B7,7,488281.25,135,1886,3853.1,132,18.2,12m,6,3,0.403966485936441,534,-3388.9673,7.164,534,-3325.6045,13.385,True,True
A002_Xc6141c_X3af0_spw0,HR_1010__Gaia_DR3_4722135642226902656__B7,7,488281.25,135,1886,3853.1,132,18.2,12m,6,4,0.32076299632278504,267,-4085.9587,6.727,267,-4085.9587,13.385,True,True
A002_Xc6141c_X3af0_spw0,HR_1010__Gaia_DR3_4722135642226902656__B7,7,488281.25,135,1886,3853.1,132,18.2,12m,6,5,0.2724564219850414,258,3200.7695,7.788,258,3137.4066,13.385,True,True
A002_Xc6141c_X3af0_spw0,HR_1010__Gaia_DR3_4722135642226902656__B7,7,488281.25,135,1886,3853.1,132,18.2,12m,6,6,0.38035415337333567,1201,-3832.5073,5.971,1201,-3832.5073,13.385,True,True
A002_Xc6141c_X3af0_spw0,HR_1010__Gaia_DR3_4722135642226902656__B7,7,488281.25,135,1886,3853.1,132,18.2,12m,6,7,0.32864142448678335,1122,3517.5838,4.693,1122,3644.3095,13.385,False,False
A002_Xc6141c_X3af0_spw0,HR_1010__Gaia_DR3_4722135642226902656__B7,7,488281.25,135,1886,3853.1,132,18.2,12m,6,8,0.3634640377747286,1187,-474.276,4.731,1187,-474.276,13.385,True,False
A002_Xc6141c_X3af0_spw0,HR_1010__Gaia_DR3_4722135642226902656__B7,7,488281.25,135,1886,3853.1,132,18.2,12m,6,9,0.34618961045136476,656,3771.0352,6.866,656,3771.0352,13.385,True,True
A002_Xc6141c_X3af0_spw0,HR_1010__Gaia_DR3_4722135642226902656__B7,7,488281.25,135,1886,3853.1,132,18.2,12m,6,10,0.38264710532091273,825,-2945.4274,6.307,825,-2945.4274,13.385,True,True
A002_Xc6141c_X3af0_spw0,HR_1010__Gaia_DR3_4722135642226902656__B7,7,488281.25,135,1886,3853.1,132,18.2,12m,6,11,0.3796939187443732,1465,-2628.6131,5.928,1465,-2628.6131,13.385,True,True
A002_Xc6141c_X3af0_spw0,HR_1010__Gaia_DR3_4722135642226902656__B7,7,488281.25,135,1886,3853.1,132,18.2,12m,6,12,0.33951052437879037,806,-2628.6131,5.782,806,-2628.6131,13.385,True,True
A002_Xc6141c_X3af0_spw0,HR_1010__Gaia_DR3_4722135642226902656__B7,7,488281.25,135,1886,3853.1,132,18.2,12m,6,13,0.28715961382295413,1464,-1424.7189,10.472,1464,-1424.7189,13.385,True,True
A002_Xc6141c_X3af0_spw0,HR_1010__Gaia_DR3_4722135642226902656__B7,7,488281.25,135,1886,3853.1,132,18.2,12m,6,14,0.361289447518771,1525,-2882.0645,5.183,1525,-2882.0645,13.385,True,True
A002_Xc6141c_X3af0_spw0,HR_1010__Gaia_DR3_4722135642226902656__B7,7,488281.25,135,1886,3853.1,132,18.2,12m,6,15,0.3607707053621022,1018,2313.6895,10.823,1017,-1614.8074,13.385,False,True
A002_Xc6141c_X3af0_spw0,HR_1010__Gaia_DR3_4722135642226902656__B7,7,488281.25,135,1886,3853.1,132,18.2,12m,7,0,0.43891485564937477,827,32.6268,6.42,827,-30.7361,13.385,True,True
A002_Xc6141c_X3af0_spw0,HR_1010__Gaia_DR3_4722135642226902656__B7,7,488281.25,135,1886,3853.1,132,18.2,12m,7,1,0.419212223590186,1246,792.981,6.151,1246,792.981,13.385,True,True
A002_Xc6141c_X3af0_spw0,HR_1010__Gaia_DR3_4722135642226902656__B7,7,488281.25,135,1886,3853.1,132,18.2,12m,7,2,0.38275123431922903,1311,3771.0352,9.57,1311,3771.0352,13.385,True,True
A002_Xc6141c_X3af0_spw0,HR_1010__Gaia_DR3_4722135642226902656__B7,7,488281.25,135,1886,3853.1,132,18.2,12m,7,3,0.43906590694560577,1264,983.0696,7.946,1264,983.0696,13.385,True,True
A002_Xc6141c_X3af0_spw0,HR_1010__Gaia_DR3_4722135642226902656__B7,7,488281.25,135,1886,3853.1,132,18.2,12m,7,4,0.4429948544211973,1559,-1614.8074,7.061,1559,-1614.8074,13.385,True,True
A002_Xc6141c_X3af0_spw0,HR_1010__Gaia_DR3_4722135642226902656__B7,7,488281.25,135,1886,3853.1,132,18.2,12m,7,5,0.4062884852026248,97,2630.5038,7.487,97,2630.5038,13.385,True,True
A002_Xc6141c_X3af0_spw0,HR_1010__Gaia_DR3_4722135642226902656__B7,7,488281.25,135,1886,3853.1,132,18.2,12m,7,6,0.41310254052720385,1647,1806.7867,7.43,1647,1806.7867,13.385,True,True
A002_Xc6141c_X3af0_spw0,HR_1010__Gaia_DR3_4722135642226902656__B7,7,488281.25,135,1886,3853.1,132,18.2,12m,7,7,0.3921627582493219,112,3200.7695,7.103,113,-2375.1617,13.385,False,True
A002_Xc6141c_X3af0_spw0,HR_1010__Gaia_DR3_4722135642226902656__B7,7,488281.25,135,1886,3853.1,132,18.2,12m,7,8,0.4205406885622858,1170,1236.521,7.95,1171,286.0782,13.385,False,True
A002_Xc6141c_X3af0_spw0,HR_1010__Gaia_DR3_4722135642226902656__B7,7,488281.25,135,1886,3853.1,132,18.2,12m,7,9,0.45456934734959464,574,-2882.0645,7.319,574,-2882.0645,13.385,True,True
A002_Xc6141c_X3af0_spw0,HR_1010__Gaia_DR3_4722135642226902656__B7,7,488281.25,135,1886,3853.1,132,18.2,12m,7,10,0.45994576817561067,302,-854.4532,6.209,302,-854.4532,13.385,True,True
A002_Xc6141c_X3af0_spw0,HR_1010__Gaia_DR3_4722135642226902656__B7,7,488281.25,135,1886,3853.1,132,18.2,12m,7,11,0.41972337741855187,1697,3454.2209,6.783,1697,3454.2209,13.385,True,True
A002_Xc6141c_X3af0_spw0,HR_1010__Gaia_DR3_4722135642226902656__B7,7,488281.25,135,1886,3853.1,132,18.2,12m,7,12,0.4184237230578667,1579,-4085.9587,6.823,1579,-4085.9587,13.385,True,True
A002_Xc6141c_X3af0_spw0,HR_1010__Gaia_DR3_4722135642226902656__B7,7,488281.25,135,1886,3853.1,132,18.2,12m,7,13,0.4417948076112652,1572,-3895.8702,6.06,1572,-3895.8702,13.385,True,True
A002_Xc6141c_X3af0_spw0,HR_1010__Gaia_DR3_4722135642226902656__B7,7,488281.25,135,1886,3853.1,132,18.2,12m,7,14,0.44063357668951747,1626,-157.4618,7.35,1626,-157.4618,13.385,True,True
A002_Xc6141c_X3af0_spw0,HR_1010__Gaia_DR3_4722135642226902656__B7,7,488281.25,135,1886,3853.1,132,18.2,12m,7,15,0.4675908317627315,1736,-2945.4274,5.721,1736,-2945.4274,13.385,True,True
A002_Xc6141c_X3af0_spw0,HR_1010__Gaia_DR3_4722135642226902656__B7,7,488281.25,135,1886,3853.1,132,18.2,12m,8,0,0.47363126547481316,340,95.9896,8.659,340,95.9896,13.385,True,True
A002_Xc6141c_X3af0_spw0,HR_1010__Gaia_DR3_4722135642226902656__B7,7,488281.25,135,1886,3853.1,132,18.2,12m,8,1,0.5382163521183859,186,-2185.0731,8.375,186,-2185.0731,13.385,True,True
A002_Xc6141c_X3af0_spw0,HR_1010__Gaia_DR3_4722135642226902656__B7,7,488281.25,135,1886,3853.1,132,18.2,12m,8,2,0.5619549780013683,1751,1426.6096,7.798,1751,1426.6096,13.335,True,True
A002_Xc6141c_X3af0_spw0,HR_1010__Gaia_DR3_4722135642226902656__B7,7,488281.25,135,1886,3853.1,132,18.2,12m,8,3,0.5144847901281532,73,-284.1875,8.114,73,-284.1875,13.385,True,True
A002_Xc6141c_X3af0_spw0,HR_1010__Gaia_DR3_4722135642226902656__B7,7,488281.25,135,1886,3853.1,132,18.2,12m,8,4,0.5149969800380008,1220,-2121.7103,7.456,1220,-2121.7103,13.385,True,True
A002_Xc6141c_X3af0_spw0,HR_1010__Gaia_DR3_4722135642226902656__B7,7,488281.25,135,1886,3853.1,132,18.2,12m,8,5,0.4464289627274319,1662,539.5296,7.122,1662,539.5296,13.385,True,True
A002_Xc6141c_X3af0_spw0,HR_1010__Gaia_DR3_4722135642226902656__B7,7,488281.25,135,1886,3853.1,132,18.2,12m,8,6,0.5117839653036983,287,-2818.7016,7.042,287,-2818.7016,13.385,True,True
A002_Xc6141c_X3af0_spw0,HR_1010__Gaia_DR3_4722135642226902656__B7,7,488281.25,135,1886,3853.1,132,18.2,12m,8,7,0.5613239166454709,437,1173.1582,7.628,437,1173.1582,13.385,True,True
A002_Xc6141c_X3af0_spw0,HR_1010__Gaia_DR3_4722135642226902656__B7,7,488281.25,135,1886,3853.1,132,18.2,12m,8,8,0.4351097863888954,952,2693.8667,5.422,952,2693.8667,13.385,True,True
A002_Xc6141c_X3af0_spw0,HR_1010__Gaia_DR3_4722135642226902656__B7,7,488281.25,135,1886,3853.1,132,18.2,12m,8,9,0.45036610923897263,1302,-2311.7988,7.931,1302,-2311.7988,13.385,True,True
A002_Xc6141c_X3af0_spw0,HR_1010__Gaia_DR3_4722135642226902656__B7,7,488281.25,135,1886,3853.1,132,18.2,12m,8,10,0.5334060040476388,468,-1488.0817,8.748,468,-1488.0817,13.385,True,True
A002_Xc6141c_X3af0_spw0,HR_1010__Gaia_DR3_4722135642226902656__B7,7,488281.25,135,1886,3853.1,132,18.2,12m,8,11,0.49909979033235613,798,-3959.233,7.258,798,-3959.233,13.385,True,True
A002_Xc6141c_X3af0_spw0,HR_1010__Gaia_DR3_4722135642226902656__B7,7,488281.25,135,1886,3853.1,132,18.2,12m,8,12,0.4873436533747495,571,1743.4238,6.043,571,1743.4238,13.385,True,True
A002_Xc6141c_X3af0_spw0,HR_1010__Gaia_DR3_4722135642226902656__B7,7,488281.25,135,1886,3853.1,132,18.2,12m,8,13,0.5084539017653082,741,2693.8667,9.397,741,2693.8667,13.385,True,True
A002_Xc6141c_X3af0_spw0,HR_1010__Gaia_DR3_4722135642226902656__B7,7,488281.25,135,1886,3853.1,132,18.2,12m,8,14,0.5218882444925269,1707,-2818.7016,7.762,1707,-2818.7016,13.385,True,True
A002_Xc6141c_X3af0_spw0,HR_1010__Gaia_DR3_4722135642226902656__B7,7,488281.25,135,1886,3853.1,132,18.2,12m,8,15,0.4970019544244832,168,1870.1496,8.583,168,1870.1496,13.385,True,True
A002_Xc6141c_X3af0_spw0,HR_1010__Gaia_DR3_4722135642226902656__B7,7,488281.25,135,1886,3853.1,132,18.2,12m,10,0,0.6237245710114824,459,3264.1323,9.917,459,3390.8581,13.385,False,True
A002_Xc6141c_X3af0_spw0,HR_1010__Gaia_DR3_4722135642226902656__B7,7,488281.25,135,1886,3853.1,132,18.2,12m,10,1,0.5687571436848219,654,-2311.7988,10.832,654,-2311.7988,13.385,True,True
A002_Xc6141c_X3af0_spw0,HR_1010__Gaia_DR3_4722135642226902656__B7,7,488281.25,135,1886,3853.1,132,18.2,12m,10,2,0.583196226211844,1295,-791.0903,9.794,1295,-791.0903,13.385,True,True
A002_Xc6141c_X3af0_spw0,HR_1010__Gaia_DR3_4722135642226902656__B7,7,488281.25,135,1886,3853.1,132,18.2,12m,10,3,0.5494292548731555,289,3897.7609,8.673,289,3897.7609,13.385,True,True
A002_Xc6141c_X3af0_spw0,HR_1010__Gaia_DR3_4722135642226902656__B7,7,488281.25,135,1886,3853.1,132,18.2,12m,10,4,0.608166341142523,1250,-2691.9759,9.491,1250,-2691.9759,13.385,True,True
A002_Xc6141c_X3af0_spw0,HR_1010__Gaia_DR3_4722135642226902656__B7,7,488281.25,135,1886,3853.1,132,18.2,12m,10,5,0.6152631127312238,1792,1616.6981,9.084,1792,1616.6981,13.51,True,True
A002_Xc6141c_X3af0_spw0,HR_1010__Gaia_DR3_4722135642226902656__B7,7,488281.25,135,1886,3853.1,132,18.2,12m,10,6,0.6366718742097847,1588,-664.3646,11.136,1588,-664.3646,13.385,True,True
A002_Xc6141c_X3af0_spw0,HR_1010__Gaia_DR3_4722135642226902656__B7,7,488281.25,135,1886,3853.1,132,18.2,12m,10,7,0.6888774738024754,300,4087.8494,9.111,300,4087.8494,13.385,True,True
A002_Xc6141c_X3af0_spw0,HR_1010__Gaia_DR3_4722135642226902656__B7,7,488281.25,135,1886,3853.1,132,18.2,12m,10,8,0.6827762029042321,458,2503.7781,10.176,458,2503.7781,13.385,True,True
A002_Xc6141c_X3af0_spw0,HR_1010__Gaia_DR3_4722135642226902656__B7,7,488281.25,135,1886,3853.1,132,18.2,12m,10,9,0.6611959281221487,1518,3897.7609,9.388,1518,3897.7609,13.385,True,True
A002_Xc6141c_X3af0_spw0,HR_1010__Gaia_DR3_4722135642226902656__B7,7,488281.25,135,1886,3853.1,132,18.2,12m,10,10,0.5847035054318062,1083,2947.3181,10.724,1083,2947.3181,13.385,True,True
A002_Xc6141c_X3af0_spw0,HR_1010__Gaia_DR3_4722135642226902656__B7,7,488281.25,135,1886,3853.1,132,18.2,12m,10,11,0.5940985619025646,649,3327.4952,9.711,649,3327.4952,13.385,True,True
A002_Xc6141c_X3af0_spw0,HR_1010__Gaia_DR3_4722135642226902656__B7,7,488281.25,135,1886,3853.1,132,18.2,12m,10,12,0.5372865575709037,223,-3832.5073,11.654,223,-3832.5073,13.385,True,True
A002_Xc6141c_X3af0_spw0,HR_1010__Gaia_DR3_4722135642226902656__B7,7,488281.25,135,1886,3853.1,132,18.2,12m,10,13,0.6611992880715477,297,-1931.6217,9.344,297,-1931.6217,13.385,True,True
A002_Xc6141c_X3af0_spw0,HR_1010__Gaia_DR3_4722135642226902656__B7,7,488281.25,135,1886,3853.1,132,18.2,12m,10,14,0.5540332265829425,125,3644.3095,9.428,125,3644.3095,13.385,True,True
A002_Xc6141c_X3af0_spw0,HR_1010__Gaia_DR3_4722135642226902656__B7,7,488281.25,135,1886,3853.1,132,18.2,12m,10,15,0.5049058969452236,738,2693.8667,12.811,738,2693.8667,13.385,True,True
A002_Xc6141c_X3af0_spw0,HR_1010__Gaia_DR3_4722135642226902656__B7,7,488281.25,135,1886,3853.1,132,18.2,12m,12,0,0.6143815403638665,948,-3515.693,11.781,948,-3515.693,13.385,True,True
A002_Xc6141c_X3af0_spw0,HR_1010__Gaia_DR3_4722135642226902656__B7,7,488281.25,135,1886,3853.1,132,18.2,12m,12,1,0.7173516161656549,1547,3327.4952,13.018,1547,3327.4952,13.385,True,True
A002_Xc6141c_X3af0_spw0,HR_1010__Gaia_DR3_4722135642226902656__B7,7,488281.25,135,1886,3853.1,132,18.2,12m,12,2,0.7349020846322426,305,-1234.6303,11.72,305,-1234.6303,13.385,True,True
A002_Xc6141c_X3af0_spw0,HR_1010__Gaia_DR3_4722135642226902656__B7,7,488281.25,135,1886,3853.1,132,18.2,12m,12,3,0.7523365405110755,1501,-1868.2588,12.528,1501,-1868.2588,13.385,True,True
A002_Xc6141c_X3af0_spw0,HR_1010__Gaia_DR3_4722135642226902656__B7,7,488281.25,135,1886,3853.1,132,18.2,12m,12,4,0.70834089850384,578,2123.601,11.412,578,2123.601,13.385,True,True
A002_Xc6141c_X3af0_spw0,HR_1010__Gaia_DR3_4722135642226902656__B7,7,488281.25,135,1886,3853.1,132,18.2,12m,12,5,0.7274931585963847,789,-1614.8074,13.579,789,-1614.8074,13.579,True,True
A002_Xc6141c_X3af0_spw0,HR_1010__Gaia_DR3_4722135642226902656__B7,7,488281.25,135,1886,3853.1,132,18.2,12m,12,6,0.7933600846954777,1770,-94.0989,12.044,1770,-94.0989,13.322,True,True
A002_Xc6141c_X3af0_spw0,HR_1010__Gaia_DR3_4722135642226902656__B7,7,488281.25,135,1886,3853.1,132,18.2,12m,12,7,0.7731640433749027,922,-2438.5245,12.512,922,-2438.5245,13.385,True,True
A002_Xc6141c_X3af0_spw0,HR_1010__Gaia_DR3_4722135642226902656__B7,7,488281.25,135,1886,3853.1,132,18.2,12m,12,8,0.6983324683439448,1607,1680.061,11.412,1607,1680.061,13.385,True,True
A002_Xc6141c_X3af0_spw0,HR_1010__Gaia_DR3_4722135642226902656__B7,7,488281.25,135,1886,3853.1,132,18.2,12m,12,9,0.7689888097918498,1268,2377.0524,12.151,1268,2377.0524,13.385,True,True
A002_Xc6141c_X3af0_spw0,HR_1010__Gaia_DR3_4722135642226902656__B7,7,488281.25,135,1886,3853.1,132,18.2,12m,12,10,0.7910618148307861,1257,-4149.3216,12.221,1257,-4149.3216,13.385,True,True
A002_Xc6141c_X3af0_spw0,HR_1010__Gaia_DR3_4722135642226902656__B7,7,488281.25,135,1886,3853.1,132,18.2,12m,12,11,0.7702215342358151,269,3580.9466,11.851,269,3580.9466,13.385,True,True
A002_Xc6141c_X3af0_spw0,HR_1010__Gaia_DR3_4722135642226902656__B7,7,488281.25,135,1886,3853.1,132,18.2,12m,12,12,0.7188007109027822,1434,2947.3181,11.152,1434,2947.3181,13.385,True,True
A002_Xc6141c_X3af0_spw0,HR_1010__Gaia_DR3_4722135642226902656__B7,7,488281.25,135,1886,3853.1,132,18.2,12m,12,13,0.7401255824898779,1510,-220.8246,12.536,1510,-220.8246,13.385,True,True
A002_Xc6141c_X3af0_spw0,HR_1010__Gaia_DR3_4722135642226902656__B7,7,488281.25,135,1886,3853.1,132,18.2,12m,12,14,0.7155967712247994,337,539.5296,10.828,337,539.5296,13.385,True,True
A002_Xc6141c_X3af0_spw0,HR_1010__Gaia_DR3_4722135642226902656__B7,7,488281.25,135,1886,3853.1,132,18.2,12m,12,15,0.6670199481651683,791,-3198.8788,12.303,791,-3198.8788,13.385,True,True
A002_Xc6141c_X3af0_spw0,HR_1010__Gaia_DR3_4722135642226902656__B7,7,488281.25,135,1886,3853.1,132,18.2,12m,15,0,0.8993394226497105,1571,1553.3353,13.925,1571,1553.3353,13.925,True,True
A002_Xc6141c_X3af0_spw0,HR_1010__Gaia_DR3_4722135642226902656__B7,7,488281.25,135,1886,3853.1,132,18.2,12m,15,1,0.8387263686612638,1105,-3262.2416,14.879,1105,-3262.2416,14.879,True,True
A002_Xc6141c_X3af0_spw0,HR_1010__Gaia_DR3_4722135642226902656__B7,7,488281.25,135,1886,3853.1,132,18.2,12m,15,2,0.9679683597098113,1778,-2501.8874,14.11,1778,-2501.8874,14.11,True,True
A002_Xc6141c_X3af0_spw0,HR_1010__Gaia_DR3_4722135642226902656__B7,7,488281.25,135,1886,3853.1,132,18.2,12m,15,3,0.9124387464213033,1039,-2185.0731,14.701,1039,-2185.0731,14.701,True,True
A002_Xc6141c_X3af0_spw0,HR_1010__Gaia_DR3_4722135642226902656__B7,7,488281.25,135,1886,3853.1,132,18.2,12m,15,4,1.1139270747958328,1806,3517.5838,16.541,1805,3644.3095,16.541,False,True
A002_Xc6141c_X3af0_spw0,HR_1010__Gaia_DR3_4722135642226902656__B7,7,488281.25,135,1886,3853.1,132,18.2,12m,15,5,0.9301003171586115,1608,539.5296,14.171,1608,539.5296,14.171,True,True
A002_Xc6141c_X3af0_spw0,HR_1010__Gaia_DR3_4722135642226902656__B7,7,488281.25,135,1886,3853.1,132,18.2,12m,15,6,0.9090534349118328,249,-220.8246,16.424,249,-220.8246,16.424,True,True
A002_Xc6141c_X3af0_spw0,HR_1010__Gaia_DR3_4722135642226902656__B7,7,488281.25,135,1886,3853.1,132,18.2,12m,15,7,0.9694427923198033,1111,-2185.0731,15.728,1111,-2185.0731,15.728,True,True
A002_Xc6141c_X3af0_spw0,HR_1010__Gaia_DR3_4722135642226902656__B7,7,488281.25,135,1886,3853.1,132,18.2,12m,15,8,0.9702831159202219,124,222.7153,15.81,124,222.7153,15.81,True,True
A002_Xc6141c_X3af0_spw0,HR_1010__Gaia_DR3_4722135642226902656__B7,7,488281.25,135,1886,3853.1,132,18.2,12m,15,9,0.8929156896526954,1376,4087.8494,16.481,1376,4087.8494,16.481,True,True
A002_Xc6141c_X3af0_spw0,HR_1010__Gaia_DR3_4722135642226902656__B7,7,488281.25,135,1886,3853.1,132,18.2,12m,15,10,0.8719997864163481,894,3454.2209,13.469,894,3454.2209,13.469,True,True
A002_Xc6141c_X3af0_spw0,HR_1010__Gaia_DR3_4722135642226902656__B7,7,488281.25,135,1886,3853.1,132,18.2,12m,15,11,0.8379167647638961,837,3644.3095,14.031,837,3644.3095,14.031,True,True
A002_Xc6141c_X3af0_spw0,HR_1010__Gaia_DR3_4722135642226902656__B7,7,488281.25,135,1886,3853.1,132,18.2,12m,15,12,0.7880903797596541,464,-4149.3216,13.393,464,-4149.3216,13.393,True,True
A002_Xc6141c_X3af0_spw0,HR_1010__Gaia_DR3_4722135642226902656__B7,7,488281.25,135,1886,3853.1,132,18.2,12m,15,13,0.9138940871840123,582,856.3439,15.212,582,856.3439,15.212,True,True
A002_Xc6141c_X3af0_spw0,HR_1010__Gaia_DR3_4722135642226902656__B7,7,488281.25,135,1886,3853.1,132,18.2,12m,15,14,0.8690268141616541,1370,4087.8494,15.219,1370,4087.8494,15.219,True,True
A002_Xc6141c_X3af0_spw0,HR_1010__Gaia_DR3_4722135642226902656__B7,7,488281.25,135,1886,3853.1,132,18.2,12m,15,15,0.9334772983742208,1576,-1234.6303,14.898,1576,-1234.6303,14.898,True,True
A002_Xff294f_X7bf4_spw0,HD161868_B7,7,488281.25,273,3770,3729.1,123,19.0,12m,3,0,0.1352221925713341,382,-1356.7105,3.44,382,-1356.7105,18.056,True,False
A002_Xff294f_X7bf4_spw0,HD161868_B7,7,488281.25,273,3770,3729.1,123,19.0,12m,3,1,0.1631115487594739,3284,-1160.3044,7.847,3284,2964.2235,18.056,False,True
A002_Xff294f_X7bf4_spw0,HD161868_B7,7,488281.25,273,3770,3729.1,123,19.0,12m,3,2,0.15272068172210085,2640,1916.7243,3.031,2640,1916.7243,18.056,True,False
A002_Xff294f_X7bf4_spw0,HD161868_B7,7,488281.25,273,3770,3729.1,123,19.0,12m,3,3,0.13041317011610495,1085,1196.5687,2.307,1085,3684.3791,18.027,False,False
A002_Xff294f_X7bf4_spw0,HD161868_B7,7,488281.25,273,3770,3729.1,123,19.0,12m,3,4,0.12694808451807982,386,2833.2861,4.371,386,2833.2861,18.056,True,False
A002_Xff294f_X7bf4_spw0,HD161868_B7,7,488281.25,273,3770,3729.1,123,19.0,12m,3,5,0.1542159985531836,2667,-1422.1792,2.96,2667,-1422.1792,18.056,True,False
A002_Xff294f_X7bf4_spw0,HD161868_B7,7,488281.25,273,3770,3729.1,123,19.0,12m,3,6,0.15371949084738593,2363,18.1321,8.847,2364,-3058.8966,18.056,False,True
A002_Xff294f_X7bf4_spw0,HD161868_B7,7,488281.25,273,3770,3729.1,123,19.0,12m,3,7,0.14471543375241483,220,-3386.2401,2.132,221,-3189.834,18.056,False,False
A002_Xff294f_X7bf4_spw0,HD161868_B7,7,488281.25,273,3770,3729.1,123,19.0,12m,3,8,0.1418156806689769,2385,-3320.7714,7.869,2386,3226.0982,18.056,False,True
A002_Xff294f_X7bf4_spw0,HD161868_B7,7,488281.25,273,3770,3729.1,123,19.0,12m,3,9,0.15485633101376314,2946,3487.973,7.146,2947,672.8191,18.056,False,True
A002_Xff294f_X7bf4_spw0,HD161868_B7,7,488281.25,273,3770,3729.1,123,19.0,12m,3,10,0.1648243341526518,3107,-1225.7731,3.185,3107,-3975.4584,18.056,False,False
A002_Xff294f_X7bf4_spw0,HD161868_B7,7,488281.25,273,3770,3729.1,123,19.0,12m,3,11,0.12479070136988982,349,-3058.8966,3.112,349,-3058.8966,18.056,True,False
A002_Xff294f_X7bf4_spw0,HD161868_B7,7,488281.25,273,3770,3729.1,123,19.0,12m,3,12,0.1555671098216424,2115,869.2252,4.097,2115,869.2252,18.056,True,False
A002_Xff294f_X7bf4_spw0,HD161868_B7,7,488281.25,273,3770,3729.1,123,19.0,12m,3,13,0.15612185448251165,2301,3749.8478,4.911,2300,1785.7869,18.056,False,False
A002_Xff294f_X7bf4_spw0,HD161868_B7,7,488281.25,273,3770,3729.1,123,19.0,12m,3,14,0.1591357732493172,2431,-1749.5227,2.606,2432,476.413,18.056,False,False
A002_Xff294f_X7bf4_spw0,HD161868_B7,7,488281.25,273,3770,3729.1,123,19.0,12m,3,15,0.1356532114763078,1214,1720.3182,3.978,1213,3029.6922,18.056,False,False
A002_Xff294f_X7bf4_spw0,HD161868_B7,7,488281.25,273,3770,3729.1,123,19.0,12m,4,0,0.20271746886972142,1270,803.7565,3.758,1270,803.7565,18.056,True,False
A002_Xff294f_X7bf4_spw0,HD161868_B7,7,488281.25,273,3770,3729.1,123,19.0,12m,4,1,0.19589447358541745,2151,-3189.834,4.007,2150,-440.1488,18.056,False,False
A002_Xff294f_X7bf4_spw0,HD161868_B7,7,488281.25,273,3770,3729.1,123,19.0,12m,4,2,0.19467392472929193,2568,-3909.9897,6.194,2567,-1225.7731,18.056,False,True
A002_Xff294f_X7bf4_spw0,HD161868_B7,7,488281.25,273,3770,3729.1,123,19.0,12m,4,3,0.20719049908276774,3197,3160.6295,6.202,3198,1654.8495,18.056,False,True
A002_Xff294f_X7bf4_spw0,HD161868_B7,7,488281.25,273,3770,3729.1,123,19.0,12m,4,4,0.19701137025013324,2494,607.3504,3.973,2495,-3844.521,18.056,False,False
A002_Xff294f_X7bf4_spw0,HD161868_B7,7,488281.25,273,3770,3729.1,123,19.0,12m,4,5,0.21168866588239474,2781,-2273.2723,4.357,2781,-2273.2723,18.056,True,False
A002_Xff294f_X7bf4_spw0,HD161868_B7,7,488281.25,273,3770,3729.1,123,19.0,12m,4,6,0.1891235015238701,706,869.2252,3.699,706,869.2252,18.056,True,False
A002_Xff294f_X7bf4_spw0,HD161868_B7,7,488281.25,273,3770,3729.1,123,19.0,12m,4,7,0.17148372945329163,518,-3189.834,5.202,519,-2993.4279,18.056,False,True
A002_Xff294f_X7bf4_spw0,HD161868_B7,7,488281.25,273,3770,3729.1,123,19.0,12m,4,8,0.22004835936528502,3309,2702.3487,4.323,3309,2702.3487,18.056,True,False
A002_Xff294f_X7bf4_spw0,HD161868_B7,7,488281.25,273,3770,3729.1,123,19.0,12m,4,9,0.21294798574946952,1639,-2273.2723,3.799,1639,-2273.2723,18.056,True,False
A002_Xff294f_X7bf4_spw0,HD161868_B7,7,488281.25,273,3770,3729.1,123,19.0,12m,4,10,0.19849266292834075,2405,-1160.3044,2.897,2406,3487.973,18.056,False,False
A002_Xff294f_X7bf4_spw0,HD161868_B7,7,488281.25,273,3770,3729.1,123,19.0,12m,4,11,0.19724997973169417,2401,3749.8478,3.633,2401,3749.8478,18.056,True,False
A002_Xff294f_X7bf4_spw0,HD161868_B7,7,488281.25,273,3770,3729.1,123,19.0,12m,4,12,0.18276673454667416,1803,-1291.2418,3.778,1803,-1291.2418,18.056,True,False
A002_Xff294f_X7bf4_spw0,HD161868_B7,7,488281.25,273,3770,3729.1,123,19.0,12m,4,13,0.19848540615331084,3083,-1814.9914,5.93,3083,-1814.9914,18.056,True,True
A002_Xff294f_X7bf4_spw0,HD161868_B7,7,488281.25,273,3770,3729.1,123,19.0,12m,4,14,0.19150192044636413,1823,1916.7243,4.583,1823,1916.7243,18.056,True,False
A002_Xff294f_X7bf4_spw0,HD161868_B7,7,488281.25,273,3770,3729.1,123,19.0,12m,4,15,0.20723395648646442,2459,1523.9121,3.99,2459,1523.9121,18.056,True,False
A002_Xff294f_X7bf4_spw0,HD161868_B7,7,488281.25,273,3770,3729.1,123,19.0,12m,5,0,0.2635801213454002,1621,2244.0678,5.103,1621,2244.0678,18.056,True,True
A002_Xff294f_X7bf4_spw0,HD161868_B7,7,488281.25,273,3770,3729.1,123,19.0,12m,5,1,0.25021962573306183,1165,-3255.3027,5.456,1165,-3255.3027,18.037,True,True
A002_Xff294f_X7bf4_spw0,HD161868_B7,7,488281.25,273,3770,3729.1,123,19.0,12m,5,2,0.2405100747424148,856,-3582.6462,4.974,856,-3582.6462,18.056,True,False
A002_Xff294f_X7bf4_spw0,HD161868_B7,7,488281.25,273,3770,3729.1,123,19.0,12m,5,3,0.24048194139399798,3111,869.2252,4.98,3111,869.2252,18.056,True,False
A002_Xff294f_X7bf4_spw0,HD161868_B7,7,488281.25,273,3770,3729.1,123,19.0,12m,5,4,0.2245339863535811,317,2964.2235,5.176,317,2964.2235,18.056,True,True
A002_Xff294f_X7bf4_spw0,HD161868_B7,7,488281.25,273,3770,3729.1,123,19.0,12m,5,5,0.2477638376986224,872,-440.1488,5.93,872,-440.1488,18.056,True,True
A002_Xff294f_X7bf4_spw0,HD161868_B7,7,488281.25,273,3770,3729.1,123,19.0,12m,5,6,0.24303592091753362,1361,-1356.7105,3.639,1361,-1356.7105,18.056,True,False
A002_Xff294f_X7bf4_spw0,HD161868_B7,7,488281.25,273,3770,3729.1,123,19.0,12m,5,7,0.23283419979745287,272,1523.9121,3.33,272,1523.9121,18.056,True,False
A002_Xff294f_X7bf4_spw0,HD161868_B7,7,488281.25,273,3770,3729.1,123,19.0,12m,5,8,0.1880180612146257,858,2440.4739,4.726,858,2440.4739,18.056,True,False
A002_Xff294f_X7bf4_spw0,HD161868_B7,7,488281.25,273,3770,3729.1,123,19.0,12m,5,9,0.2645479212334232,534,-3517.1775,5.052,534,-3648.1149,18.056,False,True
A002_Xff294f_X7bf4_spw0,HD161868_B7,7,488281.25,273,3770,3729.1,123,19.0,12m,5,10,0.24258498214840402,308,-178.274,5.737,308,-178.274,18.056,True,True
A002_Xff294f_X7bf4_spw0,HD161868_B7,7,488281.25,273,3770,3729.1,123,19.0,12m,5,11,0.26841181796848385,1673,-2731.5531,4.84,1673,-2731.5531,18.056,True,False
A002_Xff294f_X7bf4_spw0,HD161868_B7,7,488281.25,273,3770,3729.1,123,19.0,12m,5,12,0.2633091315458657,1437,2440.4739,6.938,1437,2440.4739,18.056,True,True
A002_Xff294f_X7bf4_spw0,HD161868_B7,7,488281.25,273,3770,3729.1,123,19.0,12m,5,13,0.22993806285842444,1544,-3320.7714,5.812,1544,-3320.7714,18.056,True,True
A002_Xff294f_X7bf4_spw0,HD161868_B7,7,488281.25,273,3770,3729.1,123,19.0,12m,5,14,0.18636957522351522,286,738.2878,4.395,286,738.2878,18.056,True,False
A002_Xff294f_X7bf4_spw0,HD161868_B7,7,488281.25,273,3770,3729.1,123,19.0,12m,5,15,0.26247292905466213,2184,3553.4417,5.127,2184,3553.4417,18.056,True,True
A002_Xff294f_X7bf4_spw0,HD161868_B7,7,488281.25,273,3770,3729.1,123,19.0,12m,6,0,0.2730448088132449,859,-2273.2723,7.032,859,-2273.2723,18.056,True,True
A002_Xff294f_X7bf4_spw0,HD161868_B7,7,488281.25,273,3770,3729.1,123,19.0,12m,6,1,0.2817896218797635,973,934.6939,5.429,973,934.6939,18.056,True,True
A002_Xff294f_X7bf4_spw0,HD161868_B7,7,488281.25,273,3770,3729.1,123,19.0,12m,6,2,0.3403131485732515,2634,-1225.7731,5.903,2634,-1225.7731,18.056,True,True
A002_Xff294f_X7bf4_spw0,HD161868_B7,7,488281.25,273,3770,3729.1,123,19.0,12m,6,3,0.2981982872891963,1676,-2207.8036,6.149,1676,-2207.8036,18.056,True,True
A002_Xff294f_X7bf4_spw0,HD161868_B7,7,488281.25,273,3770,3729.1,123,19.0,12m,6,4,0.3013879318621936,269,1131.1,4.744,269,1131.1,18.056,True,False
A002_Xff294f_X7bf4_spw0,HD161868_B7,7,488281.25,273,3770,3729.1,123,19.0,12m,6,5,0.2690709072294711,2780,2964.2235,4.584,2780,2964.2235,18.056,True,False
A002_Xff294f_X7bf4_spw0,HD161868_B7,7,488281.25,273,3770,3729.1,123,19.0,12m,6,6,0.2857019117964785,1651,-505.6175,5.634,1651,-505.6175,18.056,True,True
A002_Xff294f_X7bf4_spw0,HD161868_B7,7,488281.25,273,3770,3729.1,123,19.0,12m,6,7,0.25593822474551714,264,1720.3182,6.633,264,1720.3182,18.056,True,True
A002_Xff294f_X7bf4_spw0,HD161868_B7,7,488281.25,273,3770,3729.1,123,19.0,12m,6,8,0.32401824129732926,2285,-1487.6479,6.746,2285,-1487.6479,18.056,True,True
A002_Xff294f_X7bf4_spw0,HD161868_B7,7,488281.25,273,3770,3729.1,123,19.0,12m,6,9,0.2972768175338711,2439,-3386.2401,7.59,2439,-3386.2401,18.056,True,True
A002_Xff294f_X7bf4_spw0,HD161868_B7,7,488281.25,273,3770,3729.1,123,19.0,12m,6,10,0.2811434922288642,1507,2833.2861,6.808,1507,2833.2861,18.056,True,True
A002_Xff294f_X7bf4_spw0,HD161868_B7,7,488281.25,273,3770,3729.1,123,19.0,12m,6,11,0.27643990418799264,808,-2731.5531,8.723,808,-832.9609,18.056,False,True
A002_Xff294f_X7bf4_spw0,HD161868_B7,7,488281.25,273,3770,3729.1,123,19.0,12m,6,12,0.2925562604657435,1029,-3648.1149,6.207,1029,-3648.1149,18.043,True,True
A002_Xff294f_X7bf4_spw0,HD161868_B7,7,488281.25,273,3770,3729.1,123,19.0,12m,6,13,0.2972106788200445,1516,-767.4922,6.068,1516,-767.4922,18.056,True,True
A002_Xff294f_X7bf4_spw0,HD161868_B7,7,488281.25,273,3770,3729.1,123,19.0,12m,6,14,0.3180935849738948,2700,-1291.2418,5.325,2700,-1291.2418,18.056,True,True
A002_Xff294f_X7bf4_spw0,HD161868_B7,7,488281.25,273,3770,3729.1,123,19.0,12m,6,15,0.27356893905581964,752,-2535.147,5.827,752,541.8817,18.056,False,True
A002_Xff294f_X7bf4_spw0,HD161868_B7,7,488281.25,273,3770,3729.1,123,19.0,12m,7,0,0.35834622507755726,2871,-3255.3027,6.725,2871,-3255.3027,18.056,True,True
A002_Xff294f_X7bf4_spw0,HD161868_B7,7,488281.25,273,3770,3729.1,123,19.0,12m,7,1,0.3409590458870887,631,1458.4434,8.06,631,1458.4434,18.056,True,True
A002_Xff294f_X7bf4_spw0,HD161868_B7,7,488281.25,273,3770,3729.1,123,19.0,12m,7,2,0.28930176802580426,1213,3029.6922,10.96,1213,3029.6922,18.056,True,True
A002_Xff294f_X7bf4_spw0,HD161868_B7,7,488281.25,273,3770,3729.1,123,19.0,12m,7,3,0.34921717026060745,2657,-3909.9897,5.937,2657,-3909.9897,18.056,True,True
A002_Xff294f_X7bf4_spw0,HD161868_B7,7,488281.25,273,3770,3729.1,123,19.0,12m,7,4,0.3958815611350311,1556,-636.5548,5.94,1556,-636.5548,18.056,True,True
A002_Xff294f_X7bf4_spw0,HD161868_B7,7,488281.25,273,3770,3729.1,123,19.0,12m,7,5,0.33366537017980064,546,-2993.4279,6.695,546,-2993.4279,18.056,True,True
A002_Xff294f_X7bf4_spw0,HD161868_B7,7,488281.25,273,3770,3729.1,123,19.0,12m,7,6,0.3708028487050454,3203,3422.5043,6.716,3203,3422.5043,18.056,True,True
A002_Xff294f_X7bf4_spw0,HD161868_B7,7,488281.25,273,3770,3729.1,123,19.0,12m,7,7,0.3146350050864424,3549,672.8191,10.738,3549,672.8191,18.056,True,True
A002_Xff294f_X7bf4_spw0,HD161868_B7,7,488281.25,273,3770,3729.1,123,19.0,12m,7,8,0.33816934367337975,153,3880.7852,6.984,153,3880.7852,18.056,True,True
A002_Xff294f_X7bf4_spw0,HD161868_B7,7,488281.25,273,3770,3729.1,123,19.0,12m,7,9,0.31007888689318486,1446,-3451.7088,7.944,1446,-3451.7088,18.056,True,True
A002_Xff294f_X7bf4_spw0,HD161868_B7,7,488281.25,273,3770,3729.1,123,19.0,12m,7,10,0.3296896331471878,266,1458.4434,6.794,266,1458.4434,18.056,True,True
A002_Xff294f_X7bf4_spw0,HD161868_B7,7,488281.25,273,3770,3729.1,123,19.0,12m,7,11,0.3705520325706285,1807,541.8817,7.259,1807,541.8817,18.056,True,True
A002_Xff294f_X7bf4_spw0,HD161868_B7,7,488281.25,273,3770,3729.1,123,19.0,12m,7,12,0.3751725474527353,2872,-1356.7105,7.51,2872,-1356.7105,18.056,True,True
A002_Xff294f_X7bf4_spw0,HD161868_B7,7,488281.25,273,3770,3729.1,123,19.0,12m,7,13,0.3330836167247061,1808,280.0069,8.204,1808,280.0069,18.056,True,True
A002_Xff294f_X7bf4_spw0,HD161868_B7,7,488281.25,273,3770,3729.1,123,19.0,12m,7,14,0.3120807689561225,931,-1487.6479,8.116,931,-1487.6479,18.056,True,True
A002_Xff294f_X7bf4_spw0,HD161868_B7,7,488281.25,273,3770,3729.1,123,19.0,12m,7,15,0.36185045463167753,3279,2505.9426,9.198,3278,2178.5991,18.056,False,True
A002_Xff294f_X7bf4_spw0,HD161868_B7,7,488281.25,273,3770,3729.1,123,19.0,12m,8,0,0.38709887142932325,1113,-505.6175,16.555,1112,-2207.8036,18.015,False,True
A002_Xff294f_X7bf4_spw0,HD161868_B7,7,488281.25,273,3770,3729.1,123,19.0,12m,8,1,0.4066045395352728,2560,2898.7548,8.013,2560,2898.7548,18.056,True,True
A002_Xff294f_X7bf4_spw0,HD161868_B7,7,488281.25,273,3770,3729.1,123,19.0,12m,8,2,0.34676200287170406,146,-1160.3044,8.609,146,-1160.3044,18.056,True,True
A002_Xff294f_X7bf4_spw0,HD161868_B7,7,488281.25,273,3770,3729.1,123,19.0,12m,8,3,0.4231329250997856,2635,-963.8983,8.883,2635,-963.8983,18.056,True,True
A002_Xff294f_X7bf4_spw0,HD161868_B7,7,488281.25,273,3770,3729.1,123,19.0,12m,8,4,0.4642221545063042,3249,1262.0373,9.186,3249,1262.0373,18.056,True,True
A002_Xff294f_X7bf4_spw0,HD161868_B7,7,488281.25,273,3770,3729.1,123,19.0,12m,8,5,0.4034104886770052,2665,1523.9121,7.966,2665,1523.9121,18.056,True,True
A002_Xff294f_X7bf4_spw0,HD161868_B7,7,488281.25,273,3770,3729.1,123,19.0,12m,8,6,0.3997621107746177,1814,2375.0052,7.79,1814,2375.0052,18.056,True,True
A002_Xff294f_X7bf4_spw0,HD161868_B7,7,488281.25,273,3770,3729.1,123,19.0,12m,8,7,0.3765110930807497,1953,-1553.1166,7.453,1953,-1553.1166,18.056,True,True
A002_Xff294f_X7bf4_spw0,HD161868_B7,7,488281.25,273,3770,3729.1,123,19.0,12m,8,8,0.37495092369586974,1053,1196.5687,8.573,1053,1196.5687,18.036,True,True
A002_Xff294f_X7bf4_spw0,HD161868_B7,7,488281.25,273,3770,3729.1,123,19.0,12m,8,9,0.43824912910722463,3665,-2011.3975,7.951,3665,-2011.3975,18.056,True,True
A002_Xff294f_X7bf4_spw0,HD161868_B7,7,488281.25,273,3770,3729.1,123,19.0,12m,8,10,0.38372075452751675,1584,-3779.0523,4.384,1584,-3779.0523,18.056,True,False
A002_Xff294f_X7bf4_spw0,HD161868_B7,7,488281.25,273,3770,3729.1,123,19.0,12m,8,11,0.4551794288311201,3638,869.2252,7.215,3638,869.2252,18.056,True,True
A002_Xff294f_X7bf4_spw0,HD161868_B7,7,488281.25,273,3770,3729.1,123,19.0,12m,8,12,0.3573204814138892,1020,1458.4434,9.647,1020,1458.4434,18.056,True,True
A002_Xff294f_X7bf4_spw0,HD161868_B7,7,488281.25,273,3770,3729.1,123,19.0,12m,8,13,0.45900946044418534,2625,-1029.367,8.586,2625,-1029.367,18.056,True,True
A002_Xff294f_X7bf4_spw0,HD161868_B7,7,488281.25,273,3770,3729.1,123,19.0,12m,8,14,0.3726287328819123,2219,-3386.2401,6.819,2219,-3386.2401,18.056,True,True
A002_Xff294f_X7bf4_spw0,HD161868_B7,7,488281.25,273,3770,3729.1,123,19.0,12m,8,15,0.3584871836811657,193,2898.7548,6.041,193,2898.7548,18.056,True,True
A002_Xff294f_X7bf4_spw0,HD161868_B7,7,488281.25,273,3770,3729.1,123,19.0,12m,10,0,0.5430914516151681,3598,3487.973,10.41,3598,3487.973,18.056,True,True
A002_Xff294f_X7bf4_spw0,HD161868_B7,7,488281.25,273,3770,3729.1,123,19.0,12m,10,1,0.5324077308538965,3267,3095.1608,9.921,3267,3095.1608,18.056,True,True
A002_Xff294f_X7bf4_spw0,HD161868_B7,7,488281.25,273,3770,3729.1,123,19.0,12m,10,2,0.4642304120426779,1968,-3844.521,11.538,1968,-3844.521,18.056,True,True
A002_Xff294f_X7bf4_spw0,HD161868_B7,7,488281.25,273,3770,3729.1,123,19.0,12m,10,3,0.450176705935085,256,1392.9747,8.777,256,1392.9747,18.056,True,True
A002_Xff294f_X7bf4_spw0,HD161868_B7,7,488281.25,273,3770,3729.1,123,19.0,12m,10,4,0.5642606601620448,2018,-1618.5853,10.849,2018,-1618.5853,18.056,True,True
A002_Xff294f_X7bf4_spw0,HD161868_B7,7,488281.25,273,3770,3729.1,123,19.0,12m,10,5,0.5900420955585788,3386,3029.6922,9.818,3386,3029.6922,18.056,True,True
A002_Xff294f_X7bf4_spw0,HD161868_B7,7,488281.25,273,3770,3729.1,123,19.0,12m,10,6,0.4269200614040854,565,1392.9747,11.125,565,1392.9747,18.056,True,True
A002_Xff294f_X7bf4_spw0,HD161868_B7,7,488281.25,273,3770,3729.1,123,19.0,12m,10,7,0.47283458931617434,3291,3749.8478,10.994,3291,3749.8478,18.056,True,True
A002_Xff294f_X7bf4_spw0,HD161868_B7,7,488281.25,273,3770,3729.1,123,19.0,12m,10,8,0.5107884742602401,2260,-1553.1166,9.624,2260,-1553.1166,18.056,True,True
A002_Xff294f_X7bf4_spw0,HD161868_B7,7,488281.25,273,3770,3729.1,123,19.0,12m,10,9,0.4606492876073134,1971,3226.0982,8.004,1971,3226.0982,18.056,True,True
A002_Xff294f_X7bf4_spw0,HD161868_B7,7,488281.25,273,3770,3729.1,123,19.0,12m,10,10,0.4966597450664555,984,-2469.6783,7.914,984,-2469.6783,18.056,True,True
A002_Xff294f_X7bf4_spw0,HD161868_B7,7,488281.25,273,3770,3729.1,123,19.0,12m,10,11,0.43518336418804276,271,869.2252,7.97,271,869.2252,18.056,True,True
A002_Xff294f_X7bf4_spw0,HD161868_B7,7,488281.25,273,3770,3729.1,123,19.0,12m,10,12,0.5223444936818813,2966,18.1321,10.743,2966,-47.3366,18.056,True,True
A002_Xff294f_X7bf4_spw0,HD161868_B7,7,488281.25,273,3770,3729.1,123,19.0,12m,10,13,0.4370372613135975,190,-2076.8662,9.022,190,-2076.8662,18.056,True,True
A002_Xff294f_X7bf4_spw0,HD161868_B7,7,488281.25,273,3770,3729.1,123,19.0,12m,10,14,0.48968030762384795,806,-3648.1149,9.211,807,-1029.367,18.056,False,True
A002_Xff294f_X7bf4_spw0,HD161868_B7,7,488281.25,273,3770,3729.1,123,19.0,12m,10,15,0.5001092387370853,3520,3553.4417,9.712,3520,3553.4417,18.056,True,True
A002_Xff294f_X7bf4_spw0,HD161868_B7,7,488281.25,273,3770,3729.1,123,19.0,12m,12,0,0.5746548317711284,3079,-898.4296,12.416,3079,-898.4296,18.056,True,True
A002_Xff294f_X7bf4_spw0,HD161868_B7,7,488281.25,273,3770,3729.1,123,19.0,12m,12,1,0.5704262502951283,2383,-2076.8662,10.395,2383,-2076.8662,18.056,True,True
A002_Xff294f_X7bf4_spw0,HD161868_B7,7,488281.25,273,3770,3729.1,123,19.0,12m,12,2,0.5817226363946488,2276,738.2878,12.321,2276,738.2878,18.056,True,True
A002_Xff294f_X7bf4_spw0,HD161868_B7,7,488281.25,273,3770,3729.1,123,19.0,12m,12,3,0.564307582674351,298,-2731.5531,11.486,298,-2731.5531,18.056,True,True
A002_Xff294f_X7bf4_spw0,HD161868_B7,7,488281.25,273,3770,3729.1,123,19.0,12m,12,4,0.5910529721109518,1881,1196.5687,15.676,1881,1196.5687,18.056,True,True
A002_Xff294f_X7bf4_spw0,HD161868_B7,7,488281.25,273,3770,3729.1,123,19.0,12m,12,5,0.6854747427952149,3404,-3451.7088,14.16,3404,-3451.7088,18.056,True,True
A002_Xff294f_X7bf4_spw0,HD161868_B7,7,488281.25,273,3770,3729.1,123,19.0,12m,12,6,0.583797430147937,2092,541.8817,12.656,2092,541.8817,18.056,True,True
A002_Xff294f_X7bf4_spw0,HD161868_B7,7,488281.25,273,3770,3729.1,123,19.0,12m,12,7,0.6329306748702176,3612,149.0695,12.786,3612,149.0695,18.056,True,True
A002_Xff294f_X7bf4_spw0,HD161868_B7,7,488281.25,273,3770,3729.1,123,19.0,12m,12,8,0.6794692014896591,3238,-112.8053,12.306,3238,-112.8053,18.056,True,True
A002_Xff294f_X7bf4_spw0,HD161868_B7,7,488281.25,273,3770,3729.1,123,19.0,12m,12,9,0.5763027046986883,2392,-3189.834,10.262,2392,-3189.834,18.056,True,True
A002_Xff294f_X7bf4_spw0,HD161868_B7,7,488281.25,273,3770,3729.1,123,19.0,12m,12,10,0.6443991684175373,3578,3618.9104,9.852,3578,3618.9104,18.056,True,True
A002_Xff294f_X7bf4_spw0,HD161868_B7,7,488281.25,273,3770,3729.1,123,19.0,12m,12,11,0.6701122033502422,2241,3422.5043,11.944,2241,3422.5043,18.056,True,True
A002_Xff294f_X7bf4_spw0,HD161868_B7,7,488281.25,273,3770,3729.1,123,19.0,12m,12,12,0.5800554439782033,481,410.9443,10.393,481,410.9443,18.056,True,True
A002_Xff294f_X7bf4_spw0,HD161868_B7,7,488281.25,273,3770,3729.1,123,19.0,12m,12,13,0.5010114614427261,149,-3975.4584,13.262,149,-3975.4584,18.056,True,True
A002_Xff294f_X7bf4_spw0,HD161868_B7,7,488281.25,273,3770,3729.1,123,19.0,12m,12,14,0.5607634436313059,401,-2731.5531,13.11,401,-2731.5531,18.056,True,True
A002_Xff294f_X7bf4_spw0,HD161868_B7,7,488281.25,273,3770,3729.1,123,19.0,12m,12,15,0.6452418528753886,2459,934.6939,11.812,2459,934.6939,18.056,True,True
A002_Xff294f_X7bf4_spw0,HD161868_B7,7,488281.25,273,3770,3729.1,123,19.0,12m,15,0,0.764534842152292,2917,-1356.7105,14.134,2917,-1356.7105,18.056,True,True
A002_Xff294f_X7bf4_spw0,HD161868_B7,7,488281.25,273,3770,3729.1,123,19.0,12m,15,1,0.7028967285338014,1415,-1684.054,14.891,1415,-1684.054,18.056,True,True
A002_Xff294f_X7bf4_spw0,HD161868_B7,7,488281.25,273,3770,3729.1,123,19.0,12m,15,2,0.6900568700183971,1305,3880.7852,14.56,1305,3880.7852,18.056,True,True
A002_Xff294f_X7bf4_spw0,HD161868_B7,7,488281.25,273,3770,3729.1,123,19.0,12m,15,3,0.8202346154032949,3022,-3451.7088,14.931,3022,-3451.7088,18.056,True,True
A002_Xff294f_X7bf4_spw0,HD161868_B7,7,488281.25,273,3770,3729.1,123,19.0,12m,15,4,0.6589129613462376,747,-3124.3653,17.476,747,-3124.3653,18.056,True,True
A002_Xff294f_X7bf4_spw0,HD161868_B7,7,488281.25,273,3770,3729.1,123,19.0,12m,15,5,0.7619625637924751,2059,-1487.6479,16.763,2059,-1487.6479,18.056,True,True
A002_Xff294f_X7bf4_spw0,HD161868_B7,7,488281.25,273,3770,3729.1,123,19.0,12m,15,6,0.6974353325613382,682,345.4756,14.012,682,345.4756,18.056,True,True
A002_Xff294f_X7bf4_spw0,HD161868_B7,7,488281.25,273,3770,3729.1,123,19.0,12m,15,7,0.8590098114748417,3560,149.0695,14.369,3560,149.0695,18.056,True,True
A002_Xff294f_X7bf4_spw0,HD161868_B7,7,488281.25,273,3770,3729.1,123,19.0,12m,15,8,0.8386353474052524,3125,-2927.9592,15.682,3125,-2927.9592,18.056,True,True
A002_Xff294f_X7bf4_spw0,HD161868_B7,7,488281.25,273,3770,3729.1,123,19.0,12m,15,9,0.8095413506432411,2833,-2076.8662,15.534,2833,-2076.8662,18.056,True,True
A002_Xff294f_X7bf4_spw0,HD161868_B7,7,488281.25,273,3770,3729.1,123,19.0,12m,15,10,0.8422623303027605,1633,1458.4434,15.574,1633,1458.4434,18.056,True,True
A002_Xff294f_X7bf4_spw0,HD161868_B7,7,488281.25,273,3770,3729.1,123,19.0,12m,15,11,0.7681879401563604,2193,-2469.6783,15.805,2193,-2469.6783,18.056,True,True
A002_Xff294f_X7bf4_spw0,HD161868_B7,7,488281.25,273,3770,3729.1,123,19.0,12m,15,12,0.7937927472935676,1615,3618.9104,15.056,1615,3618.9104,18.056,True,True
A002_Xff294f_X7bf4_spw0,HD161868_B7,7,488281.25,273,3770,3729.1,123,19.0,12m,15,13,0.8100124524568889,2716,-2862.4905,15.389,2716,-2862.4905,18.056,True,True
A002_Xff294f_X7bf4_spw0,HD161868_B7,7,488281.25,273,3770,3729.1,123,19.0,12m,15,14,0.8499179598669523,3339,1654.8495,15.888,3339,1654.8495,18.056,True,True
A002_Xff294f_X7bf4_spw0,HD161868_B7,7,488281.25,273,3770,3729.1,123,19.0,12m,15,15,0.6136853316777399,2321,-1880.4601,14.644,2321,-1880.4601,18.056,True,True
A002_Xcf0c6b_X6513_spw3,HD_10647_B7,7,488281.25,395,3534,3100.2,107,18.2,12m,3,0,0.011364519431889953,2401,181.763,3.002,2401,181.763,16.582,True,False
A002_Xcf0c6b_X6513_spw3,HD_10647_B7,7,488281.25,395,3534,3100.2,107,18.2,12m,3,1,0.010628883931414491,2515,2150.4967,12.981,2516,654.2591,16.582,False,True
A002_Xcf0c6b_X6513_spw3,HD_10647_B7,7,488281.25,395,3534,3100.2,107,18.2,12m,3,2,0.01130798413521748,3454,1441.7526,2.033,3453,-3361.9578,16.582,False,False
A002_Xcf0c6b_X6513_spw3,HD_10647_B7,7,488281.25,395,3534,3100.2,107,18.2,12m,3,3,0.010195577881781194,1447,103.0136,3.294,1446,-2731.963,16.582,False,False
A002_Xcf0c6b_X6513_spw3,HD_10647_B7,7,488281.25,395,3534,3100.2,107,18.2,12m,3,4,0.010670527491176238,2550,-2259.4669,2.977,2550,-2338.2162,16.582,True,False
A002_Xcf0c6b_X6513_spw3,HD_10647_B7,7,488281.25,395,3534,3100.2,107,18.2,12m,3,5,0.011091157943401672,1549,-1471.9734,4.161,1549,-1471.9734,16.582,True,False
A002_Xcf0c6b_X6513_spw3,HD_10647_B7,7,488281.25,395,3534,3100.2,107,18.2,12m,3,6,0.012115256154375531,2292,1599.2513,3.617,2291,-4149.4513,16.582,False,False
A002_Xcf0c6b_X6513_spw3,HD_10647_B7,7,488281.25,395,3534,3100.2,107,18.2,12m,3,7,0.010309478790440236,2586,-211.9838,2.966,2586,-3755.7045,16.582,False,False
A002_Xcf0c6b_X6513_spw3,HD_10647_B7,7,488281.25,395,3534,3100.2,107,18.2,12m,3,8,0.011061370148135337,2231,-3834.4539,2.902,2230,-1235.7253,16.582,False,False
A002_Xcf0c6b_X6513_spw3,HD_10647_B7,7,488281.25,395,3534,3100.2,107,18.2,12m,3,9,0.010360052555804383,537,339.2617,1.911,537,-684.4799,16.582,False,False
A002_Xcf0c6b_X6513_spw3,HD_10647_B7,7,488281.25,395,3534,3100.2,107,18.2,12m,3,10,0.011448202354671633,1310,2307.9954,3.209,1311,1048.0058,16.582,False,False
A002_Xcf0c6b_X6513_spw3,HD_10647_B7,7,488281.25,395,3534,3100.2,107,18.2,12m,3,11,0.011466139635697543,957,1284.2539,3.935,957,103.0136,16.582,False,False
A002_Xcf0c6b_X6513_spw3,HD_10647_B7,7,488281.25,395,3534,3100.2,107,18.2,12m,3,12,0.010462486262450688,1608,2780.4915,3.505,1608,2780.4915,16.582,True,False
A002_Xcf0c6b_X6513_spw3,HD_10647_B7,7,488281.25,395,3534,3100.2,107,18.2,12m,3,13,0.011706151248258006,1414,2544.2435,3.252,1413,2780.4915,16.582,False,False
A002_Xcf0c6b_X6513_spw3,HD_10647_B7,7,488281.25,395,3534,3100.2,107,18.2,12m,3,14,0.011081430504441707,119,-2180.7175,10.887,120,-526.9812,16.582,False,True
A002_Xcf0c6b_X6513_spw3,HD_10647_B7,7,488281.25,395,3534,3100.2,107,18.2,12m,3,15,0.011642437367107522,3335,-1550.7227,3.122,3335,-1550.7227,16.582,True,False
A002_Xcf0c6b_X6513_spw3,HD_10647_B7,7,488281.25,395,3534,3100.2,107,18.2,12m,4,0,0.014650008513415308,1802,-2259.4669,8.475,1803,2780.4915,16.582,False,True
A002_Xcf0c6b_X6513_spw3,HD_10647_B7,7,488281.25,395,3534,3100.2,107,18.2,12m,4,1,0.014311285955046747,1626,-3834.4539,3.979,1626,-3834.4539,16.582,True,False
A002_Xcf0c6b_X6513_spw3,HD_10647_B7,7,488281.25,395,3534,3100.2,107,18.2,12m,4,2,0.01320073703128505,156,2859.2409,4.907,155,-2180.7175,16.582,False,False
A002_Xcf0c6b_X6513_spw3,HD_10647_B7,7,488281.25,395,3534,3100.2,107,18.2,12m,4,3,0.01425229765054612,2357,-3440.7071,2.14,2358,1284.2539,16.582,False,False
A002_Xcf0c6b_X6513_spw3,HD_10647_B7,7,488281.25,395,3534,3100.2,107,18.2,12m,4,4,0.015360444701247077,778,-1078.2266,3.777,778,-1078.2266,16.582,True,False
A002_Xcf0c6b_X6513_spw3,HD_10647_B7,7,488281.25,395,3534,3100.2,107,18.2,12m,4,5,0.01465361747874733,3161,-1314.4747,5.243,3161,260.5123,16.512,False,True
A002_Xcf0c6b_X6513_spw3,HD_10647_B7,7,488281.25,395,3534,3100.2,107,18.2,12m,4,6,0.014519181709163687,3213,1599.2513,2.984,3213,1599.2513,16.577,True,False
A002_Xcf0c6b_X6513_spw3,HD_10647_B7,7,488281.25,395,3534,3100.2,107,18.2,12m,4,7,0.013291974326400351,2041,2937.9902,5.221,2042,-763.2292,16.582,False,True
A002_Xcf0c6b_X6513_spw3,HD_10647_B7,7,488281.25,395,3534,3100.2,107,18.2,12m,4,8,0.015402949373969792,3167,2150.4967,4.533,3166,-763.2292,16.553,False,False
A002_Xcf0c6b_X6513_spw3,HD_10647_B7,7,488281.25,395,3534,3100.2,107,18.2,12m,4,9,0.01710694501959866,3023,418.011,4.649,3022,1678.0006,16.582,False,False
A002_Xcf0c6b_X6513_spw3,HD_10647_B7,7,488281.25,395,3534,3100.2,107,18.2,12m,4,10,0.014130944680659273,3206,-3125.7097,3.873,3206,-3125.7097,16.68,True,False
A002_Xcf0c6b_X6513_spw3,HD_10647_B7,7,488281.25,395,3534,3100.2,107,18.2,12m,4,11,0.014242321993429268,2385,2544.2435,3.914,2385,2544.2435,16.582,True,False
A002_Xcf0c6b_X6513_spw3,HD_10647_B7,7,488281.25,395,3534,3100.2,107,18.2,12m,4,12,0.014809711371659817,3297,1678.0006,4.891,3296,-3519.4565,16.582,False,False
A002_Xcf0c6b_X6513_spw3,HD_10647_B7,7,488281.25,395,3534,3100.2,107,18.2,12m,4,13,0.014936341774566401,937,-3519.4565,4.495,938,4197.9798,16.582,False,False
A002_Xcf0c6b_X6513_spw3,HD_10647_B7,7,488281.25,395,3534,3100.2,107,18.2,12m,4,14,0.014821984929844045,1985,-920.7279,5.343,1984,-2101.9682,16.582,False,True
A002_Xcf0c6b_X6513_spw3,HD_10647_B7,7,488281.25,395,3534,3100.2,107,18.2,12m,4,15,0.013980416877354766,1695,4040.4811,3.526,1695,4040.4811,16.582,True,False
A002_Xcf0c6b_X6513_spw3,HD_10647_B7,7,488281.25,395,3534,3100.2,107,18.2,12m,5,0,0.018639983156981666,874,-1393.224,5.25,874,-1393.224,16.582,True,True
A002_Xcf0c6b_X6513_spw3,HD_10647_B7,7,488281.25,395,3534,3100.2,107,18.2,12m,5,1,0.01937266575164361,2639,1914.2487,3.079,2639,1914.2487,16.582,True,False
A002_Xcf0c6b_X6513_spw3,HD_10647_B7,7,488281.25,395,3534,3100.2,107,18.2,12m,5,2,0.018227056060618155,500,654.2591,5.732,499,-3046.9604,16.582,False,True
A002_Xcf0c6b_X6513_spw3,HD_10647_B7,7,488281.25,395,3534,3100.2,107,18.2,12m,5,3,0.017280064855660637,345,3804.2331,5.55,346,496.7604,16.582,False,True
A002_Xcf0c6b_X6513_spw3,HD_10647_B7,7,488281.25,395,3534,3100.2,107,18.2,12m,5,4,0.018732228727025478,1558,-448.2318,3.987,1558,-448.2318,16.582,True,False
A002_Xcf0c6b_X6513_spw3,HD_10647_B7,7,488281.25,395,3534,3100.2,107,18.2,12m,5,5,0.018954337547732347,454,3646.7344,5.725,454,3646.7344,16.582,True,True
A002_Xcf0c6b_X6513_spw3,HD_10647_B7,7,488281.25,395,3534,3100.2,107,18.2,12m,5,6,0.019583853449252477,3404,-2101.9682,4.267,3403,-369.4825,16.582,False,False
A002_Xcf0c6b_X6513_spw3,HD_10647_B7,7,488281.25,395,3534,3100.2,107,18.2,12m,5,7,0.01776813221204216,609,-211.9838,4.951,609,-211.9838,16.582,True,False
A002_Xcf0c6b_X6513_spw3,HD_10647_B7,7,488281.25,395,3534,3100.2,107,18.2,12m,5,8,0.017828319722398032,3004,-1944.4695,6.493,3004,-1944.4695,16.582,True,True
A002_Xcf0c6b_X6513_spw3,HD_10647_B7,7,488281.25,395,3534,3100.2,107,18.2,12m,5,9,0.01982188334268978,2619,2544.2435,5.032,2619,2622.9928,16.582,True,True
A002_Xcf0c6b_X6513_spw3,HD_10647_B7,7,488281.25,395,3534,3100.2,107,18.2,12m,5,10,0.017430205060039783,1586,-1865.7201,5.284,1586,-1865.7201,16.582,True,True
A002_Xcf0c6b_X6513_spw3,HD_10647_B7,7,488281.25,395,3534,3100.2,107,18.2,12m,5,11,0.017880239840976607,1816,1441.7526,8.31,1816,339.2617,16.582,False,True
A002_Xcf0c6b_X6513_spw3,HD_10647_B7,7,488281.25,395,3534,3100.2,107,18.2,12m,5,12,0.020987657039370694,2949,-1156.976,4.703,2949,-1156.976,16.582,True,False
A002_Xcf0c6b_X6513_spw3,HD_10647_B7,7,488281.25,395,3534,3100.2,107,18.2,12m,5,13,0.016503685467207048,1655,-3913.2032,4.045,1655,-3913.2032,16.582,True,False
A002_Xcf0c6b_X6513_spw3,HD_10647_B7,7,488281.25,395,3534,3100.2,107,18.2,12m,5,14,0.01943778099465669,137,3016.7396,11.518,138,-3519.4565,16.582,False,True
A002_Xcf0c6b_X6513_spw3,HD_10647_B7,7,488281.25,395,3534,3100.2,107,18.2,12m,5,15,0.018987607219244505,2086,339.2617,5.237,2086,339.2617,16.582,True,True
A002_Xcf0c6b_X6513_spw3,HD_10647_B7,7,488281.25,395,3534,3100.2,107,18.2,12m,6,0,0.022396175181168033,1126,3095.4889,5.509,1126,3095.4889,16.582,True,True
A002_Xcf0c6b_X6513_spw3,HD_10647_B7,7,488281.25,395,3534,3100.2,107,18.2,12m,6,1,0.022834543143981825,2185,3410.4863,5.933,2185,3410.4863,16.582,True,True
A002_Xcf0c6b_X6513_spw3,HD_10647_B7,7,488281.25,395,3534,3100.2,107,18.2,12m,6,2,0.021882810791575207,774,-54.4851,5.913,774,-54.4851,16.582,True,True
A002_Xcf0c6b_X6513_spw3,HD_10647_B7,7,488281.25,395,3534,3100.2,107,18.2,12m,6,3,0.021703628984764158,1030,-2810.7123,7.498,1031,-763.2292,16.582,False,True
A002_Xcf0c6b_X6513_spw3,HD_10647_B7,7,488281.25,395,3534,3100.2,107,18.2,12m,6,4,0.020497657056688597,804,4040.4811,5.181,804,4040.4811,16.582,True,True
A002_Xcf0c6b_X6513_spw3,HD_10647_B7,7,488281.25,395,3534,3100.2,107,18.2,12m,6,5,0.020870722613452984,1486,-2180.7175,6.654,1486,-2180.7175,16.582,True,True
A002_Xcf0c6b_X6513_spw3,HD_10647_B7,7,488281.25,395,3534,3100.2,107,18.2,12m,6,6,0.02397762505328344,2996,-54.4851,6.418,2996,-54.4851,16.582,True,True
A002_Xcf0c6b_X6513_spw3,HD_10647_B7,7,488281.25,395,3534,3100.2,107,18.2,12m,6,7,0.0217568789695644,1858,1363.0032,6.307,1858,1363.0032,16.582,True,True
A002_Xcf0c6b_X6513_spw3,HD_10647_B7,7,488281.25,395,3534,3100.2,107,18.2,12m,6,8,0.02173673757072531,2373,3095.4889,5.631,2373,3095.4889,16.582,True,True
A002_Xcf0c6b_X6513_spw3,HD_10647_B7,7,488281.25,395,3534,3100.2,107,18.2,12m,6,9,0.02327241658952311,2706,-2731.963,3.747,2706,-2731.963,16.582,True,False
A002_Xcf0c6b_X6513_spw3,HD_10647_B7,7,488281.25,395,3534,3100.2,107,18.2,12m,6,10,0.020102646065771595,959,1363.0032,9.636,959,1363.0032,16.582,True,True
A002_Xcf0c6b_X6513_spw3,HD_10647_B7,7,488281.25,395,3534,3100.2,107,18.2,12m,6,11,0.021073992959870957,165,-2101.9682,8.129,165,-2101.9682,16.582,True,True
A002_Xcf0c6b_X6513_spw3,HD_10647_B7,7,488281.25,395,3534,3100.2,107,18.2,12m,6,12,0.020922953952024054,1915,-1865.7201,6.772,1915,-1865.7201,16.582,True,True
A002_Xcf0c6b_X6513_spw3,HD_10647_B7,7,488281.25,395,3534,3100.2,107,18.2,12m,6,13,0.022399221546633572,2140,-1235.7253,6.339,2140,-1235.7253,16.582,True,True
A002_Xcf0c6b_X6513_spw3,HD_10647_B7,7,488281.25,395,3534,3100.2,107,18.2,12m,6,14,0.02146365106875582,596,-2574.4643,5.943,596,-2574.4643,16.582,True,True
A002_Xcf0c6b_X6513_spw3,HD_10647_B7,7,488281.25,395,3534,3100.2,107,18.2,12m,6,15,0.023700571382962686,933,4197.9798,6.002,933,4197.9798,16.582,True,True
A002_Xcf0c6b_X6513_spw3,HD_10647_B7,7,488281.25,395,3534,3100.2,107,18.2,12m,7,0,0.026867822239601557,1102,2071.7474,5.479,1102,2071.7474,16.582,True,True
A002_Xcf0c6b_X6513_spw3,HD_10647_B7,7,488281.25,395,3534,3100.2,107,18.2,12m,7,1,0.024974373748227863,152,969.2565,9.762,152,969.2565,16.582,True,True
A002_Xcf0c6b_X6513_spw3,HD_10647_B7,7,488281.25,395,3534,3100.2,107,18.2,12m,7,2,0.027775318801678814,2953,1205.5045,6.96,2953,1205.5045,16.582,True,True
A002_Xcf0c6b_X6513_spw3,HD_10647_B7,7,488281.25,395,3534,3100.2,107,18.2,12m,7,3,0.025681272360073143,1653,-999.4773,8.334,1653,-999.4773,16.582,True,True
A002_Xcf0c6b_X6513_spw3,HD_10647_B7,7,488281.25,395,3534,3100.2,107,18.2,12m,7,4,0.024785735468663923,834,24.2643,5.828,835,3410.4863,16.582,False,True
A002_Xcf0c6b_X6513_spw3,HD_10647_B7,7,488281.25,395,3534,3100.2,107,18.2,12m,7,5,0.025568713197239405,1806,-2574.4643,8.683,1806,-2574.4643,16.582,True,True
A002_Xcf0c6b_X6513_spw3,HD_10647_B7,7,488281.25,395,3534,3100.2,107,18.2,12m,7,6,0.02541854405599466,1972,-3676.9552,6.03,1972,-3676.9552,16.582,True,True
A002_Xcf0c6b_X6513_spw3,HD_10647_B7,7,488281.25,395,3534,3100.2,107,18.2,12m,7,7,0.026881544466053914,2121,890.5071,5.612,2121,890.5071,16.582,True,True
A002_Xcf0c6b_X6513_spw3,HD_10647_B7,7,488281.25,395,3534,3100.2,107,18.2,12m,7,8,0.026623105779360633,1838,2386.7448,7.755,1837,-3361.9578,16.582,False,True
A002_Xcf0c6b_X6513_spw3,HD_10647_B7,7,488281.25,395,3534,3100.2,107,18.2,12m,7,9,0.028647954926518043,2608,181.763,7.45,2608,181.763,16.582,True,True
A002_Xcf0c6b_X6513_spw3,HD_10647_B7,7,488281.25,395,3534,3100.2,107,18.2,12m,7,10,0.02640277790542802,2382,-3440.7071,6.599,2382,-3440.7071,16.582,True,True
A002_Xcf0c6b_X6513_spw3,HD_10647_B7,7,488281.25,395,3534,3100.2,107,18.2,12m,7,11,0.02264228059742732,1359,1441.7526,7.895,1359,1441.7526,16.582,True,True
A002_Xcf0c6b_X6513_spw3,HD_10647_B7,7,488281.25,395,3534,3100.2,107,18.2,12m,7,12,0.025823453813920153,2767,1835.4993,7.025,2767,1835.4993,16.582,True,True
A002_Xcf0c6b_X6513_spw3,HD_10647_B7,7,488281.25,395,3534,3100.2,107,18.2,12m,7,13,0.02186876635475582,485,-526.9812,8.149,485,-526.9812,16.582,True,True
A002_Xcf0c6b_X6513_spw3,HD_10647_B7,7,488281.25,395,3534,3100.2,107,18.2,12m,7,14,0.02792975195778295,1882,3174.2383,6.627,1882,3174.2383,16.582,True,True
A002_Xcf0c6b_X6513_spw3,HD_10647_B7,7,488281.25,395,3534,3100.2,107,18.2,12m,7,15,0.025114895607215183,652,-1629.4721,5.9,652,-1629.4721,16.582,True,True
A002_Xcf0c6b_X6513_spw3,HD_10647_B7,7,488281.25,395,3534,3100.2,107,18.2,12m,8,0,0.026146558312711118,904,3804.2331,5.184,904,3804.2331,16.582,True,True
A002_Xcf0c6b_X6513_spw3,HD_10647_B7,7,488281.25,395,3534,3100.2,107,18.2,12m,8,1,0.03018453481120988,3004,496.7604,8.953,3004,496.7604,16.582,True,True
A002_Xcf0c6b_X6513_spw3,HD_10647_B7,7,488281.25,395,3534,3100.2,107,18.2,12m,8,2,0.028369948579709498,3255,-2810.7123,8.485,3255,-2810.7123,16.572,True,True
A002_Xcf0c6b_X6513_spw3,HD_10647_B7,7,488281.25,395,3534,3100.2,107,18.2,12m,8,3,0.027335456227760246,1132,4040.4811,9.081,1132,4040.4811,16.582,True,True
A002_Xcf0c6b_X6513_spw3,HD_10647_B7,7,488281.25,395,3534,3100.2,107,18.2,12m,8,4,0.02844008939114902,2293,-1314.4747,7.669,2293,-1314.4747,16.582,True,True
A002_Xcf0c6b_X6513_spw3,HD_10647_B7,7,488281.25,395,3534,3100.2,107,18.2,12m,8,5,0.02923437580944324,674,811.7578,9.297,674,811.7578,16.582,True,True
A002_Xcf0c6b_X6513_spw3,HD_10647_B7,7,488281.25,395,3534,3100.2,107,18.2,12m,8,6,0.03073982528855474,2555,-3440.7071,9.65,2555,-3440.7071,16.582,True,True
A002_Xcf0c6b_X6513_spw3,HD_10647_B7,7,488281.25,395,3534,3100.2,107,18.2,12m,8,7,0.031116319197238066,2765,-1944.4695,8.217,2765,-1944.4695,16.582,True,True
A002_Xcf0c6b_X6513_spw3,HD_10647_B7,7,488281.25,395,3534,3100.2,107,18.2,12m,8,8,0.029726043978908955,1252,2780.4915,9.767,1252,1048.0058,16.582,False,True
A002_Xcf0c6b_X6513_spw3,HD_10647_B7,7,488281.25,395,3534,3100.2,107,18.2,12m,8,9,0.030384110117195103,1844,-54.4851,7.324,1844,-54.4851,16.582,True,True
A002_Xcf0c6b_X6513_spw3,HD_10647_B7,7,488281.25,395,3534,3100.2,107,18.2,12m,8,10,0.02862053056775339,1933,-1078.2266,8.085,1933,-1078.2266,16.582,True,True
A002_Xcf0c6b_X6513_spw3,HD_10647_B7,7,488281.25,395,3534,3100.2,107,18.2,12m,8,11,0.02691023531132873,1513,-211.9838,7.09,1513,-211.9838,16.582,True,True
A002_Xcf0c6b_X6513_spw3,HD_10647_B7,7,488281.25,395,3534,3100.2,107,18.2,12m,8,12,0.030140869851934468,1631,-2889.4617,8.147,1631,-2889.4617,16.582,True,True
A002_Xcf0c6b_X6513_spw3,HD_10647_B7,7,488281.25,395,3534,3100.2,107,18.2,12m,8,13,0.028184276748188544,1562,-1471.9734,7.288,1562,-1471.9734,16.582,True,True
A002_Xcf0c6b_X6513_spw3,HD_10647_B7,7,488281.25,395,3534,3100.2,107,18.2,12m,8,14,0.0305662443975654,1641,-2180.7175,6.621,1641,-2180.7175,16.582,True,True
A002_Xcf0c6b_X6513_spw3,HD_10647_B7,7,488281.25,395,3534,3100.2,107,18.2,12m,8,15,0.030475326244340812,1208,4040.4811,8.644,1208,4040.4811,16.582,True,True
A002_Xcf0c6b_X6513_spw3,HD_10647_B7,7,488281.25,395,3534,3100.2,107,18.2,12m,10,0,0.024413916177094035,139,-3834.4539,20.616,139,-3834.4539,20.616,True,True
A002_Xcf0c6b_X6513_spw3,HD_10647_B7,7,488281.25,395,3534,3100.2,107,18.2,12m,10,1,0.035339732255473426,2165,4119.2305,11.309,2165,4119.2305,16.582,True,True
A002_Xcf0c6b_X6513_spw3,HD_10647_B7,7,488281.25,395,3534,3100.2,107,18.2,12m,10,2,0.03642788312363568,3430,-2968.211,10.919,3430,-2968.211,16.582,True,True
A002_Xcf0c6b_X6513_spw3,HD_10647_B7,7,488281.25,395,3534,3100.2,107,18.2,12m,10,3,0.03439663733338801,1912,-1708.2214,8.742,1912,-1708.2214,16.582,True,True
A002_Xcf0c6b_X6513_spw3,HD_10647_B7,7,488281.25,395,3534,3100.2,107,18.2,12m,10,4,0.03288415386429647,2837,-2574.4643,15.982,2837,-2574.4643,16.582,True,True
A002_Xcf0c6b_X6513_spw3,HD_10647_B7,7,488281.25,395,3534,3100.2,107,18.2,12m,10,5,0.0411190682725311,3171,-2731.963,14.848,3172,3961.7318,16.413,False,True
A002_Xcf0c6b_X6513_spw3,HD_10647_B7,7,488281.25,395,3534,3100.2,107,18.2,12m,10,6,0.03695044710331901,3240,-2810.7123,14.676,3240,-2889.4617,16.569,True,True
A002_Xcf0c6b_X6513_spw3,HD_10647_B7,7,488281.25,395,3534,3100.2,107,18.2,12m,10,7,0.03846104175156805,140,-133.2344,12.221,141,-4149.4513,16.582,False,True
A002_Xcf0c6b_X6513_spw3,HD_10647_B7,7,488281.25,395,3534,3100.2,107,18.2,12m,10,8,0.035060887017512365,2541,-3361.9578,16.267,2541,-3440.7071,16.582,True,True
A002_Xcf0c6b_X6513_spw3,HD_10647_B7,7,488281.25,395,3534,3100.2,107,18.2,12m,10,9,0.035642635507690465,1141,-2495.7149,9.425,1141,-2495.7149,16.582,True,True
A002_Xcf0c6b_X6513_spw3,HD_10647_B7,7,488281.25,395,3534,3100.2,107,18.2,12m,10,10,0.036370708312516646,2910,4040.4811,11.041,2910,4040.4811,16.582,True,True
A002_Xcf0c6b_X6513_spw3,HD_10647_B7,7,488281.25,395,3534,3100.2,107,18.2,12m,10,11,0.036083246337814935,2274,2780.4915,9.249,2274,2780.4915,16.582,True,True
A002_Xcf0c6b_X6513_spw3,HD_10647_B7,7,488281.25,395,3534,3100.2,107,18.2,12m,10,12,0.037949693542418776,1819,-920.7279,10.033,1819,-133.2344,16.582,False,True
A002_Xcf0c6b_X6513_spw3,HD_10647_B7,7,488281.25,395,3534,3100.2,107,18.2,12m,10,13,0.03730962184941532,145,2150.4967,8.941,145,2071.7474,16.582,True,True
A002_Xcf0c6b_X6513_spw3,HD_10647_B7,7,488281.25,395,3534,3100.2,107,18.2,12m,10,14,0.03565923766910335,1380,811.7578,8.911,1380,811.7578,16.582,True,True
A002_Xcf0c6b_X6513_spw3,HD_10647_B7,7,488281.25,395,3534,3100.2,107,18.2,12m,10,15,0.03477295899139008,2985,103.0136,10.396,2985,103.0136,16.582,True,True
A002_Xcf0c6b_X6513_spw3,HD_10647_B7,7,488281.25,395,3534,3100.2,107,18.2,12m,12,0,0.045545131820520904,1660,654.2591,13.393,1660,654.2591,16.582,True,True
A002_Xcf0c6b_X6513_spw3,HD_10647_B7,7,488281.25,395,3534,3100.2,107,18.2,12m,12,1,0.048184658479925646,3077,-3046.9604,11.889,3077,-3046.9604,16.582,True,True
A002_Xcf0c6b_X6513_spw3,HD_10647_B7,7,488281.25,395,3534,3100.2,107,18.2,12m,12,2,0.043065156799485436,179,1126.7552,12.08,179,1126.7552,16.582,True,True
A002_Xcf0c6b_X6513_spw3,HD_10647_B7,7,488281.25,395,3534,3100.2,107,18.2,12m,12,3,0.04266447395440454,2494,654.2591,12.6,2494,654.2591,16.582,True,True
A002_Xcf0c6b_X6513_spw3,HD_10647_B7,7,488281.25,395,3534,3100.2,107,18.2,12m,12,4,0.03797091612882017,2375,2622.9928,9.809,2375,2622.9928,16.582,True,True
A002_Xcf0c6b_X6513_spw3,HD_10647_B7,7,488281.25,395,3534,3100.2,107,18.2,12m,12,5,0.04178194971804519,395,-3361.9578,13.417,395,-3361.9578,16.582,True,True
A002_Xcf0c6b_X6513_spw3,HD_10647_B7,7,488281.25,395,3534,3100.2,107,18.2,12m,12,6,0.04213607475325846,501,-2889.4617,11.089,501,-2889.4617,16.582,True,True
A002_Xcf0c6b_X6513_spw3,HD_10647_B7,7,488281.25,395,3534,3100.2,107,18.2,12m,12,7,0.044796931647859625,1083,2386.7448,12.809,1083,2386.7448,16.582,True,True
A002_Xcf0c6b_X6513_spw3,HD_10647_B7,7,488281.25,395,3534,3100.2,107,18.2,12m,12,8,0.043294872489116294,2151,-3046.9604,12.72,2151,-3046.9604,16.582,True,True
A002_Xcf0c6b_X6513_spw3,HD_10647_B7,7,488281.25,395,3534,3100.2,107,18.2,12m,12,9,0.04005245288349555,906,4040.4811,12.506,906,4040.4811,16.582,True,True
A002_Xcf0c6b_X6513_spw3,HD_10647_B7,7,488281.25,395,3534,3100.2,107,18.2,12m,12,10,0.04561994203062258,336,575.5097,9.663,336,575.5097,16.582,True,True
A002_Xcf0c6b_X6513_spw3,HD_10647_B7,7,488281.25,395,3534,3100.2,107,18.2,12m,12,11,0.049064969462345745,2031,-2731.963,11.824,2031,-2731.963,16.582,True,True
A002_Xcf0c6b_X6513_spw3,HD_10647_B7,7,488281.25,395,3534,3100.2,107,18.2,12m,12,12,0.040033346443500616,1677,-3834.4539,12.752,1677,-3834.4539,16.582,True,True
A002_Xcf0c6b_X6513_spw3,HD_10647_B7,7,488281.25,395,3534,3100.2,107,18.2,12m,12,13,0.04608459442769178,2810,1914.2487,12.34,2810,1914.2487,16.582,True,True
A002_Xcf0c6b_X6513_spw3,HD_10647_B7,7,488281.25,395,3534,3100.2,107,18.2,12m,12,14,0.04332538001350254,111,181.763,12.088,111,969.2565,16.582,False,True
A002_Xcf0c6b_X6513_spw3,HD_10647_B7,7,488281.25,395,3534,3100.2,107,18.2,12m,12,15,0.04562247149373837,847,-526.9812,12.629,847,-526.9812,16.582,True,True
A002_Xcf0c6b_X6513_spw3,HD_10647_B7,7,488281.25,395,3534,3100.2,107,18.2,12m,15,0,0.050762068055875076,2343,2386.7448,15.436,2343,2386.7448,16.582,True,True
A002_Xcf0c6b_X6513_spw3,HD_10647_B7,7,488281.25,395,3534,3100.2,107,18.2,12m,15,1,0.056906958539677255,1207,-3361.9578,15.53,1207,-3361.9578,16.582,True,True
A002_Xcf0c6b_X6513_spw3,HD_10647_B7,7,488281.25,395,3534,3100.2,107,18.2,12m,15,2,0.0513131796284178,1202,1914.2487,14.902,1202,1914.2487,16.582,True,True
A002_Xcf0c6b_X6513_spw3,HD_10647_B7,7,488281.25,395,3534,3100.2,107,18.2,12m,15,3,0.0572187711902118,2192,3725.4837,15.163,2192,3725.4837,16.582,True,True
A002_Xcf0c6b_X6513_spw3,HD_10647_B7,7,488281.25,395,3534,3100.2,107,18.2,12m,15,4,0.054707379613516564,1705,3016.7396,14.839,1705,3016.7396,16.582,True,True
A002_Xcf0c6b_X6513_spw3,HD_10647_B7,7,488281.25,395,3534,3100.2,107,18.2,12m,15,5,0.058731758876386105,1600,-3519.4565,15.646,1600,-3519.4565,16.582,True,True
A002_Xcf0c6b_X6513_spw3,HD_10647_B7,7,488281.25,395,3534,3100.2,107,18.2,12m,15,6,0.056555999213382974,1363,2386.7448,16.866,1363,2386.7448,16.866,True,True
A002_Xcf0c6b_X6513_spw3,HD_10647_B7,7,488281.25,395,3534,3100.2,107,18.2,12m,15,7,0.06059668365083693,3030,418.011,14.059,3030,418.011,16.582,True,True
A002_Xcf0c6b_X6513_spw3,HD_10647_B7,7,488281.25,395,3534,3100.2,107,18.2,12m,15,8,0.05289460000148737,547,-2731.963,15.481,547,-2731.963,16.582,True,True
A002_Xcf0c6b_X6513_spw3,HD_10647_B7,7,488281.25,395,3534,3100.2,107,18.2,12m,15,9,0.05561293379019355,1509,-1471.9734,15.411,1509,-1471.9734,16.582,True,True
A002_Xcf0c6b_X6513_spw3,HD_10647_B7,7,488281.25,395,3534,3100.2,107,18.2,12m,15,10,0.04635886331602708,519,418.011,15.992,519,418.011,16.582,True,True
A002_Xcf0c6b_X6513_spw3,HD_10647_B7,7,488281.25,395,3534,3100.2,107,18.2,12m,15,11,0.052955916370111135,2881,1678.0006,14.045,2881,1678.0006,16.582,True,True
A002_Xcf0c6b_X6513_spw3,HD_10647_B7,7,488281.25,395,3534,3100.2,107,18.2,12m,15,12,0.051557768252266975,538,1441.7526,15.263,538,1441.7526,16.582,True,True
A002_Xcf0c6b_X6513_spw3,HD_10647_B7,7,488281.25,395,3534,3100.2,107,18.2,12m,15,13,0.05384775938193305,1998,1205.5045,14.665,1998,1205.5045,16.582,True,True
A002_Xcf0c6b_X6513_spw3,HD_10647_B7,7,488281.25,395,3534,3100.2,107,18.2,12m,15,14,0.0597650808419705,3248,3095.4889,15.314,3248,3095.4889,16.556,True,True
A002_Xcf0c6b_X6513_spw3,HD_10647_B7,7,488281.25,395,3534,3100.2,107,18.2,12m,15,15,0.05433015169606044,862,3961.7318,15.573,862,3961.7318,16.582,True,True
A002_X11e10bc_X12662_spw1,_eta_Crv_B7,7,61035.15625,470,884,4354.5,1186,18.2,12m,3,0,0.02485447685310557,115,-659.4248,5.862,116,1611.2533,20.714,False,True
A002_X11e10bc_X12662_spw1,_eta_Crv_B7,7,61035.15625,470,884,4354.5,1186,18.2,12m,3,1,0.02440509466806108,656,-3504.7808,13.945,655,-736.5157,20.687,False,True
A002_X11e10bc_X12662_spw1,_eta_Crv_B7,7,61035.15625,470,884,4354.5,1186,18.2,12m,3,2,0.02402342045154359,250,2998.89,6.094,251,3846.8902,20.714,False,True
A002_X11e10bc_X12662_spw1,_eta_Crv_B7,7,61035.15625,470,884,4354.5,1186,18.2,12m,3,3,0.022973463124812306,296,223.6167,6.461,296,-3546.8304,20.714,False,True
A002_X11e10bc_X12662_spw1,_eta_Crv_B7,7,61035.15625,470,884,4354.5,1186,18.2,12m,3,4,0.023514117796304156,196,1723.3856,5.825,197,2956.8404,20.714,False,True
A002_X11e10bc_X12662_spw1,_eta_Crv_B7,7,61035.15625,470,884,4354.5,1186,18.2,12m,3,5,0.023112034684034197,507,3839.8819,12.093,506,-4072.4503,20.714,False,True
A002_X11e10bc_X12662_spw1,_eta_Crv_B7,7,61035.15625,470,884,4354.5,1186,18.2,12m,3,6,0.024894606035846457,564,-806.5984,12.495,563,-2782.9294,20.713,False,True
A002_X11e10bc_X12662_spw1,_eta_Crv_B7,7,61035.15625,470,884,4354.5,1186,18.2,12m,3,7,0.025689078098241502,790,2466.2618,12.801,791,1926.6253,20.54,False,True
A002_X11e10bc_X12662_spw1,_eta_Crv_B7,7,61035.15625,470,884,4354.5,1186,18.2,12m,3,8,0.017631198296780202,796,2410.1957,15.676,795,2080.8072,21.967,False,True
A002_X11e10bc_X12662_spw1,_eta_Crv_B7,7,61035.15625,470,884,4354.5,1186,18.2,12m,3,9,0.02397423787046381,404,76.4431,8.342,404,69.4348,20.714,True,True
A002_X11e10bc_X12662_spw1,_eta_Crv_B7,7,61035.15625,470,884,4354.5,1186,18.2,12m,3,10,0.037178531463463206,110,3783.8158,6.714,109,1506.1294,20.714,False,True
A002_X11e10bc_X12662_spw1,_eta_Crv_B7,7,61035.15625,470,884,4354.5,1186,18.2,12m,3,11,0.031908430206110304,168,4085.1712,5.716,167,2452.2453,20.714,False,True
A002_X11e10bc_X12662_spw1,_eta_Crv_B7,7,61035.15625,470,884,4354.5,1186,18.2,12m,3,12,0.024744339610306934,594,1485.1046,12.362,594,-2096.1193,20.714,False,True
A002_X11e10bc_X12662_spw1,_eta_Crv_B7,7,61035.15625,470,884,4354.5,1186,18.2,12m,3,13,0.02639128476194253,681,3608.6091,13.107,682,-140.8131,20.714,False,True
A002_X11e10bc_X12662_spw1,_eta_Crv_B7,7,61035.15625,470,884,4354.5,1186,18.2,12m,3,14,0.024447048615903345,134,-708.4827,6.22,134,1919.617,20.714,False,True
A002_X11e10bc_X12662_spw1,_eta_Crv_B7,7,61035.15625,470,884,4354.5,1186,18.2,12m,3,15,0.024637599586524315,815,-414.1355,13.195,815,2942.8239,20.712,False,True
A002_X11e10bc_X12662_spw1,_eta_Crv_B7,7,61035.15625,470,884,4354.5,1186,18.2,12m,4,0,0.032746749127977426,65,-3539.8221,5.271,65,2802.6586,20.714,False,True
A002_X11e10bc_X12662_spw1,_eta_Crv_B7,7,61035.15625,470,884,4354.5,1186,18.2,12m,4,1,0.034794270515976077,624,-3967.3263,12.262,623,-1451.3589,20.689,False,True
A002_X11e10bc_X12662_spw1,_eta_Crv_B7,7,61035.15625,470,884,4354.5,1186,18.2,12m,4,2,0.031905932574138124,722,-953.772,15.283,721,-1086.929,20.7,False,True
A002_X11e10bc_X12662_spw1,_eta_Crv_B7,7,61035.15625,470,884,4354.5,1186,18.2,12m,4,3,0.03249540203841882,586,-2488.5822,12.424,587,-2264.3177,20.71,False,True
A002_X11e10bc_X12662_spw1,_eta_Crv_B7,7,61035.15625,470,884,4354.5,1186,18.2,12m,4,4,0.030941208264399712,631,1015.5507,12.086,632,-1262.1357,20.714,False,True
A002_X11e10bc_X12662_spw1,_eta_Crv_B7,7,61035.15625,470,884,4354.5,1186,18.2,12m,4,5,0.03595775191273525,361,3959.0224,7.077,360,-2642.7641,20.714,False,True
A002_X11e10bc_X12662_spw1,_eta_Crv_B7,7,61035.15625,470,884,4354.5,1186,18.2,12m,4,6,0.03293494612777832,536,3356.3116,12.112,535,-3427.6899,20.714,False,True
A002_X11e10bc_X12662_spw1,_eta_Crv_B7,7,61035.15625,470,884,4354.5,1186,18.2,12m,4,7,0.03239019212589621,534,-673.4414,12.2,533,-3469.7395,20.713,False,True
A002_X11e10bc_X12662_spw1,_eta_Crv_B7,7,61035.15625,470,884,4354.5,1186,18.2,12m,4,8,0.03477208740405864,344,-3287.5245,6.2,345,-2860.0203,20.713,False,True
A002_X11e10bc_X12662_spw1,_eta_Crv_B7,7,61035.15625,470,884,4354.5,1186,18.2,12m,4,9,0.029571639574315283,443,-3869.2106,7.584,442,-3189.4088,20.715,False,True
A002_X11e10bc_X12662_spw1,_eta_Crv_B7,7,61035.15625,470,884,4354.5,1186,18.2,12m,4,10,0.030490287984388735,423,889.402,6.258,422,-1766.7308,20.714,False,True
A002_X11e10bc_X12662_spw1,_eta_Crv_B7,7,61035.15625,470,884,4354.5,1186,18.2,12m,4,11,0.032988796046080036,503,-1037.8712,12.948,503,-4135.5247,20.713,False,True
A002_X11e10bc_X12662_spw1,_eta_Crv_B7,7,61035.15625,470,884,4354.5,1186,18.2,12m,4,12,0.03044145638800915,452,-2236.2847,6.517,453,-1332.2183,20.713,False,True
A002_X11e10bc_X12662_spw1,_eta_Crv_B7,7,61035.15625,470,884,4354.5,1186,18.2,12m,4,13,0.03163413888827058,133,-3028.2187,6.219,134,1919.617,20.714,False,True
A002_X11e10bc_X12662_spw1,_eta_Crv_B7,7,61035.15625,470,884,4354.5,1186,18.2,12m,4,14,0.03228185793229262,128,69.4348,6.509,129,1835.5179,20.714,False,True
A002_X11e10bc_X12662_spw1,_eta_Crv_B7,7,61035.15625,470,884,4354.5,1186,18.2,12m,4,15,0.03409443443393601,492,-3560.8469,7.049,491,-2460.5492,20.714,False,True
A002_X11e10bc_X12662_spw1,_eta_Crv_B7,7,61035.15625,470,884,4354.5,1186,18.2,12m,5,0,0.043290297959394236,233,3286.2289,6.893,232,3531.5182,20.714,False,True
A002_X11e10bc_X12662_spw1,_eta_Crv_B7,7,61035.15625,470,884,4354.5,1186,18.2,12m,5,1,0.039431131439256036,235,-56.7139,6.481,234,3566.5595,20.714,False,True
A002_X11e10bc_X12662_spw1,_eta_Crv_B7,7,61035.15625,470,884,4354.5,1186,18.2,12m,5,2,0.04396511709506412,338,3223.1545,5.659,338,3223.1545,20.714,True,True
A002_X11e10bc_X12662_spw1,_eta_Crv_B7,7,61035.15625,470,884,4354.5,1186,18.2,12m,5,3,0.041548045305931064,654,-3546.8304,14.11,653,-792.5819,20.721,False,True
A002_X11e10bc_X12662_spw1,_eta_Crv_B7,7,61035.15625,470,884,4354.5,1186,18.2,12m,5,4,0.039914879526038595,613,1618.2616,13.062,612,-1703.6564,20.714,False,True
A002_X11e10bc_X12662_spw1,_eta_Crv_B7,7,61035.15625,470,884,4354.5,1186,18.2,12m,5,5,0.042624348603537386,101,1499.1211,7.049,100,1358.9558,20.714,False,True
A002_X11e10bc_X12662_spw1,_eta_Crv_B7,7,61035.15625,470,884,4354.5,1186,18.2,12m,5,6,0.03919212561210836,520,2199.9477,13.124,519,-3771.0949,20.714,False,True
A002_X11e10bc_X12662_spw1,_eta_Crv_B7,7,61035.15625,470,884,4354.5,1186,18.2,12m,5,7,0.04238697762631522,285,2718.5594,7.054,285,-3708.0205,20.714,False,True
A002_X11e10bc_X12662_spw1,_eta_Crv_B7,7,61035.15625,470,884,4354.5,1186,18.2,12m,5,8,0.04026426677792211,586,-4037.409,12.297,587,-2264.3177,20.71,False,True
A002_X11e10bc_X12662_spw1,_eta_Crv_B7,7,61035.15625,470,884,4354.5,1186,18.2,12m,5,9,0.042555435172354196,459,-1850.83,6.824,458,-2951.1278,20.712,False,True
A002_X11e10bc_X12662_spw1,_eta_Crv_B7,7,61035.15625,470,884,4354.5,1186,18.2,12m,5,10,0.04164355188628408,273,118.4927,6.181,274,-2236.2847,20.714,False,True
A002_X11e10bc_X12662_spw1,_eta_Crv_B7,7,61035.15625,470,884,4354.5,1186,18.2,12m,5,11,0.05677986048326403,771,-3371.6237,12.705,771,1092.6417,20.706,False,True
A002_X11e10bc_X12662_spw1,_eta_Crv_B7,7,61035.15625,470,884,4354.5,1186,18.2,12m,5,12,0.04274868607211976,85,503.9473,5.555,85,503.9473,20.714,True,True
A002_X11e10bc_X12662_spw1,_eta_Crv_B7,7,61035.15625,470,884,4354.5,1186,18.2,12m,5,13,0.04207051843030276,687,1015.5507,14.964,687,-2530.6318,20.705,False,True
A002_X11e10bc_X12662_spw1,_eta_Crv_B7,7,61035.15625,470,884,4354.5,1186,18.2,12m,5,14,0.039488811561984645,625,2725.5676,12.047,624,-1423.3258,20.714,False,True
A002_X11e10bc_X12662_spw1,_eta_Crv_B7,7,61035.15625,470,884,4354.5,1186,18.2,12m,5,15,0.041479981011431945,617,-1563.4911,13.874,617,-1591.5242,20.724,False,True
A002_X11e10bc_X12662_spw1,_eta_Crv_B7,7,61035.15625,470,884,4354.5,1186,18.2,12m,6,0,0.05019114331518903,462,-14.6644,7.17,461,-2909.0782,20.714,False,True
A002_X11e10bc_X12662_spw1,_eta_Crv_B7,7,61035.15625,470,884,4354.5,1186,18.2,12m,6,1,0.04829200585144587,472,2417.2039,7.728,471,-2754.8963,20.714,False,True
A002_X11e10bc_X12662_spw1,_eta_Crv_B7,7,61035.15625,470,884,4354.5,1186,18.2,12m,6,2,0.05311473649316337,766,1786.46,13.193,766,868.3772,20.829,False,True
A002_X11e10bc_X12662_spw1,_eta_Crv_B7,7,61035.15625,470,884,4354.5,1186,18.2,12m,6,3,0.05325193755964572,234,-196.8793,6.494,234,3566.5595,20.714,False,True
A002_X11e10bc_X12662_spw1,_eta_Crv_B7,7,61035.15625,470,884,4354.5,1186,18.2,12m,6,4,0.048878348360120304,123,-3967.3263,7.329,122,1709.3691,20.714,False,True
A002_X11e10bc_X12662_spw1,_eta_Crv_B7,7,61035.15625,470,884,4354.5,1186,18.2,12m,6,5,0.05927167502936109,717,-3581.8717,14.936,716,-1304.1853,20.603,False,True
A002_X11e10bc_X12662_spw1,_eta_Crv_B7,7,61035.15625,470,884,4354.5,1186,18.2,12m,6,6,0.049962883802859084,626,686.1622,12.297,627,-1360.2514,20.712,False,True
A002_X11e10bc_X12662_spw1,_eta_Crv_B7,7,61035.15625,470,884,4354.5,1186,18.2,12m,6,7,0.045873777491635785,373,1912.6088,8.535,373,1912.6088,20.714,True,True
A002_X11e10bc_X12662_spw1,_eta_Crv_B7,7,61035.15625,470,884,4354.5,1186,18.2,12m,6,8,0.048083868951406795,526,-2649.7723,12.737,526,-3630.9296,20.708,False,True
A002_X11e10bc_X12662_spw1,_eta_Crv_B7,7,61035.15625,470,884,4354.5,1186,18.2,12m,6,9,0.05001622383044568,809,924.4433,20.671,810,2732.5759,20.671,False,True
A002_X11e10bc_X12662_spw1,_eta_Crv_B7,7,61035.15625,470,884,4354.5,1186,18.2,12m,6,10,0.05134292882375533,453,1961.6666,6.564,453,-1332.2183,20.714,False,True
A002_X11e10bc_X12662_spw1,_eta_Crv_B7,7,61035.15625,470,884,4354.5,1186,18.2,12m,6,11,0.05188253784861264,240,1071.6169,6.569,240,1071.6169,20.714,True,True
A002_X11e10bc_X12662_spw1,_eta_Crv_B7,7,61035.15625,470,884,4354.5,1186,18.2,12m,6,12,0.047907902231698156,473,-1528.4498,7.626,472,-2740.8798,20.712,False,True
A002_X11e10bc_X12662_spw1,_eta_Crv_B7,7,61035.15625,470,884,4354.5,1186,18.2,12m,6,13,0.04904914906576634,419,-1248.1192,7.287,419,-1808.7804,20.714,False,True
A002_X11e10bc_X12662_spw1,_eta_Crv_B7,7,61035.15625,470,884,4354.5,1186,18.2,12m,6,14,0.049739453165802604,224,-3764.0866,6.399,224,-3764.0866,20.714,True,True
A002_X11e10bc_X12662_spw1,_eta_Crv_B7,7,61035.15625,470,884,4354.5,1186,18.2,12m,6,15,0.050002497664841584,737,-161.8379,14.917,738,-330.0363,20.448,False,True
A002_X11e10bc_X12662_spw1,_eta_Crv_B7,7,61035.15625,470,884,4354.5,1186,18.2,12m,7,0,0.05426597144896653,453,-3630.9296,8.351,453,-3630.9296,20.705,True,True
A002_X11e10bc_X12662_spw1,_eta_Crv_B7,7,61035.15625,470,884,4354.5,1186,18.2,12m,7,1,0.05499342591611714,254,174.5588,6.904,254,174.5588,20.714,True,True
A002_X11e10bc_X12662_spw1,_eta_Crv_B7,7,61035.15625,470,884,4354.5,1186,18.2,12m,7,2,0.058805700913311165,307,3160.0801,7.405,307,3160.0801,20.714,True,True
A002_X11e10bc_X12662_spw1,_eta_Crv_B7,7,61035.15625,470,884,4354.5,1186,18.2,12m,7,3,0.056866953567232946,586,-2488.5822,12.534,587,-2264.3177,20.705,False,True
A002_X11e10bc_X12662_spw1,_eta_Crv_B7,7,61035.15625,470,884,4354.5,1186,18.2,12m,7,4,0.05362489678200346,484,882.3937,6.879,484,-897.7059,20.714,False,True
A002_X11e10bc_X12662_spw1,_eta_Crv_B7,7,61035.15625,470,884,4354.5,1186,18.2,12m,7,5,0.05914015565599928,229,2739.5842,6.751,230,3496.4769,20.714,False,True
A002_X11e10bc_X12662_spw1,_eta_Crv_B7,7,61035.15625,470,884,4354.5,1186,18.2,12m,7,6,0.05702675664573465,494,-3546.8304,6.451,495,-729.5075,20.637,False,True
A002_X11e10bc_X12662_spw1,_eta_Crv_B7,7,61035.15625,470,884,4354.5,1186,18.2,12m,7,7,0.057645731670254864,197,-3567.8552,6.845,197,-3567.8552,20.714,True,True
A002_X11e10bc_X12662_spw1,_eta_Crv_B7,7,61035.15625,470,884,4354.5,1186,18.2,12m,7,8,0.053720760039798164,811,545.9969,20.7,810,2732.5759,20.7,False,True
A002_X11e10bc_X12662_spw1,_eta_Crv_B7,7,61035.15625,470,884,4354.5,1186,18.2,12m,7,9,0.05204457304225095,488,2438.2287,7.805,489,-2495.5905,20.714,False,True
A002_X11e10bc_X12662_spw1,_eta_Crv_B7,7,61035.15625,470,884,4354.5,1186,18.2,12m,7,10,0.05905778876628642,433,-2460.5492,7.361,433,-2460.5492,20.712,True,True
A002_X11e10bc_X12662_spw1,_eta_Crv_B7,7,61035.15625,470,884,4354.5,1186,18.2,12m,7,11,0.058438122529745756,144,-792.5819,6.499,144,2073.7989,20.714,False,True
A002_X11e10bc_X12662_spw1,_eta_Crv_B7,7,61035.15625,470,884,4354.5,1186,18.2,12m,7,12,0.05779039518419269,398,3377.3364,8.336,398,3377.3364,20.714,True,True
A002_X11e10bc_X12662_spw1,_eta_Crv_B7,7,61035.15625,470,884,4354.5,1186,18.2,12m,7,13,0.05528705978933182,400,1372.9723,6.98,400,-3813.1445,20.714,False,True
A002_X11e10bc_X12662_spw1,_eta_Crv_B7,7,61035.15625,470,884,4354.5,1186,18.2,12m,7,14,0.05739407467155174,318,1050.5921,6.359,318,-3245.4749,20.714,False,True
A002_X11e10bc_X12662_spw1,_eta_Crv_B7,7,61035.15625,470,884,4354.5,1186,18.2,12m,7,15,0.05928786013607192,766,4001.072,13.17,766,868.3772,20.707,False,True
A002_X11e10bc_X12662_spw1,_eta_Crv_B7,7,61035.15625,470,884,4354.5,1186,18.2,12m,8,0,0.06689796214290919,345,-2768.9129,7.722,345,-2768.9129,20.714,True,True
A002_X11e10bc_X12662_spw1,_eta_Crv_B7,7,61035.15625,470,884,4354.5,1186,18.2,12m,8,1,0.0667425311890922,384,-2705.8385,8.542,384,-2705.8385,20.712,True,True
A002_X11e10bc_X12662_spw1,_eta_Crv_B7,7,61035.15625,470,884,4354.5,1186,18.2,12m,8,2,0.06260815912455495,300,-3539.8221,8.496,300,-3539.8221,20.714,True,True
A002_X11e10bc_X12662_spw1,_eta_Crv_B7,7,61035.15625,470,884,4354.5,1186,18.2,12m,8,3,0.05769158516335091,75,433.8647,7.009,75,433.8647,20.714,True,True
A002_X11e10bc_X12662_spw1,_eta_Crv_B7,7,61035.15625,470,884,4354.5,1186,18.2,12m,8,4,0.04796163577584201,137,-3014.2022,6.73,137,-3014.2022,20.714,True,True
A002_X11e10bc_X12662_spw1,_eta_Crv_B7,7,61035.15625,470,884,4354.5,1186,18.2,12m,8,5,0.06698671475243907,410,2199.9477,7.556,410,2199.9477,20.714,True,True
A002_X11e10bc_X12662_spw1,_eta_Crv_B7,7,61035.15625,470,884,4354.5,1186,18.2,12m,8,6,0.0650307477448938,750,-1829.8052,15.491,751,1415.0219,20.612,False,True
A002_X11e10bc_X12662_spw1,_eta_Crv_B7,7,61035.15625,470,884,4354.5,1186,18.2,12m,8,7,0.06705909933222538,548,2157.8981,13.723,547,-3140.351,20.714,False,True
A002_X11e10bc_X12662_spw1,_eta_Crv_B7,7,61035.15625,470,884,4354.5,1186,18.2,12m,8,8,0.06631005185921947,617,-1941.9375,13.026,617,-1591.5242,20.717,False,True
A002_X11e10bc_X12662_spw1,_eta_Crv_B7,7,61035.15625,470,884,4354.5,1186,18.2,12m,8,9,0.06301170551929954,616,90.4596,12.89,617,-1591.5242,20.705,False,True
A002_X11e10bc_X12662_spw1,_eta_Crv_B7,7,61035.15625,470,884,4354.5,1186,18.2,12m,8,10,0.06211604230622206,448,-1248.1192,6.745,448,-1248.1192,20.714,True,True
A002_X11e10bc_X12662_spw1,_eta_Crv_B7,7,61035.15625,470,884,4354.5,1186,18.2,12m,8,11,0.0552240347732424,567,-2313.3756,15.283,567,-2698.8302,20.707,False,True
A002_X11e10bc_X12662_spw1,_eta_Crv_B7,7,61035.15625,470,884,4354.5,1186,18.2,12m,8,12,0.06786492052015439,546,3489.4686,13.687,547,-3140.351,20.714,False,True
A002_X11e10bc_X12662_spw1,_eta_Crv_B7,7,61035.15625,470,884,4354.5,1186,18.2,12m,8,13,0.06783666877288536,592,3314.262,12.532,592,-2138.1689,20.714,False,True
A002_X11e10bc_X12662_spw1,_eta_Crv_B7,7,61035.15625,470,884,4354.5,1186,18.2,12m,8,14,0.05114272418908097,86,-3862.2024,6.134,86,-3862.2024,20.714,True,True
A002_X11e10bc_X12662_spw1,_eta_Crv_B7,7,61035.15625,470,884,4354.5,1186,18.2,12m,8,15,0.06506786270319931,159,3790.8241,11.136,159,3790.8241,20.714,True,True
A002_X11e10bc_X12662_spw1,_eta_Crv_B7,7,61035.15625,470,884,4354.5,1186,18.2,12m,10,0,0.08395864250147345,523,1751.4187,12.293,522,-3701.0122,20.714,False,True
A002_X11e10bc_X12662_spw1,_eta_Crv_B7,7,61035.15625,470,884,4354.5,1186,18.2,12m,10,1,0.08435766625253145,227,-582.3339,9.689,227,-582.3339,20.714,True,True
A002_X11e10bc_X12662_spw1,_eta_Crv_B7,7,61035.15625,470,884,4354.5,1186,18.2,12m,10,2,0.07980593146657566,725,48.41,13.995,725,-918.7307,20.673,False,True
A002_X11e10bc_X12662_spw1,_eta_Crv_B7,7,61035.15625,470,884,4354.5,1186,18.2,12m,10,3,0.08419409623957619,328,-2593.7062,10.288,328,-2593.7062,20.714,True,True
A002_X11e10bc_X12662_spw1,_eta_Crv_B7,7,61035.15625,470,884,4354.5,1186,18.2,12m,10,4,0.10881275279475296,97,2438.2287,10.109,97,2438.2287,20.714,True,True
A002_X11e10bc_X12662_spw1,_eta_Crv_B7,7,61035.15625,470,884,4354.5,1186,18.2,12m,10,5,0.08237789388853567,303,-2117.1441,9.123,303,-2117.1441,20.714,True,True
A002_X11e10bc_X12662_spw1,_eta_Crv_B7,7,61035.15625,470,884,4354.5,1186,18.2,12m,10,6,0.09056909824707575,673,-3644.9461,12.91,674,-3091.2931,20.709,False,True
A002_X11e10bc_X12662_spw1,_eta_Crv_B7,7,61035.15625,470,884,4354.5,1186,18.2,12m,10,7,0.07816569125905502,514,3622.6257,12.752,515,-3869.2106,20.714,False,True
A002_X11e10bc_X12662_spw1,_eta_Crv_B7,7,61035.15625,470,884,4354.5,1186,18.2,12m,10,8,0.07725105866489676,203,945.4681,10.419,203,945.4681,20.714,True,True
A002_X11e10bc_X12662_spw1,_eta_Crv_B7,7,61035.15625,470,884,4354.5,1186,18.2,12m,10,9,0.07076382123777825,571,-1269.144,15.666,571,-1269.144,20.652,True,True
A002_X11e10bc_X12662_spw1,_eta_Crv_B7,7,61035.15625,470,884,4354.5,1186,18.2,12m,10,10,0.07568979029402967,260,1246.8235,12.174,260,1246.8235,20.714,True,True
A002_X11e10bc_X12662_spw1,_eta_Crv_B7,7,61035.15625,470,884,4354.5,1186,18.2,12m,10,11,0.0923390083499563,134,2900.7743,8.142,134,2900.7743,20.714,True,True
A002_X11e10bc_X12662_spw1,_eta_Crv_B7,7,61035.15625,470,884,4354.5,1186,18.2,12m,10,12,0.08421518054788343,399,-855.6563,10.296,399,-855.6563,20.714,True,True
A002_X11e10bc_X12662_spw1,_eta_Crv_B7,7,61035.15625,470,884,4354.5,1186,18.2,12m,10,13,0.08232166327929606,486,-2740.8798,10.291,486,-2740.8798,20.71,True,True
A002_X11e10bc_X12662_spw1,_eta_Crv_B7,7,61035.15625,470,884,4354.5,1186,18.2,12m,10,14,0.0806376959017811,811,3482.4604,20.772,810,2732.5759,20.772,False,True
A002_X11e10bc_X12662_spw1,_eta_Crv_B7,7,61035.15625,470,884,4354.5,1186,18.2,12m,10,15,0.08355943546458004,479,2396.1791,10.97,479,2396.1791,20.714,True,True
A002_X11e10bc_X12662_spw1,_eta_Crv_B7,7,61035.15625,470,884,4354.5,1186,18.2,12m,12,0,0.09877897610935858,728,1365.964,13.829,729,-736.5157,20.707,False,True
A002_X11e10bc_X12662_spw1,_eta_Crv_B7,7,61035.15625,470,884,4354.5,1186,18.2,12m,12,1,0.09596668343071696,555,3545.5347,12.845,556,-2951.1278,20.714,False,True
A002_X11e10bc_X12662_spw1,_eta_Crv_B7,7,61035.15625,470,884,4354.5,1186,18.2,12m,12,2,0.10220516373789486,485,-3406.6651,13.271,485,-3406.6651,20.633,True,True
A002_X11e10bc_X12662_spw1,_eta_Crv_B7,7,61035.15625,470,884,4354.5,1186,18.2,12m,12,3,0.10154144660594772,309,-2418.4996,10.932,309,-2418.4996,20.714,True,True
A002_X11e10bc_X12662_spw1,_eta_Crv_B7,7,61035.15625,470,884,4354.5,1186,18.2,12m,12,4,0.10415525417572295,111,-287.9867,11.53,111,-287.9867,20.714,True,True
A002_X11e10bc_X12662_spw1,_eta_Crv_B7,7,61035.15625,470,884,4354.5,1186,18.2,12m,12,5,0.09999084366211393,273,1471.088,11.799,273,1471.088,20.714,True,True
A002_X11e10bc_X12662_spw1,_eta_Crv_B7,7,61035.15625,470,884,4354.5,1186,18.2,12m,12,6,0.09613829409887702,215,1863.5509,11.71,215,1863.5509,20.714,True,True
A002_X11e10bc_X12662_spw1,_eta_Crv_B7,7,61035.15625,470,884,4354.5,1186,18.2,12m,12,7,0.1107843087684583,722,-3210.4336,15.024,721,-1086.929,20.697,False,True
A002_X11e10bc_X12662_spw1,_eta_Crv_B7,7,61035.15625,470,884,4354.5,1186,18.2,12m,12,8,0.09887361911652019,128,-1696.6482,11.091,128,-1696.6482,20.714,True,True
A002_X11e10bc_X12662_spw1,_eta_Crv_B7,7,61035.15625,470,884,4354.5,1186,18.2,12m,12,9,0.10493675101635114,404,-2937.1112,11.297,404,-2937.1112,20.71,True,True
A002_X11e10bc_X12662_spw1,_eta_Crv_B7,7,61035.15625,470,884,4354.5,1186,18.2,12m,12,10,0.0993737628021981,497,-1871.8548,14.013,497,-1871.8548,20.77,True,True
A002_X11e10bc_X12662_spw1,_eta_Crv_B7,7,61035.15625,470,884,4354.5,1186,18.2,12m,12,11,0.1206756513404938,704,-4128.5165,13.381,703,-1857.8383,20.702,False,True
A002_X11e10bc_X12662_spw1,_eta_Crv_B7,7,61035.15625,470,884,4354.5,1186,18.2,12m,12,12,0.10547804360420411,70,-2916.0865,11.967,70,-2916.0865,20.714,True,True
A002_X11e10bc_X12662_spw1,_eta_Crv_B7,7,61035.15625,470,884,4354.5,1186,18.2,12m,12,13,0.10009186423447043,547,3797.8323,13.705,547,-3140.351,20.714,False,True
A002_X11e10bc_X12662_spw1,_eta_Crv_B7,7,61035.15625,470,884,4354.5,1186,18.2,12m,12,14,0.09807221421553704,422,1541.1707,10.728,422,1541.1707,20.714,True,True
A002_X11e10bc_X12662_spw1,_eta_Crv_B7,7,61035.15625,470,884,4354.5,1186,18.2,12m,12,15,0.09540097593763971,225,700.1788,12.114,225,700.1788,20.714,True,True
A002_X11e10bc_X12662_spw1,_eta_Crv_B7,7,61035.15625,470,884,4354.5,1186,18.2,12m,15,0,0.1163617403539719,600,2122.8568,15.922,600,2122.8568,20.714,True,True
A002_X11e10bc_X12662_spw1,_eta_Crv_B7,7,61035.15625,470,884,4354.5,1186,18.2,12m,15,1,0.12314065387837543,817,1302.8896,15.336,817,1302.8896,20.578,True,True
A002_X11e10bc_X12662_spw1,_eta_Crv_B7,7,61035.15625,470,884,4354.5,1186,18.2,12m,15,2,0.12582224057580135,659,2185.9312,14.854,659,2185.9312,20.714,True,True
A002_X11e10bc_X12662_spw1,_eta_Crv_B7,7,61035.15625,470,884,4354.5,1186,18.2,12m,15,3,0.11928763745284664,258,2445.237,14.775,258,2445.237,20.714,True,True
A002_X11e10bc_X12662_spw1,_eta_Crv_B7,7,61035.15625,470,884,4354.5,1186,18.2,12m,15,4,0.11987651008781013,396,-3378.632,13.047,396,-3378.632,20.717,True,True
A002_X11e10bc_X12662_spw1,_eta_Crv_B7,7,61035.15625,470,884,4354.5,1186,18.2,12m,15,5,0.12325466946424306,228,-3343.5907,14.81,228,-3343.5907,20.714,True,True
A002_X11e10bc_X12662_spw1,_eta_Crv_B7,7,61035.15625,470,884,4354.5,1186,18.2,12m,15,6,0.12159515218412406,357,1148.7078,14.447,357,1148.7078,20.714,True,True
A002_X11e10bc_X12662_spw1,_eta_Crv_B7,7,61035.15625,470,884,4354.5,1186,18.2,12m,15,7,0.12525201459978558,260,1008.5425,14.259,260,1008.5425,20.714,True,True
A002_X11e10bc_X12662_spw1,_eta_Crv_B7,7,61035.15625,470,884,4354.5,1186,18.2,12m,15,8,0.12020862431747621,583,62.4266,15.251,583,62.4266,20.711,True,True
A002_X11e10bc_X12662_spw1,_eta_Crv_B7,7,61035.15625,470,884,4354.5,1186,18.2,12m,15,9,0.12942314682936096,638,812.311,15.518,638,812.311,20.71,True,True
A002_X11e10bc_X12662_spw1,_eta_Crv_B7,7,61035.15625,470,884,4354.5,1186,18.2,12m,15,10,0.1257082815259779,219,-2544.6484,15.849,219,-2544.6484,20.714,True,True
A002_X11e10bc_X12662_spw1,_eta_Crv_B7,7,61035.15625,470,884,4354.5,1186,18.2,12m,15,11,0.12488735623823473,707,258.658,14.924,707,258.658,20.687,True,True
A002_X11e10bc_X12662_spw1,_eta_Crv_B7,7,61035.15625,470,884,4354.5,1186,18.2,12m,15,12,0.13349671845314334,653,-3876.2189,15.646,653,-3876.2189,20.716,True,True
A002_X11e10bc_X12662_spw1,_eta_Crv_B7,7,61035.15625,470,884,4354.5,1186,18.2,12m,15,13,0.1221741613142912,714,363.782,15.561,714,363.782,20.737,True,True
A002_X11e10bc_X12662_spw1,_eta_Crv_B7,7,61035.15625,470,884,4354.5,1186,18.2,12m,15,14,0.12502009519221693,500,-3245.4749,14.709,500,-3245.4749,20.733,True,True
A002_X11e10bc_X12662_spw1,_eta_Crv_B7,7,61035.15625,470,884,4354.5,1186,18.2,12m,15,15,0.13181683951558532,686,567.0217,14.938,687,-2530.6318,20.684,False,True
A002_Xb999fd_X148_spw16,hd107146_B7,7,976562.5,207,1886,3203.6,56,18.2,12m,3,0,0.1920599609424943,1535,-2311.1425,2.64,1535,-2463.5604,9.686,True,False
A002_Xb999fd_X148_spw16,hd107146_B7,7,976562.5,207,1886,3203.6,56,18.2,12m,3,1,0.1710023368235266,1036,737.2164,3.255,1035,2413.8138,9.639,False,False
A002_Xb999fd_X148_spw16,hd107146_B7,7,976562.5,207,1886,3203.6,56,18.2,12m,3,2,0.17242370029200285,1637,3175.9036,3.614,1637,3023.4856,9.686,True,False
A002_Xb999fd_X148_spw16,hd107146_B7,7,976562.5,207,1886,3203.6,56,18.2,12m,3,3,0.1396764848346283,1122,-3682.904,5.558,1122,-3682.904,9.686,True,True
A002_Xb999fd_X148_spw16,hd107146_B7,7,976562.5,207,1886,3203.6,56,18.2,12m,3,4,0.15428729696912855,1566,2871.0677,3.671,1565,1194.4703,9.686,False,False
A002_Xb999fd_X148_spw16,hd107146_B7,7,976562.5,207,1886,3203.6,56,18.2,12m,3,5,0.1744178090726932,1607,-329.7092,3.132,1607,-329.7092,9.686,True,False
A002_Xb999fd_X148_spw16,hd107146_B7,7,976562.5,207,1886,3203.6,56,18.2,12m,3,6,0.12335687934939318,504,2108.9779,1.672,504,4242.8292,9.686,False,False
A002_Xb999fd_X148_spw16,hd107146_B7,7,976562.5,207,1886,3203.6,56,18.2,12m,3,7,0.1713802721687524,239,-482.1271,2.555,240,1042.0523,9.686,False,False
A002_Xb999fd_X148_spw16,hd107146_B7,7,976562.5,207,1886,3203.6,56,18.2,12m,3,8,0.15954847182137655,763,-3682.904,3.986,763,-3835.3219,9.686,True,False
A002_Xb999fd_X148_spw16,hd107146_B7,7,976562.5,207,1886,3203.6,56,18.2,12m,3,9,0.14762552247482397,325,889.6344,2.121,326,2871.0677,9.686,False,False
A002_Xb999fd_X148_spw16,hd107146_B7,7,976562.5,207,1886,3203.6,56,18.2,12m,3,10,0.15876786532648599,416,-1701.4707,2.391,416,-1701.4707,9.686,True,False
A002_Xb999fd_X148_spw16,hd107146_B7,7,976562.5,207,1886,3203.6,56,18.2,12m,3,11,0.16847512830695907,478,-1244.2168,4.434,478,-1244.2168,9.686,True,False
A002_Xb999fd_X148_spw16,hd107146_B7,7,976562.5,207,1886,3203.6,56,18.2,12m,3,12,0.16182529615592317,1710,-24.8733,4.18,1710,-24.8733,9.686,True,False
A002_Xb999fd_X148_spw16,hd107146_B7,7,976562.5,207,1886,3203.6,56,18.2,12m,3,13,0.16819072269501045,1053,-1701.4707,3.591,1053,-1701.4707,9.686,True,False
A002_Xb999fd_X148_spw16,hd107146_B7,7,976562.5,207,1886,3203.6,56,18.2,12m,3,14,0.14649032848636606,1399,584.7985,4.767,1399,432.3805,9.686,True,False
A002_Xb999fd_X148_spw16,hd107146_B7,7,976562.5,207,1886,3203.6,56,18.2,12m,3,15,0.1676957186811996,1335,-1853.8886,3.164,1336,-2463.5604,9.686,False,False
A002_Xb999fd_X148_spw16,hd107146_B7,7,976562.5,207,1886,3203.6,56,18.2,12m,4,0,0.20184929628652162,1419,1804.1421,3.89,1419,1804.1421,9.686,True,False
A002_Xb999fd_X148_spw16,hd107146_B7,7,976562.5,207,1886,3203.6,56,18.2,12m,4,1,0.2206424671988095,202,-1396.6348,4.075,202,-1396.6348,9.686,True,False
A002_Xb999fd_X148_spw16,hd107146_B7,7,976562.5,207,1886,3203.6,56,18.2,12m,4,2,0.19122943815696125,946,4090.4112,2.262,946,3785.5753,9.676,False,False
A002_Xb999fd_X148_spw16,hd107146_B7,7,976562.5,207,1886,3203.6,56,18.2,12m,4,3,0.2029544962133113,1388,-939.381,2.992,1389,-3835.3219,9.686,False,False
A002_Xb999fd_X148_spw16,hd107146_B7,7,976562.5,207,1886,3203.6,56,18.2,12m,4,4,0.20923894923030312,1774,-1091.7989,2.671,1773,-2768.3963,9.686,False,False
A002_Xb999fd_X148_spw16,hd107146_B7,7,976562.5,207,1886,3203.6,56,18.2,12m,4,5,0.20368995337860082,904,3480.7394,3.242,903,1346.8882,9.686,False,False
A002_Xb999fd_X148_spw16,hd107146_B7,7,976562.5,207,1886,3203.6,56,18.2,12m,4,6,0.2176688195471613,437,-1244.2168,4.906,437,-1244.2168,9.686,True,False
A002_Xb999fd_X148_spw16,hd107146_B7,7,976562.5,207,1886,3203.6,56,18.2,12m,4,7,0.22768281759336884,830,-3682.904,3.126,831,-2311.1425,9.686,False,False
A002_Xb999fd_X148_spw16,hd107146_B7,7,976562.5,207,1886,3203.6,56,18.2,12m,4,8,0.22399338551487996,1048,-3225.6501,4.561,1048,-3225.6501,9.686,True,False
A002_Xb999fd_X148_spw16,hd107146_B7,7,976562.5,207,1886,3203.6,56,18.2,12m,4,9,0.21003527671280459,854,-24.8733,4.605,854,-24.8733,9.686,True,False
A002_Xb999fd_X148_spw16,hd107146_B7,7,976562.5,207,1886,3203.6,56,18.2,12m,4,10,0.22907592188509146,120,3023.4856,6.009,120,3023.4856,9.686,True,True
A002_Xb999fd_X148_spw16,hd107146_B7,7,976562.5,207,1886,3203.6,56,18.2,12m,4,11,0.2356661362117076,1678,-2311.1425,4.05,1678,-2311.1425,9.686,True,False
A002_Xb999fd_X148_spw16,hd107146_B7,7,976562.5,207,1886,3203.6,56,18.2,12m,4,12,0.20465822410747903,483,-3987.7398,1.953,483,-4140.1578,9.686,True,False
A002_Xb999fd_X148_spw16,hd107146_B7,7,976562.5,207,1886,3203.6,56,18.2,12m,4,13,0.21806324513903869,386,3937.9933,3.975,386,3937.9933,9.686,True,False
A002_Xb999fd_X148_spw16,hd107146_B7,7,976562.5,207,1886,3203.6,56,18.2,12m,4,14,0.20370859782369044,797,584.7985,4.045,797,584.7985,9.686,True,False
A002_Xb999fd_X148_spw16,hd107146_B7,7,976562.5,207,1886,3203.6,56,18.2,12m,4,15,0.23758432709778482,1588,737.2164,3.51,1588,889.6344,9.686,True,False
A002_Xb999fd_X148_spw16,hd107146_B7,7,976562.5,207,1886,3203.6,56,18.2,12m,5,0,0.24360148655506492,1731,1651.7241,3.319,1731,1651.7241,9.686,True,False
A002_Xb999fd_X148_spw16,hd107146_B7,7,976562.5,207,1886,3203.6,56,18.2,12m,5,1,0.31277102099775544,1813,3785.5753,5.2,1813,3633.1574,9.686,True,True
A002_Xb999fd_X148_spw16,hd107146_B7,7,976562.5,207,1886,3203.6,56,18.2,12m,5,2,0.2609751149698197,222,-3530.486,5.781,222,-3530.486,9.686,True,True
A002_Xb999fd_X148_spw16,hd107146_B7,7,976562.5,207,1886,3203.6,56,18.2,12m,5,3,0.2529972690184407,1475,-2158.7245,7.404,1475,-2158.7245,9.686,True,True
A002_Xb999fd_X148_spw16,hd107146_B7,7,976562.5,207,1886,3203.6,56,18.2,12m,5,4,0.24599437339142094,932,3023.4856,3.563,932,1956.56,9.538,False,False
A002_Xb999fd_X148_spw16,hd107146_B7,7,976562.5,207,1886,3203.6,56,18.2,12m,5,5,0.23764544729178816,1474,-2615.9783,5.655,1474,-2615.9783,9.686,True,True
A002_Xb999fd_X148_spw16,hd107146_B7,7,976562.5,207,1886,3203.6,56,18.2,12m,5,6,0.25981568456934007,889,-939.381,5.624,889,-939.381,9.686,True,True
A002_Xb999fd_X148_spw16,hd107146_B7,7,976562.5,207,1886,3203.6,56,18.2,12m,5,7,0.25912158017954406,1792,279.9626,4.805,1792,279.9626,9.686,True,False
A002_Xb999fd_X148_spw16,hd107146_B7,7,976562.5,207,1886,3203.6,56,18.2,12m,5,8,0.26327998749395054,1757,2261.3959,3.85,1757,2261.3959,9.686,True,False
A002_Xb999fd_X148_spw16,hd107146_B7,7,976562.5,207,1886,3203.6,56,18.2,12m,5,9,0.2773156766362254,294,3023.4856,5.919,294,3023.4856,9.686,True,True
A002_Xb999fd_X148_spw16,hd107146_B7,7,976562.5,207,1886,3203.6,56,18.2,12m,5,10,0.2817302128556128,1368,3633.1574,5.702,1368,3633.1574,9.686,True,True
A002_Xb999fd_X148_spw16,hd107146_B7,7,976562.5,207,1886,3203.6,56,18.2,12m,5,11,0.26171919383167164,626,-3378.0681,3.686,627,1651.7241,9.686,False,False
A002_Xb999fd_X148_spw16,hd107146_B7,7,976562.5,207,1886,3203.6,56,18.2,12m,5,12,0.24786233028223012,607,-2463.5604,2.659,607,-2158.7245,9.686,False,False
A002_Xb999fd_X148_spw16,hd107146_B7,7,976562.5,207,1886,3203.6,56,18.2,12m,5,13,0.29841705983363936,814,2413.8138,6.515,814,2413.8138,9.686,True,True
A002_Xb999fd_X148_spw16,hd107146_B7,7,976562.5,207,1886,3203.6,56,18.2,12m,5,14,0.31533573620579497,1608,1499.3062,4.144,1608,1499.3062,9.686,True,False
A002_Xb999fd_X148_spw16,hd107146_B7,7,976562.5,207,1886,3203.6,56,18.2,12m,5,15,0.2623575952437759,1057,-3530.486,3.391,1057,1956.56,9.686,False,False
A002_Xb999fd_X148_spw16,hd107146_B7,7,976562.5,207,1886,3203.6,56,18.2,12m,6,0,0.29218391544711264,657,2871.0677,7.491,657,2871.0677,9.686,True,True
A002_Xb999fd_X148_spw16,hd107146_B7,7,976562.5,207,1886,3203.6,56,18.2,12m,6,1,0.3477129420479514,963,-2006.3066,4.206,963,-2615.9783,9.527,False,False
A002_Xb999fd_X148_spw16,hd107146_B7,7,976562.5,207,1886,3203.6,56,18.2,12m,6,2,0.32622201971454656,489,1651.7241,7.793,489,1651.7241,9.686,True,True
A002_Xb999fd_X148_spw16,hd107146_B7,7,976562.5,207,1886,3203.6,56,18.2,12m,6,3,0.32606356116445623,391,1651.7241,5.243,391,1651.7241,9.686,True,True
A002_Xb999fd_X148_spw16,hd107146_B7,7,976562.5,207,1886,3203.6,56,18.2,12m,6,4,0.2175308719921855,428,432.3805,8.851,428,279.9626,9.686,True,True
A002_Xb999fd_X148_spw16,hd107146_B7,7,976562.5,207,1886,3203.6,56,18.2,12m,6,5,0.32187958022890195,922,1042.0523,5.038,922,1042.0523,9.646,True,True
A002_Xb999fd_X148_spw16,hd107146_B7,7,976562.5,207,1886,3203.6,56,18.2,12m,6,6,0.3221555135567074,1478,3937.9933,5.99,1478,3937.9933,9.686,True,True
A002_Xb999fd_X148_spw16,hd107146_B7,7,976562.5,207,1886,3203.6,56,18.2,12m,6,7,0.24330694827926969,1256,-3225.6501,6.823,1256,-3378.0681,9.686,True,True
A002_Xb999fd_X148_spw16,hd107146_B7,7,976562.5,207,1886,3203.6,56,18.2,12m,6,8,0.3027995062707839,861,3480.7394,3.319,861,3480.7394,9.686,True,False
A002_Xb999fd_X148_spw16,hd107146_B7,7,976562.5,207,1886,3203.6,56,18.2,12m,6,9,0.22472216424728914,1013,-3225.6501,15.01,1013,-3225.6501,15.01,True,True
A002_Xb999fd_X148_spw16,hd107146_B7,7,976562.5,207,1886,3203.6,56,18.2,12m,6,10,0.33469064088251127,1731,-2311.1425,6.192,1731,-2311.1425,9.686,True,True
A002_Xb999fd_X148_spw16,hd107146_B7,7,976562.5,207,1886,3203.6,56,18.2,12m,6,11,0.3568136122130855,1424,-634.5451,5.212,1424,-634.5451,9.686,True,True
A002_Xb999fd_X148_spw16,hd107146_B7,7,976562.5,207,1886,3203.6,56,18.2,12m,6,12,0.32186610962508255,573,-177.2912,6.015,573,-177.2912,9.686,True,True
A002_Xb999fd_X148_spw16,hd107146_B7,7,976562.5,207,1886,3203.6,56,18.2,12m,6,13,0.3275023550313152,1079,-939.381,6.193,1079,-939.381,9.686,True,True
A002_Xb999fd_X148_spw16,hd107146_B7,7,976562.5,207,1886,3203.6,56,18.2,12m,6,14,0.2684297637018952,816,-3225.6501,7.634,816,-3378.0681,9.686,True,True
A002_Xb999fd_X148_spw16,hd107146_B7,7,976562.5,207,1886,3203.6,56,18.2,12m,6,15,0.319260206816477,414,-2463.5604,5.866,414,-2463.5604,9.686,True,True
A002_Xb999fd_X148_spw16,hd107146_B7,7,976562.5,207,1886,3203.6,56,18.2,12m,7,0,0.39645905042299673,1482,-634.5451,7.23,1482,-634.5451,9.686,True,True
A002_Xb999fd_X148_spw16,hd107146_B7,7,976562.5,207,1886,3203.6,56,18.2,12m,7,1,0.387204278752734,1696,4242.8292,7.584,1696,4242.8292,9.686,True,True
A002_Xb999fd_X148_spw16,hd107146_B7,7,976562.5,207,1886,3203.6,56,18.2,12m,7,2,0.3865432591486489,154,-1244.2168,6.642,154,-1244.2168,9.686,True,True
A002_Xb999fd_X148_spw16,hd107146_B7,7,976562.5,207,1886,3203.6,56,18.2,12m,7,3,0.3254343964500098,1672,-4140.1578,4.878,1672,-4140.1578,9.686,True,False
A002_Xb999fd_X148_spw16,hd107146_B7,7,976562.5,207,1886,3203.6,56,18.2,12m,7,4,0.36316115657877285,479,4090.4112,7.269,479,4090.4112,9.686,True,True
A002_Xb999fd_X148_spw16,hd107146_B7,7,976562.5,207,1886,3203.6,56,18.2,12m,7,5,0.3467627531972106,1319,-2158.7245,4.859,1319,-2158.7245,9.686,True,False
A002_Xb999fd_X148_spw16,hd107146_B7,7,976562.5,207,1886,3203.6,56,18.2,12m,7,6,0.3312293316234997,855,2871.0677,7.401,855,2871.0677,9.686,True,True
A002_Xb999fd_X148_spw16,hd107146_B7,7,976562.5,207,1886,3203.6,56,18.2,12m,7,7,0.372972213784983,1154,-1396.6348,7.076,1154,-1396.6348,9.686,True,True
A002_Xb999fd_X148_spw16,hd107146_B7,7,976562.5,207,1886,3203.6,56,18.2,12m,7,8,0.3656237740989979,419,-2158.7245,5.452,419,-2158.7245,9.686,True,True
A002_Xb999fd_X148_spw16,hd107146_B7,7,976562.5,207,1886,3203.6,56,18.2,12m,7,9,0.3730257978225831,758,3023.4856,4.964,758,3023.4856,9.686,True,False
A002_Xb999fd_X148_spw16,hd107146_B7,7,976562.5,207,1886,3203.6,56,18.2,12m,7,10,0.4212799518629355,803,-2920.8142,8.442,803,-2920.8142,9.686,True,True
A002_Xb999fd_X148_spw16,hd107146_B7,7,976562.5,207,1886,3203.6,56,18.2,12m,7,11,0.3364440990843917,735,1651.7241,9.121,734,-2463.5604,9.686,False,True
A002_Xb999fd_X148_spw16,hd107146_B7,7,976562.5,207,1886,3203.6,56,18.2,12m,7,12,0.4199249827614118,599,2871.0677,6.77,599,2871.0677,9.686,True,True
A002_Xb999fd_X148_spw16,hd107146_B7,7,976562.5,207,1886,3203.6,56,18.2,12m,7,13,0.39309431796560046,1451,-329.7092,6.263,1451,-329.7092,9.686,True,True
A002_Xb999fd_X148_spw16,hd107146_B7,7,976562.5,207,1886,3203.6,56,18.2,12m,7,14,0.3809354989017101,869,2718.6497,6.291,869,2718.6497,9.686,True,True
A002_Xb999fd_X148_spw16,hd107146_B7,7,976562.5,207,1886,3203.6,56,18.2,12m,7,15,0.3726712220047445,272,4242.8292,6.166,272,4242.8292,9.686,True,True
A002_Xb999fd_X148_spw16,hd107146_B7,7,976562.5,207,1886,3203.6,56,18.2,12m,8,0,0.3655145489502333,879,3023.4856,7.588,879,3023.4856,9.686,True,True
A002_Xb999fd_X148_spw16,hd107146_B7,7,976562.5,207,1886,3203.6,56,18.2,12m,8,1,0.4634764089639597,1685,2566.2318,8.243,1685,2566.2318,9.686,True,True
A002_Xb999fd_X148_spw16,hd107146_B7,7,976562.5,207,1886,3203.6,56,18.2,12m,8,2,0.4381683176855911,861,1651.7241,7.263,861,1651.7241,9.686,True,True
A002_Xb999fd_X148_spw16,hd107146_B7,7,976562.5,207,1886,3203.6,56,18.2,12m,8,3,0.4641171639387416,1797,-3225.6501,7.382,1797,-3225.6501,9.686,True,True
A002_Xb999fd_X148_spw16,hd107146_B7,7,976562.5,207,1886,3203.6,56,18.2,12m,8,4,0.3770572776733181,755,-3378.0681,6.799,755,-3378.0681,9.686,True,True
A002_Xb999fd_X148_spw16,hd107146_B7,7,976562.5,207,1886,3203.6,56,18.2,12m,8,5,0.3738205292680217,1083,1194.4703,4.923,1083,1194.4703,9.686,True,False
A002_Xb999fd_X148_spw16,hd107146_B7,7,976562.5,207,1886,3203.6,56,18.2,12m,8,6,0.4377766728213026,436,-24.8733,6.959,436,-24.8733,9.686,True,True
A002_Xb999fd_X148_spw16,hd107146_B7,7,976562.5,207,1886,3203.6,56,18.2,12m,8,7,0.47179156617391077,1770,-786.963,8.544,1770,-786.963,9.686,True,True
A002_Xb999fd_X148_spw16,hd107146_B7,7,976562.5,207,1886,3203.6,56,18.2,12m,8,8,0.46070825229307816,1783,4242.8292,7.556,1783,4242.8292,9.686,True,True
A002_Xb999fd_X148_spw16,hd107146_B7,7,976562.5,207,1886,3203.6,56,18.2,12m,8,9,0.4303189793401265,1580,-2006.3066,9.836,1580,-2006.3066,9.836,True,True
A002_Xb999fd_X148_spw16,hd107146_B7,7,976562.5,207,1886,3203.6,56,18.2,12m,8,10,0.42139416816094927,1570,-3225.6501,7.046,1570,-3225.6501,9.686,True,True
A002_Xb999fd_X148_spw16,hd107146_B7,7,976562.5,207,1886,3203.6,56,18.2,12m,8,11,0.41954329192681966,127,1804.1421,8.881,127,1804.1421,9.686,True,True
A002_Xb999fd_X148_spw16,hd107146_B7,7,976562.5,207,1886,3203.6,56,18.2,12m,8,12,0.39752982465103315,545,-939.381,5.836,545,-939.381,9.686,True,True
A002_Xb999fd_X148_spw16,hd107146_B7,7,976562.5,207,1886,3203.6,56,18.2,12m,8,13,0.47042564903231376,1666,-3530.486,7.375,1666,-3530.486,9.686,True,True
A002_Xb999fd_X148_spw16,hd107146_B7,7,976562.5,207,1886,3203.6,56,18.2,12m,8,14,0.3080092490283972,775,-2463.5604,3.913,776,-1549.0527,9.686,False,False
A002_Xb999fd_X148_spw16,hd107146_B7,7,976562.5,207,1886,3203.6,56,18.2,12m,8,15,0.4010473963577781,600,889.6344,7.83,600,889.6344,9.686,True,True
A002_Xb999fd_X148_spw16,hd107146_B7,7,976562.5,207,1886,3203.6,56,18.2,12m,10,0,0.5363401508042355,142,-1396.6348,7.554,142,-1396.6348,9.686,True,True
A002_Xb999fd_X148_spw16,hd107146_B7,7,976562.5,207,1886,3203.6,56,18.2,12m,10,1,0.4897384407441493,1483,-4140.1578,7.811,1483,-4140.1578,9.686,True,True
A002_Xb999fd_X148_spw16,hd107146_B7,7,976562.5,207,1886,3203.6,56,18.2,12m,10,2,0.5294911882522073,225,-3073.2322,11.679,225,-3073.2322,11.679,True,True
A002_Xb999fd_X148_spw16,hd107146_B7,7,976562.5,207,1886,3203.6,56,18.2,12m,10,3,0.5463313528901885,1443,3023.4856,9.496,1443,3023.4856,9.686,True,True
A002_Xb999fd_X148_spw16,hd107146_B7,7,976562.5,207,1886,3203.6,56,18.2,12m,10,4,0.4995800903803403,444,-3225.6501,11.019,444,-3225.6501,11.019,True,True
A002_Xb999fd_X148_spw16,hd107146_B7,7,976562.5,207,1886,3203.6,56,18.2,12m,10,5,0.5167487362980882,89,2566.2318,8.864,89,2566.2318,9.686,True,True
A002_Xb999fd_X148_spw16,hd107146_B7,7,976562.5,207,1886,3203.6,56,18.2,12m,10,6,0.45332605050594094,1388,584.7985,7.552,1388,584.7985,9.686,True,True
A002_Xb999fd_X148_spw16,hd107146_B7,7,976562.5,207,1886,3203.6,56,18.2,12m,10,7,0.5652711163667777,980,737.2164,10.411,980,737.2164,10.411,True,True
A002_Xb999fd_X148_spw16,hd107146_B7,7,976562.5,207,1886,3203.6,56,18.2,12m,10,8,0.5205399918810871,1497,3023.4856,10.413,1497,3023.4856,10.413,True,True
A002_Xb999fd_X148_spw16,hd107146_B7,7,976562.5,207,1886,3203.6,56,18.2,12m,10,9,0.4987903074090982,1290,1651.7241,10.206,1290,1651.7241,10.206,True,True
A002_Xb999fd_X148_spw16,hd107146_B7,7,976562.5,207,1886,3203.6,56,18.2,12m,10,10,0.5192750629151492,1456,-24.8733,9.034,1456,-24.8733,9.686,True,True
A002_Xb999fd_X148_spw16,hd107146_B7,7,976562.5,207,1886,3203.6,56,18.2,12m,10,11,0.5825784545376796,1005,-1853.8886,8.551,1005,-1853.8886,9.4,True,True
A002_Xb999fd_X148_spw16,hd107146_B7,7,976562.5,207,1886,3203.6,56,18.2,12m,10,12,0.4733511949380059,233,-939.381,9.917,233,-939.381,9.917,True,True
A002_Xb999fd_X148_spw16,hd107146_B7,7,976562.5,207,1886,3203.6,56,18.2,12m,10,13,0.6236985110981226,1647,2566.2318,10.157,1647,2566.2318,10.157,True,True
A002_Xb999fd_X148_spw16,hd107146_B7,7,976562.5,207,1886,3203.6,56,18.2,12m,10,14,0.6131427475893815,110,889.6344,10.68,110,889.6344,10.68,True,True
A002_Xb999fd_X148_spw16,hd107146_B7,7,976562.5,207,1886,3203.6,56,18.2,12m,10,15,0.5483056740469829,1550,3175.9036,10.85,1550,3175.9036,10.85,True,True
A002_Xb999fd_X148_spw16,hd107146_B7,7,976562.5,207,1886,3203.6,56,18.2,12m,12,0,0.587335642081227,565,-634.5451,8.003,565,-634.5451,9.686,True,True
A002_Xb999fd_X148_spw16,hd107146_B7,7,976562.5,207,1886,3203.6,56,18.2,12m,12,1,0.6082982267317774,1628,279.9626,11.509,1628,279.9626,11.509,True,True
A002_Xb999fd_X148_spw16,hd107146_B7,7,976562.5,207,1886,3203.6,56,18.2,12m,12,2,0.6317635121309417,1180,1804.1421,14.261,1180,1804.1421,14.261,True,True
A002_Xb999fd_X148_spw16,hd107146_B7,7,976562.5,207,1886,3203.6,56,18.2,12m,12,3,0.5948916182453865,500,1194.4703,8.078,500,1194.4703,9.686,True,True
A002_Xb999fd_X148_spw16,hd107146_B7,7,976562.5,207,1886,3203.6,56,18.2,12m,12,4,0.6310618924647308,1129,737.2164,11.912,1129,737.2164,11.912,True,True
A002_Xb999fd_X148_spw16,hd107146_B7,7,976562.5,207,1886,3203.6,56,18.2,12m,12,5,0.6464400960188557,1306,1346.8882,11.997,1306,1346.8882,11.997,True,True
A002_Xb999fd_X148_spw16,hd107146_B7,7,976562.5,207,1886,3203.6,56,18.2,12m,12,6,0.7123575304876831,381,-3530.486,12.037,381,-3530.486,12.037,True,True
A002_Xb999fd_X148_spw16,hd107146_B7,7,976562.5,207,1886,3203.6,56,18.2,12m,12,7,0.68821726707363,778,-24.8733,12.542,778,-24.8733,12.542,True,True
A002_Xb999fd_X148_spw16,hd107146_B7,7,976562.5,207,1886,3203.6,56,18.2,12m,12,8,0.6135993117974213,1143,279.9626,12.033,1143,279.9626,12.033,True,True
A002_Xb999fd_X148_spw16,hd107146_B7,7,976562.5,207,1886,3203.6,56,18.2,12m,12,9,0.5407379172692077,174,-1091.7989,15.555,174,-1091.7989,15.555,True,True
A002_Xb999fd_X148_spw16,hd107146_B7,7,976562.5,207,1886,3203.6,56,18.2,12m,12,10,0.6332676581393736,301,1042.0523,12.325,301,1042.0523,12.325,True,True
A002_Xb999fd_X148_spw16,hd107146_B7,7,976562.5,207,1886,3203.6,56,18.2,12m,12,11,0.6312541581976248,637,-939.381,10.423,637,-939.381,10.423,True,True
A002_Xb999fd_X148_spw16,hd107146_B7,7,976562.5,207,1886,3203.6,56,18.2,12m,12,12,0.66335324126734,1040,-2311.1425,11.122,1040,-2311.1425,11.122,True,True
A002_Xb999fd_X148_spw16,hd107146_B7,7,976562.5,207,1886,3203.6,56,18.2,12m,12,13,0.6511161240655639,1104,-3378.0681,11.592,1104,-3378.0681,11.592,True,True
A002_Xb999fd_X148_spw16,hd107146_B7,7,976562.5,207,1886,3203.6,56,18.2,12m,12,14,0.5879883252295691,1686,-1549.0527,13.476,1686,-1549.0527,13.476,True,True
A002_Xb999fd_X148_spw16,hd107146_B7,7,976562.5,207,1886,3203.6,56,18.2,12m,12,15,0.6938915436638049,314,-634.5451,11.889,314,-634.5451,11.889,True,True
A002_Xb999fd_X148_spw16,hd107146_B7,7,976562.5,207,1886,3203.6,56,18.2,12m,15,0,0.8692768164417594,1049,2871.0677,13.396,1049,2871.0677,13.396,True,True
A002_Xb999fd_X148_spw16,hd107146_B7,7,976562.5,207,1886,3203.6,56,18.2,12m,15,1,0.7831060005142059,1328,-3682.904,13.524,1328,-3682.904,13.524,True,True
A002_Xb999fd_X148_spw16,hd107146_B7,7,976562.5,207,1886,3203.6,56,18.2,12m,15,2,0.9041638430032976,1521,-2463.5604,14.286,1521,-2463.5604,14.286,True,True
A002_Xb999fd_X148_spw16,hd107146_B7,7,976562.5,207,1886,3203.6,56,18.2,12m,15,3,0.8484340646911241,1711,584.7985,16.655,1711,584.7985,16.655,True,True
A002_Xb999fd_X148_spw16,hd107146_B7,7,976562.5,207,1886,3203.6,56,18.2,12m,15,4,0.771887657476401,608,-3378.0681,15.241,608,-3378.0681,15.241,True,True
A002_Xb999fd_X148_spw16,hd107146_B7,7,976562.5,207,1886,3203.6,56,18.2,12m,15,5,0.7835126667896863,550,-24.8733,14.014,550,-24.8733,14.014,True,True
A002_Xb999fd_X148_spw16,hd107146_B7,7,976562.5,207,1886,3203.6,56,18.2,12m,15,6,0.7158333297703766,824,-634.5451,14.833,824,-634.5451,14.833,True,True
A002_Xb999fd_X148_spw16,hd107146_B7,7,976562.5,207,1886,3203.6,56,18.2,12m,15,7,0.7047948101291858,1023,-3225.6501,17.245,1023,-3225.6501,17.245,True,True
A002_Xb999fd_X148_spw16,hd107146_B7,7,976562.5,207,1886,3203.6,56,18.2,12m,15,8,0.8265905155097056,1434,432.3805,15.323,1434,432.3805,15.323,True,True
A002_Xb999fd_X148_spw16,hd107146_B7,7,976562.5,207,1886,3203.6,56,18.2,12m,15,9,0.8772482438284238,1723,1346.8882,15.063,1723,1346.8882,15.063,True,True
A002_Xb999fd_X148_spw16,hd107146_B7,7,976562.5,207,1886,3203.6,56,18.2,12m,15,10,0.8894289434269995,137,-482.1271,15.064,137,-482.1271,15.064,True,True
A002_Xb999fd_X148_spw16,hd107146_B7,7,976562.5,207,1886,3203.6,56,18.2,12m,15,11,0.8457018605880278,1016,127.5447,14.923,1016,-24.8733,14.923,True,True
A002_Xb999fd_X148_spw16,hd107146_B7,7,976562.5,207,1886,3203.6,56,18.2,12m,15,12,0.8564798082842012,1551,-2463.5604,15.736,1551,-2463.5604,15.736,True,True
A002_Xb999fd_X148_spw16,hd107146_B7,7,976562.5,207,1886,3203.6,56,18.2,12m,15,13,0.8075528143926708,775,-3073.2322,14.807,775,-3073.2322,14.807,True,True
A002_Xb999fd_X148_spw16,hd107146_B7,7,976562.5,207,1886,3203.6,56,18.2,12m,15,14,0.8742104123508823,528,2108.9779,13.295,528,2108.9779,13.295,True,True
A002_Xb999fd_X148_spw16,hd107146_B7,7,976562.5,207,1886,3203.6,56,18.2,12m,15,15,0.807537168376636,1461,-3378.0681,15.024,1461,-3378.0681,15.024,True,True
A002_Xd9398d_X322a_spw3,j1256-1257_B7,7,976562.5,360,1768,2694.0,47,18.2,12m,3,0,0.011031168371524736,500,-1612.305,3.771,500,-1612.305,19.184,True,False
A002_Xd9398d_X322a_spw3,j1256-1257_B7,7,976562.5,360,1768,2694.0,47,18.2,12m,3,1,0.01151388278409359,133,3462.7204,5.071,133,3462.7204,19.184,True,True
A002_Xd9398d_X322a_spw3,j1256-1257_B7,7,976562.5,360,1768,2694.0,47,18.2,12m,3,2,0.011905866563755153,445,-3968.5669,4.816,445,-3968.5669,19.184,True,False
A002_Xd9398d_X322a_spw3,j1256-1257_B7,7,976562.5,360,1768,2694.0,47,18.2,12m,3,3,0.011313921527566863,558,381.455,3.86,559,925.2077,19.184,False,False
A002_Xd9398d_X322a_spw3,j1256-1257_B7,7,976562.5,360,1768,2694.0,47,18.2,12m,3,4,0.01188497041754002,1299,-2881.0614,3.425,1299,-2881.0614,19.184,True,False
A002_Xd9398d_X322a_spw3,j1256-1257_B7,7,976562.5,360,1768,2694.0,47,18.2,12m,3,5,0.012263908479208786,593,-1793.5559,4.531,593,-1793.5559,19.184,True,False
A002_Xd9398d_X322a_spw3,j1256-1257_B7,7,976562.5,360,1768,2694.0,47,18.2,12m,3,6,0.012015765890189605,1698,4006.4732,4.7,1697,-706.0505,19.184,False,False
A002_Xd9398d_X322a_spw3,j1256-1257_B7,7,976562.5,360,1768,2694.0,47,18.2,12m,3,7,0.01276242865974221,365,1831.4622,2.414,365,1650.2113,19.184,True,False
A002_Xd9398d_X322a_spw3,j1256-1257_B7,7,976562.5,360,1768,2694.0,47,18.2,12m,3,8,0.012110546305419485,322,-1612.305,3.874,322,-1612.305,19.184,True,False
A002_Xd9398d_X322a_spw3,j1256-1257_B7,7,976562.5,360,1768,2694.0,47,18.2,12m,3,9,0.011285078883216974,711,-2881.0614,3.586,711,-2881.0614,19.184,True,False
A002_Xd9398d_X322a_spw3,j1256-1257_B7,7,976562.5,360,1768,2694.0,47,18.2,12m,3,10,0.011722222919601224,901,1106.4586,3.03,902,1650.2113,19.184,False,False
A002_Xd9398d_X322a_spw3,j1256-1257_B7,7,976562.5,360,1768,2694.0,47,18.2,12m,3,11,0.011286143502001592,984,-3062.3123,1.949,983,200.2041,19.184,False,False
A002_Xd9398d_X322a_spw3,j1256-1257_B7,7,976562.5,360,1768,2694.0,47,18.2,12m,3,12,0.012037364561882622,970,-3062.3123,2.129,969,381.455,19.184,False,False
A002_Xd9398d_X322a_spw3,j1256-1257_B7,7,976562.5,360,1768,2694.0,47,18.2,12m,3,13,0.011482935430641593,742,-1068.5523,4.592,741,-4149.8178,19.184,False,False
A002_Xd9398d_X322a_spw3,j1256-1257_B7,7,976562.5,360,1768,2694.0,47,18.2,12m,3,14,0.012194947255270342,1456,-3062.3123,3.13,1456,-3062.3123,19.166,True,False
A002_Xd9398d_X322a_spw3,j1256-1257_B7,7,976562.5,360,1768,2694.0,47,18.2,12m,3,15,0.012232713174854911,1537,-1612.305,4.663,1538,-162.2978,19.184,False,False
A002_Xd9398d_X322a_spw3,j1256-1257_B7,7,976562.5,360,1768,2694.0,47,18.2,12m,4,0,0.013399327075844012,896,1650.2113,5.192,896,1831.4622,19.184,True,True
A002_Xd9398d_X322a_spw3,j1256-1257_B7,7,976562.5,360,1768,2694.0,47,18.2,12m,4,1,0.014651927770192887,1095,18.9532,4.236,1095,-162.2978,19.184,True,False
A002_Xd9398d_X322a_spw3,j1256-1257_B7,7,976562.5,360,1768,2694.0,47,18.2,12m,4,2,0.015378496809346293,1054,1650.2113,6.054,1054,1468.9604,19.184,True,True
A002_Xd9398d_X322a_spw3,j1256-1257_B7,7,976562.5,360,1768,2694.0,47,18.2,12m,4,3,0.0160384851655344,1308,381.455,3.719,1308,381.455,19.184,True,False
A002_Xd9398d_X322a_spw3,j1256-1257_B7,7,976562.5,360,1768,2694.0,47,18.2,12m,4,4,0.016425555881946784,687,-887.3014,4.944,687,-887.3014,19.184,True,False
A002_Xd9398d_X322a_spw3,j1256-1257_B7,7,976562.5,360,1768,2694.0,47,18.2,12m,4,5,0.015372880381608982,544,-3062.3123,3.409,544,-3243.5632,19.184,True,False
A002_Xd9398d_X322a_spw3,j1256-1257_B7,7,976562.5,360,1768,2694.0,47,18.2,12m,4,6,0.015689319935027455,358,-2699.8105,5.459,358,-2699.8105,19.184,True,True
A002_Xd9398d_X322a_spw3,j1256-1257_B7,7,976562.5,360,1768,2694.0,47,18.2,12m,4,7,0.015429052707987322,1432,-1793.5559,4.024,1431,3100.2186,19.167,False,False
A002_Xd9398d_X322a_spw3,j1256-1257_B7,7,976562.5,360,1768,2694.0,47,18.2,12m,4,8,0.01705700793452322,1636,200.2041,4.098,1635,-2337.3087,19.184,False,False
A002_Xd9398d_X322a_spw3,j1256-1257_B7,7,976562.5,360,1768,2694.0,47,18.2,12m,4,9,0.01610932321683673,211,3281.4695,3.779,211,3281.4695,19.184,True,False
A002_Xd9398d_X322a_spw3,j1256-1257_B7,7,976562.5,360,1768,2694.0,47,18.2,12m,4,10,0.016398936431058775,1470,-3787.3159,8.698,1470,3825.2223,19.17,False,True
A002_Xd9398d_X322a_spw3,j1256-1257_B7,7,976562.5,360,1768,2694.0,47,18.2,12m,4,11,0.015151582754921082,1474,4006.4732,5.607,1474,4006.4732,19.166,True,True
A002_Xd9398d_X322a_spw3,j1256-1257_B7,7,976562.5,360,1768,2694.0,47,18.2,12m,4,12,0.016399197027667484,372,1650.2113,3.014,372,1650.2113,19.184,True,False
A002_Xd9398d_X322a_spw3,j1256-1257_B7,7,976562.5,360,1768,2694.0,47,18.2,12m,4,13,0.01553916622661043,391,-2337.3087,4.205,391,-2337.3087,19.184,True,False
A002_Xd9398d_X322a_spw3,j1256-1257_B7,7,976562.5,360,1768,2694.0,47,18.2,12m,4,14,0.015883692044243454,1618,3281.4695,4.992,1619,3643.9713,19.184,False,False
A002_Xd9398d_X322a_spw3,j1256-1257_B7,7,976562.5,360,1768,2694.0,47,18.2,12m,4,15,0.015959511777902637,695,562.7059,3.704,695,562.7059,19.184,True,False
A002_Xd9398d_X322a_spw3,j1256-1257_B7,7,976562.5,360,1768,2694.0,47,18.2,12m,5,0,0.020597355528460478,1583,-4149.8178,3.734,1583,-4149.8178,19.184,True,False
A002_Xd9398d_X322a_spw3,j1256-1257_B7,7,976562.5,360,1768,2694.0,47,18.2,12m,5,1,0.02092290158738295,70,-1431.0541,4.297,70,-1431.0541,19.184,True,False
A002_Xd9398d_X322a_spw3,j1256-1257_B7,7,976562.5,360,1768,2694.0,47,18.2,12m,5,2,0.02026710374782255,132,-2699.8105,4.13,132,-2881.0614,19.184,True,False
A002_Xd9398d_X322a_spw3,j1256-1257_B7,7,976562.5,360,1768,2694.0,47,18.2,12m,5,3,0.01986577435429072,1149,-343.5487,4.402,1149,-343.5487,19.184,True,False
A002_Xd9398d_X322a_spw3,j1256-1257_B7,7,976562.5,360,1768,2694.0,47,18.2,12m,5,4,0.019300779610208117,1072,-1974.8069,5.792,1072,-1974.8069,19.184,True,True
A002_Xd9398d_X322a_spw3,j1256-1257_B7,7,976562.5,360,1768,2694.0,47,18.2,12m,5,5,0.019785743738472264,242,562.7059,3.856,242,562.7059,19.184,True,False
A002_Xd9398d_X322a_spw3,j1256-1257_B7,7,976562.5,360,1768,2694.0,47,18.2,12m,5,6,0.01894851207467463,360,-3243.5632,5.523,360,-3243.5632,19.184,True,True
A002_Xd9398d_X322a_spw3,j1256-1257_B7,7,976562.5,360,1768,2694.0,47,18.2,12m,5,7,0.020941415611429457,147,1106.4586,4.853,147,1106.4586,19.184,True,False
A002_Xd9398d_X322a_spw3,j1256-1257_B7,7,976562.5,360,1768,2694.0,47,18.2,12m,5,8,0.021619000760071963,578,-524.7996,5.147,578,-524.7996,19.184,True,True
A002_Xd9398d_X322a_spw3,j1256-1257_B7,7,976562.5,360,1768,2694.0,47,18.2,12m,5,9,0.020847356372319537,665,562.7059,5.226,665,562.7059,19.184,True,True
A002_Xd9398d_X322a_spw3,j1256-1257_B7,7,976562.5,360,1768,2694.0,47,18.2,12m,5,10,0.01902611584386674,1517,2375.215,2.821,1517,2375.215,19.184,True,False
A002_Xd9398d_X322a_spw3,j1256-1257_B7,7,976562.5,360,1768,2694.0,47,18.2,12m,5,11,0.01881831389012821,1203,-343.5487,4.251,1203,-343.5487,19.184,True,False
A002_Xd9398d_X322a_spw3,j1256-1257_B7,7,976562.5,360,1768,2694.0,47,18.2,12m,5,12,0.017094865302334006,739,743.9568,5.762,739,743.9568,19.184,True,True
A002_Xd9398d_X322a_spw3,j1256-1257_B7,7,976562.5,360,1768,2694.0,47,18.2,12m,5,13,0.018249790337573214,461,1287.7095,5.549,461,1287.7095,19.184,True,True
A002_Xd9398d_X322a_spw3,j1256-1257_B7,7,976562.5,360,1768,2694.0,47,18.2,12m,5,14,0.01810600241306415,862,-2881.0614,4.312,862,-2156.0578,19.184,False,False
A002_Xd9398d_X322a_spw3,j1256-1257_B7,7,976562.5,360,1768,2694.0,47,18.2,12m,5,15,0.020962060942251115,139,1468.9604,5.381,139,1468.9604,19.184,True,True
A002_Xd9398d_X322a_spw3,j1256-1257_B7,7,976562.5,360,1768,2694.0,47,18.2,12m,6,0,0.023894924964020042,865,-162.2978,5.952,865,-162.2978,19.184,True,True
A002_Xd9398d_X322a_spw3,j1256-1257_B7,7,976562.5,360,1768,2694.0,47,18.2,12m,6,1,0.02339455067699917,1117,-2337.3087,6.404,1117,-2337.3087,19.184,True,True
A002_Xd9398d_X322a_spw3,j1256-1257_B7,7,976562.5,360,1768,2694.0,47,18.2,12m,6,2,0.02321287684876577,810,3643.9713,6.678,810,3643.9713,19.184,True,True
A002_Xd9398d_X322a_spw3,j1256-1257_B7,7,976562.5,360,1768,2694.0,47,18.2,12m,6,3,0.023541535737370667,1095,-343.5487,5.761,1095,-343.5487,19.184,True,True
A002_Xd9398d_X322a_spw3,j1256-1257_B7,7,976562.5,360,1768,2694.0,47,18.2,12m,6,4,0.024738094558279317,197,-3787.3159,7.315,197,-3787.3159,19.184,True,True
A002_Xd9398d_X322a_spw3,j1256-1257_B7,7,976562.5,360,1768,2694.0,47,18.2,12m,6,5,0.022703719440158452,187,-1974.8069,8.302,187,-1974.8069,19.184,True,True
A002_Xd9398d_X322a_spw3,j1256-1257_B7,7,976562.5,360,1768,2694.0,47,18.2,12m,6,6,0.02262449276699266,643,-1612.305,6.225,643,-1612.305,19.184,True,True
A002_Xd9398d_X322a_spw3,j1256-1257_B7,7,976562.5,360,1768,2694.0,47,18.2,12m,6,7,0.022787856574806933,161,-706.0505,10.228,161,-524.7996,19.184,True,True
A002_Xd9398d_X322a_spw3,j1256-1257_B7,7,976562.5,360,1768,2694.0,47,18.2,12m,6,8,0.02243535126661085,397,-2699.8105,4.814,397,-2699.8105,19.184,True,False
A002_Xd9398d_X322a_spw3,j1256-1257_B7,7,976562.5,360,1768,2694.0,47,18.2,12m,6,9,0.02226788433898536,785,-3062.3123,6.326,785,-3062.3123,19.184,True,True
A002_Xd9398d_X322a_spw3,j1256-1257_B7,7,976562.5,360,1768,2694.0,47,18.2,12m,6,10,0.02573462877609477,1344,2918.9677,7.572,1343,2375.215,19.184,False,True
A002_Xd9398d_X322a_spw3,j1256-1257_B7,7,976562.5,360,1768,2694.0,47,18.2,12m,6,11,0.025983129118892487,1414,-524.7996,8.1,1414,-524.7996,19.141,True,True
A002_Xd9398d_X322a_spw3,j1256-1257_B7,7,976562.5,360,1768,2694.0,47,18.2,12m,6,12,0.022941205114415726,1193,-2337.3087,6.314,1193,-2337.3087,19.184,True,True
A002_Xd9398d_X322a_spw3,j1256-1257_B7,7,976562.5,360,1768,2694.0,47,18.2,12m,6,13,0.023476730731012897,901,4006.4732,6.276,901,4006.4732,19.184,True,True
A002_Xd9398d_X322a_spw3,j1256-1257_B7,7,976562.5,360,1768,2694.0,47,18.2,12m,6,14,0.02354251375816652,862,-343.5487,6.512,862,-524.7996,19.184,True,True
A002_Xd9398d_X322a_spw3,j1256-1257_B7,7,976562.5,360,1768,2694.0,47,18.2,12m,6,15,0.02350999600935069,809,2918.9677,6.712,809,2918.9677,19.184,True,True
A002_Xd9398d_X322a_spw3,j1256-1257_B7,7,976562.5,360,1768,2694.0,47,18.2,12m,7,0,0.026593231516558746,1533,1287.7095,7.214,1533,1287.7095,19.184,True,True
A002_Xd9398d_X322a_spw3,j1256-1257_B7,7,976562.5,360,1768,2694.0,47,18.2,12m,7,1,0.02822092586326769,1164,2737.7168,8.175,1164,2737.7168,19.184,True,True
A002_Xd9398d_X322a_spw3,j1256-1257_B7,7,976562.5,360,1768,2694.0,47,18.2,12m,7,2,0.028437729783819046,464,925.2077,6.959,464,925.2077,19.184,True,True
A002_Xd9398d_X322a_spw3,j1256-1257_B7,7,976562.5,360,1768,2694.0,47,18.2,12m,7,3,0.025131019798049936,685,-1249.8032,7.13,685,-1249.8032,19.184,True,True
A002_Xd9398d_X322a_spw3,j1256-1257_B7,7,976562.5,360,1768,2694.0,47,18.2,12m,7,4,0.028811962367509554,743,2193.9641,7.335,743,2193.9641,19.184,True,True
A002_Xd9398d_X322a_spw3,j1256-1257_B7,7,976562.5,360,1768,2694.0,47,18.2,12m,7,5,0.027751323427063813,1235,-1068.5523,6.585,1235,-1068.5523,19.184,True,True
A002_Xd9398d_X322a_spw3,j1256-1257_B7,7,976562.5,360,1768,2694.0,47,18.2,12m,7,6,0.03192059224516552,1551,3462.7204,5.616,1551,3462.7204,19.184,True,True
A002_Xd9398d_X322a_spw3,j1256-1257_B7,7,976562.5,360,1768,2694.0,47,18.2,12m,7,7,0.02544911847996016,1058,-1974.8069,8.227,1058,-1974.8069,19.184,True,True
A002_Xd9398d_X322a_spw3,j1256-1257_B7,7,976562.5,360,1768,2694.0,47,18.2,12m,7,8,0.028542394170885214,1507,2012.7132,8.236,1507,2012.7132,19.165,True,True
A002_Xd9398d_X322a_spw3,j1256-1257_B7,7,976562.5,360,1768,2694.0,47,18.2,12m,7,9,0.028213356879047108,805,-343.5487,6.8,805,-343.5487,19.184,True,True
A002_Xd9398d_X322a_spw3,j1256-1257_B7,7,976562.5,360,1768,2694.0,47,18.2,12m,7,10,0.024803825326600977,924,-4149.8178,5.991,924,-4149.8178,19.184,True,True
A002_Xd9398d_X322a_spw3,j1256-1257_B7,7,976562.5,360,1768,2694.0,47,18.2,12m,7,11,0.02716933758472497,1260,-3606.065,6.538,1260,-3606.065,19.184,True,True
A002_Xd9398d_X322a_spw3,j1256-1257_B7,7,976562.5,360,1768,2694.0,47,18.2,12m,7,12,0.026564735085668506,565,-1431.0541,8.254,565,-1431.0541,19.184,True,True
A002_Xd9398d_X322a_spw3,j1256-1257_B7,7,976562.5,360,1768,2694.0,47,18.2,12m,7,13,0.027005060617364334,1484,2193.9641,6.99,1484,2193.9641,19.162,True,True
A002_Xd9398d_X322a_spw3,j1256-1257_B7,7,976562.5,360,1768,2694.0,47,18.2,12m,7,14,0.029632056287472966,697,2012.7132,7.459,697,2012.7132,19.184,True,True
A002_Xd9398d_X322a_spw3,j1256-1257_B7,7,976562.5,360,1768,2694.0,47,18.2,12m,7,15,0.030150196881879424,1508,200.2041,7.885,1508,200.2041,19.184,True,True
A002_Xd9398d_X322a_spw3,j1256-1257_B7,7,976562.5,360,1768,2694.0,47,18.2,12m,8,0,0.03232300542608027,1222,-3787.3159,8.289,1222,-3787.3159,19.184,True,True
A002_Xd9398d_X322a_spw3,j1256-1257_B7,7,976562.5,360,1768,2694.0,47,18.2,12m,8,1,0.03233210637732428,1612,743.9568,8.486,1612,743.9568,19.184,True,True
A002_Xd9398d_X322a_spw3,j1256-1257_B7,7,976562.5,360,1768,2694.0,47,18.2,12m,8,2,0.029987363943932335,1387,-2518.5596,6.187,1387,-2518.5596,18.839,True,True
A002_Xd9398d_X322a_spw3,j1256-1257_B7,7,976562.5,360,1768,2694.0,47,18.2,12m,8,3,0.033208974980267654,1221,-2337.3087,7.841,1221,-2337.3087,19.184,True,True
A002_Xd9398d_X322a_spw3,j1256-1257_B7,7,976562.5,360,1768,2694.0,47,18.2,12m,8,4,0.033498778992028334,492,-887.3014,7.066,492,-887.3014,19.184,True,True
A002_Xd9398d_X322a_spw3,j1256-1257_B7,7,976562.5,360,1768,2694.0,47,18.2,12m,8,5,0.0302743384509651,921,-1431.0541,9.093,921,-1431.0541,19.184,True,True
A002_Xd9398d_X322a_spw3,j1256-1257_B7,7,976562.5,360,1768,2694.0,47,18.2,12m,8,6,0.03222935847423486,149,1831.4622,7.475,149,1831.4622,19.184,True,True
A002_Xd9398d_X322a_spw3,j1256-1257_B7,7,976562.5,360,1768,2694.0,47,18.2,12m,8,7,0.030429379561328275,967,-3424.8141,7.442,967,-3424.8141,19.184,True,True
A002_Xd9398d_X322a_spw3,j1256-1257_B7,7,976562.5,360,1768,2694.0,47,18.2,12m,8,8,0.03142510981168573,655,3825.2223,5.876,655,3825.2223,19.184,True,True
A002_Xd9398d_X322a_spw3,j1256-1257_B7,7,976562.5,360,1768,2694.0,47,18.2,12m,8,9,0.030144001839429873,1200,2375.215,6.841,1200,2193.9641,19.184,True,True
A002_Xd9398d_X322a_spw3,j1256-1257_B7,7,976562.5,360,1768,2694.0,47,18.2,12m,8,10,0.032836838572641164,1470,-3606.065,8.991,1470,3825.2223,19.151,False,True
A002_Xd9398d_X322a_spw3,j1256-1257_B7,7,976562.5,360,1768,2694.0,47,18.2,12m,8,11,0.029906023996878382,1576,200.2041,6.895,1576,200.2041,19.184,True,True
A002_Xd9398d_X322a_spw3,j1256-1257_B7,7,976562.5,360,1768,2694.0,47,18.2,12m,8,12,0.030821903418567543,1137,-1431.0541,7.53,1137,-1431.0541,19.184,True,True
A002_Xd9398d_X322a_spw3,j1256-1257_B7,7,976562.5,360,1768,2694.0,47,18.2,12m,8,13,0.03329160495466934,1081,3281.4695,6.931,1081,3281.4695,19.184,True,True
A002_Xd9398d_X322a_spw3,j1256-1257_B7,7,976562.5,360,1768,2694.0,47,18.2,12m,8,14,0.03486150881522896,1613,-2518.5596,8.06,1613,-2518.5596,19.184,True,True
A002_Xd9398d_X322a_spw3,j1256-1257_B7,7,976562.5,360,1768,2694.0,47,18.2,12m,8,15,0.03213132302553269,427,4006.4732,7.078,427,4006.4732,19.184,True,True
A002_Xd9398d_X322a_spw3,j1256-1257_B7,7,976562.5,360,1768,2694.0,47,18.2,12m,10,0,0.038434504433251096,1206,-887.3014,9.799,1206,-887.3014,19.184,True,True
A002_Xd9398d_X322a_spw3,j1256-1257_B7,7,976562.5,360,1768,2694.0,47,18.2,12m,10,1,0.038967091909494135,198,-2881.0614,10.138,198,-2881.0614,19.184,True,True
A002_Xd9398d_X322a_spw3,j1256-1257_B7,7,976562.5,360,1768,2694.0,47,18.2,12m,10,2,0.043368015157906004,1317,2737.7168,10.485,1317,2737.7168,19.184,True,True
A002_Xd9398d_X322a_spw3,j1256-1257_B7,7,976562.5,360,1768,2694.0,47,18.2,12m,10,3,0.042145782957275224,734,562.7059,11.407,734,562.7059,19.184,True,True
A002_Xd9398d_X322a_spw3,j1256-1257_B7,7,976562.5,360,1768,2694.0,47,18.2,12m,10,4,0.04251125578194768,307,-1249.8032,9.091,307,-1249.8032,19.184,True,True
A002_Xd9398d_X322a_spw3,j1256-1257_B7,7,976562.5,360,1768,2694.0,47,18.2,12m,10,5,0.039363109814539984,244,2375.215,10.144,244,2375.215,19.184,True,True
A002_Xd9398d_X322a_spw3,j1256-1257_B7,7,976562.5,360,1768,2694.0,47,18.2,12m,10,6,0.03781687432448102,1125,2375.215,8.61,1125,2375.215,19.184,True,True
A002_Xd9398d_X322a_spw3,j1256-1257_B7,7,976562.5,360,1768,2694.0,47,18.2,12m,10,7,0.0402515206048155,376,-1793.5559,10.717,376,-1793.5559,19.184,True,True
A002_Xd9398d_X322a_spw3,j1256-1257_B7,7,976562.5,360,1768,2694.0,47,18.2,12m,10,8,0.03732348339980433,751,-3062.3123,11.398,751,-3062.3123,19.184,True,True
A002_Xd9398d_X322a_spw3,j1256-1257_B7,7,976562.5,360,1768,2694.0,47,18.2,12m,10,9,0.04084536135344512,94,18.9532,9.377,94,-162.2978,19.184,True,True
A002_Xd9398d_X322a_spw3,j1256-1257_B7,7,976562.5,360,1768,2694.0,47,18.2,12m,10,10,0.03717672772156707,911,2918.9677,9.761,911,2918.9677,19.184,True,True
A002_Xd9398d_X322a_spw3,j1256-1257_B7,7,976562.5,360,1768,2694.0,47,18.2,12m,10,11,0.03621636686022222,822,4006.4732,15.126,821,-343.5487,19.184,False,True
A002_Xd9398d_X322a_spw3,j1256-1257_B7,7,976562.5,360,1768,2694.0,47,18.2,12m,10,12,0.03464349162791682,74,-3787.3159,13.593,74,-3787.3159,19.184,True,True
A002_Xd9398d_X322a_spw3,j1256-1257_B7,7,976562.5,360,1768,2694.0,47,18.2,12m,10,13,0.04160298081334654,578,3281.4695,10.365,578,3281.4695,19.184,True,True
A002_Xd9398d_X322a_spw3,j1256-1257_B7,7,976562.5,360,1768,2694.0,47,18.2,12m,10,14,0.04327040576120992,1593,4187.7241,10.791,1593,4187.7241,19.184,True,True
A002_Xd9398d_X322a_spw3,j1256-1257_B7,7,976562.5,360,1768,2694.0,47,18.2,12m,10,15,0.036595126638503686,565,1831.4622,11.316,565,1831.4622,19.184,True,True
A002_Xd9398d_X322a_spw3,j1256-1257_B7,7,976562.5,360,1768,2694.0,47,18.2,12m,12,0,0.0518806345262092,1661,3462.7204,11.312,1661,3462.7204,19.184,True,True
A002_Xd9398d_X322a_spw3,j1256-1257_B7,7,976562.5,360,1768,2694.0,47,18.2,12m,12,1,0.04543115080653295,1493,2556.4659,13.314,1492,-1431.0541,18.984,False,True
A002_Xd9398d_X322a_spw3,j1256-1257_B7,7,976562.5,360,1768,2694.0,47,18.2,12m,12,2,0.047765803527104696,274,18.9532,10.975,274,-162.2978,19.184,True,True
A002_Xd9398d_X322a_spw3,j1256-1257_B7,7,976562.5,360,1768,2694.0,47,18.2,12m,12,3,0.051413327458578496,1387,562.7059,11.508,1387,562.7059,19.135,True,True
A002_Xd9398d_X322a_spw3,j1256-1257_B7,7,976562.5,360,1768,2694.0,47,18.2,12m,12,4,0.04796962860130975,1495,-1431.0541,13.43,1496,381.455,19.144,False,True
A002_Xd9398d_X322a_spw3,j1256-1257_B7,7,976562.5,360,1768,2694.0,47,18.2,12m,12,5,0.04404905626762609,837,-343.5487,12.221,837,-343.5487,19.184,True,True
A002_Xd9398d_X322a_spw3,j1256-1257_B7,7,976562.5,360,1768,2694.0,47,18.2,12m,12,6,0.04397482297456564,999,-3968.5669,10.418,999,-3968.5669,19.184,True,True
A002_Xd9398d_X322a_spw3,j1256-1257_B7,7,976562.5,360,1768,2694.0,47,18.2,12m,12,7,0.03851947893326299,1491,3825.2223,14.51,1491,3825.2223,18.987,True,True
A002_Xd9398d_X322a_spw3,j1256-1257_B7,7,976562.5,360,1768,2694.0,47,18.2,12m,12,8,0.04266101120138239,351,743.9568,9.17,351,743.9568,19.184,True,True
A002_Xd9398d_X322a_spw3,j1256-1257_B7,7,976562.5,360,1768,2694.0,47,18.2,12m,12,9,0.050337469007737175,1309,562.7059,11.469,1309,562.7059,19.184,True,True
A002_Xd9398d_X322a_spw3,j1256-1257_B7,7,976562.5,360,1768,2694.0,47,18.2,12m,12,10,0.05054659185049228,671,2012.7132,11.619,671,2012.7132,19.184,True,True
A002_Xd9398d_X322a_spw3,j1256-1257_B7,7,976562.5,360,1768,2694.0,47,18.2,12m,12,11,0.04337290208150368,974,-524.7996,11.66,974,-524.7996,19.184,True,True
A002_Xd9398d_X322a_spw3,j1256-1257_B7,7,976562.5,360,1768,2694.0,47,18.2,12m,12,12,0.04905656325014346,162,4006.4732,12.111,162,4006.4732,19.184,True,True
A002_Xd9398d_X322a_spw3,j1256-1257_B7,7,976562.5,360,1768,2694.0,47,18.2,12m,12,13,0.05072732403664401,943,2375.215,11.522,943,2375.215,19.184,True,True
A002_Xd9398d_X322a_spw3,j1256-1257_B7,7,976562.5,360,1768,2694.0,47,18.2,12m,12,14,0.046142889038449375,677,200.2041,13.071,677,200.2041,19.184,True,True
A002_Xd9398d_X322a_spw3,j1256-1257_B7,7,976562.5,360,1768,2694.0,47,18.2,12m,12,15,0.048857613671234215,1286,-1068.5523,10.017,1286,-1068.5523,19.184,True,True
A002_Xd9398d_X322a_spw3,j1256-1257_B7,7,976562.5,360,1768,2694.0,47,18.2,12m,15,0,0.05824419350362106,783,-3243.5632,13.698,783,-3243.5632,19.184,True,True
A002_Xd9398d_X322a_spw3,j1256-1257_B7,7,976562.5,360,1768,2694.0,47,18.2,12m,15,1,0.06385115033979727,511,-3243.5632,15.65,511,-3243.5632,19.184,True,True
A002_Xd9398d_X322a_spw3,j1256-1257_B7,7,976562.5,360,1768,2694.0,47,18.2,12m,15,2,0.061684961552558336,992,-1249.8032,15.336,992,-1249.8032,19.184,True,True
A002_Xd9398d_X322a_spw3,j1256-1257_B7,7,976562.5,360,1768,2694.0,47,18.2,12m,15,3,0.06050464055662097,1043,-1249.8032,15.182,1043,-1249.8032,19.184,True,True
A002_Xd9398d_X322a_spw3,j1256-1257_B7,7,976562.5,360,1768,2694.0,47,18.2,12m,15,4,0.06338176357786574,125,200.2041,13.861,125,200.2041,19.184,True,True
A002_Xd9398d_X322a_spw3,j1256-1257_B7,7,976562.5,360,1768,2694.0,47,18.2,12m,15,5,0.051131103713029626,1005,-1974.8069,13.51,1005,-1974.8069,19.184,True,True
A002_Xd9398d_X322a_spw3,j1256-1257_B7,7,976562.5,360,1768,2694.0,47,18.2,12m,15,6,0.060453701180093265,664,2737.7168,14.82,664,2737.7168,19.184,True,True
A002_Xd9398d_X322a_spw3,j1256-1257_B7,7,976562.5,360,1768,2694.0,47,18.2,12m,15,7,0.04742894814802173,1020,-3062.3123,17.153,1020,-3062.3123,19.184,True,True
A002_Xd9398d_X322a_spw3,j1256-1257_B7,7,976562.5,360,1768,2694.0,47,18.2,12m,15,8,0.05730562957894851,1358,-3968.5669,12.229,1358,-3968.5669,19.184,True,True
A002_Xd9398d_X322a_spw3,j1256-1257_B7,7,976562.5,360,1768,2694.0,47,18.2,12m,15,9,0.059862846205813516,1583,-2156.0578,13.959,1583,-2156.0578,19.184,True,True
A002_Xd9398d_X322a_spw3,j1256-1257_B7,7,976562.5,360,1768,2694.0,47,18.2,12m,15,10,0.05789253445841958,761,-3062.3123,16.24,761,-3062.3123,19.184,True,True
A002_Xd9398d_X322a_spw3,j1256-1257_B7,7,976562.5,360,1768,2694.0,47,18.2,12m,15,11,0.061791917661051854,553,1106.4586,14.054,553,1106.4586,19.184,True,True
A002_Xd9398d_X322a_spw3,j1256-1257_B7,7,976562.5,360,1768,2694.0,47,18.2,12m,15,12,0.055791330865317644,1270,743.9568,14.286,1270,743.9568,19.184,True,True
A002_Xd9398d_X322a_spw3,j1256-1257_B7,7,976562.5,360,1768,2694.0,47,18.2,12m,15,13,0.060245021135277264,1028,-2881.0614,14.348,1028,-2881.0614,19.184,True,True
A002_Xd9398d_X322a_spw3,j1256-1257_B7,7,976562.5,360,1768,2694.0,47,18.2,12m,15,14,0.05695591179480766,829,-3968.5669,15.567,829,-3968.5669,19.184,True,True
A002_Xd9398d_X322a_spw3,j1256-1257_B7,7,976562.5,360,1768,2694.0,47,18.2,12m,15,15,0.061269982805177654,727,1106.4586,14.365,727,1106.4586,19.184,True,True
A002_Xbbadbe_X3846_spw25,hd92945_B7,7,976562.5,465,1768,3375.6,59,18.2,12m,3,0,0.009468581018170994,679,-3706.0773,3.424,678,-379.1698,26.459,False,False
A002_Xbbadbe_X3846_spw25,hd92945_B7,7,976562.5,465,1768,3375.6,59,18.2,12m,3,1,0.009164154088982015,1294,-3995.3737,1.692,1293,2947.7377,26.459,False,False
A002_Xbbadbe_X3846_spw25,hd92945_B7,7,976562.5,465,1768,3375.6,59,18.2,12m,3,2,0.009899166511844736,976,1067.3117,3.313,976,-3995.3737,26.459,False,False
A002_Xbbadbe_X3846_spw25,hd92945_B7,7,976562.5,465,1768,3375.6,59,18.2,12m,3,3,0.011066789647513333,1692,-89.8735,2.389,1692,-89.8735,26.459,True,False
A002_Xbbadbe_X3846_spw25,hd92945_B7,7,976562.5,465,1768,3375.6,59,18.2,12m,3,4,0.009291950568051181,1370,-2114.9477,3.618,1369,2079.8488,26.459,False,False
A002_Xbbadbe_X3846_spw25,hd92945_B7,7,976562.5,465,1768,3375.6,59,18.2,12m,3,5,0.010333561188004924,353,4104.9229,3.689,353,3237.034,26.459,False,False
A002_Xbbadbe_X3846_spw25,hd92945_B7,7,976562.5,465,1768,3375.6,59,18.2,12m,3,6,0.010217970767137213,220,-234.5217,3.742,220,199.4228,26.459,False,False
A002_Xbbadbe_X3846_spw25,hd92945_B7,7,976562.5,465,1768,3375.6,59,18.2,12m,3,7,0.009416000289193788,934,1356.608,3.416,934,1356.608,26.459,True,False
A002_Xbbadbe_X3846_spw25,hd92945_B7,7,976562.5,465,1768,3375.6,59,18.2,12m,3,8,0.009688022543255143,1268,-2404.244,3.462,1269,-1536.355,26.459,False,False
A002_Xbbadbe_X3846_spw25,hd92945_B7,7,976562.5,465,1768,3375.6,59,18.2,12m,3,9,0.008814066716799709,1085,-2693.5403,4.17,1085,-2693.5403,26.459,True,False
A002_Xbbadbe_X3846_spw25,hd92945_B7,7,976562.5,465,1768,3375.6,59,18.2,12m,3,10,0.010419423689030705,98,2224.4969,2.909,98,2224.4969,26.459,True,False
A002_Xbbadbe_X3846_spw25,hd92945_B7,7,976562.5,465,1768,3375.6,59,18.2,12m,3,11,0.008923967903091494,1199,2369.1451,2.665,1199,2369.1451,26.459,True,False
A002_Xbbadbe_X3846_spw25,hd92945_B7,7,976562.5,465,1768,3375.6,59,18.2,12m,3,12,0.009846684240080958,144,488.7191,2.149,143,-668.4661,26.459,False,False
A002_Xbbadbe_X3846_spw25,hd92945_B7,7,976562.5,465,1768,3375.6,59,18.2,12m,3,13,0.009740396205825971,510,-2114.9477,3.374,510,-2114.9477,26.459,True,False
A002_Xbbadbe_X3846_spw25,hd92945_B7,7,976562.5,465,1768,3375.6,59,18.2,12m,3,14,0.009783466327798928,832,922.6636,26.15,832,-813.1143,26.15,False,True
A002_Xbbadbe_X3846_spw25,hd92945_B7,7,976562.5,465,1768,3375.6,59,18.2,12m,3,15,0.00864560148825056,1196,-2693.5403,3.104,1197,-2259.5958,26.459,False,False
A002_Xbbadbe_X3846_spw25,hd92945_B7,7,976562.5,465,1768,3375.6,59,18.2,12m,4,0,0.012582075903609725,76,4104.9229,4.116,76,4104.9229,26.459,True,False
A002_Xbbadbe_X3846_spw25,hd92945_B7,7,976562.5,465,1768,3375.6,59,18.2,12m,4,1,0.013420751271753776,1305,778.0154,4.303,1305,778.0154,26.459,True,False
A002_Xbbadbe_X3846_spw25,hd92945_B7,7,976562.5,465,1768,3375.6,59,18.2,12m,4,2,0.010849059107706263,634,1211.9599,6.623,633,-2404.244,26.459,False,True
A002_Xbbadbe_X3846_spw25,hd92945_B7,7,976562.5,465,1768,3375.6,59,18.2,12m,4,3,0.013936665466558728,756,-2838.1884,4.726,756,-2838.1884,26.459,True,False
A002_Xbbadbe_X3846_spw25,hd92945_B7,7,976562.5,465,1768,3375.6,59,18.2,12m,4,4,0.012553273028984395,916,3670.9785,3.711,916,3670.9785,26.455,True,False
A002_Xbbadbe_X3846_spw25,hd92945_B7,7,976562.5,465,1768,3375.6,59,18.2,12m,4,5,0.012933826624753432,479,3960.2748,18.889,480,-3127.4847,26.459,False,True
A002_Xbbadbe_X3846_spw25,hd92945_B7,7,976562.5,465,1768,3375.6,59,18.2,12m,4,6,0.012938145210420275,749,344.071,3.889,749,344.071,26.459,True,False
A002_Xbbadbe_X3846_spw25,hd92945_B7,7,976562.5,465,1768,3375.6,59,18.2,12m,4,7,0.013559496864855412,119,-813.1143,2.414,119,-957.7624,26.459,True,False
A002_Xbbadbe_X3846_spw25,hd92945_B7,7,976562.5,465,1768,3375.6,59,18.2,12m,4,8,0.013880116115525809,384,2369.1451,4.67,384,2369.1451,26.459,True,False
A002_Xbbadbe_X3846_spw25,hd92945_B7,7,976562.5,465,1768,3375.6,59,18.2,12m,4,9,0.013795804039752682,1660,3815.6266,4.507,1660,3815.6266,26.459,True,False
A002_Xbbadbe_X3846_spw25,hd92945_B7,7,976562.5,465,1768,3375.6,59,18.2,12m,4,10,0.013415685398601369,377,-3416.781,4.886,377,-3416.781,26.459,True,False
A002_Xbbadbe_X3846_spw25,hd92945_B7,7,976562.5,465,1768,3375.6,59,18.2,12m,4,11,0.0141037796464059,185,4104.9229,5.633,185,4104.9229,26.459,True,True
A002_Xbbadbe_X3846_spw25,hd92945_B7,7,976562.5,465,1768,3375.6,59,18.2,12m,4,12,0.012010287363636924,778,-2982.8366,6.749,778,-2982.8366,26.453,True,True
A002_Xbbadbe_X3846_spw25,hd92945_B7,7,976562.5,465,1768,3375.6,59,18.2,12m,4,13,0.013093780320355438,426,-2982.8366,5.058,427,-2548.8921,26.459,False,True
A002_Xbbadbe_X3846_spw25,hd92945_B7,7,976562.5,465,1768,3375.6,59,18.2,12m,4,14,0.012689419845927266,1060,-1681.0032,3.985,1060,3815.6266,26.459,False,False
A002_Xbbadbe_X3846_spw25,hd92945_B7,7,976562.5,465,1768,3375.6,59,18.2,12m,4,15,0.014298680637870957,203,-3850.7255,3.546,204,-2548.8921,26.459,False,False
A002_Xbbadbe_X3846_spw25,hd92945_B7,7,976562.5,465,1768,3375.6,59,18.2,12m,5,0,0.0153132360233346,474,-2548.8921,6.852,474,-2548.8921,26.459,True,True
A002_Xbbadbe_X3846_spw25,hd92945_B7,7,976562.5,465,1768,3375.6,59,18.2,12m,5,1,0.0162718271017321,1564,2513.7933,5.904,1564,2513.7933,26.459,True,True
A002_Xbbadbe_X3846_spw25,hd92945_B7,7,976562.5,465,1768,3375.6,59,18.2,12m,5,2,0.015857893322060227,1408,-3416.781,4.748,1408,-3416.781,26.459,True,False
A002_Xbbadbe_X3846_spw25,hd92945_B7,7,976562.5,465,1768,3375.6,59,18.2,12m,5,3,0.01598755577269034,481,-2838.1884,19.948,481,-2693.5403,26.459,True,True
A002_Xbbadbe_X3846_spw25,hd92945_B7,7,976562.5,465,1768,3375.6,59,18.2,12m,5,4,0.01553935436469889,580,-3850.7255,4.943,580,-3850.7255,26.459,True,False
A002_Xbbadbe_X3846_spw25,hd92945_B7,7,976562.5,465,1768,3375.6,59,18.2,12m,5,5,0.017496362838041398,202,1211.9599,5.566,202,1211.9599,26.459,True,True
A002_Xbbadbe_X3846_spw25,hd92945_B7,7,976562.5,465,1768,3375.6,59,18.2,12m,5,6,0.015497003666366752,481,1501.2562,19.031,480,-3127.4847,26.459,False,True
A002_Xbbadbe_X3846_spw25,hd92945_B7,7,976562.5,465,1768,3375.6,59,18.2,12m,5,7,0.015274463125462275,1520,-89.8735,6.38,1519,-1681.0032,26.459,False,True
A002_Xbbadbe_X3846_spw25,hd92945_B7,7,976562.5,465,1768,3375.6,59,18.2,12m,5,8,0.014404860664595984,1050,1645.9043,3.421,1050,1501.2562,26.459,True,False
A002_Xbbadbe_X3846_spw25,hd92945_B7,7,976562.5,465,1768,3375.6,59,18.2,12m,5,9,0.017030105830749268,338,-1391.7069,4.754,338,-1391.7069,26.459,True,False
A002_Xbbadbe_X3846_spw25,hd92945_B7,7,976562.5,465,1768,3375.6,59,18.2,12m,5,10,0.015478381886904403,1592,3092.3859,3.5,1592,3092.3859,26.459,True,False
A002_Xbbadbe_X3846_spw25,hd92945_B7,7,976562.5,465,1768,3375.6,59,18.2,12m,5,11,0.01722258787066961,1547,2803.0896,4.416,1547,2803.0896,26.459,True,False
A002_Xbbadbe_X3846_spw25,hd92945_B7,7,976562.5,465,1768,3375.6,59,18.2,12m,5,12,0.017083133667674458,120,778.0154,6.443,120,778.0154,26.459,True,True
A002_Xbbadbe_X3846_spw25,hd92945_B7,7,976562.5,465,1768,3375.6,59,18.2,12m,5,13,0.016254534279022143,657,344.071,5.331,657,344.071,26.459,True,True
A002_Xbbadbe_X3846_spw25,hd92945_B7,7,976562.5,465,1768,3375.6,59,18.2,12m,5,14,0.015991523099241598,985,-3850.7255,4.593,985,-3850.7255,26.459,True,False
A002_Xbbadbe_X3846_spw25,hd92945_B7,7,976562.5,465,1768,3375.6,59,18.2,12m,5,15,0.01694323365385228,1394,1211.9599,4.595,1394,1211.9599,26.459,True,False
A002_Xbbadbe_X3846_spw25,hd92945_B7,7,976562.5,465,1768,3375.6,59,18.2,12m,6,0,0.019341414203001273,852,1645.9043,6.948,852,1645.9043,26.439,True,True
A002_Xbbadbe_X3846_spw25,hd92945_B7,7,976562.5,465,1768,3375.6,59,18.2,12m,6,1,0.017012682654125706,994,1790.5525,4.252,994,1790.5525,26.459,True,False
A002_Xbbadbe_X3846_spw25,hd92945_B7,7,976562.5,465,1768,3375.6,59,18.2,12m,6,2,0.01926335188659131,674,3815.6266,4.939,674,3815.6266,26.459,True,False
A002_Xbbadbe_X3846_spw25,hd92945_B7,7,976562.5,465,1768,3375.6,59,18.2,12m,6,3,0.021159703708142304,1492,3092.3859,6.33,1492,3092.3859,26.459,True,True
A002_Xbbadbe_X3846_spw25,hd92945_B7,7,976562.5,465,1768,3375.6,59,18.2,12m,6,4,0.019256672305073885,1221,-4140.0218,6.496,1221,-4140.0218,26.459,True,True
A002_Xbbadbe_X3846_spw25,hd92945_B7,7,976562.5,465,1768,3375.6,59,18.2,12m,6,5,0.01991393947214553,507,-813.1143,5.795,507,-813.1143,26.459,True,True
A002_Xbbadbe_X3846_spw25,hd92945_B7,7,976562.5,465,1768,3375.6,59,18.2,12m,6,6,0.02035306515064703,85,-1825.6513,5.404,85,-1825.6513,26.459,True,True
A002_Xbbadbe_X3846_spw25,hd92945_B7,7,976562.5,465,1768,3375.6,59,18.2,12m,6,7,0.019232073252756166,1400,2803.0896,6.204,1400,2803.0896,26.459,True,True
A002_Xbbadbe_X3846_spw25,hd92945_B7,7,976562.5,465,1768,3375.6,59,18.2,12m,6,8,0.019423209790424046,615,2803.0896,5.371,615,2803.0896,26.459,True,True
A002_Xbbadbe_X3846_spw25,hd92945_B7,7,976562.5,465,1768,3375.6,59,18.2,12m,6,9,0.020801955619055325,113,3237.034,5.182,113,3237.034,26.459,True,True
A002_Xbbadbe_X3846_spw25,hd92945_B7,7,976562.5,465,1768,3375.6,59,18.2,12m,6,10,0.019918257522598133,1579,2079.8488,7.083,1579,2079.8488,26.459,True,True
A002_Xbbadbe_X3846_spw25,hd92945_B7,7,976562.5,465,1768,3375.6,59,18.2,12m,6,11,0.02021718555050088,1419,1501.2562,6.161,1419,1501.2562,26.459,True,True
A002_Xbbadbe_X3846_spw25,hd92945_B7,7,976562.5,465,1768,3375.6,59,18.2,12m,6,12,0.017874138799777457,636,199.4228,7.686,636,199.4228,26.459,True,True
A002_Xbbadbe_X3846_spw25,hd92945_B7,7,976562.5,465,1768,3375.6,59,18.2,12m,6,13,0.017699404956907843,1120,-668.4661,7.508,1120,-668.4661,26.459,True,True
A002_Xbbadbe_X3846_spw25,hd92945_B7,7,976562.5,465,1768,3375.6,59,18.2,12m,6,14,0.018497786590486287,381,3381.6822,6.632,381,3381.6822,26.459,True,True
A002_Xbbadbe_X3846_spw25,hd92945_B7,7,976562.5,465,1768,3375.6,59,18.2,12m,6,15,0.019139234896588194,901,922.6636,5.004,901,922.6636,26.074,True,True
A002_Xbbadbe_X3846_spw25,hd92945_B7,7,976562.5,465,1768,3375.6,59,18.2,12m,7,0,0.023418223331608985,712,-2404.244,6.744,712,-2404.244,26.459,True,True
A002_Xbbadbe_X3846_spw25,hd92945_B7,7,976562.5,465,1768,3375.6,59,18.2,12m,7,1,0.022238411127864083,548,-3850.7255,7.276,548,-3850.7255,26.459,True,True
A002_Xbbadbe_X3846_spw25,hd92945_B7,7,976562.5,465,1768,3375.6,59,18.2,12m,7,2,0.022735399877749033,1279,1356.608,7.219,1279,1356.608,26.459,True,True
A002_Xbbadbe_X3846_spw25,hd92945_B7,7,976562.5,465,1768,3375.6,59,18.2,12m,7,3,0.021855394637777907,842,1067.3117,6.109,842,1067.3117,25.636,True,True
A002_Xbbadbe_X3846_spw25,hd92945_B7,7,976562.5,465,1768,3375.6,59,18.2,12m,7,4,0.024357689197050482,68,54.7746,7.65,68,-89.8735,26.459,True,True
A002_Xbbadbe_X3846_spw25,hd92945_B7,7,976562.5,465,1768,3375.6,59,18.2,12m,7,5,0.020906270393824044,854,-1247.0587,4.724,854,-1247.0587,26.068,True,False
A002_Xbbadbe_X3846_spw25,hd92945_B7,7,976562.5,465,1768,3375.6,59,18.2,12m,7,6,0.02203665898143246,1272,2513.7933,6.873,1272,2513.7933,26.459,True,True
A002_Xbbadbe_X3846_spw25,hd92945_B7,7,976562.5,465,1768,3375.6,59,18.2,12m,7,7,0.023599646913981226,393,2803.0896,7.017,393,2803.0896,26.459,True,True
A002_Xbbadbe_X3846_spw25,hd92945_B7,7,976562.5,465,1768,3375.6,59,18.2,12m,7,8,0.0208299751584176,1365,1790.5525,7.739,1365,1790.5525,26.459,True,True
A002_Xbbadbe_X3846_spw25,hd92945_B7,7,976562.5,465,1768,3375.6,59,18.2,12m,7,9,0.02138831698158759,997,344.071,7.8,997,344.071,26.459,True,True
A002_Xbbadbe_X3846_spw25,hd92945_B7,7,976562.5,465,1768,3375.6,59,18.2,12m,7,10,0.023597582838079428,316,2803.0896,7.04,316,2803.0896,26.459,True,True
A002_Xbbadbe_X3846_spw25,hd92945_B7,7,976562.5,465,1768,3375.6,59,18.2,12m,7,11,0.018895338308209306,1463,-2548.8921,8.287,1463,-2548.8921,26.459,True,True
A002_Xbbadbe_X3846_spw25,hd92945_B7,7,976562.5,465,1768,3375.6,59,18.2,12m,7,12,0.02404615733957252,1008,-234.5217,6.661,1008,-234.5217,26.459,True,True
A002_Xbbadbe_X3846_spw25,hd92945_B7,7,976562.5,465,1768,3375.6,59,18.2,12m,7,13,0.022897581067595176,406,2513.7933,6.563,406,2513.7933,26.459,True,True
A002_Xbbadbe_X3846_spw25,hd92945_B7,7,976562.5,465,1768,3375.6,59,18.2,12m,7,14,0.02020348798751243,751,3092.3859,5.468,751,3092.3859,26.459,True,True
A002_Xbbadbe_X3846_spw25,hd92945_B7,7,976562.5,465,1768,3375.6,59,18.2,12m,7,15,0.022578956427460866,1159,2224.4969,6.065,1159,2224.4969,26.459,True,True
A002_Xbbadbe_X3846_spw25,hd92945_B7,7,976562.5,465,1768,3375.6,59,18.2,12m,8,0,0.026561890689577386,958,1356.608,7.455,958,1356.608,26.459,True,True
A002_Xbbadbe_X3846_spw25,hd92945_B7,7,976562.5,465,1768,3375.6,59,18.2,12m,8,1,0.02733947426086855,185,3092.3859,8.068,185,3092.3859,26.459,True,True
A002_Xbbadbe_X3846_spw25,hd92945_B7,7,976562.5,465,1768,3375.6,59,18.2,12m,8,2,0.02668033287473361,312,-2548.8921,7.785,312,-2548.8921,26.459,True,True
A002_Xbbadbe_X3846_spw25,hd92945_B7,7,976562.5,465,1768,3375.6,59,18.2,12m,8,3,0.025251862011874446,551,-523.818,6.825,551,-523.818,26.459,True,True
A002_Xbbadbe_X3846_spw25,hd92945_B7,7,976562.5,465,1768,3375.6,59,18.2,12m,8,4,0.024214915468767806,1552,-1536.355,9.701,1552,-1536.355,26.459,True,True
A002_Xbbadbe_X3846_spw25,hd92945_B7,7,976562.5,465,1768,3375.6,59,18.2,12m,8,5,0.026088187397172842,465,3815.6266,7.09,465,3815.6266,26.459,True,True
A002_Xbbadbe_X3846_spw25,hd92945_B7,7,976562.5,465,1768,3375.6,59,18.2,12m,8,6,0.0267176070227161,1656,199.4228,8.167,1656,199.4228,26.459,True,True
A002_Xbbadbe_X3846_spw25,hd92945_B7,7,976562.5,465,1768,3375.6,59,18.2,12m,8,7,0.02447589339712017,785,-523.818,8.028,785,-523.818,26.428,True,True
A002_Xbbadbe_X3846_spw25,hd92945_B7,7,976562.5,465,1768,3375.6,59,18.2,12m,8,8,0.023802802433161838,1366,54.7746,9.618,1366,-89.8735,26.459,True,True
A002_Xbbadbe_X3846_spw25,hd92945_B7,7,976562.5,465,1768,3375.6,59,18.2,12m,8,9,0.027043162850077528,327,2803.0896,8.263,327,2803.0896,26.459,True,True
A002_Xbbadbe_X3846_spw25,hd92945_B7,7,976562.5,465,1768,3375.6,59,18.2,12m,8,10,0.02685483971033303,1253,-3561.4292,7.69,1253,-3561.4292,26.459,True,True
A002_Xbbadbe_X3846_spw25,hd92945_B7,7,976562.5,465,1768,3375.6,59,18.2,12m,8,11,0.02561801325874174,1415,2369.1451,8.248,1415,2369.1451,26.459,True,True
A002_Xbbadbe_X3846_spw25,hd92945_B7,7,976562.5,465,1768,3375.6,59,18.2,12m,8,12,0.02698178251964892,646,-3850.7255,8.268,646,-3850.7255,26.459,True,True
A002_Xbbadbe_X3846_spw25,hd92945_B7,7,976562.5,465,1768,3375.6,59,18.2,12m,8,13,0.026467812304014418,1159,-3561.4292,8.637,1159,-3561.4292,26.459,True,True
A002_Xbbadbe_X3846_spw25,hd92945_B7,7,976562.5,465,1768,3375.6,59,18.2,12m,8,14,0.024251941176192133,1341,-89.8735,11.018,1341,-89.8735,26.459,True,True
A002_Xbbadbe_X3846_spw25,hd92945_B7,7,976562.5,465,1768,3375.6,59,18.2,12m,8,15,0.027905008859334137,1591,3670.9785,8.432,1591,3670.9785,26.459,True,True
A002_Xbbadbe_X3846_spw25,hd92945_B7,7,976562.5,465,1768,3375.6,59,18.2,12m,10,0,0.03146335756384482,764,1211.9599,9.763,764,1211.9599,26.459,True,True
A002_Xbbadbe_X3846_spw25,hd92945_B7,7,976562.5,465,1768,3375.6,59,18.2,12m,10,1,0.03386973098796769,71,3960.2748,10.748,71,3960.2748,26.459,True,True
A002_Xbbadbe_X3846_spw25,hd92945_B7,7,976562.5,465,1768,3375.6,59,18.2,12m,10,2,0.03295069650173996,250,922.6636,11.297,250,922.6636,26.459,True,True
A002_Xbbadbe_X3846_spw25,hd92945_B7,7,976562.5,465,1768,3375.6,59,18.2,12m,10,3,0.032669561549424506,818,-1681.0032,8.455,818,-1681.0032,26.42,True,True
A002_Xbbadbe_X3846_spw25,hd92945_B7,7,976562.5,465,1768,3375.6,59,18.2,12m,10,4,0.03070291334986184,1310,-3850.7255,10.215,1310,-3850.7255,26.459,True,True
A002_Xbbadbe_X3846_spw25,hd92945_B7,7,976562.5,465,1768,3375.6,59,18.2,12m,10,5,0.03473472758217431,258,-234.5217,11.419,258,-234.5217,26.459,True,True
A002_Xbbadbe_X3846_spw25,hd92945_B7,7,976562.5,465,1768,3375.6,59,18.2,12m,10,6,0.03218308466383819,1148,-4140.0218,9.037,1148,-4140.0218,26.459,True,True
A002_Xbbadbe_X3846_spw25,hd92945_B7,7,976562.5,465,1768,3375.6,59,18.2,12m,10,7,0.03229133426832291,1321,54.7746,9.785,1321,-89.8735,26.459,True,True
A002_Xbbadbe_X3846_spw25,hd92945_B7,7,976562.5,465,1768,3375.6,59,18.2,12m,10,8,0.03236364547722255,616,1645.9043,8.866,616,1645.9043,26.459,True,True
A002_Xbbadbe_X3846_spw25,hd92945_B7,7,976562.5,465,1768,3375.6,59,18.2,12m,10,9,0.030523449953357942,554,-668.4661,10.505,554,-668.4661,26.459,True,True
A002_Xbbadbe_X3846_spw25,hd92945_B7,7,976562.5,465,1768,3375.6,59,18.2,12m,10,10,0.031687515495144376,710,-3706.0773,8.585,710,-3706.0773,26.459,True,True
A002_Xbbadbe_X3846_spw25,hd92945_B7,7,976562.5,465,1768,3375.6,59,18.2,12m,10,11,0.03277350033950609,515,2513.7933,9.358,515,2513.7933,26.459,True,True
A002_Xbbadbe_X3846_spw25,hd92945_B7,7,976562.5,465,1768,3375.6,59,18.2,12m,10,12,0.032728121118723134,400,2513.7933,9.592,400,2513.7933,26.459,True,True
A002_Xbbadbe_X3846_spw25,hd92945_B7,7,976562.5,465,1768,3375.6,59,18.2,12m,10,13,0.03191435178453802,1221,3237.034,8.272,1221,3237.034,26.459,True,True
A002_Xbbadbe_X3846_spw25,hd92945_B7,7,976562.5,465,1768,3375.6,59,18.2,12m,10,14,0.0332929029357254,1503,4104.9229,10.426,1503,4104.9229,26.459,True,True
A002_Xbbadbe_X3846_spw25,hd92945_B7,7,976562.5,465,1768,3375.6,59,18.2,12m,10,15,0.03169603364795164,933,2079.8488,11.218,933,2079.8488,26.459,True,True
A002_Xbbadbe_X3846_spw25,hd92945_B7,7,976562.5,465,1768,3375.6,59,18.2,12m,12,0,0.036930093569567495,499,-523.818,10.053,499,-523.818,26.459,True,True
A002_Xbbadbe_X3846_spw25,hd92945_B7,7,976562.5,465,1768,3375.6,59,18.2,12m,12,1,0.0376849188031338,1205,-523.818,11.33,1205,-523.818,26.459,True,True
A002_Xbbadbe_X3846_spw25,hd92945_B7,7,976562.5,465,1768,3375.6,59,18.2,12m,12,2,0.0368721170621849,304,-2404.244,11.655,304,-2404.244,26.459,True,True
A002_Xbbadbe_X3846_spw25,hd92945_B7,7,976562.5,465,1768,3375.6,59,18.2,12m,12,3,0.04369751715306316,1627,-2693.5403,11.845,1627,-2693.5403,26.459,True,True
A002_Xbbadbe_X3846_spw25,hd92945_B7,7,976562.5,465,1768,3375.6,59,18.2,12m,12,4,0.039224151434286765,1072,-2404.244,10.929,1072,-2404.244,26.459,True,True
A002_Xbbadbe_X3846_spw25,hd92945_B7,7,976562.5,465,1768,3375.6,59,18.2,12m,12,5,0.0397592264459455,592,-2693.5403,12.598,592,-2693.5403,26.459,True,True
A002_Xbbadbe_X3846_spw25,hd92945_B7,7,976562.5,465,1768,3375.6,59,18.2,12m,12,6,0.03961140522825041,1470,-523.818,11.951,1470,-523.818,26.459,True,True
A002_Xbbadbe_X3846_spw25,hd92945_B7,7,976562.5,465,1768,3375.6,59,18.2,12m,12,7,0.03615470343726857,814,-2982.8366,9.202,814,-2982.8366,26.415,True,True
A002_Xbbadbe_X3846_spw25,hd92945_B7,7,976562.5,465,1768,3375.6,59,18.2,12m,12,8,0.037828284147000006,812,-1970.2995,10.836,812,-1970.2995,25.638,True,True
A002_Xbbadbe_X3846_spw25,hd92945_B7,7,976562.5,465,1768,3375.6,59,18.2,12m,12,9,0.038769317954016044,1278,-4140.0218,13.611,1278,-4140.0218,26.459,True,True
A002_Xbbadbe_X3846_spw25,hd92945_B7,7,976562.5,465,1768,3375.6,59,18.2,12m,12,10,0.03865445212180907,318,2224.4969,13.278,318,2224.4969,26.459,True,True
A002_Xbbadbe_X3846_spw25,hd92945_B7,7,976562.5,465,1768,3375.6,59,18.2,12m,12,11,0.04255210504191666,119,-1247.0587,12.118,119,-1247.0587,26.459,True,True
A002_Xbbadbe_X3846_spw25,hd92945_B7,7,976562.5,465,1768,3375.6,59,18.2,12m,12,12,0.037712003710181304,706,633.3673,12.148,706,633.3673,26.459,True,True
A002_Xbbadbe_X3846_spw25,hd92945_B7,7,976562.5,465,1768,3375.6,59,18.2,12m,12,13,0.035983750065502904,1420,1211.9599,10.867,1420,1211.9599,26.459,True,True
A002_Xbbadbe_X3846_spw25,hd92945_B7,7,976562.5,465,1768,3375.6,59,18.2,12m,12,14,0.03890677806411553,998,3960.2748,10.96,998,3960.2748,26.459,True,True
A002_Xbbadbe_X3846_spw25,hd92945_B7,7,976562.5,465,1768,3375.6,59,18.2,12m,12,15,0.039483382229848235,1122,-2693.5403,11.788,1122,-2693.5403,26.459,True,True
A002_Xbbadbe_X3846_spw25,hd92945_B7,7,976562.5,465,1768,3375.6,59,18.2,12m,15,0,0.05101165069360289,652,-2114.9477,14.343,652,-2114.9477,26.459,True,True
A002_Xbbadbe_X3846_spw25,hd92945_B7,7,976562.5,465,1768,3375.6,59,18.2,12m,15,1,0.046089289505097844,1610,-1536.355,13.55,1610,-1536.355,26.459,True,True
A002_Xbbadbe_X3846_spw25,hd92945_B7,7,976562.5,465,1768,3375.6,59,18.2,12m,15,2,0.04392757721699008,620,3526.3303,12.317,620,3526.3303,26.459,True,True
A002_Xbbadbe_X3846_spw25,hd92945_B7,7,976562.5,465,1768,3375.6,59,18.2,12m,15,3,0.04919438298487068,1534,2224.4969,14.429,1534,2224.4969,26.459,True,True
A002_Xbbadbe_X3846_spw25,hd92945_B7,7,976562.5,465,1768,3375.6,59,18.2,12m,15,4,0.04549191628710391,382,-2693.5403,13.415,382,-2693.5403,26.459,True,True
A002_Xbbadbe_X3846_spw25,hd92945_B7,7,976562.5,465,1768,3375.6,59,18.2,12m,15,5,0.049443597861982096,1486,2803.0896,13.593,1486,2803.0896,26.459,True,True
A002_Xbbadbe_X3846_spw25,hd92945_B7,7,976562.5,465,1768,3375.6,59,18.2,12m,15,6,0.04835058204525023,158,-2404.244,14.247,158,-2404.244,26.459,True,True
A002_Xbbadbe_X3846_spw25,hd92945_B7,7,976562.5,465,1768,3375.6,59,18.2,12m,15,7,0.04946276100974089,1507,1501.2562,13.826,1507,1501.2562,26.459,True,True
A002_Xbbadbe_X3846_spw25,hd92945_B7,7,976562.5,465,1768,3375.6,59,18.2,12m,15,8,0.0548848631675739,1572,3670.9785,15.68,1572,3670.9785,26.459,True,True
A002_Xbbadbe_X3846_spw25,hd92945_B7,7,976562.5,465,1768,3375.6,59,18.2,12m,15,9,0.04896310374311856,380,-1681.0032,14.295,380,-1681.0032,26.459,True,True
A002_Xbbadbe_X3846_spw25,hd92945_B7,7,976562.5,465,1768,3375.6,59,18.2,12m,15,10,0.04172439181711346,1222,-89.8735,9.213,1221,-379.1698,26.459,False,True
A002_Xbbadbe_X3846_spw25,hd92945_B7,7,976562.5,465,1768,3375.6,59,18.2,12m,15,11,0.049610674676919465,306,-3995.3737,14.393,306,-3995.3737,26.459,True,True
A002_Xbbadbe_X3846_spw25,hd92945_B7,7,976562.5,465,1768,3375.6,59,18.2,12m,15,12,0.046268101897460154,545,1501.2562,15.684,545,1501.2562,26.459,True,True
A002_Xbbadbe_X3846_spw25,hd92945_B7,7,976562.5,465,1768,3375.6,59,18.2,12m,15,13,0.04466047475303449,953,-2693.5403,15.526,953,-2693.5403,26.459,True,True
A002_Xbbadbe_X3846_spw25,hd92945_B7,7,976562.5,465,1768,3375.6,59,18.2,12m,15,14,0.048196236469778504,210,3526.3303,15.19,210,3526.3303,26.459,True,True
A002_Xbbadbe_X3846_spw25,hd92945_B7,7,976562.5,465,1768,3375.6,59,18.2,12m,15,15,0.05221492522914691,847,-4140.0218,15.185,847,-4140.0218,26.429,True,True
A002_Xf05a48_X269c_spw0,HD_48370_B8_EB_X269c,8,488281.25,156,1886,2118.0,104,12.8,12m,3,0,0.964448874033239,205,-1641.0625,4.45,205,-1525.7957,16.012,True,False
A002_Xf05a48_X269c_spw0,HD_48370_B8_EB_X269c,8,488281.25,156,1886,2118.0,104,12.8,12m,3,1,0.9585348039706559,306,-5790.6675,4.705,306,-5790.6675,16.012,True,False
A002_Xf05a48_X269c_spw0,HD_48370_B8_EB_X269c,8,488281.25,156,1886,2118.0,104,12.8,12m,3,2,0.7723513587231178,1799,5736.013,4.831,1800,5159.679,16.012,False,False
A002_Xf05a48_X269c_spw0,HD_48370_B8_EB_X269c,8,488281.25,156,1886,2118.0,104,12.8,12m,3,3,0.8041145161483865,979,-3485.3314,3.33,979,-3370.0646,16.012,True,False
A002_Xf05a48_X269c_spw0,HD_48370_B8_EB_X269c,8,488281.25,156,1886,2118.0,104,12.8,12m,3,4,0.9275846621899622,490,318.4732,2.22,490,1586.408,16.012,False,False
A002_Xf05a48_X269c_spw0,HD_48370_B8_EB_X269c,8,488281.25,156,1886,2118.0,104,12.8,12m,3,5,0.9006349710664924,605,1471.1412,6.761,604,3891.7441,16.012,False,True
A002_Xf05a48_X269c_spw0,HD_48370_B8_EB_X269c,8,488281.25,156,1886,2118.0,104,12.8,12m,3,6,0.8746572649249007,106,2508.5424,4.305,105,549.0068,16.012,False,False
A002_Xf05a48_X269c_spw0,HD_48370_B8_EB_X269c,8,488281.25,156,1886,2118.0,104,12.8,12m,3,7,0.8079274797311286,110,-257.8609,4.943,111,-1295.2621,16.012,False,False
A002_Xf05a48_X269c_spw0,HD_48370_B8_EB_X269c,8,488281.25,156,1886,2118.0,104,12.8,12m,3,8,1.0123630450211676,867,-1871.5961,4.762,867,-2793.7306,16.012,False,False
A002_Xf05a48_X269c_spw0,HD_48370_B8_EB_X269c,8,488281.25,156,1886,2118.0,104,12.8,12m,3,9,0.8581535037792092,1163,-1525.7957,3.58,1163,-1756.3293,16.012,False,False
A002_Xf05a48_X269c_spw0,HD_48370_B8_EB_X269c,8,488281.25,156,1886,2118.0,104,12.8,12m,3,10,0.8393727385450961,1676,2623.8092,3.832,1677,2278.0088,16.012,False,False
A002_Xf05a48_X269c_spw0,HD_48370_B8_EB_X269c,8,488281.25,156,1886,2118.0,104,12.8,12m,3,11,0.9684509410895014,1400,1932.2084,10.448,1401,-1064.7285,16.012,False,True
A002_Xf05a48_X269c_spw0,HD_48370_B8_EB_X269c,8,488281.25,156,1886,2118.0,104,12.8,12m,3,12,0.8583899930051612,1024,-1295.2621,2.993,1024,-1295.2621,16.012,True,False
A002_Xf05a48_X269c_spw0,HD_48370_B8_EB_X269c,8,488281.25,156,1886,2118.0,104,12.8,12m,3,13,0.874718911133832,1376,-834.1949,9.596,1377,5044.4121,16.012,False,True
A002_Xf05a48_X269c_spw0,HD_48370_B8_EB_X269c,8,488281.25,156,1886,2118.0,104,12.8,12m,3,14,0.9530927186985536,403,4813.8785,2.191,404,-488.3945,16.012,False,False
A002_Xf05a48_X269c_spw0,HD_48370_B8_EB_X269c,8,488281.25,156,1886,2118.0,104,12.8,12m,3,15,0.8070043070954698,977,-373.1277,3.419,977,-373.1277,16.012,True,False
A002_Xf05a48_X269c_spw0,HD_48370_B8_EB_X269c,8,488281.25,156,1886,2118.0,104,12.8,12m,4,0,1.1857912964328596,842,-3139.531,4.534,842,-3139.531,16.012,True,False
A002_Xf05a48_X269c_spw0,HD_48370_B8_EB_X269c,8,488281.25,156,1886,2118.0,104,12.8,12m,4,1,1.1350028206583147,595,2393.2756,6.35,595,318.4732,16.012,False,True
A002_Xf05a48_X269c_spw0,HD_48370_B8_EB_X269c,8,488281.25,156,1886,2118.0,104,12.8,12m,4,2,1.1280589228974667,345,-4292.199,3.823,345,-4292.199,16.012,True,False
A002_Xf05a48_X269c_spw0,HD_48370_B8_EB_X269c,8,488281.25,156,1886,2118.0,104,12.8,12m,4,3,1.124073635432502,1533,4468.0781,4.348,1533,4468.0781,16.012,True,False
A002_Xf05a48_X269c_spw0,HD_48370_B8_EB_X269c,8,488281.25,156,1886,2118.0,104,12.8,12m,4,4,1.1741941528880757,807,-4061.6654,4.301,807,-3831.1318,16.012,False,False
A002_Xf05a48_X269c_spw0,HD_48370_B8_EB_X269c,8,488281.25,156,1886,2118.0,104,12.8,12m,4,5,1.1711152139093843,1663,-5560.1339,3.309,1663,-5560.1339,16.012,True,False
A002_Xf05a48_X269c_spw0,HD_48370_B8_EB_X269c,8,488281.25,156,1886,2118.0,104,12.8,12m,4,6,1.1876020770051077,896,-488.3945,3.208,896,-488.3945,16.012,True,False
A002_Xf05a48_X269c_spw0,HD_48370_B8_EB_X269c,8,488281.25,156,1886,2118.0,104,12.8,12m,4,7,0.9914638712406102,1126,-4868.5331,4.926,1126,-4868.5331,16.012,True,False
A002_Xf05a48_X269c_spw0,HD_48370_B8_EB_X269c,8,488281.25,156,1886,2118.0,104,12.8,12m,4,8,1.2056699372314073,837,203.2064,4.722,837,203.2064,16.012,True,False
A002_Xf05a48_X269c_spw0,HD_48370_B8_EB_X269c,8,488281.25,156,1886,2118.0,104,12.8,12m,4,9,1.2581402569027926,521,-4637.9994,6.389,521,-4637.9994,16.012,True,True
A002_Xf05a48_X269c_spw0,HD_48370_B8_EB_X269c,8,488281.25,156,1886,2118.0,104,12.8,12m,4,10,1.238835730487767,205,4929.1453,3.537,205,-4061.6654,16.012,False,False
A002_Xf05a48_X269c_spw0,HD_48370_B8_EB_X269c,8,488281.25,156,1886,2118.0,104,12.8,12m,4,11,1.2390572834085605,1340,1010.074,3.999,1340,1010.074,16.012,True,False
A002_Xf05a48_X269c_spw0,HD_48370_B8_EB_X269c,8,488281.25,156,1886,2118.0,104,12.8,12m,4,12,1.279897442009375,1210,-1179.9953,4.225,1210,-1179.9953,16.004,True,False
A002_Xf05a48_X269c_spw0,HD_48370_B8_EB_X269c,8,488281.25,156,1886,2118.0,104,12.8,12m,4,13,1.2102645943261032,197,2854.3429,4.442,197,2854.3429,16.012,True,False
A002_Xf05a48_X269c_spw0,HD_48370_B8_EB_X269c,8,488281.25,156,1886,2118.0,104,12.8,12m,4,14,1.267373350466537,1160,-1064.7285,5.07,1160,-1064.7285,16.012,True,True
A002_Xf05a48_X269c_spw0,HD_48370_B8_EB_X269c,8,488281.25,156,1886,2118.0,104,12.8,12m,4,15,1.3357931546720214,382,1125.3408,3.974,382,1125.3408,16.012,True,False
A002_Xf05a48_X269c_spw0,HD_48370_B8_EB_X269c,8,488281.25,156,1886,2118.0,104,12.8,12m,5,0,1.554600617295173,1032,-4176.9322,6.088,1032,-4176.9322,16.012,True,True
A002_Xf05a48_X269c_spw0,HD_48370_B8_EB_X269c,8,488281.25,156,1886,2118.0,104,12.8,12m,5,1,1.5856085738142502,557,203.2064,8.275,558,5620.7462,16.012,False,True
A002_Xf05a48_X269c_spw0,HD_48370_B8_EB_X269c,8,488281.25,156,1886,2118.0,104,12.8,12m,5,2,1.4806340993948484,958,4813.8785,6.619,958,4698.6117,16.012,True,True
A002_Xf05a48_X269c_spw0,HD_48370_B8_EB_X269c,8,488281.25,156,1886,2118.0,104,12.8,12m,5,3,1.4169266991216347,1000,-3831.1318,4.99,1000,-3831.1318,16.012,True,False
A002_Xf05a48_X269c_spw0,HD_48370_B8_EB_X269c,8,488281.25,156,1886,2118.0,104,12.8,12m,5,4,1.6238459557437304,688,-3946.3986,5.388,688,-3946.3986,16.012,True,True
A002_Xf05a48_X269c_spw0,HD_48370_B8_EB_X269c,8,488281.25,156,1886,2118.0,104,12.8,12m,5,5,1.41723931321936,1528,-1641.0625,5.389,1528,-1641.0625,16.012,True,True
A002_Xf05a48_X269c_spw0,HD_48370_B8_EB_X269c,8,488281.25,156,1886,2118.0,104,12.8,12m,5,6,1.5144334763621994,1229,-1641.0625,15.762,1230,3430.6769,15.92,False,True
A002_Xf05a48_X269c_spw0,HD_48370_B8_EB_X269c,8,488281.25,156,1886,2118.0,104,12.8,12m,5,7,1.4257643958398258,1656,-1756.3293,5.433,1656,-1756.3293,16.012,True,True
A002_Xf05a48_X269c_spw0,HD_48370_B8_EB_X269c,8,488281.25,156,1886,2118.0,104,12.8,12m,5,8,1.3397580751001725,113,-2447.9302,4.313,113,-1986.8629,16.012,False,False
A002_Xf05a48_X269c_spw0,HD_48370_B8_EB_X269c,8,488281.25,156,1886,2118.0,104,12.8,12m,5,9,1.5153198263748624,1818,4583.3449,4.75,1818,4583.3449,16.012,True,False
A002_Xf05a48_X269c_spw0,HD_48370_B8_EB_X269c,8,488281.25,156,1886,2118.0,104,12.8,12m,5,10,1.4879304113202834,808,-1295.2621,5.763,808,-1295.2621,16.012,True,True
A002_Xf05a48_X269c_spw0,HD_48370_B8_EB_X269c,8,488281.25,156,1886,2118.0,104,12.8,12m,5,11,1.3705509596992336,436,5736.013,6.318,436,5736.013,16.012,True,True
A002_Xf05a48_X269c_spw0,HD_48370_B8_EB_X269c,8,488281.25,156,1886,2118.0,104,12.8,12m,5,12,1.7117506090167889,488,-3024.2642,4.098,488,-3024.2642,16.012,True,False
A002_Xf05a48_X269c_spw0,HD_48370_B8_EB_X269c,8,488281.25,156,1886,2118.0,104,12.8,12m,5,13,1.6039684098225555,1263,-1064.7285,15.303,1263,-5905.9343,15.929,False,True
A002_Xf05a48_X269c_spw0,HD_48370_B8_EB_X269c,8,488281.25,156,1886,2118.0,104,12.8,12m,5,14,1.4961923671810327,405,2047.4752,5.326,405,2047.4752,16.012,True,True
A002_Xf05a48_X269c_spw0,HD_48370_B8_EB_X269c,8,488281.25,156,1886,2118.0,104,12.8,12m,5,15,1.3012613495351253,922,2739.0761,4.646,922,2623.8092,16.012,True,False
A002_Xf05a48_X269c_spw0,HD_48370_B8_EB_X269c,8,488281.25,156,1886,2118.0,104,12.8,12m,6,0,1.9113757351151885,1247,-2102.1297,15.704,1247,-1525.7957,16.231,False,True
A002_Xf05a48_X269c_spw0,HD_48370_B8_EB_X269c,8,488281.25,156,1886,2118.0,104,12.8,12m,6,1,1.7806073760600118,1422,-4983.7999,9.881,1421,-5905.9343,16.012,False,True
A002_Xf05a48_X269c_spw0,HD_48370_B8_EB_X269c,8,488281.25,156,1886,2118.0,104,12.8,12m,6,2,1.716576331781481,977,5159.679,5.302,977,5159.679,16.012,True,True
A002_Xf05a48_X269c_spw0,HD_48370_B8_EB_X269c,8,488281.25,156,1886,2118.0,104,12.8,12m,6,3,1.6860098949623652,588,3315.4101,7.124,587,5966.5466,16.012,False,True
A002_Xf05a48_X269c_spw0,HD_48370_B8_EB_X269c,8,488281.25,156,1886,2118.0,104,12.8,12m,6,4,1.9113225887689944,922,-603.6613,6.081,922,-603.6613,16.012,True,True
A002_Xf05a48_X269c_spw0,HD_48370_B8_EB_X269c,8,488281.25,156,1886,2118.0,104,12.8,12m,6,5,1.60161546814977,1722,1701.6748,6.793,1722,1701.6748,16.012,True,True
A002_Xf05a48_X269c_spw0,HD_48370_B8_EB_X269c,8,488281.25,156,1886,2118.0,104,12.8,12m,6,6,1.9671557234119545,1629,-4983.7999,5.257,1629,-4983.7999,16.012,True,True
A002_Xf05a48_X269c_spw0,HD_48370_B8_EB_X269c,8,488281.25,156,1886,2118.0,104,12.8,12m,6,7,1.4478569997447377,540,-4522.7326,7.15,539,-3485.3314,16.012,False,True
A002_Xf05a48_X269c_spw0,HD_48370_B8_EB_X269c,8,488281.25,156,1886,2118.0,104,12.8,12m,6,8,1.7362314429846206,1539,-3946.3986,6.178,1539,-3946.3986,16.012,True,True
A002_Xf05a48_X269c_spw0,HD_48370_B8_EB_X269c,8,488281.25,156,1886,2118.0,104,12.8,12m,6,9,1.904557080707851,230,5159.679,5.792,230,5159.679,16.012,True,True
A002_Xf05a48_X269c_spw0,HD_48370_B8_EB_X269c,8,488281.25,156,1886,2118.0,104,12.8,12m,6,10,1.5816180813594198,1797,-1410.5289,5.866,1797,-1410.5289,16.012,True,True
A002_Xf05a48_X269c_spw0,HD_48370_B8_EB_X269c,8,488281.25,156,1886,2118.0,104,12.8,12m,6,11,1.6405736413202867,1623,4468.0781,5.901,1623,4468.0781,16.012,True,True
A002_Xf05a48_X269c_spw0,HD_48370_B8_EB_X269c,8,488281.25,156,1886,2118.0,104,12.8,12m,6,12,1.806388690310213,905,5851.2798,6.268,905,5851.2798,16.012,True,True
A002_Xf05a48_X269c_spw0,HD_48370_B8_EB_X269c,8,488281.25,156,1886,2118.0,104,12.8,12m,6,13,1.9207690343143022,862,-4983.7999,5.983,862,-4983.7999,16.012,True,True
A002_Xf05a48_X269c_spw0,HD_48370_B8_EB_X269c,8,488281.25,156,1886,2118.0,104,12.8,12m,6,14,1.8045387750072992,694,-3254.7978,6.668,694,-3254.7978,16.012,True,True
A002_Xf05a48_X269c_spw0,HD_48370_B8_EB_X269c,8,488281.25,156,1886,2118.0,104,12.8,12m,6,15,1.6686392226858202,1502,-2332.6633,7.059,1502,-2332.6633,16.012,True,True
A002_Xf05a48_X269c_spw0,HD_48370_B8_EB_X269c,8,488281.25,156,1886,2118.0,104,12.8,12m,7,0,2.1154064841032487,1227,5044.4121,16.66,1228,4007.0109,16.66,False,True
A002_Xf05a48_X269c_spw0,HD_48370_B8_EB_X269c,8,488281.25,156,1886,2118.0,104,12.8,12m,7,1,2.1593175096876025,1211,-4983.7999,6.577,1211,-4983.7999,16.0,True,True
A002_Xf05a48_X269c_spw0,HD_48370_B8_EB_X269c,8,488281.25,156,1886,2118.0,104,12.8,12m,7,2,1.9932207397077373,1078,5620.7462,7.229,1078,5620.7462,16.012,True,True
A002_Xf05a48_X269c_spw0,HD_48370_B8_EB_X269c,8,488281.25,156,1886,2118.0,104,12.8,12m,7,3,2.32336617470813,264,5274.9458,6.503,264,5274.9458,16.012,True,True
A002_Xf05a48_X269c_spw0,HD_48370_B8_EB_X269c,8,488281.25,156,1886,2118.0,104,12.8,12m,7,4,1.907268960915895,810,-5099.0667,7.972,810,-5099.0667,16.012,True,True
A002_Xf05a48_X269c_spw0,HD_48370_B8_EB_X269c,8,488281.25,156,1886,2118.0,104,12.8,12m,7,5,2.0742673860677097,1491,4007.0109,7.065,1491,4007.0109,16.012,True,True
A002_Xf05a48_X269c_spw0,HD_48370_B8_EB_X269c,8,488281.25,156,1886,2118.0,104,12.8,12m,7,6,1.96181478334401,458,-3370.0646,8.987,458,-3370.0646,16.012,True,True
A002_Xf05a48_X269c_spw0,HD_48370_B8_EB_X269c,8,488281.25,156,1886,2118.0,104,12.8,12m,7,7,2.2745686915924646,169,5966.5466,6.939,169,5966.5466,16.012,True,True
A002_Xf05a48_X269c_spw0,HD_48370_B8_EB_X269c,8,488281.25,156,1886,2118.0,104,12.8,12m,7,8,2.0599090729034355,1656,1816.9416,5.579,1656,1816.9416,16.012,True,True
A002_Xf05a48_X269c_spw0,HD_48370_B8_EB_X269c,8,488281.25,156,1886,2118.0,104,12.8,12m,7,9,2.1836606398026164,1611,-2332.6633,8.183,1611,-2332.6633,16.012,True,True
A002_Xf05a48_X269c_spw0,HD_48370_B8_EB_X269c,8,488281.25,156,1886,2118.0,104,12.8,12m,7,10,2.2144868955220747,553,-2102.1297,8.22,553,-2102.1297,16.012,True,True
A002_Xf05a48_X269c_spw0,HD_48370_B8_EB_X269c,8,488281.25,156,1886,2118.0,104,12.8,12m,7,11,1.9112650644507279,1605,3776.4773,6.078,1605,3776.4773,16.012,True,True
A002_Xf05a48_X269c_spw0,HD_48370_B8_EB_X269c,8,488281.25,156,1886,2118.0,104,12.8,12m,7,12,1.9226973300107975,991,2623.8092,8.167,991,2623.8092,16.012,True,True
A002_Xf05a48_X269c_spw0,HD_48370_B8_EB_X269c,8,488281.25,156,1886,2118.0,104,12.8,12m,7,13,1.9205353399801106,1425,3776.4773,7.776,1425,3776.4773,16.012,True,True
A002_Xf05a48_X269c_spw0,HD_48370_B8_EB_X269c,8,488281.25,156,1886,2118.0,104,12.8,12m,7,14,1.7999768349207719,854,4813.8785,5.254,854,4813.8785,16.012,True,True
A002_Xf05a48_X269c_spw0,HD_48370_B8_EB_X269c,8,488281.25,156,1886,2118.0,104,12.8,12m,7,15,2.153910755331319,926,3776.4773,6.431,926,3776.4773,16.012,True,True
A002_Xf05a48_X269c_spw0,HD_48370_B8_EB_X269c,8,488281.25,156,1886,2118.0,104,12.8,12m,8,0,2.2352743142624396,1561,3084.8765,8.058,1561,3084.8765,16.012,True,True
A002_Xf05a48_X269c_spw0,HD_48370_B8_EB_X269c,8,488281.25,156,1886,2118.0,104,12.8,12m,8,1,2.5534783874651303,1061,-1179.9953,8.155,1061,-1179.9953,16.012,True,True
A002_Xf05a48_X269c_spw0,HD_48370_B8_EB_X269c,8,488281.25,156,1886,2118.0,104,12.8,12m,8,2,2.314556532325287,1312,2854.3429,8.036,1312,2854.3429,16.012,True,True
A002_Xf05a48_X269c_spw0,HD_48370_B8_EB_X269c,8,488281.25,156,1886,2118.0,104,12.8,12m,8,3,2.6608702757280605,1434,5851.2798,8.468,1434,5851.2798,16.012,True,True
A002_Xf05a48_X269c_spw0,HD_48370_B8_EB_X269c,8,488281.25,156,1886,2118.0,104,12.8,12m,8,4,2.3429472298843264,1714,318.4732,6.839,1714,318.4732,16.012,True,True
A002_Xf05a48_X269c_spw0,HD_48370_B8_EB_X269c,8,488281.25,156,1886,2118.0,104,12.8,12m,8,5,2.3428980979871437,294,5274.9458,7.993,294,5274.9458,16.012,True,True
A002_Xf05a48_X269c_spw0,HD_48370_B8_EB_X269c,8,488281.25,156,1886,2118.0,104,12.8,12m,8,6,2.2274368588082636,233,-2217.3965,6.493,233,-2217.3965,16.012,True,True
A002_Xf05a48_X269c_spw0,HD_48370_B8_EB_X269c,8,488281.25,156,1886,2118.0,104,12.8,12m,8,7,2.363283442381241,445,3776.4773,5.842,445,3776.4773,16.012,True,True
A002_Xf05a48_X269c_spw0,HD_48370_B8_EB_X269c,8,488281.25,156,1886,2118.0,104,12.8,12m,8,8,2.390779445894011,498,-2793.7306,6.443,498,-2793.7306,16.012,True,True
A002_Xf05a48_X269c_spw0,HD_48370_B8_EB_X269c,8,488281.25,156,1886,2118.0,104,12.8,12m,8,9,2.3849720241731536,832,-1295.2621,9.543,832,-1295.2621,16.012,True,True
A002_Xf05a48_X269c_spw0,HD_48370_B8_EB_X269c,8,488281.25,156,1886,2118.0,104,12.8,12m,8,10,2.200370418052735,116,-1641.0625,5.246,116,-1641.0625,16.012,True,True
A002_Xf05a48_X269c_spw0,HD_48370_B8_EB_X269c,8,488281.25,156,1886,2118.0,104,12.8,12m,8,11,2.4897471806896476,1505,-3254.7978,8.391,1505,-3254.7978,16.012,True,True
A002_Xf05a48_X269c_spw0,HD_48370_B8_EB_X269c,8,488281.25,156,1886,2118.0,104,12.8,12m,8,12,2.1464187459641937,1708,4237.5445,8.138,1708,4237.5445,16.012,True,True
A002_Xf05a48_X269c_spw0,HD_48370_B8_EB_X269c,8,488281.25,156,1886,2118.0,104,12.8,12m,8,13,2.4287903360555094,362,3430.6769,6.797,362,3430.6769,16.012,True,True
A002_Xf05a48_X269c_spw0,HD_48370_B8_EB_X269c,8,488281.25,156,1886,2118.0,104,12.8,12m,8,14,2.373740963933844,167,-4637.9994,8.065,167,-4637.9994,16.012,True,True
A002_Xf05a48_X269c_spw0,HD_48370_B8_EB_X269c,8,488281.25,156,1886,2118.0,104,12.8,12m,8,15,2.472713227662126,1450,664.2736,7.91,1450,664.2736,16.012,True,True
A002_Xf05a48_X269c_spw0,HD_48370_B8_EB_X269c,8,488281.25,156,1886,2118.0,104,12.8,12m,10,0,2.946537975546043,1665,-1295.2621,9.335,1665,-1295.2621,16.012,True,True
A002_Xf05a48_X269c_spw0,HD_48370_B8_EB_X269c,8,488281.25,156,1886,2118.0,104,12.8,12m,10,1,3.2259002986130385,966,-1410.5289,10.112,966,-1410.5289,16.012,True,True
A002_Xf05a48_X269c_spw0,HD_48370_B8_EB_X269c,8,488281.25,156,1886,2118.0,104,12.8,12m,10,2,3.1244402733408263,182,4468.0781,11.585,182,4468.0781,16.012,True,True
A002_Xf05a48_X269c_spw0,HD_48370_B8_EB_X269c,8,488281.25,156,1886,2118.0,104,12.8,12m,10,3,3.1494847814138063,226,-718.9281,10.328,226,-718.9281,16.012,True,True
A002_Xf05a48_X269c_spw0,HD_48370_B8_EB_X269c,8,488281.25,156,1886,2118.0,104,12.8,12m,10,4,2.960612965275667,1229,5851.2798,16.477,1230,3430.6769,16.477,False,True
A002_Xf05a48_X269c_spw0,HD_48370_B8_EB_X269c,8,488281.25,156,1886,2118.0,104,12.8,12m,10,5,2.7010845757540998,221,-1986.8629,11.33,221,-1986.8629,16.012,True,True
A002_Xf05a48_X269c_spw0,HD_48370_B8_EB_X269c,8,488281.25,156,1886,2118.0,104,12.8,12m,10,6,3.139570286091335,354,-5329.6003,9.554,354,-5329.6003,16.012,True,True
A002_Xf05a48_X269c_spw0,HD_48370_B8_EB_X269c,8,488281.25,156,1886,2118.0,104,12.8,12m,10,7,2.616418172858963,222,-5560.1339,8.8,222,-5560.1339,16.012,True,True
A002_Xf05a48_X269c_spw0,HD_48370_B8_EB_X269c,8,488281.25,156,1886,2118.0,104,12.8,12m,10,8,3.5763629905366408,526,-2102.1297,10.689,526,-2102.1297,16.012,True,True
A002_Xf05a48_X269c_spw0,HD_48370_B8_EB_X269c,8,488281.25,156,1886,2118.0,104,12.8,12m,10,9,2.7745885588249295,652,-4061.6654,9.845,652,-4061.6654,16.012,True,True
A002_Xf05a48_X269c_spw0,HD_48370_B8_EB_X269c,8,488281.25,156,1886,2118.0,104,12.8,12m,10,10,2.9779164092117965,1759,-4753.2662,9.926,1759,-4753.2662,16.012,True,True
A002_Xf05a48_X269c_spw0,HD_48370_B8_EB_X269c,8,488281.25,156,1886,2118.0,104,12.8,12m,10,11,2.80428439287721,1313,-1179.9953,10.215,1313,-1179.9953,16.012,True,True
A002_Xf05a48_X269c_spw0,HD_48370_B8_EB_X269c,8,488281.25,156,1886,2118.0,104,12.8,12m,10,12,3.0268493748321,1046,-4061.6654,9.39,1046,-4061.6654,16.012,True,True
A002_Xf05a48_X269c_spw0,HD_48370_B8_EB_X269c,8,488281.25,156,1886,2118.0,104,12.8,12m,10,13,2.9974408652168774,455,-1064.7285,9.439,455,-1064.7285,16.012,True,True
A002_Xf05a48_X269c_spw0,HD_48370_B8_EB_X269c,8,488281.25,156,1886,2118.0,104,12.8,12m,10,14,3.277235564313826,292,-2563.197,10.249,292,-2563.197,16.012,True,True
A002_Xf05a48_X269c_spw0,HD_48370_B8_EB_X269c,8,488281.25,156,1886,2118.0,104,12.8,12m,10,15,3.0441817020996096,1725,4007.0109,11.362,1725,4007.0109,16.012,True,True
A002_Xf05a48_X269c_spw0,HD_48370_B8_EB_X269c,8,488281.25,156,1886,2118.0,104,12.8,12m,12,0,3.7581422271593903,1276,-2102.1297,11.773,1276,-2102.1297,15.917,True,True
A002_Xf05a48_X269c_spw0,HD_48370_B8_EB_X269c,8,488281.25,156,1886,2118.0,104,12.8,12m,12,1,3.6515062891993018,1003,-1525.7957,14.064,1003,-1525.7957,16.012,True,True
A002_Xf05a48_X269c_spw0,HD_48370_B8_EB_X269c,8,488281.25,156,1886,2118.0,104,12.8,12m,12,2,3.4976938739673784,1162,-3139.531,10.479,1162,-3139.531,16.012,True,True
A002_Xf05a48_X269c_spw0,HD_48370_B8_EB_X269c,8,488281.25,156,1886,2118.0,104,12.8,12m,12,3,4.415050424752952,871,-1986.8629,12.248,871,-1986.8629,16.012,True,True
A002_Xf05a48_X269c_spw0,HD_48370_B8_EB_X269c,8,488281.25,156,1886,2118.0,104,12.8,12m,12,4,4.110486995902569,918,894.8072,12.447,918,894.8072,16.012,True,True
A002_Xf05a48_X269c_spw0,HD_48370_B8_EB_X269c,8,488281.25,156,1886,2118.0,104,12.8,12m,12,5,3.392033741383367,1361,-4176.9322,13.539,1361,-4176.9322,16.012,True,True
A002_Xf05a48_X269c_spw0,HD_48370_B8_EB_X269c,8,488281.25,156,1886,2118.0,104,12.8,12m,12,6,3.5589760504253882,1348,5505.4794,12.045,1348,5505.4794,16.012,True,True
A002_Xf05a48_X269c_spw0,HD_48370_B8_EB_X269c,8,488281.25,156,1886,2118.0,104,12.8,12m,12,7,3.848173553766159,1736,-4407.4658,11.753,1736,-4407.4658,16.012,True,True
A002_Xf05a48_X269c_spw0,HD_48370_B8_EB_X269c,8,488281.25,156,1886,2118.0,104,12.8,12m,12,8,3.3539589511733805,1061,4237.5445,12.572,1061,4237.5445,16.012,True,True
A002_Xf05a48_X269c_spw0,HD_48370_B8_EB_X269c,8,488281.25,156,1886,2118.0,104,12.8,12m,12,9,3.4140940413970187,1572,-2102.1297,12.134,1572,-2102.1297,16.012,True,True
A002_Xf05a48_X269c_spw0,HD_48370_B8_EB_X269c,8,488281.25,156,1886,2118.0,104,12.8,12m,12,10,3.1433270780427267,244,-27.3273,17.171,244,-27.3273,17.171,True,True
A002_Xf05a48_X269c_spw0,HD_48370_B8_EB_X269c,8,488281.25,156,1886,2118.0,104,12.8,12m,12,11,3.5344164471524278,1563,-27.3273,11.367,1563,-27.3273,16.012,True,True
A002_Xf05a48_X269c_spw0,HD_48370_B8_EB_X269c,8,488281.25,156,1886,2118.0,104,12.8,12m,12,12,3.3685404373848282,1336,-2908.9974,10.545,1336,-2908.9974,16.012,True,True
A002_Xf05a48_X269c_spw0,HD_48370_B8_EB_X269c,8,488281.25,156,1886,2118.0,104,12.8,12m,12,13,3.141179688502757,1469,1586.408,12.382,1469,1586.408,16.012,True,True
A002_Xf05a48_X269c_spw0,HD_48370_B8_EB_X269c,8,488281.25,156,1886,2118.0,104,12.8,12m,12,14,3.241421770461008,1356,3430.6769,11.936,1356,3430.6769,16.012,True,True
A002_Xf05a48_X269c_spw0,HD_48370_B8_EB_X269c,8,488281.25,156,1886,2118.0,104,12.8,12m,12,15,3.3043768189018667,1356,-4637.9994,12.612,1356,-4637.9994,16.012,True,True
A002_Xf05a48_X269c_spw0,HD_48370_B8_EB_X269c,8,488281.25,156,1886,2118.0,104,12.8,12m,15,0,5.028526684716845,1563,-1525.7957,14.618,1563,-1525.7957,16.012,True,True
A002_Xf05a48_X269c_spw0,HD_48370_B8_EB_X269c,8,488281.25,156,1886,2118.0,104,12.8,12m,15,1,5.172112330349258,970,-949.4617,14.772,970,-949.4617,16.012,True,True
A002_Xf05a48_X269c_spw0,HD_48370_B8_EB_X269c,8,488281.25,156,1886,2118.0,104,12.8,12m,15,2,4.226244489948507,1816,1701.6748,13.302,1816,1701.6748,16.012,True,True
A002_Xf05a48_X269c_spw0,HD_48370_B8_EB_X269c,8,488281.25,156,1886,2118.0,104,12.8,12m,15,3,4.199104140673235,340,-1179.9953,14.43,340,-1179.9953,16.012,True,True
A002_Xf05a48_X269c_spw0,HD_48370_B8_EB_X269c,8,488281.25,156,1886,2118.0,104,12.8,12m,15,4,4.0405898743806565,194,-2217.3965,16.622,194,-2217.3965,16.622,True,True
A002_Xf05a48_X269c_spw0,HD_48370_B8_EB_X269c,8,488281.25,156,1886,2118.0,104,12.8,12m,15,5,3.735987715840555,1012,-2102.1297,13.196,1012,-2102.1297,16.012,True,True
A002_Xf05a48_X269c_spw0,HD_48370_B8_EB_X269c,8,488281.25,156,1886,2118.0,104,12.8,12m,15,6,4.130535648970618,912,-4983.7999,15.644,912,-4983.7999,16.012,True,True
A002_Xf05a48_X269c_spw0,HD_48370_B8_EB_X269c,8,488281.25,156,1886,2118.0,104,12.8,12m,15,7,4.693566529415106,243,1816.9416,16.191,243,1816.9416,16.191,True,True
A002_Xf05a48_X269c_spw0,HD_48370_B8_EB_X269c,8,488281.25,156,1886,2118.0,104,12.8,12m,15,8,4.449331142354734,1425,-5444.8671,13.888,1425,-5444.8671,16.012,True,True
A002_Xf05a48_X269c_spw0,HD_48370_B8_EB_X269c,8,488281.25,156,1886,2118.0,104,12.8,12m,15,9,4.4975652280812035,1716,1471.1412,15.303,1716,1471.1412,16.012,True,True
A002_Xf05a48_X269c_spw0,HD_48370_B8_EB_X269c,8,488281.25,156,1886,2118.0,104,12.8,12m,15,10,4.44091667133955,981,-2563.197,16.917,981,-2563.197,16.917,True,True
A002_Xf05a48_X269c_spw0,HD_48370_B8_EB_X269c,8,488281.25,156,1886,2118.0,104,12.8,12m,15,11,4.153119990991876,1686,3200.1433,15.561,1686,3200.1433,16.012,True,True
A002_Xf05a48_X269c_spw0,HD_48370_B8_EB_X269c,8,488281.25,156,1886,2118.0,104,12.8,12m,15,12,4.92470665795144,1533,-5099.0667,13.938,1533,-5099.0667,16.012,True,True
A002_Xf05a48_X269c_spw0,HD_48370_B8_EB_X269c,8,488281.25,156,1886,2118.0,104,12.8,12m,15,13,4.495629015306664,1697,4813.8785,14.586,1697,4813.8785,16.012,True,True
A002_Xf05a48_X269c_spw0,HD_48370_B8_EB_X269c,8,488281.25,156,1886,2118.0,104,12.8,12m,15,14,5.37335292550852,516,3661.2105,15.097,516,3661.2105,16.012,True,True
A002_Xf05a48_X269c_spw0,HD_48370_B8_EB_X269c,8,488281.25,156,1886,2118.0,104,12.8,12m,15,15,4.614116740100801,1198,5851.2798,13.698,1198,5851.2798,15.911,True,True
A002_Xe64b7b_X1704c_spw0,HD_48370_B8,8,488281.25,258,1886,3809.5,186,12.8,12m,3,0,1.176216172903058,262,-522.0335,4.304,262,-522.0335,14.937,True,False
A002_Xe64b7b_X1704c_spw0,HD_48370_B8,8,488281.25,258,1886,3809.5,186,12.8,12m,3,1,1.1751757555089,1668,-1226.9991,3.509,1668,2618.268,14.937,False,False
A002_Xe64b7b_X1704c_spw0,HD_48370_B8,8,488281.25,258,1886,3809.5,186,12.8,12m,3,2,1.1808159905266837,1053,-1611.5258,7.605,1053,439.2833,14.937,False,True
A002_Xe64b7b_X1704c_spw0,HD_48370_B8,8,488281.25,258,1886,3809.5,186,12.8,12m,3,3,1.2333056963728166,1773,247.02,3.879,1773,247.02,14.937,True,False
A002_Xe64b7b_X1704c_spw0,HD_48370_B8,8,488281.25,258,1886,3809.5,186,12.8,12m,3,4,1.1940930925725863,356,1144.249,4.654,356,1080.1612,14.937,True,False
A002_Xe64b7b_X1704c_spw0,HD_48370_B8,8,488281.25,258,1886,3809.5,186,12.8,12m,3,5,1.0263019727095197,1805,-1098.8235,2.467,1805,3515.497,14.937,False,False
A002_Xe64b7b_X1704c_spw0,HD_48370_B8,8,488281.25,258,1886,3809.5,186,12.8,12m,3,6,1.1241996905124485,1081,-4559.5639,8.294,1080,-3918.6861,14.937,False,True
A002_Xe64b7b_X1704c_spw0,HD_48370_B8,8,488281.25,258,1886,3809.5,186,12.8,12m,3,7,1.1237844939003008,371,-2829.1937,3.955,372,-2957.3693,14.937,False,False
A002_Xe64b7b_X1704c_spw0,HD_48370_B8,8,488281.25,258,1886,3809.5,186,12.8,12m,3,8,1.2280676822958152,1048,-9.3312,7.83,1048,1272.4245,14.937,False,True
A002_Xe64b7b_X1704c_spw0,HD_48370_B8,8,488281.25,258,1886,3809.5,186,12.8,12m,3,9,1.12736137113908,1082,-4687.7395,7.144,1082,-4239.125,14.937,False,True
A002_Xe64b7b_X1704c_spw0,HD_48370_B8,8,488281.25,258,1886,3809.5,186,12.8,12m,3,10,1.09812315453745,433,-1483.3502,3.653,432,-522.0335,14.937,False,False
A002_Xe64b7b_X1704c_spw0,HD_48370_B8,8,488281.25,258,1886,3809.5,186,12.8,12m,3,11,1.1137734517233142,1317,-9.3312,6.089,1317,118.8444,15.008,False,True
A002_Xe64b7b_X1704c_spw0,HD_48370_B8,8,488281.25,258,1886,3809.5,186,12.8,12m,3,12,1.1323900904155928,973,-5841.3197,2.917,973,4733.165,14.937,False,False
A002_Xe64b7b_X1704c_spw0,HD_48370_B8,8,488281.25,258,1886,3809.5,186,12.8,12m,3,13,1.1795483938593099,454,-650.209,2.982,454,-650.209,14.937,True,False
A002_Xe64b7b_X1704c_spw0,HD_48370_B8,8,488281.25,258,1886,3809.5,186,12.8,12m,3,14,1.0988275168520516,1097,-3918.6861,4.401,1097,-1675.6136,14.937,False,False
A002_Xe64b7b_X1704c_spw0,HD_48370_B8,8,488281.25,258,1886,3809.5,186,12.8,12m,3,15,1.1873807382856516,1695,-3726.4227,4.497,1694,-1675.6136,14.937,False,False
A002_Xe64b7b_X1704c_spw0,HD_48370_B8,8,488281.25,258,1886,3809.5,186,12.8,12m,4,0,1.5996585229903713,1362,3259.1459,4.112,1362,3259.1459,14.935,True,False
A002_Xe64b7b_X1704c_spw0,HD_48370_B8,8,488281.25,258,1886,3809.5,186,12.8,12m,4,1,1.4909709481357234,490,-5713.1441,4.421,490,-5713.1441,14.937,True,False
A002_Xe64b7b_X1704c_spw0,HD_48370_B8,8,488281.25,258,1886,3809.5,186,12.8,12m,4,2,1.5412776347786057,92,-5841.3197,4.951,92,-5841.3197,14.937,True,False
A002_Xe64b7b_X1704c_spw0,HD_48370_B8,8,488281.25,258,1886,3809.5,186,12.8,12m,4,3,1.5251186602241342,460,-1355.1747,4.26,460,-1355.1747,14.937,True,False
A002_Xe64b7b_X1704c_spw0,HD_48370_B8,8,488281.25,258,1886,3809.5,186,12.8,12m,4,4,1.585128985765543,480,-5264.5296,5.566,480,-5264.5296,14.937,True,True
A002_Xe64b7b_X1704c_spw0,HD_48370_B8,8,488281.25,258,1886,3809.5,186,12.8,12m,4,5,1.2968678553387745,1359,2618.268,3.238,1359,2618.268,14.935,True,False
A002_Xe64b7b_X1704c_spw0,HD_48370_B8,8,488281.25,258,1886,3809.5,186,12.8,12m,4,6,1.5124367273329433,470,-4944.0907,4.806,470,-4944.0907,14.937,True,False
A002_Xe64b7b_X1704c_spw0,HD_48370_B8,8,488281.25,258,1886,3809.5,186,12.8,12m,4,7,1.630082274421322,286,3707.7604,3.147,286,3707.7604,14.937,True,False
A002_Xe64b7b_X1704c_spw0,HD_48370_B8,8,488281.25,258,1886,3809.5,186,12.8,12m,4,8,1.4881970469957668,467,2169.6535,3.67,467,2169.6535,14.937,True,False
A002_Xe64b7b_X1704c_spw0,HD_48370_B8,8,488281.25,258,1886,3809.5,186,12.8,12m,4,9,1.5126770762844475,1573,1144.249,3.367,1573,1144.249,14.937,True,False
A002_Xe64b7b_X1704c_spw0,HD_48370_B8,8,488281.25,258,1886,3809.5,186,12.8,12m,4,10,1.5790717292992154,107,2490.0925,7.344,108,5822.6573,14.937,False,True
A002_Xe64b7b_X1704c_spw0,HD_48370_B8,8,488281.25,258,1886,3809.5,186,12.8,12m,4,11,1.476101486224334,454,2233.7413,4.94,454,2233.7413,14.937,True,False
A002_Xe64b7b_X1704c_spw0,HD_48370_B8,8,488281.25,258,1886,3809.5,186,12.8,12m,4,12,1.6031161140496213,1805,-3598.2472,2.896,1806,-3982.7739,14.937,False,False
A002_Xe64b7b_X1704c_spw0,HD_48370_B8,8,488281.25,258,1886,3809.5,186,12.8,12m,4,13,1.559812615436955,1440,1592.8635,4.599,1440,1592.8635,14.937,True,False
A002_Xe64b7b_X1704c_spw0,HD_48370_B8,8,488281.25,258,1886,3809.5,186,12.8,12m,4,14,1.555452757198455,1091,1592.8635,5.072,1091,-5777.2319,14.937,False,True
A002_Xe64b7b_X1704c_spw0,HD_48370_B8,8,488281.25,258,1886,3809.5,186,12.8,12m,4,15,1.6001297989363898,1285,951.9856,4.994,1286,118.8444,14.883,False,False
A002_Xe64b7b_X1704c_spw0,HD_48370_B8,8,488281.25,258,1886,3809.5,186,12.8,12m,5,0,1.9983192374694148,1578,5694.4818,5.301,1578,5694.4818,14.937,True,True
A002_Xe64b7b_X1704c_spw0,HD_48370_B8,8,488281.25,258,1886,3809.5,186,12.8,12m,5,1,1.8573546624495179,1146,2361.9169,7.255,1146,2361.9169,14.937,True,True
A002_Xe64b7b_X1704c_spw0,HD_48370_B8,8,488281.25,258,1886,3809.5,186,12.8,12m,5,2,2.0062681144290164,626,3002.7948,5.304,626,3002.7948,14.937,True,True
A002_Xe64b7b_X1704c_spw0,HD_48370_B8,8,488281.25,258,1886,3809.5,186,12.8,12m,5,3,1.771754253120912,1271,-1996.0525,5.137,1270,3964.1115,14.923,False,True
A002_Xe64b7b_X1704c_spw0,HD_48370_B8,8,488281.25,258,1886,3809.5,186,12.8,12m,5,4,1.945871854556193,1439,1528.7757,3.626,1439,1528.7757,14.937,True,False
A002_Xe64b7b_X1704c_spw0,HD_48370_B8,8,488281.25,258,1886,3809.5,186,12.8,12m,5,5,2.098208309124031,519,-5008.1784,6.075,519,-5008.1784,14.937,True,True
A002_Xe64b7b_X1704c_spw0,HD_48370_B8,8,488281.25,258,1886,3809.5,186,12.8,12m,5,6,1.8927069042661655,753,-5008.1784,6.356,754,-2444.667,14.937,False,True
A002_Xe64b7b_X1704c_spw0,HD_48370_B8,8,488281.25,258,1886,3809.5,186,12.8,12m,5,7,1.8559355760544842,591,1336.5123,4.35,592,-137.5067,14.937,False,False
A002_Xe64b7b_X1704c_spw0,HD_48370_B8,8,488281.25,258,1886,3809.5,186,12.8,12m,5,8,1.8446698040737044,619,-3149.6327,9.038,619,-3149.6327,14.937,True,True
A002_Xe64b7b_X1704c_spw0,HD_48370_B8,8,488281.25,258,1886,3809.5,186,12.8,12m,5,9,1.8311299383581472,1204,823.81,4.921,1204,-1098.8235,14.937,False,False
A002_Xe64b7b_X1704c_spw0,HD_48370_B8,8,488281.25,258,1886,3809.5,186,12.8,12m,5,10,1.8637938081828058,685,-842.4724,3.203,684,2426.0047,14.937,False,False
A002_Xe64b7b_X1704c_spw0,HD_48370_B8,8,488281.25,258,1886,3809.5,186,12.8,12m,5,11,1.9078281419792538,421,503.3711,4.07,421,503.3711,14.937,True,False
A002_Xe64b7b_X1704c_spw0,HD_48370_B8,8,488281.25,258,1886,3809.5,186,12.8,12m,5,12,1.890291148763519,680,2169.6535,4.049,679,4092.2871,14.937,False,False
A002_Xe64b7b_X1704c_spw0,HD_48370_B8,8,488281.25,258,1886,3809.5,186,12.8,12m,5,13,1.8589920589936648,1619,3130.9703,5.595,1619,3130.9703,14.937,True,True
A002_Xe64b7b_X1704c_spw0,HD_48370_B8,8,488281.25,258,1886,3809.5,186,12.8,12m,5,14,1.9584945533650417,623,5502.2184,5.677,623,5502.2184,14.937,True,True
A002_Xe64b7b_X1704c_spw0,HD_48370_B8,8,488281.25,258,1886,3809.5,186,12.8,12m,5,15,2.0101099295804077,1350,-265.6823,6.663,1350,-265.6823,14.891,True,True
A002_Xe64b7b_X1704c_spw0,HD_48370_B8,8,488281.25,258,1886,3809.5,186,12.8,12m,6,0,2.355913865586453,597,-5649.0563,7.213,597,-5649.0563,14.937,True,True
A002_Xe64b7b_X1704c_spw0,HD_48370_B8,8,488281.25,258,1886,3809.5,186,12.8,12m,6,1,2.2956095267597108,494,-2572.8426,6.218,494,-2572.8426,14.937,True,True
A002_Xe64b7b_X1704c_spw0,HD_48370_B8,8,488281.25,258,1886,3809.5,186,12.8,12m,6,2,2.1985092512965556,119,5950.8329,9.295,120,2618.268,14.937,False,True
A002_Xe64b7b_X1704c_spw0,HD_48370_B8,8,488281.25,258,1886,3809.5,186,12.8,12m,6,3,2.6460187239969546,630,-2444.667,5.653,631,-5584.9685,14.937,False,True
A002_Xe64b7b_X1704c_spw0,HD_48370_B8,8,488281.25,258,1886,3809.5,186,12.8,12m,6,4,2.6819684305666343,1588,311.1078,5.669,1588,311.1078,14.937,True,True
A002_Xe64b7b_X1704c_spw0,HD_48370_B8,8,488281.25,258,1886,3809.5,186,12.8,12m,6,5,2.3286941843928215,985,1080.1612,7.498,985,1080.1612,14.937,True,True
A002_Xe64b7b_X1704c_spw0,HD_48370_B8,8,488281.25,258,1886,3809.5,186,12.8,12m,6,6,2.15694611599329,1787,4092.2871,4.915,1787,4092.2871,14.937,True,False
A002_Xe64b7b_X1704c_spw0,HD_48370_B8,8,488281.25,258,1886,3809.5,186,12.8,12m,6,7,2.2209780064576496,1459,-4815.9151,6.564,1459,-4815.9151,14.937,True,True
A002_Xe64b7b_X1704c_spw0,HD_48370_B8,8,488281.25,258,1886,3809.5,186,12.8,12m,6,8,2.593373296484298,295,-5136.354,7.04,295,-5136.354,14.937,True,True
A002_Xe64b7b_X1704c_spw0,HD_48370_B8,8,488281.25,258,1886,3809.5,186,12.8,12m,6,9,2.2814092949507856,730,-1803.7892,5.959,730,-1803.7892,14.937,True,True
A002_Xe64b7b_X1704c_spw0,HD_48370_B8,8,488281.25,258,1886,3809.5,186,12.8,12m,6,10,2.23267472219798,1109,2169.6535,5.53,1109,2169.6535,14.937,True,True
A002_Xe64b7b_X1704c_spw0,HD_48370_B8,8,488281.25,258,1886,3809.5,186,12.8,12m,6,11,2.0133462332929626,1532,1592.8635,5.286,1532,1592.8635,14.937,True,True
A002_Xe64b7b_X1704c_spw0,HD_48370_B8,8,488281.25,258,1886,3809.5,186,12.8,12m,6,12,2.3086162568706796,1320,-2124.2281,6.423,1320,-2124.2281,15.02,True,True
A002_Xe64b7b_X1704c_spw0,HD_48370_B8,8,488281.25,258,1886,3809.5,186,12.8,12m,6,13,2.0203456598684393,1655,-4110.9494,8.013,1655,-4110.9494,14.937,True,True
A002_Xe64b7b_X1704c_spw0,HD_48370_B8,8,488281.25,258,1886,3809.5,186,12.8,12m,6,14,1.9275026968122342,1340,-1034.7357,6.415,1340,-1034.7357,14.891,True,True
A002_Xe64b7b_X1704c_spw0,HD_48370_B8,8,488281.25,258,1886,3809.5,186,12.8,12m,6,15,2.1082950457268637,291,182.9322,4.775,291,182.9322,14.937,True,False
A002_Xe64b7b_X1704c_spw0,HD_48370_B8,8,488281.25,258,1886,3809.5,186,12.8,12m,7,0,2.752725519994599,1032,311.1078,7.673,1031,4092.2871,14.937,False,True
A002_Xe64b7b_X1704c_spw0,HD_48370_B8,8,488281.25,258,1886,3809.5,186,12.8,12m,7,1,2.5407881765743925,282,247.02,5.718,282,247.02,14.937,True,True
A002_Xe64b7b_X1704c_spw0,HD_48370_B8,8,488281.25,258,1886,3809.5,186,12.8,12m,7,2,2.569073625770951,878,1080.1612,6.491,878,1080.1612,14.937,True,True
A002_Xe64b7b_X1704c_spw0,HD_48370_B8,8,488281.25,258,1886,3809.5,186,12.8,12m,7,3,2.6944097436036674,825,-201.5945,8.02,825,-201.5945,14.937,True,True
A002_Xe64b7b_X1704c_spw0,HD_48370_B8,8,488281.25,258,1886,3809.5,186,12.8,12m,7,4,2.5625797676284616,84,-1867.8769,6.15,84,-1867.8769,14.937,True,True
A002_Xe64b7b_X1704c_spw0,HD_48370_B8,8,488281.25,258,1886,3809.5,186,12.8,12m,7,5,2.8352366749807594,386,5181.7795,8.12,386,5181.7795,14.937,True,True
A002_Xe64b7b_X1704c_spw0,HD_48370_B8,8,488281.25,258,1886,3809.5,186,12.8,12m,7,6,2.6134521739524654,1153,631.5467,6.716,1153,631.5467,14.937,True,True
A002_Xe64b7b_X1704c_spw0,HD_48370_B8,8,488281.25,258,1886,3809.5,186,12.8,12m,7,7,2.7364622667698306,1133,2233.7413,7.073,1133,2233.7413,14.937,True,True
A002_Xe64b7b_X1704c_spw0,HD_48370_B8,8,488281.25,258,1886,3809.5,186,12.8,12m,7,8,2.6351043380615455,268,759.7223,6.818,268,759.7223,14.937,True,True
A002_Xe64b7b_X1704c_spw0,HD_48370_B8,8,488281.25,258,1886,3809.5,186,12.8,12m,7,9,2.668298360617453,1461,1208.3368,6.229,1461,1208.3368,14.937,True,True
A002_Xe64b7b_X1704c_spw0,HD_48370_B8,8,488281.25,258,1886,3809.5,186,12.8,12m,7,10,2.571489338266461,827,-5841.3197,5.674,827,-5841.3197,14.937,True,True
A002_Xe64b7b_X1704c_spw0,HD_48370_B8,8,488281.25,258,1886,3809.5,186,12.8,12m,7,11,2.7773703993316006,1644,5438.1306,7.08,1644,5438.1306,14.937,True,True
A002_Xe64b7b_X1704c_spw0,HD_48370_B8,8,488281.25,258,1886,3809.5,186,12.8,12m,7,12,2.666087503866085,322,-1355.1747,6.778,322,-1355.1747,14.937,True,True
A002_Xe64b7b_X1704c_spw0,HD_48370_B8,8,488281.25,258,1886,3809.5,186,12.8,12m,7,13,2.470180740780738,1429,-1162.9113,7.947,1429,-1162.9113,14.937,True,True
A002_Xe64b7b_X1704c_spw0,HD_48370_B8,8,488281.25,258,1886,3809.5,186,12.8,12m,7,14,2.486099197207275,1803,3900.0238,7.995,1803,3900.0238,14.937,True,True
A002_Xe64b7b_X1704c_spw0,HD_48370_B8,8,488281.25,258,1886,3809.5,186,12.8,12m,7,15,2.623890654755356,875,-650.209,6.98,875,-650.209,14.937,True,True
A002_Xe64b7b_X1704c_spw0,HD_48370_B8,8,488281.25,258,1886,3809.5,186,12.8,12m,8,0,3.2577814547708717,1302,-3534.1594,8.026,1302,-3534.1594,15.04,True,True
A002_Xe64b7b_X1704c_spw0,HD_48370_B8,8,488281.25,258,1886,3809.5,186,12.8,12m,8,1,2.95406584975145,1287,759.7223,15.055,1287,5694.4818,15.055,False,True
A002_Xe64b7b_X1704c_spw0,HD_48370_B8,8,488281.25,258,1886,3809.5,186,12.8,12m,8,2,2.8548237914717607,1027,3964.1115,10.603,1027,4797.2528,14.937,False,True
A002_Xe64b7b_X1704c_spw0,HD_48370_B8,8,488281.25,258,1886,3809.5,186,12.8,12m,8,3,3.057769064245555,1438,-1739.7014,7.728,1438,-1739.7014,14.937,True,True
A002_Xe64b7b_X1704c_spw0,HD_48370_B8,8,488281.25,258,1886,3809.5,186,12.8,12m,8,4,2.7555395960286995,87,-4495.4762,6.725,87,-4559.5639,14.937,True,True
A002_Xe64b7b_X1704c_spw0,HD_48370_B8,8,488281.25,258,1886,3809.5,186,12.8,12m,8,5,3.044351880150162,528,-3085.5449,8.237,528,-3085.5449,14.937,True,True
A002_Xe64b7b_X1704c_spw0,HD_48370_B8,8,488281.25,258,1886,3809.5,186,12.8,12m,8,6,3.188892412672309,850,3643.6726,7.072,850,3643.6726,14.937,True,True
A002_Xe64b7b_X1704c_spw0,HD_48370_B8,8,488281.25,258,1886,3809.5,186,12.8,12m,8,7,3.1211616168016865,1775,-2508.7548,7.497,1775,-2508.7548,14.937,True,True
A002_Xe64b7b_X1704c_spw0,HD_48370_B8,8,488281.25,258,1886,3809.5,186,12.8,12m,8,8,2.863407763132478,883,1849.2146,10.81,883,1849.2146,14.937,True,True
A002_Xe64b7b_X1704c_spw0,HD_48370_B8,8,488281.25,258,1886,3809.5,186,12.8,12m,8,9,3.0091064484280157,1162,-1547.438,7.356,1162,-1547.438,14.937,True,True
A002_Xe64b7b_X1704c_spw0,HD_48370_B8,8,488281.25,258,1886,3809.5,186,12.8,12m,8,10,3.212994529143256,1397,-5136.354,8.229,1397,-5136.354,14.93,True,True
A002_Xe64b7b_X1704c_spw0,HD_48370_B8,8,488281.25,258,1886,3809.5,186,12.8,12m,8,11,2.9203271206471086,1036,4669.0772,8.084,1037,3195.0581,14.937,False,True
A002_Xe64b7b_X1704c_spw0,HD_48370_B8,8,488281.25,258,1886,3809.5,186,12.8,12m,8,12,3.203817738575185,1012,311.1078,7.366,1012,311.1078,14.937,True,True
A002_Xe64b7b_X1704c_spw0,HD_48370_B8,8,488281.25,258,1886,3809.5,186,12.8,12m,8,13,2.991139361770069,486,2682.3558,8.273,486,2682.3558,14.937,True,True
A002_Xe64b7b_X1704c_spw0,HD_48370_B8,8,488281.25,258,1886,3809.5,186,12.8,12m,8,14,2.7781031724362317,843,3066.8825,7.885,843,3066.8825,14.937,True,True
A002_Xe64b7b_X1704c_spw0,HD_48370_B8,8,488281.25,258,1886,3809.5,186,12.8,12m,8,15,3.149803741302887,539,-4431.3884,7.778,539,-4431.3884,14.937,True,True
A002_Xe64b7b_X1704c_spw0,HD_48370_B8,8,488281.25,258,1886,3809.5,186,12.8,12m,10,0,3.7578618072530925,1636,5181.7795,9.477,1636,5181.7795,14.937,True,True
A002_Xe64b7b_X1704c_spw0,HD_48370_B8,8,488281.25,258,1886,3809.5,186,12.8,12m,10,1,3.832225050273709,1756,4989.5161,10.258,1756,4989.5161,14.937,True,True
A002_Xe64b7b_X1704c_spw0,HD_48370_B8,8,488281.25,258,1886,3809.5,186,12.8,12m,10,2,3.7493728687951857,1671,951.9856,8.523,1671,951.9856,14.937,True,True
A002_Xe64b7b_X1704c_spw0,HD_48370_B8,8,488281.25,258,1886,3809.5,186,12.8,12m,10,3,4.12493298309401,283,182.9322,10.225,283,182.9322,14.937,True,True
A002_Xe64b7b_X1704c_spw0,HD_48370_B8,8,488281.25,258,1886,3809.5,186,12.8,12m,10,4,3.794360476021559,1749,2938.707,9.778,1749,2938.707,14.937,True,True
A002_Xe64b7b_X1704c_spw0,HD_48370_B8,8,488281.25,258,1886,3809.5,186,12.8,12m,10,5,3.844213858536671,939,951.9856,9.634,939,951.9856,14.937,True,True
A002_Xe64b7b_X1704c_spw0,HD_48370_B8,8,488281.25,258,1886,3809.5,186,12.8,12m,10,6,3.584720346025446,1242,1464.6879,9.225,1242,1464.6879,14.919,True,True
A002_Xe64b7b_X1704c_spw0,HD_48370_B8,8,488281.25,258,1886,3809.5,186,12.8,12m,10,7,3.834920184562738,1114,-1611.5258,10.115,1114,-1611.5258,14.937,True,True
A002_Xe64b7b_X1704c_spw0,HD_48370_B8,8,488281.25,258,1886,3809.5,186,12.8,12m,10,8,3.666365995145083,1777,-5136.354,10.346,1777,-5136.354,14.937,True,True
A002_Xe64b7b_X1704c_spw0,HD_48370_B8,8,488281.25,258,1886,3809.5,186,12.8,12m,10,9,3.8511933112286987,1750,4220.4627,9.223,1750,4220.4627,14.937,True,True
A002_Xe64b7b_X1704c_spw0,HD_48370_B8,8,488281.25,258,1886,3809.5,186,12.8,12m,10,10,3.4357274779301634,1074,887.8978,11.238,1074,887.8978,14.937,True,True
A002_Xe64b7b_X1704c_spw0,HD_48370_B8,8,488281.25,258,1886,3809.5,186,12.8,12m,10,11,3.857539264207924,468,311.1078,10.749,468,311.1078,14.937,True,True
A002_Xe64b7b_X1704c_spw0,HD_48370_B8,8,488281.25,258,1886,3809.5,186,12.8,12m,10,12,3.426515003953267,105,567.4589,10.259,105,567.4589,14.937,True,True
A002_Xe64b7b_X1704c_spw0,HD_48370_B8,8,488281.25,258,1886,3809.5,186,12.8,12m,10,13,3.9648306849098796,1149,3707.7604,10.671,1149,3707.7604,14.937,True,True
A002_Xe64b7b_X1704c_spw0,HD_48370_B8,8,488281.25,258,1886,3809.5,186,12.8,12m,10,14,3.578803562410788,459,1785.1268,9.05,459,1785.1268,14.937,True,True
A002_Xe64b7b_X1704c_spw0,HD_48370_B8,8,488281.25,258,1886,3809.5,186,12.8,12m,10,15,3.5500583591818144,332,4989.5161,9.297,332,4989.5161,14.937,True,True
A002_Xe64b7b_X1704c_spw0,HD_48370_B8,8,488281.25,258,1886,3809.5,186,12.8,12m,12,0,5.335380041400897,581,4028.1993,11.853,581,4028.1993,14.937,True,True
A002_Xe64b7b_X1704c_spw0,HD_48370_B8,8,488281.25,258,1886,3809.5,186,12.8,12m,12,1,4.702855863918432,648,-329.7701,11.158,648,-329.7701,14.937,True,True
A002_Xe64b7b_X1704c_spw0,HD_48370_B8,8,488281.25,258,1886,3809.5,186,12.8,12m,12,2,4.732062547960651,402,-2572.8426,11.919,402,-2572.8426,14.937,True,True
A002_Xe64b7b_X1704c_spw0,HD_48370_B8,8,488281.25,258,1886,3809.5,186,12.8,12m,12,3,4.201160871581211,1295,-2188.3159,14.038,1295,-2188.3159,15.704,True,True
A002_Xe64b7b_X1704c_spw0,HD_48370_B8,8,488281.25,258,1886,3809.5,186,12.8,12m,12,4,4.3991771841688365,191,54.7566,12.986,191,-9.3312,14.937,True,True
A002_Xe64b7b_X1704c_spw0,HD_48370_B8,8,488281.25,258,1886,3809.5,186,12.8,12m,12,5,4.12407038124801,421,3900.0238,12.988,421,3900.0238,14.937,True,True
A002_Xe64b7b_X1704c_spw0,HD_48370_B8,8,488281.25,258,1886,3809.5,186,12.8,12m,12,6,4.538463802313723,1721,5502.2184,11.126,1721,5502.2184,14.937,True,True
A002_Xe64b7b_X1704c_spw0,HD_48370_B8,8,488281.25,258,1886,3809.5,186,12.8,12m,12,7,3.809475909756446,416,-1034.7357,6.133,416,-1162.9113,14.937,False,True
A002_Xe64b7b_X1704c_spw0,HD_48370_B8,8,488281.25,258,1886,3809.5,186,12.8,12m,12,8,4.828774418729799,286,3259.1459,11.461,286,3259.1459,14.937,True,True
A002_Xe64b7b_X1704c_spw0,HD_48370_B8,8,488281.25,258,1886,3809.5,186,12.8,12m,12,9,4.707041468300119,720,1400.6001,11.237,720,1400.6001,14.937,True,True
A002_Xe64b7b_X1704c_spw0,HD_48370_B8,8,488281.25,258,1886,3809.5,186,12.8,12m,12,10,4.888451062509172,1683,5694.4818,12.033,1683,5694.4818,14.937,True,True
A002_Xe64b7b_X1704c_spw0,HD_48370_B8,8,488281.25,258,1886,3809.5,186,12.8,12m,12,11,4.703893735292447,1269,-2316.4914,11.343,1269,-2316.4914,14.908,True,True
A002_Xe64b7b_X1704c_spw0,HD_48370_B8,8,488281.25,258,1886,3809.5,186,12.8,12m,12,12,4.251117442917456,1160,375.1955,13.108,1160,375.1955,14.937,True,True
A002_Xe64b7b_X1704c_spw0,HD_48370_B8,8,488281.25,258,1886,3809.5,186,12.8,12m,12,13,3.754525861177342,1813,1464.6879,14.398,1813,1464.6879,14.937,True,True
A002_Xe64b7b_X1704c_spw0,HD_48370_B8,8,488281.25,258,1886,3809.5,186,12.8,12m,12,14,4.382619490079903,1039,3002.7948,12.431,1039,3002.7948,14.937,True,True
A002_Xe64b7b_X1704c_spw0,HD_48370_B8,8,488281.25,258,1886,3809.5,186,12.8,12m,12,15,4.570562787604657,465,-3854.5983,12.228,465,-3854.5983,14.937,True,True
A002_Xe64b7b_X1704c_spw0,HD_48370_B8,8,488281.25,258,1886,3809.5,186,12.8,12m,15,0,5.3978378856344955,786,-4239.125,15.357,786,-4239.125,15.357,True,True
A002_Xe64b7b_X1704c_spw0,HD_48370_B8,8,488281.25,258,1886,3809.5,186,12.8,12m,15,1,5.764448726265066,453,5758.5695,15.289,453,5758.5695,15.289,True,True
A002_Xe64b7b_X1704c_spw0,HD_48370_B8,8,488281.25,258,1886,3809.5,186,12.8,12m,15,2,6.147242855627888,806,3195.0581,13.66,806,3195.0581,14.937,True,True
A002_Xe64b7b_X1704c_spw0,HD_48370_B8,8,488281.25,258,1886,3809.5,186,12.8,12m,15,3,4.98332941850491,361,-1996.0525,15.591,361,-1996.0525,15.591,True,True
A002_Xe64b7b_X1704c_spw0,HD_48370_B8,8,488281.25,258,1886,3809.5,186,12.8,12m,15,4,5.633167765736772,1268,-1547.438,14.82,1268,-1547.438,14.903,True,True
A002_Xe64b7b_X1704c_spw0,HD_48370_B8,8,488281.25,258,1886,3809.5,186,12.8,12m,15,5,5.6057815260162105,403,4348.6383,15.901,403,4348.6383,15.901,True,True
A002_Xe64b7b_X1704c_spw0,HD_48370_B8,8,488281.25,258,1886,3809.5,186,12.8,12m,15,6,4.804519599257432,1471,2682.3558,15.856,1471,2682.3558,15.856,True,True
A002_Xe64b7b_X1704c_spw0,HD_48370_B8,8,488281.25,258,1886,3809.5,186,12.8,12m,15,7,6.0422481129677275,236,2169.6535,13.954,236,2169.6535,14.937,True,True
A002_Xe64b7b_X1704c_spw0,HD_48370_B8,8,488281.25,258,1886,3809.5,186,12.8,12m,15,8,6.134814247585005,1259,-3085.5449,13.927,1259,-3085.5449,14.868,True,True
A002_Xe64b7b_X1704c_spw0,HD_48370_B8,8,488281.25,258,1886,3809.5,186,12.8,12m,15,9,5.158714774032437,1070,3387.3215,18.372,1070,3387.3215,18.372,True,True
A002_Xe64b7b_X1704c_spw0,HD_48370_B8,8,488281.25,258,1886,3809.5,186,12.8,12m,15,10,6.071603738959866,1452,-5200.4418,15.176,1452,-5200.4418,15.176,True,True
A002_Xe64b7b_X1704c_spw0,HD_48370_B8,8,488281.25,258,1886,3809.5,186,12.8,12m,15,11,5.530666360002591,406,951.9856,14.436,406,951.9856,14.937,True,True
A002_Xe64b7b_X1704c_spw0,HD_48370_B8,8,488281.25,258,1886,3809.5,186,12.8,12m,15,12,5.283473693856365,1526,-3021.4571,13.987,1526,-3021.4571,14.937,True,True
A002_Xe64b7b_X1704c_spw0,HD_48370_B8,8,488281.25,258,1886,3809.5,186,12.8,12m,15,13,5.27740825162925,1104,3451.4093,13.722,1104,3451.4093,14.937,True,True
A002_Xe64b7b_X1704c_spw0,HD_48370_B8,8,488281.25,258,1886,3809.5,186,12.8,12m,15,14,4.813332229926972,1260,-522.0335,16.285,1260,-522.0335,16.285,True,True
A002_Xe64b7b_X1704c_spw0,HD_48370_B8,8,488281.25,258,1886,3809.5,186,12.8,12m,15,15,5.803419663741063,779,-1803.7892,14.337,779,-1803.7892,14.937,True,True
A002_X12277ed_X22e53_spw3,_eta_Crv_B8,8,61035.15625,340,884,2861.6,1109,12.8,12m,3,0,1.6727090204564237,186,1558.6896,4.607,186,-5074.7133,26.118,False,False
A002_X12277ed_X22e53_spw3,_eta_Crv_B8,8,61035.15625,340,884,2861.6,1109,12.8,12m,3,1,1.6448172697169354,665,-5821.2378,5.483,664,4000.891,26.118,False,True
A002_X12277ed_X22e53_spw3,_eta_Crv_B8,8,61035.15625,340,884,2861.6,1109,12.8,12m,3,2,1.7346178974909563,289,-2632.5119,4.361,290,-4850.756,26.118,False,False
A002_X12277ed_X22e53_spw3,_eta_Crv_B8,8,61035.15625,340,884,2861.6,1109,12.8,12m,3,3,1.6748763918940925,723,-4232.2072,7.732,724,1985.275,26.118,False,True
A002_X12277ed_X22e53_spw3,_eta_Crv_B8,8,61035.15625,340,884,2861.6,1109,12.8,12m,3,4,1.706880802937613,186,-2600.518,4.994,186,-2600.518,26.118,True,False
A002_X12277ed_X22e53_spw3,_eta_Crv_B8,8,61035.15625,340,884,2861.6,1109,12.8,12m,3,5,1.8689035820075035,85,4256.8422,3.894,86,257.6041,26.119,False,False
A002_X12277ed_X22e53_spw3,_eta_Crv_B8,8,61035.15625,340,884,2861.6,1109,12.8,12m,3,6,1.6566331056090662,495,-5703.9268,6.652,496,3680.952,25.897,False,True
A002_X12277ed_X22e53_spw3,_eta_Crv_B8,8,61035.15625,340,884,2861.6,1109,12.8,12m,3,7,1.5776195549225798,307,3808.9276,4.87,308,2838.4458,26.112,False,False
A002_X12277ed_X22e53_spw3,_eta_Crv_B8,8,61035.15625,340,884,2861.6,1109,12.8,12m,3,8,1.602971416757952,148,4011.5556,4.258,147,-4008.2498,26.113,False,False
A002_X12277ed_X22e53_spw3,_eta_Crv_B8,8,61035.15625,340,884,2861.6,1109,12.8,12m,3,9,1.765969530029393,148,-1864.6582,4.251,147,-4008.2498,26.118,False,False
A002_X12277ed_X22e53_spw3,_eta_Crv_B8,8,61035.15625,340,884,2861.6,1109,12.8,12m,3,10,1.7321346166979799,752,-2024.6277,6.771,752,1057.4518,26.118,False,True
A002_X12277ed_X22e53_spw3,_eta_Crv_B8,8,61035.15625,340,884,2861.6,1109,12.8,12m,3,11,1.5760415303865927,173,4790.074,4.918,173,4790.074,26.117,True,False
A002_X12277ed_X22e53_spw3,_eta_Crv_B8,8,61035.15625,340,884,2861.6,1109,12.8,12m,3,12,1.6804549658122496,605,4822.0679,3.979,606,4000.891,26.118,False,False
A002_X12277ed_X22e53_spw3,_eta_Crv_B8,8,61035.15625,340,884,2861.6,1109,12.8,12m,3,13,1.6485883123832519,182,-1278.1033,5.258,182,-4968.067,26.118,False,True
A002_X12277ed_X22e53_spw3,_eta_Crv_B8,8,61035.15625,340,884,2861.6,1109,12.8,12m,3,14,2.4907746253528806,110,-4722.7804,3.584,109,5696.568,26.118,False,False
A002_X12277ed_X22e53_spw3,_eta_Crv_B8,8,61035.15625,340,884,2861.6,1109,12.8,12m,3,15,1.7133008794177769,257,-1032.8167,3.839,257,353.5859,26.118,False,False
A002_X12277ed_X22e53_spw3,_eta_Crv_B8,8,61035.15625,340,884,2861.6,1109,12.8,12m,4,0,2.3968615664699686,256,-4637.4633,3.831,256,-5405.317,26.118,False,False
A002_X12277ed_X22e53_spw3,_eta_Crv_B8,8,61035.15625,340,884,2861.6,1109,12.8,12m,4,1,2.3362815769994687,121,513.5554,4.534,121,513.5554,26.118,True,False
A002_X12277ed_X22e53_spw3,_eta_Crv_B8,8,61035.15625,340,884,2861.6,1109,12.8,12m,4,2,2.365198445894352,84,-520.9142,3.808,84,-520.9142,26.118,True,False
A002_X12277ed_X22e53_spw3,_eta_Crv_B8,8,61035.15625,340,884,2861.6,1109,12.8,12m,4,3,2.3718025437919033,299,4086.2081,5.379,299,4086.2081,26.106,True,True
A002_X12277ed_X22e53_spw3,_eta_Crv_B8,8,61035.15625,340,884,2861.6,1109,12.8,12m,4,4,2.333324701008148,376,-3016.4388,5.63,375,993.464,26.113,False,True
A002_X12277ed_X22e53_spw3,_eta_Crv_B8,8,61035.15625,340,884,2861.6,1109,12.8,12m,4,5,2.1708995338603163,451,-5021.3902,6.157,452,-4978.7316,26.056,False,True
A002_X12277ed_X22e53_spw3,_eta_Crv_B8,8,61035.15625,340,884,2861.6,1109,12.8,12m,4,6,2.1963874416986053,254,4096.8727,7.717,253,-5298.6707,26.115,False,True
A002_X12277ed_X22e53_spw3,_eta_Crv_B8,8,61035.15625,340,884,2861.6,1109,12.8,12m,4,7,2.4275151285540955,138,2859.7751,4.653,138,-3752.2986,26.117,False,False
A002_X12277ed_X22e53_spw3,_eta_Crv_B8,8,61035.15625,340,884,2861.6,1109,12.8,12m,4,8,2.355291138121211,347,4011.5556,6.364,347,3169.0495,25.981,False,True
A002_X12277ed_X22e53_spw3,_eta_Crv_B8,8,61035.15625,340,884,2861.6,1109,12.8,12m,4,9,2.2035827039073275,762,-1086.1399,8.379,762,716.1834,26.118,False,True
A002_X12277ed_X22e53_spw3,_eta_Crv_B8,8,61035.15625,340,884,2861.6,1109,12.8,12m,4,10,2.196932506579941,524,5195.3301,6.442,524,-2909.7924,26.118,False,True
A002_X12277ed_X22e53_spw3,_eta_Crv_B8,8,61035.15625,340,884,2861.6,1109,12.8,12m,4,11,1.999620223287894,438,193.6163,24.691,438,-5138.7011,26.111,False,True
A002_X12277ed_X22e53_spw3,_eta_Crv_B8,8,61035.15625,340,884,2861.6,1109,12.8,12m,4,12,1.89532835177621,521,-2227.2558,9.656,521,-2227.2558,26.118,True,True
A002_X12277ed_X22e53_spw3,_eta_Crv_B8,8,61035.15625,340,884,2861.6,1109,12.8,12m,4,13,2.531049544183802,636,-222.3044,7.241,637,4896.7203,26.118,False,True
A002_X12277ed_X22e53_spw3,_eta_Crv_B8,8,61035.15625,340,884,2861.6,1109,12.8,12m,4,14,2.4735793626851073,139,2849.1104,4.632,138,-3752.2986,26.117,False,False
A002_X12277ed_X22e53_spw3,_eta_Crv_B8,8,61035.15625,340,884,2861.6,1109,12.8,12m,4,15,2.368724569456674,456,-3890.9389,5.71,455,-5202.689,26.153,False,True
A002_X12277ed_X22e53_spw3,_eta_Crv_B8,8,61035.15625,340,884,2861.6,1109,12.8,12m,5,0,2.8273414950719546,133,-1768.6765,5.749,133,-1768.6765,26.118,True,True
A002_X12277ed_X22e53_spw3,_eta_Crv_B8,8,61035.15625,340,884,2861.6,1109,12.8,12m,5,1,3.026454649758987,702,-1139.463,8.354,702,-1139.463,26.118,True,True
A002_X12277ed_X22e53_spw3,_eta_Crv_B8,8,61035.15625,340,884,2861.6,1109,12.8,12m,5,2,2.7936282976253084,349,321.5919,5.265,349,321.5919,26.045,True,True
A002_X12277ed_X22e53_spw3,_eta_Crv_B8,8,61035.15625,340,884,2861.6,1109,12.8,12m,5,3,3.005450273035399,246,-5757.25,7.444,247,-3101.7559,26.118,False,True
A002_X12277ed_X22e53_spw3,_eta_Crv_B8,8,61035.15625,340,884,2861.6,1109,12.8,12m,5,4,2.658957752517334,411,-3229.7315,24.784,412,86.97,25.973,False,True
A002_X12277ed_X22e53_spw3,_eta_Crv_B8,8,61035.15625,340,884,2861.6,1109,12.8,12m,5,5,3.0469377152915254,593,5888.5314,4.901,593,5888.5314,26.118,True,False
A002_X12277ed_X22e53_spw3,_eta_Crv_B8,8,61035.15625,340,884,2861.6,1109,12.8,12m,5,6,2.676284551251803,459,-1523.3899,5.795,459,-5479.9695,26.107,False,True
A002_X12277ed_X22e53_spw3,_eta_Crv_B8,8,61035.15625,340,884,2861.6,1109,12.8,12m,5,7,2.4809001060281943,389,-3389.701,25.976,389,4640.7691,26.05,False,True
A002_X12277ed_X22e53_spw3,_eta_Crv_B8,8,61035.15625,340,884,2861.6,1109,12.8,12m,5,8,4.094439537838375,111,-5682.5975,3.944,111,-5682.5975,26.118,True,False
A002_X12277ed_X22e53_spw3,_eta_Crv_B8,8,61035.15625,340,884,2861.6,1109,12.8,12m,5,9,4.083882510150006,120,-5032.0548,5.263,120,-5032.0548,26.118,True,True
A002_X12277ed_X22e53_spw3,_eta_Crv_B8,8,61035.15625,340,884,2861.6,1109,12.8,12m,5,10,2.929512043034169,191,4395.4825,5.317,192,-5256.0121,26.116,False,True
A002_X12277ed_X22e53_spw3,_eta_Crv_B8,8,61035.15625,340,884,2861.6,1109,12.8,12m,5,11,2.773677760485236,162,-1939.3107,5.057,162,-1939.3107,26.118,True,True
A002_X12277ed_X22e53_spw3,_eta_Crv_B8,8,61035.15625,340,884,2861.6,1109,12.8,12m,5,12,2.747855685620077,711,2443.8543,9.003,711,2433.1897,26.118,True,True
A002_X12277ed_X22e53_spw3,_eta_Crv_B8,8,61035.15625,340,884,2861.6,1109,12.8,12m,5,13,2.926298259792379,686,-115.6581,6.493,685,3307.6897,26.118,False,True
A002_X12277ed_X22e53_spw3,_eta_Crv_B8,8,61035.15625,340,884,2861.6,1109,12.8,12m,5,14,3.428868308436716,720,5035.3606,7.273,721,2091.9214,26.118,False,True
A002_X12277ed_X22e53_spw3,_eta_Crv_B8,8,61035.15625,340,884,2861.6,1109,12.8,12m,5,15,2.7664586607806134,243,748.1773,6.524,243,-1299.4326,26.112,False,True
A002_X12277ed_X22e53_spw3,_eta_Crv_B8,8,61035.15625,340,884,2861.6,1109,12.8,12m,6,0,3.4663466394421807,394,-5863.8963,25.704,394,3638.2934,25.986,False,True
A002_X12277ed_X22e53_spw3,_eta_Crv_B8,8,61035.15625,340,884,2861.6,1109,12.8,12m,6,1,3.162693745679169,292,1676.0006,5.078,292,1676.0006,26.131,True,True
A002_X12277ed_X22e53_spw3,_eta_Crv_B8,8,61035.15625,340,884,2861.6,1109,12.8,12m,6,2,3.6982690905202067,379,-2941.7863,6.441,379,-2941.7863,26.104,True,True
A002_X12277ed_X22e53_spw3,_eta_Crv_B8,8,61035.15625,340,884,2861.6,1109,12.8,12m,6,3,3.1162318822053034,182,4843.3972,5.484,182,4843.3972,26.119,True,True
A002_X12277ed_X22e53_spw3,_eta_Crv_B8,8,61035.15625,340,884,2861.6,1109,12.8,12m,6,4,3.416240686258635,201,5056.6899,7.396,201,5056.6899,26.126,True,True
A002_X12277ed_X22e53_spw3,_eta_Crv_B8,8,61035.15625,340,884,2861.6,1109,12.8,12m,6,5,3.411469869399032,275,-2440.5485,6.334,275,-2440.5485,26.118,True,True
A002_X12277ed_X22e53_spw3,_eta_Crv_B8,8,61035.15625,340,884,2861.6,1109,12.8,12m,6,6,3.322042155229724,484,-4562.8109,5.898,484,-4562.8109,26.112,True,True
A002_X12277ed_X22e53_spw3,_eta_Crv_B8,8,61035.15625,340,884,2861.6,1109,12.8,12m,6,7,3.4463857484921308,169,-1054.146,7.961,169,-1054.146,26.118,True,True
A002_X12277ed_X22e53_spw3,_eta_Crv_B8,8,61035.15625,340,884,2861.6,1109,12.8,12m,6,8,3.4695842832184693,210,2753.1287,4.942,210,2753.1287,26.133,True,False
A002_X12277ed_X22e53_spw3,_eta_Crv_B8,8,61035.15625,340,884,2861.6,1109,12.8,12m,6,9,3.2476364407813163,475,-520.9142,4.372,474,4150.1959,25.907,False,False
A002_X12277ed_X22e53_spw3,_eta_Crv_B8,8,61035.15625,340,884,2861.6,1109,12.8,12m,6,10,3.456288316549948,98,1441.3786,4.285,98,1452.0433,26.118,True,False
A002_X12277ed_X22e53_spw3,_eta_Crv_B8,8,61035.15625,340,884,2861.6,1109,12.8,12m,6,11,3.484016039905614,544,4555.452,5.566,544,4555.452,26.118,True,True
A002_X12277ed_X22e53_spw3,_eta_Crv_B8,8,61035.15625,340,884,2861.6,1109,12.8,12m,6,12,4.38889144084389,814,3584.9702,7.732,814,3584.9702,26.118,True,True
A002_X12277ed_X22e53_spw3,_eta_Crv_B8,8,61035.15625,340,884,2861.6,1109,12.8,12m,6,13,3.5232485033116268,708,3968.8971,6.793,708,2507.8421,26.118,False,True
A002_X12277ed_X22e53_spw3,_eta_Crv_B8,8,61035.15625,340,884,2861.6,1109,12.8,12m,6,14,3.2047272609948836,438,-435.5971,24.69,439,-5458.6402,26.099,False,True
A002_X12277ed_X22e53_spw3,_eta_Crv_B8,8,61035.15625,340,884,2861.6,1109,12.8,12m,6,15,3.5078654707846457,393,1569.3542,25.824,394,3638.2934,26.111,False,True
A002_X12277ed_X22e53_spw3,_eta_Crv_B8,8,61035.15625,340,884,2861.6,1109,12.8,12m,7,0,4.04396197312377,278,-243.6337,7.072,278,-243.6337,26.115,True,True
A002_X12277ed_X22e53_spw3,_eta_Crv_B8,8,61035.15625,340,884,2861.6,1109,12.8,12m,7,1,3.804481466854367,217,-766.2008,8.913,217,-766.2008,26.118,True,True
A002_X12277ed_X22e53_spw3,_eta_Crv_B8,8,61035.15625,340,884,2861.6,1109,12.8,12m,7,2,3.5869231767429883,399,-5778.5792,24.735,398,2806.4519,25.981,False,True
A002_X12277ed_X22e53_spw3,_eta_Crv_B8,8,61035.15625,340,884,2861.6,1109,12.8,12m,7,3,3.9032932618451763,658,588.2078,6.452,658,588.2078,26.118,True,True
A002_X12277ed_X22e53_spw3,_eta_Crv_B8,8,61035.15625,340,884,2861.6,1109,12.8,12m,7,4,3.871089801639655,191,4864.7264,7.092,191,4864.7264,26.116,True,True
A002_X12277ed_X22e53_spw3,_eta_Crv_B8,8,61035.15625,340,884,2861.6,1109,12.8,12m,7,5,3.8757171004673094,308,-1160.7923,7.669,308,-1160.7923,26.11,True,True
A002_X12277ed_X22e53_spw3,_eta_Crv_B8,8,61035.15625,340,884,2861.6,1109,12.8,12m,7,6,4.049495447942181,71,1622.6774,8.015,71,1622.6774,26.118,True,True
A002_X12277ed_X22e53_spw3,_eta_Crv_B8,8,61035.15625,340,884,2861.6,1109,12.8,12m,7,7,3.655511229060139,457,-3976.2559,6.961,457,-3976.2559,26.137,True,True
A002_X12277ed_X22e53_spw3,_eta_Crv_B8,8,61035.15625,340,884,2861.6,1109,12.8,12m,7,8,3.7333786489680305,293,4694.0923,6.655,293,4694.0923,26.105,True,True
A002_X12277ed_X22e53_spw3,_eta_Crv_B8,8,61035.15625,340,884,2861.6,1109,12.8,12m,7,9,4.304792300371164,122,193.6163,5.808,122,193.6163,26.118,True,True
A002_X12277ed_X22e53_spw3,_eta_Crv_B8,8,61035.15625,340,884,2861.6,1109,12.8,12m,7,10,3.930375741878476,594,-499.5849,7.344,594,-499.5849,26.118,True,True
A002_X12277ed_X22e53_spw3,_eta_Crv_B8,8,61035.15625,340,884,2861.6,1109,12.8,12m,7,11,4.010379294143707,70,-147.652,7.269,70,-147.652,26.118,True,True
A002_X12277ed_X22e53_spw3,_eta_Crv_B8,8,61035.15625,340,884,2861.6,1109,12.8,12m,7,12,3.628419676675103,299,492.2261,7.167,299,492.2261,26.119,True,True
A002_X12277ed_X22e53_spw3,_eta_Crv_B8,8,61035.15625,340,884,2861.6,1109,12.8,12m,7,13,4.023930610502632,787,-3187.073,5.964,787,-3187.073,26.118,True,True
A002_X12277ed_X22e53_spw3,_eta_Crv_B8,8,61035.15625,340,884,2861.6,1109,12.8,12m,7,14,4.297842751534148,663,2273.2201,6.888,663,2273.2201,26.118,True,True
A002_X12277ed_X22e53_spw3,_eta_Crv_B8,8,61035.15625,340,884,2861.6,1109,12.8,12m,7,15,3.924931723368317,793,2411.8604,6.503,794,-382.274,26.118,False,True
A002_X12277ed_X22e53_spw3,_eta_Crv_B8,8,61035.15625,340,884,2861.6,1109,12.8,12m,8,0,4.829160933336301,172,1761.3177,7.857,172,1761.3177,26.117,True,True
A002_X12277ed_X22e53_spw3,_eta_Crv_B8,8,61035.15625,340,884,2861.6,1109,12.8,12m,8,1,4.56872018986516,92,4896.7203,7.449,92,4896.7203,26.107,True,True
A002_X12277ed_X22e53_spw3,_eta_Crv_B8,8,61035.15625,340,884,2861.6,1109,12.8,12m,8,2,4.601936034396474,701,-1512.7253,8.166,701,-1512.7253,26.118,True,True
A002_X12277ed_X22e53_spw3,_eta_Crv_B8,8,61035.15625,340,884,2861.6,1109,12.8,12m,8,3,4.505573176320704,660,-5693.2622,8.912,660,-5693.2622,26.119,True,True
A002_X12277ed_X22e53_spw3,_eta_Crv_B8,8,61035.15625,340,884,2861.6,1109,12.8,12m,8,4,4.51969883432194,89,-1470.0667,6.732,89,-1470.0667,26.118,True,True
A002_X12277ed_X22e53_spw3,_eta_Crv_B8,8,61035.15625,340,884,2861.6,1109,12.8,12m,8,5,4.239022614631374,426,-3048.4327,26.63,427,-3080.4266,27.002,False,True
A002_X12277ed_X22e53_spw3,_eta_Crv_B8,8,61035.15625,340,884,2861.6,1109,12.8,12m,8,6,4.189573255776591,575,-3880.2742,8.421,575,-3880.2742,26.118,True,True
A002_X12277ed_X22e53_spw3,_eta_Crv_B8,8,61035.15625,340,884,2861.6,1109,12.8,12m,8,7,4.617267940854371,176,1142.7688,9.487,176,1142.7688,26.117,True,True
A002_X12277ed_X22e53_spw3,_eta_Crv_B8,8,61035.15625,340,884,2861.6,1109,12.8,12m,8,8,4.852461531968596,751,5877.8668,9.509,751,5877.8668,26.118,True,True
A002_X12277ed_X22e53_spw3,_eta_Crv_B8,8,61035.15625,340,884,2861.6,1109,12.8,12m,8,9,4.213803528548421,466,3051.7385,8.424,466,3051.7385,26.113,True,True
A002_X12277ed_X22e53_spw3,_eta_Crv_B8,8,61035.15625,340,884,2861.6,1109,12.8,12m,8,10,4.801384996541295,631,897.4822,8.658,631,897.4822,26.118,True,True
A002_X12277ed_X22e53_spw3,_eta_Crv_B8,8,61035.15625,340,884,2861.6,1109,12.8,12m,8,11,4.868590436020616,594,-595.5667,7.522,594,-595.5667,26.118,True,True
A002_X12277ed_X22e53_spw3,_eta_Crv_B8,8,61035.15625,340,884,2861.6,1109,12.8,12m,8,12,4.340247327969794,171,5163.3362,7.317,171,5163.3362,26.116,True,True
A002_X12277ed_X22e53_spw3,_eta_Crv_B8,8,61035.15625,340,884,2861.6,1109,12.8,12m,8,13,4.365980210690973,246,4971.3728,8.295,246,4971.3728,26.121,True,True
A002_X12277ed_X22e53_spw3,_eta_Crv_B8,8,61035.15625,340,884,2861.6,1109,12.8,12m,8,14,4.093358860726861,514,-4328.1889,8.498,514,-4328.1889,26.108,True,True
A002_X12277ed_X22e53_spw3,_eta_Crv_B8,8,61035.15625,340,884,2861.6,1109,12.8,12m,8,15,3.8307328258406046,486,-3762.9632,10.466,486,-3762.9632,25.897,True,True
A002_X12277ed_X22e53_spw3,_eta_Crv_B8,8,61035.15625,340,884,2861.6,1109,12.8,12m,10,0,5.8902152473063945,661,1665.336,10.139,661,1665.336,26.118,True,True
A002_X12277ed_X22e53_spw3,_eta_Crv_B8,8,61035.15625,340,884,2861.6,1109,12.8,12m,10,1,5.842094950530312,639,-4424.1706,10.365,639,-4424.1706,26.118,True,True
A002_X12277ed_X22e53_spw3,_eta_Crv_B8,8,61035.15625,340,884,2861.6,1109,12.8,12m,10,2,5.4548753481863335,420,-2643.1766,25.527,420,-1608.707,26.33,False,True
A002_X12277ed_X22e53_spw3,_eta_Crv_B8,8,61035.15625,340,884,2861.6,1109,12.8,12m,10,3,5.8197909093002815,577,1814.6408,9.262,577,1814.6408,26.118,True,True
A002_X12277ed_X22e53_spw3,_eta_Crv_B8,8,61035.15625,340,884,2861.6,1109,12.8,12m,10,4,6.0290937677816245,715,3851.5861,9.966,715,3851.5861,26.118,True,True
A002_X12277ed_X22e53_spw3,_eta_Crv_B8,8,61035.15625,340,884,2861.6,1109,12.8,12m,10,5,5.888461849951848,687,5419.2875,9.228,687,5419.2875,26.118,True,True
A002_X12277ed_X22e53_spw3,_eta_Crv_B8,8,61035.15625,340,884,2861.6,1109,12.8,12m,10,6,5.520704922890275,511,5909.8607,10.528,511,5909.8607,26.118,True,True
A002_X12277ed_X22e53_spw3,_eta_Crv_B8,8,61035.15625,340,884,2861.6,1109,12.8,12m,10,7,5.075177411790189,457,-5703.9268,9.663,457,-5703.9268,25.908,True,True
A002_X12277ed_X22e53_spw3,_eta_Crv_B8,8,61035.15625,340,884,2861.6,1109,12.8,12m,10,8,5.4466154724806595,465,5579.257,9.831,465,5579.257,26.117,True,True
A002_X12277ed_X22e53_spw3,_eta_Crv_B8,8,61035.15625,340,884,2861.6,1109,12.8,12m,10,9,5.269597185851259,319,4608.7752,9.816,319,4608.7752,26.066,True,True
A002_X12277ed_X22e53_spw3,_eta_Crv_B8,8,61035.15625,340,884,2861.6,1109,12.8,12m,10,10,5.875204916758285,627,-510.2496,12.31,627,-510.2496,26.118,True,True
A002_X12277ed_X22e53_spw3,_eta_Crv_B8,8,61035.15625,340,884,2861.6,1109,12.8,12m,10,11,5.285470120414868,710,-2163.268,9.261,710,-2163.268,26.118,True,True
A002_X12277ed_X22e53_spw3,_eta_Crv_B8,8,61035.15625,340,884,2861.6,1109,12.8,12m,10,12,5.216883068298252,544,1846.6347,11.617,544,1846.6347,26.118,True,True
A002_X12277ed_X22e53_spw3,_eta_Crv_B8,8,61035.15625,340,884,2861.6,1109,12.8,12m,10,13,5.221220452380135,726,-4488.1584,10.85,726,-4488.1584,26.118,True,True
A002_X12277ed_X22e53_spw3,_eta_Crv_B8,8,61035.15625,340,884,2861.6,1109,12.8,12m,10,14,5.004745005180862,246,2699.8055,7.449,247,-3112.4205,26.184,False,True
A002_X12277ed_X22e53_spw3,_eta_Crv_B8,8,61035.15625,340,884,2861.6,1109,12.8,12m,10,15,5.3196724421520045,717,-4562.8109,9.487,717,-4562.8109,26.118,True,True
A002_X12277ed_X22e53_spw3,_eta_Crv_B8,8,61035.15625,340,884,2861.6,1109,12.8,12m,12,0,7.909676604672534,637,-1182.1216,11.941,637,-1182.1216,26.118,True,True
A002_X12277ed_X22e53_spw3,_eta_Crv_B8,8,61035.15625,340,884,2861.6,1109,12.8,12m,12,1,6.0088120744813125,252,662.8603,11.796,252,662.8603,26.104,True,True
A002_X12277ed_X22e53_spw3,_eta_Crv_B8,8,61035.15625,340,884,2861.6,1109,12.8,12m,12,2,6.653966356989539,608,-552.9081,10.219,608,-552.9081,26.118,True,True
A002_X12277ed_X22e53_spw3,_eta_Crv_B8,8,61035.15625,340,884,2861.6,1109,12.8,12m,12,3,7.195764336277671,467,4192.8544,11.208,467,4192.8544,26.117,True,True
A002_X12277ed_X22e53_spw3,_eta_Crv_B8,8,61035.15625,340,884,2861.6,1109,12.8,12m,12,4,6.34444547145449,426,-1214.1155,26.211,427,-3048.4327,26.211,False,True
A002_X12277ed_X22e53_spw3,_eta_Crv_B8,8,61035.15625,340,884,2861.6,1109,12.8,12m,12,5,6.031658249006977,371,1558.6896,13.194,371,1558.6896,26.083,True,True
A002_X12277ed_X22e53_spw3,_eta_Crv_B8,8,61035.15625,340,884,2861.6,1109,12.8,12m,12,6,6.822326954915343,482,-2013.9631,12.526,482,-2013.9631,25.937,True,True
A002_X12277ed_X22e53_spw3,_eta_Crv_B8,8,61035.15625,340,884,2861.6,1109,12.8,12m,12,7,6.113700685190171,744,2678.4763,13.385,744,2678.4763,26.118,True,True
A002_X12277ed_X22e53_spw3,_eta_Crv_B8,8,61035.15625,340,884,2861.6,1109,12.8,12m,12,8,6.848345412967848,381,2710.4702,11.207,381,2710.4702,26.002,True,True
A002_X12277ed_X22e53_spw3,_eta_Crv_B8,8,61035.15625,340,884,2861.6,1109,12.8,12m,12,9,8.435036498013751,142,-5010.7255,10.674,142,-5010.7255,26.118,True,True
A002_X12277ed_X22e53_spw3,_eta_Crv_B8,8,61035.15625,340,884,2861.6,1109,12.8,12m,12,10,6.852744821820753,461,-3379.0364,11.174,461,-3379.0364,25.866,True,True
A002_X12277ed_X22e53_spw3,_eta_Crv_B8,8,61035.15625,340,884,2861.6,1109,12.8,12m,12,11,6.556587688400033,304,3158.3848,11.3,304,3158.3848,26.047,True,True
A002_X12277ed_X22e53_spw3,_eta_Crv_B8,8,61035.15625,340,884,2861.6,1109,12.8,12m,12,12,7.146774567232457,477,1857.2994,11.21,477,1857.2994,26.118,True,True
A002_X12277ed_X22e53_spw3,_eta_Crv_B8,8,61035.15625,340,884,2861.6,1109,12.8,12m,12,13,6.435093471445287,420,566.8786,25.46,420,-1608.707,26.058,False,True
A002_X12277ed_X22e53_spw3,_eta_Crv_B8,8,61035.15625,340,884,2861.6,1109,12.8,12m,12,14,6.74861576259583,243,3616.9642,11.296,243,3616.9642,26.212,True,True
A002_X12277ed_X22e53_spw3,_eta_Crv_B8,8,61035.15625,340,884,2861.6,1109,12.8,12m,12,15,7.198797160376862,662,4896.7203,11.875,662,4896.7203,26.118,True,True
A002_X12277ed_X22e53_spw3,_eta_Crv_B8,8,61035.15625,340,884,2861.6,1109,12.8,12m,15,0,8.259692900755981,620,3115.7263,13.307,620,3115.7263,26.118,True,True
A002_X12277ed_X22e53_spw3,_eta_Crv_B8,8,61035.15625,340,884,2861.6,1109,12.8,12m,15,1,8.455557578553465,495,-5298.6707,15.702,495,-5298.6707,25.945,True,True
A002_X12277ed_X22e53_spw3,_eta_Crv_B8,8,61035.15625,340,884,2861.6,1109,12.8,12m,15,2,13.41921759001317,807,5248.6533,14.592,807,5248.6533,26.118,True,True
A002_X12277ed_X22e53_spw3,_eta_Crv_B8,8,61035.15625,340,884,2861.6,1109,12.8,12m,15,3,7.95272663570826,552,-1118.1338,15.618,552,-1118.1338,26.118,True,True
A002_X12277ed_X22e53_spw3,_eta_Crv_B8,8,61035.15625,340,884,2861.6,1109,12.8,12m,15,4,8.127847169918073,373,-3080.4266,15.453,373,-3080.4266,26.099,True,True
A002_X12277ed_X22e53_spw3,_eta_Crv_B8,8,61035.15625,340,884,2861.6,1109,12.8,12m,15,5,8.018281423910343,777,-4296.195,15.217,777,-4296.195,26.118,True,True
A002_X12277ed_X22e53_spw3,_eta_Crv_B8,8,61035.15625,340,884,2861.6,1109,12.8,12m,15,6,8.503325236727338,359,-4669.4572,16.513,359,-4669.4572,26.117,True,True
A002_X12277ed_X22e53_spw3,_eta_Crv_B8,8,61035.15625,340,884,2861.6,1109,12.8,12m,15,7,7.437588018188904,455,1452.0433,13.666,455,1452.0433,25.902,True,True
A002_X12277ed_X22e53_spw3,_eta_Crv_B8,8,61035.15625,340,884,2861.6,1109,12.8,12m,15,8,10.429517138682733,704,5056.6899,14.3,704,5056.6899,26.118,True,True
A002_X12277ed_X22e53_spw3,_eta_Crv_B8,8,61035.15625,340,884,2861.6,1109,12.8,12m,15,9,8.182875242251145,684,865.4883,13.606,684,865.4883,26.118,True,True
A002_X12277ed_X22e53_spw3,_eta_Crv_B8,8,61035.15625,340,884,2861.6,1109,12.8,12m,15,10,9.208866920193687,123,3915.5739,15.673,123,3915.5739,26.12,True,True
A002_X12277ed_X22e53_spw3,_eta_Crv_B8,8,61035.15625,340,884,2861.6,1109,12.8,12m,15,11,8.751656217377747,595,1110.7749,16.621,595,1110.7749,26.118,True,True
A002_X12277ed_X22e53_spw3,_eta_Crv_B8,8,61035.15625,340,884,2861.6,1109,12.8,12m,15,12,7.903803693759866,235,5771.2204,15.05,235,5771.2204,26.097,True,True
A002_X12277ed_X22e53_spw3,_eta_Crv_B8,8,61035.15625,340,884,2861.6,1109,12.8,12m,15,13,8.152553609360005,365,-2184.5973,15.3,365,-2184.5973,25.952,True,True
A002_X12277ed_X22e53_spw3,_eta_Crv_B8,8,61035.15625,340,884,2861.6,1109,12.8,12m,15,14,8.133579752845634,161,-1512.7253,14.593,161,-1512.7253,26.118,True,True
A002_X12277ed_X22e53_spw3,_eta_Crv_B8,8,61035.15625,340,884,2861.6,1109,12.8,12m,15,15,8.501607592263774,250,-1064.8106,13.268,250,-1064.8106,26.118,True,True
