star_name,system,band,eb,dist_pc,flo_GHz,fhi_GHz,chanw_Hz,bandwidth_Hz,on_source_s,n_ant,rms_mJy,smin_mJy,eirp_5sigma_W,drift_max_Hz_s,n_drift_trials,resolution_class,star_snr,ctrl_max_snr,n_ctrl,n_ctrl_ge_star,p_rank_addone,nearest_line,line_offset_MHz,line_offset_kms,hit,spatially_significant,qa_status,disposition
Proxima Cen,Proxima Cen,6,A002_X106a1f1_X6a0c,1.3016,223.085939,224.914064,15625000.0000,1843750000.0,2998.80,,2.16675,10.8337,3.431242e+13,2688.0000,4,coarse,2.8920,4.4252,512,192,0.376218,,,,False,False,duplicate_row,
Proxima Cen,Proxima Cen,6,A002_X106a1f1_X6a0c,1.3016,223.085939,224.914064,15625000.0000,1843750000.0,2998.80,,2.16675,10.8439,3.434452e+13,2688.0000,4,coarse,2.8920,4.4252,512,192,0.376218,13CO(2-1),2749.4394,3679.74,False,False,searched,
Proxima Cen,Proxima Cen,6,A002_X106a1f1_X6a0c,1.3016,225.085939,226.914064,15625000.0000,1843750000.0,2998.80,,2.08023,10.4111,3.297368e+13,2712.0000,4,coarse,3.3255,5.0369,512,68,0.134503,CO(2-1),-4405.1856,-5843.55,False,False,searched,
Proxima Cen,Proxima Cen,6,A002_X106a1f1_X6a0c,1.3016,239.085936,240.914061,15625000.0000,1843750000.0,2998.80,,3.36108,16.8234,5.328289e+13,2880.0000,4,coarse,3.4710,4.6070,512,37,0.074074,CS(5-4),-5725.0644,-7151.38,False,False,searched,
Proxima Cen,Proxima Cen,6,A002_X106a1f1_X6a0c,1.3016,241.085936,242.914061,15625000.0000,1843750000.0,2998.80,,2.3993,12.0096,3.803653e+13,2904.0000,4,coarse,2.7633,4.2247,512,204,0.399610,CS(5-4),-3084.4394,-3821.04,False,False,searched,
NAME Barnards star,NAME Barnards star,6,A002_Xfdf45f_X478e,1.8282,223.085939,224.914064,15625000.0000,1843750000.0,2998.80,,2.04705,10.2457,6.402275e+13,2688.0000,4,coarse,3.0588,4.1255,512,108,0.212476,13CO(2-1),3124.4394,4181.62,False,False,searched,
NAME Barnards star,NAME Barnards star,6,A002_Xfdf45f_X478e,1.8282,225.085939,226.914064,15625000.0000,1843750000.0,2998.80,,1.96647,9.84253,6.150372e+13,2712.0000,4,coarse,4.3980,4.3819,512,0,0.001949,13CO(2-1),4921.3144,6528.20,False,True,searched,
NAME Barnards star,NAME Barnards star,6,A002_Xfdf45f_X478e,1.8282,239.085936,240.914061,15625000.0000,1843750000.0,2998.80,,2.10339,10.5292,6.579478e+13,2880.0000,4,coarse,2.0875,3.9928,512,490,0.957115,CS(5-4),-5850.0644,-7307.52,False,False,searched,
NAME Barnards star,NAME Barnards star,6,A002_Xfdf45f_X478e,1.8282,241.085936,242.914061,15625000.0000,1843750000.0,2998.80,,2.2015,11.0206,6.886502e+13,2904.0000,4,coarse,2.4507,4.1266,512,410,0.801170,CS(5-4),-2287.5644,-2833.86,False,False,searched,
Wolf  359,Wolf  359,6,A002_Xfdb69b_X667a,2.4086,223.085939,224.914064,15625000.0000,1843750000.0,2998.80,,1.54984,7.75641,8.412407e+13,2688.0000,4,coarse,2.5857,4.5959,512,337,0.658869,13CO(2-1),3311.9394,4432.56,False,False,searched,
Wolf  359,Wolf  359,6,A002_Xfdb69b_X667a,2.4086,225.085939,226.914064,15625000.0000,1843750000.0,2998.80,,1.44358,7.22474,7.835772e+13,2712.0000,4,coarse,2.8452,4.4178,512,202,0.395712,CO(2-1),-5030.1856,-6672.62,False,False,searched,
Wolf  359,Wolf  359,6,A002_Xfdb69b_X667a,2.4086,239.085936,240.914061,15625000.0000,1843750000.0,2998.80,,1.59738,7.99541,8.671614e+13,2880.0000,4,coarse,2.4047,4.5355,512,412,0.805068,CS(5-4),-4412.5644,-5511.89,False,False,searched,
Wolf  359,Wolf  359,6,A002_Xfdb69b_X667a,2.4086,241.085936,242.914061,15625000.0000,1843750000.0,2998.80,,1.67713,8.39473,9.104713e+13,2904.0000,4,coarse,3.0875,4.4167,512,136,0.267057,CS(5-4),-2584.4394,-3201.63,False,False,searched,
alf CMa B,alf CMa B,3,A002_Xc99ad7_X348,2.6703,92.127387,93.861762,15625000.0000,1750000000.0,344.74,,0.383416,1.91708,2.555591e+13,1115.9349,2,coarse,2.5510,4.4634,512,254,0.497076,,,,False,False,duplicate_row,
alf CMa B,alf CMa B,3,A002_Xc99ad7_X348,2.6703,92.127387,93.861762,15625000.0000,1750000000.0,344.74,,0.383416,1.98624,2.647781e+13,1115.9349,2,coarse,2.5510,4.4634,512,254,0.497076,HCO+(1-0),4407.1375,14207.57,False,False,searched,
alf CMa B,alf CMa B,3,A002_Xc99ad7_X348,2.6703,94.064887,95.799262,15625000.0000,1750000000.0,344.74,,0.385797,2.00155,2.668201e+13,1139.1849,2,coarse,2.8909,4.8067,512,111,0.218324,HCO+(1-0),5844.6375,18457.18,False,False,searched,
alf CMa B,alf CMa B,3,A002_Xc99ad7_X348,2.6703,104.127387,105.861762,15625000.0000,1750000000.0,344.74,,0.419594,2.19492,2.925972e+13,1259.9349,2,coarse,3.2521,4.2428,512,41,0.081871,CN(1-0),-7707.3625,-22006.94,False,False,searched,
alf CMa B,alf CMa B,3,A002_Xc99ad7_X348,2.6703,106.127387,107.861762,15625000.0000,1750000000.0,344.74,,0.439966,2.30549,3.073366e+13,1283.9349,2,coarse,2.2319,4.3941,512,379,0.740741,CN(1-0),-6426.1125,-18005.59,False,False,searched,
alf CMa B,alf CMa B,4,A002_Xcc626d_X579,2.6703,142.127387,143.861762,15625000.0000,1750000000.0,344.74,,0.347287,1.73643,2.314779e+13,1715.9349,2,coarse,2.0798,3.9469,512,432,0.844055,,,,False,False,duplicate_row,
alf CMa B,alf CMa B,4,A002_Xcc626d_X579,2.6703,142.127387,143.861762,15625000.0000,1750000000.0,344.74,,0.347287,1.9024,2.536029e+13,1715.9349,2,coarse,2.0798,3.9469,512,432,0.844055,CO(1-0),27059.5125,56731.09,False,False,searched,
alf CMa B,alf CMa B,4,A002_Xcc626d_X579,2.6703,144.064887,145.799262,15625000.0000,1750000000.0,344.74,,0.320287,1.75888,2.344699e+13,1739.1849,2,coarse,3.0530,4.6225,512,70,0.138402,CO(1-0),29700.1375,61434.83,False,False,searched,
alf CMa B,alf CMa B,4,A002_Xcc626d_X579,2.6703,154.127387,155.861762,15625000.0000,1750000000.0,344.74,,0.351965,1.95906,2.611551e+13,1859.9349,2,coarse,2.6477,4.7707,512,192,0.376218,CO(1-0),39903.2625,77181.39,False,False,searched,
alf CMa B,alf CMa B,4,A002_Xcc626d_X579,2.6703,156.127387,157.861762,15625000.0000,1750000000.0,344.74,,0.398218,2.22269,2.962989e+13,1883.9349,2,coarse,2.5570,4.5643,512,237,0.463938,CO(1-0),41653.2625,79539.91,False,False,searched,
alf CMa B,alf CMa B,5,A002_Xd0fb35_X90dc,2.6703,195.127387,196.861762,15625000.0000,1750000000.0,344.74,,0.522396,2.61198,3.481938e+13,2351.9349,2,coarse,2.6385,4.8985,512,203,0.397661,,,,False,False,duplicate_row,
alf CMa B,alf CMa B,5,A002_Xd0fb35_X90dc,2.6703,195.127387,196.861762,15625000.0000,1750000000.0,344.74,,0.522396,3.03135,4.040985e+13,2351.9349,2,coarse,2.6385,4.8985,512,203,0.397661,SiO(5-4),-20790.1125,-31800.47,False,False,searched,
alf CMa B,alf CMa B,5,A002_Xd0fb35_X90dc,2.6703,197.064887,198.799262,15625000.0000,1750000000.0,344.74,,0.436914,2.54283,3.389759e+13,2375.1849,2,coarse,2.3776,4.6779,512,328,0.641326,SiO(5-4),-19461.9875,-29477.57,False,False,searched,
alf CMa B,alf CMa B,5,A002_Xd0fb35_X90dc,2.6703,207.127387,208.861762,15625000.0000,1750000000.0,344.74,,0.598105,3.53651,4.714396e+13,2495.9349,2,coarse,2.1739,4.1682,512,392,0.766082,SiO(5-4),-9383.8625,-13525.41,False,False,searched,
alf CMa B,alf CMa B,5,A002_Xd0fb35_X90dc,2.6703,209.127387,210.861762,15625000.0000,1750000000.0,344.74,,0.622413,3.69218,4.921921e+13,2519.9349,2,coarse,2.4442,4.1328,512,312,0.610136,SiO(5-4),-7727.6125,-11032.09,False,False,searched,
G 272-61B,G 272-61A,3,A002_X877e41_X14c1,2.6749,89.627387,91.361762,15625000.0000,1750000000.0,1862.78,,0.247351,1.23675,1.654371e+13,1085.9349,2,coarse,2.5740,4.1294,512,257,0.502924,,,,False,False,duplicate_row,
G 272-61B,G 272-61A,3,A002_X877e41_X14c1,2.6749,89.627387,91.361762,15625000.0000,1750000000.0,1862.78,,0.247351,1.2381,1.656166e+13,1085.9349,2,coarse,2.5740,4.1294,512,257,0.502924,HCO+(1-0),2125.8875,7042.69,False,False,searched,
G 272-61B,G 272-61A,3,A002_X877e41_X14c1,2.6749,91.564887,93.299262,15625000.0000,1750000000.0,1862.78,,0.241326,1.20799,1.615899e+13,1109.1849,2,coarse,1.9855,4.6370,512,467,0.912281,HCO+(1-0),3141.5125,10189.12,False,False,searched,
G 272-61B,G 272-61A,3,A002_X877e41_X14c1,2.6749,101.627387,103.361762,15625000.0000,1750000000.0,1862.78,,0.244993,1.22667,1.640883e+13,1229.9349,2,coarse,2.4393,4.4884,512,290,0.567251,CN(1-0),-11519.8625,-33695.13,False,False,searched,
G 272-61B,G 272-61A,3,A002_X877e41_X14c1,2.6749,103.627387,105.361762,15625000.0000,1750000000.0,1862.78,,0.245624,1.2299,1.645197e+13,1253.9349,2,coarse,2.1410,4.2487,512,436,0.851852,CN(1-0),-8582.3625,-24622.59,False,False,searched,
G 272-61A,G 272-61A,3,A002_X877e41_X14c1,2.7195,89.627387,91.361762,15625000.0000,1750000000.0,1862.78,,0.24752,1.2376,1.711181e+13,1085.9349,2,coarse,2.0372,4.3507,512,444,0.867446,,,,False,False,duplicate_row,
G 272-61A,G 272-61A,3,A002_X877e41_X14c1,2.7195,89.627387,91.361762,15625000.0000,1750000000.0,1862.78,,0.24752,1.24035,1.714988e+13,1085.9349,2,coarse,2.0372,4.3507,512,444,0.867446,HCO+(1-0),1907.1375,6318.01,False,False,searched,
G 272-61A,G 272-61A,3,A002_X877e41_X14c1,2.7195,91.564887,93.299262,15625000.0000,1750000000.0,1862.78,,0.24119,1.20875,1.671287e+13,1109.1849,2,coarse,2.3590,4.3108,512,310,0.606238,HCO+(1-0),2516.5125,8162.01,False,False,searched,
G 272-61A,G 272-61A,3,A002_X877e41_X14c1,2.7195,101.627387,103.361762,15625000.0000,1750000000.0,1862.78,,0.244697,1.22698,1.696495e+13,1229.9349,2,coarse,2.8265,4.2550,512,128,0.251462,CN(1-0),-11285.4875,-33009.59,False,False,searched,
G 272-61A,G 272-61A,3,A002_X877e41_X14c1,2.7195,103.627387,105.361762,15625000.0000,1750000000.0,1862.78,,0.245672,1.232,1.703442e+13,1253.9349,2,coarse,2.9143,4.4725,512,107,0.210526,CN(1-0),-8144.8625,-23367.42,False,False,searched,
CD-23 14742,CD-23 14742,6,A002_Xfeb5e6_X13ee,2.9760,223.085939,224.914064,15625000.0000,1843750000.0,2998.80,,1.45148,7.2574,1.201614e+14,2688.0000,4,coarse,2.5030,4.4283,512,373,0.729045,,,,False,False,duplicate_row,
CD-23 14742,CD-23 14742,6,A002_Xfeb5e6_X13ee,2.9760,223.085939,224.914064,15625000.0000,1843750000.0,2998.80,,1.45148,7.26012,1.202064e+14,2688.0000,4,coarse,2.5030,4.4283,512,373,0.729045,13CO(2-1),3593.1894,4808.98,False,False,searched,
CD-23 14742,CD-23 14742,6,A002_Xfeb5e6_X13ee,2.9760,225.085939,226.914064,15625000.0000,1843750000.0,2998.80,,1.35364,6.77078,1.121044e+14,2712.0000,4,coarse,2.5636,4.1216,512,354,0.692008,CO(2-1),-4264.5606,-5657.00,False,False,searched,
CD-23 14742,CD-23 14742,6,A002_Xfeb5e6_X13ee,2.9760,239.085936,240.914061,15625000.0000,1843750000.0,2998.80,,1.49084,7.45741,1.234729e+14,2880.0000,4,coarse,3.4726,3.8832,512,30,0.060429,CS(5-4),-4600.0644,-5746.10,False,False,searched,
CD-23 14742,CD-23 14742,6,A002_Xfeb5e6_X13ee,2.9760,241.085936,242.914061,15625000.0000,1843750000.0,2998.80,,1.56849,7.8459,1.299051e+14,2904.0000,4,coarse,3.1119,4.7486,512,181,0.354776,CS(5-4),-2162.5644,-2679.01,False,False,searched,
eps Eri,eps Eri,6,A002_X99c183_X4f1e,3.2198,215.103264,216.837639,15625000.0000,1750000000.0,2570.40,,0.618892,8.9201,1.728865e+14,2591.6454,4,coarse,1.9803,4.2539,512,505,0.986355,SiO(5-4),-720.4862,-1000.12,False,False,withheld_primary_beam,
eps Eri,eps Eri,6,A002_X99c183_X4f1e,3.2198,217.352956,219.087331,15625000.0000,1750000000.0,2570.40,,0.611643,9.01325,1.746920e+14,2618.6417,4,coarse,2.5337,4.7153,512,356,0.695906,C18O(2-1),-488.2940,-670.82,False,False,withheld_primary_beam,
eps Eri,eps Eri,6,A002_X99c183_X4f1e,3.2198,229.652822,231.377920,488281.2500,1725585937.5,2570.40,,4.03079,67.3225,4.077573e+13,2766.1844,74,fine,4.3898,5.7894,512,326,0.637427,CO(2-1),450.2712,585.59,False,False,withheld_primary_beam,
eps Eri,eps Eri,6,A002_X99c183_X4f1e,3.2198,232.100938,233.835313,15625000.0000,1750000000.0,2570.40,,0.714525,12.246,2.373476e+14,2795.6175,4,coarse,2.6871,4.1906,512,277,0.541910,CO(2-1),2156.6882,2775.31,False,False,withheld_primary_beam,
tau Cet,tau Cet,6,A002_Xb9cc97_X150a,3.6522,229.633788,231.474121,488281.2500,1840820312.5,2963.52,,9.73114,48.6557,3.791550e+13,2766.6475,86,fine,4.9435,5.7541,512,73,0.144250,,,,False,False,searched,
tau Cet,tau Cet,6,A002_Xb9cc97_X150a,3.6522,229.633788,231.474121,488281.2500,1840820312.5,1391.04,,14.0114,70.0569,5.459265e+13,2766.6475,40,fine,4.0003,5.9316,512,476,0.929825,,,,False,False,duplicate_row,
BD05  1668,BD05  1668,6,A002_Xc74b5b_X7c16,3.7861,223.132814,224.867189,15625000.0000,1750000000.0,1421.28,,2.11296,10.567,2.831772e+14,2688.0000,3,coarse,2.2655,4.2559,512,435,0.849903,13CO(2-1),3936.9394,5269.04,False,False,searched,
BD05  1668,BD05  1668,6,A002_Xc74b5b_X7c16,3.7861,225.132814,226.867189,15625000.0000,1750000000.0,1421.28,,2.02497,10.127,2.713861e+14,2712.0000,3,coarse,3.0103,4.3572,512,97,0.191033,CO(2-1),-3952.0606,-5242.47,False,False,searched,
BD05  1668,BD05  1668,6,A002_Xc74b5b_X7c16,3.7861,239.132811,240.867186,15625000.0000,1750000000.0,1421.28,,2.20563,11.0308,2.956056e+14,2880.0000,3,coarse,3.1870,4.3299,512,66,0.130604,CS(5-4),-4756.3144,-5941.28,False,False,searched,
BD05  1668,BD05  1668,6,A002_Xc74b5b_X7c16,3.7861,241.132811,242.867186,15625000.0000,1750000000.0,1421.28,,2.32306,11.6181,3.113453e+14,2904.0000,3,coarse,2.2249,4.3779,512,421,0.822612,CS(5-4),-2600.0644,-3220.99,False,False,searched,
HD  33793,HD  33793,6,A002_Xc8b2b0_X9c35,3.9339,223.085939,224.914064,15625000.0000,1843750000.0,846.72,,3.88542,19.4271,5.620729e+14,2688.0000,2,coarse,2.2645,4.3756,512,350,0.684211,,,,False,False,searched,
Wolf   28,Wolf   28,6,A002_X9f2ff8_X25b0,4.3144,223.132812,224.867188,15625000.0000,1750000000.0,2903.04,,0.383435,1.91718,6.671769e+13,2688.0000,4,coarse,2.5897,4.5245,512,311,0.608187,,,,False,False,searched,
GJ 674,GJ 674,6,A002_X107fa96_Xce38,4.5509,223.085939,224.914064,15625000.0000,1843750000.0,2998.80,,1.41747,7.08733,2.744115e+14,2688.0000,4,coarse,2.9103,4.3969,512,195,0.382066,,,,False,False,duplicate_row,
GJ 674,GJ 674,6,A002_X107fa96_Xce38,4.5509,223.085939,224.914064,15625000.0000,1843750000.0,2998.80,,1.41747,7.08759,2.744214e+14,2688.0000,4,coarse,2.9103,4.3969,512,195,0.382066,13CO(2-1),3436.9394,4599.86,False,False,searched,
GJ 674,GJ 674,6,A002_X107fa96_Xce38,4.5509,225.085939,226.914064,15625000.0000,1843750000.0,2998.80,,1.31314,6.56596,2.542246e+14,2712.0000,4,coarse,3.8464,4.2542,512,10,0.021442,CO(2-1),-4030.1856,-5346.10,False,False,searched,
GJ 674,GJ 674,6,A002_X107fa96_Xce38,4.5509,239.085936,240.914061,15625000.0000,1843750000.0,2998.80,,1.46901,7.34535,2.844014e+14,2880.0000,4,coarse,2.6307,4.1891,512,342,0.668616,CS(5-4),-5693.8144,-7112.34,False,False,searched,
GJ 674,GJ 674,6,A002_X107fa96_Xce38,4.5509,241.085936,242.914061,15625000.0000,1843750000.0,2998.80,,1.53203,7.66045,2.966019e+14,2904.0000,4,coarse,2.3281,4.4201,512,469,0.916179,CS(5-4),-3303.1894,-4092.03,False,False,searched,
GL 3379  Gaia DR3 3316364602541746048,GL 3379  Gaia DR3 3316364602541746048,6,A002_Xda2c82_X765d,5.2080,212.045896,213.874021,15625000.0000,1843750000.0,2751.84,,2.45017,12.2523,6.212747e+14,2555.5195,4,coarse,3.2597,4.1701,512,81,0.159844,SiO(5-4),-4277.8542,-6022.11,False,False,searched,
GL 3379  Gaia DR3 3316364602541746048,GL 3379  Gaia DR3 3316364602541746048,6,A002_Xda2c82_X765d,5.2080,214.045520,215.873645,15625000.0000,1843750000.0,2751.84,,2.31099,11.5563,5.859844e+14,2579.5150,4,coarse,2.5741,4.3497,512,326,0.637427,SiO(5-4),-3043.8552,-4245.10,False,False,searched,
GL 3379  Gaia DR3 3316364602541746048,GL 3379  Gaia DR3 3316364602541746048,6,A002_Xda2c82_X765d,5.2080,227.043072,228.871197,15625000.0000,1843750000.0,2751.84,,2.25746,11.2887,5.724181e+14,2735.4856,4,coarse,2.5542,4.9170,512,377,0.736842,CO(2-1),-2135.5530,-2808.52,False,False,searched,
GL 3379  Gaia DR3 3316364602541746048,GL 3379  Gaia DR3 3316364602541746048,6,A002_Xda2c82_X765d,5.2080,229.036592,230.876925,488281.2500,1840820312.5,2751.84,,14.0813,70.4157,1.115801e+14,2759.4811,75,fine,4.7943,5.7070,512,99,0.194932,CO(2-1),-1128.8489,-1471.67,False,False,searched,
LSR J18353259,LSR J18353259,3,A002_Xba3ea7_X2ab4,5.6885,89.627387,91.361762,15625000.0000,1750000000.0,2588.54,,0.169231,0.846989,5.123958e+13,1085.9349,2,coarse,2.0124,4.0986,512,465,0.908382,HCO+(1-0),2110.2625,6990.92,False,False,searched,
LSR J18353259,LSR J18353259,3,A002_Xba3ea7_X2ab4,5.6885,91.564887,93.299262,15625000.0000,1750000000.0,2588.54,,0.175738,0.879592,5.321197e+13,1109.1849,2,coarse,2.8079,4.1248,512,136,0.267057,HCO+(1-0),3907.1375,12672.34,False,False,searched,
LSR J18353259,LSR J18353259,3,A002_Xba3ea7_X2ab4,5.6885,101.627387,103.361762,15625000.0000,1750000000.0,2588.54,,0.177982,0.891036,5.390426e+13,1229.9349,2,coarse,1.8887,4.1581,512,490,0.957115,CN(1-0),-10754.2375,-31455.71,False,False,searched,
LSR J18353259,LSR J18353259,3,A002_Xba3ea7_X2ab4,5.6885,103.627387,105.361762,15625000.0000,1750000000.0,2588.54,,0.184246,0.922444,5.580433e+13,1253.9349,2,coarse,2.3399,4.3493,512,330,0.645224,CN(1-0),-9301.1125,-26684.67,False,False,searched,
HN Lib,HN Lib,6,A002_Xdc621b_X2bb0,6.2530,212.080541,213.908666,15625000.0000,1843750000.0,1451.52,,2.30536,11.5269,8.426051e+14,2555.9352,3,coarse,2.0771,4.3570,512,476,0.929825,SiO(5-4),-3461.9591,-4872.75,False,False,searched,
HN Lib,HN Lib,6,A002_Xdc621b_X2bb0,6.2530,214.080490,215.908615,15625000.0000,1843750000.0,1451.52,,2.13939,10.697,7.819430e+14,2579.9346,3,coarse,2.2606,4.5815,512,450,0.879142,SiO(5-4),-1399.5098,-1951.50,False,False,searched,
HN Lib,HN Lib,6,A002_Xdc621b_X2bb0,6.2530,227.080122,228.908247,15625000.0000,1843750000.0,1451.52,,2.0715,10.3576,7.571291e+14,2735.9302,3,coarse,3.1661,4.7514,512,90,0.177388,CO(2-1),-2082.8784,-2738.80,False,False,searched,
HN Lib,HN Lib,6,A002_Xdc621b_X2bb0,6.2530,229.074003,230.914335,488281.2500,1840820312.5,1451.52,,13.0427,65.214,1.489712e+14,2759.9300,42,fine,4.5890,6.1485,512,143,0.280702,CO(2-1),-859.9934,-1120.98,False,False,searched,
GJ 581,GJ 581,6,A002_Xd16a1e_X8d4,6.3005,223.085939,224.914064,15625000.0000,1843750000.0,2998.80,,1.71109,8.55544,6.349206e+14,2688.0000,4,coarse,2.4456,4.3224,512,410,0.801170,,,,False,False,searched,
GJ 581,GJ 581,6,A002_Xd16a1e_X8d4,6.3005,223.085939,224.914064,15625000.0000,1843750000.0,2998.80,,1.71109,8.55544,6.349206e+14,2688.0000,4,coarse,2.4327,4.3524,512,425,0.830409,,,,False,False,duplicate_row,
GJ 581,GJ 581,6,A002_Xd16a1e_X8d4,6.3005,225.085939,226.914064,15625000.0000,1843750000.0,2998.80,,1.62054,8.10268,6.013204e+14,2712.0000,4,coarse,3.4852,4.1051,512,28,0.056530,,,,False,False,searched,
GJ 581,GJ 581,6,A002_Xd16a1e_X8d4,6.3005,239.085936,240.914061,15625000.0000,1843750000.0,2998.80,,1.78011,8.90053,6.605308e+14,2880.0000,4,coarse,3.5912,4.7695,512,50,0.099415,,,,False,False,searched,
GJ 581,GJ 581,6,A002_Xd16a1e_X8d4,6.3005,241.085936,242.914061,15625000.0000,1843750000.0,2998.80,,1.87936,9.39682,6.973619e+14,2904.0000,4,coarse,2.4510,4.4079,512,394,0.769981,,,,False,False,searched,
lp 876-10  Gaia DR3 6623351805412369024,lp 876-10  Gaia DR3 6623351805412369024,7,A002_Xcda49e_Xdebb,7.6763,332.966462,334.700837,15625000.0000,1750000000.0,2788.13,,0.290337,1.45251,1.600137e+14,4006.0038,4,coarse,2.7089,4.6287,512,289,0.565302,CO(3-2),-11954.5385,-10735.53,False,False,searched,
lp 876-10  Gaia DR3 6623351805412369024,lp 876-10  Gaia DR3 6623351805412369024,7,A002_Xcda49e_Xdebb,7.6763,334.924462,336.658837,15625000.0000,1750000000.0,2788.13,,0.251161,1.25653,1.384234e+14,4029.4998,4,coarse,3.7578,4.5353,512,15,0.031189,CO(3-2),-10387.1635,-9273.59,False,False,searched,
lp 876-10  Gaia DR3 6623351805412369024,lp 876-10  Gaia DR3 6623351805412369024,7,A002_Xcda49e_Xdebb,7.6763,344.971100,346.696198,488281.2500,1725585937.5,2026.08,,1.57025,7.85125,2.702878e+13,4150.0038,91,fine,4.1514,5.8031,512,495,0.966862,,,,False,False,duplicate_row,
lp 876-10  Gaia DR3 6623351805412369024,lp 876-10  Gaia DR3 6623351805412369024,7,A002_Xcda49e_Xdebb,7.6763,344.971100,346.696198,488281.2500,1725585937.5,2026.08,,1.57025,7.85604,2.704528e+13,4150.0038,91,fine,4.1514,5.8031,512,495,0.966862,CO(3-2),24.2213,21.00,False,False,searched,
lp 876-10  Gaia DR3 6623351805412369024,lp 876-10  Gaia DR3 6623351805412369024,7,A002_Xcda49e_Xdebb,7.6763,346.966462,348.700837,15625000.0000,1750000000.0,2788.13,,0.297169,1.48676,1.637872e+14,4174.0038,4,coarse,2.3962,4.5387,512,425,0.830409,CO(3-2),1654.8365,1426.28,False,False,searched,
61 Vir,61 Vir,7,A002_Xc067f7_X822,8.5344,332.926816,334.661191,15625000.0000,1750000000.0,2268.00,,4.7006,23.5037,3.200480e+15,4005.5280,5,coarse,3.0796,4.3773,512,134,0.263158,CO(3-2),-11619.1842,-10435.61,False,False,searched,
61 Vir,61 Vir,7,A002_Xc067f7_X822,8.5344,334.822316,336.556691,15625000.0000,1750000000.0,2268.00,,3.72851,18.6431,2.538614e+15,4028.2740,5,coarse,2.4379,4.1879,512,382,0.746589,CO(3-2),-9786.1842,-8739.70,False,False,searched,
61 Vir,61 Vir,7,A002_Xc067f7_X822,8.5344,344.873837,346.714169,488281.2500,1840820312.5,2268.00,,21.2432,106.219,4.519932e+14,4149.5280,118,fine,4.8186,6.4515,512,146,0.286550,CO(3-2),-236.1276,-204.72,False,False,searched,
61 Vir,61 Vir,7,A002_Xc067f7_X822,8.5344,346.822316,348.556691,15625000.0000,1750000000.0,2268.00,,4.21038,21.0526,2.866710e+15,4172.2740,5,coarse,2.4836,4.7821,512,377,0.736842,CO(3-2),1166.9408,1006.19,False,False,searched,
chi01 Ori,chi01 Ori,3,A002_X74deb6_Xff1,8.6995,94.127387,95.861762,15625000.0000,1750000000.0,2782.08,,0.152002,0.76023,1.075625e+14,1139.9349,2,coarse,3.1880,4.8771,512,61,0.120858,HCO+(1-0),6032.1375,19036.76,False,False,searched,
chi01 Ori,chi01 Ori,3,A002_X74deb6_Xff1,8.6995,96.064887,97.799262,15625000.0000,1750000000.0,2782.08,,0.157706,0.788769,1.116004e+14,1163.1849,2,coarse,3.1653,4.5834,512,46,0.091618,HCO+(1-0),7657.1375,23682.07,False,False,searched,
chi01 Ori,chi01 Ori,3,A002_X74deb6_Xff1,8.6995,106.127387,107.861762,15625000.0000,1750000000.0,2782.08,,0.176197,0.881314,1.246941e+14,1283.9349,3,coarse,2.4921,4.2404,512,333,0.651072,CN(1-0),-7332.3625,-20544.85,False,False,searched,
chi01 Ori,chi01 Ori,3,A002_X74deb6_Xff1,8.6995,108.127387,109.861762,15625000.0000,1750000000.0,2782.08,,0.186197,0.931343,1.317727e+14,1307.9349,3,coarse,3.4507,4.5595,512,35,0.070175,CN(1-0),-4254.2375,-11701.39,False,False,searched,
GJ 849,GJ 849,6,A002_Xd86f11_X584b,8.8149,212.085180,213.913305,15625000.0000,1843750000.0,2661.12,,5.75795,28.7901,4.182211e+15,2555.9909,4,coarse,2.6898,4.4870,512,268,0.524366,SiO(5-4),-4863.5703,-6845.38,False,False,searched,
GJ 849,GJ 849,6,A002_Xd86f11_X584b,8.8149,214.085173,215.913298,15625000.0000,1843750000.0,2661.12,,5.66474,28.324,4.114506e+15,2579.9908,4,coarse,2.2673,4.0529,512,454,0.886940,SiO(5-4),-1426.0775,-1988.51,False,False,searched,
GJ 849,GJ 849,6,A002_Xd86f11_X584b,8.8149,227.085146,228.913271,15625000.0000,1843750000.0,2661.12,,6.01455,30.0732,4.368594e+15,2735.9905,4,coarse,3.1291,4.3397,512,106,0.208577,CO(2-1),-3374.7295,-4437.38,False,False,searched,
GJ 849,GJ 849,6,A002_Xd86f11_X584b,8.8149,229.079042,230.919374,488281.2500,1840820312.5,2661.12,,36.5872,182.936,8.304466e+14,2759.9905,73,fine,4.4751,5.5523,512,304,0.594542,,,,False,False,duplicate_row,
GJ 849,GJ 849,6,A002_Xd86f11_X584b,8.8149,229.079042,230.919374,488281.2500,1840820312.5,2661.12,,36.5872,182.939,8.304585e+14,2759.9905,73,fine,4.4751,5.5523,512,304,0.594542,CO(2-1),-668.4307,-871.27,False,False,searched,
gam Lep,gam Lep,6,A002_Xd28a9e_Xbcdf,8.9050,223.085938,224.914062,15625000.0000,1843750000.0,2649.02,,0.137204,0.686052,1.017090e+14,2688.0000,4,coarse,3.1624,4.5821,512,93,0.183236,13CO(2-1),2718.1875,3637.91,False,False,searched,
gam Lep,gam Lep,6,A002_Xd28a9e_Xbcdf,8.9050,225.085938,226.914062,15625000.0000,1843750000.0,2649.02,,0.125016,0.625108,9.267388e+13,2712.0000,4,coarse,3.1002,4.2538,512,135,0.265107,13CO(2-1),4999.4375,6631.83,False,False,searched,
gam Lep,gam Lep,6,A002_Xd28a9e_Xbcdf,8.9050,239.085938,240.914063,15625000.0000,1843750000.0,2649.02,,0.137021,0.685142,1.015741e+14,2880.0000,4,coarse,2.6656,5.2261,512,283,0.553606,CS(5-4),-4928.1875,-6155.97,False,False,searched,
gam Lep,gam Lep,6,A002_Xd28a9e_Xbcdf,8.9050,241.085938,242.914063,15625000.0000,1843750000.0,2649.02,,0.146936,0.734721,1.089242e+14,2904.0000,4,coarse,2.4417,4.7781,512,408,0.797271,CS(5-4),-3037.5625,-3762.97,False,False,searched,
gam Lep,gam Lep,7,A002_Xd248b5_X5186,8.9050,335.627387,337.361762,15625000.0000,1750000000.0,1173.31,,0.385187,1.92615,2.855563e+14,4037.9349,3,coarse,2.5138,4.1820,512,317,0.619883,CO(3-2),-9059.2375,-8071.13,False,False,searched,
gam Lep,gam Lep,7,A002_Xd248b5_X5186,8.9050,337.564887,339.299262,15625000.0000,1750000000.0,1173.31,,0.318925,1.5948,2.364334e+14,4061.1849,3,coarse,2.1399,4.1198,512,455,0.888889,CO(3-2),-6527.9875,-5782.67,False,False,searched,
gam Lep,gam Lep,7,A002_Xd248b5_X5186,8.9050,347.627387,349.361762,15625000.0000,1750000000.0,1173.31,,0.357927,1.78984,2.653489e+14,4181.9349,3,coarse,2.7957,4.5111,512,196,0.384016,CO(3-2),2909.5125,2502.91,False,False,searched,
gam Lep,gam Lep,7,A002_Xd248b5_X5186,8.9050,349.627387,351.361762,15625000.0000,1750000000.0,1173.31,,0.424007,2.12029,3.143385e+14,4205.9349,3,coarse,3.0592,4.0613,512,94,0.185185,CO(3-2),5018.8875,4292.86,False,False,searched,
HD 285968,HD 285968,6,A002_Xd98580_X3bf6,9.4852,212.046491,213.874616,15625000.0000,1843750000.0,2812.32,,2.29018,11.4513,1.926098e+15,2555.5266,4,coarse,2.8885,4.3957,512,170,0.333333,SiO(5-4),-4808.5089,-6769.12,False,False,searched,
HD 285968,HD 285968,6,A002_Xd98580_X3bf6,9.4852,214.046121,215.874246,15625000.0000,1843750000.0,2812.32,,2.17916,10.8962,1.832723e+15,2579.5222,4,coarse,3.5848,4.1957,512,15,0.031189,SiO(5-4),-2621.3793,-3655.89,False,False,searched,
HD 285968,HD 285968,6,A002_Xd98580_X3bf6,9.4852,227.043709,228.871834,15625000.0000,1843750000.0,2812.32,,2.34011,11.701,1.968093e+15,2735.4933,4,coarse,2.8958,4.2082,512,168,0.329435,CO(2-1),-2134.9157,-2807.68,False,False,searched,
HD 285968,HD 285968,6,A002_Xd98580_X3bf6,9.4852,229.037235,230.877567,488281.2500,1840820312.5,2812.32,,13.1406,65.7029,3.453488e+14,2759.4888,77,fine,6.1886,10.8542,512,51,0.101365,,,,True,False,duplicate_row,
HD 285968,HD 285968,6,A002_Xd98580_X3bf6,9.4852,229.037235,230.877567,488281.2500,1840820312.5,2812.32,,13.1406,65.7055,3.453626e+14,2759.4888,77,fine,6.1886,10.8542,512,51,0.101365,CO(2-1),-35.9209,-46.83,True,False,searched,
AU Mic,AU Mic,3,A002_X1237e23_Xdb0,9.7141,100.003657,101.831782,15625000.0000,1843750000.0,3265.92,,0.194621,0.973105,1.716704e+14,1211.0126,2,coarse,2.6765,4.4766,512,175,0.343080,CN(1-0),-11690.4680,-34728.43,False,False,searched,
AU Mic,AU Mic,3,A002_X1237e23_Xdb0,9.7141,101.961657,103.789782,15625000.0000,1843750000.0,3265.92,,0.201575,1.00788,1.778044e+14,1234.5086,2,coarse,2.0356,4.3607,512,477,0.931774,CN(1-0),-10904.3430,-31776.59,False,False,searched,
AU Mic,AU Mic,3,A002_X1237e23_Xdb0,9.7141,112.003657,113.831782,15625000.0000,1843750000.0,3265.92,,0.2321,1.1605,2.047296e+14,1355.0126,2,coarse,3.3939,4.5155,512,38,0.076023,CN(1-0),215.7820,572.89,False,False,searched,
AU Mic,AU Mic,3,A002_X1237e23_Xdb0,9.7141,114.012927,115.738512,976562.5000,1726562500.0,2419.20,,2.80875,14.0437,1.548455e+14,1378.5086,17,fine,4.3842,5.5459,512,89,0.175439,CO(1-0),-474.8703,-1239.27,False,False,searched,
AU Mic,AU Mic,3,A002_X12925a3_Xa4b1,9.7141,100.017230,101.845355,15625000.0000,1843750000.0,3392.93,,0.100899,0.504499,8.900124e+13,1211.1755,3,coarse,2.1957,4.5582,512,434,0.847953,CN(1-0),-11880.0198,-35286.78,False,False,searched,
AU Mic,AU Mic,3,A002_X12925a3_Xa4b1,9.7141,101.912730,103.740855,15625000.0000,1843750000.0,3392.93,,0.0964603,0.482305,8.508587e+13,1233.9215,3,coarse,2.0647,4.1502,512,471,0.920078,CN(1-0),-10812.6448,-31524.37,False,False,searched,
AU Mic,AU Mic,3,A002_X12925a3_Xa4b1,9.7141,112.017230,113.845355,15625000.0000,1843750000.0,3392.93,,0.130665,0.653331,1.152575e+14,1355.1755,3,coarse,2.7496,4.4630,512,183,0.358674,CN(1-0),291.8552,774.77,False,False,searched,
AU Mic,AU Mic,3,A002_X12925a3_Xa4b1,9.7141,114.026500,115.752086,976562.5000,1726562500.0,2884.90,,1.05564,5.27823,5.819748e+13,1378.6715,33,fine,4.2742,5.6140,512,212,0.415205,CO(1-0),-675.1643,-1761.78,False,False,searched,
AU Mic,AU Mic,6,A002_X899169_X1838,9.7141,212.625624,214.359999,15625000.0000,1750000000.0,1505.95,,0.315465,1.57733,2.782647e+14,2561.9137,3,coarse,3.3119,4.7068,512,40,0.079922,SiO(5-4),-4041.8765,-5675.71,False,False,searched,
AU Mic,AU Mic,6,A002_X899169_X1838,9.7141,215.125539,216.859914,15625000.0000,1750000000.0,1505.95,,0.334698,1.67349,2.952297e+14,2591.9127,3,coarse,2.7235,4.9097,512,227,0.444444,SiO(5-4),-791.9607,-1099.22,False,False,searched,
AU Mic,AU Mic,6,A002_X899169_X1838,9.7141,227.625118,229.359493,15625000.0000,1750000000.0,1505.95,,0.299138,1.4957,2.638634e+14,2741.9077,3,coarse,3.1674,4.5673,512,87,0.171540,CO(2-1),-2881.6316,-3780.83,False,False,searched,
AU Mic,AU Mic,6,A002_X899169_X1838,9.7141,229.675816,231.400913,488281.2500,1725585937.5,1505.95,,1.90704,9.53524,5.256751e+13,2766.4604,49,fine,5.2213,5.8455,512,10,0.021442,CO(2-1),287.2298,373.51,True,False,searched,
V AT Mic B,NAME AT Mic AB  Gaia DR3 6792436799475128960,7,A002_Xcd97a1_X3f1e,9.8066,333.171187,334.905562,15625000.0000,1750000000.0,1257.98,,0.366894,1.83823,3.304959e+14,4008.4605,3,coarse,2.7612,4.8232,512,206,0.403509,CO(3-2),-12156.0633,-10909.81,False,False,searched,
V AT Mic B,NAME AT Mic AB  Gaia DR3 6792436799475128960,7,A002_Xcd97a1_X3f1e,9.8066,335.066687,336.801062,15625000.0000,1750000000.0,1257.98,,0.320038,1.60351,2.882949e+14,4031.2065,3,coarse,2.0130,4.5509,512,487,0.951267,CO(3-2),-10526.1883,-9393.73,False,False,searched,
V AT Mic B,NAME AT Mic AB  Gaia DR3 6792436799475128960,7,A002_Xcd97a1_X3f1e,9.8066,345.175825,346.900923,488281.2500,1725585937.5,876.96,,1.98831,9.96341,5.597885e+13,4152.4605,39,fine,3.8955,5.5718,512,498,0.972710,CO(3-2),726.5050,629.41,False,False,searched,
V AT Mic B,NAME AT Mic AB  Gaia DR3 6792436799475128960,7,A002_Xcd97a1_X3f1e,9.8066,347.066687,348.801062,15625000.0000,1750000000.0,1257.98,,0.38088,1.90864,3.431545e+14,4175.2065,3,coarse,2.6677,4.3823,512,225,0.440546,CO(3-2),2848.8117,2454.64,False,False,searched,
NAME AT Mic AB  Gaia DR3 6792436799475128960,NAME AT Mic AB  Gaia DR3 6792436799475128960,7,A002_Xcd97a1_X3f1e,9.9214,333.171187,334.905562,15625000.0000,1750000000.0,1257.98,,0.367928,1.87116,3.443405e+14,4008.4605,3,coarse,2.4863,4.6601,512,336,0.656920,CO(3-2),-11124.8133,-9984.29,False,False,searched,
NAME AT Mic AB  Gaia DR3 6792436799475128960,NAME AT Mic AB  Gaia DR3 6792436799475128960,7,A002_Xcd97a1_X3f1e,9.9214,335.066687,336.801062,15625000.0000,1750000000.0,1257.98,,0.320176,1.62862,2.997081e+14,4031.2065,3,coarse,2.6243,4.0297,512,266,0.520468,CO(3-2),-9494.9383,-8473.43,False,False,searched,
NAME AT Mic AB  Gaia DR3 6792436799475128960,NAME AT Mic AB  Gaia DR3 6792436799475128960,7,A002_Xcd97a1_X3f1e,9.9214,345.175825,346.900923,488281.2500,1725585937.5,876.96,,1.98814,10.1236,5.821869e+13,4152.4605,39,fine,4.7119,5.5542,512,78,0.153996,CO(3-2),340.2746,294.80,False,False,searched,
NAME AT Mic AB  Gaia DR3 6792436799475128960,NAME AT Mic AB  Gaia DR3 6792436799475128960,7,A002_Xcd97a1_X3f1e,9.9214,347.066687,348.801062,15625000.0000,1750000000.0,1257.98,,0.379871,1.93469,3.560314e+14,4175.2065,3,coarse,3.2043,4.7672,512,66,0.130604,CO(3-2),1817.5617,1566.08,False,False,searched,
gam Vir,gam Vir,6,A002_Xd95042_X2d99,12.0202,223.085938,224.914062,15625000.0000,1843750000.0,2183.33,,0.184289,0.921892,2.490190e+14,2688.0000,3,coarse,3.4618,4.5720,512,23,0.046784,13CO(2-1),4030.6875,5394.51,False,False,searched,
gam Vir,gam Vir,6,A002_Xd95042_X2d99,12.0202,225.085938,226.914062,15625000.0000,1843750000.0,2183.33,,0.165772,0.829271,2.240005e+14,2712.0000,3,coarse,3.9477,4.0456,512,2,0.005848,CO(2-1),-3889.5625,-5159.56,False,False,searched,
gam Vir,gam Vir,6,A002_Xd95042_X2d99,12.0202,239.085938,240.914063,15625000.0000,1843750000.0,2183.33,,0.184581,0.92342,2.494317e+14,2880.0000,3,coarse,2.2400,4.2558,512,425,0.830409,CS(5-4),-4943.8125,-6175.49,False,False,searched,
gam Vir,gam Vir,6,A002_Xd95042_X2d99,12.0202,241.085938,242.914063,15625000.0000,1843750000.0,2183.33,,0.191944,0.960265,2.593843e+14,2904.0000,3,coarse,2.8683,4.0737,512,146,0.286550,CS(5-4),-3350.0625,-4150.10,False,False,searched,
gam Vir,gam Vir,7,A002_Xd6ebab_X41a3,12.0202,335.580512,337.408637,15625000.0000,1843750000.0,1880.93,,0.32767,1.64046,4.431155e+14,4037.9349,4,coarse,2.2262,5.5069,512,470,0.918129,CO(3-2),-9059.2375,-8071.13,False,False,searched,
gam Vir,gam Vir,7,A002_Xd6ebab_X41a3,12.0202,337.518012,339.346137,15625000.0000,1843750000.0,1880.93,,0.285703,1.43037,3.863690e+14,4061.1849,4,coarse,3.0285,4.4667,512,139,0.272904,CO(3-2),-7277.9875,-6447.04,False,False,searched,
gam Vir,gam Vir,7,A002_Xd6ebab_X41a3,12.0202,347.580512,349.408637,15625000.0000,1843750000.0,1880.93,,0.309241,1.54834,4.182334e+14,4181.9349,4,coarse,2.9964,4.2865,512,133,0.261209,CO(3-2),2534.5125,2180.31,False,False,searched,
gam Vir,gam Vir,7,A002_Xd6ebab_X41a3,12.0202,349.580512,351.408637,15625000.0000,1843750000.0,1880.93,,0.3496,1.75044,4.728239e+14,4205.9349,4,coarse,2.5966,4.3780,512,319,0.623782,CO(3-2),4862.6375,4159.21,False,False,searched,
HR 1010  Gaia DR3 4722135642226902656,HR 1010  Gaia DR3 4722135642226902656,6,A002_Xc66ce1_Xaa9,12.0394,229.611119,231.451939,976562.5000,1841796875.0,3265.92,,7.15763,35.7881,6.061213e+14,2766.3784,42,fine,5.0987,5.6558,512,10,0.021442,,,,True,False,duplicate_row,
HR 1010  Gaia DR3 4722135642226902656,HR 1010  Gaia DR3 4722135642226902656,6,A002_Xc66ce1_Xaa9,12.0394,229.611119,231.451939,976562.5000,1841796875.0,2842.56,,7.67013,38.3517,6.495389e+14,2766.3784,40,fine,4.9500,5.6658,512,29,0.058480,CO(2-1),243.0410,316.06,False,False,searched,
HR 1010  Gaia DR3 4722135642226902656,HR 1010  Gaia DR3 4722135642226902656,6,A002_Xc66ce1_Xaa9,12.0394,231.618663,233.353038,15625000.0000,1750000000.0,2842.56,,1.28788,6.43958,1.745009e+15,2789.8302,4,coarse,3.2028,3.9270,512,78,0.153996,CO(2-1),1846.2880,2380.80,False,False,searched,
HR 1010  Gaia DR3 4722135642226902656,HR 1010  Gaia DR3 4722135642226902656,6,A002_Xc66ce1_Xaa9,12.0394,244.617868,246.352243,15625000.0000,1750000000.0,2842.56,,1.3774,6.88722,1.866312e+15,2945.8207,4,coarse,2.4208,4.6650,512,454,0.886940,CS(5-4),-83.7571,-102.29,False,False,searched,
HR 1010  Gaia DR3 4722135642226902656,HR 1010  Gaia DR3 4722135642226902656,6,A002_Xc66ce1_Xaa9,12.0394,246.617746,248.352121,15625000.0000,1750000000.0,2842.56,,1.62759,8.13819,2.205303e+15,2969.8192,4,coarse,2.4000,4.5519,512,441,0.861598,CS(5-4),2009.8712,2434.67,False,False,searched,
HR 1010  Gaia DR3 4722135642226902656,HR 1010  Gaia DR3 4722135642226902656,7,A002_Xc6141c_X3af0,12.0394,333.087349,334.915474,15625000.0000,1843750000.0,1360.80,,4.4488,22.4911,6.094676e+15,4008.0169,5,coarse,3.1794,4.8140,512,99,0.194932,CO(3-2),-11833.6510,-10621.63,False,False,searched,
HR 1010  Gaia DR3 4722135642226902656,HR 1010  Gaia DR3 4722135642226902656,7,A002_Xc6141c_X3af0,12.0394,335.045349,336.873474,15625000.0000,1843750000.0,1360.80,,3.88758,19.6564,5.326519e+15,4031.5129,5,coarse,3.3077,4.3542,512,69,0.136452,CO(3-2),-10063.1510,-8979.83,False,False,searched,
HR 1010  Gaia DR3 4722135642226902656,HR 1010  Gaia DR3 4722135642226902656,7,A002_Xc6141c_X3af0,12.0394,345.316593,346.237003,488281.2500,920898437.5,1360.80,,29.6521,150.026,1.270449e+15,4149.3216,132,fine,4.7280,5.7366,512,171,0.335283,CO(3-2),-477.9419,-414.38,False,False,searched,
HR 1010  Gaia DR3 4722135642226902656,HR 1010  Gaia DR3 4722135642226902656,7,A002_Xc6141c_X3af0,12.0394,347.045345,348.873470,15625000.0000,1843750000.0,1360.80,,4.62233,23.3904,6.338374e+15,4175.5129,6,coarse,3.0594,4.4866,512,189,0.370370,CO(3-2),1546.2202,1332.18,False,False,searched,
TRAPPIST-1,TRAPPIST-1,3,A002_Xc9831a_X443,12.4669,89.627387,91.361762,15625000.0000,1750000000.0,3265.92,,0.105336,0.526678,1.530361e+14,1085.9349,2,coarse,1.7687,4.1338,512,503,0.982456,,,,False,False,duplicate_row,
TRAPPIST-1,TRAPPIST-1,3,A002_Xc9831a_X443,12.4669,89.627387,91.361762,15625000.0000,1750000000.0,3084.48,,0.107875,0.539409,1.567354e+14,1207.1976,3,coarse,2.7477,4.6084,512,219,0.428850,HCO+(1-0),1141.5125,3781.63,False,False,searched,
TRAPPIST-1,TRAPPIST-1,3,A002_Xc9831a_X443,12.4669,91.564887,93.299262,15625000.0000,1750000000.0,3084.48,,0.106936,0.534717,1.553721e+14,1233.0439,3,coarse,2.8909,4.2621,512,160,0.313840,HCO+(1-0),3375.8875,10949.29,False,False,searched,
TRAPPIST-1,TRAPPIST-1,3,A002_Xc9831a_X443,12.4669,101.627387,103.361762,15625000.0000,1750000000.0,3084.48,,0.107795,0.539021,1.566227e+14,1367.2776,3,coarse,2.0922,4.4551,512,483,0.943470,CN(1-0),-11004.2375,-32186.95,False,False,searched,
TRAPPIST-1,TRAPPIST-1,3,A002_Xc9831a_X443,12.4669,103.627387,105.361762,15625000.0000,1750000000.0,3084.48,,0.109772,0.548908,1.594954e+14,1393.9576,3,coarse,2.7203,4.5456,512,205,0.401559,CN(1-0),-9066.7375,-26012.25,False,False,searched,
TRAPPIST-1,TRAPPIST-1,6,A002_X12a8fc8_X10b8,12.4669,223.078125,224.921875,31250000.0000,1875000000.0,3219.55,,1.74895,8.74493,5.082007e+15,2988.1600,3,coarse,3.1114,4.1349,512,65,0.128655,13CO(2-1),4429.1250,5927.76,False,False,searched,
TRAPPIST-1,TRAPPIST-1,6,A002_X12a8fc8_X10b8,12.4669,225.078125,226.921875,31250000.0000,1875000000.0,3219.55,,1.62456,8.123,4.720582e+15,3014.8400,3,coarse,1.8242,3.8444,512,503,0.982456,CO(2-1),-4334.8750,-5750.28,False,False,searched,
TRAPPIST-1,TRAPPIST-1,6,A002_X12a8fc8_X10b8,12.4669,239.078125,240.921875,31250000.0000,1875000000.0,3219.55,,1.78451,8.92279,5.185367e+15,3201.6000,3,coarse,2.4790,4.0370,512,299,0.584795,CS(5-4),-5451.6250,-6809.82,False,False,searched,
TRAPPIST-1,TRAPPIST-1,6,A002_X12a8fc8_X10b8,12.4669,241.078125,242.921875,31250000.0000,1875000000.0,3219.55,,1.89007,9.45063,5.492115e+15,3228.2800,3,coarse,2.7049,4.3625,512,252,0.493177,CS(5-4),-2482.8750,-3075.81,False,False,searched,
TRAPPIST-1,TRAPPIST-1,7,A002_Xcccc19_X5564,12.4669,333.727377,335.461752,15625000.0000,1750000000.0,3798.14,,0.227484,1.13786,3.306265e+14,4463.4915,6,coarse,3.5649,4.2858,512,32,0.064327,CO(3-2),-10818.6227,-9693.35,False,False,searched,
TRAPPIST-1,TRAPPIST-1,7,A002_Xcccc19_X5564,12.4669,335.622877,337.357252,15625000.0000,1750000000.0,3798.14,,0.19655,0.983137,2.856690e+14,4488.7775,6,coarse,2.4270,4.6506,512,446,0.871345,CO(3-2),-8610.6227,-7671.55,False,False,searched,
TRAPPIST-1,TRAPPIST-1,7,A002_Xcccc19_X5564,12.4669,345.732016,347.457114,488281.2500,1725585937.5,2782.08,,1.26733,6.3393,5.756259e+13,4623.5715,138,fine,4.2670,5.7201,512,488,0.953216,CO(3-2),420.8792,364.05,False,False,searched,
TRAPPIST-1,TRAPPIST-1,7,A002_Xcccc19_X5564,12.4669,347.622877,349.357252,15625000.0000,1750000000.0,3798.14,,0.238504,1.19302,3.466548e+14,4648.8575,6,coarse,2.2326,4.5987,512,489,0.955166,CO(3-2),3295.6273,2835.10,False,False,searched,
HD 69830,HD 69830,6,A002_Xcbb583_Xb78,12.5692,226.302308,228.027406,488281.2500,1725585937.5,2388.96,,0.876246,4.38131,4.043922e+13,2725.9783,68,fine,4.4156,6.0574,512,277,0.541910,CO(2-1),-4068.2115,-5368.87,False,False,searched,
HD 69830,HD 69830,6,A002_Xcbb583_Xb78,12.5692,229.195064,230.920162,488281.2500,1725585937.5,2388.96,,0.847048,4.23532,3.909171e+13,2760.6914,69,fine,4.5267,5.6553,512,241,0.471735,CO(2-1),-3.0923,-4.03,False,False,searched,
HD 69830,HD 69830,6,A002_Xcbb583_Xb78,12.5692,242.188031,243.922406,15625000.0000,1750000000.0,2896.99,,0.157469,0.78736,2.325530e+14,2916.6626,4,coarse,2.2441,4.1252,512,447,0.873294,CS(5-4),-1997.9695,-2464.36,False,False,searched,
HD 69830,HD 69830,6,A002_Xcbb583_Xb78,12.5692,244.187662,245.922037,15625000.0000,1750000000.0,2896.99,,0.171054,0.85529,2.526166e+14,2940.6582,4,coarse,2.9324,4.4499,512,161,0.315789,CS(5-4),-342.0879,-418.50,False,False,searched,
HD 69830,HD 69830,7,A002_X1207c39_X9417,12.5692,321.166506,321.274172,244140.6250,107910156.2,2903.04,,3.7483,18.7415,8.649130e+13,3854.6441,275,fine,4.4203,5.6870,512,217,0.424951,,,,False,False,duplicate_row,
HD 69830,HD 69830,7,A002_X1207c39_X9417,12.5692,321.166506,321.274172,244140.6250,107910156.2,2903.04,,3.7483,18.7423,8.649498e+13,3854.6441,275,fine,4.4203,5.6870,512,217,0.424951,CO(3-2),-24570.6561,-22931.60,False,False,searched,
HD 69830,HD 69830,7,A002_X1207c39_X9417,12.5692,322.406000,322.513666,244140.6250,107910156.2,2903.04,,5.07662,25.3842,1.171473e+14,3869.5180,276,fine,4.3987,5.7406,512,248,0.485380,CO(3-2),-23367.5389,-21724.91,False,False,searched,
HD 69830,HD 69830,7,A002_X1207c39_X9417,12.5692,332.582766,334.410891,15625000.0000,1843750000.0,5273.86,,0.257036,1.28524,3.796052e+14,4001.9619,6,coarse,2.1909,4.5289,512,494,0.964912,CO(3-2),-12135.1093,-10908.69,False,False,searched,
HD 69830,HD 69830,7,A002_X1207c39_X9417,12.5692,335.336092,335.443758,244140.6250,107910156.2,2903.04,,2.55445,12.7728,5.894615e+13,4024.6791,287,fine,4.7990,5.8762,512,56,0.111111,CO(3-2),-10371.2848,-9270.50,False,False,searched,
CD-38 10980,CD-38 10980,6,A002_Xe5808e_X80a1,12.9080,223.085938,224.914062,15625000.0000,1843750000.0,616.90,,0.285392,1.42696,4.444911e+14,2688.0000,2,coarse,3.8715,4.0824,512,3,0.007797,13CO(2-1),3327.5625,4453.47,False,False,searched,
CD-38 10980,CD-38 10980,6,A002_Xe5808e_X80a1,12.9080,225.085938,226.914062,15625000.0000,1843750000.0,616.90,,0.265519,1.3276,4.135406e+14,2712.0000,2,coarse,1.8871,4.4635,512,496,0.968811,13CO(2-1),4874.4375,6466.02,False,False,searched,
CD-38 10980,CD-38 10980,6,A002_Xe5808e_X80a1,12.9080,239.085938,240.914063,15625000.0000,1843750000.0,616.90,,0.291345,1.45673,4.537641e+14,2880.0000,2,coarse,2.6761,4.1455,512,179,0.350877,CS(5-4),-4787.5625,-5980.31,False,False,searched,
CD-38 10980,CD-38 10980,6,A002_Xe5808e_X80a1,12.9080,241.085938,242.914063,15625000.0000,1843750000.0,616.90,,0.312119,1.5606,4.861181e+14,2904.0000,2,coarse,2.6142,4.5413,512,217,0.424951,CS(5-4),-3006.3125,-3724.26,False,False,searched,
LP  349-25,LP  349-25,3,A002_Xb9a2bb_X1899,14.1281,89.627387,91.361762,15625000.0000,1750000000.0,2649.02,,0.137829,0.689687,2.573651e+14,1085.9349,2,coarse,2.4580,4.3305,512,287,0.561404,HCO+(1-0),1891.5125,6266.25,False,False,searched,
LP  349-25,LP  349-25,3,A002_Xb9a2bb_X1899,14.1281,91.564887,93.299262,15625000.0000,1750000000.0,2649.02,,0.142665,0.713911,2.664046e+14,1109.1849,2,coarse,2.3464,4.2796,512,327,0.639376,HCO+(1-0),3391.5125,10999.97,False,False,searched,
LP  349-25,LP  349-25,3,A002_Xb9a2bb_X1899,14.1281,101.627387,103.361762,15625000.0000,1750000000.0,2649.02,,0.139745,0.69943,2.610006e+14,1229.9349,2,coarse,2.3493,4.9596,512,331,0.647173,CN(1-0),-11082.3625,-32415.46,False,False,searched,
LP  349-25,LP  349-25,3,A002_Xb9a2bb_X1899,14.1281,103.627387,105.361762,15625000.0000,1750000000.0,2649.02,,0.140684,0.704161,2.627661e+14,1253.9349,2,coarse,2.6002,4.4886,512,217,0.424951,CN(1-0),-8488.6125,-24353.63,False,False,searched,
GJ14  Gaia DR3 383426372059603712,GJ14  Gaia DR3 383426372059603712,6,A002_Xcf196f_Xabc5,14.6876,226.361799,228.086896,488281.2500,1725585937.5,2812.32,,2.12555,10.6281,1.339485e+14,2726.6922,74,fine,4.2580,5.6599,512,419,0.818713,CO(2-1),-2904.7169,-3832.39,False,False,searched,
GJ14  Gaia DR3 383426372059603712,GJ14  Gaia DR3 383426372059603712,6,A002_Xcf196f_Xabc5,14.6876,229.252975,230.978073,488281.2500,1725585937.5,2812.32,,1.91477,9.57415,1.206654e+14,2761.3863,75,fine,4.6210,6.0627,512,163,0.319688,CO(2-1),-1052.1145,-1370.69,False,False,searched,
GJ14  Gaia DR3 383426372059603712,GJ14  Gaia DR3 383426372059603712,6,A002_Xcf196f_Xabc5,14.6876,242.249214,243.983589,15625000.0000,1750000000.0,3320.35,,0.371738,1.85875,7.496431e+14,2917.3968,4,coarse,3.0198,4.5624,512,146,0.286550,CS(5-4),-2139.9113,-2638.77,False,False,searched,
GJ14  Gaia DR3 383426372059603712,GJ14  Gaia DR3 383426372059603712,6,A002_Xcf196f_Xabc5,14.6876,244.249349,245.983724,15625000.0000,1750000000.0,3320.35,,0.389056,1.94535,7.845676e+14,2941.3984,4,coarse,2.7799,4.7955,512,229,0.448343,CS(5-4),-514.7763,-629.60,False,False,searched,
LHS 1140,LHS 1140,6,A002_Xd9d7c7_X6fd2,14.9636,212.084500,213.912625,15625000.0000,1843750000.0,2600.64,,1.70288,8.51442,3.564177e+15,2555.9828,4,coarse,2.7802,3.9684,512,207,0.405458,SiO(5-4),-4957.9997,-6978.31,False,False,searched,
LHS 1140,LHS 1140,6,A002_Xd9d7c7_X6fd2,14.9636,214.084487,215.912612,15625000.0000,1843750000.0,2600.64,,1.5989,7.9945,3.346536e+15,2579.9826,4,coarse,2.7089,4.5563,512,304,0.594542,SiO(5-4),-1567.3883,-2185.56,False,False,searched,
LHS 1140,LHS 1140,6,A002_Xd9d7c7_X6fd2,14.9636,227.084439,228.912564,15625000.0000,1843750000.0,2590.56,,1.58234,7.91168,3.311867e+15,2735.9820,4,coarse,2.5459,4.3384,512,334,0.653021,CO(2-1),-1844.1860,-2424.90,False,False,searched,
LHS 1140,LHS 1140,6,A002_Xd9d7c7_X6fd2,14.9636,229.078335,230.918668,488281.2500,1840820312.5,2600.64,,9.53505,47.6752,6.236590e+14,2759.9820,79,fine,5.0506,5.8116,512,23,0.046784,CO(2-1),97.4644,127.04,True,False,searched,
HD 38858  Gaia DR3 3023711269067191296,HD 38858  Gaia DR3 3023711269067191296,6,A002_Xb0be8b_X785f,15.2104,229.637299,231.362397,488281.2500,1725585937.5,90.72,,10.3022,51.5124,6.962621e+14,2765.9982,3,fine,3.8682,5.0868,512,154,0.302144,CO(2-1),-846.5017,-1100.98,False,False,searched,
HD 38858  Gaia DR3 3023711269067191296,HD 38858  Gaia DR3 3023711269067191296,6,A002_Xb0be8b_X785f,15.2104,231.587797,233.322172,15625000.0000,1750000000.0,20.74,,1.46818,7.3411,3.175206e+15,2789.4598,2,coarse,1.7989,4.2537,512,500,0.976608,CO(2-1),2034.1723,2623.43,False,False,searched,
HD 38858  Gaia DR3 3023711269067191296,HD 38858  Gaia DR3 3023711269067191296,6,A002_Xb0be8b_X785f,15.2104,244.085377,245.819752,15625000.0000,1750000000.0,20.74,,1.648,8.24022,3.564099e+15,2939.4308,2,coarse,2.1923,4.7210,512,396,0.773879,CS(5-4),-241.2478,-295.26,False,False,searched,
HD 38858  Gaia DR3 3023711269067191296,HD 38858  Gaia DR3 3023711269067191296,6,A002_Xb0be8b_X785f,15.2104,246.084990,247.819365,15625000.0000,1750000000.0,20.74,,1.83603,9.18042,3.970758e+15,2963.4261,2,coarse,2.2442,3.9622,512,382,0.746589,CS(5-4),1930.2399,2343.25,False,False,searched,
HD 38858  Gaia DR3 3023711269067191296,HD 38858  Gaia DR3 3023711269067191296,6,A002_Xc20718_X2fcf,15.2104,229.609322,231.449654,488281.2500,1840820312.5,2782.08,,13.5876,67.9379,9.182760e+14,2766.3539,84,fine,4.3452,6.1812,512,414,0.808967,,,,False,False,searched,
HD 207129  Gaia DR3 6564091190988411520,HD 207129  Gaia DR3 6564091190988411520,6,A002_Xc19d6f_X19ce,15.5590,229.641448,231.481780,488281.2500,1840820312.5,2872.80,,10.7732,53.8661,7.618295e+14,2766.7394,86,fine,4.0648,5.9872,512,507,0.990253,,,,False,False,duplicate_row,
HD 207129  Gaia DR3 6564091190988411520,HD 207129  Gaia DR3 6564091190988411520,6,A002_Xc19d6f_X19ce,15.5590,229.641448,231.481780,488281.2500,1840820312.5,2872.80,,10.7732,53.8663,7.618312e+14,2766.7394,86,fine,4.0648,5.9872,512,507,0.990253,CO(2-1),740.1669,962.42,False,False,searched,
HD 207129  Gaia DR3 6564091190988411520,HD 207129  Gaia DR3 6564091190988411520,6,A002_Xc19d6f_X19ce,15.5590,231.647944,233.382319,15625000.0000,1750000000.0,2872.80,,1.71811,8.59055,3.887879e+15,2790.1816,4,coarse,2.8283,4.6914,512,240,0.469786,CO(2-1),1891.1943,2438.40,False,False,searched,
HD 207129  Gaia DR3 6564091190988411520,HD 207129  Gaia DR3 6564091190988411520,6,A002_Xc19d6f_X19ce,15.5590,244.148758,245.883133,15625000.0000,1750000000.0,2872.80,,1.78159,8.90797,4.031535e+15,2940.1913,4,coarse,3.3168,4.2756,512,79,0.155945,CS(5-4),275.2578,336.80,False,False,searched,
HD 207129  Gaia DR3 6564091190988411520,HD 207129  Gaia DR3 6564091190988411520,6,A002_Xc19d6f_X19ce,15.5590,246.148888,247.883263,15625000.0000,1750000000.0,2872.80,,2.23454,11.1727,5.056519e+15,2964.1929,4,coarse,3.5288,4.2156,512,21,0.042885,CS(5-4),2259.7630,2742.57,False,False,searched,
HD 23484  Gaia DR3 4856592239127350400,HD 23484  Gaia DR3 4856592239127350400,6,A002_X10b0d7d_X323f,16.1696,214.574214,216.402339,15625000.0000,1843750000.0,2751.84,,2.09571,10.4787,5.121974e+15,2585.8593,4,coarse,2.3179,4.5590,512,433,0.846004,SiO(5-4),-2468.2857,-3433.94,False,False,searched,
HD 23484  Gaia DR3 4856592239127350400,HD 23484  Gaia DR3 4856592239127350400,6,A002_X10b0d7d_X323f,16.1696,216.574214,218.402339,15625000.0000,1843750000.0,2751.84,,2.05527,10.2765,5.023136e+15,2609.8593,4,coarse,2.5132,4.5885,512,395,0.771930,H2CO,55.3393,76.28,False,False,searched,
HD 23484  Gaia DR3 4856592239127350400,HD 23484  Gaia DR3 4856592239127350400,6,A002_X10b0d7d_X323f,16.1696,229.609863,231.450683,976562.5000,1841796875.0,2751.84,,11.1167,55.5833,1.698067e+15,2766.3633,39,fine,4.1974,5.6122,512,325,0.635478,,,,False,False,duplicate_row,
HD 23484  Gaia DR3 4856592239127350400,HD 23484  Gaia DR3 4856592239127350400,6,A002_X10b0d7d_X323f,16.1696,229.609863,231.450683,976562.5000,1841796875.0,2751.84,,11.1167,55.5841,1.698091e+15,2766.3633,39,fine,4.1974,5.6122,512,325,0.635478,CO(2-1),-438.8793,-570.74,False,False,searched,
HD 23484  Gaia DR3 4856592239127350400,HD 23484  Gaia DR3 4856592239127350400,6,A002_X10b0d7d_X323f,16.1696,231.574211,233.402336,15625000.0000,1843750000.0,2751.84,,2.19191,10.9597,5.357092e+15,2789.8593,4,coarse,2.1541,4.7888,512,485,0.947368,CO(2-1),2786.2105,3592.80,False,False,searched,
HD 10647,HD 10647,6,A002_Xb39557_X3789,17.3488,229.621679,231.449804,15625000.0000,1843750000.0,12.10,,0.00100748,0.00503746,2.834532e+12,2766.4289,2,coarse,2.7022,4.6193,512,198,0.387914,CO(2-1),458.6787,596.47,False,False,noise_defect,
HD 10647,HD 10647,6,A002_Xb39557_X3789,17.3488,229.673192,231.398290,488281.2500,1725585937.5,393.12,,4.10657,20.533,3.610543e+14,2766.4289,10,fine,4.3174,5.2538,512,97,0.191033,CO(2-1),357.3604,464.72,False,False,searched,
HD 10647,HD 10647,6,A002_Xb39557_X3789,17.3488,244.122209,245.856584,15625000.0000,1750000000.0,520.13,,0.657731,3.28869,1.850513e+15,2939.8728,2,coarse,2.2157,4.5387,512,410,0.801170,CS(5-4),186.2086,227.86,False,False,searched,
HD 10647,HD 10647,6,A002_Xb39557_X3789,17.3488,246.122122,247.856497,15625000.0000,1750000000.0,520.13,,0.702207,3.51107,1.975644e+15,2963.8717,2,coarse,2.4023,4.6300,512,299,0.584795,CS(5-4),2717.3721,3298.31,False,False,searched,
HD 10647,HD 10647,7,A002_Xcf0c6b_X6513,17.3488,332.920420,334.654795,15625000.0000,1750000000.0,3278.02,,0.311812,1.5591,8.772923e+14,4005.4513,5,coarse,1.7562,4.4183,512,511,0.998051,CO(3-2),-11313.0796,-10160.88,False,False,searched,
HD 10647,HD 10647,7,A002_Xcf0c6b_X6513,17.3488,334.815920,336.550295,15625000.0000,1750000000.0,3278.02,,0.272191,1.361,7.658189e+14,4028.1973,5,coarse,3.0894,4.1807,512,127,0.249513,CO(3-2),-9276.9546,-8285.08,False,False,searched,
HD 10647,HD 10647,7,A002_Xcf0c6b_X6513,17.3488,344.925059,346.650157,488281.2500,1725585937.5,2388.96,,1.69399,8.47019,1.489405e+14,4149.4513,107,fine,4.3416,5.9759,512,421,0.822612,CO(3-2),96.8325,83.95,False,False,searched,
HD 10647,HD 10647,7,A002_Xcf0c6b_X6513,17.3488,346.815920,348.550295,15625000.0000,1750000000.0,3278.02,,0.316928,1.58469,8.916895e+14,4172.1973,5,coarse,2.4460,4.5134,512,407,0.795322,CO(3-2),1441.7954,1243.20,False,False,searched,
HD 10647,HD 10647,7,A002_Xff294f_X2db6,17.3488,330.350741,332.191073,488281.2500,1840820312.5,2630.88,,22.4454,112.227,1.973412e+15,3975.2509,119,fine,5.3943,5.9286,512,8,0.017544,,,,True,False,searched,
g Lup,g Lup,6,A002_Xb2e94e_X361a,17.3986,229.640695,231.468820,15625000.0000,1843750000.0,12.10,,0.000986047,0.00493024,2.790156e+12,2766.6571,2,coarse,2.2702,4.4943,512,356,0.695906,CO(2-1),-366.0554,-475.99,False,False,noise_defect,
g Lup,g Lup,6,A002_Xb2e94e_X361a,17.3986,229.692208,231.417306,488281.2500,1725585937.5,393.12,,2.8811,14.4056,2.547652e+14,2766.6571,10,fine,4.1182,5.5608,512,192,0.376218,CO(2-1),-478.6042,-622.33,False,False,searched,
g Lup,g Lup,6,A002_Xb2e94e_X361a,17.3986,244.141722,245.876097,15625000.0000,1750000000.0,520.13,,0.445898,2.2295,1.261730e+15,2940.1069,2,coarse,2.4794,4.3570,512,266,0.520468,CS(5-4),611.9715,748.81,False,False,searched,
g Lup,g Lup,6,A002_Xb2e94e_X361a,17.3986,246.141794,247.876169,15625000.0000,1750000000.0,520.13,,0.505226,2.52614,1.429608e+15,2964.1078,2,coarse,2.4508,4.2241,512,274,0.536062,CS(5-4),1658.9192,2013.41,False,False,searched,
eta Crv,eta Crv,7,A002_X11e10bc_X12662,18.2437,342.482582,344.207680,488281.2500,1725585937.5,2842.56,,1.51385,7.56935,1.471855e+14,4120.1416,148,fine,4.8902,5.5627,512,114,0.224172,CO(3-2),-2456.4845,-2144.88,False,False,searched,
eta Crv,eta Crv,7,A002_X11e10bc_X12662,18.2437,345.768158,345.822052,61035.1562,53955078.1,2842.56,,3.58969,17.9487,4.362642e+13,4149.5413,1186,fine,4.8275,6.1402,512,223,0.436647,CO(3-2),15.0043,13.01,False,False,searched,
eta Crv,eta Crv,7,A002_X11e10bc_X12662,18.2437,354.315582,356.040680,488281.2500,1725585937.5,2842.56,,1.64562,8.22826,1.599979e+14,4262.1376,154,fine,4.5308,5.8356,512,340,0.664717,CO(3-2),9699.7577,8187.20,False,False,searched,
eta Crv,eta Crv,7,A002_X11e10bc_X12662,18.2437,356.190582,357.915680,488281.2500,1725585937.5,2842.56,,1.85301,9.26519,1.801609e+14,4284.6376,154,fine,4.2364,5.8427,512,499,0.974659,CO(3-2),11158.7421,9369.21,False,False,searched,
eta Crv,eta Crv,8,A002_X12277ed_X22e53,18.2437,479.339378,481.167503,15625000.0000,1843750000.0,3072.38,,19.5415,97.7096,6.079860e+16,5763.0413,6,coarse,2.7820,4.5786,512,281,0.549708,CO(4-3),19189.0032,11978.51,False,False,searched,
eta Crv,eta Crv,8,A002_X12277ed_X22e53,18.2437,481.234878,483.063003,15625000.0000,1843750000.0,3072.38,,19.688,98.4422,6.125443e+16,5785.7873,6,coarse,2.7812,4.2874,512,282,0.551657,CO(4-3),21787.6282,13547.20,False,False,searched,
eta Crv,eta Crv,8,A002_X12277ed_X22e53,18.2437,492.185959,492.239853,61035.1562,53955078.1,2056.32,,260.317,1301.62,3.163734e+15,5906.5549,1109,fine,4.8289,5.9262,512,234,0.458090,CO(4-3),31159.6070,18978.40,False,False,searched,
eta Crv,eta Crv,8,A002_X12277ed_X22e53,18.2437,493.297378,495.125503,15625000.0000,1843750000.0,3072.38,,22.8251,114.128,7.101475e+16,5930.5373,6,coarse,2.4801,4.7137,512,420,0.820663,CO(4-3),33537.6282,20344.18,False,False,searched,
HD53143  Gaia DR3 5479222240596469632,HD53143  Gaia DR3 5479222240596469632,6,A002_X10a341d_X82d2,18.3401,214.565578,216.393703,15625000.0000,1843750000.0,2509.92,,2.68686,13.4344,8.448015e+15,2585.7557,4,coarse,3.0981,3.9408,512,81,0.159844,SiO(5-4),-1086.2973,-1511.34,False,False,searched,
HD53143  Gaia DR3 5479222240596469632,HD53143  Gaia DR3 5479222240596469632,6,A002_X10a341d_X82d2,18.3401,216.565578,218.393703,15625000.0000,1843750000.0,2509.92,,2.69972,13.4987,8.488461e+15,2609.7557,4,coarse,2.7932,4.6209,512,255,0.499025,H2CO,-359.5473,-495.63,False,False,searched,
HD53143  Gaia DR3 5479222240596469632,HD53143  Gaia DR3 5479222240596469632,6,A002_X10a341d_X82d2,18.3401,229.601226,231.442047,976562.5000,1841796875.0,2509.92,,14.4653,72.3267,2.842592e+15,2766.2596,36,fine,4.1979,5.5343,512,295,0.576998,,,,False,False,duplicate_row,
HD53143  Gaia DR3 5479222240596469632,HD53143  Gaia DR3 5479222240596469632,6,A002_X10a341d_X82d2,18.3401,229.601226,231.442047,976562.5000,1841796875.0,2509.92,,14.4653,72.3275,2.842625e+15,2766.2596,36,fine,4.1979,5.5343,512,295,0.576998,CO(2-1),-857.6722,-1115.40,False,False,searched,
HD53143  Gaia DR3 5479222240596469632,HD53143  Gaia DR3 5479222240596469632,6,A002_X10a341d_X82d2,18.3401,231.565574,233.393699,15625000.0000,1843750000.0,2509.92,,2.85357,14.268,8.972209e+15,2789.7556,4,coarse,3.0587,4.6537,512,119,0.233918,CO(2-1),2152.5739,2775.84,False,False,searched,
Wolf  219,Wolf  219,6,A002_Xb25e1a_Xed74,18.8830,215.199158,216.933533,15625000.0000,1750000000.0,60.48,,1.29933,6.53249,4.354629e+15,2592.7961,2,coarse,2.0037,4.1735,512,453,0.884990,SiO(5-4),-483.9671,-671.51,False,False,searched,
Wolf  219,Wolf  219,6,A002_Xb25e1a_Xed74,18.8830,217.092573,218.826948,15625000.0000,1750000000.0,60.48,,1.29365,6.50458,4.336023e+15,2615.5171,2,coarse,2.2161,4.4461,512,373,0.729045,H2CO,589.3234,810.58,False,False,searched,
Wolf  219,Wolf  219,6,A002_Xb25e1a_Xed74,18.8830,229.264212,230.989310,488281.2500,1725585937.5,60.48,,8.0397,40.4503,8.426446e+14,2761.5211,3,fine,3.9031,5.7618,512,157,0.307992,CO(2-1),224.2590,292.15,False,False,searched,
Wolf  219,Wolf  219,6,A002_Xb25e1a_Xed74,18.8830,231.592573,233.326948,15625000.0000,1750000000.0,60.48,,1.3518,6.80221,4.534427e+15,2789.5171,2,coarse,2.0684,4.0926,512,442,0.863548,CO(2-1),2195.1984,2831.04,False,False,searched,
bet Pic,bet Pic,3,A002_Xf5d76d_X32f1,19.6345,100.097291,101.925416,15625000.0000,1843750000.0,1463.62,,0.223204,1.11602,8.043495e+14,1212.1362,2,coarse,2.7847,4.3591,512,150,0.294347,HCO+(1-0),11173.9159,33163.16,False,False,searched,
bet Pic,bet Pic,3,A002_Xf5d76d_X32f1,19.6345,101.992791,103.820916,15625000.0000,1843750000.0,1463.62,,0.220307,1.10154,7.939116e+14,1234.8822,2,coarse,2.3551,4.1083,512,333,0.651072,CN(1-0),-10716.9591,-31221.08,False,False,searched,
bet Pic,bet Pic,3,A002_Xf5d76d_X32f1,19.6345,112.597291,114.425416,15625000.0000,1843750000.0,1463.62,,0.322467,1.61234,1.162062e+15,1362.1362,2,coarse,2.3456,4.8687,512,335,0.654971,CN(1-0),-721.8341,-1906.42,False,False,searched,
bet Pic,bet Pic,3,A002_Xf5d76d_X32f1,19.6345,114.829247,115.691796,244140.6250,862792968.8,1209.60,,3.69571,18.4785,2.080940e+14,1383.1263,31,fine,14.6540,7.2660,512,0,0.001949,,,,True,True,duplicate_row,
bet Pic,bet Pic,3,A002_Xf5d76d_X32f1,19.6345,114.829247,115.691796,244140.6250,862792968.8,1209.60,,3.69571,18.4786,2.080950e+14,1383.1263,31,fine,14.6540,7.2660,512,0,0.001949,CO(1-0),-10.3563,-26.94,True,True,searched,circumstellar CO
bet Pic,bet Pic,6,A002_X6f1341_X1484,19.6345,215.680975,217.406073,488281.2500,1725585937.5,1834.56,,24.5911,122.955,2.769297e+15,2598.5223,55,fine,4.5778,5.8573,512,138,0.270955,SiO(5-4),-948.9269,-1313.74,False,False,searched,
bet Pic,bet Pic,6,A002_X6f1341_X1484,19.6345,217.646091,219.349216,15625000.0000,1718750000.0,1824.48,,4.24741,21.2371,1.530618e+16,2621.9718,3,coarse,2.3497,4.4954,512,383,0.748538,H2CO,-138.4094,-189.91,False,False,searched,
bet Pic,bet Pic,6,A002_X6f1341_X1484,19.6345,230.083798,231.003964,244140.6250,920410156.2,1824.48,,35.7485,178.742,2.012887e+15,2766.5266,116,fine,10.1649,15.1740,512,8,0.017544,,,,True,False,duplicate_row,
bet Pic,bet Pic,6,A002_X6f1341_X1484,19.6345,230.083798,231.003964,244140.6250,920410156.2,1824.48,,35.7485,178.743,2.012889e+15,2766.5266,116,fine,10.1649,15.1740,512,8,0.017544,CO(2-1),-9.8656,-12.83,True,False,searched,
bet Pic,bet Pic,6,A002_X6f1341_X1484,19.6345,231.676745,233.411120,15625000.0000,1750000000.0,1844.64,,4.41116,22.0558,1.589628e+16,2790.5272,3,coarse,2.5498,4.3752,512,317,0.619883,CO(2-1),2232.4950,2878.10,False,False,searched,
bet Pic,bet Pic,6,A002_Xd9668b_X3a90,19.6345,225.622688,225.730476,122070.3125,107910156.2,2328.48,,2.13151,10.6577,6.001029e+13,2708.1190,239,fine,4.8171,5.8559,512,54,0.107212,CO(2-1),-4810.5760,-6390.45,False,False,searched,
bet Pic,bet Pic,6,A002_Xd9668b_X3a90,19.6345,226.239417,226.347206,122070.3125,107910156.2,2328.48,,2.09694,10.4848,5.903697e+13,2715.5197,240,fine,4.3942,6.1170,512,284,0.555556,CO(2-1),-4249.1441,-5629.25,False,False,searched,
bet Pic,bet Pic,6,A002_Xd9668b_X3a90,19.6345,226.584419,226.692207,122070.3125,107910156.2,2328.48,,2.10376,10.519,5.922916e+13,2719.6598,240,fine,4.5227,5.6748,512,180,0.352827,CO(2-1),-3884.1234,-5137.84,False,False,searched,
bet Pic,bet Pic,6,A002_Xd9668b_X3a90,19.6345,226.799629,226.907417,122070.3125,107910156.2,2328.48,,2.08549,10.4276,5.871483e+13,2722.2423,240,fine,4.4556,5.7508,512,230,0.450292,CO(2-1),-3734.3431,-4935.03,False,False,searched,
bet Pic,bet Pic,6,A002_Xd9668b_X3a90,19.6345,230.489410,230.543319,15258.7891,53924560.5,2328.48,,6.66045,33.3028,2.343972e+13,2766.1964,1944,fine,11.6810,9.1167,512,0,0.001949,CO(2-1),-21.8721,-28.45,True,True,searched,circumstellar CO
bet Pic,bet Pic,6,A002_Xd9668b_X3a90,19.6345,241.553115,241.984390,122070.3125,431396484.4,2328.48,,2.19152,10.9578,6.169998e+13,2901.2250,256,fine,5.4199,5.8117,512,15,0.031189,CS(5-4),-3184.7645,-3949.10,True,False,searched,
bet Pic,bet Pic,6,A002_Xd9668b_X3a90,19.6345,243.049301,244.877426,15625000.0000,1843750000.0,2709.50,,0.205604,1.02804,7.409364e+14,2927.5604,4,coarse,2.3609,4.4667,512,403,0.787524,CS(5-4),-339.8243,-417.59,False,False,searched,
eta Cru,eta Cru,6,A002_Xbe7502_X2047,19.6882,223.132812,224.867188,15625000.0000,1750000000.0,1814.40,,0.316254,1.58128,1.145909e+15,2688.0000,3,coarse,3.0573,4.4571,512,108,0.212476,13CO(2-1),3140.0625,4202.53,False,False,searched,
eta Cru,eta Cru,6,A002_Xbe7502_X2047,19.6882,225.132812,226.867188,15625000.0000,1750000000.0,1814.40,,0.306087,1.53045,1.109072e+15,2712.0000,3,coarse,2.5886,4.0068,512,254,0.497076,CO(2-1),-4155.1875,-5511.92,False,False,searched,
eta Cru,eta Cru,6,A002_Xbe7502_X2047,19.6882,239.132813,240.867188,15625000.0000,1750000000.0,1814.40,,0.334113,1.67057,1.210619e+15,2880.0000,3,coarse,3.0390,4.2817,512,110,0.216374,CS(5-4),-5568.8125,-6956.20,False,False,searched,
eta Cru,eta Cru,6,A002_Xbe7502_X2047,19.6882,241.132813,242.867188,15625000.0000,1750000000.0,1814.40,,0.355843,1.77923,1.289356e+15,2904.0000,3,coarse,2.2498,4.3095,512,427,0.834308,CS(5-4),-2490.6875,-3085.49,False,False,searched,
PM J034331958,PM J034331958,6,A002_Xb25e1a_Xed74,20.7567,215.199158,216.933533,15625000.0000,1750000000.0,60.48,,1.29363,6.47073,5.211938e+15,2592.7961,2,coarse,1.7056,4.6623,512,507,0.990253,SiO(5-4),-577.7171,-801.58,False,False,searched,
PM J034331958,PM J034331958,6,A002_Xb25e1a_Xed74,20.7567,217.092573,218.826948,15625000.0000,1750000000.0,60.48,,1.28871,6.44618,5.192161e+15,2615.5171,2,coarse,2.9683,4.4629,512,84,0.165692,H2CO,89.3234,122.86,False,False,searched,
PM J034331958,PM J034331958,6,A002_Xb25e1a_Xed74,20.7567,229.264212,230.989310,488281.2500,1725585937.5,60.48,,7.99285,39.9823,1.006384e+15,2761.5211,3,fine,3.3311,4.8944,512,485,0.947368,CO(2-1),-727.8895,-948.24,False,False,searched,
PM J034331958,PM J034331958,6,A002_Xb25e1a_Xed74,20.7567,231.592573,233.326948,15625000.0000,1750000000.0,60.48,,1.34183,6.71221,5.406442e+15,2789.5171,2,coarse,2.5253,4.4902,512,249,0.487329,CO(2-1),1617.0734,2085.46,False,False,searched,
V star TX PsA,V star TX PsA,7,A002_Xcd2acd_X6125,20.8350,333.163309,334.897684,15625000.0000,1750000000.0,1384.99,,0.396853,1.98654,1.612183e+15,4008.3660,4,coarse,3.0403,4.8080,512,113,0.222222,CO(3-2),-12179.5660,-10931.16,False,False,searched,
V star TX PsA,V star TX PsA,7,A002_Xcd2acd_X6125,20.8350,335.058809,336.793184,15625000.0000,1750000000.0,1384.99,,0.346357,1.73379,1.407068e+15,4031.1120,4,coarse,3.3710,4.2783,512,31,0.062378,CO(3-2),-9268.4410,-8271.49,False,False,searched,
V star TX PsA,V star TX PsA,7,A002_Xcd2acd_X6125,20.8350,345.167948,346.893045,488281.2500,1725585937.5,876.96,,2.16265,10.8266,2.745732e+14,4152.3660,78,fine,4.6655,5.9450,512,137,0.269006,CO(3-2),-421.9976,-365.61,False,False,searched,
V star TX PsA,V star TX PsA,7,A002_Xcd2acd_X6125,20.8350,347.058809,348.793184,15625000.0000,1750000000.0,1384.99,,0.407503,2.04005,1.655611e+15,4175.1120,4,coarse,3.1173,4.7447,512,111,0.218324,CO(3-2),2309.6840,1990.15,False,False,searched,
V star WW PsA,V star TX PsA,7,A002_Xcd2acd_X6125,20.8673,333.163309,334.897684,15625000.0000,1750000000.0,876.96,,0.405273,2.02683,1.649993e+15,4008.3660,3,coarse,2.1558,4.5240,512,425,0.830409,CO(3-2),-11992.0660,-10762.88,False,False,searched,
V star WW PsA,V star TX PsA,7,A002_Xcd2acd_X6125,20.8673,335.058809,336.793184,15625000.0000,1750000000.0,876.96,,0.355139,1.77611,1.445886e+15,4031.1120,3,coarse,2.6974,4.1914,512,193,0.378168,CO(3-2),-9018.4410,-8048.38,False,False,searched,
V star WW PsA,V star TX PsA,7,A002_Xcd2acd_X6125,20.8673,345.167948,346.893045,488281.2500,1725585937.5,876.96,,2.16752,10.8403,2.757753e+14,4152.3660,67,fine,4.3982,5.6740,512,314,0.614035,CO(3-2),584.3500,506.27,False,False,searched,
V star WW PsA,V star TX PsA,7,A002_Xcd2acd_X6125,20.8673,347.058809,348.793184,15625000.0000,1750000000.0,876.96,,0.420532,2.10318,1.712148e+15,4175.1120,4,coarse,3.2063,4.6783,512,81,0.159844,CO(3-2),2481.5590,2138.25,False,False,searched,
j1256-1257,j1256-1257,7,A002_Xd9398d_X322a,21.1536,343.107979,344.936104,15625000.0000,1843750000.0,2939.33,,0.340759,2.94989,2.467767e+15,4128.2645,4,coarse,2.9521,4.4846,512,157,0.307992,CO(3-2),-2516.1456,-2192.65,False,False,searched,
j1256-1257,j1256-1257,7,A002_Xd9398d_X322a,21.1536,344.955354,346.680940,976562.5000,1726562500.0,2177.28,,1.82838,15.9192,8.323367e+14,4149.8178,47,fine,4.9607,5.4833,512,30,0.060429,CO(3-2),508.9634,441.22,False,False,searched,
j1256-1257,j1256-1257,7,A002_Xd9398d_X322a,21.1536,355.108748,356.936873,15625000.0000,1843750000.0,2939.33,,0.387335,3.48632,2.916524e+15,4272.2737,4,coarse,4.0249,4.4955,512,4,0.009747,CO(3-2),9656.4983,8131.35,False,False,searched,
j1256-1257,j1256-1257,7,A002_Xd9398d_X322a,21.1536,356.908864,358.736989,15625000.0000,1843750000.0,2939.33,,0.449058,4.06603,3.401495e+15,4293.8751,4,coarse,2.6378,4.2743,512,298,0.582846,CO(3-2),12456.6137,10436.44,False,False,searched,
hd92945,hd92945,7,A002_Xbbadbe_X3846,21.5085,342.239130,343.973505,15625000.0000,1750000000.0,3320.35,,0.284053,1.4203,1.228384e+15,4117.2758,5,coarse,3.4544,4.9605,512,43,0.085770,CO(3-2),-2228.7454,-1947.39,False,False,searched,
hd92945,hd92945,7,A002_Xbbadbe_X3846,21.5085,344.087755,345.915880,15625000.0000,1843750000.0,48.38,,0.000452393,0.00226203,1.956368e+12,4140.0218,5,coarse,2.7575,5.0828,512,288,0.563353,CO(3-2),-1020.7454,-886.99,False,False,noise_defect,
hd92945,hd92945,7,A002_Xbbadbe_X3846,21.5085,344.139024,345.864610,976562.5000,1726562500.0,2812.32,,1.48687,7.43456,4.018726e+14,4140.0218,59,fine,4.0322,5.5884,512,466,0.910331,CO(3-2),-1252.6790,-1088.53,False,False,searched,
hd92945,hd92945,7,A002_Xbbadbe_X3846,21.5085,354.194047,356.022172,15625000.0000,1843750000.0,48.38,,0.000466395,0.00233204,2.016922e+12,4261.2973,5,coarse,2.6143,4.5910,512,358,0.699805,CO(3-2),9304.2968,7854.95,False,False,noise_defect,
hd92945,hd92945,7,A002_Xbbadbe_X3846,21.5085,354.245561,355.970658,488281.2500,1725585937.5,2812.32,,1.95977,9.79912,2.648441e+14,4261.2973,119,fine,4.7351,6.0484,512,167,0.327485,CO(3-2),9637.5488,8136.30,False,False,searched,
hd92945,hd92945,7,A002_Xbbadbe_X3846,21.5085,356.134630,357.869005,15625000.0000,1750000000.0,3320.35,,0.357891,1.78951,1.547699e+15,4284.0218,5,coarse,2.4023,4.8333,512,430,0.840156,CO(3-2),11479.2546,9639.71,False,False,searched,
WD2039-202,WD2039-202,6,A002_Xe539c7_X113b1,21.7709,223.085938,224.914062,15625000.0000,1843750000.0,616.90,,0.309712,1.54857,1.372182e+15,2688.0000,2,coarse,3.2132,4.2378,512,39,0.077973,13CO(2-1),3702.5625,4955.36,False,False,searched,
WD2039-202,WD2039-202,6,A002_Xe539c7_X113b1,21.7709,225.085938,226.914062,15625000.0000,1843750000.0,616.90,,0.292178,1.4609,1.294497e+15,2712.0000,2,coarse,2.4663,4.1769,512,275,0.538012,CO(2-1),-4123.9375,-5470.47,False,False,searched,
WD2039-202,WD2039-202,6,A002_Xe539c7_X113b1,21.7709,239.085938,240.914063,15625000.0000,1843750000.0,616.90,,0.318494,1.59248,1.411090e+15,2880.0000,2,coarse,1.9552,4.2687,512,487,0.951267,CS(5-4),-4287.5625,-5355.75,False,False,searched,
WD2039-202,WD2039-202,6,A002_Xe539c7_X113b1,21.7709,241.085938,242.914063,15625000.0000,1843750000.0,616.90,,0.340886,1.70444,1.510299e+15,2904.0000,2,coarse,2.5208,4.0714,512,247,0.483431,CS(5-4),-2225.0625,-2756.43,False,False,searched,
HD 45184,HD 45184,6,A002_X126c7ed_Xe9d,21.8923,229.665871,231.391457,976562.5000,1726562500.0,2933.28,,10.8361,54.1809,3.034161e+15,2766.3440,41,fine,4.5131,5.4896,512,109,0.214425,CO(2-1),471.6213,613.32,False,False,searched,
HD 45184,HD 45184,6,A002_X126c7ed_Xe9d,21.8923,232.072602,233.900727,15625000.0000,1843750000.0,3610.66,,1.91521,9.57611,8.580278e+15,2795.8400,4,coarse,2.8615,4.4305,512,231,0.452242,CO(2-1),2456.4768,3160.84,False,False,searched,
HD 45184,HD 45184,6,A002_X126c7ed_Xe9d,21.8923,244.072602,245.900727,15625000.0000,1843750000.0,3610.66,,1.98125,9.90636,8.876184e+15,2939.8400,4,coarse,3.1856,4.5210,512,98,0.192982,CS(5-4),89.7268,109.80,False,False,searched,
HD 45184,HD 45184,6,A002_X126c7ed_Xe9d,21.8923,246.072602,247.900727,15625000.0000,1843750000.0,3610.66,,2.18439,10.922,9.786236e+15,2963.8400,4,coarse,3.7535,4.1978,512,16,0.033138,CS(5-4),2714.7268,3295.14,False,False,searched,
LP 476-207 783296,LP 476-207 384128,7,A002_Xd10f82_X2635,23.7525,333.149759,334.884134,15625000.0000,1750000000.0,1409.18,,0.522637,2.69343,2.840891e+15,4008.2034,3,coarse,2.0332,4.1892,512,493,0.962963,CO(3-2),-12161.8657,-10915.72,False,False,searched,
LP 476-207 783296,LP 476-207 384128,7,A002_Xd10f82_X2635,23.7525,335.045259,336.779634,15625000.0000,1750000000.0,1409.18,,0.452985,2.33527,2.463131e+15,4030.9494,3,coarse,2.9703,4.2953,512,120,0.235867,CO(3-2),-10672.6157,-9525.01,False,False,searched,
LP 476-207 783296,LP 476-207 384128,7,A002_Xd10f82_X2635,23.7525,345.154398,346.879496,488281.2500,1725585937.5,1028.16,,2.85096,14.7251,4.853520e+14,4152.2034,44,fine,4.4371,5.8578,512,184,0.360624,CO(3-2),1027.3433,890.10,False,False,searched,
LP 476-207 783296,LP 476-207 384128,7,A002_Xd10f82_X2635,23.7525,347.045259,348.779634,15625000.0000,1750000000.0,1409.18,,0.533346,2.75568,2.906557e+15,4174.9494,3,coarse,3.4275,4.2282,512,36,0.072125,CO(3-2),2296.1343,1978.55,False,False,searched,
LP 476-207 384128,LP 476-207 384128,7,A002_Xd10f82_X2635,23.7875,333.149759,334.884134,15625000.0000,1750000000.0,1409.18,,0.522394,2.61842,2.769928e+15,4008.2034,3,coarse,1.8538,4.6169,512,505,0.986355,CO(3-2),-12427.4907,-11154.13,False,False,searched,
LP 476-207 384128,LP 476-207 384128,7,A002_Xd10f82_X2635,23.7875,335.045259,336.779634,15625000.0000,1750000000.0,1409.18,,0.452402,2.26766,2.398875e+15,4030.9494,3,coarse,2.8663,4.4202,512,154,0.302144,CO(3-2),-10375.7407,-9260.06,False,False,searched,
LP 476-207 384128,LP 476-207 384128,7,A002_Xd10f82_X2635,23.7875,345.154398,346.879496,488281.2500,1725585937.5,1028.16,,2.85145,14.295,4.725678e+14,4152.2034,44,fine,4.1936,5.7657,512,391,0.764133,CO(3-2),718.7495,622.73,False,False,searched,
LP 476-207 384128,LP 476-207 384128,7,A002_Xd10f82_X2635,23.7875,347.045259,348.779634,15625000.0000,1750000000.0,1409.18,,0.532616,2.67021,2.824724e+15,4174.9494,3,coarse,2.9346,4.3362,512,119,0.233918,CO(3-2),1624.2593,1399.61,False,False,searched,
HD202628,HD202628,6,A002_Xd64dca_X410,23.7940,230.080755,230.943548,488281.2500,863281250.0,2933.28,,1.06798,5.33999,1.766269e+14,2766.1458,81,fine,4.2012,5.6891,512,425,0.830409,CO(2-1),190.7042,248.02,False,False,searched,
HD202628,HD202628,6,A002_Xd64dca_X410,23.7940,231.559855,233.387980,15625000.0000,1843750000.0,3441.31,,0.120719,0.603602,6.388765e+14,2789.6870,4,coarse,2.6117,4.9908,512,324,0.633528,CO(2-1),1021.8548,1317.76,False,False,searched,
HD202628,HD202628,6,A002_Xd64dca_X410,23.7940,244.558396,246.386521,15625000.0000,1843750000.0,3441.31,,0.132412,0.66207,7.007610e+14,2945.6695,4,coarse,2.8062,4.8652,512,238,0.465887,CS(5-4),184.8964,225.81,False,False,searched,
HD202628,HD202628,6,A002_Xd64dca_X410,23.7940,246.558172,248.386297,15625000.0000,1843750000.0,3441.31,,0.154878,0.774403,8.196593e+14,2969.6668,4,coarse,2.2242,4.4369,512,465,0.908382,CS(5-4),2778.4221,3365.83,False,False,searched,
HD 31392,HD 31392,6,A002_X128b034_X187cc,25.7602,229.651114,231.376700,976562.5000,1726562500.0,2963.52,,12.4989,62.4946,4.845636e+15,2766.1669,42,fine,4.1059,5.6795,512,385,0.752437,CO(2-1),306.4737,398.58,False,False,searched,
HD 31392,HD 31392,6,A002_X128b034_X187cc,25.7602,232.057845,233.885970,15625000.0000,1843750000.0,3640.90,,2.24072,11.2036,1.389913e+16,2795.6629,4,coarse,2.6949,4.3640,512,285,0.557505,CO(2-1),2894.8448,3725.14,False,False,searched,
HD 31392,HD 31392,6,A002_X128b034_X187cc,25.7602,244.057845,245.885970,15625000.0000,1843750000.0,3640.90,,2.35123,11.7562,1.458464e+16,2939.6629,4,coarse,2.3677,4.8643,512,440,0.859649,CS(5-4),903.0948,1105.19,False,False,searched,
HD 31392,HD 31392,6,A002_X128b034_X187cc,25.7602,246.057845,247.885970,15625000.0000,1843750000.0,3640.90,,2.54583,12.7292,1.579174e+16,2963.6629,4,coarse,3.2092,5.1896,512,103,0.202729,CS(5-4),1809.3448,2196.31,False,False,searched,
CD-57 1054,CD-57 1054,7,A002_Xcf525f_X5aa4,26.8732,333.118539,334.852914,15625000.0000,1750000000.0,1409.18,,0.673975,3.36999,4.549853e+15,4007.8287,3,coarse,2.3442,4.3846,512,376,0.734893,CO(3-2),-11521.2114,-10341.68,False,False,searched,
CD-57 1054,CD-57 1054,7,A002_Xcf525f_X5aa4,26.8732,335.014039,336.748414,15625000.0000,1750000000.0,1409.18,,0.582435,2.91228,3.931885e+15,4030.5747,3,coarse,2.8196,4.0836,512,177,0.346979,CO(3-2),-9297.5864,-8298.61,False,False,searched,
CD-57 1054,CD-57 1054,7,A002_Xcf525f_X5aa4,26.8732,345.123177,346.848275,488281.2500,1725585937.5,1028.16,,3.61603,18.0808,7.628455e+14,4151.8287,45,fine,5.1083,5.7106,512,18,0.037037,CO(3-2),713.8960,618.58,True,False,searched,
CD-57 1054,CD-57 1054,7,A002_Xcf525f_X5aa4,26.8732,347.014039,348.748414,15625000.0000,1750000000.0,1409.18,,0.671572,3.35799,4.533644e+15,4174.5747,3,coarse,2.4810,4.8887,512,314,0.614035,CO(3-2),1593.0386,1372.83,False,False,searched,
LP 353-51,LP 353-51,7,A002_Xd10f82_X706f,27.0991,333.107596,334.935721,15625000.0000,1843750000.0,756.00,,1.02948,5.14774,7.067364e+15,4008.2599,4,coarse,3.3857,4.6626,512,48,0.095517,CO(3-2),-11594.6538,-10406.48,False,False,searched,
LP 353-51,LP 353-51,7,A002_Xd10f82_X706f,27.0991,335.003096,336.831221,15625000.0000,1843750000.0,756.00,,0.892149,4.46106,6.124608e+15,4031.0059,4,coarse,2.9774,4.2056,512,138,0.270955,CO(3-2),-10433.5288,-9311.50,False,False,searched,
LP 353-51,LP 353-51,7,A002_Xd10f82_X706f,27.0991,345.159110,346.884208,488281.2500,1725585937.5,756.00,,5.75494,28.7768,1.234620e+15,4152.2599,75,fine,4.4801,5.6766,512,261,0.510721,CO(3-2),-530.9331,-460.00,False,False,searched,
LP 353-51,LP 353-51,7,A002_Xd10f82_X706f,27.0991,347.003096,348.831221,15625000.0000,1843750000.0,756.00,,1.04829,5.24186,7.196573e+15,4175.0059,4,coarse,2.2333,4.2718,512,460,0.898635,CO(3-2),2113.3462,1821.02,False,False,searched,
hd107146,hd107146,7,A002_Xb999fd_X148,27.4697,342.250462,343.984837,15625000.0000,1750000000.0,2086.56,,5.37122,26.8563,3.788651e+16,4117.4118,5,coarse,3.4347,4.6179,512,82,0.161793,CO(3-2),-3045.5385,-2660.98,False,False,searched,
hd107146,hd107146,7,A002_Xb999fd_X148,27.4697,344.092739,345.933559,976562.5000,1841796875.0,2086.56,,26.1928,130.965,1.154713e+16,4140.1578,56,fine,4.3378,5.4935,512,301,0.588694,CO(3-2),-542.1283,-471.07,False,False,searched,
hd107146,hd107146,7,A002_Xb999fd_X148,27.4697,354.199439,356.039771,488281.2500,1840820312.5,2086.56,,32.9177,164.59,7.255904e+15,4261.4353,113,fine,4.9749,5.8253,512,62,0.122807,CO(3-2),9794.0639,8268.16,False,False,searched,
hd107146,hd107146,7,A002_Xb999fd_X148,27.4697,356.145962,357.880337,15625000.0000,1750000000.0,2086.56,,6.71994,33.6,4.739990e+16,4284.1578,5,coarse,2.8226,4.2949,512,238,0.465887,CO(3-2),10662.4615,8953.52,False,False,searched,
L 836-122,L 836-122,7,A002_Xcd64ec_X21c9,28.6967,333.132816,334.867191,15625000.0000,1750000000.0,1257.98,,0.548798,2.74541,4.226695e+15,4008.0000,3,coarse,2.6041,4.6272,512,283,0.553606,CO(3-2),-12413.1845,-11141.85,False,False,searched,
L 836-122,L 836-122,7,A002_Xcd64ec_X21c9,28.6967,335.028316,336.762691,15625000.0000,1750000000.0,1257.98,,0.474707,2.37478,3.656092e+15,4030.7460,3,coarse,2.9811,4.5900,512,114,0.224172,CO(3-2),-9892.6845,-8829.39,False,False,searched,
L 836-122,L 836-122,7,A002_Xcd64ec_X21c9,28.6967,345.137454,346.862552,488281.2500,1725585937.5,876.96,,2.95345,14.7755,7.108615e+14,4152.0000,40,fine,4.1841,5.5547,512,363,0.709552,CO(3-2),947.8995,821.31,False,False,searched,
L 836-122,L 836-122,7,A002_Xcd64ec_X21c9,28.6967,347.028316,348.762691,15625000.0000,1750000000.0,1257.98,,0.550491,2.754,4.239921e+15,4174.7460,3,coarse,2.1853,4.1802,512,442,0.863548,CO(3-2),1872.9405,1613.97,False,False,searched,
HD172555,HD172555,6,A002_Xa68906_X1590,28.7890,217.600338,219.334713,15625000.0000,1750000000.0,453.60,,0.367775,1.83888,2.849292e+15,2621.6103,2,coarse,2.6743,4.7577,512,166,0.325536,H2CO,-324.7873,-445.69,False,False,searched,
HD172555,HD172555,6,A002_Xa68906_X1590,28.7890,220.363563,220.417472,15258.7891,53924560.5,453.60,,17.4301,87.1507,1.318728e+14,2644.6862,372,fine,4.9566,6.1808,512,176,0.345029,13CO(2-1),-22.5131,-30.62,False,False,searched,
HD172555,HD172555,6,A002_Xa68906_X1590,28.7890,230.502480,230.556389,15258.7891,53924560.5,453.60,,16.0529,80.2646,1.214531e+14,2766.3532,389,fine,4.7304,5.8462,512,388,0.758285,CO(2-1),-8.1613,-10.61,False,False,searched,
HD172555,HD172555,6,A002_Xa68906_X1590,28.7890,232.112870,233.847245,15625000.0000,1750000000.0,453.60,,0.377609,1.88805,2.925479e+15,2795.7607,2,coarse,2.7073,4.0737,512,173,0.339181,CO(2-1),3074.8703,3956.66,False,False,searched,
HD161868,HD161868,6,A002_Xcd97a1_X2377,29.7465,226.304678,228.145011,488281.2500,1840820312.5,2177.28,,7.65453,38.2727,1.978527e+15,2726.6981,60,fine,4.3246,5.6648,512,363,0.709552,CO(2-1),-4049.7278,-5343.07,False,False,searched,
HD161868,HD161868,6,A002_Xcd97a1_X2377,29.7465,229.195842,231.036174,488281.2500,1840820312.5,2177.28,,7.26346,36.3173,1.877445e+15,2761.3921,61,fine,4.3904,5.9952,512,345,0.674464,CO(2-1),-232.2947,-302.63,False,False,searched,
HD161868,HD161868,6,A002_Xcd97a1_X2377,29.7465,242.249721,243.984096,15625000.0000,1750000000.0,2177.28,,1.37987,6.89935,1.141330e+16,2917.4029,3,coarse,2.1324,4.3048,512,456,0.890838,CS(5-4),-2280.0290,-2811.55,False,False,searched,
HD161868,HD161868,6,A002_Xcd97a1_X2377,29.7465,244.249860,245.984235,15625000.0000,1750000000.0,2177.28,,1.4309,7.15449,1.183538e+16,2941.4046,3,coarse,2.8672,4.2146,512,117,0.230019,CS(5-4),938.8601,1148.28,False,False,searched,
HD161868,HD161868,7,A002_Xff294f_X7bf4,29.7465,330.368031,332.208363,488281.2500,1840820312.5,2751.84,,23.3685,116.846,6.040405e+15,3975.4584,123,fine,4.9918,5.8292,512,102,0.200780,CO(3-2),-14866.9341,-13453.53,False,False,searched,
HD161868,HD161868,7,A002_Xff294f_X7bf4,29.7465,332.265936,334.094061,15625000.0000,1843750000.0,2751.84,,3.34008,16.7009,2.762756e+16,3998.1600,5,coarse,3.2063,4.3218,512,97,0.191033,CO(3-2),-11889.4391,-10698.01,False,False,searched,
HD161868,HD161868,7,A002_Xff294f_X7bf4,29.7465,342.315329,344.143454,15625000.0000,1843750000.0,2751.84,,3.16614,15.8312,2.618886e+16,4118.7527,5,coarse,2.6310,4.2788,512,296,0.578947,CO(3-2),-3293.1712,-2876.41,False,False,searched,
HD161868,HD161868,7,A002_Xff294f_X7bf4,29.7465,344.201027,346.041359,488281.2500,1840820312.5,2751.84,,20.5546,102.776,5.313061e+15,4141.4543,128,fine,4.7114,6.2661,512,244,0.477583,CO(3-2),-250.2465,-217.38,False,False,searched,
51 Eri,51 Eri,6,A002_Xb95160_X3e24,29.9052,214.525853,216.260228,15625000.0000,1750000000.0,1282.18,,0.231576,1.15789,1.935927e+15,2584.7165,2,coarse,2.1243,4.3050,512,426,0.832359,SiO(5-4),-1766.6471,-2458.89,False,False,searched,
51 Eri,51 Eri,6,A002_Xb95160_X3e24,29.9052,217.025772,218.760147,15625000.0000,1750000000.0,1282.18,,0.236845,1.18423,1.979974e+15,2614.7155,2,coarse,2.2322,3.9580,512,383,0.748538,H2CO,397.5221,546.94,False,False,searched,
51 Eri,51 Eri,6,A002_Xb95160_X3e24,29.9052,229.611046,231.439171,15625000.0000,1843750000.0,24.19,,0.000595588,0.00297795,4.978982e+12,2766.3013,2,coarse,2.5419,4.2052,512,246,0.481481,CO(2-1),-83.2045,-108.21,False,False,noise_defect,
51 Eri,51 Eri,6,A002_Xb95160_X3e24,29.9052,229.662803,231.387413,1953125.0000,1726562500.0,1028.16,,1.04724,5.23623,1.094341e+15,2766.3013,8,fine,3.9026,4.9706,512,136,0.267057,CO(2-1),-201.3685,-261.88,False,False,searched,
51 Eri,51 Eri,6,A002_Xb95160_X3e24,29.9052,231.637421,233.371796,15625000.0000,1750000000.0,1282.18,,0.247882,1.23941,2.072238e+15,2790.0553,2,coarse,3.7055,4.6330,512,10,0.021442,CO(2-1),2505.6705,3230.82,False,False,searched,
HD 155555C,HD 155555C,7,A002_Xccea8d_X2ff5,30.4116,333.147679,334.882054,15625000.0000,1750000000.0,1778.11,,0.472014,2.36036,4.081205e+15,4008.1784,3,coarse,2.7710,4.1165,512,183,0.358674,CO(3-2),-11054.5715,-9921.95,False,False,searched,
HD 155555C,HD 155555C,7,A002_Xccea8d_X2ff5,30.4116,335.043179,336.777554,15625000.0000,1750000000.0,1778.11,,0.410175,2.05113,3.546533e+15,4030.9244,3,coarse,2.1170,3.9902,512,451,0.881092,CO(3-2),-9299.6965,-8299.77,False,False,searched,
HD 155555C,HD 155555C,7,A002_Xccea8d_X2ff5,30.4116,345.152317,346.877415,488281.2500,1725585937.5,1270.08,,2.55671,12.7853,6.908276e+14,4152.1784,57,fine,4.1704,5.7123,512,427,0.834308,CO(3-2),110.7117,95.92,False,False,searched,
HD 155555C,HD 155555C,7,A002_Xccea8d_X2ff5,30.4116,347.043179,348.777554,15625000.0000,1750000000.0,1778.11,,0.473866,2.36965,4.097265e+15,4174.9244,3,coarse,2.8663,4.4911,512,140,0.274854,CO(3-2),2762.8035,2380.69,False,False,searched,
2MASS J05241914-1601153 551040,2MASS J05241914-1601153 551040,7,A002_Xcf749a_X4871,30.9854,333.127085,334.861460,15625000.0000,1750000000.0,876.96,,0.459087,2.30236,4.132550e+15,4007.9313,4,coarse,3.0494,4.1941,512,110,0.216374,CO(3-2),-12434.5401,-11161.21,False,False,searched,
2MASS J05241914-1601153 551040,2MASS J05241914-1601153 551040,7,A002_Xcf749a_X4871,30.9854,335.022585,336.756960,15625000.0000,1750000000.0,876.96,,0.402157,2.01692,3.620212e+15,4030.6773,4,coarse,2.6111,4.5744,512,301,0.588694,CO(3-2),-10210.9151,-9113.57,False,False,searched,
2MASS J05241914-1601153 551040,2MASS J05241914-1601153 551040,7,A002_Xcf749a_X4871,30.9854,347.022585,348.756960,15625000.0000,1750000000.0,876.96,,0.496859,2.49242,4.473706e+15,4174.6773,4,coarse,2.2023,4.3481,512,456,0.890838,CO(3-2),1789.0849,1541.74,False,False,searched,
WD0346-011,WD0346-011,6,A002_Xe50c9e_X17ab,31.0396,223.085938,224.914062,15625000.0000,1843750000.0,647.14,,0.300604,1.50302,2.707255e+15,2688.0000,2,coarse,2.5933,4.2601,512,235,0.460039,13CO(2-1),3015.0625,4035.24,False,False,searched,
WD0346-011,WD0346-011,6,A002_Xe50c9e_X17ab,31.0396,225.085938,226.914062,15625000.0000,1843750000.0,647.14,,0.282003,1.41002,2.539731e+15,2712.0000,2,coarse,2.3969,4.4134,512,324,0.633528,CO(2-1),-4155.1875,-5511.92,False,False,searched,
WD0346-011,WD0346-011,6,A002_Xe50c9e_X17ab,31.0396,239.085938,240.914063,15625000.0000,1843750000.0,647.14,,0.309889,1.54945,2.790876e+15,2880.0000,2,coarse,2.2306,4.4421,512,398,0.777778,CS(5-4),-5850.0625,-7307.52,False,False,searched,
WD0346-011,WD0346-011,6,A002_Xe50c9e_X17ab,31.0396,241.085938,242.914063,15625000.0000,1843750000.0,647.14,,0.338568,1.69284,3.049153e+15,2904.0000,2,coarse,2.8702,4.3233,512,114,0.224172,CS(5-4),-3615.6875,-4479.16,False,False,searched,
2MASS J05241914-1601153 717696,2MASS J05241914-1601153 551040,7,A002_Xcf749a_X4871,31.1901,333.127085,334.861460,15625000.0000,1750000000.0,876.96,,0.4605,2.30845,4.198424e+15,4007.9313,4,coarse,2.9201,4.2022,512,183,0.358674,CO(3-2),-11090.7901,-9955.07,False,False,searched,
2MASS J05241914-1601153 717696,2MASS J05241914-1601153 551040,7,A002_Xcf749a_X4871,31.1901,335.022585,336.756960,15625000.0000,1750000000.0,876.96,,0.401222,2.01136,3.658094e+15,4030.6773,4,coarse,2.7681,4.4213,512,220,0.430799,CO(3-2),-10210.9151,-9113.57,False,False,searched,
2MASS J05241914-1601153 717696,2MASS J05241914-1601153 551040,7,A002_Xcf749a_X4871,31.1901,347.022585,348.756960,15625000.0000,1750000000.0,876.96,,0.497143,2.49268,4.533496e+15,4174.6773,4,coarse,2.7180,4.7965,512,250,0.489279,CO(3-2),2351.5849,2026.47,False,False,searched,
UCAC2 20312880,UCAC2 20312880,7,A002_Xcdd033_X85ff,33.7660,333.096699,334.831074,15625000.0000,1750000000.0,1257.98,,0.57702,2.89082,6.161858e+15,4007.5666,3,coarse,2.2711,4.8827,512,426,0.832359,CO(3-2),-11918.0513,-10698.59,False,False,searched,
UCAC2 20312880,UCAC2 20312880,7,A002_Xcdd033_X85ff,33.7660,334.992199,336.726574,15625000.0000,1750000000.0,1257.98,,0.498674,2.49838,5.325347e+15,4030.3126,3,coarse,1.9926,4.5625,512,491,0.959064,CO(3-2),-10538.1763,-9406.51,False,False,searched,
UCAC2 20312880,UCAC2 20312880,7,A002_Xcdd033_X85ff,33.7660,345.101337,346.826435,488281.2500,1725585937.5,876.96,,3.18038,15.9358,1.061483e+15,4151.5666,39,fine,4.5382,5.4153,512,147,0.288499,CO(3-2),-628.7447,-544.83,False,False,searched,
UCAC2 20312880,UCAC2 20312880,7,A002_Xcdd033_X85ff,33.7660,346.992199,348.726574,15625000.0000,1750000000.0,1257.98,,0.601185,3.0124,6.421000e+15,4174.3126,3,coarse,2.5007,4.5521,512,326,0.637427,CO(3-2),1758.6987,1515.68,False,False,searched,
HR 2562,HR 2562,7,A002_Xcd64ec_X9149,33.9284,335.627387,337.361762,15625000.0000,1750000000.0,2358.72,,0.349181,1.74594,3.757394e+15,4037.9349,4,coarse,2.8994,4.2932,512,195,0.382066,CO(3-2),-8902.9875,-7931.92,False,False,searched,
HR 2562,HR 2562,7,A002_Xcd64ec_X9149,33.9284,337.564887,339.299262,15625000.0000,1750000000.0,2358.72,,0.315401,1.57704,3.393906e+15,4061.1849,4,coarse,2.2036,5.1655,512,480,0.937622,CO(3-2),-8012.3625,-7097.57,False,False,searched,
HR 2562,HR 2562,7,A002_Xcd64ec_X9149,33.9284,347.627387,349.361762,15625000.0000,1750000000.0,2358.72,,0.340524,1.70266,3.664252e+15,4181.9349,4,coarse,3.3977,4.8410,512,44,0.087719,CO(3-2),2331.3875,2005.58,False,False,searched,
HR 2562,HR 2562,7,A002_Xcd64ec_X9149,33.9284,349.627387,351.361762,15625000.0000,1750000000.0,2358.72,,0.386435,1.93222,4.158282e+15,4205.9349,4,coarse,2.8430,4.7717,512,205,0.401559,CO(3-2),5300.1375,4533.43,False,False,searched,
TWA 7,TWA 7,7,A002_Xb77b17_X3940,34.0975,333.512585,335.246960,15625000.0000,1750000000.0,2896.99,,0.401177,2.62708,5.710176e+15,4012.5573,5,coarse,2.4756,4.9174,512,395,0.771930,CO(3-2),-11470.9146,-10284.40,False,False,searched,
TWA 7,TWA 7,7,A002_Xb77b17_X3940,34.0975,335.403544,337.137919,15625000.0000,1750000000.0,2896.99,,0.357419,2.34771,5.102935e+15,4035.2488,5,coarse,3.2139,4.7367,512,98,0.192982,CO(3-2),-8720.5806,-7774.58,False,False,searched,
TWA 7,TWA 7,7,A002_Xb77b17_X3940,34.0975,345.464908,347.293033,15625000.0000,1843750000.0,48.38,,0.000533973,0.00356629,7.751617e+12,4156.5477,4,coarse,3.1398,4.7170,512,104,0.204678,CO(3-2),965.7834,835.89,False,False,noise_defect,
TWA 7,TWA 7,7,A002_Xb77b17_X3940,34.0975,345.547794,346.410343,244140.6250,862792968.8,2388.96,,3.26187,21.7708,7.393835e+14,4151.7488,215,fine,4.7169,5.9033,512,279,0.545809,CO(3-2),62.3410,54.02,False,False,searched,
TWA 7,TWA 7,7,A002_Xb77b17_X3940,34.0975,347.511739,349.246114,15625000.0000,1750000000.0,2896.99,,0.421547,2.82488,6.140103e+15,4180.5471,5,coarse,3.1147,4.3767,512,118,0.231969,CO(3-2),2012.6136,1731.93,False,False,searched,
WD 0407179,WD 0407179,6,A002_Xb25e1a_Xed74,34.1102,215.199158,216.933533,15625000.0000,1750000000.0,60.48,,1.31817,6.59399,1.434325e+16,2592.7961,2,coarse,2.6989,3.9233,512,173,0.339181,SiO(5-4),-874.5921,-1213.50,False,False,searched,
WD 0407179,WD 0407179,6,A002_Xb25e1a_Xed74,34.1102,217.092573,218.826948,15625000.0000,1750000000.0,60.48,,1.3257,6.63173,1.442535e+16,2615.5171,2,coarse,2.8794,4.4825,512,112,0.220273,H2CO,573.6984,789.09,False,False,searched,
WD 0407179,WD 0407179,6,A002_Xb25e1a_Xed74,34.1102,229.264212,230.989310,488281.2500,1725585937.5,60.48,,8.10674,40.5556,2.756769e+15,2761.5211,3,fine,3.9352,5.2529,512,148,0.290448,CO(2-1),-33.0653,-43.08,False,False,searched,
WD 0407179,WD 0407179,6,A002_Xb25e1a_Xed74,34.1102,231.592573,233.326948,15625000.0000,1750000000.0,60.48,,1.36377,6.82258,1.484049e+16,2789.5171,2,coarse,2.8568,4.1542,512,115,0.226121,CO(2-1),1710.8234,2206.37,False,False,searched,
UCAC3 176-23654,UCAC3 176-23654,7,A002_Xd12f5c_Xd7c6,34.3459,333.148162,334.882537,15625000.0000,1750000000.0,725.76,,0.501677,2.50852,5.532210e+15,4008.1842,3,coarse,3.1666,4.2849,512,72,0.142300,CO(3-2),-12522.8379,-11239.76,False,False,searched,
UCAC3 176-23654,UCAC3 176-23654,7,A002_Xd12f5c_Xd7c6,34.3459,335.043662,336.778037,15625000.0000,1750000000.0,725.76,,0.440695,2.2036,4.859745e+15,4030.9302,3,coarse,2.5081,4.2228,512,328,0.641326,CO(3-2),-10408.5879,-9289.42,False,False,searched,
UCAC3 176-23654,UCAC3 176-23654,7,A002_Xd12f5c_Xd7c6,34.3459,345.152801,346.877898,488281.2500,1725585937.5,725.76,,2.73334,13.6675,9.419332e+14,4152.1842,61,fine,4.6622,5.7033,512,115,0.226121,CO(3-2),542.3477,469.90,False,False,searched,
UCAC3 176-23654,UCAC3 176-23654,7,A002_Xd12f5c_Xd7c6,34.3459,347.043662,348.778037,15625000.0000,1750000000.0,725.76,,0.529353,2.64692,5.837443e+15,4174.9302,3,coarse,2.4225,4.3426,512,336,0.656920,CO(3-2),2950.7871,2542.67,False,False,searched,
GJ 2006B,GJ 2006A,7,A002_Xcdb7b8_Xfb16,34.9764,333.150967,334.885342,15625000.0000,1750000000.0,1257.98,,0.397526,2.0206,4.621273e+15,4008.2178,4,coarse,2.2646,4.3953,512,450,0.879142,CO(3-2),-12645.0334,-11349.34,False,False,searched,
GJ 2006B,GJ 2006A,7,A002_Xcdb7b8_Xfb16,34.9764,335.046467,336.780842,15625000.0000,1750000000.0,1257.98,,0.346018,1.75912,4.023242e+15,4030.9638,4,coarse,2.7956,4.2641,512,192,0.376218,CO(3-2),-9718.2834,-8673.26,False,False,searched,
GJ 2006B,GJ 2006A,7,A002_Xcdb7b8_Xfb16,34.9764,345.155605,346.880703,488281.2500,1725585937.5,876.96,,2.21096,11.2517,8.041728e+14,4152.2178,69,fine,4.2213,5.4654,512,432,0.844055,CO(3-2),337.6326,292.53,False,False,searched,
GJ 2006B,GJ 2006A,7,A002_Xcdb7b8_Xfb16,34.9764,347.046467,348.780842,15625000.0000,1750000000.0,1257.98,,0.420264,2.13916,4.892433e+15,4174.9638,4,coarse,2.2784,4.1810,512,446,0.871345,CO(3-2),2594.2166,2235.40,False,False,searched,
ALMA J153702653-33192492,ALMA J153702653-33192492,6,A002_X1009c59_X1ba4d,35.0098,216.098099,217.938431,488281.2500,1840820312.5,211.68,,43.7155,243.748,1.745419e+16,2604.2192,80,fine,5.0905,5.6288,512,28,0.056530,SiO(5-4),486.7517,672.41,True,False,searched,
ALMA J153702653-33192492,ALMA J153702653-33192492,6,A002_X1009c59_X1ba4d,35.0098,218.348099,220.188431,488281.2500,1840820312.5,211.68,,45.2413,252.829,1.810450e+16,2631.2192,81,fine,5.0243,6.2819,512,40,0.079922,H2CO,544.5564,744.54,True,False,searched,
ALMA J153702653-33192492,ALMA J153702653-33192492,6,A002_X1009c59_X1ba4d,35.0098,230.322331,230.782536,244140.6250,460449218.8,211.68,,73.9048,417.894,1.496220e+16,2766.6292,168,fine,4.7124,11.6167,512,247,0.483431,CO(2-1),121.7333,158.29,False,False,searched,
ALMA J153702653-33192492,ALMA J153702653-33192492,6,A002_X1009c59_X1ba4d,35.0098,230.804753,231.264958,244140.6250,460449218.8,211.68,,63.2837,358.022,1.281853e+16,2772.4183,168,fine,5.0862,5.6679,512,44,0.087719,CO(2-1),434.9657,564.41,True,False,searched,
ALMA J153702653-33192492,ALMA J153702653-33192492,6,A002_X1009c59_X1ba4d,35.0098,232.598096,234.438428,488281.2500,1840820312.5,211.68,,46.7776,265.347,1.900089e+16,2802.2191,86,fine,4.5620,5.5028,512,253,0.495127,CO(2-1),3400.9159,4366.12,False,False,searched,
ALMA J153702653-33192492,ALMA J153702653-33192492,7,A002_Xd9d7c7_Xb3d2,35.0098,333.167010,334.892596,976562.5000,1726562500.0,151.20,,6.98362,45.1125,6.460791e+15,4008.3576,46,fine,4.5620,5.7881,512,94,0.185185,CO(3-2),-12106.5293,-10865.64,False,False,searched,
ALMA J153702653-33192492,ALMA J153702653-33192492,7,A002_Xd9d7c7_Xb3d2,35.0098,335.059127,336.784712,976562.5000,1726562500.0,151.20,,6.23653,40.4039,5.786446e+15,4031.0630,47,fine,4.2803,5.6548,512,268,0.524366,CO(3-2),-9478.0844,-8458.69,False,False,searched,
ALMA J153702653-33192492,ALMA J153702653-33192492,7,A002_Xd9d7c7_Xb3d2,35.0098,345.118320,346.843418,488281.2500,1725585937.5,151.20,,6.80021,44.755,3.204799e+15,4151.7704,94,fine,4.5357,5.8350,512,250,0.489279,CO(3-2),-573.6759,-497.09,False,False,searched,
ALMA J153702653-33192492,ALMA J153702653-33192492,7,A002_Xd9d7c7_Xb3d2,35.0098,346.976371,348.701468,488281.2500,1725585937.5,151.20,,7.59836,50.1562,3.591562e+15,4174.0670,95,fine,4.5068,5.7398,512,283,0.553606,CO(3-2),2710.6441,2336.23,False,False,searched,
GJ 2006A,GJ 2006A,7,A002_Xcdb7b8_Xfb16,35.0292,333.150967,334.885342,15625000.0000,1750000000.0,876.96,,0.405216,2.0286,4.653580e+15,4008.2178,4,coarse,2.2047,4.2906,512,472,0.922027,CO(3-2),-11145.0334,-10003.04,False,False,searched,
GJ 2006A,GJ 2006A,7,A002_Xcdb7b8_Xfb16,35.0292,335.046467,336.780842,15625000.0000,1750000000.0,876.96,,0.352367,1.76405,4.046706e+15,4030.9638,4,coarse,2.3757,4.6604,512,422,0.824561,CO(3-2),-9124.5334,-8143.36,False,False,searched,
GJ 2006A,GJ 2006A,7,A002_Xcdb7b8_Xfb16,35.0292,345.155605,346.880703,488281.2500,1725585937.5,876.96,,2.21555,11.0925,7.951901e+14,4152.2178,72,fine,4.4060,5.7815,512,300,0.586745,CO(3-2),-406.9963,-352.62,False,False,searched,
GJ 2006A,GJ 2006A,7,A002_Xcdb7b8_Xfb16,35.0292,347.046467,348.780842,15625000.0000,1750000000.0,876.96,,0.427606,2.14092,4.911230e+15,4174.9638,4,coarse,2.0703,4.5981,512,494,0.964912,CO(3-2),2297.3416,1979.59,False,False,searched,
TYC 2211-1309-1,TYC 2211-1309-1,7,A002_Xd189ef_X867b,35.4239,333.136009,334.870384,15625000.0000,1750000000.0,1899.07,,0.456894,2.2845,5.359400e+15,4008.0384,3,coarse,2.5456,4.3640,512,278,0.543860,CO(3-2),-11659.9911,-10465.70,False,False,searched,
TYC 2211-1309-1,TYC 2211-1309-1,7,A002_Xd189ef_X867b,35.4239,335.031509,336.765884,15625000.0000,1750000000.0,1899.07,,0.399112,1.99559,4.681612e+15,4030.7844,3,coarse,2.8474,4.8712,512,178,0.348928,CO(3-2),-10655.1161,-9509.78,False,False,searched,
TYC 2211-1309-1,TYC 2211-1309-1,7,A002_Xd189ef_X867b,35.4239,345.140648,346.865745,488281.2500,1725585937.5,1391.04,,2.48676,12.434,9.115579e+14,4152.0384,61,fine,4.4844,6.1006,512,222,0.434698,CO(3-2),-425.8602,-368.98,False,False,searched,
TYC 2211-1309-1,TYC 2211-1309-1,7,A002_Xd189ef_X867b,35.4239,347.031509,348.765884,15625000.0000,1750000000.0,1899.07,,0.461721,2.30864,5.416017e+15,4174.7844,3,coarse,3.2994,3.9673,512,36,0.072125,CO(3-2),2735.5089,2357.25,False,False,searched,
HD14055,HD14055,6,A002_Xd09670_X23c5,35.7405,226.359920,228.085018,488281.2500,1725585937.5,1300.32,,2.11697,10.5848,7.899268e+14,2726.6696,34,fine,3.9924,5.5617,512,460,0.898635,CO(2-1),-3004.7398,-3964.39,False,False,searched,
HD14055,HD14055,6,A002_Xd09670_X23c5,35.7405,229.251147,230.976245,488281.2500,1725585937.5,1300.32,,2.10325,10.5162,7.848067e+14,2761.3643,35,fine,4.3766,5.4306,512,204,0.399610,CO(2-1),86.1938,112.29,False,False,searched,
HD14055,HD14055,6,A002_Xd09670_X23c5,35.7405,242.247282,243.981657,15625000.0000,1750000000.0,1554.34,,0.39373,1.96865,4.701334e+15,2917.3736,3,coarse,2.9963,4.6777,512,128,0.251462,CS(5-4),-1719.9680,-2120.95,False,False,searched,
HD14055,HD14055,6,A002_Xd09670_X23c5,35.7405,244.247401,245.981776,15625000.0000,1750000000.0,1554.34,,0.396276,1.98138,4.731737e+15,2941.3751,3,coarse,3.1501,4.0558,512,81,0.159844,CS(5-4),-47.9740,-58.68,False,False,searched,
HD14055,HD14055,7,A002_X1001fdc_X2085,35.7405,330.384586,332.224918,488281.2500,1840820312.5,2993.76,,20.1076,100.538,7.502971e+15,3975.6570,136,fine,5.0608,5.8420,512,48,0.095517,CO(3-2),-15349.4027,-13889.43,True,False,searched,
HD14055,HD14055,7,A002_X1001fdc_X2085,35.7405,332.282269,334.110394,15625000.0000,1843750000.0,2993.76,,2.94224,14.7112,3.513190e+16,3998.3560,6,coarse,2.9964,4.1716,512,189,0.370370,CO(3-2),-11904.3559,-10710.91,False,False,searched,
HD14055,HD14055,7,A002_X1001fdc_X2085,35.7405,342.332105,344.160230,15625000.0000,1843750000.0,2993.76,,2.85755,14.2878,3.412066e+16,4118.9540,6,coarse,3.0535,4.5722,512,164,0.321637,CO(3-2),-3026.3947,-2643.26,False,False,searched,
HD14055,HD14055,7,A002_X1001fdc_X2085,35.7405,344.217582,346.057914,488281.2500,1840820312.5,2993.76,,18.8668,94.3344,7.039991e+15,4141.6530,141,fine,5.2175,5.7407,512,35,0.070175,CO(3-2),-561.3284,-487.58,True,False,searched,
HD 48370,HD 48370,6,A002_Xc26103_X155a,35.9519,216.121140,217.855515,15625000.0000,1750000000.0,1874.88,,2.2542,11.271,2.723564e+16,2603.8599,3,coarse,3.0998,4.2024,512,51,0.101365,SiO(5-4),-452.6099,-625.33,False,False,searched,
HD 48370,HD 48370,6,A002_Xc26103_X155a,35.9519,218.560028,220.400360,488281.2500,1840820312.5,1874.88,,13.0359,65.1798,4.921954e+15,2633.7623,51,fine,4.6162,20.3691,512,236,0.461988,13CO(2-1),-359.9685,-491.69,False,False,searched,
HD 48370,HD 48370,6,A002_Xc26103_X155a,35.9519,230.500443,230.960526,122070.3125,460205078.1,1874.88,,30.3028,151.514,2.860340e+15,2768.7658,210,fine,27.1031,26.8257,512,0,0.001949,CO(2-1),-26.3263,-34.21,True,True,searched,CO cloud emission
HD 48370,HD 48370,6,A002_Xc26103_X155a,35.9519,232.620253,234.354628,15625000.0000,1750000000.0,1874.88,,2.30174,11.5087,2.781000e+16,2801.8493,3,coarse,2.7152,4.3991,512,204,0.399610,CO(2-1),2629.1276,3375.74,False,False,searched,
HD 48370,HD 48370,8,A002_Xe64b7b_X1704c,35.9519,479.259869,481.056744,15625000.0000,1812500000.0,2600.64,,18.2936,91.4682,2.210265e+17,5761.8997,7,coarse,2.8082,4.6735,512,305,0.596491,CO(4-3),19671.9940,12282.44,False,False,searched,
HD 48370,HD 48370,8,A002_Xe64b7b_X1704c,35.9519,481.217869,483.014744,15625000.0000,1812500000.0,2600.64,,18.7967,93.984,2.271057e+17,5785.3957,7,coarse,2.1709,4.5927,512,493,0.962963,CO(4-3),21942.4940,13644.41,False,False,searched,
HD 48370,HD 48370,8,A002_Xe64b7b_X1704c,35.9519,491.657082,492.577492,488281.2500,920898437.5,2600.64,,180.47,902.351,6.813961e+16,5905.4074,186,fine,5.0509,6.2257,512,58,0.115010,CO(4-3),30908.0742,18828.86,True,False,searched,
HD 48370,HD 48370,8,A002_Xe64b7b_X1704c,35.9519,493.244240,495.072365,15625000.0000,1843750000.0,2600.64,,23.0728,115.364,2.787702e+17,5929.8996,7,coarse,2.8548,4.4056,512,247,0.483431,CO(4-3),33796.9902,20503.72,False,False,searched,
HD 89452,HD 89452,6,A002_X1263402_X816f,36.2270,229.666403,231.391989,976562.5000,1726562500.0,2872.80,,11.1362,55.6811,8.538522e+15,2766.3504,41,fine,4.7924,6.0130,512,42,0.083821,CO(2-1),-300.3080,-390.54,False,False,searched,
HD 89452,HD 89452,6,A002_X1263402_X816f,36.2270,232.073133,233.901258,15625000.0000,1843750000.0,3550.18,,1.97014,9.8507,2.416919e+16,2795.8464,4,coarse,3.6189,4.4645,512,29,0.058480,CO(2-1),1910.1334,2457.83,False,False,searched,
HD 89452,HD 89452,6,A002_X1263402_X816f,36.2270,244.073133,245.901258,15625000.0000,1843750000.0,3550.18,,2.05155,10.2578,2.516792e+16,2939.8464,4,coarse,2.7772,4.4370,512,240,0.469786,CS(5-4),-581.6166,-711.73,False,False,searched,
HD 89452,HD 89452,6,A002_X1263402_X816f,36.2270,246.073133,247.901258,15625000.0000,1843750000.0,3550.18,,2.25908,11.2954,2.771381e+16,2963.8464,4,coarse,2.6002,5.1841,512,359,0.701754,CS(5-4),1762.1334,2138.87,False,False,searched,
HD61005,HD61005,6,A002_X74fea5_Xd70,36.4506,212.127382,213.861757,15625000.0000,1750000000.0,2419.20,,0.457329,2.28665,5.679884e+15,2555.9348,3,coarse,2.1943,4.2660,512,421,0.822612,SiO(5-4),-4852.6183,-6830.12,False,False,searched,
HD61005,HD61005,6,A002_X74fea5_Xd70,36.4506,214.127331,215.861706,15625000.0000,1750000000.0,2419.20,,0.419181,2.09591,5.206093e+15,2579.9342,3,coarse,2.0275,4.6678,512,463,0.904483,SiO(5-4),-2712.0443,-3781.73,False,False,searched,
HD61005,HD61005,6,A002_X74fea5_Xd70,36.4506,227.126999,228.861374,15625000.0000,1750000000.0,2419.20,,0.437019,2.1851,5.427641e+15,2735.9302,4,coarse,3.6546,4.3908,512,17,0.035088,CO(2-1),-2473.5007,-3252.44,False,False,searched,
HD61005,HD61005,6,A002_X74fea5_Xd70,36.4506,230.108722,230.971271,244140.6250,862792968.8,2419.20,,3.91781,19.5891,7.602815e+14,2766.4800,135,fine,4.3492,6.0081,512,463,0.904483,CO(2-1),-14.7268,-19.15,False,False,searched,
HD61005,HD61005,8,A002_Xe4f0a6_X3658,36.4506,479.271781,481.099906,15625000.0000,1843750000.0,2939.33,,1.06905,5.34529,1.327734e+16,5762.2301,6,coarse,3.5598,4.7292,512,45,0.089669,CO(4-3),18762.0313,11713.62,False,False,searched,
HD61005,HD61005,8,A002_Xe4f0a6_X3658,36.4506,481.229781,483.057906,15625000.0000,1843750000.0,2939.33,,1.1334,5.66707,1.407663e+16,5785.7261,6,coarse,3.1523,4.6066,512,141,0.276803,CO(4-3),20735.6563,12893.23,False,False,searched,
HD61005,HD61005,8,A002_Xe4f0a6_X3658,36.4506,491.714012,492.576804,488281.2500,863281250.0,2177.28,,10.0799,50.3999,3.912187e+15,5905.7449,145,fine,4.4812,6.0548,512,335,0.654971,CO(4-3),31002.1131,18885.07,False,False,searched,
HD61005,HD61005,8,A002_Xe4f0a6_X3658,36.4506,493.271781,495.099906,15625000.0000,1843750000.0,2939.33,,1.26405,6.32033,1.569928e+16,5930.2301,6,coarse,2.7900,4.8734,512,277,0.541910,CO(4-3),32855.7813,19931.60,False,False,searched,
CP-72 2713,CP-72 2713,6,A002_Xc296d2_X148c,36.7222,216.126496,217.860871,15625000.0000,1750000000.0,1905.12,,2.75147,13.7574,3.468377e+16,2603.9242,3,coarse,2.6279,4.4419,512,259,0.506823,SiO(5-4),-744.1286,-1028.07,False,False,searched,
CP-72 2713,CP-72 2713,6,A002_Xc296d2_X148c,36.7222,218.565445,220.405777,488281.2500,1840820312.5,1905.12,,15.9521,79.761,6.283897e+15,2633.8273,52,fine,4.3728,5.4052,512,323,0.631579,C18O(2-1),-276.2929,-377.38,False,False,searched,
CP-72 2713,CP-72 2713,6,A002_Xc296d2_X148c,36.7222,230.506541,230.966624,122070.3125,460205078.1,1905.12,,35.2178,176.09,3.468279e+15,2768.8390,213,fine,4.9155,5.8541,512,182,0.356725,CO(2-1),14.0736,18.29,False,False,searched,
CP-72 2713,CP-72 2713,6,A002_Xc296d2_X148c,36.7222,232.626016,234.360391,15625000.0000,1750000000.0,1905.12,,2.84721,14.2361,3.589058e+16,2801.9184,3,coarse,2.5046,5.1583,512,342,0.668616,CO(2-1),2806.7661,3603.73,False,False,searched,
CP-72 2713,CP-72 2713,7,A002_Xff0235_X4a6d,36.7222,330.419656,332.144754,488281.2500,1725585937.5,2993.76,,2.33239,11.662,9.187822e+14,3975.3865,123,fine,4.5440,5.6726,512,303,0.592593,CO(3-2),-13866.0899,-12548.06,False,False,searched,
CP-72 2713,CP-72 2713,7,A002_Xff0235_X4a6d,36.7222,332.260033,334.088158,15625000.0000,1843750000.0,4009.82,,0.321231,1.60616,4.049280e+15,3998.0891,5,coarse,2.3655,4.4487,512,445,0.869396,CO(3-2),-13426.5918,-12081.34,False,False,searched,
CP-72 2713,CP-72 2713,7,A002_Xff0235_X4a6d,36.7222,342.309252,344.137377,15625000.0000,1843750000.0,4009.82,,0.305487,1.52744,3.850819e+15,4118.6798,5,coarse,2.2253,4.3805,512,472,0.922027,CO(3-2),-2392.9981,-2090.19,False,False,searched,
CP-72 2713,CP-72 2713,7,A002_Xff0235_X4a6d,36.7222,344.252656,345.977754,488281.2500,1725585937.5,2993.76,,2.09705,10.4853,8.260736e+14,4141.3825,129,fine,5.8089,5.6832,512,0,0.001949,CO(3-2),-1526.2539,-1325.82,True,True,searched,control-ensemble background
HD170773,HD170773,6,A002_Xce574d_X123f,36.9345,226.374448,228.099546,488281.2500,1725585937.5,846.72,,1.40517,7.02586,5.599452e+14,2726.8440,22,fine,4.4174,5.6115,512,132,0.259259,CO(2-1),-3986.7943,-5259.75,False,False,searched,
HD170773,HD170773,6,A002_Xce574d_X123f,36.9345,229.265289,230.990386,488281.2500,1725585937.5,846.72,,1.37327,6.86639,5.472354e+14,2761.5341,23,fine,4.1788,5.8783,512,264,0.516569,CO(2-1),-351.8128,-458.31,False,False,searched,
HD170773,HD170773,6,A002_Xce574d_X123f,36.9345,242.262223,243.996598,15625000.0000,1750000000.0,973.73,,0.259603,1.29802,3.310378e+15,2917.5529,2,coarse,2.2851,4.1208,512,352,0.688109,CS(5-4),-2439.4022,-3007.92,False,False,searched,
HD170773,HD170773,6,A002_Xce574d_X123f,36.9345,244.262465,245.996840,15625000.0000,1750000000.0,973.73,,0.272002,1.36002,3.468495e+15,2941.5558,2,coarse,2.7472,4.6843,512,168,0.329435,CS(5-4),-423.5352,-517.98,False,False,searched,
HD170773,HD170773,7,A002_Xff0235_X8c42,36.9345,330.374882,332.215214,488281.2500,1840820312.5,2963.52,,22.8685,114.343,9.112906e+15,3975.5406,135,fine,5.1433,5.8366,512,58,0.115010,CO(3-2),-15185.2785,-13741.32,True,False,searched,
HD170773,HD170773,7,A002_Xff0235_X8c42,36.9345,332.272685,334.100810,15625000.0000,1843750000.0,2963.52,,3.21752,16.0877,4.102887e+16,3998.2410,6,coarse,2.8140,4.6310,512,285,0.557505,CO(3-2),-12820.1900,-11535.26,False,False,searched,
HD170773,HD170773,7,A002_Xff0235_X8c42,36.9345,342.322281,344.150406,15625000.0000,1843750000.0,2963.52,,3.12679,15.6341,3.987196e+16,4118.8361,6,coarse,3.1936,4.2377,512,108,0.212476,CO(3-2),-2739.3435,-2392.62,False,False,searched,
HD170773,HD170773,7,A002_Xff0235_X8c42,36.9345,344.207878,346.048210,488281.2500,1840820312.5,2963.52,,20.5997,102.999,8.208806e+15,4141.5365,141,fine,4.4620,6.6687,512,420,0.820663,CO(3-2),-647.2042,-562.19,False,False,searched,
TWA 3A 696000,TWA 3A 696000,6,A002_Xd3607d_X6487,37.0547,218.071776,219.899901,15625000.0000,1843750000.0,3507.84,,0.154696,0.774762,1.988776e+15,2627.8301,4,coarse,3.0940,4.5135,512,114,0.224172,H2CO,552.9011,756.92,False,False,searched,
TWA 3A 696000,TWA 3A 696000,6,A002_Xd3607d_X6487,37.0547,220.288446,220.504144,122070.3125,215820312.5,2872.80,,3.30262,16.5408,3.317140e+14,2644.7555,301,fine,4.7421,5.7414,512,238,0.465887,13CO(2-1),11.7604,16.00,False,False,searched,
TWA 3A 696000,TWA 3A 696000,6,A002_Xd3607d_X6487,37.0547,230.427679,230.643377,122070.3125,215820312.5,2872.80,,3.11522,15.6047,3.129417e+14,2766.4263,315,fine,4.7904,6.0660,512,225,0.440546,CO(2-1),-87.1280,-113.30,False,False,searched,
TWA 3A 696000,TWA 3A 696000,6,A002_Xd3607d_X6487,37.0547,231.683430,233.511555,15625000.0000,1843750000.0,3507.84,,0.156566,0.784294,2.013245e+15,2791.1699,4,coarse,2.8056,4.4836,512,223,0.436647,CO(2-1),2770.4299,3570.78,False,False,searched,
Barta 161 12,Barta 161 12,7,A002_Xce1e34_X1fb8,37.2812,333.152719,334.887094,15625000.0000,1750000000.0,1257.98,,0.510929,2.5555,6.640279e+15,4008.2389,3,coarse,1.7237,4.5000,512,506,0.988304,CO(3-2),-11737.0310,-10534.32,False,False,searched,
Barta 161 12,Barta 161 12,7,A002_Xce1e34_X1fb8,37.2812,335.048219,336.782594,15625000.0000,1750000000.0,1257.98,,0.444976,2.22563,5.783139e+15,4030.9849,3,coarse,3.1989,4.6426,512,62,0.122807,CO(3-2),-10466.5310,-9341.00,False,False,searched,
Barta 161 12,Barta 161 12,7,A002_Xce1e34_X1fb8,37.2812,345.157358,346.882455,488281.2500,1725585937.5,876.96,,2.77612,13.8856,1.127522e+15,4152.2389,39,fine,4.0506,5.5545,512,429,0.838207,CO(3-2),200.2249,173.48,False,False,searched,
Barta 161 12,Barta 161 12,7,A002_Xce1e34_X1fb8,37.2812,347.048219,348.782594,15625000.0000,1750000000.0,1257.98,,0.52063,2.60409,6.766549e+15,4174.9849,3,coarse,2.8228,4.1516,512,171,0.335283,CO(3-2),1689.7190,1456.00,False,False,searched,
HD377,HD377,6,A002_X1239f8e_Xa43b,38.4045,229.653766,231.379352,976562.5000,1726562500.0,2237.76,,17.1729,85.8648,1.479755e+16,2766.1987,31,fine,4.5090,5.3854,512,115,0.226121,CO(2-1),379.4378,493.47,False,False,searched,
HD377,HD377,6,A002_X1239f8e_Xa43b,38.4045,232.060496,233.888621,15625000.0000,1843750000.0,2745.79,,3.06756,15.3378,4.229205e+16,2795.6947,3,coarse,1.9483,3.9410,512,494,0.964912,CO(2-1),2928.7463,3768.72,False,False,searched,
HD377,HD377,6,A002_X1239f8e_Xa43b,38.4045,244.060496,245.888621,15625000.0000,1843750000.0,2745.79,,3.21927,16.0964,4.438371e+16,2939.6947,3,coarse,2.6916,4.1774,512,197,0.385965,CS(5-4),890.1213,1089.30,False,False,searched,
HD377,HD377,6,A002_X1239f8e_Xa43b,38.4045,246.060496,247.888621,15625000.0000,1843750000.0,2745.79,,3.55554,17.7777,4.901972e+16,2963.6947,4,coarse,2.7922,4.5218,512,215,0.421053,CS(5-4),1390.1213,1687.41,False,False,searched,
HD 139084B 921024,HD 139084B 921024,7,A002_Xcd8029_Xb6b0,38.7162,333.140219,334.874594,15625000.0000,1750000000.0,1409.18,,0.581031,3.59226,1.006662e+16,4008.0889,3,coarse,2.3299,4.6671,512,407,0.795322,CO(3-2),-11577.6564,-10391.67,False,False,searched,
HD 139084B 921024,HD 139084B 921024,7,A002_Xcd8029_Xb6b0,38.7162,335.035719,336.770094,15625000.0000,1750000000.0,1409.18,,0.502438,3.11387,8.726022e+15,4030.8349,3,coarse,2.4914,4.2482,512,301,0.588694,CO(3-2),-9979.0314,-8906.26,False,False,searched,
HD 139084B 921024,HD 139084B 921024,7,A002_Xcd8029_Xb6b0,38.7162,345.144857,346.869955,488281.2500,1725585937.5,1028.16,,3.11783,19.5778,1.714474e+15,4152.0889,44,fine,4.1526,18.3885,512,429,0.838207,CO(3-2),-467.0607,-404.68,False,False,searched,
HD 139084B 921024,HD 139084B 921024,7,A002_Xcd8029_Xb6b0,38.7162,347.035719,348.770094,15625000.0000,1750000000.0,1409.18,,0.579939,3.65074,1.023051e+16,4174.8349,3,coarse,2.4052,5.1945,512,374,0.730994,CO(3-2),2489.7186,2145.42,False,False,searched,
HIP 490,HIP 490,6,A002_X74c92c_X6d5,38.8298,212.114808,213.849183,15625000.0000,1750000000.0,2237.76,,0.259525,1.29763,3.657725e+15,2555.7839,3,coarse,2.5361,4.2429,512,274,0.536062,SiO(5-4),-3302.6920,-4648.85,False,False,searched,
HIP 490,HIP 490,6,A002_X74c92c_X6d5,38.8298,214.114639,215.849014,15625000.0000,1750000000.0,2237.76,,0.242678,1.21339,3.420281e+15,2579.7819,3,coarse,2.5975,4.2534,512,270,0.528265,SiO(5-4),-2755.9861,-3843.23,False,False,searched,
HIP 490,HIP 490,6,A002_X74c92c_X6d5,38.8298,227.113540,228.847915,15625000.0000,1750000000.0,2237.76,,0.233346,1.16673,3.288761e+15,2735.7687,3,coarse,2.7401,4.3828,512,200,0.391813,CO(2-1),-1940.0849,-2551.19,False,False,searched,
HIP 490,HIP 490,6,A002_X74c92c_X6d5,38.8298,230.096768,230.959317,244140.6250,862792968.8,2237.76,,1.98046,9.9023,4.361315e+14,2766.3365,121,fine,4.8162,6.0366,512,141,0.276803,CO(2-1),-13.2534,-17.24,False,False,searched,
