trial,target,window,band,chanw_Hz,klass,n_int,n_chan,inj_chan,amp_sigma,dwell,realisation,sigma_per_int,recovered_snr,peak_chan,detected
0,HIP10679_B6,A002_Xa95c04_X14cd_spw2,6,15625000.0,coarse,85,128,64,2,1.0,0,0.003896629928477341,12.878089998623196,64,True
1,HIP10679_B6,A002_Xa95c04_X14cd_spw2,6,15625000.0,coarse,85,128,64,2,1.0,1,0.003896629928477341,12.878089998623196,64,True
2,HIP10679_B6,A002_Xa95c04_X14cd_spw2,6,15625000.0,coarse,85,128,64,2,1.0,2,0.003896629928477341,12.878089998623196,64,True
3,HIP10679_B6,A002_Xa95c04_X14cd_spw2,6,15625000.0,coarse,85,128,64,2,1.0,3,0.003896629928477341,12.878089998623196,64,True
4,HIP10679_B6,A002_Xa95c04_X14cd_spw2,6,15625000.0,coarse,85,128,64,2,1.0,4,0.003896629928477341,12.878089998623196,64,True
5,HIP10679_B6,A002_Xa95c04_X14cd_spw2,6,15625000.0,coarse,85,128,64,2,1.0,5,0.003896629928477341,12.878089998623196,64,True
6,HIP10679_B6,A002_Xa95c04_X14cd_spw2,6,15625000.0,coarse,85,128,64,2,0.75,0,0.003896629928477341,9.659214733735023,64,True
7,HIP10679_B6,A002_Xa95c04_X14cd_spw2,6,15625000.0,coarse,85,128,64,2,0.75,1,0.003896629928477341,9.718095674468596,64,True
8,HIP10679_B6,A002_Xa95c04_X14cd_spw2,6,15625000.0,coarse,85,128,64,2,0.75,2,0.003896629928477341,9.618746319448194,64,True
9,HIP10679_B6,A002_Xa95c04_X14cd_spw2,6,15625000.0,coarse,85,128,64,2,0.75,3,0.003896629928477341,9.45005698041067,64,True
10,HIP10679_B6,A002_Xa95c04_X14cd_spw2,6,15625000.0,coarse,85,128,64,2,0.75,4,0.003896629928477341,9.58120284092848,64,True
11,HIP10679_B6,A002_Xa95c04_X14cd_spw2,6,15625000.0,coarse,85,128,64,2,0.75,5,0.003896629928477341,9.60898665700317,64,True
12,HIP10679_B6,A002_Xa95c04_X14cd_spw2,6,15625000.0,coarse,85,128,64,2,0.5,0,0.003896629928477341,5.919956272203663,64,True
13,HIP10679_B6,A002_Xa95c04_X14cd_spw2,6,15625000.0,coarse,85,128,64,2,0.5,1,0.003896629928477341,5.978448625052259,64,True
14,HIP10679_B6,A002_Xa95c04_X14cd_spw2,6,15625000.0,coarse,85,128,64,2,0.5,2,0.003896629928477341,6.024181641416389,64,True
15,HIP10679_B6,A002_Xa95c04_X14cd_spw2,6,15625000.0,coarse,85,128,64,2,0.5,3,0.003896629928477341,5.965714858765654,64,True
16,HIP10679_B6,A002_Xa95c04_X14cd_spw2,6,15625000.0,coarse,85,128,64,2,0.5,4,0.003896629928477341,5.903260264091662,64,True
17,HIP10679_B6,A002_Xa95c04_X14cd_spw2,6,15625000.0,coarse,85,128,64,2,0.5,5,0.003896629928477341,5.837242693653732,64,True
18,HIP10679_B6,A002_Xa95c04_X14cd_spw2,6,15625000.0,coarse,85,128,64,2,0.4,0,0.003896629928477341,4.639251009684985,64,False
19,HIP10679_B6,A002_Xa95c04_X14cd_spw2,6,15625000.0,coarse,85,128,64,2,0.4,1,0.003896629928477341,4.6295204852302225,64,False
20,HIP10679_B6,A002_Xa95c04_X14cd_spw2,6,15625000.0,coarse,85,128,64,2,0.4,2,0.003896629928477341,4.592900736186405,64,False
21,HIP10679_B6,A002_Xa95c04_X14cd_spw2,6,15625000.0,coarse,85,128,64,2,0.4,3,0.003896629928477341,4.606767596915999,64,False
22,HIP10679_B6,A002_Xa95c04_X14cd_spw2,6,15625000.0,coarse,85,128,64,2,0.4,4,0.003896629928477341,4.5703571332020525,64,False
23,HIP10679_B6,A002_Xa95c04_X14cd_spw2,6,15625000.0,coarse,85,128,64,2,0.4,5,0.003896629928477341,4.630494332352337,64,False
24,HIP10679_B6,A002_Xa95c04_X14cd_spw2,6,15625000.0,coarse,85,128,64,2,0.25,0,0.003896629928477341,2.3235307165825256,64,False
25,HIP10679_B6,A002_Xa95c04_X14cd_spw2,6,15625000.0,coarse,85,128,64,2,0.25,1,0.003896629928477341,2.3666649376918545,64,False
26,HIP10679_B6,A002_Xa95c04_X14cd_spw2,6,15625000.0,coarse,85,128,64,2,0.25,2,0.003896629928477341,2.340780347642223,64,False
27,HIP10679_B6,A002_Xa95c04_X14cd_spw2,6,15625000.0,coarse,85,128,64,2,0.25,3,0.003896629928477341,2.340676162781531,64,False
28,HIP10679_B6,A002_Xa95c04_X14cd_spw2,6,15625000.0,coarse,85,128,64,2,0.25,4,0.003896629928477341,2.343505629619011,64,False
29,HIP10679_B6,A002_Xa95c04_X14cd_spw2,6,15625000.0,coarse,85,128,64,2,0.25,5,0.003896629928477341,2.405859186678524,64,False
30,HIP10679_B6,A002_Xa95c04_X14cd_spw2,6,15625000.0,coarse,85,128,64,2,0.1,0,0.003896629928477341,0.23575113706467246,45,False
31,HIP10679_B6,A002_Xa95c04_X14cd_spw2,6,15625000.0,coarse,85,128,64,2,0.1,1,0.003896629928477341,0.25483010171283893,45,False
32,HIP10679_B6,A002_Xa95c04_X14cd_spw2,6,15625000.0,coarse,85,128,64,2,0.1,2,0.003896629928477341,0.2359377939256726,45,False
33,HIP10679_B6,A002_Xa95c04_X14cd_spw2,6,15625000.0,coarse,85,128,64,2,0.1,3,0.003896629928477341,0.28003807933583513,45,False
34,HIP10679_B6,A002_Xa95c04_X14cd_spw2,6,15625000.0,coarse,85,128,64,2,0.1,4,0.003896629928477341,0.27811957997634035,45,False
35,HIP10679_B6,A002_Xa95c04_X14cd_spw2,6,15625000.0,coarse,85,128,64,2,0.1,5,0.003896629928477341,0.2325808495667772,45,False
36,HIP10679_B6,A002_Xa95c04_X14cd_spw2,6,15625000.0,coarse,85,128,64,3,1.0,0,0.003896629928477341,19.677699389248904,64,True
37,HIP10679_B6,A002_Xa95c04_X14cd_spw2,6,15625000.0,coarse,85,128,64,3,1.0,1,0.003896629928477341,19.677699389248904,64,True
38,HIP10679_B6,A002_Xa95c04_X14cd_spw2,6,15625000.0,coarse,85,128,64,3,1.0,2,0.003896629928477341,19.677699389248904,64,True
39,HIP10679_B6,A002_Xa95c04_X14cd_spw2,6,15625000.0,coarse,85,128,64,3,1.0,3,0.003896629928477341,19.677699389248904,64,True
40,HIP10679_B6,A002_Xa95c04_X14cd_spw2,6,15625000.0,coarse,85,128,64,3,1.0,4,0.003896629928477341,19.677699389248904,64,True
41,HIP10679_B6,A002_Xa95c04_X14cd_spw2,6,15625000.0,coarse,85,128,64,3,1.0,5,0.003896629928477341,19.677699389248904,64,True
42,HIP10679_B6,A002_Xa95c04_X14cd_spw2,6,15625000.0,coarse,85,128,64,3,0.75,0,0.003896629928477341,14.842546686533744,64,True
43,HIP10679_B6,A002_Xa95c04_X14cd_spw2,6,15625000.0,coarse,85,128,64,3,0.75,1,0.003896629928477341,14.80800528391799,64,True
44,HIP10679_B6,A002_Xa95c04_X14cd_spw2,6,15625000.0,coarse,85,128,64,3,0.75,2,0.003896629928477341,14.74941718481224,64,True
45,HIP10679_B6,A002_Xa95c04_X14cd_spw2,6,15625000.0,coarse,85,128,64,3,0.75,3,0.003896629928477341,14.73979847128398,64,True
46,HIP10679_B6,A002_Xa95c04_X14cd_spw2,6,15625000.0,coarse,85,128,64,3,0.75,4,0.003896629928477341,15.133868572478214,64,True
47,HIP10679_B6,A002_Xa95c04_X14cd_spw2,6,15625000.0,coarse,85,128,64,3,0.75,5,0.003896629928477341,15.015836753840142,64,True
48,HIP10679_B6,A002_Xa95c04_X14cd_spw2,6,15625000.0,coarse,85,128,64,3,0.5,0,0.003896629928477341,9.46313446112105,64,True
49,HIP10679_B6,A002_Xa95c04_X14cd_spw2,6,15625000.0,coarse,85,128,64,3,0.5,1,0.003896629928477341,9.686214661198642,64,True
50,HIP10679_B6,A002_Xa95c04_X14cd_spw2,6,15625000.0,coarse,85,128,64,3,0.5,2,0.003896629928477341,9.665403315944648,64,True
51,HIP10679_B6,A002_Xa95c04_X14cd_spw2,6,15625000.0,coarse,85,128,64,3,0.5,3,0.003896629928477341,9.495158791728308,64,True
52,HIP10679_B6,A002_Xa95c04_X14cd_spw2,6,15625000.0,coarse,85,128,64,3,0.5,4,0.003896629928477341,9.643855211301943,64,True
53,HIP10679_B6,A002_Xa95c04_X14cd_spw2,6,15625000.0,coarse,85,128,64,3,0.5,5,0.003896629928477341,9.341775760057883,64,True
54,HIP10679_B6,A002_Xa95c04_X14cd_spw2,6,15625000.0,coarse,85,128,64,3,0.4,0,0.003896629928477341,7.477969135934049,64,True
55,HIP10679_B6,A002_Xa95c04_X14cd_spw2,6,15625000.0,coarse,85,128,64,3,0.4,1,0.003896629928477341,7.488010019236445,64,True
56,HIP10679_B6,A002_Xa95c04_X14cd_spw2,6,15625000.0,coarse,85,128,64,3,0.4,2,0.003896629928477341,7.571838442764888,64,True
57,HIP10679_B6,A002_Xa95c04_X14cd_spw2,6,15625000.0,coarse,85,128,64,3,0.4,3,0.003896629928477341,7.476068663662834,64,True
58,HIP10679_B6,A002_Xa95c04_X14cd_spw2,6,15625000.0,coarse,85,128,64,3,0.4,4,0.003896629928477341,7.566633115587176,64,True
59,HIP10679_B6,A002_Xa95c04_X14cd_spw2,6,15625000.0,coarse,85,128,64,3,0.4,5,0.003896629928477341,7.423722398528679,64,True
60,HIP10679_B6,A002_Xa95c04_X14cd_spw2,6,15625000.0,coarse,85,128,64,3,0.25,0,0.003896629928477341,4.040974557019032,64,False
61,HIP10679_B6,A002_Xa95c04_X14cd_spw2,6,15625000.0,coarse,85,128,64,3,0.25,1,0.003896629928477341,4.0432563975753,64,False
62,HIP10679_B6,A002_Xa95c04_X14cd_spw2,6,15625000.0,coarse,85,128,64,3,0.25,2,0.003896629928477341,4.116407657229485,64,False
63,HIP10679_B6,A002_Xa95c04_X14cd_spw2,6,15625000.0,coarse,85,128,64,3,0.25,3,0.003896629928477341,4.069776279915136,64,False
64,HIP10679_B6,A002_Xa95c04_X14cd_spw2,6,15625000.0,coarse,85,128,64,3,0.25,4,0.003896629928477341,4.109614129004955,64,False
65,HIP10679_B6,A002_Xa95c04_X14cd_spw2,6,15625000.0,coarse,85,128,64,3,0.25,5,0.003896629928477341,4.098670597473404,64,False
66,HIP10679_B6,A002_Xa95c04_X14cd_spw2,6,15625000.0,coarse,85,128,64,3,0.1,0,0.003896629928477341,0.7647296838944154,45,False
67,HIP10679_B6,A002_Xa95c04_X14cd_spw2,6,15625000.0,coarse,85,128,64,3,0.1,1,0.003896629928477341,0.8635722504944365,45,False
68,HIP10679_B6,A002_Xa95c04_X14cd_spw2,6,15625000.0,coarse,85,128,64,3,0.1,2,0.003896629928477341,0.8827444893773408,45,False
69,HIP10679_B6,A002_Xa95c04_X14cd_spw2,6,15625000.0,coarse,85,128,64,3,0.1,3,0.003896629928477341,0.8965096740927603,45,False
70,HIP10679_B6,A002_Xa95c04_X14cd_spw2,6,15625000.0,coarse,85,128,64,3,0.1,4,0.003896629928477341,0.8257689380314752,45,False
71,HIP10679_B6,A002_Xa95c04_X14cd_spw2,6,15625000.0,coarse,85,128,64,3,0.1,5,0.003896629928477341,0.7860758038511344,45,False
72,HIP10679_B6,A002_Xa95c04_X14cd_spw2,6,15625000.0,coarse,85,128,64,4,1.0,0,0.003896629928477341,26.623992444899358,64,True
73,HIP10679_B6,A002_Xa95c04_X14cd_spw2,6,15625000.0,coarse,85,128,64,4,1.0,1,0.003896629928477341,26.623992444899358,64,True
74,HIP10679_B6,A002_Xa95c04_X14cd_spw2,6,15625000.0,coarse,85,128,64,4,1.0,2,0.003896629928477341,26.623992444899358,64,True
75,HIP10679_B6,A002_Xa95c04_X14cd_spw2,6,15625000.0,coarse,85,128,64,4,1.0,3,0.003896629928477341,26.623992444899358,64,True
76,HIP10679_B6,A002_Xa95c04_X14cd_spw2,6,15625000.0,coarse,85,128,64,4,1.0,4,0.003896629928477341,26.623992444899358,64,True
77,HIP10679_B6,A002_Xa95c04_X14cd_spw2,6,15625000.0,coarse,85,128,64,4,1.0,5,0.003896629928477341,26.623992444899358,64,True
78,HIP10679_B6,A002_Xa95c04_X14cd_spw2,6,15625000.0,coarse,85,128,64,4,0.75,0,0.003896629928477341,20.246861620071275,64,True
79,HIP10679_B6,A002_Xa95c04_X14cd_spw2,6,15625000.0,coarse,85,128,64,4,0.75,1,0.003896629928477341,20.31832207788839,64,True
80,HIP10679_B6,A002_Xa95c04_X14cd_spw2,6,15625000.0,coarse,85,128,64,4,0.75,2,0.003896629928477341,20.360331727732195,64,True
81,HIP10679_B6,A002_Xa95c04_X14cd_spw2,6,15625000.0,coarse,85,128,64,4,0.75,3,0.003896629928477341,20.20415159031719,64,True
82,HIP10679_B6,A002_Xa95c04_X14cd_spw2,6,15625000.0,coarse,85,128,64,4,0.75,4,0.003896629928477341,20.055986661195707,64,True
83,HIP10679_B6,A002_Xa95c04_X14cd_spw2,6,15625000.0,coarse,85,128,64,4,0.75,5,0.003896629928477341,20.306057627982323,64,True
84,HIP10679_B6,A002_Xa95c04_X14cd_spw2,6,15625000.0,coarse,85,128,64,4,0.5,0,0.003896629928477341,12.733674879896666,64,True
85,HIP10679_B6,A002_Xa95c04_X14cd_spw2,6,15625000.0,coarse,85,128,64,4,0.5,1,0.003896629928477341,13.208908587442163,64,True
86,HIP10679_B6,A002_Xa95c04_X14cd_spw2,6,15625000.0,coarse,85,128,64,4,0.5,2,0.003896629928477341,12.990371478222643,64,True
87,HIP10679_B6,A002_Xa95c04_X14cd_spw2,6,15625000.0,coarse,85,128,64,4,0.5,3,0.003896629928477341,12.89549378362217,64,True
88,HIP10679_B6,A002_Xa95c04_X14cd_spw2,6,15625000.0,coarse,85,128,64,4,0.5,4,0.003896629928477341,12.965934805054466,64,True
89,HIP10679_B6,A002_Xa95c04_X14cd_spw2,6,15625000.0,coarse,85,128,64,4,0.5,5,0.003896629928477341,13.13136854767085,64,True
90,HIP10679_B6,A002_Xa95c04_X14cd_spw2,6,15625000.0,coarse,85,128,64,4,0.4,0,0.003896629928477341,10.330839002839864,64,True
91,HIP10679_B6,A002_Xa95c04_X14cd_spw2,6,15625000.0,coarse,85,128,64,4,0.4,1,0.003896629928477341,10.370057768801498,64,True
92,HIP10679_B6,A002_Xa95c04_X14cd_spw2,6,15625000.0,coarse,85,128,64,4,0.4,2,0.003896629928477341,10.459963754190015,64,True
93,HIP10679_B6,A002_Xa95c04_X14cd_spw2,6,15625000.0,coarse,85,128,64,4,0.4,3,0.003896629928477341,10.30358874862869,64,True
94,HIP10679_B6,A002_Xa95c04_X14cd_spw2,6,15625000.0,coarse,85,128,64,4,0.4,4,0.003896629928477341,10.722598983410805,64,True
95,HIP10679_B6,A002_Xa95c04_X14cd_spw2,6,15625000.0,coarse,85,128,64,4,0.4,5,0.003896629928477341,10.12520478433635,64,True
96,HIP10679_B6,A002_Xa95c04_X14cd_spw2,6,15625000.0,coarse,85,128,64,4,0.25,0,0.003896629928477341,6.02308795613316,64,True
97,HIP10679_B6,A002_Xa95c04_X14cd_spw2,6,15625000.0,coarse,85,128,64,4,0.25,1,0.003896629928477341,6.1198720956891925,64,True
98,HIP10679_B6,A002_Xa95c04_X14cd_spw2,6,15625000.0,coarse,85,128,64,4,0.25,2,0.003896629928477341,5.872228010338428,64,True
99,HIP10679_B6,A002_Xa95c04_X14cd_spw2,6,15625000.0,coarse,85,128,64,4,0.25,3,0.003896629928477341,5.892543927027998,64,True
100,HIP10679_B6,A002_Xa95c04_X14cd_spw2,6,15625000.0,coarse,85,128,64,4,0.25,4,0.003896629928477341,6.11375273562397,64,True
101,HIP10679_B6,A002_Xa95c04_X14cd_spw2,6,15625000.0,coarse,85,128,64,4,0.25,5,0.003896629928477341,5.840459612890231,64,True
102,HIP10679_B6,A002_Xa95c04_X14cd_spw2,6,15625000.0,coarse,85,128,64,4,0.1,0,0.003896629928477341,1.4566978438772276,45,False
103,HIP10679_B6,A002_Xa95c04_X14cd_spw2,6,15625000.0,coarse,85,128,64,4,0.1,1,0.003896629928477341,1.5248966633301932,45,False
104,HIP10679_B6,A002_Xa95c04_X14cd_spw2,6,15625000.0,coarse,85,128,64,4,0.1,2,0.003896629928477341,1.549071458306961,45,False
105,HIP10679_B6,A002_Xa95c04_X14cd_spw2,6,15625000.0,coarse,85,128,64,4,0.1,3,0.003896629928477341,1.6650772598644519,45,False
106,HIP10679_B6,A002_Xa95c04_X14cd_spw2,6,15625000.0,coarse,85,128,64,4,0.1,4,0.003896629928477341,1.4404499103963426,45,False
107,HIP10679_B6,A002_Xa95c04_X14cd_spw2,6,15625000.0,coarse,85,128,64,4,0.1,5,0.003896629928477341,1.6300974020209817,45,False
108,HIP10679_B6,A002_Xa95c04_X14cd_spw2,6,15625000.0,coarse,85,128,64,5,1.0,0,0.003896629928477341,33.5702855005498,64,True
109,HIP10679_B6,A002_Xa95c04_X14cd_spw2,6,15625000.0,coarse,85,128,64,5,1.0,1,0.003896629928477341,33.5702855005498,64,True
110,HIP10679_B6,A002_Xa95c04_X14cd_spw2,6,15625000.0,coarse,85,128,64,5,1.0,2,0.003896629928477341,33.5702855005498,64,True
111,HIP10679_B6,A002_Xa95c04_X14cd_spw2,6,15625000.0,coarse,85,128,64,5,1.0,3,0.003896629928477341,33.5702855005498,64,True
112,HIP10679_B6,A002_Xa95c04_X14cd_spw2,6,15625000.0,coarse,85,128,64,5,1.0,4,0.003896629928477341,33.5702855005498,64,True
113,HIP10679_B6,A002_Xa95c04_X14cd_spw2,6,15625000.0,coarse,85,128,64,5,1.0,5,0.003896629928477341,33.5702855005498,64,True
114,HIP10679_B6,A002_Xa95c04_X14cd_spw2,6,15625000.0,coarse,85,128,64,5,0.75,0,0.003896629928477341,25.800573073289492,64,True
115,HIP10679_B6,A002_Xa95c04_X14cd_spw2,6,15625000.0,coarse,85,128,64,5,0.75,1,0.003896629928477341,25.833515924250925,64,True
116,HIP10679_B6,A002_Xa95c04_X14cd_spw2,6,15625000.0,coarse,85,128,64,5,0.75,2,0.003896629928477341,25.80569816154735,64,True
117,HIP10679_B6,A002_Xa95c04_X14cd_spw2,6,15625000.0,coarse,85,128,64,5,0.75,3,0.003896629928477341,25.462470503271597,64,True
118,HIP10679_B6,A002_Xa95c04_X14cd_spw2,6,15625000.0,coarse,85,128,64,5,0.75,4,0.003896629928477341,26.021884024823073,64,True
119,HIP10679_B6,A002_Xa95c04_X14cd_spw2,6,15625000.0,coarse,85,128,64,5,0.75,5,0.003896629928477341,25.502124512446315,64,True
120,HIP10679_B6,A002_Xa95c04_X14cd_spw2,6,15625000.0,coarse,85,128,64,5,0.5,0,0.003896629928477341,16.18472827930316,64,True
121,HIP10679_B6,A002_Xa95c04_X14cd_spw2,6,15625000.0,coarse,85,128,64,5,0.5,1,0.003896629928477341,16.809375862001705,64,True
122,HIP10679_B6,A002_Xa95c04_X14cd_spw2,6,15625000.0,coarse,85,128,64,5,0.5,2,0.003896629928477341,16.648768683178872,64,True
123,HIP10679_B6,A002_Xa95c04_X14cd_spw2,6,15625000.0,coarse,85,128,64,5,0.5,3,0.003896629928477341,16.397911554880537,64,True
124,HIP10679_B6,A002_Xa95c04_X14cd_spw2,6,15625000.0,coarse,85,128,64,5,0.5,4,0.003896629928477341,16.65854730029651,64,True
125,HIP10679_B6,A002_Xa95c04_X14cd_spw2,6,15625000.0,coarse,85,128,64,5,0.5,5,0.003896629928477341,16.832333448104603,64,True
126,HIP10679_B6,A002_Xa95c04_X14cd_spw2,6,15625000.0,coarse,85,128,64,5,0.4,0,0.003896629928477341,13.142767842811486,64,True
127,HIP10679_B6,A002_Xa95c04_X14cd_spw2,6,15625000.0,coarse,85,128,64,5,0.4,1,0.003896629928477341,13.44698809859567,64,True
128,HIP10679_B6,A002_Xa95c04_X14cd_spw2,6,15625000.0,coarse,85,128,64,5,0.4,2,0.003896629928477341,13.231087465123894,64,True
129,HIP10679_B6,A002_Xa95c04_X14cd_spw2,6,15625000.0,coarse,85,128,64,5,0.4,3,0.003896629928477341,13.390349606273212,64,True
130,HIP10679_B6,A002_Xa95c04_X14cd_spw2,6,15625000.0,coarse,85,128,64,5,0.4,4,0.003896629928477341,13.420662410940995,64,True
131,HIP10679_B6,A002_Xa95c04_X14cd_spw2,6,15625000.0,coarse,85,128,64,5,0.4,5,0.003896629928477341,13.399287812655778,64,True
132,HIP10679_B6,A002_Xa95c04_X14cd_spw2,6,15625000.0,coarse,85,128,64,5,0.25,0,0.003896629928477341,7.56078453498692,64,True
133,HIP10679_B6,A002_Xa95c04_X14cd_spw2,6,15625000.0,coarse,85,128,64,5,0.25,1,0.003896629928477341,7.681022435944571,64,True
134,HIP10679_B6,A002_Xa95c04_X14cd_spw2,6,15625000.0,coarse,85,128,64,5,0.25,2,0.003896629928477341,7.947366436066584,64,True
135,HIP10679_B6,A002_Xa95c04_X14cd_spw2,6,15625000.0,coarse,85,128,64,5,0.25,3,0.003896629928477341,7.657880416265524,64,True
136,HIP10679_B6,A002_Xa95c04_X14cd_spw2,6,15625000.0,coarse,85,128,64,5,0.25,4,0.003896629928477341,7.641799144995027,64,True
137,HIP10679_B6,A002_Xa95c04_X14cd_spw2,6,15625000.0,coarse,85,128,64,5,0.25,5,0.003896629928477341,7.747163079643241,64,True
138,HIP10679_B6,A002_Xa95c04_X14cd_spw2,6,15625000.0,coarse,85,128,64,5,0.1,0,0.003896629928477341,2.054955426215664,64,False
139,HIP10679_B6,A002_Xa95c04_X14cd_spw2,6,15625000.0,coarse,85,128,64,5,0.1,1,0.003896629928477341,2.3037719390358813,64,False
140,HIP10679_B6,A002_Xa95c04_X14cd_spw2,6,15625000.0,coarse,85,128,64,5,0.1,2,0.003896629928477341,2.2127817341521983,64,False
141,HIP10679_B6,A002_Xa95c04_X14cd_spw2,6,15625000.0,coarse,85,128,64,5,0.1,3,0.003896629928477341,2.2841669218030387,64,False
142,HIP10679_B6,A002_Xa95c04_X14cd_spw2,6,15625000.0,coarse,85,128,64,5,0.1,4,0.003896629928477341,2.260222413592451,64,False
143,HIP10679_B6,A002_Xa95c04_X14cd_spw2,6,15625000.0,coarse,85,128,64,5,0.1,5,0.003896629928477341,2.2327050342323544,64,False
144,HIP10679_B6,A002_Xa95c04_X14cd_spw2,6,15625000.0,coarse,85,128,64,6,1.0,0,0.003896629928477341,40.51657855620025,64,True
145,HIP10679_B6,A002_Xa95c04_X14cd_spw2,6,15625000.0,coarse,85,128,64,6,1.0,1,0.003896629928477341,40.51657855620025,64,True
146,HIP10679_B6,A002_Xa95c04_X14cd_spw2,6,15625000.0,coarse,85,128,64,6,1.0,2,0.003896629928477341,40.51657855620025,64,True
147,HIP10679_B6,A002_Xa95c04_X14cd_spw2,6,15625000.0,coarse,85,128,64,6,1.0,3,0.003896629928477341,40.51657855620025,64,True
148,HIP10679_B6,A002_Xa95c04_X14cd_spw2,6,15625000.0,coarse,85,128,64,6,1.0,4,0.003896629928477341,40.51657855620025,64,True
149,HIP10679_B6,A002_Xa95c04_X14cd_spw2,6,15625000.0,coarse,85,128,64,6,1.0,5,0.003896629928477341,40.51657855620025,64,True
150,HIP10679_B6,A002_Xa95c04_X14cd_spw2,6,15625000.0,coarse,85,128,64,6,0.75,0,0.003896629928477341,30.304120106472624,64,True
151,HIP10679_B6,A002_Xa95c04_X14cd_spw2,6,15625000.0,coarse,85,128,64,6,0.75,1,0.003896629928477341,31.253570891934466,64,True
152,HIP10679_B6,A002_Xa95c04_X14cd_spw2,6,15625000.0,coarse,85,128,64,6,0.75,2,0.003896629928477341,30.73002682352535,64,True
153,HIP10679_B6,A002_Xa95c04_X14cd_spw2,6,15625000.0,coarse,85,128,64,6,0.75,3,0.003896629928477341,31.09305215672054,64,True
154,HIP10679_B6,A002_Xa95c04_X14cd_spw2,6,15625000.0,coarse,85,128,64,6,0.75,4,0.003896629928477341,30.629534644958753,64,True
155,HIP10679_B6,A002_Xa95c04_X14cd_spw2,6,15625000.0,coarse,85,128,64,6,0.75,5,0.003896629928477341,30.58021007395189,64,True
156,HIP10679_B6,A002_Xa95c04_X14cd_spw2,6,15625000.0,coarse,85,128,64,6,0.5,0,0.003896629928477341,20.036341252409986,64,True
157,HIP10679_B6,A002_Xa95c04_X14cd_spw2,6,15625000.0,coarse,85,128,64,6,0.5,1,0.003896629928477341,20.43362642869947,64,True
158,HIP10679_B6,A002_Xa95c04_X14cd_spw2,6,15625000.0,coarse,85,128,64,6,0.5,2,0.003896629928477341,20.24700723758227,64,True
159,HIP10679_B6,A002_Xa95c04_X14cd_spw2,6,15625000.0,coarse,85,128,64,6,0.5,3,0.003896629928477341,20.14622932443863,64,True
160,HIP10679_B6,A002_Xa95c04_X14cd_spw2,6,15625000.0,coarse,85,128,64,6,0.5,4,0.003896629928477341,19.97122038877565,64,True
161,HIP10679_B6,A002_Xa95c04_X14cd_spw2,6,15625000.0,coarse,85,128,64,6,0.5,5,0.003896629928477341,20.076916030876745,64,True
162,HIP10679_B6,A002_Xa95c04_X14cd_spw2,6,15625000.0,coarse,85,128,64,6,0.4,0,0.003896629928477341,15.96293672962635,64,True
163,HIP10679_B6,A002_Xa95c04_X14cd_spw2,6,15625000.0,coarse,85,128,64,6,0.4,1,0.003896629928477341,16.190682250268203,64,True
164,HIP10679_B6,A002_Xa95c04_X14cd_spw2,6,15625000.0,coarse,85,128,64,6,0.4,2,0.003896629928477341,16.126158640932402,64,True
165,HIP10679_B6,A002_Xa95c04_X14cd_spw2,6,15625000.0,coarse,85,128,64,6,0.4,3,0.003896629928477341,16.155035563346857,64,True
166,HIP10679_B6,A002_Xa95c04_X14cd_spw2,6,15625000.0,coarse,85,128,64,6,0.4,4,0.003896629928477341,16.377296404877068,64,True
167,HIP10679_B6,A002_Xa95c04_X14cd_spw2,6,15625000.0,coarse,85,128,64,6,0.4,5,0.003896629928477341,16.106284754122854,64,True
168,HIP10679_B6,A002_Xa95c04_X14cd_spw2,6,15625000.0,coarse,85,128,64,6,0.25,0,0.003896629928477341,9.576497553306483,64,True
169,HIP10679_B6,A002_Xa95c04_X14cd_spw2,6,15625000.0,coarse,85,128,64,6,0.25,1,0.003896629928477341,9.20981419589833,64,True
170,HIP10679_B6,A002_Xa95c04_X14cd_spw2,6,15625000.0,coarse,85,128,64,6,0.25,2,0.003896629928477341,9.285946012111607,64,True
171,HIP10679_B6,A002_Xa95c04_X14cd_spw2,6,15625000.0,coarse,85,128,64,6,0.25,3,0.003896629928477341,9.531725226749918,64,True
172,HIP10679_B6,A002_Xa95c04_X14cd_spw2,6,15625000.0,coarse,85,128,64,6,0.25,4,0.003896629928477341,9.468080735043468,64,True
173,HIP10679_B6,A002_Xa95c04_X14cd_spw2,6,15625000.0,coarse,85,128,64,6,0.25,5,0.003896629928477341,9.358457145130215,64,True
174,HIP10679_B6,A002_Xa95c04_X14cd_spw2,6,15625000.0,coarse,85,128,64,6,0.1,0,0.003896629928477341,2.9139934961805842,64,False
175,HIP10679_B6,A002_Xa95c04_X14cd_spw2,6,15625000.0,coarse,85,128,64,6,0.1,1,0.003896629928477341,2.8219078807433187,64,False
176,HIP10679_B6,A002_Xa95c04_X14cd_spw2,6,15625000.0,coarse,85,128,64,6,0.1,2,0.003896629928477341,2.9866606018334383,64,False
177,HIP10679_B6,A002_Xa95c04_X14cd_spw2,6,15625000.0,coarse,85,128,64,6,0.1,3,0.003896629928477341,2.488811610639231,64,False
178,HIP10679_B6,A002_Xa95c04_X14cd_spw2,6,15625000.0,coarse,85,128,64,6,0.1,4,0.003896629928477341,2.7342235828088923,64,False
179,HIP10679_B6,A002_Xa95c04_X14cd_spw2,6,15625000.0,coarse,85,128,64,6,0.1,5,0.003896629928477341,2.973519399240499,64,False
180,HIP10679_B6,A002_Xa95c04_X14cd_spw2,6,15625000.0,coarse,85,128,64,8,1.0,0,0.003896629928477341,54.409164667501166,64,True
181,HIP10679_B6,A002_Xa95c04_X14cd_spw2,6,15625000.0,coarse,85,128,64,8,1.0,1,0.003896629928477341,54.409164667501166,64,True
182,HIP10679_B6,A002_Xa95c04_X14cd_spw2,6,15625000.0,coarse,85,128,64,8,1.0,2,0.003896629928477341,54.409164667501166,64,True
183,HIP10679_B6,A002_Xa95c04_X14cd_spw2,6,15625000.0,coarse,85,128,64,8,1.0,3,0.003896629928477341,54.409164667501166,64,True
184,HIP10679_B6,A002_Xa95c04_X14cd_spw2,6,15625000.0,coarse,85,128,64,8,1.0,4,0.003896629928477341,54.409164667501166,64,True
185,HIP10679_B6,A002_Xa95c04_X14cd_spw2,6,15625000.0,coarse,85,128,64,8,1.0,5,0.003896629928477341,54.409164667501166,64,True
186,HIP10679_B6,A002_Xa95c04_X14cd_spw2,6,15625000.0,coarse,85,128,64,8,0.75,0,0.003896629928477341,41.89619061051554,64,True
187,HIP10679_B6,A002_Xa95c04_X14cd_spw2,6,15625000.0,coarse,85,128,64,8,0.75,1,0.003896629928477341,41.15153450203646,64,True
188,HIP10679_B6,A002_Xa95c04_X14cd_spw2,6,15625000.0,coarse,85,128,64,8,0.75,2,0.003896629928477341,41.387823004813534,64,True
189,HIP10679_B6,A002_Xa95c04_X14cd_spw2,6,15625000.0,coarse,85,128,64,8,0.75,3,0.003896629928477341,41.54820887241149,64,True
190,HIP10679_B6,A002_Xa95c04_X14cd_spw2,6,15625000.0,coarse,85,128,64,8,0.75,4,0.003896629928477341,42.19963985836066,64,True
191,HIP10679_B6,A002_Xa95c04_X14cd_spw2,6,15625000.0,coarse,85,128,64,8,0.75,5,0.003896629928477341,41.37664300709013,64,True
192,HIP10679_B6,A002_Xa95c04_X14cd_spw2,6,15625000.0,coarse,85,128,64,8,0.5,0,0.003896629928477341,27.126729453951892,64,True
193,HIP10679_B6,A002_Xa95c04_X14cd_spw2,6,15625000.0,coarse,85,128,64,8,0.5,1,0.003896629928477341,27.050319082762723,64,True
194,HIP10679_B6,A002_Xa95c04_X14cd_spw2,6,15625000.0,coarse,85,128,64,8,0.5,2,0.003896629928477341,27.43728713501065,64,True
195,HIP10679_B6,A002_Xa95c04_X14cd_spw2,6,15625000.0,coarse,85,128,64,8,0.5,3,0.003896629928477341,26.80919665356481,64,True
196,HIP10679_B6,A002_Xa95c04_X14cd_spw2,6,15625000.0,coarse,85,128,64,8,0.5,4,0.003896629928477341,27.29669759245879,64,True
197,HIP10679_B6,A002_Xa95c04_X14cd_spw2,6,15625000.0,coarse,85,128,64,8,0.5,5,0.003896629928477341,27.49772310503882,64,True
198,HIP10679_B6,A002_Xa95c04_X14cd_spw2,6,15625000.0,coarse,85,128,64,8,0.4,0,0.003896629928477341,22.138727334424388,64,True
199,HIP10679_B6,A002_Xa95c04_X14cd_spw2,6,15625000.0,coarse,85,128,64,8,0.4,1,0.003896629928477341,21.68924099651946,64,True
200,HIP10679_B6,A002_Xa95c04_X14cd_spw2,6,15625000.0,coarse,85,128,64,8,0.4,2,0.003896629928477341,22.06113162352344,64,True
201,HIP10679_B6,A002_Xa95c04_X14cd_spw2,6,15625000.0,coarse,85,128,64,8,0.4,3,0.003896629928477341,21.811982074672184,64,True
202,HIP10679_B6,A002_Xa95c04_X14cd_spw2,6,15625000.0,coarse,85,128,64,8,0.4,4,0.003896629928477341,21.722010268492753,64,True
203,HIP10679_B6,A002_Xa95c04_X14cd_spw2,6,15625000.0,coarse,85,128,64,8,0.4,5,0.003896629928477341,22.24194912316585,64,True
204,HIP10679_B6,A002_Xa95c04_X14cd_spw2,6,15625000.0,coarse,85,128,64,8,0.25,0,0.003896629928477341,13.221134327341598,64,True
205,HIP10679_B6,A002_Xa95c04_X14cd_spw2,6,15625000.0,coarse,85,128,64,8,0.25,1,0.003896629928477341,13.117989266135243,64,True
206,HIP10679_B6,A002_Xa95c04_X14cd_spw2,6,15625000.0,coarse,85,128,64,8,0.25,2,0.003896629928477341,12.788252500257236,64,True
207,HIP10679_B6,A002_Xa95c04_X14cd_spw2,6,15625000.0,coarse,85,128,64,8,0.25,3,0.003896629928477341,12.680070946797267,64,True
208,HIP10679_B6,A002_Xa95c04_X14cd_spw2,6,15625000.0,coarse,85,128,64,8,0.25,4,0.003896629928477341,13.047480753707077,64,True
209,HIP10679_B6,A002_Xa95c04_X14cd_spw2,6,15625000.0,coarse,85,128,64,8,0.25,5,0.003896629928477341,12.896848424387155,64,True
210,HIP10679_B6,A002_Xa95c04_X14cd_spw2,6,15625000.0,coarse,85,128,64,8,0.1,0,0.003896629928477341,4.39007057510962,64,False
211,HIP10679_B6,A002_Xa95c04_X14cd_spw2,6,15625000.0,coarse,85,128,64,8,0.1,1,0.003896629928477341,3.974434564124368,64,False
212,HIP10679_B6,A002_Xa95c04_X14cd_spw2,6,15625000.0,coarse,85,128,64,8,0.1,2,0.003896629928477341,4.470556013376936,64,False
213,HIP10679_B6,A002_Xa95c04_X14cd_spw2,6,15625000.0,coarse,85,128,64,8,0.1,3,0.003896629928477341,4.684321701258836,64,False
214,HIP10679_B6,A002_Xa95c04_X14cd_spw2,6,15625000.0,coarse,85,128,64,8,0.1,4,0.003896629928477341,4.263080849958443,64,False
215,HIP10679_B6,A002_Xa95c04_X14cd_spw2,6,15625000.0,coarse,85,128,64,8,0.1,5,0.003896629928477341,4.223554463354142,64,False
216,HIP10679_B6,A002_Xa95c04_X14cd_spw2,6,15625000.0,coarse,85,128,64,10,1.0,0,0.003896629928477341,68.30175077880205,64,True
217,HIP10679_B6,A002_Xa95c04_X14cd_spw2,6,15625000.0,coarse,85,128,64,10,1.0,1,0.003896629928477341,68.30175077880205,64,True
218,HIP10679_B6,A002_Xa95c04_X14cd_spw2,6,15625000.0,coarse,85,128,64,10,1.0,2,0.003896629928477341,68.30175077880205,64,True
219,HIP10679_B6,A002_Xa95c04_X14cd_spw2,6,15625000.0,coarse,85,128,64,10,1.0,3,0.003896629928477341,68.30175077880205,64,True
220,HIP10679_B6,A002_Xa95c04_X14cd_spw2,6,15625000.0,coarse,85,128,64,10,1.0,4,0.003896629928477341,68.30175077880205,64,True
221,HIP10679_B6,A002_Xa95c04_X14cd_spw2,6,15625000.0,coarse,85,128,64,10,1.0,5,0.003896629928477341,68.30175077880205,64,True
222,HIP10679_B6,A002_Xa95c04_X14cd_spw2,6,15625000.0,coarse,85,128,64,10,0.75,0,0.003896629928477341,51.989386016862966,64,True
223,HIP10679_B6,A002_Xa95c04_X14cd_spw2,6,15625000.0,coarse,85,128,64,10,0.75,1,0.003896629928477341,52.880640616119315,64,True
224,HIP10679_B6,A002_Xa95c04_X14cd_spw2,6,15625000.0,coarse,85,128,64,10,0.75,2,0.003896629928477341,52.25497140510818,64,True
225,HIP10679_B6,A002_Xa95c04_X14cd_spw2,6,15625000.0,coarse,85,128,64,10,0.75,3,0.003896629928477341,51.82103833613586,64,True
226,HIP10679_B6,A002_Xa95c04_X14cd_spw2,6,15625000.0,coarse,85,128,64,10,0.75,4,0.003896629928477341,52.21240383007724,64,True
227,HIP10679_B6,A002_Xa95c04_X14cd_spw2,6,15625000.0,coarse,85,128,64,10,0.75,5,0.003896629928477341,52.8905032881494,64,True
228,HIP10679_B6,A002_Xa95c04_X14cd_spw2,6,15625000.0,coarse,85,128,64,10,0.5,0,0.003896629928477341,34.602458056407094,64,True
229,HIP10679_B6,A002_Xa95c04_X14cd_spw2,6,15625000.0,coarse,85,128,64,10,0.5,1,0.003896629928477341,34.114786615019554,64,True
230,HIP10679_B6,A002_Xa95c04_X14cd_spw2,6,15625000.0,coarse,85,128,64,10,0.5,2,0.003896629928477341,34.783512904332284,64,True
231,HIP10679_B6,A002_Xa95c04_X14cd_spw2,6,15625000.0,coarse,85,128,64,10,0.5,3,0.003896629928477341,34.518884604598014,64,True
232,HIP10679_B6,A002_Xa95c04_X14cd_spw2,6,15625000.0,coarse,85,128,64,10,0.5,4,0.003896629928477341,34.36121053442209,64,True
233,HIP10679_B6,A002_Xa95c04_X14cd_spw2,6,15625000.0,coarse,85,128,64,10,0.5,5,0.003896629928477341,34.68286228327533,64,True
234,HIP10679_B6,A002_Xa95c04_X14cd_spw2,6,15625000.0,coarse,85,128,64,10,0.4,0,0.003896629928477341,27.514122662709187,64,True
235,HIP10679_B6,A002_Xa95c04_X14cd_spw2,6,15625000.0,coarse,85,128,64,10,0.4,1,0.003896629928477341,27.65797976454281,64,True
236,HIP10679_B6,A002_Xa95c04_X14cd_spw2,6,15625000.0,coarse,85,128,64,10,0.4,2,0.003896629928477341,27.785186899877456,64,True
237,HIP10679_B6,A002_Xa95c04_X14cd_spw2,6,15625000.0,coarse,85,128,64,10,0.4,3,0.003896629928477341,27.838474887264624,64,True
238,HIP10679_B6,A002_Xa95c04_X14cd_spw2,6,15625000.0,coarse,85,128,64,10,0.4,4,0.003896629928477341,27.311826554788777,64,True
239,HIP10679_B6,A002_Xa95c04_X14cd_spw2,6,15625000.0,coarse,85,128,64,10,0.4,5,0.003896629928477341,28.02459094740593,64,True
240,HIP10679_B6,A002_Xa95c04_X14cd_spw2,6,15625000.0,coarse,85,128,64,10,0.25,0,0.003896629928477341,16.547324628696806,64,True
241,HIP10679_B6,A002_Xa95c04_X14cd_spw2,6,15625000.0,coarse,85,128,64,10,0.25,1,0.003896629928477341,15.931502907100892,64,True
242,HIP10679_B6,A002_Xa95c04_X14cd_spw2,6,15625000.0,coarse,85,128,64,10,0.25,2,0.003896629928477341,16.281608714070966,64,True
243,HIP10679_B6,A002_Xa95c04_X14cd_spw2,6,15625000.0,coarse,85,128,64,10,0.25,3,0.003896629928477341,16.169664325655248,64,True
244,HIP10679_B6,A002_Xa95c04_X14cd_spw2,6,15625000.0,coarse,85,128,64,10,0.25,4,0.003896629928477341,16.807984774020607,64,True
245,HIP10679_B6,A002_Xa95c04_X14cd_spw2,6,15625000.0,coarse,85,128,64,10,0.25,5,0.003896629928477341,16.778362076514494,64,True
246,HIP10679_B6,A002_Xa95c04_X14cd_spw2,6,15625000.0,coarse,85,128,64,10,0.1,0,0.003896629928477341,5.433571498345527,64,True
247,HIP10679_B6,A002_Xa95c04_X14cd_spw2,6,15625000.0,coarse,85,128,64,10,0.1,1,0.003896629928477341,5.4173612172627905,64,True
248,HIP10679_B6,A002_Xa95c04_X14cd_spw2,6,15625000.0,coarse,85,128,64,10,0.1,2,0.003896629928477341,5.746638181725927,64,True
249,HIP10679_B6,A002_Xa95c04_X14cd_spw2,6,15625000.0,coarse,85,128,64,10,0.1,3,0.003896629928477341,5.693696935294862,64,True
250,HIP10679_B6,A002_Xa95c04_X14cd_spw2,6,15625000.0,coarse,85,128,64,10,0.1,4,0.003896629928477341,5.405023663713695,64,True
251,HIP10679_B6,A002_Xa95c04_X14cd_spw2,6,15625000.0,coarse,85,128,64,10,0.1,5,0.003896629928477341,5.52723025688596,64,True
252,HIP10679_B6,A002_Xa95c04_X14cd_spw2,6,15625000.0,coarse,85,128,64,15,1.0,0,0.003896629928477341,103.0332160570543,64,True
253,HIP10679_B6,A002_Xa95c04_X14cd_spw2,6,15625000.0,coarse,85,128,64,15,1.0,1,0.003896629928477341,103.0332160570543,64,True
254,HIP10679_B6,A002_Xa95c04_X14cd_spw2,6,15625000.0,coarse,85,128,64,15,1.0,2,0.003896629928477341,103.0332160570543,64,True
255,HIP10679_B6,A002_Xa95c04_X14cd_spw2,6,15625000.0,coarse,85,128,64,15,1.0,3,0.003896629928477341,103.0332160570543,64,True
256,HIP10679_B6,A002_Xa95c04_X14cd_spw2,6,15625000.0,coarse,85,128,64,15,1.0,4,0.003896629928477341,103.0332160570543,64,True
257,HIP10679_B6,A002_Xa95c04_X14cd_spw2,6,15625000.0,coarse,85,128,64,15,1.0,5,0.003896629928477341,103.0332160570543,64,True
258,HIP10679_B6,A002_Xa95c04_X14cd_spw2,6,15625000.0,coarse,85,128,64,15,0.75,0,0.003896629928477341,78.8881293019555,64,True
259,HIP10679_B6,A002_Xa95c04_X14cd_spw2,6,15625000.0,coarse,85,128,64,15,0.75,1,0.003896629928477341,79.2661402660359,64,True
260,HIP10679_B6,A002_Xa95c04_X14cd_spw2,6,15625000.0,coarse,85,128,64,15,0.75,2,0.003896629928477341,78.30599959929418,64,True
261,HIP10679_B6,A002_Xa95c04_X14cd_spw2,6,15625000.0,coarse,85,128,64,15,0.75,3,0.003896629928477341,78.84742669487063,64,True
262,HIP10679_B6,A002_Xa95c04_X14cd_spw2,6,15625000.0,coarse,85,128,64,15,0.75,4,0.003896629928477341,79.21592506286251,64,True
263,HIP10679_B6,A002_Xa95c04_X14cd_spw2,6,15625000.0,coarse,85,128,64,15,0.75,5,0.003896629928477341,78.96244873884986,64,True
264,HIP10679_B6,A002_Xa95c04_X14cd_spw2,6,15625000.0,coarse,85,128,64,15,0.5,0,0.003896629928477341,52.584141933706256,64,True
265,HIP10679_B6,A002_Xa95c04_X14cd_spw2,6,15625000.0,coarse,85,128,64,15,0.5,1,0.003896629928477341,52.857928535854064,64,True
266,HIP10679_B6,A002_Xa95c04_X14cd_spw2,6,15625000.0,coarse,85,128,64,15,0.5,2,0.003896629928477341,51.99534254909148,64,True
267,HIP10679_B6,A002_Xa95c04_X14cd_spw2,6,15625000.0,coarse,85,128,64,15,0.5,3,0.003896629928477341,53.0576354779938,64,True
268,HIP10679_B6,A002_Xa95c04_X14cd_spw2,6,15625000.0,coarse,85,128,64,15,0.5,4,0.003896629928477341,52.529261647293744,64,True
269,HIP10679_B6,A002_Xa95c04_X14cd_spw2,6,15625000.0,coarse,85,128,64,15,0.5,5,0.003896629928477341,51.24454033109188,64,True
270,HIP10679_B6,A002_Xa95c04_X14cd_spw2,6,15625000.0,coarse,85,128,64,15,0.4,0,0.003896629928477341,43.05406308925144,64,True
271,HIP10679_B6,A002_Xa95c04_X14cd_spw2,6,15625000.0,coarse,85,128,64,15,0.4,1,0.003896629928477341,42.34844978145009,64,True
272,HIP10679_B6,A002_Xa95c04_X14cd_spw2,6,15625000.0,coarse,85,128,64,15,0.4,2,0.003896629928477341,42.105655295265294,64,True
273,HIP10679_B6,A002_Xa95c04_X14cd_spw2,6,15625000.0,coarse,85,128,64,15,0.4,3,0.003896629928477341,42.031068223882386,64,True
274,HIP10679_B6,A002_Xa95c04_X14cd_spw2,6,15625000.0,coarse,85,128,64,15,0.4,4,0.003896629928477341,41.56965771336182,64,True
275,HIP10679_B6,A002_Xa95c04_X14cd_spw2,6,15625000.0,coarse,85,128,64,15,0.4,5,0.003896629928477341,42.43832169108268,64,True
276,HIP10679_B6,A002_Xa95c04_X14cd_spw2,6,15625000.0,coarse,85,128,64,15,0.25,0,0.003896629928477341,25.293474834221307,64,True
277,HIP10679_B6,A002_Xa95c04_X14cd_spw2,6,15625000.0,coarse,85,128,64,15,0.25,1,0.003896629928477341,25.22871086548935,64,True
278,HIP10679_B6,A002_Xa95c04_X14cd_spw2,6,15625000.0,coarse,85,128,64,15,0.25,2,0.003896629928477341,25.987514966951846,64,True
279,HIP10679_B6,A002_Xa95c04_X14cd_spw2,6,15625000.0,coarse,85,128,64,15,0.25,3,0.003896629928477341,24.750688502582886,64,True
280,HIP10679_B6,A002_Xa95c04_X14cd_spw2,6,15625000.0,coarse,85,128,64,15,0.25,4,0.003896629928477341,24.668144791242003,64,True
281,HIP10679_B6,A002_Xa95c04_X14cd_spw2,6,15625000.0,coarse,85,128,64,15,0.25,5,0.003896629928477341,24.683956753607703,64,True
282,HIP10679_B6,A002_Xa95c04_X14cd_spw2,6,15625000.0,coarse,85,128,64,15,0.1,0,0.003896629928477341,8.803832109051445,64,True
283,HIP10679_B6,A002_Xa95c04_X14cd_spw2,6,15625000.0,coarse,85,128,64,15,0.1,1,0.003896629928477341,9.055855675993344,64,True
284,HIP10679_B6,A002_Xa95c04_X14cd_spw2,6,15625000.0,coarse,85,128,64,15,0.1,2,0.003896629928477341,9.012364101625288,64,True
285,HIP10679_B6,A002_Xa95c04_X14cd_spw2,6,15625000.0,coarse,85,128,64,15,0.1,3,0.003896629928477341,9.061861823678257,64,True
286,HIP10679_B6,A002_Xa95c04_X14cd_spw2,6,15625000.0,coarse,85,128,64,15,0.1,4,0.003896629928477341,8.73335039056781,64,True
287,HIP10679_B6,A002_Xa95c04_X14cd_spw2,6,15625000.0,coarse,85,128,64,15,0.1,5,0.003896629928477341,8.771438899408482,64,True
288,HIP10679_B6,A002_Xa95c04_X14cd_spw2,6,15625000.0,coarse,85,128,64,20,1.0,0,0.003896629928477341,137.76468133530662,64,True
289,HIP10679_B6,A002_Xa95c04_X14cd_spw2,6,15625000.0,coarse,85,128,64,20,1.0,1,0.003896629928477341,137.76468133530662,64,True
290,HIP10679_B6,A002_Xa95c04_X14cd_spw2,6,15625000.0,coarse,85,128,64,20,1.0,2,0.003896629928477341,137.76468133530662,64,True
291,HIP10679_B6,A002_Xa95c04_X14cd_spw2,6,15625000.0,coarse,85,128,64,20,1.0,3,0.003896629928477341,137.76468133530662,64,True
292,HIP10679_B6,A002_Xa95c04_X14cd_spw2,6,15625000.0,coarse,85,128,64,20,1.0,4,0.003896629928477341,137.76468133530662,64,True
293,HIP10679_B6,A002_Xa95c04_X14cd_spw2,6,15625000.0,coarse,85,128,64,20,1.0,5,0.003896629928477341,137.76468133530662,64,True
294,HIP10679_B6,A002_Xa95c04_X14cd_spw2,6,15625000.0,coarse,85,128,64,20,0.75,0,0.003896629928477341,106.54227309735074,64,True
295,HIP10679_B6,A002_Xa95c04_X14cd_spw2,6,15625000.0,coarse,85,128,64,20,0.75,1,0.003896629928477341,105.0775241984794,64,True
296,HIP10679_B6,A002_Xa95c04_X14cd_spw2,6,15625000.0,coarse,85,128,64,20,0.75,2,0.003896629928477341,105.51274504073511,64,True
297,HIP10679_B6,A002_Xa95c04_X14cd_spw2,6,15625000.0,coarse,85,128,64,20,0.75,3,0.003896629928477341,106.84370238871215,64,True
298,HIP10679_B6,A002_Xa95c04_X14cd_spw2,6,15625000.0,coarse,85,128,64,20,0.75,4,0.003896629928477341,105.50285530598259,64,True
299,HIP10679_B6,A002_Xa95c04_X14cd_spw2,6,15625000.0,coarse,85,128,64,20,0.75,5,0.003896629928477341,106.4098241011115,64,True
300,HIP10679_B6,A002_Xa95c04_X14cd_spw2,6,15625000.0,coarse,85,128,64,20,0.5,0,0.003896629928477341,70.23705537802208,64,True
301,HIP10679_B6,A002_Xa95c04_X14cd_spw2,6,15625000.0,coarse,85,128,64,20,0.5,1,0.003896629928477341,70.30408784638158,64,True
302,HIP10679_B6,A002_Xa95c04_X14cd_spw2,6,15625000.0,coarse,85,128,64,20,0.5,2,0.003896629928477341,69.38364376540754,64,True
303,HIP10679_B6,A002_Xa95c04_X14cd_spw2,6,15625000.0,coarse,85,128,64,20,0.5,3,0.003896629928477341,70.47803688709621,64,True
304,HIP10679_B6,A002_Xa95c04_X14cd_spw2,6,15625000.0,coarse,85,128,64,20,0.5,4,0.003896629928477341,70.02015948536939,64,True
305,HIP10679_B6,A002_Xa95c04_X14cd_spw2,6,15625000.0,coarse,85,128,64,20,0.5,5,0.003896629928477341,70.65485837946646,64,True
306,HIP10679_B6,A002_Xa95c04_X14cd_spw2,6,15625000.0,coarse,85,128,64,20,0.4,0,0.003896629928477341,55.906707072073125,64,True
307,HIP10679_B6,A002_Xa95c04_X14cd_spw2,6,15625000.0,coarse,85,128,64,20,0.4,1,0.003896629928477341,57.23945762728495,64,True
308,HIP10679_B6,A002_Xa95c04_X14cd_spw2,6,15625000.0,coarse,85,128,64,20,0.4,2,0.003896629928477341,58.0069550340115,64,True
309,HIP10679_B6,A002_Xa95c04_X14cd_spw2,6,15625000.0,coarse,85,128,64,20,0.4,3,0.003896629928477341,55.59932489007795,64,True
310,HIP10679_B6,A002_Xa95c04_X14cd_spw2,6,15625000.0,coarse,85,128,64,20,0.4,4,0.003896629928477341,57.34980149549211,64,True
311,HIP10679_B6,A002_Xa95c04_X14cd_spw2,6,15625000.0,coarse,85,128,64,20,0.4,5,0.003896629928477341,56.03104338995977,64,True
312,HIP10679_B6,A002_Xa95c04_X14cd_spw2,6,15625000.0,coarse,85,128,64,20,0.25,0,0.003896629928477341,34.30036776933411,64,True
313,HIP10679_B6,A002_Xa95c04_X14cd_spw2,6,15625000.0,coarse,85,128,64,20,0.25,1,0.003896629928477341,35.654547613912264,64,True
314,HIP10679_B6,A002_Xa95c04_X14cd_spw2,6,15625000.0,coarse,85,128,64,20,0.25,2,0.003896629928477341,34.50494292202963,64,True
315,HIP10679_B6,A002_Xa95c04_X14cd_spw2,6,15625000.0,coarse,85,128,64,20,0.25,3,0.003896629928477341,34.925599193718035,64,True
316,HIP10679_B6,A002_Xa95c04_X14cd_spw2,6,15625000.0,coarse,85,128,64,20,0.25,4,0.003896629928477341,33.26633501304039,64,True
317,HIP10679_B6,A002_Xa95c04_X14cd_spw2,6,15625000.0,coarse,85,128,64,20,0.25,5,0.003896629928477341,34.497015807653185,64,True
318,HIP10679_B6,A002_Xa95c04_X14cd_spw2,6,15625000.0,coarse,85,128,64,20,0.1,0,0.003896629928477341,12.50030655377835,64,True
319,HIP10679_B6,A002_Xa95c04_X14cd_spw2,6,15625000.0,coarse,85,128,64,20,0.1,1,0.003896629928477341,12.56257869584603,64,True
320,HIP10679_B6,A002_Xa95c04_X14cd_spw2,6,15625000.0,coarse,85,128,64,20,0.1,2,0.003896629928477341,11.632933737031069,64,True
321,HIP10679_B6,A002_Xa95c04_X14cd_spw2,6,15625000.0,coarse,85,128,64,20,0.1,3,0.003896629928477341,11.853792300812081,64,True
322,HIP10679_B6,A002_Xa95c04_X14cd_spw2,6,15625000.0,coarse,85,128,64,20,0.1,4,0.003896629928477341,12.358917493183876,64,True
323,HIP10679_B6,A002_Xa95c04_X14cd_spw2,6,15625000.0,coarse,85,128,64,20,0.1,5,0.003896629928477341,12.755978351825386,64,True
324,HD_10647_B6,A002_Xb39557_X3789_spw19,6,15625000.0,coarse,86,128,64,2,1.0,0,0.005878541065174795,18.255882360136034,64,True
325,HD_10647_B6,A002_Xb39557_X3789_spw19,6,15625000.0,coarse,86,128,64,2,1.0,1,0.005878541065174795,18.255882360136034,64,True
326,HD_10647_B6,A002_Xb39557_X3789_spw19,6,15625000.0,coarse,86,128,64,2,1.0,2,0.005878541065174795,18.255882360136034,64,True
327,HD_10647_B6,A002_Xb39557_X3789_spw19,6,15625000.0,coarse,86,128,64,2,1.0,3,0.005878541065174795,18.255882360136034,64,True
328,HD_10647_B6,A002_Xb39557_X3789_spw19,6,15625000.0,coarse,86,128,64,2,1.0,4,0.005878541065174795,18.255882360136034,64,True
329,HD_10647_B6,A002_Xb39557_X3789_spw19,6,15625000.0,coarse,86,128,64,2,1.0,5,0.005878541065174795,18.255882360136034,64,True
330,HD_10647_B6,A002_Xb39557_X3789_spw19,6,15625000.0,coarse,86,128,64,2,0.75,0,0.005878541065174795,13.6605780681317,64,True
331,HD_10647_B6,A002_Xb39557_X3789_spw19,6,15625000.0,coarse,86,128,64,2,0.75,1,0.005878541065174795,14.482105988399205,64,True
332,HD_10647_B6,A002_Xb39557_X3789_spw19,6,15625000.0,coarse,86,128,64,2,0.75,2,0.005878541065174795,13.314814642947104,64,True
333,HD_10647_B6,A002_Xb39557_X3789_spw19,6,15625000.0,coarse,86,128,64,2,0.75,3,0.005878541065174795,13.178751584627541,64,True
334,HD_10647_B6,A002_Xb39557_X3789_spw19,6,15625000.0,coarse,86,128,64,2,0.75,4,0.005878541065174795,13.523658784716039,64,True
335,HD_10647_B6,A002_Xb39557_X3789_spw19,6,15625000.0,coarse,86,128,64,2,0.75,5,0.005878541065174795,13.639737471166773,64,True
336,HD_10647_B6,A002_Xb39557_X3789_spw19,6,15625000.0,coarse,86,128,64,2,0.5,0,0.005878541065174795,9.186358129630626,64,True
337,HD_10647_B6,A002_Xb39557_X3789_spw19,6,15625000.0,coarse,86,128,64,2,0.5,1,0.005878541065174795,9.09667579981284,64,True
338,HD_10647_B6,A002_Xb39557_X3789_spw19,6,15625000.0,coarse,86,128,64,2,0.5,2,0.005878541065174795,9.65799944015886,64,True
339,HD_10647_B6,A002_Xb39557_X3789_spw19,6,15625000.0,coarse,86,128,64,2,0.5,3,0.005878541065174795,8.251319293592056,64,True
340,HD_10647_B6,A002_Xb39557_X3789_spw19,6,15625000.0,coarse,86,128,64,2,0.5,4,0.005878541065174795,8.45303285791367,64,True
341,HD_10647_B6,A002_Xb39557_X3789_spw19,6,15625000.0,coarse,86,128,64,2,0.5,5,0.005878541065174795,8.657496400471288,64,True
342,HD_10647_B6,A002_Xb39557_X3789_spw19,6,15625000.0,coarse,86,128,64,2,0.4,0,0.005878541065174795,6.521312004908422,64,True
343,HD_10647_B6,A002_Xb39557_X3789_spw19,6,15625000.0,coarse,86,128,64,2,0.4,1,0.005878541065174795,6.645663585068861,64,True
344,HD_10647_B6,A002_Xb39557_X3789_spw19,6,15625000.0,coarse,86,128,64,2,0.4,2,0.005878541065174795,7.185991678127254,64,True
345,HD_10647_B6,A002_Xb39557_X3789_spw19,6,15625000.0,coarse,86,128,64,2,0.4,3,0.005878541065174795,6.57669280462894,64,True
346,HD_10647_B6,A002_Xb39557_X3789_spw19,6,15625000.0,coarse,86,128,64,2,0.4,4,0.005878541065174795,7.645021623743876,64,True
347,HD_10647_B6,A002_Xb39557_X3789_spw19,6,15625000.0,coarse,86,128,64,2,0.4,5,0.005878541065174795,6.9736282186998695,64,True
348,HD_10647_B6,A002_Xb39557_X3789_spw19,6,15625000.0,coarse,86,128,64,2,0.25,0,0.005878541065174795,4.8056261132202565,64,False
349,HD_10647_B6,A002_Xb39557_X3789_spw19,6,15625000.0,coarse,86,128,64,2,0.25,1,0.005878541065174795,4.19920889512219,64,False
350,HD_10647_B6,A002_Xb39557_X3789_spw19,6,15625000.0,coarse,86,128,64,2,0.25,2,0.005878541065174795,4.149891946478748,64,False
351,HD_10647_B6,A002_Xb39557_X3789_spw19,6,15625000.0,coarse,86,128,64,2,0.25,3,0.005878541065174795,4.732783150769802,64,False
352,HD_10647_B6,A002_Xb39557_X3789_spw19,6,15625000.0,coarse,86,128,64,2,0.25,4,0.005878541065174795,3.9520303343789416,64,False
353,HD_10647_B6,A002_Xb39557_X3789_spw19,6,15625000.0,coarse,86,128,64,2,0.25,5,0.005878541065174795,4.3086645915420245,64,False
354,HD_10647_B6,A002_Xb39557_X3789_spw19,6,15625000.0,coarse,86,128,64,2,0.1,0,0.005878541065174795,1.7072042645486307,106,False
355,HD_10647_B6,A002_Xb39557_X3789_spw19,6,15625000.0,coarse,86,128,64,2,0.1,1,0.005878541065174795,1.7657143965060464,106,False
356,HD_10647_B6,A002_Xb39557_X3789_spw19,6,15625000.0,coarse,86,128,64,2,0.1,2,0.005878541065174795,1.2528687014351079,106,False
357,HD_10647_B6,A002_Xb39557_X3789_spw19,6,15625000.0,coarse,86,128,64,2,0.1,3,0.005878541065174795,0.9659185976409562,106,False
358,HD_10647_B6,A002_Xb39557_X3789_spw19,6,15625000.0,coarse,86,128,64,2,0.1,4,0.005878541065174795,1.5964094225543919,106,False
359,HD_10647_B6,A002_Xb39557_X3789_spw19,6,15625000.0,coarse,86,128,64,2,0.1,5,0.005878541065174795,1.9314737843474652,106,False
360,HD_10647_B6,A002_Xb39557_X3789_spw19,6,15625000.0,coarse,86,128,64,3,1.0,0,0.005878541065174795,27.50898840159038,64,True
361,HD_10647_B6,A002_Xb39557_X3789_spw19,6,15625000.0,coarse,86,128,64,3,1.0,1,0.005878541065174795,27.50898840159038,64,True
362,HD_10647_B6,A002_Xb39557_X3789_spw19,6,15625000.0,coarse,86,128,64,3,1.0,2,0.005878541065174795,27.50898840159038,64,True
363,HD_10647_B6,A002_Xb39557_X3789_spw19,6,15625000.0,coarse,86,128,64,3,1.0,3,0.005878541065174795,27.50898840159038,64,True
364,HD_10647_B6,A002_Xb39557_X3789_spw19,6,15625000.0,coarse,86,128,64,3,1.0,4,0.005878541065174795,27.50898840159038,64,True
365,HD_10647_B6,A002_Xb39557_X3789_spw19,6,15625000.0,coarse,86,128,64,3,1.0,5,0.005878541065174795,27.50898840159038,64,True
366,HD_10647_B6,A002_Xb39557_X3789_spw19,6,15625000.0,coarse,86,128,64,3,0.75,0,0.005878541065174795,20.480097500305604,64,True
367,HD_10647_B6,A002_Xb39557_X3789_spw19,6,15625000.0,coarse,86,128,64,3,0.75,1,0.005878541065174795,19.4483104625197,64,True
368,HD_10647_B6,A002_Xb39557_X3789_spw19,6,15625000.0,coarse,86,128,64,3,0.75,2,0.005878541065174795,19.640663301185977,64,True
369,HD_10647_B6,A002_Xb39557_X3789_spw19,6,15625000.0,coarse,86,128,64,3,0.75,3,0.005878541065174795,20.90258487084634,64,True
370,HD_10647_B6,A002_Xb39557_X3789_spw19,6,15625000.0,coarse,86,128,64,3,0.75,4,0.005878541065174795,19.76562131887918,64,True
371,HD_10647_B6,A002_Xb39557_X3789_spw19,6,15625000.0,coarse,86,128,64,3,0.75,5,0.005878541065174795,19.25604038501867,64,True
372,HD_10647_B6,A002_Xb39557_X3789_spw19,6,15625000.0,coarse,86,128,64,3,0.5,0,0.005878541065174795,14.23275070945866,64,True
373,HD_10647_B6,A002_Xb39557_X3789_spw19,6,15625000.0,coarse,86,128,64,3,0.5,1,0.005878541065174795,14.240848909835297,64,True
374,HD_10647_B6,A002_Xb39557_X3789_spw19,6,15625000.0,coarse,86,128,64,3,0.5,2,0.005878541065174795,13.160846298441495,64,True
375,HD_10647_B6,A002_Xb39557_X3789_spw19,6,15625000.0,coarse,86,128,64,3,0.5,3,0.005878541065174795,12.913996815317404,64,True
376,HD_10647_B6,A002_Xb39557_X3789_spw19,6,15625000.0,coarse,86,128,64,3,0.5,4,0.005878541065174795,13.149175159745452,64,True
377,HD_10647_B6,A002_Xb39557_X3789_spw19,6,15625000.0,coarse,86,128,64,3,0.5,5,0.005878541065174795,10.385726325776213,64,True
378,HD_10647_B6,A002_Xb39557_X3789_spw19,6,15625000.0,coarse,86,128,64,3,0.4,0,0.005878541065174795,10.284952663241278,64,True
379,HD_10647_B6,A002_Xb39557_X3789_spw19,6,15625000.0,coarse,86,128,64,3,0.4,1,0.005878541065174795,10.173452528574687,64,True
380,HD_10647_B6,A002_Xb39557_X3789_spw19,6,15625000.0,coarse,86,128,64,3,0.4,2,0.005878541065174795,10.309916326030619,64,True
381,HD_10647_B6,A002_Xb39557_X3789_spw19,6,15625000.0,coarse,86,128,64,3,0.4,3,0.005878541065174795,10.707016546860084,64,True
382,HD_10647_B6,A002_Xb39557_X3789_spw19,6,15625000.0,coarse,86,128,64,3,0.4,4,0.005878541065174795,10.949192317532171,64,True
383,HD_10647_B6,A002_Xb39557_X3789_spw19,6,15625000.0,coarse,86,128,64,3,0.4,5,0.005878541065174795,10.1634849510843,64,True
384,HD_10647_B6,A002_Xb39557_X3789_spw19,6,15625000.0,coarse,86,128,64,3,0.25,0,0.005878541065174795,7.136591575959987,64,True
385,HD_10647_B6,A002_Xb39557_X3789_spw19,6,15625000.0,coarse,86,128,64,3,0.25,1,0.005878541065174795,6.703792221507922,64,True
386,HD_10647_B6,A002_Xb39557_X3789_spw19,6,15625000.0,coarse,86,128,64,3,0.25,2,0.005878541065174795,7.12544695120745,64,True
387,HD_10647_B6,A002_Xb39557_X3789_spw19,6,15625000.0,coarse,86,128,64,3,0.25,3,0.005878541065174795,7.1010340796327505,64,True
388,HD_10647_B6,A002_Xb39557_X3789_spw19,6,15625000.0,coarse,86,128,64,3,0.25,4,0.005878541065174795,7.355273772684279,64,True
389,HD_10647_B6,A002_Xb39557_X3789_spw19,6,15625000.0,coarse,86,128,64,3,0.25,5,0.005878541065174795,6.485454490761477,64,True
390,HD_10647_B6,A002_Xb39557_X3789_spw19,6,15625000.0,coarse,86,128,64,3,0.1,0,0.005878541065174795,2.769943674591602,106,False
391,HD_10647_B6,A002_Xb39557_X3789_spw19,6,15625000.0,coarse,86,128,64,3,0.1,1,0.005878541065174795,3.45231420855179,64,False
392,HD_10647_B6,A002_Xb39557_X3789_spw19,6,15625000.0,coarse,86,128,64,3,0.1,2,0.005878541065174795,2.8133437222602753,106,False
393,HD_10647_B6,A002_Xb39557_X3789_spw19,6,15625000.0,coarse,86,128,64,3,0.1,3,0.005878541065174795,3.4016447549892894,64,False
394,HD_10647_B6,A002_Xb39557_X3789_spw19,6,15625000.0,coarse,86,128,64,3,0.1,4,0.005878541065174795,2.75267233688307,106,False
395,HD_10647_B6,A002_Xb39557_X3789_spw19,6,15625000.0,coarse,86,128,64,3,0.1,5,0.005878541065174795,2.7690640719206687,106,False
396,HD_10647_B6,A002_Xb39557_X3789_spw19,6,15625000.0,coarse,86,128,64,4,1.0,0,0.005878541065174795,36.76250632630458,64,True
397,HD_10647_B6,A002_Xb39557_X3789_spw19,6,15625000.0,coarse,86,128,64,4,1.0,1,0.005878541065174795,36.76250632630458,64,True
398,HD_10647_B6,A002_Xb39557_X3789_spw19,6,15625000.0,coarse,86,128,64,4,1.0,2,0.005878541065174795,36.76250632630458,64,True
399,HD_10647_B6,A002_Xb39557_X3789_spw19,6,15625000.0,coarse,86,128,64,4,1.0,3,0.005878541065174795,36.76250632630458,64,True
400,HD_10647_B6,A002_Xb39557_X3789_spw19,6,15625000.0,coarse,86,128,64,4,1.0,4,0.005878541065174795,36.76250632630458,64,True
401,HD_10647_B6,A002_Xb39557_X3789_spw19,6,15625000.0,coarse,86,128,64,4,1.0,5,0.005878541065174795,36.76250632630458,64,True
402,HD_10647_B6,A002_Xb39557_X3789_spw19,6,15625000.0,coarse,86,128,64,4,0.75,0,0.005878541065174795,26.10696299734057,64,True
403,HD_10647_B6,A002_Xb39557_X3789_spw19,6,15625000.0,coarse,86,128,64,4,0.75,1,0.005878541065174795,27.18415933608508,64,True
404,HD_10647_B6,A002_Xb39557_X3789_spw19,6,15625000.0,coarse,86,128,64,4,0.75,2,0.005878541065174795,27.730190680762647,64,True
405,HD_10647_B6,A002_Xb39557_X3789_spw19,6,15625000.0,coarse,86,128,64,4,0.75,3,0.005878541065174795,26.05241596157749,64,True
406,HD_10647_B6,A002_Xb39557_X3789_spw19,6,15625000.0,coarse,86,128,64,4,0.75,4,0.005878541065174795,27.12114779245649,64,True
407,HD_10647_B6,A002_Xb39557_X3789_spw19,6,15625000.0,coarse,86,128,64,4,0.75,5,0.005878541065174795,28.094757991352218,64,True
408,HD_10647_B6,A002_Xb39557_X3789_spw19,6,15625000.0,coarse,86,128,64,4,0.5,0,0.005878541065174795,18.191912585052474,64,True
409,HD_10647_B6,A002_Xb39557_X3789_spw19,6,15625000.0,coarse,86,128,64,4,0.5,1,0.005878541065174795,17.186023206907077,64,True
410,HD_10647_B6,A002_Xb39557_X3789_spw19,6,15625000.0,coarse,86,128,64,4,0.5,2,0.005878541065174795,17.26734137454437,64,True
411,HD_10647_B6,A002_Xb39557_X3789_spw19,6,15625000.0,coarse,86,128,64,4,0.5,3,0.005878541065174795,17.475995955968195,64,True
412,HD_10647_B6,A002_Xb39557_X3789_spw19,6,15625000.0,coarse,86,128,64,4,0.5,4,0.005878541065174795,17.566790067088082,64,True
413,HD_10647_B6,A002_Xb39557_X3789_spw19,6,15625000.0,coarse,86,128,64,4,0.5,5,0.005878541065174795,16.869576086510833,64,True
414,HD_10647_B6,A002_Xb39557_X3789_spw19,6,15625000.0,coarse,86,128,64,4,0.4,0,0.005878541065174795,14.56946209669966,64,True
415,HD_10647_B6,A002_Xb39557_X3789_spw19,6,15625000.0,coarse,86,128,64,4,0.4,1,0.005878541065174795,13.663887786714193,64,True
416,HD_10647_B6,A002_Xb39557_X3789_spw19,6,15625000.0,coarse,86,128,64,4,0.4,2,0.005878541065174795,13.565512190715955,64,True
417,HD_10647_B6,A002_Xb39557_X3789_spw19,6,15625000.0,coarse,86,128,64,4,0.4,3,0.005878541065174795,14.621489846109256,64,True
418,HD_10647_B6,A002_Xb39557_X3789_spw19,6,15625000.0,coarse,86,128,64,4,0.4,4,0.005878541065174795,14.091064774197969,64,True
419,HD_10647_B6,A002_Xb39557_X3789_spw19,6,15625000.0,coarse,86,128,64,4,0.4,5,0.005878541065174795,12.916429558793483,64,True
420,HD_10647_B6,A002_Xb39557_X3789_spw19,6,15625000.0,coarse,86,128,64,4,0.25,0,0.005878541065174795,10.027145922195272,64,True
421,HD_10647_B6,A002_Xb39557_X3789_spw19,6,15625000.0,coarse,86,128,64,4,0.25,1,0.005878541065174795,9.594412248339841,64,True
422,HD_10647_B6,A002_Xb39557_X3789_spw19,6,15625000.0,coarse,86,128,64,4,0.25,2,0.005878541065174795,9.878878051216043,64,True
423,HD_10647_B6,A002_Xb39557_X3789_spw19,6,15625000.0,coarse,86,128,64,4,0.25,3,0.005878541065174795,9.63488490365918,64,True
424,HD_10647_B6,A002_Xb39557_X3789_spw19,6,15625000.0,coarse,86,128,64,4,0.25,4,0.005878541065174795,9.899032504171926,64,True
425,HD_10647_B6,A002_Xb39557_X3789_spw19,6,15625000.0,coarse,86,128,64,4,0.25,5,0.005878541065174795,8.332364718319901,64,True
426,HD_10647_B6,A002_Xb39557_X3789_spw19,6,15625000.0,coarse,86,128,64,4,0.1,0,0.005878541065174795,3.6191713565371835,64,False
427,HD_10647_B6,A002_Xb39557_X3789_spw19,6,15625000.0,coarse,86,128,64,4,0.1,1,0.005878541065174795,3.052979494612954,64,False
428,HD_10647_B6,A002_Xb39557_X3789_spw19,6,15625000.0,coarse,86,128,64,4,0.1,2,0.005878541065174795,4.253339752971521,64,False
429,HD_10647_B6,A002_Xb39557_X3789_spw19,6,15625000.0,coarse,86,128,64,4,0.1,3,0.005878541065174795,3.6824220709367164,64,False
430,HD_10647_B6,A002_Xb39557_X3789_spw19,6,15625000.0,coarse,86,128,64,4,0.1,4,0.005878541065174795,3.7442216366381262,64,False
431,HD_10647_B6,A002_Xb39557_X3789_spw19,6,15625000.0,coarse,86,128,64,4,0.1,5,0.005878541065174795,3.76036014996223,64,False
432,HD_10647_B6,A002_Xb39557_X3789_spw19,6,15625000.0,coarse,86,128,64,5,1.0,0,0.005878541065174795,46.01605443651134,64,True
433,HD_10647_B6,A002_Xb39557_X3789_spw19,6,15625000.0,coarse,86,128,64,5,1.0,1,0.005878541065174795,46.01605443651134,64,True
434,HD_10647_B6,A002_Xb39557_X3789_spw19,6,15625000.0,coarse,86,128,64,5,1.0,2,0.005878541065174795,46.01605443651134,64,True
435,HD_10647_B6,A002_Xb39557_X3789_spw19,6,15625000.0,coarse,86,128,64,5,1.0,3,0.005878541065174795,46.01605443651134,64,True
436,HD_10647_B6,A002_Xb39557_X3789_spw19,6,15625000.0,coarse,86,128,64,5,1.0,4,0.005878541065174795,46.01605443651134,64,True
437,HD_10647_B6,A002_Xb39557_X3789_spw19,6,15625000.0,coarse,86,128,64,5,1.0,5,0.005878541065174795,46.01605443651134,64,True
438,HD_10647_B6,A002_Xb39557_X3789_spw19,6,15625000.0,coarse,86,128,64,5,0.75,0,0.005878541065174795,31.234439339196218,64,True
439,HD_10647_B6,A002_Xb39557_X3789_spw19,6,15625000.0,coarse,86,128,64,5,0.75,1,0.005878541065174795,34.833831372053304,64,True
440,HD_10647_B6,A002_Xb39557_X3789_spw19,6,15625000.0,coarse,86,128,64,5,0.75,2,0.005878541065174795,34.55618188580141,64,True
441,HD_10647_B6,A002_Xb39557_X3789_spw19,6,15625000.0,coarse,86,128,64,5,0.75,3,0.005878541065174795,32.53817839623961,64,True
442,HD_10647_B6,A002_Xb39557_X3789_spw19,6,15625000.0,coarse,86,128,64,5,0.75,4,0.005878541065174795,34.739361771243104,64,True
443,HD_10647_B6,A002_Xb39557_X3789_spw19,6,15625000.0,coarse,86,128,64,5,0.75,5,0.005878541065174795,33.133425877062315,64,True
444,HD_10647_B6,A002_Xb39557_X3789_spw19,6,15625000.0,coarse,86,128,64,5,0.5,0,0.005878541065174795,23.109639824958457,64,True
445,HD_10647_B6,A002_Xb39557_X3789_spw19,6,15625000.0,coarse,86,128,64,5,0.5,1,0.005878541065174795,21.774707581297196,64,True
446,HD_10647_B6,A002_Xb39557_X3789_spw19,6,15625000.0,coarse,86,128,64,5,0.5,2,0.005878541065174795,21.710432916410397,64,True
447,HD_10647_B6,A002_Xb39557_X3789_spw19,6,15625000.0,coarse,86,128,64,5,0.5,3,0.005878541065174795,22.109984025508567,64,True
448,HD_10647_B6,A002_Xb39557_X3789_spw19,6,15625000.0,coarse,86,128,64,5,0.5,4,0.005878541065174795,21.212731071371678,64,True
449,HD_10647_B6,A002_Xb39557_X3789_spw19,6,15625000.0,coarse,86,128,64,5,0.5,5,0.005878541065174795,21.969122064213447,64,True
450,HD_10647_B6,A002_Xb39557_X3789_spw19,6,15625000.0,coarse,86,128,64,5,0.4,0,0.005878541065174795,18.809279568482104,64,True
451,HD_10647_B6,A002_Xb39557_X3789_spw19,6,15625000.0,coarse,86,128,64,5,0.4,1,0.005878541065174795,16.149783951497337,64,True
452,HD_10647_B6,A002_Xb39557_X3789_spw19,6,15625000.0,coarse,86,128,64,5,0.4,2,0.005878541065174795,15.847651538531716,64,True
453,HD_10647_B6,A002_Xb39557_X3789_spw19,6,15625000.0,coarse,86,128,64,5,0.4,3,0.005878541065174795,19.066374412287182,64,True
454,HD_10647_B6,A002_Xb39557_X3789_spw19,6,15625000.0,coarse,86,128,64,5,0.4,4,0.005878541065174795,17.73243082675246,64,True
455,HD_10647_B6,A002_Xb39557_X3789_spw19,6,15625000.0,coarse,86,128,64,5,0.4,5,0.005878541065174795,17.91849658662599,64,True
456,HD_10647_B6,A002_Xb39557_X3789_spw19,6,15625000.0,coarse,86,128,64,5,0.25,0,0.005878541065174795,11.040546851159597,64,True
457,HD_10647_B6,A002_Xb39557_X3789_spw19,6,15625000.0,coarse,86,128,64,5,0.25,1,0.005878541065174795,10.949523270034181,64,True
458,HD_10647_B6,A002_Xb39557_X3789_spw19,6,15625000.0,coarse,86,128,64,5,0.25,2,0.005878541065174795,9.451125116786603,64,True
459,HD_10647_B6,A002_Xb39557_X3789_spw19,6,15625000.0,coarse,86,128,64,5,0.25,3,0.005878541065174795,11.677670546168109,64,True
460,HD_10647_B6,A002_Xb39557_X3789_spw19,6,15625000.0,coarse,86,128,64,5,0.25,4,0.005878541065174795,10.467023378906669,64,True
461,HD_10647_B6,A002_Xb39557_X3789_spw19,6,15625000.0,coarse,86,128,64,5,0.25,5,0.005878541065174795,11.555808915161554,64,True
462,HD_10647_B6,A002_Xb39557_X3789_spw19,6,15625000.0,coarse,86,128,64,5,0.1,0,0.005878541065174795,4.869302475668927,64,False
463,HD_10647_B6,A002_Xb39557_X3789_spw19,6,15625000.0,coarse,86,128,64,5,0.1,1,0.005878541065174795,4.722204987027814,64,False
464,HD_10647_B6,A002_Xb39557_X3789_spw19,6,15625000.0,coarse,86,128,64,5,0.1,2,0.005878541065174795,4.626418899002142,64,False
465,HD_10647_B6,A002_Xb39557_X3789_spw19,6,15625000.0,coarse,86,128,64,5,0.1,3,0.005878541065174795,5.230560594227787,64,True
466,HD_10647_B6,A002_Xb39557_X3789_spw19,6,15625000.0,coarse,86,128,64,5,0.1,4,0.005878541065174795,3.9607967017035635,64,False
467,HD_10647_B6,A002_Xb39557_X3789_spw19,6,15625000.0,coarse,86,128,64,5,0.1,5,0.005878541065174795,4.216763189347229,64,False
468,HD_10647_B6,A002_Xb39557_X3789_spw19,6,15625000.0,coarse,86,128,64,6,1.0,0,0.005878541065174795,55.27285884636084,64,True
469,HD_10647_B6,A002_Xb39557_X3789_spw19,6,15625000.0,coarse,86,128,64,6,1.0,1,0.005878541065174795,55.27285884636084,64,True
470,HD_10647_B6,A002_Xb39557_X3789_spw19,6,15625000.0,coarse,86,128,64,6,1.0,2,0.005878541065174795,55.27285884636084,64,True
471,HD_10647_B6,A002_Xb39557_X3789_spw19,6,15625000.0,coarse,86,128,64,6,1.0,3,0.005878541065174795,55.27285884636084,64,True
472,HD_10647_B6,A002_Xb39557_X3789_spw19,6,15625000.0,coarse,86,128,64,6,1.0,4,0.005878541065174795,55.27285884636084,64,True
473,HD_10647_B6,A002_Xb39557_X3789_spw19,6,15625000.0,coarse,86,128,64,6,1.0,5,0.005878541065174795,55.27285884636084,64,True
474,HD_10647_B6,A002_Xb39557_X3789_spw19,6,15625000.0,coarse,86,128,64,6,0.75,0,0.005878541065174795,40.916219921027306,64,True
475,HD_10647_B6,A002_Xb39557_X3789_spw19,6,15625000.0,coarse,86,128,64,6,0.75,1,0.005878541065174795,40.59767980115792,64,True
476,HD_10647_B6,A002_Xb39557_X3789_spw19,6,15625000.0,coarse,86,128,64,6,0.75,2,0.005878541065174795,39.63308365512883,64,True
477,HD_10647_B6,A002_Xb39557_X3789_spw19,6,15625000.0,coarse,86,128,64,6,0.75,3,0.005878541065174795,38.957470545681794,64,True
478,HD_10647_B6,A002_Xb39557_X3789_spw19,6,15625000.0,coarse,86,128,64,6,0.75,4,0.005878541065174795,39.398450577788566,64,True
479,HD_10647_B6,A002_Xb39557_X3789_spw19,6,15625000.0,coarse,86,128,64,6,0.75,5,0.005878541065174795,39.38671363836062,64,True
480,HD_10647_B6,A002_Xb39557_X3789_spw19,6,15625000.0,coarse,86,128,64,6,0.5,0,0.005878541065174795,28.235867084559235,64,True
481,HD_10647_B6,A002_Xb39557_X3789_spw19,6,15625000.0,coarse,86,128,64,6,0.5,1,0.005878541065174795,25.895951210402007,64,True
482,HD_10647_B6,A002_Xb39557_X3789_spw19,6,15625000.0,coarse,86,128,64,6,0.5,2,0.005878541065174795,22.84524810540891,64,True
483,HD_10647_B6,A002_Xb39557_X3789_spw19,6,15625000.0,coarse,86,128,64,6,0.5,3,0.005878541065174795,26.36163946130349,64,True
484,HD_10647_B6,A002_Xb39557_X3789_spw19,6,15625000.0,coarse,86,128,64,6,0.5,4,0.005878541065174795,27.984020522212596,64,True
485,HD_10647_B6,A002_Xb39557_X3789_spw19,6,15625000.0,coarse,86,128,64,6,0.5,5,0.005878541065174795,26.445245555660446,64,True
486,HD_10647_B6,A002_Xb39557_X3789_spw19,6,15625000.0,coarse,86,128,64,6,0.4,0,0.005878541065174795,21.579236404574615,64,True
487,HD_10647_B6,A002_Xb39557_X3789_spw19,6,15625000.0,coarse,86,128,64,6,0.4,1,0.005878541065174795,18.938090668235727,64,True
488,HD_10647_B6,A002_Xb39557_X3789_spw19,6,15625000.0,coarse,86,128,64,6,0.4,2,0.005878541065174795,19.156750120071557,64,True
489,HD_10647_B6,A002_Xb39557_X3789_spw19,6,15625000.0,coarse,86,128,64,6,0.4,3,0.005878541065174795,20.949324332356213,64,True
490,HD_10647_B6,A002_Xb39557_X3789_spw19,6,15625000.0,coarse,86,128,64,6,0.4,4,0.005878541065174795,23.223783400503148,64,True
491,HD_10647_B6,A002_Xb39557_X3789_spw19,6,15625000.0,coarse,86,128,64,6,0.4,5,0.005878541065174795,19.62408189557956,64,True
492,HD_10647_B6,A002_Xb39557_X3789_spw19,6,15625000.0,coarse,86,128,64,6,0.25,0,0.005878541065174795,16.116941353935864,64,True
493,HD_10647_B6,A002_Xb39557_X3789_spw19,6,15625000.0,coarse,86,128,64,6,0.25,1,0.005878541065174795,13.010423132954154,64,True
494,HD_10647_B6,A002_Xb39557_X3789_spw19,6,15625000.0,coarse,86,128,64,6,0.25,2,0.005878541065174795,11.660501198232458,64,True
495,HD_10647_B6,A002_Xb39557_X3789_spw19,6,15625000.0,coarse,86,128,64,6,0.25,3,0.005878541065174795,13.779722658154695,64,True
496,HD_10647_B6,A002_Xb39557_X3789_spw19,6,15625000.0,coarse,86,128,64,6,0.25,4,0.005878541065174795,14.047662271255454,64,True
497,HD_10647_B6,A002_Xb39557_X3789_spw19,6,15625000.0,coarse,86,128,64,6,0.25,5,0.005878541065174795,13.20426746955684,64,True
498,HD_10647_B6,A002_Xb39557_X3789_spw19,6,15625000.0,coarse,86,128,64,6,0.1,0,0.005878541065174795,4.718873706638272,64,False
499,HD_10647_B6,A002_Xb39557_X3789_spw19,6,15625000.0,coarse,86,128,64,6,0.1,1,0.005878541065174795,7.013636013655046,64,True
500,HD_10647_B6,A002_Xb39557_X3789_spw19,6,15625000.0,coarse,86,128,64,6,0.1,2,0.005878541065174795,5.648573653415992,64,True
501,HD_10647_B6,A002_Xb39557_X3789_spw19,6,15625000.0,coarse,86,128,64,6,0.1,3,0.005878541065174795,6.371479098446366,64,True
502,HD_10647_B6,A002_Xb39557_X3789_spw19,6,15625000.0,coarse,86,128,64,6,0.1,4,0.005878541065174795,6.201783932033802,64,True
503,HD_10647_B6,A002_Xb39557_X3789_spw19,6,15625000.0,coarse,86,128,64,6,0.1,5,0.005878541065174795,7.115592662023121,64,True
504,HD_10647_B6,A002_Xb39557_X3789_spw19,6,15625000.0,coarse,86,128,64,8,1.0,0,0.005878541065174795,73.78192660234662,64,True
505,HD_10647_B6,A002_Xb39557_X3789_spw19,6,15625000.0,coarse,86,128,64,8,1.0,1,0.005878541065174795,73.78192660234662,64,True
506,HD_10647_B6,A002_Xb39557_X3789_spw19,6,15625000.0,coarse,86,128,64,8,1.0,2,0.005878541065174795,73.78192660234662,64,True
507,HD_10647_B6,A002_Xb39557_X3789_spw19,6,15625000.0,coarse,86,128,64,8,1.0,3,0.005878541065174795,73.78192660234662,64,True
508,HD_10647_B6,A002_Xb39557_X3789_spw19,6,15625000.0,coarse,86,128,64,8,1.0,4,0.005878541065174795,73.78192660234662,64,True
509,HD_10647_B6,A002_Xb39557_X3789_spw19,6,15625000.0,coarse,86,128,64,8,1.0,5,0.005878541065174795,73.78192660234662,64,True
510,HD_10647_B6,A002_Xb39557_X3789_spw19,6,15625000.0,coarse,86,128,64,8,0.75,0,0.005878541065174795,55.22253552245132,64,True
511,HD_10647_B6,A002_Xb39557_X3789_spw19,6,15625000.0,coarse,86,128,64,8,0.75,1,0.005878541065174795,54.590922549847704,64,True
512,HD_10647_B6,A002_Xb39557_X3789_spw19,6,15625000.0,coarse,86,128,64,8,0.75,2,0.005878541065174795,50.88672293310977,64,True
513,HD_10647_B6,A002_Xb39557_X3789_spw19,6,15625000.0,coarse,86,128,64,8,0.75,3,0.005878541065174795,50.38694218890206,64,True
514,HD_10647_B6,A002_Xb39557_X3789_spw19,6,15625000.0,coarse,86,128,64,8,0.75,4,0.005878541065174795,52.44614656054476,64,True
515,HD_10647_B6,A002_Xb39557_X3789_spw19,6,15625000.0,coarse,86,128,64,8,0.75,5,0.005878541065174795,56.51781605848908,64,True
516,HD_10647_B6,A002_Xb39557_X3789_spw19,6,15625000.0,coarse,86,128,64,8,0.5,0,0.005878541065174795,33.14134978431707,64,True
517,HD_10647_B6,A002_Xb39557_X3789_spw19,6,15625000.0,coarse,86,128,64,8,0.5,1,0.005878541065174795,39.740454521371106,64,True
518,HD_10647_B6,A002_Xb39557_X3789_spw19,6,15625000.0,coarse,86,128,64,8,0.5,2,0.005878541065174795,32.91416392786232,64,True
519,HD_10647_B6,A002_Xb39557_X3789_spw19,6,15625000.0,coarse,86,128,64,8,0.5,3,0.005878541065174795,34.07860740367413,64,True
520,HD_10647_B6,A002_Xb39557_X3789_spw19,6,15625000.0,coarse,86,128,64,8,0.5,4,0.005878541065174795,37.774316333276865,64,True
521,HD_10647_B6,A002_Xb39557_X3789_spw19,6,15625000.0,coarse,86,128,64,8,0.5,5,0.005878541065174795,36.195959392431824,64,True
522,HD_10647_B6,A002_Xb39557_X3789_spw19,6,15625000.0,coarse,86,128,64,8,0.4,0,0.005878541065174795,27.931455966650212,64,True
523,HD_10647_B6,A002_Xb39557_X3789_spw19,6,15625000.0,coarse,86,128,64,8,0.4,1,0.005878541065174795,26.477102726647004,64,True
524,HD_10647_B6,A002_Xb39557_X3789_spw19,6,15625000.0,coarse,86,128,64,8,0.4,2,0.005878541065174795,27.73538659152096,64,True
525,HD_10647_B6,A002_Xb39557_X3789_spw19,6,15625000.0,coarse,86,128,64,8,0.4,3,0.005878541065174795,29.78375628999773,64,True
526,HD_10647_B6,A002_Xb39557_X3789_spw19,6,15625000.0,coarse,86,128,64,8,0.4,4,0.005878541065174795,27.622674870064603,64,True
527,HD_10647_B6,A002_Xb39557_X3789_spw19,6,15625000.0,coarse,86,128,64,8,0.4,5,0.005878541065174795,30.602116703288647,64,True
528,HD_10647_B6,A002_Xb39557_X3789_spw19,6,15625000.0,coarse,86,128,64,8,0.25,0,0.005878541065174795,17.37249322959068,64,True
529,HD_10647_B6,A002_Xb39557_X3789_spw19,6,15625000.0,coarse,86,128,64,8,0.25,1,0.005878541065174795,14.867628014190014,64,True
530,HD_10647_B6,A002_Xb39557_X3789_spw19,6,15625000.0,coarse,86,128,64,8,0.25,2,0.005878541065174795,18.18231682821765,64,True
531,HD_10647_B6,A002_Xb39557_X3789_spw19,6,15625000.0,coarse,86,128,64,8,0.25,3,0.005878541065174795,17.809752954329813,64,True
532,HD_10647_B6,A002_Xb39557_X3789_spw19,6,15625000.0,coarse,86,128,64,8,0.25,4,0.005878541065174795,18.585999412666553,64,True
533,HD_10647_B6,A002_Xb39557_X3789_spw19,6,15625000.0,coarse,86,128,64,8,0.25,5,0.005878541065174795,19.077320801985838,64,True
534,HD_10647_B6,A002_Xb39557_X3789_spw19,6,15625000.0,coarse,86,128,64,8,0.1,0,0.005878541065174795,8.631930215046049,64,True
535,HD_10647_B6,A002_Xb39557_X3789_spw19,6,15625000.0,coarse,86,128,64,8,0.1,1,0.005878541065174795,7.499234518229712,64,True
536,HD_10647_B6,A002_Xb39557_X3789_spw19,6,15625000.0,coarse,86,128,64,8,0.1,2,0.005878541065174795,7.149769775441212,64,True
537,HD_10647_B6,A002_Xb39557_X3789_spw19,6,15625000.0,coarse,86,128,64,8,0.1,3,0.005878541065174795,9.903796091711548,64,True
538,HD_10647_B6,A002_Xb39557_X3789_spw19,6,15625000.0,coarse,86,128,64,8,0.1,4,0.005878541065174795,7.349187398421173,64,True
539,HD_10647_B6,A002_Xb39557_X3789_spw19,6,15625000.0,coarse,86,128,64,8,0.1,5,0.005878541065174795,7.897831621532902,64,True
540,HD_10647_B6,A002_Xb39557_X3789_spw19,6,15625000.0,coarse,86,128,64,10,1.0,0,0.005878541065174795,92.29001626924322,64,True
541,HD_10647_B6,A002_Xb39557_X3789_spw19,6,15625000.0,coarse,86,128,64,10,1.0,1,0.005878541065174795,92.29001626924322,64,True
542,HD_10647_B6,A002_Xb39557_X3789_spw19,6,15625000.0,coarse,86,128,64,10,1.0,2,0.005878541065174795,92.29001626924322,64,True
543,HD_10647_B6,A002_Xb39557_X3789_spw19,6,15625000.0,coarse,86,128,64,10,1.0,3,0.005878541065174795,92.29001626924322,64,True
544,HD_10647_B6,A002_Xb39557_X3789_spw19,6,15625000.0,coarse,86,128,64,10,1.0,4,0.005878541065174795,92.29001626924322,64,True
545,HD_10647_B6,A002_Xb39557_X3789_spw19,6,15625000.0,coarse,86,128,64,10,1.0,5,0.005878541065174795,92.29001626924322,64,True
546,HD_10647_B6,A002_Xb39557_X3789_spw19,6,15625000.0,coarse,86,128,64,10,0.75,0,0.005878541065174795,68.94811432038236,64,True
547,HD_10647_B6,A002_Xb39557_X3789_spw19,6,15625000.0,coarse,86,128,64,10,0.75,1,0.005878541065174795,67.18709920245033,64,True
548,HD_10647_B6,A002_Xb39557_X3789_spw19,6,15625000.0,coarse,86,128,64,10,0.75,2,0.005878541065174795,70.87926485970274,64,True
549,HD_10647_B6,A002_Xb39557_X3789_spw19,6,15625000.0,coarse,86,128,64,10,0.75,3,0.005878541065174795,70.25912539037995,64,True
550,HD_10647_B6,A002_Xb39557_X3789_spw19,6,15625000.0,coarse,86,128,64,10,0.75,4,0.005878541065174795,70.85499998946213,64,True
551,HD_10647_B6,A002_Xb39557_X3789_spw19,6,15625000.0,coarse,86,128,64,10,0.75,5,0.005878541065174795,66.40915383263142,64,True
552,HD_10647_B6,A002_Xb39557_X3789_spw19,6,15625000.0,coarse,86,128,64,10,0.5,0,0.005878541065174795,42.32943397017418,64,True
553,HD_10647_B6,A002_Xb39557_X3789_spw19,6,15625000.0,coarse,86,128,64,10,0.5,1,0.005878541065174795,40.88782293186734,64,True
554,HD_10647_B6,A002_Xb39557_X3789_spw19,6,15625000.0,coarse,86,128,64,10,0.5,2,0.005878541065174795,46.65626407788645,64,True
555,HD_10647_B6,A002_Xb39557_X3789_spw19,6,15625000.0,coarse,86,128,64,10,0.5,3,0.005878541065174795,39.29251456334391,64,True
556,HD_10647_B6,A002_Xb39557_X3789_spw19,6,15625000.0,coarse,86,128,64,10,0.5,4,0.005878541065174795,42.502706401727906,64,True
557,HD_10647_B6,A002_Xb39557_X3789_spw19,6,15625000.0,coarse,86,128,64,10,0.5,5,0.005878541065174795,43.37066375717401,64,True
558,HD_10647_B6,A002_Xb39557_X3789_spw19,6,15625000.0,coarse,86,128,64,10,0.4,0,0.005878541065174795,38.16853721868383,64,True
559,HD_10647_B6,A002_Xb39557_X3789_spw19,6,15625000.0,coarse,86,128,64,10,0.4,1,0.005878541065174795,42.057220148472666,64,True
560,HD_10647_B6,A002_Xb39557_X3789_spw19,6,15625000.0,coarse,86,128,64,10,0.4,2,0.005878541065174795,41.006895153102235,64,True
561,HD_10647_B6,A002_Xb39557_X3789_spw19,6,15625000.0,coarse,86,128,64,10,0.4,3,0.005878541065174795,35.84343019150974,64,True
562,HD_10647_B6,A002_Xb39557_X3789_spw19,6,15625000.0,coarse,86,128,64,10,0.4,4,0.005878541065174795,37.272343993404924,64,True
563,HD_10647_B6,A002_Xb39557_X3789_spw19,6,15625000.0,coarse,86,128,64,10,0.4,5,0.005878541065174795,34.44229541563474,64,True
564,HD_10647_B6,A002_Xb39557_X3789_spw19,6,15625000.0,coarse,86,128,64,10,0.25,0,0.005878541065174795,19.673276542178332,64,True
565,HD_10647_B6,A002_Xb39557_X3789_spw19,6,15625000.0,coarse,86,128,64,10,0.25,1,0.005878541065174795,20.800303777836863,64,True
566,HD_10647_B6,A002_Xb39557_X3789_spw19,6,15625000.0,coarse,86,128,64,10,0.25,2,0.005878541065174795,20.42782540807012,64,True
567,HD_10647_B6,A002_Xb39557_X3789_spw19,6,15625000.0,coarse,86,128,64,10,0.25,3,0.005878541065174795,23.72946922549865,64,True
568,HD_10647_B6,A002_Xb39557_X3789_spw19,6,15625000.0,coarse,86,128,64,10,0.25,4,0.005878541065174795,24.216351348770708,64,True
569,HD_10647_B6,A002_Xb39557_X3789_spw19,6,15625000.0,coarse,86,128,64,10,0.25,5,0.005878541065174795,22.529121258061437,64,True
570,HD_10647_B6,A002_Xb39557_X3789_spw19,6,15625000.0,coarse,86,128,64,10,0.1,0,0.005878541065174795,9.139992159086825,64,True
571,HD_10647_B6,A002_Xb39557_X3789_spw19,6,15625000.0,coarse,86,128,64,10,0.1,1,0.005878541065174795,8.183631628509652,64,True
572,HD_10647_B6,A002_Xb39557_X3789_spw19,6,15625000.0,coarse,86,128,64,10,0.1,2,0.005878541065174795,9.356783312690935,64,True
573,HD_10647_B6,A002_Xb39557_X3789_spw19,6,15625000.0,coarse,86,128,64,10,0.1,3,0.005878541065174795,10.966446070268963,64,True
574,HD_10647_B6,A002_Xb39557_X3789_spw19,6,15625000.0,coarse,86,128,64,10,0.1,4,0.005878541065174795,9.41196186871099,64,True
575,HD_10647_B6,A002_Xb39557_X3789_spw19,6,15625000.0,coarse,86,128,64,10,0.1,5,0.005878541065174795,5.829529243203646,64,True
576,HD_10647_B6,A002_Xb39557_X3789_spw19,6,15625000.0,coarse,86,128,64,15,1.0,0,0.005878541065174795,138.5602404364847,64,True
577,HD_10647_B6,A002_Xb39557_X3789_spw19,6,15625000.0,coarse,86,128,64,15,1.0,1,0.005878541065174795,138.5602404364847,64,True
578,HD_10647_B6,A002_Xb39557_X3789_spw19,6,15625000.0,coarse,86,128,64,15,1.0,2,0.005878541065174795,138.5602404364847,64,True
579,HD_10647_B6,A002_Xb39557_X3789_spw19,6,15625000.0,coarse,86,128,64,15,1.0,3,0.005878541065174795,138.5602404364847,64,True
580,HD_10647_B6,A002_Xb39557_X3789_spw19,6,15625000.0,coarse,86,128,64,15,1.0,4,0.005878541065174795,138.5602404364847,64,True
581,HD_10647_B6,A002_Xb39557_X3789_spw19,6,15625000.0,coarse,86,128,64,15,1.0,5,0.005878541065174795,138.5602404364847,64,True
582,HD_10647_B6,A002_Xb39557_X3789_spw19,6,15625000.0,coarse,86,128,64,15,0.75,0,0.005878541065174795,104.35881534471285,64,True
583,HD_10647_B6,A002_Xb39557_X3789_spw19,6,15625000.0,coarse,86,128,64,15,0.75,1,0.005878541065174795,106.3674715129972,64,True
584,HD_10647_B6,A002_Xb39557_X3789_spw19,6,15625000.0,coarse,86,128,64,15,0.75,2,0.005878541065174795,102.96102161571756,64,True
585,HD_10647_B6,A002_Xb39557_X3789_spw19,6,15625000.0,coarse,86,128,64,15,0.75,3,0.005878541065174795,98.00062200464576,64,True
586,HD_10647_B6,A002_Xb39557_X3789_spw19,6,15625000.0,coarse,86,128,64,15,0.75,4,0.005878541065174795,103.58213052521795,64,True
587,HD_10647_B6,A002_Xb39557_X3789_spw19,6,15625000.0,coarse,86,128,64,15,0.75,5,0.005878541065174795,103.6096458461067,64,True
588,HD_10647_B6,A002_Xb39557_X3789_spw19,6,15625000.0,coarse,86,128,64,15,0.5,0,0.005878541065174795,71.67891834828583,64,True
589,HD_10647_B6,A002_Xb39557_X3789_spw19,6,15625000.0,coarse,86,128,64,15,0.5,1,0.005878541065174795,63.68680045093637,64,True
590,HD_10647_B6,A002_Xb39557_X3789_spw19,6,15625000.0,coarse,86,128,64,15,0.5,2,0.005878541065174795,68.58814902802635,64,True
591,HD_10647_B6,A002_Xb39557_X3789_spw19,6,15625000.0,coarse,86,128,64,15,0.5,3,0.005878541065174795,68.35634568436858,64,True
592,HD_10647_B6,A002_Xb39557_X3789_spw19,6,15625000.0,coarse,86,128,64,15,0.5,4,0.005878541065174795,69.98479708045244,64,True
593,HD_10647_B6,A002_Xb39557_X3789_spw19,6,15625000.0,coarse,86,128,64,15,0.5,5,0.005878541065174795,63.53357864005204,64,True
594,HD_10647_B6,A002_Xb39557_X3789_spw19,6,15625000.0,coarse,86,128,64,15,0.4,0,0.005878541065174795,53.54588089725582,64,True
595,HD_10647_B6,A002_Xb39557_X3789_spw19,6,15625000.0,coarse,86,128,64,15,0.4,1,0.005878541065174795,51.14357990898493,64,True
596,HD_10647_B6,A002_Xb39557_X3789_spw19,6,15625000.0,coarse,86,128,64,15,0.4,2,0.005878541065174795,57.039675436618566,64,True
597,HD_10647_B6,A002_Xb39557_X3789_spw19,6,15625000.0,coarse,86,128,64,15,0.4,3,0.005878541065174795,51.868745612673514,64,True
598,HD_10647_B6,A002_Xb39557_X3789_spw19,6,15625000.0,coarse,86,128,64,15,0.4,4,0.005878541065174795,46.14247677744212,64,True
599,HD_10647_B6,A002_Xb39557_X3789_spw19,6,15625000.0,coarse,86,128,64,15,0.4,5,0.005878541065174795,56.03872030454714,64,True
600,HD_10647_B6,A002_Xb39557_X3789_spw19,6,15625000.0,coarse,86,128,64,15,0.25,0,0.005878541065174795,30.195155202816252,64,True
601,HD_10647_B6,A002_Xb39557_X3789_spw19,6,15625000.0,coarse,86,128,64,15,0.25,1,0.005878541065174795,34.43736897671158,64,True
602,HD_10647_B6,A002_Xb39557_X3789_spw19,6,15625000.0,coarse,86,128,64,15,0.25,2,0.005878541065174795,30.266717160339617,64,True
603,HD_10647_B6,A002_Xb39557_X3789_spw19,6,15625000.0,coarse,86,128,64,15,0.25,3,0.005878541065174795,37.10766032151809,64,True
604,HD_10647_B6,A002_Xb39557_X3789_spw19,6,15625000.0,coarse,86,128,64,15,0.25,4,0.005878541065174795,34.213480513089,64,True
605,HD_10647_B6,A002_Xb39557_X3789_spw19,6,15625000.0,coarse,86,128,64,15,0.25,5,0.005878541065174795,30.761456710088755,64,True
606,HD_10647_B6,A002_Xb39557_X3789_spw19,6,15625000.0,coarse,86,128,64,15,0.1,0,0.005878541065174795,12.984989810487983,64,True
607,HD_10647_B6,A002_Xb39557_X3789_spw19,6,15625000.0,coarse,86,128,64,15,0.1,1,0.005878541065174795,12.688697705882355,64,True
608,HD_10647_B6,A002_Xb39557_X3789_spw19,6,15625000.0,coarse,86,128,64,15,0.1,2,0.005878541065174795,18.63124368138733,64,True
609,HD_10647_B6,A002_Xb39557_X3789_spw19,6,15625000.0,coarse,86,128,64,15,0.1,3,0.005878541065174795,15.802396777609063,64,True
610,HD_10647_B6,A002_Xb39557_X3789_spw19,6,15625000.0,coarse,86,128,64,15,0.1,4,0.005878541065174795,8.458124659612702,64,True
611,HD_10647_B6,A002_Xb39557_X3789_spw19,6,15625000.0,coarse,86,128,64,15,0.1,5,0.005878541065174795,18.19654847474608,64,True
612,HD_10647_B6,A002_Xb39557_X3789_spw19,6,15625000.0,coarse,86,128,64,20,1.0,0,0.005878541065174795,184.83046460372617,64,True
613,HD_10647_B6,A002_Xb39557_X3789_spw19,6,15625000.0,coarse,86,128,64,20,1.0,1,0.005878541065174795,184.83046460372617,64,True
614,HD_10647_B6,A002_Xb39557_X3789_spw19,6,15625000.0,coarse,86,128,64,20,1.0,2,0.005878541065174795,184.83046460372617,64,True
615,HD_10647_B6,A002_Xb39557_X3789_spw19,6,15625000.0,coarse,86,128,64,20,1.0,3,0.005878541065174795,184.83046460372617,64,True
616,HD_10647_B6,A002_Xb39557_X3789_spw19,6,15625000.0,coarse,86,128,64,20,1.0,4,0.005878541065174795,184.83046460372617,64,True
617,HD_10647_B6,A002_Xb39557_X3789_spw19,6,15625000.0,coarse,86,128,64,20,1.0,5,0.005878541065174795,184.83046460372617,64,True
618,HD_10647_B6,A002_Xb39557_X3789_spw19,6,15625000.0,coarse,86,128,64,20,0.75,0,0.005878541065174795,137.99751502468916,64,True
619,HD_10647_B6,A002_Xb39557_X3789_spw19,6,15625000.0,coarse,86,128,64,20,0.75,1,0.005878541065174795,132.12738245539998,64,True
620,HD_10647_B6,A002_Xb39557_X3789_spw19,6,15625000.0,coarse,86,128,64,20,0.75,2,0.005878541065174795,134.13367434424305,64,True
621,HD_10647_B6,A002_Xb39557_X3789_spw19,6,15625000.0,coarse,86,128,64,20,0.75,3,0.005878541065174795,134.37327209750325,64,True
622,HD_10647_B6,A002_Xb39557_X3789_spw19,6,15625000.0,coarse,86,128,64,20,0.75,4,0.005878541065174795,131.51851803056138,64,True
623,HD_10647_B6,A002_Xb39557_X3789_spw19,6,15625000.0,coarse,86,128,64,20,0.75,5,0.005878541065174795,140.94366120661917,64,True
624,HD_10647_B6,A002_Xb39557_X3789_spw19,6,15625000.0,coarse,86,128,64,20,0.5,0,0.005878541065174795,89.34003059667067,64,True
625,HD_10647_B6,A002_Xb39557_X3789_spw19,6,15625000.0,coarse,86,128,64,20,0.5,1,0.005878541065174795,92.29732361000991,64,True
626,HD_10647_B6,A002_Xb39557_X3789_spw19,6,15625000.0,coarse,86,128,64,20,0.5,2,0.005878541065174795,87.77099863689087,64,True
627,HD_10647_B6,A002_Xb39557_X3789_spw19,6,15625000.0,coarse,86,128,64,20,0.5,3,0.005878541065174795,97.44805645676156,64,True
628,HD_10647_B6,A002_Xb39557_X3789_spw19,6,15625000.0,coarse,86,128,64,20,0.5,4,0.005878541065174795,82.73635027447207,64,True
629,HD_10647_B6,A002_Xb39557_X3789_spw19,6,15625000.0,coarse,86,128,64,20,0.5,5,0.005878541065174795,97.80323287789795,64,True
630,HD_10647_B6,A002_Xb39557_X3789_spw19,6,15625000.0,coarse,86,128,64,20,0.4,0,0.005878541065174795,68.74336811676211,64,True
631,HD_10647_B6,A002_Xb39557_X3789_spw19,6,15625000.0,coarse,86,128,64,20,0.4,1,0.005878541065174795,70.7456098727495,64,True
632,HD_10647_B6,A002_Xb39557_X3789_spw19,6,15625000.0,coarse,86,128,64,20,0.4,2,0.005878541065174795,71.58923019019436,64,True
633,HD_10647_B6,A002_Xb39557_X3789_spw19,6,15625000.0,coarse,86,128,64,20,0.4,3,0.005878541065174795,68.67170698984204,64,True
634,HD_10647_B6,A002_Xb39557_X3789_spw19,6,15625000.0,coarse,86,128,64,20,0.4,4,0.005878541065174795,62.88191734741173,64,True
635,HD_10647_B6,A002_Xb39557_X3789_spw19,6,15625000.0,coarse,86,128,64,20,0.4,5,0.005878541065174795,64.92409206866586,64,True
636,HD_10647_B6,A002_Xb39557_X3789_spw19,6,15625000.0,coarse,86,128,64,20,0.25,0,0.005878541065174795,45.03613762187177,64,True
637,HD_10647_B6,A002_Xb39557_X3789_spw19,6,15625000.0,coarse,86,128,64,20,0.25,1,0.005878541065174795,47.51254696421721,64,True
638,HD_10647_B6,A002_Xb39557_X3789_spw19,6,15625000.0,coarse,86,128,64,20,0.25,2,0.005878541065174795,44.39852453023229,64,True
639,HD_10647_B6,A002_Xb39557_X3789_spw19,6,15625000.0,coarse,86,128,64,20,0.25,3,0.005878541065174795,49.27711403751322,64,True
640,HD_10647_B6,A002_Xb39557_X3789_spw19,6,15625000.0,coarse,86,128,64,20,0.25,4,0.005878541065174795,41.34289016589186,64,True
641,HD_10647_B6,A002_Xb39557_X3789_spw19,6,15625000.0,coarse,86,128,64,20,0.25,5,0.005878541065174795,47.95371547890123,64,True
642,HD_10647_B6,A002_Xb39557_X3789_spw19,6,15625000.0,coarse,86,128,64,20,0.1,0,0.005878541065174795,19.14602713543933,64,True
643,HD_10647_B6,A002_Xb39557_X3789_spw19,6,15625000.0,coarse,86,128,64,20,0.1,1,0.005878541065174795,18.37742898606423,64,True
644,HD_10647_B6,A002_Xb39557_X3789_spw19,6,15625000.0,coarse,86,128,64,20,0.1,2,0.005878541065174795,13.982106089806965,64,True
645,HD_10647_B6,A002_Xb39557_X3789_spw19,6,15625000.0,coarse,86,128,64,20,0.1,3,0.005878541065174795,21.973181840745,64,True
646,HD_10647_B6,A002_Xb39557_X3789_spw19,6,15625000.0,coarse,86,128,64,20,0.1,4,0.005878541065174795,17.19643758162526,64,True
647,HD_10647_B6,A002_Xb39557_X3789_spw19,6,15625000.0,coarse,86,128,64,20,0.1,5,0.005878541065174795,16.44317490465342,64,True
648,LP__349-25_B3,A002_Xb9a2bb_X1899_spw17,3,15625000.0,coarse,1314,128,64,2,1.0,0,0.0044804366884811314,59.864443855245746,64,True
649,LP__349-25_B3,A002_Xb9a2bb_X1899_spw17,3,15625000.0,coarse,1314,128,64,2,1.0,1,0.0044804366884811314,59.864443855245746,64,True
650,LP__349-25_B3,A002_Xb9a2bb_X1899_spw17,3,15625000.0,coarse,1314,128,64,2,1.0,2,0.0044804366884811314,59.864443855245746,64,True
651,LP__349-25_B3,A002_Xb9a2bb_X1899_spw17,3,15625000.0,coarse,1314,128,64,2,1.0,3,0.0044804366884811314,59.864443855245746,64,True
652,LP__349-25_B3,A002_Xb9a2bb_X1899_spw17,3,15625000.0,coarse,1314,128,64,2,1.0,4,0.0044804366884811314,59.864443855245746,64,True
653,LP__349-25_B3,A002_Xb9a2bb_X1899_spw17,3,15625000.0,coarse,1314,128,64,2,1.0,5,0.0044804366884811314,59.864443855245746,64,True
654,LP__349-25_B3,A002_Xb9a2bb_X1899_spw17,3,15625000.0,coarse,1314,128,64,2,0.75,0,0.0044804366884811314,45.62676146976607,64,True
655,LP__349-25_B3,A002_Xb9a2bb_X1899_spw17,3,15625000.0,coarse,1314,128,64,2,0.75,1,0.0044804366884811314,45.49501432552928,64,True
656,LP__349-25_B3,A002_Xb9a2bb_X1899_spw17,3,15625000.0,coarse,1314,128,64,2,0.75,2,0.0044804366884811314,45.782790117107545,64,True
657,LP__349-25_B3,A002_Xb9a2bb_X1899_spw17,3,15625000.0,coarse,1314,128,64,2,0.75,3,0.0044804366884811314,45.81226221564829,64,True
658,LP__349-25_B3,A002_Xb9a2bb_X1899_spw17,3,15625000.0,coarse,1314,128,64,2,0.75,4,0.0044804366884811314,45.77946434918226,64,True
659,LP__349-25_B3,A002_Xb9a2bb_X1899_spw17,3,15625000.0,coarse,1314,128,64,2,0.75,5,0.0044804366884811314,45.52225817474456,64,True
660,LP__349-25_B3,A002_Xb9a2bb_X1899_spw17,3,15625000.0,coarse,1314,128,64,2,0.5,0,0.0044804366884811314,33.213713944285296,64,True
661,LP__349-25_B3,A002_Xb9a2bb_X1899_spw17,3,15625000.0,coarse,1314,128,64,2,0.5,1,0.0044804366884811314,33.47626467645837,64,True
662,LP__349-25_B3,A002_Xb9a2bb_X1899_spw17,3,15625000.0,coarse,1314,128,64,2,0.5,2,0.0044804366884811314,33.550933081792635,64,True
663,LP__349-25_B3,A002_Xb9a2bb_X1899_spw17,3,15625000.0,coarse,1314,128,64,2,0.5,3,0.0044804366884811314,33.552472891094666,64,True
664,LP__349-25_B3,A002_Xb9a2bb_X1899_spw17,3,15625000.0,coarse,1314,128,64,2,0.5,4,0.0044804366884811314,34.408859938620985,64,True
665,LP__349-25_B3,A002_Xb9a2bb_X1899_spw17,3,15625000.0,coarse,1314,128,64,2,0.5,5,0.0044804366884811314,33.446861348217,64,True
666,LP__349-25_B3,A002_Xb9a2bb_X1899_spw17,3,15625000.0,coarse,1314,128,64,2,0.4,0,0.0044804366884811314,27.983414105831173,64,True
667,LP__349-25_B3,A002_Xb9a2bb_X1899_spw17,3,15625000.0,coarse,1314,128,64,2,0.4,1,0.0044804366884811314,27.87158053610653,64,True
668,LP__349-25_B3,A002_Xb9a2bb_X1899_spw17,3,15625000.0,coarse,1314,128,64,2,0.4,2,0.0044804366884811314,27.82373556934722,64,True
669,LP__349-25_B3,A002_Xb9a2bb_X1899_spw17,3,15625000.0,coarse,1314,128,64,2,0.4,3,0.0044804366884811314,28.59878332114778,64,True
670,LP__349-25_B3,A002_Xb9a2bb_X1899_spw17,3,15625000.0,coarse,1314,128,64,2,0.4,4,0.0044804366884811314,28.703896365834474,64,True
671,LP__349-25_B3,A002_Xb9a2bb_X1899_spw17,3,15625000.0,coarse,1314,128,64,2,0.4,5,0.0044804366884811314,28.013507674783142,64,True
672,LP__349-25_B3,A002_Xb9a2bb_X1899_spw17,3,15625000.0,coarse,1314,128,64,2,0.25,0,0.0044804366884811314,17.973715321217774,64,True
673,LP__349-25_B3,A002_Xb9a2bb_X1899_spw17,3,15625000.0,coarse,1314,128,64,2,0.25,1,0.0044804366884811314,16.900396597327788,64,True
674,LP__349-25_B3,A002_Xb9a2bb_X1899_spw17,3,15625000.0,coarse,1314,128,64,2,0.25,2,0.0044804366884811314,17.183747223442484,64,True
675,LP__349-25_B3,A002_Xb9a2bb_X1899_spw17,3,15625000.0,coarse,1314,128,64,2,0.25,3,0.0044804366884811314,18.1446311095266,64,True
676,LP__349-25_B3,A002_Xb9a2bb_X1899_spw17,3,15625000.0,coarse,1314,128,64,2,0.25,4,0.0044804366884811314,17.363968150173697,64,True
677,LP__349-25_B3,A002_Xb9a2bb_X1899_spw17,3,15625000.0,coarse,1314,128,64,2,0.25,5,0.0044804366884811314,17.46937626836379,64,True
678,LP__349-25_B3,A002_Xb9a2bb_X1899_spw17,3,15625000.0,coarse,1314,128,64,2,0.1,0,0.0044804366884811314,7.396038706779291,64,True
679,LP__349-25_B3,A002_Xb9a2bb_X1899_spw17,3,15625000.0,coarse,1314,128,64,2,0.1,1,0.0044804366884811314,7.604827020417999,64,True
680,LP__349-25_B3,A002_Xb9a2bb_X1899_spw17,3,15625000.0,coarse,1314,128,64,2,0.1,2,0.0044804366884811314,7.380093313797522,64,True
681,LP__349-25_B3,A002_Xb9a2bb_X1899_spw17,3,15625000.0,coarse,1314,128,64,2,0.1,3,0.0044804366884811314,7.485457407677115,64,True
682,LP__349-25_B3,A002_Xb9a2bb_X1899_spw17,3,15625000.0,coarse,1314,128,64,2,0.1,4,0.0044804366884811314,7.368170554878163,64,True
683,LP__349-25_B3,A002_Xb9a2bb_X1899_spw17,3,15625000.0,coarse,1314,128,64,2,0.1,5,0.0044804366884811314,7.43263338916811,64,True
684,LP__349-25_B3,A002_Xb9a2bb_X1899_spw17,3,15625000.0,coarse,1314,128,64,3,1.0,0,0.0044804366884811314,91.75924161472079,64,True
685,LP__349-25_B3,A002_Xb9a2bb_X1899_spw17,3,15625000.0,coarse,1314,128,64,3,1.0,1,0.0044804366884811314,91.75924161472079,64,True
686,LP__349-25_B3,A002_Xb9a2bb_X1899_spw17,3,15625000.0,coarse,1314,128,64,3,1.0,2,0.0044804366884811314,91.75924161472079,64,True
687,LP__349-25_B3,A002_Xb9a2bb_X1899_spw17,3,15625000.0,coarse,1314,128,64,3,1.0,3,0.0044804366884811314,91.75924161472079,64,True
688,LP__349-25_B3,A002_Xb9a2bb_X1899_spw17,3,15625000.0,coarse,1314,128,64,3,1.0,4,0.0044804366884811314,91.75924161472079,64,True
689,LP__349-25_B3,A002_Xb9a2bb_X1899_spw17,3,15625000.0,coarse,1314,128,64,3,1.0,5,0.0044804366884811314,91.75924161472079,64,True
690,LP__349-25_B3,A002_Xb9a2bb_X1899_spw17,3,15625000.0,coarse,1314,128,64,3,0.75,0,0.0044804366884811314,67.76249501356122,64,True
691,LP__349-25_B3,A002_Xb9a2bb_X1899_spw17,3,15625000.0,coarse,1314,128,64,3,0.75,1,0.0044804366884811314,67.80652475951818,64,True
692,LP__349-25_B3,A002_Xb9a2bb_X1899_spw17,3,15625000.0,coarse,1314,128,64,3,0.75,2,0.0044804366884811314,67.85313241911399,64,True
693,LP__349-25_B3,A002_Xb9a2bb_X1899_spw17,3,15625000.0,coarse,1314,128,64,3,0.75,3,0.0044804366884811314,67.58677527566364,64,True
694,LP__349-25_B3,A002_Xb9a2bb_X1899_spw17,3,15625000.0,coarse,1314,128,64,3,0.75,4,0.0044804366884811314,67.60273605617255,64,True
695,LP__349-25_B3,A002_Xb9a2bb_X1899_spw17,3,15625000.0,coarse,1314,128,64,3,0.75,5,0.0044804366884811314,67.83816439849049,64,True
696,LP__349-25_B3,A002_Xb9a2bb_X1899_spw17,3,15625000.0,coarse,1314,128,64,3,0.5,0,0.0044804366884811314,49.253697488599244,64,True
697,LP__349-25_B3,A002_Xb9a2bb_X1899_spw17,3,15625000.0,coarse,1314,128,64,3,0.5,1,0.0044804366884811314,49.14273356811472,64,True
698,LP__349-25_B3,A002_Xb9a2bb_X1899_spw17,3,15625000.0,coarse,1314,128,64,3,0.5,2,0.0044804366884811314,48.20298382231529,64,True
699,LP__349-25_B3,A002_Xb9a2bb_X1899_spw17,3,15625000.0,coarse,1314,128,64,3,0.5,3,0.0044804366884811314,50.14303156158135,64,True
700,LP__349-25_B3,A002_Xb9a2bb_X1899_spw17,3,15625000.0,coarse,1314,128,64,3,0.5,4,0.0044804366884811314,48.39795128829675,64,True
701,LP__349-25_B3,A002_Xb9a2bb_X1899_spw17,3,15625000.0,coarse,1314,128,64,3,0.5,5,0.0044804366884811314,48.47005402534627,64,True
702,LP__349-25_B3,A002_Xb9a2bb_X1899_spw17,3,15625000.0,coarse,1314,128,64,3,0.4,0,0.0044804366884811314,40.9647741446741,64,True
703,LP__349-25_B3,A002_Xb9a2bb_X1899_spw17,3,15625000.0,coarse,1314,128,64,3,0.4,1,0.0044804366884811314,41.21427841269476,64,True
704,LP__349-25_B3,A002_Xb9a2bb_X1899_spw17,3,15625000.0,coarse,1314,128,64,3,0.4,2,0.0044804366884811314,41.22536914287655,64,True
705,LP__349-25_B3,A002_Xb9a2bb_X1899_spw17,3,15625000.0,coarse,1314,128,64,3,0.4,3,0.0044804366884811314,39.95474893488054,64,True
706,LP__349-25_B3,A002_Xb9a2bb_X1899_spw17,3,15625000.0,coarse,1314,128,64,3,0.4,4,0.0044804366884811314,40.82061332426519,64,True
707,LP__349-25_B3,A002_Xb9a2bb_X1899_spw17,3,15625000.0,coarse,1314,128,64,3,0.4,5,0.0044804366884811314,41.14922740235827,64,True
708,LP__349-25_B3,A002_Xb9a2bb_X1899_spw17,3,15625000.0,coarse,1314,128,64,3,0.25,0,0.0044804366884811314,25.62344351938641,64,True
709,LP__349-25_B3,A002_Xb9a2bb_X1899_spw17,3,15625000.0,coarse,1314,128,64,3,0.25,1,0.0044804366884811314,25.004317325531918,64,True
710,LP__349-25_B3,A002_Xb9a2bb_X1899_spw17,3,15625000.0,coarse,1314,128,64,3,0.25,2,0.0044804366884811314,24.860137388080588,64,True
711,LP__349-25_B3,A002_Xb9a2bb_X1899_spw17,3,15625000.0,coarse,1314,128,64,3,0.25,3,0.0044804366884811314,25.533704775938975,64,True
712,LP__349-25_B3,A002_Xb9a2bb_X1899_spw17,3,15625000.0,coarse,1314,128,64,3,0.25,4,0.0044804366884811314,25.522866504359822,64,True
713,LP__349-25_B3,A002_Xb9a2bb_X1899_spw17,3,15625000.0,coarse,1314,128,64,3,0.25,5,0.0044804366884811314,25.300236454089188,64,True
714,LP__349-25_B3,A002_Xb9a2bb_X1899_spw17,3,15625000.0,coarse,1314,128,64,3,0.1,0,0.0044804366884811314,10.634873901789163,64,True
715,LP__349-25_B3,A002_Xb9a2bb_X1899_spw17,3,15625000.0,coarse,1314,128,64,3,0.1,1,0.0044804366884811314,10.39833481329373,64,True
716,LP__349-25_B3,A002_Xb9a2bb_X1899_spw17,3,15625000.0,coarse,1314,128,64,3,0.1,2,0.0044804366884811314,10.829746647354016,64,True
717,LP__349-25_B3,A002_Xb9a2bb_X1899_spw17,3,15625000.0,coarse,1314,128,64,3,0.1,3,0.0044804366884811314,10.490971009746415,64,True
718,LP__349-25_B3,A002_Xb9a2bb_X1899_spw17,3,15625000.0,coarse,1314,128,64,3,0.1,4,0.0044804366884811314,10.264723573865698,64,True
719,LP__349-25_B3,A002_Xb9a2bb_X1899_spw17,3,15625000.0,coarse,1314,128,64,3,0.1,5,0.0044804366884811314,10.537303292804333,64,True
720,LP__349-25_B3,A002_Xb9a2bb_X1899_spw17,3,15625000.0,coarse,1314,128,64,4,1.0,0,0.0044804366884811314,122.21858722410838,64,True
721,LP__349-25_B3,A002_Xb9a2bb_X1899_spw17,3,15625000.0,coarse,1314,128,64,4,1.0,1,0.0044804366884811314,122.21858722410838,64,True
722,LP__349-25_B3,A002_Xb9a2bb_X1899_spw17,3,15625000.0,coarse,1314,128,64,4,1.0,2,0.0044804366884811314,122.21858722410838,64,True
723,LP__349-25_B3,A002_Xb9a2bb_X1899_spw17,3,15625000.0,coarse,1314,128,64,4,1.0,3,0.0044804366884811314,122.21858722410838,64,True
724,LP__349-25_B3,A002_Xb9a2bb_X1899_spw17,3,15625000.0,coarse,1314,128,64,4,1.0,4,0.0044804366884811314,122.21858722410838,64,True
725,LP__349-25_B3,A002_Xb9a2bb_X1899_spw17,3,15625000.0,coarse,1314,128,64,4,1.0,5,0.0044804366884811314,122.21858722410838,64,True
726,LP__349-25_B3,A002_Xb9a2bb_X1899_spw17,3,15625000.0,coarse,1314,128,64,4,0.75,0,0.0044804366884811314,89.8859948859209,64,True
727,LP__349-25_B3,A002_Xb9a2bb_X1899_spw17,3,15625000.0,coarse,1314,128,64,4,0.75,1,0.0044804366884811314,90.3658579451918,64,True
728,LP__349-25_B3,A002_Xb9a2bb_X1899_spw17,3,15625000.0,coarse,1314,128,64,4,0.75,2,0.0044804366884811314,90.22562067035095,64,True
729,LP__349-25_B3,A002_Xb9a2bb_X1899_spw17,3,15625000.0,coarse,1314,128,64,4,0.75,3,0.0044804366884811314,89.90582345347575,64,True
730,LP__349-25_B3,A002_Xb9a2bb_X1899_spw17,3,15625000.0,coarse,1314,128,64,4,0.75,4,0.0044804366884811314,89.73344301912957,64,True
731,LP__349-25_B3,A002_Xb9a2bb_X1899_spw17,3,15625000.0,coarse,1314,128,64,4,0.75,5,0.0044804366884811314,90.27874655294637,64,True
732,LP__349-25_B3,A002_Xb9a2bb_X1899_spw17,3,15625000.0,coarse,1314,128,64,4,0.5,0,0.0044804366884811314,65.66208117193112,64,True
733,LP__349-25_B3,A002_Xb9a2bb_X1899_spw17,3,15625000.0,coarse,1314,128,64,4,0.5,1,0.0044804366884811314,63.471545304486746,64,True
734,LP__349-25_B3,A002_Xb9a2bb_X1899_spw17,3,15625000.0,coarse,1314,128,64,4,0.5,2,0.0044804366884811314,65.67362773840132,64,True
735,LP__349-25_B3,A002_Xb9a2bb_X1899_spw17,3,15625000.0,coarse,1314,128,64,4,0.5,3,0.0044804366884811314,64.36049446840262,64,True
736,LP__349-25_B3,A002_Xb9a2bb_X1899_spw17,3,15625000.0,coarse,1314,128,64,4,0.5,4,0.0044804366884811314,65.03501209035952,64,True
737,LP__349-25_B3,A002_Xb9a2bb_X1899_spw17,3,15625000.0,coarse,1314,128,64,4,0.5,5,0.0044804366884811314,63.57585412160898,64,True
738,LP__349-25_B3,A002_Xb9a2bb_X1899_spw17,3,15625000.0,coarse,1314,128,64,4,0.4,0,0.0044804366884811314,56.171022134027915,64,True
739,LP__349-25_B3,A002_Xb9a2bb_X1899_spw17,3,15625000.0,coarse,1314,128,64,4,0.4,1,0.0044804366884811314,53.32148445973942,64,True
740,LP__349-25_B3,A002_Xb9a2bb_X1899_spw17,3,15625000.0,coarse,1314,128,64,4,0.4,2,0.0044804366884811314,54.90318786713143,64,True
741,LP__349-25_B3,A002_Xb9a2bb_X1899_spw17,3,15625000.0,coarse,1314,128,64,4,0.4,3,0.0044804366884811314,53.92075977026844,64,True
742,LP__349-25_B3,A002_Xb9a2bb_X1899_spw17,3,15625000.0,coarse,1314,128,64,4,0.4,4,0.0044804366884811314,53.00991858465766,64,True
743,LP__349-25_B3,A002_Xb9a2bb_X1899_spw17,3,15625000.0,coarse,1314,128,64,4,0.4,5,0.0044804366884811314,55.161510468216385,64,True
744,LP__349-25_B3,A002_Xb9a2bb_X1899_spw17,3,15625000.0,coarse,1314,128,64,4,0.25,0,0.0044804366884811314,34.24119283481285,64,True
745,LP__349-25_B3,A002_Xb9a2bb_X1899_spw17,3,15625000.0,coarse,1314,128,64,4,0.25,1,0.0044804366884811314,34.96147070308301,64,True
746,LP__349-25_B3,A002_Xb9a2bb_X1899_spw17,3,15625000.0,coarse,1314,128,64,4,0.25,2,0.0044804366884811314,34.80331810092361,64,True
747,LP__349-25_B3,A002_Xb9a2bb_X1899_spw17,3,15625000.0,coarse,1314,128,64,4,0.25,3,0.0044804366884811314,33.913313393455994,64,True
748,LP__349-25_B3,A002_Xb9a2bb_X1899_spw17,3,15625000.0,coarse,1314,128,64,4,0.25,4,0.0044804366884811314,33.976741456918425,64,True
749,LP__349-25_B3,A002_Xb9a2bb_X1899_spw17,3,15625000.0,coarse,1314,128,64,4,0.25,5,0.0044804366884811314,34.66685969755735,64,True
750,LP__349-25_B3,A002_Xb9a2bb_X1899_spw17,3,15625000.0,coarse,1314,128,64,4,0.1,0,0.0044804366884811314,13.477985565987236,64,True
751,LP__349-25_B3,A002_Xb9a2bb_X1899_spw17,3,15625000.0,coarse,1314,128,64,4,0.1,1,0.0044804366884811314,13.488327131317458,64,True
752,LP__349-25_B3,A002_Xb9a2bb_X1899_spw17,3,15625000.0,coarse,1314,128,64,4,0.1,2,0.0044804366884811314,13.359389068285202,64,True
753,LP__349-25_B3,A002_Xb9a2bb_X1899_spw17,3,15625000.0,coarse,1314,128,64,4,0.1,3,0.0044804366884811314,13.56767180748359,64,True
754,LP__349-25_B3,A002_Xb9a2bb_X1899_spw17,3,15625000.0,coarse,1314,128,64,4,0.1,4,0.0044804366884811314,13.537738585198136,64,True
755,LP__349-25_B3,A002_Xb9a2bb_X1899_spw17,3,15625000.0,coarse,1314,128,64,4,0.1,5,0.0044804366884811314,13.864758288251615,64,True
756,LP__349-25_B3,A002_Xb9a2bb_X1899_spw17,3,15625000.0,coarse,1314,128,64,5,1.0,0,0.0044804366884811314,152.6730859166309,64,True
757,LP__349-25_B3,A002_Xb9a2bb_X1899_spw17,3,15625000.0,coarse,1314,128,64,5,1.0,1,0.0044804366884811314,152.6730859166309,64,True
758,LP__349-25_B3,A002_Xb9a2bb_X1899_spw17,3,15625000.0,coarse,1314,128,64,5,1.0,2,0.0044804366884811314,152.6730859166309,64,True
759,LP__349-25_B3,A002_Xb9a2bb_X1899_spw17,3,15625000.0,coarse,1314,128,64,5,1.0,3,0.0044804366884811314,152.6730859166309,64,True
760,LP__349-25_B3,A002_Xb9a2bb_X1899_spw17,3,15625000.0,coarse,1314,128,64,5,1.0,4,0.0044804366884811314,152.6730859166309,64,True
761,LP__349-25_B3,A002_Xb9a2bb_X1899_spw17,3,15625000.0,coarse,1314,128,64,5,1.0,5,0.0044804366884811314,152.6730859166309,64,True
762,LP__349-25_B3,A002_Xb9a2bb_X1899_spw17,3,15625000.0,coarse,1314,128,64,5,0.75,0,0.0044804366884811314,112.57132290327834,64,True
763,LP__349-25_B3,A002_Xb9a2bb_X1899_spw17,3,15625000.0,coarse,1314,128,64,5,0.75,1,0.0044804366884811314,112.0936196157588,64,True
764,LP__349-25_B3,A002_Xb9a2bb_X1899_spw17,3,15625000.0,coarse,1314,128,64,5,0.75,2,0.0044804366884811314,113.21868285131313,64,True
765,LP__349-25_B3,A002_Xb9a2bb_X1899_spw17,3,15625000.0,coarse,1314,128,64,5,0.75,3,0.0044804366884811314,112.39091188149762,64,True
766,LP__349-25_B3,A002_Xb9a2bb_X1899_spw17,3,15625000.0,coarse,1314,128,64,5,0.75,4,0.0044804366884811314,112.06554708769102,64,True
767,LP__349-25_B3,A002_Xb9a2bb_X1899_spw17,3,15625000.0,coarse,1314,128,64,5,0.75,5,0.0044804366884811314,112.3905248914902,64,True
768,LP__349-25_B3,A002_Xb9a2bb_X1899_spw17,3,15625000.0,coarse,1314,128,64,5,0.5,0,0.0044804366884811314,81.05225009380077,64,True
769,LP__349-25_B3,A002_Xb9a2bb_X1899_spw17,3,15625000.0,coarse,1314,128,64,5,0.5,1,0.0044804366884811314,80.51701684355861,64,True
770,LP__349-25_B3,A002_Xb9a2bb_X1899_spw17,3,15625000.0,coarse,1314,128,64,5,0.5,2,0.0044804366884811314,78.12996049491176,64,True
771,LP__349-25_B3,A002_Xb9a2bb_X1899_spw17,3,15625000.0,coarse,1314,128,64,5,0.5,3,0.0044804366884811314,81.96374612369618,64,True
772,LP__349-25_B3,A002_Xb9a2bb_X1899_spw17,3,15625000.0,coarse,1314,128,64,5,0.5,4,0.0044804366884811314,80.71472055881095,64,True
773,LP__349-25_B3,A002_Xb9a2bb_X1899_spw17,3,15625000.0,coarse,1314,128,64,5,0.5,5,0.0044804366884811314,78.19917509653408,64,True
774,LP__349-25_B3,A002_Xb9a2bb_X1899_spw17,3,15625000.0,coarse,1314,128,64,5,0.4,0,0.0044804366884811314,68.42314249788973,64,True
775,LP__349-25_B3,A002_Xb9a2bb_X1899_spw17,3,15625000.0,coarse,1314,128,64,5,0.4,1,0.0044804366884811314,68.71746829426623,64,True
776,LP__349-25_B3,A002_Xb9a2bb_X1899_spw17,3,15625000.0,coarse,1314,128,64,5,0.4,2,0.0044804366884811314,67.61360226715645,64,True
777,LP__349-25_B3,A002_Xb9a2bb_X1899_spw17,3,15625000.0,coarse,1314,128,64,5,0.4,3,0.0044804366884811314,67.28463876352744,64,True
778,LP__349-25_B3,A002_Xb9a2bb_X1899_spw17,3,15625000.0,coarse,1314,128,64,5,0.4,4,0.0044804366884811314,67.34645587479488,64,True
779,LP__349-25_B3,A002_Xb9a2bb_X1899_spw17,3,15625000.0,coarse,1314,128,64,5,0.4,5,0.0044804366884811314,69.35450072903484,64,True
780,LP__349-25_B3,A002_Xb9a2bb_X1899_spw17,3,15625000.0,coarse,1314,128,64,5,0.25,0,0.0044804366884811314,42.7752035930505,64,True
781,LP__349-25_B3,A002_Xb9a2bb_X1899_spw17,3,15625000.0,coarse,1314,128,64,5,0.25,1,0.0044804366884811314,42.56611130406153,64,True
782,LP__349-25_B3,A002_Xb9a2bb_X1899_spw17,3,15625000.0,coarse,1314,128,64,5,0.25,2,0.0044804366884811314,42.20126661712094,64,True
783,LP__349-25_B3,A002_Xb9a2bb_X1899_spw17,3,15625000.0,coarse,1314,128,64,5,0.25,3,0.0044804366884811314,42.94354171274271,64,True
784,LP__349-25_B3,A002_Xb9a2bb_X1899_spw17,3,15625000.0,coarse,1314,128,64,5,0.25,4,0.0044804366884811314,42.378979027798586,64,True
785,LP__349-25_B3,A002_Xb9a2bb_X1899_spw17,3,15625000.0,coarse,1314,128,64,5,0.25,5,0.0044804366884811314,42.06920521687456,64,True
786,LP__349-25_B3,A002_Xb9a2bb_X1899_spw17,3,15625000.0,coarse,1314,128,64,5,0.1,0,0.0044804366884811314,16.49533603641784,64,True
787,LP__349-25_B3,A002_Xb9a2bb_X1899_spw17,3,15625000.0,coarse,1314,128,64,5,0.1,1,0.0044804366884811314,16.97927418334641,64,True
788,LP__349-25_B3,A002_Xb9a2bb_X1899_spw17,3,15625000.0,coarse,1314,128,64,5,0.1,2,0.0044804366884811314,16.45946041255811,64,True
789,LP__349-25_B3,A002_Xb9a2bb_X1899_spw17,3,15625000.0,coarse,1314,128,64,5,0.1,3,0.0044804366884811314,16.887425698605504,64,True
790,LP__349-25_B3,A002_Xb9a2bb_X1899_spw17,3,15625000.0,coarse,1314,128,64,5,0.1,4,0.0044804366884811314,16.682222743954576,64,True
791,LP__349-25_B3,A002_Xb9a2bb_X1899_spw17,3,15625000.0,coarse,1314,128,64,5,0.1,5,0.0044804366884811314,16.542489750479152,64,True
792,LP__349-25_B3,A002_Xb9a2bb_X1899_spw17,3,15625000.0,coarse,1314,128,64,6,1.0,0,0.0044804366884811314,182.99587274305046,64,True
793,LP__349-25_B3,A002_Xb9a2bb_X1899_spw17,3,15625000.0,coarse,1314,128,64,6,1.0,1,0.0044804366884811314,182.99587274305046,64,True
794,LP__349-25_B3,A002_Xb9a2bb_X1899_spw17,3,15625000.0,coarse,1314,128,64,6,1.0,2,0.0044804366884811314,182.99587274305046,64,True
795,LP__349-25_B3,A002_Xb9a2bb_X1899_spw17,3,15625000.0,coarse,1314,128,64,6,1.0,3,0.0044804366884811314,182.99587274305046,64,True
796,LP__349-25_B3,A002_Xb9a2bb_X1899_spw17,3,15625000.0,coarse,1314,128,64,6,1.0,4,0.0044804366884811314,182.99587274305046,64,True
797,LP__349-25_B3,A002_Xb9a2bb_X1899_spw17,3,15625000.0,coarse,1314,128,64,6,1.0,5,0.0044804366884811314,182.99587274305046,64,True
798,LP__349-25_B3,A002_Xb9a2bb_X1899_spw17,3,15625000.0,coarse,1314,128,64,6,0.75,0,0.0044804366884811314,135.30103741280183,64,True
799,LP__349-25_B3,A002_Xb9a2bb_X1899_spw17,3,15625000.0,coarse,1314,128,64,6,0.75,1,0.0044804366884811314,134.43450583597044,64,True
800,LP__349-25_B3,A002_Xb9a2bb_X1899_spw17,3,15625000.0,coarse,1314,128,64,6,0.75,2,0.0044804366884811314,133.6229986695274,64,True
801,LP__349-25_B3,A002_Xb9a2bb_X1899_spw17,3,15625000.0,coarse,1314,128,64,6,0.75,3,0.0044804366884811314,134.30560958822198,64,True
802,LP__349-25_B3,A002_Xb9a2bb_X1899_spw17,3,15625000.0,coarse,1314,128,64,6,0.75,4,0.0044804366884811314,135.03294721477218,64,True
803,LP__349-25_B3,A002_Xb9a2bb_X1899_spw17,3,15625000.0,coarse,1314,128,64,6,0.75,5,0.0044804366884811314,134.96556475870344,64,True
804,LP__349-25_B3,A002_Xb9a2bb_X1899_spw17,3,15625000.0,coarse,1314,128,64,6,0.5,0,0.0044804366884811314,96.73012730427544,64,True
805,LP__349-25_B3,A002_Xb9a2bb_X1899_spw17,3,15625000.0,coarse,1314,128,64,6,0.5,1,0.0044804366884811314,95.97910001831569,64,True
806,LP__349-25_B3,A002_Xb9a2bb_X1899_spw17,3,15625000.0,coarse,1314,128,64,6,0.5,2,0.0044804366884811314,95.64662395089019,64,True
807,LP__349-25_B3,A002_Xb9a2bb_X1899_spw17,3,15625000.0,coarse,1314,128,64,6,0.5,3,0.0044804366884811314,95.25405145058994,64,True
808,LP__349-25_B3,A002_Xb9a2bb_X1899_spw17,3,15625000.0,coarse,1314,128,64,6,0.5,4,0.0044804366884811314,95.51138583515794,64,True
809,LP__349-25_B3,A002_Xb9a2bb_X1899_spw17,3,15625000.0,coarse,1314,128,64,6,0.5,5,0.0044804366884811314,95.5211413246585,64,True
810,LP__349-25_B3,A002_Xb9a2bb_X1899_spw17,3,15625000.0,coarse,1314,128,64,6,0.4,0,0.0044804366884811314,79.26607468565278,64,True
811,LP__349-25_B3,A002_Xb9a2bb_X1899_spw17,3,15625000.0,coarse,1314,128,64,6,0.4,1,0.0044804366884811314,81.61055901055045,64,True
812,LP__349-25_B3,A002_Xb9a2bb_X1899_spw17,3,15625000.0,coarse,1314,128,64,6,0.4,2,0.0044804366884811314,81.23407603642407,64,True
813,LP__349-25_B3,A002_Xb9a2bb_X1899_spw17,3,15625000.0,coarse,1314,128,64,6,0.4,3,0.0044804366884811314,80.91557402677729,64,True
814,LP__349-25_B3,A002_Xb9a2bb_X1899_spw17,3,15625000.0,coarse,1314,128,64,6,0.4,4,0.0044804366884811314,82.15643418790816,64,True
815,LP__349-25_B3,A002_Xb9a2bb_X1899_spw17,3,15625000.0,coarse,1314,128,64,6,0.4,5,0.0044804366884811314,80.10780199484694,64,True
816,LP__349-25_B3,A002_Xb9a2bb_X1899_spw17,3,15625000.0,coarse,1314,128,64,6,0.25,0,0.0044804366884811314,50.960837436005214,64,True
817,LP__349-25_B3,A002_Xb9a2bb_X1899_spw17,3,15625000.0,coarse,1314,128,64,6,0.25,1,0.0044804366884811314,50.01149533084718,64,True
818,LP__349-25_B3,A002_Xb9a2bb_X1899_spw17,3,15625000.0,coarse,1314,128,64,6,0.25,2,0.0044804366884811314,50.9914659019451,64,True
819,LP__349-25_B3,A002_Xb9a2bb_X1899_spw17,3,15625000.0,coarse,1314,128,64,6,0.25,3,0.0044804366884811314,51.007905855127206,64,True
820,LP__349-25_B3,A002_Xb9a2bb_X1899_spw17,3,15625000.0,coarse,1314,128,64,6,0.25,4,0.0044804366884811314,50.78818380644969,64,True
821,LP__349-25_B3,A002_Xb9a2bb_X1899_spw17,3,15625000.0,coarse,1314,128,64,6,0.25,5,0.0044804366884811314,49.42508315788807,64,True
822,LP__349-25_B3,A002_Xb9a2bb_X1899_spw17,3,15625000.0,coarse,1314,128,64,6,0.1,0,0.0044804366884811314,19.23611571376308,64,True
823,LP__349-25_B3,A002_Xb9a2bb_X1899_spw17,3,15625000.0,coarse,1314,128,64,6,0.1,1,0.0044804366884811314,19.881171130529665,64,True
824,LP__349-25_B3,A002_Xb9a2bb_X1899_spw17,3,15625000.0,coarse,1314,128,64,6,0.1,2,0.0044804366884811314,19.15148054806833,64,True
825,LP__349-25_B3,A002_Xb9a2bb_X1899_spw17,3,15625000.0,coarse,1314,128,64,6,0.1,3,0.0044804366884811314,19.694127835753434,64,True
826,LP__349-25_B3,A002_Xb9a2bb_X1899_spw17,3,15625000.0,coarse,1314,128,64,6,0.1,4,0.0044804366884811314,19.368960221389077,64,True
827,LP__349-25_B3,A002_Xb9a2bb_X1899_spw17,3,15625000.0,coarse,1314,128,64,6,0.1,5,0.0044804366884811314,20.150085443946118,64,True
828,LP__349-25_B3,A002_Xb9a2bb_X1899_spw17,3,15625000.0,coarse,1314,128,64,8,1.0,0,0.0044804366884811314,243.64144639588974,64,True
829,LP__349-25_B3,A002_Xb9a2bb_X1899_spw17,3,15625000.0,coarse,1314,128,64,8,1.0,1,0.0044804366884811314,243.64144639588974,64,True
830,LP__349-25_B3,A002_Xb9a2bb_X1899_spw17,3,15625000.0,coarse,1314,128,64,8,1.0,2,0.0044804366884811314,243.64144639588974,64,True
831,LP__349-25_B3,A002_Xb9a2bb_X1899_spw17,3,15625000.0,coarse,1314,128,64,8,1.0,3,0.0044804366884811314,243.64144639588974,64,True
832,LP__349-25_B3,A002_Xb9a2bb_X1899_spw17,3,15625000.0,coarse,1314,128,64,8,1.0,4,0.0044804366884811314,243.64144639588974,64,True
833,LP__349-25_B3,A002_Xb9a2bb_X1899_spw17,3,15625000.0,coarse,1314,128,64,8,1.0,5,0.0044804366884811314,243.64144639588974,64,True
834,LP__349-25_B3,A002_Xb9a2bb_X1899_spw17,3,15625000.0,coarse,1314,128,64,8,0.75,0,0.0044804366884811314,180.1913408896413,64,True
835,LP__349-25_B3,A002_Xb9a2bb_X1899_spw17,3,15625000.0,coarse,1314,128,64,8,0.75,1,0.0044804366884811314,177.88655836242697,64,True
836,LP__349-25_B3,A002_Xb9a2bb_X1899_spw17,3,15625000.0,coarse,1314,128,64,8,0.75,2,0.0044804366884811314,178.3287288904936,64,True
837,LP__349-25_B3,A002_Xb9a2bb_X1899_spw17,3,15625000.0,coarse,1314,128,64,8,0.75,3,0.0044804366884811314,180.06771856274784,64,True
838,LP__349-25_B3,A002_Xb9a2bb_X1899_spw17,3,15625000.0,coarse,1314,128,64,8,0.75,4,0.0044804366884811314,179.53201272524177,64,True
839,LP__349-25_B3,A002_Xb9a2bb_X1899_spw17,3,15625000.0,coarse,1314,128,64,8,0.75,5,0.0044804366884811314,179.26606031529695,64,True
840,LP__349-25_B3,A002_Xb9a2bb_X1899_spw17,3,15625000.0,coarse,1314,128,64,8,0.5,0,0.0044804366884811314,127.6567763633611,64,True
841,LP__349-25_B3,A002_Xb9a2bb_X1899_spw17,3,15625000.0,coarse,1314,128,64,8,0.5,1,0.0044804366884811314,127.92272486589854,64,True
842,LP__349-25_B3,A002_Xb9a2bb_X1899_spw17,3,15625000.0,coarse,1314,128,64,8,0.5,2,0.0044804366884811314,125.35565487123843,64,True
843,LP__349-25_B3,A002_Xb9a2bb_X1899_spw17,3,15625000.0,coarse,1314,128,64,8,0.5,3,0.0044804366884811314,128.48367524700572,64,True
844,LP__349-25_B3,A002_Xb9a2bb_X1899_spw17,3,15625000.0,coarse,1314,128,64,8,0.5,4,0.0044804366884811314,126.4325624188183,64,True
845,LP__349-25_B3,A002_Xb9a2bb_X1899_spw17,3,15625000.0,coarse,1314,128,64,8,0.5,5,0.0044804366884811314,126.3519580618185,64,True
846,LP__349-25_B3,A002_Xb9a2bb_X1899_spw17,3,15625000.0,coarse,1314,128,64,8,0.4,0,0.0044804366884811314,104.98809679431295,64,True
847,LP__349-25_B3,A002_Xb9a2bb_X1899_spw17,3,15625000.0,coarse,1314,128,64,8,0.4,1,0.0044804366884811314,107.03893183655717,64,True
848,LP__349-25_B3,A002_Xb9a2bb_X1899_spw17,3,15625000.0,coarse,1314,128,64,8,0.4,2,0.0044804366884811314,108.38354798495405,64,True
849,LP__349-25_B3,A002_Xb9a2bb_X1899_spw17,3,15625000.0,coarse,1314,128,64,8,0.4,3,0.0044804366884811314,105.75732511261928,64,True
850,LP__349-25_B3,A002_Xb9a2bb_X1899_spw17,3,15625000.0,coarse,1314,128,64,8,0.4,4,0.0044804366884811314,105.92446278053883,64,True
851,LP__349-25_B3,A002_Xb9a2bb_X1899_spw17,3,15625000.0,coarse,1314,128,64,8,0.4,5,0.0044804366884811314,110.26563286299319,64,True
852,LP__349-25_B3,A002_Xb9a2bb_X1899_spw17,3,15625000.0,coarse,1314,128,64,8,0.25,0,0.0044804366884811314,65.88016081796658,64,True
853,LP__349-25_B3,A002_Xb9a2bb_X1899_spw17,3,15625000.0,coarse,1314,128,64,8,0.25,1,0.0044804366884811314,67.13067586048112,64,True
854,LP__349-25_B3,A002_Xb9a2bb_X1899_spw17,3,15625000.0,coarse,1314,128,64,8,0.25,2,0.0044804366884811314,66.05283968681545,64,True
855,LP__349-25_B3,A002_Xb9a2bb_X1899_spw17,3,15625000.0,coarse,1314,128,64,8,0.25,3,0.0044804366884811314,66.86439953244466,64,True
856,LP__349-25_B3,A002_Xb9a2bb_X1899_spw17,3,15625000.0,coarse,1314,128,64,8,0.25,4,0.0044804366884811314,67.1234386239686,64,True
857,LP__349-25_B3,A002_Xb9a2bb_X1899_spw17,3,15625000.0,coarse,1314,128,64,8,0.25,5,0.0044804366884811314,68.28163318162166,64,True
858,LP__349-25_B3,A002_Xb9a2bb_X1899_spw17,3,15625000.0,coarse,1314,128,64,8,0.1,0,0.0044804366884811314,25.384432946280935,64,True
859,LP__349-25_B3,A002_Xb9a2bb_X1899_spw17,3,15625000.0,coarse,1314,128,64,8,0.1,1,0.0044804366884811314,26.959381259878214,64,True
860,LP__349-25_B3,A002_Xb9a2bb_X1899_spw17,3,15625000.0,coarse,1314,128,64,8,0.1,2,0.0044804366884811314,25.8748655625808,64,True
861,LP__349-25_B3,A002_Xb9a2bb_X1899_spw17,3,15625000.0,coarse,1314,128,64,8,0.1,3,0.0044804366884811314,25.805006650598532,64,True
862,LP__349-25_B3,A002_Xb9a2bb_X1899_spw17,3,15625000.0,coarse,1314,128,64,8,0.1,4,0.0044804366884811314,25.76043752414249,64,True
863,LP__349-25_B3,A002_Xb9a2bb_X1899_spw17,3,15625000.0,coarse,1314,128,64,8,0.1,5,0.0044804366884811314,26.544789895252872,64,True
864,LP__349-25_B3,A002_Xb9a2bb_X1899_spw17,3,15625000.0,coarse,1314,128,64,10,1.0,0,0.0044804366884811314,304.2870200487289,64,True
865,LP__349-25_B3,A002_Xb9a2bb_X1899_spw17,3,15625000.0,coarse,1314,128,64,10,1.0,1,0.0044804366884811314,304.2870200487289,64,True
866,LP__349-25_B3,A002_Xb9a2bb_X1899_spw17,3,15625000.0,coarse,1314,128,64,10,1.0,2,0.0044804366884811314,304.2870200487289,64,True
867,LP__349-25_B3,A002_Xb9a2bb_X1899_spw17,3,15625000.0,coarse,1314,128,64,10,1.0,3,0.0044804366884811314,304.2870200487289,64,True
868,LP__349-25_B3,A002_Xb9a2bb_X1899_spw17,3,15625000.0,coarse,1314,128,64,10,1.0,4,0.0044804366884811314,304.2870200487289,64,True
869,LP__349-25_B3,A002_Xb9a2bb_X1899_spw17,3,15625000.0,coarse,1314,128,64,10,1.0,5,0.0044804366884811314,304.2870200487289,64,True
870,LP__349-25_B3,A002_Xb9a2bb_X1899_spw17,3,15625000.0,coarse,1314,128,64,10,0.75,0,0.0044804366884811314,224.30280409592675,64,True
871,LP__349-25_B3,A002_Xb9a2bb_X1899_spw17,3,15625000.0,coarse,1314,128,64,10,0.75,1,0.0044804366884811314,222.24834516192675,64,True
872,LP__349-25_B3,A002_Xb9a2bb_X1899_spw17,3,15625000.0,coarse,1314,128,64,10,0.75,2,0.0044804366884811314,222.13806138913398,64,True
873,LP__349-25_B3,A002_Xb9a2bb_X1899_spw17,3,15625000.0,coarse,1314,128,64,10,0.75,3,0.0044804366884811314,224.54687659440185,64,True
874,LP__349-25_B3,A002_Xb9a2bb_X1899_spw17,3,15625000.0,coarse,1314,128,64,10,0.75,4,0.0044804366884811314,224.71166046729044,64,True
875,LP__349-25_B3,A002_Xb9a2bb_X1899_spw17,3,15625000.0,coarse,1314,128,64,10,0.75,5,0.0044804366884811314,222.42518632275923,64,True
876,LP__349-25_B3,A002_Xb9a2bb_X1899_spw17,3,15625000.0,coarse,1314,128,64,10,0.5,0,0.0044804366884811314,158.26998617428234,64,True
877,LP__349-25_B3,A002_Xb9a2bb_X1899_spw17,3,15625000.0,coarse,1314,128,64,10,0.5,1,0.0044804366884811314,158.19312542551643,64,True
878,LP__349-25_B3,A002_Xb9a2bb_X1899_spw17,3,15625000.0,coarse,1314,128,64,10,0.5,2,0.0044804366884811314,160.64210274284767,64,True
879,LP__349-25_B3,A002_Xb9a2bb_X1899_spw17,3,15625000.0,coarse,1314,128,64,10,0.5,3,0.0044804366884811314,162.64172750082804,64,True
880,LP__349-25_B3,A002_Xb9a2bb_X1899_spw17,3,15625000.0,coarse,1314,128,64,10,0.5,4,0.0044804366884811314,162.25496244785396,64,True
881,LP__349-25_B3,A002_Xb9a2bb_X1899_spw17,3,15625000.0,coarse,1314,128,64,10,0.5,5,0.0044804366884811314,157.15043513253522,64,True
882,LP__349-25_B3,A002_Xb9a2bb_X1899_spw17,3,15625000.0,coarse,1314,128,64,10,0.4,0,0.0044804366884811314,130.44278253817635,64,True
883,LP__349-25_B3,A002_Xb9a2bb_X1899_spw17,3,15625000.0,coarse,1314,128,64,10,0.4,1,0.0044804366884811314,132.0155931132358,64,True
884,LP__349-25_B3,A002_Xb9a2bb_X1899_spw17,3,15625000.0,coarse,1314,128,64,10,0.4,2,0.0044804366884811314,134.06217120212776,64,True
885,LP__349-25_B3,A002_Xb9a2bb_X1899_spw17,3,15625000.0,coarse,1314,128,64,10,0.4,3,0.0044804366884811314,131.4612579008267,64,True
886,LP__349-25_B3,A002_Xb9a2bb_X1899_spw17,3,15625000.0,coarse,1314,128,64,10,0.4,4,0.0044804366884811314,131.95913218208426,64,True
887,LP__349-25_B3,A002_Xb9a2bb_X1899_spw17,3,15625000.0,coarse,1314,128,64,10,0.4,5,0.0044804366884811314,132.95132360599553,64,True
888,LP__349-25_B3,A002_Xb9a2bb_X1899_spw17,3,15625000.0,coarse,1314,128,64,10,0.25,0,0.0044804366884811314,83.29488715874999,64,True
889,LP__349-25_B3,A002_Xb9a2bb_X1899_spw17,3,15625000.0,coarse,1314,128,64,10,0.25,1,0.0044804366884811314,81.02231763472524,64,True
890,LP__349-25_B3,A002_Xb9a2bb_X1899_spw17,3,15625000.0,coarse,1314,128,64,10,0.25,2,0.0044804366884811314,81.76540598117987,64,True
891,LP__349-25_B3,A002_Xb9a2bb_X1899_spw17,3,15625000.0,coarse,1314,128,64,10,0.25,3,0.0044804366884811314,83.21218762183344,64,True
892,LP__349-25_B3,A002_Xb9a2bb_X1899_spw17,3,15625000.0,coarse,1314,128,64,10,0.25,4,0.0044804366884811314,81.77323372649244,64,True
893,LP__349-25_B3,A002_Xb9a2bb_X1899_spw17,3,15625000.0,coarse,1314,128,64,10,0.25,5,0.0044804366884811314,79.85752232000502,64,True
894,LP__349-25_B3,A002_Xb9a2bb_X1899_spw17,3,15625000.0,coarse,1314,128,64,10,0.1,0,0.0044804366884811314,32.58015347362197,64,True
895,LP__349-25_B3,A002_Xb9a2bb_X1899_spw17,3,15625000.0,coarse,1314,128,64,10,0.1,1,0.0044804366884811314,32.8248056577064,64,True
896,LP__349-25_B3,A002_Xb9a2bb_X1899_spw17,3,15625000.0,coarse,1314,128,64,10,0.1,2,0.0044804366884811314,32.21522753341747,64,True
897,LP__349-25_B3,A002_Xb9a2bb_X1899_spw17,3,15625000.0,coarse,1314,128,64,10,0.1,3,0.0044804366884811314,30.92644306441365,64,True
898,LP__349-25_B3,A002_Xb9a2bb_X1899_spw17,3,15625000.0,coarse,1314,128,64,10,0.1,4,0.0044804366884811314,32.33067544205846,64,True
899,LP__349-25_B3,A002_Xb9a2bb_X1899_spw17,3,15625000.0,coarse,1314,128,64,10,0.1,5,0.0044804366884811314,31.80853360382518,64,True
900,LP__349-25_B3,A002_Xb9a2bb_X1899_spw17,3,15625000.0,coarse,1314,128,64,15,1.0,0,0.0044804366884811314,455.90095418082643,64,True
901,LP__349-25_B3,A002_Xb9a2bb_X1899_spw17,3,15625000.0,coarse,1314,128,64,15,1.0,1,0.0044804366884811314,455.90095418082643,64,True
902,LP__349-25_B3,A002_Xb9a2bb_X1899_spw17,3,15625000.0,coarse,1314,128,64,15,1.0,2,0.0044804366884811314,455.90095418082643,64,True
903,LP__349-25_B3,A002_Xb9a2bb_X1899_spw17,3,15625000.0,coarse,1314,128,64,15,1.0,3,0.0044804366884811314,455.90095418082643,64,True
904,LP__349-25_B3,A002_Xb9a2bb_X1899_spw17,3,15625000.0,coarse,1314,128,64,15,1.0,4,0.0044804366884811314,455.90095418082643,64,True
905,LP__349-25_B3,A002_Xb9a2bb_X1899_spw17,3,15625000.0,coarse,1314,128,64,15,1.0,5,0.0044804366884811314,455.90095418082643,64,True
906,LP__349-25_B3,A002_Xb9a2bb_X1899_spw17,3,15625000.0,coarse,1314,128,64,15,0.75,0,0.0044804366884811314,334.32545077345986,64,True
907,LP__349-25_B3,A002_Xb9a2bb_X1899_spw17,3,15625000.0,coarse,1314,128,64,15,0.75,1,0.0044804366884811314,333.2516806709823,64,True
908,LP__349-25_B3,A002_Xb9a2bb_X1899_spw17,3,15625000.0,coarse,1314,128,64,15,0.75,2,0.0044804366884811314,332.6975926888569,64,True
909,LP__349-25_B3,A002_Xb9a2bb_X1899_spw17,3,15625000.0,coarse,1314,128,64,15,0.75,3,0.0044804366884811314,333.89780206846103,64,True
910,LP__349-25_B3,A002_Xb9a2bb_X1899_spw17,3,15625000.0,coarse,1314,128,64,15,0.75,4,0.0044804366884811314,334.79244363612395,64,True
911,LP__349-25_B3,A002_Xb9a2bb_X1899_spw17,3,15625000.0,coarse,1314,128,64,15,0.75,5,0.0044804366884811314,334.52583105228877,64,True
912,LP__349-25_B3,A002_Xb9a2bb_X1899_spw17,3,15625000.0,coarse,1314,128,64,15,0.5,0,0.0044804366884811314,237.54505549994008,64,True
913,LP__349-25_B3,A002_Xb9a2bb_X1899_spw17,3,15625000.0,coarse,1314,128,64,15,0.5,1,0.0044804366884811314,241.32124798215204,64,True
914,LP__349-25_B3,A002_Xb9a2bb_X1899_spw17,3,15625000.0,coarse,1314,128,64,15,0.5,2,0.0044804366884811314,245.26650815443517,64,True
915,LP__349-25_B3,A002_Xb9a2bb_X1899_spw17,3,15625000.0,coarse,1314,128,64,15,0.5,3,0.0044804366884811314,236.18452259388246,64,True
916,LP__349-25_B3,A002_Xb9a2bb_X1899_spw17,3,15625000.0,coarse,1314,128,64,15,0.5,4,0.0044804366884811314,235.08658936869492,64,True
917,LP__349-25_B3,A002_Xb9a2bb_X1899_spw17,3,15625000.0,coarse,1314,128,64,15,0.5,5,0.0044804366884811314,237.58719371344782,64,True
918,LP__349-25_B3,A002_Xb9a2bb_X1899_spw17,3,15625000.0,coarse,1314,128,64,15,0.4,0,0.0044804366884811314,192.3266809395736,64,True
919,LP__349-25_B3,A002_Xb9a2bb_X1899_spw17,3,15625000.0,coarse,1314,128,64,15,0.4,1,0.0044804366884811314,198.64854540113592,64,True
920,LP__349-25_B3,A002_Xb9a2bb_X1899_spw17,3,15625000.0,coarse,1314,128,64,15,0.4,2,0.0044804366884811314,198.2775347431547,64,True
921,LP__349-25_B3,A002_Xb9a2bb_X1899_spw17,3,15625000.0,coarse,1314,128,64,15,0.4,3,0.0044804366884811314,204.97143578311946,64,True
922,LP__349-25_B3,A002_Xb9a2bb_X1899_spw17,3,15625000.0,coarse,1314,128,64,15,0.4,4,0.0044804366884811314,201.79108062020126,64,True
923,LP__349-25_B3,A002_Xb9a2bb_X1899_spw17,3,15625000.0,coarse,1314,128,64,15,0.4,5,0.0044804366884811314,197.62780255118946,64,True
924,LP__349-25_B3,A002_Xb9a2bb_X1899_spw17,3,15625000.0,coarse,1314,128,64,15,0.25,0,0.0044804366884811314,123.63244423186484,64,True
925,LP__349-25_B3,A002_Xb9a2bb_X1899_spw17,3,15625000.0,coarse,1314,128,64,15,0.25,1,0.0044804366884811314,120.97090087934934,64,True
926,LP__349-25_B3,A002_Xb9a2bb_X1899_spw17,3,15625000.0,coarse,1314,128,64,15,0.25,2,0.0044804366884811314,123.60450821048654,64,True
927,LP__349-25_B3,A002_Xb9a2bb_X1899_spw17,3,15625000.0,coarse,1314,128,64,15,0.25,3,0.0044804366884811314,123.43652317530305,64,True
928,LP__349-25_B3,A002_Xb9a2bb_X1899_spw17,3,15625000.0,coarse,1314,128,64,15,0.25,4,0.0044804366884811314,124.85055630124475,64,True
929,LP__349-25_B3,A002_Xb9a2bb_X1899_spw17,3,15625000.0,coarse,1314,128,64,15,0.25,5,0.0044804366884811314,124.66297790749908,64,True
930,LP__349-25_B3,A002_Xb9a2bb_X1899_spw17,3,15625000.0,coarse,1314,128,64,15,0.1,0,0.0044804366884811314,47.14457385624579,64,True
931,LP__349-25_B3,A002_Xb9a2bb_X1899_spw17,3,15625000.0,coarse,1314,128,64,15,0.1,1,0.0044804366884811314,46.76062608365079,64,True
932,LP__349-25_B3,A002_Xb9a2bb_X1899_spw17,3,15625000.0,coarse,1314,128,64,15,0.1,2,0.0044804366884811314,48.1828624004881,64,True
933,LP__349-25_B3,A002_Xb9a2bb_X1899_spw17,3,15625000.0,coarse,1314,128,64,15,0.1,3,0.0044804366884811314,46.65528959358135,64,True
934,LP__349-25_B3,A002_Xb9a2bb_X1899_spw17,3,15625000.0,coarse,1314,128,64,15,0.1,4,0.0044804366884811314,47.41629598678095,64,True
935,LP__349-25_B3,A002_Xb9a2bb_X1899_spw17,3,15625000.0,coarse,1314,128,64,15,0.1,5,0.0044804366884811314,47.67529164499774,64,True
936,LP__349-25_B3,A002_Xb9a2bb_X1899_spw17,3,15625000.0,coarse,1314,128,64,20,1.0,0,0.0044804366884811314,607.5148883129256,64,True
937,LP__349-25_B3,A002_Xb9a2bb_X1899_spw17,3,15625000.0,coarse,1314,128,64,20,1.0,1,0.0044804366884811314,607.5148883129256,64,True
938,LP__349-25_B3,A002_Xb9a2bb_X1899_spw17,3,15625000.0,coarse,1314,128,64,20,1.0,2,0.0044804366884811314,607.5148883129256,64,True
939,LP__349-25_B3,A002_Xb9a2bb_X1899_spw17,3,15625000.0,coarse,1314,128,64,20,1.0,3,0.0044804366884811314,607.5148883129256,64,True
940,LP__349-25_B3,A002_Xb9a2bb_X1899_spw17,3,15625000.0,coarse,1314,128,64,20,1.0,4,0.0044804366884811314,607.5148883129256,64,True
941,LP__349-25_B3,A002_Xb9a2bb_X1899_spw17,3,15625000.0,coarse,1314,128,64,20,1.0,5,0.0044804366884811314,607.5148883129256,64,True
942,LP__349-25_B3,A002_Xb9a2bb_X1899_spw17,3,15625000.0,coarse,1314,128,64,20,0.75,0,0.0044804366884811314,446.06713104744193,64,True
943,LP__349-25_B3,A002_Xb9a2bb_X1899_spw17,3,15625000.0,coarse,1314,128,64,20,0.75,1,0.0044804366884811314,446.0981595549395,64,True
944,LP__349-25_B3,A002_Xb9a2bb_X1899_spw17,3,15625000.0,coarse,1314,128,64,20,0.75,2,0.0044804366884811314,444.57715158747993,64,True
945,LP__349-25_B3,A002_Xb9a2bb_X1899_spw17,3,15625000.0,coarse,1314,128,64,20,0.75,3,0.0044804366884811314,448.7174279826835,64,True
946,LP__349-25_B3,A002_Xb9a2bb_X1899_spw17,3,15625000.0,coarse,1314,128,64,20,0.75,4,0.0044804366884811314,447.8807229329534,64,True
947,LP__349-25_B3,A002_Xb9a2bb_X1899_spw17,3,15625000.0,coarse,1314,128,64,20,0.75,5,0.0044804366884811314,445.2477165610656,64,True
948,LP__349-25_B3,A002_Xb9a2bb_X1899_spw17,3,15625000.0,coarse,1314,128,64,20,0.5,0,0.0044804366884811314,318.1156249111042,64,True
949,LP__349-25_B3,A002_Xb9a2bb_X1899_spw17,3,15625000.0,coarse,1314,128,64,20,0.5,1,0.0044804366884811314,317.79362070079014,64,True
950,LP__349-25_B3,A002_Xb9a2bb_X1899_spw17,3,15625000.0,coarse,1314,128,64,20,0.5,2,0.0044804366884811314,314.4597148860134,64,True
951,LP__349-25_B3,A002_Xb9a2bb_X1899_spw17,3,15625000.0,coarse,1314,128,64,20,0.5,3,0.0044804366884811314,313.52579589222364,64,True
952,LP__349-25_B3,A002_Xb9a2bb_X1899_spw17,3,15625000.0,coarse,1314,128,64,20,0.5,4,0.0044804366884811314,319.6029806629556,64,True
953,LP__349-25_B3,A002_Xb9a2bb_X1899_spw17,3,15625000.0,coarse,1314,128,64,20,0.5,5,0.0044804366884811314,310.7043792186476,64,True
954,LP__349-25_B3,A002_Xb9a2bb_X1899_spw17,3,15625000.0,coarse,1314,128,64,20,0.4,0,0.0044804366884811314,265.5775426231984,64,True
955,LP__349-25_B3,A002_Xb9a2bb_X1899_spw17,3,15625000.0,coarse,1314,128,64,20,0.4,1,0.0044804366884811314,268.41031671833923,64,True
956,LP__349-25_B3,A002_Xb9a2bb_X1899_spw17,3,15625000.0,coarse,1314,128,64,20,0.4,2,0.0044804366884811314,268.7944741045869,64,True
957,LP__349-25_B3,A002_Xb9a2bb_X1899_spw17,3,15625000.0,coarse,1314,128,64,20,0.4,3,0.0044804366884811314,271.52545494117555,64,True
958,LP__349-25_B3,A002_Xb9a2bb_X1899_spw17,3,15625000.0,coarse,1314,128,64,20,0.4,4,0.0044804366884811314,270.9046722164861,64,True
959,LP__349-25_B3,A002_Xb9a2bb_X1899_spw17,3,15625000.0,coarse,1314,128,64,20,0.4,5,0.0044804366884811314,263.17612638419473,64,True
960,LP__349-25_B3,A002_Xb9a2bb_X1899_spw17,3,15625000.0,coarse,1314,128,64,20,0.25,0,0.0044804366884811314,166.46873754019202,64,True
961,LP__349-25_B3,A002_Xb9a2bb_X1899_spw17,3,15625000.0,coarse,1314,128,64,20,0.25,1,0.0044804366884811314,162.18446648478766,64,True
962,LP__349-25_B3,A002_Xb9a2bb_X1899_spw17,3,15625000.0,coarse,1314,128,64,20,0.25,2,0.0044804366884811314,160.5532442980802,64,True
963,LP__349-25_B3,A002_Xb9a2bb_X1899_spw17,3,15625000.0,coarse,1314,128,64,20,0.25,3,0.0044804366884811314,165.10544602639942,64,True
964,LP__349-25_B3,A002_Xb9a2bb_X1899_spw17,3,15625000.0,coarse,1314,128,64,20,0.25,4,0.0044804366884811314,162.3609409151253,64,True
965,LP__349-25_B3,A002_Xb9a2bb_X1899_spw17,3,15625000.0,coarse,1314,128,64,20,0.25,5,0.0044804366884811314,165.68195054046808,64,True
966,LP__349-25_B3,A002_Xb9a2bb_X1899_spw17,3,15625000.0,coarse,1314,128,64,20,0.1,0,0.0044804366884811314,64.16320663817727,64,True
967,LP__349-25_B3,A002_Xb9a2bb_X1899_spw17,3,15625000.0,coarse,1314,128,64,20,0.1,1,0.0044804366884811314,64.396397111862,64,True
968,LP__349-25_B3,A002_Xb9a2bb_X1899_spw17,3,15625000.0,coarse,1314,128,64,20,0.1,2,0.0044804366884811314,63.171903175581,64,True
969,LP__349-25_B3,A002_Xb9a2bb_X1899_spw17,3,15625000.0,coarse,1314,128,64,20,0.1,3,0.0044804366884811314,61.751634879943836,64,True
970,LP__349-25_B3,A002_Xb9a2bb_X1899_spw17,3,15625000.0,coarse,1314,128,64,20,0.1,4,0.0044804366884811314,65.44535846157801,64,True
971,LP__349-25_B3,A002_Xb9a2bb_X1899_spw17,3,15625000.0,coarse,1314,128,64,20,0.1,5,0.0044804366884811314,63.20985173692062,64,True
972,_gam_Lep_B6,A002_Xd28a9e_Xbcdf_spw2,6,15625000.0,coarse,1314,128,64,2,1.0,0,0.004482555191579741,67.6438507432859,64,True
973,_gam_Lep_B6,A002_Xd28a9e_Xbcdf_spw2,6,15625000.0,coarse,1314,128,64,2,1.0,1,0.004482555191579741,67.6438507432859,64,True
974,_gam_Lep_B6,A002_Xd28a9e_Xbcdf_spw2,6,15625000.0,coarse,1314,128,64,2,1.0,2,0.004482555191579741,67.6438507432859,64,True
975,_gam_Lep_B6,A002_Xd28a9e_Xbcdf_spw2,6,15625000.0,coarse,1314,128,64,2,1.0,3,0.004482555191579741,67.6438507432859,64,True
976,_gam_Lep_B6,A002_Xd28a9e_Xbcdf_spw2,6,15625000.0,coarse,1314,128,64,2,1.0,4,0.004482555191579741,67.6438507432859,64,True
977,_gam_Lep_B6,A002_Xd28a9e_Xbcdf_spw2,6,15625000.0,coarse,1314,128,64,2,1.0,5,0.004482555191579741,67.6438507432859,64,True
978,_gam_Lep_B6,A002_Xd28a9e_Xbcdf_spw2,6,15625000.0,coarse,1314,128,64,2,0.75,0,0.004482555191579741,50.73527466843839,64,True
979,_gam_Lep_B6,A002_Xd28a9e_Xbcdf_spw2,6,15625000.0,coarse,1314,128,64,2,0.75,1,0.004482555191579741,50.56039362799965,64,True
980,_gam_Lep_B6,A002_Xd28a9e_Xbcdf_spw2,6,15625000.0,coarse,1314,128,64,2,0.75,2,0.004482555191579741,50.74238931046027,64,True
981,_gam_Lep_B6,A002_Xd28a9e_Xbcdf_spw2,6,15625000.0,coarse,1314,128,64,2,0.75,3,0.004482555191579741,50.534221319906855,64,True
982,_gam_Lep_B6,A002_Xd28a9e_Xbcdf_spw2,6,15625000.0,coarse,1314,128,64,2,0.75,4,0.004482555191579741,50.38129372718857,64,True
983,_gam_Lep_B6,A002_Xd28a9e_Xbcdf_spw2,6,15625000.0,coarse,1314,128,64,2,0.75,5,0.004482555191579741,50.64325643449722,64,True
984,_gam_Lep_B6,A002_Xd28a9e_Xbcdf_spw2,6,15625000.0,coarse,1314,128,64,2,0.5,0,0.004482555191579741,32.55769654746374,64,True
985,_gam_Lep_B6,A002_Xd28a9e_Xbcdf_spw2,6,15625000.0,coarse,1314,128,64,2,0.5,1,0.004482555191579741,33.04838114612299,64,True
986,_gam_Lep_B6,A002_Xd28a9e_Xbcdf_spw2,6,15625000.0,coarse,1314,128,64,2,0.5,2,0.004482555191579741,32.70364628356627,64,True
987,_gam_Lep_B6,A002_Xd28a9e_Xbcdf_spw2,6,15625000.0,coarse,1314,128,64,2,0.5,3,0.004482555191579741,32.593012881581956,64,True
988,_gam_Lep_B6,A002_Xd28a9e_Xbcdf_spw2,6,15625000.0,coarse,1314,128,64,2,0.5,4,0.004482555191579741,32.51956575460114,64,True
989,_gam_Lep_B6,A002_Xd28a9e_Xbcdf_spw2,6,15625000.0,coarse,1314,128,64,2,0.5,5,0.004482555191579741,32.93542936483103,64,True
990,_gam_Lep_B6,A002_Xd28a9e_Xbcdf_spw2,6,15625000.0,coarse,1314,128,64,2,0.4,0,0.004482555191579741,26.286647789297227,64,True
991,_gam_Lep_B6,A002_Xd28a9e_Xbcdf_spw2,6,15625000.0,coarse,1314,128,64,2,0.4,1,0.004482555191579741,26.62005617770588,64,True
992,_gam_Lep_B6,A002_Xd28a9e_Xbcdf_spw2,6,15625000.0,coarse,1314,128,64,2,0.4,2,0.004482555191579741,27.03543143892676,64,True
993,_gam_Lep_B6,A002_Xd28a9e_Xbcdf_spw2,6,15625000.0,coarse,1314,128,64,2,0.4,3,0.004482555191579741,26.445902706918346,64,True
994,_gam_Lep_B6,A002_Xd28a9e_Xbcdf_spw2,6,15625000.0,coarse,1314,128,64,2,0.4,4,0.004482555191579741,26.614502898002012,64,True
995,_gam_Lep_B6,A002_Xd28a9e_Xbcdf_spw2,6,15625000.0,coarse,1314,128,64,2,0.4,5,0.004482555191579741,26.149125991794865,64,True
996,_gam_Lep_B6,A002_Xd28a9e_Xbcdf_spw2,6,15625000.0,coarse,1314,128,64,2,0.25,0,0.004482555191579741,17.04000796156634,64,True
997,_gam_Lep_B6,A002_Xd28a9e_Xbcdf_spw2,6,15625000.0,coarse,1314,128,64,2,0.25,1,0.004482555191579741,16.74805474960866,64,True
998,_gam_Lep_B6,A002_Xd28a9e_Xbcdf_spw2,6,15625000.0,coarse,1314,128,64,2,0.25,2,0.004482555191579741,16.880638275898832,64,True
999,_gam_Lep_B6,A002_Xd28a9e_Xbcdf_spw2,6,15625000.0,coarse,1314,128,64,2,0.25,3,0.004482555191579741,16.61502704736127,64,True
1000,_gam_Lep_B6,A002_Xd28a9e_Xbcdf_spw2,6,15625000.0,coarse,1314,128,64,2,0.25,4,0.004482555191579741,16.898136438704768,64,True
1001,_gam_Lep_B6,A002_Xd28a9e_Xbcdf_spw2,6,15625000.0,coarse,1314,128,64,2,0.25,5,0.004482555191579741,16.949301849954836,64,True
1002,_gam_Lep_B6,A002_Xd28a9e_Xbcdf_spw2,6,15625000.0,coarse,1314,128,64,2,0.1,0,0.004482555191579741,8.114216034311768,64,True
1003,_gam_Lep_B6,A002_Xd28a9e_Xbcdf_spw2,6,15625000.0,coarse,1314,128,64,2,0.1,1,0.004482555191579741,8.051392108585178,64,True
1004,_gam_Lep_B6,A002_Xd28a9e_Xbcdf_spw2,6,15625000.0,coarse,1314,128,64,2,0.1,2,0.004482555191579741,8.15895636951605,64,True
1005,_gam_Lep_B6,A002_Xd28a9e_Xbcdf_spw2,6,15625000.0,coarse,1314,128,64,2,0.1,3,0.004482555191579741,8.199081275980342,64,True
1006,_gam_Lep_B6,A002_Xd28a9e_Xbcdf_spw2,6,15625000.0,coarse,1314,128,64,2,0.1,4,0.004482555191579741,8.009500480183206,64,True
1007,_gam_Lep_B6,A002_Xd28a9e_Xbcdf_spw2,6,15625000.0,coarse,1314,128,64,2,0.1,5,0.004482555191579741,8.032993116158675,64,True
1008,_gam_Lep_B6,A002_Xd28a9e_Xbcdf_spw2,6,15625000.0,coarse,1314,128,64,3,1.0,0,0.004482555191579741,97.28193274003284,64,True
1009,_gam_Lep_B6,A002_Xd28a9e_Xbcdf_spw2,6,15625000.0,coarse,1314,128,64,3,1.0,1,0.004482555191579741,97.28193274003284,64,True
1010,_gam_Lep_B6,A002_Xd28a9e_Xbcdf_spw2,6,15625000.0,coarse,1314,128,64,3,1.0,2,0.004482555191579741,97.28193274003284,64,True
1011,_gam_Lep_B6,A002_Xd28a9e_Xbcdf_spw2,6,15625000.0,coarse,1314,128,64,3,1.0,3,0.004482555191579741,97.28193274003284,64,True
1012,_gam_Lep_B6,A002_Xd28a9e_Xbcdf_spw2,6,15625000.0,coarse,1314,128,64,3,1.0,4,0.004482555191579741,97.28193274003284,64,True
1013,_gam_Lep_B6,A002_Xd28a9e_Xbcdf_spw2,6,15625000.0,coarse,1314,128,64,3,1.0,5,0.004482555191579741,97.28193274003284,64,True
1014,_gam_Lep_B6,A002_Xd28a9e_Xbcdf_spw2,6,15625000.0,coarse,1314,128,64,3,0.75,0,0.004482555191579741,76.0840851035288,64,True
1015,_gam_Lep_B6,A002_Xd28a9e_Xbcdf_spw2,6,15625000.0,coarse,1314,128,64,3,0.75,1,0.004482555191579741,75.72511656028794,64,True
1016,_gam_Lep_B6,A002_Xd28a9e_Xbcdf_spw2,6,15625000.0,coarse,1314,128,64,3,0.75,2,0.004482555191579741,75.59561073258989,64,True
1017,_gam_Lep_B6,A002_Xd28a9e_Xbcdf_spw2,6,15625000.0,coarse,1314,128,64,3,0.75,3,0.004482555191579741,75.23246490989865,64,True
1018,_gam_Lep_B6,A002_Xd28a9e_Xbcdf_spw2,6,15625000.0,coarse,1314,128,64,3,0.75,4,0.004482555191579741,75.99879071999781,64,True
1019,_gam_Lep_B6,A002_Xd28a9e_Xbcdf_spw2,6,15625000.0,coarse,1314,128,64,3,0.75,5,0.004482555191579741,75.93669941293976,64,True
1020,_gam_Lep_B6,A002_Xd28a9e_Xbcdf_spw2,6,15625000.0,coarse,1314,128,64,3,0.5,0,0.004482555191579741,49.413392829682515,64,True
1021,_gam_Lep_B6,A002_Xd28a9e_Xbcdf_spw2,6,15625000.0,coarse,1314,128,64,3,0.5,1,0.004482555191579741,48.54475285342404,64,True
1022,_gam_Lep_B6,A002_Xd28a9e_Xbcdf_spw2,6,15625000.0,coarse,1314,128,64,3,0.5,2,0.004482555191579741,48.5317590630856,64,True
1023,_gam_Lep_B6,A002_Xd28a9e_Xbcdf_spw2,6,15625000.0,coarse,1314,128,64,3,0.5,3,0.004482555191579741,48.4177552667436,64,True
1024,_gam_Lep_B6,A002_Xd28a9e_Xbcdf_spw2,6,15625000.0,coarse,1314,128,64,3,0.5,4,0.004482555191579741,49.093193915616894,64,True
1025,_gam_Lep_B6,A002_Xd28a9e_Xbcdf_spw2,6,15625000.0,coarse,1314,128,64,3,0.5,5,0.004482555191579741,48.295764510216856,64,True
1026,_gam_Lep_B6,A002_Xd28a9e_Xbcdf_spw2,6,15625000.0,coarse,1314,128,64,3,0.4,0,0.004482555191579741,39.17603246784339,64,True
1027,_gam_Lep_B6,A002_Xd28a9e_Xbcdf_spw2,6,15625000.0,coarse,1314,128,64,3,0.4,1,0.004482555191579741,38.906291866042714,64,True
1028,_gam_Lep_B6,A002_Xd28a9e_Xbcdf_spw2,6,15625000.0,coarse,1314,128,64,3,0.4,2,0.004482555191579741,39.39208073700772,64,True
1029,_gam_Lep_B6,A002_Xd28a9e_Xbcdf_spw2,6,15625000.0,coarse,1314,128,64,3,0.4,3,0.004482555191579741,38.7400599494488,64,True
1030,_gam_Lep_B6,A002_Xd28a9e_Xbcdf_spw2,6,15625000.0,coarse,1314,128,64,3,0.4,4,0.004482555191579741,39.42985930370619,64,True
1031,_gam_Lep_B6,A002_Xd28a9e_Xbcdf_spw2,6,15625000.0,coarse,1314,128,64,3,0.4,5,0.004482555191579741,39.465501179191236,64,True
1032,_gam_Lep_B6,A002_Xd28a9e_Xbcdf_spw2,6,15625000.0,coarse,1314,128,64,3,0.25,0,0.004482555191579741,24.19565294644315,64,True
1033,_gam_Lep_B6,A002_Xd28a9e_Xbcdf_spw2,6,15625000.0,coarse,1314,128,64,3,0.25,1,0.004482555191579741,24.650924610576503,64,True
1034,_gam_Lep_B6,A002_Xd28a9e_Xbcdf_spw2,6,15625000.0,coarse,1314,128,64,3,0.25,2,0.004482555191579741,24.47054581902592,64,True
1035,_gam_Lep_B6,A002_Xd28a9e_Xbcdf_spw2,6,15625000.0,coarse,1314,128,64,3,0.25,3,0.004482555191579741,24.44717050995682,64,True
1036,_gam_Lep_B6,A002_Xd28a9e_Xbcdf_spw2,6,15625000.0,coarse,1314,128,64,3,0.25,4,0.004482555191579741,24.471243654826992,64,True
1037,_gam_Lep_B6,A002_Xd28a9e_Xbcdf_spw2,6,15625000.0,coarse,1314,128,64,3,0.25,5,0.004482555191579741,24.99715707964557,64,True
1038,_gam_Lep_B6,A002_Xd28a9e_Xbcdf_spw2,6,15625000.0,coarse,1314,128,64,3,0.1,0,0.004482555191579741,11.082577504750843,64,True
1039,_gam_Lep_B6,A002_Xd28a9e_Xbcdf_spw2,6,15625000.0,coarse,1314,128,64,3,0.1,1,0.004482555191579741,10.89822007190261,64,True
1040,_gam_Lep_B6,A002_Xd28a9e_Xbcdf_spw2,6,15625000.0,coarse,1314,128,64,3,0.1,2,0.004482555191579741,11.2220484876379,64,True
1041,_gam_Lep_B6,A002_Xd28a9e_Xbcdf_spw2,6,15625000.0,coarse,1314,128,64,3,0.1,3,0.004482555191579741,11.289861150352507,64,True
1042,_gam_Lep_B6,A002_Xd28a9e_Xbcdf_spw2,6,15625000.0,coarse,1314,128,64,3,0.1,4,0.004482555191579741,11.20872729429426,64,True
1043,_gam_Lep_B6,A002_Xd28a9e_Xbcdf_spw2,6,15625000.0,coarse,1314,128,64,3,0.1,5,0.004482555191579741,11.12469055026689,64,True
1044,_gam_Lep_B6,A002_Xd28a9e_Xbcdf_spw2,6,15625000.0,coarse,1314,128,64,4,1.0,0,0.004482555191579741,128.91438305912092,64,True
1045,_gam_Lep_B6,A002_Xd28a9e_Xbcdf_spw2,6,15625000.0,coarse,1314,128,64,4,1.0,1,0.004482555191579741,128.91438305912092,64,True
1046,_gam_Lep_B6,A002_Xd28a9e_Xbcdf_spw2,6,15625000.0,coarse,1314,128,64,4,1.0,2,0.004482555191579741,128.91438305912092,64,True
1047,_gam_Lep_B6,A002_Xd28a9e_Xbcdf_spw2,6,15625000.0,coarse,1314,128,64,4,1.0,3,0.004482555191579741,128.91438305912092,64,True
1048,_gam_Lep_B6,A002_Xd28a9e_Xbcdf_spw2,6,15625000.0,coarse,1314,128,64,4,1.0,4,0.004482555191579741,128.91438305912092,64,True
1049,_gam_Lep_B6,A002_Xd28a9e_Xbcdf_spw2,6,15625000.0,coarse,1314,128,64,4,1.0,5,0.004482555191579741,128.91438305912092,64,True
1050,_gam_Lep_B6,A002_Xd28a9e_Xbcdf_spw2,6,15625000.0,coarse,1314,128,64,4,0.75,0,0.004482555191579741,99.73446395386067,64,True
1051,_gam_Lep_B6,A002_Xd28a9e_Xbcdf_spw2,6,15625000.0,coarse,1314,128,64,4,0.75,1,0.004482555191579741,101.0068946755385,64,True
1052,_gam_Lep_B6,A002_Xd28a9e_Xbcdf_spw2,6,15625000.0,coarse,1314,128,64,4,0.75,2,0.004482555191579741,99.94918394728174,64,True
1053,_gam_Lep_B6,A002_Xd28a9e_Xbcdf_spw2,6,15625000.0,coarse,1314,128,64,4,0.75,3,0.004482555191579741,100.28273492546664,64,True
1054,_gam_Lep_B6,A002_Xd28a9e_Xbcdf_spw2,6,15625000.0,coarse,1314,128,64,4,0.75,4,0.004482555191579741,100.36922835331717,64,True
1055,_gam_Lep_B6,A002_Xd28a9e_Xbcdf_spw2,6,15625000.0,coarse,1314,128,64,4,0.75,5,0.004482555191579741,101.11471358808868,64,True
1056,_gam_Lep_B6,A002_Xd28a9e_Xbcdf_spw2,6,15625000.0,coarse,1314,128,64,4,0.5,0,0.004482555191579741,64.0510299777137,64,True
1057,_gam_Lep_B6,A002_Xd28a9e_Xbcdf_spw2,6,15625000.0,coarse,1314,128,64,4,0.5,1,0.004482555191579741,64.0922677221638,64,True
1058,_gam_Lep_B6,A002_Xd28a9e_Xbcdf_spw2,6,15625000.0,coarse,1314,128,64,4,0.5,2,0.004482555191579741,63.854959694191514,64,True
1059,_gam_Lep_B6,A002_Xd28a9e_Xbcdf_spw2,6,15625000.0,coarse,1314,128,64,4,0.5,3,0.004482555191579741,63.739497444847395,64,True
1060,_gam_Lep_B6,A002_Xd28a9e_Xbcdf_spw2,6,15625000.0,coarse,1314,128,64,4,0.5,4,0.004482555191579741,64.15057977272886,64,True
1061,_gam_Lep_B6,A002_Xd28a9e_Xbcdf_spw2,6,15625000.0,coarse,1314,128,64,4,0.5,5,0.004482555191579741,64.08100449228165,64,True
1062,_gam_Lep_B6,A002_Xd28a9e_Xbcdf_spw2,6,15625000.0,coarse,1314,128,64,4,0.4,0,0.004482555191579741,50.89408843183204,64,True
1063,_gam_Lep_B6,A002_Xd28a9e_Xbcdf_spw2,6,15625000.0,coarse,1314,128,64,4,0.4,1,0.004482555191579741,51.363128936437334,64,True
1064,_gam_Lep_B6,A002_Xd28a9e_Xbcdf_spw2,6,15625000.0,coarse,1314,128,64,4,0.4,2,0.004482555191579741,51.77523643414797,64,True
1065,_gam_Lep_B6,A002_Xd28a9e_Xbcdf_spw2,6,15625000.0,coarse,1314,128,64,4,0.4,3,0.004482555191579741,51.120256716591285,64,True
1066,_gam_Lep_B6,A002_Xd28a9e_Xbcdf_spw2,6,15625000.0,coarse,1314,128,64,4,0.4,4,0.004482555191579741,50.894616413706,64,True
1067,_gam_Lep_B6,A002_Xd28a9e_Xbcdf_spw2,6,15625000.0,coarse,1314,128,64,4,0.4,5,0.004482555191579741,51.09358789400077,64,True
1068,_gam_Lep_B6,A002_Xd28a9e_Xbcdf_spw2,6,15625000.0,coarse,1314,128,64,4,0.25,0,0.004482555191579741,31.894796869073033,64,True
1069,_gam_Lep_B6,A002_Xd28a9e_Xbcdf_spw2,6,15625000.0,coarse,1314,128,64,4,0.25,1,0.004482555191579741,31.988218034838916,64,True
1070,_gam_Lep_B6,A002_Xd28a9e_Xbcdf_spw2,6,15625000.0,coarse,1314,128,64,4,0.25,2,0.004482555191579741,31.67428234815557,64,True
1071,_gam_Lep_B6,A002_Xd28a9e_Xbcdf_spw2,6,15625000.0,coarse,1314,128,64,4,0.25,3,0.004482555191579741,31.523404736852353,64,True
1072,_gam_Lep_B6,A002_Xd28a9e_Xbcdf_spw2,6,15625000.0,coarse,1314,128,64,4,0.25,4,0.004482555191579741,32.26471230951408,64,True
1073,_gam_Lep_B6,A002_Xd28a9e_Xbcdf_spw2,6,15625000.0,coarse,1314,128,64,4,0.25,5,0.004482555191579741,32.009223331998335,64,True
1074,_gam_Lep_B6,A002_Xd28a9e_Xbcdf_spw2,6,15625000.0,coarse,1314,128,64,4,0.1,0,0.004482555191579741,14.182082039308417,64,True
1075,_gam_Lep_B6,A002_Xd28a9e_Xbcdf_spw2,6,15625000.0,coarse,1314,128,64,4,0.1,1,0.004482555191579741,13.977165996227336,64,True
1076,_gam_Lep_B6,A002_Xd28a9e_Xbcdf_spw2,6,15625000.0,coarse,1314,128,64,4,0.1,2,0.004482555191579741,14.14042662034357,64,True
1077,_gam_Lep_B6,A002_Xd28a9e_Xbcdf_spw2,6,15625000.0,coarse,1314,128,64,4,0.1,3,0.004482555191579741,13.819016943795676,64,True
1078,_gam_Lep_B6,A002_Xd28a9e_Xbcdf_spw2,6,15625000.0,coarse,1314,128,64,4,0.1,4,0.004482555191579741,14.116300990371599,64,True
1079,_gam_Lep_B6,A002_Xd28a9e_Xbcdf_spw2,6,15625000.0,coarse,1314,128,64,4,0.1,5,0.004482555191579741,14.431274861975806,64,True
1080,_gam_Lep_B6,A002_Xd28a9e_Xbcdf_spw2,6,15625000.0,coarse,1314,128,64,5,1.0,0,0.004482555191579741,160.6330800268029,64,True
1081,_gam_Lep_B6,A002_Xd28a9e_Xbcdf_spw2,6,15625000.0,coarse,1314,128,64,5,1.0,1,0.004482555191579741,160.6330800268029,64,True
1082,_gam_Lep_B6,A002_Xd28a9e_Xbcdf_spw2,6,15625000.0,coarse,1314,128,64,5,1.0,2,0.004482555191579741,160.6330800268029,64,True
1083,_gam_Lep_B6,A002_Xd28a9e_Xbcdf_spw2,6,15625000.0,coarse,1314,128,64,5,1.0,3,0.004482555191579741,160.6330800268029,64,True
1084,_gam_Lep_B6,A002_Xd28a9e_Xbcdf_spw2,6,15625000.0,coarse,1314,128,64,5,1.0,4,0.004482555191579741,160.6330800268029,64,True
1085,_gam_Lep_B6,A002_Xd28a9e_Xbcdf_spw2,6,15625000.0,coarse,1314,128,64,5,1.0,5,0.004482555191579741,160.6330800268029,64,True
1086,_gam_Lep_B6,A002_Xd28a9e_Xbcdf_spw2,6,15625000.0,coarse,1314,128,64,5,0.75,0,0.004482555191579741,124.44354702849327,64,True
1087,_gam_Lep_B6,A002_Xd28a9e_Xbcdf_spw2,6,15625000.0,coarse,1314,128,64,5,0.75,1,0.004482555191579741,125.59764684040172,64,True
1088,_gam_Lep_B6,A002_Xd28a9e_Xbcdf_spw2,6,15625000.0,coarse,1314,128,64,5,0.75,2,0.004482555191579741,124.73648506486498,64,True
1089,_gam_Lep_B6,A002_Xd28a9e_Xbcdf_spw2,6,15625000.0,coarse,1314,128,64,5,0.75,3,0.004482555191579741,124.23837227630614,64,True
1090,_gam_Lep_B6,A002_Xd28a9e_Xbcdf_spw2,6,15625000.0,coarse,1314,128,64,5,0.75,4,0.004482555191579741,125.20697581411915,64,True
1091,_gam_Lep_B6,A002_Xd28a9e_Xbcdf_spw2,6,15625000.0,coarse,1314,128,64,5,0.75,5,0.004482555191579741,125.18422372882252,64,True
1092,_gam_Lep_B6,A002_Xd28a9e_Xbcdf_spw2,6,15625000.0,coarse,1314,128,64,5,0.5,0,0.004482555191579741,79.4426918136697,64,True
1093,_gam_Lep_B6,A002_Xd28a9e_Xbcdf_spw2,6,15625000.0,coarse,1314,128,64,5,0.5,1,0.004482555191579741,80.92948071577301,64,True
1094,_gam_Lep_B6,A002_Xd28a9e_Xbcdf_spw2,6,15625000.0,coarse,1314,128,64,5,0.5,2,0.004482555191579741,78.44320956333884,64,True
1095,_gam_Lep_B6,A002_Xd28a9e_Xbcdf_spw2,6,15625000.0,coarse,1314,128,64,5,0.5,3,0.004482555191579741,78.5767729548573,64,True
1096,_gam_Lep_B6,A002_Xd28a9e_Xbcdf_spw2,6,15625000.0,coarse,1314,128,64,5,0.5,4,0.004482555191579741,79.47754074995775,64,True
1097,_gam_Lep_B6,A002_Xd28a9e_Xbcdf_spw2,6,15625000.0,coarse,1314,128,64,5,0.5,5,0.004482555191579741,79.36786525527381,64,True
1098,_gam_Lep_B6,A002_Xd28a9e_Xbcdf_spw2,6,15625000.0,coarse,1314,128,64,5,0.4,0,0.004482555191579741,63.081282805072796,64,True
1099,_gam_Lep_B6,A002_Xd28a9e_Xbcdf_spw2,6,15625000.0,coarse,1314,128,64,5,0.4,1,0.004482555191579741,63.69852908383317,64,True
1100,_gam_Lep_B6,A002_Xd28a9e_Xbcdf_spw2,6,15625000.0,coarse,1314,128,64,5,0.4,2,0.004482555191579741,63.43502236660187,64,True
1101,_gam_Lep_B6,A002_Xd28a9e_Xbcdf_spw2,6,15625000.0,coarse,1314,128,64,5,0.4,3,0.004482555191579741,63.096708706830874,64,True
1102,_gam_Lep_B6,A002_Xd28a9e_Xbcdf_spw2,6,15625000.0,coarse,1314,128,64,5,0.4,4,0.004482555191579741,63.46559862009801,64,True
1103,_gam_Lep_B6,A002_Xd28a9e_Xbcdf_spw2,6,15625000.0,coarse,1314,128,64,5,0.4,5,0.004482555191579741,64.30433590209397,64,True
1104,_gam_Lep_B6,A002_Xd28a9e_Xbcdf_spw2,6,15625000.0,coarse,1314,128,64,5,0.25,0,0.004482555191579741,39.31769080553085,64,True
1105,_gam_Lep_B6,A002_Xd28a9e_Xbcdf_spw2,6,15625000.0,coarse,1314,128,64,5,0.25,1,0.004482555191579741,40.32743140980912,64,True
1106,_gam_Lep_B6,A002_Xd28a9e_Xbcdf_spw2,6,15625000.0,coarse,1314,128,64,5,0.25,2,0.004482555191579741,38.90868029853551,64,True
1107,_gam_Lep_B6,A002_Xd28a9e_Xbcdf_spw2,6,15625000.0,coarse,1314,128,64,5,0.25,3,0.004482555191579741,39.594177965151246,64,True
1108,_gam_Lep_B6,A002_Xd28a9e_Xbcdf_spw2,6,15625000.0,coarse,1314,128,64,5,0.25,4,0.004482555191579741,39.46847674533138,64,True
1109,_gam_Lep_B6,A002_Xd28a9e_Xbcdf_spw2,6,15625000.0,coarse,1314,128,64,5,0.25,5,0.004482555191579741,39.06488611371317,64,True
1110,_gam_Lep_B6,A002_Xd28a9e_Xbcdf_spw2,6,15625000.0,coarse,1314,128,64,5,0.1,0,0.004482555191579741,16.839541193914428,64,True
1111,_gam_Lep_B6,A002_Xd28a9e_Xbcdf_spw2,6,15625000.0,coarse,1314,128,64,5,0.1,1,0.004482555191579741,17.617217784389883,64,True
1112,_gam_Lep_B6,A002_Xd28a9e_Xbcdf_spw2,6,15625000.0,coarse,1314,128,64,5,0.1,2,0.004482555191579741,17.371928617609132,64,True
1113,_gam_Lep_B6,A002_Xd28a9e_Xbcdf_spw2,6,15625000.0,coarse,1314,128,64,5,0.1,3,0.004482555191579741,17.213453944879845,64,True
1114,_gam_Lep_B6,A002_Xd28a9e_Xbcdf_spw2,6,15625000.0,coarse,1314,128,64,5,0.1,4,0.004482555191579741,17.52330776133756,64,True
1115,_gam_Lep_B6,A002_Xd28a9e_Xbcdf_spw2,6,15625000.0,coarse,1314,128,64,5,0.1,5,0.004482555191579741,17.20189084450483,64,True
1116,_gam_Lep_B6,A002_Xd28a9e_Xbcdf_spw2,6,15625000.0,coarse,1314,128,64,6,1.0,0,0.004482555191579741,192.35177699448462,64,True
1117,_gam_Lep_B6,A002_Xd28a9e_Xbcdf_spw2,6,15625000.0,coarse,1314,128,64,6,1.0,1,0.004482555191579741,192.35177699448462,64,True
1118,_gam_Lep_B6,A002_Xd28a9e_Xbcdf_spw2,6,15625000.0,coarse,1314,128,64,6,1.0,2,0.004482555191579741,192.35177699448462,64,True
1119,_gam_Lep_B6,A002_Xd28a9e_Xbcdf_spw2,6,15625000.0,coarse,1314,128,64,6,1.0,3,0.004482555191579741,192.35177699448462,64,True
1120,_gam_Lep_B6,A002_Xd28a9e_Xbcdf_spw2,6,15625000.0,coarse,1314,128,64,6,1.0,4,0.004482555191579741,192.35177699448462,64,True
1121,_gam_Lep_B6,A002_Xd28a9e_Xbcdf_spw2,6,15625000.0,coarse,1314,128,64,6,1.0,5,0.004482555191579741,192.35177699448462,64,True
1122,_gam_Lep_B6,A002_Xd28a9e_Xbcdf_spw2,6,15625000.0,coarse,1314,128,64,6,0.75,0,0.004482555191579741,149.74817398494824,64,True
1123,_gam_Lep_B6,A002_Xd28a9e_Xbcdf_spw2,6,15625000.0,coarse,1314,128,64,6,0.75,1,0.004482555191579741,149.83563146779147,64,True
1124,_gam_Lep_B6,A002_Xd28a9e_Xbcdf_spw2,6,15625000.0,coarse,1314,128,64,6,0.75,2,0.004482555191579741,148.29005259817524,64,True
1125,_gam_Lep_B6,A002_Xd28a9e_Xbcdf_spw2,6,15625000.0,coarse,1314,128,64,6,0.75,3,0.004482555191579741,148.87121340263542,64,True
1126,_gam_Lep_B6,A002_Xd28a9e_Xbcdf_spw2,6,15625000.0,coarse,1314,128,64,6,0.75,4,0.004482555191579741,149.88777857350425,64,True
1127,_gam_Lep_B6,A002_Xd28a9e_Xbcdf_spw2,6,15625000.0,coarse,1314,128,64,6,0.75,5,0.004482555191579741,149.89640356100475,64,True
1128,_gam_Lep_B6,A002_Xd28a9e_Xbcdf_spw2,6,15625000.0,coarse,1314,128,64,6,0.5,0,0.004482555191579741,94.46120216292918,64,True
1129,_gam_Lep_B6,A002_Xd28a9e_Xbcdf_spw2,6,15625000.0,coarse,1314,128,64,6,0.5,1,0.004482555191579741,96.51917961810818,64,True
1130,_gam_Lep_B6,A002_Xd28a9e_Xbcdf_spw2,6,15625000.0,coarse,1314,128,64,6,0.5,2,0.004482555191579741,94.66026841471435,64,True
1131,_gam_Lep_B6,A002_Xd28a9e_Xbcdf_spw2,6,15625000.0,coarse,1314,128,64,6,0.5,3,0.004482555191579741,96.57721322712436,64,True
1132,_gam_Lep_B6,A002_Xd28a9e_Xbcdf_spw2,6,15625000.0,coarse,1314,128,64,6,0.5,4,0.004482555191579741,94.88498169474448,64,True
1133,_gam_Lep_B6,A002_Xd28a9e_Xbcdf_spw2,6,15625000.0,coarse,1314,128,64,6,0.5,5,0.004482555191579741,94.88073233124027,64,True
1134,_gam_Lep_B6,A002_Xd28a9e_Xbcdf_spw2,6,15625000.0,coarse,1314,128,64,6,0.4,0,0.004482555191579741,76.41617878225486,64,True
1135,_gam_Lep_B6,A002_Xd28a9e_Xbcdf_spw2,6,15625000.0,coarse,1314,128,64,6,0.4,1,0.004482555191579741,74.86039517050808,64,True
1136,_gam_Lep_B6,A002_Xd28a9e_Xbcdf_spw2,6,15625000.0,coarse,1314,128,64,6,0.4,2,0.004482555191579741,76.26104342007132,64,True
1137,_gam_Lep_B6,A002_Xd28a9e_Xbcdf_spw2,6,15625000.0,coarse,1314,128,64,6,0.4,3,0.004482555191579741,76.54935758277607,64,True
1138,_gam_Lep_B6,A002_Xd28a9e_Xbcdf_spw2,6,15625000.0,coarse,1314,128,64,6,0.4,4,0.004482555191579741,75.90277629797272,64,True
1139,_gam_Lep_B6,A002_Xd28a9e_Xbcdf_spw2,6,15625000.0,coarse,1314,128,64,6,0.4,5,0.004482555191579741,74.5380669797743,64,True
1140,_gam_Lep_B6,A002_Xd28a9e_Xbcdf_spw2,6,15625000.0,coarse,1314,128,64,6,0.25,0,0.004482555191579741,47.80861617445449,64,True
1141,_gam_Lep_B6,A002_Xd28a9e_Xbcdf_spw2,6,15625000.0,coarse,1314,128,64,6,0.25,1,0.004482555191579741,48.02522624373077,64,True
1142,_gam_Lep_B6,A002_Xd28a9e_Xbcdf_spw2,6,15625000.0,coarse,1314,128,64,6,0.25,2,0.004482555191579741,46.41767381771338,64,True
1143,_gam_Lep_B6,A002_Xd28a9e_Xbcdf_spw2,6,15625000.0,coarse,1314,128,64,6,0.25,3,0.004482555191579741,47.587612185973846,64,True
1144,_gam_Lep_B6,A002_Xd28a9e_Xbcdf_spw2,6,15625000.0,coarse,1314,128,64,6,0.25,4,0.004482555191579741,46.74809690672768,64,True
1145,_gam_Lep_B6,A002_Xd28a9e_Xbcdf_spw2,6,15625000.0,coarse,1314,128,64,6,0.25,5,0.004482555191579741,47.57889925770397,64,True
1146,_gam_Lep_B6,A002_Xd28a9e_Xbcdf_spw2,6,15625000.0,coarse,1314,128,64,6,0.1,0,0.004482555191579741,20.515504320993955,64,True
1147,_gam_Lep_B6,A002_Xd28a9e_Xbcdf_spw2,6,15625000.0,coarse,1314,128,64,6,0.1,1,0.004482555191579741,20.68508547039568,64,True
1148,_gam_Lep_B6,A002_Xd28a9e_Xbcdf_spw2,6,15625000.0,coarse,1314,128,64,6,0.1,2,0.004482555191579741,21.11379757860513,64,True
1149,_gam_Lep_B6,A002_Xd28a9e_Xbcdf_spw2,6,15625000.0,coarse,1314,128,64,6,0.1,3,0.004482555191579741,20.525631973223817,64,True
1150,_gam_Lep_B6,A002_Xd28a9e_Xbcdf_spw2,6,15625000.0,coarse,1314,128,64,6,0.1,4,0.004482555191579741,20.24661296192504,64,True
1151,_gam_Lep_B6,A002_Xd28a9e_Xbcdf_spw2,6,15625000.0,coarse,1314,128,64,6,0.1,5,0.004482555191579741,19.985264936288704,64,True
1152,_gam_Lep_B6,A002_Xd28a9e_Xbcdf_spw2,6,15625000.0,coarse,1314,128,64,8,1.0,0,0.004482555191579741,255.7891709298491,64,True
1153,_gam_Lep_B6,A002_Xd28a9e_Xbcdf_spw2,6,15625000.0,coarse,1314,128,64,8,1.0,1,0.004482555191579741,255.7891709298491,64,True
1154,_gam_Lep_B6,A002_Xd28a9e_Xbcdf_spw2,6,15625000.0,coarse,1314,128,64,8,1.0,2,0.004482555191579741,255.7891709298491,64,True
1155,_gam_Lep_B6,A002_Xd28a9e_Xbcdf_spw2,6,15625000.0,coarse,1314,128,64,8,1.0,3,0.004482555191579741,255.7891709298491,64,True
1156,_gam_Lep_B6,A002_Xd28a9e_Xbcdf_spw2,6,15625000.0,coarse,1314,128,64,8,1.0,4,0.004482555191579741,255.7891709298491,64,True
1157,_gam_Lep_B6,A002_Xd28a9e_Xbcdf_spw2,6,15625000.0,coarse,1314,128,64,8,1.0,5,0.004482555191579741,255.7891709298491,64,True
1158,_gam_Lep_B6,A002_Xd28a9e_Xbcdf_spw2,6,15625000.0,coarse,1314,128,64,8,0.75,0,0.004482555191579741,197.99790986815805,64,True
1159,_gam_Lep_B6,A002_Xd28a9e_Xbcdf_spw2,6,15625000.0,coarse,1314,128,64,8,0.75,1,0.004482555191579741,199.08373971789717,64,True
1160,_gam_Lep_B6,A002_Xd28a9e_Xbcdf_spw2,6,15625000.0,coarse,1314,128,64,8,0.75,2,0.004482555191579741,197.84941877974757,64,True
1161,_gam_Lep_B6,A002_Xd28a9e_Xbcdf_spw2,6,15625000.0,coarse,1314,128,64,8,0.75,3,0.004482555191579741,199.29560177745347,64,True
1162,_gam_Lep_B6,A002_Xd28a9e_Xbcdf_spw2,6,15625000.0,coarse,1314,128,64,8,0.75,4,0.004482555191579741,198.66485326541294,64,True
1163,_gam_Lep_B6,A002_Xd28a9e_Xbcdf_spw2,6,15625000.0,coarse,1314,128,64,8,0.75,5,0.004482555191579741,197.7778753207268,64,True
1164,_gam_Lep_B6,A002_Xd28a9e_Xbcdf_spw2,6,15625000.0,coarse,1314,128,64,8,0.5,0,0.004482555191579741,127.99397550199743,64,True
1165,_gam_Lep_B6,A002_Xd28a9e_Xbcdf_spw2,6,15625000.0,coarse,1314,128,64,8,0.5,1,0.004482555191579741,126.90194869124487,64,True
1166,_gam_Lep_B6,A002_Xd28a9e_Xbcdf_spw2,6,15625000.0,coarse,1314,128,64,8,0.5,2,0.004482555191579741,128.05903494443123,64,True
1167,_gam_Lep_B6,A002_Xd28a9e_Xbcdf_spw2,6,15625000.0,coarse,1314,128,64,8,0.5,3,0.004482555191579741,129.75514584736698,64,True
1168,_gam_Lep_B6,A002_Xd28a9e_Xbcdf_spw2,6,15625000.0,coarse,1314,128,64,8,0.5,4,0.004482555191579741,126.08265945305234,64,True
1169,_gam_Lep_B6,A002_Xd28a9e_Xbcdf_spw2,6,15625000.0,coarse,1314,128,64,8,0.5,5,0.004482555191579741,124.5967537843262,64,True
1170,_gam_Lep_B6,A002_Xd28a9e_Xbcdf_spw2,6,15625000.0,coarse,1314,128,64,8,0.4,0,0.004482555191579741,101.42976862786641,64,True
1171,_gam_Lep_B6,A002_Xd28a9e_Xbcdf_spw2,6,15625000.0,coarse,1314,128,64,8,0.4,1,0.004482555191579741,101.06659361886231,64,True
1172,_gam_Lep_B6,A002_Xd28a9e_Xbcdf_spw2,6,15625000.0,coarse,1314,128,64,8,0.4,2,0.004482555191579741,99.66167850271547,64,True
1173,_gam_Lep_B6,A002_Xd28a9e_Xbcdf_spw2,6,15625000.0,coarse,1314,128,64,8,0.4,3,0.004482555191579741,101.33901018422922,64,True
1174,_gam_Lep_B6,A002_Xd28a9e_Xbcdf_spw2,6,15625000.0,coarse,1314,128,64,8,0.4,4,0.004482555191579741,100.43157788332604,64,True
1175,_gam_Lep_B6,A002_Xd28a9e_Xbcdf_spw2,6,15625000.0,coarse,1314,128,64,8,0.4,5,0.004482555191579741,100.08469532798327,64,True
1176,_gam_Lep_B6,A002_Xd28a9e_Xbcdf_spw2,6,15625000.0,coarse,1314,128,64,8,0.25,0,0.004482555191579741,62.054613130919044,64,True
1177,_gam_Lep_B6,A002_Xd28a9e_Xbcdf_spw2,6,15625000.0,coarse,1314,128,64,8,0.25,1,0.004482555191579741,61.73161761333203,64,True
1178,_gam_Lep_B6,A002_Xd28a9e_Xbcdf_spw2,6,15625000.0,coarse,1314,128,64,8,0.25,2,0.004482555191579741,62.81677463736991,64,True
1179,_gam_Lep_B6,A002_Xd28a9e_Xbcdf_spw2,6,15625000.0,coarse,1314,128,64,8,0.25,3,0.004482555191579741,62.05310490807181,64,True
1180,_gam_Lep_B6,A002_Xd28a9e_Xbcdf_spw2,6,15625000.0,coarse,1314,128,64,8,0.25,4,0.004482555191579741,61.45976553310377,64,True
1181,_gam_Lep_B6,A002_Xd28a9e_Xbcdf_spw2,6,15625000.0,coarse,1314,128,64,8,0.25,5,0.004482555191579741,62.39424407629459,64,True
1182,_gam_Lep_B6,A002_Xd28a9e_Xbcdf_spw2,6,15625000.0,coarse,1314,128,64,8,0.1,0,0.004482555191579741,26.65472226294095,64,True
1183,_gam_Lep_B6,A002_Xd28a9e_Xbcdf_spw2,6,15625000.0,coarse,1314,128,64,8,0.1,1,0.004482555191579741,26.617860178234725,64,True
1184,_gam_Lep_B6,A002_Xd28a9e_Xbcdf_spw2,6,15625000.0,coarse,1314,128,64,8,0.1,2,0.004482555191579741,26.657385935000324,64,True
1185,_gam_Lep_B6,A002_Xd28a9e_Xbcdf_spw2,6,15625000.0,coarse,1314,128,64,8,0.1,3,0.004482555191579741,26.70684732280407,64,True
1186,_gam_Lep_B6,A002_Xd28a9e_Xbcdf_spw2,6,15625000.0,coarse,1314,128,64,8,0.1,4,0.004482555191579741,26.61656285562866,64,True
1187,_gam_Lep_B6,A002_Xd28a9e_Xbcdf_spw2,6,15625000.0,coarse,1314,128,64,8,0.1,5,0.004482555191579741,26.377716012322942,64,True
1188,_gam_Lep_B6,A002_Xd28a9e_Xbcdf_spw2,6,15625000.0,coarse,1314,128,64,10,1.0,0,0.004482555191579741,319.22656486521277,64,True
1189,_gam_Lep_B6,A002_Xd28a9e_Xbcdf_spw2,6,15625000.0,coarse,1314,128,64,10,1.0,1,0.004482555191579741,319.22656486521277,64,True
1190,_gam_Lep_B6,A002_Xd28a9e_Xbcdf_spw2,6,15625000.0,coarse,1314,128,64,10,1.0,2,0.004482555191579741,319.22656486521277,64,True
1191,_gam_Lep_B6,A002_Xd28a9e_Xbcdf_spw2,6,15625000.0,coarse,1314,128,64,10,1.0,3,0.004482555191579741,319.22656486521277,64,True
1192,_gam_Lep_B6,A002_Xd28a9e_Xbcdf_spw2,6,15625000.0,coarse,1314,128,64,10,1.0,4,0.004482555191579741,319.22656486521277,64,True
1193,_gam_Lep_B6,A002_Xd28a9e_Xbcdf_spw2,6,15625000.0,coarse,1314,128,64,10,1.0,5,0.004482555191579741,319.22656486521277,64,True
1194,_gam_Lep_B6,A002_Xd28a9e_Xbcdf_spw2,6,15625000.0,coarse,1314,128,64,10,0.75,0,0.004482555191579741,247.2851727575477,64,True
1195,_gam_Lep_B6,A002_Xd28a9e_Xbcdf_spw2,6,15625000.0,coarse,1314,128,64,10,0.75,1,0.004482555191579741,247.43995264002672,64,True
1196,_gam_Lep_B6,A002_Xd28a9e_Xbcdf_spw2,6,15625000.0,coarse,1314,128,64,10,0.75,2,0.004482555191579741,246.79255287867238,64,True
1197,_gam_Lep_B6,A002_Xd28a9e_Xbcdf_spw2,6,15625000.0,coarse,1314,128,64,10,0.75,3,0.004482555191579741,249.561873830432,64,True
1198,_gam_Lep_B6,A002_Xd28a9e_Xbcdf_spw2,6,15625000.0,coarse,1314,128,64,10,0.75,4,0.004482555191579741,247.30581798937862,64,True
1199,_gam_Lep_B6,A002_Xd28a9e_Xbcdf_spw2,6,15625000.0,coarse,1314,128,64,10,0.75,5,0.004482555191579741,246.94182383940276,64,True
1200,_gam_Lep_B6,A002_Xd28a9e_Xbcdf_spw2,6,15625000.0,coarse,1314,128,64,10,0.5,0,0.004482555191579741,155.39764796564572,64,True
1201,_gam_Lep_B6,A002_Xd28a9e_Xbcdf_spw2,6,15625000.0,coarse,1314,128,64,10,0.5,1,0.004482555191579741,162.05812821763047,64,True
1202,_gam_Lep_B6,A002_Xd28a9e_Xbcdf_spw2,6,15625000.0,coarse,1314,128,64,10,0.5,2,0.004482555191579741,157.10125426094723,64,True
1203,_gam_Lep_B6,A002_Xd28a9e_Xbcdf_spw2,6,15625000.0,coarse,1314,128,64,10,0.5,3,0.004482555191579741,158.55341203221832,64,True
1204,_gam_Lep_B6,A002_Xd28a9e_Xbcdf_spw2,6,15625000.0,coarse,1314,128,64,10,0.5,4,0.004482555191579741,156.6711703469612,64,True
1205,_gam_Lep_B6,A002_Xd28a9e_Xbcdf_spw2,6,15625000.0,coarse,1314,128,64,10,0.5,5,0.004482555191579741,160.01525225421332,64,True
1206,_gam_Lep_B6,A002_Xd28a9e_Xbcdf_spw2,6,15625000.0,coarse,1314,128,64,10,0.4,0,0.004482555191579741,124.29533539779113,64,True
1207,_gam_Lep_B6,A002_Xd28a9e_Xbcdf_spw2,6,15625000.0,coarse,1314,128,64,10,0.4,1,0.004482555191579741,127.23196381454729,64,True
1208,_gam_Lep_B6,A002_Xd28a9e_Xbcdf_spw2,6,15625000.0,coarse,1314,128,64,10,0.4,2,0.004482555191579741,124.50348974178672,64,True
1209,_gam_Lep_B6,A002_Xd28a9e_Xbcdf_spw2,6,15625000.0,coarse,1314,128,64,10,0.4,3,0.004482555191579741,124.57324335109612,64,True
1210,_gam_Lep_B6,A002_Xd28a9e_Xbcdf_spw2,6,15625000.0,coarse,1314,128,64,10,0.4,4,0.004482555191579741,126.24588971401265,64,True
1211,_gam_Lep_B6,A002_Xd28a9e_Xbcdf_spw2,6,15625000.0,coarse,1314,128,64,10,0.4,5,0.004482555191579741,126.53217794843044,64,True
1212,_gam_Lep_B6,A002_Xd28a9e_Xbcdf_spw2,6,15625000.0,coarse,1314,128,64,10,0.25,0,0.004482555191579741,76.43600925861062,64,True
1213,_gam_Lep_B6,A002_Xd28a9e_Xbcdf_spw2,6,15625000.0,coarse,1314,128,64,10,0.25,1,0.004482555191579741,78.9219047546938,64,True
1214,_gam_Lep_B6,A002_Xd28a9e_Xbcdf_spw2,6,15625000.0,coarse,1314,128,64,10,0.25,2,0.004482555191579741,76.57525045467409,64,True
1215,_gam_Lep_B6,A002_Xd28a9e_Xbcdf_spw2,6,15625000.0,coarse,1314,128,64,10,0.25,3,0.004482555191579741,77.87538022727016,64,True
1216,_gam_Lep_B6,A002_Xd28a9e_Xbcdf_spw2,6,15625000.0,coarse,1314,128,64,10,0.25,4,0.004482555191579741,77.99500411781315,64,True
1217,_gam_Lep_B6,A002_Xd28a9e_Xbcdf_spw2,6,15625000.0,coarse,1314,128,64,10,0.25,5,0.004482555191579741,78.44151582921974,64,True
1218,_gam_Lep_B6,A002_Xd28a9e_Xbcdf_spw2,6,15625000.0,coarse,1314,128,64,10,0.1,0,0.004482555191579741,32.811666893050536,64,True
1219,_gam_Lep_B6,A002_Xd28a9e_Xbcdf_spw2,6,15625000.0,coarse,1314,128,64,10,0.1,1,0.004482555191579741,32.82757111277159,64,True
1220,_gam_Lep_B6,A002_Xd28a9e_Xbcdf_spw2,6,15625000.0,coarse,1314,128,64,10,0.1,2,0.004482555191579741,32.59962369887871,64,True
1221,_gam_Lep_B6,A002_Xd28a9e_Xbcdf_spw2,6,15625000.0,coarse,1314,128,64,10,0.1,3,0.004482555191579741,34.092186992860725,64,True
1222,_gam_Lep_B6,A002_Xd28a9e_Xbcdf_spw2,6,15625000.0,coarse,1314,128,64,10,0.1,4,0.004482555191579741,32.46689990334843,64,True
1223,_gam_Lep_B6,A002_Xd28a9e_Xbcdf_spw2,6,15625000.0,coarse,1314,128,64,10,0.1,5,0.004482555191579741,33.43847307196721,64,True
1224,_gam_Lep_B6,A002_Xd28a9e_Xbcdf_spw2,6,15625000.0,coarse,1314,128,64,15,1.0,0,0.004482555191579741,477.8200497036221,64,True
1225,_gam_Lep_B6,A002_Xd28a9e_Xbcdf_spw2,6,15625000.0,coarse,1314,128,64,15,1.0,1,0.004482555191579741,477.8200497036221,64,True
1226,_gam_Lep_B6,A002_Xd28a9e_Xbcdf_spw2,6,15625000.0,coarse,1314,128,64,15,1.0,2,0.004482555191579741,477.8200497036221,64,True
1227,_gam_Lep_B6,A002_Xd28a9e_Xbcdf_spw2,6,15625000.0,coarse,1314,128,64,15,1.0,3,0.004482555191579741,477.8200497036221,64,True
1228,_gam_Lep_B6,A002_Xd28a9e_Xbcdf_spw2,6,15625000.0,coarse,1314,128,64,15,1.0,4,0.004482555191579741,477.8200497036221,64,True
1229,_gam_Lep_B6,A002_Xd28a9e_Xbcdf_spw2,6,15625000.0,coarse,1314,128,64,15,1.0,5,0.004482555191579741,477.8200497036221,64,True
1230,_gam_Lep_B6,A002_Xd28a9e_Xbcdf_spw2,6,15625000.0,coarse,1314,128,64,15,0.75,0,0.004482555191579741,369.53410251449446,64,True
1231,_gam_Lep_B6,A002_Xd28a9e_Xbcdf_spw2,6,15625000.0,coarse,1314,128,64,15,0.75,1,0.004482555191579741,372.2364493558083,64,True
1232,_gam_Lep_B6,A002_Xd28a9e_Xbcdf_spw2,6,15625000.0,coarse,1314,128,64,15,0.75,2,0.004482555191579741,370.0724422827517,64,True
1233,_gam_Lep_B6,A002_Xd28a9e_Xbcdf_spw2,6,15625000.0,coarse,1314,128,64,15,0.75,3,0.004482555191579741,369.71351798951804,64,True
1234,_gam_Lep_B6,A002_Xd28a9e_Xbcdf_spw2,6,15625000.0,coarse,1314,128,64,15,0.75,4,0.004482555191579741,372.387290794436,64,True
1235,_gam_Lep_B6,A002_Xd28a9e_Xbcdf_spw2,6,15625000.0,coarse,1314,128,64,15,0.75,5,0.004482555191579741,370.89196174656365,64,True
1236,_gam_Lep_B6,A002_Xd28a9e_Xbcdf_spw2,6,15625000.0,coarse,1314,128,64,15,0.5,0,0.004482555191579741,234.59074148288317,64,True
1237,_gam_Lep_B6,A002_Xd28a9e_Xbcdf_spw2,6,15625000.0,coarse,1314,128,64,15,0.5,1,0.004482555191579741,234.88307258396875,64,True
1238,_gam_Lep_B6,A002_Xd28a9e_Xbcdf_spw2,6,15625000.0,coarse,1314,128,64,15,0.5,2,0.004482555191579741,234.2124223139271,64,True
1239,_gam_Lep_B6,A002_Xd28a9e_Xbcdf_spw2,6,15625000.0,coarse,1314,128,64,15,0.5,3,0.004482555191579741,235.12249146018317,64,True
1240,_gam_Lep_B6,A002_Xd28a9e_Xbcdf_spw2,6,15625000.0,coarse,1314,128,64,15,0.5,4,0.004482555191579741,236.76172027513374,64,True
1241,_gam_Lep_B6,A002_Xd28a9e_Xbcdf_spw2,6,15625000.0,coarse,1314,128,64,15,0.5,5,0.004482555191579741,234.28018053806548,64,True
1242,_gam_Lep_B6,A002_Xd28a9e_Xbcdf_spw2,6,15625000.0,coarse,1314,128,64,15,0.4,0,0.004482555191579741,188.08737719323227,64,True
1243,_gam_Lep_B6,A002_Xd28a9e_Xbcdf_spw2,6,15625000.0,coarse,1314,128,64,15,0.4,1,0.004482555191579741,184.16386892795182,64,True
1244,_gam_Lep_B6,A002_Xd28a9e_Xbcdf_spw2,6,15625000.0,coarse,1314,128,64,15,0.4,2,0.004482555191579741,187.69092171826068,64,True
1245,_gam_Lep_B6,A002_Xd28a9e_Xbcdf_spw2,6,15625000.0,coarse,1314,128,64,15,0.4,3,0.004482555191579741,186.81793638996922,64,True
1246,_gam_Lep_B6,A002_Xd28a9e_Xbcdf_spw2,6,15625000.0,coarse,1314,128,64,15,0.4,4,0.004482555191579741,188.85130141339621,64,True
1247,_gam_Lep_B6,A002_Xd28a9e_Xbcdf_spw2,6,15625000.0,coarse,1314,128,64,15,0.4,5,0.004482555191579741,188.4829525264986,64,True
1248,_gam_Lep_B6,A002_Xd28a9e_Xbcdf_spw2,6,15625000.0,coarse,1314,128,64,15,0.25,0,0.004482555191579741,114.61564181232544,64,True
1249,_gam_Lep_B6,A002_Xd28a9e_Xbcdf_spw2,6,15625000.0,coarse,1314,128,64,15,0.25,1,0.004482555191579741,114.55998868710621,64,True
1250,_gam_Lep_B6,A002_Xd28a9e_Xbcdf_spw2,6,15625000.0,coarse,1314,128,64,15,0.25,2,0.004482555191579741,114.20841654531678,64,True
1251,_gam_Lep_B6,A002_Xd28a9e_Xbcdf_spw2,6,15625000.0,coarse,1314,128,64,15,0.25,3,0.004482555191579741,115.76875942146354,64,True
1252,_gam_Lep_B6,A002_Xd28a9e_Xbcdf_spw2,6,15625000.0,coarse,1314,128,64,15,0.25,4,0.004482555191579741,115.14011211447267,64,True
1253,_gam_Lep_B6,A002_Xd28a9e_Xbcdf_spw2,6,15625000.0,coarse,1314,128,64,15,0.25,5,0.004482555191579741,113.64388871915229,64,True
1254,_gam_Lep_B6,A002_Xd28a9e_Xbcdf_spw2,6,15625000.0,coarse,1314,128,64,15,0.1,0,0.004482555191579741,48.3331637779713,64,True
1255,_gam_Lep_B6,A002_Xd28a9e_Xbcdf_spw2,6,15625000.0,coarse,1314,128,64,15,0.1,1,0.004482555191579741,49.46784597027098,64,True
1256,_gam_Lep_B6,A002_Xd28a9e_Xbcdf_spw2,6,15625000.0,coarse,1314,128,64,15,0.1,2,0.004482555191579741,48.173965034429116,64,True
1257,_gam_Lep_B6,A002_Xd28a9e_Xbcdf_spw2,6,15625000.0,coarse,1314,128,64,15,0.1,3,0.004482555191579741,47.772141542368715,64,True
1258,_gam_Lep_B6,A002_Xd28a9e_Xbcdf_spw2,6,15625000.0,coarse,1314,128,64,15,0.1,4,0.004482555191579741,50.17295314603767,64,True
1259,_gam_Lep_B6,A002_Xd28a9e_Xbcdf_spw2,6,15625000.0,coarse,1314,128,64,15,0.1,5,0.004482555191579741,48.090166172350145,64,True
1260,_gam_Lep_B6,A002_Xd28a9e_Xbcdf_spw2,6,15625000.0,coarse,1314,128,64,20,1.0,0,0.004482555191579741,636.4135345420318,64,True
1261,_gam_Lep_B6,A002_Xd28a9e_Xbcdf_spw2,6,15625000.0,coarse,1314,128,64,20,1.0,1,0.004482555191579741,636.4135345420318,64,True
1262,_gam_Lep_B6,A002_Xd28a9e_Xbcdf_spw2,6,15625000.0,coarse,1314,128,64,20,1.0,2,0.004482555191579741,636.4135345420318,64,True
1263,_gam_Lep_B6,A002_Xd28a9e_Xbcdf_spw2,6,15625000.0,coarse,1314,128,64,20,1.0,3,0.004482555191579741,636.4135345420318,64,True
1264,_gam_Lep_B6,A002_Xd28a9e_Xbcdf_spw2,6,15625000.0,coarse,1314,128,64,20,1.0,4,0.004482555191579741,636.4135345420318,64,True
1265,_gam_Lep_B6,A002_Xd28a9e_Xbcdf_spw2,6,15625000.0,coarse,1314,128,64,20,1.0,5,0.004482555191579741,636.4135345420318,64,True
1266,_gam_Lep_B6,A002_Xd28a9e_Xbcdf_spw2,6,15625000.0,coarse,1314,128,64,20,0.75,0,0.004482555191579741,494.3469588115702,64,True
1267,_gam_Lep_B6,A002_Xd28a9e_Xbcdf_spw2,6,15625000.0,coarse,1314,128,64,20,0.75,1,0.004482555191579741,493.90710027337275,64,True
1268,_gam_Lep_B6,A002_Xd28a9e_Xbcdf_spw2,6,15625000.0,coarse,1314,128,64,20,0.75,2,0.004482555191579741,488.5787092746607,64,True
1269,_gam_Lep_B6,A002_Xd28a9e_Xbcdf_spw2,6,15625000.0,coarse,1314,128,64,20,0.75,3,0.004482555191579741,492.6257332895924,64,True
1270,_gam_Lep_B6,A002_Xd28a9e_Xbcdf_spw2,6,15625000.0,coarse,1314,128,64,20,0.75,4,0.004482555191579741,496.26477589511717,64,True
1271,_gam_Lep_B6,A002_Xd28a9e_Xbcdf_spw2,6,15625000.0,coarse,1314,128,64,20,0.75,5,0.004482555191579741,492.6089082860624,64,True
1272,_gam_Lep_B6,A002_Xd28a9e_Xbcdf_spw2,6,15625000.0,coarse,1314,128,64,20,0.5,0,0.004482555191579741,318.54076905790464,64,True
1273,_gam_Lep_B6,A002_Xd28a9e_Xbcdf_spw2,6,15625000.0,coarse,1314,128,64,20,0.5,1,0.004482555191579741,310.8878532226814,64,True
1274,_gam_Lep_B6,A002_Xd28a9e_Xbcdf_spw2,6,15625000.0,coarse,1314,128,64,20,0.5,2,0.004482555191579741,316.33202226400357,64,True
1275,_gam_Lep_B6,A002_Xd28a9e_Xbcdf_spw2,6,15625000.0,coarse,1314,128,64,20,0.5,3,0.004482555191579741,313.1183754783656,64,True
1276,_gam_Lep_B6,A002_Xd28a9e_Xbcdf_spw2,6,15625000.0,coarse,1314,128,64,20,0.5,4,0.004482555191579741,313.3516569807876,64,True
1277,_gam_Lep_B6,A002_Xd28a9e_Xbcdf_spw2,6,15625000.0,coarse,1314,128,64,20,0.5,5,0.004482555191579741,323.72498048142734,64,True
1278,_gam_Lep_B6,A002_Xd28a9e_Xbcdf_spw2,6,15625000.0,coarse,1314,128,64,20,0.4,0,0.004482555191579741,248.91828342499983,64,True
1279,_gam_Lep_B6,A002_Xd28a9e_Xbcdf_spw2,6,15625000.0,coarse,1314,128,64,20,0.4,1,0.004482555191579741,251.10703215494524,64,True
1280,_gam_Lep_B6,A002_Xd28a9e_Xbcdf_spw2,6,15625000.0,coarse,1314,128,64,20,0.4,2,0.004482555191579741,248.27913439942117,64,True
1281,_gam_Lep_B6,A002_Xd28a9e_Xbcdf_spw2,6,15625000.0,coarse,1314,128,64,20,0.4,3,0.004482555191579741,250.67586793285585,64,True
1282,_gam_Lep_B6,A002_Xd28a9e_Xbcdf_spw2,6,15625000.0,coarse,1314,128,64,20,0.4,4,0.004482555191579741,253.18242180839556,64,True
1283,_gam_Lep_B6,A002_Xd28a9e_Xbcdf_spw2,6,15625000.0,coarse,1314,128,64,20,0.4,5,0.004482555191579741,244.87733923584324,64,True
1284,_gam_Lep_B6,A002_Xd28a9e_Xbcdf_spw2,6,15625000.0,coarse,1314,128,64,20,0.25,0,0.004482555191579741,152.0059457886197,64,True
1285,_gam_Lep_B6,A002_Xd28a9e_Xbcdf_spw2,6,15625000.0,coarse,1314,128,64,20,0.25,1,0.004482555191579741,152.38372452883328,64,True
1286,_gam_Lep_B6,A002_Xd28a9e_Xbcdf_spw2,6,15625000.0,coarse,1314,128,64,20,0.25,2,0.004482555191579741,151.72984052888947,64,True
1287,_gam_Lep_B6,A002_Xd28a9e_Xbcdf_spw2,6,15625000.0,coarse,1314,128,64,20,0.25,3,0.004482555191579741,153.35853449702773,64,True
1288,_gam_Lep_B6,A002_Xd28a9e_Xbcdf_spw2,6,15625000.0,coarse,1314,128,64,20,0.25,4,0.004482555191579741,152.86794729780766,64,True
1289,_gam_Lep_B6,A002_Xd28a9e_Xbcdf_spw2,6,15625000.0,coarse,1314,128,64,20,0.25,5,0.004482555191579741,153.71179348062822,64,True
1290,_gam_Lep_B6,A002_Xd28a9e_Xbcdf_spw2,6,15625000.0,coarse,1314,128,64,20,0.1,0,0.004482555191579741,62.4200261217779,64,True
1291,_gam_Lep_B6,A002_Xd28a9e_Xbcdf_spw2,6,15625000.0,coarse,1314,128,64,20,0.1,1,0.004482555191579741,63.90800195226382,64,True
1292,_gam_Lep_B6,A002_Xd28a9e_Xbcdf_spw2,6,15625000.0,coarse,1314,128,64,20,0.1,2,0.004482555191579741,64.52786490346303,64,True
1293,_gam_Lep_B6,A002_Xd28a9e_Xbcdf_spw2,6,15625000.0,coarse,1314,128,64,20,0.1,3,0.004482555191579741,63.68809583346734,64,True
1294,_gam_Lep_B6,A002_Xd28a9e_Xbcdf_spw2,6,15625000.0,coarse,1314,128,64,20,0.1,4,0.004482555191579741,64.10270119188141,64,True
1295,_gam_Lep_B6,A002_Xd28a9e_Xbcdf_spw2,6,15625000.0,coarse,1314,128,64,20,0.1,5,0.004482555191579741,64.00611565071134,64,True
1296,HD_48370_B6,A002_Xc26103_X155a_spw20,6,15625000.0,coarse,186,128,64,2,1.0,0,0.027982658851810265,23.179289157955843,64,True
1297,HD_48370_B6,A002_Xc26103_X155a_spw20,6,15625000.0,coarse,186,128,64,2,1.0,1,0.027982658851810265,23.179289157955843,64,True
1298,HD_48370_B6,A002_Xc26103_X155a_spw20,6,15625000.0,coarse,186,128,64,2,1.0,2,0.027982658851810265,23.179289157955843,64,True
1299,HD_48370_B6,A002_Xc26103_X155a_spw20,6,15625000.0,coarse,186,128,64,2,1.0,3,0.027982658851810265,23.179289157955843,64,True
1300,HD_48370_B6,A002_Xc26103_X155a_spw20,6,15625000.0,coarse,186,128,64,2,1.0,4,0.027982658851810265,23.179289157955843,64,True
1301,HD_48370_B6,A002_Xc26103_X155a_spw20,6,15625000.0,coarse,186,128,64,2,1.0,5,0.027982658851810265,23.179289157955843,64,True
1302,HD_48370_B6,A002_Xc26103_X155a_spw20,6,15625000.0,coarse,186,128,64,2,0.75,0,0.027982658851810265,17.228110021516187,64,True
1303,HD_48370_B6,A002_Xc26103_X155a_spw20,6,15625000.0,coarse,186,128,64,2,0.75,1,0.027982658851810265,17.251125850998974,64,True
1304,HD_48370_B6,A002_Xc26103_X155a_spw20,6,15625000.0,coarse,186,128,64,2,0.75,2,0.027982658851810265,17.1276048739628,64,True
1305,HD_48370_B6,A002_Xc26103_X155a_spw20,6,15625000.0,coarse,186,128,64,2,0.75,3,0.027982658851810265,17.09097118846148,64,True
1306,HD_48370_B6,A002_Xc26103_X155a_spw20,6,15625000.0,coarse,186,128,64,2,0.75,4,0.027982658851810265,17.26636403476276,64,True
1307,HD_48370_B6,A002_Xc26103_X155a_spw20,6,15625000.0,coarse,186,128,64,2,0.75,5,0.027982658851810265,17.01582103645843,64,True
1308,HD_48370_B6,A002_Xc26103_X155a_spw20,6,15625000.0,coarse,186,128,64,2,0.5,0,0.027982658851810265,11.060493513218947,64,True
1309,HD_48370_B6,A002_Xc26103_X155a_spw20,6,15625000.0,coarse,186,128,64,2,0.5,1,0.027982658851810265,10.991886322422353,64,True
1310,HD_48370_B6,A002_Xc26103_X155a_spw20,6,15625000.0,coarse,186,128,64,2,0.5,2,0.027982658851810265,10.987537898094706,64,True
1311,HD_48370_B6,A002_Xc26103_X155a_spw20,6,15625000.0,coarse,186,128,64,2,0.5,3,0.027982658851810265,10.966319013938648,64,True
1312,HD_48370_B6,A002_Xc26103_X155a_spw20,6,15625000.0,coarse,186,128,64,2,0.5,4,0.027982658851810265,11.003953635805008,64,True
1313,HD_48370_B6,A002_Xc26103_X155a_spw20,6,15625000.0,coarse,186,128,64,2,0.5,5,0.027982658851810265,11.142162533590398,64,True
1314,HD_48370_B6,A002_Xc26103_X155a_spw20,6,15625000.0,coarse,186,128,64,2,0.4,0,0.027982658851810265,8.373623543823562,64,True
1315,HD_48370_B6,A002_Xc26103_X155a_spw20,6,15625000.0,coarse,186,128,64,2,0.4,1,0.027982658851810265,8.68271754500718,64,True
1316,HD_48370_B6,A002_Xc26103_X155a_spw20,6,15625000.0,coarse,186,128,64,2,0.4,2,0.027982658851810265,8.438904958519995,64,True
1317,HD_48370_B6,A002_Xc26103_X155a_spw20,6,15625000.0,coarse,186,128,64,2,0.4,3,0.027982658851810265,8.586861885495969,64,True
1318,HD_48370_B6,A002_Xc26103_X155a_spw20,6,15625000.0,coarse,186,128,64,2,0.4,4,0.027982658851810265,8.594993832767225,64,True
1319,HD_48370_B6,A002_Xc26103_X155a_spw20,6,15625000.0,coarse,186,128,64,2,0.4,5,0.027982658851810265,8.376289097313725,64,True
1320,HD_48370_B6,A002_Xc26103_X155a_spw20,6,15625000.0,coarse,186,128,64,2,0.25,0,0.027982658851810265,4.97006607855077,64,False
1321,HD_48370_B6,A002_Xc26103_X155a_spw20,6,15625000.0,coarse,186,128,64,2,0.25,1,0.027982658851810265,4.8301143169106675,64,False
1322,HD_48370_B6,A002_Xc26103_X155a_spw20,6,15625000.0,coarse,186,128,64,2,0.25,2,0.027982658851810265,4.966195118603509,64,False
1323,HD_48370_B6,A002_Xc26103_X155a_spw20,6,15625000.0,coarse,186,128,64,2,0.25,3,0.027982658851810265,4.791878296743958,64,False
1324,HD_48370_B6,A002_Xc26103_X155a_spw20,6,15625000.0,coarse,186,128,64,2,0.25,4,0.027982658851810265,4.966087187878152,64,False
1325,HD_48370_B6,A002_Xc26103_X155a_spw20,6,15625000.0,coarse,186,128,64,2,0.25,5,0.027982658851810265,4.784091776915255,64,False
1326,HD_48370_B6,A002_Xc26103_X155a_spw20,6,15625000.0,coarse,186,128,64,2,0.1,0,0.027982658851810265,1.144027502984295,108,False
1327,HD_48370_B6,A002_Xc26103_X155a_spw20,6,15625000.0,coarse,186,128,64,2,0.1,1,0.027982658851810265,1.0997025567767624,108,False
1328,HD_48370_B6,A002_Xc26103_X155a_spw20,6,15625000.0,coarse,186,128,64,2,0.1,2,0.027982658851810265,1.1734787424109254,108,False
1329,HD_48370_B6,A002_Xc26103_X155a_spw20,6,15625000.0,coarse,186,128,64,2,0.1,3,0.027982658851810265,1.2452666227047053,108,False
1330,HD_48370_B6,A002_Xc26103_X155a_spw20,6,15625000.0,coarse,186,128,64,2,0.1,4,0.027982658851810265,1.1645746702018518,108,False
1331,HD_48370_B6,A002_Xc26103_X155a_spw20,6,15625000.0,coarse,186,128,64,2,0.1,5,0.027982658851810265,1.2398700445389683,108,False
1332,HD_48370_B6,A002_Xc26103_X155a_spw20,6,15625000.0,coarse,186,128,64,3,1.0,0,0.027982658851810265,35.34820251981234,64,True
1333,HD_48370_B6,A002_Xc26103_X155a_spw20,6,15625000.0,coarse,186,128,64,3,1.0,1,0.027982658851810265,35.34820251981234,64,True
1334,HD_48370_B6,A002_Xc26103_X155a_spw20,6,15625000.0,coarse,186,128,64,3,1.0,2,0.027982658851810265,35.34820251981234,64,True
1335,HD_48370_B6,A002_Xc26103_X155a_spw20,6,15625000.0,coarse,186,128,64,3,1.0,3,0.027982658851810265,35.34820251981234,64,True
1336,HD_48370_B6,A002_Xc26103_X155a_spw20,6,15625000.0,coarse,186,128,64,3,1.0,4,0.027982658851810265,35.34820251981234,64,True
1337,HD_48370_B6,A002_Xc26103_X155a_spw20,6,15625000.0,coarse,186,128,64,3,1.0,5,0.027982658851810265,35.34820251981234,64,True
1338,HD_48370_B6,A002_Xc26103_X155a_spw20,6,15625000.0,coarse,186,128,64,3,0.75,0,0.027982658851810265,26.366842562001313,64,True
1339,HD_48370_B6,A002_Xc26103_X155a_spw20,6,15625000.0,coarse,186,128,64,3,0.75,1,0.027982658851810265,26.56122042317832,64,True
1340,HD_48370_B6,A002_Xc26103_X155a_spw20,6,15625000.0,coarse,186,128,64,3,0.75,2,0.027982658851810265,26.271813614382125,64,True
1341,HD_48370_B6,A002_Xc26103_X155a_spw20,6,15625000.0,coarse,186,128,64,3,0.75,3,0.027982658851810265,26.534193854832857,64,True
1342,HD_48370_B6,A002_Xc26103_X155a_spw20,6,15625000.0,coarse,186,128,64,3,0.75,4,0.027982658851810265,26.219840270643328,64,True
1343,HD_48370_B6,A002_Xc26103_X155a_spw20,6,15625000.0,coarse,186,128,64,3,0.75,5,0.027982658851810265,26.44794013671101,64,True
1344,HD_48370_B6,A002_Xc26103_X155a_spw20,6,15625000.0,coarse,186,128,64,3,0.5,0,0.027982658851810265,17.497875403864107,64,True
1345,HD_48370_B6,A002_Xc26103_X155a_spw20,6,15625000.0,coarse,186,128,64,3,0.5,1,0.027982658851810265,17.485625507462416,64,True
1346,HD_48370_B6,A002_Xc26103_X155a_spw20,6,15625000.0,coarse,186,128,64,3,0.5,2,0.027982658851810265,17.346841779829784,64,True
1347,HD_48370_B6,A002_Xc26103_X155a_spw20,6,15625000.0,coarse,186,128,64,3,0.5,3,0.027982658851810265,17.404054230041233,64,True
1348,HD_48370_B6,A002_Xc26103_X155a_spw20,6,15625000.0,coarse,186,128,64,3,0.5,4,0.027982658851810265,17.53542021415764,64,True
1349,HD_48370_B6,A002_Xc26103_X155a_spw20,6,15625000.0,coarse,186,128,64,3,0.5,5,0.027982658851810265,17.248129273365976,64,True
1350,HD_48370_B6,A002_Xc26103_X155a_spw20,6,15625000.0,coarse,186,128,64,3,0.4,0,0.027982658851810265,13.629761507831544,64,True
1351,HD_48370_B6,A002_Xc26103_X155a_spw20,6,15625000.0,coarse,186,128,64,3,0.4,1,0.027982658851810265,13.30432654872241,64,True
1352,HD_48370_B6,A002_Xc26103_X155a_spw20,6,15625000.0,coarse,186,128,64,3,0.4,2,0.027982658851810265,13.610541388551981,64,True
1353,HD_48370_B6,A002_Xc26103_X155a_spw20,6,15625000.0,coarse,186,128,64,3,0.4,3,0.027982658851810265,13.526308383829365,64,True
1354,HD_48370_B6,A002_Xc26103_X155a_spw20,6,15625000.0,coarse,186,128,64,3,0.4,4,0.027982658851810265,13.695364404771857,64,True
1355,HD_48370_B6,A002_Xc26103_X155a_spw20,6,15625000.0,coarse,186,128,64,3,0.4,5,0.027982658851810265,13.53031178769306,64,True
1356,HD_48370_B6,A002_Xc26103_X155a_spw20,6,15625000.0,coarse,186,128,64,3,0.25,0,0.027982658851810265,7.819893014500131,64,True
1357,HD_48370_B6,A002_Xc26103_X155a_spw20,6,15625000.0,coarse,186,128,64,3,0.25,1,0.027982658851810265,8.133700207433936,64,True
1358,HD_48370_B6,A002_Xc26103_X155a_spw20,6,15625000.0,coarse,186,128,64,3,0.25,2,0.027982658851810265,7.577518228529836,64,True
1359,HD_48370_B6,A002_Xc26103_X155a_spw20,6,15625000.0,coarse,186,128,64,3,0.25,3,0.027982658851810265,7.887839174682398,64,True
1360,HD_48370_B6,A002_Xc26103_X155a_spw20,6,15625000.0,coarse,186,128,64,3,0.25,4,0.027982658851810265,8.079876238530831,64,True
1361,HD_48370_B6,A002_Xc26103_X155a_spw20,6,15625000.0,coarse,186,128,64,3,0.25,5,0.027982658851810265,7.800447733692142,64,True
1362,HD_48370_B6,A002_Xc26103_X155a_spw20,6,15625000.0,coarse,186,128,64,3,0.1,0,0.027982658851810265,2.4672161809132644,108,False
1363,HD_48370_B6,A002_Xc26103_X155a_spw20,6,15625000.0,coarse,186,128,64,3,0.1,1,0.027982658851810265,2.400189753127921,108,False
1364,HD_48370_B6,A002_Xc26103_X155a_spw20,6,15625000.0,coarse,186,128,64,3,0.1,2,0.027982658851810265,2.74050585598622,108,False
1365,HD_48370_B6,A002_Xc26103_X155a_spw20,6,15625000.0,coarse,186,128,64,3,0.1,3,0.027982658851810265,2.544868518366499,108,False
1366,HD_48370_B6,A002_Xc26103_X155a_spw20,6,15625000.0,coarse,186,128,64,3,0.1,4,0.027982658851810265,2.4098135248194805,108,False
1367,HD_48370_B6,A002_Xc26103_X155a_spw20,6,15625000.0,coarse,186,128,64,3,0.1,5,0.027982658851810265,2.3891332379202583,108,False
1368,HD_48370_B6,A002_Xc26103_X155a_spw20,6,15625000.0,coarse,186,128,64,4,1.0,0,0.027982658851810265,47.557402083305554,64,True
1369,HD_48370_B6,A002_Xc26103_X155a_spw20,6,15625000.0,coarse,186,128,64,4,1.0,1,0.027982658851810265,47.557402083305554,64,True
1370,HD_48370_B6,A002_Xc26103_X155a_spw20,6,15625000.0,coarse,186,128,64,4,1.0,2,0.027982658851810265,47.557402083305554,64,True
1371,HD_48370_B6,A002_Xc26103_X155a_spw20,6,15625000.0,coarse,186,128,64,4,1.0,3,0.027982658851810265,47.557402083305554,64,True
1372,HD_48370_B6,A002_Xc26103_X155a_spw20,6,15625000.0,coarse,186,128,64,4,1.0,4,0.027982658851810265,47.557402083305554,64,True
1373,HD_48370_B6,A002_Xc26103_X155a_spw20,6,15625000.0,coarse,186,128,64,4,1.0,5,0.027982658851810265,47.557402083305554,64,True
1374,HD_48370_B6,A002_Xc26103_X155a_spw20,6,15625000.0,coarse,186,128,64,4,0.75,0,0.027982658851810265,35.79455042334251,64,True
1375,HD_48370_B6,A002_Xc26103_X155a_spw20,6,15625000.0,coarse,186,128,64,4,0.75,1,0.027982658851810265,35.595246717765626,64,True
1376,HD_48370_B6,A002_Xc26103_X155a_spw20,6,15625000.0,coarse,186,128,64,4,0.75,2,0.027982658851810265,35.671952440811424,64,True
1377,HD_48370_B6,A002_Xc26103_X155a_spw20,6,15625000.0,coarse,186,128,64,4,0.75,3,0.027982658851810265,35.64011741041308,64,True
1378,HD_48370_B6,A002_Xc26103_X155a_spw20,6,15625000.0,coarse,186,128,64,4,0.75,4,0.027982658851810265,35.79944877169291,64,True
1379,HD_48370_B6,A002_Xc26103_X155a_spw20,6,15625000.0,coarse,186,128,64,4,0.75,5,0.027982658851810265,35.57251229511068,64,True
1380,HD_48370_B6,A002_Xc26103_X155a_spw20,6,15625000.0,coarse,186,128,64,4,0.5,0,0.027982658851810265,23.13754750170535,64,True
1381,HD_48370_B6,A002_Xc26103_X155a_spw20,6,15625000.0,coarse,186,128,64,4,0.5,1,0.027982658851810265,23.666968894580396,64,True
1382,HD_48370_B6,A002_Xc26103_X155a_spw20,6,15625000.0,coarse,186,128,64,4,0.5,2,0.027982658851810265,23.749079492165745,64,True
1383,HD_48370_B6,A002_Xc26103_X155a_spw20,6,15625000.0,coarse,186,128,64,4,0.5,3,0.027982658851810265,23.501679852503663,64,True
1384,HD_48370_B6,A002_Xc26103_X155a_spw20,6,15625000.0,coarse,186,128,64,4,0.5,4,0.027982658851810265,23.709078708521652,64,True
1385,HD_48370_B6,A002_Xc26103_X155a_spw20,6,15625000.0,coarse,186,128,64,4,0.5,5,0.027982658851810265,23.490349478801868,64,True
1386,HD_48370_B6,A002_Xc26103_X155a_spw20,6,15625000.0,coarse,186,128,64,4,0.4,0,0.027982658851810265,18.711976974169165,64,True
1387,HD_48370_B6,A002_Xc26103_X155a_spw20,6,15625000.0,coarse,186,128,64,4,0.4,1,0.027982658851810265,18.048502625272423,64,True
1388,HD_48370_B6,A002_Xc26103_X155a_spw20,6,15625000.0,coarse,186,128,64,4,0.4,2,0.027982658851810265,18.128217227632273,64,True
1389,HD_48370_B6,A002_Xc26103_X155a_spw20,6,15625000.0,coarse,186,128,64,4,0.4,3,0.027982658851810265,18.348716480687607,64,True
1390,HD_48370_B6,A002_Xc26103_X155a_spw20,6,15625000.0,coarse,186,128,64,4,0.4,4,0.027982658851810265,18.444798814767097,64,True
1391,HD_48370_B6,A002_Xc26103_X155a_spw20,6,15625000.0,coarse,186,128,64,4,0.4,5,0.027982658851810265,18.183578440214358,64,True
1392,HD_48370_B6,A002_Xc26103_X155a_spw20,6,15625000.0,coarse,186,128,64,4,0.25,0,0.027982658851810265,11.202159208033466,64,True
1393,HD_48370_B6,A002_Xc26103_X155a_spw20,6,15625000.0,coarse,186,128,64,4,0.25,1,0.027982658851810265,11.609088464473361,64,True
1394,HD_48370_B6,A002_Xc26103_X155a_spw20,6,15625000.0,coarse,186,128,64,4,0.25,2,0.027982658851810265,10.66031677838809,64,True
1395,HD_48370_B6,A002_Xc26103_X155a_spw20,6,15625000.0,coarse,186,128,64,4,0.25,3,0.027982658851810265,10.900772085483112,64,True
1396,HD_48370_B6,A002_Xc26103_X155a_spw20,6,15625000.0,coarse,186,128,64,4,0.25,4,0.027982658851810265,11.101709813872505,64,True
1397,HD_48370_B6,A002_Xc26103_X155a_spw20,6,15625000.0,coarse,186,128,64,4,0.25,5,0.027982658851810265,10.569180913107026,64,True
1398,HD_48370_B6,A002_Xc26103_X155a_spw20,6,15625000.0,coarse,186,128,64,4,0.1,0,0.027982658851810265,3.6609544380867027,64,False
1399,HD_48370_B6,A002_Xc26103_X155a_spw20,6,15625000.0,coarse,186,128,64,4,0.1,1,0.027982658851810265,3.698716253578757,64,False
1400,HD_48370_B6,A002_Xc26103_X155a_spw20,6,15625000.0,coarse,186,128,64,4,0.1,2,0.027982658851810265,3.5728724728510497,64,False
1401,HD_48370_B6,A002_Xc26103_X155a_spw20,6,15625000.0,coarse,186,128,64,4,0.1,3,0.027982658851810265,3.688514176959957,64,False
1402,HD_48370_B6,A002_Xc26103_X155a_spw20,6,15625000.0,coarse,186,128,64,4,0.1,4,0.027982658851810265,4.009491219580377,64,False
1403,HD_48370_B6,A002_Xc26103_X155a_spw20,6,15625000.0,coarse,186,128,64,4,0.1,5,0.027982658851810265,3.6966627398363836,64,False
1404,HD_48370_B6,A002_Xc26103_X155a_spw20,6,15625000.0,coarse,186,128,64,5,1.0,0,0.027982658851810265,59.794589515084304,64,True
1405,HD_48370_B6,A002_Xc26103_X155a_spw20,6,15625000.0,coarse,186,128,64,5,1.0,1,0.027982658851810265,59.794589515084304,64,True
1406,HD_48370_B6,A002_Xc26103_X155a_spw20,6,15625000.0,coarse,186,128,64,5,1.0,2,0.027982658851810265,59.794589515084304,64,True
1407,HD_48370_B6,A002_Xc26103_X155a_spw20,6,15625000.0,coarse,186,128,64,5,1.0,3,0.027982658851810265,59.794589515084304,64,True
1408,HD_48370_B6,A002_Xc26103_X155a_spw20,6,15625000.0,coarse,186,128,64,5,1.0,4,0.027982658851810265,59.794589515084304,64,True
1409,HD_48370_B6,A002_Xc26103_X155a_spw20,6,15625000.0,coarse,186,128,64,5,1.0,5,0.027982658851810265,59.794589515084304,64,True
1410,HD_48370_B6,A002_Xc26103_X155a_spw20,6,15625000.0,coarse,186,128,64,5,0.75,0,0.027982658851810265,44.92081217163452,64,True
1411,HD_48370_B6,A002_Xc26103_X155a_spw20,6,15625000.0,coarse,186,128,64,5,0.75,1,0.027982658851810265,45.07961091328635,64,True
1412,HD_48370_B6,A002_Xc26103_X155a_spw20,6,15625000.0,coarse,186,128,64,5,0.75,2,0.027982658851810265,45.483469431937415,64,True
1413,HD_48370_B6,A002_Xc26103_X155a_spw20,6,15625000.0,coarse,186,128,64,5,0.75,3,0.027982658851810265,44.49087780387466,64,True
1414,HD_48370_B6,A002_Xc26103_X155a_spw20,6,15625000.0,coarse,186,128,64,5,0.75,4,0.027982658851810265,45.051010977797,64,True
1415,HD_48370_B6,A002_Xc26103_X155a_spw20,6,15625000.0,coarse,186,128,64,5,0.75,5,0.027982658851810265,45.01011729848756,64,True
1416,HD_48370_B6,A002_Xc26103_X155a_spw20,6,15625000.0,coarse,186,128,64,5,0.5,0,0.027982658851810265,29.448157315172992,64,True
1417,HD_48370_B6,A002_Xc26103_X155a_spw20,6,15625000.0,coarse,186,128,64,5,0.5,1,0.027982658851810265,30.342743933497186,64,True
1418,HD_48370_B6,A002_Xc26103_X155a_spw20,6,15625000.0,coarse,186,128,64,5,0.5,2,0.027982658851810265,29.48678813756491,64,True
1419,HD_48370_B6,A002_Xc26103_X155a_spw20,6,15625000.0,coarse,186,128,64,5,0.5,3,0.027982658851810265,29.8505345939922,64,True
1420,HD_48370_B6,A002_Xc26103_X155a_spw20,6,15625000.0,coarse,186,128,64,5,0.5,4,0.027982658851810265,29.821849709338814,64,True
1421,HD_48370_B6,A002_Xc26103_X155a_spw20,6,15625000.0,coarse,186,128,64,5,0.5,5,0.027982658851810265,29.563095522125504,64,True
1422,HD_48370_B6,A002_Xc26103_X155a_spw20,6,15625000.0,coarse,186,128,64,5,0.4,0,0.027982658851810265,23.545347068620085,64,True
1423,HD_48370_B6,A002_Xc26103_X155a_spw20,6,15625000.0,coarse,186,128,64,5,0.4,1,0.027982658851810265,23.201319882913857,64,True
1424,HD_48370_B6,A002_Xc26103_X155a_spw20,6,15625000.0,coarse,186,128,64,5,0.4,2,0.027982658851810265,23.524127078710148,64,True
1425,HD_48370_B6,A002_Xc26103_X155a_spw20,6,15625000.0,coarse,186,128,64,5,0.4,3,0.027982658851810265,22.91975009304492,64,True
1426,HD_48370_B6,A002_Xc26103_X155a_spw20,6,15625000.0,coarse,186,128,64,5,0.4,4,0.027982658851810265,23.084554403549486,64,True
1427,HD_48370_B6,A002_Xc26103_X155a_spw20,6,15625000.0,coarse,186,128,64,5,0.4,5,0.027982658851810265,23.325896331435473,64,True
1428,HD_48370_B6,A002_Xc26103_X155a_spw20,6,15625000.0,coarse,186,128,64,5,0.25,0,0.027982658851810265,14.007856183792386,64,True
1429,HD_48370_B6,A002_Xc26103_X155a_spw20,6,15625000.0,coarse,186,128,64,5,0.25,1,0.027982658851810265,14.137962307456581,64,True
1430,HD_48370_B6,A002_Xc26103_X155a_spw20,6,15625000.0,coarse,186,128,64,5,0.25,2,0.027982658851810265,14.380722397968544,64,True
1431,HD_48370_B6,A002_Xc26103_X155a_spw20,6,15625000.0,coarse,186,128,64,5,0.25,3,0.027982658851810265,14.429031155748879,64,True
1432,HD_48370_B6,A002_Xc26103_X155a_spw20,6,15625000.0,coarse,186,128,64,5,0.25,4,0.027982658851810265,14.021807877988458,64,True
1433,HD_48370_B6,A002_Xc26103_X155a_spw20,6,15625000.0,coarse,186,128,64,5,0.25,5,0.027982658851810265,14.650096174913372,64,True
1434,HD_48370_B6,A002_Xc26103_X155a_spw20,6,15625000.0,coarse,186,128,64,5,0.1,0,0.027982658851810265,5.302288273972275,64,True
1435,HD_48370_B6,A002_Xc26103_X155a_spw20,6,15625000.0,coarse,186,128,64,5,0.1,1,0.027982658851810265,5.107668407526028,64,True
1436,HD_48370_B6,A002_Xc26103_X155a_spw20,6,15625000.0,coarse,186,128,64,5,0.1,2,0.027982658851810265,5.171981038662672,64,True
1437,HD_48370_B6,A002_Xc26103_X155a_spw20,6,15625000.0,coarse,186,128,64,5,0.1,3,0.027982658851810265,5.13218775253178,64,True
1438,HD_48370_B6,A002_Xc26103_X155a_spw20,6,15625000.0,coarse,186,128,64,5,0.1,4,0.027982658851810265,5.297446404770362,64,True
1439,HD_48370_B6,A002_Xc26103_X155a_spw20,6,15625000.0,coarse,186,128,64,5,0.1,5,0.027982658851810265,4.918983918135885,64,False
1440,HD_48370_B6,A002_Xc26103_X155a_spw20,6,15625000.0,coarse,186,128,64,6,1.0,0,0.027982658851810265,72.03177694686319,64,True
1441,HD_48370_B6,A002_Xc26103_X155a_spw20,6,15625000.0,coarse,186,128,64,6,1.0,1,0.027982658851810265,72.03177694686319,64,True
1442,HD_48370_B6,A002_Xc26103_X155a_spw20,6,15625000.0,coarse,186,128,64,6,1.0,2,0.027982658851810265,72.03177694686319,64,True
1443,HD_48370_B6,A002_Xc26103_X155a_spw20,6,15625000.0,coarse,186,128,64,6,1.0,3,0.027982658851810265,72.03177694686319,64,True
1444,HD_48370_B6,A002_Xc26103_X155a_spw20,6,15625000.0,coarse,186,128,64,6,1.0,4,0.027982658851810265,72.03177694686319,64,True
1445,HD_48370_B6,A002_Xc26103_X155a_spw20,6,15625000.0,coarse,186,128,64,6,1.0,5,0.027982658851810265,72.03177694686319,64,True
1446,HD_48370_B6,A002_Xc26103_X155a_spw20,6,15625000.0,coarse,186,128,64,6,0.75,0,0.027982658851810265,54.01142288840043,64,True
1447,HD_48370_B6,A002_Xc26103_X155a_spw20,6,15625000.0,coarse,186,128,64,6,0.75,1,0.027982658851810265,54.227047860701774,64,True
1448,HD_48370_B6,A002_Xc26103_X155a_spw20,6,15625000.0,coarse,186,128,64,6,0.75,2,0.027982658851810265,54.160301704038126,64,True
1449,HD_48370_B6,A002_Xc26103_X155a_spw20,6,15625000.0,coarse,186,128,64,6,0.75,3,0.027982658851810265,54.301349691658274,64,True
1450,HD_48370_B6,A002_Xc26103_X155a_spw20,6,15625000.0,coarse,186,128,64,6,0.75,4,0.027982658851810265,54.326506073279674,64,True
1451,HD_48370_B6,A002_Xc26103_X155a_spw20,6,15625000.0,coarse,186,128,64,6,0.75,5,0.027982658851810265,53.77994070130872,64,True
1452,HD_48370_B6,A002_Xc26103_X155a_spw20,6,15625000.0,coarse,186,128,64,6,0.5,0,0.027982658851810265,36.287062106110234,64,True
1453,HD_48370_B6,A002_Xc26103_X155a_spw20,6,15625000.0,coarse,186,128,64,6,0.5,1,0.027982658851810265,36.278302276334784,64,True
1454,HD_48370_B6,A002_Xc26103_X155a_spw20,6,15625000.0,coarse,186,128,64,6,0.5,2,0.027982658851810265,35.5098890121632,64,True
1455,HD_48370_B6,A002_Xc26103_X155a_spw20,6,15625000.0,coarse,186,128,64,6,0.5,3,0.027982658851810265,35.824343280102354,64,True
1456,HD_48370_B6,A002_Xc26103_X155a_spw20,6,15625000.0,coarse,186,128,64,6,0.5,4,0.027982658851810265,35.72434157463808,64,True
1457,HD_48370_B6,A002_Xc26103_X155a_spw20,6,15625000.0,coarse,186,128,64,6,0.5,5,0.027982658851810265,35.741320595592576,64,True
1458,HD_48370_B6,A002_Xc26103_X155a_spw20,6,15625000.0,coarse,186,128,64,6,0.4,0,0.027982658851810265,28.718704036041533,64,True
1459,HD_48370_B6,A002_Xc26103_X155a_spw20,6,15625000.0,coarse,186,128,64,6,0.4,1,0.027982658851810265,28.340733715171577,64,True
1460,HD_48370_B6,A002_Xc26103_X155a_spw20,6,15625000.0,coarse,186,128,64,6,0.4,2,0.027982658851810265,28.34156280217136,64,True
1461,HD_48370_B6,A002_Xc26103_X155a_spw20,6,15625000.0,coarse,186,128,64,6,0.4,3,0.027982658851810265,28.17219600930914,64,True
1462,HD_48370_B6,A002_Xc26103_X155a_spw20,6,15625000.0,coarse,186,128,64,6,0.4,4,0.027982658851810265,29.215253101981613,64,True
1463,HD_48370_B6,A002_Xc26103_X155a_spw20,6,15625000.0,coarse,186,128,64,6,0.4,5,0.027982658851810265,28.312113686586816,64,True
1464,HD_48370_B6,A002_Xc26103_X155a_spw20,6,15625000.0,coarse,186,128,64,6,0.25,0,0.027982658851810265,17.224666613591147,64,True
1465,HD_48370_B6,A002_Xc26103_X155a_spw20,6,15625000.0,coarse,186,128,64,6,0.25,1,0.027982658851810265,17.455344740250002,64,True
1466,HD_48370_B6,A002_Xc26103_X155a_spw20,6,15625000.0,coarse,186,128,64,6,0.25,2,0.027982658851810265,17.191936837776893,64,True
1467,HD_48370_B6,A002_Xc26103_X155a_spw20,6,15625000.0,coarse,186,128,64,6,0.25,3,0.027982658851810265,17.287427774076573,64,True
1468,HD_48370_B6,A002_Xc26103_X155a_spw20,6,15625000.0,coarse,186,128,64,6,0.25,4,0.027982658851810265,17.40873139679479,64,True
1469,HD_48370_B6,A002_Xc26103_X155a_spw20,6,15625000.0,coarse,186,128,64,6,0.25,5,0.027982658851810265,17.005626591412042,64,True
1470,HD_48370_B6,A002_Xc26103_X155a_spw20,6,15625000.0,coarse,186,128,64,6,0.1,0,0.027982658851810265,6.6474171391128545,64,True
1471,HD_48370_B6,A002_Xc26103_X155a_spw20,6,15625000.0,coarse,186,128,64,6,0.1,1,0.027982658851810265,6.708003529302612,64,True
1472,HD_48370_B6,A002_Xc26103_X155a_spw20,6,15625000.0,coarse,186,128,64,6,0.1,2,0.027982658851810265,6.505968939876235,64,True
1473,HD_48370_B6,A002_Xc26103_X155a_spw20,6,15625000.0,coarse,186,128,64,6,0.1,3,0.027982658851810265,6.582179534461554,64,True
1474,HD_48370_B6,A002_Xc26103_X155a_spw20,6,15625000.0,coarse,186,128,64,6,0.1,4,0.027982658851810265,6.852474789988501,64,True
1475,HD_48370_B6,A002_Xc26103_X155a_spw20,6,15625000.0,coarse,186,128,64,6,0.1,5,0.027982658851810265,6.203306823781958,64,True
1476,HD_48370_B6,A002_Xc26103_X155a_spw20,6,15625000.0,coarse,186,128,64,8,1.0,0,0.027982658851810265,96.50615181042073,64,True
1477,HD_48370_B6,A002_Xc26103_X155a_spw20,6,15625000.0,coarse,186,128,64,8,1.0,1,0.027982658851810265,96.50615181042073,64,True
1478,HD_48370_B6,A002_Xc26103_X155a_spw20,6,15625000.0,coarse,186,128,64,8,1.0,2,0.027982658851810265,96.50615181042073,64,True
1479,HD_48370_B6,A002_Xc26103_X155a_spw20,6,15625000.0,coarse,186,128,64,8,1.0,3,0.027982658851810265,96.50615181042073,64,True
1480,HD_48370_B6,A002_Xc26103_X155a_spw20,6,15625000.0,coarse,186,128,64,8,1.0,4,0.027982658851810265,96.50615181042073,64,True
1481,HD_48370_B6,A002_Xc26103_X155a_spw20,6,15625000.0,coarse,186,128,64,8,1.0,5,0.027982658851810265,96.50615181042073,64,True
1482,HD_48370_B6,A002_Xc26103_X155a_spw20,6,15625000.0,coarse,186,128,64,8,0.75,0,0.027982658851810265,72.64015793740255,64,True
1483,HD_48370_B6,A002_Xc26103_X155a_spw20,6,15625000.0,coarse,186,128,64,8,0.75,1,0.027982658851810265,72.60140894092352,64,True
1484,HD_48370_B6,A002_Xc26103_X155a_spw20,6,15625000.0,coarse,186,128,64,8,0.75,2,0.027982658851810265,72.67239177882455,64,True
1485,HD_48370_B6,A002_Xc26103_X155a_spw20,6,15625000.0,coarse,186,128,64,8,0.75,3,0.027982658851810265,72.86095812052355,64,True
1486,HD_48370_B6,A002_Xc26103_X155a_spw20,6,15625000.0,coarse,186,128,64,8,0.75,4,0.027982658851810265,72.68232143353018,64,True
1487,HD_48370_B6,A002_Xc26103_X155a_spw20,6,15625000.0,coarse,186,128,64,8,0.75,5,0.027982658851810265,72.77549208879098,64,True
1488,HD_48370_B6,A002_Xc26103_X155a_spw20,6,15625000.0,coarse,186,128,64,8,0.5,0,0.027982658851810265,47.70853088055594,64,True
1489,HD_48370_B6,A002_Xc26103_X155a_spw20,6,15625000.0,coarse,186,128,64,8,0.5,1,0.027982658851810265,48.09221734209965,64,True
1490,HD_48370_B6,A002_Xc26103_X155a_spw20,6,15625000.0,coarse,186,128,64,8,0.5,2,0.027982658851810265,48.79401555033947,64,True
1491,HD_48370_B6,A002_Xc26103_X155a_spw20,6,15625000.0,coarse,186,128,64,8,0.5,3,0.027982658851810265,49.35696196022618,64,True
1492,HD_48370_B6,A002_Xc26103_X155a_spw20,6,15625000.0,coarse,186,128,64,8,0.5,4,0.027982658851810265,48.368471431449066,64,True
1493,HD_48370_B6,A002_Xc26103_X155a_spw20,6,15625000.0,coarse,186,128,64,8,0.5,5,0.027982658851810265,48.35567611975971,64,True
1494,HD_48370_B6,A002_Xc26103_X155a_spw20,6,15625000.0,coarse,186,128,64,8,0.4,0,0.027982658851810265,37.63797700291868,64,True
1495,HD_48370_B6,A002_Xc26103_X155a_spw20,6,15625000.0,coarse,186,128,64,8,0.4,1,0.027982658851810265,39.15267047017403,64,True
1496,HD_48370_B6,A002_Xc26103_X155a_spw20,6,15625000.0,coarse,186,128,64,8,0.4,2,0.027982658851810265,38.159483977184465,64,True
1497,HD_48370_B6,A002_Xc26103_X155a_spw20,6,15625000.0,coarse,186,128,64,8,0.4,3,0.027982658851810265,38.090768271778146,64,True
1498,HD_48370_B6,A002_Xc26103_X155a_spw20,6,15625000.0,coarse,186,128,64,8,0.4,4,0.027982658851810265,38.40782640533448,64,True
1499,HD_48370_B6,A002_Xc26103_X155a_spw20,6,15625000.0,coarse,186,128,64,8,0.4,5,0.027982658851810265,37.89700059275289,64,True
1500,HD_48370_B6,A002_Xc26103_X155a_spw20,6,15625000.0,coarse,186,128,64,8,0.25,0,0.027982658851810265,22.65166228198668,64,True
1501,HD_48370_B6,A002_Xc26103_X155a_spw20,6,15625000.0,coarse,186,128,64,8,0.25,1,0.027982658851810265,23.08814522990725,64,True
1502,HD_48370_B6,A002_Xc26103_X155a_spw20,6,15625000.0,coarse,186,128,64,8,0.25,2,0.027982658851810265,24.573840796483406,64,True
1503,HD_48370_B6,A002_Xc26103_X155a_spw20,6,15625000.0,coarse,186,128,64,8,0.25,3,0.027982658851810265,24.018118910572056,64,True
1504,HD_48370_B6,A002_Xc26103_X155a_spw20,6,15625000.0,coarse,186,128,64,8,0.25,4,0.027982658851810265,23.796239740211206,64,True
1505,HD_48370_B6,A002_Xc26103_X155a_spw20,6,15625000.0,coarse,186,128,64,8,0.25,5,0.027982658851810265,23.769134015791387,64,True
1506,HD_48370_B6,A002_Xc26103_X155a_spw20,6,15625000.0,coarse,186,128,64,8,0.1,0,0.027982658851810265,9.555744495530103,64,True
1507,HD_48370_B6,A002_Xc26103_X155a_spw20,6,15625000.0,coarse,186,128,64,8,0.1,1,0.027982658851810265,9.121854561579632,64,True
1508,HD_48370_B6,A002_Xc26103_X155a_spw20,6,15625000.0,coarse,186,128,64,8,0.1,2,0.027982658851810265,9.10880527380895,64,True
1509,HD_48370_B6,A002_Xc26103_X155a_spw20,6,15625000.0,coarse,186,128,64,8,0.1,3,0.027982658851810265,8.425438487152386,64,True
1510,HD_48370_B6,A002_Xc26103_X155a_spw20,6,15625000.0,coarse,186,128,64,8,0.1,4,0.027982658851810265,9.096904456448646,64,True
1511,HD_48370_B6,A002_Xc26103_X155a_spw20,6,15625000.0,coarse,186,128,64,8,0.1,5,0.027982658851810265,9.918652512880666,64,True
1512,HD_48370_B6,A002_Xc26103_X155a_spw20,6,15625000.0,coarse,186,128,64,10,1.0,0,0.027982658851810265,120.9805266739784,64,True
1513,HD_48370_B6,A002_Xc26103_X155a_spw20,6,15625000.0,coarse,186,128,64,10,1.0,1,0.027982658851810265,120.9805266739784,64,True
1514,HD_48370_B6,A002_Xc26103_X155a_spw20,6,15625000.0,coarse,186,128,64,10,1.0,2,0.027982658851810265,120.9805266739784,64,True
1515,HD_48370_B6,A002_Xc26103_X155a_spw20,6,15625000.0,coarse,186,128,64,10,1.0,3,0.027982658851810265,120.9805266739784,64,True
1516,HD_48370_B6,A002_Xc26103_X155a_spw20,6,15625000.0,coarse,186,128,64,10,1.0,4,0.027982658851810265,120.9805266739784,64,True
1517,HD_48370_B6,A002_Xc26103_X155a_spw20,6,15625000.0,coarse,186,128,64,10,1.0,5,0.027982658851810265,120.9805266739784,64,True
1518,HD_48370_B6,A002_Xc26103_X155a_spw20,6,15625000.0,coarse,186,128,64,10,0.75,0,0.027982658851810265,91.27409511838695,64,True
1519,HD_48370_B6,A002_Xc26103_X155a_spw20,6,15625000.0,coarse,186,128,64,10,0.75,1,0.027982658851810265,91.1796362306489,64,True
1520,HD_48370_B6,A002_Xc26103_X155a_spw20,6,15625000.0,coarse,186,128,64,10,0.75,2,0.027982658851810265,92.09087232266883,64,True
1521,HD_48370_B6,A002_Xc26103_X155a_spw20,6,15625000.0,coarse,186,128,64,10,0.75,3,0.027982658851810265,91.42344385876122,64,True
1522,HD_48370_B6,A002_Xc26103_X155a_spw20,6,15625000.0,coarse,186,128,64,10,0.75,4,0.027982658851810265,91.32534133199322,64,True
1523,HD_48370_B6,A002_Xc26103_X155a_spw20,6,15625000.0,coarse,186,128,64,10,0.75,5,0.027982658851810265,92.04533932668903,64,True
1524,HD_48370_B6,A002_Xc26103_X155a_spw20,6,15625000.0,coarse,186,128,64,10,0.5,0,0.027982658851810265,60.72438807113038,64,True
1525,HD_48370_B6,A002_Xc26103_X155a_spw20,6,15625000.0,coarse,186,128,64,10,0.5,1,0.027982658851810265,60.5482347226384,64,True
1526,HD_48370_B6,A002_Xc26103_X155a_spw20,6,15625000.0,coarse,186,128,64,10,0.5,2,0.027982658851810265,61.20503253251501,64,True
1527,HD_48370_B6,A002_Xc26103_X155a_spw20,6,15625000.0,coarse,186,128,64,10,0.5,3,0.027982658851810265,60.51685785762527,64,True
1528,HD_48370_B6,A002_Xc26103_X155a_spw20,6,15625000.0,coarse,186,128,64,10,0.5,4,0.027982658851810265,60.72674292974521,64,True
1529,HD_48370_B6,A002_Xc26103_X155a_spw20,6,15625000.0,coarse,186,128,64,10,0.5,5,0.027982658851810265,60.48799787257518,64,True
1530,HD_48370_B6,A002_Xc26103_X155a_spw20,6,15625000.0,coarse,186,128,64,10,0.4,0,0.027982658851810265,47.869935801756945,64,True
1531,HD_48370_B6,A002_Xc26103_X155a_spw20,6,15625000.0,coarse,186,128,64,10,0.4,1,0.027982658851810265,47.61277677314889,64,True
1532,HD_48370_B6,A002_Xc26103_X155a_spw20,6,15625000.0,coarse,186,128,64,10,0.4,2,0.027982658851810265,47.862079751551484,64,True
1533,HD_48370_B6,A002_Xc26103_X155a_spw20,6,15625000.0,coarse,186,128,64,10,0.4,3,0.027982658851810265,47.96502968005925,64,True
1534,HD_48370_B6,A002_Xc26103_X155a_spw20,6,15625000.0,coarse,186,128,64,10,0.4,4,0.027982658851810265,48.11449311969167,64,True
1535,HD_48370_B6,A002_Xc26103_X155a_spw20,6,15625000.0,coarse,186,128,64,10,0.4,5,0.027982658851810265,46.816815431986306,64,True
1536,HD_48370_B6,A002_Xc26103_X155a_spw20,6,15625000.0,coarse,186,128,64,10,0.25,0,0.027982658851810265,30.220276944551536,64,True
1537,HD_48370_B6,A002_Xc26103_X155a_spw20,6,15625000.0,coarse,186,128,64,10,0.25,1,0.027982658851810265,29.912902847234733,64,True
1538,HD_48370_B6,A002_Xc26103_X155a_spw20,6,15625000.0,coarse,186,128,64,10,0.25,2,0.027982658851810265,29.584058814610255,64,True
1539,HD_48370_B6,A002_Xc26103_X155a_spw20,6,15625000.0,coarse,186,128,64,10,0.25,3,0.027982658851810265,30.160157521090664,64,True
1540,HD_48370_B6,A002_Xc26103_X155a_spw20,6,15625000.0,coarse,186,128,64,10,0.25,4,0.027982658851810265,30.076220812746346,64,True
1541,HD_48370_B6,A002_Xc26103_X155a_spw20,6,15625000.0,coarse,186,128,64,10,0.25,5,0.027982658851810265,30.271812447079537,64,True
1542,HD_48370_B6,A002_Xc26103_X155a_spw20,6,15625000.0,coarse,186,128,64,10,0.1,0,0.027982658851810265,11.80102845072851,64,True
1543,HD_48370_B6,A002_Xc26103_X155a_spw20,6,15625000.0,coarse,186,128,64,10,0.1,1,0.027982658851810265,11.675238307337754,64,True
1544,HD_48370_B6,A002_Xc26103_X155a_spw20,6,15625000.0,coarse,186,128,64,10,0.1,2,0.027982658851810265,12.473252157997887,64,True
1545,HD_48370_B6,A002_Xc26103_X155a_spw20,6,15625000.0,coarse,186,128,64,10,0.1,3,0.027982658851810265,11.616363912761287,64,True
1546,HD_48370_B6,A002_Xc26103_X155a_spw20,6,15625000.0,coarse,186,128,64,10,0.1,4,0.027982658851810265,11.502250204042776,64,True
1547,HD_48370_B6,A002_Xc26103_X155a_spw20,6,15625000.0,coarse,186,128,64,10,0.1,5,0.027982658851810265,11.413116691994546,64,True
1548,HD_48370_B6,A002_Xc26103_X155a_spw20,6,15625000.0,coarse,186,128,64,15,1.0,0,0.027982658851810265,182.16646383287244,64,True
1549,HD_48370_B6,A002_Xc26103_X155a_spw20,6,15625000.0,coarse,186,128,64,15,1.0,1,0.027982658851810265,182.16646383287244,64,True
1550,HD_48370_B6,A002_Xc26103_X155a_spw20,6,15625000.0,coarse,186,128,64,15,1.0,2,0.027982658851810265,182.16646383287244,64,True
1551,HD_48370_B6,A002_Xc26103_X155a_spw20,6,15625000.0,coarse,186,128,64,15,1.0,3,0.027982658851810265,182.16646383287244,64,True
1552,HD_48370_B6,A002_Xc26103_X155a_spw20,6,15625000.0,coarse,186,128,64,15,1.0,4,0.027982658851810265,182.16646383287244,64,True
1553,HD_48370_B6,A002_Xc26103_X155a_spw20,6,15625000.0,coarse,186,128,64,15,1.0,5,0.027982658851810265,182.16646383287244,64,True
1554,HD_48370_B6,A002_Xc26103_X155a_spw20,6,15625000.0,coarse,186,128,64,15,0.75,0,0.027982658851810265,137.23414234750055,64,True
1555,HD_48370_B6,A002_Xc26103_X155a_spw20,6,15625000.0,coarse,186,128,64,15,0.75,1,0.027982658851810265,137.64545037695018,64,True
1556,HD_48370_B6,A002_Xc26103_X155a_spw20,6,15625000.0,coarse,186,128,64,15,0.75,2,0.027982658851810265,139.23615964024887,64,True
1557,HD_48370_B6,A002_Xc26103_X155a_spw20,6,15625000.0,coarse,186,128,64,15,0.75,3,0.027982658851810265,137.6385683158141,64,True
1558,HD_48370_B6,A002_Xc26103_X155a_spw20,6,15625000.0,coarse,186,128,64,15,0.75,4,0.027982658851810265,138.1897697285613,64,True
1559,HD_48370_B6,A002_Xc26103_X155a_spw20,6,15625000.0,coarse,186,128,64,15,0.75,5,0.027982658851810265,137.80054626771627,64,True
1560,HD_48370_B6,A002_Xc26103_X155a_spw20,6,15625000.0,coarse,186,128,64,15,0.5,0,0.027982658851810265,92.54072558517215,64,True
1561,HD_48370_B6,A002_Xc26103_X155a_spw20,6,15625000.0,coarse,186,128,64,15,0.5,1,0.027982658851810265,91.19300430208497,64,True
1562,HD_48370_B6,A002_Xc26103_X155a_spw20,6,15625000.0,coarse,186,128,64,15,0.5,2,0.027982658851810265,92.68307814864993,64,True
1563,HD_48370_B6,A002_Xc26103_X155a_spw20,6,15625000.0,coarse,186,128,64,15,0.5,3,0.027982658851810265,93.11711918448871,64,True
1564,HD_48370_B6,A002_Xc26103_X155a_spw20,6,15625000.0,coarse,186,128,64,15,0.5,4,0.027982658851810265,92.89591312540946,64,True
1565,HD_48370_B6,A002_Xc26103_X155a_spw20,6,15625000.0,coarse,186,128,64,15,0.5,5,0.027982658851810265,91.74587192223356,64,True
1566,HD_48370_B6,A002_Xc26103_X155a_spw20,6,15625000.0,coarse,186,128,64,15,0.4,0,0.027982658851810265,72.87863483534892,64,True
1567,HD_48370_B6,A002_Xc26103_X155a_spw20,6,15625000.0,coarse,186,128,64,15,0.4,1,0.027982658851810265,73.73535900669658,64,True
1568,HD_48370_B6,A002_Xc26103_X155a_spw20,6,15625000.0,coarse,186,128,64,15,0.4,2,0.027982658851810265,71.57452027100503,64,True
1569,HD_48370_B6,A002_Xc26103_X155a_spw20,6,15625000.0,coarse,186,128,64,15,0.4,3,0.027982658851810265,71.85711164308907,64,True
1570,HD_48370_B6,A002_Xc26103_X155a_spw20,6,15625000.0,coarse,186,128,64,15,0.4,4,0.027982658851810265,72.24385633123701,64,True
1571,HD_48370_B6,A002_Xc26103_X155a_spw20,6,15625000.0,coarse,186,128,64,15,0.4,5,0.027982658851810265,74.19285620941554,64,True
1572,HD_48370_B6,A002_Xc26103_X155a_spw20,6,15625000.0,coarse,186,128,64,15,0.25,0,0.027982658851810265,44.28026786814703,64,True
1573,HD_48370_B6,A002_Xc26103_X155a_spw20,6,15625000.0,coarse,186,128,64,15,0.25,1,0.027982658851810265,45.157991712011054,64,True
1574,HD_48370_B6,A002_Xc26103_X155a_spw20,6,15625000.0,coarse,186,128,64,15,0.25,2,0.027982658851810265,44.92685411603701,64,True
1575,HD_48370_B6,A002_Xc26103_X155a_spw20,6,15625000.0,coarse,186,128,64,15,0.25,3,0.027982658851810265,46.37342006805609,64,True
1576,HD_48370_B6,A002_Xc26103_X155a_spw20,6,15625000.0,coarse,186,128,64,15,0.25,4,0.027982658851810265,46.56706606627839,64,True
1577,HD_48370_B6,A002_Xc26103_X155a_spw20,6,15625000.0,coarse,186,128,64,15,0.25,5,0.027982658851810265,43.02815489898482,64,True
1578,HD_48370_B6,A002_Xc26103_X155a_spw20,6,15625000.0,coarse,186,128,64,15,0.1,0,0.027982658851810265,19.14715901368348,64,True
1579,HD_48370_B6,A002_Xc26103_X155a_spw20,6,15625000.0,coarse,186,128,64,15,0.1,1,0.027982658851810265,18.273844321086287,64,True
1580,HD_48370_B6,A002_Xc26103_X155a_spw20,6,15625000.0,coarse,186,128,64,15,0.1,2,0.027982658851810265,18.409072176059457,64,True
1581,HD_48370_B6,A002_Xc26103_X155a_spw20,6,15625000.0,coarse,186,128,64,15,0.1,3,0.027982658851810265,18.452670494477683,64,True
1582,HD_48370_B6,A002_Xc26103_X155a_spw20,6,15625000.0,coarse,186,128,64,15,0.1,4,0.027982658851810265,17.844109589968173,64,True
1583,HD_48370_B6,A002_Xc26103_X155a_spw20,6,15625000.0,coarse,186,128,64,15,0.1,5,0.027982658851810265,18.62346611025998,64,True
1584,HD_48370_B6,A002_Xc26103_X155a_spw20,6,15625000.0,coarse,186,128,64,20,1.0,0,0.027982658851810265,243.3524009917667,64,True
1585,HD_48370_B6,A002_Xc26103_X155a_spw20,6,15625000.0,coarse,186,128,64,20,1.0,1,0.027982658851810265,243.3524009917667,64,True
1586,HD_48370_B6,A002_Xc26103_X155a_spw20,6,15625000.0,coarse,186,128,64,20,1.0,2,0.027982658851810265,243.3524009917667,64,True
1587,HD_48370_B6,A002_Xc26103_X155a_spw20,6,15625000.0,coarse,186,128,64,20,1.0,3,0.027982658851810265,243.3524009917667,64,True
1588,HD_48370_B6,A002_Xc26103_X155a_spw20,6,15625000.0,coarse,186,128,64,20,1.0,4,0.027982658851810265,243.3524009917667,64,True
1589,HD_48370_B6,A002_Xc26103_X155a_spw20,6,15625000.0,coarse,186,128,64,20,1.0,5,0.027982658851810265,243.3524009917667,64,True
1590,HD_48370_B6,A002_Xc26103_X155a_spw20,6,15625000.0,coarse,186,128,64,20,0.75,0,0.027982658851810265,184.40199470824962,64,True
1591,HD_48370_B6,A002_Xc26103_X155a_spw20,6,15625000.0,coarse,186,128,64,20,0.75,1,0.027982658851810265,183.45841098158007,64,True
1592,HD_48370_B6,A002_Xc26103_X155a_spw20,6,15625000.0,coarse,186,128,64,20,0.75,2,0.027982658851810265,182.54352822407006,64,True
1593,HD_48370_B6,A002_Xc26103_X155a_spw20,6,15625000.0,coarse,186,128,64,20,0.75,3,0.027982658851810265,183.6627874693589,64,True
1594,HD_48370_B6,A002_Xc26103_X155a_spw20,6,15625000.0,coarse,186,128,64,20,0.75,4,0.027982658851810265,186.33419905261354,64,True
1595,HD_48370_B6,A002_Xc26103_X155a_spw20,6,15625000.0,coarse,186,128,64,20,0.75,5,0.027982658851810265,183.15686486580398,64,True
1596,HD_48370_B6,A002_Xc26103_X155a_spw20,6,15625000.0,coarse,186,128,64,20,0.5,0,0.027982658851810265,122.35902254701554,64,True
1597,HD_48370_B6,A002_Xc26103_X155a_spw20,6,15625000.0,coarse,186,128,64,20,0.5,1,0.027982658851810265,122.32118107918487,64,True
1598,HD_48370_B6,A002_Xc26103_X155a_spw20,6,15625000.0,coarse,186,128,64,20,0.5,2,0.027982658851810265,123.6444015912768,64,True
1599,HD_48370_B6,A002_Xc26103_X155a_spw20,6,15625000.0,coarse,186,128,64,20,0.5,3,0.027982658851810265,121.22017300120807,64,True
1600,HD_48370_B6,A002_Xc26103_X155a_spw20,6,15625000.0,coarse,186,128,64,20,0.5,4,0.027982658851810265,122.44738732346191,64,True
1601,HD_48370_B6,A002_Xc26103_X155a_spw20,6,15625000.0,coarse,186,128,64,20,0.5,5,0.027982658851810265,124.34041158244747,64,True
1602,HD_48370_B6,A002_Xc26103_X155a_spw20,6,15625000.0,coarse,186,128,64,20,0.4,0,0.027982658851810265,98.2557808542087,64,True
1603,HD_48370_B6,A002_Xc26103_X155a_spw20,6,15625000.0,coarse,186,128,64,20,0.4,1,0.027982658851810265,96.82223301050554,64,True
1604,HD_48370_B6,A002_Xc26103_X155a_spw20,6,15625000.0,coarse,186,128,64,20,0.4,2,0.027982658851810265,95.94329709837571,64,True
1605,HD_48370_B6,A002_Xc26103_X155a_spw20,6,15625000.0,coarse,186,128,64,20,0.4,3,0.027982658851810265,98.36482519854746,64,True
1606,HD_48370_B6,A002_Xc26103_X155a_spw20,6,15625000.0,coarse,186,128,64,20,0.4,4,0.027982658851810265,98.51763790032891,64,True
1607,HD_48370_B6,A002_Xc26103_X155a_spw20,6,15625000.0,coarse,186,128,64,20,0.4,5,0.027982658851810265,97.83967061282128,64,True
1608,HD_48370_B6,A002_Xc26103_X155a_spw20,6,15625000.0,coarse,186,128,64,20,0.25,0,0.027982658851810265,61.45186833660097,64,True
1609,HD_48370_B6,A002_Xc26103_X155a_spw20,6,15625000.0,coarse,186,128,64,20,0.25,1,0.027982658851810265,62.13857968035059,64,True
1610,HD_48370_B6,A002_Xc26103_X155a_spw20,6,15625000.0,coarse,186,128,64,20,0.25,2,0.027982658851810265,60.76704444916063,64,True
1611,HD_48370_B6,A002_Xc26103_X155a_spw20,6,15625000.0,coarse,186,128,64,20,0.25,3,0.027982658851810265,61.322698572472135,64,True
1612,HD_48370_B6,A002_Xc26103_X155a_spw20,6,15625000.0,coarse,186,128,64,20,0.25,4,0.027982658851810265,61.44774332090236,64,True
1613,HD_48370_B6,A002_Xc26103_X155a_spw20,6,15625000.0,coarse,186,128,64,20,0.25,5,0.027982658851810265,61.500362159784196,64,True
1614,HD_48370_B6,A002_Xc26103_X155a_spw20,6,15625000.0,coarse,186,128,64,20,0.1,0,0.027982658851810265,25.020387769317708,64,True
1615,HD_48370_B6,A002_Xc26103_X155a_spw20,6,15625000.0,coarse,186,128,64,20,0.1,1,0.027982658851810265,24.301030540585533,64,True
1616,HD_48370_B6,A002_Xc26103_X155a_spw20,6,15625000.0,coarse,186,128,64,20,0.1,2,0.027982658851810265,24.72273190943948,64,True
1617,HD_48370_B6,A002_Xc26103_X155a_spw20,6,15625000.0,coarse,186,128,64,20,0.1,3,0.027982658851810265,24.406004235193183,64,True
1618,HD_48370_B6,A002_Xc26103_X155a_spw20,6,15625000.0,coarse,186,128,64,20,0.1,4,0.027982658851810265,24.8942646453043,64,True
1619,HD_48370_B6,A002_Xc26103_X155a_spw20,6,15625000.0,coarse,186,128,64,20,0.1,5,0.027982658851810265,25.445870790947016,64,True
1620,HD_69830_B7,A002_X1207c39_X9417_spw0,7,15625000.0,coarse,872,128,64,2,1.0,0,0.008073086427350062,71.39053192804747,64,True
1621,HD_69830_B7,A002_X1207c39_X9417_spw0,7,15625000.0,coarse,872,128,64,2,1.0,1,0.008073086427350062,71.39053192804747,64,True
1622,HD_69830_B7,A002_X1207c39_X9417_spw0,7,15625000.0,coarse,872,128,64,2,1.0,2,0.008073086427350062,71.39053192804747,64,True
1623,HD_69830_B7,A002_X1207c39_X9417_spw0,7,15625000.0,coarse,872,128,64,2,1.0,3,0.008073086427350062,71.39053192804747,64,True
1624,HD_69830_B7,A002_X1207c39_X9417_spw0,7,15625000.0,coarse,872,128,64,2,1.0,4,0.008073086427350062,71.39053192804747,64,True
1625,HD_69830_B7,A002_X1207c39_X9417_spw0,7,15625000.0,coarse,872,128,64,2,1.0,5,0.008073086427350062,71.39053192804747,64,True
1626,HD_69830_B7,A002_X1207c39_X9417_spw0,7,15625000.0,coarse,872,128,64,2,0.75,0,0.008073086427350062,52.84137673423047,64,True
1627,HD_69830_B7,A002_X1207c39_X9417_spw0,7,15625000.0,coarse,872,128,64,2,0.75,1,0.008073086427350062,52.05941132349909,64,True
1628,HD_69830_B7,A002_X1207c39_X9417_spw0,7,15625000.0,coarse,872,128,64,2,0.75,2,0.008073086427350062,53.175227411530905,64,True
1629,HD_69830_B7,A002_X1207c39_X9417_spw0,7,15625000.0,coarse,872,128,64,2,0.75,3,0.008073086427350062,53.3196451965911,64,True
1630,HD_69830_B7,A002_X1207c39_X9417_spw0,7,15625000.0,coarse,872,128,64,2,0.75,4,0.008073086427350062,53.66802938695605,64,True
1631,HD_69830_B7,A002_X1207c39_X9417_spw0,7,15625000.0,coarse,872,128,64,2,0.75,5,0.008073086427350062,53.61555649340192,64,True
1632,HD_69830_B7,A002_X1207c39_X9417_spw0,7,15625000.0,coarse,872,128,64,2,0.5,0,0.008073086427350062,34.975786794756516,64,True
1633,HD_69830_B7,A002_X1207c39_X9417_spw0,7,15625000.0,coarse,872,128,64,2,0.5,1,0.008073086427350062,35.57000845629899,64,True
1634,HD_69830_B7,A002_X1207c39_X9417_spw0,7,15625000.0,coarse,872,128,64,2,0.5,2,0.008073086427350062,34.74047963919784,64,True
1635,HD_69830_B7,A002_X1207c39_X9417_spw0,7,15625000.0,coarse,872,128,64,2,0.5,3,0.008073086427350062,35.70924983567354,64,True
1636,HD_69830_B7,A002_X1207c39_X9417_spw0,7,15625000.0,coarse,872,128,64,2,0.5,4,0.008073086427350062,33.68363539496592,64,True
1637,HD_69830_B7,A002_X1207c39_X9417_spw0,7,15625000.0,coarse,872,128,64,2,0.5,5,0.008073086427350062,36.186473082312695,64,True
1638,HD_69830_B7,A002_X1207c39_X9417_spw0,7,15625000.0,coarse,872,128,64,2,0.4,0,0.008073086427350062,28.77870111035723,64,True
1639,HD_69830_B7,A002_X1207c39_X9417_spw0,7,15625000.0,coarse,872,128,64,2,0.4,1,0.008073086427350062,29.95423647727084,64,True
1640,HD_69830_B7,A002_X1207c39_X9417_spw0,7,15625000.0,coarse,872,128,64,2,0.4,2,0.008073086427350062,28.66598697570394,64,True
1641,HD_69830_B7,A002_X1207c39_X9417_spw0,7,15625000.0,coarse,872,128,64,2,0.4,3,0.008073086427350062,29.25448238434504,64,True
1642,HD_69830_B7,A002_X1207c39_X9417_spw0,7,15625000.0,coarse,872,128,64,2,0.4,4,0.008073086427350062,28.54583758131924,64,True
1643,HD_69830_B7,A002_X1207c39_X9417_spw0,7,15625000.0,coarse,872,128,64,2,0.4,5,0.008073086427350062,29.63307312739733,64,True
1644,HD_69830_B7,A002_X1207c39_X9417_spw0,7,15625000.0,coarse,872,128,64,2,0.25,0,0.008073086427350062,18.013868788392053,64,True
1645,HD_69830_B7,A002_X1207c39_X9417_spw0,7,15625000.0,coarse,872,128,64,2,0.25,1,0.008073086427350062,17.297552968079454,64,True
1646,HD_69830_B7,A002_X1207c39_X9417_spw0,7,15625000.0,coarse,872,128,64,2,0.25,2,0.008073086427350062,19.03980295375879,64,True
1647,HD_69830_B7,A002_X1207c39_X9417_spw0,7,15625000.0,coarse,872,128,64,2,0.25,3,0.008073086427350062,18.65354836783887,64,True
1648,HD_69830_B7,A002_X1207c39_X9417_spw0,7,15625000.0,coarse,872,128,64,2,0.25,4,0.008073086427350062,18.26467096694,64,True
1649,HD_69830_B7,A002_X1207c39_X9417_spw0,7,15625000.0,coarse,872,128,64,2,0.25,5,0.008073086427350062,18.597757956413865,64,True
1650,HD_69830_B7,A002_X1207c39_X9417_spw0,7,15625000.0,coarse,872,128,64,2,0.1,0,0.008073086427350062,8.894913040081814,64,True
1651,HD_69830_B7,A002_X1207c39_X9417_spw0,7,15625000.0,coarse,872,128,64,2,0.1,1,0.008073086427350062,9.599907005319766,64,True
1652,HD_69830_B7,A002_X1207c39_X9417_spw0,7,15625000.0,coarse,872,128,64,2,0.1,2,0.008073086427350062,7.94640104349617,64,True
1653,HD_69830_B7,A002_X1207c39_X9417_spw0,7,15625000.0,coarse,872,128,64,2,0.1,3,0.008073086427350062,8.006091216961005,64,True
1654,HD_69830_B7,A002_X1207c39_X9417_spw0,7,15625000.0,coarse,872,128,64,2,0.1,4,0.008073086427350062,8.301467413332565,64,True
1655,HD_69830_B7,A002_X1207c39_X9417_spw0,7,15625000.0,coarse,872,128,64,2,0.1,5,0.008073086427350062,8.261050182935774,64,True
1656,HD_69830_B7,A002_X1207c39_X9417_spw0,7,15625000.0,coarse,872,128,64,3,1.0,0,0.008073086427350062,106.02424364935747,64,True
1657,HD_69830_B7,A002_X1207c39_X9417_spw0,7,15625000.0,coarse,872,128,64,3,1.0,1,0.008073086427350062,106.02424364935747,64,True
1658,HD_69830_B7,A002_X1207c39_X9417_spw0,7,15625000.0,coarse,872,128,64,3,1.0,2,0.008073086427350062,106.02424364935747,64,True
1659,HD_69830_B7,A002_X1207c39_X9417_spw0,7,15625000.0,coarse,872,128,64,3,1.0,3,0.008073086427350062,106.02424364935747,64,True
1660,HD_69830_B7,A002_X1207c39_X9417_spw0,7,15625000.0,coarse,872,128,64,3,1.0,4,0.008073086427350062,106.02424364935747,64,True
1661,HD_69830_B7,A002_X1207c39_X9417_spw0,7,15625000.0,coarse,872,128,64,3,1.0,5,0.008073086427350062,106.02424364935747,64,True
1662,HD_69830_B7,A002_X1207c39_X9417_spw0,7,15625000.0,coarse,872,128,64,3,0.75,0,0.008073086427350062,77.9744275762535,64,True
1663,HD_69830_B7,A002_X1207c39_X9417_spw0,7,15625000.0,coarse,872,128,64,3,0.75,1,0.008073086427350062,80.12900791926775,64,True
1664,HD_69830_B7,A002_X1207c39_X9417_spw0,7,15625000.0,coarse,872,128,64,3,0.75,2,0.008073086427350062,79.10699212863716,64,True
1665,HD_69830_B7,A002_X1207c39_X9417_spw0,7,15625000.0,coarse,872,128,64,3,0.75,3,0.008073086427350062,78.11964189439578,64,True
1666,HD_69830_B7,A002_X1207c39_X9417_spw0,7,15625000.0,coarse,872,128,64,3,0.75,4,0.008073086427350062,78.47967544352679,64,True
1667,HD_69830_B7,A002_X1207c39_X9417_spw0,7,15625000.0,coarse,872,128,64,3,0.75,5,0.008073086427350062,79.58285236628822,64,True
1668,HD_69830_B7,A002_X1207c39_X9417_spw0,7,15625000.0,coarse,872,128,64,3,0.5,0,0.008073086427350062,51.483911624105644,64,True
1669,HD_69830_B7,A002_X1207c39_X9417_spw0,7,15625000.0,coarse,872,128,64,3,0.5,1,0.008073086427350062,50.27730744705487,64,True
1670,HD_69830_B7,A002_X1207c39_X9417_spw0,7,15625000.0,coarse,872,128,64,3,0.5,2,0.008073086427350062,53.24777128350399,64,True
1671,HD_69830_B7,A002_X1207c39_X9417_spw0,7,15625000.0,coarse,872,128,64,3,0.5,3,0.008073086427350062,52.254818311714224,64,True
1672,HD_69830_B7,A002_X1207c39_X9417_spw0,7,15625000.0,coarse,872,128,64,3,0.5,4,0.008073086427350062,52.980465961766804,64,True
1673,HD_69830_B7,A002_X1207c39_X9417_spw0,7,15625000.0,coarse,872,128,64,3,0.5,5,0.008073086427350062,51.16602152051994,64,True
1674,HD_69830_B7,A002_X1207c39_X9417_spw0,7,15625000.0,coarse,872,128,64,3,0.4,0,0.008073086427350062,42.03831404096993,64,True
1675,HD_69830_B7,A002_X1207c39_X9417_spw0,7,15625000.0,coarse,872,128,64,3,0.4,1,0.008073086427350062,42.02340926944195,64,True
1676,HD_69830_B7,A002_X1207c39_X9417_spw0,7,15625000.0,coarse,872,128,64,3,0.4,2,0.008073086427350062,42.35321393674676,64,True
1677,HD_69830_B7,A002_X1207c39_X9417_spw0,7,15625000.0,coarse,872,128,64,3,0.4,3,0.008073086427350062,42.55283787974717,64,True
1678,HD_69830_B7,A002_X1207c39_X9417_spw0,7,15625000.0,coarse,872,128,64,3,0.4,4,0.008073086427350062,41.687749788311585,64,True
1679,HD_69830_B7,A002_X1207c39_X9417_spw0,7,15625000.0,coarse,872,128,64,3,0.4,5,0.008073086427350062,42.40585771908122,64,True
1680,HD_69830_B7,A002_X1207c39_X9417_spw0,7,15625000.0,coarse,872,128,64,3,0.25,0,0.008073086427350062,27.803832102563963,64,True
1681,HD_69830_B7,A002_X1207c39_X9417_spw0,7,15625000.0,coarse,872,128,64,3,0.25,1,0.008073086427350062,25.975320720540147,64,True
1682,HD_69830_B7,A002_X1207c39_X9417_spw0,7,15625000.0,coarse,872,128,64,3,0.25,2,0.008073086427350062,26.4679224985483,64,True
1683,HD_69830_B7,A002_X1207c39_X9417_spw0,7,15625000.0,coarse,872,128,64,3,0.25,3,0.008073086427350062,24.57917226080492,64,True
1684,HD_69830_B7,A002_X1207c39_X9417_spw0,7,15625000.0,coarse,872,128,64,3,0.25,4,0.008073086427350062,29.250575428152025,64,True
1685,HD_69830_B7,A002_X1207c39_X9417_spw0,7,15625000.0,coarse,872,128,64,3,0.25,5,0.008073086427350062,26.932699213378054,64,True
1686,HD_69830_B7,A002_X1207c39_X9417_spw0,7,15625000.0,coarse,872,128,64,3,0.1,0,0.008073086427350062,12.952782688198015,64,True
1687,HD_69830_B7,A002_X1207c39_X9417_spw0,7,15625000.0,coarse,872,128,64,3,0.1,1,0.008073086427350062,11.547669000036297,64,True
1688,HD_69830_B7,A002_X1207c39_X9417_spw0,7,15625000.0,coarse,872,128,64,3,0.1,2,0.008073086427350062,11.181560501305196,64,True
1689,HD_69830_B7,A002_X1207c39_X9417_spw0,7,15625000.0,coarse,872,128,64,3,0.1,3,0.008073086427350062,10.895098510467294,64,True
1690,HD_69830_B7,A002_X1207c39_X9417_spw0,7,15625000.0,coarse,872,128,64,3,0.1,4,0.008073086427350062,12.123944021572912,64,True
1691,HD_69830_B7,A002_X1207c39_X9417_spw0,7,15625000.0,coarse,872,128,64,3,0.1,5,0.008073086427350062,10.852131945431731,64,True
1692,HD_69830_B7,A002_X1207c39_X9417_spw0,7,15625000.0,coarse,872,128,64,4,1.0,0,0.008073086427350062,140.74533613224202,64,True
1693,HD_69830_B7,A002_X1207c39_X9417_spw0,7,15625000.0,coarse,872,128,64,4,1.0,1,0.008073086427350062,140.74533613224202,64,True
1694,HD_69830_B7,A002_X1207c39_X9417_spw0,7,15625000.0,coarse,872,128,64,4,1.0,2,0.008073086427350062,140.74533613224202,64,True
1695,HD_69830_B7,A002_X1207c39_X9417_spw0,7,15625000.0,coarse,872,128,64,4,1.0,3,0.008073086427350062,140.74533613224202,64,True
1696,HD_69830_B7,A002_X1207c39_X9417_spw0,7,15625000.0,coarse,872,128,64,4,1.0,4,0.008073086427350062,140.74533613224202,64,True
1697,HD_69830_B7,A002_X1207c39_X9417_spw0,7,15625000.0,coarse,872,128,64,4,1.0,5,0.008073086427350062,140.74533613224202,64,True
1698,HD_69830_B7,A002_X1207c39_X9417_spw0,7,15625000.0,coarse,872,128,64,4,0.75,0,0.008073086427350062,103.75173838457506,64,True
1699,HD_69830_B7,A002_X1207c39_X9417_spw0,7,15625000.0,coarse,872,128,64,4,0.75,1,0.008073086427350062,104.40903771241786,64,True
1700,HD_69830_B7,A002_X1207c39_X9417_spw0,7,15625000.0,coarse,872,128,64,4,0.75,2,0.008073086427350062,105.20613758555629,64,True
1701,HD_69830_B7,A002_X1207c39_X9417_spw0,7,15625000.0,coarse,872,128,64,4,0.75,3,0.008073086427350062,103.57800884190023,64,True
1702,HD_69830_B7,A002_X1207c39_X9417_spw0,7,15625000.0,coarse,872,128,64,4,0.75,4,0.008073086427350062,106.49033236547427,64,True
1703,HD_69830_B7,A002_X1207c39_X9417_spw0,7,15625000.0,coarse,872,128,64,4,0.75,5,0.008073086427350062,102.09396131920317,64,True
1704,HD_69830_B7,A002_X1207c39_X9417_spw0,7,15625000.0,coarse,872,128,64,4,0.5,0,0.008073086427350062,70.4508400714532,64,True
1705,HD_69830_B7,A002_X1207c39_X9417_spw0,7,15625000.0,coarse,872,128,64,4,0.5,1,0.008073086427350062,69.13604026854834,64,True
1706,HD_69830_B7,A002_X1207c39_X9417_spw0,7,15625000.0,coarse,872,128,64,4,0.5,2,0.008073086427350062,69.40179531536366,64,True
1707,HD_69830_B7,A002_X1207c39_X9417_spw0,7,15625000.0,coarse,872,128,64,4,0.5,3,0.008073086427350062,74.4220504814191,64,True
1708,HD_69830_B7,A002_X1207c39_X9417_spw0,7,15625000.0,coarse,872,128,64,4,0.5,4,0.008073086427350062,68.36674100268472,64,True
1709,HD_69830_B7,A002_X1207c39_X9417_spw0,7,15625000.0,coarse,872,128,64,4,0.5,5,0.008073086427350062,70.15748837580958,64,True
1710,HD_69830_B7,A002_X1207c39_X9417_spw0,7,15625000.0,coarse,872,128,64,4,0.4,0,0.008073086427350062,52.51248802344338,64,True
1711,HD_69830_B7,A002_X1207c39_X9417_spw0,7,15625000.0,coarse,872,128,64,4,0.4,1,0.008073086427350062,55.02643360958172,64,True
1712,HD_69830_B7,A002_X1207c39_X9417_spw0,7,15625000.0,coarse,872,128,64,4,0.4,2,0.008073086427350062,52.47027298071709,64,True
1713,HD_69830_B7,A002_X1207c39_X9417_spw0,7,15625000.0,coarse,872,128,64,4,0.4,3,0.008073086427350062,53.282427938871606,64,True
1714,HD_69830_B7,A002_X1207c39_X9417_spw0,7,15625000.0,coarse,872,128,64,4,0.4,4,0.008073086427350062,58.42956176696072,64,True
1715,HD_69830_B7,A002_X1207c39_X9417_spw0,7,15625000.0,coarse,872,128,64,4,0.4,5,0.008073086427350062,57.876990682162564,64,True
1716,HD_69830_B7,A002_X1207c39_X9417_spw0,7,15625000.0,coarse,872,128,64,4,0.25,0,0.008073086427350062,36.24151601353608,64,True
1717,HD_69830_B7,A002_X1207c39_X9417_spw0,7,15625000.0,coarse,872,128,64,4,0.25,1,0.008073086427350062,38.29000523179083,64,True
1718,HD_69830_B7,A002_X1207c39_X9417_spw0,7,15625000.0,coarse,872,128,64,4,0.25,2,0.008073086427350062,38.003439905772844,64,True
1719,HD_69830_B7,A002_X1207c39_X9417_spw0,7,15625000.0,coarse,872,128,64,4,0.25,3,0.008073086427350062,32.02137275730666,64,True
1720,HD_69830_B7,A002_X1207c39_X9417_spw0,7,15625000.0,coarse,872,128,64,4,0.25,4,0.008073086427350062,32.54421306623041,64,True
1721,HD_69830_B7,A002_X1207c39_X9417_spw0,7,15625000.0,coarse,872,128,64,4,0.25,5,0.008073086427350062,33.87656278297962,64,True
1722,HD_69830_B7,A002_X1207c39_X9417_spw0,7,15625000.0,coarse,872,128,64,4,0.1,0,0.008073086427350062,16.796404432552617,64,True
1723,HD_69830_B7,A002_X1207c39_X9417_spw0,7,15625000.0,coarse,872,128,64,4,0.1,1,0.008073086427350062,14.05799569298672,64,True
1724,HD_69830_B7,A002_X1207c39_X9417_spw0,7,15625000.0,coarse,872,128,64,4,0.1,2,0.008073086427350062,14.298386688977578,64,True
1725,HD_69830_B7,A002_X1207c39_X9417_spw0,7,15625000.0,coarse,872,128,64,4,0.1,3,0.008073086427350062,15.91594315546342,64,True
1726,HD_69830_B7,A002_X1207c39_X9417_spw0,7,15625000.0,coarse,872,128,64,4,0.1,4,0.008073086427350062,15.715882834092143,64,True
1727,HD_69830_B7,A002_X1207c39_X9417_spw0,7,15625000.0,coarse,872,128,64,4,0.1,5,0.008073086427350062,14.876010138020906,64,True
1728,HD_69830_B7,A002_X1207c39_X9417_spw0,7,15625000.0,coarse,872,128,64,5,1.0,0,0.008073086427350062,175.37649111633115,64,True
1729,HD_69830_B7,A002_X1207c39_X9417_spw0,7,15625000.0,coarse,872,128,64,5,1.0,1,0.008073086427350062,175.37649111633115,64,True
1730,HD_69830_B7,A002_X1207c39_X9417_spw0,7,15625000.0,coarse,872,128,64,5,1.0,2,0.008073086427350062,175.37649111633115,64,True
1731,HD_69830_B7,A002_X1207c39_X9417_spw0,7,15625000.0,coarse,872,128,64,5,1.0,3,0.008073086427350062,175.37649111633115,64,True
1732,HD_69830_B7,A002_X1207c39_X9417_spw0,7,15625000.0,coarse,872,128,64,5,1.0,4,0.008073086427350062,175.37649111633115,64,True
1733,HD_69830_B7,A002_X1207c39_X9417_spw0,7,15625000.0,coarse,872,128,64,5,1.0,5,0.008073086427350062,175.37649111633115,64,True
1734,HD_69830_B7,A002_X1207c39_X9417_spw0,7,15625000.0,coarse,872,128,64,5,0.75,0,0.008073086427350062,131.0897636818676,64,True
1735,HD_69830_B7,A002_X1207c39_X9417_spw0,7,15625000.0,coarse,872,128,64,5,0.75,1,0.008073086427350062,129.20955940494437,64,True
1736,HD_69830_B7,A002_X1207c39_X9417_spw0,7,15625000.0,coarse,872,128,64,5,0.75,2,0.008073086427350062,130.5067978484654,64,True
1737,HD_69830_B7,A002_X1207c39_X9417_spw0,7,15625000.0,coarse,872,128,64,5,0.75,3,0.008073086427350062,129.77278981033257,64,True
1738,HD_69830_B7,A002_X1207c39_X9417_spw0,7,15625000.0,coarse,872,128,64,5,0.75,4,0.008073086427350062,130.32009352876833,64,True
1739,HD_69830_B7,A002_X1207c39_X9417_spw0,7,15625000.0,coarse,872,128,64,5,0.75,5,0.008073086427350062,130.07316243719706,64,True
1740,HD_69830_B7,A002_X1207c39_X9417_spw0,7,15625000.0,coarse,872,128,64,5,0.5,0,0.008073086427350062,83.2395552244086,64,True
1741,HD_69830_B7,A002_X1207c39_X9417_spw0,7,15625000.0,coarse,872,128,64,5,0.5,1,0.008073086427350062,88.58830208112069,64,True
1742,HD_69830_B7,A002_X1207c39_X9417_spw0,7,15625000.0,coarse,872,128,64,5,0.5,2,0.008073086427350062,85.96858392284912,64,True
1743,HD_69830_B7,A002_X1207c39_X9417_spw0,7,15625000.0,coarse,872,128,64,5,0.5,3,0.008073086427350062,82.63346721529744,64,True
1744,HD_69830_B7,A002_X1207c39_X9417_spw0,7,15625000.0,coarse,872,128,64,5,0.5,4,0.008073086427350062,85.76206020550194,64,True
1745,HD_69830_B7,A002_X1207c39_X9417_spw0,7,15625000.0,coarse,872,128,64,5,0.5,5,0.008073086427350062,89.48663054594778,64,True
1746,HD_69830_B7,A002_X1207c39_X9417_spw0,7,15625000.0,coarse,872,128,64,5,0.4,0,0.008073086427350062,66.54847212272311,64,True
1747,HD_69830_B7,A002_X1207c39_X9417_spw0,7,15625000.0,coarse,872,128,64,5,0.4,1,0.008073086427350062,69.69142021215067,64,True
1748,HD_69830_B7,A002_X1207c39_X9417_spw0,7,15625000.0,coarse,872,128,64,5,0.4,2,0.008073086427350062,71.81400462730423,64,True
1749,HD_69830_B7,A002_X1207c39_X9417_spw0,7,15625000.0,coarse,872,128,64,5,0.4,3,0.008073086427350062,71.59797719451296,64,True
1750,HD_69830_B7,A002_X1207c39_X9417_spw0,7,15625000.0,coarse,872,128,64,5,0.4,4,0.008073086427350062,66.66866621363079,64,True
1751,HD_69830_B7,A002_X1207c39_X9417_spw0,7,15625000.0,coarse,872,128,64,5,0.4,5,0.008073086427350062,71.81786959765785,64,True
1752,HD_69830_B7,A002_X1207c39_X9417_spw0,7,15625000.0,coarse,872,128,64,5,0.25,0,0.008073086427350062,40.53733743958498,64,True
1753,HD_69830_B7,A002_X1207c39_X9417_spw0,7,15625000.0,coarse,872,128,64,5,0.25,1,0.008073086427350062,48.03395498281612,64,True
1754,HD_69830_B7,A002_X1207c39_X9417_spw0,7,15625000.0,coarse,872,128,64,5,0.25,2,0.008073086427350062,44.31285226924132,64,True
1755,HD_69830_B7,A002_X1207c39_X9417_spw0,7,15625000.0,coarse,872,128,64,5,0.25,3,0.008073086427350062,47.52873157474475,64,True
1756,HD_69830_B7,A002_X1207c39_X9417_spw0,7,15625000.0,coarse,872,128,64,5,0.25,4,0.008073086427350062,46.36042343081134,64,True
1757,HD_69830_B7,A002_X1207c39_X9417_spw0,7,15625000.0,coarse,872,128,64,5,0.25,5,0.008073086427350062,44.99672030950139,64,True
1758,HD_69830_B7,A002_X1207c39_X9417_spw0,7,15625000.0,coarse,872,128,64,5,0.1,0,0.008073086427350062,18.18068030240326,64,True
1759,HD_69830_B7,A002_X1207c39_X9417_spw0,7,15625000.0,coarse,872,128,64,5,0.1,1,0.008073086427350062,16.329716490885893,64,True
1760,HD_69830_B7,A002_X1207c39_X9417_spw0,7,15625000.0,coarse,872,128,64,5,0.1,2,0.008073086427350062,19.54874668883655,64,True
1761,HD_69830_B7,A002_X1207c39_X9417_spw0,7,15625000.0,coarse,872,128,64,5,0.1,3,0.008073086427350062,17.791966488882537,64,True
1762,HD_69830_B7,A002_X1207c39_X9417_spw0,7,15625000.0,coarse,872,128,64,5,0.1,4,0.008073086427350062,19.82017045715206,64,True
1763,HD_69830_B7,A002_X1207c39_X9417_spw0,7,15625000.0,coarse,872,128,64,5,0.1,5,0.008073086427350062,18.559170274434674,64,True
1764,HD_69830_B7,A002_X1207c39_X9417_spw0,7,15625000.0,coarse,872,128,64,6,1.0,0,0.008073086427350062,210.13747509681076,64,True
1765,HD_69830_B7,A002_X1207c39_X9417_spw0,7,15625000.0,coarse,872,128,64,6,1.0,1,0.008073086427350062,210.13747509681076,64,True
1766,HD_69830_B7,A002_X1207c39_X9417_spw0,7,15625000.0,coarse,872,128,64,6,1.0,2,0.008073086427350062,210.13747509681076,64,True
1767,HD_69830_B7,A002_X1207c39_X9417_spw0,7,15625000.0,coarse,872,128,64,6,1.0,3,0.008073086427350062,210.13747509681076,64,True
1768,HD_69830_B7,A002_X1207c39_X9417_spw0,7,15625000.0,coarse,872,128,64,6,1.0,4,0.008073086427350062,210.13747509681076,64,True
1769,HD_69830_B7,A002_X1207c39_X9417_spw0,7,15625000.0,coarse,872,128,64,6,1.0,5,0.008073086427350062,210.13747509681076,64,True
1770,HD_69830_B7,A002_X1207c39_X9417_spw0,7,15625000.0,coarse,872,128,64,6,0.75,0,0.008073086427350062,152.18036311876014,64,True
1771,HD_69830_B7,A002_X1207c39_X9417_spw0,7,15625000.0,coarse,872,128,64,6,0.75,1,0.008073086427350062,150.75245057481843,64,True
1772,HD_69830_B7,A002_X1207c39_X9417_spw0,7,15625000.0,coarse,872,128,64,6,0.75,2,0.008073086427350062,154.94398515174746,64,True
1773,HD_69830_B7,A002_X1207c39_X9417_spw0,7,15625000.0,coarse,872,128,64,6,0.75,3,0.008073086427350062,154.33036126166687,64,True
1774,HD_69830_B7,A002_X1207c39_X9417_spw0,7,15625000.0,coarse,872,128,64,6,0.75,4,0.008073086427350062,154.6164355553503,64,True
1775,HD_69830_B7,A002_X1207c39_X9417_spw0,7,15625000.0,coarse,872,128,64,6,0.75,5,0.008073086427350062,155.7569614569718,64,True
1776,HD_69830_B7,A002_X1207c39_X9417_spw0,7,15625000.0,coarse,872,128,64,6,0.5,0,0.008073086427350062,101.17942954812234,64,True
1777,HD_69830_B7,A002_X1207c39_X9417_spw0,7,15625000.0,coarse,872,128,64,6,0.5,1,0.008073086427350062,104.78425036773493,64,True
1778,HD_69830_B7,A002_X1207c39_X9417_spw0,7,15625000.0,coarse,872,128,64,6,0.5,2,0.008073086427350062,103.47111245535469,64,True
1779,HD_69830_B7,A002_X1207c39_X9417_spw0,7,15625000.0,coarse,872,128,64,6,0.5,3,0.008073086427350062,102.55042883881704,64,True
1780,HD_69830_B7,A002_X1207c39_X9417_spw0,7,15625000.0,coarse,872,128,64,6,0.5,4,0.008073086427350062,107.02266235413447,64,True
1781,HD_69830_B7,A002_X1207c39_X9417_spw0,7,15625000.0,coarse,872,128,64,6,0.5,5,0.008073086427350062,102.29868851334494,64,True
1782,HD_69830_B7,A002_X1207c39_X9417_spw0,7,15625000.0,coarse,872,128,64,6,0.4,0,0.008073086427350062,83.72036400321561,64,True
1783,HD_69830_B7,A002_X1207c39_X9417_spw0,7,15625000.0,coarse,872,128,64,6,0.4,1,0.008073086427350062,82.3072975410437,64,True
1784,HD_69830_B7,A002_X1207c39_X9417_spw0,7,15625000.0,coarse,872,128,64,6,0.4,2,0.008073086427350062,82.42302271901956,64,True
1785,HD_69830_B7,A002_X1207c39_X9417_spw0,7,15625000.0,coarse,872,128,64,6,0.4,3,0.008073086427350062,86.29643585112989,64,True
1786,HD_69830_B7,A002_X1207c39_X9417_spw0,7,15625000.0,coarse,872,128,64,6,0.4,4,0.008073086427350062,83.42200056972261,64,True
1787,HD_69830_B7,A002_X1207c39_X9417_spw0,7,15625000.0,coarse,872,128,64,6,0.4,5,0.008073086427350062,86.25228705081206,64,True
1788,HD_69830_B7,A002_X1207c39_X9417_spw0,7,15625000.0,coarse,872,128,64,6,0.25,0,0.008073086427350062,51.63107158865681,64,True
1789,HD_69830_B7,A002_X1207c39_X9417_spw0,7,15625000.0,coarse,872,128,64,6,0.25,1,0.008073086427350062,51.36746790525996,64,True
1790,HD_69830_B7,A002_X1207c39_X9417_spw0,7,15625000.0,coarse,872,128,64,6,0.25,2,0.008073086427350062,54.12123661967714,64,True
1791,HD_69830_B7,A002_X1207c39_X9417_spw0,7,15625000.0,coarse,872,128,64,6,0.25,3,0.008073086427350062,53.56689561297375,64,True
1792,HD_69830_B7,A002_X1207c39_X9417_spw0,7,15625000.0,coarse,872,128,64,6,0.25,4,0.008073086427350062,55.84054349751807,64,True
1793,HD_69830_B7,A002_X1207c39_X9417_spw0,7,15625000.0,coarse,872,128,64,6,0.25,5,0.008073086427350062,51.85334919850596,64,True
1794,HD_69830_B7,A002_X1207c39_X9417_spw0,7,15625000.0,coarse,872,128,64,6,0.1,0,0.008073086427350062,24.597457906228374,64,True
1795,HD_69830_B7,A002_X1207c39_X9417_spw0,7,15625000.0,coarse,872,128,64,6,0.1,1,0.008073086427350062,17.814608048733557,64,True
1796,HD_69830_B7,A002_X1207c39_X9417_spw0,7,15625000.0,coarse,872,128,64,6,0.1,2,0.008073086427350062,25.738743811319683,64,True
1797,HD_69830_B7,A002_X1207c39_X9417_spw0,7,15625000.0,coarse,872,128,64,6,0.1,3,0.008073086427350062,22.394299102359113,64,True
1798,HD_69830_B7,A002_X1207c39_X9417_spw0,7,15625000.0,coarse,872,128,64,6,0.1,4,0.008073086427350062,25.36951280899721,64,True
1799,HD_69830_B7,A002_X1207c39_X9417_spw0,7,15625000.0,coarse,872,128,64,6,0.1,5,0.008073086427350062,24.280592165067755,64,True
1800,HD_69830_B7,A002_X1207c39_X9417_spw0,7,15625000.0,coarse,872,128,64,8,1.0,0,0.008073086427350062,279.6024866588501,64,True
1801,HD_69830_B7,A002_X1207c39_X9417_spw0,7,15625000.0,coarse,872,128,64,8,1.0,1,0.008073086427350062,279.6024866588501,64,True
1802,HD_69830_B7,A002_X1207c39_X9417_spw0,7,15625000.0,coarse,872,128,64,8,1.0,2,0.008073086427350062,279.6024866588501,64,True
1803,HD_69830_B7,A002_X1207c39_X9417_spw0,7,15625000.0,coarse,872,128,64,8,1.0,3,0.008073086427350062,279.6024866588501,64,True
1804,HD_69830_B7,A002_X1207c39_X9417_spw0,7,15625000.0,coarse,872,128,64,8,1.0,4,0.008073086427350062,279.6024866588501,64,True
1805,HD_69830_B7,A002_X1207c39_X9417_spw0,7,15625000.0,coarse,872,128,64,8,1.0,5,0.008073086427350062,279.6024866588501,64,True
1806,HD_69830_B7,A002_X1207c39_X9417_spw0,7,15625000.0,coarse,872,128,64,8,0.75,0,0.008073086427350062,206.28146086466086,64,True
1807,HD_69830_B7,A002_X1207c39_X9417_spw0,7,15625000.0,coarse,872,128,64,8,0.75,1,0.008073086427350062,204.44998617773953,64,True
1808,HD_69830_B7,A002_X1207c39_X9417_spw0,7,15625000.0,coarse,872,128,64,8,0.75,2,0.008073086427350062,204.37135174693753,64,True
1809,HD_69830_B7,A002_X1207c39_X9417_spw0,7,15625000.0,coarse,872,128,64,8,0.75,3,0.008073086427350062,206.58128021969273,64,True
1810,HD_69830_B7,A002_X1207c39_X9417_spw0,7,15625000.0,coarse,872,128,64,8,0.75,4,0.008073086427350062,201.55497715959746,64,True
1811,HD_69830_B7,A002_X1207c39_X9417_spw0,7,15625000.0,coarse,872,128,64,8,0.75,5,0.008073086427350062,212.57279947800862,64,True
1812,HD_69830_B7,A002_X1207c39_X9417_spw0,7,15625000.0,coarse,872,128,64,8,0.5,0,0.008073086427350062,140.44061834088654,64,True
1813,HD_69830_B7,A002_X1207c39_X9417_spw0,7,15625000.0,coarse,872,128,64,8,0.5,1,0.008073086427350062,139.4423456417167,64,True
1814,HD_69830_B7,A002_X1207c39_X9417_spw0,7,15625000.0,coarse,872,128,64,8,0.5,2,0.008073086427350062,137.53957001392448,64,True
1815,HD_69830_B7,A002_X1207c39_X9417_spw0,7,15625000.0,coarse,872,128,64,8,0.5,3,0.008073086427350062,134.259968914557,64,True
1816,HD_69830_B7,A002_X1207c39_X9417_spw0,7,15625000.0,coarse,872,128,64,8,0.5,4,0.008073086427350062,132.63005868047566,64,True
1817,HD_69830_B7,A002_X1207c39_X9417_spw0,7,15625000.0,coarse,872,128,64,8,0.5,5,0.008073086427350062,139.06063365083307,64,True
1818,HD_69830_B7,A002_X1207c39_X9417_spw0,7,15625000.0,coarse,872,128,64,8,0.4,0,0.008073086427350062,110.29253590895914,64,True
1819,HD_69830_B7,A002_X1207c39_X9417_spw0,7,15625000.0,coarse,872,128,64,8,0.4,1,0.008073086427350062,109.63799144900631,64,True
1820,HD_69830_B7,A002_X1207c39_X9417_spw0,7,15625000.0,coarse,872,128,64,8,0.4,2,0.008073086427350062,116.67367879774757,64,True
1821,HD_69830_B7,A002_X1207c39_X9417_spw0,7,15625000.0,coarse,872,128,64,8,0.4,3,0.008073086427350062,108.16573102710659,64,True
1822,HD_69830_B7,A002_X1207c39_X9417_spw0,7,15625000.0,coarse,872,128,64,8,0.4,4,0.008073086427350062,106.9103646653782,64,True
1823,HD_69830_B7,A002_X1207c39_X9417_spw0,7,15625000.0,coarse,872,128,64,8,0.4,5,0.008073086427350062,113.22205174886601,64,True
1824,HD_69830_B7,A002_X1207c39_X9417_spw0,7,15625000.0,coarse,872,128,64,8,0.25,0,0.008073086427350062,78.57206184894494,64,True
1825,HD_69830_B7,A002_X1207c39_X9417_spw0,7,15625000.0,coarse,872,128,64,8,0.25,1,0.008073086427350062,69.7954062390781,64,True
1826,HD_69830_B7,A002_X1207c39_X9417_spw0,7,15625000.0,coarse,872,128,64,8,0.25,2,0.008073086427350062,72.2853599001015,64,True
1827,HD_69830_B7,A002_X1207c39_X9417_spw0,7,15625000.0,coarse,872,128,64,8,0.25,3,0.008073086427350062,78.98898436943381,64,True
1828,HD_69830_B7,A002_X1207c39_X9417_spw0,7,15625000.0,coarse,872,128,64,8,0.25,4,0.008073086427350062,63.275578261394145,64,True
1829,HD_69830_B7,A002_X1207c39_X9417_spw0,7,15625000.0,coarse,872,128,64,8,0.25,5,0.008073086427350062,73.6068564245845,64,True
1830,HD_69830_B7,A002_X1207c39_X9417_spw0,7,15625000.0,coarse,872,128,64,8,0.1,0,0.008073086427350062,27.668744255516753,64,True
1831,HD_69830_B7,A002_X1207c39_X9417_spw0,7,15625000.0,coarse,872,128,64,8,0.1,1,0.008073086427350062,31.90219042708883,64,True
1832,HD_69830_B7,A002_X1207c39_X9417_spw0,7,15625000.0,coarse,872,128,64,8,0.1,2,0.008073086427350062,33.124083024829325,64,True
1833,HD_69830_B7,A002_X1207c39_X9417_spw0,7,15625000.0,coarse,872,128,64,8,0.1,3,0.008073086427350062,26.723062570149196,64,True
1834,HD_69830_B7,A002_X1207c39_X9417_spw0,7,15625000.0,coarse,872,128,64,8,0.1,4,0.008073086427350062,31.70193784871722,64,True
1835,HD_69830_B7,A002_X1207c39_X9417_spw0,7,15625000.0,coarse,872,128,64,8,0.1,5,0.008073086427350062,31.41119969838486,64,True
1836,HD_69830_B7,A002_X1207c39_X9417_spw0,7,15625000.0,coarse,872,128,64,10,1.0,0,0.008073086427350062,349.1800408116029,64,True
1837,HD_69830_B7,A002_X1207c39_X9417_spw0,7,15625000.0,coarse,872,128,64,10,1.0,1,0.008073086427350062,349.1800408116029,64,True
1838,HD_69830_B7,A002_X1207c39_X9417_spw0,7,15625000.0,coarse,872,128,64,10,1.0,2,0.008073086427350062,349.1800408116029,64,True
1839,HD_69830_B7,A002_X1207c39_X9417_spw0,7,15625000.0,coarse,872,128,64,10,1.0,3,0.008073086427350062,349.1800408116029,64,True
1840,HD_69830_B7,A002_X1207c39_X9417_spw0,7,15625000.0,coarse,872,128,64,10,1.0,4,0.008073086427350062,349.1800408116029,64,True
1841,HD_69830_B7,A002_X1207c39_X9417_spw0,7,15625000.0,coarse,872,128,64,10,1.0,5,0.008073086427350062,349.1800408116029,64,True
1842,HD_69830_B7,A002_X1207c39_X9417_spw0,7,15625000.0,coarse,872,128,64,10,0.75,0,0.008073086427350062,261.3284289532336,64,True
1843,HD_69830_B7,A002_X1207c39_X9417_spw0,7,15625000.0,coarse,872,128,64,10,0.75,1,0.008073086427350062,257.2448274664339,64,True
1844,HD_69830_B7,A002_X1207c39_X9417_spw0,7,15625000.0,coarse,872,128,64,10,0.75,2,0.008073086427350062,263.5291819191124,64,True
1845,HD_69830_B7,A002_X1207c39_X9417_spw0,7,15625000.0,coarse,872,128,64,10,0.75,3,0.008073086427350062,262.40936887793237,64,True
1846,HD_69830_B7,A002_X1207c39_X9417_spw0,7,15625000.0,coarse,872,128,64,10,0.75,4,0.008073086427350062,258.94419452787486,64,True
1847,HD_69830_B7,A002_X1207c39_X9417_spw0,7,15625000.0,coarse,872,128,64,10,0.75,5,0.008073086427350062,259.9828696177415,64,True
1848,HD_69830_B7,A002_X1207c39_X9417_spw0,7,15625000.0,coarse,872,128,64,10,0.5,0,0.008073086427350062,175.18298299857628,64,True
1849,HD_69830_B7,A002_X1207c39_X9417_spw0,7,15625000.0,coarse,872,128,64,10,0.5,1,0.008073086427350062,175.50271808884784,64,True
1850,HD_69830_B7,A002_X1207c39_X9417_spw0,7,15625000.0,coarse,872,128,64,10,0.5,2,0.008073086427350062,174.03737862837934,64,True
1851,HD_69830_B7,A002_X1207c39_X9417_spw0,7,15625000.0,coarse,872,128,64,10,0.5,3,0.008073086427350062,172.44206902217596,64,True
1852,HD_69830_B7,A002_X1207c39_X9417_spw0,7,15625000.0,coarse,872,128,64,10,0.5,4,0.008073086427350062,167.805872538539,64,True
1853,HD_69830_B7,A002_X1207c39_X9417_spw0,7,15625000.0,coarse,872,128,64,10,0.5,5,0.008073086427350062,172.22927241706148,64,True
1854,HD_69830_B7,A002_X1207c39_X9417_spw0,7,15625000.0,coarse,872,128,64,10,0.4,0,0.008073086427350062,136.14511599172098,64,True
1855,HD_69830_B7,A002_X1207c39_X9417_spw0,7,15625000.0,coarse,872,128,64,10,0.4,1,0.008073086427350062,142.80625874542628,64,True
1856,HD_69830_B7,A002_X1207c39_X9417_spw0,7,15625000.0,coarse,872,128,64,10,0.4,2,0.008073086427350062,140.2884321495105,64,True
1857,HD_69830_B7,A002_X1207c39_X9417_spw0,7,15625000.0,coarse,872,128,64,10,0.4,3,0.008073086427350062,132.66034027134538,64,True
1858,HD_69830_B7,A002_X1207c39_X9417_spw0,7,15625000.0,coarse,872,128,64,10,0.4,4,0.008073086427350062,134.7197670181027,64,True
1859,HD_69830_B7,A002_X1207c39_X9417_spw0,7,15625000.0,coarse,872,128,64,10,0.4,5,0.008073086427350062,134.8157194808329,64,True
1860,HD_69830_B7,A002_X1207c39_X9417_spw0,7,15625000.0,coarse,872,128,64,10,0.25,0,0.008073086427350062,88.2365421766107,64,True
1861,HD_69830_B7,A002_X1207c39_X9417_spw0,7,15625000.0,coarse,872,128,64,10,0.25,1,0.008073086427350062,82.58664234090865,64,True
1862,HD_69830_B7,A002_X1207c39_X9417_spw0,7,15625000.0,coarse,872,128,64,10,0.25,2,0.008073086427350062,85.50661504350437,64,True
1863,HD_69830_B7,A002_X1207c39_X9417_spw0,7,15625000.0,coarse,872,128,64,10,0.25,3,0.008073086427350062,80.98944923676677,64,True
1864,HD_69830_B7,A002_X1207c39_X9417_spw0,7,15625000.0,coarse,872,128,64,10,0.25,4,0.008073086427350062,98.02251589455643,64,True
1865,HD_69830_B7,A002_X1207c39_X9417_spw0,7,15625000.0,coarse,872,128,64,10,0.25,5,0.008073086427350062,87.40381257656811,64,True
1866,HD_69830_B7,A002_X1207c39_X9417_spw0,7,15625000.0,coarse,872,128,64,10,0.1,0,0.008073086427350062,38.42978929014702,64,True
1867,HD_69830_B7,A002_X1207c39_X9417_spw0,7,15625000.0,coarse,872,128,64,10,0.1,1,0.008073086427350062,37.131660747374525,64,True
1868,HD_69830_B7,A002_X1207c39_X9417_spw0,7,15625000.0,coarse,872,128,64,10,0.1,2,0.008073086427350062,36.86963638213955,64,True
1869,HD_69830_B7,A002_X1207c39_X9417_spw0,7,15625000.0,coarse,872,128,64,10,0.1,3,0.008073086427350062,37.883990820795404,64,True
1870,HD_69830_B7,A002_X1207c39_X9417_spw0,7,15625000.0,coarse,872,128,64,10,0.1,4,0.008073086427350062,39.16695004468044,64,True
1871,HD_69830_B7,A002_X1207c39_X9417_spw0,7,15625000.0,coarse,872,128,64,10,0.1,5,0.008073086427350062,39.08398634907984,64,True
1872,HD_69830_B7,A002_X1207c39_X9417_spw0,7,15625000.0,coarse,872,128,64,15,1.0,0,0.008073086427350062,523.1239261934841,64,True
1873,HD_69830_B7,A002_X1207c39_X9417_spw0,7,15625000.0,coarse,872,128,64,15,1.0,1,0.008073086427350062,523.1239261934841,64,True
1874,HD_69830_B7,A002_X1207c39_X9417_spw0,7,15625000.0,coarse,872,128,64,15,1.0,2,0.008073086427350062,523.1239261934841,64,True
1875,HD_69830_B7,A002_X1207c39_X9417_spw0,7,15625000.0,coarse,872,128,64,15,1.0,3,0.008073086427350062,523.1239261934841,64,True
1876,HD_69830_B7,A002_X1207c39_X9417_spw0,7,15625000.0,coarse,872,128,64,15,1.0,4,0.008073086427350062,523.1239261934841,64,True
1877,HD_69830_B7,A002_X1207c39_X9417_spw0,7,15625000.0,coarse,872,128,64,15,1.0,5,0.008073086427350062,523.1239261934841,64,True
1878,HD_69830_B7,A002_X1207c39_X9417_spw0,7,15625000.0,coarse,872,128,64,15,0.75,0,0.008073086427350062,401.59218494673445,64,True
1879,HD_69830_B7,A002_X1207c39_X9417_spw0,7,15625000.0,coarse,872,128,64,15,0.75,1,0.008073086427350062,387.0315737662459,64,True
1880,HD_69830_B7,A002_X1207c39_X9417_spw0,7,15625000.0,coarse,872,128,64,15,0.75,2,0.008073086427350062,378.56032287796864,64,True
1881,HD_69830_B7,A002_X1207c39_X9417_spw0,7,15625000.0,coarse,872,128,64,15,0.75,3,0.008073086427350062,388.6412124976642,64,True
1882,HD_69830_B7,A002_X1207c39_X9417_spw0,7,15625000.0,coarse,872,128,64,15,0.75,4,0.008073086427350062,378.13145968800154,64,True
1883,HD_69830_B7,A002_X1207c39_X9417_spw0,7,15625000.0,coarse,872,128,64,15,0.75,5,0.008073086427350062,392.1522145287415,64,True
1884,HD_69830_B7,A002_X1207c39_X9417_spw0,7,15625000.0,coarse,872,128,64,15,0.5,0,0.008073086427350062,254.18302660410964,64,True
1885,HD_69830_B7,A002_X1207c39_X9417_spw0,7,15625000.0,coarse,872,128,64,15,0.5,1,0.008073086427350062,253.6802262298451,64,True
1886,HD_69830_B7,A002_X1207c39_X9417_spw0,7,15625000.0,coarse,872,128,64,15,0.5,2,0.008073086427350062,257.2833174993592,64,True
1887,HD_69830_B7,A002_X1207c39_X9417_spw0,7,15625000.0,coarse,872,128,64,15,0.5,3,0.008073086427350062,254.70557838998843,64,True
1888,HD_69830_B7,A002_X1207c39_X9417_spw0,7,15625000.0,coarse,872,128,64,15,0.5,4,0.008073086427350062,260.73216782340444,64,True
1889,HD_69830_B7,A002_X1207c39_X9417_spw0,7,15625000.0,coarse,872,128,64,15,0.5,5,0.008073086427350062,258.0205755375538,64,True
1890,HD_69830_B7,A002_X1207c39_X9417_spw0,7,15625000.0,coarse,872,128,64,15,0.4,0,0.008073086427350062,206.67802630024156,64,True
1891,HD_69830_B7,A002_X1207c39_X9417_spw0,7,15625000.0,coarse,872,128,64,15,0.4,1,0.008073086427350062,211.33384894939124,64,True
1892,HD_69830_B7,A002_X1207c39_X9417_spw0,7,15625000.0,coarse,872,128,64,15,0.4,2,0.008073086427350062,202.8784910076933,64,True
1893,HD_69830_B7,A002_X1207c39_X9417_spw0,7,15625000.0,coarse,872,128,64,15,0.4,3,0.008073086427350062,215.91781307715695,64,True
1894,HD_69830_B7,A002_X1207c39_X9417_spw0,7,15625000.0,coarse,872,128,64,15,0.4,4,0.008073086427350062,202.26061220138092,64,True
1895,HD_69830_B7,A002_X1207c39_X9417_spw0,7,15625000.0,coarse,872,128,64,15,0.4,5,0.008073086427350062,208.84207634365774,64,True
1896,HD_69830_B7,A002_X1207c39_X9417_spw0,7,15625000.0,coarse,872,128,64,15,0.25,0,0.008073086427350062,131.68244574591512,64,True
1897,HD_69830_B7,A002_X1207c39_X9417_spw0,7,15625000.0,coarse,872,128,64,15,0.25,1,0.008073086427350062,129.35400830133187,64,True
1898,HD_69830_B7,A002_X1207c39_X9417_spw0,7,15625000.0,coarse,872,128,64,15,0.25,2,0.008073086427350062,126.3607773856469,64,True
1899,HD_69830_B7,A002_X1207c39_X9417_spw0,7,15625000.0,coarse,872,128,64,15,0.25,3,0.008073086427350062,127.3140900351626,64,True
1900,HD_69830_B7,A002_X1207c39_X9417_spw0,7,15625000.0,coarse,872,128,64,15,0.25,4,0.008073086427350062,125.26834173218492,64,True
1901,HD_69830_B7,A002_X1207c39_X9417_spw0,7,15625000.0,coarse,872,128,64,15,0.25,5,0.008073086427350062,138.38993181128265,64,True
1902,HD_69830_B7,A002_X1207c39_X9417_spw0,7,15625000.0,coarse,872,128,64,15,0.1,0,0.008073086427350062,56.99692445435989,64,True
1903,HD_69830_B7,A002_X1207c39_X9417_spw0,7,15625000.0,coarse,872,128,64,15,0.1,1,0.008073086427350062,57.35803306512709,64,True
1904,HD_69830_B7,A002_X1207c39_X9417_spw0,7,15625000.0,coarse,872,128,64,15,0.1,2,0.008073086427350062,49.92874640734945,64,True
1905,HD_69830_B7,A002_X1207c39_X9417_spw0,7,15625000.0,coarse,872,128,64,15,0.1,3,0.008073086427350062,50.7928475656883,64,True
1906,HD_69830_B7,A002_X1207c39_X9417_spw0,7,15625000.0,coarse,872,128,64,15,0.1,4,0.008073086427350062,50.276655674200214,64,True
1907,HD_69830_B7,A002_X1207c39_X9417_spw0,7,15625000.0,coarse,872,128,64,15,0.1,5,0.008073086427350062,62.531418108756355,64,True
1908,HD_69830_B7,A002_X1207c39_X9417_spw0,7,15625000.0,coarse,872,128,64,20,1.0,0,0.008073086427350062,697.0678115753669,64,True
1909,HD_69830_B7,A002_X1207c39_X9417_spw0,7,15625000.0,coarse,872,128,64,20,1.0,1,0.008073086427350062,697.0678115753669,64,True
1910,HD_69830_B7,A002_X1207c39_X9417_spw0,7,15625000.0,coarse,872,128,64,20,1.0,2,0.008073086427350062,697.0678115753669,64,True
1911,HD_69830_B7,A002_X1207c39_X9417_spw0,7,15625000.0,coarse,872,128,64,20,1.0,3,0.008073086427350062,697.0678115753669,64,True
1912,HD_69830_B7,A002_X1207c39_X9417_spw0,7,15625000.0,coarse,872,128,64,20,1.0,4,0.008073086427350062,697.0678115753669,64,True
1913,HD_69830_B7,A002_X1207c39_X9417_spw0,7,15625000.0,coarse,872,128,64,20,1.0,5,0.008073086427350062,697.0678115753669,64,True
1914,HD_69830_B7,A002_X1207c39_X9417_spw0,7,15625000.0,coarse,872,128,64,20,0.75,0,0.008073086427350062,523.1658722456656,64,True
1915,HD_69830_B7,A002_X1207c39_X9417_spw0,7,15625000.0,coarse,872,128,64,20,0.75,1,0.008073086427350062,517.8920335263773,64,True
1916,HD_69830_B7,A002_X1207c39_X9417_spw0,7,15625000.0,coarse,872,128,64,20,0.75,2,0.008073086427350062,516.7617703222986,64,True
1917,HD_69830_B7,A002_X1207c39_X9417_spw0,7,15625000.0,coarse,872,128,64,20,0.75,3,0.008073086427350062,517.3684066028684,64,True
1918,HD_69830_B7,A002_X1207c39_X9417_spw0,7,15625000.0,coarse,872,128,64,20,0.75,4,0.008073086427350062,503.57441182780985,64,True
1919,HD_69830_B7,A002_X1207c39_X9417_spw0,7,15625000.0,coarse,872,128,64,20,0.75,5,0.008073086427350062,506.4801236732811,64,True
1920,HD_69830_B7,A002_X1207c39_X9417_spw0,7,15625000.0,coarse,872,128,64,20,0.5,0,0.008073086427350062,339.44958954984315,64,True
1921,HD_69830_B7,A002_X1207c39_X9417_spw0,7,15625000.0,coarse,872,128,64,20,0.5,1,0.008073086427350062,336.11011178430897,64,True
1922,HD_69830_B7,A002_X1207c39_X9417_spw0,7,15625000.0,coarse,872,128,64,20,0.5,2,0.008073086427350062,328.24596139432583,64,True
1923,HD_69830_B7,A002_X1207c39_X9417_spw0,7,15625000.0,coarse,872,128,64,20,0.5,3,0.008073086427350062,340.1715825736619,64,True
1924,HD_69830_B7,A002_X1207c39_X9417_spw0,7,15625000.0,coarse,872,128,64,20,0.5,4,0.008073086427350062,325.0204796979661,64,True
1925,HD_69830_B7,A002_X1207c39_X9417_spw0,7,15625000.0,coarse,872,128,64,20,0.5,5,0.008073086427350062,341.6284844795809,64,True
1926,HD_69830_B7,A002_X1207c39_X9417_spw0,7,15625000.0,coarse,872,128,64,20,0.4,0,0.008073086427350062,267.05980916858266,64,True
1927,HD_69830_B7,A002_X1207c39_X9417_spw0,7,15625000.0,coarse,872,128,64,20,0.4,1,0.008073086427350062,268.20958946229297,64,True
1928,HD_69830_B7,A002_X1207c39_X9417_spw0,7,15625000.0,coarse,872,128,64,20,0.4,2,0.008073086427350062,243.5579472483978,64,True
1929,HD_69830_B7,A002_X1207c39_X9417_spw0,7,15625000.0,coarse,872,128,64,20,0.4,3,0.008073086427350062,262.4156699599964,64,True
1930,HD_69830_B7,A002_X1207c39_X9417_spw0,7,15625000.0,coarse,872,128,64,20,0.4,4,0.008073086427350062,278.143832338465,64,True
1931,HD_69830_B7,A002_X1207c39_X9417_spw0,7,15625000.0,coarse,872,128,64,20,0.4,5,0.008073086427350062,278.61386176757657,64,True
1932,HD_69830_B7,A002_X1207c39_X9417_spw0,7,15625000.0,coarse,872,128,64,20,0.25,0,0.008073086427350062,182.4214549393642,64,True
1933,HD_69830_B7,A002_X1207c39_X9417_spw0,7,15625000.0,coarse,872,128,64,20,0.25,1,0.008073086427350062,158.46949356356834,64,True
1934,HD_69830_B7,A002_X1207c39_X9417_spw0,7,15625000.0,coarse,872,128,64,20,0.25,2,0.008073086427350062,174.32882272167123,64,True
1935,HD_69830_B7,A002_X1207c39_X9417_spw0,7,15625000.0,coarse,872,128,64,20,0.25,3,0.008073086427350062,167.75266818495527,64,True
1936,HD_69830_B7,A002_X1207c39_X9417_spw0,7,15625000.0,coarse,872,128,64,20,0.25,4,0.008073086427350062,166.4506562899484,64,True
1937,HD_69830_B7,A002_X1207c39_X9417_spw0,7,15625000.0,coarse,872,128,64,20,0.25,5,0.008073086427350062,175.91549341232582,64,True
1938,HD_69830_B7,A002_X1207c39_X9417_spw0,7,15625000.0,coarse,872,128,64,20,0.1,0,0.008073086427350062,72.10637159090525,64,True
1939,HD_69830_B7,A002_X1207c39_X9417_spw0,7,15625000.0,coarse,872,128,64,20,0.1,1,0.008073086427350062,73.65294127363654,64,True
1940,HD_69830_B7,A002_X1207c39_X9417_spw0,7,15625000.0,coarse,872,128,64,20,0.1,2,0.008073086427350062,59.24633057139057,64,True
1941,HD_69830_B7,A002_X1207c39_X9417_spw0,7,15625000.0,coarse,872,128,64,20,0.1,3,0.008073086427350062,72.45509349681049,64,True
1942,HD_69830_B7,A002_X1207c39_X9417_spw0,7,15625000.0,coarse,872,128,64,20,0.1,4,0.008073086427350062,61.50551729090732,64,True
1943,HD_69830_B7,A002_X1207c39_X9417_spw0,7,15625000.0,coarse,872,128,64,20,0.1,5,0.008073086427350062,79.19086104610786,64,True
1944,bet_Pic_B6,A002_Xd9668b_X3a90_spw1,6,122070.3125,fine,385,960,839,2,1.0,0,0.036123725509434004,34.96010024847983,839,True
1945,bet_Pic_B6,A002_Xd9668b_X3a90_spw1,6,122070.3125,fine,385,960,399,2,1.0,1,0.036123725509434004,34.593779820845995,399,True
1946,bet_Pic_B6,A002_Xd9668b_X3a90_spw1,6,122070.3125,fine,385,960,410,2,1.0,2,0.036123725509434004,32.66962187556305,410,True
1947,bet_Pic_B6,A002_Xd9668b_X3a90_spw1,6,122070.3125,fine,385,960,455,2,1.0,3,0.036123725509434004,33.04783846136364,455,True
1948,bet_Pic_B6,A002_Xd9668b_X3a90_spw1,6,122070.3125,fine,385,960,861,2,1.0,4,0.036123725509434004,34.71775737523679,861,True
1949,bet_Pic_B6,A002_Xd9668b_X3a90_spw1,6,122070.3125,fine,385,960,721,2,1.0,5,0.036123725509434004,35.32296933607085,721,True
1950,bet_Pic_B6,A002_Xd9668b_X3a90_spw1,6,122070.3125,fine,385,960,518,2,0.75,0,0.036123725509434004,27.18318070329217,518,True
1951,bet_Pic_B6,A002_Xd9668b_X3a90_spw1,6,122070.3125,fine,385,960,805,2,0.75,1,0.036123725509434004,26.883218508206614,805,True
1952,bet_Pic_B6,A002_Xd9668b_X3a90_spw1,6,122070.3125,fine,385,960,463,2,0.75,2,0.036123725509434004,25.372985125857973,463,True
1953,bet_Pic_B6,A002_Xd9668b_X3a90_spw1,6,122070.3125,fine,385,960,553,2,0.75,3,0.036123725509434004,26.202776330501987,553,True
1954,bet_Pic_B6,A002_Xd9668b_X3a90_spw1,6,122070.3125,fine,385,960,291,2,0.75,4,0.036123725509434004,25.30272039376589,291,True
1955,bet_Pic_B6,A002_Xd9668b_X3a90_spw1,6,122070.3125,fine,385,960,534,2,0.75,5,0.036123725509434004,24.487552730331487,534,True
1956,bet_Pic_B6,A002_Xd9668b_X3a90_spw1,6,122070.3125,fine,385,960,153,2,0.5,0,0.036123725509434004,17.870276594975007,153,True
1957,bet_Pic_B6,A002_Xd9668b_X3a90_spw1,6,122070.3125,fine,385,960,244,2,0.5,1,0.036123725509434004,15.319036017390129,244,True
1958,bet_Pic_B6,A002_Xd9668b_X3a90_spw1,6,122070.3125,fine,385,960,363,2,0.5,2,0.036123725509434004,17.240395462395952,363,True
1959,bet_Pic_B6,A002_Xd9668b_X3a90_spw1,6,122070.3125,fine,385,960,128,2,0.5,3,0.036123725509434004,16.854784408587143,128,True
1960,bet_Pic_B6,A002_Xd9668b_X3a90_spw1,6,122070.3125,fine,385,960,575,2,0.5,4,0.036123725509434004,17.890156181274854,575,True
1961,bet_Pic_B6,A002_Xd9668b_X3a90_spw1,6,122070.3125,fine,385,960,230,2,0.5,5,0.036123725509434004,13.997468388967434,230,True
1962,bet_Pic_B6,A002_Xd9668b_X3a90_spw1,6,122070.3125,fine,385,960,122,2,0.4,0,0.036123725509434004,14.151364598607518,122,True
1963,bet_Pic_B6,A002_Xd9668b_X3a90_spw1,6,122070.3125,fine,385,960,438,2,0.4,1,0.036123725509434004,13.070319969081057,438,True
1964,bet_Pic_B6,A002_Xd9668b_X3a90_spw1,6,122070.3125,fine,385,960,545,2,0.4,2,0.036123725509434004,13.689518684061165,545,True
1965,bet_Pic_B6,A002_Xd9668b_X3a90_spw1,6,122070.3125,fine,385,960,705,2,0.4,3,0.036123725509434004,13.116547900091973,705,True
1966,bet_Pic_B6,A002_Xd9668b_X3a90_spw1,6,122070.3125,fine,385,960,138,2,0.4,4,0.036123725509434004,13.30536669830374,138,True
1967,bet_Pic_B6,A002_Xd9668b_X3a90_spw1,6,122070.3125,fine,385,960,553,2,0.4,5,0.036123725509434004,14.35594986631744,553,True
1968,bet_Pic_B6,A002_Xd9668b_X3a90_spw1,6,122070.3125,fine,385,960,244,2,0.25,0,0.036123725509434004,6.632164825220249,244,True
1969,bet_Pic_B6,A002_Xd9668b_X3a90_spw1,6,122070.3125,fine,385,960,306,2,0.25,1,0.036123725509434004,7.611584271656109,306,True
1970,bet_Pic_B6,A002_Xd9668b_X3a90_spw1,6,122070.3125,fine,385,960,738,2,0.25,2,0.036123725509434004,9.332945831302053,738,True
1971,bet_Pic_B6,A002_Xd9668b_X3a90_spw1,6,122070.3125,fine,385,960,863,2,0.25,3,0.036123725509434004,8.918126507739709,863,True
1972,bet_Pic_B6,A002_Xd9668b_X3a90_spw1,6,122070.3125,fine,385,960,306,2,0.25,4,0.036123725509434004,7.534982170801332,306,True
1973,bet_Pic_B6,A002_Xd9668b_X3a90_spw1,6,122070.3125,fine,385,960,856,2,0.25,5,0.036123725509434004,7.091349376116379,856,True
1974,bet_Pic_B6,A002_Xd9668b_X3a90_spw1,6,122070.3125,fine,385,960,152,2,0.1,0,0.036123725509434004,5.374986368911906,152,True
1975,bet_Pic_B6,A002_Xd9668b_X3a90_spw1,6,122070.3125,fine,385,960,492,2,0.1,1,0.036123725509434004,4.072390111991278,492,False
1976,bet_Pic_B6,A002_Xd9668b_X3a90_spw1,6,122070.3125,fine,385,960,173,2,0.1,2,0.036123725509434004,1.980147407626003,921,False
1977,bet_Pic_B6,A002_Xd9668b_X3a90_spw1,6,122070.3125,fine,385,960,502,2,0.1,3,0.036123725509434004,3.680360472640363,502,False
1978,bet_Pic_B6,A002_Xd9668b_X3a90_spw1,6,122070.3125,fine,385,960,75,2,0.1,4,0.036123725509434004,2.968081506422543,921,False
1979,bet_Pic_B6,A002_Xd9668b_X3a90_spw1,6,122070.3125,fine,385,960,838,2,0.1,5,0.036123725509434004,4.497766419094262,838,False
1980,bet_Pic_B6,A002_Xd9668b_X3a90_spw1,6,122070.3125,fine,385,960,626,3,1.0,0,0.036123725509434004,51.20465337615972,626,True
1981,bet_Pic_B6,A002_Xd9668b_X3a90_spw1,6,122070.3125,fine,385,960,204,3,1.0,1,0.036123725509434004,51.78227657306042,204,True
1982,bet_Pic_B6,A002_Xd9668b_X3a90_spw1,6,122070.3125,fine,385,960,307,3,1.0,2,0.036123725509434004,50.46619894302787,307,True
1983,bet_Pic_B6,A002_Xd9668b_X3a90_spw1,6,122070.3125,fine,385,960,108,3,1.0,3,0.036123725509434004,49.785968568017,108,True
1984,bet_Pic_B6,A002_Xd9668b_X3a90_spw1,6,122070.3125,fine,385,960,778,3,1.0,4,0.036123725509434004,51.15939489798826,778,True
1985,bet_Pic_B6,A002_Xd9668b_X3a90_spw1,6,122070.3125,fine,385,960,610,3,1.0,5,0.036123725509434004,51.45061076837381,610,True
1986,bet_Pic_B6,A002_Xd9668b_X3a90_spw1,6,122070.3125,fine,385,960,560,3,0.75,0,0.036123725509434004,37.66130886808244,560,True
1987,bet_Pic_B6,A002_Xd9668b_X3a90_spw1,6,122070.3125,fine,385,960,849,3,0.75,1,0.036123725509434004,37.237624203923964,849,True
1988,bet_Pic_B6,A002_Xd9668b_X3a90_spw1,6,122070.3125,fine,385,960,700,3,0.75,2,0.036123725509434004,38.622703734198616,700,True
1989,bet_Pic_B6,A002_Xd9668b_X3a90_spw1,6,122070.3125,fine,385,960,670,3,0.75,3,0.036123725509434004,39.15055449738725,670,True
1990,bet_Pic_B6,A002_Xd9668b_X3a90_spw1,6,122070.3125,fine,385,960,248,3,0.75,4,0.036123725509434004,39.03623690706208,248,True
1991,bet_Pic_B6,A002_Xd9668b_X3a90_spw1,6,122070.3125,fine,385,960,423,3,0.75,5,0.036123725509434004,37.99212914187767,423,True
1992,bet_Pic_B6,A002_Xd9668b_X3a90_spw1,6,122070.3125,fine,385,960,705,3,0.5,0,0.036123725509434004,24.97860571317076,705,True
1993,bet_Pic_B6,A002_Xd9668b_X3a90_spw1,6,122070.3125,fine,385,960,509,3,0.5,1,0.036123725509434004,25.720023237998426,509,True
1994,bet_Pic_B6,A002_Xd9668b_X3a90_spw1,6,122070.3125,fine,385,960,787,3,0.5,2,0.036123725509434004,26.366320315060502,787,True
1995,bet_Pic_B6,A002_Xd9668b_X3a90_spw1,6,122070.3125,fine,385,960,117,3,0.5,3,0.036123725509434004,25.057807997281547,117,True
1996,bet_Pic_B6,A002_Xd9668b_X3a90_spw1,6,122070.3125,fine,385,960,370,3,0.5,4,0.036123725509434004,27.073194574429532,370,True
1997,bet_Pic_B6,A002_Xd9668b_X3a90_spw1,6,122070.3125,fine,385,960,767,3,0.5,5,0.036123725509434004,23.560523825500216,767,True
1998,bet_Pic_B6,A002_Xd9668b_X3a90_spw1,6,122070.3125,fine,385,960,605,3,0.4,0,0.036123725509434004,19.86193359580784,605,True
1999,bet_Pic_B6,A002_Xd9668b_X3a90_spw1,6,122070.3125,fine,385,960,563,3,0.4,1,0.036123725509434004,20.821511963147746,563,True
2000,bet_Pic_B6,A002_Xd9668b_X3a90_spw1,6,122070.3125,fine,385,960,585,3,0.4,2,0.036123725509434004,20.767521026878814,585,True
2001,bet_Pic_B6,A002_Xd9668b_X3a90_spw1,6,122070.3125,fine,385,960,102,3,0.4,3,0.036123725509434004,20.664209139059636,102,True
2002,bet_Pic_B6,A002_Xd9668b_X3a90_spw1,6,122070.3125,fine,385,960,309,3,0.4,4,0.036123725509434004,19.75800080393428,309,True
2003,bet_Pic_B6,A002_Xd9668b_X3a90_spw1,6,122070.3125,fine,385,960,441,3,0.4,5,0.036123725509434004,19.74760101622017,441,True
2004,bet_Pic_B6,A002_Xd9668b_X3a90_spw1,6,122070.3125,fine,385,960,253,3,0.25,0,0.036123725509434004,12.976103900753353,253,True
2005,bet_Pic_B6,A002_Xd9668b_X3a90_spw1,6,122070.3125,fine,385,960,630,3,0.25,1,0.036123725509434004,13.136164217450405,630,True
2006,bet_Pic_B6,A002_Xd9668b_X3a90_spw1,6,122070.3125,fine,385,960,857,3,0.25,2,0.036123725509434004,10.530107521917834,857,True
2007,bet_Pic_B6,A002_Xd9668b_X3a90_spw1,6,122070.3125,fine,385,960,599,3,0.25,3,0.036123725509434004,11.540048069817505,599,True
2008,bet_Pic_B6,A002_Xd9668b_X3a90_spw1,6,122070.3125,fine,385,960,777,3,0.25,4,0.036123725509434004,13.586394191130195,777,True
2009,bet_Pic_B6,A002_Xd9668b_X3a90_spw1,6,122070.3125,fine,385,960,831,3,0.25,5,0.036123725509434004,14.465216582627333,831,True
2010,bet_Pic_B6,A002_Xd9668b_X3a90_spw1,6,122070.3125,fine,385,960,77,3,0.1,0,0.036123725509434004,4.43055945545045,77,False
2011,bet_Pic_B6,A002_Xd9668b_X3a90_spw1,6,122070.3125,fine,385,960,315,3,0.1,1,0.036123725509434004,5.368882303289245,315,True
2012,bet_Pic_B6,A002_Xd9668b_X3a90_spw1,6,122070.3125,fine,385,960,386,3,0.1,2,0.036123725509434004,5.926810265356475,386,True
2013,bet_Pic_B6,A002_Xd9668b_X3a90_spw1,6,122070.3125,fine,385,960,796,3,0.1,3,0.036123725509434004,4.824932976383733,796,False
2014,bet_Pic_B6,A002_Xd9668b_X3a90_spw1,6,122070.3125,fine,385,960,86,3,0.1,4,0.036123725509434004,4.997898903948537,86,False
2015,bet_Pic_B6,A002_Xd9668b_X3a90_spw1,6,122070.3125,fine,385,960,831,3,0.1,5,0.036123725509434004,6.773985074723702,831,True
2016,bet_Pic_B6,A002_Xd9668b_X3a90_spw1,6,122070.3125,fine,385,960,184,4,1.0,0,0.036123725509434004,68.52743427237571,184,True
2017,bet_Pic_B6,A002_Xd9668b_X3a90_spw1,6,122070.3125,fine,385,960,785,4,1.0,1,0.036123725509434004,67.87971403679398,785,True
2018,bet_Pic_B6,A002_Xd9668b_X3a90_spw1,6,122070.3125,fine,385,960,737,4,1.0,2,0.036123725509434004,67.97102297583868,737,True
2019,bet_Pic_B6,A002_Xd9668b_X3a90_spw1,6,122070.3125,fine,385,960,649,4,1.0,3,0.036123725509434004,68.23097305366088,649,True
2020,bet_Pic_B6,A002_Xd9668b_X3a90_spw1,6,122070.3125,fine,385,960,769,4,1.0,4,0.036123725509434004,67.91309708197342,769,True
2021,bet_Pic_B6,A002_Xd9668b_X3a90_spw1,6,122070.3125,fine,385,960,788,4,1.0,5,0.036123725509434004,67.80808387555092,788,True
2022,bet_Pic_B6,A002_Xd9668b_X3a90_spw1,6,122070.3125,fine,385,960,163,4,0.75,0,0.036123725509434004,51.478713468555746,163,True
2023,bet_Pic_B6,A002_Xd9668b_X3a90_spw1,6,122070.3125,fine,385,960,878,4,0.75,1,0.036123725509434004,50.06122938140424,878,True
2024,bet_Pic_B6,A002_Xd9668b_X3a90_spw1,6,122070.3125,fine,385,960,347,4,0.75,2,0.036123725509434004,49.72247919387758,347,True
2025,bet_Pic_B6,A002_Xd9668b_X3a90_spw1,6,122070.3125,fine,385,960,512,4,0.75,3,0.036123725509434004,51.20010157581092,512,True
2026,bet_Pic_B6,A002_Xd9668b_X3a90_spw1,6,122070.3125,fine,385,960,518,4,0.75,4,0.036123725509434004,52.863265237414616,518,True
2027,bet_Pic_B6,A002_Xd9668b_X3a90_spw1,6,122070.3125,fine,385,960,738,4,0.75,5,0.036123725509434004,52.20004223792073,738,True
2028,bet_Pic_B6,A002_Xd9668b_X3a90_spw1,6,122070.3125,fine,385,960,313,4,0.5,0,0.036123725509434004,33.75446500080213,313,True
2029,bet_Pic_B6,A002_Xd9668b_X3a90_spw1,6,122070.3125,fine,385,960,520,4,0.5,1,0.036123725509434004,33.641608816681696,520,True
2030,bet_Pic_B6,A002_Xd9668b_X3a90_spw1,6,122070.3125,fine,385,960,133,4,0.5,2,0.036123725509434004,32.464574498682694,133,True
2031,bet_Pic_B6,A002_Xd9668b_X3a90_spw1,6,122070.3125,fine,385,960,818,4,0.5,3,0.036123725509434004,33.24206866765279,818,True
2032,bet_Pic_B6,A002_Xd9668b_X3a90_spw1,6,122070.3125,fine,385,960,608,4,0.5,4,0.036123725509434004,33.20978140784837,608,True
2033,bet_Pic_B6,A002_Xd9668b_X3a90_spw1,6,122070.3125,fine,385,960,801,4,0.5,5,0.036123725509434004,35.53808402030865,801,True
2034,bet_Pic_B6,A002_Xd9668b_X3a90_spw1,6,122070.3125,fine,385,960,159,4,0.4,0,0.036123725509434004,26.984119267716103,159,True
2035,bet_Pic_B6,A002_Xd9668b_X3a90_spw1,6,122070.3125,fine,385,960,552,4,0.4,1,0.036123725509434004,27.093438601259148,552,True
2036,bet_Pic_B6,A002_Xd9668b_X3a90_spw1,6,122070.3125,fine,385,960,384,4,0.4,2,0.036123725509434004,27.354521368212517,384,True
2037,bet_Pic_B6,A002_Xd9668b_X3a90_spw1,6,122070.3125,fine,385,960,538,4,0.4,3,0.036123725509434004,27.013529178206404,538,True
2038,bet_Pic_B6,A002_Xd9668b_X3a90_spw1,6,122070.3125,fine,385,960,851,4,0.4,4,0.036123725509434004,26.83699333388493,851,True
2039,bet_Pic_B6,A002_Xd9668b_X3a90_spw1,6,122070.3125,fine,385,960,824,4,0.4,5,0.036123725509434004,27.164899710448,824,True
2040,bet_Pic_B6,A002_Xd9668b_X3a90_spw1,6,122070.3125,fine,385,960,183,4,0.25,0,0.036123725509434004,17.580245943213473,183,True
2041,bet_Pic_B6,A002_Xd9668b_X3a90_spw1,6,122070.3125,fine,385,960,471,4,0.25,1,0.036123725509434004,16.855874278113,471,True
2042,bet_Pic_B6,A002_Xd9668b_X3a90_spw1,6,122070.3125,fine,385,960,104,4,0.25,2,0.036123725509434004,16.232270996608204,104,True
2043,bet_Pic_B6,A002_Xd9668b_X3a90_spw1,6,122070.3125,fine,385,960,652,4,0.25,3,0.036123725509434004,13.38384388715902,652,True
2044,bet_Pic_B6,A002_Xd9668b_X3a90_spw1,6,122070.3125,fine,385,960,595,4,0.25,4,0.036123725509434004,16.923215792407927,595,True
2045,bet_Pic_B6,A002_Xd9668b_X3a90_spw1,6,122070.3125,fine,385,960,712,4,0.25,5,0.036123725509434004,17.26971881477543,712,True
2046,bet_Pic_B6,A002_Xd9668b_X3a90_spw1,6,122070.3125,fine,385,960,156,4,0.1,0,0.036123725509434004,5.502429243500071,156,True
2047,bet_Pic_B6,A002_Xd9668b_X3a90_spw1,6,122070.3125,fine,385,960,365,4,0.1,1,0.036123725509434004,6.358108803842202,365,True
2048,bet_Pic_B6,A002_Xd9668b_X3a90_spw1,6,122070.3125,fine,385,960,495,4,0.1,2,0.036123725509434004,7.629169162988303,495,True
2049,bet_Pic_B6,A002_Xd9668b_X3a90_spw1,6,122070.3125,fine,385,960,495,4,0.1,3,0.036123725509434004,7.665963172011126,495,True
2050,bet_Pic_B6,A002_Xd9668b_X3a90_spw1,6,122070.3125,fine,385,960,538,4,0.1,4,0.036123725509434004,6.767456555566085,538,True
2051,bet_Pic_B6,A002_Xd9668b_X3a90_spw1,6,122070.3125,fine,385,960,390,4,0.1,5,0.036123725509434004,4.437586390015826,390,False
2052,bet_Pic_B6,A002_Xd9668b_X3a90_spw1,6,122070.3125,fine,385,960,71,5,1.0,0,0.036123725509434004,82.84666220933258,71,True
2053,bet_Pic_B6,A002_Xd9668b_X3a90_spw1,6,122070.3125,fine,385,960,67,5,1.0,1,0.036123725509434004,84.72005187021146,67,True
2054,bet_Pic_B6,A002_Xd9668b_X3a90_spw1,6,122070.3125,fine,385,960,401,5,1.0,2,0.036123725509434004,82.59352299159413,401,True
2055,bet_Pic_B6,A002_Xd9668b_X3a90_spw1,6,122070.3125,fine,385,960,319,5,1.0,3,0.036123725509434004,83.45123660568856,319,True
2056,bet_Pic_B6,A002_Xd9668b_X3a90_spw1,6,122070.3125,fine,385,960,743,5,1.0,4,0.036123725509434004,84.21010586060879,743,True
2057,bet_Pic_B6,A002_Xd9668b_X3a90_spw1,6,122070.3125,fine,385,960,846,5,1.0,5,0.036123725509434004,85.79495232116174,846,True
2058,bet_Pic_B6,A002_Xd9668b_X3a90_spw1,6,122070.3125,fine,385,960,88,5,0.75,0,0.036123725509434004,64.60598208632142,88,True
2059,bet_Pic_B6,A002_Xd9668b_X3a90_spw1,6,122070.3125,fine,385,960,292,5,0.75,1,0.036123725509434004,63.98998703220307,292,True
2060,bet_Pic_B6,A002_Xd9668b_X3a90_spw1,6,122070.3125,fine,385,960,696,5,0.75,2,0.036123725509434004,63.64314908055155,696,True
2061,bet_Pic_B6,A002_Xd9668b_X3a90_spw1,6,122070.3125,fine,385,960,96,5,0.75,3,0.036123725509434004,62.05842363086719,96,True
2062,bet_Pic_B6,A002_Xd9668b_X3a90_spw1,6,122070.3125,fine,385,960,149,5,0.75,4,0.036123725509434004,64.60186019095207,149,True
2063,bet_Pic_B6,A002_Xd9668b_X3a90_spw1,6,122070.3125,fine,385,960,734,5,0.75,5,0.036123725509434004,64.77235962465254,734,True
2064,bet_Pic_B6,A002_Xd9668b_X3a90_spw1,6,122070.3125,fine,385,960,516,5,0.5,0,0.036123725509434004,43.62087598072262,516,True
2065,bet_Pic_B6,A002_Xd9668b_X3a90_spw1,6,122070.3125,fine,385,960,272,5,0.5,1,0.036123725509434004,42.5643469990896,272,True
2066,bet_Pic_B6,A002_Xd9668b_X3a90_spw1,6,122070.3125,fine,385,960,782,5,0.5,2,0.036123725509434004,42.04465467461286,782,True
2067,bet_Pic_B6,A002_Xd9668b_X3a90_spw1,6,122070.3125,fine,385,960,745,5,0.5,3,0.036123725509434004,39.82527709591701,745,True
2068,bet_Pic_B6,A002_Xd9668b_X3a90_spw1,6,122070.3125,fine,385,960,183,5,0.5,4,0.036123725509434004,42.95501353457373,183,True
2069,bet_Pic_B6,A002_Xd9668b_X3a90_spw1,6,122070.3125,fine,385,960,224,5,0.5,5,0.036123725509434004,42.67798628549397,224,True
2070,bet_Pic_B6,A002_Xd9668b_X3a90_spw1,6,122070.3125,fine,385,960,679,5,0.4,0,0.036123725509434004,34.086050104404045,679,True
2071,bet_Pic_B6,A002_Xd9668b_X3a90_spw1,6,122070.3125,fine,385,960,416,5,0.4,1,0.036123725509434004,31.925654870480688,416,True
2072,bet_Pic_B6,A002_Xd9668b_X3a90_spw1,6,122070.3125,fine,385,960,860,5,0.4,2,0.036123725509434004,35.77375639100882,860,True
2073,bet_Pic_B6,A002_Xd9668b_X3a90_spw1,6,122070.3125,fine,385,960,258,5,0.4,3,0.036123725509434004,34.88752128467009,258,True
2074,bet_Pic_B6,A002_Xd9668b_X3a90_spw1,6,122070.3125,fine,385,960,706,5,0.4,4,0.036123725509434004,34.327982936258486,706,True
2075,bet_Pic_B6,A002_Xd9668b_X3a90_spw1,6,122070.3125,fine,385,960,264,5,0.4,5,0.036123725509434004,33.692496926934496,264,True
2076,bet_Pic_B6,A002_Xd9668b_X3a90_spw1,6,122070.3125,fine,385,960,161,5,0.25,0,0.036123725509434004,21.28392711891879,161,True
2077,bet_Pic_B6,A002_Xd9668b_X3a90_spw1,6,122070.3125,fine,385,960,571,5,0.25,1,0.036123725509434004,19.345195758573603,571,True
2078,bet_Pic_B6,A002_Xd9668b_X3a90_spw1,6,122070.3125,fine,385,960,595,5,0.25,2,0.036123725509434004,20.97383575285333,595,True
2079,bet_Pic_B6,A002_Xd9668b_X3a90_spw1,6,122070.3125,fine,385,960,115,5,0.25,3,0.036123725509434004,20.43952839989833,115,True
2080,bet_Pic_B6,A002_Xd9668b_X3a90_spw1,6,122070.3125,fine,385,960,344,5,0.25,4,0.036123725509434004,22.3875153685258,344,True
2081,bet_Pic_B6,A002_Xd9668b_X3a90_spw1,6,122070.3125,fine,385,960,187,5,0.25,5,0.036123725509434004,19.29146842552125,187,True
2082,bet_Pic_B6,A002_Xd9668b_X3a90_spw1,6,122070.3125,fine,385,960,713,5,0.1,0,0.036123725509434004,8.670105466070899,713,True
2083,bet_Pic_B6,A002_Xd9668b_X3a90_spw1,6,122070.3125,fine,385,960,376,5,0.1,1,0.036123725509434004,8.04972526046875,376,True
2084,bet_Pic_B6,A002_Xd9668b_X3a90_spw1,6,122070.3125,fine,385,960,524,5,0.1,2,0.036123725509434004,7.531707988382415,524,True
2085,bet_Pic_B6,A002_Xd9668b_X3a90_spw1,6,122070.3125,fine,385,960,717,5,0.1,3,0.036123725509434004,7.409422070506075,717,True
2086,bet_Pic_B6,A002_Xd9668b_X3a90_spw1,6,122070.3125,fine,385,960,446,5,0.1,4,0.036123725509434004,7.52635244345333,446,True
2087,bet_Pic_B6,A002_Xd9668b_X3a90_spw1,6,122070.3125,fine,385,960,374,5,0.1,5,0.036123725509434004,8.332179258331104,374,True
2088,bet_Pic_B6,A002_Xd9668b_X3a90_spw1,6,122070.3125,fine,385,960,324,6,1.0,0,0.036123725509434004,103.63813071725801,324,True
2089,bet_Pic_B6,A002_Xd9668b_X3a90_spw1,6,122070.3125,fine,385,960,85,6,1.0,1,0.036123725509434004,100.10706533168428,85,True
2090,bet_Pic_B6,A002_Xd9668b_X3a90_spw1,6,122070.3125,fine,385,960,716,6,1.0,2,0.036123725509434004,101.59282543840439,716,True
2091,bet_Pic_B6,A002_Xd9668b_X3a90_spw1,6,122070.3125,fine,385,960,668,6,1.0,3,0.036123725509434004,102.13847391865666,668,True
2092,bet_Pic_B6,A002_Xd9668b_X3a90_spw1,6,122070.3125,fine,385,960,864,6,1.0,4,0.036123725509434004,105.25624511610833,864,True
2093,bet_Pic_B6,A002_Xd9668b_X3a90_spw1,6,122070.3125,fine,385,960,648,6,1.0,5,0.036123725509434004,102.54727986440322,648,True
2094,bet_Pic_B6,A002_Xd9668b_X3a90_spw1,6,122070.3125,fine,385,960,344,6,0.75,0,0.036123725509434004,77.45827170380038,344,True
2095,bet_Pic_B6,A002_Xd9668b_X3a90_spw1,6,122070.3125,fine,385,960,591,6,0.75,1,0.036123725509434004,76.1271332207406,591,True
2096,bet_Pic_B6,A002_Xd9668b_X3a90_spw1,6,122070.3125,fine,385,960,126,6,0.75,2,0.036123725509434004,77.19660873037795,126,True
2097,bet_Pic_B6,A002_Xd9668b_X3a90_spw1,6,122070.3125,fine,385,960,87,6,0.75,3,0.036123725509434004,76.21773089103858,87,True
2098,bet_Pic_B6,A002_Xd9668b_X3a90_spw1,6,122070.3125,fine,385,960,593,6,0.75,4,0.036123725509434004,75.78240663809058,593,True
2099,bet_Pic_B6,A002_Xd9668b_X3a90_spw1,6,122070.3125,fine,385,960,323,6,0.75,5,0.036123725509434004,77.3838925444608,323,True
2100,bet_Pic_B6,A002_Xd9668b_X3a90_spw1,6,122070.3125,fine,385,960,454,6,0.5,0,0.036123725509434004,48.64830787637073,454,True
2101,bet_Pic_B6,A002_Xd9668b_X3a90_spw1,6,122070.3125,fine,385,960,818,6,0.5,1,0.036123725509434004,50.38796393828567,818,True
2102,bet_Pic_B6,A002_Xd9668b_X3a90_spw1,6,122070.3125,fine,385,960,889,6,0.5,2,0.036123725509434004,50.8586859956199,889,True
2103,bet_Pic_B6,A002_Xd9668b_X3a90_spw1,6,122070.3125,fine,385,960,852,6,0.5,3,0.036123725509434004,51.29152882727999,852,True
2104,bet_Pic_B6,A002_Xd9668b_X3a90_spw1,6,122070.3125,fine,385,960,81,6,0.5,4,0.036123725509434004,49.53192196499002,81,True
2105,bet_Pic_B6,A002_Xd9668b_X3a90_spw1,6,122070.3125,fine,385,960,590,6,0.5,5,0.036123725509434004,51.18887381700283,590,True
2106,bet_Pic_B6,A002_Xd9668b_X3a90_spw1,6,122070.3125,fine,385,960,676,6,0.4,0,0.036123725509434004,40.843127067707826,676,True
2107,bet_Pic_B6,A002_Xd9668b_X3a90_spw1,6,122070.3125,fine,385,960,168,6,0.4,1,0.036123725509434004,42.91406936756377,168,True
2108,bet_Pic_B6,A002_Xd9668b_X3a90_spw1,6,122070.3125,fine,385,960,838,6,0.4,2,0.036123725509434004,42.58663156588725,838,True
2109,bet_Pic_B6,A002_Xd9668b_X3a90_spw1,6,122070.3125,fine,385,960,638,6,0.4,3,0.036123725509434004,39.27125708008133,638,True
2110,bet_Pic_B6,A002_Xd9668b_X3a90_spw1,6,122070.3125,fine,385,960,562,6,0.4,4,0.036123725509434004,40.904615592702264,562,True
2111,bet_Pic_B6,A002_Xd9668b_X3a90_spw1,6,122070.3125,fine,385,960,697,6,0.4,5,0.036123725509434004,40.66097902789426,697,True
2112,bet_Pic_B6,A002_Xd9668b_X3a90_spw1,6,122070.3125,fine,385,960,225,6,0.25,0,0.036123725509434004,26.73254048420321,225,True
2113,bet_Pic_B6,A002_Xd9668b_X3a90_spw1,6,122070.3125,fine,385,960,518,6,0.25,1,0.036123725509434004,27.064355475038294,518,True
2114,bet_Pic_B6,A002_Xd9668b_X3a90_spw1,6,122070.3125,fine,385,960,684,6,0.25,2,0.036123725509434004,25.545361132896407,684,True
2115,bet_Pic_B6,A002_Xd9668b_X3a90_spw1,6,122070.3125,fine,385,960,311,6,0.25,3,0.036123725509434004,25.84860773503486,311,True
2116,bet_Pic_B6,A002_Xd9668b_X3a90_spw1,6,122070.3125,fine,385,960,525,6,0.25,4,0.036123725509434004,26.07654178669853,525,True
2117,bet_Pic_B6,A002_Xd9668b_X3a90_spw1,6,122070.3125,fine,385,960,591,6,0.25,5,0.036123725509434004,24.8404953326865,591,True
2118,bet_Pic_B6,A002_Xd9668b_X3a90_spw1,6,122070.3125,fine,385,960,569,6,0.1,0,0.036123725509434004,10.294062229046002,569,True
2119,bet_Pic_B6,A002_Xd9668b_X3a90_spw1,6,122070.3125,fine,385,960,501,6,0.1,1,0.036123725509434004,8.609932434177084,501,True
2120,bet_Pic_B6,A002_Xd9668b_X3a90_spw1,6,122070.3125,fine,385,960,269,6,0.1,2,0.036123725509434004,11.433909729718273,269,True
2121,bet_Pic_B6,A002_Xd9668b_X3a90_spw1,6,122070.3125,fine,385,960,679,6,0.1,3,0.036123725509434004,10.008449080010273,679,True
2122,bet_Pic_B6,A002_Xd9668b_X3a90_spw1,6,122070.3125,fine,385,960,178,6,0.1,4,0.036123725509434004,6.733412398532522,178,True
2123,bet_Pic_B6,A002_Xd9668b_X3a90_spw1,6,122070.3125,fine,385,960,730,6,0.1,5,0.036123725509434004,9.645146442615356,730,True
2124,bet_Pic_B6,A002_Xd9668b_X3a90_spw1,6,122070.3125,fine,385,960,443,8,1.0,0,0.036123725509434004,135.84322826512283,443,True
2125,bet_Pic_B6,A002_Xd9668b_X3a90_spw1,6,122070.3125,fine,385,960,101,8,1.0,1,0.036123725509434004,136.15524992018888,101,True
2126,bet_Pic_B6,A002_Xd9668b_X3a90_spw1,6,122070.3125,fine,385,960,401,8,1.0,2,0.036123725509434004,133.61216334374686,401,True
2127,bet_Pic_B6,A002_Xd9668b_X3a90_spw1,6,122070.3125,fine,385,960,786,8,1.0,3,0.036123725509434004,138.0071645741765,786,True
2128,bet_Pic_B6,A002_Xd9668b_X3a90_spw1,6,122070.3125,fine,385,960,389,8,1.0,4,0.036123725509434004,133.86540639912724,389,True
2129,bet_Pic_B6,A002_Xd9668b_X3a90_spw1,6,122070.3125,fine,385,960,150,8,1.0,5,0.036123725509434004,138.18615285751338,150,True
2130,bet_Pic_B6,A002_Xd9668b_X3a90_spw1,6,122070.3125,fine,385,960,679,8,0.75,0,0.036123725509434004,102.40655276871898,679,True
2131,bet_Pic_B6,A002_Xd9668b_X3a90_spw1,6,122070.3125,fine,385,960,824,8,0.75,1,0.036123725509434004,102.63079607399425,824,True
2132,bet_Pic_B6,A002_Xd9668b_X3a90_spw1,6,122070.3125,fine,385,960,583,8,0.75,2,0.036123725509434004,102.81654660836163,583,True
2133,bet_Pic_B6,A002_Xd9668b_X3a90_spw1,6,122070.3125,fine,385,960,267,8,0.75,3,0.036123725509434004,106.00228064755841,267,True
2134,bet_Pic_B6,A002_Xd9668b_X3a90_spw1,6,122070.3125,fine,385,960,728,8,0.75,4,0.036123725509434004,100.93212391042017,728,True
2135,bet_Pic_B6,A002_Xd9668b_X3a90_spw1,6,122070.3125,fine,385,960,66,8,0.75,5,0.036123725509434004,100.19867846293633,66,True
2136,bet_Pic_B6,A002_Xd9668b_X3a90_spw1,6,122070.3125,fine,385,960,751,8,0.5,0,0.036123725509434004,68.91410668691817,751,True
2137,bet_Pic_B6,A002_Xd9668b_X3a90_spw1,6,122070.3125,fine,385,960,263,8,0.5,1,0.036123725509434004,68.58325774763323,263,True
2138,bet_Pic_B6,A002_Xd9668b_X3a90_spw1,6,122070.3125,fine,385,960,538,8,0.5,2,0.036123725509434004,67.53282988012982,538,True
2139,bet_Pic_B6,A002_Xd9668b_X3a90_spw1,6,122070.3125,fine,385,960,813,8,0.5,3,0.036123725509434004,67.17259219549281,813,True
2140,bet_Pic_B6,A002_Xd9668b_X3a90_spw1,6,122070.3125,fine,385,960,766,8,0.5,4,0.036123725509434004,66.91884603633186,766,True
2141,bet_Pic_B6,A002_Xd9668b_X3a90_spw1,6,122070.3125,fine,385,960,224,8,0.5,5,0.036123725509434004,68.39148354614707,224,True
2142,bet_Pic_B6,A002_Xd9668b_X3a90_spw1,6,122070.3125,fine,385,960,396,8,0.4,0,0.036123725509434004,54.73948049047973,396,True
2143,bet_Pic_B6,A002_Xd9668b_X3a90_spw1,6,122070.3125,fine,385,960,881,8,0.4,1,0.036123725509434004,55.29473178237555,881,True
2144,bet_Pic_B6,A002_Xd9668b_X3a90_spw1,6,122070.3125,fine,385,960,72,8,0.4,2,0.036123725509434004,53.14581207557839,72,True
2145,bet_Pic_B6,A002_Xd9668b_X3a90_spw1,6,122070.3125,fine,385,960,825,8,0.4,3,0.036123725509434004,54.24284876489313,825,True
2146,bet_Pic_B6,A002_Xd9668b_X3a90_spw1,6,122070.3125,fine,385,960,768,8,0.4,4,0.036123725509434004,54.42715211564426,768,True
2147,bet_Pic_B6,A002_Xd9668b_X3a90_spw1,6,122070.3125,fine,385,960,830,8,0.4,5,0.036123725509434004,56.10579684337017,830,True
2148,bet_Pic_B6,A002_Xd9668b_X3a90_spw1,6,122070.3125,fine,385,960,742,8,0.25,0,0.036123725509434004,33.56172361130183,742,True
2149,bet_Pic_B6,A002_Xd9668b_X3a90_spw1,6,122070.3125,fine,385,960,178,8,0.25,1,0.036123725509434004,30.64472740813115,178,True
2150,bet_Pic_B6,A002_Xd9668b_X3a90_spw1,6,122070.3125,fine,385,960,496,8,0.25,2,0.036123725509434004,33.951791148565455,496,True
2151,bet_Pic_B6,A002_Xd9668b_X3a90_spw1,6,122070.3125,fine,385,960,303,8,0.25,3,0.036123725509434004,34.20243201501152,303,True
2152,bet_Pic_B6,A002_Xd9668b_X3a90_spw1,6,122070.3125,fine,385,960,731,8,0.25,4,0.036123725509434004,34.56965338310727,731,True
2153,bet_Pic_B6,A002_Xd9668b_X3a90_spw1,6,122070.3125,fine,385,960,651,8,0.25,5,0.036123725509434004,32.124313664653506,651,True
2154,bet_Pic_B6,A002_Xd9668b_X3a90_spw1,6,122070.3125,fine,385,960,424,8,0.1,0,0.036123725509434004,14.695688922692607,424,True
2155,bet_Pic_B6,A002_Xd9668b_X3a90_spw1,6,122070.3125,fine,385,960,278,8,0.1,1,0.036123725509434004,14.056045457608189,278,True
2156,bet_Pic_B6,A002_Xd9668b_X3a90_spw1,6,122070.3125,fine,385,960,593,8,0.1,2,0.036123725509434004,12.627625571488942,593,True
2157,bet_Pic_B6,A002_Xd9668b_X3a90_spw1,6,122070.3125,fine,385,960,451,8,0.1,3,0.036123725509434004,13.052922875209402,451,True
2158,bet_Pic_B6,A002_Xd9668b_X3a90_spw1,6,122070.3125,fine,385,960,557,8,0.1,4,0.036123725509434004,13.151566568075074,557,True
2159,bet_Pic_B6,A002_Xd9668b_X3a90_spw1,6,122070.3125,fine,385,960,807,8,0.1,5,0.036123725509434004,11.93268379665314,807,True
2160,bet_Pic_B6,A002_Xd9668b_X3a90_spw1,6,122070.3125,fine,385,960,323,10,1.0,0,0.036123725509434004,170.1695614063814,323,True
2161,bet_Pic_B6,A002_Xd9668b_X3a90_spw1,6,122070.3125,fine,385,960,183,10,1.0,1,0.036123725509434004,170.2362806976079,183,True
2162,bet_Pic_B6,A002_Xd9668b_X3a90_spw1,6,122070.3125,fine,385,960,217,10,1.0,2,0.036123725509434004,171.61129367171273,217,True
2163,bet_Pic_B6,A002_Xd9668b_X3a90_spw1,6,122070.3125,fine,385,960,349,10,1.0,3,0.036123725509434004,168.9687925874694,349,True
2164,bet_Pic_B6,A002_Xd9668b_X3a90_spw1,6,122070.3125,fine,385,960,334,10,1.0,4,0.036123725509434004,170.01669252359812,334,True
2165,bet_Pic_B6,A002_Xd9668b_X3a90_spw1,6,122070.3125,fine,385,960,770,10,1.0,5,0.036123725509434004,170.50984532531155,770,True
2166,bet_Pic_B6,A002_Xd9668b_X3a90_spw1,6,122070.3125,fine,385,960,743,10,0.75,0,0.036123725509434004,127.51753853902241,743,True
2167,bet_Pic_B6,A002_Xd9668b_X3a90_spw1,6,122070.3125,fine,385,960,89,10,0.75,1,0.036123725509434004,128.53585830443856,89,True
2168,bet_Pic_B6,A002_Xd9668b_X3a90_spw1,6,122070.3125,fine,385,960,165,10,0.75,2,0.036123725509434004,127.1712988937099,165,True
2169,bet_Pic_B6,A002_Xd9668b_X3a90_spw1,6,122070.3125,fine,385,960,206,10,0.75,3,0.036123725509434004,129.98891871275094,206,True
2170,bet_Pic_B6,A002_Xd9668b_X3a90_spw1,6,122070.3125,fine,385,960,532,10,0.75,4,0.036123725509434004,127.35643899995256,532,True
2171,bet_Pic_B6,A002_Xd9668b_X3a90_spw1,6,122070.3125,fine,385,960,575,10,0.75,5,0.036123725509434004,128.85437794025418,575,True
2172,bet_Pic_B6,A002_Xd9668b_X3a90_spw1,6,122070.3125,fine,385,960,775,10,0.5,0,0.036123725509434004,86.73278059125967,775,True
2173,bet_Pic_B6,A002_Xd9668b_X3a90_spw1,6,122070.3125,fine,385,960,784,10,0.5,1,0.036123725509434004,83.7706341763693,784,True
2174,bet_Pic_B6,A002_Xd9668b_X3a90_spw1,6,122070.3125,fine,385,960,266,10,0.5,2,0.036123725509434004,86.27868490573027,266,True
2175,bet_Pic_B6,A002_Xd9668b_X3a90_spw1,6,122070.3125,fine,385,960,822,10,0.5,3,0.036123725509434004,86.20360152515447,822,True
2176,bet_Pic_B6,A002_Xd9668b_X3a90_spw1,6,122070.3125,fine,385,960,498,10,0.5,4,0.036123725509434004,84.77599760286837,498,True
2177,bet_Pic_B6,A002_Xd9668b_X3a90_spw1,6,122070.3125,fine,385,960,407,10,0.5,5,0.036123725509434004,84.03211267335548,407,True
2178,bet_Pic_B6,A002_Xd9668b_X3a90_spw1,6,122070.3125,fine,385,960,348,10,0.4,0,0.036123725509434004,67.006815030541,348,True
2179,bet_Pic_B6,A002_Xd9668b_X3a90_spw1,6,122070.3125,fine,385,960,608,10,0.4,1,0.036123725509434004,67.41377242932887,608,True
2180,bet_Pic_B6,A002_Xd9668b_X3a90_spw1,6,122070.3125,fine,385,960,404,10,0.4,2,0.036123725509434004,67.45672534737054,404,True
2181,bet_Pic_B6,A002_Xd9668b_X3a90_spw1,6,122070.3125,fine,385,960,624,10,0.4,3,0.036123725509434004,68.31781723828867,624,True
2182,bet_Pic_B6,A002_Xd9668b_X3a90_spw1,6,122070.3125,fine,385,960,191,10,0.4,4,0.036123725509434004,67.84977579464174,191,True
2183,bet_Pic_B6,A002_Xd9668b_X3a90_spw1,6,122070.3125,fine,385,960,285,10,0.4,5,0.036123725509434004,69.24666155814572,285,True
2184,bet_Pic_B6,A002_Xd9668b_X3a90_spw1,6,122070.3125,fine,385,960,470,10,0.25,0,0.036123725509434004,41.05295695549477,470,True
2185,bet_Pic_B6,A002_Xd9668b_X3a90_spw1,6,122070.3125,fine,385,960,894,10,0.25,1,0.036123725509434004,44.05306650325576,894,True
2186,bet_Pic_B6,A002_Xd9668b_X3a90_spw1,6,122070.3125,fine,385,960,611,10,0.25,2,0.036123725509434004,43.512208244604544,611,True
2187,bet_Pic_B6,A002_Xd9668b_X3a90_spw1,6,122070.3125,fine,385,960,252,10,0.25,3,0.036123725509434004,43.52079315198265,252,True
2188,bet_Pic_B6,A002_Xd9668b_X3a90_spw1,6,122070.3125,fine,385,960,545,10,0.25,4,0.036123725509434004,42.307982830446996,545,True
2189,bet_Pic_B6,A002_Xd9668b_X3a90_spw1,6,122070.3125,fine,385,960,267,10,0.25,5,0.036123725509434004,44.65122592566854,267,True
2190,bet_Pic_B6,A002_Xd9668b_X3a90_spw1,6,122070.3125,fine,385,960,778,10,0.1,0,0.036123725509434004,17.218497938874954,778,True
2191,bet_Pic_B6,A002_Xd9668b_X3a90_spw1,6,122070.3125,fine,385,960,483,10,0.1,1,0.036123725509434004,15.786207229206887,483,True
2192,bet_Pic_B6,A002_Xd9668b_X3a90_spw1,6,122070.3125,fine,385,960,656,10,0.1,2,0.036123725509434004,16.064482417121155,656,True
2193,bet_Pic_B6,A002_Xd9668b_X3a90_spw1,6,122070.3125,fine,385,960,576,10,0.1,3,0.036123725509434004,18.60712743880865,576,True
2194,bet_Pic_B6,A002_Xd9668b_X3a90_spw1,6,122070.3125,fine,385,960,460,10,0.1,4,0.036123725509434004,17.186626203482195,460,True
2195,bet_Pic_B6,A002_Xd9668b_X3a90_spw1,6,122070.3125,fine,385,960,883,10,0.1,5,0.036123725509434004,16.88259929979863,883,True
2196,bet_Pic_B6,A002_Xd9668b_X3a90_spw1,6,122070.3125,fine,385,960,305,15,1.0,0,0.036123725509434004,254.88671713912944,305,True
2197,bet_Pic_B6,A002_Xd9668b_X3a90_spw1,6,122070.3125,fine,385,960,113,15,1.0,1,0.036123725509434004,255.43073969954426,113,True
2198,bet_Pic_B6,A002_Xd9668b_X3a90_spw1,6,122070.3125,fine,385,960,147,15,1.0,2,0.036123725509434004,255.1417857417607,147,True
2199,bet_Pic_B6,A002_Xd9668b_X3a90_spw1,6,122070.3125,fine,385,960,175,15,1.0,3,0.036123725509434004,254.35033462671058,175,True
2200,bet_Pic_B6,A002_Xd9668b_X3a90_spw1,6,122070.3125,fine,385,960,428,15,1.0,4,0.036123725509434004,248.26831083464316,428,True
2201,bet_Pic_B6,A002_Xd9668b_X3a90_spw1,6,122070.3125,fine,385,960,799,15,1.0,5,0.036123725509434004,257.08846507851035,799,True
2202,bet_Pic_B6,A002_Xd9668b_X3a90_spw1,6,122070.3125,fine,385,960,734,15,0.75,0,0.036123725509434004,193.3776464502679,734,True
2203,bet_Pic_B6,A002_Xd9668b_X3a90_spw1,6,122070.3125,fine,385,960,723,15,0.75,1,0.036123725509434004,194.09860547948037,723,True
2204,bet_Pic_B6,A002_Xd9668b_X3a90_spw1,6,122070.3125,fine,385,960,84,15,0.75,2,0.036123725509434004,188.50337171841184,84,True
2205,bet_Pic_B6,A002_Xd9668b_X3a90_spw1,6,122070.3125,fine,385,960,381,15,0.75,3,0.036123725509434004,188.12135896829892,381,True
2206,bet_Pic_B6,A002_Xd9668b_X3a90_spw1,6,122070.3125,fine,385,960,708,15,0.75,4,0.036123725509434004,191.7333009486873,708,True
2207,bet_Pic_B6,A002_Xd9668b_X3a90_spw1,6,122070.3125,fine,385,960,547,15,0.75,5,0.036123725509434004,193.0352421713492,547,True
2208,bet_Pic_B6,A002_Xd9668b_X3a90_spw1,6,122070.3125,fine,385,960,671,15,0.5,0,0.036123725509434004,127.65540093038018,671,True
2209,bet_Pic_B6,A002_Xd9668b_X3a90_spw1,6,122070.3125,fine,385,960,524,15,0.5,1,0.036123725509434004,126.68554950662323,524,True
2210,bet_Pic_B6,A002_Xd9668b_X3a90_spw1,6,122070.3125,fine,385,960,88,15,0.5,2,0.036123725509434004,127.95144373512568,88,True
2211,bet_Pic_B6,A002_Xd9668b_X3a90_spw1,6,122070.3125,fine,385,960,473,15,0.5,3,0.036123725509434004,124.88553624565266,473,True
2212,bet_Pic_B6,A002_Xd9668b_X3a90_spw1,6,122070.3125,fine,385,960,328,15,0.5,4,0.036123725509434004,128.5535971443017,328,True
2213,bet_Pic_B6,A002_Xd9668b_X3a90_spw1,6,122070.3125,fine,385,960,117,15,0.5,5,0.036123725509434004,125.57842418686883,117,True
2214,bet_Pic_B6,A002_Xd9668b_X3a90_spw1,6,122070.3125,fine,385,960,366,15,0.4,0,0.036123725509434004,100.75915064377612,366,True
2215,bet_Pic_B6,A002_Xd9668b_X3a90_spw1,6,122070.3125,fine,385,960,439,15,0.4,1,0.036123725509434004,100.38434907368358,439,True
2216,bet_Pic_B6,A002_Xd9668b_X3a90_spw1,6,122070.3125,fine,385,960,825,15,0.4,2,0.036123725509434004,102.52225451968363,825,True
2217,bet_Pic_B6,A002_Xd9668b_X3a90_spw1,6,122070.3125,fine,385,960,480,15,0.4,3,0.036123725509434004,101.55347084134883,480,True
2218,bet_Pic_B6,A002_Xd9668b_X3a90_spw1,6,122070.3125,fine,385,960,450,15,0.4,4,0.036123725509434004,99.94368610031238,450,True
2219,bet_Pic_B6,A002_Xd9668b_X3a90_spw1,6,122070.3125,fine,385,960,848,15,0.4,5,0.036123725509434004,102.3335188484462,848,True
2220,bet_Pic_B6,A002_Xd9668b_X3a90_spw1,6,122070.3125,fine,385,960,854,15,0.25,0,0.036123725509434004,61.53970661768921,854,True
2221,bet_Pic_B6,A002_Xd9668b_X3a90_spw1,6,122070.3125,fine,385,960,247,15,0.25,1,0.036123725509434004,64.33820378714725,247,True
2222,bet_Pic_B6,A002_Xd9668b_X3a90_spw1,6,122070.3125,fine,385,960,264,15,0.25,2,0.036123725509434004,63.02319383704145,264,True
2223,bet_Pic_B6,A002_Xd9668b_X3a90_spw1,6,122070.3125,fine,385,960,429,15,0.25,3,0.036123725509434004,61.97996341502024,429,True
2224,bet_Pic_B6,A002_Xd9668b_X3a90_spw1,6,122070.3125,fine,385,960,139,15,0.25,4,0.036123725509434004,63.38899797163425,139,True
2225,bet_Pic_B6,A002_Xd9668b_X3a90_spw1,6,122070.3125,fine,385,960,631,15,0.25,5,0.036123725509434004,66.1834326439767,631,True
2226,bet_Pic_B6,A002_Xd9668b_X3a90_spw1,6,122070.3125,fine,385,960,392,15,0.1,0,0.036123725509434004,25.15045413426339,392,True
2227,bet_Pic_B6,A002_Xd9668b_X3a90_spw1,6,122070.3125,fine,385,960,871,15,0.1,1,0.036123725509434004,25.53573442422016,871,True
2228,bet_Pic_B6,A002_Xd9668b_X3a90_spw1,6,122070.3125,fine,385,960,394,15,0.1,2,0.036123725509434004,24.56206451395203,394,True
2229,bet_Pic_B6,A002_Xd9668b_X3a90_spw1,6,122070.3125,fine,385,960,531,15,0.1,3,0.036123725509434004,24.810359149185295,531,True
2230,bet_Pic_B6,A002_Xd9668b_X3a90_spw1,6,122070.3125,fine,385,960,175,15,0.1,4,0.036123725509434004,25.030727007933965,175,True
2231,bet_Pic_B6,A002_Xd9668b_X3a90_spw1,6,122070.3125,fine,385,960,152,15,0.1,5,0.036123725509434004,27.513319210795274,152,True
2232,bet_Pic_B6,A002_Xd9668b_X3a90_spw1,6,122070.3125,fine,385,960,348,20,1.0,0,0.036123725509434004,339.67700450116536,348,True
2233,bet_Pic_B6,A002_Xd9668b_X3a90_spw1,6,122070.3125,fine,385,960,562,20,1.0,1,0.036123725509434004,339.46238150585435,562,True
2234,bet_Pic_B6,A002_Xd9668b_X3a90_spw1,6,122070.3125,fine,385,960,621,20,1.0,2,0.036123725509434004,347.18158654253085,621,True
2235,bet_Pic_B6,A002_Xd9668b_X3a90_spw1,6,122070.3125,fine,385,960,300,20,1.0,3,0.036123725509434004,340.3889402653385,300,True
2236,bet_Pic_B6,A002_Xd9668b_X3a90_spw1,6,122070.3125,fine,385,960,512,20,1.0,4,0.036123725509434004,337.9395753225267,512,True
2237,bet_Pic_B6,A002_Xd9668b_X3a90_spw1,6,122070.3125,fine,385,960,625,20,1.0,5,0.036123725509434004,341.98477735051773,625,True
2238,bet_Pic_B6,A002_Xd9668b_X3a90_spw1,6,122070.3125,fine,385,960,366,20,0.75,0,0.036123725509434004,250.98985405579685,366,True
2239,bet_Pic_B6,A002_Xd9668b_X3a90_spw1,6,122070.3125,fine,385,960,168,20,0.75,1,0.036123725509434004,258.5905561846305,168,True
2240,bet_Pic_B6,A002_Xd9668b_X3a90_spw1,6,122070.3125,fine,385,960,669,20,0.75,2,0.036123725509434004,257.6472983013907,669,True
2241,bet_Pic_B6,A002_Xd9668b_X3a90_spw1,6,122070.3125,fine,385,960,727,20,0.75,3,0.036123725509434004,255.8542748874516,727,True
2242,bet_Pic_B6,A002_Xd9668b_X3a90_spw1,6,122070.3125,fine,385,960,814,20,0.75,4,0.036123725509434004,255.09792460578473,814,True
2243,bet_Pic_B6,A002_Xd9668b_X3a90_spw1,6,122070.3125,fine,385,960,68,20,0.75,5,0.036123725509434004,254.27146682018127,68,True
2244,bet_Pic_B6,A002_Xd9668b_X3a90_spw1,6,122070.3125,fine,385,960,189,20,0.5,0,0.036123725509434004,169.929612903024,189,True
2245,bet_Pic_B6,A002_Xd9668b_X3a90_spw1,6,122070.3125,fine,385,960,607,20,0.5,1,0.036123725509434004,169.49580658353403,607,True
2246,bet_Pic_B6,A002_Xd9668b_X3a90_spw1,6,122070.3125,fine,385,960,576,20,0.5,2,0.036123725509434004,173.36246456156468,576,True
2247,bet_Pic_B6,A002_Xd9668b_X3a90_spw1,6,122070.3125,fine,385,960,635,20,0.5,3,0.036123725509434004,174.019270428275,635,True
2248,bet_Pic_B6,A002_Xd9668b_X3a90_spw1,6,122070.3125,fine,385,960,343,20,0.5,4,0.036123725509434004,169.59759753975712,343,True
2249,bet_Pic_B6,A002_Xd9668b_X3a90_spw1,6,122070.3125,fine,385,960,435,20,0.5,5,0.036123725509434004,166.30147640085312,435,True
2250,bet_Pic_B6,A002_Xd9668b_X3a90_spw1,6,122070.3125,fine,385,960,606,20,0.4,0,0.036123725509434004,136.33153972960233,606,True
2251,bet_Pic_B6,A002_Xd9668b_X3a90_spw1,6,122070.3125,fine,385,960,206,20,0.4,1,0.036123725509434004,137.19836081984317,206,True
2252,bet_Pic_B6,A002_Xd9668b_X3a90_spw1,6,122070.3125,fine,385,960,353,20,0.4,2,0.036123725509434004,133.47069288647356,353,True
2253,bet_Pic_B6,A002_Xd9668b_X3a90_spw1,6,122070.3125,fine,385,960,583,20,0.4,3,0.036123725509434004,137.23299482106404,583,True
2254,bet_Pic_B6,A002_Xd9668b_X3a90_spw1,6,122070.3125,fine,385,960,754,20,0.4,4,0.036123725509434004,136.14137988418466,754,True
2255,bet_Pic_B6,A002_Xd9668b_X3a90_spw1,6,122070.3125,fine,385,960,818,20,0.4,5,0.036123725509434004,137.09978802864862,818,True
2256,bet_Pic_B6,A002_Xd9668b_X3a90_spw1,6,122070.3125,fine,385,960,573,20,0.25,0,0.036123725509434004,83.99263432415106,573,True
2257,bet_Pic_B6,A002_Xd9668b_X3a90_spw1,6,122070.3125,fine,385,960,372,20,0.25,1,0.036123725509434004,83.76462793137048,372,True
2258,bet_Pic_B6,A002_Xd9668b_X3a90_spw1,6,122070.3125,fine,385,960,230,20,0.25,2,0.036123725509434004,83.30037657297822,230,True
2259,bet_Pic_B6,A002_Xd9668b_X3a90_spw1,6,122070.3125,fine,385,960,81,20,0.25,3,0.036123725509434004,83.45925919787905,81,True
2260,bet_Pic_B6,A002_Xd9668b_X3a90_spw1,6,122070.3125,fine,385,960,779,20,0.25,4,0.036123725509434004,84.5541865889705,779,True
2261,bet_Pic_B6,A002_Xd9668b_X3a90_spw1,6,122070.3125,fine,385,960,273,20,0.25,5,0.036123725509434004,85.01664946415171,273,True
2262,bet_Pic_B6,A002_Xd9668b_X3a90_spw1,6,122070.3125,fine,385,960,445,20,0.1,0,0.036123725509434004,32.85656938406266,445,True
2263,bet_Pic_B6,A002_Xd9668b_X3a90_spw1,6,122070.3125,fine,385,960,91,20,0.1,1,0.036123725509434004,33.57743904373245,91,True
2264,bet_Pic_B6,A002_Xd9668b_X3a90_spw1,6,122070.3125,fine,385,960,850,20,0.1,2,0.036123725509434004,32.241372041017314,850,True
2265,bet_Pic_B6,A002_Xd9668b_X3a90_spw1,6,122070.3125,fine,385,960,596,20,0.1,3,0.036123725509434004,32.69726017880331,596,True
2266,bet_Pic_B6,A002_Xd9668b_X3a90_spw1,6,122070.3125,fine,385,960,476,20,0.1,4,0.036123725509434004,33.05625228206373,476,True
2267,bet_Pic_B6,A002_Xd9668b_X3a90_spw1,6,122070.3125,fine,385,960,367,20,0.1,5,0.036123725509434004,34.809118963080145,367,True
2268,ALMA_J153702653-33192492_B7,A002_Xd9d7c7_Xb3d2_spw1,7,976562.5,fine,25,1920,138,2,1.0,0,0.027515695582889018,9.251441447089162,138,True
2269,ALMA_J153702653-33192492_B7,A002_Xd9d7c7_Xb3d2_spw1,7,976562.5,fine,25,1920,1214,2,1.0,1,0.027515695582889018,7.2502508906495455,1214,True
2270,ALMA_J153702653-33192492_B7,A002_Xd9d7c7_Xb3d2_spw1,7,976562.5,fine,25,1920,1580,2,1.0,2,0.027515695582889018,6.982292089899153,1580,True
2271,ALMA_J153702653-33192492_B7,A002_Xd9d7c7_Xb3d2_spw1,7,976562.5,fine,25,1920,1387,2,1.0,3,0.027515695582889018,9.110155045880447,1387,True
2272,ALMA_J153702653-33192492_B7,A002_Xd9d7c7_Xb3d2_spw1,7,976562.5,fine,25,1920,931,2,1.0,4,0.027515695582889018,8.890503716963924,931,True
2273,ALMA_J153702653-33192492_B7,A002_Xd9d7c7_Xb3d2_spw1,7,976562.5,fine,25,1920,294,2,1.0,5,0.027515695582889018,8.96154765426846,294,True
2274,ALMA_J153702653-33192492_B7,A002_Xd9d7c7_Xb3d2_spw1,7,976562.5,fine,25,1920,1444,2,0.75,0,0.027515695582889018,5.508662510186586,1444,True
2275,ALMA_J153702653-33192492_B7,A002_Xd9d7c7_Xb3d2_spw1,7,976562.5,fine,25,1920,1319,2,0.75,1,0.027515695582889018,5.18373259742436,1319,True
2276,ALMA_J153702653-33192492_B7,A002_Xd9d7c7_Xb3d2_spw1,7,976562.5,fine,25,1920,101,2,0.75,2,0.027515695582889018,4.527570927966572,101,False
2277,ALMA_J153702653-33192492_B7,A002_Xd9d7c7_Xb3d2_spw1,7,976562.5,fine,25,1920,1775,2,0.75,3,0.027515695582889018,5.674589877079269,1775,True
2278,ALMA_J153702653-33192492_B7,A002_Xd9d7c7_Xb3d2_spw1,7,976562.5,fine,25,1920,1503,2,0.75,4,0.027515695582889018,6.059451350099606,1503,True
2279,ALMA_J153702653-33192492_B7,A002_Xd9d7c7_Xb3d2_spw1,7,976562.5,fine,25,1920,972,2,0.75,5,0.027515695582889018,5.203652564266577,972,True
2280,ALMA_J153702653-33192492_B7,A002_Xd9d7c7_Xb3d2_spw1,7,976562.5,fine,25,1920,1666,2,0.5,0,0.027515695582889018,3.497528182126978,1666,False
2281,ALMA_J153702653-33192492_B7,A002_Xd9d7c7_Xb3d2_spw1,7,976562.5,fine,25,1920,168,2,0.5,1,0.027515695582889018,3.565525606776173,168,False
2282,ALMA_J153702653-33192492_B7,A002_Xd9d7c7_Xb3d2_spw1,7,976562.5,fine,25,1920,295,2,0.5,2,0.027515695582889018,5.847268617318786,295,True
2283,ALMA_J153702653-33192492_B7,A002_Xd9d7c7_Xb3d2_spw1,7,976562.5,fine,25,1920,843,2,0.5,3,0.027515695582889018,4.597855701551528,843,False
2284,ALMA_J153702653-33192492_B7,A002_Xd9d7c7_Xb3d2_spw1,7,976562.5,fine,25,1920,1683,2,0.5,4,0.027515695582889018,3.4288724897970146,1683,False
2285,ALMA_J153702653-33192492_B7,A002_Xd9d7c7_Xb3d2_spw1,7,976562.5,fine,25,1920,1365,2,0.5,5,0.027515695582889018,3.230249613132695,559,False
2286,ALMA_J153702653-33192492_B7,A002_Xd9d7c7_Xb3d2_spw1,7,976562.5,fine,25,1920,388,2,0.4,0,0.027515695582889018,3.1525891732419518,559,False
2287,ALMA_J153702653-33192492_B7,A002_Xd9d7c7_Xb3d2_spw1,7,976562.5,fine,25,1920,1575,2,0.4,1,0.027515695582889018,2.630723951296924,559,False
2288,ALMA_J153702653-33192492_B7,A002_Xd9d7c7_Xb3d2_spw1,7,976562.5,fine,25,1920,1784,2,0.4,2,0.027515695582889018,3.4581403182740673,1784,False
2289,ALMA_J153702653-33192492_B7,A002_Xd9d7c7_Xb3d2_spw1,7,976562.5,fine,25,1920,890,2,0.4,3,0.027515695582889018,3.3841862588861535,890,False
2290,ALMA_J153702653-33192492_B7,A002_Xd9d7c7_Xb3d2_spw1,7,976562.5,fine,25,1920,319,2,0.4,4,0.027515695582889018,4.128100667473567,319,False
2291,ALMA_J153702653-33192492_B7,A002_Xd9d7c7_Xb3d2_spw1,7,976562.5,fine,25,1920,525,2,0.4,5,0.027515695582889018,2.3691578016634813,559,False
2292,ALMA_J153702653-33192492_B7,A002_Xd9d7c7_Xb3d2_spw1,7,976562.5,fine,25,1920,1093,2,0.25,0,0.027515695582889018,2.5946920524463564,559,False
2293,ALMA_J153702653-33192492_B7,A002_Xd9d7c7_Xb3d2_spw1,7,976562.5,fine,25,1920,906,2,0.25,1,0.027515695582889018,2.857477140571143,559,False
2294,ALMA_J153702653-33192492_B7,A002_Xd9d7c7_Xb3d2_spw1,7,976562.5,fine,25,1920,568,2,0.25,2,0.027515695582889018,0.3628704010824709,559,False
2295,ALMA_J153702653-33192492_B7,A002_Xd9d7c7_Xb3d2_spw1,7,976562.5,fine,25,1920,1490,2,0.25,3,0.027515695582889018,2.983532311151607,559,False
2296,ALMA_J153702653-33192492_B7,A002_Xd9d7c7_Xb3d2_spw1,7,976562.5,fine,25,1920,580,2,0.25,4,0.027515695582889018,0.42588348608554605,559,False
2297,ALMA_J153702653-33192492_B7,A002_Xd9d7c7_Xb3d2_spw1,7,976562.5,fine,25,1920,590,2,0.25,5,0.027515695582889018,1.9345775666103813,559,False
2298,ALMA_J153702653-33192492_B7,A002_Xd9d7c7_Xb3d2_spw1,7,976562.5,fine,25,1920,746,2,0.1,0,0.027515695582889018,0.7941044891528245,559,False
2299,ALMA_J153702653-33192492_B7,A002_Xd9d7c7_Xb3d2_spw1,7,976562.5,fine,25,1920,1516,2,0.1,1,0.027515695582889018,-0.3884608932659799,559,False
2300,ALMA_J153702653-33192492_B7,A002_Xd9d7c7_Xb3d2_spw1,7,976562.5,fine,25,1920,365,2,0.1,2,0.027515695582889018,1.1112283632726685,559,False
2301,ALMA_J153702653-33192492_B7,A002_Xd9d7c7_Xb3d2_spw1,7,976562.5,fine,25,1920,1213,2,0.1,3,0.027515695582889018,0.41958558872809476,559,False
2302,ALMA_J153702653-33192492_B7,A002_Xd9d7c7_Xb3d2_spw1,7,976562.5,fine,25,1920,421,2,0.1,4,0.027515695582889018,0.5250370370040733,559,False
2303,ALMA_J153702653-33192492_B7,A002_Xd9d7c7_Xb3d2_spw1,7,976562.5,fine,25,1920,837,2,0.1,5,0.027515695582889018,1.7785777247093295,559,False
2304,ALMA_J153702653-33192492_B7,A002_Xd9d7c7_Xb3d2_spw1,7,976562.5,fine,25,1920,1672,3,1.0,0,0.027515695582889018,12.007264700234426,1672,True
2305,ALMA_J153702653-33192492_B7,A002_Xd9d7c7_Xb3d2_spw1,7,976562.5,fine,25,1920,639,3,1.0,1,0.027515695582889018,10.79699618975412,639,True
2306,ALMA_J153702653-33192492_B7,A002_Xd9d7c7_Xb3d2_spw1,7,976562.5,fine,25,1920,1580,3,1.0,2,0.027515695582889018,11.005792961794889,1580,True
2307,ALMA_J153702653-33192492_B7,A002_Xd9d7c7_Xb3d2_spw1,7,976562.5,fine,25,1920,1824,3,1.0,3,0.027515695582889018,13.73312278763721,1824,True
2308,ALMA_J153702653-33192492_B7,A002_Xd9d7c7_Xb3d2_spw1,7,976562.5,fine,25,1920,142,3,1.0,4,0.027515695582889018,12.131847352537266,142,True
2309,ALMA_J153702653-33192492_B7,A002_Xd9d7c7_Xb3d2_spw1,7,976562.5,fine,25,1920,511,3,1.0,5,0.027515695582889018,11.83588216085948,511,True
2310,ALMA_J153702653-33192492_B7,A002_Xd9d7c7_Xb3d2_spw1,7,976562.5,fine,25,1920,179,3,0.75,0,0.027515695582889018,9.593143032642892,179,True
2311,ALMA_J153702653-33192492_B7,A002_Xd9d7c7_Xb3d2_spw1,7,976562.5,fine,25,1920,547,3,0.75,1,0.027515695582889018,9.91810646257815,547,True
2312,ALMA_J153702653-33192492_B7,A002_Xd9d7c7_Xb3d2_spw1,7,976562.5,fine,25,1920,1534,3,0.75,2,0.027515695582889018,10.509202192696662,1534,True
2313,ALMA_J153702653-33192492_B7,A002_Xd9d7c7_Xb3d2_spw1,7,976562.5,fine,25,1920,1726,3,0.75,3,0.027515695582889018,8.69666912501783,1726,True
2314,ALMA_J153702653-33192492_B7,A002_Xd9d7c7_Xb3d2_spw1,7,976562.5,fine,25,1920,1825,3,0.75,4,0.027515695582889018,9.252843276918655,1825,True
2315,ALMA_J153702653-33192492_B7,A002_Xd9d7c7_Xb3d2_spw1,7,976562.5,fine,25,1920,497,3,0.75,5,0.027515695582889018,8.35634288213786,497,True
2316,ALMA_J153702653-33192492_B7,A002_Xd9d7c7_Xb3d2_spw1,7,976562.5,fine,25,1920,633,3,0.5,0,0.027515695582889018,5.896027474287017,633,True
2317,ALMA_J153702653-33192492_B7,A002_Xd9d7c7_Xb3d2_spw1,7,976562.5,fine,25,1920,1561,3,0.5,1,0.027515695582889018,6.317652691414645,1561,True
2318,ALMA_J153702653-33192492_B7,A002_Xd9d7c7_Xb3d2_spw1,7,976562.5,fine,25,1920,1473,3,0.5,2,0.027515695582889018,7.195163585976475,1473,True
2319,ALMA_J153702653-33192492_B7,A002_Xd9d7c7_Xb3d2_spw1,7,976562.5,fine,25,1920,1797,3,0.5,3,0.027515695582889018,4.595515579309268,1797,False
2320,ALMA_J153702653-33192492_B7,A002_Xd9d7c7_Xb3d2_spw1,7,976562.5,fine,25,1920,1808,3,0.5,4,0.027515695582889018,6.450432029974499,1808,True
2321,ALMA_J153702653-33192492_B7,A002_Xd9d7c7_Xb3d2_spw1,7,976562.5,fine,25,1920,1435,3,0.5,5,0.027515695582889018,5.856367980149785,1435,True
2322,ALMA_J153702653-33192492_B7,A002_Xd9d7c7_Xb3d2_spw1,7,976562.5,fine,25,1920,1602,3,0.4,0,0.027515695582889018,4.907053942316821,1602,False
2323,ALMA_J153702653-33192492_B7,A002_Xd9d7c7_Xb3d2_spw1,7,976562.5,fine,25,1920,346,3,0.4,1,0.027515695582889018,4.363418355209487,346,False
2324,ALMA_J153702653-33192492_B7,A002_Xd9d7c7_Xb3d2_spw1,7,976562.5,fine,25,1920,1456,3,0.4,2,0.027515695582889018,4.971471242459138,1456,False
2325,ALMA_J153702653-33192492_B7,A002_Xd9d7c7_Xb3d2_spw1,7,976562.5,fine,25,1920,1266,3,0.4,3,0.027515695582889018,4.710209711677767,1266,False
2326,ALMA_J153702653-33192492_B7,A002_Xd9d7c7_Xb3d2_spw1,7,976562.5,fine,25,1920,830,3,0.4,4,0.027515695582889018,3.5305235104284542,830,False
2327,ALMA_J153702653-33192492_B7,A002_Xd9d7c7_Xb3d2_spw1,7,976562.5,fine,25,1920,1747,3,0.4,5,0.027515695582889018,3.93421212668317,1747,False
2328,ALMA_J153702653-33192492_B7,A002_Xd9d7c7_Xb3d2_spw1,7,976562.5,fine,25,1920,387,3,0.25,0,0.027515695582889018,3.1655400890315106,559,False
2329,ALMA_J153702653-33192492_B7,A002_Xd9d7c7_Xb3d2_spw1,7,976562.5,fine,25,1920,1726,3,0.25,1,0.027515695582889018,2.4135277751059334,559,False
2330,ALMA_J153702653-33192492_B7,A002_Xd9d7c7_Xb3d2_spw1,7,976562.5,fine,25,1920,1149,3,0.25,2,0.027515695582889018,2.956055913013852,559,False
2331,ALMA_J153702653-33192492_B7,A002_Xd9d7c7_Xb3d2_spw1,7,976562.5,fine,25,1920,1333,3,0.25,3,0.027515695582889018,5.727637050842389,1333,True
2332,ALMA_J153702653-33192492_B7,A002_Xd9d7c7_Xb3d2_spw1,7,976562.5,fine,25,1920,879,3,0.25,4,0.027515695582889018,2.0024438235083943,559,False
2333,ALMA_J153702653-33192492_B7,A002_Xd9d7c7_Xb3d2_spw1,7,976562.5,fine,25,1920,1076,3,0.25,5,0.027515695582889018,4.284923758697373,1076,False
2334,ALMA_J153702653-33192492_B7,A002_Xd9d7c7_Xb3d2_spw1,7,976562.5,fine,25,1920,915,3,0.1,0,0.027515695582889018,-0.06980131515367305,559,False
2335,ALMA_J153702653-33192492_B7,A002_Xd9d7c7_Xb3d2_spw1,7,976562.5,fine,25,1920,1546,3,0.1,1,0.027515695582889018,-0.6902063414831832,559,False
2336,ALMA_J153702653-33192492_B7,A002_Xd9d7c7_Xb3d2_spw1,7,976562.5,fine,25,1920,653,3,0.1,2,0.027515695582889018,-0.5523792000276564,559,False
2337,ALMA_J153702653-33192492_B7,A002_Xd9d7c7_Xb3d2_spw1,7,976562.5,fine,25,1920,1144,3,0.1,3,0.027515695582889018,0.04551777845848038,559,False
2338,ALMA_J153702653-33192492_B7,A002_Xd9d7c7_Xb3d2_spw1,7,976562.5,fine,25,1920,920,3,0.1,4,0.027515695582889018,0.3107453340680303,559,False
2339,ALMA_J153702653-33192492_B7,A002_Xd9d7c7_Xb3d2_spw1,7,976562.5,fine,25,1920,963,3,0.1,5,0.027515695582889018,1.2034271405599988,559,False
2340,ALMA_J153702653-33192492_B7,A002_Xd9d7c7_Xb3d2_spw1,7,976562.5,fine,25,1920,630,4,1.0,0,0.027515695582889018,16.123667927443126,630,True
2341,ALMA_J153702653-33192492_B7,A002_Xd9d7c7_Xb3d2_spw1,7,976562.5,fine,25,1920,324,4,1.0,1,0.027515695582889018,16.824026958941346,324,True
2342,ALMA_J153702653-33192492_B7,A002_Xd9d7c7_Xb3d2_spw1,7,976562.5,fine,25,1920,780,4,1.0,2,0.027515695582889018,15.149640798706859,780,True
2343,ALMA_J153702653-33192492_B7,A002_Xd9d7c7_Xb3d2_spw1,7,976562.5,fine,25,1920,1241,4,1.0,3,0.027515695582889018,15.776262824584975,1241,True
2344,ALMA_J153702653-33192492_B7,A002_Xd9d7c7_Xb3d2_spw1,7,976562.5,fine,25,1920,142,4,1.0,4,0.027515695582889018,16.1612807332055,142,True
2345,ALMA_J153702653-33192492_B7,A002_Xd9d7c7_Xb3d2_spw1,7,976562.5,fine,25,1920,1017,4,1.0,5,0.027515695582889018,15.871053442883746,1017,True
2346,ALMA_J153702653-33192492_B7,A002_Xd9d7c7_Xb3d2_spw1,7,976562.5,fine,25,1920,923,4,0.75,0,0.027515695582889018,13.390263419055215,923,True
2347,ALMA_J153702653-33192492_B7,A002_Xd9d7c7_Xb3d2_spw1,7,976562.5,fine,25,1920,186,4,0.75,1,0.027515695582889018,12.16824273025241,186,True
2348,ALMA_J153702653-33192492_B7,A002_Xd9d7c7_Xb3d2_spw1,7,976562.5,fine,25,1920,1705,4,0.75,2,0.027515695582889018,13.22826522092214,1705,True
2349,ALMA_J153702653-33192492_B7,A002_Xd9d7c7_Xb3d2_spw1,7,976562.5,fine,25,1920,1049,4,0.75,3,0.027515695582889018,11.755922117530055,1049,True
2350,ALMA_J153702653-33192492_B7,A002_Xd9d7c7_Xb3d2_spw1,7,976562.5,fine,25,1920,136,4,0.75,4,0.027515695582889018,14.499061227817057,136,True
2351,ALMA_J153702653-33192492_B7,A002_Xd9d7c7_Xb3d2_spw1,7,976562.5,fine,25,1920,1840,4,0.75,5,0.027515695582889018,11.235418825872832,1840,True
2352,ALMA_J153702653-33192492_B7,A002_Xd9d7c7_Xb3d2_spw1,7,976562.5,fine,25,1920,409,4,0.5,0,0.027515695582889018,7.033767442208981,409,True
2353,ALMA_J153702653-33192492_B7,A002_Xd9d7c7_Xb3d2_spw1,7,976562.5,fine,25,1920,858,4,0.5,1,0.027515695582889018,5.647274534252673,858,True
2354,ALMA_J153702653-33192492_B7,A002_Xd9d7c7_Xb3d2_spw1,7,976562.5,fine,25,1920,402,4,0.5,2,0.027515695582889018,8.221109293476072,402,True
2355,ALMA_J153702653-33192492_B7,A002_Xd9d7c7_Xb3d2_spw1,7,976562.5,fine,25,1920,714,4,0.5,3,0.027515695582889018,8.513280827052572,714,True
2356,ALMA_J153702653-33192492_B7,A002_Xd9d7c7_Xb3d2_spw1,7,976562.5,fine,25,1920,148,4,0.5,4,0.027515695582889018,6.5830575997125695,148,True
2357,ALMA_J153702653-33192492_B7,A002_Xd9d7c7_Xb3d2_spw1,7,976562.5,fine,25,1920,608,4,0.5,5,0.027515695582889018,7.775032233681711,608,True
2358,ALMA_J153702653-33192492_B7,A002_Xd9d7c7_Xb3d2_spw1,7,976562.5,fine,25,1920,1781,4,0.4,0,0.027515695582889018,5.632698644035511,1781,True
2359,ALMA_J153702653-33192492_B7,A002_Xd9d7c7_Xb3d2_spw1,7,976562.5,fine,25,1920,473,4,0.4,1,0.027515695582889018,5.990752145308715,473,True
2360,ALMA_J153702653-33192492_B7,A002_Xd9d7c7_Xb3d2_spw1,7,976562.5,fine,25,1920,1521,4,0.4,2,0.027515695582889018,7.160994125850602,1521,True
2361,ALMA_J153702653-33192492_B7,A002_Xd9d7c7_Xb3d2_spw1,7,976562.5,fine,25,1920,837,4,0.4,3,0.027515695582889018,7.6250643425861355,837,True
2362,ALMA_J153702653-33192492_B7,A002_Xd9d7c7_Xb3d2_spw1,7,976562.5,fine,25,1920,548,4,0.4,4,0.027515695582889018,5.302864785186135,548,True
2363,ALMA_J153702653-33192492_B7,A002_Xd9d7c7_Xb3d2_spw1,7,976562.5,fine,25,1920,1760,4,0.4,5,0.027515695582889018,6.244964406317422,1760,True
2364,ALMA_J153702653-33192492_B7,A002_Xd9d7c7_Xb3d2_spw1,7,976562.5,fine,25,1920,127,4,0.25,0,0.027515695582889018,3.5181016116656356,127,False
2365,ALMA_J153702653-33192492_B7,A002_Xd9d7c7_Xb3d2_spw1,7,976562.5,fine,25,1920,861,4,0.25,1,0.027515695582889018,2.9505888572576398,559,False
2366,ALMA_J153702653-33192492_B7,A002_Xd9d7c7_Xb3d2_spw1,7,976562.5,fine,25,1920,1601,4,0.25,2,0.027515695582889018,1.8683699733943693,559,False
2367,ALMA_J153702653-33192492_B7,A002_Xd9d7c7_Xb3d2_spw1,7,976562.5,fine,25,1920,1714,4,0.25,3,0.027515695582889018,4.677671373393694,1714,False
2368,ALMA_J153702653-33192492_B7,A002_Xd9d7c7_Xb3d2_spw1,7,976562.5,fine,25,1920,994,4,0.25,4,0.027515695582889018,4.513001184357717,994,False
2369,ALMA_J153702653-33192492_B7,A002_Xd9d7c7_Xb3d2_spw1,7,976562.5,fine,25,1920,676,4,0.25,5,0.027515695582889018,4.116130490660898,676,False
2370,ALMA_J153702653-33192492_B7,A002_Xd9d7c7_Xb3d2_spw1,7,976562.5,fine,25,1920,474,4,0.1,0,0.027515695582889018,1.5756682495850576,559,False
2371,ALMA_J153702653-33192492_B7,A002_Xd9d7c7_Xb3d2_spw1,7,976562.5,fine,25,1920,1813,4,0.1,1,0.027515695582889018,1.3430350416444046,559,False
2372,ALMA_J153702653-33192492_B7,A002_Xd9d7c7_Xb3d2_spw1,7,976562.5,fine,25,1920,149,4,0.1,2,0.027515695582889018,1.3324118976116694,559,False
2373,ALMA_J153702653-33192492_B7,A002_Xd9d7c7_Xb3d2_spw1,7,976562.5,fine,25,1920,323,4,0.1,3,0.027515695582889018,0.40922497349724435,559,False
2374,ALMA_J153702653-33192492_B7,A002_Xd9d7c7_Xb3d2_spw1,7,976562.5,fine,25,1920,1189,4,0.1,4,0.027515695582889018,1.6342966592059793,559,False
2375,ALMA_J153702653-33192492_B7,A002_Xd9d7c7_Xb3d2_spw1,7,976562.5,fine,25,1920,1089,4,0.1,5,0.027515695582889018,1.3732637002058923,559,False
2376,ALMA_J153702653-33192492_B7,A002_Xd9d7c7_Xb3d2_spw1,7,976562.5,fine,25,1920,768,5,1.0,0,0.027515695582889018,19.821201505370148,768,True
2377,ALMA_J153702653-33192492_B7,A002_Xd9d7c7_Xb3d2_spw1,7,976562.5,fine,25,1920,994,5,1.0,1,0.027515695582889018,20.720416097054287,994,True
2378,ALMA_J153702653-33192492_B7,A002_Xd9d7c7_Xb3d2_spw1,7,976562.5,fine,25,1920,934,5,1.0,2,0.027515695582889018,19.27824274076498,934,True
2379,ALMA_J153702653-33192492_B7,A002_Xd9d7c7_Xb3d2_spw1,7,976562.5,fine,25,1920,1339,5,1.0,3,0.027515695582889018,19.916088126819265,1339,True
2380,ALMA_J153702653-33192492_B7,A002_Xd9d7c7_Xb3d2_spw1,7,976562.5,fine,25,1920,1724,5,1.0,4,0.027515695582889018,21.823593115995052,1724,True
2381,ALMA_J153702653-33192492_B7,A002_Xd9d7c7_Xb3d2_spw1,7,976562.5,fine,25,1920,1376,5,1.0,5,0.027515695582889018,19.923627240701393,1376,True
2382,ALMA_J153702653-33192492_B7,A002_Xd9d7c7_Xb3d2_spw1,7,976562.5,fine,25,1920,779,5,0.75,0,0.027515695582889018,15.158074199767366,779,True
2383,ALMA_J153702653-33192492_B7,A002_Xd9d7c7_Xb3d2_spw1,7,976562.5,fine,25,1920,1780,5,0.75,1,0.027515695582889018,13.8001840423853,1780,True
2384,ALMA_J153702653-33192492_B7,A002_Xd9d7c7_Xb3d2_spw1,7,976562.5,fine,25,1920,430,5,0.75,2,0.027515695582889018,16.35034382023581,430,True
2385,ALMA_J153702653-33192492_B7,A002_Xd9d7c7_Xb3d2_spw1,7,976562.5,fine,25,1920,525,5,0.75,3,0.027515695582889018,14.260850522328962,525,True
2386,ALMA_J153702653-33192492_B7,A002_Xd9d7c7_Xb3d2_spw1,7,976562.5,fine,25,1920,1297,5,0.75,4,0.027515695582889018,15.462360184714692,1297,True
2387,ALMA_J153702653-33192492_B7,A002_Xd9d7c7_Xb3d2_spw1,7,976562.5,fine,25,1920,1376,5,0.75,5,0.027515695582889018,15.113852206035972,1376,True
2388,ALMA_J153702653-33192492_B7,A002_Xd9d7c7_Xb3d2_spw1,7,976562.5,fine,25,1920,1220,5,0.5,0,0.027515695582889018,9.175207372899896,1220,True
2389,ALMA_J153702653-33192492_B7,A002_Xd9d7c7_Xb3d2_spw1,7,976562.5,fine,25,1920,898,5,0.5,1,0.027515695582889018,9.606981384572917,898,True
2390,ALMA_J153702653-33192492_B7,A002_Xd9d7c7_Xb3d2_spw1,7,976562.5,fine,25,1920,1036,5,0.5,2,0.027515695582889018,10.493119958559111,1036,True
2391,ALMA_J153702653-33192492_B7,A002_Xd9d7c7_Xb3d2_spw1,7,976562.5,fine,25,1920,1105,5,0.5,3,0.027515695582889018,9.06032290267853,1105,True
2392,ALMA_J153702653-33192492_B7,A002_Xd9d7c7_Xb3d2_spw1,7,976562.5,fine,25,1920,333,5,0.5,4,0.027515695582889018,9.113540223453887,333,True
2393,ALMA_J153702653-33192492_B7,A002_Xd9d7c7_Xb3d2_spw1,7,976562.5,fine,25,1920,1234,5,0.5,5,0.027515695582889018,9.360481162141443,1234,True
2394,ALMA_J153702653-33192492_B7,A002_Xd9d7c7_Xb3d2_spw1,7,976562.5,fine,25,1920,1247,5,0.4,0,0.027515695582889018,9.454523509193958,1247,True
2395,ALMA_J153702653-33192492_B7,A002_Xd9d7c7_Xb3d2_spw1,7,976562.5,fine,25,1920,779,5,0.4,1,0.027515695582889018,7.670920355976448,779,True
2396,ALMA_J153702653-33192492_B7,A002_Xd9d7c7_Xb3d2_spw1,7,976562.5,fine,25,1920,1036,5,0.4,2,0.027515695582889018,8.960913972603091,1036,True
2397,ALMA_J153702653-33192492_B7,A002_Xd9d7c7_Xb3d2_spw1,7,976562.5,fine,25,1920,1124,5,0.4,3,0.027515695582889018,8.136531599918357,1124,True
2398,ALMA_J153702653-33192492_B7,A002_Xd9d7c7_Xb3d2_spw1,7,976562.5,fine,25,1920,768,5,0.4,4,0.027515695582889018,7.983618839164855,768,True
2399,ALMA_J153702653-33192492_B7,A002_Xd9d7c7_Xb3d2_spw1,7,976562.5,fine,25,1920,1468,5,0.4,5,0.027515695582889018,7.637568083115818,1468,True
2400,ALMA_J153702653-33192492_B7,A002_Xd9d7c7_Xb3d2_spw1,7,976562.5,fine,25,1920,1136,5,0.25,0,0.027515695582889018,4.054772049800207,1136,False
2401,ALMA_J153702653-33192492_B7,A002_Xd9d7c7_Xb3d2_spw1,7,976562.5,fine,25,1920,1685,5,0.25,1,0.027515695582889018,4.0940256633611645,1685,False
2402,ALMA_J153702653-33192492_B7,A002_Xd9d7c7_Xb3d2_spw1,7,976562.5,fine,25,1920,532,5,0.25,2,0.027515695582889018,1.88387975446302,559,False
2403,ALMA_J153702653-33192492_B7,A002_Xd9d7c7_Xb3d2_spw1,7,976562.5,fine,25,1920,1730,5,0.25,3,0.027515695582889018,5.284718341674095,1730,True
2404,ALMA_J153702653-33192492_B7,A002_Xd9d7c7_Xb3d2_spw1,7,976562.5,fine,25,1920,1664,5,0.25,4,0.027515695582889018,4.467230390294203,1664,False
2405,ALMA_J153702653-33192492_B7,A002_Xd9d7c7_Xb3d2_spw1,7,976562.5,fine,25,1920,70,5,0.25,5,0.027515695582889018,6.227862666723804,70,True
2406,ALMA_J153702653-33192492_B7,A002_Xd9d7c7_Xb3d2_spw1,7,976562.5,fine,25,1920,1556,5,0.1,0,0.027515695582889018,0.817484978946475,559,False
2407,ALMA_J153702653-33192492_B7,A002_Xd9d7c7_Xb3d2_spw1,7,976562.5,fine,25,1920,867,5,0.1,1,0.027515695582889018,1.09566390821534,559,False
2408,ALMA_J153702653-33192492_B7,A002_Xd9d7c7_Xb3d2_spw1,7,976562.5,fine,25,1920,208,5,0.1,2,0.027515695582889018,1.6132515258105624,559,False
2409,ALMA_J153702653-33192492_B7,A002_Xd9d7c7_Xb3d2_spw1,7,976562.5,fine,25,1920,226,5,0.1,3,0.027515695582889018,-0.78172789521052,559,False
2410,ALMA_J153702653-33192492_B7,A002_Xd9d7c7_Xb3d2_spw1,7,976562.5,fine,25,1920,1108,5,0.1,4,0.027515695582889018,1.7683197361199545,559,False
2411,ALMA_J153702653-33192492_B7,A002_Xd9d7c7_Xb3d2_spw1,7,976562.5,fine,25,1920,1297,5,0.1,5,0.027515695582889018,1.9252500370072,559,False
2412,ALMA_J153702653-33192492_B7,A002_Xd9d7c7_Xb3d2_spw1,7,976562.5,fine,25,1920,669,6,1.0,0,0.027515695582889018,23.496453936262757,669,True
2413,ALMA_J153702653-33192492_B7,A002_Xd9d7c7_Xb3d2_spw1,7,976562.5,fine,25,1920,359,6,1.0,1,0.027515695582889018,24.117673743976354,359,True
2414,ALMA_J153702653-33192492_B7,A002_Xd9d7c7_Xb3d2_spw1,7,976562.5,fine,25,1920,92,6,1.0,2,0.027515695582889018,24.320991613700464,92,True
2415,ALMA_J153702653-33192492_B7,A002_Xd9d7c7_Xb3d2_spw1,7,976562.5,fine,25,1920,1095,6,1.0,3,0.027515695582889018,24.704515956987706,1095,True
2416,ALMA_J153702653-33192492_B7,A002_Xd9d7c7_Xb3d2_spw1,7,976562.5,fine,25,1920,1256,6,1.0,4,0.027515695582889018,24.530073171026935,1256,True
2417,ALMA_J153702653-33192492_B7,A002_Xd9d7c7_Xb3d2_spw1,7,976562.5,fine,25,1920,670,6,1.0,5,0.027515695582889018,23.204044003379583,670,True
2418,ALMA_J153702653-33192492_B7,A002_Xd9d7c7_Xb3d2_spw1,7,976562.5,fine,25,1920,1323,6,0.75,0,0.027515695582889018,18.01989695338634,1323,True
2419,ALMA_J153702653-33192492_B7,A002_Xd9d7c7_Xb3d2_spw1,7,976562.5,fine,25,1920,273,6,0.75,1,0.027515695582889018,18.716397870055864,273,True
2420,ALMA_J153702653-33192492_B7,A002_Xd9d7c7_Xb3d2_spw1,7,976562.5,fine,25,1920,1833,6,0.75,2,0.027515695582889018,19.411600879942974,1833,True
2421,ALMA_J153702653-33192492_B7,A002_Xd9d7c7_Xb3d2_spw1,7,976562.5,fine,25,1920,625,6,0.75,3,0.027515695582889018,19.581001595288196,625,True
2422,ALMA_J153702653-33192492_B7,A002_Xd9d7c7_Xb3d2_spw1,7,976562.5,fine,25,1920,1210,6,0.75,4,0.027515695582889018,17.276952962776484,1210,True
2423,ALMA_J153702653-33192492_B7,A002_Xd9d7c7_Xb3d2_spw1,7,976562.5,fine,25,1920,1010,6,0.75,5,0.027515695582889018,17.300596422445807,1010,True
2424,ALMA_J153702653-33192492_B7,A002_Xd9d7c7_Xb3d2_spw1,7,976562.5,fine,25,1920,185,6,0.5,0,0.027515695582889018,12.11316779187746,185,True
2425,ALMA_J153702653-33192492_B7,A002_Xd9d7c7_Xb3d2_spw1,7,976562.5,fine,25,1920,461,6,0.5,1,0.027515695582889018,11.931331563340517,461,True
2426,ALMA_J153702653-33192492_B7,A002_Xd9d7c7_Xb3d2_spw1,7,976562.5,fine,25,1920,848,6,0.5,2,0.027515695582889018,11.132319800440674,848,True
2427,ALMA_J153702653-33192492_B7,A002_Xd9d7c7_Xb3d2_spw1,7,976562.5,fine,25,1920,1381,6,0.5,3,0.027515695582889018,10.847202681849685,1381,True
2428,ALMA_J153702653-33192492_B7,A002_Xd9d7c7_Xb3d2_spw1,7,976562.5,fine,25,1920,860,6,0.5,4,0.027515695582889018,12.221636756675657,860,True
2429,ALMA_J153702653-33192492_B7,A002_Xd9d7c7_Xb3d2_spw1,7,976562.5,fine,25,1920,264,6,0.5,5,0.027515695582889018,10.805886604477092,264,True
2430,ALMA_J153702653-33192492_B7,A002_Xd9d7c7_Xb3d2_spw1,7,976562.5,fine,25,1920,782,6,0.4,0,0.027515695582889018,9.235067142031776,782,True
2431,ALMA_J153702653-33192492_B7,A002_Xd9d7c7_Xb3d2_spw1,7,976562.5,fine,25,1920,673,6,0.4,1,0.027515695582889018,10.026923651933044,673,True
2432,ALMA_J153702653-33192492_B7,A002_Xd9d7c7_Xb3d2_spw1,7,976562.5,fine,25,1920,498,6,0.4,2,0.027515695582889018,8.202848315023441,498,True
2433,ALMA_J153702653-33192492_B7,A002_Xd9d7c7_Xb3d2_spw1,7,976562.5,fine,25,1920,1265,6,0.4,3,0.027515695582889018,9.956281051428498,1265,True
2434,ALMA_J153702653-33192492_B7,A002_Xd9d7c7_Xb3d2_spw1,7,976562.5,fine,25,1920,1081,6,0.4,4,0.027515695582889018,8.927025464191185,1081,True
2435,ALMA_J153702653-33192492_B7,A002_Xd9d7c7_Xb3d2_spw1,7,976562.5,fine,25,1920,604,6,0.4,5,0.027515695582889018,10.397412350760856,604,True
2436,ALMA_J153702653-33192492_B7,A002_Xd9d7c7_Xb3d2_spw1,7,976562.5,fine,25,1920,1290,6,0.25,0,0.027515695582889018,5.163313284493423,1290,True
2437,ALMA_J153702653-33192492_B7,A002_Xd9d7c7_Xb3d2_spw1,7,976562.5,fine,25,1920,423,6,0.25,1,0.027515695582889018,5.066099235071507,423,True
2438,ALMA_J153702653-33192492_B7,A002_Xd9d7c7_Xb3d2_spw1,7,976562.5,fine,25,1920,1537,6,0.25,2,0.027515695582889018,5.213301916386066,1537,True
2439,ALMA_J153702653-33192492_B7,A002_Xd9d7c7_Xb3d2_spw1,7,976562.5,fine,25,1920,1156,6,0.25,3,0.027515695582889018,4.499470986446485,1156,False
2440,ALMA_J153702653-33192492_B7,A002_Xd9d7c7_Xb3d2_spw1,7,976562.5,fine,25,1920,896,6,0.25,4,0.027515695582889018,6.8832457158158835,896,True
2441,ALMA_J153702653-33192492_B7,A002_Xd9d7c7_Xb3d2_spw1,7,976562.5,fine,25,1920,851,6,0.25,5,0.027515695582889018,4.776322200263023,851,False
2442,ALMA_J153702653-33192492_B7,A002_Xd9d7c7_Xb3d2_spw1,7,976562.5,fine,25,1920,163,6,0.1,0,0.027515695582889018,1.6408013675562796,559,False
2443,ALMA_J153702653-33192492_B7,A002_Xd9d7c7_Xb3d2_spw1,7,976562.5,fine,25,1920,571,6,0.1,1,0.027515695582889018,3.995071556611276,571,False
2444,ALMA_J153702653-33192492_B7,A002_Xd9d7c7_Xb3d2_spw1,7,976562.5,fine,25,1920,1806,6,0.1,2,0.027515695582889018,2.5722191209189877,559,False
2445,ALMA_J153702653-33192492_B7,A002_Xd9d7c7_Xb3d2_spw1,7,976562.5,fine,25,1920,1104,6,0.1,3,0.027515695582889018,1.0862725661660761,559,False
2446,ALMA_J153702653-33192492_B7,A002_Xd9d7c7_Xb3d2_spw1,7,976562.5,fine,25,1920,414,6,0.1,4,0.027515695582889018,2.701338059242407,559,False
2447,ALMA_J153702653-33192492_B7,A002_Xd9d7c7_Xb3d2_spw1,7,976562.5,fine,25,1920,182,6,0.1,5,0.027515695582889018,1.9557237162252987,559,False
2448,ALMA_J153702653-33192492_B7,A002_Xd9d7c7_Xb3d2_spw1,7,976562.5,fine,25,1920,308,8,1.0,0,0.027515695582889018,32.19136481346561,308,True
2449,ALMA_J153702653-33192492_B7,A002_Xd9d7c7_Xb3d2_spw1,7,976562.5,fine,25,1920,1468,8,1.0,1,0.027515695582889018,31.911744472860992,1468,True
2450,ALMA_J153702653-33192492_B7,A002_Xd9d7c7_Xb3d2_spw1,7,976562.5,fine,25,1920,558,8,1.0,2,0.027515695582889018,33.20206687313576,558,True
2451,ALMA_J153702653-33192492_B7,A002_Xd9d7c7_Xb3d2_spw1,7,976562.5,fine,25,1920,134,8,1.0,3,0.027515695582889018,32.86123635298035,134,True
2452,ALMA_J153702653-33192492_B7,A002_Xd9d7c7_Xb3d2_spw1,7,976562.5,fine,25,1920,792,8,1.0,4,0.027515695582889018,32.322248334384895,792,True
2453,ALMA_J153702653-33192492_B7,A002_Xd9d7c7_Xb3d2_spw1,7,976562.5,fine,25,1920,146,8,1.0,5,0.027515695582889018,31.88783347998792,146,True
2454,ALMA_J153702653-33192492_B7,A002_Xd9d7c7_Xb3d2_spw1,7,976562.5,fine,25,1920,368,8,0.75,0,0.027515695582889018,25.761341961209766,368,True
2455,ALMA_J153702653-33192492_B7,A002_Xd9d7c7_Xb3d2_spw1,7,976562.5,fine,25,1920,443,8,0.75,1,0.027515695582889018,24.505211297081647,443,True
2456,ALMA_J153702653-33192492_B7,A002_Xd9d7c7_Xb3d2_spw1,7,976562.5,fine,25,1920,714,8,0.75,2,0.027515695582889018,25.34236593206482,714,True
2457,ALMA_J153702653-33192492_B7,A002_Xd9d7c7_Xb3d2_spw1,7,976562.5,fine,25,1920,594,8,0.75,3,0.027515695582889018,24.962676699242348,594,True
2458,ALMA_J153702653-33192492_B7,A002_Xd9d7c7_Xb3d2_spw1,7,976562.5,fine,25,1920,253,8,0.75,4,0.027515695582889018,23.608155087778655,253,True
2459,ALMA_J153702653-33192492_B7,A002_Xd9d7c7_Xb3d2_spw1,7,976562.5,fine,25,1920,1491,8,0.75,5,0.027515695582889018,23.897927577883273,1491,True
2460,ALMA_J153702653-33192492_B7,A002_Xd9d7c7_Xb3d2_spw1,7,976562.5,fine,25,1920,136,8,0.5,0,0.027515695582889018,17.637955401065902,136,True
2461,ALMA_J153702653-33192492_B7,A002_Xd9d7c7_Xb3d2_spw1,7,976562.5,fine,25,1920,1026,8,0.5,1,0.027515695582889018,15.666891856816159,1026,True
2462,ALMA_J153702653-33192492_B7,A002_Xd9d7c7_Xb3d2_spw1,7,976562.5,fine,25,1920,1138,8,0.5,2,0.027515695582889018,15.904958900589817,1138,True
2463,ALMA_J153702653-33192492_B7,A002_Xd9d7c7_Xb3d2_spw1,7,976562.5,fine,25,1920,714,8,0.5,3,0.027515695582889018,16.07118938653803,714,True
2464,ALMA_J153702653-33192492_B7,A002_Xd9d7c7_Xb3d2_spw1,7,976562.5,fine,25,1920,1233,8,0.5,4,0.027515695582889018,14.973455214580929,1233,True
2465,ALMA_J153702653-33192492_B7,A002_Xd9d7c7_Xb3d2_spw1,7,976562.5,fine,25,1920,939,8,0.5,5,0.027515695582889018,15.952259878966508,939,True
2466,ALMA_J153702653-33192492_B7,A002_Xd9d7c7_Xb3d2_spw1,7,976562.5,fine,25,1920,459,8,0.4,0,0.027515695582889018,12.481188347038891,459,True
2467,ALMA_J153702653-33192492_B7,A002_Xd9d7c7_Xb3d2_spw1,7,976562.5,fine,25,1920,1825,8,0.4,1,0.027515695582889018,12.946624789933939,1825,True
2468,ALMA_J153702653-33192492_B7,A002_Xd9d7c7_Xb3d2_spw1,7,976562.5,fine,25,1920,1380,8,0.4,2,0.027515695582889018,12.958835943453165,1380,True
2469,ALMA_J153702653-33192492_B7,A002_Xd9d7c7_Xb3d2_spw1,7,976562.5,fine,25,1920,628,8,0.4,3,0.027515695582889018,13.36273511740742,628,True
2470,ALMA_J153702653-33192492_B7,A002_Xd9d7c7_Xb3d2_spw1,7,976562.5,fine,25,1920,451,8,0.4,4,0.027515695582889018,13.319145042221903,451,True
2471,ALMA_J153702653-33192492_B7,A002_Xd9d7c7_Xb3d2_spw1,7,976562.5,fine,25,1920,1459,8,0.4,5,0.027515695582889018,13.418253519698059,1459,True
2472,ALMA_J153702653-33192492_B7,A002_Xd9d7c7_Xb3d2_spw1,7,976562.5,fine,25,1920,974,8,0.25,0,0.027515695582889018,8.078105905336722,974,True
2473,ALMA_J153702653-33192492_B7,A002_Xd9d7c7_Xb3d2_spw1,7,976562.5,fine,25,1920,1710,8,0.25,1,0.027515695582889018,8.609497722393627,1710,True
2474,ALMA_J153702653-33192492_B7,A002_Xd9d7c7_Xb3d2_spw1,7,976562.5,fine,25,1920,1711,8,0.25,2,0.027515695582889018,9.451993474276522,1711,True
2475,ALMA_J153702653-33192492_B7,A002_Xd9d7c7_Xb3d2_spw1,7,976562.5,fine,25,1920,1540,8,0.25,3,0.027515695582889018,6.986314587548012,1540,True
2476,ALMA_J153702653-33192492_B7,A002_Xd9d7c7_Xb3d2_spw1,7,976562.5,fine,25,1920,1109,8,0.25,4,0.027515695582889018,6.966605088205506,1109,True
2477,ALMA_J153702653-33192492_B7,A002_Xd9d7c7_Xb3d2_spw1,7,976562.5,fine,25,1920,973,8,0.25,5,0.027515695582889018,6.039439700295341,973,True
2478,ALMA_J153702653-33192492_B7,A002_Xd9d7c7_Xb3d2_spw1,7,976562.5,fine,25,1920,1612,8,0.1,0,0.027515695582889018,2.6037050048024035,559,False
2479,ALMA_J153702653-33192492_B7,A002_Xd9d7c7_Xb3d2_spw1,7,976562.5,fine,25,1920,1109,8,0.1,1,0.027515695582889018,1.6655252167837151,559,False
2480,ALMA_J153702653-33192492_B7,A002_Xd9d7c7_Xb3d2_spw1,7,976562.5,fine,25,1920,787,8,0.1,2,0.027515695582889018,1.4363466481297236,559,False
2481,ALMA_J153702653-33192492_B7,A002_Xd9d7c7_Xb3d2_spw1,7,976562.5,fine,25,1920,1726,8,0.1,3,0.027515695582889018,2.3651295883886707,559,False
2482,ALMA_J153702653-33192492_B7,A002_Xd9d7c7_Xb3d2_spw1,7,976562.5,fine,25,1920,428,8,0.1,4,0.027515695582889018,4.133040405933293,428,False
2483,ALMA_J153702653-33192492_B7,A002_Xd9d7c7_Xb3d2_spw1,7,976562.5,fine,25,1920,1434,8,0.1,5,0.027515695582889018,3.28253289735958,559,False
2484,ALMA_J153702653-33192492_B7,A002_Xd9d7c7_Xb3d2_spw1,7,976562.5,fine,25,1920,268,10,1.0,0,0.027515695582889018,39.89819902160589,268,True
2485,ALMA_J153702653-33192492_B7,A002_Xd9d7c7_Xb3d2_spw1,7,976562.5,fine,25,1920,505,10,1.0,1,0.027515695582889018,38.44053653618872,505,True
2486,ALMA_J153702653-33192492_B7,A002_Xd9d7c7_Xb3d2_spw1,7,976562.5,fine,25,1920,928,10,1.0,2,0.027515695582889018,38.88472709115387,928,True
2487,ALMA_J153702653-33192492_B7,A002_Xd9d7c7_Xb3d2_spw1,7,976562.5,fine,25,1920,335,10,1.0,3,0.027515695582889018,42.63185602463426,335,True
2488,ALMA_J153702653-33192492_B7,A002_Xd9d7c7_Xb3d2_spw1,7,976562.5,fine,25,1920,1067,10,1.0,4,0.027515695582889018,40.17240049982063,1067,True
2489,ALMA_J153702653-33192492_B7,A002_Xd9d7c7_Xb3d2_spw1,7,976562.5,fine,25,1920,1667,10,1.0,5,0.027515695582889018,40.57337204781354,1667,True
2490,ALMA_J153702653-33192492_B7,A002_Xd9d7c7_Xb3d2_spw1,7,976562.5,fine,25,1920,1259,10,0.75,0,0.027515695582889018,30.782589365149764,1259,True
2491,ALMA_J153702653-33192492_B7,A002_Xd9d7c7_Xb3d2_spw1,7,976562.5,fine,25,1920,1637,10,0.75,1,0.027515695582889018,28.878211392310245,1637,True
2492,ALMA_J153702653-33192492_B7,A002_Xd9d7c7_Xb3d2_spw1,7,976562.5,fine,25,1920,948,10,0.75,2,0.027515695582889018,31.4961628052261,948,True
2493,ALMA_J153702653-33192492_B7,A002_Xd9d7c7_Xb3d2_spw1,7,976562.5,fine,25,1920,1701,10,0.75,3,0.027515695582889018,29.24270284250721,1701,True
2494,ALMA_J153702653-33192492_B7,A002_Xd9d7c7_Xb3d2_spw1,7,976562.5,fine,25,1920,1253,10,0.75,4,0.027515695582889018,31.14273965443223,1253,True
2495,ALMA_J153702653-33192492_B7,A002_Xd9d7c7_Xb3d2_spw1,7,976562.5,fine,25,1920,576,10,0.75,5,0.027515695582889018,31.87537081507141,576,True
2496,ALMA_J153702653-33192492_B7,A002_Xd9d7c7_Xb3d2_spw1,7,976562.5,fine,25,1920,1526,10,0.5,0,0.027515695582889018,18.460761231611084,1526,True
2497,ALMA_J153702653-33192492_B7,A002_Xd9d7c7_Xb3d2_spw1,7,976562.5,fine,25,1920,1216,10,0.5,1,0.027515695582889018,18.561233017997775,1216,True
2498,ALMA_J153702653-33192492_B7,A002_Xd9d7c7_Xb3d2_spw1,7,976562.5,fine,25,1920,281,10,0.5,2,0.027515695582889018,17.766366703228076,281,True
2499,ALMA_J153702653-33192492_B7,A002_Xd9d7c7_Xb3d2_spw1,7,976562.5,fine,25,1920,1243,10,0.5,3,0.027515695582889018,19.002273921137622,1243,True
2500,ALMA_J153702653-33192492_B7,A002_Xd9d7c7_Xb3d2_spw1,7,976562.5,fine,25,1920,1739,10,0.5,4,0.027515695582889018,21.68309574870865,1739,True
2501,ALMA_J153702653-33192492_B7,A002_Xd9d7c7_Xb3d2_spw1,7,976562.5,fine,25,1920,1303,10,0.5,5,0.027515695582889018,20.90453036348754,1303,True
2502,ALMA_J153702653-33192492_B7,A002_Xd9d7c7_Xb3d2_spw1,7,976562.5,fine,25,1920,948,10,0.4,0,0.027515695582889018,17.39206813456748,948,True
2503,ALMA_J153702653-33192492_B7,A002_Xd9d7c7_Xb3d2_spw1,7,976562.5,fine,25,1920,485,10,0.4,1,0.027515695582889018,16.332175893977702,485,True
2504,ALMA_J153702653-33192492_B7,A002_Xd9d7c7_Xb3d2_spw1,7,976562.5,fine,25,1920,1068,10,0.4,2,0.027515695582889018,16.726372532469654,1068,True
2505,ALMA_J153702653-33192492_B7,A002_Xd9d7c7_Xb3d2_spw1,7,976562.5,fine,25,1920,915,10,0.4,3,0.027515695582889018,14.913790752913368,915,True
2506,ALMA_J153702653-33192492_B7,A002_Xd9d7c7_Xb3d2_spw1,7,976562.5,fine,25,1920,1368,10,0.4,4,0.027515695582889018,15.098063678920807,1368,True
2507,ALMA_J153702653-33192492_B7,A002_Xd9d7c7_Xb3d2_spw1,7,976562.5,fine,25,1920,1754,10,0.4,5,0.027515695582889018,17.062884086494858,1754,True
2508,ALMA_J153702653-33192492_B7,A002_Xd9d7c7_Xb3d2_spw1,7,976562.5,fine,25,1920,847,10,0.25,0,0.027515695582889018,7.990367069844739,847,True
2509,ALMA_J153702653-33192492_B7,A002_Xd9d7c7_Xb3d2_spw1,7,976562.5,fine,25,1920,1557,10,0.25,1,0.027515695582889018,11.664977408508031,1557,True
2510,ALMA_J153702653-33192492_B7,A002_Xd9d7c7_Xb3d2_spw1,7,976562.5,fine,25,1920,1362,10,0.25,2,0.027515695582889018,10.141911124531628,1362,True
2511,ALMA_J153702653-33192492_B7,A002_Xd9d7c7_Xb3d2_spw1,7,976562.5,fine,25,1920,450,10,0.25,3,0.027515695582889018,10.595712489674165,450,True
2512,ALMA_J153702653-33192492_B7,A002_Xd9d7c7_Xb3d2_spw1,7,976562.5,fine,25,1920,337,10,0.25,4,0.027515695582889018,8.959302640464738,337,True
2513,ALMA_J153702653-33192492_B7,A002_Xd9d7c7_Xb3d2_spw1,7,976562.5,fine,25,1920,774,10,0.25,5,0.027515695582889018,11.592026541729265,774,True
2514,ALMA_J153702653-33192492_B7,A002_Xd9d7c7_Xb3d2_spw1,7,976562.5,fine,25,1920,1810,10,0.1,0,0.027515695582889018,2.4715886851703748,559,False
2515,ALMA_J153702653-33192492_B7,A002_Xd9d7c7_Xb3d2_spw1,7,976562.5,fine,25,1920,1499,10,0.1,1,0.027515695582889018,3.482130683076908,1499,False
2516,ALMA_J153702653-33192492_B7,A002_Xd9d7c7_Xb3d2_spw1,7,976562.5,fine,25,1920,871,10,0.1,2,0.027515695582889018,1.4298677355257294,559,False
2517,ALMA_J153702653-33192492_B7,A002_Xd9d7c7_Xb3d2_spw1,7,976562.5,fine,25,1920,1773,10,0.1,3,0.027515695582889018,3.7819144011378576,1773,False
2518,ALMA_J153702653-33192492_B7,A002_Xd9d7c7_Xb3d2_spw1,7,976562.5,fine,25,1920,974,10,0.1,4,0.027515695582889018,3.769399999425776,974,False
2519,ALMA_J153702653-33192492_B7,A002_Xd9d7c7_Xb3d2_spw1,7,976562.5,fine,25,1920,307,10,0.1,5,0.027515695582889018,4.509285243930935,307,False
2520,ALMA_J153702653-33192492_B7,A002_Xd9d7c7_Xb3d2_spw1,7,976562.5,fine,25,1920,648,15,1.0,0,0.027515695582889018,60.66232599816691,648,True
2521,ALMA_J153702653-33192492_B7,A002_Xd9d7c7_Xb3d2_spw1,7,976562.5,fine,25,1920,972,15,1.0,1,0.027515695582889018,59.27971495875622,972,True
2522,ALMA_J153702653-33192492_B7,A002_Xd9d7c7_Xb3d2_spw1,7,976562.5,fine,25,1920,1477,15,1.0,2,0.027515695582889018,60.843512412944385,1477,True
2523,ALMA_J153702653-33192492_B7,A002_Xd9d7c7_Xb3d2_spw1,7,976562.5,fine,25,1920,1614,15,1.0,3,0.027515695582889018,60.16742118142296,1614,True
2524,ALMA_J153702653-33192492_B7,A002_Xd9d7c7_Xb3d2_spw1,7,976562.5,fine,25,1920,1672,15,1.0,4,0.027515695582889018,60.31723874908351,1672,True
2525,ALMA_J153702653-33192492_B7,A002_Xd9d7c7_Xb3d2_spw1,7,976562.5,fine,25,1920,684,15,1.0,5,0.027515695582889018,61.48416882610538,684,True
2526,ALMA_J153702653-33192492_B7,A002_Xd9d7c7_Xb3d2_spw1,7,976562.5,fine,25,1920,1567,15,0.75,0,0.027515695582889018,46.293022688487945,1567,True
2527,ALMA_J153702653-33192492_B7,A002_Xd9d7c7_Xb3d2_spw1,7,976562.5,fine,25,1920,177,15,0.75,1,0.027515695582889018,45.754035915861344,177,True
2528,ALMA_J153702653-33192492_B7,A002_Xd9d7c7_Xb3d2_spw1,7,976562.5,fine,25,1920,1054,15,0.75,2,0.027515695582889018,43.92911459932431,1054,True
2529,ALMA_J153702653-33192492_B7,A002_Xd9d7c7_Xb3d2_spw1,7,976562.5,fine,25,1920,1494,15,0.75,3,0.027515695582889018,45.005574343470464,1494,True
2530,ALMA_J153702653-33192492_B7,A002_Xd9d7c7_Xb3d2_spw1,7,976562.5,fine,25,1920,1750,15,0.75,4,0.027515695582889018,46.457432450012256,1750,True
2531,ALMA_J153702653-33192492_B7,A002_Xd9d7c7_Xb3d2_spw1,7,976562.5,fine,25,1920,1047,15,0.75,5,0.027515695582889018,45.03254747569485,1047,True
2532,ALMA_J153702653-33192492_B7,A002_Xd9d7c7_Xb3d2_spw1,7,976562.5,fine,25,1920,1388,15,0.5,0,0.027515695582889018,30.843938013788662,1388,True
2533,ALMA_J153702653-33192492_B7,A002_Xd9d7c7_Xb3d2_spw1,7,976562.5,fine,25,1920,1026,15,0.5,1,0.027515695582889018,28.643875070760597,1026,True
2534,ALMA_J153702653-33192492_B7,A002_Xd9d7c7_Xb3d2_spw1,7,976562.5,fine,25,1920,407,15,0.5,2,0.027515695582889018,26.208549571590947,407,True
2535,ALMA_J153702653-33192492_B7,A002_Xd9d7c7_Xb3d2_spw1,7,976562.5,fine,25,1920,70,15,0.5,3,0.027515695582889018,30.138582309890115,70,True
2536,ALMA_J153702653-33192492_B7,A002_Xd9d7c7_Xb3d2_spw1,7,976562.5,fine,25,1920,665,15,0.5,4,0.027515695582889018,30.461946781997813,665,True
2537,ALMA_J153702653-33192492_B7,A002_Xd9d7c7_Xb3d2_spw1,7,976562.5,fine,25,1920,281,15,0.5,5,0.027515695582889018,28.04809020030926,281,True
2538,ALMA_J153702653-33192492_B7,A002_Xd9d7c7_Xb3d2_spw1,7,976562.5,fine,25,1920,1299,15,0.4,0,0.027515695582889018,23.482254879868304,1299,True
2539,ALMA_J153702653-33192492_B7,A002_Xd9d7c7_Xb3d2_spw1,7,976562.5,fine,25,1920,1215,15,0.4,1,0.027515695582889018,22.292131795109626,1215,True
2540,ALMA_J153702653-33192492_B7,A002_Xd9d7c7_Xb3d2_spw1,7,976562.5,fine,25,1920,785,15,0.4,2,0.027515695582889018,25.5138277741125,785,True
2541,ALMA_J153702653-33192492_B7,A002_Xd9d7c7_Xb3d2_spw1,7,976562.5,fine,25,1920,528,15,0.4,3,0.027515695582889018,24.081553052849088,528,True
2542,ALMA_J153702653-33192492_B7,A002_Xd9d7c7_Xb3d2_spw1,7,976562.5,fine,25,1920,1196,15,0.4,4,0.027515695582889018,25.7990740881117,1196,True
2543,ALMA_J153702653-33192492_B7,A002_Xd9d7c7_Xb3d2_spw1,7,976562.5,fine,25,1920,1782,15,0.4,5,0.027515695582889018,22.921097021921074,1782,True
2544,ALMA_J153702653-33192492_B7,A002_Xd9d7c7_Xb3d2_spw1,7,976562.5,fine,25,1920,712,15,0.25,0,0.027515695582889018,14.269927461367566,712,True
2545,ALMA_J153702653-33192492_B7,A002_Xd9d7c7_Xb3d2_spw1,7,976562.5,fine,25,1920,327,15,0.25,1,0.027515695582889018,13.632383721225224,327,True
2546,ALMA_J153702653-33192492_B7,A002_Xd9d7c7_Xb3d2_spw1,7,976562.5,fine,25,1920,796,15,0.25,2,0.027515695582889018,14.311347632063782,796,True
2547,ALMA_J153702653-33192492_B7,A002_Xd9d7c7_Xb3d2_spw1,7,976562.5,fine,25,1920,596,15,0.25,3,0.027515695582889018,14.29226973183754,596,True
2548,ALMA_J153702653-33192492_B7,A002_Xd9d7c7_Xb3d2_spw1,7,976562.5,fine,25,1920,445,15,0.25,4,0.027515695582889018,14.38858890055257,445,True
2549,ALMA_J153702653-33192492_B7,A002_Xd9d7c7_Xb3d2_spw1,7,976562.5,fine,25,1920,949,15,0.25,5,0.027515695582889018,12.158404209962413,949,True
2550,ALMA_J153702653-33192492_B7,A002_Xd9d7c7_Xb3d2_spw1,7,976562.5,fine,25,1920,280,15,0.1,0,0.027515695582889018,4.678139839436458,280,False
2551,ALMA_J153702653-33192492_B7,A002_Xd9d7c7_Xb3d2_spw1,7,976562.5,fine,25,1920,1026,15,0.1,1,0.027515695582889018,4.7014362260311096,1026,False
2552,ALMA_J153702653-33192492_B7,A002_Xd9d7c7_Xb3d2_spw1,7,976562.5,fine,25,1920,1250,15,0.1,2,0.027515695582889018,5.184591576223444,1250,True
2553,ALMA_J153702653-33192492_B7,A002_Xd9d7c7_Xb3d2_spw1,7,976562.5,fine,25,1920,680,15,0.1,3,0.027515695582889018,4.7861502081508585,680,False
2554,ALMA_J153702653-33192492_B7,A002_Xd9d7c7_Xb3d2_spw1,7,976562.5,fine,25,1920,1223,15,0.1,4,0.027515695582889018,5.26205353052329,1223,True
2555,ALMA_J153702653-33192492_B7,A002_Xd9d7c7_Xb3d2_spw1,7,976562.5,fine,25,1920,287,15,0.1,5,0.027515695582889018,5.279914793279069,287,True
2556,ALMA_J153702653-33192492_B7,A002_Xd9d7c7_Xb3d2_spw1,7,976562.5,fine,25,1920,1515,20,1.0,0,0.027515695582889018,80.26845441883457,1515,True
2557,ALMA_J153702653-33192492_B7,A002_Xd9d7c7_Xb3d2_spw1,7,976562.5,fine,25,1920,691,20,1.0,1,0.027515695582889018,79.17191041401824,691,True
2558,ALMA_J153702653-33192492_B7,A002_Xd9d7c7_Xb3d2_spw1,7,976562.5,fine,25,1920,1527,20,1.0,2,0.027515695582889018,80.18059024811701,1527,True
2559,ALMA_J153702653-33192492_B7,A002_Xd9d7c7_Xb3d2_spw1,7,976562.5,fine,25,1920,288,20,1.0,3,0.027515695582889018,80.36589685875815,288,True
2560,ALMA_J153702653-33192492_B7,A002_Xd9d7c7_Xb3d2_spw1,7,976562.5,fine,25,1920,1121,20,1.0,4,0.027515695582889018,79.20448149657986,1121,True
2561,ALMA_J153702653-33192492_B7,A002_Xd9d7c7_Xb3d2_spw1,7,976562.5,fine,25,1920,1686,20,1.0,5,0.027515695582889018,80.64879996098938,1686,True
2562,ALMA_J153702653-33192492_B7,A002_Xd9d7c7_Xb3d2_spw1,7,976562.5,fine,25,1920,808,20,0.75,0,0.027515695582889018,59.89421804117092,808,True
2563,ALMA_J153702653-33192492_B7,A002_Xd9d7c7_Xb3d2_spw1,7,976562.5,fine,25,1920,776,20,0.75,1,0.027515695582889018,60.58174178345128,776,True
2564,ALMA_J153702653-33192492_B7,A002_Xd9d7c7_Xb3d2_spw1,7,976562.5,fine,25,1920,136,20,0.75,2,0.027515695582889018,63.255902118386196,136,True
2565,ALMA_J153702653-33192492_B7,A002_Xd9d7c7_Xb3d2_spw1,7,976562.5,fine,25,1920,1162,20,0.75,3,0.027515695582889018,59.64198081886329,1162,True
2566,ALMA_J153702653-33192492_B7,A002_Xd9d7c7_Xb3d2_spw1,7,976562.5,fine,25,1920,112,20,0.75,4,0.027515695582889018,61.04626416721659,112,True
2567,ALMA_J153702653-33192492_B7,A002_Xd9d7c7_Xb3d2_spw1,7,976562.5,fine,25,1920,1002,20,0.75,5,0.027515695582889018,60.18942631845394,1002,True
2568,ALMA_J153702653-33192492_B7,A002_Xd9d7c7_Xb3d2_spw1,7,976562.5,fine,25,1920,1593,20,0.5,0,0.027515695582889018,39.48739662429053,1593,True
2569,ALMA_J153702653-33192492_B7,A002_Xd9d7c7_Xb3d2_spw1,7,976562.5,fine,25,1920,1673,20,0.5,1,0.027515695582889018,41.05030444967666,1673,True
2570,ALMA_J153702653-33192492_B7,A002_Xd9d7c7_Xb3d2_spw1,7,976562.5,fine,25,1920,312,20,0.5,2,0.027515695582889018,37.72423207116545,312,True
2571,ALMA_J153702653-33192492_B7,A002_Xd9d7c7_Xb3d2_spw1,7,976562.5,fine,25,1920,1164,20,0.5,3,0.027515695582889018,37.917145815147556,1164,True
2572,ALMA_J153702653-33192492_B7,A002_Xd9d7c7_Xb3d2_spw1,7,976562.5,fine,25,1920,693,20,0.5,4,0.027515695582889018,37.25053432558706,693,True
2573,ALMA_J153702653-33192492_B7,A002_Xd9d7c7_Xb3d2_spw1,7,976562.5,fine,25,1920,1787,20,0.5,5,0.027515695582889018,37.5567338137341,1787,True
2574,ALMA_J153702653-33192492_B7,A002_Xd9d7c7_Xb3d2_spw1,7,976562.5,fine,25,1920,1022,20,0.4,0,0.027515695582889018,31.84077402238326,1022,True
2575,ALMA_J153702653-33192492_B7,A002_Xd9d7c7_Xb3d2_spw1,7,976562.5,fine,25,1920,692,20,0.4,1,0.027515695582889018,31.462503029267673,692,True
2576,ALMA_J153702653-33192492_B7,A002_Xd9d7c7_Xb3d2_spw1,7,976562.5,fine,25,1920,470,20,0.4,2,0.027515695582889018,31.01037488245855,470,True
2577,ALMA_J153702653-33192492_B7,A002_Xd9d7c7_Xb3d2_spw1,7,976562.5,fine,25,1920,325,20,0.4,3,0.027515695582889018,31.763129573901463,325,True
2578,ALMA_J153702653-33192492_B7,A002_Xd9d7c7_Xb3d2_spw1,7,976562.5,fine,25,1920,1303,20,0.4,4,0.027515695582889018,33.67259923061604,1303,True
2579,ALMA_J153702653-33192492_B7,A002_Xd9d7c7_Xb3d2_spw1,7,976562.5,fine,25,1920,1081,20,0.4,5,0.027515695582889018,31.053144521836604,1081,True
2580,ALMA_J153702653-33192492_B7,A002_Xd9d7c7_Xb3d2_spw1,7,976562.5,fine,25,1920,1190,20,0.25,0,0.027515695582889018,19.431223400749044,1190,True
2581,ALMA_J153702653-33192492_B7,A002_Xd9d7c7_Xb3d2_spw1,7,976562.5,fine,25,1920,807,20,0.25,1,0.027515695582889018,20.33571392819238,807,True
2582,ALMA_J153702653-33192492_B7,A002_Xd9d7c7_Xb3d2_spw1,7,976562.5,fine,25,1920,889,20,0.25,2,0.027515695582889018,20.11862062703157,889,True
2583,ALMA_J153702653-33192492_B7,A002_Xd9d7c7_Xb3d2_spw1,7,976562.5,fine,25,1920,487,20,0.25,3,0.027515695582889018,20.5808986460863,487,True
2584,ALMA_J153702653-33192492_B7,A002_Xd9d7c7_Xb3d2_spw1,7,976562.5,fine,25,1920,575,20,0.25,4,0.027515695582889018,20.12948419791475,575,True
2585,ALMA_J153702653-33192492_B7,A002_Xd9d7c7_Xb3d2_spw1,7,976562.5,fine,25,1920,235,20,0.25,5,0.027515695582889018,20.060377904583465,235,True
2586,ALMA_J153702653-33192492_B7,A002_Xd9d7c7_Xb3d2_spw1,7,976562.5,fine,25,1920,1796,20,0.1,0,0.027515695582889018,5.760867184173584,1796,True
2587,ALMA_J153702653-33192492_B7,A002_Xd9d7c7_Xb3d2_spw1,7,976562.5,fine,25,1920,477,20,0.1,1,0.027515695582889018,6.784110844511988,477,True
2588,ALMA_J153702653-33192492_B7,A002_Xd9d7c7_Xb3d2_spw1,7,976562.5,fine,25,1920,1090,20,0.1,2,0.027515695582889018,5.109095455996806,1090,True
2589,ALMA_J153702653-33192492_B7,A002_Xd9d7c7_Xb3d2_spw1,7,976562.5,fine,25,1920,1467,20,0.1,3,0.027515695582889018,5.319633137314251,1467,True
2590,ALMA_J153702653-33192492_B7,A002_Xd9d7c7_Xb3d2_spw1,7,976562.5,fine,25,1920,133,20,0.1,4,0.027515695582889018,7.174109009122165,133,True
2591,ALMA_J153702653-33192492_B7,A002_Xd9d7c7_Xb3d2_spw1,7,976562.5,fine,25,1920,1734,20,0.1,5,0.027515695582889018,5.620203791722638,1734,True
2592,bet_Pic_B6,A002_X6f1341_X1484_spw3,6,488281.25,fine,182,3840,2945,2,1.0,0,0.29789781597387044,24.019616959762157,2945,True
2593,bet_Pic_B6,A002_X6f1341_X1484_spw3,6,488281.25,fine,182,3840,2366,2,1.0,1,0.29789781597387044,24.513449186180683,2366,True
2594,bet_Pic_B6,A002_X6f1341_X1484_spw3,6,488281.25,fine,182,3840,244,2,1.0,2,0.29789781597387044,24.47912290777739,244,True
2595,bet_Pic_B6,A002_X6f1341_X1484_spw3,6,488281.25,fine,182,3840,3307,2,1.0,3,0.29789781597387044,22.542619025415345,3307,True
2596,bet_Pic_B6,A002_X6f1341_X1484_spw3,6,488281.25,fine,182,3840,2841,2,1.0,4,0.29789781597387044,22.395463601174022,2841,True
2597,bet_Pic_B6,A002_X6f1341_X1484_spw3,6,488281.25,fine,182,3840,2926,2,1.0,5,0.29789781597387044,23.283979767959835,2926,True
2598,bet_Pic_B6,A002_X6f1341_X1484_spw3,6,488281.25,fine,182,3840,601,2,0.75,0,0.29789781597387044,17.76911546453192,601,True
2599,bet_Pic_B6,A002_X6f1341_X1484_spw3,6,488281.25,fine,182,3840,2390,2,0.75,1,0.29789781597387044,17.10841146455985,2390,True
2600,bet_Pic_B6,A002_X6f1341_X1484_spw3,6,488281.25,fine,182,3840,215,2,0.75,2,0.29789781597387044,15.637566878425067,215,True
2601,bet_Pic_B6,A002_X6f1341_X1484_spw3,6,488281.25,fine,182,3840,1327,2,0.75,3,0.29789781597387044,17.768229815508906,1327,True
2602,bet_Pic_B6,A002_X6f1341_X1484_spw3,6,488281.25,fine,182,3840,792,2,0.75,4,0.29789781597387044,17.21190802402953,792,True
2603,bet_Pic_B6,A002_X6f1341_X1484_spw3,6,488281.25,fine,182,3840,1302,2,0.75,5,0.29789781597387044,15.278786304411584,1302,True
2604,bet_Pic_B6,A002_X6f1341_X1484_spw3,6,488281.25,fine,182,3840,3092,2,0.5,0,0.29789781597387044,12.292577527690897,3092,True
2605,bet_Pic_B6,A002_X6f1341_X1484_spw3,6,488281.25,fine,182,3840,2669,2,0.5,1,0.29789781597387044,10.780239243969332,2669,True
2606,bet_Pic_B6,A002_X6f1341_X1484_spw3,6,488281.25,fine,182,3840,1541,2,0.5,2,0.29789781597387044,12.049033042087975,1541,True
2607,bet_Pic_B6,A002_X6f1341_X1484_spw3,6,488281.25,fine,182,3840,2335,2,0.5,3,0.29789781597387044,12.529854902963649,2335,True
2608,bet_Pic_B6,A002_X6f1341_X1484_spw3,6,488281.25,fine,182,3840,449,2,0.5,4,0.29789781597387044,10.3983185969431,449,True
2609,bet_Pic_B6,A002_X6f1341_X1484_spw3,6,488281.25,fine,182,3840,1608,2,0.5,5,0.29789781597387044,9.609090325523706,1608,True
2610,bet_Pic_B6,A002_X6f1341_X1484_spw3,6,488281.25,fine,182,3840,1107,2,0.4,0,0.29789781597387044,9.864984780046079,1107,True
2611,bet_Pic_B6,A002_X6f1341_X1484_spw3,6,488281.25,fine,182,3840,2401,2,0.4,1,0.29789781597387044,8.78395310002374,2401,True
2612,bet_Pic_B6,A002_X6f1341_X1484_spw3,6,488281.25,fine,182,3840,3042,2,0.4,2,0.29789781597387044,8.297410206352003,3042,True
2613,bet_Pic_B6,A002_X6f1341_X1484_spw3,6,488281.25,fine,182,3840,881,2,0.4,3,0.29789781597387044,8.925851413139485,881,True
2614,bet_Pic_B6,A002_X6f1341_X1484_spw3,6,488281.25,fine,182,3840,1734,2,0.4,4,0.29789781597387044,8.938448189028279,1734,True
2615,bet_Pic_B6,A002_X6f1341_X1484_spw3,6,488281.25,fine,182,3840,2066,2,0.4,5,0.29789781597387044,9.108798774052884,2066,True
2616,bet_Pic_B6,A002_X6f1341_X1484_spw3,6,488281.25,fine,182,3840,569,2,0.25,0,0.29789781597387044,7.197114877478701,569,True
2617,bet_Pic_B6,A002_X6f1341_X1484_spw3,6,488281.25,fine,182,3840,1708,2,0.25,1,0.29789781597387044,6.109755789896045,1708,True
2618,bet_Pic_B6,A002_X6f1341_X1484_spw3,6,488281.25,fine,182,3840,786,2,0.25,2,0.29789781597387044,5.460206045522071,786,True
2619,bet_Pic_B6,A002_X6f1341_X1484_spw3,6,488281.25,fine,182,3840,147,2,0.25,3,0.29789781597387044,6.3119274965093055,147,True
2620,bet_Pic_B6,A002_X6f1341_X1484_spw3,6,488281.25,fine,182,3840,1511,2,0.25,4,0.29789781597387044,6.052286075767757,1511,True
2621,bet_Pic_B6,A002_X6f1341_X1484_spw3,6,488281.25,fine,182,3840,958,2,0.25,5,0.29789781597387044,5.135768691138047,958,True
2622,bet_Pic_B6,A002_X6f1341_X1484_spw3,6,488281.25,fine,182,3840,2758,2,0.1,0,0.29789781597387044,3.0956575266010065,1686,False
2623,bet_Pic_B6,A002_X6f1341_X1484_spw3,6,488281.25,fine,182,3840,1973,2,0.1,1,0.29789781597387044,0.5173833750891665,1686,False
2624,bet_Pic_B6,A002_X6f1341_X1484_spw3,6,488281.25,fine,182,3840,257,2,0.1,2,0.29789781597387044,1.8023697105006988,1686,False
2625,bet_Pic_B6,A002_X6f1341_X1484_spw3,6,488281.25,fine,182,3840,3230,2,0.1,3,0.29789781597387044,2.859923662341898,1686,False
2626,bet_Pic_B6,A002_X6f1341_X1484_spw3,6,488281.25,fine,182,3840,1764,2,0.1,4,0.29789781597387044,0.47938784433453,1686,False
2627,bet_Pic_B6,A002_X6f1341_X1484_spw3,6,488281.25,fine,182,3840,1793,2,0.1,5,0.29789781597387044,0.5453457579001829,1686,False
2628,bet_Pic_B6,A002_X6f1341_X1484_spw3,6,488281.25,fine,182,3840,2394,3,1.0,0,0.29789781597387044,35.195980896002574,2394,True
2629,bet_Pic_B6,A002_X6f1341_X1484_spw3,6,488281.25,fine,182,3840,932,3,1.0,1,0.29789781597387044,33.90811181461184,932,True
2630,bet_Pic_B6,A002_X6f1341_X1484_spw3,6,488281.25,fine,182,3840,3550,3,1.0,2,0.29789781597387044,35.29927322184184,3550,True
2631,bet_Pic_B6,A002_X6f1341_X1484_spw3,6,488281.25,fine,182,3840,1790,3,1.0,3,0.29789781597387044,34.70780815173857,1790,True
2632,bet_Pic_B6,A002_X6f1341_X1484_spw3,6,488281.25,fine,182,3840,2938,3,1.0,4,0.29789781597387044,36.0581215030884,2938,True
2633,bet_Pic_B6,A002_X6f1341_X1484_spw3,6,488281.25,fine,182,3840,833,3,1.0,5,0.29789781597387044,36.405969552801245,833,True
2634,bet_Pic_B6,A002_X6f1341_X1484_spw3,6,488281.25,fine,182,3840,3274,3,0.75,0,0.29789781597387044,25.66927482364525,3274,True
2635,bet_Pic_B6,A002_X6f1341_X1484_spw3,6,488281.25,fine,182,3840,2335,3,0.75,1,0.29789781597387044,26.85512333766511,2335,True
2636,bet_Pic_B6,A002_X6f1341_X1484_spw3,6,488281.25,fine,182,3840,382,3,0.75,2,0.29789781597387044,25.89404740049748,382,True
2637,bet_Pic_B6,A002_X6f1341_X1484_spw3,6,488281.25,fine,182,3840,2101,3,0.75,3,0.29789781597387044,24.95170462656881,2101,True
2638,bet_Pic_B6,A002_X6f1341_X1484_spw3,6,488281.25,fine,182,3840,687,3,0.75,4,0.29789781597387044,26.085544459278804,687,True
2639,bet_Pic_B6,A002_X6f1341_X1484_spw3,6,488281.25,fine,182,3840,604,3,0.75,5,0.29789781597387044,26.904269038688867,604,True
2640,bet_Pic_B6,A002_X6f1341_X1484_spw3,6,488281.25,fine,182,3840,2204,3,0.5,0,0.29789781597387044,17.82998358223653,2204,True
2641,bet_Pic_B6,A002_X6f1341_X1484_spw3,6,488281.25,fine,182,3840,2618,3,0.5,1,0.29789781597387044,17.36121986670622,2618,True
2642,bet_Pic_B6,A002_X6f1341_X1484_spw3,6,488281.25,fine,182,3840,2573,3,0.5,2,0.29789781597387044,19.910471110191143,2573,True
2643,bet_Pic_B6,A002_X6f1341_X1484_spw3,6,488281.25,fine,182,3840,428,3,0.5,3,0.29789781597387044,17.687540989573712,428,True
2644,bet_Pic_B6,A002_X6f1341_X1484_spw3,6,488281.25,fine,182,3840,2728,3,0.5,4,0.29789781597387044,19.151841047885842,2728,True
2645,bet_Pic_B6,A002_X6f1341_X1484_spw3,6,488281.25,fine,182,3840,2171,3,0.5,5,0.29789781597387044,17.593358757895356,2171,True
2646,bet_Pic_B6,A002_X6f1341_X1484_spw3,6,488281.25,fine,182,3840,1491,3,0.4,0,0.29789781597387044,14.11045761255483,1491,True
2647,bet_Pic_B6,A002_X6f1341_X1484_spw3,6,488281.25,fine,182,3840,2661,3,0.4,1,0.29789781597387044,11.988582859259374,2661,True
2648,bet_Pic_B6,A002_X6f1341_X1484_spw3,6,488281.25,fine,182,3840,1134,3,0.4,2,0.29789781597387044,13.566888868535202,1134,True
2649,bet_Pic_B6,A002_X6f1341_X1484_spw3,6,488281.25,fine,182,3840,1793,3,0.4,3,0.29789781597387044,12.110750397041187,1793,True
2650,bet_Pic_B6,A002_X6f1341_X1484_spw3,6,488281.25,fine,182,3840,1862,3,0.4,4,0.29789781597387044,16.32009760775734,1862,True
2651,bet_Pic_B6,A002_X6f1341_X1484_spw3,6,488281.25,fine,182,3840,2954,3,0.4,5,0.29789781597387044,14.64460873780809,2954,True
2652,bet_Pic_B6,A002_X6f1341_X1484_spw3,6,488281.25,fine,182,3840,1252,3,0.25,0,0.29789781597387044,7.9387856601178415,1252,True
2653,bet_Pic_B6,A002_X6f1341_X1484_spw3,6,488281.25,fine,182,3840,2768,3,0.25,1,0.29789781597387044,7.264322668686225,2768,True
2654,bet_Pic_B6,A002_X6f1341_X1484_spw3,6,488281.25,fine,182,3840,3720,3,0.25,2,0.29789781597387044,6.984502172018139,3720,True
2655,bet_Pic_B6,A002_X6f1341_X1484_spw3,6,488281.25,fine,182,3840,614,3,0.25,3,0.29789781597387044,8.939220132872073,614,True
2656,bet_Pic_B6,A002_X6f1341_X1484_spw3,6,488281.25,fine,182,3840,1985,3,0.25,4,0.29789781597387044,9.557384072369677,1985,True
2657,bet_Pic_B6,A002_X6f1341_X1484_spw3,6,488281.25,fine,182,3840,665,3,0.25,5,0.29789781597387044,8.289489230931169,665,True
2658,bet_Pic_B6,A002_X6f1341_X1484_spw3,6,488281.25,fine,182,3840,3233,3,0.1,0,0.29789781597387044,2.482684004605309,1686,False
2659,bet_Pic_B6,A002_X6f1341_X1484_spw3,6,488281.25,fine,182,3840,1530,3,0.1,1,0.29789781597387044,5.277837702770414,1530,True
2660,bet_Pic_B6,A002_X6f1341_X1484_spw3,6,488281.25,fine,182,3840,144,3,0.1,2,0.29789781597387044,5.276254051595577,144,True
2661,bet_Pic_B6,A002_X6f1341_X1484_spw3,6,488281.25,fine,182,3840,123,3,0.1,3,0.29789781597387044,3.460267173394152,123,False
2662,bet_Pic_B6,A002_X6f1341_X1484_spw3,6,488281.25,fine,182,3840,942,3,0.1,4,0.29789781597387044,4.008847964344364,942,False
2663,bet_Pic_B6,A002_X6f1341_X1484_spw3,6,488281.25,fine,182,3840,366,3,0.1,5,0.29789781597387044,4.903379929393571,366,False
2664,bet_Pic_B6,A002_X6f1341_X1484_spw3,6,488281.25,fine,182,3840,3489,4,1.0,0,0.29789781597387044,48.13649672850134,3489,True
2665,bet_Pic_B6,A002_X6f1341_X1484_spw3,6,488281.25,fine,182,3840,169,4,1.0,1,0.29789781597387044,46.306073894890446,169,True
2666,bet_Pic_B6,A002_X6f1341_X1484_spw3,6,488281.25,fine,182,3840,1465,4,1.0,2,0.29789781597387044,44.04945694961222,1465,True
2667,bet_Pic_B6,A002_X6f1341_X1484_spw3,6,488281.25,fine,182,3840,3162,4,1.0,3,0.29789781597387044,46.357753447631445,3162,True
2668,bet_Pic_B6,A002_X6f1341_X1484_spw3,6,488281.25,fine,182,3840,1616,4,1.0,4,0.29789781597387044,47.025618380819935,1616,True
2669,bet_Pic_B6,A002_X6f1341_X1484_spw3,6,488281.25,fine,182,3840,1975,4,1.0,5,0.29789781597387044,45.8591797540542,1975,True
2670,bet_Pic_B6,A002_X6f1341_X1484_spw3,6,488281.25,fine,182,3840,2304,4,0.75,0,0.29789781597387044,34.71116468318651,2304,True
2671,bet_Pic_B6,A002_X6f1341_X1484_spw3,6,488281.25,fine,182,3840,2994,4,0.75,1,0.29789781597387044,33.56317227154088,2994,True
2672,bet_Pic_B6,A002_X6f1341_X1484_spw3,6,488281.25,fine,182,3840,3234,4,0.75,2,0.29789781597387044,34.479696010088766,3234,True
2673,bet_Pic_B6,A002_X6f1341_X1484_spw3,6,488281.25,fine,182,3840,3051,4,0.75,3,0.29789781597387044,34.86858545870758,3051,True
2674,bet_Pic_B6,A002_X6f1341_X1484_spw3,6,488281.25,fine,182,3840,3295,4,0.75,4,0.29789781597387044,33.78895281722916,3295,True
2675,bet_Pic_B6,A002_X6f1341_X1484_spw3,6,488281.25,fine,182,3840,1069,4,0.75,5,0.29789781597387044,34.97320081098679,1069,True
2676,bet_Pic_B6,A002_X6f1341_X1484_spw3,6,488281.25,fine,182,3840,230,4,0.5,0,0.29789781597387044,22.074385090508187,230,True
2677,bet_Pic_B6,A002_X6f1341_X1484_spw3,6,488281.25,fine,182,3840,1481,4,0.5,1,0.29789781597387044,20.47423181831217,1481,True
2678,bet_Pic_B6,A002_X6f1341_X1484_spw3,6,488281.25,fine,182,3840,3366,4,0.5,2,0.29789781597387044,22.242251476103867,3366,True
2679,bet_Pic_B6,A002_X6f1341_X1484_spw3,6,488281.25,fine,182,3840,1084,4,0.5,3,0.29789781597387044,22.47736055546255,1084,True
2680,bet_Pic_B6,A002_X6f1341_X1484_spw3,6,488281.25,fine,182,3840,686,4,0.5,4,0.29789781597387044,24.611167943907116,686,True
2681,bet_Pic_B6,A002_X6f1341_X1484_spw3,6,488281.25,fine,182,3840,3179,4,0.5,5,0.29789781597387044,23.640120392111925,3179,True
2682,bet_Pic_B6,A002_X6f1341_X1484_spw3,6,488281.25,fine,182,3840,3562,4,0.4,0,0.29789781597387044,17.87204857533048,3562,True
2683,bet_Pic_B6,A002_X6f1341_X1484_spw3,6,488281.25,fine,182,3840,570,4,0.4,1,0.29789781597387044,20.08255010114403,570,True
2684,bet_Pic_B6,A002_X6f1341_X1484_spw3,6,488281.25,fine,182,3840,3500,4,0.4,2,0.29789781597387044,20.265997947026175,3500,True
2685,bet_Pic_B6,A002_X6f1341_X1484_spw3,6,488281.25,fine,182,3840,2275,4,0.4,3,0.29789781597387044,21.03826230913214,2275,True
2686,bet_Pic_B6,A002_X6f1341_X1484_spw3,6,488281.25,fine,182,3840,2099,4,0.4,4,0.29789781597387044,20.28954014787732,2099,True
2687,bet_Pic_B6,A002_X6f1341_X1484_spw3,6,488281.25,fine,182,3840,827,4,0.4,5,0.29789781597387044,19.577891573781162,827,True
2688,bet_Pic_B6,A002_X6f1341_X1484_spw3,6,488281.25,fine,182,3840,2182,4,0.25,0,0.29789781597387044,11.459144923587624,2182,True
2689,bet_Pic_B6,A002_X6f1341_X1484_spw3,6,488281.25,fine,182,3840,135,4,0.25,1,0.29789781597387044,12.138888252303353,135,True
2690,bet_Pic_B6,A002_X6f1341_X1484_spw3,6,488281.25,fine,182,3840,994,4,0.25,2,0.29789781597387044,12.017964989835637,994,True
2691,bet_Pic_B6,A002_X6f1341_X1484_spw3,6,488281.25,fine,182,3840,1145,4,0.25,3,0.29789781597387044,10.36817875010104,1145,True
2692,bet_Pic_B6,A002_X6f1341_X1484_spw3,6,488281.25,fine,182,3840,454,4,0.25,4,0.29789781597387044,10.719816602047738,454,True
2693,bet_Pic_B6,A002_X6f1341_X1484_spw3,6,488281.25,fine,182,3840,2445,4,0.25,5,0.29789781597387044,12.323438185793112,2445,True
2694,bet_Pic_B6,A002_X6f1341_X1484_spw3,6,488281.25,fine,182,3840,694,4,0.1,0,0.29789781597387044,5.04344003835393,694,True
2695,bet_Pic_B6,A002_X6f1341_X1484_spw3,6,488281.25,fine,182,3840,1122,4,0.1,1,0.29789781597387044,3.9761102290213506,1122,False
2696,bet_Pic_B6,A002_X6f1341_X1484_spw3,6,488281.25,fine,182,3840,128,4,0.1,2,0.29789781597387044,2.423649293988531,1686,False
2697,bet_Pic_B6,A002_X6f1341_X1484_spw3,6,488281.25,fine,182,3840,887,4,0.1,3,0.29789781597387044,4.602677877621673,887,False
2698,bet_Pic_B6,A002_X6f1341_X1484_spw3,6,488281.25,fine,182,3840,1314,4,0.1,4,0.29789781597387044,4.260491448552589,1314,False
2699,bet_Pic_B6,A002_X6f1341_X1484_spw3,6,488281.25,fine,182,3840,1751,4,0.1,5,0.29789781597387044,6.140928747809195,1751,True
2700,bet_Pic_B6,A002_X6f1341_X1484_spw3,6,488281.25,fine,182,3840,1329,5,1.0,0,0.29789781597387044,57.269789036841026,1329,True
2701,bet_Pic_B6,A002_X6f1341_X1484_spw3,6,488281.25,fine,182,3840,3137,5,1.0,1,0.29789781597387044,57.491821149893866,3137,True
2702,bet_Pic_B6,A002_X6f1341_X1484_spw3,6,488281.25,fine,182,3840,1238,5,1.0,2,0.29789781597387044,57.50822416107367,1238,True
2703,bet_Pic_B6,A002_X6f1341_X1484_spw3,6,488281.25,fine,182,3840,2753,5,1.0,3,0.29789781597387044,58.120706853743215,2753,True
2704,bet_Pic_B6,A002_X6f1341_X1484_spw3,6,488281.25,fine,182,3840,199,5,1.0,4,0.29789781597387044,57.32936820601943,199,True
2705,bet_Pic_B6,A002_X6f1341_X1484_spw3,6,488281.25,fine,182,3840,3581,5,1.0,5,0.29789781597387044,56.7107650277113,3581,True
2706,bet_Pic_B6,A002_X6f1341_X1484_spw3,6,488281.25,fine,182,3840,1546,5,0.75,0,0.29789781597387044,43.47110761521679,1546,True
2707,bet_Pic_B6,A002_X6f1341_X1484_spw3,6,488281.25,fine,182,3840,1088,5,0.75,1,0.29789781597387044,42.44159804032565,1088,True
2708,bet_Pic_B6,A002_X6f1341_X1484_spw3,6,488281.25,fine,182,3840,1852,5,0.75,2,0.29789781597387044,43.01365734026323,1852,True
2709,bet_Pic_B6,A002_X6f1341_X1484_spw3,6,488281.25,fine,182,3840,3688,5,0.75,3,0.29789781597387044,41.86208328804479,3688,True
2710,bet_Pic_B6,A002_X6f1341_X1484_spw3,6,488281.25,fine,182,3840,2664,5,0.75,4,0.29789781597387044,43.26407575007394,2664,True
2711,bet_Pic_B6,A002_X6f1341_X1484_spw3,6,488281.25,fine,182,3840,1128,5,0.75,5,0.29789781597387044,44.12096334886943,1128,True
2712,bet_Pic_B6,A002_X6f1341_X1484_spw3,6,488281.25,fine,182,3840,216,5,0.5,0,0.29789781597387044,28.185511036862806,216,True
2713,bet_Pic_B6,A002_X6f1341_X1484_spw3,6,488281.25,fine,182,3840,1567,5,0.5,1,0.29789781597387044,28.67302800339662,1567,True
2714,bet_Pic_B6,A002_X6f1341_X1484_spw3,6,488281.25,fine,182,3840,1186,5,0.5,2,0.29789781597387044,26.904357463030713,1186,True
2715,bet_Pic_B6,A002_X6f1341_X1484_spw3,6,488281.25,fine,182,3840,2254,5,0.5,3,0.29789781597387044,27.029635785910177,2254,True
2716,bet_Pic_B6,A002_X6f1341_X1484_spw3,6,488281.25,fine,182,3840,2863,5,0.5,4,0.29789781597387044,28.40395449877686,2863,True
2717,bet_Pic_B6,A002_X6f1341_X1484_spw3,6,488281.25,fine,182,3840,1861,5,0.5,5,0.29789781597387044,30.02682476339296,1861,True
2718,bet_Pic_B6,A002_X6f1341_X1484_spw3,6,488281.25,fine,182,3840,1948,5,0.4,0,0.29789781597387044,22.1179161808127,1948,True
2719,bet_Pic_B6,A002_X6f1341_X1484_spw3,6,488281.25,fine,182,3840,2846,5,0.4,1,0.29789781597387044,24.317401939260108,2846,True
2720,bet_Pic_B6,A002_X6f1341_X1484_spw3,6,488281.25,fine,182,3840,2884,5,0.4,2,0.29789781597387044,23.095759526648827,2884,True
2721,bet_Pic_B6,A002_X6f1341_X1484_spw3,6,488281.25,fine,182,3840,3264,5,0.4,3,0.29789781597387044,22.848110782448153,3264,True
2722,bet_Pic_B6,A002_X6f1341_X1484_spw3,6,488281.25,fine,182,3840,3752,5,0.4,4,0.29789781597387044,24.834768417040443,3752,True
2723,bet_Pic_B6,A002_X6f1341_X1484_spw3,6,488281.25,fine,182,3840,2673,5,0.4,5,0.29789781597387044,23.63318090430541,2673,True
2724,bet_Pic_B6,A002_X6f1341_X1484_spw3,6,488281.25,fine,182,3840,1538,5,0.25,0,0.29789781597387044,16.794300995552735,1538,True
2725,bet_Pic_B6,A002_X6f1341_X1484_spw3,6,488281.25,fine,182,3840,2334,5,0.25,1,0.29789781597387044,14.970608368658578,2334,True
2726,bet_Pic_B6,A002_X6f1341_X1484_spw3,6,488281.25,fine,182,3840,1753,5,0.25,2,0.29789781597387044,14.424232673698802,1753,True
2727,bet_Pic_B6,A002_X6f1341_X1484_spw3,6,488281.25,fine,182,3840,1637,5,0.25,3,0.29789781597387044,13.205716476567252,1637,True
2728,bet_Pic_B6,A002_X6f1341_X1484_spw3,6,488281.25,fine,182,3840,2490,5,0.25,4,0.29789781597387044,13.08411368833283,2490,True
2729,bet_Pic_B6,A002_X6f1341_X1484_spw3,6,488281.25,fine,182,3840,2980,5,0.25,5,0.29789781597387044,14.422572948966835,2980,True
2730,bet_Pic_B6,A002_X6f1341_X1484_spw3,6,488281.25,fine,182,3840,3178,5,0.1,0,0.29789781597387044,6.792634323495313,3178,True
2731,bet_Pic_B6,A002_X6f1341_X1484_spw3,6,488281.25,fine,182,3840,2593,5,0.1,1,0.29789781597387044,6.037816662046899,2593,True
2732,bet_Pic_B6,A002_X6f1341_X1484_spw3,6,488281.25,fine,182,3840,1267,5,0.1,2,0.29789781597387044,5.573378038504319,1267,True
2733,bet_Pic_B6,A002_X6f1341_X1484_spw3,6,488281.25,fine,182,3840,1860,5,0.1,3,0.29789781597387044,4.6555676953981555,1860,False
2734,bet_Pic_B6,A002_X6f1341_X1484_spw3,6,488281.25,fine,182,3840,773,5,0.1,4,0.29789781597387044,4.841605192015117,773,False
2735,bet_Pic_B6,A002_X6f1341_X1484_spw3,6,488281.25,fine,182,3840,948,5,0.1,5,0.29789781597387044,4.141432490213428,948,False
2736,bet_Pic_B6,A002_X6f1341_X1484_spw3,6,488281.25,fine,182,3840,607,6,1.0,0,0.29789781597387044,69.54795130775481,607,True
2737,bet_Pic_B6,A002_X6f1341_X1484_spw3,6,488281.25,fine,182,3840,1979,6,1.0,1,0.29789781597387044,68.85446980792268,1979,True
2738,bet_Pic_B6,A002_X6f1341_X1484_spw3,6,488281.25,fine,182,3840,3147,6,1.0,2,0.29789781597387044,70.53988384761942,3147,True
2739,bet_Pic_B6,A002_X6f1341_X1484_spw3,6,488281.25,fine,182,3840,537,6,1.0,3,0.29789781597387044,69.23141646155972,537,True
2740,bet_Pic_B6,A002_X6f1341_X1484_spw3,6,488281.25,fine,182,3840,826,6,1.0,4,0.29789781597387044,70.92418610978709,826,True
2741,bet_Pic_B6,A002_X6f1341_X1484_spw3,6,488281.25,fine,182,3840,447,6,1.0,5,0.29789781597387044,68.54378753361998,447,True
2742,bet_Pic_B6,A002_X6f1341_X1484_spw3,6,488281.25,fine,182,3840,3571,6,0.75,0,0.29789781597387044,52.87308256729697,3571,True
2743,bet_Pic_B6,A002_X6f1341_X1484_spw3,6,488281.25,fine,182,3840,3275,6,0.75,1,0.29789781597387044,51.620331369630726,3275,True
2744,bet_Pic_B6,A002_X6f1341_X1484_spw3,6,488281.25,fine,182,3840,1366,6,0.75,2,0.29789781597387044,54.15929323366276,1366,True
2745,bet_Pic_B6,A002_X6f1341_X1484_spw3,6,488281.25,fine,182,3840,3043,6,0.75,3,0.29789781597387044,51.00290376187976,3043,True
2746,bet_Pic_B6,A002_X6f1341_X1484_spw3,6,488281.25,fine,182,3840,2369,6,0.75,4,0.29789781597387044,52.43885575119448,2369,True
2747,bet_Pic_B6,A002_X6f1341_X1484_spw3,6,488281.25,fine,182,3840,449,6,0.75,5,0.29789781597387044,51.17182041323082,449,True
2748,bet_Pic_B6,A002_X6f1341_X1484_spw3,6,488281.25,fine,182,3840,3699,6,0.5,0,0.29789781597387044,32.09187645352533,3699,True
2749,bet_Pic_B6,A002_X6f1341_X1484_spw3,6,488281.25,fine,182,3840,3508,6,0.5,1,0.29789781597387044,34.87081417594756,3508,True
2750,bet_Pic_B6,A002_X6f1341_X1484_spw3,6,488281.25,fine,182,3840,151,6,0.5,2,0.29789781597387044,35.344110921736366,151,True
2751,bet_Pic_B6,A002_X6f1341_X1484_spw3,6,488281.25,fine,182,3840,3551,6,0.5,3,0.29789781597387044,35.612550002071835,3551,True
2752,bet_Pic_B6,A002_X6f1341_X1484_spw3,6,488281.25,fine,182,3840,2385,6,0.5,4,0.29789781597387044,33.608798734204925,2385,True
2753,bet_Pic_B6,A002_X6f1341_X1484_spw3,6,488281.25,fine,182,3840,933,6,0.5,5,0.29789781597387044,34.01722074964293,933,True
2754,bet_Pic_B6,A002_X6f1341_X1484_spw3,6,488281.25,fine,182,3840,1000,6,0.4,0,0.29789781597387044,27.69644037052619,1000,True
2755,bet_Pic_B6,A002_X6f1341_X1484_spw3,6,488281.25,fine,182,3840,2923,6,0.4,1,0.29789781597387044,27.917940992950445,2923,True
2756,bet_Pic_B6,A002_X6f1341_X1484_spw3,6,488281.25,fine,182,3840,1091,6,0.4,2,0.29789781597387044,27.74810665537626,1091,True
2757,bet_Pic_B6,A002_X6f1341_X1484_spw3,6,488281.25,fine,182,3840,3298,6,0.4,3,0.29789781597387044,26.7991957093428,3298,True
2758,bet_Pic_B6,A002_X6f1341_X1484_spw3,6,488281.25,fine,182,3840,1866,6,0.4,4,0.29789781597387044,28.707972048342086,1866,True
2759,bet_Pic_B6,A002_X6f1341_X1484_spw3,6,488281.25,fine,182,3840,2851,6,0.4,5,0.29789781597387044,27.70579326037881,2851,True
2760,bet_Pic_B6,A002_X6f1341_X1484_spw3,6,488281.25,fine,182,3840,1751,6,0.25,0,0.29789781597387044,18.970980565425346,1751,True
2761,bet_Pic_B6,A002_X6f1341_X1484_spw3,6,488281.25,fine,182,3840,2576,6,0.25,1,0.29789781597387044,18.476459709845884,2576,True
2762,bet_Pic_B6,A002_X6f1341_X1484_spw3,6,488281.25,fine,182,3840,3289,6,0.25,2,0.29789781597387044,18.81294115824696,3289,True
2763,bet_Pic_B6,A002_X6f1341_X1484_spw3,6,488281.25,fine,182,3840,792,6,0.25,3,0.29789781597387044,17.729587113270618,792,True
2764,bet_Pic_B6,A002_X6f1341_X1484_spw3,6,488281.25,fine,182,3840,944,6,0.25,4,0.29789781597387044,18.149247947637292,944,True
2765,bet_Pic_B6,A002_X6f1341_X1484_spw3,6,488281.25,fine,182,3840,2628,6,0.25,5,0.29789781597387044,17.370917383665073,2628,True
2766,bet_Pic_B6,A002_X6f1341_X1484_spw3,6,488281.25,fine,182,3840,2309,6,0.1,0,0.29789781597387044,7.1664519878451864,2309,True
2767,bet_Pic_B6,A002_X6f1341_X1484_spw3,6,488281.25,fine,182,3840,2540,6,0.1,1,0.29789781597387044,7.127118166122448,2540,True
2768,bet_Pic_B6,A002_X6f1341_X1484_spw3,6,488281.25,fine,182,3840,1044,6,0.1,2,0.29789781597387044,7.462824278558739,1044,True
2769,bet_Pic_B6,A002_X6f1341_X1484_spw3,6,488281.25,fine,182,3840,938,6,0.1,3,0.29789781597387044,7.59790371923774,938,True
2770,bet_Pic_B6,A002_X6f1341_X1484_spw3,6,488281.25,fine,182,3840,108,6,0.1,4,0.29789781597387044,5.06939941504645,108,True
2771,bet_Pic_B6,A002_X6f1341_X1484_spw3,6,488281.25,fine,182,3840,758,6,0.1,5,0.29789781597387044,7.4583575944095895,758,True
2772,bet_Pic_B6,A002_X6f1341_X1484_spw3,6,488281.25,fine,182,3840,342,8,1.0,0,0.29789781597387044,92.81603960409407,342,True
2773,bet_Pic_B6,A002_X6f1341_X1484_spw3,6,488281.25,fine,182,3840,3343,8,1.0,1,0.29789781597387044,93.42361943486537,3343,True
2774,bet_Pic_B6,A002_X6f1341_X1484_spw3,6,488281.25,fine,182,3840,933,8,1.0,2,0.29789781597387044,91.9081281828175,933,True
2775,bet_Pic_B6,A002_X6f1341_X1484_spw3,6,488281.25,fine,182,3840,1826,8,1.0,3,0.29789781597387044,92.4572073463719,1826,True
2776,bet_Pic_B6,A002_X6f1341_X1484_spw3,6,488281.25,fine,182,3840,91,8,1.0,4,0.29789781597387044,92.5315525505354,91,True
2777,bet_Pic_B6,A002_X6f1341_X1484_spw3,6,488281.25,fine,182,3840,3022,8,1.0,5,0.29789781597387044,91.31870545104526,3022,True
2778,bet_Pic_B6,A002_X6f1341_X1484_spw3,6,488281.25,fine,182,3840,1161,8,0.75,0,0.29789781597387044,70.58342045362211,1161,True
2779,bet_Pic_B6,A002_X6f1341_X1484_spw3,6,488281.25,fine,182,3840,1989,8,0.75,1,0.29789781597387044,68.62177139027584,1989,True
2780,bet_Pic_B6,A002_X6f1341_X1484_spw3,6,488281.25,fine,182,3840,3154,8,0.75,2,0.29789781597387044,70.68210655205523,3154,True
2781,bet_Pic_B6,A002_X6f1341_X1484_spw3,6,488281.25,fine,182,3840,427,8,0.75,3,0.29789781597387044,69.4508225548773,427,True
2782,bet_Pic_B6,A002_X6f1341_X1484_spw3,6,488281.25,fine,182,3840,3116,8,0.75,4,0.29789781597387044,71.09519112860572,3116,True
2783,bet_Pic_B6,A002_X6f1341_X1484_spw3,6,488281.25,fine,182,3840,888,8,0.75,5,0.29789781597387044,68.84812622960864,888,True
2784,bet_Pic_B6,A002_X6f1341_X1484_spw3,6,488281.25,fine,182,3840,2706,8,0.5,0,0.29789781597387044,45.98695391835799,2706,True
2785,bet_Pic_B6,A002_X6f1341_X1484_spw3,6,488281.25,fine,182,3840,2223,8,0.5,1,0.29789781597387044,46.07458196704873,2223,True
2786,bet_Pic_B6,A002_X6f1341_X1484_spw3,6,488281.25,fine,182,3840,2440,8,0.5,2,0.29789781597387044,46.80566994126438,2440,True
2787,bet_Pic_B6,A002_X6f1341_X1484_spw3,6,488281.25,fine,182,3840,1794,8,0.5,3,0.29789781597387044,45.24944072185623,1794,True
2788,bet_Pic_B6,A002_X6f1341_X1484_spw3,6,488281.25,fine,182,3840,938,8,0.5,4,0.29789781597387044,47.23575688285512,938,True
2789,bet_Pic_B6,A002_X6f1341_X1484_spw3,6,488281.25,fine,182,3840,809,8,0.5,5,0.29789781597387044,46.302558007471504,809,True
2790,bet_Pic_B6,A002_X6f1341_X1484_spw3,6,488281.25,fine,182,3840,547,8,0.4,0,0.29789781597387044,36.63823991236342,547,True
2791,bet_Pic_B6,A002_X6f1341_X1484_spw3,6,488281.25,fine,182,3840,1197,8,0.4,1,0.29789781597387044,38.802918221428115,1197,True
2792,bet_Pic_B6,A002_X6f1341_X1484_spw3,6,488281.25,fine,182,3840,1382,8,0.4,2,0.29789781597387044,35.20377358117704,1382,True
2793,bet_Pic_B6,A002_X6f1341_X1484_spw3,6,488281.25,fine,182,3840,3712,8,0.4,3,0.29789781597387044,36.76603456704772,3712,True
2794,bet_Pic_B6,A002_X6f1341_X1484_spw3,6,488281.25,fine,182,3840,1119,8,0.4,4,0.29789781597387044,37.82953353174357,1119,True
2795,bet_Pic_B6,A002_X6f1341_X1484_spw3,6,488281.25,fine,182,3840,1418,8,0.4,5,0.29789781597387044,38.01465324518199,1418,True
2796,bet_Pic_B6,A002_X6f1341_X1484_spw3,6,488281.25,fine,182,3840,1692,8,0.25,0,0.29789781597387044,22.522693840209694,1692,True
2797,bet_Pic_B6,A002_X6f1341_X1484_spw3,6,488281.25,fine,182,3840,3430,8,0.25,1,0.29789781597387044,24.297479338492728,3430,True
2798,bet_Pic_B6,A002_X6f1341_X1484_spw3,6,488281.25,fine,182,3840,1862,8,0.25,2,0.29789781597387044,25.854283139968285,1862,True
2799,bet_Pic_B6,A002_X6f1341_X1484_spw3,6,488281.25,fine,182,3840,627,8,0.25,3,0.29789781597387044,22.539650219901933,627,True
2800,bet_Pic_B6,A002_X6f1341_X1484_spw3,6,488281.25,fine,182,3840,998,8,0.25,4,0.29789781597387044,24.35224403442857,998,True
2801,bet_Pic_B6,A002_X6f1341_X1484_spw3,6,488281.25,fine,182,3840,682,8,0.25,5,0.29789781597387044,22.112457170821283,682,True
2802,bet_Pic_B6,A002_X6f1341_X1484_spw3,6,488281.25,fine,182,3840,117,8,0.1,0,0.29789781597387044,9.451230669756105,117,True
2803,bet_Pic_B6,A002_X6f1341_X1484_spw3,6,488281.25,fine,182,3840,3227,8,0.1,1,0.29789781597387044,8.949065893678421,3227,True
2804,bet_Pic_B6,A002_X6f1341_X1484_spw3,6,488281.25,fine,182,3840,1301,8,0.1,2,0.29789781597387044,6.863271033346674,1301,True
2805,bet_Pic_B6,A002_X6f1341_X1484_spw3,6,488281.25,fine,182,3840,1246,8,0.1,3,0.29789781597387044,10.268776622571298,1246,True
2806,bet_Pic_B6,A002_X6f1341_X1484_spw3,6,488281.25,fine,182,3840,754,8,0.1,4,0.29789781597387044,7.614967789446872,754,True
2807,bet_Pic_B6,A002_X6f1341_X1484_spw3,6,488281.25,fine,182,3840,1734,8,0.1,5,0.29789781597387044,8.956831966042396,1734,True
2808,bet_Pic_B6,A002_X6f1341_X1484_spw3,6,488281.25,fine,182,3840,1473,10,1.0,0,0.29789781597387044,116.89852748529906,1473,True
2809,bet_Pic_B6,A002_X6f1341_X1484_spw3,6,488281.25,fine,182,3840,1239,10,1.0,1,0.29789781597387044,115.38298354911417,1239,True
2810,bet_Pic_B6,A002_X6f1341_X1484_spw3,6,488281.25,fine,182,3840,1485,10,1.0,2,0.29789781597387044,116.23273117641207,1485,True
2811,bet_Pic_B6,A002_X6f1341_X1484_spw3,6,488281.25,fine,182,3840,2836,10,1.0,3,0.29789781597387044,114.90033080450037,2836,True
2812,bet_Pic_B6,A002_X6f1341_X1484_spw3,6,488281.25,fine,182,3840,1525,10,1.0,4,0.29789781597387044,117.43319418463274,1525,True
2813,bet_Pic_B6,A002_X6f1341_X1484_spw3,6,488281.25,fine,182,3840,2937,10,1.0,5,0.29789781597387044,118.44812371192519,2937,True
2814,bet_Pic_B6,A002_X6f1341_X1484_spw3,6,488281.25,fine,182,3840,1203,10,0.75,0,0.29789781597387044,88.71251563444159,1203,True
2815,bet_Pic_B6,A002_X6f1341_X1484_spw3,6,488281.25,fine,182,3840,1282,10,0.75,1,0.29789781597387044,87.04850977974793,1282,True
2816,bet_Pic_B6,A002_X6f1341_X1484_spw3,6,488281.25,fine,182,3840,2674,10,0.75,2,0.29789781597387044,88.25856277996004,2674,True
2817,bet_Pic_B6,A002_X6f1341_X1484_spw3,6,488281.25,fine,182,3840,2713,10,0.75,3,0.29789781597387044,88.44941038873696,2713,True
2818,bet_Pic_B6,A002_X6f1341_X1484_spw3,6,488281.25,fine,182,3840,1321,10,0.75,4,0.29789781597387044,85.32318938827196,1321,True
2819,bet_Pic_B6,A002_X6f1341_X1484_spw3,6,488281.25,fine,182,3840,994,10,0.75,5,0.29789781597387044,87.01613821359095,994,True
2820,bet_Pic_B6,A002_X6f1341_X1484_spw3,6,488281.25,fine,182,3840,2723,10,0.5,0,0.29789781597387044,59.737994504304154,2723,True
2821,bet_Pic_B6,A002_X6f1341_X1484_spw3,6,488281.25,fine,182,3840,2168,10,0.5,1,0.29789781597387044,57.822357542404376,2168,True
2822,bet_Pic_B6,A002_X6f1341_X1484_spw3,6,488281.25,fine,182,3840,610,10,0.5,2,0.29789781597387044,57.64941291283416,610,True
2823,bet_Pic_B6,A002_X6f1341_X1484_spw3,6,488281.25,fine,182,3840,2811,10,0.5,3,0.29789781597387044,56.63398138936461,2811,True
2824,bet_Pic_B6,A002_X6f1341_X1484_spw3,6,488281.25,fine,182,3840,1618,10,0.5,4,0.29789781597387044,58.77511321777319,1618,True
2825,bet_Pic_B6,A002_X6f1341_X1484_spw3,6,488281.25,fine,182,3840,1271,10,0.5,5,0.29789781597387044,58.853914980686305,1271,True
2826,bet_Pic_B6,A002_X6f1341_X1484_spw3,6,488281.25,fine,182,3840,1128,10,0.4,0,0.29789781597387044,47.726179608272695,1128,True
2827,bet_Pic_B6,A002_X6f1341_X1484_spw3,6,488281.25,fine,182,3840,2088,10,0.4,1,0.29789781597387044,47.11869433578631,2088,True
2828,bet_Pic_B6,A002_X6f1341_X1484_spw3,6,488281.25,fine,182,3840,2233,10,0.4,2,0.29789781597387044,46.37509924307764,2233,True
2829,bet_Pic_B6,A002_X6f1341_X1484_spw3,6,488281.25,fine,182,3840,1796,10,0.4,3,0.29789781597387044,46.30346583158809,1796,True
2830,bet_Pic_B6,A002_X6f1341_X1484_spw3,6,488281.25,fine,182,3840,3278,10,0.4,4,0.29789781597387044,46.04194369610985,3278,True
2831,bet_Pic_B6,A002_X6f1341_X1484_spw3,6,488281.25,fine,182,3840,1645,10,0.4,5,0.29789781597387044,46.40483573891333,1645,True
2832,bet_Pic_B6,A002_X6f1341_X1484_spw3,6,488281.25,fine,182,3840,3060,10,0.25,0,0.29789781597387044,28.84733990168335,3060,True
2833,bet_Pic_B6,A002_X6f1341_X1484_spw3,6,488281.25,fine,182,3840,2501,10,0.25,1,0.29789781597387044,29.34517449071734,2501,True
2834,bet_Pic_B6,A002_X6f1341_X1484_spw3,6,488281.25,fine,182,3840,1889,10,0.25,2,0.29789781597387044,29.68287336035152,1889,True
2835,bet_Pic_B6,A002_X6f1341_X1484_spw3,6,488281.25,fine,182,3840,2315,10,0.25,3,0.29789781597387044,29.17970551194324,2315,True
2836,bet_Pic_B6,A002_X6f1341_X1484_spw3,6,488281.25,fine,182,3840,2730,10,0.25,4,0.29789781597387044,29.720126098406393,2730,True
2837,bet_Pic_B6,A002_X6f1341_X1484_spw3,6,488281.25,fine,182,3840,799,10,0.25,5,0.29789781597387044,28.414835568155084,799,True
2838,bet_Pic_B6,A002_X6f1341_X1484_spw3,6,488281.25,fine,182,3840,3683,10,0.1,0,0.29789781597387044,11.867775294183371,3683,True
2839,bet_Pic_B6,A002_X6f1341_X1484_spw3,6,488281.25,fine,182,3840,1000,10,0.1,1,0.29789781597387044,11.182053823984887,1000,True
2840,bet_Pic_B6,A002_X6f1341_X1484_spw3,6,488281.25,fine,182,3840,1164,10,0.1,2,0.29789781597387044,12.983102696848466,1164,True
2841,bet_Pic_B6,A002_X6f1341_X1484_spw3,6,488281.25,fine,182,3840,3477,10,0.1,3,0.29789781597387044,10.557277575464973,3477,True
2842,bet_Pic_B6,A002_X6f1341_X1484_spw3,6,488281.25,fine,182,3840,1739,10,0.1,4,0.29789781597387044,12.176631345950439,1739,True
2843,bet_Pic_B6,A002_X6f1341_X1484_spw3,6,488281.25,fine,182,3840,2341,10,0.1,5,0.29789781597387044,11.70000605696753,2341,True
2844,bet_Pic_B6,A002_X6f1341_X1484_spw3,6,488281.25,fine,182,3840,1839,15,1.0,0,0.29789781597387044,173.61556246134657,1839,True
2845,bet_Pic_B6,A002_X6f1341_X1484_spw3,6,488281.25,fine,182,3840,1169,15,1.0,1,0.29789781597387044,173.10312331092823,1169,True
2846,bet_Pic_B6,A002_X6f1341_X1484_spw3,6,488281.25,fine,182,3840,1074,15,1.0,2,0.29789781597387044,172.2337246453962,1074,True
2847,bet_Pic_B6,A002_X6f1341_X1484_spw3,6,488281.25,fine,182,3840,1866,15,1.0,3,0.29789781597387044,175.0290101700383,1866,True
2848,bet_Pic_B6,A002_X6f1341_X1484_spw3,6,488281.25,fine,182,3840,1287,15,1.0,4,0.29789781597387044,172.9388249698118,1287,True
2849,bet_Pic_B6,A002_X6f1341_X1484_spw3,6,488281.25,fine,182,3840,1728,15,1.0,5,0.29789781597387044,173.19460933748482,1728,True
2850,bet_Pic_B6,A002_X6f1341_X1484_spw3,6,488281.25,fine,182,3840,2367,15,0.75,0,0.29789781597387044,132.02868141260964,2367,True
2851,bet_Pic_B6,A002_X6f1341_X1484_spw3,6,488281.25,fine,182,3840,2427,15,0.75,1,0.29789781597387044,128.4902533923047,2427,True
2852,bet_Pic_B6,A002_X6f1341_X1484_spw3,6,488281.25,fine,182,3840,3078,15,0.75,2,0.29789781597387044,131.471580054545,3078,True
2853,bet_Pic_B6,A002_X6f1341_X1484_spw3,6,488281.25,fine,182,3840,1010,15,0.75,3,0.29789781597387044,130.480342004727,1010,True
2854,bet_Pic_B6,A002_X6f1341_X1484_spw3,6,488281.25,fine,182,3840,1587,15,0.75,4,0.29789781597387044,130.50414545638964,1587,True
2855,bet_Pic_B6,A002_X6f1341_X1484_spw3,6,488281.25,fine,182,3840,750,15,0.75,5,0.29789781597387044,130.77298287766337,750,True
2856,bet_Pic_B6,A002_X6f1341_X1484_spw3,6,488281.25,fine,182,3840,3349,15,0.5,0,0.29789781597387044,86.7138047604751,3349,True
2857,bet_Pic_B6,A002_X6f1341_X1484_spw3,6,488281.25,fine,182,3840,644,15,0.5,1,0.29789781597387044,86.90308637061565,644,True
2858,bet_Pic_B6,A002_X6f1341_X1484_spw3,6,488281.25,fine,182,3840,600,15,0.5,2,0.29789781597387044,88.37247227247778,600,True
2859,bet_Pic_B6,A002_X6f1341_X1484_spw3,6,488281.25,fine,182,3840,2907,15,0.5,3,0.29789781597387044,87.38551100066145,2907,True
2860,bet_Pic_B6,A002_X6f1341_X1484_spw3,6,488281.25,fine,182,3840,3106,15,0.5,4,0.29789781597387044,86.8272316315245,3106,True
2861,bet_Pic_B6,A002_X6f1341_X1484_spw3,6,488281.25,fine,182,3840,263,15,0.5,5,0.29789781597387044,85.6444969426738,263,True
2862,bet_Pic_B6,A002_X6f1341_X1484_spw3,6,488281.25,fine,182,3840,1435,15,0.4,0,0.29789781597387044,71.38383462808181,1435,True
2863,bet_Pic_B6,A002_X6f1341_X1484_spw3,6,488281.25,fine,182,3840,3615,15,0.4,1,0.29789781597387044,70.43653502685163,3615,True
2864,bet_Pic_B6,A002_X6f1341_X1484_spw3,6,488281.25,fine,182,3840,1566,15,0.4,2,0.29789781597387044,69.62635641855721,1566,True
2865,bet_Pic_B6,A002_X6f1341_X1484_spw3,6,488281.25,fine,182,3840,2802,15,0.4,3,0.29789781597387044,69.31488251367277,2802,True
2866,bet_Pic_B6,A002_X6f1341_X1484_spw3,6,488281.25,fine,182,3840,3733,15,0.4,4,0.29789781597387044,69.8499979361423,3733,True
2867,bet_Pic_B6,A002_X6f1341_X1484_spw3,6,488281.25,fine,182,3840,2023,15,0.4,5,0.29789781597387044,69.03784284212644,2023,True
2868,bet_Pic_B6,A002_X6f1341_X1484_spw3,6,488281.25,fine,182,3840,2233,15,0.25,0,0.29789781597387044,43.576991840979424,2233,True
2869,bet_Pic_B6,A002_X6f1341_X1484_spw3,6,488281.25,fine,182,3840,141,15,0.25,1,0.29789781597387044,43.83512123155844,141,True
2870,bet_Pic_B6,A002_X6f1341_X1484_spw3,6,488281.25,fine,182,3840,984,15,0.25,2,0.29789781597387044,42.4321182280867,984,True
2871,bet_Pic_B6,A002_X6f1341_X1484_spw3,6,488281.25,fine,182,3840,215,15,0.25,3,0.29789781597387044,42.65394122130319,215,True
2872,bet_Pic_B6,A002_X6f1341_X1484_spw3,6,488281.25,fine,182,3840,2781,15,0.25,4,0.29789781597387044,45.85147777818695,2781,True
2873,bet_Pic_B6,A002_X6f1341_X1484_spw3,6,488281.25,fine,182,3840,270,15,0.25,5,0.29789781597387044,44.201039676138954,270,True
2874,bet_Pic_B6,A002_X6f1341_X1484_spw3,6,488281.25,fine,182,3840,2081,15,0.1,0,0.29789781597387044,16.924253771875698,2081,True
2875,bet_Pic_B6,A002_X6f1341_X1484_spw3,6,488281.25,fine,182,3840,3335,15,0.1,1,0.29789781597387044,17.744695367373243,3335,True
2876,bet_Pic_B6,A002_X6f1341_X1484_spw3,6,488281.25,fine,182,3840,1989,15,0.1,2,0.29789781597387044,16.93850386408017,1989,True
2877,bet_Pic_B6,A002_X6f1341_X1484_spw3,6,488281.25,fine,182,3840,534,15,0.1,3,0.29789781597387044,16.771823774569736,534,True
2878,bet_Pic_B6,A002_X6f1341_X1484_spw3,6,488281.25,fine,182,3840,2379,15,0.1,4,0.29789781597387044,18.114691047134478,2379,True
2879,bet_Pic_B6,A002_X6f1341_X1484_spw3,6,488281.25,fine,182,3840,1272,15,0.1,5,0.29789781597387044,16.900713734373046,1272,True
2880,bet_Pic_B6,A002_X6f1341_X1484_spw3,6,488281.25,fine,182,3840,3327,20,1.0,0,0.29789781597387044,233.42079282823028,3327,True
2881,bet_Pic_B6,A002_X6f1341_X1484_spw3,6,488281.25,fine,182,3840,1105,20,1.0,1,0.29789781597387044,231.22371145024482,1105,True
2882,bet_Pic_B6,A002_X6f1341_X1484_spw3,6,488281.25,fine,182,3840,2915,20,1.0,2,0.29789781597387044,232.44204239844737,2915,True
2883,bet_Pic_B6,A002_X6f1341_X1484_spw3,6,488281.25,fine,182,3840,2038,20,1.0,3,0.29789781597387044,231.93089508500228,2038,True
2884,bet_Pic_B6,A002_X6f1341_X1484_spw3,6,488281.25,fine,182,3840,1530,20,1.0,4,0.29789781597387044,234.0964306759297,1530,True
2885,bet_Pic_B6,A002_X6f1341_X1484_spw3,6,488281.25,fine,182,3840,2222,20,1.0,5,0.29789781597387044,231.2165073608735,2222,True
2886,bet_Pic_B6,A002_X6f1341_X1484_spw3,6,488281.25,fine,182,3840,1573,20,0.75,0,0.29789781597387044,173.206050216998,1573,True
2887,bet_Pic_B6,A002_X6f1341_X1484_spw3,6,488281.25,fine,182,3840,1041,20,0.75,1,0.29789781597387044,171.61979044552302,1041,True
2888,bet_Pic_B6,A002_X6f1341_X1484_spw3,6,488281.25,fine,182,3840,1231,20,0.75,2,0.29789781597387044,174.729559950279,1231,True
2889,bet_Pic_B6,A002_X6f1341_X1484_spw3,6,488281.25,fine,182,3840,3640,20,0.75,3,0.29789781597387044,173.31849627549755,3640,True
2890,bet_Pic_B6,A002_X6f1341_X1484_spw3,6,488281.25,fine,182,3840,1884,20,0.75,4,0.29789781597387044,173.2463242115725,1884,True
2891,bet_Pic_B6,A002_X6f1341_X1484_spw3,6,488281.25,fine,182,3840,166,20,0.75,5,0.29789781597387044,172.66484391430618,166,True
2892,bet_Pic_B6,A002_X6f1341_X1484_spw3,6,488281.25,fine,182,3840,525,20,0.5,0,0.29789781597387044,115.77985550359861,525,True
2893,bet_Pic_B6,A002_X6f1341_X1484_spw3,6,488281.25,fine,182,3840,2015,20,0.5,1,0.29789781597387044,116.99273373052812,2015,True
2894,bet_Pic_B6,A002_X6f1341_X1484_spw3,6,488281.25,fine,182,3840,2506,20,0.5,2,0.29789781597387044,116.97514028941211,2506,True
2895,bet_Pic_B6,A002_X6f1341_X1484_spw3,6,488281.25,fine,182,3840,1033,20,0.5,3,0.29789781597387044,115.76776367418503,1033,True
2896,bet_Pic_B6,A002_X6f1341_X1484_spw3,6,488281.25,fine,182,3840,3749,20,0.5,4,0.29789781597387044,116.26639909046843,3749,True
2897,bet_Pic_B6,A002_X6f1341_X1484_spw3,6,488281.25,fine,182,3840,548,20,0.5,5,0.29789781597387044,116.5443879304917,548,True
2898,bet_Pic_B6,A002_X6f1341_X1484_spw3,6,488281.25,fine,182,3840,3532,20,0.4,0,0.29789781597387044,93.3258467983398,3532,True
2899,bet_Pic_B6,A002_X6f1341_X1484_spw3,6,488281.25,fine,182,3840,1503,20,0.4,1,0.29789781597387044,94.30986302798583,1503,True
2900,bet_Pic_B6,A002_X6f1341_X1484_spw3,6,488281.25,fine,182,3840,2227,20,0.4,2,0.29789781597387044,90.61586745392626,2227,True
2901,bet_Pic_B6,A002_X6f1341_X1484_spw3,6,488281.25,fine,182,3840,3686,20,0.4,3,0.29789781597387044,93.4117318871473,3686,True
2902,bet_Pic_B6,A002_X6f1341_X1484_spw3,6,488281.25,fine,182,3840,433,20,0.4,4,0.29789781597387044,93.03460669604208,433,True
2903,bet_Pic_B6,A002_X6f1341_X1484_spw3,6,488281.25,fine,182,3840,1554,20,0.4,5,0.29789781597387044,92.33156217482335,1554,True
2904,bet_Pic_B6,A002_X6f1341_X1484_spw3,6,488281.25,fine,182,3840,2998,20,0.25,0,0.29789781597387044,57.47049371085464,2998,True
2905,bet_Pic_B6,A002_X6f1341_X1484_spw3,6,488281.25,fine,182,3840,1475,20,0.25,1,0.29789781597387044,60.138473253774286,1475,True
2906,bet_Pic_B6,A002_X6f1341_X1484_spw3,6,488281.25,fine,182,3840,3068,20,0.25,2,0.29789781597387044,57.99014644978645,3068,True
2907,bet_Pic_B6,A002_X6f1341_X1484_spw3,6,488281.25,fine,182,3840,1263,20,0.25,3,0.29789781597387044,58.13001628219049,1263,True
2908,bet_Pic_B6,A002_X6f1341_X1484_spw3,6,488281.25,fine,182,3840,2318,20,0.25,4,0.29789781597387044,59.93526807982629,2318,True
2909,bet_Pic_B6,A002_X6f1341_X1484_spw3,6,488281.25,fine,182,3840,994,20,0.25,5,0.29789781597387044,59.23243824961279,994,True
2910,bet_Pic_B6,A002_X6f1341_X1484_spw3,6,488281.25,fine,182,3840,3725,20,0.1,0,0.29789781597387044,22.854452408806658,3725,True
2911,bet_Pic_B6,A002_X6f1341_X1484_spw3,6,488281.25,fine,182,3840,1044,20,0.1,1,0.29789781597387044,23.422684220395762,1044,True
2912,bet_Pic_B6,A002_X6f1341_X1484_spw3,6,488281.25,fine,182,3840,2795,20,0.1,2,0.29789781597387044,21.49806715242802,2795,True
2913,bet_Pic_B6,A002_X6f1341_X1484_spw3,6,488281.25,fine,182,3840,2938,20,0.1,3,0.29789781597387044,24.027584375116206,2938,True
2914,bet_Pic_B6,A002_X6f1341_X1484_spw3,6,488281.25,fine,182,3840,605,20,0.1,4,0.29789781597387044,24.01383706201383,605,True
2915,bet_Pic_B6,A002_X6f1341_X1484_spw3,6,488281.25,fine,182,3840,251,20,0.1,5,0.29789781597387044,22.764043804988113,251,True
2916,ALMA_J153702653-33192492_B6,A002_X1009c59_X1ba4d_spw4,6,488281.25,fine,21,4096,1831,2,1.0,0,0.19313585607111453,8.02023592010388,1831,True
2917,ALMA_J153702653-33192492_B6,A002_X1009c59_X1ba4d_spw4,6,488281.25,fine,21,4096,1971,2,1.0,1,0.19313585607111453,8.711710108360597,1971,True
2918,ALMA_J153702653-33192492_B6,A002_X1009c59_X1ba4d_spw4,6,488281.25,fine,21,4096,1776,2,1.0,2,0.19313585607111453,7.1965247542252255,1776,True
2919,ALMA_J153702653-33192492_B6,A002_X1009c59_X1ba4d_spw4,6,488281.25,fine,21,4096,2598,2,1.0,3,0.19313585607111453,8.894317663622214,2598,True
2920,ALMA_J153702653-33192492_B6,A002_X1009c59_X1ba4d_spw4,6,488281.25,fine,21,4096,2233,2,1.0,4,0.19313585607111453,8.10122888867431,2233,True
2921,ALMA_J153702653-33192492_B6,A002_X1009c59_X1ba4d_spw4,6,488281.25,fine,21,4096,463,2,1.0,5,0.19313585607111453,8.494522144917452,463,True
2922,ALMA_J153702653-33192492_B6,A002_X1009c59_X1ba4d_spw4,6,488281.25,fine,21,4096,293,2,0.75,0,0.19313585607111453,7.370191710003222,293,True
2923,ALMA_J153702653-33192492_B6,A002_X1009c59_X1ba4d_spw4,6,488281.25,fine,21,4096,920,2,0.75,1,0.19313585607111453,8.875977487869765,920,True
2924,ALMA_J153702653-33192492_B6,A002_X1009c59_X1ba4d_spw4,6,488281.25,fine,21,4096,487,2,0.75,2,0.19313585607111453,7.4221857593162825,487,True
2925,ALMA_J153702653-33192492_B6,A002_X1009c59_X1ba4d_spw4,6,488281.25,fine,21,4096,3080,2,0.75,3,0.19313585607111453,7.6790872560384225,3080,True
2926,ALMA_J153702653-33192492_B6,A002_X1009c59_X1ba4d_spw4,6,488281.25,fine,21,4096,1007,2,0.75,4,0.19313585607111453,6.175611205106496,1007,True
2927,ALMA_J153702653-33192492_B6,A002_X1009c59_X1ba4d_spw4,6,488281.25,fine,21,4096,725,2,0.75,5,0.19313585607111453,6.893785487059583,725,True
2928,ALMA_J153702653-33192492_B6,A002_X1009c59_X1ba4d_spw4,6,488281.25,fine,21,4096,1234,2,0.5,0,0.19313585607111453,3.0788101833275445,1287,False
2929,ALMA_J153702653-33192492_B6,A002_X1009c59_X1ba4d_spw4,6,488281.25,fine,21,4096,2420,2,0.5,1,0.19313585607111453,6.115682693104762,2420,True
2930,ALMA_J153702653-33192492_B6,A002_X1009c59_X1ba4d_spw4,6,488281.25,fine,21,4096,1457,2,0.5,2,0.19313585607111453,3.970907269235915,1457,False
2931,ALMA_J153702653-33192492_B6,A002_X1009c59_X1ba4d_spw4,6,488281.25,fine,21,4096,415,2,0.5,3,0.19313585607111453,4.889504880499603,415,False
2932,ALMA_J153702653-33192492_B6,A002_X1009c59_X1ba4d_spw4,6,488281.25,fine,21,4096,639,2,0.5,4,0.19313585607111453,3.518361057051963,639,False
2933,ALMA_J153702653-33192492_B6,A002_X1009c59_X1ba4d_spw4,6,488281.25,fine,21,4096,1282,2,0.5,5,0.19313585607111453,4.541365414753953,1282,False
2934,ALMA_J153702653-33192492_B6,A002_X1009c59_X1ba4d_spw4,6,488281.25,fine,21,4096,1644,2,0.4,0,0.19313585607111453,3.127391700588537,1287,False
2935,ALMA_J153702653-33192492_B6,A002_X1009c59_X1ba4d_spw4,6,488281.25,fine,21,4096,3324,2,0.4,1,0.19313585607111453,1.4111364209571546,1287,False
2936,ALMA_J153702653-33192492_B6,A002_X1009c59_X1ba4d_spw4,6,488281.25,fine,21,4096,255,2,0.4,2,0.19313585607111453,2.8811723964768503,1287,False
2937,ALMA_J153702653-33192492_B6,A002_X1009c59_X1ba4d_spw4,6,488281.25,fine,21,4096,3994,2,0.4,3,0.19313585607111453,0.0,1287,False
2938,ALMA_J153702653-33192492_B6,A002_X1009c59_X1ba4d_spw4,6,488281.25,fine,21,4096,1748,2,0.4,4,0.19313585607111453,2.7810107051625885,1287,False
2939,ALMA_J153702653-33192492_B6,A002_X1009c59_X1ba4d_spw4,6,488281.25,fine,21,4096,889,2,0.4,5,0.19313585607111453,3.0937917279731315,1287,False
2940,ALMA_J153702653-33192492_B6,A002_X1009c59_X1ba4d_spw4,6,488281.25,fine,21,4096,1077,2,0.25,0,0.19313585607111453,2.9090299577556173,1287,False
2941,ALMA_J153702653-33192492_B6,A002_X1009c59_X1ba4d_spw4,6,488281.25,fine,21,4096,1141,2,0.25,1,0.19313585607111453,2.195475018160798,1287,False
2942,ALMA_J153702653-33192492_B6,A002_X1009c59_X1ba4d_spw4,6,488281.25,fine,21,4096,1519,2,0.25,2,0.19313585607111453,0.7497402348552876,1287,False
2943,ALMA_J153702653-33192492_B6,A002_X1009c59_X1ba4d_spw4,6,488281.25,fine,21,4096,385,2,0.25,3,0.19313585607111453,1.418917321012633,1287,False
2944,ALMA_J153702653-33192492_B6,A002_X1009c59_X1ba4d_spw4,6,488281.25,fine,21,4096,1361,2,0.25,4,0.19313585607111453,2.4884092981746835,3006,False
2945,ALMA_J153702653-33192492_B6,A002_X1009c59_X1ba4d_spw4,6,488281.25,fine,21,4096,2125,2,0.25,5,0.19313585607111453,2.8035737178129594,1287,False
2946,ALMA_J153702653-33192492_B6,A002_X1009c59_X1ba4d_spw4,6,488281.25,fine,21,4096,1878,2,0.1,0,0.19313585607111453,0.7841852294096633,1287,False
2947,ALMA_J153702653-33192492_B6,A002_X1009c59_X1ba4d_spw4,6,488281.25,fine,21,4096,3476,2,0.1,1,0.19313585607111453,0.1814232874891335,1287,False
2948,ALMA_J153702653-33192492_B6,A002_X1009c59_X1ba4d_spw4,6,488281.25,fine,21,4096,2394,2,0.1,2,0.19313585607111453,-0.8481710187531237,1287,False
2949,ALMA_J153702653-33192492_B6,A002_X1009c59_X1ba4d_spw4,6,488281.25,fine,21,4096,2408,2,0.1,3,0.19313585607111453,-0.739118049862939,1287,False
2950,ALMA_J153702653-33192492_B6,A002_X1009c59_X1ba4d_spw4,6,488281.25,fine,21,4096,573,2,0.1,4,0.19313585607111453,2.1507735733637503,1287,False
2951,ALMA_J153702653-33192492_B6,A002_X1009c59_X1ba4d_spw4,6,488281.25,fine,21,4096,3591,2,0.1,5,0.19313585607111453,-0.07197803613438408,1287,False
2952,ALMA_J153702653-33192492_B6,A002_X1009c59_X1ba4d_spw4,6,488281.25,fine,21,4096,3621,3,1.0,0,0.19313585607111453,11.903342078923577,3621,True
2953,ALMA_J153702653-33192492_B6,A002_X1009c59_X1ba4d_spw4,6,488281.25,fine,21,4096,177,3,1.0,1,0.19313585607111453,12.540645719168396,177,True
2954,ALMA_J153702653-33192492_B6,A002_X1009c59_X1ba4d_spw4,6,488281.25,fine,21,4096,252,3,1.0,2,0.19313585607111453,13.736768075117636,252,True
2955,ALMA_J153702653-33192492_B6,A002_X1009c59_X1ba4d_spw4,6,488281.25,fine,21,4096,2522,3,1.0,3,0.19313585607111453,13.699158688596672,2522,True
2956,ALMA_J153702653-33192492_B6,A002_X1009c59_X1ba4d_spw4,6,488281.25,fine,21,4096,1969,3,1.0,4,0.19313585607111453,13.736128451392686,1969,True
2957,ALMA_J153702653-33192492_B6,A002_X1009c59_X1ba4d_spw4,6,488281.25,fine,21,4096,3508,3,1.0,5,0.19313585607111453,13.074971679488057,3508,True
2958,ALMA_J153702653-33192492_B6,A002_X1009c59_X1ba4d_spw4,6,488281.25,fine,21,4096,3856,3,0.75,0,0.19313585607111453,10.9158770711808,3856,True
2959,ALMA_J153702653-33192492_B6,A002_X1009c59_X1ba4d_spw4,6,488281.25,fine,21,4096,2427,3,0.75,1,0.19313585607111453,10.706322647748129,2427,True
2960,ALMA_J153702653-33192492_B6,A002_X1009c59_X1ba4d_spw4,6,488281.25,fine,21,4096,3827,3,0.75,2,0.19313585607111453,9.537620399263037,3827,True
2961,ALMA_J153702653-33192492_B6,A002_X1009c59_X1ba4d_spw4,6,488281.25,fine,21,4096,272,3,0.75,3,0.19313585607111453,9.331168648264821,272,True
2962,ALMA_J153702653-33192492_B6,A002_X1009c59_X1ba4d_spw4,6,488281.25,fine,21,4096,2678,3,0.75,4,0.19313585607111453,8.388707476579633,2678,True
2963,ALMA_J153702653-33192492_B6,A002_X1009c59_X1ba4d_spw4,6,488281.25,fine,21,4096,3340,3,0.75,5,0.19313585607111453,9.248232342125336,3340,True
2964,ALMA_J153702653-33192492_B6,A002_X1009c59_X1ba4d_spw4,6,488281.25,fine,21,4096,2043,3,0.5,0,0.19313585607111453,5.692666242250738,2043,True
2965,ALMA_J153702653-33192492_B6,A002_X1009c59_X1ba4d_spw4,6,488281.25,fine,21,4096,3190,3,0.5,1,0.19313585607111453,6.168787767904274,3190,True
2966,ALMA_J153702653-33192492_B6,A002_X1009c59_X1ba4d_spw4,6,488281.25,fine,21,4096,164,3,0.5,2,0.19313585607111453,6.341991355302273,164,True
2967,ALMA_J153702653-33192492_B6,A002_X1009c59_X1ba4d_spw4,6,488281.25,fine,21,4096,1943,3,0.5,3,0.19313585607111453,7.508993292198281,1943,True
2968,ALMA_J153702653-33192492_B6,A002_X1009c59_X1ba4d_spw4,6,488281.25,fine,21,4096,1375,3,0.5,4,0.19313585607111453,6.3969256108370836,1375,True
2969,ALMA_J153702653-33192492_B6,A002_X1009c59_X1ba4d_spw4,6,488281.25,fine,21,4096,2066,3,0.5,5,0.19313585607111453,6.411510618828815,2066,True
2970,ALMA_J153702653-33192492_B6,A002_X1009c59_X1ba4d_spw4,6,488281.25,fine,21,4096,3075,3,0.4,0,0.19313585607111453,5.847452187865527,3075,True
2971,ALMA_J153702653-33192492_B6,A002_X1009c59_X1ba4d_spw4,6,488281.25,fine,21,4096,1948,3,0.4,1,0.19313585607111453,4.708108451351665,1948,False
2972,ALMA_J153702653-33192492_B6,A002_X1009c59_X1ba4d_spw4,6,488281.25,fine,21,4096,2091,3,0.4,2,0.19313585607111453,4.309197525677261,2091,False
2973,ALMA_J153702653-33192492_B6,A002_X1009c59_X1ba4d_spw4,6,488281.25,fine,21,4096,3720,3,0.4,3,0.19313585607111453,5.524704103483284,3720,True
2974,ALMA_J153702653-33192492_B6,A002_X1009c59_X1ba4d_spw4,6,488281.25,fine,21,4096,844,3,0.4,4,0.19313585607111453,6.710201816299814,844,True
2975,ALMA_J153702653-33192492_B6,A002_X1009c59_X1ba4d_spw4,6,488281.25,fine,21,4096,2182,3,0.4,5,0.19313585607111453,3.640600106471471,2182,False
2976,ALMA_J153702653-33192492_B6,A002_X1009c59_X1ba4d_spw4,6,488281.25,fine,21,4096,797,3,0.25,0,0.19313585607111453,1.277420468712287,1287,False
2977,ALMA_J153702653-33192492_B6,A002_X1009c59_X1ba4d_spw4,6,488281.25,fine,21,4096,3299,3,0.25,1,0.19313585607111453,1.7774329138230498,1287,False
2978,ALMA_J153702653-33192492_B6,A002_X1009c59_X1ba4d_spw4,6,488281.25,fine,21,4096,2477,3,0.25,2,0.19313585607111453,2.605083708184785,1287,False
2979,ALMA_J153702653-33192492_B6,A002_X1009c59_X1ba4d_spw4,6,488281.25,fine,21,4096,1309,3,0.25,3,0.19313585607111453,5.158403800504557,1309,True
2980,ALMA_J153702653-33192492_B6,A002_X1009c59_X1ba4d_spw4,6,488281.25,fine,21,4096,3012,3,0.25,4,0.19313585607111453,2.839713104238096,1287,False
2981,ALMA_J153702653-33192492_B6,A002_X1009c59_X1ba4d_spw4,6,488281.25,fine,21,4096,325,3,0.25,5,0.19313585607111453,3.691136658022563,325,False
2982,ALMA_J153702653-33192492_B6,A002_X1009c59_X1ba4d_spw4,6,488281.25,fine,21,4096,3240,3,0.1,0,0.19313585607111453,0.4234402740391826,1287,False
2983,ALMA_J153702653-33192492_B6,A002_X1009c59_X1ba4d_spw4,6,488281.25,fine,21,4096,2442,3,0.1,1,0.19313585607111453,0.9843513103400081,1287,False
2984,ALMA_J153702653-33192492_B6,A002_X1009c59_X1ba4d_spw4,6,488281.25,fine,21,4096,2126,3,0.1,2,0.19313585607111453,0.39679146710977264,1287,False
2985,ALMA_J153702653-33192492_B6,A002_X1009c59_X1ba4d_spw4,6,488281.25,fine,21,4096,77,3,0.1,3,0.19313585607111453,0.0,1287,False
2986,ALMA_J153702653-33192492_B6,A002_X1009c59_X1ba4d_spw4,6,488281.25,fine,21,4096,2698,3,0.1,4,0.19313585607111453,2.5263263461802152,1287,False
2987,ALMA_J153702653-33192492_B6,A002_X1009c59_X1ba4d_spw4,6,488281.25,fine,21,4096,3635,3,0.1,5,0.19313585607111453,2.298526739688199,1287,False
2988,ALMA_J153702653-33192492_B6,A002_X1009c59_X1ba4d_spw4,6,488281.25,fine,21,4096,3841,4,1.0,0,0.19313585607111453,16.893577331408686,3841,True
2989,ALMA_J153702653-33192492_B6,A002_X1009c59_X1ba4d_spw4,6,488281.25,fine,21,4096,802,4,1.0,1,0.19313585607111453,17.211098676904104,802,True
2990,ALMA_J153702653-33192492_B6,A002_X1009c59_X1ba4d_spw4,6,488281.25,fine,21,4096,2320,4,1.0,2,0.19313585607111453,17.514292594353805,2320,True
2991,ALMA_J153702653-33192492_B6,A002_X1009c59_X1ba4d_spw4,6,488281.25,fine,21,4096,855,4,1.0,3,0.19313585607111453,15.624402042161709,855,True
2992,ALMA_J153702653-33192492_B6,A002_X1009c59_X1ba4d_spw4,6,488281.25,fine,21,4096,3334,4,1.0,4,0.19313585607111453,17.163915301382822,3334,True
2993,ALMA_J153702653-33192492_B6,A002_X1009c59_X1ba4d_spw4,6,488281.25,fine,21,4096,2851,4,1.0,5,0.19313585607111453,16.68376911481623,2851,True
2994,ALMA_J153702653-33192492_B6,A002_X1009c59_X1ba4d_spw4,6,488281.25,fine,21,4096,1635,4,0.75,0,0.19313585607111453,10.46646038600243,1635,True
2995,ALMA_J153702653-33192492_B6,A002_X1009c59_X1ba4d_spw4,6,488281.25,fine,21,4096,2742,4,0.75,1,0.19313585607111453,12.785517289921462,2742,True
2996,ALMA_J153702653-33192492_B6,A002_X1009c59_X1ba4d_spw4,6,488281.25,fine,21,4096,1621,4,0.75,2,0.19313585607111453,13.353933360018656,1621,True
2997,ALMA_J153702653-33192492_B6,A002_X1009c59_X1ba4d_spw4,6,488281.25,fine,21,4096,2288,4,0.75,3,0.19313585607111453,12.200578447857831,2288,True
2998,ALMA_J153702653-33192492_B6,A002_X1009c59_X1ba4d_spw4,6,488281.25,fine,21,4096,1223,4,0.75,4,0.19313585607111453,13.455040641125487,1223,True
2999,ALMA_J153702653-33192492_B6,A002_X1009c59_X1ba4d_spw4,6,488281.25,fine,21,4096,3358,4,0.75,5,0.19313585607111453,12.868557670750041,3358,True
3000,ALMA_J153702653-33192492_B6,A002_X1009c59_X1ba4d_spw4,6,488281.25,fine,21,4096,2119,4,0.5,0,0.19313585607111453,8.111028644115839,2119,True
3001,ALMA_J153702653-33192492_B6,A002_X1009c59_X1ba4d_spw4,6,488281.25,fine,21,4096,2416,4,0.5,1,0.19313585607111453,7.476464333287703,2416,True
3002,ALMA_J153702653-33192492_B6,A002_X1009c59_X1ba4d_spw4,6,488281.25,fine,21,4096,832,4,0.5,2,0.19313585607111453,8.589022454953334,832,True
3003,ALMA_J153702653-33192492_B6,A002_X1009c59_X1ba4d_spw4,6,488281.25,fine,21,4096,111,4,0.5,3,0.19313585607111453,0.0,1287,False
3004,ALMA_J153702653-33192492_B6,A002_X1009c59_X1ba4d_spw4,6,488281.25,fine,21,4096,2839,4,0.5,4,0.19313585607111453,10.752406769425704,2839,True
3005,ALMA_J153702653-33192492_B6,A002_X1009c59_X1ba4d_spw4,6,488281.25,fine,21,4096,1090,4,0.5,5,0.19313585607111453,9.522901942621354,1090,True
3006,ALMA_J153702653-33192492_B6,A002_X1009c59_X1ba4d_spw4,6,488281.25,fine,21,4096,2263,4,0.4,0,0.19313585607111453,7.963257392450592,2263,True
3007,ALMA_J153702653-33192492_B6,A002_X1009c59_X1ba4d_spw4,6,488281.25,fine,21,4096,2440,4,0.4,1,0.19313585607111453,6.566231639961383,2440,True
3008,ALMA_J153702653-33192492_B6,A002_X1009c59_X1ba4d_spw4,6,488281.25,fine,21,4096,1476,4,0.4,2,0.19313585607111453,8.638953200381605,1476,True
3009,ALMA_J153702653-33192492_B6,A002_X1009c59_X1ba4d_spw4,6,488281.25,fine,21,4096,516,4,0.4,3,0.19313585607111453,6.832474971710078,516,True
3010,ALMA_J153702653-33192492_B6,A002_X1009c59_X1ba4d_spw4,6,488281.25,fine,21,4096,807,4,0.4,4,0.19313585607111453,4.269941086416388,807,False
3011,ALMA_J153702653-33192492_B6,A002_X1009c59_X1ba4d_spw4,6,488281.25,fine,21,4096,1042,4,0.4,5,0.19313585607111453,5.4188512999040785,1042,True
3012,ALMA_J153702653-33192492_B6,A002_X1009c59_X1ba4d_spw4,6,488281.25,fine,21,4096,528,4,0.25,0,0.19313585607111453,2.4513185095792847,1287,False
3013,ALMA_J153702653-33192492_B6,A002_X1009c59_X1ba4d_spw4,6,488281.25,fine,21,4096,2451,4,0.25,1,0.19313585607111453,4.912806317414873,2451,False
3014,ALMA_J153702653-33192492_B6,A002_X1009c59_X1ba4d_spw4,6,488281.25,fine,21,4096,930,4,0.25,2,0.19313585607111453,4.1120977939778305,930,False
3015,ALMA_J153702653-33192492_B6,A002_X1009c59_X1ba4d_spw4,6,488281.25,fine,21,4096,1178,4,0.25,3,0.19313585607111453,3.1674717913227277,1287,False
3016,ALMA_J153702653-33192492_B6,A002_X1009c59_X1ba4d_spw4,6,488281.25,fine,21,4096,3086,4,0.25,4,0.19313585607111453,4.848905278124672,3086,False
3017,ALMA_J153702653-33192492_B6,A002_X1009c59_X1ba4d_spw4,6,488281.25,fine,21,4096,129,4,0.25,5,0.19313585607111453,2.6800460888667295,1287,False
3018,ALMA_J153702653-33192492_B6,A002_X1009c59_X1ba4d_spw4,6,488281.25,fine,21,4096,1333,4,0.1,0,0.19313585607111453,1.07847908946962,1287,False
3019,ALMA_J153702653-33192492_B6,A002_X1009c59_X1ba4d_spw4,6,488281.25,fine,21,4096,3998,4,0.1,1,0.19313585607111453,0.0,1287,False
3020,ALMA_J153702653-33192492_B6,A002_X1009c59_X1ba4d_spw4,6,488281.25,fine,21,4096,3919,4,0.1,2,0.19313585607111453,0.5124242601821886,1287,False
3021,ALMA_J153702653-33192492_B6,A002_X1009c59_X1ba4d_spw4,6,488281.25,fine,21,4096,165,4,0.1,3,0.19313585607111453,2.840676529192352,1287,False
3022,ALMA_J153702653-33192492_B6,A002_X1009c59_X1ba4d_spw4,6,488281.25,fine,21,4096,602,4,0.1,4,0.19313585607111453,1.21647813557437,1287,False
3023,ALMA_J153702653-33192492_B6,A002_X1009c59_X1ba4d_spw4,6,488281.25,fine,21,4096,455,4,0.1,5,0.19313585607111453,2.123276521803352,1287,False
3024,ALMA_J153702653-33192492_B6,A002_X1009c59_X1ba4d_spw4,6,488281.25,fine,21,4096,679,5,1.0,0,0.19313585607111453,20.356589176781327,679,True
3025,ALMA_J153702653-33192492_B6,A002_X1009c59_X1ba4d_spw4,6,488281.25,fine,21,4096,962,5,1.0,1,0.19313585607111453,21.06050596807971,962,True
3026,ALMA_J153702653-33192492_B6,A002_X1009c59_X1ba4d_spw4,6,488281.25,fine,21,4096,3024,5,1.0,2,0.19313585607111453,21.235616381667644,3024,True
3027,ALMA_J153702653-33192492_B6,A002_X1009c59_X1ba4d_spw4,6,488281.25,fine,21,4096,593,5,1.0,3,0.19313585607111453,20.456694434991903,593,True
3028,ALMA_J153702653-33192492_B6,A002_X1009c59_X1ba4d_spw4,6,488281.25,fine,21,4096,3517,5,1.0,4,0.19313585607111453,20.813414260660924,3517,True
3029,ALMA_J153702653-33192492_B6,A002_X1009c59_X1ba4d_spw4,6,488281.25,fine,21,4096,3594,5,1.0,5,0.19313585607111453,21.579796263722386,3594,True
3030,ALMA_J153702653-33192492_B6,A002_X1009c59_X1ba4d_spw4,6,488281.25,fine,21,4096,1653,5,0.75,0,0.19313585607111453,17.05288814583145,1653,True
3031,ALMA_J153702653-33192492_B6,A002_X1009c59_X1ba4d_spw4,6,488281.25,fine,21,4096,3132,5,0.75,1,0.19313585607111453,17.12331062610759,3132,True
3032,ALMA_J153702653-33192492_B6,A002_X1009c59_X1ba4d_spw4,6,488281.25,fine,21,4096,132,5,0.75,2,0.19313585607111453,15.87274312236367,132,True
3033,ALMA_J153702653-33192492_B6,A002_X1009c59_X1ba4d_spw4,6,488281.25,fine,21,4096,2435,5,0.75,3,0.19313585607111453,16.701264636406037,2435,True
3034,ALMA_J153702653-33192492_B6,A002_X1009c59_X1ba4d_spw4,6,488281.25,fine,21,4096,2692,5,0.75,4,0.19313585607111453,15.463936952336926,2692,True
3035,ALMA_J153702653-33192492_B6,A002_X1009c59_X1ba4d_spw4,6,488281.25,fine,21,4096,938,5,0.75,5,0.19313585607111453,15.543053665179327,938,True
3036,ALMA_J153702653-33192492_B6,A002_X1009c59_X1ba4d_spw4,6,488281.25,fine,21,4096,2639,5,0.5,0,0.19313585607111453,10.005214523108084,2639,True
3037,ALMA_J153702653-33192492_B6,A002_X1009c59_X1ba4d_spw4,6,488281.25,fine,21,4096,2466,5,0.5,1,0.19313585607111453,9.282241901089545,2466,True
3038,ALMA_J153702653-33192492_B6,A002_X1009c59_X1ba4d_spw4,6,488281.25,fine,21,4096,3642,5,0.5,2,0.19313585607111453,9.533088118820995,3642,True
3039,ALMA_J153702653-33192492_B6,A002_X1009c59_X1ba4d_spw4,6,488281.25,fine,21,4096,2252,5,0.5,3,0.19313585607111453,11.182864371421694,2252,True
3040,ALMA_J153702653-33192492_B6,A002_X1009c59_X1ba4d_spw4,6,488281.25,fine,21,4096,477,5,0.5,4,0.19313585607111453,8.184298719691824,477,True
3041,ALMA_J153702653-33192492_B6,A002_X1009c59_X1ba4d_spw4,6,488281.25,fine,21,4096,184,5,0.5,5,0.19313585607111453,9.759003135943539,184,True
3042,ALMA_J153702653-33192492_B6,A002_X1009c59_X1ba4d_spw4,6,488281.25,fine,21,4096,3335,5,0.4,0,0.19313585607111453,8.578532706699214,3335,True
3043,ALMA_J153702653-33192492_B6,A002_X1009c59_X1ba4d_spw4,6,488281.25,fine,21,4096,416,5,0.4,1,0.19313585607111453,7.954351472563272,416,True
3044,ALMA_J153702653-33192492_B6,A002_X1009c59_X1ba4d_spw4,6,488281.25,fine,21,4096,1821,5,0.4,2,0.19313585607111453,7.378284077510214,1821,True
3045,ALMA_J153702653-33192492_B6,A002_X1009c59_X1ba4d_spw4,6,488281.25,fine,21,4096,820,5,0.4,3,0.19313585607111453,8.616708753814217,820,True
3046,ALMA_J153702653-33192492_B6,A002_X1009c59_X1ba4d_spw4,6,488281.25,fine,21,4096,646,5,0.4,4,0.19313585607111453,7.654544069213889,646,True
3047,ALMA_J153702653-33192492_B6,A002_X1009c59_X1ba4d_spw4,6,488281.25,fine,21,4096,3728,5,0.4,5,0.19313585607111453,8.84840487098071,3728,True
3048,ALMA_J153702653-33192492_B6,A002_X1009c59_X1ba4d_spw4,6,488281.25,fine,21,4096,171,5,0.25,0,0.19313585607111453,4.393870443835652,171,False
3049,ALMA_J153702653-33192492_B6,A002_X1009c59_X1ba4d_spw4,6,488281.25,fine,21,4096,1477,5,0.25,1,0.19313585607111453,7.249191415056244,1477,True
3050,ALMA_J153702653-33192492_B6,A002_X1009c59_X1ba4d_spw4,6,488281.25,fine,21,4096,1566,5,0.25,2,0.19313585607111453,5.436571594968729,1566,True
3051,ALMA_J153702653-33192492_B6,A002_X1009c59_X1ba4d_spw4,6,488281.25,fine,21,4096,254,5,0.25,3,0.19313585607111453,5.162624021312811,254,True
3052,ALMA_J153702653-33192492_B6,A002_X1009c59_X1ba4d_spw4,6,488281.25,fine,21,4096,2587,5,0.25,4,0.19313585607111453,4.494487629318474,2587,False
3053,ALMA_J153702653-33192492_B6,A002_X1009c59_X1ba4d_spw4,6,488281.25,fine,21,4096,2950,5,0.25,5,0.19313585607111453,5.29973431921369,2950,True
3054,ALMA_J153702653-33192492_B6,A002_X1009c59_X1ba4d_spw4,6,488281.25,fine,21,4096,3460,5,0.1,0,0.19313585607111453,2.909665061417499,1287,False
3055,ALMA_J153702653-33192492_B6,A002_X1009c59_X1ba4d_spw4,6,488281.25,fine,21,4096,1813,5,0.1,1,0.19313585607111453,1.128368057721998,1287,False
3056,ALMA_J153702653-33192492_B6,A002_X1009c59_X1ba4d_spw4,6,488281.25,fine,21,4096,3590,5,0.1,2,0.19313585607111453,1.646756039087154,1287,False
3057,ALMA_J153702653-33192492_B6,A002_X1009c59_X1ba4d_spw4,6,488281.25,fine,21,4096,2085,5,0.1,3,0.19313585607111453,0.8696836779455688,1287,False
3058,ALMA_J153702653-33192492_B6,A002_X1009c59_X1ba4d_spw4,6,488281.25,fine,21,4096,3523,5,0.1,4,0.19313585607111453,4.641050124969045,3523,False
3059,ALMA_J153702653-33192492_B6,A002_X1009c59_X1ba4d_spw4,6,488281.25,fine,21,4096,3854,5,0.1,5,0.19313585607111453,2.3882559574892626,1287,False
3060,ALMA_J153702653-33192492_B6,A002_X1009c59_X1ba4d_spw4,6,488281.25,fine,21,4096,555,6,1.0,0,0.19313585607111453,24.6499339429894,555,True
3061,ALMA_J153702653-33192492_B6,A002_X1009c59_X1ba4d_spw4,6,488281.25,fine,21,4096,3920,6,1.0,1,0.19313585607111453,25.673857602222363,3920,True
3062,ALMA_J153702653-33192492_B6,A002_X1009c59_X1ba4d_spw4,6,488281.25,fine,21,4096,3278,6,1.0,2,0.19313585607111453,25.458296221231485,3278,True
3063,ALMA_J153702653-33192492_B6,A002_X1009c59_X1ba4d_spw4,6,488281.25,fine,21,4096,2207,6,1.0,3,0.19313585607111453,25.686779120957866,2207,True
3064,ALMA_J153702653-33192492_B6,A002_X1009c59_X1ba4d_spw4,6,488281.25,fine,21,4096,4020,6,1.0,4,0.19313585607111453,0.0,1287,False
3065,ALMA_J153702653-33192492_B6,A002_X1009c59_X1ba4d_spw4,6,488281.25,fine,21,4096,3180,6,1.0,5,0.19313585607111453,24.025669913434257,3180,True
3066,ALMA_J153702653-33192492_B6,A002_X1009c59_X1ba4d_spw4,6,488281.25,fine,21,4096,2336,6,0.75,0,0.19313585607111453,21.30986215995997,2336,True
3067,ALMA_J153702653-33192492_B6,A002_X1009c59_X1ba4d_spw4,6,488281.25,fine,21,4096,1981,6,0.75,1,0.19313585607111453,19.811983044164332,1981,True
3068,ALMA_J153702653-33192492_B6,A002_X1009c59_X1ba4d_spw4,6,488281.25,fine,21,4096,902,6,0.75,2,0.19313585607111453,18.96278881695864,902,True
3069,ALMA_J153702653-33192492_B6,A002_X1009c59_X1ba4d_spw4,6,488281.25,fine,21,4096,2664,6,0.75,3,0.19313585607111453,19.8420249238134,2664,True
3070,ALMA_J153702653-33192492_B6,A002_X1009c59_X1ba4d_spw4,6,488281.25,fine,21,4096,2661,6,0.75,4,0.19313585607111453,21.46072047181045,2661,True
3071,ALMA_J153702653-33192492_B6,A002_X1009c59_X1ba4d_spw4,6,488281.25,fine,21,4096,2769,6,0.75,5,0.19313585607111453,18.294271435782523,2769,True
3072,ALMA_J153702653-33192492_B6,A002_X1009c59_X1ba4d_spw4,6,488281.25,fine,21,4096,283,6,0.5,0,0.19313585607111453,8.397574233601755,283,True
3073,ALMA_J153702653-33192492_B6,A002_X1009c59_X1ba4d_spw4,6,488281.25,fine,21,4096,2511,6,0.5,1,0.19313585607111453,11.268882172579994,2511,True
3074,ALMA_J153702653-33192492_B6,A002_X1009c59_X1ba4d_spw4,6,488281.25,fine,21,4096,2524,6,0.5,2,0.19313585607111453,12.351448259223439,2524,True
3075,ALMA_J153702653-33192492_B6,A002_X1009c59_X1ba4d_spw4,6,488281.25,fine,21,4096,865,6,0.5,3,0.19313585607111453,12.375322825697411,865,True
3076,ALMA_J153702653-33192492_B6,A002_X1009c59_X1ba4d_spw4,6,488281.25,fine,21,4096,492,6,0.5,4,0.19313585607111453,11.091479782174734,492,True
3077,ALMA_J153702653-33192492_B6,A002_X1009c59_X1ba4d_spw4,6,488281.25,fine,21,4096,3842,6,0.5,5,0.19313585607111453,12.921023110747768,3842,True
3078,ALMA_J153702653-33192492_B6,A002_X1009c59_X1ba4d_spw4,6,488281.25,fine,21,4096,2861,6,0.4,0,0.19313585607111453,8.983775864131745,2861,True
3079,ALMA_J153702653-33192492_B6,A002_X1009c59_X1ba4d_spw4,6,488281.25,fine,21,4096,1276,6,0.4,1,0.19313585607111453,10.615741349205878,1276,True
3080,ALMA_J153702653-33192492_B6,A002_X1009c59_X1ba4d_spw4,6,488281.25,fine,21,4096,1972,6,0.4,2,0.19313585607111453,10.694449590498794,1972,True
3081,ALMA_J153702653-33192492_B6,A002_X1009c59_X1ba4d_spw4,6,488281.25,fine,21,4096,3087,6,0.4,3,0.19313585607111453,9.207314013652592,3087,True
3082,ALMA_J153702653-33192492_B6,A002_X1009c59_X1ba4d_spw4,6,488281.25,fine,21,4096,1707,6,0.4,4,0.19313585607111453,9.42235113328245,1707,True
3083,ALMA_J153702653-33192492_B6,A002_X1009c59_X1ba4d_spw4,6,488281.25,fine,21,4096,1912,6,0.4,5,0.19313585607111453,8.662566264993286,1912,True
3084,ALMA_J153702653-33192492_B6,A002_X1009c59_X1ba4d_spw4,6,488281.25,fine,21,4096,217,6,0.25,0,0.19313585607111453,5.71253040881329,217,True
3085,ALMA_J153702653-33192492_B6,A002_X1009c59_X1ba4d_spw4,6,488281.25,fine,21,4096,1581,6,0.25,1,0.19313585607111453,6.351908583524198,1581,True
3086,ALMA_J153702653-33192492_B6,A002_X1009c59_X1ba4d_spw4,6,488281.25,fine,21,4096,140,6,0.25,2,0.19313585607111453,6.300573391407614,140,True
3087,ALMA_J153702653-33192492_B6,A002_X1009c59_X1ba4d_spw4,6,488281.25,fine,21,4096,941,6,0.25,3,0.19313585607111453,5.2788203257835535,941,True
3088,ALMA_J153702653-33192492_B6,A002_X1009c59_X1ba4d_spw4,6,488281.25,fine,21,4096,2843,6,0.25,4,0.19313585607111453,4.489588885178441,2843,False
3089,ALMA_J153702653-33192492_B6,A002_X1009c59_X1ba4d_spw4,6,488281.25,fine,21,4096,1238,6,0.25,5,0.19313585607111453,5.202364765584553,1238,True
3090,ALMA_J153702653-33192492_B6,A002_X1009c59_X1ba4d_spw4,6,488281.25,fine,21,4096,2023,6,0.1,0,0.19313585607111453,2.8071086314722846,1287,False
3091,ALMA_J153702653-33192492_B6,A002_X1009c59_X1ba4d_spw4,6,488281.25,fine,21,4096,683,6,0.1,1,0.19313585607111453,3.421325795075294,683,False
3092,ALMA_J153702653-33192492_B6,A002_X1009c59_X1ba4d_spw4,6,488281.25,fine,21,4096,3192,6,0.1,2,0.19313585607111453,2.6206071332376952,1287,False
3093,ALMA_J153702653-33192492_B6,A002_X1009c59_X1ba4d_spw4,6,488281.25,fine,21,4096,2508,6,0.1,3,0.19313585607111453,1.914263726291299,1287,False
3094,ALMA_J153702653-33192492_B6,A002_X1009c59_X1ba4d_spw4,6,488281.25,fine,21,4096,100,6,0.1,4,0.19313585607111453,0.0,1287,False
3095,ALMA_J153702653-33192492_B6,A002_X1009c59_X1ba4d_spw4,6,488281.25,fine,21,4096,1648,6,0.1,5,0.19313585607111453,1.4353856585621791,1287,False
3096,ALMA_J153702653-33192492_B6,A002_X1009c59_X1ba4d_spw4,6,488281.25,fine,21,4096,286,8,1.0,0,0.19313585607111453,33.535879672970104,286,True
3097,ALMA_J153702653-33192492_B6,A002_X1009c59_X1ba4d_spw4,6,488281.25,fine,21,4096,961,8,1.0,1,0.19313585607111453,32.01700930263348,961,True
3098,ALMA_J153702653-33192492_B6,A002_X1009c59_X1ba4d_spw4,6,488281.25,fine,21,4096,2332,8,1.0,2,0.19313585607111453,33.85115712352759,2332,True
3099,ALMA_J153702653-33192492_B6,A002_X1009c59_X1ba4d_spw4,6,488281.25,fine,21,4096,3739,8,1.0,3,0.19313585607111453,30.725923828345017,3739,True
3100,ALMA_J153702653-33192492_B6,A002_X1009c59_X1ba4d_spw4,6,488281.25,fine,21,4096,385,8,1.0,4,0.19313585607111453,33.153602809545546,385,True
3101,ALMA_J153702653-33192492_B6,A002_X1009c59_X1ba4d_spw4,6,488281.25,fine,21,4096,3257,8,1.0,5,0.19313585607111453,34.31245614193758,3257,True
3102,ALMA_J153702653-33192492_B6,A002_X1009c59_X1ba4d_spw4,6,488281.25,fine,21,4096,2132,8,0.75,0,0.19313585607111453,26.689667484328663,2132,True
3103,ALMA_J153702653-33192492_B6,A002_X1009c59_X1ba4d_spw4,6,488281.25,fine,21,4096,230,8,0.75,1,0.19313585607111453,27.605256068947824,230,True
3104,ALMA_J153702653-33192492_B6,A002_X1009c59_X1ba4d_spw4,6,488281.25,fine,21,4096,2845,8,0.75,2,0.19313585607111453,24.171548930782823,2845,True
3105,ALMA_J153702653-33192492_B6,A002_X1009c59_X1ba4d_spw4,6,488281.25,fine,21,4096,1116,8,0.75,3,0.19313585607111453,25.11205768239661,1116,True
3106,ALMA_J153702653-33192492_B6,A002_X1009c59_X1ba4d_spw4,6,488281.25,fine,21,4096,1273,8,0.75,4,0.19313585607111453,26.630963559354793,1273,True
3107,ALMA_J153702653-33192492_B6,A002_X1009c59_X1ba4d_spw4,6,488281.25,fine,21,4096,2992,8,0.75,5,0.19313585607111453,23.55382785392061,2992,True
3108,ALMA_J153702653-33192492_B6,A002_X1009c59_X1ba4d_spw4,6,488281.25,fine,21,4096,2787,8,0.5,0,0.19313585607111453,14.945955033819445,2787,True
3109,ALMA_J153702653-33192492_B6,A002_X1009c59_X1ba4d_spw4,6,488281.25,fine,21,4096,859,8,0.5,1,0.19313585607111453,16.723344154780367,859,True
3110,ALMA_J153702653-33192492_B6,A002_X1009c59_X1ba4d_spw4,6,488281.25,fine,21,4096,954,8,0.5,2,0.19313585607111453,16.19475666006504,954,True
3111,ALMA_J153702653-33192492_B6,A002_X1009c59_X1ba4d_spw4,6,488281.25,fine,21,4096,3476,8,0.5,3,0.19313585607111453,15.61591120799789,3476,True
3112,ALMA_J153702653-33192492_B6,A002_X1009c59_X1ba4d_spw4,6,488281.25,fine,21,4096,2994,8,0.5,4,0.19313585607111453,14.811058808035261,2994,True
3113,ALMA_J153702653-33192492_B6,A002_X1009c59_X1ba4d_spw4,6,488281.25,fine,21,4096,1372,8,0.5,5,0.19313585607111453,16.994188431535758,1372,True
3114,ALMA_J153702653-33192492_B6,A002_X1009c59_X1ba4d_spw4,6,488281.25,fine,21,4096,3716,8,0.4,0,0.19313585607111453,13.125141215953017,3716,True
3115,ALMA_J153702653-33192492_B6,A002_X1009c59_X1ba4d_spw4,6,488281.25,fine,21,4096,252,8,0.4,1,0.19313585607111453,13.758658319241139,252,True
3116,ALMA_J153702653-33192492_B6,A002_X1009c59_X1ba4d_spw4,6,488281.25,fine,21,4096,516,8,0.4,2,0.19313585607111453,13.676609074077094,516,True
3117,ALMA_J153702653-33192492_B6,A002_X1009c59_X1ba4d_spw4,6,488281.25,fine,21,4096,3695,8,0.4,3,0.19313585607111453,13.051249256240792,3695,True
3118,ALMA_J153702653-33192492_B6,A002_X1009c59_X1ba4d_spw4,6,488281.25,fine,21,4096,1155,8,0.4,4,0.19313585607111453,13.470433164073338,1155,True
3119,ALMA_J153702653-33192492_B6,A002_X1009c59_X1ba4d_spw4,6,488281.25,fine,21,4096,2449,8,0.4,5,0.19313585607111453,13.514509867786897,2449,True
3120,ALMA_J153702653-33192492_B6,A002_X1009c59_X1ba4d_spw4,6,488281.25,fine,21,4096,2466,8,0.25,0,0.19313585607111453,7.057899724985403,2466,True
3121,ALMA_J153702653-33192492_B6,A002_X1009c59_X1ba4d_spw4,6,488281.25,fine,21,4096,1424,8,0.25,1,0.19313585607111453,6.317536436037214,1424,True
3122,ALMA_J153702653-33192492_B6,A002_X1009c59_X1ba4d_spw4,6,488281.25,fine,21,4096,3120,8,0.25,2,0.19313585607111453,7.7529709090920775,3120,True
3123,ALMA_J153702653-33192492_B6,A002_X1009c59_X1ba4d_spw4,6,488281.25,fine,21,4096,453,8,0.25,3,0.19313585607111453,8.50760344047459,453,True
3124,ALMA_J153702653-33192492_B6,A002_X1009c59_X1ba4d_spw4,6,488281.25,fine,21,4096,234,8,0.25,4,0.19313585607111453,7.905799904450347,234,True
3125,ALMA_J153702653-33192492_B6,A002_X1009c59_X1ba4d_spw4,6,488281.25,fine,21,4096,3792,8,0.25,5,0.19313585607111453,9.799559165718858,3792,True
3126,ALMA_J153702653-33192492_B6,A002_X1009c59_X1ba4d_spw4,6,488281.25,fine,21,4096,4020,8,0.1,0,0.19313585607111453,0.0,1287,False
3127,ALMA_J153702653-33192492_B6,A002_X1009c59_X1ba4d_spw4,6,488281.25,fine,21,4096,3718,8,0.1,1,0.19313585607111453,4.546537704405855,3718,False
3128,ALMA_J153702653-33192492_B6,A002_X1009c59_X1ba4d_spw4,6,488281.25,fine,21,4096,3123,8,0.1,2,0.19313585607111453,3.660463103058534,3123,False
3129,ALMA_J153702653-33192492_B6,A002_X1009c59_X1ba4d_spw4,6,488281.25,fine,21,4096,294,8,0.1,3,0.19313585607111453,3.09590812282827,1287,False
3130,ALMA_J153702653-33192492_B6,A002_X1009c59_X1ba4d_spw4,6,488281.25,fine,21,4096,3508,8,0.1,4,0.19313585607111453,3.893438632047663,3508,False
3131,ALMA_J153702653-33192492_B6,A002_X1009c59_X1ba4d_spw4,6,488281.25,fine,21,4096,3232,8,0.1,5,0.19313585607111453,2.2417681274131303,1287,False
3132,ALMA_J153702653-33192492_B6,A002_X1009c59_X1ba4d_spw4,6,488281.25,fine,21,4096,3920,10,1.0,0,0.19313585607111453,42.456432665315745,3920,True
3133,ALMA_J153702653-33192492_B6,A002_X1009c59_X1ba4d_spw4,6,488281.25,fine,21,4096,1853,10,1.0,1,0.19313585607111453,40.07635447273937,1853,True
3134,ALMA_J153702653-33192492_B6,A002_X1009c59_X1ba4d_spw4,6,488281.25,fine,21,4096,2498,10,1.0,2,0.19313585607111453,42.693786247347454,2498,True
3135,ALMA_J153702653-33192492_B6,A002_X1009c59_X1ba4d_spw4,6,488281.25,fine,21,4096,2946,10,1.0,3,0.19313585607111453,42.18361182537892,2946,True
3136,ALMA_J153702653-33192492_B6,A002_X1009c59_X1ba4d_spw4,6,488281.25,fine,21,4096,2122,10,1.0,4,0.19313585607111453,41.441242127085694,2122,True
3137,ALMA_J153702653-33192492_B6,A002_X1009c59_X1ba4d_spw4,6,488281.25,fine,21,4096,202,10,1.0,5,0.19313585607111453,42.32242927504213,202,True
3138,ALMA_J153702653-33192492_B6,A002_X1009c59_X1ba4d_spw4,6,488281.25,fine,21,4096,1105,10,0.75,0,0.19313585607111453,33.18628331809759,1105,True
3139,ALMA_J153702653-33192492_B6,A002_X1009c59_X1ba4d_spw4,6,488281.25,fine,21,4096,497,10,0.75,1,0.19313585607111453,32.07693418430794,497,True
3140,ALMA_J153702653-33192492_B6,A002_X1009c59_X1ba4d_spw4,6,488281.25,fine,21,4096,3415,10,0.75,2,0.19313585607111453,32.02644569909006,3415,True
3141,ALMA_J153702653-33192492_B6,A002_X1009c59_X1ba4d_spw4,6,488281.25,fine,21,4096,1599,10,0.75,3,0.19313585607111453,31.167684823611033,1599,True
3142,ALMA_J153702653-33192492_B6,A002_X1009c59_X1ba4d_spw4,6,488281.25,fine,21,4096,1179,10,0.75,4,0.19313585607111453,30.731161553086686,1179,True
3143,ALMA_J153702653-33192492_B6,A002_X1009c59_X1ba4d_spw4,6,488281.25,fine,21,4096,1729,10,0.75,5,0.19313585607111453,31.28448149323852,1729,True
3144,ALMA_J153702653-33192492_B6,A002_X1009c59_X1ba4d_spw4,6,488281.25,fine,21,4096,2829,10,0.5,0,0.19313585607111453,19.951523991511433,2829,True
3145,ALMA_J153702653-33192492_B6,A002_X1009c59_X1ba4d_spw4,6,488281.25,fine,21,4096,3292,10,0.5,1,0.19313585607111453,19.752481234792775,3292,True
3146,ALMA_J153702653-33192492_B6,A002_X1009c59_X1ba4d_spw4,6,488281.25,fine,21,4096,2293,10,0.5,2,0.19313585607111453,21.2247762309357,2293,True
3147,ALMA_J153702653-33192492_B6,A002_X1009c59_X1ba4d_spw4,6,488281.25,fine,21,4096,1110,10,0.5,3,0.19313585607111453,20.532242922439902,1110,True
3148,ALMA_J153702653-33192492_B6,A002_X1009c59_X1ba4d_spw4,6,488281.25,fine,21,4096,358,10,0.5,4,0.19313585607111453,20.652888515792714,358,True
3149,ALMA_J153702653-33192492_B6,A002_X1009c59_X1ba4d_spw4,6,488281.25,fine,21,4096,1141,10,0.5,5,0.19313585607111453,19.598689232778387,1141,True
3150,ALMA_J153702653-33192492_B6,A002_X1009c59_X1ba4d_spw4,6,488281.25,fine,21,4096,644,10,0.4,0,0.19313585607111453,15.908801039767377,644,True
3151,ALMA_J153702653-33192492_B6,A002_X1009c59_X1ba4d_spw4,6,488281.25,fine,21,4096,107,10,0.4,1,0.19313585607111453,0.0,1287,False
3152,ALMA_J153702653-33192492_B6,A002_X1009c59_X1ba4d_spw4,6,488281.25,fine,21,4096,3462,10,0.4,2,0.19313585607111453,18.3618223940027,3462,True
3153,ALMA_J153702653-33192492_B6,A002_X1009c59_X1ba4d_spw4,6,488281.25,fine,21,4096,3388,10,0.4,3,0.19313585607111453,15.5784083548524,3388,True
3154,ALMA_J153702653-33192492_B6,A002_X1009c59_X1ba4d_spw4,6,488281.25,fine,21,4096,2086,10,0.4,4,0.19313585607111453,14.29357352573648,2086,True
3155,ALMA_J153702653-33192492_B6,A002_X1009c59_X1ba4d_spw4,6,488281.25,fine,21,4096,1526,10,0.4,5,0.19313585607111453,16.98922682126856,1526,True
3156,ALMA_J153702653-33192492_B6,A002_X1009c59_X1ba4d_spw4,6,488281.25,fine,21,4096,838,10,0.25,0,0.19313585607111453,9.922672945445536,838,True
3157,ALMA_J153702653-33192492_B6,A002_X1009c59_X1ba4d_spw4,6,488281.25,fine,21,4096,1564,10,0.25,1,0.19313585607111453,11.295652774123422,1564,True
3158,ALMA_J153702653-33192492_B6,A002_X1009c59_X1ba4d_spw4,6,488281.25,fine,21,4096,2369,10,0.25,2,0.19313585607111453,9.309243415359264,2369,True
3159,ALMA_J153702653-33192492_B6,A002_X1009c59_X1ba4d_spw4,6,488281.25,fine,21,4096,3987,10,0.25,3,0.19313585607111453,0.0,1287,False
3160,ALMA_J153702653-33192492_B6,A002_X1009c59_X1ba4d_spw4,6,488281.25,fine,21,4096,2460,10,0.25,4,0.19313585607111453,9.180140013853773,2460,True
3161,ALMA_J153702653-33192492_B6,A002_X1009c59_X1ba4d_spw4,6,488281.25,fine,21,4096,1564,10,0.25,5,0.19313585607111453,11.1900348131955,1564,True
3162,ALMA_J153702653-33192492_B6,A002_X1009c59_X1ba4d_spw4,6,488281.25,fine,21,4096,3159,10,0.1,0,0.19313585607111453,3.7652809178610083,3159,False
3163,ALMA_J153702653-33192492_B6,A002_X1009c59_X1ba4d_spw4,6,488281.25,fine,21,4096,1130,10,0.1,1,0.19313585607111453,5.323598891815818,1130,True
3164,ALMA_J153702653-33192492_B6,A002_X1009c59_X1ba4d_spw4,6,488281.25,fine,21,4096,1693,10,0.1,2,0.19313585607111453,3.7854502137637738,1693,False
3165,ALMA_J153702653-33192492_B6,A002_X1009c59_X1ba4d_spw4,6,488281.25,fine,21,4096,2240,10,0.1,3,0.19313585607111453,4.294940844157313,2240,False
3166,ALMA_J153702653-33192492_B6,A002_X1009c59_X1ba4d_spw4,6,488281.25,fine,21,4096,923,10,0.1,4,0.19313585607111453,4.69891305902096,923,False
3167,ALMA_J153702653-33192492_B6,A002_X1009c59_X1ba4d_spw4,6,488281.25,fine,21,4096,1399,10,0.1,5,0.19313585607111453,2.070574523482452,1287,False
3168,ALMA_J153702653-33192492_B6,A002_X1009c59_X1ba4d_spw4,6,488281.25,fine,21,4096,3100,15,1.0,0,0.19313585607111453,64.0213410323127,3100,True
3169,ALMA_J153702653-33192492_B6,A002_X1009c59_X1ba4d_spw4,6,488281.25,fine,21,4096,3056,15,1.0,1,0.19313585607111453,64.54853058166769,3056,True
3170,ALMA_J153702653-33192492_B6,A002_X1009c59_X1ba4d_spw4,6,488281.25,fine,21,4096,306,15,1.0,2,0.19313585607111453,63.07573156833299,306,True
3171,ALMA_J153702653-33192492_B6,A002_X1009c59_X1ba4d_spw4,6,488281.25,fine,21,4096,2901,15,1.0,3,0.19313585607111453,60.43467384568489,2901,True
3172,ALMA_J153702653-33192492_B6,A002_X1009c59_X1ba4d_spw4,6,488281.25,fine,21,4096,3878,15,1.0,4,0.19313585607111453,62.104722459962865,3878,True
3173,ALMA_J153702653-33192492_B6,A002_X1009c59_X1ba4d_spw4,6,488281.25,fine,21,4096,2383,15,1.0,5,0.19313585607111453,62.046485143079494,2383,True
3174,ALMA_J153702653-33192492_B6,A002_X1009c59_X1ba4d_spw4,6,488281.25,fine,21,4096,3729,15,0.75,0,0.19313585607111453,49.28697971991886,3729,True
3175,ALMA_J153702653-33192492_B6,A002_X1009c59_X1ba4d_spw4,6,488281.25,fine,21,4096,332,15,0.75,1,0.19313585607111453,48.28337037278988,332,True
3176,ALMA_J153702653-33192492_B6,A002_X1009c59_X1ba4d_spw4,6,488281.25,fine,21,4096,1882,15,0.75,2,0.19313585607111453,47.07928104410336,1882,True
3177,ALMA_J153702653-33192492_B6,A002_X1009c59_X1ba4d_spw4,6,488281.25,fine,21,4096,3793,15,0.75,3,0.19313585607111453,49.4378903509736,3793,True
3178,ALMA_J153702653-33192492_B6,A002_X1009c59_X1ba4d_spw4,6,488281.25,fine,21,4096,1507,15,0.75,4,0.19313585607111453,48.3665519611431,1507,True
3179,ALMA_J153702653-33192492_B6,A002_X1009c59_X1ba4d_spw4,6,488281.25,fine,21,4096,1805,15,0.75,5,0.19313585607111453,48.46774992912067,1805,True
3180,ALMA_J153702653-33192492_B6,A002_X1009c59_X1ba4d_spw4,6,488281.25,fine,21,4096,4025,15,0.5,0,0.19313585607111453,0.0,1287,False
3181,ALMA_J153702653-33192492_B6,A002_X1009c59_X1ba4d_spw4,6,488281.25,fine,21,4096,1667,15,0.5,1,0.19313585607111453,27.8906910824779,1667,True
3182,ALMA_J153702653-33192492_B6,A002_X1009c59_X1ba4d_spw4,6,488281.25,fine,21,4096,3732,15,0.5,2,0.19313585607111453,29.613027356916174,3732,True
3183,ALMA_J153702653-33192492_B6,A002_X1009c59_X1ba4d_spw4,6,488281.25,fine,21,4096,1302,15,0.5,3,0.19313585607111453,29.396689488611646,1302,True
3184,ALMA_J153702653-33192492_B6,A002_X1009c59_X1ba4d_spw4,6,488281.25,fine,21,4096,188,15,0.5,4,0.19313585607111453,30.369088402721356,188,True
3185,ALMA_J153702653-33192492_B6,A002_X1009c59_X1ba4d_spw4,6,488281.25,fine,21,4096,3099,15,0.5,5,0.19313585607111453,29.27156472899701,3099,True
3186,ALMA_J153702653-33192492_B6,A002_X1009c59_X1ba4d_spw4,6,488281.25,fine,21,4096,3440,15,0.4,0,0.19313585607111453,25.12237792534889,3440,True
3187,ALMA_J153702653-33192492_B6,A002_X1009c59_X1ba4d_spw4,6,488281.25,fine,21,4096,717,15,0.4,1,0.19313585607111453,26.58364887335834,717,True
3188,ALMA_J153702653-33192492_B6,A002_X1009c59_X1ba4d_spw4,6,488281.25,fine,21,4096,3637,15,0.4,2,0.19313585607111453,22.28362470663128,3637,True
3189,ALMA_J153702653-33192492_B6,A002_X1009c59_X1ba4d_spw4,6,488281.25,fine,21,4096,3151,15,0.4,3,0.19313585607111453,24.698842860286046,3151,True
3190,ALMA_J153702653-33192492_B6,A002_X1009c59_X1ba4d_spw4,6,488281.25,fine,21,4096,3993,15,0.4,4,0.19313585607111453,0.0,1287,False
3191,ALMA_J153702653-33192492_B6,A002_X1009c59_X1ba4d_spw4,6,488281.25,fine,21,4096,3063,15,0.4,5,0.19313585607111453,24.253232715105057,3063,True
3192,ALMA_J153702653-33192492_B6,A002_X1009c59_X1ba4d_spw4,6,488281.25,fine,21,4096,1618,15,0.25,0,0.19313585607111453,16.729554541166237,1618,True
3193,ALMA_J153702653-33192492_B6,A002_X1009c59_X1ba4d_spw4,6,488281.25,fine,21,4096,2622,15,0.25,1,0.19313585607111453,15.0109031648989,2622,True
3194,ALMA_J153702653-33192492_B6,A002_X1009c59_X1ba4d_spw4,6,488281.25,fine,21,4096,2037,15,0.25,2,0.19313585607111453,16.63869120196608,2037,True
3195,ALMA_J153702653-33192492_B6,A002_X1009c59_X1ba4d_spw4,6,488281.25,fine,21,4096,1916,15,0.25,3,0.19313585607111453,14.247034238342671,1916,True
3196,ALMA_J153702653-33192492_B6,A002_X1009c59_X1ba4d_spw4,6,488281.25,fine,21,4096,2354,15,0.25,4,0.19313585607111453,13.513915665166815,2354,True
3197,ALMA_J153702653-33192492_B6,A002_X1009c59_X1ba4d_spw4,6,488281.25,fine,21,4096,1832,15,0.25,5,0.19313585607111453,15.517484285109274,1832,True
3198,ALMA_J153702653-33192492_B6,A002_X1009c59_X1ba4d_spw4,6,488281.25,fine,21,4096,1176,15,0.1,0,0.19313585607111453,5.367214617804347,1176,True
3199,ALMA_J153702653-33192492_B6,A002_X1009c59_X1ba4d_spw4,6,488281.25,fine,21,4096,3524,15,0.1,1,0.19313585607111453,7.035168077964031,3524,True
3200,ALMA_J153702653-33192492_B6,A002_X1009c59_X1ba4d_spw4,6,488281.25,fine,21,4096,1722,15,0.1,2,0.19313585607111453,7.488668551171991,1722,True
3201,ALMA_J153702653-33192492_B6,A002_X1009c59_X1ba4d_spw4,6,488281.25,fine,21,4096,1568,15,0.1,3,0.19313585607111453,4.15422422201225,1568,False
3202,ALMA_J153702653-33192492_B6,A002_X1009c59_X1ba4d_spw4,6,488281.25,fine,21,4096,2508,15,0.1,4,0.19313585607111453,5.467119693513945,2508,True
3203,ALMA_J153702653-33192492_B6,A002_X1009c59_X1ba4d_spw4,6,488281.25,fine,21,4096,2120,15,0.1,5,0.19313585607111453,6.400904867294109,2120,True
3204,ALMA_J153702653-33192492_B6,A002_X1009c59_X1ba4d_spw4,6,488281.25,fine,21,4096,411,20,1.0,0,0.19313585607111453,83.74086528284387,411,True
3205,ALMA_J153702653-33192492_B6,A002_X1009c59_X1ba4d_spw4,6,488281.25,fine,21,4096,749,20,1.0,1,0.19313585607111453,84.05922945466234,749,True
3206,ALMA_J153702653-33192492_B6,A002_X1009c59_X1ba4d_spw4,6,488281.25,fine,21,4096,1047,20,1.0,2,0.19313585607111453,83.98235953309242,1047,True
3207,ALMA_J153702653-33192492_B6,A002_X1009c59_X1ba4d_spw4,6,488281.25,fine,21,4096,184,20,1.0,3,0.19313585607111453,83.443753909177,184,True
3208,ALMA_J153702653-33192492_B6,A002_X1009c59_X1ba4d_spw4,6,488281.25,fine,21,4096,1323,20,1.0,4,0.19313585607111453,84.18717843341797,1323,True
3209,ALMA_J153702653-33192492_B6,A002_X1009c59_X1ba4d_spw4,6,488281.25,fine,21,4096,330,20,1.0,5,0.19313585607111453,86.13403033453021,330,True
3210,ALMA_J153702653-33192492_B6,A002_X1009c59_X1ba4d_spw4,6,488281.25,fine,21,4096,2790,20,0.75,0,0.19313585607111453,64.26453239842067,2790,True
3211,ALMA_J153702653-33192492_B6,A002_X1009c59_X1ba4d_spw4,6,488281.25,fine,21,4096,2839,20,0.75,1,0.19313585607111453,66.11154324378529,2839,True
3212,ALMA_J153702653-33192492_B6,A002_X1009c59_X1ba4d_spw4,6,488281.25,fine,21,4096,467,20,0.75,2,0.19313585607111453,63.974960156361554,467,True
3213,ALMA_J153702653-33192492_B6,A002_X1009c59_X1ba4d_spw4,6,488281.25,fine,21,4096,3919,20,0.75,3,0.19313585607111453,62.26051023922174,3919,True
3214,ALMA_J153702653-33192492_B6,A002_X1009c59_X1ba4d_spw4,6,488281.25,fine,21,4096,3652,20,0.75,4,0.19313585607111453,62.76656827469808,3652,True
3215,ALMA_J153702653-33192492_B6,A002_X1009c59_X1ba4d_spw4,6,488281.25,fine,21,4096,626,20,0.75,5,0.19313585607111453,65.38920559590176,626,True
3216,ALMA_J153702653-33192492_B6,A002_X1009c59_X1ba4d_spw4,6,488281.25,fine,21,4096,2253,20,0.5,0,0.19313585607111453,39.75182816376379,2253,True
3217,ALMA_J153702653-33192492_B6,A002_X1009c59_X1ba4d_spw4,6,488281.25,fine,21,4096,1129,20,0.5,1,0.19313585607111453,40.523815574848676,1129,True
3218,ALMA_J153702653-33192492_B6,A002_X1009c59_X1ba4d_spw4,6,488281.25,fine,21,4096,1310,20,0.5,2,0.19313585607111453,41.65085941997311,1310,True
3219,ALMA_J153702653-33192492_B6,A002_X1009c59_X1ba4d_spw4,6,488281.25,fine,21,4096,2291,20,0.5,3,0.19313585607111453,38.92197797261706,2291,True
3220,ALMA_J153702653-33192492_B6,A002_X1009c59_X1ba4d_spw4,6,488281.25,fine,21,4096,3688,20,0.5,4,0.19313585607111453,40.838952208497574,3688,True
3221,ALMA_J153702653-33192492_B6,A002_X1009c59_X1ba4d_spw4,6,488281.25,fine,21,4096,932,20,0.5,5,0.19313585607111453,40.597067437615586,932,True
3222,ALMA_J153702653-33192492_B6,A002_X1009c59_X1ba4d_spw4,6,488281.25,fine,21,4096,2072,20,0.4,0,0.19313585607111453,32.13888030986862,2072,True
3223,ALMA_J153702653-33192492_B6,A002_X1009c59_X1ba4d_spw4,6,488281.25,fine,21,4096,2424,20,0.4,1,0.19313585607111453,32.06175484828005,2424,True
3224,ALMA_J153702653-33192492_B6,A002_X1009c59_X1ba4d_spw4,6,488281.25,fine,21,4096,2508,20,0.4,2,0.19313585607111453,32.58768595875758,2508,True
3225,ALMA_J153702653-33192492_B6,A002_X1009c59_X1ba4d_spw4,6,488281.25,fine,21,4096,473,20,0.4,3,0.19313585607111453,31.770779470569927,473,True
3226,ALMA_J153702653-33192492_B6,A002_X1009c59_X1ba4d_spw4,6,488281.25,fine,21,4096,2439,20,0.4,4,0.19313585607111453,31.738262647985447,2439,True
3227,ALMA_J153702653-33192492_B6,A002_X1009c59_X1ba4d_spw4,6,488281.25,fine,21,4096,3789,20,0.4,5,0.19313585607111453,32.400708211851985,3789,True
3228,ALMA_J153702653-33192492_B6,A002_X1009c59_X1ba4d_spw4,6,488281.25,fine,21,4096,465,20,0.25,0,0.19313585607111453,19.285524737644856,465,True
3229,ALMA_J153702653-33192492_B6,A002_X1009c59_X1ba4d_spw4,6,488281.25,fine,21,4096,3336,20,0.25,1,0.19313585607111453,19.94280403272399,3336,True
3230,ALMA_J153702653-33192492_B6,A002_X1009c59_X1ba4d_spw4,6,488281.25,fine,21,4096,1656,20,0.25,2,0.19313585607111453,21.1517374003501,1656,True
3231,ALMA_J153702653-33192492_B6,A002_X1009c59_X1ba4d_spw4,6,488281.25,fine,21,4096,1091,20,0.25,3,0.19313585607111453,19.63137208917664,1091,True
3232,ALMA_J153702653-33192492_B6,A002_X1009c59_X1ba4d_spw4,6,488281.25,fine,21,4096,1963,20,0.25,4,0.19313585607111453,21.622146409773976,1963,True
3233,ALMA_J153702653-33192492_B6,A002_X1009c59_X1ba4d_spw4,6,488281.25,fine,21,4096,2131,20,0.25,5,0.19313585607111453,22.072567653526203,2131,True
3234,ALMA_J153702653-33192492_B6,A002_X1009c59_X1ba4d_spw4,6,488281.25,fine,21,4096,1667,20,0.1,0,0.19313585607111453,6.334075794764386,1667,True
3235,ALMA_J153702653-33192492_B6,A002_X1009c59_X1ba4d_spw4,6,488281.25,fine,21,4096,2404,20,0.1,1,0.19313585607111453,7.7375319055394245,2404,True
3236,ALMA_J153702653-33192492_B6,A002_X1009c59_X1ba4d_spw4,6,488281.25,fine,21,4096,876,20,0.1,2,0.19313585607111453,7.175935798104198,876,True
3237,ALMA_J153702653-33192492_B6,A002_X1009c59_X1ba4d_spw4,6,488281.25,fine,21,4096,2707,20,0.1,3,0.19313585607111453,7.036118525196615,2707,True
3238,ALMA_J153702653-33192492_B6,A002_X1009c59_X1ba4d_spw4,6,488281.25,fine,21,4096,1997,20,0.1,4,0.19313585607111453,8.927071991775081,1997,True
3239,ALMA_J153702653-33192492_B6,A002_X1009c59_X1ba4d_spw4,6,488281.25,fine,21,4096,2729,20,0.1,5,0.19313585607111453,7.650263010410362,2729,True
3240,HD_31392_B6,A002_X128b034_X187cc_spw3,6,976562.5,fine,490,1920,1841,2,1.0,0,0.23961267330050467,36.66394298962659,1841,True
3241,HD_31392_B6,A002_X128b034_X187cc_spw3,6,976562.5,fine,490,1920,469,2,1.0,1,0.23961267330050467,33.252278354118786,469,True
3242,HD_31392_B6,A002_X128b034_X187cc_spw3,6,976562.5,fine,490,1920,551,2,1.0,2,0.23961267330050467,36.891814063834936,551,True
3243,HD_31392_B6,A002_X128b034_X187cc_spw3,6,976562.5,fine,490,1920,344,2,1.0,3,0.23961267330050467,34.451681540626495,344,True
3244,HD_31392_B6,A002_X128b034_X187cc_spw3,6,976562.5,fine,490,1920,1521,2,1.0,4,0.23961267330050467,37.22575943130906,1521,True
3245,HD_31392_B6,A002_X128b034_X187cc_spw3,6,976562.5,fine,490,1920,590,2,1.0,5,0.23961267330050467,34.297176327332316,590,True
3246,HD_31392_B6,A002_X128b034_X187cc_spw3,6,976562.5,fine,490,1920,1032,2,0.75,0,0.23961267330050467,27.66621372932469,1032,True
3247,HD_31392_B6,A002_X128b034_X187cc_spw3,6,976562.5,fine,490,1920,469,2,0.75,1,0.23961267330050467,24.378644487671366,469,True
3248,HD_31392_B6,A002_X128b034_X187cc_spw3,6,976562.5,fine,490,1920,1830,2,0.75,2,0.23961267330050467,26.550303766503024,1830,True
3249,HD_31392_B6,A002_X128b034_X187cc_spw3,6,976562.5,fine,490,1920,915,2,0.75,3,0.23961267330050467,25.467804419240757,915,True
3250,HD_31392_B6,A002_X128b034_X187cc_spw3,6,976562.5,fine,490,1920,651,2,0.75,4,0.23961267330050467,26.403745862966833,651,True
3251,HD_31392_B6,A002_X128b034_X187cc_spw3,6,976562.5,fine,490,1920,299,2,0.75,5,0.23961267330050467,26.307784234147604,299,True
3252,HD_31392_B6,A002_X128b034_X187cc_spw3,6,976562.5,fine,490,1920,1115,2,0.5,0,0.23961267330050467,18.46438190057917,1115,True
3253,HD_31392_B6,A002_X128b034_X187cc_spw3,6,976562.5,fine,490,1920,360,2,0.5,1,0.23961267330050467,19.25419559677505,360,True
3254,HD_31392_B6,A002_X128b034_X187cc_spw3,6,976562.5,fine,490,1920,122,2,0.5,2,0.23961267330050467,18.444360134565827,122,True
3255,HD_31392_B6,A002_X128b034_X187cc_spw3,6,976562.5,fine,490,1920,684,2,0.5,3,0.23961267330050467,16.82860737313715,684,True
3256,HD_31392_B6,A002_X128b034_X187cc_spw3,6,976562.5,fine,490,1920,1189,2,0.5,4,0.23961267330050467,18.35753224551506,1189,True
3257,HD_31392_B6,A002_X128b034_X187cc_spw3,6,976562.5,fine,490,1920,1735,2,0.5,5,0.23961267330050467,16.986436909244652,1735,True
3258,HD_31392_B6,A002_X128b034_X187cc_spw3,6,976562.5,fine,490,1920,953,2,0.4,0,0.23961267330050467,15.357223738645672,953,True
3259,HD_31392_B6,A002_X128b034_X187cc_spw3,6,976562.5,fine,490,1920,1108,2,0.4,1,0.23961267330050467,15.610206916293599,1108,True
3260,HD_31392_B6,A002_X128b034_X187cc_spw3,6,976562.5,fine,490,1920,364,2,0.4,2,0.23961267330050467,15.140698339837822,364,True
3261,HD_31392_B6,A002_X128b034_X187cc_spw3,6,976562.5,fine,490,1920,245,2,0.4,3,0.23961267330050467,15.227026844206225,245,True
3262,HD_31392_B6,A002_X128b034_X187cc_spw3,6,976562.5,fine,490,1920,607,2,0.4,4,0.23961267330050467,14.69210603874154,607,True
3263,HD_31392_B6,A002_X128b034_X187cc_spw3,6,976562.5,fine,490,1920,414,2,0.4,5,0.23961267330050467,14.551143231335233,414,True
3264,HD_31392_B6,A002_X128b034_X187cc_spw3,6,976562.5,fine,490,1920,382,2,0.25,0,0.23961267330050467,8.337786688110006,382,True
3265,HD_31392_B6,A002_X128b034_X187cc_spw3,6,976562.5,fine,490,1920,1222,2,0.25,1,0.23961267330050467,8.93082897604499,1222,True
3266,HD_31392_B6,A002_X128b034_X187cc_spw3,6,976562.5,fine,490,1920,68,2,0.25,2,0.23961267330050467,8.454741825471022,68,True
3267,HD_31392_B6,A002_X128b034_X187cc_spw3,6,976562.5,fine,490,1920,1720,2,0.25,3,0.23961267330050467,9.167798293840265,1720,True
3268,HD_31392_B6,A002_X128b034_X187cc_spw3,6,976562.5,fine,490,1920,958,2,0.25,4,0.23961267330050467,8.741986277759015,958,True
3269,HD_31392_B6,A002_X128b034_X187cc_spw3,6,976562.5,fine,490,1920,1584,2,0.25,5,0.23961267330050467,10.108761538253876,1584,True
3270,HD_31392_B6,A002_X128b034_X187cc_spw3,6,976562.5,fine,490,1920,1606,2,0.1,0,0.23961267330050467,3.7526994357964982,1606,False
3271,HD_31392_B6,A002_X128b034_X187cc_spw3,6,976562.5,fine,490,1920,1093,2,0.1,1,0.23961267330050467,4.0691621554193915,1093,False
3272,HD_31392_B6,A002_X128b034_X187cc_spw3,6,976562.5,fine,490,1920,1610,2,0.1,2,0.23961267330050467,4.2376379034200795,1610,False
3273,HD_31392_B6,A002_X128b034_X187cc_spw3,6,976562.5,fine,490,1920,1763,2,0.1,3,0.23961267330050467,2.811112429627417,1818,False
3274,HD_31392_B6,A002_X128b034_X187cc_spw3,6,976562.5,fine,490,1920,684,2,0.1,4,0.23961267330050467,2.790786112021817,1818,False
3275,HD_31392_B6,A002_X128b034_X187cc_spw3,6,976562.5,fine,490,1920,838,2,0.1,5,0.23961267330050467,5.191861447323281,838,True
3276,HD_31392_B6,A002_X128b034_X187cc_spw3,6,976562.5,fine,490,1920,1226,3,1.0,0,0.23961267330050467,53.69851309784392,1226,True
3277,HD_31392_B6,A002_X128b034_X187cc_spw3,6,976562.5,fine,490,1920,158,3,1.0,1,0.23961267330050467,51.258803397358676,158,True
3278,HD_31392_B6,A002_X128b034_X187cc_spw3,6,976562.5,fine,490,1920,541,3,1.0,2,0.23961267330050467,52.25494567027872,541,True
3279,HD_31392_B6,A002_X128b034_X187cc_spw3,6,976562.5,fine,490,1920,308,3,1.0,3,0.23961267330050467,51.633287194046446,308,True
3280,HD_31392_B6,A002_X128b034_X187cc_spw3,6,976562.5,fine,490,1920,252,3,1.0,4,0.23961267330050467,52.71388832967666,252,True
3281,HD_31392_B6,A002_X128b034_X187cc_spw3,6,976562.5,fine,490,1920,1791,3,1.0,5,0.23961267330050467,52.23131935858252,1791,True
3282,HD_31392_B6,A002_X128b034_X187cc_spw3,6,976562.5,fine,490,1920,1707,3,0.75,0,0.23961267330050467,38.972982737402184,1707,True
3283,HD_31392_B6,A002_X128b034_X187cc_spw3,6,976562.5,fine,490,1920,185,3,0.75,1,0.23961267330050467,38.325567109782035,185,True
3284,HD_31392_B6,A002_X128b034_X187cc_spw3,6,976562.5,fine,490,1920,1228,3,0.75,2,0.23961267330050467,38.36897279235533,1228,True
3285,HD_31392_B6,A002_X128b034_X187cc_spw3,6,976562.5,fine,490,1920,1557,3,0.75,3,0.23961267330050467,38.82739626898839,1557,True
3286,HD_31392_B6,A002_X128b034_X187cc_spw3,6,976562.5,fine,490,1920,230,3,0.75,4,0.23961267330050467,40.4153877297624,230,True
3287,HD_31392_B6,A002_X128b034_X187cc_spw3,6,976562.5,fine,490,1920,1651,3,0.75,5,0.23961267330050467,39.534640246525456,1651,True
3288,HD_31392_B6,A002_X128b034_X187cc_spw3,6,976562.5,fine,490,1920,427,3,0.5,0,0.23961267330050467,23.79576067240022,427,True
3289,HD_31392_B6,A002_X128b034_X187cc_spw3,6,976562.5,fine,490,1920,740,3,0.5,1,0.23961267330050467,27.700038381047335,740,True
3290,HD_31392_B6,A002_X128b034_X187cc_spw3,6,976562.5,fine,490,1920,989,3,0.5,2,0.23961267330050467,27.73175440428406,989,True
3291,HD_31392_B6,A002_X128b034_X187cc_spw3,6,976562.5,fine,490,1920,1026,3,0.5,3,0.23961267330050467,28.247427658489478,1026,True
3292,HD_31392_B6,A002_X128b034_X187cc_spw3,6,976562.5,fine,490,1920,274,3,0.5,4,0.23961267330050467,26.66643390737518,274,True
3293,HD_31392_B6,A002_X128b034_X187cc_spw3,6,976562.5,fine,490,1920,918,3,0.5,5,0.23961267330050467,27.249288778202555,918,True
3294,HD_31392_B6,A002_X128b034_X187cc_spw3,6,976562.5,fine,490,1920,1575,3,0.4,0,0.23961267330050467,21.869567741177722,1575,True
3295,HD_31392_B6,A002_X128b034_X187cc_spw3,6,976562.5,fine,490,1920,941,3,0.4,1,0.23961267330050467,19.74742533209791,941,True
3296,HD_31392_B6,A002_X128b034_X187cc_spw3,6,976562.5,fine,490,1920,184,3,0.4,2,0.23961267330050467,22.020253763781543,184,True
3297,HD_31392_B6,A002_X128b034_X187cc_spw3,6,976562.5,fine,490,1920,142,3,0.4,3,0.23961267330050467,21.038751998596965,142,True
3298,HD_31392_B6,A002_X128b034_X187cc_spw3,6,976562.5,fine,490,1920,1637,3,0.4,4,0.23961267330050467,20.25669906597048,1637,True
3299,HD_31392_B6,A002_X128b034_X187cc_spw3,6,976562.5,fine,490,1920,824,3,0.4,5,0.23961267330050467,22.216254271515965,824,True
3300,HD_31392_B6,A002_X128b034_X187cc_spw3,6,976562.5,fine,490,1920,180,3,0.25,0,0.23961267330050467,13.037918238184234,180,True
3301,HD_31392_B6,A002_X128b034_X187cc_spw3,6,976562.5,fine,490,1920,1690,3,0.25,1,0.23961267330050467,12.967813941402406,1690,True
3302,HD_31392_B6,A002_X128b034_X187cc_spw3,6,976562.5,fine,490,1920,1432,3,0.25,2,0.23961267330050467,13.281371088777423,1432,True
3303,HD_31392_B6,A002_X128b034_X187cc_spw3,6,976562.5,fine,490,1920,1634,3,0.25,3,0.23961267330050467,12.25672531161622,1634,True
3304,HD_31392_B6,A002_X128b034_X187cc_spw3,6,976562.5,fine,490,1920,284,3,0.25,4,0.23961267330050467,14.681390156153666,284,True
3305,HD_31392_B6,A002_X128b034_X187cc_spw3,6,976562.5,fine,490,1920,819,3,0.25,5,0.23961267330050467,12.37210914299133,819,True
3306,HD_31392_B6,A002_X128b034_X187cc_spw3,6,976562.5,fine,490,1920,561,3,0.1,0,0.23961267330050467,6.157036650302693,561,True
3307,HD_31392_B6,A002_X128b034_X187cc_spw3,6,976562.5,fine,490,1920,928,3,0.1,1,0.23961267330050467,3.874105731058086,928,False
3308,HD_31392_B6,A002_X128b034_X187cc_spw3,6,976562.5,fine,490,1920,1580,3,0.1,2,0.23961267330050467,4.560212547777185,1580,False
3309,HD_31392_B6,A002_X128b034_X187cc_spw3,6,976562.5,fine,490,1920,626,3,0.1,3,0.23961267330050467,5.293565881168399,626,True
3310,HD_31392_B6,A002_X128b034_X187cc_spw3,6,976562.5,fine,490,1920,484,3,0.1,4,0.23961267330050467,4.592369106245732,484,False
3311,HD_31392_B6,A002_X128b034_X187cc_spw3,6,976562.5,fine,490,1920,1692,3,0.1,5,0.23961267330050467,7.3150709672934555,1692,True
3312,HD_31392_B6,A002_X128b034_X187cc_spw3,6,976562.5,fine,490,1920,820,4,1.0,0,0.23961267330050467,71.13804808994942,820,True
3313,HD_31392_B6,A002_X128b034_X187cc_spw3,6,976562.5,fine,490,1920,838,4,1.0,1,0.23961267330050467,71.73373662308688,838,True
3314,HD_31392_B6,A002_X128b034_X187cc_spw3,6,976562.5,fine,490,1920,830,4,1.0,2,0.23961267330050467,68.88706111324954,830,True
3315,HD_31392_B6,A002_X128b034_X187cc_spw3,6,976562.5,fine,490,1920,315,4,1.0,3,0.23961267330050467,69.88078506939902,315,True
3316,HD_31392_B6,A002_X128b034_X187cc_spw3,6,976562.5,fine,490,1920,964,4,1.0,4,0.23961267330050467,71.58638997582987,964,True
3317,HD_31392_B6,A002_X128b034_X187cc_spw3,6,976562.5,fine,490,1920,748,4,1.0,5,0.23961267330050467,71.04634317567472,748,True
3318,HD_31392_B6,A002_X128b034_X187cc_spw3,6,976562.5,fine,490,1920,1291,4,0.75,0,0.23961267330050467,52.868689250185064,1291,True
3319,HD_31392_B6,A002_X128b034_X187cc_spw3,6,976562.5,fine,490,1920,1332,4,0.75,1,0.23961267330050467,53.938476970718355,1332,True
3320,HD_31392_B6,A002_X128b034_X187cc_spw3,6,976562.5,fine,490,1920,731,4,0.75,2,0.23961267330050467,54.13521098745134,731,True
3321,HD_31392_B6,A002_X128b034_X187cc_spw3,6,976562.5,fine,490,1920,1514,4,0.75,3,0.23961267330050467,54.17866368163709,1514,True
3322,HD_31392_B6,A002_X128b034_X187cc_spw3,6,976562.5,fine,490,1920,1291,4,0.75,4,0.23961267330050467,52.603854497624134,1291,True
3323,HD_31392_B6,A002_X128b034_X187cc_spw3,6,976562.5,fine,490,1920,176,4,0.75,5,0.23961267330050467,54.04731229657815,176,True
3324,HD_31392_B6,A002_X128b034_X187cc_spw3,6,976562.5,fine,490,1920,225,4,0.5,0,0.23961267330050467,34.90825600988859,225,True
3325,HD_31392_B6,A002_X128b034_X187cc_spw3,6,976562.5,fine,490,1920,718,4,0.5,1,0.23961267330050467,34.57658311591563,718,True
3326,HD_31392_B6,A002_X128b034_X187cc_spw3,6,976562.5,fine,490,1920,75,4,0.5,2,0.23961267330050467,35.50607962204119,75,True
3327,HD_31392_B6,A002_X128b034_X187cc_spw3,6,976562.5,fine,490,1920,918,4,0.5,3,0.23961267330050467,36.28128639853119,918,True
3328,HD_31392_B6,A002_X128b034_X187cc_spw3,6,976562.5,fine,490,1920,1213,4,0.5,4,0.23961267330050467,36.22986448926742,1213,True
3329,HD_31392_B6,A002_X128b034_X187cc_spw3,6,976562.5,fine,490,1920,531,4,0.5,5,0.23961267330050467,37.09668729034827,531,True
3330,HD_31392_B6,A002_X128b034_X187cc_spw3,6,976562.5,fine,490,1920,786,4,0.4,0,0.23961267330050467,26.99535452483457,786,True
3331,HD_31392_B6,A002_X128b034_X187cc_spw3,6,976562.5,fine,490,1920,559,4,0.4,1,0.23961267330050467,26.521882771420266,559,True
3332,HD_31392_B6,A002_X128b034_X187cc_spw3,6,976562.5,fine,490,1920,1771,4,0.4,2,0.23961267330050467,27.187695721717247,1771,True
3333,HD_31392_B6,A002_X128b034_X187cc_spw3,6,976562.5,fine,490,1920,331,4,0.4,3,0.23961267330050467,28.526720851481624,331,True
3334,HD_31392_B6,A002_X128b034_X187cc_spw3,6,976562.5,fine,490,1920,1110,4,0.4,4,0.23961267330050467,28.965212782231198,1110,True
3335,HD_31392_B6,A002_X128b034_X187cc_spw3,6,976562.5,fine,490,1920,1081,4,0.4,5,0.23961267330050467,27.257341242458622,1081,True
3336,HD_31392_B6,A002_X128b034_X187cc_spw3,6,976562.5,fine,490,1920,69,4,0.25,0,0.23961267330050467,20.122714781622058,69,True
3337,HD_31392_B6,A002_X128b034_X187cc_spw3,6,976562.5,fine,490,1920,1422,4,0.25,1,0.23961267330050467,16.498236158104508,1422,True
3338,HD_31392_B6,A002_X128b034_X187cc_spw3,6,976562.5,fine,490,1920,875,4,0.25,2,0.23961267330050467,19.51271973396192,875,True
3339,HD_31392_B6,A002_X128b034_X187cc_spw3,6,976562.5,fine,490,1920,1649,4,0.25,3,0.23961267330050467,17.803968470023737,1649,True
3340,HD_31392_B6,A002_X128b034_X187cc_spw3,6,976562.5,fine,490,1920,792,4,0.25,4,0.23961267330050467,18.105404933414505,792,True
3341,HD_31392_B6,A002_X128b034_X187cc_spw3,6,976562.5,fine,490,1920,590,4,0.25,5,0.23961267330050467,16.58844635078611,590,True
3342,HD_31392_B6,A002_X128b034_X187cc_spw3,6,976562.5,fine,490,1920,1735,4,0.1,0,0.23961267330050467,6.359131238540607,1735,True
3343,HD_31392_B6,A002_X128b034_X187cc_spw3,6,976562.5,fine,490,1920,795,4,0.1,1,0.23961267330050467,8.611463910380051,795,True
3344,HD_31392_B6,A002_X128b034_X187cc_spw3,6,976562.5,fine,490,1920,1228,4,0.1,2,0.23961267330050467,5.4377993292626705,1228,True
3345,HD_31392_B6,A002_X128b034_X187cc_spw3,6,976562.5,fine,490,1920,907,4,0.1,3,0.23961267330050467,6.0431464417523735,907,True
3346,HD_31392_B6,A002_X128b034_X187cc_spw3,6,976562.5,fine,490,1920,668,4,0.1,4,0.23961267330050467,7.148397808569899,668,True
3347,HD_31392_B6,A002_X128b034_X187cc_spw3,6,976562.5,fine,490,1920,1011,4,0.1,5,0.23961267330050467,7.094330128732,1011,True
3348,HD_31392_B6,A002_X128b034_X187cc_spw3,6,976562.5,fine,490,1920,309,5,1.0,0,0.23961267330050467,88.69688500001679,309,True
3349,HD_31392_B6,A002_X128b034_X187cc_spw3,6,976562.5,fine,490,1920,1538,5,1.0,1,0.23961267330050467,88.83800932663539,1538,True
3350,HD_31392_B6,A002_X128b034_X187cc_spw3,6,976562.5,fine,490,1920,1284,5,1.0,2,0.23961267330050467,88.21229255361044,1284,True
3351,HD_31392_B6,A002_X128b034_X187cc_spw3,6,976562.5,fine,490,1920,1744,5,1.0,3,0.23961267330050467,88.0725320417229,1744,True
3352,HD_31392_B6,A002_X128b034_X187cc_spw3,6,976562.5,fine,490,1920,272,5,1.0,4,0.23961267330050467,89.67455940726094,272,True
3353,HD_31392_B6,A002_X128b034_X187cc_spw3,6,976562.5,fine,490,1920,588,5,1.0,5,0.23961267330050467,90.02526147799392,588,True
3354,HD_31392_B6,A002_X128b034_X187cc_spw3,6,976562.5,fine,490,1920,641,5,0.75,0,0.23961267330050467,67.73625919128254,641,True
3355,HD_31392_B6,A002_X128b034_X187cc_spw3,6,976562.5,fine,490,1920,1513,5,0.75,1,0.23961267330050467,67.01639352313208,1513,True
3356,HD_31392_B6,A002_X128b034_X187cc_spw3,6,976562.5,fine,490,1920,1790,5,0.75,2,0.23961267330050467,67.58015773376738,1790,True
3357,HD_31392_B6,A002_X128b034_X187cc_spw3,6,976562.5,fine,490,1920,933,5,0.75,3,0.23961267330050467,67.72796525149566,933,True
3358,HD_31392_B6,A002_X128b034_X187cc_spw3,6,976562.5,fine,490,1920,313,5,0.75,4,0.23961267330050467,65.99290110538037,313,True
3359,HD_31392_B6,A002_X128b034_X187cc_spw3,6,976562.5,fine,490,1920,1141,5,0.75,5,0.23961267330050467,65.99610576097375,1141,True
3360,HD_31392_B6,A002_X128b034_X187cc_spw3,6,976562.5,fine,490,1920,451,5,0.5,0,0.23961267330050467,44.186504972685384,451,True
3361,HD_31392_B6,A002_X128b034_X187cc_spw3,6,976562.5,fine,490,1920,1681,5,0.5,1,0.23961267330050467,44.72897978052912,1681,True
3362,HD_31392_B6,A002_X128b034_X187cc_spw3,6,976562.5,fine,490,1920,86,5,0.5,2,0.23961267330050467,44.09183226327751,86,True
3363,HD_31392_B6,A002_X128b034_X187cc_spw3,6,976562.5,fine,490,1920,866,5,0.5,3,0.23961267330050467,44.93945503375785,866,True
3364,HD_31392_B6,A002_X128b034_X187cc_spw3,6,976562.5,fine,490,1920,1193,5,0.5,4,0.23961267330050467,42.46792327561513,1193,True
3365,HD_31392_B6,A002_X128b034_X187cc_spw3,6,976562.5,fine,490,1920,1204,5,0.5,5,0.23961267330050467,45.1191621499296,1204,True
3366,HD_31392_B6,A002_X128b034_X187cc_spw3,6,976562.5,fine,490,1920,1186,5,0.4,0,0.23961267330050467,35.671198943260755,1186,True
3367,HD_31392_B6,A002_X128b034_X187cc_spw3,6,976562.5,fine,490,1920,669,5,0.4,1,0.23961267330050467,34.136339160911156,669,True
3368,HD_31392_B6,A002_X128b034_X187cc_spw3,6,976562.5,fine,490,1920,119,5,0.4,2,0.23961267330050467,35.984301876294026,119,True
3369,HD_31392_B6,A002_X128b034_X187cc_spw3,6,976562.5,fine,490,1920,1406,5,0.4,3,0.23961267330050467,36.27837058479488,1406,True
3370,HD_31392_B6,A002_X128b034_X187cc_spw3,6,976562.5,fine,490,1920,1275,5,0.4,4,0.23961267330050467,34.75274882483966,1275,True
3371,HD_31392_B6,A002_X128b034_X187cc_spw3,6,976562.5,fine,490,1920,692,5,0.4,5,0.23961267330050467,35.59393913028971,692,True
3372,HD_31392_B6,A002_X128b034_X187cc_spw3,6,976562.5,fine,490,1920,905,5,0.25,0,0.23961267330050467,22.092938418465508,905,True
3373,HD_31392_B6,A002_X128b034_X187cc_spw3,6,976562.5,fine,490,1920,1526,5,0.25,1,0.23961267330050467,22.901868156759228,1526,True
3374,HD_31392_B6,A002_X128b034_X187cc_spw3,6,976562.5,fine,490,1920,1406,5,0.25,2,0.23961267330050467,22.94233689723548,1406,True
3375,HD_31392_B6,A002_X128b034_X187cc_spw3,6,976562.5,fine,490,1920,1088,5,0.25,3,0.23961267330050467,21.33434052691629,1088,True
3376,HD_31392_B6,A002_X128b034_X187cc_spw3,6,976562.5,fine,490,1920,841,5,0.25,4,0.23961267330050467,21.753884759465038,841,True
3377,HD_31392_B6,A002_X128b034_X187cc_spw3,6,976562.5,fine,490,1920,1289,5,0.25,5,0.23961267330050467,21.042983424093574,1289,True
3378,HD_31392_B6,A002_X128b034_X187cc_spw3,6,976562.5,fine,490,1920,566,5,0.1,0,0.23961267330050467,8.201756236462654,566,True
3379,HD_31392_B6,A002_X128b034_X187cc_spw3,6,976562.5,fine,490,1920,1652,5,0.1,1,0.23961267330050467,7.694166181107355,1652,True
3380,HD_31392_B6,A002_X128b034_X187cc_spw3,6,976562.5,fine,490,1920,1713,5,0.1,2,0.23961267330050467,6.785819441751588,1713,True
3381,HD_31392_B6,A002_X128b034_X187cc_spw3,6,976562.5,fine,490,1920,828,5,0.1,3,0.23961267330050467,9.079058321334555,828,True
3382,HD_31392_B6,A002_X128b034_X187cc_spw3,6,976562.5,fine,490,1920,625,5,0.1,4,0.23961267330050467,9.054841035744444,625,True
3383,HD_31392_B6,A002_X128b034_X187cc_spw3,6,976562.5,fine,490,1920,1713,5,0.1,5,0.23961267330050467,6.674950369988344,1713,True
3384,HD_31392_B6,A002_X128b034_X187cc_spw3,6,976562.5,fine,490,1920,552,6,1.0,0,0.23961267330050467,106.59206560161523,552,True
3385,HD_31392_B6,A002_X128b034_X187cc_spw3,6,976562.5,fine,490,1920,538,6,1.0,1,0.23961267330050467,107.0413109971262,538,True
3386,HD_31392_B6,A002_X128b034_X187cc_spw3,6,976562.5,fine,490,1920,1607,6,1.0,2,0.23961267330050467,107.50773264874279,1607,True
3387,HD_31392_B6,A002_X128b034_X187cc_spw3,6,976562.5,fine,490,1920,1005,6,1.0,3,0.23961267330050467,106.21004254676099,1005,True
3388,HD_31392_B6,A002_X128b034_X187cc_spw3,6,976562.5,fine,490,1920,331,6,1.0,4,0.23961267330050467,105.75614927606443,331,True
3389,HD_31392_B6,A002_X128b034_X187cc_spw3,6,976562.5,fine,490,1920,1195,6,1.0,5,0.23961267330050467,105.71379526581704,1195,True
3390,HD_31392_B6,A002_X128b034_X187cc_spw3,6,976562.5,fine,490,1920,1415,6,0.75,0,0.23961267330050467,80.38546405117792,1415,True
3391,HD_31392_B6,A002_X128b034_X187cc_spw3,6,976562.5,fine,490,1920,1192,6,0.75,1,0.23961267330050467,78.50738567915222,1192,True
3392,HD_31392_B6,A002_X128b034_X187cc_spw3,6,976562.5,fine,490,1920,260,6,0.75,2,0.23961267330050467,79.4068582810156,260,True
3393,HD_31392_B6,A002_X128b034_X187cc_spw3,6,976562.5,fine,490,1920,924,6,0.75,3,0.23961267330050467,80.76466793466166,924,True
3394,HD_31392_B6,A002_X128b034_X187cc_spw3,6,976562.5,fine,490,1920,521,6,0.75,4,0.23961267330050467,80.69774877028935,521,True
3395,HD_31392_B6,A002_X128b034_X187cc_spw3,6,976562.5,fine,490,1920,669,6,0.75,5,0.23961267330050467,78.7921993349807,669,True
3396,HD_31392_B6,A002_X128b034_X187cc_spw3,6,976562.5,fine,490,1920,778,6,0.5,0,0.23961267330050467,53.13613047868793,778,True
3397,HD_31392_B6,A002_X128b034_X187cc_spw3,6,976562.5,fine,490,1920,986,6,0.5,1,0.23961267330050467,52.81268045081262,986,True
3398,HD_31392_B6,A002_X128b034_X187cc_spw3,6,976562.5,fine,490,1920,312,6,0.5,2,0.23961267330050467,53.173792858560574,312,True
3399,HD_31392_B6,A002_X128b034_X187cc_spw3,6,976562.5,fine,490,1920,254,6,0.5,3,0.23961267330050467,54.13693798857637,254,True
3400,HD_31392_B6,A002_X128b034_X187cc_spw3,6,976562.5,fine,490,1920,1589,6,0.5,4,0.23961267330050467,52.55451626820655,1589,True
3401,HD_31392_B6,A002_X128b034_X187cc_spw3,6,976562.5,fine,490,1920,647,6,0.5,5,0.23961267330050467,51.9246681245044,647,True
3402,HD_31392_B6,A002_X128b034_X187cc_spw3,6,976562.5,fine,490,1920,1534,6,0.4,0,0.23961267330050467,43.825536205712424,1534,True
3403,HD_31392_B6,A002_X128b034_X187cc_spw3,6,976562.5,fine,490,1920,633,6,0.4,1,0.23961267330050467,42.862130094823065,633,True
3404,HD_31392_B6,A002_X128b034_X187cc_spw3,6,976562.5,fine,490,1920,331,6,0.4,2,0.23961267330050467,42.744559876567024,331,True
3405,HD_31392_B6,A002_X128b034_X187cc_spw3,6,976562.5,fine,490,1920,1240,6,0.4,3,0.23961267330050467,42.41339214874237,1240,True
3406,HD_31392_B6,A002_X128b034_X187cc_spw3,6,976562.5,fine,490,1920,1518,6,0.4,4,0.23961267330050467,43.45606087540108,1518,True
3407,HD_31392_B6,A002_X128b034_X187cc_spw3,6,976562.5,fine,490,1920,1402,6,0.4,5,0.23961267330050467,42.2975030812989,1402,True
3408,HD_31392_B6,A002_X128b034_X187cc_spw3,6,976562.5,fine,490,1920,648,6,0.25,0,0.23961267330050467,24.653682648449212,648,True
3409,HD_31392_B6,A002_X128b034_X187cc_spw3,6,976562.5,fine,490,1920,886,6,0.25,1,0.23961267330050467,26.418486369761922,886,True
3410,HD_31392_B6,A002_X128b034_X187cc_spw3,6,976562.5,fine,490,1920,1629,6,0.25,2,0.23961267330050467,26.305288605664845,1629,True
3411,HD_31392_B6,A002_X128b034_X187cc_spw3,6,976562.5,fine,490,1920,186,6,0.25,3,0.23961267330050467,25.53408843279806,186,True
3412,HD_31392_B6,A002_X128b034_X187cc_spw3,6,976562.5,fine,490,1920,1534,6,0.25,4,0.23961267330050467,27.54112363720632,1534,True
3413,HD_31392_B6,A002_X128b034_X187cc_spw3,6,976562.5,fine,490,1920,1838,6,0.25,5,0.23961267330050467,25.560796914577708,1838,True
3414,HD_31392_B6,A002_X128b034_X187cc_spw3,6,976562.5,fine,490,1920,1672,6,0.1,0,0.23961267330050467,9.886480530433518,1672,True
3415,HD_31392_B6,A002_X128b034_X187cc_spw3,6,976562.5,fine,490,1920,489,6,0.1,1,0.23961267330050467,8.517750485808513,489,True
3416,HD_31392_B6,A002_X128b034_X187cc_spw3,6,976562.5,fine,490,1920,1276,6,0.1,2,0.23961267330050467,11.385526295180862,1276,True
3417,HD_31392_B6,A002_X128b034_X187cc_spw3,6,976562.5,fine,490,1920,402,6,0.1,3,0.23961267330050467,12.609512310236557,402,True
3418,HD_31392_B6,A002_X128b034_X187cc_spw3,6,976562.5,fine,490,1920,1399,6,0.1,4,0.23961267330050467,9.95682434931672,1399,True
3419,HD_31392_B6,A002_X128b034_X187cc_spw3,6,976562.5,fine,490,1920,1482,6,0.1,5,0.23961267330050467,9.677389305691396,1482,True
3420,HD_31392_B6,A002_X128b034_X187cc_spw3,6,976562.5,fine,490,1920,1239,8,1.0,0,0.23961267330050467,143.98994047382573,1239,True
3421,HD_31392_B6,A002_X128b034_X187cc_spw3,6,976562.5,fine,490,1920,521,8,1.0,1,0.23961267330050467,142.44697996633218,521,True
3422,HD_31392_B6,A002_X128b034_X187cc_spw3,6,976562.5,fine,490,1920,353,8,1.0,2,0.23961267330050467,140.2709487726974,353,True
3423,HD_31392_B6,A002_X128b034_X187cc_spw3,6,976562.5,fine,490,1920,733,8,1.0,3,0.23961267330050467,140.9245841868512,733,True
3424,HD_31392_B6,A002_X128b034_X187cc_spw3,6,976562.5,fine,490,1920,1316,8,1.0,4,0.23961267330050467,141.47741740481354,1316,True
3425,HD_31392_B6,A002_X128b034_X187cc_spw3,6,976562.5,fine,490,1920,70,8,1.0,5,0.23961267330050467,143.3491211407278,70,True
3426,HD_31392_B6,A002_X128b034_X187cc_spw3,6,976562.5,fine,490,1920,1611,8,0.75,0,0.23961267330050467,107.11951185524484,1611,True
3427,HD_31392_B6,A002_X128b034_X187cc_spw3,6,976562.5,fine,490,1920,1335,8,0.75,1,0.23961267330050467,106.83568854747742,1335,True
3428,HD_31392_B6,A002_X128b034_X187cc_spw3,6,976562.5,fine,490,1920,1754,8,0.75,2,0.23961267330050467,106.64919954749912,1754,True
3429,HD_31392_B6,A002_X128b034_X187cc_spw3,6,976562.5,fine,490,1920,1188,8,0.75,3,0.23961267330050467,106.76676721236946,1188,True
3430,HD_31392_B6,A002_X128b034_X187cc_spw3,6,976562.5,fine,490,1920,362,8,0.75,4,0.23961267330050467,106.77010590963603,362,True
3431,HD_31392_B6,A002_X128b034_X187cc_spw3,6,976562.5,fine,490,1920,1745,8,0.75,5,0.23961267330050467,105.34777555411516,1745,True
3432,HD_31392_B6,A002_X128b034_X187cc_spw3,6,976562.5,fine,490,1920,122,8,0.5,0,0.23961267330050467,71.66037309959474,122,True
3433,HD_31392_B6,A002_X128b034_X187cc_spw3,6,976562.5,fine,490,1920,1457,8,0.5,1,0.23961267330050467,70.89948911826016,1457,True
3434,HD_31392_B6,A002_X128b034_X187cc_spw3,6,976562.5,fine,490,1920,801,8,0.5,2,0.23961267330050467,69.49567210396245,801,True
3435,HD_31392_B6,A002_X128b034_X187cc_spw3,6,976562.5,fine,490,1920,538,8,0.5,3,0.23961267330050467,70.94118501759206,538,True
3436,HD_31392_B6,A002_X128b034_X187cc_spw3,6,976562.5,fine,490,1920,147,8,0.5,4,0.23961267330050467,71.94296565284077,147,True
3437,HD_31392_B6,A002_X128b034_X187cc_spw3,6,976562.5,fine,490,1920,1746,8,0.5,5,0.23961267330050467,71.1486714585707,1746,True
3438,HD_31392_B6,A002_X128b034_X187cc_spw3,6,976562.5,fine,490,1920,547,8,0.4,0,0.23961267330050467,57.460354113175086,547,True
3439,HD_31392_B6,A002_X128b034_X187cc_spw3,6,976562.5,fine,490,1920,922,8,0.4,1,0.23961267330050467,57.343659632842055,922,True
3440,HD_31392_B6,A002_X128b034_X187cc_spw3,6,976562.5,fine,490,1920,1736,8,0.4,2,0.23961267330050467,56.85756864756462,1736,True
3441,HD_31392_B6,A002_X128b034_X187cc_spw3,6,976562.5,fine,490,1920,202,8,0.4,3,0.23961267330050467,57.5546784859763,202,True
3442,HD_31392_B6,A002_X128b034_X187cc_spw3,6,976562.5,fine,490,1920,778,8,0.4,4,0.23961267330050467,56.88951993881086,778,True
3443,HD_31392_B6,A002_X128b034_X187cc_spw3,6,976562.5,fine,490,1920,1309,8,0.4,5,0.23961267330050467,58.32707910961712,1309,True
3444,HD_31392_B6,A002_X128b034_X187cc_spw3,6,976562.5,fine,490,1920,539,8,0.25,0,0.23961267330050467,34.92336850731839,539,True
3445,HD_31392_B6,A002_X128b034_X187cc_spw3,6,976562.5,fine,490,1920,550,8,0.25,1,0.23961267330050467,35.58533972494945,550,True
3446,HD_31392_B6,A002_X128b034_X187cc_spw3,6,976562.5,fine,490,1920,873,8,0.25,2,0.23961267330050467,34.01729724411489,873,True
3447,HD_31392_B6,A002_X128b034_X187cc_spw3,6,976562.5,fine,490,1920,220,8,0.25,3,0.23961267330050467,36.676517955559845,220,True
3448,HD_31392_B6,A002_X128b034_X187cc_spw3,6,976562.5,fine,490,1920,961,8,0.25,4,0.23961267330050467,35.248914123988506,961,True
3449,HD_31392_B6,A002_X128b034_X187cc_spw3,6,976562.5,fine,490,1920,316,8,0.25,5,0.23961267330050467,35.38486942241332,316,True
3450,HD_31392_B6,A002_X128b034_X187cc_spw3,6,976562.5,fine,490,1920,1087,8,0.1,0,0.23961267330050467,13.973675429875913,1087,True
3451,HD_31392_B6,A002_X128b034_X187cc_spw3,6,976562.5,fine,490,1920,1822,8,0.1,1,0.23961267330050467,13.204473714532565,1822,True
3452,HD_31392_B6,A002_X128b034_X187cc_spw3,6,976562.5,fine,490,1920,1123,8,0.1,2,0.23961267330050467,13.776512731359002,1123,True
3453,HD_31392_B6,A002_X128b034_X187cc_spw3,6,976562.5,fine,490,1920,652,8,0.1,3,0.23961267330050467,12.373919970847297,652,True
3454,HD_31392_B6,A002_X128b034_X187cc_spw3,6,976562.5,fine,490,1920,577,8,0.1,4,0.23961267330050467,15.409785906577392,577,True
3455,HD_31392_B6,A002_X128b034_X187cc_spw3,6,976562.5,fine,490,1920,1113,8,0.1,5,0.23961267330050467,13.418785715319405,1113,True
3456,HD_31392_B6,A002_X128b034_X187cc_spw3,6,976562.5,fine,490,1920,1055,10,1.0,0,0.23961267330050467,177.2422034557907,1055,True
3457,HD_31392_B6,A002_X128b034_X187cc_spw3,6,976562.5,fine,490,1920,692,10,1.0,1,0.23961267330050467,178.74818527153099,692,True
3458,HD_31392_B6,A002_X128b034_X187cc_spw3,6,976562.5,fine,490,1920,307,10,1.0,2,0.23961267330050467,178.14233933218375,307,True
3459,HD_31392_B6,A002_X128b034_X187cc_spw3,6,976562.5,fine,490,1920,1620,10,1.0,3,0.23961267330050467,179.82781666737372,1620,True
3460,HD_31392_B6,A002_X128b034_X187cc_spw3,6,976562.5,fine,490,1920,709,10,1.0,4,0.23961267330050467,176.83261292460045,709,True
3461,HD_31392_B6,A002_X128b034_X187cc_spw3,6,976562.5,fine,490,1920,878,10,1.0,5,0.23961267330050467,177.4473287161608,878,True
3462,HD_31392_B6,A002_X128b034_X187cc_spw3,6,976562.5,fine,490,1920,718,10,0.75,0,0.23961267330050467,132.91883565703486,718,True
3463,HD_31392_B6,A002_X128b034_X187cc_spw3,6,976562.5,fine,490,1920,607,10,0.75,1,0.23961267330050467,134.51623919422977,607,True
3464,HD_31392_B6,A002_X128b034_X187cc_spw3,6,976562.5,fine,490,1920,1848,10,0.75,2,0.23961267330050467,135.05657858133844,1848,True
3465,HD_31392_B6,A002_X128b034_X187cc_spw3,6,976562.5,fine,490,1920,1279,10,0.75,3,0.23961267330050467,134.0906960284614,1279,True
3466,HD_31392_B6,A002_X128b034_X187cc_spw3,6,976562.5,fine,490,1920,1437,10,0.75,4,0.23961267330050467,134.96387977816627,1437,True
3467,HD_31392_B6,A002_X128b034_X187cc_spw3,6,976562.5,fine,490,1920,194,10,0.75,5,0.23961267330050467,133.57584611598148,194,True
3468,HD_31392_B6,A002_X128b034_X187cc_spw3,6,976562.5,fine,490,1920,621,10,0.5,0,0.23961267330050467,89.34442687586072,621,True
3469,HD_31392_B6,A002_X128b034_X187cc_spw3,6,976562.5,fine,490,1920,802,10,0.5,1,0.23961267330050467,87.73688351997332,802,True
3470,HD_31392_B6,A002_X128b034_X187cc_spw3,6,976562.5,fine,490,1920,1638,10,0.5,2,0.23961267330050467,87.88210292014513,1638,True
3471,HD_31392_B6,A002_X128b034_X187cc_spw3,6,976562.5,fine,490,1920,1019,10,0.5,3,0.23961267330050467,91.23086218526367,1019,True
3472,HD_31392_B6,A002_X128b034_X187cc_spw3,6,976562.5,fine,490,1920,1645,10,0.5,4,0.23961267330050467,90.39744231875505,1645,True
3473,HD_31392_B6,A002_X128b034_X187cc_spw3,6,976562.5,fine,490,1920,1655,10,0.5,5,0.23961267330050467,88.87590657855381,1655,True
3474,HD_31392_B6,A002_X128b034_X187cc_spw3,6,976562.5,fine,490,1920,720,10,0.4,0,0.23961267330050467,72.0636057990415,720,True
3475,HD_31392_B6,A002_X128b034_X187cc_spw3,6,976562.5,fine,490,1920,1006,10,0.4,1,0.23961267330050467,71.64954693075481,1006,True
3476,HD_31392_B6,A002_X128b034_X187cc_spw3,6,976562.5,fine,490,1920,1450,10,0.4,2,0.23961267330050467,73.52383235834276,1450,True
3477,HD_31392_B6,A002_X128b034_X187cc_spw3,6,976562.5,fine,490,1920,422,10,0.4,3,0.23961267330050467,70.76099655693561,422,True
3478,HD_31392_B6,A002_X128b034_X187cc_spw3,6,976562.5,fine,490,1920,882,10,0.4,4,0.23961267330050467,72.77241532929587,882,True
3479,HD_31392_B6,A002_X128b034_X187cc_spw3,6,976562.5,fine,490,1920,1698,10,0.4,5,0.23961267330050467,71.7702335655793,1698,True
3480,HD_31392_B6,A002_X128b034_X187cc_spw3,6,976562.5,fine,490,1920,752,10,0.25,0,0.23961267330050467,42.72433592378045,752,True
3481,HD_31392_B6,A002_X128b034_X187cc_spw3,6,976562.5,fine,490,1920,1678,10,0.25,1,0.23961267330050467,44.84247340959265,1678,True
3482,HD_31392_B6,A002_X128b034_X187cc_spw3,6,976562.5,fine,490,1920,1737,10,0.25,2,0.23961267330050467,43.80459622131789,1737,True
3483,HD_31392_B6,A002_X128b034_X187cc_spw3,6,976562.5,fine,490,1920,1656,10,0.25,3,0.23961267330050467,43.95970645887459,1656,True
3484,HD_31392_B6,A002_X128b034_X187cc_spw3,6,976562.5,fine,490,1920,527,10,0.25,4,0.23961267330050467,43.1668733339267,527,True
3485,HD_31392_B6,A002_X128b034_X187cc_spw3,6,976562.5,fine,490,1920,930,10,0.25,5,0.23961267330050467,45.112208351697866,930,True
3486,HD_31392_B6,A002_X128b034_X187cc_spw3,6,976562.5,fine,490,1920,904,10,0.1,0,0.23961267330050467,18.533520272608317,904,True
3487,HD_31392_B6,A002_X128b034_X187cc_spw3,6,976562.5,fine,490,1920,252,10,0.1,1,0.23961267330050467,17.15084760264608,252,True
3488,HD_31392_B6,A002_X128b034_X187cc_spw3,6,976562.5,fine,490,1920,460,10,0.1,2,0.23961267330050467,17.9952593707268,460,True
3489,HD_31392_B6,A002_X128b034_X187cc_spw3,6,976562.5,fine,490,1920,1572,10,0.1,3,0.23961267330050467,17.908774854700514,1572,True
3490,HD_31392_B6,A002_X128b034_X187cc_spw3,6,976562.5,fine,490,1920,221,10,0.1,4,0.23961267330050467,17.555455348006166,221,True
3491,HD_31392_B6,A002_X128b034_X187cc_spw3,6,976562.5,fine,490,1920,536,10,0.1,5,0.23961267330050467,17.760529232080355,536,True
3492,HD_31392_B6,A002_X128b034_X187cc_spw3,6,976562.5,fine,490,1920,242,15,1.0,0,0.23961267330050467,267.04699584394785,242,True
3493,HD_31392_B6,A002_X128b034_X187cc_spw3,6,976562.5,fine,490,1920,780,15,1.0,1,0.23961267330050467,266.5382815618373,780,True
3494,HD_31392_B6,A002_X128b034_X187cc_spw3,6,976562.5,fine,490,1920,1290,15,1.0,2,0.23961267330050467,264.83614285103323,1290,True
3495,HD_31392_B6,A002_X128b034_X187cc_spw3,6,976562.5,fine,490,1920,1444,15,1.0,3,0.23961267330050467,266.5916680804877,1444,True
3496,HD_31392_B6,A002_X128b034_X187cc_spw3,6,976562.5,fine,490,1920,163,15,1.0,4,0.23961267330050467,264.92736938135965,163,True
3497,HD_31392_B6,A002_X128b034_X187cc_spw3,6,976562.5,fine,490,1920,218,15,1.0,5,0.23961267330050467,267.3226868586889,218,True
3498,HD_31392_B6,A002_X128b034_X187cc_spw3,6,976562.5,fine,490,1920,967,15,0.75,0,0.23961267330050467,203.083947802203,967,True
3499,HD_31392_B6,A002_X128b034_X187cc_spw3,6,976562.5,fine,490,1920,1310,15,0.75,1,0.23961267330050467,200.9700105516854,1310,True
3500,HD_31392_B6,A002_X128b034_X187cc_spw3,6,976562.5,fine,490,1920,1587,15,0.75,2,0.23961267330050467,201.18526735327484,1587,True
3501,HD_31392_B6,A002_X128b034_X187cc_spw3,6,976562.5,fine,490,1920,1189,15,0.75,3,0.23961267330050467,201.18461606722315,1189,True
3502,HD_31392_B6,A002_X128b034_X187cc_spw3,6,976562.5,fine,490,1920,1546,15,0.75,4,0.23961267330050467,199.53498954330954,1546,True
3503,HD_31392_B6,A002_X128b034_X187cc_spw3,6,976562.5,fine,490,1920,1717,15,0.75,5,0.23961267330050467,199.0387277061939,1717,True
3504,HD_31392_B6,A002_X128b034_X187cc_spw3,6,976562.5,fine,490,1920,385,15,0.5,0,0.23961267330050467,133.71372977065454,385,True
3505,HD_31392_B6,A002_X128b034_X187cc_spw3,6,976562.5,fine,490,1920,1072,15,0.5,1,0.23961267330050467,132.1005629093532,1072,True
3506,HD_31392_B6,A002_X128b034_X187cc_spw3,6,976562.5,fine,490,1920,1335,15,0.5,2,0.23961267330050467,134.0912177368655,1335,True
3507,HD_31392_B6,A002_X128b034_X187cc_spw3,6,976562.5,fine,490,1920,1376,15,0.5,3,0.23961267330050467,132.09468220575928,1376,True
3508,HD_31392_B6,A002_X128b034_X187cc_spw3,6,976562.5,fine,490,1920,105,15,0.5,4,0.23961267330050467,132.70076786663734,105,True
3509,HD_31392_B6,A002_X128b034_X187cc_spw3,6,976562.5,fine,490,1920,109,15,0.5,5,0.23961267330050467,129.93089823312033,109,True
3510,HD_31392_B6,A002_X128b034_X187cc_spw3,6,976562.5,fine,490,1920,341,15,0.4,0,0.23961267330050467,105.5894419757757,341,True
3511,HD_31392_B6,A002_X128b034_X187cc_spw3,6,976562.5,fine,490,1920,171,15,0.4,1,0.23961267330050467,105.02418113354491,171,True
3512,HD_31392_B6,A002_X128b034_X187cc_spw3,6,976562.5,fine,490,1920,1007,15,0.4,2,0.23961267330050467,106.29981141257667,1007,True
3513,HD_31392_B6,A002_X128b034_X187cc_spw3,6,976562.5,fine,490,1920,545,15,0.4,3,0.23961267330050467,105.72531127539813,545,True
3514,HD_31392_B6,A002_X128b034_X187cc_spw3,6,976562.5,fine,490,1920,1486,15,0.4,4,0.23961267330050467,105.55669823419433,1486,True
3515,HD_31392_B6,A002_X128b034_X187cc_spw3,6,976562.5,fine,490,1920,1093,15,0.4,5,0.23961267330050467,107.112101337771,1093,True
3516,HD_31392_B6,A002_X128b034_X187cc_spw3,6,976562.5,fine,490,1920,1710,15,0.25,0,0.23961267330050467,65.82537515978984,1710,True
3517,HD_31392_B6,A002_X128b034_X187cc_spw3,6,976562.5,fine,490,1920,135,15,0.25,1,0.23961267330050467,64.67275892285232,135,True
3518,HD_31392_B6,A002_X128b034_X187cc_spw3,6,976562.5,fine,490,1920,1331,15,0.25,2,0.23961267330050467,66.64982774492488,1331,True
3519,HD_31392_B6,A002_X128b034_X187cc_spw3,6,976562.5,fine,490,1920,1297,15,0.25,3,0.23961267330050467,67.77597285910987,1297,True
3520,HD_31392_B6,A002_X128b034_X187cc_spw3,6,976562.5,fine,490,1920,1618,15,0.25,4,0.23961267330050467,66.157119685033,1618,True
3521,HD_31392_B6,A002_X128b034_X187cc_spw3,6,976562.5,fine,490,1920,1678,15,0.25,5,0.23961267330050467,66.96129645601822,1678,True
3522,HD_31392_B6,A002_X128b034_X187cc_spw3,6,976562.5,fine,490,1920,996,15,0.1,0,0.23961267330050467,26.3322125132342,996,True
3523,HD_31392_B6,A002_X128b034_X187cc_spw3,6,976562.5,fine,490,1920,1631,15,0.1,1,0.23961267330050467,27.714940940979467,1631,True
3524,HD_31392_B6,A002_X128b034_X187cc_spw3,6,976562.5,fine,490,1920,1117,15,0.1,2,0.23961267330050467,25.246383702197132,1117,True
3525,HD_31392_B6,A002_X128b034_X187cc_spw3,6,976562.5,fine,490,1920,223,15,0.1,3,0.23961267330050467,27.32784774692185,223,True
3526,HD_31392_B6,A002_X128b034_X187cc_spw3,6,976562.5,fine,490,1920,1068,15,0.1,4,0.23961267330050467,25.89698397108174,1068,True
3527,HD_31392_B6,A002_X128b034_X187cc_spw3,6,976562.5,fine,490,1920,1742,15,0.1,5,0.23961267330050467,25.947214921630952,1742,True
3528,HD_31392_B6,A002_X128b034_X187cc_spw3,6,976562.5,fine,490,1920,1319,20,1.0,0,0.23961267330050467,354.8142451873229,1319,True
3529,HD_31392_B6,A002_X128b034_X187cc_spw3,6,976562.5,fine,490,1920,631,20,1.0,1,0.23961267330050467,357.66614243994496,631,True
3530,HD_31392_B6,A002_X128b034_X187cc_spw3,6,976562.5,fine,490,1920,163,20,1.0,2,0.23961267330050467,353.5769032813739,163,True
3531,HD_31392_B6,A002_X128b034_X187cc_spw3,6,976562.5,fine,490,1920,469,20,1.0,3,0.23961267330050467,352.7780753349818,469,True
3532,HD_31392_B6,A002_X128b034_X187cc_spw3,6,976562.5,fine,490,1920,1454,20,1.0,4,0.23961267330050467,357.49076922351276,1454,True
3533,HD_31392_B6,A002_X128b034_X187cc_spw3,6,976562.5,fine,490,1920,1784,20,1.0,5,0.23961267330050467,353.5428465142584,1784,True
3534,HD_31392_B6,A002_X128b034_X187cc_spw3,6,976562.5,fine,490,1920,1167,20,0.75,0,0.23961267330050467,266.7615463623387,1167,True
3535,HD_31392_B6,A002_X128b034_X187cc_spw3,6,976562.5,fine,490,1920,1703,20,0.75,1,0.23961267330050467,264.83560586644313,1703,True
3536,HD_31392_B6,A002_X128b034_X187cc_spw3,6,976562.5,fine,490,1920,303,20,0.75,2,0.23961267330050467,266.8271032981838,303,True
3537,HD_31392_B6,A002_X128b034_X187cc_spw3,6,976562.5,fine,490,1920,171,20,0.75,3,0.23961267330050467,264.870768646838,171,True
3538,HD_31392_B6,A002_X128b034_X187cc_spw3,6,976562.5,fine,490,1920,253,20,0.75,4,0.23961267330050467,267.6006528805314,253,True
3539,HD_31392_B6,A002_X128b034_X187cc_spw3,6,976562.5,fine,490,1920,586,20,0.75,5,0.23961267330050467,267.2631782292442,586,True
3540,HD_31392_B6,A002_X128b034_X187cc_spw3,6,976562.5,fine,490,1920,386,20,0.5,0,0.23961267330050467,177.7272897417255,386,True
3541,HD_31392_B6,A002_X128b034_X187cc_spw3,6,976562.5,fine,490,1920,401,20,0.5,1,0.23961267330050467,178.8854664471479,401,True
3542,HD_31392_B6,A002_X128b034_X187cc_spw3,6,976562.5,fine,490,1920,718,20,0.5,2,0.23961267330050467,177.23475886991045,718,True
3543,HD_31392_B6,A002_X128b034_X187cc_spw3,6,976562.5,fine,490,1920,710,20,0.5,3,0.23961267330050467,174.37979986184197,710,True
3544,HD_31392_B6,A002_X128b034_X187cc_spw3,6,976562.5,fine,490,1920,330,20,0.5,4,0.23961267330050467,180.4349673009742,330,True
3545,HD_31392_B6,A002_X128b034_X187cc_spw3,6,976562.5,fine,490,1920,1358,20,0.5,5,0.23961267330050467,175.86195498062287,1358,True
3546,HD_31392_B6,A002_X128b034_X187cc_spw3,6,976562.5,fine,490,1920,1560,20,0.4,0,0.23961267330050467,141.6122056581926,1560,True
3547,HD_31392_B6,A002_X128b034_X187cc_spw3,6,976562.5,fine,490,1920,548,20,0.4,1,0.23961267330050467,143.86690203049017,548,True
3548,HD_31392_B6,A002_X128b034_X187cc_spw3,6,976562.5,fine,490,1920,490,20,0.4,2,0.23961267330050467,142.2852200812346,490,True
3549,HD_31392_B6,A002_X128b034_X187cc_spw3,6,976562.5,fine,490,1920,428,20,0.4,3,0.23961267330050467,142.6454624783468,428,True
3550,HD_31392_B6,A002_X128b034_X187cc_spw3,6,976562.5,fine,490,1920,859,20,0.4,4,0.23961267330050467,143.46875218765922,859,True
3551,HD_31392_B6,A002_X128b034_X187cc_spw3,6,976562.5,fine,490,1920,356,20,0.4,5,0.23961267330050467,142.5285489719323,356,True
3552,HD_31392_B6,A002_X128b034_X187cc_spw3,6,976562.5,fine,490,1920,1420,20,0.25,0,0.23961267330050467,88.77098608972665,1420,True
3553,HD_31392_B6,A002_X128b034_X187cc_spw3,6,976562.5,fine,490,1920,763,20,0.25,1,0.23961267330050467,87.94997109206831,763,True
3554,HD_31392_B6,A002_X128b034_X187cc_spw3,6,976562.5,fine,490,1920,234,20,0.25,2,0.23961267330050467,88.22225395857603,234,True
3555,HD_31392_B6,A002_X128b034_X187cc_spw3,6,976562.5,fine,490,1920,1709,20,0.25,3,0.23961267330050467,88.55550323253695,1709,True
3556,HD_31392_B6,A002_X128b034_X187cc_spw3,6,976562.5,fine,490,1920,545,20,0.25,4,0.23961267330050467,88.51359747470592,545,True
3557,HD_31392_B6,A002_X128b034_X187cc_spw3,6,976562.5,fine,490,1920,270,20,0.25,5,0.23961267330050467,87.73666059042912,270,True
3558,HD_31392_B6,A002_X128b034_X187cc_spw3,6,976562.5,fine,490,1920,346,20,0.1,0,0.23961267330050467,35.67332674368097,346,True
3559,HD_31392_B6,A002_X128b034_X187cc_spw3,6,976562.5,fine,490,1920,1538,20,0.1,1,0.23961267330050467,35.98989121967497,1538,True
3560,HD_31392_B6,A002_X128b034_X187cc_spw3,6,976562.5,fine,490,1920,1428,20,0.1,2,0.23961267330050467,34.66585403034009,1428,True
3561,HD_31392_B6,A002_X128b034_X187cc_spw3,6,976562.5,fine,490,1920,1575,20,0.1,3,0.23961267330050467,36.23827501128905,1575,True
3562,HD_31392_B6,A002_X128b034_X187cc_spw3,6,976562.5,fine,490,1920,1709,20,0.1,4,0.23961267330050467,35.74079623724684,1709,True
3563,HD_31392_B6,A002_X128b034_X187cc_spw3,6,976562.5,fine,490,1920,483,20,0.1,5,0.23961267330050467,34.519451764134935,483,True
3564,HR_1010__Gaia_DR3_4722135642226902656__B6,A002_Xc66ce1_Xaa9_spw0,6,976562.5,fine,282,2048,309,2,1.0,0,0.11633848571665584,31.10135579032535,309,True
3565,HR_1010__Gaia_DR3_4722135642226902656__B6,A002_Xc66ce1_Xaa9_spw0,6,976562.5,fine,282,2048,582,2,1.0,1,0.11633848571665584,31.068602768600922,582,True
3566,HR_1010__Gaia_DR3_4722135642226902656__B6,A002_Xc66ce1_Xaa9_spw0,6,976562.5,fine,282,2048,93,2,1.0,2,0.11633848571665584,32.894220745553696,93,True
3567,HR_1010__Gaia_DR3_4722135642226902656__B6,A002_Xc66ce1_Xaa9_spw0,6,976562.5,fine,282,2048,747,2,1.0,3,0.11633848571665584,30.59881325635547,747,True
3568,HR_1010__Gaia_DR3_4722135642226902656__B6,A002_Xc66ce1_Xaa9_spw0,6,976562.5,fine,282,2048,216,2,1.0,4,0.11633848571665584,30.052377212265696,216,True
3569,HR_1010__Gaia_DR3_4722135642226902656__B6,A002_Xc66ce1_Xaa9_spw0,6,976562.5,fine,282,2048,160,2,1.0,5,0.11633848571665584,31.809790111637685,160,True
3570,HR_1010__Gaia_DR3_4722135642226902656__B6,A002_Xc66ce1_Xaa9_spw0,6,976562.5,fine,282,2048,411,2,0.75,0,0.11633848571665584,24.17362141127177,411,True
3571,HR_1010__Gaia_DR3_4722135642226902656__B6,A002_Xc66ce1_Xaa9_spw0,6,976562.5,fine,282,2048,1613,2,0.75,1,0.11633848571665584,24.171820355704924,1613,True
3572,HR_1010__Gaia_DR3_4722135642226902656__B6,A002_Xc66ce1_Xaa9_spw0,6,976562.5,fine,282,2048,992,2,0.75,2,0.11633848571665584,22.158003776816383,992,True
3573,HR_1010__Gaia_DR3_4722135642226902656__B6,A002_Xc66ce1_Xaa9_spw0,6,976562.5,fine,282,2048,483,2,0.75,3,0.11633848571665584,20.843456304544162,483,True
3574,HR_1010__Gaia_DR3_4722135642226902656__B6,A002_Xc66ce1_Xaa9_spw0,6,976562.5,fine,282,2048,447,2,0.75,4,0.11633848571665584,24.98107428324313,447,True
3575,HR_1010__Gaia_DR3_4722135642226902656__B6,A002_Xc66ce1_Xaa9_spw0,6,976562.5,fine,282,2048,410,2,0.75,5,0.11633848571665584,25.255683885240657,410,True
3576,HR_1010__Gaia_DR3_4722135642226902656__B6,A002_Xc66ce1_Xaa9_spw0,6,976562.5,fine,282,2048,213,2,0.5,0,0.11633848571665584,14.290657075903411,213,True
3577,HR_1010__Gaia_DR3_4722135642226902656__B6,A002_Xc66ce1_Xaa9_spw0,6,976562.5,fine,282,2048,747,2,0.5,1,0.11633848571665584,15.050974074155013,747,True
3578,HR_1010__Gaia_DR3_4722135642226902656__B6,A002_Xc66ce1_Xaa9_spw0,6,976562.5,fine,282,2048,1060,2,0.5,2,0.11633848571665584,15.328402433657168,1060,True
3579,HR_1010__Gaia_DR3_4722135642226902656__B6,A002_Xc66ce1_Xaa9_spw0,6,976562.5,fine,282,2048,293,2,0.5,3,0.11633848571665584,15.448567270003798,293,True
3580,HR_1010__Gaia_DR3_4722135642226902656__B6,A002_Xc66ce1_Xaa9_spw0,6,976562.5,fine,282,2048,774,2,0.5,4,0.11633848571665584,15.412127277129,774,True
3581,HR_1010__Gaia_DR3_4722135642226902656__B6,A002_Xc66ce1_Xaa9_spw0,6,976562.5,fine,282,2048,1480,2,0.5,5,0.11633848571665584,14.920802924460345,1480,True
3582,HR_1010__Gaia_DR3_4722135642226902656__B6,A002_Xc66ce1_Xaa9_spw0,6,976562.5,fine,282,2048,1597,2,0.4,0,0.11633848571665584,13.434824557913675,1597,True
3583,HR_1010__Gaia_DR3_4722135642226902656__B6,A002_Xc66ce1_Xaa9_spw0,6,976562.5,fine,282,2048,1167,2,0.4,1,0.11633848571665584,13.049892214702671,1167,True
3584,HR_1010__Gaia_DR3_4722135642226902656__B6,A002_Xc66ce1_Xaa9_spw0,6,976562.5,fine,282,2048,652,2,0.4,2,0.11633848571665584,13.480757816380832,652,True
3585,HR_1010__Gaia_DR3_4722135642226902656__B6,A002_Xc66ce1_Xaa9_spw0,6,976562.5,fine,282,2048,1952,2,0.4,3,0.11633848571665584,12.057139217322943,1952,True
3586,HR_1010__Gaia_DR3_4722135642226902656__B6,A002_Xc66ce1_Xaa9_spw0,6,976562.5,fine,282,2048,966,2,0.4,4,0.11633848571665584,12.319709921255509,966,True
3587,HR_1010__Gaia_DR3_4722135642226902656__B6,A002_Xc66ce1_Xaa9_spw0,6,976562.5,fine,282,2048,811,2,0.4,5,0.11633848571665584,12.513017803892259,811,True
3588,HR_1010__Gaia_DR3_4722135642226902656__B6,A002_Xc66ce1_Xaa9_spw0,6,976562.5,fine,282,2048,1716,2,0.25,0,0.11633848571665584,7.690538628834536,1716,True
3589,HR_1010__Gaia_DR3_4722135642226902656__B6,A002_Xc66ce1_Xaa9_spw0,6,976562.5,fine,282,2048,1398,2,0.25,1,0.11633848571665584,7.7257797496864695,1398,True
3590,HR_1010__Gaia_DR3_4722135642226902656__B6,A002_Xc66ce1_Xaa9_spw0,6,976562.5,fine,282,2048,1217,2,0.25,2,0.11633848571665584,7.734723710277722,1217,True
3591,HR_1010__Gaia_DR3_4722135642226902656__B6,A002_Xc66ce1_Xaa9_spw0,6,976562.5,fine,282,2048,1076,2,0.25,3,0.11633848571665584,5.534457051213251,1076,True
3592,HR_1010__Gaia_DR3_4722135642226902656__B6,A002_Xc66ce1_Xaa9_spw0,6,976562.5,fine,282,2048,201,2,0.25,4,0.11633848571665584,8.166434546520126,201,True
3593,HR_1010__Gaia_DR3_4722135642226902656__B6,A002_Xc66ce1_Xaa9_spw0,6,976562.5,fine,282,2048,1593,2,0.25,5,0.11633848571665584,9.107511007652798,1593,True
3594,HR_1010__Gaia_DR3_4722135642226902656__B6,A002_Xc66ce1_Xaa9_spw0,6,976562.5,fine,282,2048,315,2,0.1,0,0.11633848571665584,3.7057826653971415,1309,False
3595,HR_1010__Gaia_DR3_4722135642226902656__B6,A002_Xc66ce1_Xaa9_spw0,6,976562.5,fine,282,2048,116,2,0.1,1,0.11633848571665584,1.5151424735484542,1309,False
3596,HR_1010__Gaia_DR3_4722135642226902656__B6,A002_Xc66ce1_Xaa9_spw0,6,976562.5,fine,282,2048,1418,2,0.1,2,0.11633848571665584,3.5769420029205174,1309,False
3597,HR_1010__Gaia_DR3_4722135642226902656__B6,A002_Xc66ce1_Xaa9_spw0,6,976562.5,fine,282,2048,1724,2,0.1,3,0.11633848571665584,2.3182591002854984,1309,False
3598,HR_1010__Gaia_DR3_4722135642226902656__B6,A002_Xc66ce1_Xaa9_spw0,6,976562.5,fine,282,2048,1854,2,0.1,4,0.11633848571665584,3.3954711398880084,1309,False
3599,HR_1010__Gaia_DR3_4722135642226902656__B6,A002_Xc66ce1_Xaa9_spw0,6,976562.5,fine,282,2048,111,2,0.1,5,0.11633848571665584,2.316325718386899,1309,False
3600,HR_1010__Gaia_DR3_4722135642226902656__B6,A002_Xc66ce1_Xaa9_spw0,6,976562.5,fine,282,2048,1907,3,1.0,0,0.11633848571665584,46.640905290607165,1907,True
3601,HR_1010__Gaia_DR3_4722135642226902656__B6,A002_Xc66ce1_Xaa9_spw0,6,976562.5,fine,282,2048,301,3,1.0,1,0.11633848571665584,45.705313134541406,301,True
3602,HR_1010__Gaia_DR3_4722135642226902656__B6,A002_Xc66ce1_Xaa9_spw0,6,976562.5,fine,282,2048,1476,3,1.0,2,0.11633848571665584,47.04863287703891,1476,True
3603,HR_1010__Gaia_DR3_4722135642226902656__B6,A002_Xc66ce1_Xaa9_spw0,6,976562.5,fine,282,2048,287,3,1.0,3,0.11633848571665584,44.130223798460705,287,True
3604,HR_1010__Gaia_DR3_4722135642226902656__B6,A002_Xc66ce1_Xaa9_spw0,6,976562.5,fine,282,2048,1974,3,1.0,4,0.11633848571665584,45.59788275624983,1974,True
3605,HR_1010__Gaia_DR3_4722135642226902656__B6,A002_Xc66ce1_Xaa9_spw0,6,976562.5,fine,282,2048,419,3,1.0,5,0.11633848571665584,45.129738869704546,419,True
3606,HR_1010__Gaia_DR3_4722135642226902656__B6,A002_Xc66ce1_Xaa9_spw0,6,976562.5,fine,282,2048,471,3,0.75,0,0.11633848571665584,34.86231690239306,471,True
3607,HR_1010__Gaia_DR3_4722135642226902656__B6,A002_Xc66ce1_Xaa9_spw0,6,976562.5,fine,282,2048,268,3,0.75,1,0.11633848571665584,34.25966659199501,268,True
3608,HR_1010__Gaia_DR3_4722135642226902656__B6,A002_Xc66ce1_Xaa9_spw0,6,976562.5,fine,282,2048,138,3,0.75,2,0.11633848571665584,35.107076792819555,138,True
3609,HR_1010__Gaia_DR3_4722135642226902656__B6,A002_Xc66ce1_Xaa9_spw0,6,976562.5,fine,282,2048,707,3,0.75,3,0.11633848571665584,34.71849353848912,707,True
3610,HR_1010__Gaia_DR3_4722135642226902656__B6,A002_Xc66ce1_Xaa9_spw0,6,976562.5,fine,282,2048,1593,3,0.75,4,0.11633848571665584,36.05738839367813,1593,True
3611,HR_1010__Gaia_DR3_4722135642226902656__B6,A002_Xc66ce1_Xaa9_spw0,6,976562.5,fine,282,2048,453,3,0.75,5,0.11633848571665584,33.52284450742324,453,True
3612,HR_1010__Gaia_DR3_4722135642226902656__B6,A002_Xc66ce1_Xaa9_spw0,6,976562.5,fine,282,2048,1061,3,0.5,0,0.11633848571665584,24.326959989447428,1061,True
3613,HR_1010__Gaia_DR3_4722135642226902656__B6,A002_Xc66ce1_Xaa9_spw0,6,976562.5,fine,282,2048,746,3,0.5,1,0.11633848571665584,22.30049721790093,746,True
3614,HR_1010__Gaia_DR3_4722135642226902656__B6,A002_Xc66ce1_Xaa9_spw0,6,976562.5,fine,282,2048,1385,3,0.5,2,0.11633848571665584,22.12581903160513,1385,True
3615,HR_1010__Gaia_DR3_4722135642226902656__B6,A002_Xc66ce1_Xaa9_spw0,6,976562.5,fine,282,2048,510,3,0.5,3,0.11633848571665584,23.635426094457607,510,True
3616,HR_1010__Gaia_DR3_4722135642226902656__B6,A002_Xc66ce1_Xaa9_spw0,6,976562.5,fine,282,2048,940,3,0.5,4,0.11633848571665584,21.375904528522433,940,True
3617,HR_1010__Gaia_DR3_4722135642226902656__B6,A002_Xc66ce1_Xaa9_spw0,6,976562.5,fine,282,2048,1505,3,0.5,5,0.11633848571665584,23.165336792286315,1505,True
3618,HR_1010__Gaia_DR3_4722135642226902656__B6,A002_Xc66ce1_Xaa9_spw0,6,976562.5,fine,282,2048,172,3,0.4,0,0.11633848571665584,18.02125001391525,172,True
3619,HR_1010__Gaia_DR3_4722135642226902656__B6,A002_Xc66ce1_Xaa9_spw0,6,976562.5,fine,282,2048,1004,3,0.4,1,0.11633848571665584,18.506273078759104,1004,True
3620,HR_1010__Gaia_DR3_4722135642226902656__B6,A002_Xc66ce1_Xaa9_spw0,6,976562.5,fine,282,2048,1326,3,0.4,2,0.11633848571665584,19.653418907101564,1326,True
3621,HR_1010__Gaia_DR3_4722135642226902656__B6,A002_Xc66ce1_Xaa9_spw0,6,976562.5,fine,282,2048,1485,3,0.4,3,0.11633848571665584,18.922116282369313,1485,True
3622,HR_1010__Gaia_DR3_4722135642226902656__B6,A002_Xc66ce1_Xaa9_spw0,6,976562.5,fine,282,2048,773,3,0.4,4,0.11633848571665584,17.796675796330476,773,True
3623,HR_1010__Gaia_DR3_4722135642226902656__B6,A002_Xc66ce1_Xaa9_spw0,6,976562.5,fine,282,2048,344,3,0.4,5,0.11633848571665584,17.92504082934862,344,True
3624,HR_1010__Gaia_DR3_4722135642226902656__B6,A002_Xc66ce1_Xaa9_spw0,6,976562.5,fine,282,2048,479,3,0.25,0,0.11633848571665584,9.896412497143798,479,True
3625,HR_1010__Gaia_DR3_4722135642226902656__B6,A002_Xc66ce1_Xaa9_spw0,6,976562.5,fine,282,2048,816,3,0.25,1,0.11633848571665584,12.883517764906683,816,True
3626,HR_1010__Gaia_DR3_4722135642226902656__B6,A002_Xc66ce1_Xaa9_spw0,6,976562.5,fine,282,2048,745,3,0.25,2,0.11633848571665584,10.981186572047672,745,True
3627,HR_1010__Gaia_DR3_4722135642226902656__B6,A002_Xc66ce1_Xaa9_spw0,6,976562.5,fine,282,2048,100,3,0.25,3,0.11633848571665584,12.692383227976645,100,True
3628,HR_1010__Gaia_DR3_4722135642226902656__B6,A002_Xc66ce1_Xaa9_spw0,6,976562.5,fine,282,2048,504,3,0.25,4,0.11633848571665584,10.570867532164183,504,True
3629,HR_1010__Gaia_DR3_4722135642226902656__B6,A002_Xc66ce1_Xaa9_spw0,6,976562.5,fine,282,2048,607,3,0.25,5,0.11633848571665584,10.921052678337421,607,True
3630,HR_1010__Gaia_DR3_4722135642226902656__B6,A002_Xc66ce1_Xaa9_spw0,6,976562.5,fine,282,2048,1410,3,0.1,0,0.11633848571665584,4.3808032146715705,1410,False
3631,HR_1010__Gaia_DR3_4722135642226902656__B6,A002_Xc66ce1_Xaa9_spw0,6,976562.5,fine,282,2048,1581,3,0.1,1,0.11633848571665584,4.381816915946336,1581,False
3632,HR_1010__Gaia_DR3_4722135642226902656__B6,A002_Xc66ce1_Xaa9_spw0,6,976562.5,fine,282,2048,1803,3,0.1,2,0.11633848571665584,6.0170434810657065,1803,True
3633,HR_1010__Gaia_DR3_4722135642226902656__B6,A002_Xc66ce1_Xaa9_spw0,6,976562.5,fine,282,2048,1774,3,0.1,3,0.11633848571665584,5.255927258801657,1774,True
3634,HR_1010__Gaia_DR3_4722135642226902656__B6,A002_Xc66ce1_Xaa9_spw0,6,976562.5,fine,282,2048,1008,3,0.1,4,0.11633848571665584,5.358723418570687,1008,True
3635,HR_1010__Gaia_DR3_4722135642226902656__B6,A002_Xc66ce1_Xaa9_spw0,6,976562.5,fine,282,2048,1737,3,0.1,5,0.11633848571665584,4.980387264791061,1737,False
3636,HR_1010__Gaia_DR3_4722135642226902656__B6,A002_Xc66ce1_Xaa9_spw0,6,976562.5,fine,282,2048,838,4,1.0,0,0.11633848571665584,60.17859217681883,838,True
3637,HR_1010__Gaia_DR3_4722135642226902656__B6,A002_Xc66ce1_Xaa9_spw0,6,976562.5,fine,282,2048,1187,4,1.0,1,0.11633848571665584,61.64577269493541,1187,True
3638,HR_1010__Gaia_DR3_4722135642226902656__B6,A002_Xc66ce1_Xaa9_spw0,6,976562.5,fine,282,2048,1043,4,1.0,2,0.11633848571665584,62.13902648060239,1043,True
3639,HR_1010__Gaia_DR3_4722135642226902656__B6,A002_Xc66ce1_Xaa9_spw0,6,976562.5,fine,282,2048,1048,4,1.0,3,0.11633848571665584,62.775625852527355,1048,True
3640,HR_1010__Gaia_DR3_4722135642226902656__B6,A002_Xc66ce1_Xaa9_spw0,6,976562.5,fine,282,2048,823,4,1.0,4,0.11633848571665584,61.4539853802037,823,True
3641,HR_1010__Gaia_DR3_4722135642226902656__B6,A002_Xc66ce1_Xaa9_spw0,6,976562.5,fine,282,2048,731,4,1.0,5,0.11633848571665584,63.388005858887595,731,True
3642,HR_1010__Gaia_DR3_4722135642226902656__B6,A002_Xc66ce1_Xaa9_spw0,6,976562.5,fine,282,2048,1689,4,0.75,0,0.11633848571665584,47.09788109879867,1689,True
3643,HR_1010__Gaia_DR3_4722135642226902656__B6,A002_Xc66ce1_Xaa9_spw0,6,976562.5,fine,282,2048,857,4,0.75,1,0.11633848571665584,45.61241417732228,857,True
3644,HR_1010__Gaia_DR3_4722135642226902656__B6,A002_Xc66ce1_Xaa9_spw0,6,976562.5,fine,282,2048,732,4,0.75,2,0.11633848571665584,48.57528004332594,732,True
3645,HR_1010__Gaia_DR3_4722135642226902656__B6,A002_Xc66ce1_Xaa9_spw0,6,976562.5,fine,282,2048,1569,4,0.75,3,0.11633848571665584,45.48303758921528,1569,True
3646,HR_1010__Gaia_DR3_4722135642226902656__B6,A002_Xc66ce1_Xaa9_spw0,6,976562.5,fine,282,2048,1419,4,0.75,4,0.11633848571665584,47.74244014931283,1419,True
3647,HR_1010__Gaia_DR3_4722135642226902656__B6,A002_Xc66ce1_Xaa9_spw0,6,976562.5,fine,282,2048,1746,4,0.75,5,0.11633848571665584,49.322746320793314,1746,True
3648,HR_1010__Gaia_DR3_4722135642226902656__B6,A002_Xc66ce1_Xaa9_spw0,6,976562.5,fine,282,2048,1877,4,0.5,0,0.11633848571665584,31.344803065264955,1877,True
3649,HR_1010__Gaia_DR3_4722135642226902656__B6,A002_Xc66ce1_Xaa9_spw0,6,976562.5,fine,282,2048,329,4,0.5,1,0.11633848571665584,30.90047802666015,329,True
3650,HR_1010__Gaia_DR3_4722135642226902656__B6,A002_Xc66ce1_Xaa9_spw0,6,976562.5,fine,282,2048,1745,4,0.5,2,0.11633848571665584,29.826530163981587,1745,True
3651,HR_1010__Gaia_DR3_4722135642226902656__B6,A002_Xc66ce1_Xaa9_spw0,6,976562.5,fine,282,2048,1304,4,0.5,3,0.11633848571665584,29.700171770577054,1304,True
3652,HR_1010__Gaia_DR3_4722135642226902656__B6,A002_Xc66ce1_Xaa9_spw0,6,976562.5,fine,282,2048,885,4,0.5,4,0.11633848571665584,31.412103181689517,885,True
3653,HR_1010__Gaia_DR3_4722135642226902656__B6,A002_Xc66ce1_Xaa9_spw0,6,976562.5,fine,282,2048,1868,4,0.5,5,0.11633848571665584,31.450969510174456,1868,True
3654,HR_1010__Gaia_DR3_4722135642226902656__B6,A002_Xc66ce1_Xaa9_spw0,6,976562.5,fine,282,2048,1798,4,0.4,0,0.11633848571665584,23.70109975348047,1798,True
3655,HR_1010__Gaia_DR3_4722135642226902656__B6,A002_Xc66ce1_Xaa9_spw0,6,976562.5,fine,282,2048,1472,4,0.4,1,0.11633848571665584,25.74235469317786,1472,True
3656,HR_1010__Gaia_DR3_4722135642226902656__B6,A002_Xc66ce1_Xaa9_spw0,6,976562.5,fine,282,2048,768,4,0.4,2,0.11633848571665584,28.353579517162057,768,True
3657,HR_1010__Gaia_DR3_4722135642226902656__B6,A002_Xc66ce1_Xaa9_spw0,6,976562.5,fine,282,2048,176,4,0.4,3,0.11633848571665584,24.88981510754382,176,True
3658,HR_1010__Gaia_DR3_4722135642226902656__B6,A002_Xc66ce1_Xaa9_spw0,6,976562.5,fine,282,2048,1373,4,0.4,4,0.11633848571665584,24.420077215505714,1373,True
3659,HR_1010__Gaia_DR3_4722135642226902656__B6,A002_Xc66ce1_Xaa9_spw0,6,976562.5,fine,282,2048,283,4,0.4,5,0.11633848571665584,24.530493268639958,283,True
3660,HR_1010__Gaia_DR3_4722135642226902656__B6,A002_Xc66ce1_Xaa9_spw0,6,976562.5,fine,282,2048,449,4,0.25,0,0.11633848571665584,15.971138971261695,449,True
3661,HR_1010__Gaia_DR3_4722135642226902656__B6,A002_Xc66ce1_Xaa9_spw0,6,976562.5,fine,282,2048,1413,4,0.25,1,0.11633848571665584,13.744153143574238,1413,True
3662,HR_1010__Gaia_DR3_4722135642226902656__B6,A002_Xc66ce1_Xaa9_spw0,6,976562.5,fine,282,2048,1405,4,0.25,2,0.11633848571665584,15.641564258057565,1405,True
3663,HR_1010__Gaia_DR3_4722135642226902656__B6,A002_Xc66ce1_Xaa9_spw0,6,976562.5,fine,282,2048,1467,4,0.25,3,0.11633848571665584,13.706344411055387,1467,True
3664,HR_1010__Gaia_DR3_4722135642226902656__B6,A002_Xc66ce1_Xaa9_spw0,6,976562.5,fine,282,2048,306,4,0.25,4,0.11633848571665584,14.304713178728276,306,True
3665,HR_1010__Gaia_DR3_4722135642226902656__B6,A002_Xc66ce1_Xaa9_spw0,6,976562.5,fine,282,2048,1475,4,0.25,5,0.11633848571665584,15.578243706782317,1475,True
3666,HR_1010__Gaia_DR3_4722135642226902656__B6,A002_Xc66ce1_Xaa9_spw0,6,976562.5,fine,282,2048,1832,4,0.1,0,0.11633848571665584,4.910041769707275,1832,False
3667,HR_1010__Gaia_DR3_4722135642226902656__B6,A002_Xc66ce1_Xaa9_spw0,6,976562.5,fine,282,2048,1114,4,0.1,1,0.11633848571665584,8.488798752516882,1114,True
3668,HR_1010__Gaia_DR3_4722135642226902656__B6,A002_Xc66ce1_Xaa9_spw0,6,976562.5,fine,282,2048,225,4,0.1,2,0.11633848571665584,3.9146852977615603,225,False
3669,HR_1010__Gaia_DR3_4722135642226902656__B6,A002_Xc66ce1_Xaa9_spw0,6,976562.5,fine,282,2048,745,4,0.1,3,0.11633848571665584,5.590402247970474,745,True
3670,HR_1010__Gaia_DR3_4722135642226902656__B6,A002_Xc66ce1_Xaa9_spw0,6,976562.5,fine,282,2048,886,4,0.1,4,0.11633848571665584,5.489679297233358,886,True
3671,HR_1010__Gaia_DR3_4722135642226902656__B6,A002_Xc66ce1_Xaa9_spw0,6,976562.5,fine,282,2048,514,4,0.1,5,0.11633848571665584,6.146391029035437,514,True
3672,HR_1010__Gaia_DR3_4722135642226902656__B6,A002_Xc66ce1_Xaa9_spw0,6,976562.5,fine,282,2048,1453,5,1.0,0,0.11633848571665584,78.80726564012055,1453,True
3673,HR_1010__Gaia_DR3_4722135642226902656__B6,A002_Xc66ce1_Xaa9_spw0,6,976562.5,fine,282,2048,491,5,1.0,1,0.11633848571665584,75.35667300648096,491,True
3674,HR_1010__Gaia_DR3_4722135642226902656__B6,A002_Xc66ce1_Xaa9_spw0,6,976562.5,fine,282,2048,997,5,1.0,2,0.11633848571665584,77.20074682026798,997,True
3675,HR_1010__Gaia_DR3_4722135642226902656__B6,A002_Xc66ce1_Xaa9_spw0,6,976562.5,fine,282,2048,1881,5,1.0,3,0.11633848571665584,78.1261372535568,1881,True
3676,HR_1010__Gaia_DR3_4722135642226902656__B6,A002_Xc66ce1_Xaa9_spw0,6,976562.5,fine,282,2048,1777,5,1.0,4,0.11633848571665584,75.74990203440878,1777,True
3677,HR_1010__Gaia_DR3_4722135642226902656__B6,A002_Xc66ce1_Xaa9_spw0,6,976562.5,fine,282,2048,115,5,1.0,5,0.11633848571665584,77.70214027488767,115,True
3678,HR_1010__Gaia_DR3_4722135642226902656__B6,A002_Xc66ce1_Xaa9_spw0,6,976562.5,fine,282,2048,527,5,0.75,0,0.11633848571665584,58.69912595636447,527,True
3679,HR_1010__Gaia_DR3_4722135642226902656__B6,A002_Xc66ce1_Xaa9_spw0,6,976562.5,fine,282,2048,759,5,0.75,1,0.11633848571665584,59.688681052281794,759,True
3680,HR_1010__Gaia_DR3_4722135642226902656__B6,A002_Xc66ce1_Xaa9_spw0,6,976562.5,fine,282,2048,184,5,0.75,2,0.11633848571665584,58.00185473944287,184,True
3681,HR_1010__Gaia_DR3_4722135642226902656__B6,A002_Xc66ce1_Xaa9_spw0,6,976562.5,fine,282,2048,1148,5,0.75,3,0.11633848571665584,59.33428509883844,1148,True
3682,HR_1010__Gaia_DR3_4722135642226902656__B6,A002_Xc66ce1_Xaa9_spw0,6,976562.5,fine,282,2048,1275,5,0.75,4,0.11633848571665584,58.38527291452061,1275,True
3683,HR_1010__Gaia_DR3_4722135642226902656__B6,A002_Xc66ce1_Xaa9_spw0,6,976562.5,fine,282,2048,653,5,0.75,5,0.11633848571665584,56.98644673972641,653,True
3684,HR_1010__Gaia_DR3_4722135642226902656__B6,A002_Xc66ce1_Xaa9_spw0,6,976562.5,fine,282,2048,1897,5,0.5,0,0.11633848571665584,40.63590891887664,1897,True
3685,HR_1010__Gaia_DR3_4722135642226902656__B6,A002_Xc66ce1_Xaa9_spw0,6,976562.5,fine,282,2048,1078,5,0.5,1,0.11633848571665584,38.72282981030946,1078,True
3686,HR_1010__Gaia_DR3_4722135642226902656__B6,A002_Xc66ce1_Xaa9_spw0,6,976562.5,fine,282,2048,1888,5,0.5,2,0.11633848571665584,39.16514498048093,1888,True
3687,HR_1010__Gaia_DR3_4722135642226902656__B6,A002_Xc66ce1_Xaa9_spw0,6,976562.5,fine,282,2048,1513,5,0.5,3,0.11633848571665584,37.50223073564895,1513,True
3688,HR_1010__Gaia_DR3_4722135642226902656__B6,A002_Xc66ce1_Xaa9_spw0,6,976562.5,fine,282,2048,1331,5,0.5,4,0.11633848571665584,38.03983279940575,1331,True
3689,HR_1010__Gaia_DR3_4722135642226902656__B6,A002_Xc66ce1_Xaa9_spw0,6,976562.5,fine,282,2048,152,5,0.5,5,0.11633848571665584,39.5408313842007,152,True
3690,HR_1010__Gaia_DR3_4722135642226902656__B6,A002_Xc66ce1_Xaa9_spw0,6,976562.5,fine,282,2048,198,5,0.4,0,0.11633848571665584,30.044767464028045,198,True
3691,HR_1010__Gaia_DR3_4722135642226902656__B6,A002_Xc66ce1_Xaa9_spw0,6,976562.5,fine,282,2048,693,5,0.4,1,0.11633848571665584,30.042699812508527,693,True
3692,HR_1010__Gaia_DR3_4722135642226902656__B6,A002_Xc66ce1_Xaa9_spw0,6,976562.5,fine,282,2048,1582,5,0.4,2,0.11633848571665584,30.194123919926497,1582,True
3693,HR_1010__Gaia_DR3_4722135642226902656__B6,A002_Xc66ce1_Xaa9_spw0,6,976562.5,fine,282,2048,664,5,0.4,3,0.11633848571665584,30.324197252799422,664,True
3694,HR_1010__Gaia_DR3_4722135642226902656__B6,A002_Xc66ce1_Xaa9_spw0,6,976562.5,fine,282,2048,1545,5,0.4,4,0.11633848571665584,30.765343964022225,1545,True
3695,HR_1010__Gaia_DR3_4722135642226902656__B6,A002_Xc66ce1_Xaa9_spw0,6,976562.5,fine,282,2048,1897,5,0.4,5,0.11633848571665584,32.723666680668806,1897,True
3696,HR_1010__Gaia_DR3_4722135642226902656__B6,A002_Xc66ce1_Xaa9_spw0,6,976562.5,fine,282,2048,662,5,0.25,0,0.11633848571665584,19.71277987573642,662,True
3697,HR_1010__Gaia_DR3_4722135642226902656__B6,A002_Xc66ce1_Xaa9_spw0,6,976562.5,fine,282,2048,360,5,0.25,1,0.11633848571665584,20.404162435628624,360,True
3698,HR_1010__Gaia_DR3_4722135642226902656__B6,A002_Xc66ce1_Xaa9_spw0,6,976562.5,fine,282,2048,1724,5,0.25,2,0.11633848571665584,18.577078710549994,1724,True
3699,HR_1010__Gaia_DR3_4722135642226902656__B6,A002_Xc66ce1_Xaa9_spw0,6,976562.5,fine,282,2048,1625,5,0.25,3,0.11633848571665584,19.55055491239969,1625,True
3700,HR_1010__Gaia_DR3_4722135642226902656__B6,A002_Xc66ce1_Xaa9_spw0,6,976562.5,fine,282,2048,1837,5,0.25,4,0.11633848571665584,19.212474048411174,1837,True
3701,HR_1010__Gaia_DR3_4722135642226902656__B6,A002_Xc66ce1_Xaa9_spw0,6,976562.5,fine,282,2048,979,5,0.25,5,0.11633848571665584,19.623836323755448,979,True
3702,HR_1010__Gaia_DR3_4722135642226902656__B6,A002_Xc66ce1_Xaa9_spw0,6,976562.5,fine,282,2048,1479,5,0.1,0,0.11633848571665584,7.7843000864159,1479,True
3703,HR_1010__Gaia_DR3_4722135642226902656__B6,A002_Xc66ce1_Xaa9_spw0,6,976562.5,fine,282,2048,275,5,0.1,1,0.11633848571665584,6.711450373359946,275,True
3704,HR_1010__Gaia_DR3_4722135642226902656__B6,A002_Xc66ce1_Xaa9_spw0,6,976562.5,fine,282,2048,1395,5,0.1,2,0.11633848571665584,7.557709648346373,1395,True
3705,HR_1010__Gaia_DR3_4722135642226902656__B6,A002_Xc66ce1_Xaa9_spw0,6,976562.5,fine,282,2048,924,5,0.1,3,0.11633848571665584,6.7074516477157315,924,True
3706,HR_1010__Gaia_DR3_4722135642226902656__B6,A002_Xc66ce1_Xaa9_spw0,6,976562.5,fine,282,2048,1338,5,0.1,4,0.11633848571665584,8.376904740618034,1338,True
3707,HR_1010__Gaia_DR3_4722135642226902656__B6,A002_Xc66ce1_Xaa9_spw0,6,976562.5,fine,282,2048,153,5,0.1,5,0.11633848571665584,7.933821593693495,153,True
3708,HR_1010__Gaia_DR3_4722135642226902656__B6,A002_Xc66ce1_Xaa9_spw0,6,976562.5,fine,282,2048,1187,6,1.0,0,0.11633848571665584,92.67014104004573,1187,True
3709,HR_1010__Gaia_DR3_4722135642226902656__B6,A002_Xc66ce1_Xaa9_spw0,6,976562.5,fine,282,2048,1722,6,1.0,1,0.11633848571665584,93.57036314387503,1722,True
3710,HR_1010__Gaia_DR3_4722135642226902656__B6,A002_Xc66ce1_Xaa9_spw0,6,976562.5,fine,282,2048,1454,6,1.0,2,0.11633848571665584,95.04945244316347,1454,True
3711,HR_1010__Gaia_DR3_4722135642226902656__B6,A002_Xc66ce1_Xaa9_spw0,6,976562.5,fine,282,2048,1806,6,1.0,3,0.11633848571665584,92.27516786043714,1806,True
3712,HR_1010__Gaia_DR3_4722135642226902656__B6,A002_Xc66ce1_Xaa9_spw0,6,976562.5,fine,282,2048,1040,6,1.0,4,0.11633848571665584,92.52942588276586,1040,True
3713,HR_1010__Gaia_DR3_4722135642226902656__B6,A002_Xc66ce1_Xaa9_spw0,6,976562.5,fine,282,2048,473,6,1.0,5,0.11633848571665584,92.39342220104474,473,True
3714,HR_1010__Gaia_DR3_4722135642226902656__B6,A002_Xc66ce1_Xaa9_spw0,6,976562.5,fine,282,2048,117,6,0.75,0,0.11633848571665584,70.67824359455173,117,True
3715,HR_1010__Gaia_DR3_4722135642226902656__B6,A002_Xc66ce1_Xaa9_spw0,6,976562.5,fine,282,2048,1109,6,0.75,1,0.11633848571665584,70.58727643539382,1109,True
3716,HR_1010__Gaia_DR3_4722135642226902656__B6,A002_Xc66ce1_Xaa9_spw0,6,976562.5,fine,282,2048,643,6,0.75,2,0.11633848571665584,70.42528941738627,643,True
3717,HR_1010__Gaia_DR3_4722135642226902656__B6,A002_Xc66ce1_Xaa9_spw0,6,976562.5,fine,282,2048,326,6,0.75,3,0.11633848571665584,70.04534378224407,326,True
3718,HR_1010__Gaia_DR3_4722135642226902656__B6,A002_Xc66ce1_Xaa9_spw0,6,976562.5,fine,282,2048,547,6,0.75,4,0.11633848571665584,69.24861871305676,547,True
3719,HR_1010__Gaia_DR3_4722135642226902656__B6,A002_Xc66ce1_Xaa9_spw0,6,976562.5,fine,282,2048,994,6,0.75,5,0.11633848571665584,71.38108024479824,994,True
3720,HR_1010__Gaia_DR3_4722135642226902656__B6,A002_Xc66ce1_Xaa9_spw0,6,976562.5,fine,282,2048,938,6,0.5,0,0.11633848571665584,46.674239741256976,938,True
3721,HR_1010__Gaia_DR3_4722135642226902656__B6,A002_Xc66ce1_Xaa9_spw0,6,976562.5,fine,282,2048,290,6,0.5,1,0.11633848571665584,43.703978821815795,290,True
3722,HR_1010__Gaia_DR3_4722135642226902656__B6,A002_Xc66ce1_Xaa9_spw0,6,976562.5,fine,282,2048,594,6,0.5,2,0.11633848571665584,45.496502263777735,594,True
3723,HR_1010__Gaia_DR3_4722135642226902656__B6,A002_Xc66ce1_Xaa9_spw0,6,976562.5,fine,282,2048,672,6,0.5,3,0.11633848571665584,46.86495026559354,672,True
3724,HR_1010__Gaia_DR3_4722135642226902656__B6,A002_Xc66ce1_Xaa9_spw0,6,976562.5,fine,282,2048,654,6,0.5,4,0.11633848571665584,45.212231070923195,654,True
3725,HR_1010__Gaia_DR3_4722135642226902656__B6,A002_Xc66ce1_Xaa9_spw0,6,976562.5,fine,282,2048,1503,6,0.5,5,0.11633848571665584,45.25554589328094,1503,True
3726,HR_1010__Gaia_DR3_4722135642226902656__B6,A002_Xc66ce1_Xaa9_spw0,6,976562.5,fine,282,2048,854,6,0.4,0,0.11633848571665584,36.33006173407872,854,True
3727,HR_1010__Gaia_DR3_4722135642226902656__B6,A002_Xc66ce1_Xaa9_spw0,6,976562.5,fine,282,2048,934,6,0.4,1,0.11633848571665584,37.25635054636587,934,True
3728,HR_1010__Gaia_DR3_4722135642226902656__B6,A002_Xc66ce1_Xaa9_spw0,6,976562.5,fine,282,2048,266,6,0.4,2,0.11633848571665584,36.94297123785775,266,True
3729,HR_1010__Gaia_DR3_4722135642226902656__B6,A002_Xc66ce1_Xaa9_spw0,6,976562.5,fine,282,2048,1239,6,0.4,3,0.11633848571665584,36.91393868660279,1239,True
3730,HR_1010__Gaia_DR3_4722135642226902656__B6,A002_Xc66ce1_Xaa9_spw0,6,976562.5,fine,282,2048,815,6,0.4,4,0.11633848571665584,38.63533748529652,815,True
3731,HR_1010__Gaia_DR3_4722135642226902656__B6,A002_Xc66ce1_Xaa9_spw0,6,976562.5,fine,282,2048,1645,6,0.4,5,0.11633848571665584,37.739253357583465,1645,True
3732,HR_1010__Gaia_DR3_4722135642226902656__B6,A002_Xc66ce1_Xaa9_spw0,6,976562.5,fine,282,2048,947,6,0.25,0,0.11633848571665584,20.878035511877126,947,True
3733,HR_1010__Gaia_DR3_4722135642226902656__B6,A002_Xc66ce1_Xaa9_spw0,6,976562.5,fine,282,2048,804,6,0.25,1,0.11633848571665584,23.285364424674373,804,True
3734,HR_1010__Gaia_DR3_4722135642226902656__B6,A002_Xc66ce1_Xaa9_spw0,6,976562.5,fine,282,2048,577,6,0.25,2,0.11633848571665584,21.631132225506285,577,True
3735,HR_1010__Gaia_DR3_4722135642226902656__B6,A002_Xc66ce1_Xaa9_spw0,6,976562.5,fine,282,2048,660,6,0.25,3,0.11633848571665584,23.107182181681633,660,True
3736,HR_1010__Gaia_DR3_4722135642226902656__B6,A002_Xc66ce1_Xaa9_spw0,6,976562.5,fine,282,2048,920,6,0.25,4,0.11633848571665584,25.768690919893405,920,True
3737,HR_1010__Gaia_DR3_4722135642226902656__B6,A002_Xc66ce1_Xaa9_spw0,6,976562.5,fine,282,2048,1547,6,0.25,5,0.11633848571665584,22.37573978947076,1547,True
3738,HR_1010__Gaia_DR3_4722135642226902656__B6,A002_Xc66ce1_Xaa9_spw0,6,976562.5,fine,282,2048,899,6,0.1,0,0.11633848571665584,9.58002449741089,899,True
3739,HR_1010__Gaia_DR3_4722135642226902656__B6,A002_Xc66ce1_Xaa9_spw0,6,976562.5,fine,282,2048,1851,6,0.1,1,0.11633848571665584,9.812504395555177,1851,True
3740,HR_1010__Gaia_DR3_4722135642226902656__B6,A002_Xc66ce1_Xaa9_spw0,6,976562.5,fine,282,2048,334,6,0.1,2,0.11633848571665584,6.627049887216639,334,True
3741,HR_1010__Gaia_DR3_4722135642226902656__B6,A002_Xc66ce1_Xaa9_spw0,6,976562.5,fine,282,2048,1145,6,0.1,3,0.11633848571665584,9.335739210606837,1145,True
3742,HR_1010__Gaia_DR3_4722135642226902656__B6,A002_Xc66ce1_Xaa9_spw0,6,976562.5,fine,282,2048,1429,6,0.1,4,0.11633848571665584,9.613407655311821,1429,True
3743,HR_1010__Gaia_DR3_4722135642226902656__B6,A002_Xc66ce1_Xaa9_spw0,6,976562.5,fine,282,2048,115,6,0.1,5,0.11633848571665584,9.313355611201647,115,True
3744,HR_1010__Gaia_DR3_4722135642226902656__B6,A002_Xc66ce1_Xaa9_spw0,6,976562.5,fine,282,2048,373,8,1.0,0,0.11633848571665584,124.90824163906302,373,True
3745,HR_1010__Gaia_DR3_4722135642226902656__B6,A002_Xc66ce1_Xaa9_spw0,6,976562.5,fine,282,2048,232,8,1.0,1,0.11633848571665584,121.35981706694605,232,True
3746,HR_1010__Gaia_DR3_4722135642226902656__B6,A002_Xc66ce1_Xaa9_spw0,6,976562.5,fine,282,2048,839,8,1.0,2,0.11633848571665584,124.43426093319258,839,True
3747,HR_1010__Gaia_DR3_4722135642226902656__B6,A002_Xc66ce1_Xaa9_spw0,6,976562.5,fine,282,2048,498,8,1.0,3,0.11633848571665584,123.98091627070677,498,True
3748,HR_1010__Gaia_DR3_4722135642226902656__B6,A002_Xc66ce1_Xaa9_spw0,6,976562.5,fine,282,2048,311,8,1.0,4,0.11633848571665584,123.31497508175303,311,True
3749,HR_1010__Gaia_DR3_4722135642226902656__B6,A002_Xc66ce1_Xaa9_spw0,6,976562.5,fine,282,2048,873,8,1.0,5,0.11633848571665584,125.68403183414357,873,True
3750,HR_1010__Gaia_DR3_4722135642226902656__B6,A002_Xc66ce1_Xaa9_spw0,6,976562.5,fine,282,2048,1262,8,0.75,0,0.11633848571665584,93.2959919516885,1262,True
3751,HR_1010__Gaia_DR3_4722135642226902656__B6,A002_Xc66ce1_Xaa9_spw0,6,976562.5,fine,282,2048,1969,8,0.75,1,0.11633848571665584,94.04305101330397,1969,True
3752,HR_1010__Gaia_DR3_4722135642226902656__B6,A002_Xc66ce1_Xaa9_spw0,6,976562.5,fine,282,2048,1655,8,0.75,2,0.11633848571665584,91.28107268438258,1655,True
3753,HR_1010__Gaia_DR3_4722135642226902656__B6,A002_Xc66ce1_Xaa9_spw0,6,976562.5,fine,282,2048,412,8,0.75,3,0.11633848571665584,94.10744860143933,412,True
3754,HR_1010__Gaia_DR3_4722135642226902656__B6,A002_Xc66ce1_Xaa9_spw0,6,976562.5,fine,282,2048,1948,8,0.75,4,0.11633848571665584,92.91438788779267,1948,True
3755,HR_1010__Gaia_DR3_4722135642226902656__B6,A002_Xc66ce1_Xaa9_spw0,6,976562.5,fine,282,2048,331,8,0.75,5,0.11633848571665584,91.91475551746466,331,True
3756,HR_1010__Gaia_DR3_4722135642226902656__B6,A002_Xc66ce1_Xaa9_spw0,6,976562.5,fine,282,2048,1584,8,0.5,0,0.11633848571665584,61.83737116277212,1584,True
3757,HR_1010__Gaia_DR3_4722135642226902656__B6,A002_Xc66ce1_Xaa9_spw0,6,976562.5,fine,282,2048,1060,8,0.5,1,0.11633848571665584,61.900163769113774,1060,True
3758,HR_1010__Gaia_DR3_4722135642226902656__B6,A002_Xc66ce1_Xaa9_spw0,6,976562.5,fine,282,2048,1041,8,0.5,2,0.11633848571665584,62.662257031574875,1041,True
3759,HR_1010__Gaia_DR3_4722135642226902656__B6,A002_Xc66ce1_Xaa9_spw0,6,976562.5,fine,282,2048,155,8,0.5,3,0.11633848571665584,59.69346104352743,155,True
3760,HR_1010__Gaia_DR3_4722135642226902656__B6,A002_Xc66ce1_Xaa9_spw0,6,976562.5,fine,282,2048,1959,8,0.5,4,0.11633848571665584,61.01322120890889,1959,True
3761,HR_1010__Gaia_DR3_4722135642226902656__B6,A002_Xc66ce1_Xaa9_spw0,6,976562.5,fine,282,2048,1622,8,0.5,5,0.11633848571665584,60.38701390356224,1622,True
3762,HR_1010__Gaia_DR3_4722135642226902656__B6,A002_Xc66ce1_Xaa9_spw0,6,976562.5,fine,282,2048,1518,8,0.4,0,0.11633848571665584,50.93867841689926,1518,True
3763,HR_1010__Gaia_DR3_4722135642226902656__B6,A002_Xc66ce1_Xaa9_spw0,6,976562.5,fine,282,2048,1555,8,0.4,1,0.11633848571665584,49.843850027783425,1555,True
3764,HR_1010__Gaia_DR3_4722135642226902656__B6,A002_Xc66ce1_Xaa9_spw0,6,976562.5,fine,282,2048,568,8,0.4,2,0.11633848571665584,48.999983386455696,568,True
3765,HR_1010__Gaia_DR3_4722135642226902656__B6,A002_Xc66ce1_Xaa9_spw0,6,976562.5,fine,282,2048,1956,8,0.4,3,0.11633848571665584,46.93328153619728,1956,True
3766,HR_1010__Gaia_DR3_4722135642226902656__B6,A002_Xc66ce1_Xaa9_spw0,6,976562.5,fine,282,2048,1366,8,0.4,4,0.11633848571665584,49.8979756342358,1366,True
3767,HR_1010__Gaia_DR3_4722135642226902656__B6,A002_Xc66ce1_Xaa9_spw0,6,976562.5,fine,282,2048,1651,8,0.4,5,0.11633848571665584,48.67630542973599,1651,True
3768,HR_1010__Gaia_DR3_4722135642226902656__B6,A002_Xc66ce1_Xaa9_spw0,6,976562.5,fine,282,2048,896,8,0.25,0,0.11633848571665584,29.166799902223254,896,True
3769,HR_1010__Gaia_DR3_4722135642226902656__B6,A002_Xc66ce1_Xaa9_spw0,6,976562.5,fine,282,2048,868,8,0.25,1,0.11633848571665584,31.65823479076893,868,True
3770,HR_1010__Gaia_DR3_4722135642226902656__B6,A002_Xc66ce1_Xaa9_spw0,6,976562.5,fine,282,2048,767,8,0.25,2,0.11633848571665584,33.68792047302104,767,True
3771,HR_1010__Gaia_DR3_4722135642226902656__B6,A002_Xc66ce1_Xaa9_spw0,6,976562.5,fine,282,2048,665,8,0.25,3,0.11633848571665584,32.865336376061435,665,True
3772,HR_1010__Gaia_DR3_4722135642226902656__B6,A002_Xc66ce1_Xaa9_spw0,6,976562.5,fine,282,2048,1714,8,0.25,4,0.11633848571665584,32.468028552653166,1714,True
3773,HR_1010__Gaia_DR3_4722135642226902656__B6,A002_Xc66ce1_Xaa9_spw0,6,976562.5,fine,282,2048,1686,8,0.25,5,0.11633848571665584,30.734751270162185,1686,True
3774,HR_1010__Gaia_DR3_4722135642226902656__B6,A002_Xc66ce1_Xaa9_spw0,6,976562.5,fine,282,2048,1711,8,0.1,0,0.11633848571665584,10.534736643759933,1711,True
3775,HR_1010__Gaia_DR3_4722135642226902656__B6,A002_Xc66ce1_Xaa9_spw0,6,976562.5,fine,282,2048,1259,8,0.1,1,0.11633848571665584,11.187545687269228,1259,True
3776,HR_1010__Gaia_DR3_4722135642226902656__B6,A002_Xc66ce1_Xaa9_spw0,6,976562.5,fine,282,2048,243,8,0.1,2,0.11633848571665584,12.044657996812218,243,True
3777,HR_1010__Gaia_DR3_4722135642226902656__B6,A002_Xc66ce1_Xaa9_spw0,6,976562.5,fine,282,2048,1889,8,0.1,3,0.11633848571665584,14.215291454586682,1889,True
3778,HR_1010__Gaia_DR3_4722135642226902656__B6,A002_Xc66ce1_Xaa9_spw0,6,976562.5,fine,282,2048,425,8,0.1,4,0.11633848571665584,11.954180147683182,425,True
3779,HR_1010__Gaia_DR3_4722135642226902656__B6,A002_Xc66ce1_Xaa9_spw0,6,976562.5,fine,282,2048,427,8,0.1,5,0.11633848571665584,14.061751087382996,427,True
3780,HR_1010__Gaia_DR3_4722135642226902656__B6,A002_Xc66ce1_Xaa9_spw0,6,976562.5,fine,282,2048,1208,10,1.0,0,0.11633848571665584,154.3231228677676,1208,True
3781,HR_1010__Gaia_DR3_4722135642226902656__B6,A002_Xc66ce1_Xaa9_spw0,6,976562.5,fine,282,2048,672,10,1.0,1,0.11633848571665584,155.1694068405473,672,True
3782,HR_1010__Gaia_DR3_4722135642226902656__B6,A002_Xc66ce1_Xaa9_spw0,6,976562.5,fine,282,2048,192,10,1.0,2,0.11633848571665584,154.4340043168888,192,True
3783,HR_1010__Gaia_DR3_4722135642226902656__B6,A002_Xc66ce1_Xaa9_spw0,6,976562.5,fine,282,2048,1490,10,1.0,3,0.11633848571665584,154.05717157508295,1490,True
3784,HR_1010__Gaia_DR3_4722135642226902656__B6,A002_Xc66ce1_Xaa9_spw0,6,976562.5,fine,282,2048,1240,10,1.0,4,0.11633848571665584,154.79938069420592,1240,True
3785,HR_1010__Gaia_DR3_4722135642226902656__B6,A002_Xc66ce1_Xaa9_spw0,6,976562.5,fine,282,2048,316,10,1.0,5,0.11633848571665584,154.92594273943374,316,True
3786,HR_1010__Gaia_DR3_4722135642226902656__B6,A002_Xc66ce1_Xaa9_spw0,6,976562.5,fine,282,2048,1607,10,0.75,0,0.11633848571665584,115.44581727963124,1607,True
3787,HR_1010__Gaia_DR3_4722135642226902656__B6,A002_Xc66ce1_Xaa9_spw0,6,976562.5,fine,282,2048,939,10,0.75,1,0.11633848571665584,116.96606858767274,939,True
3788,HR_1010__Gaia_DR3_4722135642226902656__B6,A002_Xc66ce1_Xaa9_spw0,6,976562.5,fine,282,2048,1126,10,0.75,2,0.11633848571665584,115.50755099412474,1126,True
3789,HR_1010__Gaia_DR3_4722135642226902656__B6,A002_Xc66ce1_Xaa9_spw0,6,976562.5,fine,282,2048,99,10,0.75,3,0.11633848571665584,116.52816905702561,99,True
3790,HR_1010__Gaia_DR3_4722135642226902656__B6,A002_Xc66ce1_Xaa9_spw0,6,976562.5,fine,282,2048,991,10,0.75,4,0.11633848571665584,117.65777310477449,991,True
3791,HR_1010__Gaia_DR3_4722135642226902656__B6,A002_Xc66ce1_Xaa9_spw0,6,976562.5,fine,282,2048,257,10,0.75,5,0.11633848571665584,114.70747909676747,257,True
3792,HR_1010__Gaia_DR3_4722135642226902656__B6,A002_Xc66ce1_Xaa9_spw0,6,976562.5,fine,282,2048,436,10,0.5,0,0.11633848571665584,77.0708510356123,436,True
3793,HR_1010__Gaia_DR3_4722135642226902656__B6,A002_Xc66ce1_Xaa9_spw0,6,976562.5,fine,282,2048,1327,10,0.5,1,0.11633848571665584,77.76934570142178,1327,True
3794,HR_1010__Gaia_DR3_4722135642226902656__B6,A002_Xc66ce1_Xaa9_spw0,6,976562.5,fine,282,2048,752,10,0.5,2,0.11633848571665584,77.93861147446967,752,True
3795,HR_1010__Gaia_DR3_4722135642226902656__B6,A002_Xc66ce1_Xaa9_spw0,6,976562.5,fine,282,2048,1224,10,0.5,3,0.11633848571665584,77.67690234029116,1224,True
3796,HR_1010__Gaia_DR3_4722135642226902656__B6,A002_Xc66ce1_Xaa9_spw0,6,976562.5,fine,282,2048,796,10,0.5,4,0.11633848571665584,78.10477367816213,796,True
3797,HR_1010__Gaia_DR3_4722135642226902656__B6,A002_Xc66ce1_Xaa9_spw0,6,976562.5,fine,282,2048,1198,10,0.5,5,0.11633848571665584,76.06811499639917,1198,True
3798,HR_1010__Gaia_DR3_4722135642226902656__B6,A002_Xc66ce1_Xaa9_spw0,6,976562.5,fine,282,2048,817,10,0.4,0,0.11633848571665584,62.573023025921515,817,True
3799,HR_1010__Gaia_DR3_4722135642226902656__B6,A002_Xc66ce1_Xaa9_spw0,6,976562.5,fine,282,2048,830,10,0.4,1,0.11633848571665584,63.396279395864255,830,True
3800,HR_1010__Gaia_DR3_4722135642226902656__B6,A002_Xc66ce1_Xaa9_spw0,6,976562.5,fine,282,2048,1521,10,0.4,2,0.11633848571665584,61.79867416190514,1521,True
3801,HR_1010__Gaia_DR3_4722135642226902656__B6,A002_Xc66ce1_Xaa9_spw0,6,976562.5,fine,282,2048,1217,10,0.4,3,0.11633848571665584,62.30643774401507,1217,True
3802,HR_1010__Gaia_DR3_4722135642226902656__B6,A002_Xc66ce1_Xaa9_spw0,6,976562.5,fine,282,2048,152,10,0.4,4,0.11633848571665584,63.14612501575673,152,True
3803,HR_1010__Gaia_DR3_4722135642226902656__B6,A002_Xc66ce1_Xaa9_spw0,6,976562.5,fine,282,2048,1558,10,0.4,5,0.11633848571665584,62.27118750104964,1558,True
3804,HR_1010__Gaia_DR3_4722135642226902656__B6,A002_Xc66ce1_Xaa9_spw0,6,976562.5,fine,282,2048,550,10,0.25,0,0.11633848571665584,37.2094041046328,550,True
3805,HR_1010__Gaia_DR3_4722135642226902656__B6,A002_Xc66ce1_Xaa9_spw0,6,976562.5,fine,282,2048,1946,10,0.25,1,0.11633848571665584,39.34911273087889,1946,True
3806,HR_1010__Gaia_DR3_4722135642226902656__B6,A002_Xc66ce1_Xaa9_spw0,6,976562.5,fine,282,2048,1879,10,0.25,2,0.11633848571665584,38.10411175617628,1879,True
3807,HR_1010__Gaia_DR3_4722135642226902656__B6,A002_Xc66ce1_Xaa9_spw0,6,976562.5,fine,282,2048,780,10,0.25,3,0.11633848571665584,38.71546432490608,780,True
3808,HR_1010__Gaia_DR3_4722135642226902656__B6,A002_Xc66ce1_Xaa9_spw0,6,976562.5,fine,282,2048,133,10,0.25,4,0.11633848571665584,39.0432247829131,133,True
3809,HR_1010__Gaia_DR3_4722135642226902656__B6,A002_Xc66ce1_Xaa9_spw0,6,976562.5,fine,282,2048,295,10,0.25,5,0.11633848571665584,38.51444912164572,295,True
3810,HR_1010__Gaia_DR3_4722135642226902656__B6,A002_Xc66ce1_Xaa9_spw0,6,976562.5,fine,282,2048,891,10,0.1,0,0.11633848571665584,14.319675603759604,891,True
3811,HR_1010__Gaia_DR3_4722135642226902656__B6,A002_Xc66ce1_Xaa9_spw0,6,976562.5,fine,282,2048,244,10,0.1,1,0.11633848571665584,15.648997300679959,244,True
3812,HR_1010__Gaia_DR3_4722135642226902656__B6,A002_Xc66ce1_Xaa9_spw0,6,976562.5,fine,282,2048,680,10,0.1,2,0.11633848571665584,15.607193453250686,680,True
3813,HR_1010__Gaia_DR3_4722135642226902656__B6,A002_Xc66ce1_Xaa9_spw0,6,976562.5,fine,282,2048,215,10,0.1,3,0.11633848571665584,16.297649549191657,215,True
3814,HR_1010__Gaia_DR3_4722135642226902656__B6,A002_Xc66ce1_Xaa9_spw0,6,976562.5,fine,282,2048,513,10,0.1,4,0.11633848571665584,15.387537993693057,513,True
3815,HR_1010__Gaia_DR3_4722135642226902656__B6,A002_Xc66ce1_Xaa9_spw0,6,976562.5,fine,282,2048,1548,10,0.1,5,0.11633848571665584,15.040001424787405,1548,True
3816,HR_1010__Gaia_DR3_4722135642226902656__B6,A002_Xc66ce1_Xaa9_spw0,6,976562.5,fine,282,2048,1681,15,1.0,0,0.11633848571665584,234.91451104248927,1681,True
3817,HR_1010__Gaia_DR3_4722135642226902656__B6,A002_Xc66ce1_Xaa9_spw0,6,976562.5,fine,282,2048,1227,15,1.0,1,0.11633848571665584,231.58701331613943,1227,True
3818,HR_1010__Gaia_DR3_4722135642226902656__B6,A002_Xc66ce1_Xaa9_spw0,6,976562.5,fine,282,2048,1374,15,1.0,2,0.11633848571665584,230.61837206117886,1374,True
3819,HR_1010__Gaia_DR3_4722135642226902656__B6,A002_Xc66ce1_Xaa9_spw0,6,976562.5,fine,282,2048,1746,15,1.0,3,0.11633848571665584,236.57300388403982,1746,True
3820,HR_1010__Gaia_DR3_4722135642226902656__B6,A002_Xc66ce1_Xaa9_spw0,6,976562.5,fine,282,2048,1065,15,1.0,4,0.11633848571665584,235.0103982686473,1065,True
3821,HR_1010__Gaia_DR3_4722135642226902656__B6,A002_Xc66ce1_Xaa9_spw0,6,976562.5,fine,282,2048,1334,15,1.0,5,0.11633848571665584,233.87209782916779,1334,True
3822,HR_1010__Gaia_DR3_4722135642226902656__B6,A002_Xc66ce1_Xaa9_spw0,6,976562.5,fine,282,2048,1826,15,0.75,0,0.11633848571665584,174.4267240536968,1826,True
3823,HR_1010__Gaia_DR3_4722135642226902656__B6,A002_Xc66ce1_Xaa9_spw0,6,976562.5,fine,282,2048,516,15,0.75,1,0.11633848571665584,175.71125083922345,516,True
3824,HR_1010__Gaia_DR3_4722135642226902656__B6,A002_Xc66ce1_Xaa9_spw0,6,976562.5,fine,282,2048,818,15,0.75,2,0.11633848571665584,175.55446838949746,818,True
3825,HR_1010__Gaia_DR3_4722135642226902656__B6,A002_Xc66ce1_Xaa9_spw0,6,976562.5,fine,282,2048,1767,15,0.75,3,0.11633848571665584,176.17943651849686,1767,True
3826,HR_1010__Gaia_DR3_4722135642226902656__B6,A002_Xc66ce1_Xaa9_spw0,6,976562.5,fine,282,2048,1572,15,0.75,4,0.11633848571665584,175.088123312544,1572,True
3827,HR_1010__Gaia_DR3_4722135642226902656__B6,A002_Xc66ce1_Xaa9_spw0,6,976562.5,fine,282,2048,73,15,0.75,5,0.11633848571665584,175.06862413813673,73,True
3828,HR_1010__Gaia_DR3_4722135642226902656__B6,A002_Xc66ce1_Xaa9_spw0,6,976562.5,fine,282,2048,1780,15,0.5,0,0.11633848571665584,117.150594831498,1780,True
3829,HR_1010__Gaia_DR3_4722135642226902656__B6,A002_Xc66ce1_Xaa9_spw0,6,976562.5,fine,282,2048,1311,15,0.5,1,0.11633848571665584,116.52965608238758,1311,True
3830,HR_1010__Gaia_DR3_4722135642226902656__B6,A002_Xc66ce1_Xaa9_spw0,6,976562.5,fine,282,2048,679,15,0.5,2,0.11633848571665584,115.31075702189956,679,True
3831,HR_1010__Gaia_DR3_4722135642226902656__B6,A002_Xc66ce1_Xaa9_spw0,6,976562.5,fine,282,2048,1611,15,0.5,3,0.11633848571665584,115.08815446732272,1611,True
3832,HR_1010__Gaia_DR3_4722135642226902656__B6,A002_Xc66ce1_Xaa9_spw0,6,976562.5,fine,282,2048,1054,15,0.5,4,0.11633848571665584,119.62343950274601,1054,True
3833,HR_1010__Gaia_DR3_4722135642226902656__B6,A002_Xc66ce1_Xaa9_spw0,6,976562.5,fine,282,2048,983,15,0.5,5,0.11633848571665584,118.01884262612249,983,True
3834,HR_1010__Gaia_DR3_4722135642226902656__B6,A002_Xc66ce1_Xaa9_spw0,6,976562.5,fine,282,2048,1540,15,0.4,0,0.11633848571665584,91.24840757038453,1540,True
3835,HR_1010__Gaia_DR3_4722135642226902656__B6,A002_Xc66ce1_Xaa9_spw0,6,976562.5,fine,282,2048,257,15,0.4,1,0.11633848571665584,91.7041535740241,257,True
3836,HR_1010__Gaia_DR3_4722135642226902656__B6,A002_Xc66ce1_Xaa9_spw0,6,976562.5,fine,282,2048,1285,15,0.4,2,0.11633848571665584,91.72696132015136,1285,True
3837,HR_1010__Gaia_DR3_4722135642226902656__B6,A002_Xc66ce1_Xaa9_spw0,6,976562.5,fine,282,2048,1665,15,0.4,3,0.11633848571665584,92.54002186765783,1665,True
3838,HR_1010__Gaia_DR3_4722135642226902656__B6,A002_Xc66ce1_Xaa9_spw0,6,976562.5,fine,282,2048,798,15,0.4,4,0.11633848571665584,93.81826532253773,798,True
3839,HR_1010__Gaia_DR3_4722135642226902656__B6,A002_Xc66ce1_Xaa9_spw0,6,976562.5,fine,282,2048,1229,15,0.4,5,0.11633848571665584,94.85555051122579,1229,True
3840,HR_1010__Gaia_DR3_4722135642226902656__B6,A002_Xc66ce1_Xaa9_spw0,6,976562.5,fine,282,2048,313,15,0.25,0,0.11633848571665584,58.80515639225986,313,True
3841,HR_1010__Gaia_DR3_4722135642226902656__B6,A002_Xc66ce1_Xaa9_spw0,6,976562.5,fine,282,2048,151,15,0.25,1,0.11633848571665584,57.932894381716196,151,True
3842,HR_1010__Gaia_DR3_4722135642226902656__B6,A002_Xc66ce1_Xaa9_spw0,6,976562.5,fine,282,2048,612,15,0.25,2,0.11633848571665584,58.24295666353839,612,True
3843,HR_1010__Gaia_DR3_4722135642226902656__B6,A002_Xc66ce1_Xaa9_spw0,6,976562.5,fine,282,2048,1949,15,0.25,3,0.11633848571665584,58.15759659263341,1949,True
3844,HR_1010__Gaia_DR3_4722135642226902656__B6,A002_Xc66ce1_Xaa9_spw0,6,976562.5,fine,282,2048,565,15,0.25,4,0.11633848571665584,59.17619906446076,565,True
3845,HR_1010__Gaia_DR3_4722135642226902656__B6,A002_Xc66ce1_Xaa9_spw0,6,976562.5,fine,282,2048,1337,15,0.25,5,0.11633848571665584,58.43667537363057,1337,True
3846,HR_1010__Gaia_DR3_4722135642226902656__B6,A002_Xc66ce1_Xaa9_spw0,6,976562.5,fine,282,2048,114,15,0.1,0,0.11633848571665584,22.805012947604258,114,True
3847,HR_1010__Gaia_DR3_4722135642226902656__B6,A002_Xc66ce1_Xaa9_spw0,6,976562.5,fine,282,2048,941,15,0.1,1,0.11633848571665584,20.88494042599211,941,True
3848,HR_1010__Gaia_DR3_4722135642226902656__B6,A002_Xc66ce1_Xaa9_spw0,6,976562.5,fine,282,2048,1687,15,0.1,2,0.11633848571665584,23.912715857101855,1687,True
3849,HR_1010__Gaia_DR3_4722135642226902656__B6,A002_Xc66ce1_Xaa9_spw0,6,976562.5,fine,282,2048,1051,15,0.1,3,0.11633848571665584,22.274266231024228,1051,True
3850,HR_1010__Gaia_DR3_4722135642226902656__B6,A002_Xc66ce1_Xaa9_spw0,6,976562.5,fine,282,2048,1720,15,0.1,4,0.11633848571665584,23.431277848252215,1720,True
3851,HR_1010__Gaia_DR3_4722135642226902656__B6,A002_Xc66ce1_Xaa9_spw0,6,976562.5,fine,282,2048,1236,15,0.1,5,0.11633848571665584,21.626560409697444,1236,True
3852,HR_1010__Gaia_DR3_4722135642226902656__B6,A002_Xc66ce1_Xaa9_spw0,6,976562.5,fine,282,2048,1051,20,1.0,0,0.11633848571665584,310.8500922115868,1051,True
3853,HR_1010__Gaia_DR3_4722135642226902656__B6,A002_Xc66ce1_Xaa9_spw0,6,976562.5,fine,282,2048,1106,20,1.0,1,0.11633848571665584,312.1596632786192,1106,True
3854,HR_1010__Gaia_DR3_4722135642226902656__B6,A002_Xc66ce1_Xaa9_spw0,6,976562.5,fine,282,2048,933,20,1.0,2,0.11633848571665584,313.3565944565655,933,True
3855,HR_1010__Gaia_DR3_4722135642226902656__B6,A002_Xc66ce1_Xaa9_spw0,6,976562.5,fine,282,2048,190,20,1.0,3,0.11633848571665584,313.02023499996176,190,True
3856,HR_1010__Gaia_DR3_4722135642226902656__B6,A002_Xc66ce1_Xaa9_spw0,6,976562.5,fine,282,2048,1163,20,1.0,4,0.11633848571665584,308.0242497267308,1163,True
3857,HR_1010__Gaia_DR3_4722135642226902656__B6,A002_Xc66ce1_Xaa9_spw0,6,976562.5,fine,282,2048,1483,20,1.0,5,0.11633848571665584,308.04419457450797,1483,True
3858,HR_1010__Gaia_DR3_4722135642226902656__B6,A002_Xc66ce1_Xaa9_spw0,6,976562.5,fine,282,2048,642,20,0.75,0,0.11633848571665584,231.81390947633312,642,True
3859,HR_1010__Gaia_DR3_4722135642226902656__B6,A002_Xc66ce1_Xaa9_spw0,6,976562.5,fine,282,2048,1751,20,0.75,1,0.11633848571665584,235.69537388169712,1751,True
3860,HR_1010__Gaia_DR3_4722135642226902656__B6,A002_Xc66ce1_Xaa9_spw0,6,976562.5,fine,282,2048,842,20,0.75,2,0.11633848571665584,233.68124318634116,842,True
3861,HR_1010__Gaia_DR3_4722135642226902656__B6,A002_Xc66ce1_Xaa9_spw0,6,976562.5,fine,282,2048,290,20,0.75,3,0.11633848571665584,230.49555972629665,290,True
3862,HR_1010__Gaia_DR3_4722135642226902656__B6,A002_Xc66ce1_Xaa9_spw0,6,976562.5,fine,282,2048,1813,20,0.75,4,0.11633848571665584,234.68428482101356,1813,True
3863,HR_1010__Gaia_DR3_4722135642226902656__B6,A002_Xc66ce1_Xaa9_spw0,6,976562.5,fine,282,2048,1193,20,0.75,5,0.11633848571665584,233.22814355229784,1193,True
3864,HR_1010__Gaia_DR3_4722135642226902656__B6,A002_Xc66ce1_Xaa9_spw0,6,976562.5,fine,282,2048,77,20,0.5,0,0.11633848571665584,155.1303315813956,77,True
3865,HR_1010__Gaia_DR3_4722135642226902656__B6,A002_Xc66ce1_Xaa9_spw0,6,976562.5,fine,282,2048,1418,20,0.5,1,0.11633848571665584,156.6019416506231,1418,True
3866,HR_1010__Gaia_DR3_4722135642226902656__B6,A002_Xc66ce1_Xaa9_spw0,6,976562.5,fine,282,2048,410,20,0.5,2,0.11633848571665584,157.37697671955635,410,True
3867,HR_1010__Gaia_DR3_4722135642226902656__B6,A002_Xc66ce1_Xaa9_spw0,6,976562.5,fine,282,2048,621,20,0.5,3,0.11633848571665584,154.3065718898082,621,True
3868,HR_1010__Gaia_DR3_4722135642226902656__B6,A002_Xc66ce1_Xaa9_spw0,6,976562.5,fine,282,2048,1274,20,0.5,4,0.11633848571665584,155.76854283554275,1274,True
3869,HR_1010__Gaia_DR3_4722135642226902656__B6,A002_Xc66ce1_Xaa9_spw0,6,976562.5,fine,282,2048,356,20,0.5,5,0.11633848571665584,155.21921321228166,356,True
3870,HR_1010__Gaia_DR3_4722135642226902656__B6,A002_Xc66ce1_Xaa9_spw0,6,976562.5,fine,282,2048,1799,20,0.4,0,0.11633848571665584,124.84904580203174,1799,True
3871,HR_1010__Gaia_DR3_4722135642226902656__B6,A002_Xc66ce1_Xaa9_spw0,6,976562.5,fine,282,2048,1592,20,0.4,1,0.11633848571665584,124.59407889842167,1592,True
3872,HR_1010__Gaia_DR3_4722135642226902656__B6,A002_Xc66ce1_Xaa9_spw0,6,976562.5,fine,282,2048,477,20,0.4,2,0.11633848571665584,123.45740198556246,477,True
3873,HR_1010__Gaia_DR3_4722135642226902656__B6,A002_Xc66ce1_Xaa9_spw0,6,976562.5,fine,282,2048,193,20,0.4,3,0.11633848571665584,123.42479993520617,193,True
3874,HR_1010__Gaia_DR3_4722135642226902656__B6,A002_Xc66ce1_Xaa9_spw0,6,976562.5,fine,282,2048,770,20,0.4,4,0.11633848571665584,125.24920898862469,770,True
3875,HR_1010__Gaia_DR3_4722135642226902656__B6,A002_Xc66ce1_Xaa9_spw0,6,976562.5,fine,282,2048,653,20,0.4,5,0.11633848571665584,122.89386805139894,653,True
3876,HR_1010__Gaia_DR3_4722135642226902656__B6,A002_Xc66ce1_Xaa9_spw0,6,976562.5,fine,282,2048,1355,20,0.25,0,0.11633848571665584,78.13027961748928,1355,True
3877,HR_1010__Gaia_DR3_4722135642226902656__B6,A002_Xc66ce1_Xaa9_spw0,6,976562.5,fine,282,2048,563,20,0.25,1,0.11633848571665584,79.18160533033048,563,True
3878,HR_1010__Gaia_DR3_4722135642226902656__B6,A002_Xc66ce1_Xaa9_spw0,6,976562.5,fine,282,2048,348,20,0.25,2,0.11633848571665584,75.6831910270361,348,True
3879,HR_1010__Gaia_DR3_4722135642226902656__B6,A002_Xc66ce1_Xaa9_spw0,6,976562.5,fine,282,2048,879,20,0.25,3,0.11633848571665584,77.52076738470647,879,True
3880,HR_1010__Gaia_DR3_4722135642226902656__B6,A002_Xc66ce1_Xaa9_spw0,6,976562.5,fine,282,2048,1248,20,0.25,4,0.11633848571665584,79.50878307129497,1248,True
3881,HR_1010__Gaia_DR3_4722135642226902656__B6,A002_Xc66ce1_Xaa9_spw0,6,976562.5,fine,282,2048,171,20,0.25,5,0.11633848571665584,75.56684245184637,171,True
3882,HR_1010__Gaia_DR3_4722135642226902656__B6,A002_Xc66ce1_Xaa9_spw0,6,976562.5,fine,282,2048,1091,20,0.1,0,0.11633848571665584,28.919624573720494,1091,True
3883,HR_1010__Gaia_DR3_4722135642226902656__B6,A002_Xc66ce1_Xaa9_spw0,6,976562.5,fine,282,2048,620,20,0.1,1,0.11633848571665584,28.253668036397215,620,True
3884,HR_1010__Gaia_DR3_4722135642226902656__B6,A002_Xc66ce1_Xaa9_spw0,6,976562.5,fine,282,2048,1492,20,0.1,2,0.11633848571665584,31.371931052366413,1492,True
3885,HR_1010__Gaia_DR3_4722135642226902656__B6,A002_Xc66ce1_Xaa9_spw0,6,976562.5,fine,282,2048,132,20,0.1,3,0.11633848571665584,32.66760207058814,132,True
3886,HR_1010__Gaia_DR3_4722135642226902656__B6,A002_Xc66ce1_Xaa9_spw0,6,976562.5,fine,282,2048,1017,20,0.1,4,0.11633848571665584,31.01004202172446,1017,True
3887,HR_1010__Gaia_DR3_4722135642226902656__B6,A002_Xc66ce1_Xaa9_spw0,6,976562.5,fine,282,2048,387,20,0.1,5,0.11633848571665584,30.42490667416893,387,True
