star_name,system_id,band,eb,dist_pc,flo_GHz,fhi_GHz,chanw_Hz,bandwidth_Hz,on_source_s,n_int,rms_mJy,smin_mJy,eirp_nominal_W,eirp_hanning_centred_W,eirp_hanning_worst_W,eirp_eff_total_W,c_response_smear,drift_max_Hz_s,a_max_m_s2,n_drift_trials,eta_drift,eta_smear,resolution_class,search_class,star_snr,ctrl_max_snr,star_snr_regionmax,stage1_flag_regionmax,n_ctrl,n_ctrl_ge_star,p_rank_addone,f_cross_GHz,nearest_line,line_offset_MHz,line_offset_kms,ring_centre,theta_pb_arcsec,r_in_arcsec,r_out_arcsec,n_control,ring_seed,crossing,stage1_flag,disposition
Proxima Cen,Proxima Cen,6,A002_X106a1f1_X6a0c,1.3016,223.085939,224.914064,15625000.0000,1828125000.0,2998.80,2975,2.16675,10.84388,3.434452e+13,6.868903e+13,9.158538e+13,7.850175e+13,2.2857,2688.0000,3.598,4,0.5159,1.0000,coarse,B,2.8920,4.4252,3.3640,False,512,192,0.376218,223.148439,13CO(2-1),2749.4394,3739.859,star,28.066,3.929,21.891,512,20260825,False,False,
Proxima Cen,Proxima Cen,6,A002_X1076174_X11cc,1.3016,223.085939,224.914064,15625000.0000,1828125000.0,2796.19,,1.62490,8.13170,2.575455e+13,5.150911e+13,6.867881e+13,5.886755e+13,2.2857,2688.0000,3.598,4,0.481,,coarse,B,2.4487,4.6572,3.0846,False,512,415,0.810916,,13CO(2-1),4343.1894,5907.719,star,28.066,3.929,21.891,512,20260825,False,False,
Proxima Cen,Proxima Cen,6,A002_X106b646_X1295,1.3016,223.085939,224.914064,15625000.0000,1828125000.0,2998.80,,2.05148,10.26692,3.251718e+13,6.503437e+13,8.671249e+13,7.432499e+13,2.2857,2688.0000,3.598,4,0.5159,,coarse,B,2.1123,4.4538,2.6999,False,512,504,0.984405,,13CO(2-1),3686.9394,5015.071,star,28.066,3.929,21.891,512,20260825,False,False,
Proxima Cen,Proxima Cen,6,A002_X107376c_X12b9,1.3016,223.085939,224.914064,15625000.0000,1828125000.0,2998.80,,2.56876,12.85516,4.071462e+13,8.142925e+13,1.085723e+14,9.306200e+13,2.2857,2688.0000,3.598,4,0.5159,,coarse,B,2.3516,4.8623,3.2037,False,512,458,0.894737,,13CO(2-1),4483.8144,6099.001,star,28.066,3.929,21.891,512,20260825,False,False,
Proxima Cen,Proxima Cen,6,A002_X106f040_X13932,1.3016,223.085939,224.914064,15625000.0000,1828125000.0,2998.80,,1.95470,9.78219,3.098196e+13,6.196392e+13,8.261855e+13,7.081590e+13,2.2857,2688.0000,3.598,4,0.5159,,coarse,B,3.5114,4.5443,3.7107,False,512,36,0.072125,,13CO(2-1),2718.1894,3697.352,star,28.066,3.929,21.891,512,20260825,False,False,
Proxima Cen,Proxima Cen,6,A002_X106f040_X1426f,1.3016,223.085939,224.914064,15625000.0000,1828125000.0,2998.80,,1.84915,9.25396,2.930896e+13,5.861792e+13,7.815723e+13,6.699191e+13,2.2857,2688.0000,3.598,4,0.5159,,coarse,B,2.5482,4.2034,3.0781,False,512,389,0.760234,,13CO(2-1),3218.1894,4377.465,star,28.066,3.929,21.891,512,20260825,False,False,
Proxima Cen,Proxima Cen,6,A002_X106f040_X148f3,1.3016,223.085939,224.914064,15625000.0000,1828125000.0,2998.80,,1.83055,9.16092,2.901430e+13,5.802859e+13,7.737145e+13,6.631839e+13,2.2857,2688.0000,3.598,4,0.5159,,coarse,B,2.6135,4.6307,3.2334,False,512,354,0.692008,,13CO(2-1),3515.0644,4781.282,star,28.066,3.929,21.891,512,20260825,False,False,
Proxima Cen,Proxima Cen,6,A002_X1074d99_X167,1.3016,223.085939,224.914064,15625000.0000,1828125000.0,2998.80,,1.63841,8.19927,2.596856e+13,5.193712e+13,6.924949e+13,5.935671e+13,2.2857,2688.0000,3.598,4,0.5159,,coarse,B,2.8947,4.8278,3.1655,False,512,182,0.356725,,13CO(2-1),3249.4394,4419.972,star,28.066,3.929,21.891,512,20260825,False,False,
Proxima Cen,Proxima Cen,6,A002_X106b646_X19c5,1.3016,223.085939,224.914064,15625000.0000,1828125000.0,2998.80,,2.01420,10.08033,3.192624e+13,6.385248e+13,8.513664e+13,7.297426e+13,2.2857,2688.0000,3.598,4,0.5159,,coarse,B,2.8059,4.4986,3.4452,False,512,231,0.452242,,13CO(2-1),3640.0644,4951.310,star,28.066,3.929,21.891,512,20260825,False,False,
Proxima Cen,Proxima Cen,6,A002_X106ccd1_X1a38,1.3016,223.085939,224.914064,15625000.0000,1828125000.0,2998.80,,1.61677,8.09125,2.562644e+13,5.125288e+13,6.833717e+13,5.857472e+13,2.2857,2688.0000,3.598,4,0.5159,,coarse,B,2.9466,5.0836,3.1967,False,512,189,0.370370,,13CO(2-1),4171.3144,5673.930,star,28.066,3.929,21.891,512,20260825,False,False,
Proxima Cen,Proxima Cen,6,A002_X107376c_X1ba2,1.3016,223.085939,224.914064,15625000.0000,1828125000.0,2998.80,,2.27882,11.40420,3.611915e+13,7.223830e+13,9.631773e+13,8.255806e+13,2.2857,2688.0000,3.598,4,0.5159,,coarse,B,3.8076,4.2651,3.9168,False,512,20,0.040936,,13CO(2-1),2874.4394,3909.887,star,28.066,3.929,21.891,512,20260825,False,False,
Proxima Cen,Proxima Cen,6,A002_X106b646_X21a9,1.3016,223.085939,224.914064,15625000.0000,1828125000.0,201.60,,8.35450,41.81121,1.324237e+14,2.648473e+14,3.531298e+14,3.026827e+14,2.2857,2688.0000,3.598,2,0.03468,,coarse,B,3.0077,3.9980,3.6404,False,512,76,0.150097,,13CO(2-1),3936.9394,5355.127,star,28.066,3.929,21.891,512,20260825,False,False,
Proxima Cen,Proxima Cen,6,A002_X106f040_X26c7,1.3016,223.085939,224.914064,15625000.0000,1828125000.0,2998.80,,1.58409,7.92759,2.510810e+13,5.021620e+13,6.695494e+13,5.738995e+13,2.2857,2688.0000,3.598,4,0.5159,,coarse,B,2.6430,4.9029,3.0363,False,512,312,0.610136,,13CO(2-1),2983.8144,4058.662,star,28.066,3.929,21.891,512,20260825,False,False,
Proxima Cen,Proxima Cen,6,A002_X106f040_X2b06,1.3016,223.085939,224.914064,15625000.0000,1828125000.0,2998.80,,1.58282,7.92121,2.508791e+13,5.017582e+13,6.690109e+13,5.734379e+13,2.2857,2688.0000,3.598,4,0.5159,,coarse,B,2.9116,3.7797,3.7521,False,512,167,0.327485,,13CO(2-1),3702.5644,5036.325,star,28.066,3.929,21.891,512,20260825,False,False,
Proxima Cen,Proxima Cen,6,A002_X106f040_X2e59,1.3016,223.085939,224.914064,15625000.0000,1828125000.0,2998.80,,1.61024,8.05845,2.552256e+13,5.104512e+13,6.806016e+13,5.833728e+13,2.2857,2688.0000,3.598,4,0.5159,,coarse,B,3.2984,4.7602,4.2488,False,512,67,0.132554,,13CO(2-1),4171.3144,5673.930,star,28.066,3.929,21.891,512,20260825,False,False,
Proxima Cen,Proxima Cen,6,A002_X107649f_X59f,1.3016,223.085939,224.914064,15625000.0000,1828125000.0,2998.80,,1.39825,6.99745,2.216218e+13,4.432435e+13,5.909914e+13,5.065640e+13,2.2857,2688.0000,3.598,4,0.5159,,coarse,B,2.5602,4.4120,3.5602,False,512,361,0.705653,,13CO(2-1),3436.9394,4675.014,star,28.066,3.929,21.891,512,20260825,False,False,
Proxima Cen,Proxima Cen,6,A002_X1074d99_X74e,1.3016,223.085939,224.914064,15625000.0000,1828125000.0,2998.80,,1.74450,8.73021,2.765015e+13,5.530029e+13,7.373373e+13,6.320034e+13,2.2857,2688.0000,3.598,4,0.5159,,coarse,B,2.4835,4.0649,3.1720,False,512,368,0.719298,,13CO(2-1),4108.8144,5588.916,star,28.066,3.929,21.891,512,20260825,False,False,
Proxima Cen,Proxima Cen,6,A002_X107649f_X868f,1.3016,223.085939,224.914064,15625000.0000,1828125000.0,2998.80,,1.79342,8.97503,2.842555e+13,5.685111e+13,7.580148e+13,6.497270e+13,2.2857,2688.0000,3.598,4,0.5159,,coarse,B,2.3477,5.1249,3.3870,False,512,435,0.849903,,13CO(2-1),3718.1894,5057.578,star,28.066,3.929,21.891,512,20260825,False,False,
Proxima Cen,Proxima Cen,6,A002_X107649f_X8f30,1.3016,223.085939,224.914064,15625000.0000,1828125000.0,2998.80,,1.93270,9.67205,3.063313e+13,6.126627e+13,8.168835e+13,7.001859e+13,2.2857,2688.0000,3.598,4,0.5159,,coarse,B,3.4798,4.3489,3.6386,False,512,29,0.058480,,13CO(2-1),3890.0644,5291.367,star,28.066,3.929,21.891,512,20260825,False,False,
Proxima Cen,Proxima Cen,6,A002_X1077d5b_X9976,1.3016,223.085939,224.914064,15625000.0000,1828125000.0,2998.80,,1.62478,8.13112,2.575272e+13,5.150544e+13,6.867392e+13,5.886336e+13,2.2857,2688.0000,3.598,4,0.5159,,coarse,B,3.7539,4.7142,4.3016,False,512,31,0.062378,,13CO(2-1),3749.4394,5100.085,star,28.066,3.929,21.891,512,20260825,False,False,
Proxima Cen,Proxima Cen,6,A002_X1077d5b_Xa63d,1.3016,223.085939,224.914064,15625000.0000,1828125000.0,2998.80,,1.33089,6.66037,2.109459e+13,4.218918e+13,5.625224e+13,4.821620e+13,2.2857,2688.0000,3.598,4,0.5159,,coarse,B,3.2945,4.6219,3.4325,False,512,79,0.155945,,13CO(2-1),3983.8144,5418.888,star,28.066,3.929,21.891,512,20260825,False,False,
Proxima Cen,Proxima Cen,6,A002_X1077d5b_Xacdc,1.3016,223.085939,224.914064,15625000.0000,1828125000.0,2998.80,,1.35915,6.80179,2.154251e+13,4.308502e+13,5.744670e+13,4.924002e+13,2.2857,2688.0000,3.598,4,0.5159,,coarse,B,3.1166,4.4192,3.4779,False,512,101,0.198830,,13CO(2-1),3515.0644,4781.282,star,28.066,3.929,21.891,512,20260825,False,False,
Proxima Cen,Proxima Cen,6,A002_X106ccd1_Xbe52,1.3016,223.085939,224.914064,15625000.0000,1828125000.0,2998.80,,1.73605,8.68815,2.751693e+13,5.503386e+13,7.337848e+13,6.289584e+13,2.2857,2688.0000,3.598,4,0.5159,,coarse,B,2.7377,4.3021,3.2556,False,512,288,0.563353,,13CO(2-1),4499.4394,6120.255,star,28.066,3.929,21.891,512,20260825,False,False,
Proxima Cen,Proxima Cen,6,A002_X106ccd1_Xc4a6,1.3016,223.085939,224.914064,15625000.0000,1828125000.0,2998.80,,1.76864,8.85122,2.803341e+13,5.606682e+13,7.475576e+13,6.407636e+13,2.2857,2688.0000,3.598,4,0.5159,,coarse,B,3.0932,4.3149,4.2866,False,512,127,0.249513,,13CO(2-1),3952.5644,5376.381,star,28.066,3.929,21.891,512,20260825,False,False,
Proxima Cen,Proxima Cen,6,A002_X106a1f1_X6a0c,1.3016,225.085939,226.914064,15625000.0000,1828125000.0,2998.80,2975,2.08023,10.41105,3.297368e+13,6.594736e+13,8.792982e+13,7.536842e+13,2.2857,2712.0000,3.598,4,0.5205,1.0000,coarse,B,3.3255,5.0369,3.8006,False,512,68,0.134503,226.132814,CO(2-1),-4405.1856,-5728.519,star,27.817,3.894,21.698,512,20260825,False,False,
Proxima Cen,Proxima Cen,6,A002_X1076174_X11cc,1.3016,225.085939,226.914064,15625000.0000,1828125000.0,2797.20,,1.52647,7.63923,2.419483e+13,4.838965e+13,6.451954e+13,5.530246e+13,2.2857,2712.0000,3.598,4,0.4855,,coarse,B,4.0467,4.2671,4.3415,False,512,4,0.009747,,CO(2-1),-4514.5606,-5870.751,star,27.817,3.894,21.698,512,20260825,False,False,
Proxima Cen,Proxima Cen,6,A002_X106b646_X1295,1.3016,225.085939,226.914064,15625000.0000,1828125000.0,2998.80,,1.97454,9.88204,3.129822e+13,6.259644e+13,8.346192e+13,7.153879e+13,2.2857,2712.0000,3.598,4,0.5205,,coarse,B,2.5429,4.2998,3.4987,False,512,351,0.686160,,CO(2-1),-4123.9356,-5362.781,star,27.817,3.894,21.698,512,20260825,False,False,
Proxima Cen,Proxima Cen,6,A002_X107376c_X12b9,1.3016,225.085939,226.914064,15625000.0000,1828125000.0,2998.80,,2.45743,12.29825,3.895079e+13,7.790158e+13,1.038688e+14,8.903037e+13,2.2857,2712.0000,3.598,4,0.5205,,coarse,B,2.7626,4.2576,3.1254,False,512,243,0.475634,,CO(2-1),-3764.5606,-4895.448,star,27.817,3.894,21.698,512,20260825,False,False,
Proxima Cen,Proxima Cen,6,A002_X106f040_X13932,1.3016,225.085939,226.914064,15625000.0000,1828125000.0,2998.80,,1.85846,9.30074,2.945713e+13,5.891426e+13,7.855234e+13,6.733058e+13,2.2857,2712.0000,3.598,4,0.5205,,coarse,B,2.8173,4.1894,3.8370,False,512,183,0.358674,,CO(2-1),-4092.6856,-5322.143,star,27.817,3.894,21.698,512,20260825,False,False,
Proxima Cen,Proxima Cen,6,A002_X106f040_X1426f,1.3016,225.085939,226.914064,15625000.0000,1828125000.0,2998.80,,1.75594,8.78763,2.783203e+13,5.566405e+13,7.421874e+13,6.361606e+13,2.2857,2712.0000,3.598,4,0.5205,,coarse,B,3.1657,4.7143,3.8010,False,512,118,0.231969,,CO(2-1),-4295.8106,-5586.288,star,27.817,3.894,21.698,512,20260825,False,False,
Proxima Cen,Proxima Cen,6,A002_X106f040_X148f3,1.3016,225.085939,226.914064,15625000.0000,1828125000.0,2998.80,,1.71643,8.58993,2.720587e+13,5.441174e+13,7.254899e+13,6.218485e+13,2.2857,2712.0000,3.598,4,0.5205,,coarse,B,2.3987,3.8680,3.4889,False,512,383,0.748538,,CO(2-1),-5045.8106,-6561.591,star,27.817,3.894,21.698,512,20260825,False,False,
Proxima Cen,Proxima Cen,6,A002_X1074d99_X167,1.3016,225.085939,226.914064,15625000.0000,1828125000.0,2998.80,,1.55403,7.77715,2.463165e+13,4.926329e+13,6.568439e+13,5.630091e+13,2.2857,2712.0000,3.598,4,0.5205,,coarse,B,2.6068,4.5738,3.0623,False,512,345,0.674464,,CO(2-1),-4123.9356,-5362.781,star,27.817,3.894,21.698,512,20260825,False,False,
Proxima Cen,Proxima Cen,6,A002_X106b646_X19c5,1.3016,225.085939,226.914064,15625000.0000,1828125000.0,2998.80,,1.89144,9.46611,2.998087e+13,5.996174e+13,7.994899e+13,6.852771e+13,2.2857,2712.0000,3.598,4,0.5205,,coarse,B,2.9063,4.5754,3.5862,False,512,226,0.442495,,13CO(2-1),4968.1894,6757.861,star,27.817,3.894,21.698,512,20260825,False,False,
Proxima Cen,Proxima Cen,6,A002_X106ccd1_X1a38,1.3016,225.085939,226.914064,15625000.0000,1828125000.0,2998.80,,1.52542,7.63422,2.417895e+13,4.835791e+13,6.447721e+13,5.526618e+13,2.2857,2712.0000,3.598,4,0.5205,,coarse,B,2.8226,4.4303,3.1039,False,512,219,0.428850,,CO(2-1),-4077.0606,-5301.824,star,27.817,3.894,21.698,512,20260825,False,False,
Proxima Cen,Proxima Cen,6,A002_X107376c_X1ba2,1.3016,225.085939,226.914064,15625000.0000,1828125000.0,2998.80,,2.17539,10.88677,3.448038e+13,6.896076e+13,9.194769e+13,7.881230e+13,2.2857,2712.0000,3.598,4,0.5205,,coarse,B,3.3317,4.9959,3.4811,False,512,70,0.138402,,CO(2-1),-4983.3106,-6480.315,star,27.817,3.894,21.698,512,20260825,False,False,
Proxima Cen,Proxima Cen,6,A002_X106b646_X21a9,1.3016,225.085939,226.914064,15625000.0000,1828125000.0,201.60,,7.77350,38.90415,1.232165e+14,2.464330e+14,3.285773e+14,2.816377e+14,2.2857,2712.0000,3.598,2,0.03499,,coarse,B,2.1083,3.7427,2.8227,False,512,423,0.826511,,13CO(2-1),4686.9394,6375.297,star,27.817,3.894,21.698,512,20260825,False,False,
Proxima Cen,Proxima Cen,6,A002_X106f040_X26c7,1.3016,225.085939,226.914064,15625000.0000,1828125000.0,2998.80,,1.49490,7.48134,2.369475e+13,4.738950e+13,6.318599e+13,5.415942e+13,2.2857,2712.0000,3.598,4,0.5205,,coarse,B,3.0665,4.3501,3.5530,False,512,131,0.257310,,CO(2-1),-4030.1856,-5240.868,star,27.817,3.894,21.698,512,20260825,False,False,
Proxima Cen,Proxima Cen,6,A002_X106f040_X2b06,1.3016,225.085939,226.914064,15625000.0000,1828125000.0,2998.80,,1.48103,7.41190,2.347484e+13,4.694967e+13,6.259956e+13,5.365677e+13,2.2857,2712.0000,3.598,4,0.5205,,coarse,B,2.5679,4.6935,3.6541,False,512,373,0.729045,,CO(2-1),-4452.0606,-5789.476,star,27.817,3.894,21.698,512,20260825,False,False,
Proxima Cen,Proxima Cen,6,A002_X106f040_X2e59,1.3016,225.085939,226.914064,15625000.0000,1828125000.0,2998.80,,1.52253,7.61963,2.413275e+13,4.826550e+13,6.435401e+13,5.516058e+13,2.2857,2712.0000,3.598,4,0.5205,,coarse,B,3.6688,4.3673,4.1176,False,512,20,0.040936,,CO(2-1),-4061.4356,-5281.506,star,27.817,3.894,21.698,512,20260825,False,False,
Proxima Cen,Proxima Cen,6,A002_X107649f_X59f,1.3016,225.085939,226.914064,15625000.0000,1828125000.0,2998.80,,1.31908,6.60133,2.090760e+13,4.181521e+13,5.575361e+13,4.778881e+13,2.2857,2712.0000,3.598,4,0.5205,,coarse,B,3.4316,4.0158,3.7231,False,512,40,0.079922,,13CO(2-1),5061.9394,6885.382,star,27.817,3.894,21.698,512,20260825,False,False,
Proxima Cen,Proxima Cen,6,A002_X1074d99_X74e,1.3016,225.085939,226.914064,15625000.0000,1828125000.0,2998.80,,1.67675,8.39130,2.657678e+13,5.315356e+13,7.087141e+13,6.074692e+13,2.2857,2712.0000,3.598,4,0.5205,,coarse,B,2.7079,4.7920,3.2903,False,512,274,0.536062,,CO(2-1),-4873.9356,-6338.084,star,27.817,3.894,21.698,512,20260825,False,False,
Proxima Cen,Proxima Cen,6,A002_X107649f_X868f,1.3016,225.085939,226.914064,15625000.0000,1828125000.0,2998.80,,1.73997,8.70768,2.757881e+13,5.515762e+13,7.354349e+13,6.303727e+13,2.2857,2712.0000,3.598,4,0.5205,,coarse,B,2.3095,3.9943,2.6353,False,512,458,0.894737,,CO(2-1),-3764.5606,-4895.448,star,27.817,3.894,21.698,512,20260825,False,False,
Proxima Cen,Proxima Cen,6,A002_X107649f_X8f30,1.3016,225.085939,226.914064,15625000.0000,1828125000.0,2998.80,,1.79535,8.98482,2.845654e+13,5.691309e+13,7.588412e+13,6.504353e+13,2.2857,2712.0000,3.598,4,0.5205,,coarse,B,3.8297,4.0742,4.0108,False,512,8,0.017544,,CO(2-1),-3998.9356,-5200.230,star,27.817,3.894,21.698,512,20260825,False,False,
Proxima Cen,Proxima Cen,6,A002_X1077d5b_X9976,1.3016,225.085939,226.914064,15625000.0000,1828125000.0,2998.80,,1.54416,7.72777,2.447523e+13,4.895047e+13,6.526729e+13,5.594339e+13,2.2857,2712.0000,3.598,4,0.5205,,coarse,B,2.6975,4.5933,3.5322,False,512,279,0.545809,,CO(2-1),-4795.8106,-6236.490,star,27.817,3.894,21.698,512,20260825,False,False,
Proxima Cen,Proxima Cen,6,A002_X1077d5b_Xa63d,1.3016,225.085939,226.914064,15625000.0000,1828125000.0,2998.80,,1.25455,6.27840,1.988484e+13,3.976968e+13,5.302624e+13,4.545106e+13,2.2857,2712.0000,3.598,4,0.5205,,coarse,B,2.2822,4.5265,2.7293,False,512,456,0.890838,,CO(2-1),-4920.8106,-6399.040,star,27.817,3.894,21.698,512,20260825,False,False,
Proxima Cen,Proxima Cen,6,A002_X1077d5b_Xacdc,1.3016,225.085939,226.914064,15625000.0000,1828125000.0,2998.80,,1.27296,6.37056,2.017673e+13,4.035346e+13,5.380461e+13,4.611824e+13,2.2857,2712.0000,3.598,4,0.5205,,coarse,B,3.0627,4.5744,3.5270,False,512,149,0.292398,,CO(2-1),-4514.5606,-5870.751,star,27.817,3.894,21.698,512,20260825,False,False,
Proxima Cen,Proxima Cen,6,A002_X106ccd1_Xbe52,1.3016,225.085939,226.914064,15625000.0000,1828125000.0,2998.80,,1.65051,8.26017,2.616146e+13,5.232292e+13,6.976389e+13,5.979762e+13,2.2857,2712.0000,3.598,4,0.5205,,coarse,B,2.3421,4.5995,3.3524,False,512,427,0.834308,,CO(2-1),-3936.4356,-5118.955,star,27.817,3.894,21.698,512,20260825,False,False,
Proxima Cen,Proxima Cen,6,A002_X106ccd1_Xc4a6,1.3016,225.085939,226.914064,15625000.0000,1828125000.0,2998.80,,1.67779,8.39668,2.659381e+13,5.318762e+13,7.091682e+13,6.078585e+13,2.2857,2712.0000,3.598,4,0.5205,,coarse,B,3.1726,4.7106,3.3018,False,512,86,0.169591,,13CO(2-1),4686.9394,6375.297,star,27.817,3.894,21.698,512,20260825,False,False,
Proxima Cen,Proxima Cen,6,A002_X106a1f1_X6a0c,1.3016,239.085936,240.914061,15625000.0000,1828125000.0,2998.80,2975,3.36108,16.82344,5.328289e+13,1.065658e+14,1.420877e+14,1.217895e+14,2.2857,2880.0000,3.598,4,0.5527,1.0000,coarse,B,3.4710,4.6070,4.1186,False,512,37,0.074074,239.210936,CS(5-4),-5725.0644,-7007.264,star,26.195,3.667,20.432,512,20260825,False,False,
Proxima Cen,Proxima Cen,6,A002_X1076174_X11cc,1.3016,239.085936,240.914061,15625000.0000,1828125000.0,2797.20,,1.68743,8.44571,2.674909e+13,5.349818e+13,7.133090e+13,6.114078e+13,2.2857,2880.0000,3.598,4,0.5156,,coarse,B,3.0128,4.4485,3.0538,False,512,171,0.335283,,CS(5-4),-4756.3144,-5821.550,star,26.195,3.667,20.432,512,20260825,False,False,
Proxima Cen,Proxima Cen,6,A002_X106b646_X1295,1.3016,239.085936,240.914061,15625000.0000,1828125000.0,2998.80,,2.19549,10.98916,3.480467e+13,6.960935e+13,9.281247e+13,7.955354e+13,2.2857,2880.0000,3.598,4,0.5527,,coarse,B,3.2463,3.9324,3.3351,False,512,60,0.118908,,CS(5-4),-5709.4394,-6988.139,star,26.195,3.667,20.432,512,20260825,False,False,
Proxima Cen,Proxima Cen,6,A002_X107376c_X12b9,1.3016,239.085936,240.914061,15625000.0000,1828125000.0,2998.80,,2.72245,13.62611,4.315635e+13,8.631269e+13,1.150836e+14,9.864308e+13,2.2857,2880.0000,3.598,4,0.5527,,coarse,B,2.9454,4.0744,3.7173,False,512,165,0.323587,,CS(5-4),-5818.8144,-7122.010,star,26.195,3.667,20.432,512,20260825,False,False,
Proxima Cen,Proxima Cen,6,A002_X106f040_X13932,1.3016,239.085936,240.914061,15625000.0000,1828125000.0,2998.80,,2.06025,10.31179,3.265929e+13,6.531859e+13,8.709145e+13,7.464982e+13,2.2857,2880.0000,3.598,4,0.5527,,coarse,B,1.9238,4.0474,2.7176,False,512,509,0.994152,,CS(5-4),-4756.3144,-5821.550,star,26.195,3.667,20.432,512,20260825,False,False,
Proxima Cen,Proxima Cen,6,A002_X106f040_X1426f,1.3016,239.085936,240.914061,15625000.0000,1828125000.0,2998.80,,1.92413,9.63049,3.050152e+13,6.100303e+13,8.133738e+13,6.971775e+13,2.2857,2880.0000,3.598,4,0.5527,,coarse,B,3.4694,4.4847,3.8735,False,512,45,0.089669,,CS(5-4),-5584.4394,-6835.144,star,26.195,3.667,20.432,512,20260825,False,False,
Proxima Cen,Proxima Cen,6,A002_X106f040_X148f3,1.3016,239.085936,240.914061,15625000.0000,1828125000.0,2998.80,,1.90944,9.55695,3.026859e+13,6.053717e+13,8.071623e+13,6.918534e+13,2.2857,2880.0000,3.598,4,0.5527,,coarse,B,2.8305,4.6208,3.8114,False,512,249,0.487329,,CS(5-4),-4459.4394,-5458.186,star,26.195,3.667,20.432,512,20260825,False,False,
Proxima Cen,Proxima Cen,6,A002_X1074d99_X167,1.3016,239.085936,240.914061,15625000.0000,1828125000.0,2998.80,,1.71900,8.60372,2.724953e+13,5.449905e+13,7.266540e+13,6.228463e+13,2.2857,2880.0000,3.598,4,0.5527,,coarse,B,2.2582,4.4972,3.1207,False,512,458,0.894737,,CS(5-4),-4506.3144,-5515.559,star,26.195,3.667,20.432,512,20260825,False,False,
Proxima Cen,Proxima Cen,6,A002_X106b646_X19c5,1.3016,239.085936,240.914061,15625000.0000,1828125000.0,2998.80,,2.11063,10.56438,3.345931e+13,6.691861e+13,8.922482e+13,7.647842e+13,2.2857,2880.0000,3.598,4,0.5527,,coarse,B,3.0935,4.4402,3.4479,False,512,148,0.290448,,CS(5-4),-4053.1894,-4960.951,star,26.195,3.667,20.432,512,20260825,False,False,
Proxima Cen,Proxima Cen,6,A002_X106ccd1_X1a38,1.3016,239.085936,240.914061,15625000.0000,1828125000.0,2998.80,,1.69645,8.49113,2.689295e+13,5.378590e+13,7.171453e+13,6.146960e+13,2.2857,2880.0000,3.598,4,0.5527,,coarse,B,2.6730,4.4176,3.3192,False,512,324,0.633528,,CS(5-4),-5803.1894,-7102.886,star,26.195,3.667,20.432,512,20260825,False,False,
Proxima Cen,Proxima Cen,6,A002_X107376c_X1ba2,1.3016,239.085936,240.914061,15625000.0000,1828125000.0,2998.80,,2.38588,11.94151,3.782093e+13,7.564185e+13,1.008558e+14,8.644783e+13,2.2857,2880.0000,3.598,4,0.5527,,coarse,B,3.0632,4.5668,3.2858,False,512,122,0.239766,,CS(5-4),-5553.1894,-6796.895,star,26.195,3.667,20.432,512,20260825,False,False,
Proxima Cen,Proxima Cen,6,A002_X106b646_X21a9,1.3016,239.085936,240.914061,15625000.0000,1828125000.0,201.60,,8.69932,43.54289,1.379082e+14,2.758164e+14,3.677552e+14,3.152187e+14,2.2857,2880.0000,3.598,2,0.03716,,coarse,B,2.0399,4.5415,2.8428,False,512,473,0.923977,,CS(5-4),-4162.5644,-5094.822,star,26.195,3.667,20.432,512,20260825,False,False,
Proxima Cen,Proxima Cen,6,A002_X106f040_X26c7,1.3016,239.085936,240.914061,15625000.0000,1828125000.0,2998.80,,1.67033,8.36027,2.647849e+13,5.295699e+13,7.060932e+13,6.052227e+13,2.2857,2880.0000,3.598,4,0.5527,,coarse,B,2.4043,4.9021,3.5097,False,512,422,0.824561,,CS(5-4),-4662.5644,-5706.804,star,26.195,3.667,20.432,512,20260825,False,False,
Proxima Cen,Proxima Cen,6,A002_X106f040_X2b06,1.3016,239.085936,240.914061,15625000.0000,1828125000.0,2998.80,,1.64036,8.21028,2.600344e+13,5.200689e+13,6.934251e+13,5.943644e+13,2.2857,2880.0000,3.598,4,0.5527,,coarse,B,3.3697,4.3150,3.6905,False,512,58,0.115010,,CS(5-4),-5568.8144,-6816.020,star,26.195,3.667,20.432,512,20260825,False,False,
Proxima Cen,Proxima Cen,6,A002_X106f040_X2e59,1.3016,239.085936,240.914061,15625000.0000,1828125000.0,2998.80,,1.67573,8.38727,2.656402e+13,5.312804e+13,7.083738e+13,6.071776e+13,2.2857,2880.0000,3.598,4,0.5527,,coarse,B,2.4365,4.1113,2.8376,False,512,420,0.820663,,CS(5-4),-5193.8144,-6357.034,star,26.195,3.667,20.432,512,20260825,False,False,
Proxima Cen,Proxima Cen,6,A002_X107649f_X59f,1.3016,239.085936,240.914061,15625000.0000,1828125000.0,2998.80,,1.45026,7.25867,2.298953e+13,4.597907e+13,6.130542e+13,5.254751e+13,2.2857,2880.0000,3.598,4,0.5527,,coarse,B,2.9458,4.3834,3.2546,False,512,163,0.319688,,CS(5-4),-4240.6894,-5190.444,star,26.195,3.667,20.432,512,20260825,False,False,
Proxima Cen,Proxima Cen,6,A002_X1074d99_X74e,1.3016,239.085936,240.914061,15625000.0000,1828125000.0,2998.80,,1.84719,9.24532,2.928160e+13,5.856319e+13,7.808426e+13,6.692936e+13,2.2857,2880.0000,3.598,4,0.5527,,coarse,B,3.0937,4.9355,3.5967,False,512,134,0.263158,,CS(5-4),-4506.3144,-5515.559,star,26.195,3.667,20.432,512,20260825,False,False,
Proxima Cen,Proxima Cen,6,A002_X107649f_X868f,1.3016,239.085936,240.914061,15625000.0000,1828125000.0,2998.80,,1.90846,9.55196,3.025278e+13,6.050555e+13,8.067407e+13,6.914920e+13,2.2857,2880.0000,3.598,4,0.5527,,coarse,B,3.5630,4.4435,3.6557,False,512,25,0.050682,,CS(5-4),-5584.4394,-6835.144,star,26.195,3.667,20.432,512,20260825,False,False,
Proxima Cen,Proxima Cen,6,A002_X107649f_X8f30,1.3016,239.085936,240.914061,15625000.0000,1828125000.0,2998.80,,2.03320,10.17632,3.223025e+13,6.446050e+13,8.594733e+13,7.366914e+13,2.2857,2880.0000,3.598,4,0.5527,,coarse,B,3.0056,3.9407,3.3131,False,512,149,0.292398,,CS(5-4),-5318.8144,-6510.029,star,26.195,3.667,20.432,512,20260825,False,False,
Proxima Cen,Proxima Cen,6,A002_X1077d5b_X9976,1.3016,239.085936,240.914061,15625000.0000,1828125000.0,2998.80,,1.71305,8.57397,2.715532e+13,5.431065e+13,7.241420e+13,6.206931e+13,2.2857,2880.0000,3.598,4,0.5527,,coarse,B,2.5124,4.9342,2.9917,False,512,408,0.797271,,CS(5-4),-4975.0644,-6089.292,star,26.195,3.667,20.432,512,20260825,False,False,
Proxima Cen,Proxima Cen,6,A002_X1077d5b_Xa63d,1.3016,239.085936,240.914061,15625000.0000,1828125000.0,2998.80,,1.39180,6.96606,2.206277e+13,4.412555e+13,5.883407e+13,5.042920e+13,2.2857,2880.0000,3.598,4,0.5527,,coarse,B,3.0186,4.5024,3.4572,False,512,136,0.267057,,CS(5-4),-4896.9394,-5993.670,star,26.195,3.667,20.432,512,20260825,False,False,
Proxima Cen,Proxima Cen,6,A002_X1077d5b_Xacdc,1.3016,239.085936,240.914061,15625000.0000,1828125000.0,2998.80,,1.41042,7.05926,2.235797e+13,4.471593e+13,5.962125e+13,5.110392e+13,2.2857,2880.0000,3.598,4,0.5527,,coarse,B,3.2395,4.3255,3.4142,False,512,102,0.200780,,CS(5-4),-5600.0644,-6854.268,star,26.195,3.667,20.432,512,20260825,False,False,
Proxima Cen,Proxima Cen,6,A002_X106ccd1_Xbe52,1.3016,239.085936,240.914061,15625000.0000,1828125000.0,2998.80,,1.83164,9.16775,2.903593e+13,5.807185e+13,7.742914e+13,6.636783e+13,2.2857,2880.0000,3.598,4,0.5527,,coarse,B,2.8337,4.4686,3.1935,False,512,264,0.516569,,CS(5-4),-5490.6894,-6720.397,star,26.195,3.667,20.432,512,20260825,False,False,
Proxima Cen,Proxima Cen,6,A002_X106ccd1_Xc4a6,1.3016,239.085936,240.914061,15625000.0000,1828125000.0,2998.80,,1.85690,9.29416,2.943630e+13,5.887259e+13,7.849679e+13,6.728296e+13,2.2857,2880.0000,3.598,4,0.5527,,coarse,B,2.7803,5.0454,3.7074,False,512,246,0.481481,,CS(5-4),-5443.8144,-6663.024,star,26.195,3.667,20.432,512,20260825,False,False,
Proxima Cen,Proxima Cen,6,A002_X106a1f1_X6a0c,1.3016,241.085936,242.914061,15625000.0000,1828125000.0,2998.80,2975,2.39930,12.00958,3.803653e+13,7.607305e+13,1.014307e+14,8.694063e+13,2.2857,2904.0000,3.598,4,0.5573,1.0000,coarse,B,2.7633,4.2247,3.3420,False,512,204,0.399610,241.851561,CS(5-4),-3084.4394,-3775.238,star,25.978,3.637,20.263,512,20260825,False,False,
Proxima Cen,Proxima Cen,6,A002_X1076174_X11cc,1.3016,241.085936,242.914061,15625000.0000,1828125000.0,2797.20,,1.76722,8.84519,2.801433e+13,5.602866e+13,7.470488e+13,6.403275e+13,2.2857,2904.0000,3.598,4,0.5199,,coarse,B,3.4684,4.4341,4.3578,False,512,32,0.064327,,CS(5-4),-2068.8144,-2532.151,star,25.978,3.637,20.263,512,20260825,False,False,
Proxima Cen,Proxima Cen,6,A002_X106b646_X1295,1.3016,241.085936,242.914061,15625000.0000,1828125000.0,2998.80,,2.25117,11.26805,3.568795e+13,7.137589e+13,9.516786e+13,8.157245e+13,2.2857,2904.0000,3.598,4,0.5573,,coarse,B,2.4221,4.1394,3.0846,False,512,411,0.803119,,CS(5-4),-3428.1894,-4195.975,star,25.978,3.637,20.263,512,20260825,False,False,
Proxima Cen,Proxima Cen,6,A002_X107376c_X12b9,1.3016,241.085936,242.914061,15625000.0000,1828125000.0,2998.80,,2.86393,14.33446,4.539982e+13,9.079965e+13,1.210662e+14,1.037710e+14,2.2857,2904.0000,3.598,4,0.5573,,coarse,B,2.3340,4.1905,2.9715,False,512,431,0.842105,,CS(5-4),-2740.6894,-3354.501,star,25.978,3.637,20.263,512,20260825,False,False,
Proxima Cen,Proxima Cen,6,A002_X106f040_X13932,1.3016,241.085936,242.914061,15625000.0000,1828125000.0,2998.80,,2.15188,10.77060,3.411244e+13,6.822488e+13,9.096651e+13,7.797129e+13,2.2857,2904.0000,3.598,4,0.5573,,coarse,B,2.7067,4.6696,3.7200,False,512,250,0.489279,,CS(5-4),-2615.6894,-3201.506,star,25.978,3.637,20.263,512,20260825,False,False,
Proxima Cen,Proxima Cen,6,A002_X106f040_X1426f,1.3016,241.085936,242.914061,15625000.0000,1828125000.0,2998.80,,2.03486,10.18487,3.225733e+13,6.451466e+13,8.601955e+13,7.373104e+13,2.2857,2904.0000,3.598,4,0.5573,,coarse,B,3.0103,4.1985,3.5078,False,512,142,0.278752,,CS(5-4),-2209.4394,-2704.271,star,25.978,3.637,20.263,512,20260825,False,False,
Proxima Cen,Proxima Cen,6,A002_X106f040_X148f3,1.3016,241.085936,242.914061,15625000.0000,1828125000.0,2998.80,,2.00449,10.03284,3.177584e+13,6.355167e+13,8.473556e+13,7.263048e+13,2.2857,2904.0000,3.598,4,0.5573,,coarse,B,2.5827,4.3385,3.0281,False,512,364,0.711501,,CS(5-4),-3271.9394,-4004.731,star,25.978,3.637,20.263,512,20260825,False,False,
Proxima Cen,Proxima Cen,6,A002_X1074d99_X167,1.3016,241.085936,242.914061,15625000.0000,1828125000.0,2998.80,,1.78788,8.94864,2.834196e+13,5.668392e+13,7.557857e+13,6.478163e+13,2.2857,2904.0000,3.598,4,0.5573,,coarse,B,2.3764,4.2323,3.0280,False,512,417,0.814815,,CS(5-4),-2084.4394,-2551.275,star,25.978,3.637,20.263,512,20260825,False,False,
Proxima Cen,Proxima Cen,6,A002_X106b646_X19c5,1.3016,241.085936,242.914061,15625000.0000,1828125000.0,2998.80,,2.20524,11.03813,3.495976e+13,6.991953e+13,9.322604e+13,7.990803e+13,2.2857,2904.0000,3.598,4,0.5573,,coarse,B,2.4637,4.1876,3.7711,False,512,383,0.748538,,CS(5-4),-2053.1894,-2513.027,star,25.978,3.637,20.263,512,20260825,False,False,
Proxima Cen,Proxima Cen,6,A002_X106ccd1_X1a38,1.3016,241.085936,242.914061,15625000.0000,1828125000.0,2998.80,,1.76445,8.83164,2.797141e+13,5.594282e+13,7.459043e+13,6.393465e+13,2.2857,2904.0000,3.598,4,0.5573,,coarse,B,2.5363,5.2362,3.0060,False,512,365,0.713450,,CS(5-4),-3631.3144,-4444.592,star,25.978,3.637,20.263,512,20260825,False,False,
Proxima Cen,Proxima Cen,6,A002_X107376c_X1ba2,1.3016,241.085936,242.914061,15625000.0000,1828125000.0,2998.80,,2.51819,12.60395,3.991899e+13,7.983798e+13,1.064506e+14,9.124341e+13,2.2857,2904.0000,3.598,4,0.5573,,coarse,B,3.6570,4.3957,3.8099,False,512,22,0.044834,,CS(5-4),-2021.9394,-2474.778,star,25.978,3.637,20.263,512,20260825,False,False,
Proxima Cen,Proxima Cen,6,A002_X106b646_X21a9,1.3016,241.085936,242.914061,15625000.0000,1828125000.0,201.60,,9.12411,45.66989,1.446448e+14,2.892896e+14,3.857195e+14,3.306167e+14,2.2857,2904.0000,3.598,2,0.03747,,coarse,B,2.3693,4.6206,3.3055,False,512,351,0.686160,,CS(5-4),-2365.6894,-2895.515,star,25.978,3.637,20.263,512,20260825,False,False,
Proxima Cen,Proxima Cen,6,A002_X106f040_X26c7,1.3016,241.085936,242.914061,15625000.0000,1828125000.0,2998.80,,1.73051,8.66162,2.743291e+13,5.486581e+13,7.315441e+13,6.270378e+13,2.2857,2904.0000,3.598,4,0.5573,,coarse,B,2.5393,4.5846,3.3178,False,512,397,0.775828,,CS(5-4),-2021.9394,-2474.778,star,25.978,3.637,20.263,512,20260825,False,False,
Proxima Cen,Proxima Cen,6,A002_X106f040_X2b06,1.3016,241.085936,242.914061,15625000.0000,1828125000.0,2998.80,,1.71379,8.57791,2.716779e+13,5.433558e+13,7.244743e+13,6.209780e+13,2.2857,2904.0000,3.598,4,0.5573,,coarse,B,3.3853,4.3036,3.7082,False,512,45,0.089669,,CS(5-4),-2209.4394,-2704.271,star,25.978,3.637,20.263,512,20260825,False,False,
Proxima Cen,Proxima Cen,6,A002_X106f040_X2e59,1.3016,241.085936,242.914061,15625000.0000,1828125000.0,2998.80,,1.75850,8.80172,2.787666e+13,5.575331e+13,7.433775e+13,6.371807e+13,2.2857,2904.0000,3.598,4,0.5573,,coarse,B,2.7769,4.4482,3.5352,False,512,283,0.553606,,CS(5-4),-2631.3144,-3220.630,star,25.978,3.637,20.263,512,20260825,False,False,
Proxima Cen,Proxima Cen,6,A002_X107649f_X59f,1.3016,241.085936,242.914061,15625000.0000,1828125000.0,2998.80,,1.52350,7.62534,2.415083e+13,4.830165e+13,6.440220e+13,5.520189e+13,2.2857,2904.0000,3.598,4,0.5573,,coarse,B,2.5506,4.2518,3.3299,False,512,401,0.783626,,CS(5-4),-2037.5644,-2493.902,star,25.978,3.637,20.263,512,20260825,False,False,
Proxima Cen,Proxima Cen,6,A002_X1074d99_X74e,1.3016,241.085936,242.914061,15625000.0000,1828125000.0,2998.80,,1.96113,9.81578,3.108836e+13,6.217672e+13,8.290230e+13,7.105911e+13,2.2857,2904.0000,3.598,4,0.5573,,coarse,B,3.6114,4.0974,3.6838,False,512,19,0.038986,,CS(5-4),-2709.4394,-3316.252,star,25.978,3.637,20.263,512,20260825,False,False,
Proxima Cen,Proxima Cen,6,A002_X107649f_X868f,1.3016,241.085936,242.914061,15625000.0000,1828125000.0,2998.80,,2.02953,10.15812,3.217260e+13,6.434519e+13,8.579359e+13,7.353736e+13,2.2857,2904.0000,3.598,4,0.5573,,coarse,B,2.9981,4.0918,3.4494,False,512,133,0.261209,,CS(5-4),-2350.0644,-2876.391,star,25.978,3.637,20.263,512,20260825,False,False,
Proxima Cen,Proxima Cen,6,A002_X107649f_X8f30,1.3016,241.085936,242.914061,15625000.0000,1828125000.0,2998.80,,2.08136,10.41753,3.299420e+13,6.598839e+13,8.798452e+13,7.541530e+13,2.2857,2904.0000,3.598,4,0.5573,,coarse,B,3.3462,4.5437,3.6273,False,512,67,0.132554,,CS(5-4),-3568.8144,-4368.095,star,25.978,3.637,20.263,512,20260825,False,False,
Proxima Cen,Proxima Cen,6,A002_X1077d5b_X9976,1.3016,241.085936,242.914061,15625000.0000,1828125000.0,2998.80,,1.78633,8.94088,2.831738e+13,5.663475e+13,7.551300e+13,6.472543e+13,2.2857,2904.0000,3.598,4,0.5573,,coarse,B,2.7889,4.2079,3.3643,False,512,224,0.438596,,CS(5-4),-2459.4394,-3010.261,star,25.978,3.637,20.263,512,20260825,False,False,
Proxima Cen,Proxima Cen,6,A002_X1077d5b_Xa63d,1.3016,241.085936,242.914061,15625000.0000,1828125000.0,2998.80,,1.44463,7.23063,2.290073e+13,4.580145e+13,6.106861e+13,5.234452e+13,2.2857,2904.0000,3.598,4,0.5573,,coarse,B,2.5312,4.1909,3.2444,False,512,341,0.666667,,CS(5-4),-2818.8144,-3450.123,star,25.978,3.637,20.263,512,20260825,False,False,
Proxima Cen,Proxima Cen,6,A002_X1077d5b_Xacdc,1.3016,241.085936,242.914061,15625000.0000,1828125000.0,2998.80,,1.47626,7.38895,2.340214e+13,4.680429e+13,6.240572e+13,5.349062e+13,2.2857,2904.0000,3.598,4,0.5573,,coarse,B,3.6196,5.2292,4.1308,False,512,45,0.089669,,CS(5-4),-3662.5644,-4482.841,star,25.978,3.637,20.263,512,20260825,False,False,
Proxima Cen,Proxima Cen,6,A002_X106ccd1_Xbe52,1.3016,241.085936,242.914061,15625000.0000,1828125000.0,2998.80,,1.93448,9.68266,3.066673e+13,6.133346e+13,8.177795e+13,7.009539e+13,2.2857,2904.0000,3.598,4,0.5573,,coarse,B,2.4506,4.2483,3.2972,False,512,419,0.818713,,CS(5-4),-3787.5644,-4635.836,star,25.978,3.637,20.263,512,20260825,False,False,
Proxima Cen,Proxima Cen,6,A002_X106ccd1_Xc4a6,1.3016,241.085936,242.914061,15625000.0000,1828125000.0,2998.80,,1.94439,9.73225,3.082379e+13,6.164758e+13,8.219678e+13,7.045438e+13,2.2857,2904.0000,3.598,4,0.5573,,coarse,B,2.5322,4.1667,3.0556,False,512,387,0.756335,,CS(5-4),-2084.4394,-2551.275,star,25.978,3.637,20.263,512,20260825,False,False,
Proxima Cen,Proxima Cen,6,A002_Xdb7ab7_X1025,1.3020,223.085939,224.914064,15625000.0000,1828125000.0,60.48,,12.18218,60.99831,1.933086e+14,3.866171e+14,5.154895e+14,4.418481e+14,2.2857,2688.0000,3.598,2,0.0104,,coarse,B,2.4944,4.2276,2.7001,False,512,291,0.569201,,13CO(2-1),2968.1894,4037.409,star,28.066,3.929,21.891,512,20260825,False,False,
Proxima Cen,Proxima Cen,6,A002_Xdbc154_X138c,1.3020,223.085939,224.914064,15625000.0000,1828125000.0,60.48,,13.83454,69.26545,2.195078e+14,4.390156e+14,5.853541e+14,5.017321e+14,2.2857,2688.0000,3.598,2,0.0104,,coarse,B,2.2093,3.9360,3.3316,False,512,388,0.758285,,13CO(2-1),3843.1894,5227.606,star,28.066,3.929,21.891,512,20260825,False,False,
Proxima Cen,Proxima Cen,6,A002_Xdb7ab7_X140ee,1.3020,223.085939,224.914064,15625000.0000,1828125000.0,60.48,,15.16934,75.95002,2.406917e+14,4.813835e+14,6.418447e+14,5.501526e+14,2.2857,2688.0000,3.598,2,0.0104,,coarse,B,2.7286,4.4373,3.3679,False,512,168,0.329435,,13CO(2-1),3827.5644,5206.353,star,28.066,3.929,21.891,512,20260825,False,False,
Proxima Cen,Proxima Cen,6,A002_Xdc0d09_X1938,1.3020,223.085939,224.914064,15625000.0000,1828125000.0,60.48,,17.81160,89.16911,2.825841e+14,5.651682e+14,7.535576e+14,6.459065e+14,2.2857,2688.0000,3.598,2,0.0104,,coarse,B,2.0788,3.9502,2.9101,False,512,444,0.867446,,13CO(2-1),4093.1894,5567.663,star,28.066,3.929,21.891,512,20260825,False,False,
Proxima Cen,Proxima Cen,6,A002_Xdc21b9_X252f,1.3020,223.085939,224.914064,15625000.0000,1828125000.0,60.48,,9.48689,47.48817,1.504938e+14,3.009877e+14,4.013169e+14,3.439859e+14,2.2857,2688.0000,3.598,2,0.0104,,coarse,B,3.1528,4.0931,3.4111,False,512,72,0.142300,,13CO(2-1),3936.9394,5355.127,star,28.066,3.929,21.891,512,20260825,False,False,
Proxima Cen,Proxima Cen,6,A002_Xdbc154_X8708,1.3020,223.085939,224.914064,15625000.0000,1828125000.0,60.48,,12.92330,64.70161,2.050446e+14,4.100893e+14,5.467857e+14,4.686734e+14,2.2857,2688.0000,3.598,2,0.0104,,coarse,B,2.4359,4.1751,3.6539,False,512,280,0.547758,,13CO(2-1),3874.4394,5270.113,star,28.066,3.929,21.891,512,20260825,False,False,
Proxima Cen,Proxima Cen,6,A002_Xdb7ab7_X8bda,1.3020,223.085939,224.914064,15625000.0000,1828125000.0,60.48,,11.86621,59.41493,1.882907e+14,3.765814e+14,5.021085e+14,4.303787e+14,2.2857,2688.0000,3.598,2,0.0104,,coarse,B,2.8277,4.1481,3.1872,False,512,126,0.247563,,13CO(2-1),4374.4394,5950.226,star,28.066,3.929,21.891,512,20260825,False,False,
Proxima Cen,Proxima Cen,6,A002_Xbf9c0a_X1d95,1.3020,223.132812,224.867188,15625000.0000,1734375000.0,60.48,,1.06033,5.30934,1.682572e+13,3.365144e+13,4.486859e+13,3.845879e+13,2.2857,2688.0000,3.598,2,0.0104,,coarse,B,2.7961,4.2365,3.8273,False,512,145,0.284600,,13CO(2-1),2936.9375,3994.899,star,28.066,3.929,21.891,512,20260825,False,False,
Proxima Cen,Proxima Cen,6,A002_Xbcef34_X2720,1.3020,223.132812,224.867188,15625000.0000,1734375000.0,453.60,,8.19007,41.05274,1.300994e+14,2.601989e+14,3.469318e+14,2.973701e+14,2.2857,2688.0000,3.598,2,0.07803,,coarse,B,3.3322,4.6428,3.5669,False,512,36,0.072125,,13CO(2-1),4405.6875,5992.731,star,28.066,3.929,21.891,512,20260825,False,False,
Proxima Cen,Proxima Cen,6,A002_Xdb7ab7_X1025,1.3020,225.085939,226.914064,15625000.0000,1828125000.0,60.48,,11.44802,57.32374,1.816636e+14,3.633271e+14,4.844362e+14,4.152310e+14,2.2857,2712.0000,3.598,2,0.0105,,coarse,B,1.9205,3.8374,2.6293,False,512,481,0.939571,,CO(2-1),-3623.9356,-4712.579,star,27.817,3.894,21.698,512,20260825,False,False,
Proxima Cen,Proxima Cen,6,A002_Xdbc154_X138c,1.3020,225.085939,226.914064,15625000.0000,1828125000.0,60.48,,12.97038,64.94041,2.058014e+14,4.116028e+14,5.488037e+14,4.704032e+14,2.2857,2712.0000,3.598,2,0.0105,,coarse,B,2.2395,4.2744,2.4354,False,512,389,0.760234,,CO(2-1),-4639.5606,-6033.302,star,27.817,3.894,21.698,512,20260825,False,False,
Proxima Cen,Proxima Cen,6,A002_Xdb7ab7_X140ee,1.3020,225.085939,226.914064,15625000.0000,1828125000.0,60.48,,14.32364,71.71749,2.272785e+14,4.545570e+14,6.060760e+14,5.194937e+14,2.2857,2712.0000,3.598,2,0.0105,,coarse,B,3.0663,4.2935,3.7961,False,512,108,0.212476,,CO(2-1),-4436.4356,-5769.157,star,27.817,3.894,21.698,512,20260825,False,False,
Proxima Cen,Proxima Cen,6,A002_Xdc0d09_X1938,1.3020,225.085939,226.914064,15625000.0000,1828125000.0,60.48,,17.98030,90.01568,2.852669e+14,5.705339e+14,7.607119e+14,6.520387e+14,2.2857,2712.0000,3.598,2,0.0105,,coarse,B,2.7977,4.3056,3.0190,False,512,174,0.341131,,CO(2-1),-4780.1856,-6216.171,star,27.817,3.894,21.698,512,20260825,False,False,
Proxima Cen,Proxima Cen,6,A002_Xdc21b9_X252f,1.3020,225.085939,226.914064,15625000.0000,1828125000.0,60.48,,8.83643,44.23311,1.401783e+14,2.803566e+14,3.738088e+14,3.204075e+14,2.2857,2712.0000,3.598,2,0.0105,,coarse,B,2.7810,3.9790,3.3445,False,512,105,0.206628,,CO(2-1),-3842.6856,-4997.042,star,27.817,3.894,21.698,512,20260825,False,False,
Proxima Cen,Proxima Cen,6,A002_Xdbc154_X8708,1.3020,225.085939,226.914064,15625000.0000,1828125000.0,60.48,,12.10266,60.59444,1.920287e+14,3.840573e+14,5.120764e+14,4.389226e+14,2.2857,2712.0000,3.598,2,0.0105,,coarse,B,2.4876,4.3312,3.4649,False,512,292,0.571150,,CO(2-1),-3983.3106,-5179.912,star,27.817,3.894,21.698,512,20260825,False,False,
Proxima Cen,Proxima Cen,6,A002_Xdb7ab7_X8bda,1.3020,225.085939,226.914064,15625000.0000,1828125000.0,60.48,,10.98212,54.98960,1.742665e+14,3.485330e+14,4.647106e+14,3.983234e+14,2.2857,2712.0000,3.598,2,0.0105,,coarse,B,3.0893,4.4985,3.1557,False,512,88,0.173489,,13CO(2-1),4796.3144,6524.072,star,27.817,3.894,21.698,512,20260825,False,False,
Proxima Cen,Proxima Cen,6,A002_Xbf9c0a_X1d95,1.3020,225.132812,226.867188,15625000.0000,1734375000.0,60.48,,1.00392,5.02697,1.593089e+13,3.186177e+13,4.248236e+13,3.641345e+13,2.2857,2712.0000,3.598,2,0.0105,,coarse,B,2.5899,4.7379,3.8439,False,512,221,0.432749,,CO(2-1),-4905.1875,-6378.724,star,27.817,3.894,21.698,512,20260825,False,False,
Proxima Cen,Proxima Cen,6,A002_Xbcef34_X2720,1.3020,225.132812,226.867188,15625000.0000,1734375000.0,453.60,,8.02664,40.23534,1.275090e+14,2.550180e+14,3.400241e+14,2.914492e+14,2.2857,2712.0000,3.598,2,0.07873,,coarse,B,2.5916,4.1417,2.6907,False,512,251,0.491228,,CO(2-1),-3873.9375,-5037.682,star,27.817,3.894,21.698,512,20260825,False,False,
Proxima Cen,Proxima Cen,6,A002_Xdb7ab7_X1025,1.3020,239.085936,240.914061,15625000.0000,1828125000.0,60.48,,12.48018,62.50372,1.980793e+14,3.961587e+14,5.282115e+14,4.527527e+14,2.2857,2880.0000,3.598,2,0.01115,,coarse,B,2.6752,4.6605,3.1269,False,512,163,0.319688,,CS(5-4),-4350.0644,-5324.315,star,26.195,3.667,20.432,512,20260825,False,False,
Proxima Cen,Proxima Cen,6,A002_Xdbc154_X138c,1.3020,239.085936,240.914061,15625000.0000,1828125000.0,60.48,,14.24528,71.33602,2.260696e+14,4.521392e+14,6.028523e+14,5.167305e+14,2.2857,2880.0000,3.598,2,0.01115,,coarse,B,4.3238,4.1254,4.6402,False,512,0,0.001949,,CS(5-4),-4553.1894,-5572.933,star,26.195,3.667,20.432,512,20260825,False,False,
Proxima Cen,Proxima Cen,6,A002_Xdb7ab7_X140ee,1.3020,239.085936,240.914061,15625000.0000,1828125000.0,60.48,,15.81001,79.17366,2.509077e+14,5.018154e+14,6.690873e+14,5.735034e+14,2.2857,2880.0000,3.598,2,0.01115,,coarse,B,2.8993,4.8188,3.4129,False,512,117,0.230019,,CS(5-4),-4771.9394,-5840.674,star,26.195,3.667,20.432,512,20260825,False,False,
Proxima Cen,Proxima Cen,6,A002_Xdc0d09_X1938,1.3020,239.085936,240.914061,15625000.0000,1828125000.0,60.48,,19.72548,98.76867,3.130059e+14,6.260118e+14,8.346823e+14,7.154420e+14,2.2857,2880.0000,3.598,2,0.01115,,coarse,B,3.2035,4.1729,3.3972,False,512,67,0.132554,,CS(5-4),-5678.1894,-6949.890,star,26.195,3.667,20.432,512,20260825,False,False,
Proxima Cen,Proxima Cen,6,A002_Xdc21b9_X252f,1.3020,239.085936,240.914061,15625000.0000,1828125000.0,60.48,,9.68090,48.46747,1.535973e+14,3.071947e+14,4.095929e+14,3.510796e+14,2.2857,2880.0000,3.598,2,0.01115,,coarse,B,2.1548,4.1102,2.8381,False,512,417,0.814815,,CS(5-4),-4475.0644,-5477.311,star,26.195,3.667,20.432,512,20260825,False,False,
Proxima Cen,Proxima Cen,6,A002_Xdbc154_X8708,1.3020,239.085936,240.914061,15625000.0000,1828125000.0,60.48,,13.33312,66.76641,2.115881e+14,4.231763e+14,5.642351e+14,4.836300e+14,2.2857,2880.0000,3.598,2,0.01115,,coarse,B,2.6426,4.3927,2.9448,False,512,219,0.428850,,CS(5-4),-4381.3144,-5362.564,star,26.195,3.667,20.432,512,20260825,False,False,
Proxima Cen,Proxima Cen,6,A002_Xdb7ab7_X8bda,1.3020,239.085936,240.914061,15625000.0000,1828125000.0,60.48,,11.89324,59.56273,1.887591e+14,3.775182e+14,5.033576e+14,4.314494e+14,2.2857,2880.0000,3.598,2,0.01115,,coarse,B,2.4388,4.6692,3.0825,False,512,291,0.569201,,CS(5-4),-5318.8144,-6510.029,star,26.195,3.667,20.432,512,20260825,False,False,
Proxima Cen,Proxima Cen,6,A002_Xbf9c0a_X1d95,1.3020,239.132813,240.867188,15625000.0000,1734375000.0,60.48,,1.09629,5.49056,1.740003e+13,3.480005e+13,4.640007e+13,3.977149e+13,2.2857,2880.0000,3.598,2,0.01115,,coarse,B,2.7502,4.5266,3.8952,False,512,144,0.282651,,CS(5-4),-4162.5625,-5094.820,star,26.195,3.667,20.432,512,20260825,False,False,
Proxima Cen,Proxima Cen,6,A002_Xbcef34_X2720,1.3020,239.132813,240.867188,15625000.0000,1734375000.0,453.60,,8.79272,44.08981,1.397242e+14,2.794483e+14,3.725978e+14,3.193695e+14,2.2857,2880.0000,3.598,2,0.08361,,coarse,B,1.9656,4.2142,2.7601,False,512,484,0.945419,,CS(5-4),-5068.8125,-6204.036,star,26.195,3.667,20.432,512,20260825,False,False,
Proxima Cen,Proxima Cen,6,A002_Xdb7ab7_X1025,1.3020,241.085936,242.914061,15625000.0000,1828125000.0,60.48,,13.02753,65.24679,2.067723e+14,4.135447e+14,5.513929e+14,4.726225e+14,2.2857,2904.0000,3.598,2,0.01124,,coarse,B,2.1480,4.1922,3.6022,False,512,430,0.840156,,CS(5-4),-2350.0644,-2876.391,star,25.978,3.637,20.263,512,20260825,False,False,
Proxima Cen,Proxima Cen,6,A002_Xdbc154_X138c,1.3020,241.085936,242.914061,15625000.0000,1828125000.0,60.48,,14.93226,74.77812,2.369779e+14,4.739558e+14,6.319410e+14,5.416637e+14,2.2857,2904.0000,3.598,2,0.01124,,coarse,B,2.9471,3.7165,3.2588,False,512,69,0.136452,,CS(5-4),-3131.3144,-3832.611,star,25.978,3.637,20.263,512,20260825,False,False,
Proxima Cen,Proxima Cen,6,A002_Xdb7ab7_X140ee,1.3020,241.085936,242.914061,15625000.0000,1828125000.0,60.48,,16.57267,82.99512,2.630182e+14,5.260364e+14,7.013819e+14,6.011845e+14,2.2857,2904.0000,3.598,2,0.01124,,coarse,B,2.4923,4.2927,2.9759,False,512,288,0.563353,,CS(5-4),-3568.8144,-4368.095,star,25.978,3.637,20.263,512,20260825,False,False,
Proxima Cen,Proxima Cen,6,A002_Xdc0d09_X1938,1.3020,241.085936,242.914061,15625000.0000,1828125000.0,60.48,,20.81329,104.21800,3.302752e+14,6.605505e+14,8.807340e+14,7.549149e+14,2.2857,2904.0000,3.598,2,0.01124,,coarse,B,3.0243,4.4196,3.6435,False,512,121,0.237817,,CS(5-4),-2881.3144,-3526.621,star,25.978,3.637,20.263,512,20260825,False,False,
Proxima Cen,Proxima Cen,6,A002_Xdc21b9_X252f,1.3020,241.085936,242.914061,15625000.0000,1828125000.0,60.48,,10.34904,51.81362,1.642015e+14,3.284031e+14,4.378708e+14,3.753178e+14,2.2857,2904.0000,3.598,2,0.01124,,coarse,B,2.2100,4.3053,3.2739,False,512,420,0.820663,,CS(5-4),-2615.6894,-3201.506,star,25.978,3.637,20.263,512,20260825,False,False,
Proxima Cen,Proxima Cen,6,A002_Xdbc154_X8708,1.3020,241.085936,242.914061,15625000.0000,1828125000.0,60.48,,13.99802,70.09776,2.221454e+14,4.442909e+14,5.923878e+14,5.077610e+14,2.2857,2904.0000,3.598,2,0.01124,,coarse,B,2.4912,4.2848,3.0148,False,512,286,0.559454,,CS(5-4),-3850.0644,-4712.334,star,25.978,3.637,20.263,512,20260825,False,False,
Proxima Cen,Proxima Cen,6,A002_Xdb7ab7_X8bda,1.3020,241.085936,242.914061,15625000.0000,1828125000.0,60.48,,12.66679,63.43847,2.010416e+14,4.020832e+14,5.361110e+14,4.595237e+14,2.2857,2904.0000,3.598,2,0.01124,,coarse,B,2.9317,4.2003,3.2543,False,512,109,0.214425,,CS(5-4),-3631.3144,-4444.592,star,25.978,3.637,20.263,512,20260825,False,False,
Proxima Cen,Proxima Cen,6,A002_Xbf9c0a_X1d95,1.3020,241.132813,242.867188,15625000.0000,1734375000.0,60.48,,1.20439,6.03210,1.911622e+13,3.823244e+13,5.097659e+13,4.369422e+13,2.2857,2904.0000,3.598,2,0.01124,,coarse,B,2.6258,4.2157,3.5897,False,512,174,0.341131,,CS(5-4),-3709.4375,-4540.212,star,25.978,3.637,20.263,512,20260825,False,False,
Proxima Cen,Proxima Cen,6,A002_Xbcef34_X2720,1.3020,241.132813,242.867188,15625000.0000,1734375000.0,453.60,,9.37445,47.00909,1.489756e+14,2.979512e+14,3.972682e+14,3.405156e+14,2.2857,2904.0000,3.598,2,0.0843,,coarse,B,2.5505,3.8853,3.1504,False,512,203,0.397661,,CS(5-4),-2787.5625,-3411.872,star,25.978,3.637,20.263,512,20260825,False,False,
NAME Barnards star,NAME Barnards star,6,A002_Xfdf45f_X478e,1.8282,223.085939,224.914064,15625000.0000,1828125000.0,2998.80,2975,2.04705,10.24566,6.402275e+13,1.280455e+14,1.707273e+14,1.463377e+14,2.2857,2688.0000,3.598,4,0.5159,1.0000,coarse,B,3.0588,4.1255,3.4223,False,512,108,0.212476,223.523439,13CO(2-1),3124.4394,4249.944,star,28.066,3.929,21.891,512,20260825,False,False,
NAME Barnards star,NAME Barnards star,6,A002_Xfe2e17_X282,1.8282,223.085939,224.914064,15625000.0000,1828125000.0,2998.80,,2.59821,13.00464,8.126299e+13,1.625260e+14,2.167013e+14,1.857440e+14,2.2857,2688.0000,3.598,4,0.5159,,coarse,B,2.5509,4.5586,4.2450,False,512,361,0.705653,,13CO(2-1),3827.5644,5206.353,star,28.066,3.929,21.891,512,20260825,False,False,
NAME Barnards star,NAME Barnards star,6,A002_Xfe1962_X4ef9,1.8282,223.085939,224.914064,15625000.0000,1828125000.0,2998.80,,1.81380,9.07842,5.672899e+13,1.134580e+14,1.512773e+14,1.296663e+14,2.2857,2688.0000,3.598,4,0.5159,,coarse,B,2.6282,4.2322,3.7768,False,512,321,0.627680,,13CO(2-1),2952.5644,4016.155,star,28.066,3.929,21.891,512,20260825,False,False,
NAME Barnards star,NAME Barnards star,6,A002_Xfe3986_X5c7e,1.8282,223.085939,224.914064,15625000.0000,1828125000.0,2998.80,,2.63176,13.17267,8.231296e+13,1.646259e+14,2.195012e+14,1.881439e+14,2.2857,2688.0000,3.598,4,0.5159,,coarse,B,2.6686,4.5590,3.4916,False,512,295,0.576998,,13CO(2-1),3921.3144,5333.874,star,28.066,3.929,21.891,512,20260825,False,False,
NAME Barnards star,NAME Barnards star,6,A002_Xfdf45f_X478e,1.8282,225.085939,226.914064,15625000.0000,1828125000.0,2998.80,2975,1.96647,9.84253,6.150372e+13,1.230074e+14,1.640099e+14,1.405799e+14,2.2857,2712.0000,3.598,4,0.5205,1.0000,coarse,B,4.3980,4.3819,4.5293,False,512,0,0.001949,225.320314,13CO(2-1),4921.3144,6694.100,star,27.817,3.894,21.698,512,20260825,False,False,
NAME Barnards star,NAME Barnards star,6,A002_Xfe2e17_X282,1.8282,225.085939,226.914064,15625000.0000,1828125000.0,2998.80,,2.49559,12.49123,7.805484e+13,1.561097e+14,2.081462e+14,1.784111e+14,2.2857,2712.0000,3.598,4,0.5205,,coarse,B,2.7704,4.6450,3.3856,False,512,214,0.419103,,CO(2-1),-4373.9356,-5687.882,star,27.817,3.894,21.698,512,20260825,False,False,
NAME Barnards star,NAME Barnards star,6,A002_Xfe1962_X4ef9,1.8282,225.085939,226.914064,15625000.0000,1828125000.0,2998.80,,1.71870,8.60258,5.375555e+13,1.075111e+14,1.433481e+14,1.228698e+14,2.2857,2712.0000,3.598,4,0.5205,,coarse,B,3.9060,4.1726,4.1746,False,512,5,0.011696,,CO(2-1),-4139.5606,-5383.100,star,27.817,3.894,21.698,512,20260825,False,False,
NAME Barnards star,NAME Barnards star,6,A002_Xfe3986_X5c7e,1.8282,225.085939,226.914064,15625000.0000,1828125000.0,2998.80,,2.52942,12.66071,7.911388e+13,1.582278e+14,2.109703e+14,1.808317e+14,2.2857,2712.0000,3.598,4,0.5205,,coarse,B,3.4219,3.9765,3.7095,False,512,25,0.050682,,13CO(2-1),4843.1894,6587.832,star,27.817,3.894,21.698,512,20260825,False,False,
NAME Barnards star,NAME Barnards star,6,A002_Xfdf45f_X478e,1.8282,239.085936,240.914061,15625000.0000,1828125000.0,2998.80,2975,2.10339,10.52924,6.579478e+13,1.315896e+14,1.754527e+14,1.503881e+14,2.2857,2880.0000,3.598,4,0.5527,1.0000,coarse,B,2.0875,3.9928,3.1850,False,512,490,0.957115,239.085936,CS(5-4),-5850.0644,-7160.259,star,26.195,3.667,20.432,512,20260825,False,False,
NAME Barnards star,NAME Barnards star,6,A002_Xfe2e17_X282,1.8282,239.085936,240.914061,15625000.0000,1828125000.0,2998.80,,2.78400,13.93670,8.708721e+13,1.741744e+14,2.322326e+14,1.990565e+14,2.2857,2880.0000,3.598,4,0.5527,,coarse,B,2.6171,4.2842,2.9230,False,512,325,0.635478,,CS(5-4),-5631.3144,-6892.517,star,26.195,3.667,20.432,512,20260825,False,False,
NAME Barnards star,NAME Barnards star,6,A002_Xfe1962_X4ef9,1.8282,239.085936,240.914061,15625000.0000,1828125000.0,2998.80,,1.90984,9.56059,5.974192e+13,1.194838e+14,1.593118e+14,1.365530e+14,2.2857,2880.0000,3.598,4,0.5527,,coarse,B,3.6214,5.3258,4.1750,False,512,16,0.033138,,CS(5-4),-5225.0644,-6395.282,star,26.195,3.667,20.432,512,20260825,False,False,
NAME Barnards star,NAME Barnards star,6,A002_Xfe3986_X5c7e,1.8282,239.085936,240.914061,15625000.0000,1828125000.0,2998.80,,2.81728,14.10349,8.812946e+13,1.762589e+14,2.350119e+14,2.014388e+14,2.2857,2880.0000,3.598,4,0.5527,,coarse,B,2.2402,3.8851,2.8367,False,512,459,0.896686,,CS(5-4),-4287.5644,-5247.818,star,26.195,3.667,20.432,512,20260825,False,False,
NAME Barnards star,NAME Barnards star,6,A002_Xfdf45f_X478e,1.8282,241.085936,242.914061,15625000.0000,1828125000.0,2998.80,2975,2.20150,11.02057,6.886502e+13,1.377300e+14,1.836400e+14,1.574058e+14,2.2857,2904.0000,3.598,4,0.5573,1.0000,coarse,B,2.4507,4.1266,3.2017,False,512,410,0.801170,242.648436,CS(5-4),-2287.5644,-2799.893,star,25.978,3.637,20.263,512,20260825,False,False,
NAME Barnards star,NAME Barnards star,6,A002_Xfe2e17_X282,1.8282,241.085936,242.914061,15625000.0000,1828125000.0,2998.80,,2.88600,14.44757,9.027957e+13,1.805591e+14,2.407455e+14,2.063533e+14,2.2857,2904.0000,3.598,4,0.5573,,coarse,B,3.0621,4.9391,3.3696,False,512,120,0.235867,,CS(5-4),-2693.8144,-3297.128,star,25.978,3.637,20.263,512,20260825,False,False,
NAME Barnards star,NAME Barnards star,6,A002_Xfe1962_X4ef9,1.8282,241.085936,242.914061,15625000.0000,1828125000.0,2998.80,,2.00225,10.02339,6.263387e+13,1.252677e+14,1.670237e+14,1.431631e+14,2.2857,2904.0000,3.598,4,0.5573,,coarse,B,3.7689,4.0902,3.8919,False,512,7,0.015595,,CS(5-4),-3334.4394,-4081.229,star,25.978,3.637,20.263,512,20260825,False,False,
NAME Barnards star,NAME Barnards star,6,A002_Xfe3986_X5c7e,1.8282,241.085936,242.914061,15625000.0000,1828125000.0,2998.80,,2.95792,14.80781,9.253063e+13,1.850613e+14,2.467483e+14,2.114986e+14,2.2857,2904.0000,3.598,4,0.5573,,coarse,B,3.0185,4.8540,3.9615,False,512,156,0.306043,,CS(5-4),-3646.9394,-4463.717,star,25.978,3.637,20.263,512,20260825,False,False,
Wolf 359,Wolf  359,6,A002_Xfdb69b_X667a,2.4086,223.085939,224.914064,15625000.0000,1828125000.0,2998.80,2975,1.54984,7.75641,8.412407e+13,1.682481e+14,2.243309e+14,1.922836e+14,2.2857,2688.0000,3.598,4,0.5159,1.0000,coarse,B,2.5857,4.5959,3.4184,False,512,337,0.658869,223.710939,13CO(2-1),3311.9394,4504.986,star,28.066,3.929,21.891,512,20260825,False,False,
Wolf 359,Wolf  359,6,A002_Xfdc8ec_X4cec,2.4086,223.085939,224.914064,15625000.0000,1828125000.0,2998.80,,1.79540,8.98535,9.745286e+13,1.949057e+14,2.598743e+14,2.227494e+14,2.2857,2688.0000,3.598,4,0.5159,,coarse,B,2.4274,4.3861,3.1474,False,512,396,0.773879,,13CO(2-1),3577.5644,4866.296,star,28.066,3.929,21.891,512,20260825,False,False,
Wolf 359,Wolf  359,6,A002_Xfdc8ec_X5134,2.4086,223.085939,224.914064,15625000.0000,1828125000.0,478.80,,5.22816,26.16523,2.837814e+14,5.675627e+14,7.567503e+14,6.486431e+14,2.2857,2688.0000,3.598,2,0.08237,,coarse,B,2.6585,3.9517,2.9480,False,512,243,0.475634,,13CO(2-1),3015.0644,4101.169,star,28.066,3.929,21.891,512,20260825,False,False,
Wolf 359,Wolf  359,6,A002_Xfddca6_Xcf25,2.4086,223.085939,224.914064,15625000.0000,1828125000.0,2998.80,,1.43904,7.20199,7.811092e+13,1.562218e+14,2.082958e+14,1.785392e+14,2.2857,2688.0000,3.598,4,0.5159,,coarse,B,2.3027,4.7434,2.9294,False,512,451,0.881092,,13CO(2-1),4421.3144,6013.987,star,28.066,3.929,21.891,512,20260825,False,False,
Wolf 359,Wolf  359,6,A002_Xfdb69b_X667a,2.4086,225.085939,226.914064,15625000.0000,1828125000.0,2998.80,2975,1.44358,7.22474,7.835772e+13,1.567154e+14,2.089539e+14,1.791034e+14,2.2857,2712.0000,3.598,4,0.5205,1.0000,coarse,B,2.8452,4.4178,3.9667,False,512,202,0.395712,225.507814,CO(2-1),-5030.1856,-6541.272,star,27.817,3.894,21.698,512,20260825,False,False,
Wolf 359,Wolf  359,6,A002_Xfdc8ec_X4cec,2.4086,225.085939,226.914064,15625000.0000,1828125000.0,2998.80,,1.68819,8.44899,9.163556e+13,1.832711e+14,2.443615e+14,2.094527e+14,2.2857,2712.0000,3.598,4,0.5205,,coarse,B,2.6004,4.2562,3.1458,False,512,282,0.551657,,CO(2-1),-4295.8106,-5586.288,star,27.817,3.894,21.698,512,20260825,False,False,
Wolf 359,Wolf  359,6,A002_Xfdc8ec_X5134,2.4086,225.085939,226.914064,15625000.0000,1828125000.0,478.80,,4.98614,24.95440,2.706490e+14,5.412980e+14,7.217307e+14,6.186263e+14,2.2857,2712.0000,3.598,2,0.0831,,coarse,B,2.6863,4.4136,3.3649,False,512,242,0.473684,,CO(2-1),-4827.0606,-6277.127,star,27.817,3.894,21.698,512,20260825,False,False,
Wolf 359,Wolf  359,6,A002_Xfddca6_Xcf25,2.4086,225.085939,226.914064,15625000.0000,1828125000.0,2998.80,,1.34184,6.71564,7.283606e+13,1.456721e+14,1.942295e+14,1.664824e+14,2.2857,2712.0000,3.598,4,0.5205,,coarse,B,3.3001,5.0392,3.9898,False,512,193,0.378168,,13CO(2-1),4983.8144,6779.114,star,27.817,3.894,21.698,512,20260825,False,False,
Wolf 359,Wolf  359,6,A002_Xfdb69b_X667a,2.4086,239.085936,240.914061,15625000.0000,1828125000.0,2998.80,2975,1.59738,7.99541,8.671614e+13,1.734323e+14,2.312430e+14,1.982083e+14,2.2857,2880.0000,3.598,4,0.5527,1.0000,coarse,B,2.4047,4.5355,2.9781,False,512,412,0.805068,240.523436,CS(5-4),-4412.5644,-5400.813,star,26.195,3.667,20.432,512,20260825,False,False,
Wolf 359,Wolf  359,6,A002_Xfdc8ec_X4cec,2.4086,239.085936,240.914061,15625000.0000,1828125000.0,2998.80,,1.87309,9.37550,1.016842e+14,2.033685e+14,2.711579e+14,2.324211e+14,2.2857,2880.0000,3.598,4,0.5527,,coarse,B,3.4153,4.2604,3.4911,False,512,36,0.072125,,CS(5-4),-4803.1894,-5878.923,star,26.195,3.667,20.432,512,20260825,False,False,
Wolf 359,Wolf  359,6,A002_Xfdc8ec_X5134,2.4086,239.085936,240.914061,15625000.0000,1828125000.0,478.80,,5.47774,27.41805,2.973691e+14,5.947382e+14,7.929843e+14,6.797008e+14,2.2857,2880.0000,3.598,2,0.08825,,coarse,B,2.7501,4.2121,3.8543,False,512,170,0.333333,,CS(5-4),-4100.0644,-5018.325,star,26.195,3.667,20.432,512,20260825,False,False,
Wolf 359,Wolf  359,6,A002_Xfddca6_Xcf25,2.4086,239.085936,240.914061,15625000.0000,1828125000.0,2998.80,,1.49240,7.47011,8.101887e+13,1.620377e+14,2.160503e+14,1.851860e+14,2.2857,2880.0000,3.598,4,0.5527,,coarse,B,2.8252,4.4402,3.8926,False,512,251,0.491228,,CS(5-4),-4021.9394,-4922.703,star,26.195,3.667,20.432,512,20260825,False,False,
Wolf 359,Wolf  359,6,A002_Xfdb69b_X667a,2.4086,241.085936,242.914061,15625000.0000,1828125000.0,2998.80,2975,1.67713,8.39473,9.104713e+13,1.820943e+14,2.427923e+14,2.081077e+14,2.2857,2904.0000,3.598,4,0.5573,1.0000,coarse,B,3.0875,4.4167,3.9129,False,512,136,0.267057,242.351561,CS(5-4),-2584.4394,-3163.257,star,25.978,3.637,20.263,512,20260825,False,False,
Wolf 359,Wolf  359,6,A002_Xfdc8ec_X4cec,2.4086,241.085936,242.914061,15625000.0000,1828125000.0,2998.80,,1.96508,9.83611,1.066799e+14,2.133599e+14,2.844798e+14,2.438398e+14,2.2857,2904.0000,3.598,4,0.5573,,coarse,B,2.5750,4.5420,3.2002,False,512,343,0.670565,,CS(5-4),-3740.6894,-4578.463,star,25.978,3.637,20.263,512,20260825,False,False,
Wolf 359,Wolf  359,6,A002_Xfdc8ec_X5134,2.4086,241.085936,242.914061,15625000.0000,1828125000.0,478.80,,5.74818,28.77222,3.120561e+14,6.241122e+14,8.321496e+14,7.132711e+14,2.2857,2904.0000,3.598,2,0.08899,,coarse,B,1.8397,5.0407,3.2689,False,512,490,0.957115,,CS(5-4),-3287.5644,-4023.855,star,25.978,3.637,20.263,512,20260825,False,False,
Wolf 359,Wolf  359,6,A002_Xfddca6_Xcf25,2.4086,241.085936,242.914061,15625000.0000,1828125000.0,2998.80,,1.56462,7.83172,8.494079e+13,1.698816e+14,2.265088e+14,1.941504e+14,2.2857,2904.0000,3.598,4,0.5573,,coarse,B,2.7590,5.1176,3.3948,False,512,311,0.608187,,CS(5-4),-3240.6894,-3966.482,star,25.978,3.637,20.263,512,20260825,False,False,
alf CMa B,alf CMa B,3,A002_Xc99ad7_X348,2.6703,92.127387,93.861762,15625000.0000,1734375000.0,344.74,171,0.38342,1.98624,2.647781e+13,5.295563e+13,7.060751e+13,6.052072e+13,2.2857,1115.9349,3.598,2,0.02462,1.0000,coarse,B,2.5510,4.4634,4.2528,False,512,254,0.497076,93.596137,HCO+(1-0),4407.1375,14813.784,star,67.603,9.464,52.730,512,20260825,False,False,
alf CMa B,alf CMa B,3,A002_Xc99ad7_X348,2.6703,94.064887,95.799262,15625000.0000,1734375000.0,344.74,171,0.38580,2.00155,2.668201e+13,5.336403e+13,7.115204e+13,6.098746e+13,2.2857,1139.1849,3.598,2,0.02513,1.0000,coarse,B,2.8909,4.8067,3.9415,False,512,111,0.218324,95.033637,HCO+(1-0),5844.6375,19645.677,star,66.223,9.271,51.654,512,20260825,False,False,
alf CMa B,alf CMa B,3,A002_Xc99ad7_X348,2.6703,104.127387,105.861762,15625000.0000,1734375000.0,344.74,171,0.41959,2.19492,2.925972e+13,5.851945e+13,7.802593e+13,6.687937e+13,2.2857,1259.9349,3.598,2,0.0278,1.0000,coarse,B,3.2521,4.2428,4.2738,False,512,41,0.081871,105.783637,CN(1-0),-7707.3625,-20359.404,star,59.877,8.383,46.704,512,20260825,False,False,
alf CMa B,alf CMa B,3,A002_Xc99ad7_X348,2.6703,106.127387,107.861762,15625000.0000,1734375000.0,344.74,171,0.43997,2.30549,3.073366e+13,6.146733e+13,8.195644e+13,7.024838e+13,2.2857,1283.9349,3.598,2,0.02833,1.0000,coarse,B,2.2319,4.3941,3.8905,False,512,379,0.740741,107.064887,CN(1-0),-6426.1125,-16974.915,star,58.757,8.226,45.831,512,20260825,False,False,
alf CMa B,alf CMa B,4,A002_Xcc626d_X579,2.6703,142.127387,143.861762,15625000.0000,1734375000.0,344.74,171,0.34729,1.90240,2.536029e+13,5.072058e+13,6.762744e+13,5.796637e+13,2.2857,1715.9349,3.598,2,0.03786,1.0000,coarse,B,2.0798,3.9469,3.6340,False,512,432,0.844055,142.330512,CO(1-0),27059.5125,70375.357,star,43.965,6.155,34.293,512,20260825,False,False,
alf CMa B,alf CMa B,4,A002_Xcc626d_X579,2.6703,144.064887,145.799262,15625000.0000,1734375000.0,344.74,171,0.32029,1.75888,2.344699e+13,4.689398e+13,6.252531e+13,5.359312e+13,2.2857,1739.1849,3.598,2,0.03837,1.0000,coarse,B,3.0530,4.6225,4.2300,False,512,70,0.138402,144.971137,CO(1-0),29700.1375,77242.995,star,43.377,6.073,33.834,512,20260825,False,False,
alf CMa B,alf CMa B,4,A002_Xcc626d_X579,2.6703,154.127387,155.861762,15625000.0000,1734375000.0,344.74,171,0.35196,1.95906,2.611551e+13,5.223102e+13,6.964136e+13,5.969260e+13,2.2857,1859.9349,3.598,2,0.04104,1.0000,coarse,B,2.6477,4.7707,3.9635,False,512,192,0.376218,155.174262,CO(1-0),39903.2625,103778.896,star,40.561,5.679,31.638,512,20260825,False,False,
alf CMa B,alf CMa B,4,A002_Xcc626d_X579,2.6703,156.127387,157.861762,15625000.0000,1734375000.0,344.74,171,0.39822,2.22269,2.962989e+13,5.925979e+13,7.901305e+13,6.772547e+13,2.2857,1883.9349,3.598,2,0.04157,1.0000,coarse,B,2.5570,4.5643,4.3775,False,512,237,0.463938,156.924262,CO(1-0),41653.2625,108330.230,star,40.044,5.606,31.234,512,20260825,False,False,
alf CMa B,alf CMa B,5,A002_Xd0fb35_X90dc,2.6703,195.127387,196.861762,15625000.0000,1734375000.0,344.74,171,0.52240,3.03135,4.040985e+13,8.081971e+13,1.077596e+14,9.236539e+13,2.2857,2351.9349,3.598,2,0.05189,1.0000,coarse,B,2.6385,4.8985,3.7979,False,512,203,0.397661,196.314887,SiO(5-4),-20790.1125,-28708.316,star,32.076,4.491,25.019,512,20260825,False,False,
alf CMa B,alf CMa B,5,A002_Xd0fb35_X90dc,2.6703,197.064887,198.799262,15625000.0000,1734375000.0,344.74,171,0.43691,2.54283,3.389759e+13,6.779518e+13,9.039358e+13,7.748021e+13,2.2857,2375.1849,3.598,2,0.0524,1.0000,coarse,B,2.3776,4.6779,4.1226,False,512,328,0.641326,197.643012,SiO(5-4),-19461.9875,-26874.356,star,31.762,4.447,24.774,512,20260825,False,False,
alf CMa B,alf CMa B,5,A002_Xd0fb35_X90dc,2.6703,207.127387,208.861762,15625000.0000,1734375000.0,344.74,171,0.59810,3.53651,4.714396e+13,9.428793e+13,1.257172e+14,1.077576e+14,2.2857,2495.9349,3.598,2,0.05507,1.0000,coarse,B,2.1739,4.1682,3.5422,False,512,392,0.766082,207.721137,SiO(5-4),-9383.8625,-12957.837,star,30.225,4.232,23.576,512,20260825,False,False,
alf CMa B,alf CMa B,5,A002_Xd0fb35_X90dc,2.6703,209.127387,210.861762,15625000.0000,1734375000.0,344.74,171,0.62241,3.69218,4.921921e+13,9.843841e+13,1.312512e+14,1.125010e+14,2.2857,2519.9349,3.598,2,0.0556,1.0000,coarse,B,2.4442,4.1328,3.3041,False,512,312,0.610136,209.377387,SiO(5-4),-7727.6125,-10670.781,star,29.938,4.191,23.351,512,20260825,False,False,
G 272-61B,G 272-61A,3,A002_X877e41_X14c1,2.6749,89.627387,91.361762,15625000.0000,1734375000.0,1862.78,924,0.24735,1.23810,1.656166e+13,3.312333e+13,4.416444e+13,3.785523e+13,2.2857,1085.9349,3.598,2,0.1295,1.0000,coarse,B,2.5740,4.1294,3.9677,False,512,257,0.502924,91.314887,HCO+(1-0),2125.8875,7145.781,star,69.471,9.726,54.187,512,20260825,False,False,
G 272-61B,G 272-61A,3,A002_X877e41_X14c1,2.6749,91.564887,93.299262,15625000.0000,1734375000.0,1862.78,924,0.24133,1.20799,1.615899e+13,3.231798e+13,4.309064e+13,3.693484e+13,2.2857,1109.1849,3.598,2,0.1322,1.0000,coarse,B,1.9855,4.6370,4.2367,False,512,467,0.912281,92.330512,HCO+(1-0),3141.5125,10559.618,star,68.015,9.522,53.051,512,20260825,False,False,
G 272-61B,G 272-61A,3,A002_X877e41_X14c1,2.6749,101.627387,103.361762,15625000.0000,1734375000.0,1862.78,924,0.24499,1.22667,1.640883e+13,3.281766e+13,4.375688e+13,3.750589e+13,2.2857,1229.9349,3.598,2,0.1466,1.0000,coarse,B,2.4393,4.4884,4.1740,False,512,290,0.567251,101.971137,CN(1-0),-11519.8625,-30430.324,star,61.337,8.587,47.843,512,20260825,False,False,
G 272-61B,G 272-61A,3,A002_X877e41_X14c1,2.6749,103.627387,105.361762,15625000.0000,1734375000.0,1862.78,924,0.24562,1.22990,1.645197e+13,3.290394e+13,4.387192e+13,3.760451e+13,2.2857,1253.9349,3.598,2,0.1495,1.0000,coarse,B,2.1410,4.2487,3.9680,False,512,436,0.851852,104.908637,CN(1-0),-8582.3625,-22670.763,star,60.163,8.423,46.927,512,20260825,False,False,
G 272-61A,G 272-61A,3,A002_X877e41_X14c1,2.7195,89.627387,91.361762,15625000.0000,1734375000.0,1862.78,924,0.24752,1.24035,1.714988e+13,3.429975e+13,4.573300e+13,3.919972e+13,2.2857,1085.9349,3.598,2,0.1295,1.0000,coarse,B,2.0372,4.3507,3.7839,False,512,444,0.867446,91.096137,HCO+(1-0),1907.1375,6410.493,star,69.471,9.726,54.187,512,20260825,False,False,
G 272-61A,G 272-61A,3,A002_X877e41_X14c1,2.7195,91.564887,93.299262,15625000.0000,1734375000.0,1862.78,924,0.24119,1.20875,1.671287e+13,3.342573e+13,4.456764e+13,3.820084e+13,2.2857,1109.1849,3.598,2,0.1322,1.0000,coarse,B,2.3590,4.3108,3.9864,False,512,310,0.606238,91.705512,HCO+(1-0),2516.5125,8458.795,star,68.015,9.522,53.051,512,20260825,False,False,
G 272-61A,G 272-61A,3,A002_X877e41_X14c1,2.7195,101.627387,103.361762,15625000.0000,1734375000.0,1862.78,924,0.24470,1.22698,1.696495e+13,3.392990e+13,4.523987e+13,3.877703e+13,2.2857,1229.9349,3.598,2,0.1466,1.0000,coarse,B,2.8265,4.2550,4.8605,False,512,128,0.251462,102.205512,CN(1-0),-11285.4875,-29811.210,star,61.337,8.587,47.843,512,20260825,False,False,
G 272-61A,G 272-61A,3,A002_X877e41_X14c1,2.7195,103.627387,105.361762,15625000.0000,1734375000.0,1862.78,924,0.24567,1.23200,1.703442e+13,3.406883e+13,4.542511e+13,3.893581e+13,2.2857,1253.9349,3.598,2,0.1495,1.0000,coarse,B,2.9143,4.4725,4.2816,False,512,107,0.210526,105.346137,CN(1-0),-8144.8625,-21515.084,star,60.163,8.423,46.927,512,20260825,False,False,
CD-23 14742,CD-23 14742,6,A002_Xfeb5e6_X13ee,2.9760,223.085939,224.914064,15625000.0000,1828125000.0,2998.80,2975,1.45148,7.26012,1.202064e+14,2.404127e+14,3.205503e+14,2.747574e+14,2.2857,2688.0000,3.598,4,0.5159,1.0000,coarse,B,2.5030,4.4283,4.0270,False,512,373,0.729045,223.992189,13CO(2-1),3593.1894,4887.550,star,28.066,3.929,21.891,512,20260825,False,False,
CD-23 14742,CD-23 14742,6,A002_Xfec857_X11fd,2.9760,223.085939,224.914064,15625000.0000,1828125000.0,2998.80,,1.38343,6.91979,1.145715e+14,2.291430e+14,3.055240e+14,2.618777e+14,2.2857,2688.0000,3.598,4,0.5159,,coarse,B,2.7478,4.7225,3.5524,False,512,235,0.460039,,13CO(2-1),3796.3144,5163.846,star,28.066,3.929,21.891,512,20260825,False,False,
CD-23 14742,CD-23 14742,6,A002_Xfec857_X6b2,2.9760,223.085939,224.914064,15625000.0000,1828125000.0,2998.80,,1.32200,6.61253,1.094841e+14,2.189682e+14,2.919576e+14,2.502493e+14,2.2857,2688.0000,3.598,4,0.5159,,coarse,B,3.2320,4.7140,3.6647,False,512,93,0.183236,,13CO(2-1),4233.8144,5758.945,star,28.066,3.929,21.891,512,20260825,False,False,
CD-23 14742,CD-23 14742,6,A002_Xfed4ee_X1b1,2.9760,223.085939,224.914064,15625000.0000,1828125000.0,2998.80,,1.40101,7.00774,1.160276e+14,2.320553e+14,3.094071e+14,2.652061e+14,2.2857,2688.0000,3.598,4,0.5159,,coarse,B,2.8343,4.8400,3.0497,False,512,215,0.421053,,13CO(2-1),2749.4394,3739.859,star,28.066,3.929,21.891,512,20260825,False,False,
CD-23 14742,CD-23 14742,6,A002_Xfee03e_X82ee,2.9760,223.085939,224.914064,15625000.0000,1828125000.0,2998.80,,1.54618,7.73389,1.280506e+14,2.561012e+14,3.414683e+14,2.926871e+14,2.2857,2688.0000,3.598,4,0.5159,,coarse,B,2.0013,3.9607,3.7915,False,512,491,0.959064,,13CO(2-1),4155.6894,5652.677,star,28.066,3.929,21.891,512,20260825,False,False,
CD-23 14742,CD-23 14742,6,A002_Xfeb5e6_X13ee,2.9760,225.085939,226.914064,15625000.0000,1828125000.0,2998.80,2975,1.35364,6.77078,1.121044e+14,2.242088e+14,2.989451e+14,2.562386e+14,2.2857,2712.0000,3.598,4,0.5205,1.0000,coarse,B,2.5636,4.1216,3.6374,False,512,354,0.692008,226.273439,CO(2-1),-4264.5606,-5545.650,star,27.817,3.894,21.698,512,20260825,False,False,
CD-23 14742,CD-23 14742,6,A002_Xfec857_X11fd,2.9760,225.085939,226.914064,15625000.0000,1828125000.0,2998.80,,1.29077,6.45633,1.068979e+14,2.137958e+14,2.850611e+14,2.443381e+14,2.2857,2712.0000,3.598,4,0.5205,,coarse,B,2.2448,4.0963,2.6613,False,512,482,0.941520,,13CO(2-1),4858.8144,6609.086,star,27.817,3.894,21.698,512,20260825,False,False,
CD-23 14742,CD-23 14742,6,A002_Xfec857_X6b2,2.9760,225.085939,226.914064,15625000.0000,1828125000.0,2998.80,,1.22335,6.11913,1.013149e+14,2.026298e+14,2.701730e+14,2.315769e+14,2.2857,2712.0000,3.598,4,0.5205,,coarse,B,3.1601,4.3544,3.3572,False,512,66,0.130604,,CO(2-1),-4436.4356,-5769.157,star,27.817,3.894,21.698,512,20260825,False,False,
CD-23 14742,CD-23 14742,6,A002_Xfed4ee_X1b1,2.9760,225.085939,226.914064,15625000.0000,1828125000.0,2998.80,,1.29138,6.45940,1.069489e+14,2.138977e+14,2.851969e+14,2.444545e+14,2.2857,2712.0000,3.598,4,0.5205,,coarse,B,2.6641,5.0152,3.1174,False,512,291,0.569201,,13CO(2-1),4749.4394,6460.311,star,27.817,3.894,21.698,512,20260825,False,False,
CD-23 14742,CD-23 14742,6,A002_Xfee03e_X82ee,2.9760,225.085939,226.914064,15625000.0000,1828125000.0,2998.80,,1.43155,7.16055,1.185579e+14,2.371157e+14,3.161543e+14,2.709894e+14,2.2857,2712.0000,3.598,4,0.5205,,coarse,B,2.6952,4.2444,3.3852,False,512,315,0.615984,,CO(2-1),-4983.3106,-6480.315,star,27.817,3.894,21.698,512,20260825,False,False,
CD-23 14742,CD-23 14742,6,A002_Xfeb5e6_X13ee,2.9760,239.085936,240.914061,15625000.0000,1828125000.0,2998.80,2975,1.49084,7.45741,1.234729e+14,2.469459e+14,3.292612e+14,2.822239e+14,2.2857,2880.0000,3.598,4,0.5527,1.0000,coarse,B,3.4726,3.8832,3.5617,False,512,30,0.060429,240.335936,CS(5-4),-4600.0644,-5630.306,star,26.195,3.667,20.432,512,20260825,False,False,
CD-23 14742,CD-23 14742,6,A002_Xfec857_X11fd,2.9760,239.085936,240.914061,15625000.0000,1828125000.0,2998.80,,1.41889,7.09753,1.175144e+14,2.350288e+14,3.133718e+14,2.686044e+14,2.2857,2880.0000,3.598,4,0.5527,,coarse,B,2.8552,4.2002,3.1303,False,512,227,0.444444,,CS(5-4),-4615.6894,-5649.430,star,26.195,3.667,20.432,512,20260825,False,False,
CD-23 14742,CD-23 14742,6,A002_Xfec857_X6b2,2.9760,239.085936,240.914061,15625000.0000,1828125000.0,2998.80,,1.35213,6.76360,1.119854e+14,2.239708e+14,2.986278e+14,2.559667e+14,2.2857,2880.0000,3.598,4,0.5527,,coarse,B,3.3508,4.8217,3.7618,False,512,55,0.109162,,CS(5-4),-5553.1894,-6796.895,star,26.195,3.667,20.432,512,20260825,False,False,
CD-23 14742,CD-23 14742,6,A002_Xfed4ee_X1b1,2.9760,239.085936,240.914061,15625000.0000,1828125000.0,2998.80,,1.42798,7.14301,1.182674e+14,2.365348e+14,3.153798e+14,2.703255e+14,2.2857,2880.0000,3.598,4,0.5527,,coarse,B,2.3688,4.2498,2.8599,False,512,429,0.838207,,CS(5-4),-4553.1894,-5572.933,star,26.195,3.667,20.432,512,20260825,False,False,
CD-23 14742,CD-23 14742,6,A002_Xfee03e_X82ee,2.9760,239.085936,240.914061,15625000.0000,1828125000.0,2998.80,,1.56542,7.83056,1.296511e+14,2.593022e+14,3.457363e+14,2.963454e+14,2.2857,2880.0000,3.598,4,0.5527,,coarse,B,3.9003,4.7883,3.9607,False,512,11,0.023392,,CS(5-4),-4725.0644,-5783.301,star,26.195,3.667,20.432,512,20260825,False,False,
CD-23 14742,CD-23 14742,6,A002_Xfeb5e6_X13ee,2.9760,241.085936,242.914061,15625000.0000,1828125000.0,2998.80,2975,1.56849,7.84590,1.299051e+14,2.598102e+14,3.464136e+14,2.969259e+14,2.2857,2904.0000,3.598,4,0.5573,1.0000,coarse,B,3.1119,4.7486,3.5194,False,512,181,0.354776,242.773436,CS(5-4),-2162.5644,-2646.898,star,25.978,3.637,20.263,512,20260825,False,False,
CD-23 14742,CD-23 14742,6,A002_Xfec857_X11fd,2.9760,241.085936,242.914061,15625000.0000,1828125000.0,2998.80,,1.49379,7.47228,1.237191e+14,2.474381e+14,3.299175e+14,2.827864e+14,2.2857,2904.0000,3.598,4,0.5573,,coarse,B,2.4225,4.3430,2.9479,False,512,425,0.830409,,CS(5-4),-3428.1894,-4195.975,star,25.978,3.637,20.263,512,20260825,False,False,
CD-23 14742,CD-23 14742,6,A002_Xfec857_X6b2,2.9760,241.085936,242.914061,15625000.0000,1828125000.0,2998.80,,1.42651,7.13570,1.181464e+14,2.362928e+14,3.150570e+14,2.700489e+14,2.2857,2904.0000,3.598,4,0.5573,,coarse,B,2.7402,4.6045,3.3994,False,512,263,0.514620,,CS(5-4),-3037.5644,-3717.865,star,25.978,3.637,20.263,512,20260825,False,False,
CD-23 14742,CD-23 14742,6,A002_Xfed4ee_X1b1,2.9760,241.085936,242.914061,15625000.0000,1828125000.0,2998.80,,1.50254,7.51605,1.244438e+14,2.488876e+14,3.318501e+14,2.844429e+14,2.2857,2904.0000,3.598,4,0.5573,,coarse,B,3.0011,4.0763,3.1278,False,512,143,0.280702,,CS(5-4),-2396.9394,-2933.764,star,25.978,3.637,20.263,512,20260825,False,False,
CD-23 14742,CD-23 14742,6,A002_Xfee03e_X82ee,2.9760,241.085936,242.914061,15625000.0000,1828125000.0,2998.80,,1.64066,8.20700,1.358839e+14,2.717678e+14,3.623570e+14,3.105917e+14,2.2857,2904.0000,3.598,4,0.5573,,coarse,B,2.2648,4.0533,3.0184,False,512,466,0.910331,,CS(5-4),-3256.3144,-3985.606,star,25.978,3.637,20.263,512,20260825,False,False,
tau Cet,tau Cet,6,A002_X9707f1_Xa89,3.6522,223.128906,224.871094,7812500.0000,1742187500.0,2388.96,,0.46425,2.32124,2.894168e+13,5.788337e+13,7.717782e+13,6.615242e+13,2.2857,2688.0000,3.598,6,0.822,,coarse,B,3.0323,4.7729,4.1042,False,512,261,0.510721,,13CO(2-1),4253.3437,5785.509,star,28.066,3.929,21.891,512,20260825,False,False,
tau Cet,tau Cet,6,A002_X8602fa_X509f,3.6522,223.160156,224.847656,7812500.0000,1687500000.0,392.11,,7.82421,39.12110,4.877691e+14,9.755382e+14,1.300718e+15,1.114901e+15,2.2857,2688.0469,3.598,2,0.1349,,coarse,B,2.6751,4.2229,3.6832,False,512,271,0.530214,,13CO(2-1),3643.9687,4956.621,star,28.065,3.929,21.891,512,20260825,False,False,
tau Cet,tau Cet,6,A002_X9707f1_Xa89,3.6522,225.128906,226.871094,7812500.0000,1742187500.0,2388.96,,0.42271,2.11355,2.635216e+13,5.270431e+13,7.027241e+13,6.023350e+13,2.2857,2712.0000,3.598,6,0.8293,,coarse,B,2.4920,4.7826,3.9472,False,512,492,0.961014,,CO(2-1),-4674.7188,-6079.021,star,27.817,3.894,21.698,512,20260825,False,False,
tau Cet,tau Cet,6,A002_X8602fa_X509f,3.6522,225.160156,226.847656,7812500.0000,1687500000.0,392.11,,7.29486,36.47435,4.547689e+14,9.095378e+14,1.212717e+15,1.039472e+15,2.2857,2712.0469,3.598,2,0.1361,,coarse,B,2.5393,4.3702,3.1301,False,512,357,0.697856,,CO(2-1),-4549.7188,-5916.471,star,27.817,3.894,21.697,512,20260825,False,False,
tau Cet,tau Cet,6,A002_Xbaa732_X1627,3.6522,229.626443,231.466775,488281.2500,1840332031.2,1572.48,,13.37288,66.87277,5.211137e+13,1.042227e+14,1.389637e+14,1.191117e+14,2.2857,2766.5593,3.598,45,8.91,,fine,A,4.4769,5.8640,4.8460,False,512,230,0.450292,,CO(2-1),424.3807,551.866,star,27.269,3.818,21.270,512,20260825,False,False,
tau Cet,tau Cet,6,A002_Xba4d35_Xb3a3,3.6522,229.628380,231.468712,488281.2500,1840332031.2,1572.48,,10.04077,50.20921,3.912610e+13,7.825220e+13,1.043363e+14,8.943108e+13,2.2857,2766.5826,3.598,44,8.91,,fine,A,4.2352,6.1121,4.7342,False,512,371,0.725146,,CO(2-1),-824.6590,-1072.390,star,27.269,3.818,21.269,512,20260825,False,False,
tau Cet,tau Cet,6,A002_Xba4d35_X2990,3.6522,229.628727,231.469059,488281.2500,1840332031.2,1572.48,,10.27694,51.39005,4.004628e+13,8.009257e+13,1.067901e+14,9.153436e+13,2.2857,2766.5867,3.598,44,8.91,,fine,A,4.7261,5.4854,5.1058,False,512,112,0.220273,,CO(2-1),-217.3781,-282.679,star,27.269,3.818,21.269,512,20260825,False,False,
tau Cet,tau Cet,6,A002_Xba460f_X7e6,3.6522,229.629104,231.469436,488281.2500,1840332031.2,1572.48,,12.72688,63.64083,4.959285e+13,9.918570e+13,1.322476e+14,1.133551e+14,2.2857,2766.5912,3.598,44,8.91,,fine,A,4.9433,5.6256,5.1320,False,512,30,0.060429,,CO(2-1),495.4011,644.221,star,27.268,3.818,21.269,512,20260825,False,False,
tau Cet,tau Cet,6,A002_Xb9cc97_X193f,3.6522,229.633486,231.473818,488281.2500,1840332031.2,1391.04,,14.97937,74.90230,5.836847e+13,1.167369e+14,1.556493e+14,1.334137e+14,2.2857,2766.6438,3.598,40,7.882,,fine,A,4.3552,6.1730,4.8168,False,512,278,0.543860,,CO(2-1),-605.1980,-787.002,star,27.268,3.818,21.269,512,20260825,False,False,
tau Cet,tau Cet,6,A002_Xb9cc97_X1734,3.6522,229.633640,231.473972,488281.2500,1840332031.2,1391.04,,12.70233,63.51629,4.949580e+13,9.899160e+13,1.319888e+14,1.131333e+14,2.2857,2766.6457,3.598,40,7.882,,fine,A,5.0322,5.5017,5.4003,False,512,13,0.027290,,CO(2-1),-628.9690,-817.914,star,27.268,3.818,21.269,512,20260825,True,False,
tau Cet,tau Cet,6,A002_Xb9cc97_X150a,3.6522,229.633788,231.474121,488281.2500,1840332031.2,2963.52,294,9.73114,48.65568,3.791550e+13,7.583099e+13,1.011080e+14,8.678036e+13,2.2888,2766.6475,3.598,86,16.79,0.9987,fine,A,4.9435,5.7541,5.4703,False,512,73,0.144250,229.789062,,,,star,27.268,3.818,21.269,512,20260825,False,False,
tau Cet,tau Cet,6,A002_Xbaa732_X1627,3.6522,231.633333,233.367708,15625000.0000,1734375000.0,1572.48,,2.11964,10.59957,2.643147e+14,5.286294e+14,7.048392e+14,6.041479e+14,2.2857,2790.0062,3.598,3,0.2808,,coarse,B,3.2553,4.1039,3.3443,False,512,52,0.103314,,CO(2-1),2829.7077,3679.762,star,27.040,3.786,21.091,512,20260825,False,False,
tau Cet,tau Cet,6,A002_Xba4d35_Xb3a3,3.6522,231.635219,233.369594,15625000.0000,1734375000.0,1572.48,,1.57071,7.85441,1.958603e+14,3.917207e+14,5.222942e+14,4.476808e+14,2.2857,2790.0289,3.598,3,0.2808,,coarse,B,2.2394,5.3712,2.9639,False,512,424,0.828460,,CO(2-1),1534.7188,1995.754,star,27.039,3.786,21.091,512,20260825,False,False,
tau Cet,tau Cet,6,A002_Xba4d35_X2990,3.6522,231.635557,233.369932,15625000.0000,1734375000.0,1572.48,,1.61175,8.05961,2.009774e+14,4.019548e+14,5.359397e+14,4.593769e+14,2.2857,2790.0329,3.598,3,0.2808,,coarse,B,3.0734,4.1615,3.4429,False,512,121,0.237817,,CO(2-1),2581.9320,3357.554,star,27.039,3.786,21.091,512,20260825,False,False,
tau Cet,tau Cet,6,A002_Xba460f_X7e6,3.6522,231.635924,233.370299,15625000.0000,1734375000.0,1572.48,,2.05410,10.27157,2.561356e+14,5.122711e+14,6.830281e+14,5.854527e+14,2.2857,2790.0373,3.598,3,0.2808,,coarse,B,2.7129,4.3529,3.7623,False,512,215,0.421053,,CO(2-1),1972.9240,2565.598,star,27.039,3.786,21.091,512,20260825,False,False,
tau Cet,tau Cet,6,A002_Xb9cc97_X193f,3.6522,231.640191,233.374566,15625000.0000,1734375000.0,1380.96,,2.72810,13.64149,3.401692e+14,6.803384e+14,9.071178e+14,7.775296e+14,2.2857,2790.0885,3.598,3,0.2466,,coarse,B,2.1071,4.2283,2.9890,False,512,460,0.898635,,CO(2-1),2461.5655,3201.029,star,27.039,3.785,21.090,512,20260825,False,False,
tau Cet,tau Cet,6,A002_Xb9cc97_X1734,3.6522,231.640341,233.374716,15625000.0000,1734375000.0,1391.04,,2.01940,10.09773,2.518008e+14,5.036016e+14,6.714688e+14,5.755447e+14,2.2857,2790.0903,3.598,3,0.2484,,coarse,B,2.4495,3.9562,3.4628,False,512,340,0.664717,,CO(2-1),1883.5912,2449.429,star,27.039,3.785,21.090,512,20260825,False,False,
tau Cet,tau Cet,6,A002_X9707f1_Xa89,3.6522,239.128906,240.871094,7812500.0000,1742187500.0,2388.96,,0.47535,2.37678,2.963409e+13,5.926819e+13,7.902425e+13,6.773507e+13,2.2857,2880.0000,3.598,6,0.8807,,coarse,B,3.6163,5.0521,4.8088,False,512,57,0.113060,,CS(5-4),-4361.7812,-5338.656,star,26.195,3.667,20.432,512,20260825,False,False,
tau Cet,tau Cet,6,A002_X8602fa_X509f,3.6522,239.152344,240.839844,7812500.0000,1687500000.0,392.11,,7.81145,39.05731,4.869737e+14,9.739474e+14,1.298597e+15,1.113083e+15,2.2857,2879.9531,3.598,2,0.1445,,coarse,B,2.9274,4.4700,4.1874,False,512,155,0.304094,,CS(5-4),-5314.9062,-6505.245,star,26.195,3.667,20.432,512,20260825,False,False,
tau Cet,tau Cet,6,A002_X9707f1_Xa89,3.6522,241.128906,242.871094,7812500.0000,1742187500.0,2388.96,,0.53031,2.65157,3.306022e+13,6.612044e+13,8.816059e+13,7.556622e+13,2.2857,2904.0000,3.598,6,0.888,,coarse,B,2.6541,4.9804,5.2448,True,512,452,0.883041,,CS(5-4),-2307.0937,-2823.796,star,25.978,3.637,20.263,512,20260825,False,False,
tau Cet,tau Cet,6,A002_X8602fa_X509f,3.6522,241.152344,242.839844,7812500.0000,1687500000.0,392.11,,8.71147,43.55742,5.430818e+14,1.086164e+15,1.448218e+15,1.241330e+15,2.2857,2903.9531,3.598,2,0.1458,,coarse,B,2.8253,4.8182,3.6205,False,512,200,0.391813,,CS(5-4),-2353.9687,-2881.169,star,25.979,3.637,20.263,512,20260825,False,False,
tau Cet,tau Cet,6,A002_Xbaa732_X1627,3.6522,244.133361,245.867736,15625000.0000,1734375000.0,1572.48,,2.24483,11.22571,2.799285e+14,5.598569e+14,7.464759e+14,6.398365e+14,2.2857,2940.0066,3.598,3,0.2959,,coarse,B,3.0673,4.3903,3.5015,False,512,119,0.233918,,CS(5-4),25.4857,31.193,star,25.660,3.592,20.015,512,20260825,False,False,
tau Cet,tau Cet,6,A002_Xba4d35_Xb3a3,3.6522,244.135319,245.869694,15625000.0000,1734375000.0,1572.48,,1.64308,8.21638,2.048866e+14,4.097731e+14,5.463641e+14,4.683121e+14,2.2857,2940.0301,3.598,3,0.2959,,coarse,B,3.0011,4.4941,3.2840,False,512,102,0.200780,,CS(5-4),386.8186,473.451,star,25.660,3.592,20.015,512,20260825,False,False,
tau Cet,tau Cet,6,A002_Xba4d35_X2990,3.6522,244.135666,245.870041,15625000.0000,1734375000.0,1572.48,,1.68214,8.41168,2.097567e+14,4.195134e+14,5.593512e+14,4.794439e+14,2.2857,2940.0342,3.598,3,0.2959,,coarse,B,2.1206,4.0904,3.6583,False,512,470,0.918129,,CS(5-4),-472.2091,-577.966,star,25.660,3.592,20.015,512,20260825,False,False,
tau Cet,tau Cet,6,A002_Xba460f_X7e6,3.6522,244.136123,245.870498,15625000.0000,1734375000.0,1572.48,,2.20147,11.00860,2.745146e+14,5.490292e+14,7.320390e+14,6.274620e+14,2.2857,2940.0397,3.598,3,0.2959,,coarse,B,2.7009,4.3733,3.3354,False,512,277,0.541910,,CS(5-4),-268.6272,-328.790,star,25.660,3.592,20.015,512,20260825,False,False,
tau Cet,tau Cet,6,A002_Xb9cc97_X193f,3.6522,244.140587,245.874962,15625000.0000,1734375000.0,1391.04,,2.90255,14.51392,3.619245e+14,7.238491e+14,9.651321e+14,8.272561e+14,2.2857,2940.0933,3.598,3,0.2617,,coarse,B,2.0100,4.2934,2.8602,False,512,486,0.949318,,CS(5-4),-686.0378,-839.685,star,25.659,3.592,20.014,512,20260825,False,False,
tau Cet,tau Cet,6,A002_Xb9cc97_X1734,3.6522,244.140746,245.875121,15625000.0000,1734375000.0,1391.04,,2.15044,10.75310,2.681432e+14,5.362865e+14,7.150487e+14,6.128989e+14,2.2857,2940.0952,3.598,3,0.2617,,coarse,B,2.1504,3.8696,2.9450,False,512,471,0.920078,,CS(5-4),204.7460,250.601,star,25.659,3.592,20.014,512,20260825,False,False,
tau Cet,tau Cet,6,A002_Xbaa732_X1627,3.6522,246.133365,247.867740,15625000.0000,1734375000.0,1572.48,,2.55827,12.79321,3.190161e+14,6.380322e+14,8.507096e+14,7.291796e+14,2.2857,2964.0066,3.598,3,0.2983,,coarse,B,2.4284,4.7879,3.0925,False,512,368,0.719298,,CS(5-4),1478.6151,1809.769,star,25.452,3.563,19.853,512,20260825,False,False,
tau Cet,tau Cet,6,A002_Xba4d35_Xb3a3,3.6522,246.135399,247.869774,15625000.0000,1734375000.0,1572.48,,1.91643,9.58331,2.389730e+14,4.779459e+14,6.372612e+14,5.462239e+14,2.2857,2964.0310,3.598,3,0.2983,,coarse,B,2.9560,4.5739,3.5176,False,512,88,0.173489,,CS(5-4),2308.7736,2825.852,star,25.452,3.563,19.853,512,20260825,False,False,
tau Cet,tau Cet,6,A002_Xba4d35_X2990,3.6522,246.135746,247.870121,15625000.0000,1734375000.0,1572.48,,1.94678,9.73505,2.427569e+14,4.855138e+14,6.473517e+14,5.548729e+14,2.2857,2964.0352,3.598,3,0.2983,,coarse,B,2.9374,4.5592,3.3047,False,512,87,0.171540,,CS(5-4),1605.9959,1965.679,star,25.452,3.563,19.853,512,20260825,False,False,
tau Cet,tau Cet,6,A002_Xba460f_X7e6,3.6522,246.136123,247.870498,15625000.0000,1734375000.0,1572.48,,2.46126,12.30773,3.069101e+14,6.138201e+14,8.184268e+14,7.015087e+14,2.2857,2964.0397,3.598,3,0.2983,,coarse,B,2.6334,5.0656,3.4137,False,512,270,0.528265,,CS(5-4),1684.4978,2061.762,star,25.452,3.563,19.853,512,20260825,False,False,
tau Cet,tau Cet,6,A002_Xb9cc97_X193f,3.6522,246.140651,247.875026,15625000.0000,1734375000.0,1391.04,,3.33059,16.65433,4.152986e+14,8.305972e+14,1.107463e+15,9.492539e+14,2.2857,2964.0941,3.598,3,0.2639,,coarse,B,2.5437,4.0387,3.3878,False,512,267,0.522417,,CS(5-4),1876.5256,2296.797,star,25.452,3.563,19.852,512,20260825,False,False,
tau Cet,tau Cet,6,A002_Xb9cc97_X1734,3.6522,246.140811,247.875186,15625000.0000,1734375000.0,1391.04,,2.41921,12.09705,3.016566e+14,6.033131e+14,8.044175e+14,6.895007e+14,2.2857,2964.0960,3.598,3,0.2639,,coarse,B,2.7987,4.4979,3.9376,False,512,177,0.346979,,CS(5-4),2689.1857,3291.462,star,25.452,3.563,19.852,512,20260825,False,False,
BD+05 1668,BD05  1668,6,A002_Xc74b5b_X7c16,3.7861,223.132814,224.867189,15625000.0000,1734375000.0,1421.28,1410,2.11296,10.56702,2.831772e+14,5.663544e+14,7.551392e+14,6.472621e+14,2.2857,2688.0000,3.598,3,0.2445,1.0000,coarse,B,2.2655,4.2559,3.1274,False,512,435,0.849903,224.335939,13CO(2-1),3936.9394,5355.127,star,28.066,3.929,21.891,512,20260825,False,False,
BD+05 1668,BD05  1668,6,A002_Xcbc47c_X12a5,3.7861,223.132814,224.867189,15625000.0000,1734375000.0,2872.80,,2.00172,10.01036,2.682597e+14,5.365194e+14,7.153592e+14,6.131650e+14,2.2857,2688.0000,3.598,4,0.4942,,coarse,B,2.6697,4.8294,3.8783,False,512,309,0.604288,,13CO(2-1),3499.4394,4760.029,star,28.066,3.929,21.891,512,20260825,False,False,
BD+05 1668,BD05  1668,6,A002_Xc9831a_X13c7,3.7861,223.132814,224.867189,15625000.0000,1734375000.0,2963.52,,1.41683,7.08446,1.898507e+14,3.797014e+14,5.062686e+14,4.339445e+14,2.2857,2688.0000,3.598,4,0.5098,,coarse,B,3.0698,4.9337,3.7949,False,512,110,0.216374,,13CO(2-1),3233.8144,4398.719,star,28.066,3.929,21.891,512,20260825,False,False,
BD+05 1668,BD05  1668,6,A002_Xc99ad7_X1619,3.7861,223.132814,224.867189,15625000.0000,1734375000.0,2963.52,,3.29896,16.49555,4.420511e+14,8.841022e+14,1.178803e+15,1.010403e+15,2.2857,2688.0000,3.598,4,0.5098,,coarse,B,2.7491,4.6070,3.1147,False,512,195,0.382066,,13CO(2-1),3655.6894,4972.564,star,28.066,3.929,21.891,512,20260825,False,False,
BD+05 1668,BD05  1668,6,A002_Xc94c38_X1923,3.7861,223.132814,224.867189,15625000.0000,1734375000.0,2963.52,,1.85843,9.29259,2.490248e+14,4.980495e+14,6.640660e+14,5.691994e+14,2.2857,2688.0000,3.598,4,0.5098,,coarse,B,2.2694,4.4281,4.2845,False,512,467,0.912281,,13CO(2-1),3499.4394,4760.029,star,28.066,3.929,21.891,512,20260825,False,False,
BD+05 1668,BD05  1668,6,A002_Xc805c1_X1ab2,3.7861,223.132814,224.867189,15625000.0000,1734375000.0,1421.28,,2.91611,14.58244,3.907833e+14,7.815667e+14,1.042089e+15,8.932191e+14,2.2857,2688.0000,3.598,3,0.2445,,coarse,B,2.5713,4.3513,2.8936,False,512,314,0.614035,,13CO(2-1),2780.6894,3782.366,star,28.066,3.929,21.891,512,20260825,False,False,
BD+05 1668,BD05  1668,6,A002_Xc83b78_X256c,3.7861,223.132814,224.867189,15625000.0000,1734375000.0,2963.52,,1.99407,9.97143,2.672164e+14,5.344328e+14,7.125771e+14,6.107804e+14,2.2857,2688.0000,3.598,4,0.5098,,coarse,B,2.2950,4.8227,3.9865,False,512,448,0.875244,,13CO(2-1),4390.0644,5971.480,star,28.066,3.929,21.891,512,20260825,False,False,
BD+05 1668,BD05  1668,6,A002_Xc7b4ea_X2729,3.7861,223.132814,224.867189,15625000.0000,1734375000.0,1421.28,,3.46323,17.31899,4.641178e+14,9.282356e+14,1.237648e+15,1.060841e+15,2.2857,2688.0000,3.598,3,0.2445,,coarse,B,2.8323,4.2439,3.3301,False,512,183,0.358674,,13CO(2-1),4186.9394,5695.184,star,28.066,3.929,21.891,512,20260825,False,False,
BD+05 1668,BD05  1668,6,A002_Xc7fa6f_X28a8,3.7861,223.132814,224.867189,15625000.0000,1734375000.0,1421.28,,4.45554,22.28068,5.970822e+14,1.194164e+15,1.592219e+15,1.364759e+15,2.2857,2688.0000,3.598,3,0.2445,,coarse,B,12.7666,21.8519,15.7928,False,512,116,0.228070,,13CO(2-1),4343.1894,5907.719,star,28.066,3.929,21.891,512,20260825,True,False,
BD+05 1668,BD05  1668,6,A002_Xc96f17_X2a84,3.7861,223.132814,224.867189,15625000.0000,1734375000.0,2963.52,,1.63551,8.17790,2.191531e+14,4.383062e+14,5.844083e+14,5.009214e+14,2.2857,2688.0000,3.598,4,0.5098,,coarse,B,3.1697,4.3986,3.5601,False,512,84,0.165692,,13CO(2-1),3233.8144,4398.719,star,28.066,3.929,21.891,512,20260825,False,False,
BD+05 1668,BD05  1668,6,A002_Xcbc47c_X2d9,3.7861,223.132814,224.867189,15625000.0000,1734375000.0,2963.52,,1.53995,7.70111,2.063760e+14,4.127521e+14,5.503361e+14,4.717167e+14,2.2857,2688.0000,3.598,4,0.5098,,coarse,B,2.9113,4.7168,3.6763,False,512,133,0.261209,,13CO(2-1),3905.6894,5312.620,star,28.066,3.929,21.891,512,20260825,False,False,
BD+05 1668,BD05  1668,6,A002_Xc96463_X30ea,3.7861,223.132814,224.867189,15625000.0000,1734375000.0,2963.52,,1.80773,9.03905,2.422302e+14,4.844604e+14,6.459472e+14,5.536690e+14,2.2857,2688.0000,3.598,4,0.5098,,coarse,B,4.1909,4.0824,4.4896,False,512,0,0.001949,,13CO(2-1),3640.0644,4951.310,star,28.066,3.929,21.891,512,20260825,False,False,
BD+05 1668,BD05  1668,6,A002_Xc8ed16_X334b,3.7861,223.132814,224.867189,15625000.0000,1734375000.0,1874.88,,4.05877,20.29499,5.438694e+14,1.087739e+15,1.450318e+15,1.243130e+15,2.2857,2688.0000,3.598,3,0.3225,,coarse,B,2.6253,4.3430,3.7652,False,512,277,0.541910,,13CO(2-1),4374.4394,5950.226,star,28.066,3.929,21.891,512,20260825,False,False,
BD+05 1668,BD05  1668,6,A002_Xcb8a93_X395,3.7861,223.132814,224.867189,15625000.0000,1734375000.0,2963.52,,2.05927,10.29817,2.759725e+14,5.519451e+14,7.359268e+14,6.307944e+14,2.2857,2688.0000,3.598,4,0.5098,,coarse,B,4.3753,4.3760,5.0359,True,512,1,0.003899,,13CO(2-1),4015.0644,5461.395,star,28.066,3.929,21.891,512,20260825,False,False,
BD+05 1668,BD05  1668,6,A002_Xc92fe3_X4379,3.7861,223.132814,224.867189,15625000.0000,1734375000.0,2963.52,,2.81881,14.09473,3.777136e+14,7.554272e+14,1.007236e+15,8.633453e+14,2.2857,2688.0000,3.598,4,0.5098,,coarse,B,3.7206,4.5096,4.1537,False,512,15,0.031189,,13CO(2-1),3015.0644,4101.169,star,28.066,3.929,21.891,512,20260825,False,False,
BD+05 1668,BD05  1668,6,A002_Xc92fe3_X4af1,3.7861,223.132814,224.867189,15625000.0000,1734375000.0,2963.52,,4.84032,24.20275,6.485903e+14,1.297181e+15,1.729574e+15,1.482492e+15,2.2857,2688.0000,3.598,4,0.5098,,coarse,B,2.6616,4.0066,3.1041,False,512,276,0.539961,,13CO(2-1),4015.0644,5461.395,star,28.066,3.929,21.891,512,20260825,False,False,
BD+05 1668,BD05  1668,6,A002_Xc7a409_X5de8,3.7861,223.132814,224.867189,15625000.0000,1734375000.0,1421.28,,3.57780,17.89205,4.794749e+14,9.589497e+14,1.278600e+15,1.095943e+15,2.2857,2688.0000,3.598,3,0.2445,,coarse,B,2.2601,4.0323,3.6518,False,512,461,0.900585,,13CO(2-1),2811.9394,3824.873,star,28.066,3.929,21.891,512,20260825,False,False,
BD+05 1668,BD05  1668,6,A002_Xc77d4f_X6247,3.7861,223.132814,224.867189,15625000.0000,1734375000.0,1421.28,,3.33711,16.68866,4.472262e+14,8.944524e+14,1.192603e+15,1.022231e+15,2.2857,2688.0000,3.598,3,0.2445,,coarse,B,2.7876,3.9503,3.1746,False,512,185,0.362573,,13CO(2-1),4218.1894,5737.691,star,28.066,3.929,21.891,512,20260825,False,False,
BD+05 1668,BD05  1668,6,A002_Xc7e4e4_X683a,3.7861,223.132814,224.867189,15625000.0000,1734375000.0,1421.28,,4.11946,20.60014,5.520468e+14,1.104094e+15,1.472125e+15,1.261821e+15,2.2857,2688.0000,3.598,3,0.2445,,coarse,B,2.1928,4.7394,3.3735,False,512,469,0.916179,,13CO(2-1),3608.8144,4908.803,star,28.066,3.929,21.891,512,20260825,False,False,
BD+05 1668,BD05  1668,6,A002_Xc92012_X6a6f,3.7861,223.132814,224.867189,15625000.0000,1734375000.0,2963.52,,2.07823,10.39164,2.784772e+14,5.569545e+14,7.426060e+14,6.365194e+14,2.2857,2688.0000,3.598,4,0.5098,,coarse,B,2.2128,4.4875,3.6551,False,512,470,0.918129,,13CO(2-1),3140.0644,4271.197,star,28.066,3.929,21.891,512,20260825,False,False,
BD+05 1668,BD05  1668,6,A002_Xcb8a93_X7bee,3.7861,223.132814,224.867189,15625000.0000,1734375000.0,2963.52,,1.77644,8.88375,2.380687e+14,4.761373e+14,6.348498e+14,5.441570e+14,2.2857,2688.0000,3.598,4,0.5098,,coarse,B,2.5194,4.6540,3.0465,False,512,345,0.674464,,13CO(2-1),3202.5644,4356.211,star,28.066,3.929,21.891,512,20260825,False,False,
BD+05 1668,BD05  1668,6,A002_Xcb8a93_X83b4,3.7861,223.132814,224.867189,15625000.0000,1734375000.0,2963.52,,1.75773,8.79018,2.355610e+14,4.711221e+14,6.281628e+14,5.384252e+14,2.2857,2688.0000,3.598,4,0.5098,,coarse,B,2.4331,5.4677,3.3817,False,512,390,0.762183,,13CO(2-1),3452.5644,4696.268,star,28.066,3.929,21.891,512,20260825,False,False,
BD+05 1668,BD05  1668,6,A002_Xc9831a_Xa0b7,3.7861,223.132814,224.867189,15625000.0000,1734375000.0,2963.52,,1.49247,7.46267,1.999862e+14,3.999723e+14,5.332964e+14,4.571112e+14,2.2857,2688.0000,3.598,4,0.5098,,coarse,B,2.5963,5.2282,3.1049,False,512,350,0.684211,,13CO(2-1),3874.4394,5270.113,star,28.066,3.929,21.891,512,20260825,False,False,
BD+05 1668,BD05  1668,6,A002_Xc92fe3_Xaa2f,3.7861,223.132814,224.867189,15625000.0000,1734375000.0,2963.52,,2.21920,11.09651,2.973666e+14,5.947332e+14,7.929776e+14,6.796951e+14,2.2857,2688.0000,3.598,4,0.5098,,coarse,B,2.1148,4.4053,3.0975,False,512,485,0.947368,,13CO(2-1),4280.6894,5822.705,star,28.066,3.929,21.891,512,20260825,False,False,
BD+05 1668,BD05  1668,6,A002_Xc8ed16_Xafd5,3.7861,223.132814,224.867189,15625000.0000,1734375000.0,1421.28,,3.79872,18.99467,5.090230e+14,1.018046e+15,1.357395e+15,1.163481e+15,2.2857,2688.0000,3.598,3,0.2445,,coarse,B,2.4568,4.2311,2.9846,False,512,342,0.668616,,13CO(2-1),3796.3144,5163.846,star,28.066,3.929,21.891,512,20260825,False,False,
BD+05 1668,BD05  1668,6,A002_Xc94c38_Xb5c5,3.7861,223.132814,224.867189,15625000.0000,1734375000.0,2963.52,,2.13450,10.67301,2.860174e+14,5.720348e+14,7.627131e+14,6.537541e+14,2.2857,2688.0000,3.598,4,0.5098,,coarse,B,3.7215,4.2915,3.9876,False,512,17,0.035088,,13CO(2-1),3186.9394,4334.958,star,28.066,3.929,21.891,512,20260825,False,False,
BD+05 1668,BD05  1668,6,A002_Xc94c38_Xc003,3.7861,223.132814,224.867189,15625000.0000,1734375000.0,2963.52,,2.25630,11.28203,3.023382e+14,6.046763e+14,8.062351e+14,6.910586e+14,2.2857,2688.0000,3.598,4,0.5098,,coarse,B,3.5468,4.4063,4.2001,False,512,22,0.044834,,13CO(2-1),2843.1894,3867.380,star,28.066,3.929,21.891,512,20260825,False,False,
BD+05 1668,BD05  1668,6,A002_Xc8592e_Xd319,3.7861,223.132814,224.867189,15625000.0000,1734375000.0,2963.52,,3.00089,15.00581,4.021288e+14,8.042576e+14,1.072343e+15,9.191516e+14,2.2857,2688.0000,3.598,4,0.5098,,coarse,B,3.3431,4.4407,3.4242,False,512,84,0.165692,,13CO(2-1),4421.3144,6013.987,star,28.066,3.929,21.891,512,20260825,False,False,
BD+05 1668,BD05  1668,6,A002_Xca2b8a_Xe2c,3.7861,223.132814,224.867189,15625000.0000,1734375000.0,2963.52,,1.93944,9.69848,2.599019e+14,5.198037e+14,6.930717e+14,5.940614e+14,2.2857,2688.0000,3.598,4,0.5098,,coarse,B,2.6290,4.1089,3.0645,False,512,310,0.606238,,13CO(2-1),3140.0644,4271.197,star,28.066,3.929,21.891,512,20260825,False,False,
BD+05 1668,BD05  1668,6,A002_Xca464b_Xebf,3.7861,223.132814,224.867189,15625000.0000,1734375000.0,2963.52,,2.64837,13.24369,3.549073e+14,7.098145e+14,9.464193e+14,8.112166e+14,2.2857,2688.0000,3.598,4,0.5098,,coarse,B,2.8824,4.7241,3.2261,False,512,207,0.405458,,13CO(2-1),3311.9394,4504.986,star,28.066,3.929,21.891,512,20260825,False,False,
BD+05 1668,BD05  1668,6,A002_Xc74b5b_X7c16,3.7861,225.132814,226.867189,15625000.0000,1734375000.0,1421.28,1410,2.02497,10.12703,2.713861e+14,5.427722e+14,7.236963e+14,6.203111e+14,2.2857,2712.0000,3.598,3,0.2467,1.0000,coarse,B,3.0103,4.3572,3.3607,False,512,97,0.191033,226.585939,CO(2-1),-3952.0606,-5139.274,star,27.817,3.894,21.698,512,20260825,False,False,
BD+05 1668,BD05  1668,6,A002_Xcbc47c_X12a5,3.7861,225.132814,226.867189,15625000.0000,1734375000.0,2872.80,,1.92165,9.60999,2.575304e+14,5.150607e+14,6.867476e+14,5.886408e+14,2.2857,2712.0000,3.598,4,0.4986,,coarse,B,3.1611,4.2247,3.3893,False,512,116,0.228070,,CO(2-1),-4123.9356,-5362.781,star,27.817,3.894,21.698,512,20260825,False,False,
BD+05 1668,BD05  1668,6,A002_Xc9831a_X13c7,3.7861,225.132814,226.867189,15625000.0000,1734375000.0,2963.52,,1.32884,6.64449,1.780605e+14,3.561210e+14,4.748280e+14,4.069954e+14,2.2857,2712.0000,3.598,4,0.5144,,coarse,B,2.7053,4.1584,3.3800,False,512,284,0.555556,,13CO(2-1),4952.5644,6736.607,star,27.817,3.894,21.698,512,20260825,False,False,
BD+05 1668,BD05  1668,6,A002_Xc99ad7_X1619,3.7861,225.132814,226.867189,15625000.0000,1734375000.0,2963.52,,3.63386,18.17012,4.869267e+14,9.738535e+14,1.298471e+15,1.112975e+15,2.2857,2712.0000,3.598,4,0.5144,,coarse,B,3.2525,4.5231,3.3302,False,512,70,0.138402,,13CO(2-1),4983.8144,6779.114,star,27.817,3.894,21.698,512,20260825,False,False,
BD+05 1668,BD05  1668,6,A002_Xc94c38_X1923,3.7861,225.132814,226.867189,15625000.0000,1734375000.0,2963.52,,1.76952,8.84803,2.371114e+14,4.742229e+14,6.322972e+14,5.419690e+14,2.2857,2712.0000,3.598,4,0.5144,,coarse,B,2.8875,4.4628,3.5345,False,512,155,0.304094,,CO(2-1),-4030.1856,-5240.868,star,27.817,3.894,21.698,512,20260825,False,False,
BD+05 1668,BD05  1668,6,A002_Xc805c1_X1ab2,3.7861,225.132814,226.867189,15625000.0000,1734375000.0,1421.28,,2.80233,14.01350,3.755367e+14,7.510733e+14,1.001431e+15,8.583695e+14,2.2857,2712.0000,3.598,3,0.2467,,coarse,B,2.3653,4.7705,3.0114,False,512,371,0.725146,,CO(2-1),-4373.9356,-5687.882,star,27.817,3.894,21.698,512,20260825,False,False,
BD+05 1668,BD05  1668,6,A002_Xc83b78_X256c,3.7861,225.132814,226.867189,15625000.0000,1734375000.0,2963.52,,1.90950,9.54853,2.558835e+14,5.117671e+14,6.823561e+14,5.848767e+14,2.2857,2712.0000,3.598,4,0.5144,,coarse,B,3.0301,4.6223,4.0981,False,512,170,0.333333,,CO(2-1),-4592.6856,-5972.345,star,27.817,3.894,21.698,512,20260825,False,False,
BD+05 1668,BD05  1668,6,A002_Xc7b4ea_X2729,3.7861,225.132814,226.867189,15625000.0000,1734375000.0,1421.28,,3.33128,16.65919,4.464364e+14,8.928728e+14,1.190497e+15,1.020426e+15,2.2857,2712.0000,3.598,3,0.2467,,coarse,B,2.5391,4.3460,2.9833,False,512,312,0.610136,,CO(2-1),-3889.5606,-5057.999,star,27.817,3.894,21.698,512,20260825,False,False,
BD+05 1668,BD05  1668,6,A002_Xc7fa6f_X28a8,3.7861,225.132814,226.867189,15625000.0000,1734375000.0,1421.28,,4.21116,21.05869,5.643351e+14,1.128670e+15,1.504893e+15,1.289909e+15,2.2857,2712.0000,3.598,3,0.2467,,coarse,B,10.6227,19.9843,16.1524,False,512,337,0.658869,,CO(2-1),-3795.8106,-4936.086,star,27.817,3.894,21.698,512,20260825,True,False,
BD+05 1668,BD05  1668,6,A002_Xc96f17_X2a84,3.7861,225.132814,226.867189,15625000.0000,1734375000.0,2963.52,,1.54720,7.73633,2.073197e+14,4.146393e+14,5.528524e+14,4.738735e+14,2.2857,2712.0000,3.598,4,0.5144,,coarse,B,2.9667,4.5620,3.2559,False,512,149,0.292398,,13CO(2-1),4858.8144,6609.086,star,27.817,3.894,21.698,512,20260825,False,False,
BD+05 1668,BD05  1668,6,A002_Xcbc47c_X2d9,3.7861,225.132814,226.867189,15625000.0000,1734375000.0,2963.52,,1.46095,7.30606,1.957894e+14,3.915788e+14,5.221051e+14,4.475186e+14,2.2857,2712.0000,3.598,4,0.5144,,coarse,B,3.3185,4.7495,3.4271,False,512,83,0.163743,,CO(2-1),-5061.4356,-6581.909,star,27.817,3.894,21.698,512,20260825,False,False,
BD+05 1668,BD05  1668,6,A002_Xc96463_X30ea,3.7861,225.132814,226.867189,15625000.0000,1734375000.0,2963.52,,1.69974,8.49908,2.277601e+14,4.555202e+14,6.073603e+14,5.205946e+14,2.2857,2712.0000,3.598,4,0.5144,,coarse,B,2.8074,5.3463,2.8989,False,512,258,0.504873,,CO(2-1),-3795.8106,-4936.086,star,27.817,3.894,21.698,512,20260825,False,False,
BD+05 1668,BD05  1668,6,A002_Xc8ed16_X334b,3.7861,225.132814,226.867189,15625000.0000,1734375000.0,1874.88,,3.93051,19.65370,5.266839e+14,1.053368e+15,1.404490e+15,1.203849e+15,2.2857,2712.0000,3.598,3,0.3254,,coarse,B,2.1669,3.9012,2.7766,False,512,438,0.855750,,CO(2-1),-4092.6856,-5322.143,star,27.817,3.894,21.698,512,20260825,False,False,
BD+05 1668,BD05  1668,6,A002_Xcb8a93_X395,3.7861,225.132814,226.867189,15625000.0000,1734375000.0,2963.52,,1.96483,9.82590,2.633165e+14,5.266331e+14,7.021775e+14,6.018664e+14,2.2857,2712.0000,3.598,4,0.5144,,coarse,B,2.5792,4.7303,3.5311,False,512,343,0.670565,,13CO(2-1),4936.9394,6715.354,star,27.817,3.894,21.698,512,20260825,False,False,
BD+05 1668,BD05  1668,6,A002_Xc92fe3_X4379,3.7861,225.132814,226.867189,15625000.0000,1734375000.0,2963.52,,2.73236,13.66248,3.661300e+14,7.322600e+14,9.763466e+14,8.368685e+14,2.2857,2712.0000,3.598,4,0.5144,,coarse,B,2.9026,4.4718,3.2094,False,512,159,0.311891,,CO(2-1),-4311.4356,-5606.607,star,27.817,3.894,21.698,512,20260825,False,False,
BD+05 1668,BD05  1668,6,A002_Xc92fe3_X4af1,3.7861,225.132814,226.867189,15625000.0000,1734375000.0,2963.52,,4.84994,24.25089,6.498803e+14,1.299761e+15,1.733014e+15,1.485441e+15,2.2857,2712.0000,3.598,4,0.5144,,coarse,B,3.0883,4.7868,3.5303,False,512,177,0.346979,,CO(2-1),-4217.6856,-5484.694,star,27.817,3.894,21.698,512,20260825,False,False,
BD+05 1668,BD05  1668,6,A002_Xc7a409_X5de8,3.7861,225.132814,226.867189,15625000.0000,1734375000.0,1421.28,,3.01425,15.07384,4.039517e+14,8.079035e+14,1.077205e+15,9.233183e+14,2.2857,2712.0000,3.598,3,0.2467,,coarse,B,2.8495,4.3364,3.2658,False,512,225,0.440546,,CO(2-1),-4827.0606,-6277.127,star,27.817,3.894,21.698,512,20260825,False,False,
BD+05 1668,BD05  1668,6,A002_Xc77d4f_X6247,3.7861,225.132814,226.867189,15625000.0000,1734375000.0,1421.28,,3.24632,16.23469,4.350607e+14,8.701214e+14,1.160162e+15,9.944244e+14,2.2857,2712.0000,3.598,3,0.2467,,coarse,B,2.3524,4.8526,3.7624,False,512,403,0.787524,,CO(2-1),-4311.4356,-5606.607,star,27.817,3.894,21.698,512,20260825,False,False,
BD+05 1668,BD05  1668,6,A002_Xc7e4e4_X683a,3.7861,225.132814,226.867189,15625000.0000,1734375000.0,1421.28,,3.99915,19.99857,5.359257e+14,1.071851e+15,1.429135e+15,1.224973e+15,2.2857,2712.0000,3.598,3,0.2467,,coarse,B,2.4121,4.2778,3.1484,False,512,393,0.768031,,CO(2-1),-3748.9356,-4875.130,star,27.817,3.894,21.698,512,20260825,False,False,
BD+05 1668,BD05  1668,6,A002_Xc92012_X6a6f,3.7861,225.132814,226.867189,15625000.0000,1734375000.0,2963.52,,1.99703,9.98566,2.675978e+14,5.351956e+14,7.135941e+14,6.116521e+14,2.2857,2712.0000,3.598,4,0.5144,,coarse,B,2.3685,4.6140,3.7733,False,512,433,0.846004,,13CO(2-1),4843.1894,6587.832,star,27.817,3.894,21.698,512,20260825,False,False,
BD+05 1668,BD05  1668,6,A002_Xcb8a93_X7bee,3.7861,225.132814,226.867189,15625000.0000,1734375000.0,2963.52,,1.68417,8.42239,2.257049e+14,4.514097e+14,6.018796e+14,5.158968e+14,2.2857,2712.0000,3.598,4,0.5144,,coarse,B,1.8555,4.3212,2.5131,False,512,512,1.000000,,CO(2-1),-4405.1856,-5728.519,star,27.817,3.894,21.698,512,20260825,False,False,
BD+05 1668,BD05  1668,6,A002_Xcb8a93_X83b4,3.7861,225.132814,226.867189,15625000.0000,1734375000.0,2963.52,,1.66582,8.33059,2.232449e+14,4.464899e+14,5.953198e+14,5.102741e+14,2.2857,2712.0000,3.598,4,0.5144,,coarse,B,2.8678,4.0994,3.3977,False,512,188,0.368421,,CO(2-1),-4311.4356,-5606.607,star,27.817,3.894,21.698,512,20260825,False,False,
BD+05 1668,BD05  1668,6,A002_Xc9831a_Xa0b7,3.7861,225.132814,226.867189,15625000.0000,1734375000.0,2963.52,,1.41200,7.06033,1.892041e+14,3.784082e+14,5.045443e+14,4.324665e+14,2.2857,2712.0000,3.598,4,0.5144,,coarse,B,3.3091,4.2110,3.9292,False,512,49,0.097466,,CO(2-1),-4686.4356,-6094.258,star,27.817,3.894,21.698,512,20260825,False,False,
BD+05 1668,BD05  1668,6,A002_Xc92fe3_Xaa2f,3.7861,225.132814,226.867189,15625000.0000,1734375000.0,2963.52,,2.15437,10.77236,2.886800e+14,5.773601e+14,7.698134e+14,6.598401e+14,2.2857,2712.0000,3.598,4,0.5144,,coarse,B,2.2911,4.0078,2.8966,False,512,475,0.927875,,CO(2-1),-3936.4356,-5118.955,star,27.817,3.894,21.698,512,20260825,False,False,
BD+05 1668,BD05  1668,6,A002_Xc8ed16_Xafd5,3.7861,225.132814,226.867189,15625000.0000,1734375000.0,1421.28,,3.67696,18.38585,4.927078e+14,9.854156e+14,1.313887e+15,1.126189e+15,2.2857,2712.0000,3.598,3,0.2467,,coarse,B,2.0928,4.6511,2.9257,False,512,473,0.923977,,CO(2-1),-4811.4356,-6256.808,star,27.817,3.894,21.698,512,20260825,False,False,
BD+05 1668,BD05  1668,6,A002_Xc94c38_Xb5c5,3.7861,225.132814,226.867189,15625000.0000,1734375000.0,2963.52,,2.06053,10.30312,2.761051e+14,5.522102e+14,7.362803e+14,6.310974e+14,2.2857,2712.0000,3.598,4,0.5144,,coarse,B,2.4419,4.8723,3.6207,False,512,416,0.812865,,CO(2-1),-4733.3106,-6155.214,star,27.817,3.894,21.698,512,20260825,False,False,
BD+05 1668,BD05  1668,6,A002_Xc94c38_Xc003,3.7861,225.132814,226.867189,15625000.0000,1734375000.0,2963.52,,2.18057,10.90333,2.921898e+14,5.843795e+14,7.791727e+14,6.678623e+14,2.2857,2712.0000,3.598,4,0.5144,,coarse,B,3.5822,4.2867,3.9678,False,512,21,0.042885,,CO(2-1),-4717.6856,-6134.896,star,27.817,3.894,21.698,512,20260825,False,False,
BD+05 1668,BD05  1668,6,A002_Xc8592e_Xd319,3.7861,225.132814,226.867189,15625000.0000,1734375000.0,2963.52,,2.91711,14.58691,3.909030e+14,7.818061e+14,1.042408e+15,8.934927e+14,2.2857,2712.0000,3.598,4,0.5144,,coarse,B,2.4945,4.2804,3.2606,False,512,355,0.693957,,CO(2-1),-3764.5606,-4895.448,star,27.817,3.894,21.698,512,20260825,False,False,
BD+05 1668,BD05  1668,6,A002_Xca2b8a_Xe2c,3.7861,225.132814,226.867189,15625000.0000,1734375000.0,2963.52,,1.84323,9.21740,2.470099e+14,4.940198e+14,6.586931e+14,5.645941e+14,2.2857,2712.0000,3.598,4,0.5144,,coarse,B,2.4672,4.1720,3.2251,False,512,346,0.676413,,CO(2-1),-4811.4356,-6256.808,star,27.817,3.894,21.698,512,20260825,False,False,
BD+05 1668,BD05  1668,6,A002_Xca464b_Xebf,3.7861,225.132814,226.867189,15625000.0000,1734375000.0,2963.52,,2.54153,12.70943,3.405901e+14,6.811801e+14,9.082401e+14,7.784916e+14,2.2857,2712.0000,3.598,4,0.5144,,coarse,B,2.7018,4.2573,3.5536,False,512,276,0.539961,,CO(2-1),-4045.8106,-5261.187,star,27.817,3.894,21.698,512,20260825,False,False,
BD+05 1668,BD05  1668,6,A002_Xc74b5b_X7c16,3.7861,239.132811,240.867186,15625000.0000,1734375000.0,1421.28,1410,2.20563,11.03080,2.956056e+14,5.912112e+14,7.882817e+14,6.756700e+14,2.2857,2880.0000,3.598,3,0.262,1.0000,coarse,B,3.1870,4.3299,4.2468,False,512,66,0.130604,240.179686,CS(5-4),-4756.3144,-5821.550,star,26.195,3.667,20.432,512,20260825,False,False,
BD+05 1668,BD05  1668,6,A002_Xcbc47c_X12a5,3.7861,239.132811,240.867186,15625000.0000,1734375000.0,2872.80,,2.12528,10.62856,2.848263e+14,5.696527e+14,7.595369e+14,6.510316e+14,2.2857,2880.0000,3.598,4,0.5295,,coarse,B,2.6904,3.8984,3.2666,False,512,238,0.465887,,CS(5-4),-5709.4394,-6988.139,star,26.195,3.667,20.432,512,20260825,False,False,
BD+05 1668,BD05  1668,6,A002_Xc9831a_X13c7,3.7861,239.132811,240.867186,15625000.0000,1734375000.0,2963.52,,1.45708,7.28576,1.952454e+14,3.904907e+14,5.206543e+14,4.462751e+14,2.2857,2880.0000,3.598,4,0.5462,,coarse,B,2.5923,4.5496,3.8427,False,512,327,0.639376,,CS(5-4),-4068.8144,-4980.076,star,26.195,3.667,20.432,512,20260825,False,False,
BD+05 1668,BD05  1668,6,A002_Xc99ad7_X1619,3.7861,239.132811,240.867186,15625000.0000,1734375000.0,2963.52,,3.57882,17.89498,4.795534e+14,9.591069e+14,1.278809e+15,1.096122e+15,2.2857,2880.0000,3.598,4,0.5462,,coarse,B,2.8821,4.4640,3.4238,False,512,205,0.401559,,CS(5-4),-5271.9394,-6452.656,star,26.195,3.667,20.432,512,20260825,False,False,
BD+05 1668,BD05  1668,6,A002_Xc94c38_X1923,3.7861,239.132811,240.867186,15625000.0000,1734375000.0,2963.52,,1.95073,9.75415,2.613937e+14,5.227873e+14,6.970498e+14,5.974712e+14,2.2857,2880.0000,3.598,4,0.5462,,coarse,B,2.2440,4.2889,2.9874,False,512,477,0.931774,,CS(5-4),-4881.3144,-5974.545,star,26.195,3.667,20.432,512,20260825,False,False,
BD+05 1668,BD05  1668,6,A002_Xc805c1_X1ab2,3.7861,239.132811,240.867186,15625000.0000,1734375000.0,1421.28,,3.03283,15.16643,4.064331e+14,8.128662e+14,1.083822e+15,9.289900e+14,2.2857,2880.0000,3.598,3,0.262,,coarse,B,2.3445,3.7968,2.6831,False,512,378,0.738791,,CS(5-4),-4959.4394,-6070.167,star,26.195,3.667,20.432,512,20260825,False,False,
BD+05 1668,BD05  1668,6,A002_Xc83b78_X256c,3.7861,239.132811,240.867186,15625000.0000,1734375000.0,2963.52,,2.09360,10.46929,2.805583e+14,5.611165e+14,7.481554e+14,6.412760e+14,2.2857,2880.0000,3.598,4,0.5462,,coarse,B,2.4316,4.5477,3.2807,False,512,372,0.727096,,CS(5-4),-5584.4394,-6835.144,star,26.195,3.667,20.432,512,20260825,False,False,
BD+05 1668,BD05  1668,6,A002_Xc7b4ea_X2729,3.7861,239.132811,240.867186,15625000.0000,1734375000.0,1421.28,,3.61829,18.09489,4.849106e+14,9.698211e+14,1.293095e+15,1.108367e+15,2.2857,2880.0000,3.598,3,0.262,,coarse,B,2.9563,4.4653,3.1985,False,512,177,0.346979,,CS(5-4),-4334.4394,-5305.191,star,26.195,3.667,20.432,512,20260825,False,False,
BD+05 1668,BD05  1668,6,A002_Xc7fa6f_X28a8,3.7861,239.132811,240.867186,15625000.0000,1734375000.0,1421.28,,5.36608,26.83452,7.191169e+14,1.438234e+15,1.917645e+15,1.643696e+15,2.2857,2880.0000,3.598,3,0.262,,coarse,B,20.9484,21.4188,21.3603,False,512,2,0.005848,,CS(5-4),-4834.4394,-5917.172,star,26.195,3.667,20.432,512,20260825,True,False,
BD+05 1668,BD05  1668,6,A002_Xc96f17_X2a84,3.7861,239.132811,240.867186,15625000.0000,1734375000.0,2963.52,,1.70788,8.53985,2.288528e+14,4.577055e+14,6.102741e+14,5.230921e+14,2.2857,2880.0000,3.598,4,0.5462,,coarse,B,2.9280,4.3919,3.4605,False,512,145,0.284600,,CS(5-4),-5725.0644,-7007.264,star,26.195,3.667,20.432,512,20260825,False,False,
BD+05 1668,BD05  1668,6,A002_Xcbc47c_X2d9,3.7861,239.132811,240.867186,15625000.0000,1734375000.0,2963.52,,1.60918,8.04757,2.156604e+14,4.313207e+14,5.750943e+14,4.929380e+14,2.2857,2880.0000,3.598,4,0.5462,,coarse,B,2.4644,5.0218,3.2852,False,512,393,0.768031,,CS(5-4),-5725.0644,-7007.264,star,26.195,3.667,20.432,512,20260825,False,False,
BD+05 1668,BD05  1668,6,A002_Xc96463_X30ea,3.7861,239.132811,240.867186,15625000.0000,1734375000.0,2963.52,,1.87450,9.37297,2.511788e+14,5.023576e+14,6.698102e+14,5.741230e+14,2.2857,2880.0000,3.598,4,0.5462,,coarse,B,2.2797,4.6700,3.1597,False,512,461,0.900585,,CS(5-4),-5178.1894,-6337.909,star,26.195,3.667,20.432,512,20260825,False,False,
BD+05 1668,BD05  1668,6,A002_Xc8ed16_X334b,3.7861,239.132811,240.867186,15625000.0000,1734375000.0,1874.88,,4.40875,22.04520,5.907718e+14,1.181544e+15,1.575391e+15,1.350335e+15,2.2857,2880.0000,3.598,3,0.3456,,coarse,B,2.9183,4.5818,3.3835,False,512,133,0.261209,,CS(5-4),-4584.4394,-5611.182,star,26.195,3.667,20.432,512,20260825,False,False,
BD+05 1668,BD05  1668,6,A002_Xcb8a93_X395,3.7861,239.132811,240.867186,15625000.0000,1734375000.0,2963.52,,2.17709,10.88765,2.917694e+14,5.835389e+14,7.780519e+14,6.669016e+14,2.2857,2880.0000,3.598,4,0.5462,,coarse,B,3.1723,3.8149,3.7834,False,512,82,0.161793,,CS(5-4),-4771.9394,-5840.674,star,26.195,3.667,20.432,512,20260825,False,False,
BD+05 1668,BD05  1668,6,A002_Xc92fe3_X4379,3.7861,239.132811,240.867186,15625000.0000,1734375000.0,2963.52,,3.00655,15.03357,4.028728e+14,8.057456e+14,1.074327e+15,9.208521e+14,2.2857,2880.0000,3.598,4,0.5462,,coarse,B,2.3210,4.9485,3.0675,False,512,442,0.863548,,CS(5-4),-4740.6894,-5802.426,star,26.195,3.667,20.432,512,20260825,False,False,
BD+05 1668,BD05  1668,6,A002_Xc92fe3_X4af1,3.7861,239.132811,240.867186,15625000.0000,1734375000.0,2963.52,,5.35532,26.77806,7.176041e+14,1.435208e+15,1.913611e+15,1.640238e+15,2.2857,2880.0000,3.598,4,0.5462,,coarse,B,2.7740,4.1894,2.9658,False,512,229,0.448343,,CS(5-4),-4803.1894,-5878.923,star,26.195,3.667,20.432,512,20260825,False,False,
BD+05 1668,BD05  1668,6,A002_Xc7a409_X5de8,3.7861,239.132811,240.867186,15625000.0000,1734375000.0,1421.28,,3.26579,16.33213,4.376718e+14,8.753435e+14,1.167125e+15,1.000393e+15,2.2857,2880.0000,3.598,3,0.262,,coarse,B,3.2705,4.0473,3.5436,False,512,64,0.126706,,CS(5-4),-5646.9394,-6911.642,star,26.195,3.667,20.432,512,20260825,False,False,
BD+05 1668,BD05  1668,6,A002_Xc77d4f_X6247,3.7861,239.132811,240.867186,15625000.0000,1734375000.0,1421.28,,3.57245,17.86609,4.787793e+14,9.575585e+14,1.276745e+15,1.094353e+15,2.2857,2880.0000,3.598,3,0.262,,coarse,B,2.7768,4.2310,3.8849,False,512,170,0.333333,,CS(5-4),-5631.3144,-6892.517,star,26.195,3.667,20.432,512,20260825,False,False,
BD+05 1668,BD05  1668,6,A002_Xc7e4e4_X683a,3.7861,239.132811,240.867186,15625000.0000,1734375000.0,1421.28,,4.36951,21.85099,5.855674e+14,1.171135e+15,1.561513e+15,1.338440e+15,2.2857,2880.0000,3.598,3,0.262,,coarse,B,2.8270,4.5795,3.1090,False,512,174,0.341131,,CS(5-4),-4850.0644,-5936.297,star,26.195,3.667,20.432,512,20260825,False,False,
BD+05 1668,BD05  1668,6,A002_Xc92012_X6a6f,3.7861,239.132811,240.867186,15625000.0000,1734375000.0,2963.52,,2.18970,10.94909,2.934159e+14,5.868318e+14,7.824424e+14,6.706649e+14,2.2857,2880.0000,3.598,4,0.5462,,coarse,B,2.7240,4.7987,2.8880,False,512,296,0.578947,,CS(5-4),-4959.4394,-6070.167,star,26.195,3.667,20.432,512,20260825,False,False,
BD+05 1668,BD05  1668,6,A002_Xcb8a93_X7bee,3.7861,239.132811,240.867186,15625000.0000,1734375000.0,2963.52,,1.85699,9.28682,2.488701e+14,4.977403e+14,6.636537e+14,5.688460e+14,2.2857,2880.0000,3.598,4,0.5462,,coarse,B,2.9116,4.4910,3.2774,False,512,183,0.358674,,CS(5-4),-4318.8144,-5286.067,star,26.195,3.667,20.432,512,20260825,False,False,
BD+05 1668,BD05  1668,6,A002_Xcb8a93_X83b4,3.7861,239.132811,240.867186,15625000.0000,1734375000.0,2963.52,,1.83114,9.15757,2.454063e+14,4.908127e+14,6.544169e+14,5.609288e+14,2.2857,2880.0000,3.598,4,0.5462,,coarse,B,3.0962,4.8053,3.5265,False,512,148,0.290448,,CS(5-4),-4943.8144,-6051.043,star,26.195,3.667,20.432,512,20260825,False,False,
BD+05 1668,BD05  1668,6,A002_Xc9831a_Xa0b7,3.7861,239.132811,240.867186,15625000.0000,1734375000.0,2963.52,,1.53989,7.69984,2.063419e+14,4.126838e+14,5.502450e+14,4.716386e+14,2.2857,2880.0000,3.598,4,0.5462,,coarse,B,2.5464,4.8303,3.3750,False,512,352,0.688109,,CS(5-4),-4115.6894,-5037.449,star,26.195,3.667,20.432,512,20260825,False,False,
BD+05 1668,BD05  1668,6,A002_Xc92fe3_Xaa2f,3.7861,239.132811,240.867186,15625000.0000,1734375000.0,2963.52,,2.33990,11.70013,3.135425e+14,6.270850e+14,8.361133e+14,7.166686e+14,2.2857,2880.0000,3.598,4,0.5462,,coarse,B,2.6988,5.4781,3.2792,False,512,277,0.541910,,CS(5-4),-4084.4394,-4999.200,star,26.195,3.667,20.432,512,20260825,False,False,
BD+05 1668,BD05  1668,6,A002_Xc8ed16_Xafd5,3.7861,239.132811,240.867186,15625000.0000,1734375000.0,1421.28,,4.06953,20.34894,5.453152e+14,1.090630e+15,1.454174e+15,1.246435e+15,2.2857,2880.0000,3.598,3,0.262,,coarse,B,2.7529,4.0266,3.2568,False,512,202,0.395712,,CS(5-4),-5693.8144,-6969.015,star,26.195,3.667,20.432,512,20260825,False,False,
BD+05 1668,BD05  1668,6,A002_Xc94c38_Xb5c5,3.7861,239.132811,240.867186,15625000.0000,1734375000.0,2963.52,,2.25154,11.25831,3.017025e+14,6.034050e+14,8.045400e+14,6.896057e+14,2.2857,2880.0000,3.598,4,0.5462,,coarse,B,2.9698,4.3783,3.5998,False,512,209,0.409357,,CS(5-4),-5240.6894,-6414.407,star,26.195,3.667,20.432,512,20260825,False,False,
BD+05 1668,BD05  1668,6,A002_Xc94c38_Xc003,3.7861,239.132811,240.867186,15625000.0000,1734375000.0,2963.52,,2.38809,11.94107,3.199992e+14,6.399984e+14,8.533312e+14,7.314268e+14,2.2857,2880.0000,3.598,4,0.5462,,coarse,B,2.7267,4.2027,3.4114,False,512,267,0.522417,,CS(5-4),-4537.5644,-5553.808,star,26.195,3.667,20.432,512,20260825,False,False,
BD+05 1668,BD05  1668,6,A002_Xc8592e_Xd319,3.7861,239.132811,240.867186,15625000.0000,1734375000.0,2963.52,,3.20920,16.04771,4.300498e+14,8.600996e+14,1.146799e+15,9.829710e+14,2.2857,2880.0000,3.598,4,0.5462,,coarse,B,2.4390,4.3763,3.4681,False,512,407,0.795322,,CS(5-4),-4256.3144,-5209.569,star,26.195,3.667,20.432,512,20260825,False,False,
BD+05 1668,BD05  1668,6,A002_Xca2b8a_Xe2c,3.7861,239.132811,240.867186,15625000.0000,1734375000.0,2963.52,,2.04039,10.20350,2.734354e+14,5.468708e+14,7.291611e+14,6.249952e+14,2.2857,2880.0000,3.598,4,0.5462,,coarse,B,3.0124,4.4987,4.1718,False,512,113,0.222222,,CS(5-4),-4725.0644,-5783.301,star,26.195,3.667,20.432,512,20260825,False,False,
BD+05 1668,BD05  1668,6,A002_Xca464b_Xebf,3.7861,239.132811,240.867186,15625000.0000,1734375000.0,2963.52,,2.77989,13.90168,3.725400e+14,7.450800e+14,9.934400e+14,8.515200e+14,2.2857,2880.0000,3.598,4,0.5462,,coarse,B,2.7089,4.5777,2.9745,False,512,280,0.547758,,CS(5-4),-5662.5644,-6930.766,star,26.195,3.667,20.432,512,20260825,False,False,
BD+05 1668,BD05  1668,6,A002_Xc74b5b_X7c16,3.7861,241.132811,242.867186,15625000.0000,1734375000.0,1421.28,1410,2.32306,11.61814,3.113453e+14,6.226906e+14,8.302541e+14,7.116464e+14,2.2857,2904.0000,3.598,3,0.2642,1.0000,coarse,B,2.2249,4.3779,2.9747,False,512,421,0.822612,242.335936,CS(5-4),-2600.0644,-3182.381,star,25.978,3.637,20.263,512,20260825,False,False,
BD+05 1668,BD05  1668,6,A002_Xcbc47c_X12a5,3.7861,241.132811,242.867186,15625000.0000,1734375000.0,2872.80,,2.22160,11.11031,2.977363e+14,5.954726e+14,7.939635e+14,6.805402e+14,2.2857,2904.0000,3.598,4,0.5339,,coarse,B,3.1145,4.1686,3.8740,False,512,78,0.153996,,CS(5-4),-3209.4394,-3928.233,star,25.978,3.637,20.263,512,20260825,False,False,
BD+05 1668,BD05  1668,6,A002_Xc9831a_X13c7,3.7861,241.132811,242.867186,15625000.0000,1734375000.0,2963.52,,1.54820,7.74139,2.074553e+14,4.149105e+14,5.532140e+14,4.741834e+14,2.2857,2904.0000,3.598,4,0.5508,,coarse,B,2.5262,4.6825,2.9720,False,512,358,0.699805,,CS(5-4),-2115.6894,-2589.524,star,25.978,3.637,20.263,512,20260825,False,False,
BD+05 1668,BD05  1668,6,A002_Xc94c38_X1923,3.7861,241.132811,242.867186,15625000.0000,1734375000.0,2963.52,,2.05187,10.25992,2.749475e+14,5.498949e+14,7.331932e+14,6.284513e+14,2.2857,2904.0000,3.598,4,0.5508,,coarse,B,2.2930,4.5223,4.3806,False,512,469,0.916179,,CS(5-4),-2537.5644,-3105.883,star,25.978,3.637,20.263,512,20260825,False,False,
BD+05 1668,BD05  1668,6,A002_Xc805c1_X1ab2,3.7861,241.132811,242.867186,15625000.0000,1734375000.0,1421.28,,3.22814,16.14315,4.326074e+14,8.652149e+14,1.153620e+15,9.888170e+14,2.2857,2904.0000,3.598,3,0.2642,,coarse,B,3.0566,4.8165,3.8148,False,512,104,0.204678,,CS(5-4),-2428.1894,-2972.013,star,25.978,3.637,20.263,512,20260825,False,False,
BD+05 1668,BD05  1668,6,A002_Xc83b78_X256c,3.7861,241.132811,242.867186,15625000.0000,1734375000.0,2963.52,,2.20762,11.03947,2.958381e+14,5.916762e+14,7.889017e+14,6.762014e+14,2.2857,2904.0000,3.598,4,0.5508,,coarse,B,2.9756,4.4294,3.3958,False,512,155,0.304094,,CS(5-4),-3600.0644,-4406.344,star,25.978,3.637,20.263,512,20260825,False,False,
BD+05 1668,BD05  1668,6,A002_Xc7b4ea_X2729,3.7861,241.132811,242.867186,15625000.0000,1734375000.0,1421.28,,3.87317,19.36956,5.190695e+14,1.038139e+15,1.384185e+15,1.186444e+15,2.2857,2904.0000,3.598,3,0.2642,,coarse,B,3.5815,4.0680,3.7209,False,512,16,0.033138,,CS(5-4),-3396.9394,-4157.726,star,25.978,3.637,20.263,512,20260825,False,False,
BD+05 1668,BD05  1668,6,A002_Xc7fa6f_X28a8,3.7861,241.132811,242.867186,15625000.0000,1734375000.0,1421.28,,4.82934,24.15050,6.471900e+14,1.294380e+15,1.725840e+15,1.479291e+15,2.2857,2904.0000,3.598,3,0.2642,,coarse,B,7.8250,17.5760,11.2240,False,512,505,0.986355,,CS(5-4),-2740.6894,-3354.501,star,25.978,3.637,20.263,512,20260825,True,False,
BD+05 1668,BD05  1668,6,A002_Xc96f17_X2a84,3.7861,241.132811,242.867186,15625000.0000,1734375000.0,2963.52,,1.79938,8.99737,2.411135e+14,4.822269e+14,6.429692e+14,5.511165e+14,2.2857,2904.0000,3.598,4,0.5508,,coarse,B,2.4557,4.3631,3.1991,False,512,414,0.808967,,CS(5-4),-2209.4394,-2704.271,star,25.978,3.637,20.263,512,20260825,False,False,
BD+05 1668,BD05  1668,6,A002_Xcbc47c_X2d9,3.7861,241.132811,242.867186,15625000.0000,1734375000.0,2963.52,,1.71218,8.56270,2.294651e+14,4.589302e+14,6.119069e+14,5.244917e+14,2.2857,2904.0000,3.598,4,0.5508,,coarse,B,4.3726,4.3893,4.6314,False,512,1,0.003899,,CS(5-4),-3615.6894,-4425.468,star,25.978,3.637,20.263,512,20260825,False,False,
BD+05 1668,BD05  1668,6,A002_Xc96463_X30ea,3.7861,241.132811,242.867186,15625000.0000,1734375000.0,2963.52,,1.98331,9.91704,2.657590e+14,5.315179e+14,7.086906e+14,6.074491e+14,2.2857,2904.0000,3.598,4,0.5508,,coarse,B,2.4818,4.5517,3.5728,False,512,364,0.711501,,CS(5-4),-2615.6894,-3201.506,star,25.978,3.637,20.263,512,20260825,False,False,
BD+05 1668,BD05  1668,6,A002_Xc8ed16_X334b,3.7861,241.132811,242.867186,15625000.0000,1734375000.0,1874.88,,4.65908,23.29696,6.243166e+14,1.248633e+15,1.664844e+15,1.427009e+15,2.2857,2904.0000,3.598,3,0.3485,,coarse,B,2.4357,4.5223,3.3076,False,512,340,0.664717,,CS(5-4),-2553.1894,-3125.008,star,25.978,3.637,20.263,512,20260825,False,False,
BD+05 1668,BD05  1668,6,A002_Xcb8a93_X395,3.7861,241.132811,242.867186,15625000.0000,1734375000.0,2963.52,,2.29511,11.47788,3.075866e+14,6.151733e+14,8.202311e+14,7.030552e+14,2.2857,2904.0000,3.598,4,0.5508,,coarse,B,2.3305,4.2544,3.0012,False,512,403,0.787524,,CS(5-4),-3693.8144,-4521.090,star,25.978,3.637,20.263,512,20260825,False,False,
BD+05 1668,BD05  1668,6,A002_Xc92fe3_X4379,3.7861,241.132811,242.867186,15625000.0000,1734375000.0,2963.52,,3.19406,15.97118,4.279989e+14,8.559978e+14,1.141330e+15,9.782833e+14,2.2857,2904.0000,3.598,4,0.5508,,coarse,B,2.8833,4.3201,3.5257,False,512,198,0.387914,,CS(5-4),-2365.6894,-2895.515,star,25.978,3.637,20.263,512,20260825,False,False,
BD+05 1668,BD05  1668,6,A002_Xc92fe3_X4af1,3.7861,241.132811,242.867186,15625000.0000,1734375000.0,2963.52,,5.62972,28.15013,7.543730e+14,1.508746e+15,2.011661e+15,1.724281e+15,2.2857,2904.0000,3.598,4,0.5508,,coarse,B,2.4726,4.0577,2.9588,False,512,366,0.715400,,CS(5-4),-3428.1894,-4195.975,star,25.978,3.637,20.263,512,20260825,False,False,
BD+05 1668,BD05  1668,6,A002_Xc7a409_X5de8,3.7861,241.132811,242.867186,15625000.0000,1734375000.0,1421.28,,3.50650,17.53598,4.699328e+14,9.398655e+14,1.253154e+15,1.074132e+15,2.2857,2904.0000,3.598,3,0.2642,,coarse,B,3.1963,4.6397,4.0389,False,512,61,0.120858,,CS(5-4),-2443.8144,-2991.137,star,25.978,3.637,20.263,512,20260825,False,False,
BD+05 1668,BD05  1668,6,A002_Xc77d4f_X6247,3.7861,241.132811,242.867186,15625000.0000,1734375000.0,1421.28,,3.79992,19.00376,5.092667e+14,1.018533e+15,1.358044e+15,1.164038e+15,2.2857,2904.0000,3.598,3,0.2642,,coarse,B,3.0620,4.2432,3.2268,False,512,104,0.204678,,CS(5-4),-3053.1894,-3736.989,star,25.978,3.637,20.263,512,20260825,False,False,
BD+05 1668,BD05  1668,6,A002_Xc7e4e4_X683a,3.7861,241.132811,242.867186,15625000.0000,1734375000.0,1421.28,,4.64792,23.24334,6.228799e+14,1.245760e+15,1.661013e+15,1.423725e+15,2.2857,2904.0000,3.598,3,0.2642,,coarse,B,2.9794,4.5583,3.3925,False,512,134,0.263158,,CS(5-4),-3693.8144,-4521.090,star,25.978,3.637,20.263,512,20260825,False,False,
BD+05 1668,BD05  1668,6,A002_Xc92012_X6a6f,3.7861,241.132811,242.867186,15625000.0000,1734375000.0,2963.52,,2.31084,11.55487,3.096498e+14,6.192995e+14,8.257327e+14,7.077709e+14,2.2857,2904.0000,3.598,4,0.5508,,coarse,B,2.8441,4.5683,3.6490,False,512,180,0.352827,,CS(5-4),-2271.9394,-2780.768,star,25.978,3.637,20.263,512,20260825,False,False,
BD+05 1668,BD05  1668,6,A002_Xcb8a93_X7bee,3.7861,241.132811,242.867186,15625000.0000,1734375000.0,2963.52,,1.97348,9.86942,2.644828e+14,5.289655e+14,7.052873e+14,6.045320e+14,2.2857,2904.0000,3.598,4,0.5508,,coarse,B,2.6138,4.2590,4.2238,False,512,321,0.627680,,CS(5-4),-2318.8144,-2838.142,star,25.978,3.637,20.263,512,20260825,False,False,
BD+05 1668,BD05  1668,6,A002_Xcb8a93_X83b4,3.7861,241.132811,242.867186,15625000.0000,1734375000.0,2963.52,,1.94781,9.74105,2.610427e+14,5.220854e+14,6.961138e+14,5.966690e+14,2.2857,2904.0000,3.598,4,0.5508,,coarse,B,2.2779,4.3233,2.8060,False,512,466,0.910331,,CS(5-4),-2896.9394,-3545.745,star,25.978,3.637,20.263,512,20260825,False,False,
BD+05 1668,BD05  1668,6,A002_Xc9831a_Xa0b7,3.7861,241.132811,242.867186,15625000.0000,1734375000.0,2963.52,,1.63169,8.15886,2.186429e+14,4.372859e+14,5.830478e+14,4.997553e+14,2.2857,2904.0000,3.598,4,0.5508,,coarse,B,3.1718,4.2156,3.4518,False,512,95,0.187135,,CS(5-4),-3209.4394,-3928.233,star,25.978,3.637,20.263,512,20260825,False,False,
BD+05 1668,BD05  1668,6,A002_Xc92fe3_Xaa2f,3.7861,241.132811,242.867186,15625000.0000,1734375000.0,2963.52,,2.49548,12.47807,3.343899e+14,6.687797e+14,8.917063e+14,7.643197e+14,2.2857,2904.0000,3.598,4,0.5508,,coarse,B,2.9347,4.8984,3.3377,False,512,158,0.309942,,CS(5-4),-3584.4394,-4387.219,star,25.978,3.637,20.263,512,20260825,False,False,
BD+05 1668,BD05  1668,6,A002_Xc8ed16_Xafd5,3.7861,241.132811,242.867186,15625000.0000,1734375000.0,1421.28,,4.30666,21.53468,5.770907e+14,1.154181e+15,1.538908e+15,1.319064e+15,2.2857,2904.0000,3.598,3,0.2642,,coarse,B,2.9191,4.3990,3.5537,False,512,174,0.341131,,CS(5-4),-3678.1894,-4501.966,star,25.978,3.637,20.263,512,20260825,False,False,
BD+05 1668,BD05  1668,6,A002_Xc94c38_Xb5c5,3.7861,241.132811,242.867186,15625000.0000,1734375000.0,2963.52,,2.38233,11.91227,3.192274e+14,6.384549e+14,8.512731e+14,7.296627e+14,2.2857,2904.0000,3.598,4,0.5508,,coarse,B,2.2755,4.1989,3.3559,False,512,456,0.890838,,CS(5-4),-3600.0644,-4406.344,star,25.978,3.637,20.263,512,20260825,False,False,
BD+05 1668,BD05  1668,6,A002_Xc94c38_Xc003,3.7861,241.132811,242.867186,15625000.0000,1734375000.0,2963.52,,2.51274,12.56435,3.367021e+14,6.734041e+14,8.978721e+14,7.696047e+14,2.2857,2904.0000,3.598,4,0.5508,,coarse,B,2.0885,4.6019,3.0817,False,512,491,0.959064,,CS(5-4),-3240.6894,-3966.482,star,25.978,3.637,20.263,512,20260825,False,False,
BD+05 1668,BD05  1668,6,A002_Xc8592e_Xd319,3.7861,241.132811,242.867186,15625000.0000,1734375000.0,2963.52,,3.38853,16.94445,4.540808e+14,9.081615e+14,1.210882e+15,1.037899e+15,2.2857,2904.0000,3.598,4,0.5508,,coarse,B,2.6498,4.5141,3.3658,False,512,328,0.641326,,CS(5-4),-3709.4394,-4540.214,star,25.978,3.637,20.263,512,20260825,False,False,
BD+05 1668,BD05  1668,6,A002_Xca2b8a_Xe2c,3.7861,241.132811,242.867186,15625000.0000,1734375000.0,2963.52,,2.16665,10.83489,2.903555e+14,5.807111e+14,7.742814e+14,6.636698e+14,2.2857,2904.0000,3.598,4,0.5508,,coarse,B,3.3136,4.7704,3.5022,False,512,90,0.177388,,CS(5-4),-2553.1894,-3125.008,star,25.978,3.637,20.263,512,20260825,False,False,
BD+05 1668,BD05  1668,6,A002_Xca464b_Xebf,3.7861,241.132811,242.867186,15625000.0000,1734375000.0,2963.52,,3.41360,17.07077,4.574660e+14,9.149320e+14,1.219909e+15,1.045637e+15,2.2857,2904.0000,3.598,4,0.5508,,coarse,B,2.4270,4.6865,2.7885,False,512,410,0.801170,,CS(5-4),-2787.5644,-3411.874,star,25.978,3.637,20.263,512,20260825,False,False,
BD+05 1668,BD05  1668,6,A002_Xc99ad7_X1619,3.7861,241.148436,242.851561,15625000.0000,1703125000.0,2963.52,,3.83835,19.19274,5.143309e+14,1.028662e+15,1.371549e+15,1.175614e+15,2.2857,2904.0000,3.598,4,0.5508,,coarse,B,3.0126,4.5306,3.9573,False,512,164,0.321637,,CS(5-4),-2381.3144,-2914.639,star,25.978,3.637,20.263,512,20260825,False,False,
HD 33793,HD  33793,6,A002_Xc8b2b0_X9c35,3.9339,223.085939,224.914064,15625000.0000,1828125000.0,846.72,840,3.88542,19.42710,5.620729e+14,1.124146e+15,1.498861e+15,1.284738e+15,2.2857,2688.0000,3.598,2,0.1457,1.0000,coarse,B,2.2645,4.3756,4.0245,False,512,350,0.684211,223.414064,,,,star,28.066,3.929,21.891,512,20260825,False,False,
HD 33793,HD  33793,6,A002_Xcc3ae3_X12e7,3.9339,223.085939,224.914064,15625000.0000,1828125000.0,2963.52,,1.68320,8.41650,2.435096e+14,4.870192e+14,6.493590e+14,5.565934e+14,2.2857,2688.0000,3.598,4,0.5098,,coarse,B,2.6170,4.6703,3.3069,False,512,296,0.578947,,13CO(2-1),3265.0644,4441.226,star,28.066,3.929,21.891,512,20260825,False,False,
HD 33793,HD  33793,6,A002_Xc96463_X164e,3.9339,223.085939,224.914064,15625000.0000,1828125000.0,2963.52,,2.15736,10.79469,3.123166e+14,6.246331e+14,8.328442e+14,7.138664e+14,2.2857,2688.0000,3.598,4,0.5098,,coarse,B,2.9614,4.0251,3.1015,False,512,127,0.249513,,13CO(2-1),2686.9394,3654.845,star,28.066,3.929,21.891,512,20260825,False,False,
HD 33793,HD  33793,6,A002_Xc96463_X1d7a,3.9339,223.085939,224.914064,15625000.0000,1828125000.0,2963.52,,1.72973,8.65498,2.504096e+14,5.008192e+14,6.677590e+14,5.723648e+14,2.2857,2688.0000,3.598,4,0.5098,,coarse,B,2.6427,4.5246,3.1107,False,512,326,0.637427,,13CO(2-1),4171.3144,5673.930,star,28.066,3.929,21.891,512,20260825,False,False,
HD 33793,HD  33793,6,A002_Xc92fe3_X255d,3.9339,223.085939,224.914064,15625000.0000,1828125000.0,2963.52,,1.98721,9.94366,2.876942e+14,5.753885e+14,7.671847e+14,6.575868e+14,2.2857,2688.0000,3.598,4,0.5098,,coarse,B,3.2750,4.3241,3.9394,False,512,67,0.132554,,13CO(2-1),4405.6894,5992.733,star,28.066,3.929,21.891,512,20260825,False,False,
HD 33793,HD  33793,6,A002_Xc96463_X281c,3.9339,223.085939,224.914064,15625000.0000,1828125000.0,2963.52,,1.76828,8.84784,2.559894e+14,5.119787e+14,6.826383e+14,5.851186e+14,2.2857,2688.0000,3.598,4,0.5098,,coarse,B,3.0380,4.4884,3.2900,False,512,147,0.288499,,13CO(2-1),4046.3144,5503.902,star,28.066,3.929,21.891,512,20260825,False,False,
HD 33793,HD  33793,6,A002_Xc99ad7_X2cc,3.9339,223.085939,224.914064,15625000.0000,1828125000.0,756.00,,5.86366,29.33839,8.488304e+14,1.697661e+15,2.263548e+15,1.940184e+15,2.2857,2688.0000,3.598,2,0.1301,,coarse,B,3.0848,4.4594,3.5908,False,512,81,0.159844,,13CO(2-1),4374.4394,5950.226,star,28.066,3.929,21.891,512,20260825,False,False,
HD 33793,HD  33793,6,A002_Xd20b17_X2e1a,3.9339,223.085939,224.914064,15625000.0000,1828125000.0,1421.28,,2.15070,10.76536,3.114679e+14,6.229358e+14,8.305811e+14,7.119266e+14,2.2857,2688.0000,3.598,3,0.2445,,coarse,B,3.2932,4.0868,3.7408,False,512,52,0.103314,,13CO(2-1),3921.3144,5333.874,star,28.066,3.929,21.891,512,20260825,False,False,
HD 33793,HD  33793,6,A002_Xd29c1f_X445c,3.9339,223.085939,224.914064,15625000.0000,1828125000.0,2963.52,,1.32671,6.64139,1.921515e+14,3.843031e+14,5.124041e+14,4.392035e+14,2.2857,2688.0000,3.598,4,0.5098,,coarse,B,3.0043,4.3274,3.4723,False,512,142,0.278752,,13CO(2-1),4030.6894,5482.649,star,28.066,3.929,21.891,512,20260825,False,False,
HD 33793,HD  33793,6,A002_Xd1f23d_X53b2,3.9339,223.085939,224.914064,15625000.0000,1828125000.0,2963.52,,1.40581,7.03663,2.035868e+14,4.071735e+14,5.428980e+14,4.653412e+14,2.2857,2688.0000,3.598,4,0.5098,,coarse,B,2.5518,4.0957,2.8203,False,512,341,0.666667,,13CO(2-1),3749.4394,5100.085,star,28.066,3.929,21.891,512,20260825,False,False,
HD 33793,HD  33793,6,A002_Xd12f5c_X5deb,3.9339,223.085939,224.914064,15625000.0000,1828125000.0,2963.52,,1.33417,6.67705,1.931833e+14,3.863665e+14,5.151554e+14,4.415617e+14,2.2857,2688.0000,3.598,4,0.5098,,coarse,B,2.4300,4.9058,4.0845,False,512,406,0.793372,,13CO(2-1),4030.6894,5482.649,star,28.066,3.929,21.891,512,20260825,False,False,
HD 33793,HD  33793,6,A002_Xc9c531_X67e,3.9339,223.085939,224.914064,15625000.0000,1828125000.0,2963.52,,4.17748,20.90115,6.047207e+14,1.209441e+15,1.612589e+15,1.382219e+15,2.2857,2688.0000,3.598,4,0.5098,,coarse,B,3.0874,4.2357,3.6371,False,512,103,0.202729,,13CO(2-1),3296.3144,4483.733,star,28.066,3.929,21.891,512,20260825,False,False,
HD 33793,HD  33793,6,A002_Xccb526_X733b,3.9339,223.085939,224.914064,15625000.0000,1828125000.0,846.72,,3.47977,17.39957,5.034115e+14,1.006823e+15,1.342431e+15,1.150655e+15,2.2857,2688.0000,3.598,2,0.1457,,coarse,B,2.6261,3.9620,3.8089,False,512,190,0.372320,,13CO(2-1),3077.5644,4186.183,star,28.066,3.929,21.891,512,20260825,False,False,
HD 33793,HD  33793,6,A002_Xc92fe3_X9313,3.9339,223.085939,224.914064,15625000.0000,1828125000.0,2963.52,,1.96225,9.81869,2.840784e+14,5.681568e+14,7.575424e+14,6.493220e+14,2.2857,2688.0000,3.598,4,0.5098,,coarse,B,3.1179,4.3994,3.6779,False,512,116,0.228070,,13CO(2-1),3905.6894,5312.620,star,28.066,3.929,21.891,512,20260825,False,False,
HD 33793,HD  33793,6,A002_Xc92fe3_Xa1eb,3.9339,223.085939,224.914064,15625000.0000,1828125000.0,2963.52,,1.94120,9.71333,2.810300e+14,5.620599e+14,7.494133e+14,6.423542e+14,2.2857,2688.0000,3.598,4,0.5098,,coarse,B,4.1095,4.3827,4.3035,False,512,6,0.013645,,13CO(2-1),3358.8144,4568.747,star,28.066,3.929,21.891,512,20260825,False,False,
HD 33793,HD  33793,6,A002_Xc94c38_Xa4bc,3.9339,223.085939,224.914064,15625000.0000,1828125000.0,2963.52,,1.60586,8.03524,2.324790e+14,4.649579e+14,6.199439e+14,5.313805e+14,2.2857,2688.0000,3.598,4,0.5098,,coarse,B,2.7265,4.2080,3.6941,False,512,273,0.534113,,13CO(2-1),3311.9394,4504.986,star,28.066,3.929,21.891,512,20260825,False,False,
HD 33793,HD  33793,6,A002_Xc94c38_Xaae,3.9339,223.085939,224.914064,15625000.0000,1828125000.0,2963.52,,1.47917,7.40139,2.141402e+14,4.282804e+14,5.710406e+14,4.894633e+14,2.2857,2688.0000,3.598,4,0.5098,,coarse,B,2.4669,3.9607,3.1272,False,512,388,0.758285,,13CO(2-1),3046.3144,4143.676,star,28.066,3.929,21.891,512,20260825,False,False,
HD 33793,HD  33793,6,A002_Xc94c38_Xad7a,3.9339,223.085939,224.914064,15625000.0000,1828125000.0,2963.52,,1.81200,9.06670,2.623214e+14,5.246428e+14,6.995237e+14,5.995918e+14,2.2857,2688.0000,3.598,4,0.5098,,coarse,B,2.7562,4.7231,3.3782,False,512,233,0.456140,,13CO(2-1),4343.1894,5907.719,star,28.066,3.929,21.891,512,20260825,False,False,
HD 33793,HD  33793,6,A002_Xd28a9e_Xb92f,3.9339,223.085939,224.914064,15625000.0000,1828125000.0,2963.52,,1.42831,7.14997,2.068659e+14,4.137319e+14,5.516425e+14,4.728364e+14,2.2857,2688.0000,3.598,4,0.5098,,coarse,B,3.1598,4.5201,4.4362,False,512,114,0.224172,,13CO(2-1),2765.0644,3761.113,star,28.066,3.929,21.891,512,20260825,False,False,
HD 33793,HD  33793,6,A002_Xd28a9e_Xbb59,3.9339,223.085939,224.914064,15625000.0000,1828125000.0,2963.52,,1.45523,7.28474,2.107652e+14,4.215304e+14,5.620405e+14,4.817490e+14,2.2857,2688.0000,3.598,4,0.5098,,coarse,B,2.9538,5.0168,3.1816,False,512,179,0.350877,,13CO(2-1),4015.0644,5461.395,star,28.066,3.929,21.891,512,20260825,False,False,
HD 33793,HD  33793,6,A002_Xd28a9e_Xbd84,3.9339,223.085939,224.914064,15625000.0000,1828125000.0,1874.88,,1.93890,9.70593,2.808160e+14,5.616320e+14,7.488427e+14,6.418652e+14,2.2857,2688.0000,3.598,3,0.3225,,coarse,B,2.5993,4.4648,3.3910,False,512,308,0.602339,,13CO(2-1),4468.1894,6077.748,star,28.066,3.929,21.891,512,20260825,False,False,
HD 33793,HD  33793,6,A002_Xcc3ae3_Xcea0,3.9339,223.085939,224.914064,15625000.0000,1828125000.0,2963.52,,1.90698,9.53544,2.758832e+14,5.517664e+14,7.356885e+14,6.305902e+14,2.2857,2688.0000,3.598,4,0.5098,,coarse,B,3.2741,4.6267,3.2899,False,512,67,0.132554,,13CO(2-1),3608.8144,4908.803,star,28.066,3.929,21.891,512,20260825,False,False,
HD 33793,HD  33793,6,A002_Xc99ad7_Xe20,3.9339,223.085939,224.914064,15625000.0000,1828125000.0,2963.52,,2.92473,14.63367,4.233874e+14,8.467749e+14,1.129033e+15,9.677427e+14,2.2857,2688.0000,3.598,4,0.5098,,coarse,B,2.9848,4.2504,3.5113,False,512,140,0.274854,,13CO(2-1),4233.8144,5758.945,star,28.066,3.929,21.891,512,20260825,False,False,
HD 33793,HD  33793,6,A002_Xc9831a_Xe79,3.9339,223.085939,224.914064,15625000.0000,1828125000.0,2963.52,,1.76010,8.80669,2.547987e+14,5.095973e+14,6.794631e+14,5.823970e+14,2.2857,2688.0000,3.598,4,0.5098,,coarse,B,2.7490,4.3709,3.1698,False,512,287,0.561404,,13CO(2-1),3968.1894,5397.635,star,28.066,3.929,21.891,512,20260825,False,False,
HD 33793,HD  33793,6,A002_Xd1c06f_Xf04b,3.9339,223.085939,224.914064,15625000.0000,1828125000.0,2963.52,,1.96379,9.82928,2.843848e+14,5.687696e+14,7.583594e+14,6.500224e+14,2.2857,2688.0000,3.598,4,0.5098,,coarse,B,3.7106,4.3643,4.3638,False,512,14,0.029240,,13CO(2-1),4452.5644,6056.494,star,28.066,3.929,21.891,512,20260825,False,False,
HD 33793,HD  33793,6,A002_Xd1c06f_Xf769,3.9339,223.085939,224.914064,15625000.0000,1828125000.0,2963.52,,1.84260,9.22272,2.668355e+14,5.336711e+14,7.115615e+14,6.099098e+14,2.2857,2688.0000,3.598,4,0.5098,,coarse,B,2.4639,4.5670,2.9206,False,512,415,0.810916,,13CO(2-1),4280.6894,5822.705,star,28.066,3.929,21.891,512,20260825,False,False,
HD 33793,HD  33793,6,A002_Xcc3ae3_X12e7,3.9339,225.085939,226.914064,15625000.0000,1828125000.0,2963.52,,1.60714,8.03621,2.325068e+14,4.650137e+14,6.200182e+14,5.314442e+14,2.2857,2712.0000,3.598,4,0.5144,,coarse,B,2.8663,5.1841,3.4658,False,512,200,0.391813,,CO(2-1),-4280.1856,-5565.969,star,27.817,3.894,21.698,512,20260825,False,False,
HD 33793,HD  33793,6,A002_Xc96463_X164e,3.9339,225.085939,226.914064,15625000.0000,1828125000.0,2963.52,,2.09590,10.48729,3.034225e+14,6.068450e+14,8.091267e+14,6.935372e+14,2.2857,2712.0000,3.598,4,0.5144,,coarse,B,2.9228,4.3691,3.3141,False,512,161,0.315789,,CO(2-1),-4936.4356,-6419.359,star,27.817,3.894,21.698,512,20260825,False,False,
HD 33793,HD  33793,6,A002_Xc96463_X1d7a,3.9339,225.085939,226.914064,15625000.0000,1828125000.0,2963.52,,1.64677,8.23996,2.384019e+14,4.768038e+14,6.357384e+14,5.449186e+14,2.2857,2712.0000,3.598,4,0.5144,,coarse,B,2.4944,4.7020,2.9728,False,512,345,0.674464,,13CO(2-1),4780.6894,6502.818,star,27.817,3.894,21.698,512,20260825,False,False,
HD 33793,HD  33793,6,A002_Xc92fe3_X255d,3.9339,225.085939,226.914064,15625000.0000,1828125000.0,2963.52,,1.92392,9.62711,2.785356e+14,5.570712e+14,7.427616e+14,6.366528e+14,2.2857,2712.0000,3.598,4,0.5144,,coarse,B,2.2871,4.4905,2.8522,False,512,464,0.906433,,CO(2-1),-4545.8106,-5911.389,star,27.817,3.894,21.698,512,20260825,False,False,
HD 33793,HD  33793,6,A002_Xc96463_X281c,3.9339,225.085939,226.914064,15625000.0000,1828125000.0,2963.52,,1.69087,8.46062,2.447861e+14,4.895722e+14,6.527629e+14,5.595111e+14,2.2857,2712.0000,3.598,4,0.5144,,coarse,B,1.7935,4.6664,3.4320,False,512,510,0.996101,,CO(2-1),-4920.8106,-6399.040,star,27.817,3.894,21.698,512,20260825,False,False,
HD 33793,HD  33793,6,A002_Xc99ad7_X2cc,3.9339,225.085939,226.914064,15625000.0000,1828125000.0,756.00,,5.73119,28.67594,8.296643e+14,1.659329e+15,2.212438e+15,1.896376e+15,2.2857,2712.0000,3.598,2,0.1312,,coarse,B,2.8777,4.2282,3.1166,False,512,118,0.231969,,CO(2-1),-5030.1856,-6541.272,star,27.817,3.894,21.698,512,20260825,False,False,
HD 33793,HD  33793,6,A002_Xd20b17_X2e1a,3.9339,225.085939,226.914064,15625000.0000,1828125000.0,1421.28,,2.01502,10.08637,2.918230e+14,5.836460e+14,7.781946e+14,6.670240e+14,2.2857,2712.0000,3.598,3,0.2467,,coarse,B,1.7658,4.2617,3.1786,False,512,509,0.994152,,CO(2-1),-4827.0606,-6277.127,star,27.817,3.894,21.698,512,20260825,False,False,
HD 33793,HD  33793,6,A002_Xd29c1f_X445c,3.9339,225.085939,226.914064,15625000.0000,1828125000.0,2963.52,,1.24096,6.21225,1.797355e+14,3.594710e+14,4.792947e+14,4.108240e+14,2.2857,2712.0000,3.598,4,0.5144,,coarse,B,4.0127,4.1646,4.9835,False,512,3,0.007797,,CO(2-1),-4420.8106,-5748.838,star,27.817,3.894,21.698,512,20260825,False,False,
HD 33793,HD  33793,6,A002_Xd1f23d_X53b2,3.9339,225.085939,226.914064,15625000.0000,1828125000.0,2963.52,,1.32203,6.61740,1.914574e+14,3.829149e+14,5.105531e+14,4.376170e+14,2.2857,2712.0000,3.598,4,0.5144,,coarse,B,3.3856,4.5850,4.1199,False,512,37,0.074074,,13CO(2-1),4749.4394,6460.311,star,27.817,3.894,21.698,512,20260825,False,False,
HD 33793,HD  33793,6,A002_Xd12f5c_X5deb,3.9339,225.085939,226.914064,15625000.0000,1828125000.0,2963.52,,1.22836,6.14761,1.778653e+14,3.557306e+14,4.743075e+14,4.065492e+14,2.2857,2712.0000,3.598,4,0.5144,,coarse,B,3.0203,4.5472,3.1555,False,512,162,0.317739,,CO(2-1),-4670.8106,-6073.939,star,27.817,3.894,21.698,512,20260825,False,False,
HD 33793,HD  33793,6,A002_Xc9c531_X67e,3.9339,225.085939,226.914064,15625000.0000,1828125000.0,2963.52,,4.14647,20.74622,6.002383e+14,1.200477e+15,1.600635e+15,1.371973e+15,2.2857,2712.0000,3.598,4,0.5144,,coarse,B,2.9171,4.3802,3.6002,False,512,158,0.309942,,CO(2-1),-4670.8106,-6073.939,star,27.817,3.894,21.698,512,20260825,False,False,
HD 33793,HD  33793,6,A002_Xccb526_X733b,3.9339,225.085939,226.914064,15625000.0000,1828125000.0,846.72,,3.36382,16.81980,4.866374e+14,9.732747e+14,1.297700e+15,1.112314e+15,2.2857,2712.0000,3.598,2,0.147,,coarse,B,2.4909,4.1205,3.7543,False,512,270,0.528265,,CO(2-1),-4686.4356,-6094.258,star,27.817,3.894,21.698,512,20260825,False,False,
HD 33793,HD  33793,6,A002_Xc92fe3_X9313,3.9339,225.085939,226.914064,15625000.0000,1828125000.0,2963.52,,1.89376,9.47609,2.741662e+14,5.483324e+14,7.311099e+14,6.266656e+14,2.2857,2712.0000,3.598,4,0.5144,,coarse,B,3.3001,4.3957,3.3899,False,512,117,0.230019,,CO(2-1),-4467.6856,-5809.795,star,27.817,3.894,21.698,512,20260825,False,False,
HD 33793,HD  33793,6,A002_Xc92fe3_Xa1eb,3.9339,225.085939,226.914064,15625000.0000,1828125000.0,2963.52,,1.87568,9.38564,2.715491e+14,5.430982e+14,7.241310e+14,6.206837e+14,2.2857,2712.0000,3.598,4,0.5144,,coarse,B,2.9808,4.4886,4.3113,False,512,167,0.327485,,CO(2-1),-4498.9356,-5850.432,star,27.817,3.894,21.698,512,20260825,False,False,
HD 33793,HD  33793,6,A002_Xc94c38_Xa4bc,3.9339,225.085939,226.914064,15625000.0000,1828125000.0,2963.52,,1.53237,7.66763,2.218431e+14,4.436861e+14,5.915815e+14,5.070699e+14,2.2857,2712.0000,3.598,4,0.5144,,coarse,B,3.4983,4.8431,3.6255,False,512,44,0.087719,,CO(2-1),-3842.6856,-4997.042,star,27.817,3.894,21.698,512,20260825,False,False,
HD 33793,HD  33793,6,A002_Xc94c38_Xaae,3.9339,225.085939,226.914064,15625000.0000,1828125000.0,2963.52,,1.40349,7.02280,2.031864e+14,4.063729e+14,5.418305e+14,4.644261e+14,2.2857,2712.0000,3.598,4,0.5144,,coarse,B,2.6044,4.7029,3.6251,False,512,361,0.705653,,CO(2-1),-4389.5606,-5708.201,star,27.817,3.894,21.698,512,20260825,False,False,
HD 33793,HD  33793,6,A002_Xc94c38_Xad7a,3.9339,225.085939,226.914064,15625000.0000,1828125000.0,2963.52,,1.73697,8.69139,2.514630e+14,5.029259e+14,6.705679e+14,5.747725e+14,2.2857,2712.0000,3.598,4,0.5144,,coarse,B,3.9244,4.1889,4.1825,False,512,2,0.005848,,CO(2-1),-3702.0606,-4814.173,star,27.817,3.894,21.698,512,20260825,False,False,
HD 33793,HD  33793,6,A002_Xd28a9e_Xb92f,3.9339,225.085939,226.914064,15625000.0000,1828125000.0,2963.52,,1.32325,6.62420,1.916542e+14,3.833084e+14,5.110778e+14,4.380667e+14,2.2857,2712.0000,3.598,4,0.5144,,coarse,B,3.7191,4.5332,4.0195,False,512,21,0.042885,,CO(2-1),-4061.4356,-5281.506,star,27.817,3.894,21.698,512,20260825,False,False,
HD 33793,HD  33793,6,A002_Xd28a9e_Xbb59,3.9339,225.085939,226.914064,15625000.0000,1828125000.0,2963.52,,1.35075,6.76187,1.956371e+14,3.912743e+14,5.216990e+14,4.471706e+14,2.2857,2712.0000,3.598,4,0.5144,,coarse,B,2.4669,4.0199,3.3197,False,512,357,0.697856,,13CO(2-1),4827.5644,6566.579,star,27.817,3.894,21.698,512,20260825,False,False,
HD 33793,HD  33793,6,A002_Xd28a9e_Xbd84,3.9339,225.085939,226.914064,15625000.0000,1828125000.0,1874.88,,1.82038,9.11282,2.636558e+14,5.273115e+14,7.030820e+14,6.026417e+14,2.2857,2712.0000,3.598,3,0.3254,,coarse,B,2.6685,4.6084,2.9187,False,512,250,0.489279,,CO(2-1),-3920.8106,-5098.636,star,27.817,3.894,21.698,512,20260825,False,False,
HD 33793,HD  33793,6,A002_Xcc3ae3_Xcea0,3.9339,225.085939,226.914064,15625000.0000,1828125000.0,2963.52,,1.82165,9.10878,2.635391e+14,5.270782e+14,7.027710e+14,6.023751e+14,2.2857,2712.0000,3.598,4,0.5144,,coarse,B,2.5088,3.8647,3.9283,False,512,343,0.670565,,CO(2-1),-4842.6856,-6297.446,star,27.817,3.894,21.698,512,20260825,False,False,
HD 33793,HD  33793,6,A002_Xc99ad7_Xe20,3.9339,225.085939,226.914064,15625000.0000,1828125000.0,2963.52,,2.87407,14.38037,4.160587e+14,8.321174e+14,1.109490e+15,9.509914e+14,2.2857,2712.0000,3.598,4,0.5144,,coarse,B,3.8406,4.3948,3.9572,False,512,8,0.017544,,CO(2-1),-3889.5606,-5057.999,star,27.817,3.894,21.698,512,20260825,False,False,
HD 33793,HD  33793,6,A002_Xc9831a_Xe79,3.9339,225.085939,226.914064,15625000.0000,1828125000.0,2963.52,,1.67349,8.37347,2.422646e+14,4.845293e+14,6.460391e+14,5.537478e+14,2.2857,2712.0000,3.598,4,0.5144,,coarse,B,2.4620,4.4944,3.3528,False,512,418,0.816764,,13CO(2-1),4718.1894,6417.804,star,27.817,3.894,21.698,512,20260825,False,False,
HD 33793,HD  33793,6,A002_Xd1c06f_Xf04b,3.9339,225.085939,226.914064,15625000.0000,1828125000.0,2963.52,,1.86426,9.33132,2.699777e+14,5.399554e+14,7.199405e+14,6.170918e+14,2.2857,2712.0000,3.598,4,0.5144,,coarse,B,2.9655,4.5372,3.4540,False,512,153,0.300195,,CO(2-1),-4702.0606,-6114.577,star,27.817,3.894,21.698,512,20260825,False,False,
HD 33793,HD  33793,6,A002_Xd1c06f_Xf769,3.9339,225.085939,226.914064,15625000.0000,1828125000.0,2962.51,,1.75615,8.79020,2.543216e+14,5.086433e+14,6.781910e+14,5.813066e+14,2.2857,2712.0000,3.598,4,0.5142,,coarse,B,3.4201,4.8240,3.6695,False,512,42,0.083821,,CO(2-1),-4686.4356,-6094.258,star,27.817,3.894,21.698,512,20260825,False,False,
HD 33793,HD  33793,6,A002_Xcc3ae3_X12e7,3.9339,239.085936,240.914061,15625000.0000,1828125000.0,2963.52,,1.78207,8.91095,2.578154e+14,5.156308e+14,6.875077e+14,5.892923e+14,2.2857,2880.0000,3.598,4,0.5462,,coarse,B,2.4158,4.6271,3.8059,False,512,416,0.812865,,CS(5-4),-4756.3144,-5821.550,star,26.195,3.667,20.432,512,20260825,False,False,
HD 33793,HD  33793,6,A002_Xc96463_X164e,3.9339,239.085936,240.914061,15625000.0000,1828125000.0,2963.52,,2.30688,11.54410,3.339987e+14,6.679973e+14,8.906631e+14,7.634255e+14,2.2857,2880.0000,3.598,4,0.5462,,coarse,B,1.9325,4.1814,3.7623,False,512,504,0.984405,,CS(5-4),-4318.8144,-5286.067,star,26.195,3.667,20.432,512,20260825,False,False,
HD 33793,HD  33793,6,A002_Xc96463_X1d7a,3.9339,239.085936,240.914061,15625000.0000,1828125000.0,2963.52,,1.80908,9.05297,2.619242e+14,5.238484e+14,6.984645e+14,5.986838e+14,2.2857,2880.0000,3.598,4,0.5462,,coarse,B,3.4005,4.4229,4.7501,False,512,59,0.116959,,CS(5-4),-5787.5644,-7083.761,star,26.195,3.667,20.432,512,20260825,False,False,
HD 33793,HD  33793,6,A002_Xc92fe3_X255d,3.9339,239.085936,240.914061,15625000.0000,1828125000.0,2963.52,,2.10911,10.55482,3.053765e+14,6.107529e+14,8.143373e+14,6.980034e+14,2.2857,2880.0000,3.598,4,0.5462,,coarse,B,3.3551,4.8361,4.0410,False,512,94,0.185185,,CS(5-4),-5740.6894,-7026.388,star,26.195,3.667,20.432,512,20260825,False,False,
HD 33793,HD  33793,6,A002_Xc96463_X281c,3.9339,239.085936,240.914061,15625000.0000,1828125000.0,2963.52,,1.86239,9.31974,2.696425e+14,5.392849e+14,7.190465e+14,6.163256e+14,2.2857,2880.0000,3.598,4,0.5462,,coarse,B,2.8096,4.5747,3.7693,False,512,235,0.460039,,CS(5-4),-5490.6894,-6720.397,star,26.195,3.667,20.432,512,20260825,False,False,
HD 33793,HD  33793,6,A002_Xc99ad7_X2cc,3.9339,239.085936,240.914061,15625000.0000,1828125000.0,756.00,,6.30884,31.56904,9.133687e+14,1.826737e+15,2.435650e+15,2.087700e+15,2.2857,2880.0000,3.598,2,0.1393,,coarse,B,2.3888,4.4053,3.3631,False,512,364,0.711501,,CS(5-4),-5178.1894,-6337.909,star,26.195,3.667,20.432,512,20260825,False,False,
HD 33793,HD  33793,6,A002_Xd20b17_X2e1a,3.9339,239.085936,240.914061,15625000.0000,1828125000.0,1421.28,,2.23684,11.19835,3.239953e+14,6.479906e+14,8.639875e+14,7.405607e+14,2.2857,2880.0000,3.598,3,0.262,,coarse,B,2.5213,4.0704,3.0648,False,512,289,0.565302,,CS(5-4),-5662.5644,-6930.766,star,26.195,3.667,20.432,512,20260825,False,False,
HD 33793,HD  33793,6,A002_Xd29c1f_X445c,3.9339,239.085936,240.914061,15625000.0000,1828125000.0,2963.52,,1.35245,6.77143,1.959138e+14,3.918276e+14,5.224368e+14,4.478030e+14,2.2857,2880.0000,3.598,4,0.5462,,coarse,B,2.1131,4.4125,2.9418,False,512,490,0.957115,,CS(5-4),-4068.8144,-4980.076,star,26.195,3.667,20.432,512,20260825,False,False,
HD 33793,HD  33793,6,A002_Xd1f23d_X53b2,3.9339,239.085936,240.914061,15625000.0000,1828125000.0,2963.52,,1.46351,7.32661,2.119764e+14,4.239529e+14,5.652705e+14,4.845176e+14,2.2857,2880.0000,3.598,4,0.5462,,coarse,B,2.4147,4.2407,3.4163,False,512,432,0.844055,,CS(5-4),-5115.6894,-6261.412,star,26.195,3.667,20.432,512,20260825,False,False,
HD 33793,HD  33793,6,A002_Xd12f5c_X5deb,3.9339,239.085936,240.914061,15625000.0000,1828125000.0,2963.52,,1.33540,6.68414,1.933883e+14,3.867767e+14,5.157022e+14,4.420305e+14,2.2857,2880.0000,3.598,4,0.5462,,coarse,B,2.1297,4.3085,3.1230,False,512,497,0.970760,,CS(5-4),-5459.4394,-6682.149,star,26.195,3.667,20.432,512,20260825,False,False,
HD 33793,HD  33793,6,A002_Xc9c531_X67e,3.9339,239.085936,240.914061,15625000.0000,1828125000.0,2963.52,,4.57994,22.91696,6.630429e+14,1.326086e+15,1.768114e+15,1.515527e+15,2.2857,2880.0000,3.598,4,0.5462,,coarse,B,2.8490,4.3677,3.0355,False,512,245,0.479532,,CS(5-4),-5178.1894,-6337.909,star,26.195,3.667,20.432,512,20260825,False,False,
HD 33793,HD  33793,6,A002_Xccb526_X733b,3.9339,239.085936,240.914061,15625000.0000,1828125000.0,846.72,,3.68118,18.40677,5.325524e+14,1.065105e+15,1.420140e+15,1.217263e+15,2.2857,2880.0000,3.598,2,0.1561,,coarse,B,3.2399,4.3441,3.7476,False,512,51,0.101365,,CS(5-4),-4271.9394,-5228.693,star,26.195,3.667,20.432,512,20260825,False,False,
HD 33793,HD  33793,6,A002_Xc92fe3_X9313,3.9339,239.085936,240.914061,15625000.0000,1828125000.0,2963.52,,2.08588,10.43847,3.020103e+14,6.040206e+14,8.053608e+14,6.903092e+14,2.2857,2880.0000,3.598,4,0.5462,,coarse,B,3.0058,4.3342,3.3118,False,512,117,0.230019,,CS(5-4),-5506.3144,-6739.522,star,26.195,3.667,20.432,512,20260825,False,False,
HD 33793,HD  33793,6,A002_Xc92fe3_Xa1eb,3.9339,239.085936,240.914061,15625000.0000,1828125000.0,2963.52,,2.06567,10.33734,2.990841e+14,5.981681e+14,7.975575e+14,6.836207e+14,2.2857,2880.0000,3.598,4,0.5462,,coarse,B,4.0839,4.2993,4.7284,False,512,3,0.007797,,CS(5-4),-5475.0644,-6701.273,star,26.195,3.667,20.432,512,20260825,False,False,
HD 33793,HD  33793,6,A002_Xc94c38_Xa4bc,3.9339,239.085936,240.914061,15625000.0000,1828125000.0,2963.52,,1.67398,8.37702,2.423674e+14,4.847348e+14,6.463131e+14,5.539826e+14,2.2857,2880.0000,3.598,4,0.5462,,coarse,B,2.3660,4.5256,3.8090,False,512,432,0.844055,,CS(5-4),-4037.5644,-4941.827,star,26.195,3.667,20.432,512,20260825,False,False,
HD 33793,HD  33793,6,A002_Xc94c38_Xaae,3.9339,239.085936,240.914061,15625000.0000,1828125000.0,2963.52,,1.54070,7.71011,2.230721e+14,4.461441e+14,5.948588e+14,5.098790e+14,2.2857,2880.0000,3.598,4,0.5462,,coarse,B,2.9722,4.5014,3.1891,False,512,195,0.382066,,CS(5-4),-4443.8144,-5439.062,star,26.195,3.667,20.432,512,20260825,False,False,
HD 33793,HD  33793,6,A002_Xc94c38_Xad7a,3.9339,239.085936,240.914061,15625000.0000,1828125000.0,2963.52,,1.90176,9.51685,2.753455e+14,5.506911e+14,7.342548e+14,6.293612e+14,2.2857,2880.0000,3.598,4,0.5462,,coarse,B,2.4993,4.4353,3.0913,False,512,372,0.727096,,CS(5-4),-5709.4394,-6988.139,star,26.195,3.667,20.432,512,20260825,False,False,
HD 33793,HD  33793,6,A002_Xd28a9e_Xb92f,3.9339,239.085936,240.914061,15625000.0000,1828125000.0,2963.52,,1.44329,7.22619,2.090711e+14,4.181423e+14,5.575230e+14,4.778769e+14,2.2857,2880.0000,3.598,4,0.5462,,coarse,B,3.5784,4.5953,4.4064,False,512,29,0.058480,,CS(5-4),-4725.0644,-5783.301,star,26.195,3.667,20.432,512,20260825,False,False,
HD 33793,HD  33793,6,A002_Xd28a9e_Xbb59,3.9339,239.085936,240.914061,15625000.0000,1828125000.0,2963.52,,1.47314,7.37564,2.133952e+14,4.267904e+14,5.690538e+14,4.877604e+14,2.2857,2880.0000,3.598,4,0.5462,,coarse,B,3.1629,5.2100,3.3277,False,512,99,0.194932,,CS(5-4),-4756.3144,-5821.550,star,26.195,3.667,20.432,512,20260825,False,False,
HD 33793,HD  33793,6,A002_Xd28a9e_Xbd84,3.9339,239.085936,240.914061,15625000.0000,1828125000.0,1874.88,,1.97327,9.87969,2.858434e+14,5.716869e+14,7.622491e+14,6.533564e+14,2.2857,2880.0000,3.598,3,0.3456,,coarse,B,1.8279,4.5333,2.5532,False,512,505,0.986355,,CS(5-4),-4803.1894,-5878.923,star,26.195,3.667,20.432,512,20260825,False,False,
HD 33793,HD  33793,6,A002_Xcc3ae3_Xcea0,3.9339,239.085936,240.914061,15625000.0000,1828125000.0,2963.52,,2.03095,10.15542,2.938209e+14,5.876419e+14,7.835225e+14,6.715907e+14,2.2857,2880.0000,3.598,4,0.5462,,coarse,B,2.0825,4.3138,2.8632,False,512,500,0.976608,,CS(5-4),-5600.0644,-6854.268,star,26.195,3.667,20.432,512,20260825,False,False,
HD 33793,HD  33793,6,A002_Xc99ad7_Xe20,3.9339,239.085936,240.914061,15625000.0000,1828125000.0,2963.52,,3.14966,15.76065,4.559938e+14,9.119876e+14,1.215983e+15,1.042272e+15,2.2857,2880.0000,3.598,4,0.5462,,coarse,B,2.7681,4.8824,3.1316,False,512,257,0.502924,,CS(5-4),-5084.4394,-6223.163,star,26.195,3.667,20.432,512,20260825,False,False,
HD 33793,HD  33793,6,A002_Xc9831a_Xe79,3.9339,239.085936,240.914061,15625000.0000,1828125000.0,2963.52,,1.84306,9.22276,2.668368e+14,5.336737e+14,7.115649e+14,6.099128e+14,2.2857,2880.0000,3.598,4,0.5462,,coarse,B,3.5087,5.2586,3.9076,False,512,38,0.076023,,CS(5-4),-4975.0644,-6089.292,star,26.195,3.667,20.432,512,20260825,False,False,
HD 33793,HD  33793,6,A002_Xd1c06f_Xf04b,3.9339,239.085936,240.914061,15625000.0000,1828125000.0,2963.52,,2.03806,10.20262,2.951866e+14,5.903731e+14,7.871642e+14,6.747122e+14,2.2857,2880.0000,3.598,4,0.5462,,coarse,B,2.6619,4.0671,3.9738,False,512,299,0.584795,,CS(5-4),-5131.3144,-6280.536,star,26.195,3.667,20.432,512,20260825,False,False,
HD 33793,HD  33793,6,A002_Xd1c06f_Xf769,3.9339,239.085936,240.914061,15625000.0000,1828125000.0,2963.52,,1.92662,9.64475,2.790460e+14,5.580920e+14,7.441226e+14,6.378194e+14,2.2857,2880.0000,3.598,4,0.5462,,coarse,B,3.6424,4.9626,3.7080,False,512,25,0.050682,,CS(5-4),-4803.1894,-5878.923,star,26.195,3.667,20.432,512,20260825,False,False,
HD 33793,HD  33793,6,A002_Xcc3ae3_X12e7,3.9339,241.085936,242.914061,15625000.0000,1828125000.0,2963.52,,1.87998,9.40057,2.719811e+14,5.439622e+14,7.252829e+14,6.216710e+14,2.2857,2904.0000,3.598,4,0.5508,,coarse,B,2.5699,4.2205,3.1738,False,512,343,0.670565,,CS(5-4),-2412.5644,-2952.888,star,25.978,3.637,20.263,512,20260825,False,False,
HD 33793,HD  33793,6,A002_Xc96463_X164e,3.9339,241.085936,242.914061,15625000.0000,1828125000.0,2963.52,,2.42690,12.14488,3.513807e+14,7.027614e+14,9.370152e+14,8.031559e+14,2.2857,2904.0000,3.598,4,0.5508,,coarse,B,3.3098,4.0821,3.8992,False,512,48,0.095517,,CS(5-4),-2240.6894,-2742.520,star,25.978,3.637,20.263,512,20260825,False,False,
HD 33793,HD  33793,6,A002_Xc96463_X1d7a,3.9339,241.085936,242.914061,15625000.0000,1828125000.0,2963.52,,1.91141,9.56522,2.767449e+14,5.534897e+14,7.379863e+14,6.325597e+14,2.2857,2904.0000,3.598,4,0.5508,,coarse,B,2.7257,4.2107,3.3586,False,512,252,0.493177,,CS(5-4),-2662.5644,-3258.879,star,25.978,3.637,20.263,512,20260825,False,False,
HD 33793,HD  33793,6,A002_Xc92fe3_X255d,3.9339,241.085936,242.914061,15625000.0000,1828125000.0,2963.52,,2.22914,11.15569,3.227611e+14,6.455222e+14,8.606963e+14,7.377397e+14,2.2857,2904.0000,3.598,4,0.5508,,coarse,B,2.8779,4.4945,3.3458,False,512,231,0.452242,,CS(5-4),-3381.3144,-4138.602,star,25.978,3.637,20.263,512,20260825,False,False,
HD 33793,HD  33793,6,A002_Xc96463_X281c,3.9339,241.085936,242.914061,15625000.0000,1828125000.0,2963.52,,1.96543,9.83555,2.845662e+14,5.691323e+14,7.588431e+14,6.504369e+14,2.2857,2904.0000,3.598,4,0.5508,,coarse,B,2.6384,4.4885,3.2914,False,512,322,0.629630,,CS(5-4),-3209.4394,-3928.233,star,25.978,3.637,20.263,512,20260825,False,False,
HD 33793,HD  33793,6,A002_Xc99ad7_X2cc,3.9339,241.085936,242.914061,15625000.0000,1828125000.0,756.00,,6.67081,33.38072,9.657849e+14,1.931570e+15,2.575426e+15,2.207508e+15,2.2857,2904.0000,3.598,2,0.1405,,coarse,B,2.9365,4.1382,3.4121,False,512,79,0.155945,,CS(5-4),-2693.8144,-3297.128,star,25.978,3.637,20.263,512,20260825,False,False,
HD 33793,HD  33793,6,A002_Xd20b17_X2e1a,3.9339,241.085936,242.914061,15625000.0000,1828125000.0,1421.28,,2.36583,11.84436,3.426860e+14,6.853720e+14,9.138294e+14,7.832823e+14,2.2857,2904.0000,3.598,3,0.2642,,coarse,B,3.0685,4.7668,3.7721,False,512,130,0.255361,,CS(5-4),-3584.4394,-4387.219,star,25.978,3.637,20.263,512,20260825,False,False,
HD 33793,HD  33793,6,A002_Xd29c1f_X445c,3.9339,241.085936,242.914061,15625000.0000,1828125000.0,2963.52,,1.43701,7.19497,2.081677e+14,4.163355e+14,5.551140e+14,4.758120e+14,2.2857,2904.0000,3.598,4,0.5508,,coarse,B,3.2387,4.7964,3.9008,False,512,102,0.200780,,CS(5-4),-2553.1894,-3125.008,star,25.978,3.637,20.263,512,20260825,False,False,
HD 33793,HD  33793,6,A002_Xd1f23d_X53b2,3.9339,241.085936,242.914061,15625000.0000,1828125000.0,2963.52,,1.55444,7.78201,2.251523e+14,4.503046e+14,6.004061e+14,5.146338e+14,2.2857,2904.0000,3.598,4,0.5508,,coarse,B,2.8934,4.6011,4.8501,False,512,191,0.374269,,CS(5-4),-2928.1894,-3583.994,star,25.978,3.637,20.263,512,20260825,False,False,
HD 33793,HD  33793,6,A002_Xd12f5c_X5deb,3.9339,241.085936,242.914061,15625000.0000,1828125000.0,2963.52,,1.42317,7.12359,2.061026e+14,4.122052e+14,5.496070e+14,4.710917e+14,2.2857,2904.0000,3.598,4,0.5508,,coarse,B,3.3515,4.4738,4.6532,False,512,52,0.103314,,CS(5-4),-3396.9394,-4157.726,star,25.978,3.637,20.263,512,20260825,False,False,
HD 33793,HD  33793,6,A002_Xc9c531_X67e,3.9339,241.085936,242.914061,15625000.0000,1828125000.0,2963.52,,4.84518,24.24448,7.014514e+14,1.402903e+15,1.870537e+15,1.603318e+15,2.2857,2904.0000,3.598,4,0.5508,,coarse,B,2.2977,4.2494,4.3335,False,512,466,0.910331,,CS(5-4),-2240.6894,-2742.520,star,25.978,3.637,20.263,512,20260825,False,False,
HD 33793,HD  33793,6,A002_Xccb526_X733b,3.9339,241.085936,242.914061,15625000.0000,1828125000.0,846.72,,3.87350,19.36845,5.603761e+14,1.120752e+15,1.494336e+15,1.280860e+15,2.2857,2904.0000,3.598,2,0.1574,,coarse,B,2.5762,4.2579,3.3847,False,512,207,0.405458,,CS(5-4),-3850.0644,-4712.334,star,25.978,3.637,20.263,512,20260825,False,False,
HD 33793,HD  33793,6,A002_Xc92fe3_X9313,3.9339,241.085936,242.914061,15625000.0000,1828125000.0,2963.52,,2.20169,11.01818,3.187826e+14,6.375652e+14,8.500869e+14,7.286459e+14,2.2857,2904.0000,3.598,4,0.5508,,coarse,B,2.9674,4.3355,3.4979,False,512,145,0.284600,,CS(5-4),-2225.0644,-2723.395,star,25.978,3.637,20.263,512,20260825,False,False,
HD 33793,HD  33793,6,A002_Xc92fe3_Xa1eb,3.9339,241.085936,242.914061,15625000.0000,1828125000.0,2963.52,,2.17589,10.88904,3.150463e+14,6.300926e+14,8.401235e+14,7.201059e+14,2.2857,2904.0000,3.598,4,0.5508,,coarse,B,3.2172,4.6835,3.4746,False,512,67,0.132554,,CS(5-4),-3365.6894,-4119.477,star,25.978,3.637,20.263,512,20260825,False,False,
HD 33793,HD  33793,6,A002_Xc94c38_Xa4bc,3.9339,241.085936,242.914061,15625000.0000,1828125000.0,2963.52,,1.77079,8.86162,2.563881e+14,5.127762e+14,6.837017e+14,5.860300e+14,2.2857,2904.0000,3.598,4,0.5508,,coarse,B,2.6608,5.0965,3.2950,False,512,283,0.553606,,CS(5-4),-3553.1894,-4348.970,star,25.978,3.637,20.263,512,20260825,False,False,
HD 33793,HD  33793,6,A002_Xc94c38_Xaae,3.9339,241.085936,242.914061,15625000.0000,1828125000.0,2963.52,,1.62861,8.15017,2.358040e+14,4.716080e+14,6.288106e+14,5.389805e+14,2.2857,2904.0000,3.598,4,0.5508,,coarse,B,2.6766,4.7933,3.1015,False,512,331,0.647173,,CS(5-4),-3225.0644,-3947.358,star,25.978,3.637,20.263,512,20260825,False,False,
HD 33793,HD  33793,6,A002_Xc94c38_Xad7a,3.9339,241.085936,242.914061,15625000.0000,1828125000.0,2963.52,,2.01635,10.09044,2.919409e+14,5.838819e+14,7.785092e+14,6.672936e+14,2.2857,2904.0000,3.598,4,0.5508,,coarse,B,3.4412,4.9135,3.8590,False,512,30,0.060429,,CS(5-4),-2553.1894,-3125.008,star,25.978,3.637,20.263,512,20260825,False,False,
HD 33793,HD  33793,6,A002_Xd28a9e_Xb92f,3.9339,241.085936,242.914061,15625000.0000,1828125000.0,2963.52,,1.53506,7.68587,2.223708e+14,4.447416e+14,5.929888e+14,5.082761e+14,2.2857,2904.0000,3.598,4,0.5508,,coarse,B,2.8318,4.3261,4.3430,False,512,227,0.444444,,CS(5-4),-2240.6894,-2742.520,star,25.978,3.637,20.263,512,20260825,False,False,
HD 33793,HD  33793,6,A002_Xd28a9e_Xbb59,3.9339,241.085936,242.914061,15625000.0000,1828125000.0,2963.52,,1.56454,7.83348,2.266414e+14,4.532827e+14,6.043770e+14,5.180374e+14,2.2857,2904.0000,3.598,4,0.5508,,coarse,B,2.2800,4.3695,2.8087,False,512,435,0.849903,,CS(5-4),-3303.1894,-4042.980,star,25.978,3.637,20.263,512,20260825,False,False,
HD 33793,HD  33793,6,A002_Xd28a9e_Xbd84,3.9339,241.085936,242.914061,15625000.0000,1828125000.0,1874.88,,2.10952,10.56212,3.055877e+14,6.111755e+14,8.149006e+14,6.984862e+14,2.2857,2904.0000,3.598,3,0.3485,,coarse,B,2.5675,4.5037,3.4332,False,512,294,0.575049,,CS(5-4),-3537.5644,-4329.846,star,25.978,3.637,20.263,512,20260825,False,False,
HD 33793,HD  33793,6,A002_Xcc3ae3_Xcea0,3.9339,241.085936,242.914061,15625000.0000,1828125000.0,2963.52,,2.14141,10.70779,3.098023e+14,6.196047e+14,8.261396e+14,7.081196e+14,2.2857,2904.0000,3.598,4,0.5508,,coarse,B,2.8852,4.8948,3.9908,False,512,206,0.403509,,CS(5-4),-2740.6894,-3354.501,star,25.978,3.637,20.263,512,20260825,False,False,
HD 33793,HD  33793,6,A002_Xc99ad7_Xe20,3.9339,241.085936,242.914061,15625000.0000,1828125000.0,2963.52,,3.32417,16.63410,4.812647e+14,9.625294e+14,1.283373e+15,1.100034e+15,2.2857,2904.0000,3.598,4,0.5508,,coarse,B,2.3465,4.7521,3.1468,False,512,444,0.867446,,CS(5-4),-2365.6894,-2895.515,star,25.978,3.637,20.263,512,20260825,False,False,
HD 33793,HD  33793,6,A002_Xc9831a_Xe79,3.9339,241.085936,242.914061,15625000.0000,1828125000.0,2963.52,,1.94072,9.71155,2.809787e+14,5.619574e+14,7.492765e+14,6.422370e+14,2.2857,2904.0000,3.598,4,0.5508,,coarse,B,3.3903,4.3085,4.1045,False,512,22,0.044834,,CS(5-4),-2068.8144,-2532.151,star,25.978,3.637,20.263,512,20260825,False,False,
HD 33793,HD  33793,6,A002_Xd1c06f_Xf04b,3.9339,241.085936,242.914061,15625000.0000,1828125000.0,2963.52,,2.15511,10.78879,3.121458e+14,6.242916e+14,8.323888e+14,7.134761e+14,2.2857,2904.0000,3.598,4,0.5508,,coarse,B,2.0739,4.5702,3.3383,False,512,507,0.990253,,CS(5-4),-2193.8144,-2685.146,star,25.978,3.637,20.263,512,20260825,False,False,
HD 33793,HD  33793,6,A002_Xd1c06f_Xf769,3.9339,241.085936,242.914061,15625000.0000,1828125000.0,2963.52,,2.03453,10.18515,2.946809e+14,5.893618e+14,7.858158e+14,6.735564e+14,2.2857,2904.0000,3.598,4,0.5508,,coarse,B,3.1815,4.4846,3.8563,False,512,89,0.175439,,CS(5-4),-3678.1894,-4501.966,star,25.978,3.637,20.263,512,20260825,False,False,
Wolf 28,Wolf   28,6,A002_X9f2ff8_X25b0,4.3144,223.132812,224.867188,15625000.0000,1734375000.0,2903.04,1440,0.38344,1.91718,6.671769e+13,1.334354e+14,1.779138e+14,1.524976e+14,2.2857,2688.0000,3.598,4,0.4994,1.0000,coarse,B,2.5897,4.5245,4.2357,False,512,311,0.608187,224.179688,,,,star,28.066,3.929,21.891,512,20260825,False,False,
GJ 674,GJ 674,6,A002_X107fa96_Xce38,4.5509,223.085939,224.914064,15625000.0000,1828125000.0,2998.80,2975,1.41747,7.08759,2.744214e+14,5.488428e+14,7.317905e+14,6.272490e+14,2.2857,2688.0000,3.598,4,0.5159,1.0000,coarse,B,2.9103,4.3969,3.9202,False,512,195,0.382066,223.835939,13CO(2-1),3436.9394,4675.014,star,28.066,3.929,21.891,512,20260825,False,False,
GJ 674,GJ 674,6,A002_X1093ae8_X14a7,4.5509,223.085939,224.914064,15625000.0000,1828125000.0,2998.80,,1.31093,6.55483,2.537938e+14,5.075875e+14,6.767834e+14,5.801000e+14,2.2857,2688.0000,3.598,4,0.5159,,coarse,B,2.8371,4.9431,3.2575,False,512,209,0.409357,,13CO(2-1),3390.0644,4611.254,star,28.066,3.929,21.891,512,20260825,False,False,
GJ 674,GJ 674,6,A002_X1097a87_X1ba1,4.5509,223.085939,224.914064,15625000.0000,1828125000.0,2998.80,,1.42855,7.14300,2.765666e+14,5.531333e+14,7.375111e+14,6.321523e+14,2.2857,2688.0000,3.598,4,0.5159,,coarse,B,2.6745,4.1405,3.3775,False,512,306,0.598441,,13CO(2-1),3655.6894,4972.564,star,28.066,3.929,21.891,512,20260825,False,False,
GJ 674,GJ 674,6,A002_X1093ae8_X1c39,4.5509,223.085939,224.914064,15625000.0000,1828125000.0,2998.80,,1.39321,6.96629,2.697247e+14,5.394493e+14,7.192658e+14,6.165135e+14,2.2857,2688.0000,3.598,4,0.5159,,coarse,B,2.6940,4.8327,3.2009,False,512,345,0.674464,,13CO(2-1),3468.1894,4717.522,star,28.066,3.929,21.891,512,20260825,False,False,
GJ 674,GJ 674,6,A002_X108c378_X1ced,4.5509,223.085939,224.914064,15625000.0000,1828125000.0,2998.80,,1.30190,6.50969,2.520460e+14,5.040921e+14,6.721228e+14,5.761052e+14,2.2857,2688.0000,3.598,4,0.5159,,coarse,B,3.3763,4.1002,4.0620,False,512,40,0.079922,,13CO(2-1),3155.6894,4292.451,star,28.066,3.929,21.891,512,20260825,False,False,
GJ 674,GJ 674,6,A002_X1097a87_X1e64,4.5509,223.085939,224.914064,15625000.0000,1828125000.0,2998.80,,1.43105,7.15551,2.770510e+14,5.541020e+14,7.388027e+14,6.332595e+14,2.2857,2688.0000,3.598,4,0.5159,,coarse,B,3.0337,4.2621,3.7031,False,512,181,0.354776,,13CO(2-1),3671.3144,4993.817,star,28.066,3.929,21.891,512,20260825,False,False,
GJ 674,GJ 674,6,A002_X108c378_X21d6,4.5509,223.085939,224.914064,15625000.0000,1828125000.0,2998.80,,1.26089,6.30462,2.441059e+14,4.882119e+14,6.509491e+14,5.579564e+14,2.2857,2688.0000,3.598,4,0.5159,,coarse,B,2.7209,4.5264,3.3697,False,512,215,0.421053,,13CO(2-1),3093.1894,4207.437,star,28.066,3.929,21.891,512,20260825,False,False,
GJ 674,GJ 674,6,A002_X1093ae8_X2228,4.5509,223.085939,224.914064,15625000.0000,1828125000.0,2998.80,,1.35897,6.79504,2.630943e+14,5.261886e+14,7.015848e+14,6.013584e+14,2.2857,2688.0000,3.598,4,0.5159,,coarse,B,2.6967,4.4180,3.2456,False,512,281,0.549708,,13CO(2-1),4124.4394,5610.170,star,28.066,3.929,21.891,512,20260825,False,False,
GJ 674,GJ 674,6,A002_X1097a87_X22ab,4.5509,223.085939,224.914064,15625000.0000,1828125000.0,2998.80,,1.69677,8.48413,3.284934e+14,6.569868e+14,8.759824e+14,7.508421e+14,2.2857,2688.0000,3.598,4,0.5159,,coarse,B,3.5238,4.5883,3.5696,False,512,34,0.068226,,13CO(2-1),3874.4394,5270.113,star,28.066,3.929,21.891,512,20260825,False,False,
GJ 674,GJ 674,6,A002_X108c378_X26b3,4.5509,223.085939,224.914064,15625000.0000,1828125000.0,2998.80,,1.26660,6.33317,2.452115e+14,4.904229e+14,6.538972e+14,5.604833e+14,2.2857,2688.0000,3.598,4,0.5159,,coarse,B,2.8563,4.5202,4.0361,False,512,246,0.481481,,13CO(2-1),3515.0644,4781.282,star,28.066,3.929,21.891,512,20260825,False,False,
GJ 674,GJ 674,6,A002_X1093ae8_X28ac,4.5509,223.085939,224.914064,15625000.0000,1828125000.0,2998.80,,1.52880,7.64422,2.959734e+14,5.919469e+14,7.892625e+14,6.765107e+14,2.2857,2688.0000,3.598,4,0.5159,,coarse,B,2.8699,4.2999,3.2534,False,512,225,0.440546,,13CO(2-1),3905.6894,5312.620,star,28.066,3.929,21.891,512,20260825,False,False,
GJ 674,GJ 674,6,A002_X108c378_X2a0f,4.5509,223.085939,224.914064,15625000.0000,1828125000.0,2998.80,,1.30659,6.53312,2.529529e+14,5.059058e+14,6.745411e+14,5.781781e+14,2.2857,2688.0000,3.598,4,0.5159,,coarse,B,2.5079,4.5268,3.4267,False,512,383,0.748538,,13CO(2-1),3952.5644,5376.381,star,28.066,3.929,21.891,512,20260825,False,False,
GJ 674,GJ 674,6,A002_X108c378_X331a,4.5509,223.085939,224.914064,15625000.0000,1828125000.0,2998.80,,1.52794,7.63991,2.958065e+14,5.916130e+14,7.888173e+14,6.761291e+14,2.2857,2688.0000,3.598,4,0.5159,,coarse,B,2.5370,4.1883,3.2848,False,512,364,0.711501,,13CO(2-1),4343.1894,5907.719,star,28.066,3.929,21.891,512,20260825,False,False,
GJ 674,GJ 674,6,A002_X10854a6_X33f5,4.5509,223.085939,224.914064,15625000.0000,1828125000.0,2998.80,,1.45443,7.27237,2.815757e+14,5.631514e+14,7.508685e+14,6.436016e+14,2.2857,2688.0000,3.598,4,0.5159,,coarse,B,3.4356,4.4042,4.0765,False,512,52,0.103314,,13CO(2-1),2811.9394,3824.873,star,28.066,3.929,21.891,512,20260825,False,False,
GJ 674,GJ 674,6,A002_X108c378_X3ab4,4.5509,223.085939,224.914064,15625000.0000,1828125000.0,2318.40,,2.29247,11.46269,4.438191e+14,8.876383e+14,1.183518e+15,1.014444e+15,2.2857,2688.0000,3.598,3,0.3988,,coarse,B,2.4187,4.3737,2.7791,False,512,372,0.727096,,13CO(2-1),2843.1894,3867.380,star,28.066,3.929,21.891,512,20260825,False,False,
GJ 674,GJ 674,6,A002_X10854a6_X3ac1,4.5509,223.085939,224.914064,15625000.0000,1828125000.0,2998.80,,1.47664,7.38343,2.858757e+14,5.717515e+14,7.623353e+14,6.534303e+14,2.2857,2688.0000,3.598,4,0.5159,,coarse,B,3.4384,4.1017,3.9465,False,512,33,0.066277,,13CO(2-1),4093.1894,5567.663,star,28.066,3.929,21.891,512,20260825,False,False,
GJ 674,GJ 674,6,A002_X1096e27_X4a35,4.5509,223.085939,224.914064,15625000.0000,1828125000.0,2998.80,,1.30989,6.54967,2.535937e+14,5.071875e+14,6.762500e+14,5.796429e+14,2.2857,2688.0000,3.598,4,0.5159,,coarse,B,2.7898,4.1275,3.1860,False,512,238,0.465887,,13CO(2-1),2765.0644,3761.113,star,28.066,3.929,21.891,512,20260825,False,False,
GJ 674,GJ 674,6,A002_X1088045_X4ebc,4.5509,223.085939,224.914064,15625000.0000,1828125000.0,2998.80,,1.62655,8.13296,3.148968e+14,6.297936e+14,8.397248e+14,7.197641e+14,2.2857,2688.0000,3.598,4,0.5159,,coarse,B,3.1239,4.3539,3.7986,False,512,131,0.257310,,13CO(2-1),3280.6894,4462.479,star,28.066,3.929,21.891,512,20260825,False,False,
GJ 674,GJ 674,6,A002_X1088045_X51df,4.5509,223.085939,224.914064,15625000.0000,1828125000.0,2998.80,,1.57885,7.89449,3.056633e+14,6.113266e+14,8.151022e+14,6.986590e+14,2.2857,2688.0000,3.598,4,0.5159,,coarse,B,2.9572,4.5381,3.3614,False,512,187,0.366472,,13CO(2-1),3077.5644,4186.183,star,28.066,3.929,21.891,512,20260825,False,False,
GJ 674,GJ 674,6,A002_X1088045_X5c31,4.5509,223.085939,224.914064,15625000.0000,1828125000.0,2998.80,,1.80299,9.01520,3.490557e+14,6.981114e+14,9.308152e+14,7.978416e+14,2.2857,2688.0000,3.598,4,0.5159,,coarse,B,2.7396,3.8680,2.9515,False,512,263,0.514620,,13CO(2-1),3733.8144,5078.832,star,28.066,3.929,21.891,512,20260825,False,False,
GJ 674,GJ 674,6,A002_X1097a87_X75ae,4.5509,223.085939,224.914064,15625000.0000,1828125000.0,2998.80,,1.33854,6.69293,2.591408e+14,5.182816e+14,6.910421e+14,5.923218e+14,2.2857,2688.0000,3.598,4,0.5159,,coarse,B,2.8609,4.5034,3.6758,False,512,183,0.358674,,13CO(2-1),3843.1894,5227.606,star,28.066,3.929,21.891,512,20260825,False,False,
GJ 674,GJ 674,6,A002_X1097a87_X795f,4.5509,223.085939,224.914064,15625000.0000,1828125000.0,2998.80,,1.44756,7.23804,2.802465e+14,5.604931e+14,7.473241e+14,6.405635e+14,2.2857,2688.0000,3.598,4,0.5159,,coarse,B,2.7888,4.3427,3.5268,False,512,269,0.526316,,13CO(2-1),2749.4394,3739.859,star,28.066,3.929,21.891,512,20260825,False,False,
GJ 674,GJ 674,6,A002_X1086384_Xdeeb,4.5509,223.085939,224.914064,15625000.0000,1828125000.0,2998.80,,1.32777,6.63905,2.570544e+14,5.141089e+14,6.854785e+14,5.875530e+14,2.2857,2688.0000,3.598,4,0.5159,,coarse,B,2.3067,4.5252,3.0769,False,512,443,0.865497,,13CO(2-1),4374.4394,5950.226,star,28.066,3.929,21.891,512,20260825,False,False,
GJ 674,GJ 674,6,A002_X1093ae8_Xe18,4.5509,223.085939,224.914064,15625000.0000,1828125000.0,2797.20,,1.40212,7.01079,2.714478e+14,5.428956e+14,7.238609e+14,6.204522e+14,2.2857,2688.0000,3.598,4,0.4812,,coarse,B,2.4617,4.8420,3.8913,False,512,412,0.805068,,13CO(2-1),3827.5644,5206.353,star,28.066,3.929,21.891,512,20260825,False,False,
GJ 674,GJ 674,6,A002_X107fa96_Xce38,4.5509,225.085939,226.914064,15625000.0000,1828125000.0,2998.80,2975,1.31314,6.56596,2.542246e+14,5.084492e+14,6.779323e+14,5.810848e+14,2.2857,2712.0000,3.598,4,0.5205,1.0000,coarse,B,3.8464,4.2542,4.0149,False,512,10,0.021442,226.507814,CO(2-1),-4030.1856,-5240.868,star,27.817,3.894,21.698,512,20260825,False,False,
GJ 674,GJ 674,6,A002_X1093ae8_X14a7,4.5509,225.085939,226.914064,15625000.0000,1828125000.0,2998.80,,1.22735,6.13696,2.376145e+14,4.752289e+14,6.336385e+14,5.431187e+14,2.2857,2712.0000,3.598,4,0.5205,,coarse,B,3.5640,4.8692,3.6787,False,512,48,0.095517,,CO(2-1),-3623.9356,-4712.579,star,27.817,3.894,21.698,512,20260825,False,False,
GJ 674,GJ 674,6,A002_X1097a87_X1ba1,4.5509,225.085939,226.914064,15625000.0000,1828125000.0,2998.80,,1.32263,6.61339,2.560611e+14,5.121221e+14,6.828295e+14,5.852824e+14,2.2857,2712.0000,3.598,4,0.5205,,coarse,B,2.9558,4.6627,3.8284,False,512,191,0.374269,,CO(2-1),-3983.3106,-5179.912,star,27.817,3.894,21.698,512,20260825,False,False,
GJ 674,GJ 674,6,A002_X1093ae8_X1c39,4.5509,225.085939,226.914064,15625000.0000,1828125000.0,2998.80,,1.30309,6.51566,2.522773e+14,5.045545e+14,6.727393e+14,5.766337e+14,2.2857,2712.0000,3.598,4,0.5205,,coarse,B,2.7381,4.4023,3.2143,False,512,245,0.479532,,CO(2-1),-4623.9356,-6012.983,star,27.817,3.894,21.698,512,20260825,False,False,
GJ 674,GJ 674,6,A002_X108c378_X1ced,4.5509,225.085939,226.914064,15625000.0000,1828125000.0,2998.80,,1.21712,6.08578,2.356328e+14,4.712656e+14,6.283542e+14,5.385893e+14,2.2857,2712.0000,3.598,4,0.5205,,coarse,B,2.4592,4.6810,3.1764,False,512,430,0.840156,,CO(2-1),-4952.0606,-6439.678,star,27.817,3.894,21.698,512,20260825,False,False,
GJ 674,GJ 674,6,A002_X1097a87_X1e64,4.5509,225.085939,226.914064,15625000.0000,1828125000.0,2998.80,,1.33534,6.67695,2.585220e+14,5.170440e+14,6.893920e+14,5.909074e+14,2.2857,2712.0000,3.598,4,0.5205,,coarse,B,2.1058,4.0762,3.0674,False,512,500,0.976608,,CO(2-1),-4389.5606,-5708.201,star,27.817,3.894,21.698,512,20260825,False,False,
GJ 674,GJ 674,6,A002_X108c378_X21d6,4.5509,225.085939,226.914064,15625000.0000,1828125000.0,2998.80,,1.16784,5.83938,2.260924e+14,4.521848e+14,6.029130e+14,5.167826e+14,2.2857,2712.0000,3.598,4,0.5205,,coarse,B,2.9062,4.1278,4.0977,False,512,186,0.364522,,CO(2-1),-4702.0606,-6114.577,star,27.817,3.894,21.698,512,20260825,False,False,
GJ 674,GJ 674,6,A002_X1093ae8_X2228,4.5509,225.085939,226.914064,15625000.0000,1828125000.0,2998.80,,1.26888,6.34462,2.456546e+14,4.913092e+14,6.550789e+14,5.614962e+14,2.2857,2712.0000,3.598,4,0.5205,,coarse,B,2.4680,4.6752,2.9740,False,512,420,0.820663,,CO(2-1),-3764.5606,-4895.448,star,27.817,3.894,21.698,512,20260825,False,False,
GJ 674,GJ 674,6,A002_X1097a87_X22ab,4.5509,225.085939,226.914064,15625000.0000,1828125000.0,2998.80,,1.58894,7.94501,3.076193e+14,6.152386e+14,8.203182e+14,7.031299e+14,2.2857,2712.0000,3.598,4,0.5205,,coarse,B,2.4630,5.0874,3.0514,False,512,387,0.756335,,CO(2-1),-4686.4356,-6094.258,star,27.817,3.894,21.698,512,20260825,False,False,
GJ 674,GJ 674,6,A002_X108c378_X26b3,4.5509,225.085939,226.914064,15625000.0000,1828125000.0,2998.80,,1.17589,5.87962,2.276506e+14,4.553012e+14,6.070683e+14,5.203442e+14,2.2857,2712.0000,3.598,4,0.5205,,coarse,B,3.5152,4.6067,4.2331,False,512,56,0.111111,,13CO(2-1),4905.6894,6672.846,star,27.817,3.894,21.698,512,20260825,False,False,
GJ 674,GJ 674,6,A002_X1093ae8_X28ac,4.5509,225.085939,226.914064,15625000.0000,1828125000.0,2998.80,,1.42973,7.14889,2.767949e+14,5.535898e+14,7.381197e+14,6.326740e+14,2.2857,2712.0000,3.598,4,0.5205,,coarse,B,2.8113,4.5570,3.8345,False,512,248,0.485380,,CO(2-1),-4311.4356,-5606.607,star,27.817,3.894,21.698,512,20260825,False,False,
GJ 674,GJ 674,6,A002_X108c378_X2a0f,4.5509,225.085939,226.914064,15625000.0000,1828125000.0,2998.80,,1.21504,6.07536,2.352291e+14,4.704583e+14,6.272777e+14,5.376666e+14,2.2857,2712.0000,3.598,4,0.5205,,coarse,B,2.4418,4.3290,3.4424,False,512,408,0.797271,,CO(2-1),-4780.1856,-6216.171,star,27.817,3.894,21.698,512,20260825,False,False,
GJ 674,GJ 674,6,A002_X108c378_X331a,4.5509,225.085939,226.914064,15625000.0000,1828125000.0,2998.80,,1.43764,7.18840,2.783247e+14,5.566493e+14,7.421991e+14,6.361706e+14,2.2857,2712.0000,3.598,4,0.5205,,coarse,B,2.8211,4.5799,4.1242,False,512,266,0.520468,,CO(2-1),-3827.0606,-4976.724,star,27.817,3.894,21.698,512,20260825,False,False,
GJ 674,GJ 674,6,A002_X10854a6_X33f5,4.5509,225.085939,226.914064,15625000.0000,1828125000.0,2998.80,,1.35644,6.78243,2.626059e+14,5.252118e+14,7.002824e+14,6.002421e+14,2.2857,2712.0000,3.598,4,0.5205,,coarse,B,2.8389,4.3555,3.5776,False,512,203,0.397661,,CO(2-1),-4717.6856,-6134.896,star,27.817,3.894,21.698,512,20260825,False,False,
GJ 674,GJ 674,6,A002_X108c378_X3ab4,4.5509,225.085939,226.914064,15625000.0000,1828125000.0,2318.40,,2.21520,11.07631,4.288591e+14,8.577183e+14,1.143624e+15,9.802494e+14,2.2857,2712.0000,3.598,3,0.4024,,coarse,B,2.5083,4.3513,3.1365,False,512,286,0.559454,,CO(2-1),-4858.3106,-6317.765,star,27.817,3.894,21.698,512,20260825,False,False,
GJ 674,GJ 674,6,A002_X10854a6_X3ac1,4.5509,225.085939,226.914064,15625000.0000,1828125000.0,2998.80,,1.38397,6.92004,2.679342e+14,5.358684e+14,7.144912e+14,6.124211e+14,2.2857,2712.0000,3.598,4,0.5205,,coarse,B,2.7294,4.1406,3.5926,False,512,283,0.553606,,CO(2-1),-4092.6856,-5322.143,star,27.817,3.894,21.698,512,20260825,False,False,
GJ 674,GJ 674,6,A002_X1096e27_X4a35,4.5509,225.085939,226.914064,15625000.0000,1828125000.0,2998.80,,1.20853,6.04284,2.339703e+14,4.679407e+14,6.239209e+14,5.347893e+14,2.2857,2712.0000,3.598,4,0.5205,,coarse,B,2.5134,4.6039,3.2870,False,512,395,0.771930,,CO(2-1),-4483.3106,-5830.113,star,27.817,3.894,21.698,512,20260825,False,False,
GJ 674,GJ 674,6,A002_X1088045_X4ebc,4.5509,225.085939,226.914064,15625000.0000,1828125000.0,2998.80,,1.52189,7.60967,2.946357e+14,5.892714e+14,7.856953e+14,6.734531e+14,2.2857,2712.0000,3.598,4,0.5205,,coarse,B,1.9433,4.1809,3.7241,False,512,506,0.988304,,CO(2-1),-4467.6856,-5809.795,star,27.817,3.894,21.698,512,20260825,False,False,
GJ 674,GJ 674,6,A002_X1088045_X51df,4.5509,225.085939,226.914064,15625000.0000,1828125000.0,2998.80,,1.47567,7.37857,2.856877e+14,5.713755e+14,7.618340e+14,6.530006e+14,2.2857,2712.0000,3.598,4,0.5205,,coarse,B,3.6109,4.0939,3.7743,False,512,9,0.019493,,13CO(2-1),4702.5644,6396.551,star,27.817,3.894,21.698,512,20260825,False,False,
GJ 674,GJ 674,6,A002_X1088045_X5c31,4.5509,225.085939,226.914064,15625000.0000,1828125000.0,2998.80,,1.70516,8.52606,3.301170e+14,6.602340e+14,8.803119e+14,7.545531e+14,2.2857,2712.0000,3.598,4,0.5205,,coarse,B,2.7608,4.7372,3.7858,False,512,245,0.479532,,13CO(2-1),4702.5644,6396.551,star,27.817,3.894,21.698,512,20260825,False,False,
GJ 674,GJ 674,6,A002_X1097a87_X75ae,4.5509,225.085939,226.914064,15625000.0000,1828125000.0,2998.80,,1.24164,6.20844,2.403821e+14,4.807641e+14,6.410189e+14,5.494447e+14,2.2857,2712.0000,3.598,4,0.5205,,coarse,B,2.9619,4.3858,3.1878,False,512,159,0.311891,,13CO(2-1),4999.4394,6800.368,star,27.817,3.894,21.698,512,20260825,False,False,
GJ 674,GJ 674,6,A002_X1097a87_X795f,4.5509,225.085939,226.914064,15625000.0000,1828125000.0,2998.80,,1.34479,6.72422,2.603523e+14,5.207045e+14,6.942727e+14,5.950909e+14,2.2857,2712.0000,3.598,4,0.5205,,coarse,B,2.3691,4.8852,3.0206,False,512,456,0.890838,,CO(2-1),-3748.9356,-4875.130,star,27.817,3.894,21.698,512,20260825,False,False,
GJ 674,GJ 674,6,A002_X1086384_Xdeeb,4.5509,225.085939,226.914064,15625000.0000,1828125000.0,2998.80,,1.23348,6.16761,2.388010e+14,4.776020e+14,6.368026e+14,5.458308e+14,2.2857,2712.0000,3.598,4,0.5205,,coarse,B,2.9502,4.3566,3.3753,False,512,144,0.282651,,CO(2-1),-4061.4356,-5281.506,star,27.817,3.894,21.698,512,20260825,False,False,
GJ 674,GJ 674,6,A002_X1093ae8_Xe18,4.5509,225.085939,226.914064,15625000.0000,1828125000.0,2797.20,,1.31592,6.57979,2.547601e+14,5.095202e+14,6.793602e+14,5.823088e+14,2.2857,2712.0000,3.598,4,0.4855,,coarse,B,2.9077,4.4217,4.0163,False,512,207,0.405458,,CO(2-1),-4342.6856,-5647.244,star,27.817,3.894,21.698,512,20260825,False,False,
GJ 674,GJ 674,6,A002_X107fa96_Xce38,4.5509,239.085936,240.914061,15625000.0000,1828125000.0,2998.80,2975,1.46901,7.34535,2.844014e+14,5.688028e+14,7.584037e+14,6.500603e+14,2.2857,2880.0000,3.598,4,0.5527,1.0000,coarse,B,2.6307,4.1891,3.5997,False,512,342,0.668616,239.242186,CS(5-4),-5693.8144,-6969.015,star,26.195,3.667,20.432,512,20260825,False,False,
GJ 674,GJ 674,6,A002_X1093ae8_X14a7,4.5509,239.085936,240.914061,15625000.0000,1828125000.0,2998.80,,1.35169,6.75866,2.616858e+14,5.233716e+14,6.978289e+14,5.981390e+14,2.2857,2880.0000,3.598,4,0.5527,,coarse,B,3.8505,4.4412,4.2040,False,512,20,0.040936,,CS(5-4),-5506.3144,-6739.522,star,26.195,3.667,20.432,512,20260825,False,False,
GJ 674,GJ 674,6,A002_X1097a87_X1ba1,4.5509,239.085936,240.914061,15625000.0000,1828125000.0,2998.80,,1.47653,7.38293,2.858566e+14,5.717132e+14,7.622843e+14,6.533865e+14,2.2857,2880.0000,3.598,4,0.5527,,coarse,B,2.7957,4.2704,3.0481,False,512,201,0.393762,,CS(5-4),-4787.5644,-5859.799,star,26.195,3.667,20.432,512,20260825,False,False,
GJ 674,GJ 674,6,A002_X1093ae8_X1c39,4.5509,239.085936,240.914061,15625000.0000,1828125000.0,2998.80,,1.44929,7.24668,2.805813e+14,5.611626e+14,7.482168e+14,6.413287e+14,2.2857,2880.0000,3.598,4,0.5527,,coarse,B,3.4820,4.4781,3.7199,False,512,32,0.064327,,CS(5-4),-4818.8144,-5898.048,star,26.195,3.667,20.432,512,20260825,False,False,
GJ 674,GJ 674,6,A002_X108c378_X1ced,4.5509,239.085936,240.914061,15625000.0000,1828125000.0,2998.80,,1.35105,6.75548,2.615627e+14,5.231253e+14,6.975005e+14,5.978575e+14,2.2857,2880.0000,3.598,4,0.5527,,coarse,B,2.6556,4.5155,3.0489,False,512,298,0.582846,,CS(5-4),-5771.9394,-7064.637,star,26.195,3.667,20.432,512,20260825,False,False,
GJ 674,GJ 674,6,A002_X1097a87_X1e64,4.5509,239.085936,240.914061,15625000.0000,1828125000.0,2998.80,,1.48045,7.40256,2.866164e+14,5.732329e+14,7.643105e+14,6.551233e+14,2.2857,2880.0000,3.598,4,0.5527,,coarse,B,2.3749,4.4968,2.8662,False,512,436,0.851852,,CS(5-4),-4818.8144,-5898.048,star,26.195,3.667,20.432,512,20260825,False,False,
GJ 674,GJ 674,6,A002_X108c378_X21d6,4.5509,239.085936,240.914061,15625000.0000,1828125000.0,2998.80,,1.29342,6.46732,2.504056e+14,5.008111e+14,6.677481e+14,5.723556e+14,2.2857,2880.0000,3.598,4,0.5527,,coarse,B,3.4068,4.0893,3.7577,False,512,75,0.148148,,CS(5-4),-4068.8144,-4980.076,star,26.195,3.667,20.432,512,20260825,False,False,
GJ 674,GJ 674,6,A002_X1093ae8_X2228,4.5509,239.085936,240.914061,15625000.0000,1828125000.0,2998.80,,1.40886,7.04453,2.727542e+14,5.455084e+14,7.273445e+14,6.234382e+14,2.2857,2880.0000,3.598,4,0.5527,,coarse,B,3.1602,4.6193,3.6655,False,512,90,0.177388,,CS(5-4),-5225.0644,-6395.282,star,26.195,3.667,20.432,512,20260825,False,False,
GJ 674,GJ 674,6,A002_X1097a87_X22ab,4.5509,239.085936,240.914061,15625000.0000,1828125000.0,2998.80,,1.77426,8.87165,3.434976e+14,6.869951e+14,9.159935e+14,7.851373e+14,2.2857,2880.0000,3.598,4,0.5527,,coarse,B,3.2344,4.8659,3.4405,False,512,78,0.153996,,CS(5-4),-5850.0644,-7160.259,star,26.195,3.667,20.432,512,20260825,False,False,
GJ 674,GJ 674,6,A002_X108c378_X26b3,4.5509,239.085936,240.914061,15625000.0000,1828125000.0,2998.80,,1.30026,6.50149,2.517285e+14,5.034569e+14,6.712759e+14,5.753793e+14,2.2857,2880.0000,3.598,4,0.5527,,coarse,B,2.8152,4.8029,3.6981,False,512,258,0.504873,,CS(5-4),-4193.8144,-5133.071,star,26.195,3.667,20.432,512,20260825,False,False,
GJ 674,GJ 674,6,A002_X1093ae8_X28ac,4.5509,239.085936,240.914061,15625000.0000,1828125000.0,2998.80,,1.59759,7.98826,3.092939e+14,6.185878e+14,8.247837e+14,7.069575e+14,2.2857,2880.0000,3.598,4,0.5527,,coarse,B,2.9599,4.2814,3.5744,False,512,206,0.403509,,CS(5-4),-4693.8144,-5745.052,star,26.195,3.667,20.432,512,20260825,False,False,
GJ 674,GJ 674,6,A002_X108c378_X2a0f,4.5509,239.085936,240.914061,15625000.0000,1828125000.0,2998.80,,1.34458,6.72312,2.603095e+14,5.206189e+14,6.941586e+14,5.949931e+14,2.2857,2880.0000,3.598,4,0.5527,,coarse,B,3.8969,4.1842,4.4663,False,512,7,0.015595,,CS(5-4),-5600.0644,-6854.268,star,26.195,3.667,20.432,512,20260825,False,False,
GJ 674,GJ 674,6,A002_X108c378_X331a,4.5509,239.085936,240.914061,15625000.0000,1828125000.0,2998.80,,1.59909,7.99568,3.095814e+14,6.191628e+14,8.255505e+14,7.076147e+14,2.2857,2880.0000,3.598,4,0.5527,,coarse,B,2.2989,4.2769,3.4760,False,512,445,0.869396,,CS(5-4),-4396.9394,-5381.689,star,26.195,3.667,20.432,512,20260825,False,False,
GJ 674,GJ 674,6,A002_X10854a6_X33f5,4.5509,239.085936,240.914061,15625000.0000,1828125000.0,2998.80,,1.49932,7.49685,2.902674e+14,5.805349e+14,7.740465e+14,6.634685e+14,2.2857,2880.0000,3.598,4,0.5527,,coarse,B,3.2000,4.7129,3.8795,False,512,89,0.175439,,CS(5-4),-4490.6894,-5496.435,star,26.195,3.667,20.432,512,20260825,False,False,
GJ 674,GJ 674,6,A002_X108c378_X3ab4,4.5509,239.085936,240.914061,15625000.0000,1828125000.0,2318.40,,2.44686,12.23471,4.737105e+14,9.474209e+14,1.263228e+15,1.082767e+15,2.2857,2880.0000,3.598,4,0.4273,,coarse,B,2.4317,4.6945,2.8609,False,512,407,0.795322,,CS(5-4),-4365.6894,-5343.440,star,26.195,3.667,20.432,512,20260825,False,False,
GJ 674,GJ 674,6,A002_X10854a6_X3ac1,4.5509,239.085936,240.914061,15625000.0000,1828125000.0,2998.80,,1.54341,7.71730,2.988029e+14,5.976057e+14,7.968076e+14,6.829780e+14,2.2857,2880.0000,3.598,4,0.5527,,coarse,B,3.5961,4.2009,3.8774,False,512,12,0.025341,,CS(5-4),-4818.8144,-5898.048,star,26.195,3.667,20.432,512,20260825,False,False,
GJ 674,GJ 674,6,A002_X1096e27_X4a35,4.5509,239.085936,240.914061,15625000.0000,1828125000.0,2998.80,,1.33526,6.67654,2.585061e+14,5.170123e+14,6.893497e+14,5.908712e+14,2.2857,2880.0000,3.598,4,0.5527,,coarse,B,3.8857,4.1755,4.2799,False,512,8,0.017544,,CS(5-4),-4521.9394,-5534.684,star,26.195,3.667,20.432,512,20260825,False,False,
GJ 674,GJ 674,6,A002_X1088045_X4ebc,4.5509,239.085936,240.914061,15625000.0000,1828125000.0,2998.80,,1.69370,8.46878,3.278991e+14,6.557981e+14,8.743975e+14,7.494835e+14,2.2857,2880.0000,3.598,4,0.5527,,coarse,B,2.8484,4.1645,3.4328,False,512,210,0.411306,,CS(5-4),-5162.5644,-6318.785,star,26.195,3.667,20.432,512,20260825,False,False,
GJ 674,GJ 674,6,A002_X1088045_X51df,4.5509,239.085936,240.914061,15625000.0000,1828125000.0,2998.80,,1.63772,8.18889,3.170622e+14,6.341245e+14,8.454993e+14,7.247137e+14,2.2857,2880.0000,3.598,4,0.5527,,coarse,B,3.1836,4.5927,3.5682,False,512,94,0.185185,,CS(5-4),-5443.8144,-6663.024,star,26.195,3.667,20.432,512,20260825,False,False,
GJ 674,GJ 674,6,A002_X1088045_X5c31,4.5509,239.085936,240.914061,15625000.0000,1828125000.0,2998.80,,1.89922,9.49643,3.676881e+14,7.353761e+14,9.805015e+14,8.404298e+14,2.2857,2880.0000,3.598,4,0.5527,,coarse,B,3.3389,5.1389,3.5513,False,512,53,0.105263,,CS(5-4),-4350.0644,-5324.315,star,26.195,3.667,20.432,512,20260825,False,False,
GJ 674,GJ 674,6,A002_X1097a87_X75ae,4.5509,239.085936,240.914061,15625000.0000,1828125000.0,2998.80,,1.37868,6.89370,2.669143e+14,5.338285e+14,7.117713e+14,6.100897e+14,2.2857,2880.0000,3.598,4,0.5527,,coarse,B,3.5410,4.5421,4.1836,False,512,23,0.046784,,CS(5-4),-5662.5644,-6930.766,star,26.195,3.667,20.432,512,20260825,False,False,
GJ 674,GJ 674,6,A002_X1097a87_X795f,4.5509,239.085936,240.914061,15625000.0000,1828125000.0,2998.80,,1.49568,7.47872,2.895654e+14,5.791309e+14,7.721745e+14,6.618639e+14,2.2857,2880.0000,3.598,4,0.5527,,coarse,B,2.4951,4.5704,3.7490,False,512,399,0.779727,,CS(5-4),-4662.5644,-5706.804,star,26.195,3.667,20.432,512,20260825,False,False,
GJ 674,GJ 674,6,A002_X1086384_Xdeeb,4.5509,239.085936,240.914061,15625000.0000,1828125000.0,2998.80,,1.36244,6.81242,2.637674e+14,5.275347e+14,7.033796e+14,6.028968e+14,2.2857,2880.0000,3.598,4,0.5527,,coarse,B,2.6361,4.3168,3.9038,False,512,346,0.676413,,CS(5-4),-5678.1894,-6949.890,star,26.195,3.667,20.432,512,20260825,False,False,
GJ 674,GJ 674,6,A002_X1093ae8_Xe18,4.5509,239.085936,240.914061,15625000.0000,1828125000.0,2797.20,,1.45098,7.25517,2.809097e+14,5.618193e+14,7.490924e+14,6.420792e+14,2.2857,2880.0000,3.598,4,0.5156,,coarse,B,2.7175,4.3609,3.6041,False,512,299,0.584795,,CS(5-4),-5412.5644,-6624.775,star,26.195,3.667,20.432,512,20260825,False,False,
GJ 674,GJ 674,6,A002_X107fa96_Xce38,4.5509,241.085936,242.914061,15625000.0000,1828125000.0,2998.80,2975,1.53203,7.66045,2.966019e+14,5.932038e+14,7.909383e+14,6.779472e+14,2.2857,2904.0000,3.598,4,0.5573,1.0000,coarse,B,2.3281,4.4201,2.8350,False,512,469,0.916179,241.632811,CS(5-4),-3303.1894,-4042.980,star,25.978,3.637,20.263,512,20260825,False,False,
GJ 674,GJ 674,6,A002_X1093ae8_X14a7,4.5509,241.085936,242.914061,15625000.0000,1828125000.0,2996.79,,1.41705,7.08549,2.743399e+14,5.486798e+14,7.315731e+14,6.270626e+14,2.2857,2904.0000,3.598,4,0.557,,coarse,B,2.7789,4.1745,3.2261,False,512,253,0.495127,,CS(5-4),-3053.1894,-3736.989,star,25.978,3.637,20.263,512,20260825,False,False,
GJ 674,GJ 674,6,A002_X1097a87_X1ba1,4.5509,241.085936,242.914061,15625000.0000,1828125000.0,2998.80,,1.53488,7.67472,2.971544e+14,5.943087e+14,7.924116e+14,6.792100e+14,2.2857,2904.0000,3.598,4,0.5573,,coarse,B,2.7489,4.6317,3.5701,False,512,225,0.440546,,CS(5-4),-2803.1894,-3430.998,star,25.978,3.637,20.263,512,20260825,False,False,
GJ 674,GJ 674,6,A002_X1093ae8_X1c39,4.5509,241.085936,242.914061,15625000.0000,1828125000.0,2998.80,,1.51723,7.58644,2.937362e+14,5.874723e+14,7.832964e+14,6.713969e+14,2.2857,2904.0000,3.598,4,0.5573,,coarse,B,3.2805,4.9127,4.0151,False,512,77,0.152047,,CS(5-4),-2756.3144,-3373.625,star,25.978,3.637,20.263,512,20260825,False,False,
GJ 674,GJ 674,6,A002_X108c378_X1ced,4.5509,241.085936,242.914061,15625000.0000,1828125000.0,2998.80,,1.41226,7.06151,2.734117e+14,5.468233e+14,7.290978e+14,6.249409e+14,2.2857,2904.0000,3.598,4,0.5573,,coarse,B,2.6996,4.6906,3.6586,False,512,273,0.534113,,CS(5-4),-3115.6894,-3813.487,star,25.978,3.637,20.263,512,20260825,False,False,
GJ 674,GJ 674,6,A002_X1097a87_X1e64,4.5509,241.085936,242.914061,15625000.0000,1828125000.0,2998.80,,1.54380,7.71932,2.988810e+14,5.977619e+14,7.970159e+14,6.831565e+14,2.2857,2904.0000,3.598,4,0.5573,,coarse,B,2.4084,4.5318,4.3448,False,512,410,0.801170,,CS(5-4),-3287.5644,-4023.855,star,25.978,3.637,20.263,512,20260825,False,False,
GJ 674,GJ 674,6,A002_X108c378_X21d6,4.5509,241.085936,242.914061,15625000.0000,1828125000.0,2998.80,,1.35322,6.76631,2.619820e+14,5.239641e+14,6.986188e+14,5.988161e+14,2.2857,2904.0000,3.598,4,0.5573,,coarse,B,2.7929,4.1800,3.3537,False,512,227,0.444444,,CS(5-4),-3209.4394,-3928.233,star,25.978,3.637,20.263,512,20260825,False,False,
GJ 674,GJ 674,6,A002_X1093ae8_X2228,4.5509,241.085936,242.914061,15625000.0000,1828125000.0,2998.80,,1.47622,7.38136,2.857957e+14,5.715914e+14,7.621219e+14,6.532473e+14,2.2857,2904.0000,3.598,4,0.5573,,coarse,B,3.2560,4.0859,3.4279,False,512,59,0.116959,,CS(5-4),-3225.0644,-3947.358,star,25.978,3.637,20.263,512,20260825,False,False,
GJ 674,GJ 674,6,A002_X1097a87_X22ab,4.5509,241.085936,242.914061,15625000.0000,1828125000.0,2998.80,,1.84560,9.22837,3.573094e+14,7.146187e+14,9.528250e+14,8.167071e+14,2.2857,2904.0000,3.598,4,0.5573,,coarse,B,2.7167,4.2632,3.3131,False,512,289,0.565302,,CS(5-4),-3115.6894,-3813.487,star,25.978,3.637,20.263,512,20260825,False,False,
GJ 674,GJ 674,6,A002_X108c378_X26b3,4.5509,241.085936,242.914061,15625000.0000,1828125000.0,2998.80,,1.36595,6.82995,2.644460e+14,5.288921e+14,7.051894e+14,6.044481e+14,2.2857,2904.0000,3.598,4,0.5573,,coarse,B,2.7656,4.2642,4.1602,False,512,271,0.530214,,CS(5-4),-2803.1894,-3430.998,star,25.978,3.637,20.263,512,20260825,False,False,
GJ 674,GJ 674,6,A002_X1093ae8_X28ac,4.5509,241.085936,242.914061,15625000.0000,1828125000.0,2998.80,,1.66081,8.30435,3.215325e+14,6.430650e+14,8.574200e+14,7.349315e+14,2.2857,2904.0000,3.598,4,0.5573,,coarse,B,3.3594,4.5780,3.5805,False,512,65,0.128655,,CS(5-4),-3350.0644,-4100.353,star,25.978,3.637,20.263,512,20260825,False,False,
GJ 674,GJ 674,6,A002_X108c378_X2a0f,4.5509,241.085936,242.914061,15625000.0000,1828125000.0,2998.80,,1.41776,7.08901,2.744765e+14,5.489531e+14,7.319374e+14,6.273749e+14,2.2857,2904.0000,3.598,4,0.5573,,coarse,B,2.5765,4.4439,3.0798,False,512,318,0.621832,,CS(5-4),-2021.9394,-2474.778,star,25.978,3.637,20.263,512,20260825,False,False,
GJ 674,GJ 674,6,A002_X108c378_X331a,4.5509,241.085936,242.914061,15625000.0000,1828125000.0,2998.80,,1.66157,8.30814,3.216793e+14,6.433585e+14,8.578114e+14,7.352669e+14,2.2857,2904.0000,3.598,4,0.5573,,coarse,B,2.4034,5.2054,3.2781,False,512,414,0.808967,,CS(5-4),-3584.4394,-4387.219,star,25.978,3.637,20.263,512,20260825,False,False,
GJ 674,GJ 674,6,A002_X10854a6_X33f5,4.5509,241.085936,242.914061,15625000.0000,1828125000.0,2998.80,,1.57470,7.87377,3.048611e+14,6.097222e+14,8.129629e+14,6.968254e+14,2.2857,2904.0000,3.598,4,0.5573,,coarse,B,3.1817,4.8375,3.4546,False,512,119,0.233918,,CS(5-4),-2818.8144,-3450.123,star,25.978,3.637,20.263,512,20260825,False,False,
GJ 674,GJ 674,6,A002_X108c378_X3ab4,4.5509,241.085936,242.914061,15625000.0000,1828125000.0,2318.40,,2.52942,12.64751,4.896934e+14,9.793869e+14,1.305849e+15,1.119299e+15,2.2857,2904.0000,3.598,4,0.4309,,coarse,B,2.7067,4.3432,3.0101,False,512,292,0.571150,,CS(5-4),-2396.9394,-2933.764,star,25.978,3.637,20.263,512,20260825,False,False,
GJ 674,GJ 674,6,A002_X10854a6_X3ac1,4.5509,241.085936,242.914061,15625000.0000,1828125000.0,2998.80,,1.60624,8.03148,3.109674e+14,6.219348e+14,8.292464e+14,7.107826e+14,2.2857,2904.0000,3.598,4,0.5573,,coarse,B,3.6091,4.4168,4.4039,False,512,26,0.052632,,CS(5-4),-2568.8144,-3144.132,star,25.978,3.637,20.263,512,20260825,False,False,
GJ 674,GJ 674,6,A002_X1096e27_X4a35,4.5509,241.085936,242.914061,15625000.0000,1828125000.0,2998.80,,1.39340,6.96730,2.697638e+14,5.395276e+14,7.193702e+14,6.166030e+14,2.2857,2904.0000,3.598,4,0.5573,,coarse,B,3.1212,4.1438,3.3138,False,512,117,0.230019,,CS(5-4),-3521.9394,-4310.721,star,25.978,3.637,20.263,512,20260825,False,False,
GJ 674,GJ 674,6,A002_X1088045_X4ebc,4.5509,241.085936,242.914061,15625000.0000,1828125000.0,2998.80,,1.76877,8.84414,3.424325e+14,6.848650e+14,9.131533e+14,7.827029e+14,2.2857,2904.0000,3.598,4,0.5573,,coarse,B,3.5350,4.6444,3.9141,False,512,30,0.060429,,CS(5-4),-3068.8144,-3756.113,star,25.978,3.637,20.263,512,20260825,False,False,
GJ 674,GJ 674,6,A002_X1088045_X51df,4.5509,241.085936,242.914061,15625000.0000,1828125000.0,2998.80,,1.71822,8.59140,3.326469e+14,6.652939e+14,8.870585e+14,7.603358e+14,2.2857,2904.0000,3.598,4,0.5573,,coarse,B,2.5497,4.7945,3.2254,False,512,310,0.606238,,CS(5-4),-3287.5644,-4023.855,star,25.978,3.637,20.263,512,20260825,False,False,
GJ 674,GJ 674,6,A002_X1088045_X5c31,4.5509,241.085936,242.914061,15625000.0000,1828125000.0,2998.80,,1.98605,9.93058,3.844979e+14,7.689958e+14,1.025328e+15,8.788524e+14,2.2857,2904.0000,3.598,4,0.5573,,coarse,B,2.4971,4.4225,3.1705,False,512,375,0.732943,,CS(5-4),-2100.0644,-2570.400,star,25.978,3.637,20.263,512,20260825,False,False,
GJ 674,GJ 674,6,A002_X1097a87_X75ae,4.5509,241.085936,242.914061,15625000.0000,1828125000.0,2998.80,,1.43603,7.18047,2.780177e+14,5.560354e+14,7.413806e+14,6.354691e+14,2.2857,2904.0000,3.598,4,0.5573,,coarse,B,3.4500,4.8481,3.7735,False,512,58,0.115010,,CS(5-4),-3178.1894,-3889.984,star,25.978,3.637,20.263,512,20260825,False,False,
GJ 674,GJ 674,6,A002_X1097a87_X795f,4.5509,241.085936,242.914061,15625000.0000,1828125000.0,2998.80,,1.56163,7.80848,3.023334e+14,6.046667e+14,8.062223e+14,6.910477e+14,2.2857,2904.0000,3.598,4,0.5573,,coarse,B,2.6318,4.3439,3.7824,False,512,301,0.588694,,CS(5-4),-2709.4394,-3316.252,star,25.978,3.637,20.263,512,20260825,False,False,
GJ 674,GJ 674,6,A002_X1086384_Xdeeb,4.5509,241.085936,242.914061,15625000.0000,1828125000.0,2998.80,,1.42487,7.12459,2.758540e+14,5.517079e+14,7.356105e+14,6.305233e+14,2.2857,2904.0000,3.598,4,0.5573,,coarse,B,2.9862,3.9824,4.2699,False,512,166,0.325536,,CS(5-4),-2678.1894,-3278.003,star,25.978,3.637,20.263,512,20260825,False,False,
GJ 674,GJ 674,6,A002_X1093ae8_Xe18,4.5509,241.085936,242.914061,15625000.0000,1828125000.0,2797.20,,1.52474,7.62396,2.951890e+14,5.903779e+14,7.871706e+14,6.747176e+14,2.2857,2904.0000,3.598,4,0.5199,,coarse,B,3.8905,4.1710,4.6293,False,512,3,0.007797,,CS(5-4),-2553.1894,-3125.008,star,25.978,3.637,20.263,512,20260825,False,False,
GL 3379 Gaia DR3 3316364602541746048,GL 3379  Gaia DR3 3316364602541746048,6,A002_Xda2c82_X765d,5.2080,212.045896,213.874021,15625000.0000,1828125000.0,2751.84,273,2.45017,12.25225,6.212747e+14,1.242549e+15,1.656732e+15,1.420058e+15,2.2857,2555.5195,3.598,4,0.4501,1.0000,coarse,B,3.2597,4.1701,3.5542,False,512,81,0.159844,212.827146,SiO(5-4),-4277.8542,-5907.134,star,29.521,4.133,23.026,512,20260825,False,False,
GL 3379 Gaia DR3 3316364602541746048,GL 3379  Gaia DR3 3316364602541746048,6,A002_Xdaef5a_X7167,5.2080,212.047513,213.875638,15625000.0000,1828125000.0,1451.52,,2.34701,11.73617,5.951057e+14,1.190211e+15,1.586948e+15,1.360242e+15,2.2857,2555.5389,3.598,3,0.2374,,coarse,B,2.9045,4.3695,3.8667,False,512,171,0.335283,,SiO(5-4),-3307.4865,-4567.189,star,29.520,4.133,23.026,512,20260825,False,False,
GL 3379 Gaia DR3 3316364602541746048,GL 3379  Gaia DR3 3316364602541746048,6,A002_Xdaef5a_X6873,5.2080,212.047616,213.875741,15625000.0000,1828125000.0,2751.84,,1.66692,8.33540,4.226626e+14,8.453253e+14,1.127100e+15,9.660860e+14,2.2857,2555.5401,3.598,4,0.4501,,coarse,B,2.9502,4.4204,3.5108,False,512,125,0.245614,,SiO(5-4),-3260.5088,-4502.319,star,29.520,4.133,23.026,512,20260825,False,False,
GL 3379 Gaia DR3 3316364602541746048,GL 3379  Gaia DR3 3316364602541746048,6,A002_Xdb33cb_X729,5.2080,212.048247,213.876372,15625000.0000,1828125000.0,2751.84,,2.46368,12.31954,6.246863e+14,1.249373e+15,1.665830e+15,1.427855e+15,2.2857,2555.5477,3.598,4,0.4501,,coarse,B,2.5374,4.2606,3.0259,False,512,334,0.653021,,SiO(5-4),-4713.0034,-6508.016,star,29.520,4.133,23.026,512,20260825,False,False,
GL 3379 Gaia DR3 3316364602541746048,GL 3379  Gaia DR3 3316364602541746048,6,A002_Xdb3eb4_X899,5.2080,212.048406,213.876531,15625000.0000,1828125000.0,2751.84,,2.63969,13.19964,6.693136e+14,1.338627e+15,1.784836e+15,1.529860e+15,2.2857,2555.5496,3.598,4,0.4501,,coarse,B,2.6623,4.3342,3.2255,False,512,277,0.541910,,SiO(5-4),-4556.5937,-6292.036,star,29.520,4.133,23.026,512,20260825,False,False,
GL 3379 Gaia DR3 3316364602541746048,GL 3379  Gaia DR3 3316364602541746048,6,A002_Xdd0d37_X18197,5.2080,212.059957,213.888082,15625000.0000,1828125000.0,2751.84,,1.71513,8.57584,4.348549e+14,8.697099e+14,1.159613e+15,9.939541e+14,2.2857,2555.6882,3.598,4,0.4501,,coarse,B,3.3000,4.4071,3.5660,False,512,48,0.095517,,SiO(5-4),-4998.1685,-6901.790,star,29.519,4.133,23.025,512,20260825,False,False,
GL 3379 Gaia DR3 3316364602541746048,GL 3379  Gaia DR3 3316364602541746048,6,A002_Xdd0d37_X17f99,5.2080,212.060028,213.888153,15625000.0000,1828125000.0,2751.84,,1.76951,8.84776,4.486428e+14,8.972856e+14,1.196381e+15,1.025469e+15,2.2857,2555.6891,3.598,4,0.4501,,coarse,B,3.6000,4.5816,4.1705,False,512,39,0.077973,,SiO(5-4),-3388.7219,-4679.364,star,29.519,4.133,23.025,512,20260825,False,False,
GL 3379 Gaia DR3 3316364602541746048,GL 3379  Gaia DR3 3316364602541746048,6,A002_Xda2c82_X765d,5.2080,214.045520,215.873645,15625000.0000,1828125000.0,2751.84,273,2.31099,11.55629,5.859844e+14,1.171969e+15,1.562625e+15,1.339394e+15,2.2857,2579.5150,3.598,4,0.4543,1.0000,coarse,B,2.5741,4.3497,3.2905,False,512,326,0.637427,214.061145,SiO(5-4),-3043.8552,-4203.150,star,29.246,4.094,22.812,512,20260825,False,False,
GL 3379 Gaia DR3 3316364602541746048,GL 3379  Gaia DR3 3316364602541746048,6,A002_Xdaef5a_X7167,5.2080,214.047153,215.875278,15625000.0000,1828125000.0,1451.52,,2.15505,10.77632,5.464346e+14,1.092869e+15,1.457159e+15,1.248993e+15,2.2857,2579.5346,3.598,3,0.2396,,coarse,B,3.2771,4.3749,3.5979,False,512,77,0.152047,,SiO(5-4),-2448.4723,-3381.007,star,29.246,4.094,22.812,512,20260825,False,False,
GL 3379 Gaia DR3 3316364602541746048,GL 3379  Gaia DR3 3316364602541746048,6,A002_Xdaef5a_X6873,5.2080,214.047256,215.875381,15625000.0000,1828125000.0,2751.84,,1.50974,7.54948,3.828110e+14,7.656221e+14,1.020829e+15,8.749966e+14,2.2857,2579.5358,3.598,4,0.4543,,coarse,B,2.7236,4.3042,3.2445,False,512,271,0.530214,,SiO(5-4),-2338.9936,-3229.832,star,29.246,4.094,22.812,512,20260825,False,False,
GL 3379 Gaia DR3 3316364602541746048,GL 3379  Gaia DR3 3316364602541746048,6,A002_Xdb33cb_X729,5.2080,214.047893,215.876018,15625000.0000,1828125000.0,2751.84,,2.29341,11.46812,5.815136e+14,1.163027e+15,1.550703e+15,1.329174e+15,2.2857,2579.5435,3.598,4,0.4543,,coarse,B,2.6164,4.5112,2.9240,False,512,359,0.701754,,SiO(5-4),-2510.2323,-3466.289,star,29.246,4.094,22.812,512,20260825,False,False,
GL 3379 Gaia DR3 3316364602541746048,GL 3379  Gaia DR3 3316364602541746048,6,A002_Xdb3eb4_X899,5.2080,214.048054,215.876179,15625000.0000,1828125000.0,2751.84,,2.46781,12.34016,6.257319e+14,1.251464e+15,1.668618e+15,1.430244e+15,2.2857,2579.5454,3.598,4,0.4543,,coarse,B,4.0706,4.6702,4.1631,False,512,8,0.017544,,SiO(5-4),-2775.6961,-3832.859,star,29.246,4.094,22.812,512,20260825,False,False,
GL 3379 Gaia DR3 3316364602541746048,GL 3379  Gaia DR3 3316364602541746048,6,A002_Xdd0d37_X18197,5.2080,214.059713,215.887838,15625000.0000,1828125000.0,2751.84,,1.57213,7.86082,3.985983e+14,7.971966e+14,1.062929e+15,9.110819e+14,2.2857,2579.6853,3.598,4,0.4543,,coarse,B,2.9586,4.1133,3.4465,False,512,167,0.327485,,SiO(5-4),-1639.0374,-2263.288,star,29.244,4.094,22.810,512,20260825,False,False,
GL 3379 Gaia DR3 3316364602541746048,GL 3379  Gaia DR3 3316364602541746048,6,A002_Xdd0d37_X17f99,5.2080,214.059785,215.887910,15625000.0000,1828125000.0,2751.84,,1.64193,8.20986,4.162971e+14,8.325942e+14,1.110126e+15,9.515363e+14,2.2857,2579.6862,3.598,4,0.4543,,coarse,B,2.5289,4.0691,3.7320,False,512,312,0.610136,,SiO(5-4),-1670.2151,-2306.340,star,29.244,4.094,22.810,512,20260825,False,False,
GL 3379 Gaia DR3 3316364602541746048,GL 3379  Gaia DR3 3316364602541746048,6,A002_Xda2c82_X765d,5.2080,227.043072,228.871197,15625000.0000,1828125000.0,2751.84,273,2.25746,11.28875,5.724181e+14,1.144836e+15,1.526448e+15,1.308386e+15,2.2857,2735.4856,3.598,4,0.4818,1.0000,coarse,B,2.5542,4.9170,3.1507,False,512,377,0.736842,228.402447,CO(2-1),-2135.5530,-2777.081,star,27.579,3.861,21.511,512,20260825,False,False,
GL 3379 Gaia DR3 3316364602541746048,GL 3379  Gaia DR3 3316364602541746048,6,A002_Xdaef5a_X7167,5.2080,227.044804,228.872929,15625000.0000,1828125000.0,1451.52,,2.00059,10.00409,5.072771e+14,1.014554e+15,1.352739e+15,1.159491e+15,2.2857,2735.5064,3.598,3,0.2541,,coarse,B,2.5423,3.8983,3.0752,False,512,320,0.625731,,CO(2-1),-2477.5714,-3221.843,star,27.578,3.861,21.511,512,20260825,False,False,
GL 3379 Gaia DR3 3316364602541746048,GL 3379  Gaia DR3 3316364602541746048,6,A002_Xdaef5a_X6873,5.2080,227.044914,228.873039,15625000.0000,1828125000.0,2751.84,,1.43456,7.17358,3.637506e+14,7.275011e+14,9.700015e+14,8.314299e+14,2.2857,2735.5077,3.598,4,0.4818,,coarse,B,2.6197,4.0408,3.3349,False,512,286,0.559454,,CO(2-1),-2071.2114,-2693.411,star,27.578,3.861,21.511,512,20260825,False,False,
GL 3379 Gaia DR3 3316364602541746048,GL 3379  Gaia DR3 3316364602541746048,6,A002_Xdb33cb_X729,5.2080,227.045588,228.873713,15625000.0000,1828125000.0,2751.84,,2.20356,11.01896,5.587383e+14,1.117477e+15,1.489969e+15,1.277116e+15,2.2857,2735.5158,3.598,4,0.4818,,coarse,B,2.7290,4.7231,3.0850,False,512,263,0.514620,,CO(2-1),-3211.1616,-4175.806,star,27.578,3.861,21.511,512,20260825,False,False,
GL 3379 Gaia DR3 3316364602541746048,GL 3379  Gaia DR3 3316364602541746048,6,A002_Xdb3eb4_X899,5.2080,227.045759,228.873884,15625000.0000,1828125000.0,2751.84,,2.34885,11.74545,5.955761e+14,1.191152e+15,1.588203e+15,1.361317e+15,2.2857,2735.5179,3.598,4,0.4818,,coarse,B,3.0829,4.3839,4.0572,False,512,136,0.267057,,CO(2-1),-2664.1157,-3464.426,star,27.578,3.861,21.511,512,20260825,False,False,
GL 3379 Gaia DR3 3316364602541746048,GL 3379  Gaia DR3 3316364602541746048,6,A002_Xdd0d37_X18197,5.2080,227.058123,228.886248,15625000.0000,1828125000.0,2751.84,,1.52195,7.60997,3.858783e+14,7.717566e+14,1.029009e+15,8.820075e+14,2.2857,2735.6662,3.598,4,0.4818,,coarse,B,2.2666,3.8529,3.1427,False,512,467,0.912281,,CO(2-1),-3448.6271,-4484.607,star,27.577,3.861,21.510,512,20260825,False,False,
GL 3379 Gaia DR3 3316364602541746048,GL 3379  Gaia DR3 3316364602541746048,6,A002_Xdd0d37_X17f99,5.2080,227.058200,228.886325,15625000.0000,1828125000.0,2751.84,,1.57703,7.88535,3.998421e+14,7.996843e+14,1.066246e+15,9.139249e+14,2.2857,2735.6671,3.598,4,0.4818,,coarse,B,2.9527,4.0291,3.2154,False,512,111,0.218324,,CO(2-1),-3261.0504,-4240.682,star,27.577,3.861,21.510,512,20260825,False,False,
GL 3379 Gaia DR3 3316364602541746048,GL 3379  Gaia DR3 3316364602541746048,6,A002_Xda2c82_X765d,5.2080,229.036592,230.876925,488281.2500,1840332031.2,2751.84,273,14.08126,70.41566,1.115801e+14,2.231603e+14,2.975470e+14,2.553810e+14,2.2888,2759.4811,3.598,75,15.55,0.9987,fine,A,4.7943,5.7070,5.0803,False,512,99,0.194932,229.409151,CO(2-1),-1128.8489,-1467.959,star,27.339,3.827,21.324,512,20260825,False,False,
GL 3379 Gaia DR3 3316364602541746048,GL 3379  Gaia DR3 3316364602541746048,6,A002_Xdaef5a_X7167,5.2080,229.038339,230.878671,488281.2500,1840332031.2,1451.52,,12.82048,64.10968,1.015877e+14,2.031754e+14,2.709006e+14,2.322005e+14,2.2857,2759.5021,3.598,39,8.203,,fine,A,4.5937,5.4117,5.0833,False,512,86,0.169591,,CO(2-1),-810.6959,-1054.232,star,27.339,3.827,21.324,512,20260825,False,False,
GL 3379 Gaia DR3 3316364602541746048,GL 3379  Gaia DR3 3316364602541746048,6,A002_Xdaef5a_X6873,5.2080,229.038450,230.878782,488281.2500,1840332031.2,2751.84,,9.21756,46.09307,7.303874e+13,1.460775e+14,1.947700e+14,1.669457e+14,2.2857,2759.5034,3.598,75,15.55,,fine,A,5.2464,5.6992,5.4406,False,512,13,0.027290,,CO(2-1),-649.4521,-844.550,star,27.339,3.827,21.324,512,20260825,True,False,
GL 3379 Gaia DR3 3316364602541746048,GL 3379  Gaia DR3 3316364602541746048,6,A002_Xdb33cb_X729,5.2080,229.039131,230.879463,488281.2500,1840332031.2,2751.84,,14.04271,70.22097,1.112716e+14,2.225433e+14,2.967244e+14,2.543352e+14,2.2857,2759.5116,3.598,75,15.55,,fine,A,4.8908,5.8563,5.4437,False,512,95,0.187135,,CO(2-1),67.5372,87.826,star,27.338,3.827,21.324,512,20260825,False,False,
GL 3379 Gaia DR3 3316364602541746048,GL 3379  Gaia DR3 3316364602541746048,6,A002_Xdb3eb4_X899,5.2080,229.039303,230.879635,488281.2500,1840332031.2,2751.84,,14.88899,74.45268,1.179772e+14,2.359543e+14,3.146058e+14,2.696621e+14,2.2857,2759.5136,3.598,75,15.55,,fine,A,5.1594,5.6504,5.4898,False,512,13,0.027290,,CO(2-1),-107.0951,-139.267,star,27.338,3.827,21.324,512,20260825,True,False,
GL 3379 Gaia DR3 3316364602541746048,GL 3379  Gaia DR3 3316364602541746048,6,A002_Xdd0d37_X18197,5.2080,229.051775,230.892107,488281.2500,1840332031.2,2751.84,,9.72624,48.63247,7.706265e+13,1.541253e+14,2.055004e+14,1.761432e+14,2.2857,2759.6633,3.598,75,15.55,,fine,A,4.7808,5.8576,4.9178,False,512,128,0.251462,,CO(2-1),-518.9394,-674.831,star,27.337,3.827,21.323,512,20260825,False,False,
GL 3379 Gaia DR3 3316364602541746048,GL 3379  Gaia DR3 3316364602541746048,6,A002_Xdd0d37_X17f99,5.2080,229.051853,230.892185,488281.2500,1840332031.2,2751.84,,9.93051,49.65384,7.868112e+13,1.573622e+14,2.098163e+14,1.798426e+14,2.2857,2759.6642,3.598,75,15.55,,fine,A,4.0982,5.7654,5.0850,False,512,497,0.970760,,CO(2-1),-1102.3582,-1433.511,star,27.337,3.827,21.323,512,20260825,False,False,
LSR J1835+3259,LSR J18353259,3,A002_Xba3ea7_X2ab4,5.6885,89.627387,91.361762,15625000.0000,1734375000.0,2588.54,1284,0.16923,0.84699,5.123958e+13,1.024792e+14,1.366389e+14,1.171190e+14,2.2857,1085.9349,3.598,2,0.1799,1.0000,coarse,B,2.0124,4.0986,3.7921,False,512,465,0.908382,91.299262,HCO+(1-0),2110.2625,7093.260,star,69.471,9.726,54.187,512,20260825,False,False,
LSR J1835+3259,LSR J18353259,3,A002_Xbb44e1_X5d00,5.6885,89.627387,91.361762,15625000.0000,1734375000.0,2092.61,,0.22068,1.10450,6.681814e+13,1.336363e+14,1.781817e+14,1.527272e+14,2.2857,1085.9349,3.598,2,0.1454,,coarse,B,2.3485,3.9803,3.4720,False,512,341,0.666667,,HCO+(1-0),2157.1375,7250.822,star,69.471,9.726,54.187,512,20260825,False,False,
LSR J1835+3259,LSR J18353259,3,A002_Xba3ea7_X2ab4,5.6885,91.564887,93.299262,15625000.0000,1734375000.0,2588.54,1284,0.17574,0.87959,5.321197e+13,1.064239e+14,1.418986e+14,1.216274e+14,2.2857,1109.1849,3.598,2,0.1838,1.0000,coarse,B,2.8079,4.1248,4.0229,False,512,136,0.267057,93.096137,HCO+(1-0),3907.1375,13133.126,star,68.015,9.522,53.051,512,20260825,False,False,
LSR J1835+3259,LSR J18353259,3,A002_Xbb44e1_X5d00,5.6885,91.564887,93.299262,15625000.0000,1734375000.0,2092.61,,0.22031,1.10269,6.670832e+13,1.334166e+14,1.778888e+14,1.524762e+14,2.2857,1109.1849,3.598,2,0.1485,,coarse,B,2.0244,4.4538,3.7597,False,512,462,0.902534,,HCO+(1-0),3063.3875,10297.015,star,68.015,9.522,53.051,512,20260825,False,False,
LSR J1835+3259,LSR J18353259,3,A002_Xba3ea7_X2ab4,5.6885,101.627387,103.361762,15625000.0000,1734375000.0,2588.54,1284,0.17798,0.89104,5.390426e+13,1.078085e+14,1.437447e+14,1.232097e+14,2.2857,1229.9349,3.598,2,0.2038,1.0000,coarse,B,1.8887,4.1581,4.3589,False,512,490,0.957115,102.736762,CN(1-0),-10754.2375,-28407.885,star,61.337,8.587,47.843,512,20260825,False,False,
LSR J1835+3259,LSR J18353259,3,A002_Xbb44e1_X5d00,5.6885,101.627387,103.361762,15625000.0000,1734375000.0,2092.61,,0.23094,1.15618,6.994439e+13,1.398888e+14,1.865184e+14,1.598729e+14,2.2857,1229.9349,3.598,2,0.1647,,coarse,B,2.7266,4.3891,3.5299,False,512,162,0.317739,,CN(1-0),-11504.2375,-30389.050,star,61.337,8.587,47.843,512,20260825,False,False,
LSR J1835+3259,LSR J18353259,3,A002_Xba3ea7_X2ab4,5.6885,103.627387,105.361762,15625000.0000,1734375000.0,2588.54,1284,0.18425,0.92244,5.580433e+13,1.116087e+14,1.488115e+14,1.275528e+14,2.2857,1253.9349,3.598,2,0.2077,1.0000,coarse,B,2.3399,4.3493,3.9803,False,512,330,0.645224,104.189887,CN(1-0),-9301.1125,-24569.379,star,60.163,8.423,46.927,512,20260825,False,False,
LSR J1835+3259,LSR J18353259,3,A002_Xbb44e1_X5d00,5.6885,103.627387,105.361762,15625000.0000,1734375000.0,2092.61,,0.23667,1.18491,7.168238e+13,1.433648e+14,1.911530e+14,1.638454e+14,2.2857,1253.9349,3.598,2,0.1679,,coarse,B,3.9335,4.3895,3.9335,False,512,4,0.009747,,CN(1-0),-9176.1125,-24239.185,star,60.163,8.423,46.927,512,20260825,False,False,
HN Lib,HN Lib,6,A002_Xdcf222_X4da7,6.2530,212.077223,213.905348,15625000.0000,1828125000.0,2600.64,,2.04065,10.20349,7.458648e+14,1.491730e+15,1.988973e+15,1.704834e+15,2.2857,2555.8954,3.598,4,0.4254,,coarse,B,2.5447,4.3988,3.4066,False,512,339,0.662768,,SiO(5-4),-4777.7770,-6597.460,star,29.516,4.132,23.023,512,20260825,False,False,
HN Lib,HN Lib,6,A002_Xdcbe57_X2dd3,6.2530,212.078482,213.906607,15625000.0000,1828125000.0,2600.64,,1.93856,9.69294,7.085448e+14,1.417090e+15,1.889453e+15,1.619531e+15,2.2857,2555.9105,3.598,4,0.4254,,coarse,B,2.8020,4.3437,3.4713,False,512,248,0.485380,,SiO(5-4),-4682.7685,-6466.266,star,29.516,4.132,23.023,512,20260825,False,False,
HN Lib,HN Lib,6,A002_Xdcad18_X305b,6.2530,212.078792,213.906917,15625000.0000,1828125000.0,2600.64,,2.01284,10.06436,7.356951e+14,1.471390e+15,1.961854e+15,1.681589e+15,2.2857,2555.9143,3.598,4,0.4254,,coarse,B,2.8973,4.5363,3.1150,False,512,156,0.306043,,SiO(5-4),-4682.4580,-6465.837,star,29.516,4.132,23.023,512,20260825,False,False,
HN Lib,HN Lib,6,A002_Xdc946c_X226,6.2530,212.079364,213.907489,15625000.0000,1828125000.0,2600.64,,2.60962,13.04825,9.538146e+14,1.907629e+15,2.543506e+15,2.180148e+15,2.2857,2555.9211,3.598,4,0.4254,,coarse,B,3.7461,4.4575,4.4237,False,512,24,0.048733,,SiO(5-4),-4306.8858,-5947.223,star,29.516,4.132,23.023,512,20260825,False,False,
HN Lib,HN Lib,6,A002_Xdc621b_X2bb0,6.2530,212.080541,213.908666,15625000.0000,1828125000.0,1451.52,144,2.30536,11.52690,8.426051e+14,1.685210e+15,2.246947e+15,1.925957e+15,2.2857,2555.9352,3.598,3,0.2374,1.0000,coarse,B,2.0771,4.3570,3.4971,False,512,476,0.929825,213.643041,SiO(5-4),-3461.9591,-4780.494,star,29.516,4.132,23.022,512,20260825,False,False,
HN Lib,HN Lib,6,A002_Xdcf222_X4da7,6.2530,214.077141,215.905266,15625000.0000,1828125000.0,2600.64,,1.89328,9.46660,6.919993e+14,1.383999e+15,1.845331e+15,1.581713e+15,2.2857,2579.8944,3.598,4,0.4294,,coarse,B,2.7580,4.6836,3.5732,False,512,231,0.452242,,SiO(5-4),-2293.4838,-3166.989,star,29.242,4.094,22.809,512,20260825,False,False,
HN Lib,HN Lib,6,A002_Xdcbe57_X2dd3,6.2530,214.078412,215.906537,15625000.0000,1828125000.0,2600.64,,1.79617,8.98097,6.565005e+14,1.313001e+15,1.750668e+15,1.500573e+15,2.2857,2579.9097,3.598,4,0.4294,,coarse,B,2.6110,4.5814,3.0081,False,512,316,0.617934,,SiO(5-4),-2385.9635,-3294.691,star,29.242,4.094,22.808,512,20260825,False,False,
HN Lib,HN Lib,6,A002_Xdcad18_X305b,6.2530,214.078725,215.906850,15625000.0000,1828125000.0,2600.64,,1.87412,9.37072,6.849904e+14,1.369981e+15,1.826641e+15,1.565692e+15,2.2857,2579.9134,3.598,4,0.4294,,coarse,B,3.0516,4.0135,4.4525,False,512,124,0.243665,,SiO(5-4),-1963.7751,-2711.706,star,29.242,4.094,22.808,512,20260825,False,False,
HN Lib,HN Lib,6,A002_Xdc946c_X226,6.2530,214.079302,215.907427,15625000.0000,1828125000.0,2600.64,,2.45479,12.27411,8.972255e+14,1.794451e+15,2.392601e+15,2.050801e+15,2.2857,2579.9204,3.598,4,0.4294,,coarse,B,3.1394,4.3491,3.3334,False,512,88,0.173489,,SiO(5-4),-2603.8225,-3595.525,star,29.241,4.094,22.808,512,20260825,False,False,
HN Lib,HN Lib,6,A002_Xdc621b_X2bb0,6.2530,214.080490,215.908615,15625000.0000,1828125000.0,1451.52,144,2.13939,10.69704,7.819430e+14,1.563886e+15,2.085181e+15,1.787300e+15,2.2857,2579.9346,3.598,3,0.2397,1.0000,coarse,B,2.2606,4.5815,2.8328,False,512,450,0.879142,215.705490,SiO(5-4),-1399.5098,-1932.533,star,29.241,4.094,22.808,512,20260825,False,False,
HN Lib,HN Lib,6,A002_Xdcf222_X4da7,6.2530,227.076605,228.904730,15625000.0000,1828125000.0,2600.64,,1.83443,9.17238,6.704917e+14,1.340983e+15,1.787978e+15,1.532552e+15,2.2857,2735.8880,3.598,4,0.4554,,coarse,B,2.6099,4.1903,2.9764,False,512,314,0.614035,,CO(2-1),-2617.6446,-3403.995,star,27.574,3.860,21.508,512,20260825,False,False,
HN Lib,HN Lib,6,A002_Xdcbe57_X2dd3,6.2530,227.077953,228.906078,15625000.0000,1828125000.0,2600.64,,1.94098,9.70506,7.094305e+14,1.418861e+15,1.891815e+15,1.621555e+15,2.2857,2735.9042,3.598,4,0.4554,,coarse,B,2.9024,4.5967,3.1585,False,512,213,0.417154,,CO(2-1),-2694.4225,-3503.837,star,27.574,3.860,21.508,512,20260825,False,False,
HN Lib,HN Lib,6,A002_Xdcad18_X305b,6.2530,227.078285,228.906410,15625000.0000,1828125000.0,2600.64,,1.82314,9.11585,6.663598e+14,1.332720e+15,1.776959e+15,1.523108e+15,2.2857,2735.9082,3.598,4,0.4554,,coarse,B,2.1289,4.0284,2.7273,False,512,481,0.939571,,CO(2-1),-2740.9651,-3564.361,star,27.574,3.860,21.508,512,20260825,False,False,
HN Lib,HN Lib,6,A002_Xdc946c_X226,6.2530,227.078897,228.907022,15625000.0000,1828125000.0,2600.64,,2.39007,11.95052,8.735714e+14,1.747143e+15,2.329524e+15,1.996735e+15,2.2857,2735.9155,3.598,4,0.4554,,coarse,B,2.9587,4.9619,3.8265,False,512,148,0.290448,,CO(2-1),-3209.1027,-4173.129,star,27.574,3.860,21.508,512,20260825,False,False,
HN Lib,HN Lib,6,A002_Xdc621b_X2bb0,6.2530,227.080122,228.908247,15625000.0000,1828125000.0,1451.52,144,2.07150,10.35758,7.571291e+14,1.514258e+15,2.019011e+15,1.730583e+15,2.2857,2735.9302,3.598,3,0.2542,1.0000,coarse,B,3.1661,4.7514,3.2942,False,512,90,0.177388,228.455122,CO(2-1),-2082.8784,-2708.583,star,27.574,3.860,21.508,512,20260825,False,False,
HN Lib,HN Lib,6,A002_Xdcf222_X4da7,6.2530,229.070420,230.910752,488281.2500,1840332031.2,2600.64,,11.58923,57.94753,1.323721e+14,2.647443e+14,3.529923e+14,3.025649e+14,2.2857,2759.8870,3.598,79,14.7,,fine,A,4.1196,5.7126,4.9581,False,512,493,0.962963,,CO(2-1),-1299.6112,-1690.019,star,27.335,3.827,21.321,512,20260825,False,False,
HN Lib,HN Lib,6,A002_Xdcbe57_X2dd3,6.2530,229.071779,230.912111,488281.2500,1840332031.2,2600.64,,11.03442,55.17304,1.260342e+14,2.520685e+14,3.360913e+14,2.880782e+14,2.2857,2759.9033,3.598,79,14.7,,fine,A,4.5248,5.8342,5.2152,False,512,253,0.495127,,CO(2-1),314.0524,408.395,star,27.335,3.827,21.321,512,20260825,False,False,
HN Lib,HN Lib,6,A002_Xdcad18_X305b,6.2530,229.072114,230.912446,488281.2500,1840332031.2,2600.64,,11.43186,57.16023,1.305737e+14,2.611473e+14,3.481964e+14,2.984541e+14,2.2857,2759.9074,3.598,79,14.7,,fine,A,4.6937,5.8188,5.2790,False,512,187,0.366472,,CO(2-1),-679.7529,-883.953,star,27.335,3.827,21.321,512,20260825,False,False,
HN Lib,HN Lib,6,A002_Xdc946c_X226,6.2530,229.072732,230.913064,488281.2500,1840332031.2,2600.64,,14.86530,74.32750,1.697896e+14,3.395793e+14,4.527723e+14,3.880906e+14,2.2857,2759.9148,3.598,79,14.7,,fine,A,4.5914,5.7453,5.1313,False,512,252,0.493177,,CO(2-1),-24.8382,-32.300,star,27.334,3.827,21.321,512,20260825,False,False,
HN Lib,HN Lib,6,A002_Xdc621b_X2bb0,6.2530,229.074003,230.914335,488281.2500,1840332031.2,1451.52,144,13.04266,65.21399,1.489712e+14,2.979424e+14,3.972566e+14,3.409606e+14,2.2888,2759.9300,3.598,42,8.204,0.9987,fine,A,4.5890,6.1485,5.1159,False,512,143,0.280702,229.678007,CO(2-1),-859.9934,-1118.339,star,27.334,3.827,21.321,512,20260825,False,False,
GJ 581,GJ 581,6,A002_Xd16a1e_X8d4,6.3005,223.085939,224.914064,15625000.0000,1828125000.0,2998.80,2975,1.71109,8.55544,6.349206e+14,1.269841e+15,1.693122e+15,1.451247e+15,2.2857,2688.0000,3.598,4,0.5159,1.0000,coarse,B,2.4456,4.3224,2.9867,False,512,410,0.801170,224.710939,,,,star,28.066,3.929,21.891,512,20260825,False,False,
GJ 581,GJ 581,6,A002_Xd1ff61_X166,6.3005,223.085939,224.914064,15625000.0000,1828125000.0,2998.80,,1.59334,7.96944,5.914323e+14,1.182865e+15,1.577153e+15,1.351845e+15,2.2857,2688.0000,3.598,4,0.5159,,coarse,B,2.6069,4.2148,3.7475,False,512,337,0.658869,,13CO(2-1),4108.8144,5588.916,star,28.066,3.929,21.891,512,20260825,False,False,
GJ 581,GJ 581,6,A002_Xd1daeb_X282,6.3005,223.085939,224.914064,15625000.0000,1828125000.0,2998.80,,1.57500,7.87780,5.846315e+14,1.169263e+15,1.559017e+15,1.336301e+15,2.2857,2688.0000,3.598,4,0.5159,,coarse,B,2.6147,4.4047,3.6645,False,512,310,0.606238,,13CO(2-1),4436.9394,6035.240,star,28.066,3.929,21.891,512,20260825,False,False,
GJ 581,GJ 581,6,A002_Xd1b0f3_X2f3,6.3005,223.085939,224.914064,15625000.0000,1828125000.0,2998.80,,1.57674,7.88654,5.852797e+14,1.170559e+15,1.560746e+15,1.337782e+15,2.2857,2688.0000,3.598,4,0.5159,,coarse,B,3.2514,4.4348,3.5461,False,512,68,0.134503,,13CO(2-1),4046.3144,5503.902,star,28.066,3.929,21.891,512,20260825,False,False,
GJ 581,GJ 581,6,A002_Xd248b5_X2fa,6.3005,223.085939,224.914064,15625000.0000,1828125000.0,2998.80,,1.22690,6.13645,4.554015e+14,9.108030e+14,1.214404e+15,1.040918e+15,2.2857,2688.0000,3.598,4,0.5159,,coarse,B,2.9941,4.8298,3.7396,False,512,164,0.321637,,13CO(2-1),3843.1894,5227.606,star,28.066,3.929,21.891,512,20260825,False,False,
GJ 581,GJ 581,6,A002_Xd1c06f_X4a7,6.3005,223.085939,224.914064,15625000.0000,1828125000.0,2998.80,,2.25581,11.28310,8.373472e+14,1.674694e+15,2.232926e+15,1.913936e+15,2.2857,2688.0000,3.598,4,0.5159,,coarse,B,2.4839,4.4337,3.1833,False,512,377,0.736842,,13CO(2-1),3858.8144,5248.860,star,28.066,3.929,21.891,512,20260825,False,False,
GJ 581,GJ 581,6,A002_Xd189ef_X5fa5,6.3005,223.085939,224.914064,15625000.0000,1828125000.0,2998.80,,1.42486,7.12691,5.289061e+14,1.057812e+15,1.410416e+15,1.208928e+15,2.2857,2688.0000,3.598,4,0.5159,,coarse,B,4.2667,5.0321,4.6267,False,512,6,0.013645,,13CO(2-1),4140.0644,5631.423,star,28.066,3.929,21.891,512,20260825,False,False,
GJ 581,GJ 581,6,A002_Xd21a3a_X8a5a,6.3005,223.085939,224.914064,15625000.0000,1828125000.0,2998.80,,1.21727,6.08839,4.518344e+14,9.036688e+14,1.204892e+15,1.032764e+15,2.2857,2688.0000,3.598,4,0.5159,,coarse,B,3.4396,4.4530,3.4672,False,512,49,0.097466,,13CO(2-1),2827.5644,3846.127,star,28.066,3.929,21.891,512,20260825,False,False,
GJ 581,GJ 581,6,A002_Xd1c06f_X9f4c,6.3005,223.085939,224.914064,15625000.0000,1828125000.0,2998.80,,1.96221,9.81455,7.283623e+14,1.456725e+15,1.942299e+15,1.664828e+15,2.2857,2688.0000,3.598,4,0.5159,,coarse,B,2.7048,4.8195,3.7098,False,512,239,0.467836,,13CO(2-1),3811.9394,5185.099,star,28.066,3.929,21.891,512,20260825,False,False,
GJ 581,GJ 581,6,A002_Xd1daeb_X9fd,6.3005,223.085939,224.914064,15625000.0000,1828125000.0,2998.80,,1.59334,7.96952,5.914381e+14,1.182876e+15,1.577168e+15,1.351859e+15,2.2857,2688.0000,3.598,4,0.5159,,coarse,B,2.2871,4.4567,3.5651,False,512,466,0.910331,,13CO(2-1),4499.4394,6120.255,star,28.066,3.929,21.891,512,20260825,False,False,
GJ 581,GJ 581,6,A002_Xd1b0f3_Xb67,6.3005,223.085939,224.914064,15625000.0000,1828125000.0,2998.80,,1.80839,9.04522,6.712685e+14,1.342537e+15,1.790049e+15,1.534328e+15,2.2857,2688.0000,3.598,4,0.5159,,coarse,B,3.2383,4.8481,3.7180,False,512,61,0.120858,,13CO(2-1),3640.0644,4951.310,star,28.066,3.929,21.891,512,20260825,False,False,
GJ 581,GJ 581,6,A002_Xd16a1e_Xf0d,6.3005,223.085939,224.914064,15625000.0000,1828125000.0,2997.79,,2.19439,10.97604,8.145592e+14,1.629118e+15,2.172158e+15,1.861850e+15,2.2857,2688.0000,3.598,4,0.5157,,coarse,B,3.2888,4.9345,3.4312,False,512,66,0.130604,,13CO(2-1),4280.6894,5822.705,star,28.066,3.929,21.891,512,20260825,False,False,
GJ 581,GJ 581,6,A002_Xd16a1e_X8d4,6.3005,225.085939,226.914064,15625000.0000,1828125000.0,2998.80,2975,1.62054,8.10268,6.013204e+14,1.202641e+15,1.603521e+15,1.374447e+15,2.2857,2712.0000,3.598,4,0.5205,1.0000,coarse,B,3.4852,4.1051,4.4066,False,512,28,0.056530,225.460939,,,,star,27.817,3.894,21.698,512,20260825,False,False,
GJ 581,GJ 581,6,A002_Xd1ff61_X166,6.3005,225.085939,226.914064,15625000.0000,1828125000.0,2998.80,,1.50464,7.52582,5.585103e+14,1.117021e+15,1.489361e+15,1.276595e+15,2.2857,2712.0000,3.598,4,0.5205,,coarse,B,2.2151,4.0562,3.9311,False,512,464,0.906433,,CO(2-1),-3639.5606,-4732.898,star,27.817,3.894,21.698,512,20260825,False,False,
GJ 581,GJ 581,6,A002_Xd1daeb_X282,6.3005,225.085939,226.914064,15625000.0000,1828125000.0,2998.80,,1.47627,7.38403,5.479873e+14,1.095975e+15,1.461299e+15,1.252542e+15,2.2857,2712.0000,3.598,4,0.5205,,coarse,B,2.7004,4.2266,3.5536,False,512,275,0.538012,,CO(2-1),-3670.8106,-4773.536,star,27.817,3.894,21.698,512,20260825,False,False,
GJ 581,GJ 581,6,A002_Xd1b0f3_X2f3,6.3005,225.085939,226.914064,15625000.0000,1828125000.0,2998.80,,1.47894,7.39741,5.489804e+14,1.097961e+15,1.463948e+15,1.254812e+15,2.2857,2712.0000,3.598,4,0.5205,,coarse,B,2.9847,5.0640,3.1891,False,512,150,0.294347,,13CO(2-1),4780.6894,6502.818,star,27.817,3.894,21.698,512,20260825,False,False,
GJ 581,GJ 581,6,A002_Xd248b5_X2fa,6.3005,225.085939,226.914064,15625000.0000,1828125000.0,2998.80,,1.12707,5.63721,4.183518e+14,8.367037e+14,1.115605e+15,9.562328e+14,2.2857,2712.0000,3.598,4,0.5205,,coarse,B,2.3235,4.6977,3.1013,False,512,439,0.857700,,CO(2-1),-3795.8106,-4936.086,star,27.817,3.894,21.698,512,20260825,False,False,
GJ 581,GJ 581,6,A002_Xd1c06f_X4a7,6.3005,225.085939,226.914064,15625000.0000,1828125000.0,2998.80,,2.14706,10.73920,7.969828e+14,1.593966e+15,2.125287e+15,1.821675e+15,2.2857,2712.0000,3.598,4,0.5205,,coarse,B,2.4964,4.7947,3.7511,False,512,391,0.764133,,CO(2-1),-4077.0606,-5301.824,star,27.817,3.894,21.698,512,20260825,False,False,
GJ 581,GJ 581,6,A002_Xd189ef_X5fa5,6.3005,225.085939,226.914064,15625000.0000,1828125000.0,2998.80,,1.31706,6.58775,4.888938e+14,9.777876e+14,1.303717e+15,1.117472e+15,2.2857,2712.0000,3.598,4,0.5205,,coarse,B,2.8300,4.0536,3.4348,False,512,219,0.428850,,13CO(2-1),4796.3144,6524.072,star,27.817,3.894,21.698,512,20260825,False,False,
GJ 581,GJ 581,6,A002_Xd21a3a_X8a5a,6.3005,225.085939,226.914064,15625000.0000,1828125000.0,2998.80,,1.12733,5.63853,4.184491e+14,8.368982e+14,1.115864e+15,9.564551e+14,2.2857,2712.0000,3.598,4,0.5205,,coarse,B,2.3328,4.6286,3.0838,False,512,455,0.888889,,13CO(2-1),4733.8144,6439.058,star,27.817,3.894,21.698,512,20260825,False,False,
GJ 581,GJ 581,6,A002_Xd1c06f_X9f4c,6.3005,225.085939,226.914064,15625000.0000,1828125000.0,2998.80,,1.85527,9.27970,6.886699e+14,1.377340e+15,1.836453e+15,1.574103e+15,2.2857,2712.0000,3.598,4,0.5205,,coarse,B,2.5752,4.0840,3.3398,False,512,314,0.614035,,CO(2-1),-4952.0606,-6439.678,star,27.817,3.894,21.698,512,20260825,False,False,
GJ 581,GJ 581,6,A002_Xd1daeb_X9fd,6.3005,225.085939,226.914064,15625000.0000,1828125000.0,2998.80,,1.50005,7.50292,5.568107e+14,1.113621e+15,1.484828e+15,1.272710e+15,2.2857,2712.0000,3.598,4,0.5205,,coarse,B,2.2204,4.9532,3.1306,False,512,485,0.947368,,CO(2-1),-3936.4356,-5118.955,star,27.817,3.894,21.698,512,20260825,False,False,
GJ 581,GJ 581,6,A002_Xd1b0f3_Xb67,6.3005,225.085939,226.914064,15625000.0000,1828125000.0,2998.80,,1.72306,8.61844,6.395962e+14,1.279192e+15,1.705590e+15,1.461934e+15,2.2857,2712.0000,3.598,4,0.5205,,coarse,B,3.1791,4.5237,3.8422,False,512,102,0.200780,,CO(2-1),-4155.1856,-5403.419,star,27.817,3.894,21.698,512,20260825,False,False,
GJ 581,GJ 581,6,A002_Xd16a1e_Xf0d,6.3005,225.085939,226.914064,15625000.0000,1828125000.0,2998.80,,2.09373,10.47266,7.772024e+14,1.554405e+15,2.072540e+15,1.776463e+15,2.2857,2712.0000,3.598,4,0.5205,,coarse,B,3.1820,4.2776,3.5750,False,512,94,0.185185,,CO(2-1),-4061.4356,-5281.506,star,27.817,3.894,21.698,512,20260825,False,False,
GJ 581,GJ 581,6,A002_Xd16a1e_X8d4,6.3005,239.085936,240.914061,15625000.0000,1828125000.0,2998.80,2975,1.78011,8.90053,6.605308e+14,1.321062e+15,1.761416e+15,1.509785e+15,2.2857,2880.0000,3.598,4,0.5527,1.0000,coarse,B,3.5912,4.7695,3.6680,False,512,50,0.099415,240.242186,,,,star,26.195,3.667,20.432,512,20260825,False,False,
GJ 581,GJ 581,6,A002_Xd1ff61_X166,6.3005,239.085936,240.914061,15625000.0000,1828125000.0,2998.80,,1.66455,8.32601,6.178939e+14,1.235788e+15,1.647717e+15,1.412329e+15,2.2857,2880.0000,3.598,4,0.5527,,coarse,B,3.5165,4.0298,3.6509,False,512,27,0.054581,,CS(5-4),-4959.4394,-6070.167,star,26.195,3.667,20.432,512,20260825,False,False,
GJ 581,GJ 581,6,A002_Xd1daeb_X282,6.3005,239.085936,240.914061,15625000.0000,1828125000.0,2998.80,,1.62436,8.12510,6.029842e+14,1.205968e+15,1.607958e+15,1.378250e+15,2.2857,2880.0000,3.598,4,0.5527,,coarse,B,3.0151,4.5599,3.2895,False,512,158,0.309942,,CS(5-4),-4521.9394,-5534.684,star,26.195,3.667,20.432,512,20260825,False,False,
GJ 581,GJ 581,6,A002_Xd1b0f3_X2f3,6.3005,239.085936,240.914061,15625000.0000,1828125000.0,2998.80,,1.62701,8.13842,6.039722e+14,1.207944e+15,1.610593e+15,1.380508e+15,2.2857,2880.0000,3.598,4,0.5527,,coarse,B,2.3114,4.8864,3.2048,False,512,438,0.855750,,CS(5-4),-5271.9394,-6452.656,star,26.195,3.667,20.432,512,20260825,False,False,
GJ 581,GJ 581,6,A002_Xd248b5_X2fa,6.3005,239.085936,240.914061,15625000.0000,1828125000.0,2998.80,,1.23323,6.16844,4.577753e+14,9.155507e+14,1.220734e+15,1.046344e+15,2.2857,2880.0000,3.598,4,0.5527,,coarse,B,2.6870,4.0884,2.9650,False,512,303,0.592593,,CS(5-4),-5443.8144,-6663.024,star,26.195,3.667,20.432,512,20260825,False,False,
GJ 581,GJ 581,6,A002_Xd1c06f_X4a7,6.3005,239.085936,240.914061,15625000.0000,1828125000.0,2998.80,,2.36426,11.82618,8.776503e+14,1.755301e+15,2.340401e+15,2.006058e+15,2.2857,2880.0000,3.598,4,0.5527,,coarse,B,2.5662,4.1278,3.3473,False,512,360,0.703704,,CS(5-4),-4615.6894,-5649.430,star,26.195,3.667,20.432,512,20260825,False,False,
GJ 581,GJ 581,6,A002_Xd189ef_X5fa5,6.3005,239.085936,240.914061,15625000.0000,1828125000.0,2998.80,,1.44373,7.22168,5.359387e+14,1.071877e+15,1.429170e+15,1.225003e+15,2.2857,2880.0000,3.598,4,0.5527,,coarse,B,3.4105,4.2045,3.6314,False,512,48,0.095517,,CS(5-4),-4771.9394,-5840.674,star,26.195,3.667,20.432,512,20260825,False,False,
GJ 581,GJ 581,6,A002_Xd21a3a_X8a5a,6.3005,239.085936,240.914061,15625000.0000,1828125000.0,2998.80,,1.24088,6.20678,4.606206e+14,9.212412e+14,1.228322e+15,1.052847e+15,2.2857,2880.0000,3.598,4,0.5527,,coarse,B,2.7546,4.2196,2.9692,False,512,266,0.520468,,CS(5-4),-4725.0644,-5783.301,star,26.195,3.667,20.432,512,20260825,False,False,
GJ 581,GJ 581,6,A002_Xd1c06f_X9f4c,6.3005,239.085936,240.914061,15625000.0000,1828125000.0,2998.80,,2.05657,10.28706,7.634287e+14,1.526857e+15,2.035810e+15,1.744980e+15,2.2857,2880.0000,3.598,4,0.5527,,coarse,B,3.7408,4.6350,4.1003,False,512,6,0.013645,,CS(5-4),-5240.6894,-6414.407,star,26.195,3.667,20.432,512,20260825,False,False,
GJ 581,GJ 581,6,A002_Xd1daeb_X9fd,6.3005,239.085936,240.914061,15625000.0000,1828125000.0,2998.80,,1.65098,8.25826,6.128660e+14,1.225732e+15,1.634309e+15,1.400837e+15,2.2857,2880.0000,3.598,4,0.5527,,coarse,B,2.6783,4.4691,3.3089,False,512,306,0.598441,,CS(5-4),-5818.8144,-7122.010,star,26.195,3.667,20.432,512,20260825,False,False,
GJ 581,GJ 581,6,A002_Xd1b0f3_Xb67,6.3005,239.085936,240.914061,15625000.0000,1828125000.0,2998.80,,1.88858,9.44681,7.010718e+14,1.402144e+15,1.869525e+15,1.602450e+15,2.2857,2880.0000,3.598,4,0.5527,,coarse,B,1.7346,4.3095,3.4414,False,512,512,1.000000,,CS(5-4),-4037.5644,-4941.827,star,26.195,3.667,20.432,512,20260825,False,False,
GJ 581,GJ 581,6,A002_Xd16a1e_Xf0d,6.3005,239.085936,240.914061,15625000.0000,1828125000.0,2998.80,,2.30704,11.54017,8.564253e+14,1.712851e+15,2.283801e+15,1.957543e+15,2.2857,2880.0000,3.598,4,0.5527,,coarse,B,2.9962,4.6019,3.6576,False,512,145,0.284600,,CS(5-4),-5850.0644,-7160.259,star,26.195,3.667,20.432,512,20260825,False,False,
GJ 581,GJ 581,6,A002_Xd16a1e_X8d4,6.3005,241.085936,242.914061,15625000.0000,1828125000.0,2998.80,2975,1.87936,9.39682,6.973619e+14,1.394724e+15,1.859632e+15,1.593970e+15,2.2857,2904.0000,3.598,4,0.5573,1.0000,coarse,B,2.4510,4.4079,3.2749,False,512,394,0.769981,242.164061,,,,star,25.978,3.637,20.263,512,20260825,False,False,
GJ 581,GJ 581,6,A002_Xd1ff61_X166,6.3005,241.085936,242.914061,15625000.0000,1828125000.0,2998.80,,1.76043,8.80569,6.534926e+14,1.306985e+15,1.742647e+15,1.493697e+15,2.2857,2904.0000,3.598,4,0.5573,,coarse,B,3.4599,4.3281,4.2263,False,512,49,0.097466,,CS(5-4),-2506.3144,-3067.635,star,25.978,3.637,20.263,512,20260825,False,False,
GJ 581,GJ 581,6,A002_Xd1daeb_X282,6.3005,241.085936,242.914061,15625000.0000,1828125000.0,2998.80,,1.71762,8.59165,6.376076e+14,1.275215e+15,1.700287e+15,1.457389e+15,2.2857,2904.0000,3.598,4,0.5573,,coarse,B,3.9221,4.8421,4.6818,False,512,14,0.029240,,CS(5-4),-3068.8144,-3756.113,star,25.978,3.637,20.263,512,20260825,False,False,
GJ 581,GJ 581,6,A002_Xd1b0f3_X2f3,6.3005,241.085936,242.914061,15625000.0000,1828125000.0,2998.80,,1.71709,8.58905,6.374152e+14,1.274830e+15,1.699774e+15,1.456949e+15,2.2857,2904.0000,3.598,4,0.5573,,coarse,B,3.5290,4.1466,4.0605,False,512,21,0.042885,,CS(5-4),-2975.0644,-3641.367,star,25.978,3.637,20.263,512,20260825,False,False,
GJ 581,GJ 581,6,A002_Xd248b5_X2fa,6.3005,241.085936,242.914061,15625000.0000,1828125000.0,2998.80,,1.31792,6.59209,4.892157e+14,9.784314e+14,1.304575e+15,1.118207e+15,2.2857,2904.0000,3.598,4,0.5573,,coarse,B,2.6424,4.6031,3.1018,False,512,309,0.604288,,CS(5-4),-2725.0644,-3335.376,star,25.978,3.637,20.263,512,20260825,False,False,
GJ 581,GJ 581,6,A002_Xd1c06f_X4a7,6.3005,241.085936,242.914061,15625000.0000,1828125000.0,2998.80,,2.49181,12.46424,9.250028e+14,1.850006e+15,2.466674e+15,2.114292e+15,2.2857,2904.0000,3.598,4,0.5573,,coarse,B,2.8780,4.4934,3.8516,False,512,209,0.409357,,CS(5-4),-2443.8144,-2991.137,star,25.978,3.637,20.263,512,20260825,False,False,
GJ 581,GJ 581,6,A002_Xd189ef_X5fa5,6.3005,241.085936,242.914061,15625000.0000,1828125000.0,2998.80,,1.52949,7.65070,5.677779e+14,1.135556e+15,1.514074e+15,1.297778e+15,2.2857,2904.0000,3.598,4,0.5573,,coarse,B,2.9575,4.2573,3.1762,False,512,150,0.294347,,CS(5-4),-3334.4394,-4081.229,star,25.978,3.637,20.263,512,20260825,False,False,
GJ 581,GJ 581,6,A002_Xd21a3a_X8a5a,6.3005,241.085936,242.914061,15625000.0000,1828125000.0,2998.80,,1.31446,6.57482,4.879340e+14,9.758679e+14,1.301157e+15,1.115278e+15,2.2857,2904.0000,3.598,4,0.5573,,coarse,B,3.2098,4.4219,3.9138,False,512,76,0.150097,,CS(5-4),-3662.5644,-4482.841,star,25.978,3.637,20.263,512,20260825,False,False,
GJ 581,GJ 581,6,A002_Xd1c06f_X9f4c,6.3005,241.085936,242.914061,15625000.0000,1828125000.0,2998.80,,2.17418,10.87542,8.070926e+14,1.614185e+15,2.152247e+15,1.844783e+15,2.2857,2904.0000,3.598,4,0.5573,,coarse,B,2.9750,4.4669,3.1290,False,512,141,0.276803,,CS(5-4),-3021.9394,-3698.740,star,25.978,3.637,20.263,512,20260825,False,False,
GJ 581,GJ 581,6,A002_Xd1daeb_X9fd,6.3005,241.085936,242.914061,15625000.0000,1828125000.0,2997.79,,1.74665,8.73685,6.483834e+14,1.296767e+15,1.729022e+15,1.482019e+15,2.2857,2904.0000,3.598,4,0.5572,,coarse,B,2.9678,4.1196,4.4930,False,512,166,0.325536,,CS(5-4),-3631.3144,-4444.592,star,25.978,3.637,20.263,512,20260825,False,False,
GJ 581,GJ 581,6,A002_Xd1b0f3_Xb67,6.3005,241.085936,242.914061,15625000.0000,1828125000.0,2998.80,,1.99152,9.96178,7.392885e+14,1.478577e+15,1.971436e+15,1.689802e+15,2.2857,2904.0000,3.598,4,0.5573,,coarse,B,3.5498,4.4924,3.8795,False,512,47,0.093567,,CS(5-4),-3396.9394,-4157.726,star,25.978,3.637,20.263,512,20260825,False,False,
GJ 581,GJ 581,6,A002_Xd16a1e_Xf0d,6.3005,241.085936,242.914061,15625000.0000,1828125000.0,2997.79,,2.41409,12.07571,8.961686e+14,1.792337e+15,2.389783e+15,2.048385e+15,2.2857,2904.0000,3.598,4,0.5572,,coarse,B,3.3488,4.5404,3.5758,False,512,66,0.130604,,CS(5-4),-3678.1894,-4501.966,star,25.978,3.637,20.263,512,20260825,False,False,
lp 876-10 Gaia DR3 6623351805412369024,lp 876-10  Gaia DR3 6623351805412369024,7,A002_Xce574d_X8706,7.6763,332.965910,334.700285,15625000.0000,1734375000.0,2788.13,,0.28222,1.41189,1.555388e+14,3.110776e+14,4.147701e+14,3.555173e+14,2.2857,4005.9972,3.598,4,0.7148,,coarse,B,2.4200,4.6925,3.8753,False,512,393,0.768031,,CO(3-2),-12767.5895,-11069.032,star,18.832,2.636,14.689,512,20260825,False,False,
lp 876-10 Gaia DR3 6623351805412369024,lp 876-10  Gaia DR3 6623351805412369024,7,A002_Xce0587_Xe4d0,7.6763,332.966395,334.700770,15625000.0000,1734375000.0,2788.13,,0.35217,1.76186,1.940932e+14,3.881864e+14,5.175818e+14,4.436416e+14,2.2857,4006.0030,3.598,4,0.7148,,coarse,B,2.1869,4.9108,3.9120,False,512,482,0.941520,,CO(3-2),-12360.8545,-10716.408,star,18.832,2.636,14.689,512,20260825,False,False,
lp 876-10 Gaia DR3 6623351805412369024,lp 876-10  Gaia DR3 6623351805412369024,7,A002_Xcda49e_Xdebb,7.6763,332.966462,334.700837,15625000.0000,1734375000.0,2788.13,461,0.29034,1.45251,1.600137e+14,3.200275e+14,4.267033e+14,3.657460e+14,2.2857,4006.0038,3.598,4,0.7148,1.0000,coarse,B,2.7089,4.6287,3.9661,False,512,289,0.565302,333.841462,CO(3-2),-11954.5385,-10364.147,star,18.832,2.636,14.689,512,20260825,False,False,
lp 876-10 Gaia DR3 6623351805412369024,lp 876-10  Gaia DR3 6623351805412369024,7,A002_Xce574d_X8706,7.6763,334.923910,336.658285,15625000.0000,1734375000.0,2788.13,,0.24385,1.21996,1.343956e+14,2.687912e+14,3.583883e+14,3.071900e+14,2.2857,4029.4932,3.598,4,0.719,,coarse,B,2.7421,4.3949,4.0170,False,512,263,0.514620,,CO(3-2),-10387.7145,-9005.768,star,18.722,2.621,14.603,512,20260825,False,False,
lp 876-10 Gaia DR3 6623351805412369024,lp 876-10  Gaia DR3 6623351805412369024,7,A002_Xce0587_Xe4d0,7.6763,334.924395,336.658770,15625000.0000,1734375000.0,2788.13,,0.30748,1.53826,1.694606e+14,3.389211e+14,4.518949e+14,3.873385e+14,2.2857,4029.4990,3.598,4,0.719,,coarse,B,2.6488,4.3031,3.8501,False,512,296,0.578947,,CO(3-2),-10168.4795,-8815.699,star,18.722,2.621,14.603,512,20260825,False,False,
lp 876-10 Gaia DR3 6623351805412369024,lp 876-10  Gaia DR3 6623351805412369024,7,A002_Xcda49e_Xdebb,7.6763,334.924462,336.658837,15625000.0000,1734375000.0,2788.13,461,0.25116,1.25653,1.384234e+14,2.768467e+14,3.691290e+14,3.163966e+14,2.2857,4029.4998,3.598,4,0.719,1.0000,coarse,B,3.7578,4.5353,4.3150,False,512,15,0.031189,335.408837,CO(3-2),-10387.1635,-9005.290,star,18.722,2.621,14.603,512,20260825,False,False,
lp 876-10 Gaia DR3 6623351805412369024,lp 876-10  Gaia DR3 6623351805412369024,7,A002_Xce574d_X8706,7.6763,344.970549,346.695647,488281.2500,1725097656.2,2026.08,,1.56965,7.85303,2.703492e+13,5.406985e+13,7.209313e+13,6.179411e+13,2.2857,4149.9972,3.598,95,17.22,,fine,A,4.5901,5.7260,5.3172,False,512,214,0.419103,,CO(3-2),227.2835,197.046,star,18.178,2.545,14.179,512,20260825,False,False,
lp 876-10 Gaia DR3 6623351805412369024,lp 876-10  Gaia DR3 6623351805412369024,7,A002_Xce0587_Xe4d0,7.6763,344.971034,346.696132,488281.2500,1725097656.2,2026.08,,1.89446,9.47809,3.262936e+13,6.525871e+13,8.701162e+13,7.458139e+13,2.2857,4150.0030,3.598,92,17.22,,fine,A,4.2933,5.6518,5.3724,False,512,432,0.844055,,CO(3-2),-675.0635,-585.255,star,18.178,2.545,14.179,512,20260825,False,False,
lp 876-10 Gaia DR3 6623351805412369024,lp 876-10  Gaia DR3 6623351805412369024,7,A002_Xcda49e_Xdebb,7.6763,344.971100,346.696198,488281.2500,1725097656.2,2026.08,335,1.57025,7.85604,2.704528e+13,5.409056e+13,7.212075e+13,6.188501e+13,2.2882,4150.0038,3.598,91,17.22,0.9989,fine,A,4.1514,5.8031,5.3652,False,512,495,0.966862,345.820221,CO(3-2),24.2213,20.999,star,18.178,2.545,14.179,512,20260825,False,False,
lp 876-10 Gaia DR3 6623351805412369024,lp 876-10  Gaia DR3 6623351805412369024,7,A002_Xce574d_X8706,7.6763,346.965910,348.700285,15625000.0000,1734375000.0,2788.13,,0.29072,1.45450,1.602328e+14,3.204656e+14,4.272874e+14,3.662464e+14,2.2857,4173.9972,3.598,4,0.7448,,coarse,B,2.4573,4.6763,4.0933,False,512,374,0.730994,,CO(3-2),1966.7855,1705.131,star,18.074,2.530,14.098,512,20260825,False,False,
lp 876-10 Gaia DR3 6623351805412369024,lp 876-10  Gaia DR3 6623351805412369024,7,A002_Xce0587_Xe4d0,7.6763,346.966395,348.700770,15625000.0000,1734375000.0,2788.13,,0.35680,1.78509,1.966517e+14,3.933034e+14,5.244045e+14,4.494896e+14,2.2857,4174.0030,3.598,4,0.7448,,coarse,B,2.3995,4.8511,3.6215,False,512,415,0.810916,,CO(3-2),2576.6455,2233.857,star,18.074,2.530,14.098,512,20260825,False,False,
lp 876-10 Gaia DR3 6623351805412369024,lp 876-10  Gaia DR3 6623351805412369024,7,A002_Xcda49e_Xdebb,7.6763,346.966462,348.700837,15625000.0000,1734375000.0,2788.13,461,0.29717,1.48676,1.637872e+14,3.275745e+14,4.367659e+14,3.743712e+14,2.2857,4174.0038,3.598,4,0.7448,1.0000,coarse,B,2.3962,4.5387,4.5944,False,512,425,0.830409,347.450837,CO(3-2),1654.8365,1434.683,star,18.074,2.530,14.098,512,20260825,False,False,
61 Vir,61 Vir,7,A002_Xc079b5_X82f,8.5344,332.925384,334.659759,15625000.0000,1734375000.0,2268.00,,3.73624,18.68186,2.543892e+15,5.087785e+15,6.783713e+15,5.814611e+15,2.2857,4005.5109,3.598,5,0.5814,,coarse,B,2.9460,4.3984,3.2267,False,512,179,0.350877,,CO(3-2),-11683.1163,-10128.834,star,18.834,2.637,14.691,512,20260825,False,False,
61 Vir,61 Vir,7,A002_Xc079b5_X1ae,8.5344,332.925632,334.660007,15625000.0000,1734375000.0,2268.00,,4.31442,21.57286,2.937556e+15,5.875112e+15,7.833483e+15,6.714414e+15,2.2857,4005.5138,3.598,5,0.5814,,coarse,B,3.8016,4.7898,3.9033,False,512,9,0.019493,,CO(3-2),-12542.2430,-10873.665,star,18.834,2.637,14.691,512,20260825,False,False,
61 Vir,61 Vir,7,A002_Xc074d4_X2e6,8.5344,332.925877,334.660252,15625000.0000,1734375000.0,2268.00,,3.59957,17.99843,2.450830e+15,4.901660e+15,6.535547e+15,5.601898e+15,2.2857,4005.5168,3.598,5,0.5814,,coarse,B,2.8592,5.3578,3.3862,False,512,272,0.532164,,CO(3-2),-12432.6226,-10778.628,star,18.834,2.637,14.691,512,20260825,False,False,
61 Vir,61 Vir,7,A002_Xc067f7_X822,8.5344,332.926816,334.661191,15625000.0000,1734375000.0,2268.00,225,4.70060,23.50372,3.200480e+15,6.400961e+15,8.534614e+15,7.315404e+15,2.2857,4005.5280,3.598,5,0.5814,1.0000,coarse,B,3.0796,4.3773,3.8866,False,512,134,0.263158,334.176816,CO(3-2),-11619.1842,-10073.407,star,18.834,2.637,14.691,512,20260825,False,False,
61 Vir,61 Vir,7,A002_X9db5ce_X224b,8.5344,332.927378,334.661753,15625000.0000,1734375000.0,2751.84,,0.39809,1.99047,2.710401e+14,5.420801e+14,7.227735e+14,6.195201e+14,2.2857,4005.5348,3.598,5,0.7054,,coarse,B,2.2506,5.0395,3.5727,False,512,468,0.914230,,CO(3-2),-12806.1218,-11102.438,star,18.834,2.637,14.691,512,20260825,False,False,
61 Vir,61 Vir,7,A002_Xc079b5_X82f,8.5344,334.820884,336.555259,15625000.0000,1734375000.0,2268.00,,3.39850,16.99310,2.313935e+15,4.627869e+15,6.170492e+15,5.288993e+15,2.2857,4028.2569,3.598,5,0.5847,,coarse,B,2.7753,4.2094,3.9054,False,512,275,0.538012,,CO(3-2),-10834.4913,-9393.107,star,18.728,2.622,14.608,512,20260825,False,False,
61 Vir,61 Vir,7,A002_Xc079b5_X1ae,8.5344,334.821132,336.555507,15625000.0000,1734375000.0,2268.00,,3.82913,19.14633,2.607138e+15,5.214277e+15,6.952369e+15,5.959174e+15,2.2857,4028.2598,3.598,5,0.5847,,coarse,B,3.4327,4.5812,3.5506,False,512,72,0.142300,,CO(3-2),-9506.1180,-8241.456,star,18.728,2.622,14.608,512,20260825,False,False,
61 Vir,61 Vir,7,A002_Xc074d4_X2e6,8.5344,334.821377,336.555752,15625000.0000,1734375000.0,2268.00,,3.29685,16.48479,2.244719e+15,4.489437e+15,5.985916e+15,5.130785e+15,2.2857,4028.2628,3.598,5,0.5847,,coarse,B,2.9514,4.7041,3.3576,False,512,241,0.471735,,CO(3-2),-10818.3726,-9379.133,star,18.728,2.622,14.608,512,20260825,False,False,
61 Vir,61 Vir,7,A002_Xc067f7_X822,8.5344,334.822316,336.556691,15625000.0000,1734375000.0,2268.00,225,3.72851,18.64310,2.538614e+15,5.077228e+15,6.769637e+15,5.802562e+15,2.2857,4028.2740,3.598,5,0.5847,1.0000,coarse,B,2.4379,4.1879,2.9183,False,512,382,0.746589,336.009816,CO(3-2),-9786.1842,-8484.263,star,18.728,2.622,14.608,512,20260825,False,False,
61 Vir,61 Vir,7,A002_X9db5ce_X224b,8.5344,334.864878,336.599253,15625000.0000,1734375000.0,2751.84,,0.34415,1.72075,2.343125e+14,4.686250e+14,6.248334e+14,5.355714e+14,2.2857,4028.7848,3.598,5,0.7095,,coarse,B,3.4262,4.5856,3.7919,False,512,46,0.091618,,CO(3-2),-9446.7468,-8189.983,star,18.725,2.622,14.606,512,20260825,False,False,
61 Vir,61 Vir,7,A002_Xc079b5_X82f,8.5344,344.872405,346.712737,488281.2500,1840332031.2,2268.00,,19.30166,96.51187,4.106854e+14,8.213707e+14,1.095161e+15,9.387094e+14,2.2857,4149.5109,3.598,118,19.27,,fine,A,6.1558,5.8782,6.4074,True,512,0,0.001949,,CO(3-2),517.8115,448.924,star,18.181,2.545,14.181,512,20260825,True,True,
61 Vir,61 Vir,7,A002_Xc079b5_X1ae,8.5344,344.872653,346.712986,488281.2500,1840332031.2,2268.00,,22.02756,110.14183,4.686847e+14,9.373695e+14,1.249826e+15,1.071279e+15,2.2857,4149.5138,3.598,117,19.27,,fine,A,4.8324,5.8886,5.5991,False,512,119,0.233918,,CO(3-2),-275.8856,-239.183,star,18.181,2.545,14.181,512,20260825,False,False,
61 Vir,61 Vir,7,A002_Xc074d4_X2e6,8.5344,344.872899,346.713231,488281.2500,1840332031.2,2268.00,,18.79242,93.96543,3.998496e+14,7.996991e+14,1.066266e+15,9.139419e+14,2.2857,4149.5168,3.598,118,19.27,,fine,A,4.8079,5.7643,5.3708,False,512,162,0.317739,,CO(3-2),-293.7066,-254.633,star,18.181,2.545,14.181,512,20260825,False,False,
61 Vir,61 Vir,7,A002_Xc067f7_X822,8.5344,344.873837,346.714169,488281.2500,1840332031.2,2268.00,225,21.24318,106.21929,4.519932e+14,9.039864e+14,1.205315e+15,1.036252e+15,2.2926,4149.5280,3.598,118,19.27,0.9970,fine,A,4.8186,6.4515,5.0802,False,512,146,0.286550,345.559872,CO(3-2),-236.1276,-204.714,star,18.181,2.545,14.181,512,20260825,False,False,
61 Vir,61 Vir,7,A002_X9db5ce_X224b,8.5344,344.932017,346.657115,488281.2500,1725097656.2,2751.84,,1.95031,9.75154,4.149559e+13,8.299117e+13,1.106549e+14,9.484706e+13,2.2857,4149.5348,3.598,123,23.39,,fine,A,4.5596,6.2212,5.6546,False,512,310,0.606238,,CO(3-2),446.5637,387.154,star,18.181,2.545,14.181,512,20260825,False,False,
61 Vir,61 Vir,7,A002_Xc079b5_X82f,8.5344,346.820884,348.555259,15625000.0000,1734375000.0,2268.00,,3.82938,19.14763,2.607315e+15,5.214629e+15,6.952839e+15,5.959576e+15,2.2857,4172.2569,3.598,5,0.6056,,coarse,B,2.8610,3.9258,3.2453,False,512,263,0.514620,,CO(3-2),1696.7587,1471.028,star,18.082,2.531,14.104,512,20260825,False,False,
61 Vir,61 Vir,7,A002_Xc079b5_X1ae,8.5344,346.821132,348.555507,15625000.0000,1734375000.0,2268.00,,4.34294,21.71551,2.956980e+15,5.913961e+15,7.885281e+15,6.758813e+15,2.2857,4172.2598,3.598,5,0.6056,,coarse,B,2.5885,4.1118,4.1918,False,512,336,0.656920,,CO(3-2),1103.2570,956.483,star,18.081,2.531,14.104,512,20260825,False,False,
61 Vir,61 Vir,7,A002_Xc074d4_X2e6,8.5344,346.821377,348.555752,15625000.0000,1734375000.0,2268.00,,3.71737,18.58750,2.531042e+15,5.062085e+15,6.749446e+15,5.785240e+15,2.2857,4172.2628,3.598,5,0.6056,,coarse,B,2.6254,4.8344,3.6295,False,512,332,0.649123,,CO(3-2),1525.3774,1322.446,star,18.081,2.531,14.104,512,20260825,False,False,
61 Vir,61 Vir,7,A002_Xc067f7_X822,8.5344,346.822316,348.556691,15625000.0000,1734375000.0,2268.00,225,4.21038,21.05257,2.866710e+15,5.733419e+15,7.644559e+15,6.552499e+15,2.2857,4172.2740,3.598,5,0.6056,1.0000,coarse,B,2.4836,4.7821,3.5609,False,512,377,0.736842,346.962941,CO(3-2),1166.9408,1011.695,star,18.081,2.531,14.104,512,20260825,False,False,
61 Vir,61 Vir,7,A002_X9db5ce_X224b,8.5344,346.927378,348.661753,15625000.0000,1734375000.0,2751.84,,0.39562,1.97810,2.693565e+14,5.387130e+14,7.182840e+14,6.156720e+14,2.2857,4173.5348,3.598,5,0.735,,coarse,B,2.7616,4.6999,3.8919,False,512,275,0.538012,,CO(3-2),2584.5032,2240.670,star,18.076,2.531,14.099,512,20260825,False,False,
chi01 Ori,chi01 Ori,3,A002_X74deb6_Xff1,8.6995,94.127387,95.861762,15625000.0000,1734375000.0,2782.08,1380,0.15200,0.76023,1.075625e+14,2.151250e+14,2.868333e+14,2.458571e+14,2.2857,1139.9349,3.598,2,0.203,1.0000,coarse,B,3.1880,4.8771,5.0480,True,512,61,0.120858,95.221137,HCO+(1-0),6032.1375,20275.923,star,66.180,9.265,51.620,512,20260825,False,False,
chi01 Ori,chi01 Ori,3,A002_X74eb2a_X80e,8.6995,94.127387,95.861762,15625000.0000,1734375000.0,3265.92,,0.17487,0.87459,1.237429e+14,2.474858e+14,3.299810e+14,2.828409e+14,2.2857,1139.9349,3.598,3,0.2383,,coarse,B,1.7954,4.4058,3.9409,False,512,510,0.996101,,HCO+(1-0),5797.7625,19488.115,star,66.180,9.265,51.620,512,20260825,False,False,
chi01 Ori,chi01 Ori,3,A002_X74eb2a_Xaf0,8.6995,94.127387,95.861762,15625000.0000,1734375000.0,3265.92,,0.17722,0.88637,1.254096e+14,2.508192e+14,3.344255e+14,2.866505e+14,2.2857,1139.9349,3.598,3,0.2383,,coarse,B,3.2851,4.5542,3.9741,False,512,55,0.109162,,HCO+(1-0),5063.3875,17019.648,star,66.180,9.265,51.620,512,20260825,False,False,
chi01 Ori,chi01 Ori,3,A002_X74deb6_Xff1,8.6995,96.064887,97.799262,15625000.0000,1734375000.0,2782.08,1380,0.15771,0.78877,1.116004e+14,2.232007e+14,2.976010e+14,2.550866e+14,2.2857,1163.1849,3.598,2,0.2071,1.0000,coarse,B,3.1653,4.5834,4.5513,False,512,46,0.091618,96.846137,HCO+(1-0),7657.1375,25738.063,star,64.857,9.080,50.588,512,20260825,False,False,
chi01 Ori,chi01 Ori,3,A002_X74eb2a_X80e,8.6995,96.064887,97.799262,15625000.0000,1734375000.0,3265.92,,0.17770,0.88877,1.257489e+14,2.514979e+14,3.353305e+14,2.874261e+14,2.2857,1163.1849,3.598,3,0.2431,,coarse,B,3.1823,4.9745,4.1106,False,512,69,0.136452,,HCO+(1-0),7735.2625,26000.666,star,64.857,9.080,50.588,512,20260825,False,False,
chi01 Ori,chi01 Ori,3,A002_X74eb2a_Xaf0,8.6995,96.064887,97.799262,15625000.0000,1734375000.0,3265.92,,0.18375,0.91905,1.300332e+14,2.600665e+14,3.467553e+14,2.972188e+14,2.2857,1163.1849,3.598,3,0.2431,,coarse,B,2.9331,4.5924,3.8933,False,512,123,0.241715,,HCO+(1-0),6907.1375,23217.075,star,64.857,9.080,50.588,512,20260825,False,False,
chi01 Ori,chi01 Ori,3,A002_X74deb6_Xff1,8.6995,106.127387,107.861762,15625000.0000,1734375000.0,2782.08,1380,0.17620,0.88131,1.246941e+14,2.493883e+14,3.325177e+14,2.850152e+14,2.2857,1283.9349,3.598,3,0.2286,1.0000,coarse,B,2.4921,4.2404,4.5870,False,512,333,0.651072,106.158637,CN(1-0),-7332.3625,-19368.822,star,58.757,8.226,45.831,512,20260825,False,False,
chi01 Ori,chi01 Ori,3,A002_X74eb2a_X80e,8.6995,106.127387,107.861762,15625000.0000,1734375000.0,3265.92,,0.19890,0.99487,1.407607e+14,2.815215e+14,3.753620e+14,3.217388e+14,2.2857,1283.9349,3.598,3,0.2684,,coarse,B,2.4591,4.4922,4.4764,False,512,331,0.647173,,CN(1-0),-6316.7375,-16685.995,star,58.757,8.226,45.831,512,20260825,False,False,
chi01 Ori,chi01 Ori,3,A002_X74eb2a_Xaf0,8.6995,106.127387,107.861762,15625000.0000,1734375000.0,3265.92,,0.20785,1.03966,1.470975e+14,2.941949e+14,3.922599e+14,3.362228e+14,2.2857,1283.9349,3.598,3,0.2684,,coarse,B,2.4751,4.3633,4.4289,False,512,334,0.653021,,CN(1-0),-7019.8625,-18543.337,star,58.757,8.226,45.831,512,20260825,False,False,
chi01 Ori,chi01 Ori,3,A002_X74deb6_Xff1,8.6995,108.127387,109.861762,15625000.0000,1734375000.0,2782.08,1380,0.18620,0.93134,1.317727e+14,2.635454e+14,3.513938e+14,3.011947e+14,2.2857,1307.9349,3.598,3,0.2329,1.0000,coarse,B,3.4507,4.5595,4.6857,False,512,35,0.070175,109.236762,CN(1-0),-4254.2375,-11237.793,star,57.679,8.075,44.990,512,20260825,False,False,
chi01 Ori,chi01 Ori,3,A002_X74eb2a_X80e,8.6995,108.127387,109.861762,15625000.0000,1734375000.0,3265.92,,0.20755,1.03817,1.468871e+14,2.937741e+14,3.916988e+14,3.357419e+14,2.2857,1307.9349,3.598,3,0.2734,,coarse,B,3.6378,4.5977,4.4601,False,512,14,0.029240,,CN(1-0),-4972.9875,-13136.409,star,57.679,8.075,44.990,512,20260825,False,False,
chi01 Ori,chi01 Ori,3,A002_X74eb2a_Xaf0,8.6995,108.127387,109.861762,15625000.0000,1734375000.0,3265.92,,0.21751,1.08794,1.539296e+14,3.078591e+14,4.104788e+14,3.518390e+14,2.2857,1307.9349,3.598,3,0.2734,,coarse,B,2.4299,4.4124,4.6587,False,512,353,0.690058,,CN(1-0),-3707.3625,-9793.193,star,57.679,8.075,44.990,512,20260825,False,False,
GJ 849,GJ 849,6,A002_Xd86f11_X584b,8.8149,212.085180,213.913305,15625000.0000,1828125000.0,2661.12,264,5.75795,28.79013,4.182211e+15,8.364422e+15,1.115256e+16,9.559350e+15,2.2857,2555.9909,3.598,4,0.4353,1.0000,coarse,B,2.6898,4.4870,3.1321,False,512,268,0.524366,212.241430,SiO(5-4),-4863.5703,-6715.929,star,29.515,4.132,23.022,512,20260825,False,False,
GJ 849,GJ 849,6,A002_Xd95042_X67d7,8.8149,212.102235,213.930360,15625000.0000,1828125000.0,1451.52,,3.23282,16.16414,2.348091e+15,4.696182e+15,6.261576e+15,5.367065e+15,2.2857,2556.1956,3.598,3,0.2375,,coarse,B,2.4204,4.0649,2.5980,False,512,379,0.740741,,SiO(5-4),-4377.7650,-6045.098,star,29.513,4.132,23.020,512,20260825,False,False,
GJ 849,GJ 849,6,A002_Xd95042_X5feb,8.8149,212.102316,213.930441,15625000.0000,1828125000.0,2661.12,,2.15839,10.79197,1.567701e+15,3.135402e+15,4.180536e+15,3.583317e+15,2.2857,2556.1965,3.598,4,0.4354,,coarse,B,2.8515,4.7757,3.1237,False,512,166,0.325536,,SiO(5-4),-4299.5587,-5937.105,star,29.513,4.132,23.020,512,20260825,False,False,
GJ 849,GJ 849,6,A002_Xd9668b_X88ad,8.8149,212.103222,213.931347,15625000.0000,1828125000.0,2661.12,,2.12351,10.61761,1.542373e+15,3.084745e+15,4.112994e+15,3.525423e+15,2.2857,2556.2074,3.598,4,0.4354,,coarse,B,2.5329,3.9152,3.2816,False,512,321,0.627680,,SiO(5-4),-3939.2780,-5439.607,star,29.513,4.132,23.020,512,20260825,False,False,
GJ 849,GJ 849,6,A002_Xd9668b_X841a,8.8149,212.103311,213.931436,15625000.0000,1828125000.0,2661.12,,1.95143,9.75721,1.417386e+15,2.834771e+15,3.779695e+15,3.239739e+15,2.2857,2556.2085,3.598,4,0.4354,,coarse,B,3.0375,5.4684,3.6882,False,512,139,0.272904,,SiO(5-4),-4861.0641,-6712.468,star,29.513,4.132,23.020,512,20260825,False,False,
GJ 849,GJ 849,6,A002_Xd9668b_X7c83,8.8149,212.103389,213.931514,15625000.0000,1828125000.0,2661.12,,1.76259,8.81299,1.280223e+15,2.560445e+15,3.413927e+15,2.926223e+15,2.2857,2556.2094,3.598,4,0.4354,,coarse,B,2.9788,4.5369,3.3616,False,512,165,0.323587,,SiO(5-4),-4251.6110,-5870.896,star,29.513,4.132,23.020,512,20260825,False,False,
GJ 849,GJ 849,6,A002_Xd86f11_X584b,8.8149,214.085173,215.913298,15625000.0000,1828125000.0,2661.12,264,5.66474,28.32405,4.114506e+15,8.229012e+15,1.097202e+16,9.404595e+15,2.2857,2579.9908,3.598,4,0.4394,1.0000,coarse,B,2.2673,4.0529,3.4464,False,512,454,0.886940,215.678923,SiO(5-4),-1426.0775,-1969.219,star,29.241,4.094,22.808,512,20260825,False,False,
GJ 849,GJ 849,6,A002_Xd95042_X67d7,8.8149,214.102388,215.930513,15625000.0000,1828125000.0,1451.52,,2.95156,14.75787,2.143809e+15,4.287618e+15,5.716823e+15,4.900134e+15,2.2857,2580.1974,3.598,3,0.2397,,coarse,B,2.4911,4.4077,3.4405,False,512,337,0.658869,,SiO(5-4),-2205.7369,-3045.823,star,29.238,4.093,22.806,512,20260825,False,False,
GJ 849,GJ 849,6,A002_Xd95042_X5feb,8.8149,214.102470,215.930595,15625000.0000,1828125000.0,2661.12,,1.95842,9.79213,1.422459e+15,2.844917e+15,3.793223e+15,3.251334e+15,2.2857,2580.1984,3.598,4,0.4394,,coarse,B,2.5622,4.0063,3.1647,False,512,337,0.658869,,SiO(5-4),-1549.4049,-2139.517,star,29.238,4.093,22.806,512,20260825,False,False,
GJ 849,GJ 849,6,A002_Xd9668b_X88ad,8.8149,214.103384,215.931509,15625000.0000,1828125000.0,2661.12,,1.96737,9.83691,1.428963e+15,2.857926e+15,3.810568e+15,3.266201e+15,2.2857,2580.2094,3.598,4,0.4394,,coarse,B,2.6583,4.8199,3.5093,False,512,245,0.479532,,SiO(5-4),-1798.4907,-2483.471,star,29.238,4.093,22.806,512,20260825,False,False,
GJ 849,GJ 849,6,A002_Xd9668b_X841a,8.8149,214.103474,215.931599,15625000.0000,1828125000.0,2661.12,,1.79411,8.97060,1.303118e+15,2.606235e+15,3.474981e+15,2.978555e+15,2.2857,2580.2104,3.598,4,0.4394,,coarse,B,3.1266,4.5572,3.7293,False,512,106,0.208577,,SiO(5-4),-2845.2760,-3928.939,star,29.238,4.093,22.806,512,20260825,False,False,
GJ 849,GJ 849,6,A002_Xd9668b_X7c83,8.8149,214.103553,215.931678,15625000.0000,1828125000.0,2661.12,,1.61232,8.06162,1.171076e+15,2.342151e+15,3.122868e+15,2.676744e+15,2.2857,2580.2114,3.598,4,0.4394,,coarse,B,2.4419,4.6986,2.7398,False,512,389,0.760234,,SiO(5-4),-2454.5722,-3389.430,star,29.238,4.093,22.806,512,20260825,False,False,
GJ 849,GJ 849,6,A002_Xd86f11_X584b,8.8149,227.085146,228.913271,15625000.0000,1828125000.0,2661.12,264,6.01455,30.07318,4.368594e+15,8.737189e+15,1.164959e+16,9.985371e+15,2.2857,2735.9905,3.598,4,0.466,1.0000,coarse,B,3.1291,4.3397,3.6089,False,512,106,0.208577,227.163271,CO(2-1),-3374.7295,-4388.511,star,27.573,3.860,21.507,512,20260825,False,False,
GJ 849,GJ 849,6,A002_Xd95042_X67d7,8.8149,227.103379,228.931504,15625000.0000,1828125000.0,1451.52,,2.96665,14.83331,2.154768e+15,4.309536e+15,5.746049e+15,4.925185e+15,2.2857,2736.2093,3.598,3,0.2542,,coarse,B,2.5003,4.6753,3.0774,False,512,357,0.697856,,CO(2-1),-1684.6212,-2190.688,star,27.571,3.860,21.506,512,20260825,False,False,
GJ 849,GJ 849,6,A002_Xd95042_X5feb,8.8149,227.103466,228.931591,15625000.0000,1828125000.0,2661.12,,1.91338,9.56695,1.389747e+15,2.779494e+15,3.705992e+15,3.176565e+15,2.2857,2736.2103,3.598,4,0.466,,coarse,B,3.6616,4.2446,4.0070,False,512,19,0.038986,,CO(2-1),-1793.9092,-2332.806,star,27.571,3.860,21.506,512,20260825,False,False,
GJ 849,GJ 849,6,A002_Xd9668b_X88ad,8.8149,227.104435,228.932560,15625000.0000,1828125000.0,2661.12,,1.93194,9.65977,1.403230e+15,2.806461e+15,3.741948e+15,3.207384e+15,2.2857,2736.2220,3.598,4,0.466,,coarse,B,2.9479,4.4396,4.0798,False,512,205,0.401559,,CO(2-1),-1746.0647,-2270.589,star,27.571,3.860,21.505,512,20260825,False,False,
GJ 849,GJ 849,6,A002_Xd9668b_X841a,8.8149,227.104530,228.932655,15625000.0000,1828125000.0,2661.12,,1.74673,8.73367,1.268701e+15,2.537401e+15,3.383202e+15,2.899887e+15,2.2857,2736.2231,3.598,4,0.466,,coarse,B,2.7505,4.0012,3.0291,False,512,259,0.506823,,CO(2-1),-2605.3446,-3388.000,star,27.571,3.860,21.505,512,20260825,False,False,
GJ 849,GJ 849,6,A002_Xd9668b_X7c83,8.8149,227.104614,228.932739,15625000.0000,1828125000.0,2661.12,,1.54220,7.71105,1.120150e+15,2.240299e+15,2.987065e+15,2.560342e+15,2.2857,2736.2241,3.598,4,0.466,,coarse,B,2.6151,4.0575,3.9825,False,512,352,0.688109,,CO(2-1),-2245.8860,-2920.558,star,27.571,3.860,21.505,512,20260825,False,False,
GJ 849,GJ 849,6,A002_Xd86f11_X584b,8.8149,229.079042,230.919374,488281.2500,1840332031.2,2661.12,264,36.58721,182.93868,8.304585e+14,1.660917e+15,2.214556e+15,1.900727e+15,2.2888,2759.9905,3.598,73,15.04,0.9987,fine,A,4.4751,5.5523,5.0670,False,512,304,0.594542,229.869569,CO(2-1),-668.4307,-869.230,star,27.334,3.827,21.320,512,20260825,False,False,
GJ 849,GJ 849,6,A002_Xd95042_X67d7,8.8149,229.097428,230.937760,488281.2500,1840332031.2,1451.52,,18.83183,94.15952,4.274415e+14,8.548829e+14,1.139844e+15,9.770090e+14,2.2857,2760.2111,3.598,39,8.205,,fine,A,4.2819,5.9967,4.7864,False,512,289,0.565302,,CO(2-1),-483.0522,-628.163,star,27.331,3.826,21.319,512,20260825,False,False,
GJ 849,GJ 849,6,A002_Xd95042_X5feb,8.8149,229.097516,230.937848,488281.2500,1840332031.2,2661.12,,12.10769,60.53869,2.748182e+14,5.496363e+14,7.328484e+14,6.281558e+14,2.2857,2760.2122,3.598,74,15.04,,fine,A,4.7551,6.2732,5.3492,False,512,106,0.208577,,CO(2-1),106.3911,138.351,star,27.331,3.826,21.319,512,20260825,False,False,
GJ 849,GJ 849,6,A002_Xd9668b_X88ad,8.8149,229.098494,230.938826,488281.2500,1840332031.2,2661.12,,12.12515,60.62604,2.752147e+14,5.504294e+14,7.339059e+14,6.290622e+14,2.2857,2760.2239,3.598,73,15.04,,fine,A,4.8138,6.0545,4.8797,False,512,99,0.194932,,CO(2-1),-1035.2091,-1346.190,star,27.331,3.826,21.318,512,20260825,False,False,
GJ 849,GJ 849,6,A002_Xd9668b_X841a,8.8149,229.098590,230.938922,488281.2500,1840332031.2,2661.12,,11.07535,55.37705,2.513866e+14,5.027733e+14,6.703644e+14,5.745981e+14,2.2857,2760.2251,3.598,74,15.04,,fine,A,4.8513,5.7581,5.4198,False,512,86,0.169591,,CO(2-1),338.9103,440.720,star,27.331,3.826,21.318,512,20260825,False,False,
GJ 849,GJ 849,6,A002_Xd9668b_X7c83,8.8149,229.098674,230.939006,488281.2500,1840332031.2,2661.12,,9.78856,48.94306,2.221793e+14,4.443586e+14,5.924781e+14,5.078384e+14,2.2857,2760.2261,3.598,73,15.04,,fine,A,4.8493,5.6525,5.2134,False,512,82,0.161793,,CO(2-1),-1236.2007,-1607.560,star,27.331,3.826,21.318,512,20260825,False,False,
gam Lep,gam Lep,6,A002_Xd28a9e_Xbcdf,8.9050,223.085938,224.914062,15625000.0000,1828125000.0,2649.02,1314,0.13720,0.68605,1.017090e+14,2.034180e+14,2.712240e+14,2.324778e+14,2.2857,2688.0000,3.598,4,0.4557,1.0000,coarse,B,3.1624,4.5821,4.5246,False,512,93,0.183236,223.117188,13CO(2-1),2718.1875,3697.349,star,28.066,3.929,21.891,512,20260825,False,False,
gam Lep,gam Lep,6,A002_Xd28a9e_Xbcdf,8.9050,225.085938,226.914062,15625000.0000,1828125000.0,2649.02,1314,0.12502,0.62511,9.267388e+13,1.853478e+14,2.471303e+14,2.118260e+14,2.2857,2712.0000,3.598,4,0.4598,1.0000,coarse,B,3.1002,4.2538,3.9726,False,512,135,0.265107,225.398438,13CO(2-1),4999.4375,6800.365,star,27.817,3.894,21.698,512,20260825,False,False,
gam Lep,gam Lep,6,A002_Xd28a9e_Xbcdf,8.9050,239.085938,240.914063,15625000.0000,1828125000.0,2649.02,1314,0.13702,0.68514,1.015741e+14,2.031482e+14,2.708643e+14,2.321694e+14,2.2857,2880.0000,3.598,4,0.4883,1.0000,coarse,B,2.6656,5.2261,4.5840,False,512,283,0.553606,240.007813,CS(5-4),-4928.1875,-6031.916,star,26.195,3.667,20.432,512,20260825,False,False,
gam Lep,gam Lep,6,A002_Xd28a9e_Xbcdf,8.9050,241.085938,242.914063,15625000.0000,1828125000.0,2649.02,1314,0.14694,0.73472,1.089242e+14,2.178484e+14,2.904645e+14,2.489696e+14,2.2857,2904.0000,3.598,4,0.4923,1.0000,coarse,B,2.4417,4.7781,4.1184,False,512,408,0.797271,241.898438,CS(5-4),-3037.5625,-3717.862,star,25.978,3.637,20.263,512,20260825,False,False,
gam Lep,gam Lep,7,A002_Xd248b5_X5186,8.9050,335.627387,337.361762,15625000.0000,1734375000.0,1173.31,582,0.38519,1.92615,2.855563e+14,5.711125e+14,7.614834e+14,6.527001e+14,2.2857,4037.9349,3.598,3,0.3032,1.0000,coarse,B,2.5138,4.1820,4.8516,False,512,317,0.619883,336.736762,CO(3-2),-9059.2375,-7854.027,star,18.683,2.616,14.573,512,20260825,False,False,
gam Lep,gam Lep,7,A002_Xd248b5_X5186,8.9050,337.564887,339.299262,15625000.0000,1734375000.0,1173.31,582,0.31892,1.59480,2.364334e+14,4.728668e+14,6.304891e+14,5.404193e+14,2.2857,4061.1849,3.598,3,0.305,1.0000,coarse,B,2.1399,4.1198,4.0162,False,512,455,0.888889,339.268012,CO(3-2),-6527.9875,-5659.526,star,18.576,2.601,14.489,512,20260825,False,False,
gam Lep,gam Lep,7,A002_Xd248b5_X5186,8.9050,347.627387,349.361762,15625000.0000,1734375000.0,1173.31,582,0.35793,1.78984,2.653489e+14,5.306978e+14,7.075971e+14,6.065119e+14,2.2857,4181.9349,3.598,3,0.314,1.0000,coarse,B,2.7957,4.5111,3.7172,False,512,196,0.384016,348.705512,CO(3-2),2909.5125,2522.441,star,18.040,2.526,14.071,512,20260825,False,False,
gam Lep,gam Lep,7,A002_Xd248b5_X5186,8.9050,349.627387,351.361762,15625000.0000,1734375000.0,1173.31,582,0.42401,2.12029,3.143385e+14,6.286769e+14,8.382359e+14,7.184880e+14,2.2857,4205.9349,3.598,3,0.3158,1.0000,coarse,B,3.0592,4.0613,3.8478,False,512,94,0.185185,350.814887,CO(3-2),5018.8875,4351.192,star,17.937,2.511,13.991,512,20260825,False,False,
HD 285968,HD 285968,6,A002_Xd98580_X3bf6,9.4852,212.046491,213.874616,15625000.0000,1828125000.0,2812.32,279,2.29018,11.45131,1.926098e+15,3.852196e+15,5.136262e+15,4.402515e+15,2.2857,2555.5266,3.598,4,0.46,1.0000,coarse,B,2.8885,4.3957,3.1490,False,512,170,0.333333,212.296491,SiO(5-4),-4808.5089,-6639.896,star,29.521,4.133,23.026,512,20260825,False,False,
HD 285968,HD 285968,6,A002_Xda2c82_X7136,9.4852,212.048118,213.876243,15625000.0000,1828125000.0,2812.32,,4.06115,20.30637,3.415510e+15,6.831020e+15,9.108026e+15,7.806880e+15,2.2857,2555.5462,3.598,4,0.46,,coarse,B,2.4790,4.6026,3.2508,False,512,428,0.836257,,SiO(5-4),-3416.2575,-4717.387,star,29.520,4.133,23.026,512,20260825,False,False,
HD 285968,HD 285968,6,A002_Xdaef5a_Xdd9b,9.4852,212.052028,213.880153,15625000.0000,1828125000.0,2812.32,,1.66774,8.33888,1.402590e+15,2.805180e+15,3.740240e+15,3.205920e+15,2.2857,2555.5931,3.598,4,0.46,,coarse,B,4.0622,4.5903,4.1069,False,512,4,0.009747,,SiO(5-4),-4115.4721,-5682.907,star,29.520,4.133,23.025,512,20260825,False,False,
HD 285968,HD 285968,6,A002_Xdb4b9a_X108f,9.4852,212.053847,213.881972,15625000.0000,1828125000.0,2812.32,,2.30697,11.53504,1.940181e+15,3.880363e+15,5.173817e+15,4.434701e+15,2.2857,2555.6149,3.598,4,0.46,,coarse,B,2.7465,5.8069,3.4694,False,512,309,0.604288,,SiO(5-4),-3285.5284,-4536.868,star,29.520,4.133,23.025,512,20260825,False,False,
HD 285968,HD 285968,6,A002_Xdb4b9a_Xa7c,9.4852,212.053919,213.882044,15625000.0000,1828125000.0,2812.32,,2.33922,11.69625,1.967298e+15,3.934596e+15,5.246127e+15,4.496681e+15,2.2857,2555.6158,3.598,4,0.46,,coarse,B,2.4040,4.2970,2.9408,False,512,410,0.801170,,SiO(5-4),-4816.7061,-6651.216,star,29.520,4.133,23.025,512,20260825,False,False,
HD 285968,HD 285968,6,A002_Xdb7ab7_X5b4e,9.4852,212.055280,213.883405,15625000.0000,1828125000.0,2812.32,,1.99624,9.98131,1.678846e+15,3.357691e+15,4.476921e+15,3.837361e+15,2.2857,2555.6321,3.598,4,0.46,,coarse,B,2.3865,4.1599,3.1959,False,512,391,0.764133,,SiO(5-4),-4002.8446,-5527.384,star,29.519,4.133,23.025,512,20260825,False,False,
HD 285968,HD 285968,6,A002_Xd98580_X3bf6,9.4852,214.046121,215.874246,15625000.0000,1828125000.0,2812.32,279,2.17916,10.89616,1.832723e+15,3.665447e+15,4.887263e+15,4.189087e+15,2.2857,2579.5222,3.598,4,0.4643,1.0000,coarse,B,3.5848,4.1957,4.2645,False,512,15,0.031189,214.483621,SiO(5-4),-2621.3793,-3619.768,star,29.246,4.094,22.812,512,20260825,False,False,
HD 285968,HD 285968,6,A002_Xda2c82_X7136,9.4852,214.047762,215.875887,15625000.0000,1828125000.0,2812.32,,3.87725,19.38685,3.260847e+15,6.521694e+15,8.695592e+15,7.453365e+15,2.2857,2579.5419,3.598,4,0.4643,,coarse,B,3.1669,4.0981,3.7741,False,512,78,0.153996,,SiO(5-4),-2604.1126,-3595.925,star,29.246,4.094,22.812,512,20260825,False,False,
HD 285968,HD 285968,6,A002_Xdaef5a_Xdd9b,9.4852,214.051709,215.879834,15625000.0000,1828125000.0,2812.32,,1.53395,7.66992,1.290072e+15,2.580145e+15,3.440193e+15,2.948737e+15,2.2857,2579.5893,3.598,4,0.4643,,coarse,B,2.2356,4.7343,3.0730,False,512,472,0.922027,,SiO(5-4),-1975.1655,-2727.435,star,29.245,4.094,22.811,512,20260825,False,False,
HD 285968,HD 285968,6,A002_Xdb4b9a_X108f,9.4852,214.053545,215.881670,15625000.0000,1828125000.0,2812.32,,2.19021,10.95122,1.841983e+15,3.683967e+15,4.911956e+15,4.210248e+15,2.2857,2579.6113,3.598,4,0.4643,,coarse,B,2.0568,4.1779,3.2609,False,512,504,0.984405,,SiO(5-4),-3004.5798,-4148.916,star,29.245,4.094,22.811,512,20260825,False,False,
HD 285968,HD 285968,6,A002_Xdb4b9a_Xa7c,9.4852,214.053618,215.881743,15625000.0000,1828125000.0,2812.32,,2.21182,11.05928,1.860159e+15,3.720319e+15,4.960425e+15,4.251793e+15,2.2857,2579.6122,3.598,4,0.4643,,coarse,B,3.4166,4.8556,3.9387,False,512,38,0.076023,,SiO(5-4),-1473.2567,-2034.367,star,29.245,4.094,22.811,512,20260825,False,False,
HD 285968,HD 285968,6,A002_Xdb7ab7_X5b4e,9.4852,214.054993,215.883118,15625000.0000,1828125000.0,2812.32,,1.87328,9.36652,1.575439e+15,3.150879e+15,4.201172e+15,3.601004e+15,2.2857,2579.6287,3.598,4,0.4643,,coarse,B,2.8820,4.7597,3.2364,False,512,186,0.364522,,SiO(5-4),-1690.6325,-2334.533,star,29.245,4.094,22.811,512,20260825,False,False,
HD 285968,HD 285968,6,A002_Xd98580_X3bf6,9.4852,227.043709,228.871834,15625000.0000,1828125000.0,2812.32,279,2.34011,11.70099,1.968093e+15,3.936187e+15,5.248249e+15,4.498505e+15,2.2857,2735.4933,3.598,4,0.4924,1.0000,coarse,B,2.8958,4.2082,3.1959,False,512,168,0.329435,228.403084,CO(2-1),-2134.9157,-2776.252,star,27.578,3.861,21.511,512,20260825,False,False,
HD 285968,HD 285968,6,A002_Xda2c82_X7136,9.4852,227.045450,228.873575,15625000.0000,1828125000.0,2812.32,,3.98034,19.90237,3.347558e+15,6.695115e+15,8.926820e+15,7.651560e+15,2.2857,2735.5142,3.598,4,0.4924,,coarse,B,2.5628,5.3911,4.1606,False,512,331,0.647173,,CO(2-1),-2586.2998,-3363.234,star,27.578,3.861,21.511,512,20260825,False,False,
HD 285968,HD 285968,6,A002_Xdaef5a_Xdd9b,9.4852,227.049636,228.877761,15625000.0000,1828125000.0,2812.32,,1.47037,7.35199,1.236596e+15,2.473193e+15,3.297590e+15,2.826506e+15,2.2857,2735.5644,3.598,4,0.4924,,coarse,B,2.9003,4.6356,4.2540,False,512,161,0.315789,,CO(2-1),-2566.4891,-3337.472,star,27.578,3.861,21.511,512,20260825,False,False,
HD 285968,HD 285968,6,A002_Xdb4b9a_X108f,9.4852,227.051583,228.879708,15625000.0000,1828125000.0,2812.32,,2.15289,10.76465,1.810603e+15,3.621207e+15,4.828276e+15,4.138522e+15,2.2857,2735.5877,3.598,4,0.4924,,coarse,B,4.2131,4.4615,4.3566,False,512,3,0.007797,,CO(2-1),-1861.4173,-2420.594,star,27.578,3.861,21.510,512,20260825,False,False,
HD 285968,HD 285968,6,A002_Xdb4b9a_Xa7c,9.4852,227.051660,228.879785,15625000.0000,1828125000.0,2812.32,,2.16042,10.80227,1.816931e+15,3.633861e+15,4.845148e+15,4.152984e+15,2.2857,2735.5887,3.598,4,0.4924,,coarse,B,2.8006,5.2738,3.3196,False,512,225,0.440546,,CO(2-1),-2939.4648,-3822.491,star,27.577,3.861,21.510,512,20260825,False,False,
HD 285968,HD 285968,6,A002_Xdb7ab7_X5b4e,9.4852,227.053118,228.881243,15625000.0000,1828125000.0,2812.32,,1.77863,8.89328,1.495840e+15,2.991680e+15,3.988907e+15,3.419063e+15,2.2857,2735.6062,3.598,4,0.4924,,coarse,B,2.8785,4.1360,3.0030,False,512,212,0.415205,,CO(2-1),-2047.3825,-2662.424,star,27.577,3.861,21.510,512,20260825,False,False,
HD 285968,HD 285968,6,A002_Xd98580_X3bf6,9.4852,229.037235,230.877567,488281.2500,1840332031.2,2812.32,279,13.14058,65.70554,3.453626e+14,6.907252e+14,9.209670e+14,7.904547e+14,2.2888,2759.4888,3.598,77,15.89,0.9987,fine,A,6.1886,10.8542,6.4645,False,512,51,0.101365,230.502079,CO(2-1),-35.9209,-46.712,star,27.339,3.827,21.324,512,20260825,True,False,
HD 285968,HD 285968,6,A002_Xda2c82_X7136,9.4852,229.038992,230.879324,488281.2500,1840332031.2,2812.32,,24.78738,123.94116,6.514617e+14,1.302923e+15,1.737231e+15,1.489055e+15,2.2857,2759.5099,3.598,77,15.89,,fine,A,4.7337,7.0987,5.2309,False,512,192,0.376218,,CO(2-1),-286.6061,-372.704,star,27.338,3.827,21.324,512,20260825,False,False,
HD 285968,HD 285968,6,A002_Xdaef5a_Xdd9b,9.4852,229.043214,230.883546,488281.2500,1840332031.2,2812.32,,9.33152,46.65863,2.452479e+14,4.904958e+14,6.539944e+14,5.605666e+14,2.2857,2759.5606,3.598,77,15.89,,fine,A,8.6420,11.3712,9.2562,False,512,33,0.066277,,CO(2-1),-29.9422,-38.937,star,27.338,3.827,21.324,512,20260825,True,False,
HD 285968,HD 285968,6,A002_Xdb4b9a_X108f,9.4852,229.045178,230.885510,488281.2500,1840332031.2,2812.32,,13.36618,66.83205,3.512838e+14,7.025676e+14,9.367568e+14,8.029344e+14,2.2857,2759.5841,3.598,77,15.89,,fine,A,6.1075,7.6627,6.4489,False,512,22,0.044834,,CO(2-1),-27.9784,-36.383,star,27.338,3.827,21.323,512,20260825,True,False,
HD 285968,HD 285968,6,A002_Xdb4b9a_Xa7c,9.4852,229.045256,230.885588,488281.2500,1840332031.2,2812.32,,13.50655,67.53392,3.549730e+14,7.099460e+14,9.465946e+14,8.113668e+14,2.2857,2759.5851,3.598,77,15.89,,fine,A,5.1059,6.7574,5.3056,False,512,65,0.128655,,CO(2-1),-625.0682,-812.841,star,27.338,3.827,21.323,512,20260825,True,False,
HD 285968,HD 285968,6,A002_Xdb7ab7_X5b4e,9.4852,229.046726,230.887058,488281.2500,1840332031.2,2812.32,,11.31374,56.56945,2.973413e+14,5.946827e+14,7.929102e+14,6.796373e+14,2.2857,2759.6027,3.598,77,15.89,,fine,A,6.2067,7.3061,6.3246,False,512,11,0.023392,,CO(2-1),-26.4301,-34.370,star,27.338,3.827,21.323,512,20260825,True,False,
AU Mic,AU Mic,3,A002_X1237e23_Xdb0,9.7141,100.003657,101.831782,15625000.0000,1828125000.0,3265.92,540,0.19462,0.97310,1.716704e+14,3.433408e+14,4.577877e+14,3.923895e+14,2.2857,1211.0126,3.598,2,0.2531,1.0000,coarse,B,2.6765,4.4766,4.3088,False,512,175,0.343080,101.800532,CN(1-0),-11690.4680,-30880.987,star,62.296,8.721,48.591,512,20260825,False,False,
AU Mic,AU Mic,3,A002_X1240efd_X14e83,9.7141,100.005796,101.833921,15625000.0000,1828125000.0,3265.92,,0.11209,0.56045,9.887194e+13,1.977439e+14,2.636585e+14,2.259930e+14,2.2857,1211.0383,3.598,2,0.2531,,coarse,B,2.7203,4.3677,4.0957,False,512,177,0.346979,,CN(1-0),-12078.9542,-31907.194,star,62.294,8.721,48.589,512,20260825,False,False,
AU Mic,AU Mic,3,A002_X1240efd_X14140,9.7141,100.005845,101.833970,15625000.0000,1828125000.0,3265.92,,0.11638,0.58192,1.026595e+14,2.053191e+14,2.737588e+14,2.346504e+14,2.2857,1211.0389,3.598,2,0.2531,,coarse,B,3.0461,4.0867,3.9173,False,512,82,0.161793,,HCO+(1-0),10957.4705,36831.526,star,62.294,8.721,48.589,512,20260825,False,False,
AU Mic,AU Mic,3,A002_X1240efd_X13b03,9.7141,100.005869,101.833994,15625000.0000,1828125000.0,3265.92,,0.12001,0.60007,1.058621e+14,2.117242e+14,2.822990e+14,2.419705e+14,2.2857,1211.0392,3.598,2,0.2531,,coarse,B,2.3876,4.2489,3.9697,False,512,319,0.623782,,CN(1-0),-11703.8807,-30916.418,star,62.294,8.721,48.589,512,20260825,False,False,
AU Mic,AU Mic,3,A002_X12a079b_Xf640,9.7141,100.015682,101.843807,15625000.0000,1828125000.0,3392.93,,0.09495,0.47477,8.375610e+13,1.675122e+14,2.233496e+14,1.914425e+14,2.2857,1211.1569,3.598,3,0.263,,coarse,B,2.4747,4.7257,3.6316,False,512,322,0.629630,,HCO+(1-0),11545.4322,38807.852,star,62.288,8.720,48.585,512,20260825,False,False,
AU Mic,AU Mic,3,A002_X129c219_X19cb,9.7141,100.016267,101.844392,15625000.0000,1828125000.0,3392.93,,0.08811,0.44055,7.771940e+13,1.554388e+14,2.072517e+14,1.776443e+14,2.2857,1211.1640,3.598,3,0.263,,coarse,B,2.0340,4.3307,4.1587,False,512,487,0.951267,,HCO+(1-0),11124.1423,37391.763,star,62.288,8.720,48.584,512,20260825,False,False,
AU Mic,AU Mic,3,A002_X129754b_X2b51b,9.7141,100.016327,101.844452,15625000.0000,1828125000.0,3392.93,,0.09434,0.47168,8.321116e+13,1.664223e+14,2.218964e+14,1.901969e+14,2.2857,1211.1647,3.598,3,0.263,,coarse,B,3.0045,4.0542,3.9581,False,512,113,0.222222,,HCO+(1-0),11733.5769,39440.266,star,62.288,8.720,48.584,512,20260825,False,False,
AU Mic,AU Mic,3,A002_X129754b_X23b68,9.7141,100.016378,101.844503,15625000.0000,1828125000.0,3336.48,,0.10375,0.51875,9.151507e+13,1.830301e+14,2.440402e+14,2.091773e+14,2.2857,1211.1653,3.598,3,0.2586,,coarse,B,1.7547,4.4456,4.0248,False,512,511,0.998051,,CN(1-0),-11802.7472,-31177.579,star,62.288,8.720,48.584,512,20260825,False,False,
AU Mic,AU Mic,3,A002_X129754b_X2363e,9.7141,100.016445,101.844570,15625000.0000,1828125000.0,3392.93,,0.09416,0.47082,8.305999e+13,1.661200e+14,2.214933e+14,1.898514e+14,2.2857,1211.1661,3.598,3,0.263,,coarse,B,3.1771,4.4923,3.9294,False,512,84,0.165692,,HCO+(1-0),11577.4448,38915.456,star,62.288,8.720,48.584,512,20260825,False,False,
AU Mic,AU Mic,3,A002_X129754b_X1a931,9.7141,100.016506,101.844631,15625000.0000,1828125000.0,3336.48,,0.08452,0.42260,7.455216e+13,1.491043e+14,1.988058e+14,1.704049e+14,2.2857,1211.1668,3.598,3,0.2586,,coarse,B,2.6767,4.2754,4.0261,False,512,252,0.493177,,HCO+(1-0),11718.1312,39388.348,star,62.288,8.720,48.584,512,20260825,False,False,
AU Mic,AU Mic,3,A002_X129754b_X22e6e,9.7141,100.016513,101.844638,15625000.0000,1828125000.0,3392.93,,0.09278,0.46388,8.183571e+13,1.636714e+14,2.182286e+14,1.870531e+14,2.2857,1211.1669,3.598,3,0.263,,coarse,B,3.1835,4.6406,3.8719,False,512,66,0.130604,,HCO+(1-0),11827.5134,39756.016,star,62.288,8.720,48.584,512,20260825,False,False,
AU Mic,AU Mic,3,A002_X12925a3_Xa4b1,9.7141,100.017230,101.845355,15625000.0000,1828125000.0,3392.93,1683,0.10090,0.50450,8.900124e+13,1.780025e+14,2.373366e+14,2.034314e+14,2.2857,1211.1755,3.598,3,0.263,1.0000,coarse,B,2.1957,4.5582,4.0256,False,512,434,0.847953,101.610980,CN(1-0),-11880.0198,-31381.698,star,62.287,8.720,48.584,512,20260825,False,False,
AU Mic,AU Mic,3,A002_X12a079b_Xf640,9.7141,101.911182,103.739307,15625000.0000,1828125000.0,3392.93,,0.09060,0.45302,7.991910e+13,1.598382e+14,2.131176e+14,1.826722e+14,2.2857,1233.9029,3.598,3,0.2679,,coarse,B,2.2273,4.7575,4.0592,False,512,434,0.847953,,CN(1-0),-11126.6928,-29391.745,star,61.140,8.560,47.689,512,20260825,False,False,
AU Mic,AU Mic,3,A002_X129c219_X19cb,9.7141,101.911767,103.739892,15625000.0000,1828125000.0,3392.93,,0.08585,0.42926,7.572813e+13,1.514563e+14,2.019417e+14,1.730929e+14,2.2857,1233.9100,3.598,3,0.2679,,coarse,B,2.5072,4.3299,3.8307,False,512,304,0.594542,,CN(1-0),-10797.9827,-28523.440,star,61.140,8.560,47.689,512,20260825,False,False,
AU Mic,AU Mic,3,A002_X129754b_X2b51b,9.7141,101.911827,103.739952,15625000.0000,1828125000.0,3392.93,,0.08815,0.44078,7.775973e+13,1.555195e+14,2.073593e+14,1.777365e+14,2.2857,1233.9107,3.598,3,0.2679,,coarse,B,2.7927,4.3802,3.8216,False,512,159,0.311891,,CN(1-0),-10141.6731,-26789.764,star,61.140,8.560,47.689,512,20260825,False,False,
AU Mic,AU Mic,3,A002_X129754b_X23b68,9.7141,101.911878,103.740003,15625000.0000,1828125000.0,3336.48,,0.10118,0.50589,8.924651e+13,1.784930e+14,2.379907e+14,2.039920e+14,2.2857,1233.9113,3.598,3,0.2635,,coarse,B,3.2129,4.3691,4.2430,False,512,59,0.116959,,CN(1-0),-10204.1222,-26954.727,star,61.139,8.560,47.689,512,20260825,False,False,
AU Mic,AU Mic,3,A002_X129754b_X2363e,9.7141,101.911945,103.740070,15625000.0000,1828125000.0,3392.93,,0.09014,0.45070,7.951100e+13,1.590220e+14,2.120293e+14,1.817394e+14,2.2857,1233.9121,3.598,3,0.2679,,coarse,B,2.6233,4.5941,4.5909,False,512,244,0.477583,,CN(1-0),-11157.1802,-29472.280,star,61.139,8.560,47.689,512,20260825,False,False,
AU Mic,AU Mic,3,A002_X129754b_X1a931,9.7141,101.912006,103.740131,15625000.0000,1828125000.0,3336.48,,0.08248,0.41240,7.275295e+13,1.455059e+14,1.940079e+14,1.662925e+14,2.2857,1233.9128,3.598,3,0.2635,,coarse,B,2.9439,4.7753,4.0974,False,512,117,0.230019,,CN(1-0),-10703.9938,-28275.164,star,61.139,8.560,47.689,512,20260825,False,False,
AU Mic,AU Mic,3,A002_X129754b_X22e6e,9.7141,101.912013,103.740138,15625000.0000,1828125000.0,3392.93,,0.08876,0.44381,7.829411e+13,1.565882e+14,2.087843e+14,1.789580e+14,2.2857,1233.9129,3.598,3,0.2679,,coarse,B,2.1530,4.4690,3.9630,False,512,460,0.898635,,CN(1-0),-10282.1116,-27160.740,star,61.139,8.560,47.689,512,20260825,False,False,
AU Mic,AU Mic,3,A002_X12925a3_Xa4b1,9.7141,101.912730,103.740855,15625000.0000,1828125000.0,3392.93,1683,0.09646,0.48230,8.508587e+13,1.701717e+14,2.268956e+14,1.944820e+14,2.2857,1233.9215,3.598,3,0.2679,1.0000,coarse,B,2.0647,4.1502,3.8660,False,512,471,0.920078,102.678355,CN(1-0),-10812.6448,-28562.171,star,61.139,8.559,47.688,512,20260825,False,False,
AU Mic,AU Mic,3,A002_X1237e23_Xdb0,9.7141,101.961657,103.789782,15625000.0000,1828125000.0,3265.92,540,0.20157,1.00788,1.778044e+14,3.556088e+14,4.741450e+14,4.064101e+14,2.2857,1234.5086,3.598,2,0.258,1.0000,coarse,B,2.0356,4.3607,4.1984,False,512,477,0.931774,102.586657,CN(1-0),-10904.3430,-28804.397,star,61.110,8.555,47.666,512,20260825,False,False,
AU Mic,AU Mic,3,A002_X1240efd_X14e83,9.7141,101.963796,103.791921,15625000.0000,1828125000.0,3265.92,,0.10883,0.54414,9.599490e+13,1.919898e+14,2.559864e+14,2.194169e+14,2.2857,1234.5343,3.598,2,0.258,,coarse,B,2.6454,4.5430,3.7484,False,512,215,0.421053,,CN(1-0),-10167.8292,-26858.857,star,61.109,8.555,47.665,512,20260825,False,False,
AU Mic,AU Mic,3,A002_X1240efd_X14140,9.7141,101.963845,103.791970,15625000.0000,1828125000.0,3265.92,,0.11290,0.56451,9.958838e+13,1.991768e+14,2.655690e+14,2.276306e+14,2.2857,1234.5349,3.598,2,0.258,,coarse,B,2.3282,4.5467,4.2163,False,512,364,0.711501,,CN(1-0),-10230.2795,-27023.823,star,61.109,8.555,47.665,512,20260825,False,False,
AU Mic,AU Mic,3,A002_X1240efd_X13b03,9.7141,101.963869,103.791994,15625000.0000,1828125000.0,3265.92,,0.11624,0.58121,1.025349e+14,2.050698e+14,2.734264e+14,2.343655e+14,2.2857,1234.5352,3.598,2,0.258,,coarse,B,2.5438,4.1052,4.1029,False,512,229,0.448343,,CN(1-0),-10902.1307,-28798.553,star,61.109,8.555,47.665,512,20260825,False,False,
AU Mic,AU Mic,3,A002_X1237e23_Xdb0,9.7141,112.003657,113.831782,15625000.0000,1828125000.0,3265.92,540,0.23210,1.16050,2.047296e+14,4.094592e+14,5.459456e+14,4.679534e+14,2.2857,1355.0126,3.598,2,0.2832,1.0000,coarse,B,3.3939,4.5155,3.9758,False,512,38,0.076023,113.706782,CN(1-0),215.7820,570.000,star,55.675,7.795,43.427,512,20260825,False,False,
AU Mic,AU Mic,3,A002_X1240efd_X14e83,9.7141,112.005796,113.833921,15625000.0000,1828125000.0,3265.92,,0.14573,0.72866,1.285468e+14,2.570937e+14,3.427915e+14,2.938213e+14,2.2857,1355.0383,3.598,2,0.2832,,coarse,B,2.2381,4.8349,3.8716,False,512,401,0.783626,,CN(1-0),-1094.5792,-2891.389,star,55.674,7.794,43.426,512,20260825,False,False,
AU Mic,AU Mic,3,A002_X1240efd_X14140,9.7141,112.005845,113.833970,15625000.0000,1828125000.0,3265.92,,0.15145,0.75726,1.335927e+14,2.671855e+14,3.562473e+14,3.053548e+14,2.2857,1355.0389,3.598,2,0.2832,,coarse,B,2.5020,4.5599,3.5726,False,512,236,0.461988,,CN(1-0),-1063.2795,-2808.709,star,55.674,7.794,43.426,512,20260825,False,False,
AU Mic,AU Mic,3,A002_X1240efd_X13b03,9.7141,112.005869,113.833994,15625000.0000,1828125000.0,3265.92,,0.15831,0.79153,1.396380e+14,2.792760e+14,3.723679e+14,3.191725e+14,2.2857,1355.0392,3.598,2,0.2832,,coarse,B,2.6876,4.3896,4.0344,False,512,195,0.382066,,CN(1-0),-1016.3807,-2684.823,star,55.674,7.794,43.426,512,20260825,False,False,
AU Mic,AU Mic,3,A002_X12a079b_Xf640,9.7141,112.015682,113.843807,15625000.0000,1828125000.0,3392.93,,0.12472,0.62358,1.100089e+14,2.200178e+14,2.933571e+14,2.514489e+14,2.2857,1355.1569,3.598,3,0.2943,,coarse,B,2.4865,4.9501,4.2075,False,512,287,0.561404,,CN(1-0),55.9322,147.748,star,55.669,7.794,43.422,512,20260825,False,False,
AU Mic,AU Mic,3,A002_X129c219_X19cb,9.7141,112.016267,113.844392,15625000.0000,1828125000.0,3392.93,,0.11640,0.58199,1.026722e+14,2.053444e+14,2.737925e+14,2.346793e+14,2.2857,1355.1640,3.598,3,0.2943,,coarse,B,2.1727,4.3174,3.7673,False,512,442,0.863548,,CN(1-0),-21.6077,-57.078,star,55.669,7.794,43.422,512,20260825,False,False,
AU Mic,AU Mic,3,A002_X129754b_X2b51b,9.7141,112.016327,113.844452,15625000.0000,1828125000.0,3392.93,,0.12277,0.61384,1.082912e+14,2.165823e+14,2.887764e+14,2.475226e+14,2.2857,1355.1647,3.598,3,0.2943,,coarse,B,3.0532,4.4138,4.1517,False,512,84,0.165692,,CN(1-0),-802.7981,-2120.634,star,55.669,7.794,43.422,512,20260825,False,False,
AU Mic,AU Mic,3,A002_X129754b_X23b68,9.7141,112.016378,113.844503,15625000.0000,1828125000.0,3336.48,,0.14529,0.72644,1.281544e+14,2.563089e+14,3.417452e+14,2.929244e+14,2.2857,1355.1653,3.598,3,0.2894,,coarse,B,2.6144,4.9297,3.9475,False,512,256,0.500975,,CN(1-0),-83.9972,-221.883,star,55.669,7.794,43.422,512,20260825,False,False,
AU Mic,AU Mic,3,A002_X129754b_X2363e,9.7141,112.016445,113.844570,15625000.0000,1828125000.0,3392.93,,0.12322,0.61609,1.086883e+14,2.173766e+14,2.898355e+14,2.484304e+14,2.2857,1355.1661,3.598,3,0.2943,,coarse,B,2.5803,4.3875,4.2094,False,512,274,0.536062,,CN(1-0),-318.3052,-840.820,star,55.669,7.794,43.422,512,20260825,False,False,
AU Mic,AU Mic,3,A002_X129754b_X1a931,9.7141,112.016506,113.844631,15625000.0000,1828125000.0,3336.48,,0.11247,0.56235,9.920759e+13,1.984152e+14,2.645536e+14,2.267602e+14,2.2857,1355.1668,3.598,3,0.2894,,coarse,B,1.8632,4.1420,3.9326,False,512,506,0.988304,,CN(1-0),-1411.9938,-3729.856,star,55.669,7.794,43.422,512,20260825,False,False,
AU Mic,AU Mic,3,A002_X129754b_X22e6e,9.7141,112.016513,113.844638,15625000.0000,1828125000.0,3392.93,,0.12147,0.60738,1.071508e+14,2.143015e+14,2.857353e+14,2.449160e+14,2.2857,1355.1669,3.598,3,0.2943,,coarse,B,2.6385,4.1894,3.9185,False,512,231,0.452242,,CN(1-0),-1068.2366,-2821.803,star,55.669,7.794,43.422,512,20260825,False,False,
AU Mic,AU Mic,3,A002_X12925a3_Xa4b1,9.7141,112.017230,113.845355,15625000.0000,1828125000.0,3392.93,1683,0.13067,0.65333,1.152575e+14,2.305150e+14,3.073534e+14,2.634457e+14,2.2857,1355.1755,3.598,3,0.2943,1.0000,coarse,B,2.7496,4.4630,3.9423,False,512,183,0.358674,113.782855,CN(1-0),291.8552,770.951,star,55.669,7.794,43.421,512,20260825,False,False,
AU Mic,AU Mic,3,A002_X1237e23_Xdb0,9.7141,114.012927,115.738512,976562.5000,1725585937.5,2419.20,400,2.80875,14.04374,1.548455e+14,2.064607e+14,3.096910e+14,2.064669e+14,1.3334,1378.5086,3.598,17,3.415,1.0000,fine,A,4.3842,5.5459,5.2454,False,512,89,0.175439,114.796130,CO(1-0),-474.8703,-1235.025,star,54.726,7.662,42.687,512,20260825,False,False,
AU Mic,AU Mic,3,A002_X1240efd_X14e83,9.7141,114.015065,115.740651,976562.5000,1725585937.5,2419.20,,1.15789,5.78944,6.383406e+13,8.511207e+13,1.276681e+14,8.511207e+13,1.3333,1378.5343,3.598,17,3.415,,fine,A,3.7972,5.4117,5.0774,False,512,427,0.834308,,CO(1-0),305.5887,794.764,star,54.725,7.662,42.686,512,20260825,False,False,
AU Mic,AU Mic,3,A002_X1240efd_X14140,9.7141,114.015115,115.740701,976562.5000,1725585937.5,2419.20,,1.18872,5.94360,6.553375e+13,8.737833e+13,1.310675e+14,8.737833e+13,1.3333,1378.5349,3.598,17,3.415,,fine,A,4.0498,5.5241,5.0031,False,512,248,0.485380,,CO(1-0),-615.2600,-1600.145,star,54.725,7.662,42.686,512,20260825,False,False,
AU Mic,AU Mic,3,A002_X1240efd_X13b03,9.7141,114.015139,115.740725,976562.5000,1725585937.5,2419.20,,1.25335,6.26673,6.909666e+13,9.212888e+13,1.381933e+14,9.212888e+13,1.3333,1378.5352,3.598,17,3.415,,fine,A,4.1742,5.4575,5.4309,False,512,190,0.372320,,CO(1-0),-400.3924,-1041.326,star,54.725,7.662,42.686,512,20260825,False,False,
AU Mic,AU Mic,3,A002_X12a079b_Xf640,9.7141,114.024952,115.750538,976562.5000,1725585937.5,2884.90,,1.02251,5.11259,5.637110e+13,7.516147e+13,1.127422e+14,7.516147e+13,1.3333,1378.6529,3.598,32,4.073,,fine,A,3.7488,5.7622,5.4742,False,512,505,0.986355,,CO(1-0),-259.7201,-675.470,star,54.721,7.661,42.682,512,20260825,False,False,
AU Mic,AU Mic,3,A002_X129c219_X19cb,9.7141,114.025537,115.751123,976562.5000,1725585937.5,2884.90,,0.96693,4.83469,5.330698e+13,7.107598e+13,1.066140e+14,7.107598e+13,1.3333,1378.6600,3.598,32,4.073,,fine,A,4.2996,5.5943,5.3845,False,512,201,0.393762,,CO(1-0),-829.4475,-2157.196,star,54.720,7.661,42.682,512,20260825,False,False,
AU Mic,AU Mic,3,A002_X129754b_X2b51b,9.7141,114.025596,115.751182,976562.5000,1725585937.5,2884.90,,1.02182,5.10912,5.633286e+13,7.511047e+13,1.126657e+14,7.511047e+13,1.3333,1378.6607,3.598,32,4.073,,fine,A,4.4974,6.0038,5.1973,False,512,99,0.194932,,CN(1-0),862.7214,2278.924,star,54.720,7.661,42.682,512,20260825,False,False,
AU Mic,AU Mic,3,A002_X129754b_X23b68,9.7141,114.025647,115.751233,976562.5000,1725585937.5,2884.90,,1.19354,5.96773,6.579983e+13,8.773310e+13,1.315997e+14,8.773310e+13,1.3333,1378.6613,3.598,31,4.073,,fine,A,4.1027,5.5182,5.2334,False,512,323,0.631579,,CO(1-0),59.3349,154.316,star,54.720,7.661,42.682,512,20260825,False,False,
AU Mic,AU Mic,3,A002_X129754b_X2363e,9.7141,114.025714,115.751300,976562.5000,1725585937.5,2884.90,,0.98995,4.94979,5.457606e+13,7.276808e+13,1.091521e+14,7.276808e+13,1.3333,1378.6621,3.598,32,4.073,,fine,A,4.3117,5.7864,5.6672,False,512,197,0.385965,,CN(1-0),817.9175,2160.572,star,54.720,7.661,42.682,512,20260825,False,False,
AU Mic,AU Mic,3,A002_X129754b_X1a931,9.7141,114.025776,115.751362,976562.5000,1725585937.5,2884.90,,0.92611,4.63056,5.105633e+13,6.807511e+13,1.021127e+14,6.807511e+13,1.3333,1378.6628,3.598,31,4.073,,fine,A,4.0145,5.8044,5.3417,False,512,388,0.758285,,CN(1-0),835.5570,2207.168,star,54.720,7.661,42.682,512,20260825,False,False,
AU Mic,AU Mic,3,A002_X129754b_X22e6e,9.7141,114.025783,115.751369,976562.5000,1725585937.5,2884.90,,0.95089,4.75448,5.242266e+13,6.989688e+13,1.048453e+14,6.989688e+13,1.3333,1378.6629,3.598,32,4.073,,fine,A,4.4393,5.5771,5.4021,False,512,108,0.212476,,CO(1-0),-661.2327,-1719.709,star,54.720,7.661,42.682,512,20260825,False,False,
AU Mic,AU Mic,3,A002_X12925a3_Xa4b1,9.7141,114.026500,115.752086,976562.5000,1725585937.5,2884.90,1431,1.05564,5.27823,5.819748e+13,7.759664e+13,1.163950e+14,7.759690e+13,1.3333,1378.6715,3.598,33,4.073,1.0000,fine,A,4.2742,5.6140,5.1390,False,512,212,0.415205,114.595836,CO(1-0),-675.1643,-1755.942,star,54.720,7.661,42.681,512,20260825,False,False,
AU Mic,AU Mic,6,A002_X899169_X1838,9.7141,212.625624,214.359999,15625000.0000,1734375000.0,1505.95,249,0.31546,1.57733,2.782647e+14,5.565293e+14,7.420391e+14,6.360338e+14,2.2857,2561.9137,3.598,3,0.2469,1.0000,coarse,B,3.3119,4.7068,3.9380,False,512,40,0.079922,213.063124,SiO(5-4),-4041.8765,-5581.281,star,29.447,4.123,22.969,512,20260825,False,False,
AU Mic,AU Mic,6,A002_Xa42f75_X319,9.7141,212.644214,214.378589,15625000.0000,1734375000.0,1905.12,,0.22799,1.13996,2.011057e+14,4.022114e+14,5.362819e+14,4.596702e+14,2.2857,2562.1368,3.598,3,0.3124,,coarse,B,2.6084,4.7271,4.1117,False,512,251,0.491228,,SiO(5-4),-3413.9113,-4714.147,star,29.444,4.122,22.967,512,20260825,False,False,
AU Mic,AU Mic,6,A002_X7d80c7_X15c6,9.7141,212.650835,214.385210,15625000.0000,1734375000.0,1632.96,,0.23831,1.19156,2.102091e+14,4.204182e+14,5.605577e+14,4.804780e+14,2.2857,2562.2163,3.598,3,0.2678,,coarse,B,2.4949,4.0080,4.6655,False,512,324,0.633528,,SiO(5-4),-3094.7901,-4273.484,star,29.444,4.122,22.966,512,20260825,False,False,
AU Mic,AU Mic,6,A002_X899169_X1838,9.7141,215.125539,216.859914,15625000.0000,1734375000.0,1505.95,249,0.33470,1.67349,2.952297e+14,5.904593e+14,7.872791e+14,6.748109e+14,2.2857,2591.9127,3.598,3,0.2498,1.0000,coarse,B,2.7235,4.9097,4.2067,False,512,227,0.444444,216.313039,SiO(5-4),-791.9607,-1093.590,star,29.106,4.075,22.703,512,20260825,False,False,
AU Mic,AU Mic,6,A002_Xa42f75_X319,9.7141,215.144347,216.878722,15625000.0000,1734375000.0,1905.12,,0.24854,1.24271,2.192333e+14,4.384665e+14,5.846220e+14,5.011046e+14,2.2857,2592.1384,3.598,3,0.3161,,coarse,B,1.7825,4.3075,3.7765,False,512,507,0.990253,,SiO(5-4),-929.4028,-1283.379,star,29.104,4.075,22.701,512,20260825,False,False,
AU Mic,AU Mic,6,A002_X7d80c7_X15c6,9.7141,215.151046,216.885421,15625000.0000,1734375000.0,1632.96,,0.26427,1.32137,2.331095e+14,4.662190e+14,6.216253e+14,5.328217e+14,2.2857,2592.2188,3.598,3,0.2709,,coarse,B,2.6552,4.3368,3.7654,False,512,238,0.465887,,SiO(5-4),-1172.7040,-1619.345,star,29.103,4.074,22.700,512,20260825,False,False,
AU Mic,AU Mic,6,A002_X899169_X1838,9.7141,227.625118,229.359493,15625000.0000,1734375000.0,1505.95,249,0.29914,1.49570,2.638634e+14,5.277267e+14,7.036357e+14,6.031166e+14,2.2857,2741.9077,3.598,3,0.2643,1.0000,coarse,B,3.1674,4.5673,4.2397,False,512,87,0.171540,227.656368,CO(2-1),-2881.6316,-3747.284,star,27.514,3.852,21.461,512,20260825,False,False,
AU Mic,AU Mic,6,A002_Xa42f75_X319,9.7141,227.645015,229.379390,15625000.0000,1734375000.0,1905.12,,0.21420,1.07102,1.889447e+14,3.778895e+14,5.038527e+14,4.318737e+14,2.2857,2742.1464,3.598,3,0.3343,,coarse,B,2.4381,4.1755,3.6706,False,512,316,0.617934,,CO(2-1),-2580.4853,-3355.673,star,27.512,3.852,21.459,512,20260825,False,False,
AU Mic,AU Mic,6,A002_X7d80c7_X15c6,9.7141,227.652101,229.386476,15625000.0000,1734375000.0,1632.96,,0.22315,1.11575,1.968354e+14,3.936709e+14,5.248945e+14,4.499096e+14,2.2857,2742.2315,3.598,3,0.2866,,coarse,B,2.1372,4.4593,3.5545,False,512,465,0.908382,,CO(2-1),-1698.3989,-2208.604,star,27.511,3.851,21.458,512,20260825,False,False,
AU Mic,AU Mic,6,A002_X899169_X1838,9.7141,229.675816,231.400913,488281.2500,1725097656.2,1505.95,249,1.90704,9.53524,5.256751e+13,1.051350e+14,1.401800e+14,1.202123e+14,2.2868,2766.4604,3.598,49,8.532,0.9995,fine,A,5.2213,5.8455,5.9730,True,512,10,0.021442,230.825230,CO(2-1),287.2298,373.515,star,27.270,3.818,21.270,512,20260825,True,False,
AU Mic,AU Mic,6,A002_Xa42f75_X319,9.7141,229.695158,231.420255,488281.2500,1725097656.2,1905.12,,1.36830,6.84154,3.771722e+13,7.543445e+13,1.005793e+14,8.621080e+13,2.2857,2766.6925,3.598,62,10.79,,fine,A,5.2740,6.0731,5.2740,False,512,13,0.027290,,CO(2-1),148.3687,192.939,star,27.267,3.817,21.269,512,20260825,True,False,
AU Mic,AU Mic,6,A002_X7d80c7_X15c6,9.7141,229.702047,231.427144,488281.2500,1725097656.2,1632.96,,1.40349,7.01748,3.868714e+13,7.737428e+13,1.031657e+14,8.842775e+13,2.2857,2766.7751,3.598,49,9.253,,fine,A,4.2611,5.4678,5.6988,True,512,323,0.631579,,CO(2-1),738.2655,960.043,star,27.267,3.817,21.268,512,20260825,False,False,
AU Mic,AU Mic,9,A002_Xbf792a_X26ec,9.7141,675.127388,676.861763,15625000.0000,1734375000.0,907.20,450,4.67987,23.40228,4.128515e+15,8.257029e+15,1.100937e+16,9.436609e+15,2.2857,8111.9349,3.598,14,0.471,1.0000,coarse,B,3.3876,5.1199,4.7516,False,512,117,0.230019,,CO(6-5),-14783.1125,-6409.311,star,9.300,1.302,7.254,512,20260825,False,False,
AU Mic,AU Mic,9,A002_Xbf792a_X26ec,9.7141,677.127388,678.861763,15625000.0000,1734375000.0,907.20,450,4.79611,23.98355,4.231060e+15,8.462120e+15,1.128283e+16,9.670999e+15,2.2857,8135.9349,3.598,14,0.4724,1.0000,coarse,B,3.4363,4.7287,5.1313,True,512,102,0.200780,,CO(6-5),-14048.7375,-6090.918,star,9.273,1.298,7.233,512,20260825,False,False,
AU Mic,AU Mic,9,A002_Xbf792a_X26ec,9.7141,679.127388,680.861763,15625000.0000,1734375000.0,907.20,450,4.94314,24.71880,4.360769e+15,8.721538e+15,1.162872e+16,9.967477e+15,2.2857,8159.9349,3.598,14,0.4738,1.0000,coarse,B,2.7541,4.6145,4.5180,False,512,409,0.799220,,CO(6-5),-10689.3625,-4634.440,star,9.245,1.294,7.211,512,20260825,False,False,
AU Mic,AU Mic,9,A002_Xbf792a_X26ec,9.7141,681.064888,682.799263,15625000.0000,1734375000.0,907.20,450,5.11284,25.56741,4.510476e+15,9.020952e+15,1.202794e+16,1.030966e+16,2.2857,8183.1849,3.598,14,0.4751,1.0000,coarse,B,2.5394,4.9964,4.3193,False,512,472,0.922027,,CO(6-5),-9079.9875,-3936.686,star,9.219,1.291,7.191,512,20260825,False,False,
V AT Mic B,NAME AT Mic AB  Gaia DR3 6792436799475128960,7,A002_Xcd97a1_X3f1e,9.8066,333.171187,334.905562,15625000.0000,1734375000.0,1257.98,208,0.36689,1.83823,3.304959e+14,6.609918e+14,8.813223e+14,7.554199e+14,2.2857,4008.4605,3.598,3,0.3227,1.0000,coarse,B,2.7612,4.8232,3.9938,False,512,206,0.403509,333.639937,CO(3-2),-12156.0633,-10538.861,star,18.820,2.635,14.680,512,20260825,False,False,
V AT Mic B,NAME AT Mic AB  Gaia DR3 6792436799475128960,7,A002_Xcd97a1_X3f1e,9.8066,335.066687,336.801062,15625000.0000,1734375000.0,1257.98,208,0.32004,1.60351,2.882949e+14,5.765898e+14,7.687865e+14,6.589605e+14,2.2857,4031.2065,3.598,3,0.3246,1.0000,coarse,B,2.0130,4.5509,3.9900,False,512,487,0.951267,335.269812,CO(3-2),-10526.1883,-9125.819,star,18.714,2.620,14.597,512,20260825,False,False,
V AT Mic B,NAME AT Mic AB  Gaia DR3 6792436799475128960,7,A002_Xcd97a1_X3f1e,9.8066,345.175825,346.900923,488281.2500,1725097656.2,876.96,145,1.98831,9.96341,5.597885e+13,1.119577e+14,1.492769e+14,1.280910e+14,2.2882,4152.4605,3.598,39,7.458,0.9989,fine,A,3.8955,5.5718,5.1223,False,512,498,0.972710,346.522505,CO(3-2),726.5050,629.853,star,18.168,2.543,14.171,512,20260825,False,False,
V AT Mic B,NAME AT Mic AB  Gaia DR3 6792436799475128960,7,A002_Xcd97a1_X3f1e,9.8066,347.066687,348.801062,15625000.0000,1734375000.0,1257.98,208,0.38088,1.90864,3.431545e+14,6.863090e+14,9.150786e+14,7.843540e+14,2.2857,4175.2065,3.598,3,0.3361,1.0000,coarse,B,2.6677,4.3823,4.3218,False,512,225,0.440546,348.644812,CO(3-2),2848.8117,2469.815,star,18.069,2.530,14.094,512,20260825,False,False,
NAME AT Mic AB Gaia DR3 6792436799475128960,NAME AT Mic AB  Gaia DR3 6792436799475128960,7,A002_Xcd97a1_X3f1e,9.9214,333.171187,334.905562,15625000.0000,1734375000.0,1257.98,208,0.36793,1.87116,3.443405e+14,6.886809e+14,9.182412e+14,7.870647e+14,2.2857,4008.4605,3.598,3,0.3227,1.0000,coarse,B,2.4863,4.6601,3.8736,False,512,336,0.656920,334.671187,CO(3-2),-11124.8133,-9644.805,star,18.820,2.635,14.680,512,20260825,False,False,
NAME AT Mic AB Gaia DR3 6792436799475128960,NAME AT Mic AB  Gaia DR3 6792436799475128960,7,A002_Xcd97a1_X3f1e,9.9214,335.066687,336.801062,15625000.0000,1734375000.0,1257.98,208,0.32018,1.62862,2.997081e+14,5.994162e+14,7.992216e+14,6.850478e+14,2.2857,4031.2065,3.598,3,0.3246,1.0000,coarse,B,2.6243,4.0297,3.9717,False,512,266,0.520468,336.301062,CO(3-2),-9494.9383,-8231.764,star,18.714,2.620,14.597,512,20260825,False,False,
NAME AT Mic AB Gaia DR3 6792436799475128960,NAME AT Mic AB  Gaia DR3 6792436799475128960,7,A002_Xcd97a1_X3f1e,9.9214,345.175825,346.900923,488281.2500,1725097656.2,876.96,145,1.98814,10.12359,5.821869e+13,1.164374e+14,1.552498e+14,1.332162e+14,2.2882,4152.4605,3.598,39,7.458,0.9989,fine,A,4.7119,5.5542,5.6310,True,512,78,0.153996,346.136275,CO(3-2),340.2746,295.006,star,18.168,2.543,14.171,512,20260825,False,False,
NAME AT Mic AB Gaia DR3 6792436799475128960,NAME AT Mic AB  Gaia DR3 6792436799475128960,7,A002_Xcd97a1_X3f1e,9.9214,347.066687,348.801062,15625000.0000,1734375000.0,1257.98,208,0.37987,1.93469,3.560314e+14,7.120627e+14,9.494170e+14,8.137869e+14,2.2857,4175.2065,3.598,3,0.3361,1.0000,coarse,B,3.2043,4.7672,4.1735,False,512,66,0.130604,347.613562,CO(3-2),1817.5617,1575.759,star,18.069,2.530,14.094,512,20260825,False,False,
gam Vir,gam Vir,6,A002_Xd95042_X2d99,12.0202,223.085938,224.914062,15625000.0000,1828125000.0,2183.33,1083,0.18429,0.92189,2.490190e+14,4.980380e+14,6.640507e+14,5.691864e+14,2.2857,2688.0000,3.598,3,0.3756,1.0000,coarse,B,3.4618,4.5720,4.4394,False,512,23,0.046784,224.429688,13CO(2-1),4030.6875,5482.646,star,28.066,3.929,21.891,512,20260825,False,False,
gam Vir,gam Vir,6,A002_Xd99ff3_X9611,12.0202,223.085938,224.914062,15625000.0000,1828125000.0,2183.33,,0.19663,0.98362,2.656932e+14,5.313864e+14,7.085152e+14,6.072987e+14,2.2857,2688.0000,3.598,3,0.3756,,coarse,B,2.3592,3.9247,4.0524,False,512,367,0.717349,,13CO(2-1),3499.4375,4760.026,star,28.066,3.929,21.891,512,20260825,False,False,
gam Vir,gam Vir,6,A002_Xd95042_X2d99,12.0202,225.085938,226.914062,15625000.0000,1828125000.0,2183.33,1083,0.16577,0.82927,2.240005e+14,4.480009e+14,5.973345e+14,5.120011e+14,2.2857,2712.0000,3.598,3,0.379,1.0000,coarse,B,3.9477,4.0456,4.3108,False,512,2,0.005848,226.648438,CO(2-1),-3889.5625,-5058.001,star,27.817,3.894,21.698,512,20260825,False,False,
gam Vir,gam Vir,6,A002_Xd99ff3_X9611,12.0202,225.085938,226.914062,15625000.0000,1828125000.0,2183.33,,0.17699,0.88537,2.391540e+14,4.783080e+14,6.377440e+14,5.466377e+14,2.2857,2712.0000,3.598,3,0.379,,coarse,B,2.6110,4.1686,3.7043,False,512,255,0.499025,,CO(2-1),-4623.9375,-6012.985,star,27.817,3.894,21.698,512,20260825,False,False,
gam Vir,gam Vir,6,A002_Xd95042_X2d99,12.0202,239.085938,240.914063,15625000.0000,1828125000.0,2183.33,1083,0.18458,0.92342,2.494317e+14,4.988635e+14,6.651513e+14,5.701297e+14,2.2857,2880.0000,3.598,3,0.4024,1.0000,coarse,B,2.2400,4.2558,3.5501,False,512,425,0.830409,239.992188,CS(5-4),-4943.8125,-6051.041,star,26.195,3.667,20.432,512,20260825,False,False,
gam Vir,gam Vir,6,A002_Xd99ff3_X9611,12.0202,239.085938,240.914063,15625000.0000,1828125000.0,2183.33,,0.19309,0.96599,2.609319e+14,5.218638e+14,6.958184e+14,5.964157e+14,2.2857,2880.0000,3.598,3,0.4024,,coarse,B,2.5964,4.1600,4.0190,False,512,260,0.508772,,CS(5-4),-4990.6875,-6108.414,star,26.195,3.667,20.432,512,20260825,False,False,
gam Vir,gam Vir,6,A002_Xd95042_X2d99,12.0202,241.085938,242.914063,15625000.0000,1828125000.0,2183.33,1083,0.19194,0.96027,2.593843e+14,5.187687e+14,6.916915e+14,5.928785e+14,2.2857,2904.0000,3.598,3,0.4058,1.0000,coarse,B,2.8683,4.0737,4.6124,False,512,146,0.286550,241.585938,CS(5-4),-3350.0625,-4100.351,star,25.978,3.637,20.263,512,20260825,False,False,
gam Vir,gam Vir,6,A002_Xd99ff3_X9611,12.0202,241.085938,242.914063,15625000.0000,1828125000.0,2183.33,,0.20605,1.03081,2.784388e+14,5.568777e+14,7.425036e+14,6.364316e+14,2.2857,2904.0000,3.598,3,0.4058,,coarse,B,3.3964,4.0208,3.6926,False,512,34,0.068226,,CS(5-4),-3428.1875,-4195.973,star,25.978,3.637,20.263,512,20260825,False,False,
gam Vir,gam Vir,7,A002_Xd6ebab_X41a3,12.0202,335.580512,337.408637,15625000.0000,1828125000.0,1880.93,933,0.32767,1.64046,4.431155e+14,8.862311e+14,1.181641e+15,1.012836e+15,2.2857,4037.9349,3.598,4,0.4861,1.0000,coarse,B,2.2262,5.5069,4.1493,False,512,470,0.918129,336.736762,CO(3-2),-9059.2375,-7854.027,star,18.683,2.616,14.573,512,20260825,False,False,
gam Vir,gam Vir,7,A002_Xd99ff3_X152c8,12.0202,335.580512,337.408637,15625000.0000,1828125000.0,1880.93,,0.29150,1.45905,3.941147e+14,7.882293e+14,1.050972e+15,9.008335e+14,2.2857,4037.9349,3.598,4,0.4861,,coarse,B,3.0877,4.5426,3.6151,False,512,113,0.222222,,CO(3-2),-8949.8625,-7759.203,star,18.683,2.616,14.573,512,20260825,False,False,
gam Vir,gam Vir,7,A002_Xd6ebab_X41a3,12.0202,337.518012,339.346137,15625000.0000,1828125000.0,1880.93,933,0.28570,1.43037,3.863690e+14,7.727380e+14,1.030317e+15,8.831292e+14,2.2857,4061.1849,3.598,4,0.4889,1.0000,coarse,B,3.0285,4.4667,4.1871,False,512,139,0.272904,338.518012,CO(3-2),-7277.9875,-6309.748,star,18.576,2.601,14.489,512,20260825,False,False,
gam Vir,gam Vir,7,A002_Xd99ff3_X152c8,12.0202,337.518012,339.346137,15625000.0000,1828125000.0,1880.93,,0.25318,1.26723,3.422996e+14,6.845991e+14,9.127988e+14,7.823990e+14,2.2857,4061.1849,3.598,4,0.4889,,coarse,B,2.7360,4.2616,3.9243,False,512,258,0.504873,,CO(3-2),-7715.4875,-6689.045,star,18.576,2.601,14.489,512,20260825,False,False,
gam Vir,gam Vir,7,A002_Xd6ebab_X41a3,12.0202,347.580512,349.408637,15625000.0000,1828125000.0,1880.93,933,0.30924,1.54834,4.182334e+14,8.364667e+14,1.115289e+15,9.559621e+14,2.2857,4181.9349,3.598,4,0.5034,1.0000,coarse,B,2.9964,4.2865,4.1826,False,512,133,0.261209,348.330512,CO(3-2),2534.5125,2197.329,star,18.040,2.526,14.071,512,20260825,False,False,
gam Vir,gam Vir,7,A002_Xd99ff3_X152c8,12.0202,347.580512,349.408637,15625000.0000,1828125000.0,1880.93,,0.27045,1.35380,3.656841e+14,7.313681e+14,9.751575e+14,8.358493e+14,2.2857,4181.9349,3.598,4,0.5034,,coarse,B,2.4051,5.3731,3.8759,False,512,407,0.795322,,CO(3-2),2831.3875,2454.709,star,18.040,2.526,14.071,512,20260825,False,False,
gam Vir,gam Vir,7,A002_Xd6ebab_X41a3,12.0202,349.580512,351.408637,15625000.0000,1828125000.0,1880.93,933,0.34960,1.75044,4.728239e+14,9.456478e+14,1.260864e+15,1.080740e+15,2.2857,4205.9349,3.598,4,0.5063,1.0000,coarse,B,2.5966,4.3780,4.0862,False,512,319,0.623782,350.658637,CO(3-2),4862.6375,4215.728,star,17.937,2.511,13.991,512,20260825,False,False,
gam Vir,gam Vir,7,A002_Xd99ff3_X152c8,12.0202,349.580512,351.408637,15625000.0000,1828125000.0,1880.93,,0.30608,1.53212,4.138533e+14,8.277066e+14,1.103609e+15,9.459504e+14,2.2857,4205.9349,3.598,4,0.5063,,coarse,B,2.4524,4.8893,4.1373,False,512,395,0.771930,,CO(3-2),4315.7625,3741.608,star,17.937,2.511,13.991,512,20260825,False,False,
HR 1010 Gaia DR3 4722135642226902656,HR 1010  Gaia DR3 4722135642226902656,6,A002_Xc6fa08_X1053,12.0394,229.609959,231.450780,976562.5000,1840820312.5,60.48,,81.33121,406.66814,6.887483e+15,9.183311e+15,1.377497e+16,9.183311e+15,1.3333,2766.3644,3.598,2,0.1713,,fine,A,4.0878,4.7806,4.6145,False,512,24,0.048733,,CO(2-1),-21.7906,-28.337,star,27.271,3.818,21.271,512,20260825,False,False,
HR 1010 Gaia DR3 4722135642226902656,HR 1010  Gaia DR3 4722135642226902656,6,A002_Xc6e968_X1339,12.0394,229.610125,231.450945,976562.5000,1840820312.5,2842.56,,7.30443,36.52320,6.185706e+14,8.247608e+14,1.237141e+15,8.247608e+14,1.3333,2766.3664,3.598,40,8.052,,fine,A,4.8207,5.2802,5.6636,True,512,31,0.062378,,CO(2-1),-536.2739,-697.373,star,27.271,3.818,21.271,512,20260825,False,False,
HR 1010 Gaia DR3 4722135642226902656,HR 1010  Gaia DR3 4722135642226902656,6,A002_Xc6d2f9_X7060,12.0394,229.610174,231.450995,976562.5000,1840820312.5,2842.56,,10.93538,54.67851,9.260556e+14,1.234741e+15,1.852111e+15,1.234741e+15,1.3333,2766.3670,3.598,40,8.052,,fine,A,4.3962,5.6321,4.9923,False,512,223,0.436647,,CO(2-1),418.8539,544.679,star,27.271,3.818,21.271,512,20260825,False,False,
HR 1010 Gaia DR3 4722135642226902656,HR 1010  Gaia DR3 4722135642226902656,6,A002_Xc694dd_X41ca,12.0394,229.610626,231.451446,976562.5000,1840820312.5,2842.56,,11.53733,57.68828,9.770302e+14,1.302707e+15,1.954060e+15,1.302707e+15,1.3333,2766.3724,3.598,40,8.052,,fine,A,4.4435,5.5402,5.3142,False,512,159,0.311891,,CO(2-1),-742.8038,-965.945,star,27.271,3.818,21.271,512,20260825,False,False,
HR 1010 Gaia DR3 4722135642226902656,HR 1010  Gaia DR3 4722135642226902656,6,A002_Xc694dd_X3e5f,12.0394,229.610685,231.451506,976562.5000,1840820312.5,2842.56,,9.51488,47.57576,8.057607e+14,1.074348e+15,1.611521e+15,1.074348e+15,1.3333,2766.3731,3.598,40,8.052,,fine,A,4.4682,5.9935,5.4162,False,512,155,0.304094,,CO(2-1),143.9745,187.225,star,27.271,3.818,21.271,512,20260825,False,False,
HR 1010 Gaia DR3 4722135642226902656,HR 1010  Gaia DR3 4722135642226902656,6,A002_Xc68b3e_X107b,12.0394,229.610807,231.451627,976562.5000,1840820312.5,2842.56,,10.68002,53.40158,9.044291e+14,1.205905e+15,1.808858e+15,1.205905e+15,1.3333,2766.3746,3.598,40,8.052,,fine,A,4.2942,6.0085,5.0668,False,512,246,0.481481,,CO(2-1),205.6192,267.388,star,27.271,3.818,21.271,512,20260825,False,False,
HR 1010 Gaia DR3 4722135642226902656,HR 1010  Gaia DR3 4722135642226902656,6,A002_Xc67b7e_X1f16,12.0394,229.610880,231.451700,976562.5000,1840820312.5,2842.56,,10.73364,53.66972,9.089703e+14,1.211960e+15,1.817941e+15,1.211960e+15,1.3333,2766.3755,3.598,40,8.052,,fine,A,4.1612,6.0522,4.9721,False,512,373,0.729045,,CO(2-1),-265.0110,-344.621,star,27.271,3.818,21.271,512,20260825,False,False,
HR 1010 Gaia DR3 4722135642226902656,HR 1010  Gaia DR3 4722135642226902656,6,A002_Xc66ce1_Xaa9,12.0394,229.611119,231.451939,976562.5000,1840820312.5,2842.56,282,7.67013,38.35172,6.495389e+14,8.660519e+14,1.299078e+15,8.663423e+14,1.3338,2766.3784,3.598,40,8.052,0.9997,fine,A,4.9500,5.6658,5.1445,False,512,29,0.058480,230.781041,CO(2-1),243.0410,316.051,star,27.271,3.818,21.271,512,20260825,False,False,
HR 1010 Gaia DR3 4722135642226902656,HR 1010  Gaia DR3 4722135642226902656,6,A002_Xc6fa08_X1053,12.0394,231.617535,233.351910,15625000.0000,1734375000.0,60.48,,12.36170,61.81037,1.674949e+16,3.349899e+16,4.466532e+16,3.828456e+16,2.2857,2789.8167,3.598,2,0.0108,,coarse,B,2.3260,4.4209,3.5226,False,512,390,0.762183,,CO(2-1),1610.7849,2094.671,star,27.041,3.786,21.092,512,20260825,False,False,
HR 1010 Gaia DR3 4722135642226902656,HR 1010  Gaia DR3 4722135642226902656,6,A002_Xc6e968_X1339,12.0394,231.617696,233.352071,15625000.0000,1734375000.0,2842.56,,1.22490,6.12467,1.659675e+15,3.319351e+15,4.425801e+15,3.793544e+15,2.2857,2789.8186,3.598,4,0.5075,,coarse,B,2.7013,4.0597,3.3092,False,512,276,0.539961,,CO(2-1),1829.6955,2379.343,star,27.041,3.786,21.092,512,20260825,False,False,
HR 1010 Gaia DR3 4722135642226902656,HR 1010  Gaia DR3 4722135642226902656,6,A002_Xc6d2f9_X7060,12.0394,231.617744,233.352119,15625000.0000,1734375000.0,2842.56,,1.89107,9.45565,2.562312e+15,5.124624e+15,6.832832e+15,5.856713e+15,2.2857,2789.8192,3.598,4,0.5075,,coarse,B,3.5183,4.1073,3.5304,False,512,20,0.040936,,CO(2-1),2048.4938,2663.869,star,27.041,3.786,21.092,512,20260825,False,False,
HR 1010 Gaia DR3 4722135642226902656,HR 1010  Gaia DR3 4722135642226902656,6,A002_Xc6b674_X28f5,12.0394,231.617953,233.352328,15625000.0000,1734375000.0,2842.56,,1.66289,8.31470,2.253134e+15,4.506269e+15,6.008358e+15,5.150021e+15,2.2857,2789.8217,3.598,4,0.5075,,coarse,B,2.7345,4.8230,3.3324,False,512,231,0.452242,,CO(2-1),1283.0777,1668.519,star,27.041,3.786,21.092,512,20260825,False,False,
HR 1010 Gaia DR3 4722135642226902656,HR 1010  Gaia DR3 4722135642226902656,6,A002_Xc694dd_X41ca,12.0394,231.618183,233.352558,15625000.0000,1734375000.0,2842.56,,1.96570,9.82880,2.663428e+15,5.326856e+15,7.102474e+15,6.087835e+15,2.2857,2789.8244,3.598,4,0.5075,,coarse,B,2.8493,4.3074,3.1327,False,512,186,0.364522,,CO(2-1),1923.9332,2501.890,star,27.041,3.786,21.092,512,20260825,False,False,
HR 1010 Gaia DR3 4722135642226902656,HR 1010  Gaia DR3 4722135642226902656,6,A002_Xc694dd_X3e5f,12.0394,231.618241,233.352616,15625000.0000,1734375000.0,2842.56,,1.60595,8.02999,2.175982e+15,4.351963e+15,5.802618e+15,4.973673e+15,2.2857,2789.8251,3.598,4,0.5075,,coarse,B,3.1482,4.1703,3.9650,False,512,72,0.142300,,CO(2-1),2658.3661,3456.949,star,27.041,3.786,21.092,512,20260825,False,False,
HR 1010 Gaia DR3 4722135642226902656,HR 1010  Gaia DR3 4722135642226902656,6,A002_Xc68b3e_X107b,12.0394,231.618359,233.352734,15625000.0000,1734375000.0,2842.56,,1.82582,9.12935,2.473889e+15,4.947779e+15,6.597038e+15,5.654604e+15,2.2857,2789.8266,3.598,4,0.5075,,coarse,B,2.4716,4.1293,2.9255,False,512,375,0.732943,,CO(2-1),1533.4841,1994.148,star,27.041,3.786,21.092,512,20260825,False,False,
HR 1010 Gaia DR3 4722135642226902656,HR 1010  Gaia DR3 4722135642226902656,6,A002_Xc67b7e_X1f16,12.0394,231.618430,233.352805,15625000.0000,1734375000.0,2842.56,,1.82767,9.13861,2.476398e+15,4.952796e+15,6.603728e+15,5.660338e+15,2.2857,2789.8274,3.598,4,0.5075,,coarse,B,2.6612,4.5307,3.0687,False,512,264,0.516569,,CO(2-1),1846.0550,2400.617,star,27.041,3.786,21.092,512,20260825,False,False,
HR 1010 Gaia DR3 4722135642226902656,HR 1010  Gaia DR3 4722135642226902656,6,A002_Xc66ce1_Xaa9,12.0394,231.618663,233.353038,15625000.0000,1734375000.0,2842.56,282,1.28788,6.43958,1.745009e+15,3.490019e+15,4.653359e+15,3.988598e+15,2.2857,2789.8302,3.598,4,0.5075,1.0000,coarse,B,3.2028,3.9270,3.6947,False,512,78,0.153996,232.384288,CO(2-1),1846.2880,2400.920,star,27.041,3.786,21.092,512,20260825,False,False,
HR 1010 Gaia DR3 4722135642226902656,HR 1010  Gaia DR3 4722135642226902656,6,A002_Xc6fa08_X1053,12.0394,244.616677,246.351052,15625000.0000,1734375000.0,60.48,,13.27502,66.37736,1.798707e+16,3.597413e+16,4.796551e+16,4.111329e+16,2.2857,2945.8064,3.598,2,0.0114,,coarse,B,2.5435,4.3611,2.8570,False,512,295,0.576998,,CS(5-4),-22.4483,-27.476,star,25.610,3.585,19.975,512,20260825,False,False,
HR 1010 Gaia DR3 4722135642226902656,HR 1010  Gaia DR3 4722135642226902656,6,A002_Xc6e968_X1339,12.0394,244.616846,246.351221,15625000.0000,1734375000.0,2842.56,,1.32094,6.60494,1.789819e+15,3.579638e+15,4.772851e+15,4.091015e+15,2.2857,2945.8084,3.598,4,0.5359,,coarse,B,2.7704,4.5176,3.0569,False,512,268,0.524366,,CS(5-4),352.7213,431.718,star,25.610,3.585,19.975,512,20260825,False,False,
HR 1010 Gaia DR3 4722135642226902656,HR 1010  Gaia DR3 4722135642226902656,6,A002_Xc6d2f9_X7060,12.0394,244.616897,246.351272,15625000.0000,1734375000.0,2842.56,,2.07804,10.39056,2.815654e+15,5.631308e+15,7.508411e+15,6.435781e+15,2.2857,2945.8090,3.598,4,0.5359,,coarse,B,2.3540,4.2996,3.7602,False,512,408,0.797271,,CS(5-4),-256.6027,-314.072,star,25.609,3.585,19.975,512,20260825,False,False,
HR 1010 Gaia DR3 4722135642226902656,HR 1010  Gaia DR3 4722135642226902656,6,A002_Xc6b674_X28f5,12.0394,244.617118,246.351493,15625000.0000,1734375000.0,2842.56,,1.79627,8.98164,2.433863e+15,4.867727e+15,6.490302e+15,5.563116e+15,2.2857,2945.8117,3.598,4,0.5359,,coarse,B,2.3668,4.7518,3.4490,False,512,441,0.861598,,CS(5-4),-53.2571,-65.185,star,25.609,3.585,19.975,512,20260825,False,False,
HR 1010 Gaia DR3 4722135642226902656,HR 1010  Gaia DR3 4722135642226902656,6,A002_Xc694dd_X41ca,12.0394,244.617361,246.351736,15625000.0000,1734375000.0,2842.56,,2.16270,10.81386,2.930360e+15,5.860721e+15,7.814294e+15,6.697967e+15,2.2857,2945.8146,3.598,4,0.5359,,coarse,B,3.0167,4.6185,3.4404,False,512,152,0.298246,,CS(5-4),1243.8613,1522.439,star,25.609,3.585,19.975,512,20260825,False,False,
HR 1010 Gaia DR3 4722135642226902656,HR 1010  Gaia DR3 4722135642226902656,6,A002_Xc694dd_X3e5f,12.0394,244.617422,246.351797,15625000.0000,1734375000.0,2842.56,,1.75017,8.75112,2.371396e+15,4.742793e+15,6.323724e+15,5.420334e+15,2.2857,2945.8153,3.598,4,0.5359,,coarse,B,3.2361,4.0861,3.6090,False,512,97,0.191033,,CS(5-4),1197.0474,1465.141,star,25.609,3.585,19.975,512,20260825,False,False,
HR 1010 Gaia DR3 4722135642226902656,HR 1010  Gaia DR3 4722135642226902656,6,A002_Xc68b3e_X107b,12.0394,244.617547,246.351922,15625000.0000,1734375000.0,2842.56,,1.99321,9.96638,2.700710e+15,5.401419e+15,7.201893e+15,6.173051e+15,2.2857,2945.8168,3.598,4,0.5359,,coarse,B,2.8351,4.3752,3.3683,False,512,225,0.440546,,CS(5-4),915.9221,1121.054,star,25.609,3.585,19.975,512,20260825,False,False,
HR 1010 Gaia DR3 4722135642226902656,HR 1010  Gaia DR3 4722135642226902656,6,A002_Xc67b7e_X1f16,12.0394,244.617622,246.351997,15625000.0000,1734375000.0,2842.56,,1.99409,9.97078,2.701900e+15,5.403801e+15,7.205068e+15,6.175773e+15,2.2857,2945.8177,3.598,4,0.5359,,coarse,B,2.7461,4.2235,3.4995,False,512,237,0.463938,,CS(5-4),962.8719,1178.519,star,25.609,3.585,19.975,512,20260825,False,False,
HR 1010 Gaia DR3 4722135642226902656,HR 1010  Gaia DR3 4722135642226902656,6,A002_Xc66ce1_Xaa9,12.0394,244.617868,246.352243,15625000.0000,1734375000.0,2842.56,282,1.37740,6.88722,1.866312e+15,3.732623e+15,4.976831e+15,4.265861e+15,2.2857,2945.8207,3.598,4,0.5359,1.0000,coarse,B,2.4208,4.6650,3.5700,False,512,454,0.886940,244.852243,CS(5-4),-83.7571,-102.515,star,25.609,3.585,19.975,512,20260825,False,False,
HR 1010 Gaia DR3 4722135642226902656,HR 1010  Gaia DR3 4722135642226902656,6,A002_Xc6fa08_X1053,12.0394,246.616545,248.350920,15625000.0000,1734375000.0,60.48,,15.12182,75.61168,2.048940e+16,4.097880e+16,5.463840e+16,4.683292e+16,2.2857,2969.8048,3.598,2,0.0115,,coarse,B,2.5258,4.6473,3.1187,False,512,248,0.485380,,CS(5-4),2227.4203,2726.279,star,25.403,3.556,19.814,512,20260825,False,False,
HR 1010 Gaia DR3 4722135642226902656,HR 1010  Gaia DR3 4722135642226902656,6,A002_Xc6e968_X1339,12.0394,246.616716,248.351091,15625000.0000,1734375000.0,2842.56,,1.54781,7.73933,2.097219e+15,4.194438e+15,5.592584e+15,4.793644e+15,2.2857,2969.8068,3.598,4,0.5403,,coarse,B,2.7623,4.0450,3.1044,False,512,272,0.532164,,CS(5-4),1915.0913,2344.000,star,25.403,3.556,19.814,512,20260825,False,False,
HR 1010 Gaia DR3 4722135642226902656,HR 1010  Gaia DR3 4722135642226902656,6,A002_Xc6d2f9_X7060,12.0394,246.616768,248.351143,15625000.0000,1734375000.0,2842.56,,2.35321,11.76646,3.188498e+15,6.376997e+15,8.502662e+15,7.287996e+15,2.2857,2969.8075,3.598,4,0.5403,,coarse,B,2.7438,4.4691,3.2646,False,512,264,0.516569,,CS(5-4),3212.0177,3931.389,star,25.403,3.556,19.814,512,20260825,False,False,
HR 1010 Gaia DR3 4722135642226902656,HR 1010  Gaia DR3 4722135642226902656,6,A002_Xc6b674_X28f5,12.0394,246.616990,248.351365,15625000.0000,1734375000.0,2842.56,,2.11303,10.56549,2.863056e+15,5.726113e+15,7.634817e+15,6.544129e+15,2.2857,2969.8101,3.598,4,0.5403,,coarse,B,2.5588,4.4623,3.4299,False,512,388,0.758285,,CS(5-4),1805.9901,2210.464,star,25.403,3.556,19.814,512,20260825,False,False,
HR 1010 Gaia DR3 4722135642226902656,HR 1010  Gaia DR3 4722135642226902656,6,A002_Xc694dd_X41ca,12.0394,246.617235,248.351610,15625000.0000,1734375000.0,2842.56,,2.47034,12.35213,3.347203e+15,6.694406e+15,8.925875e+15,7.650750e+15,2.2857,2969.8131,3.598,4,0.5403,,coarse,B,2.9701,4.6031,3.4630,False,512,159,0.311891,,CS(5-4),2712.4854,3319.980,star,25.403,3.556,19.814,512,20260825,False,False,
HR 1010 Gaia DR3 4722135642226902656,HR 1010  Gaia DR3 4722135642226902656,6,A002_Xc694dd_X3e5f,12.0394,246.617297,248.351672,15625000.0000,1734375000.0,2842.56,,2.03584,10.17952,2.758465e+15,5.516931e+15,7.355908e+15,6.305064e+15,2.2857,2969.8138,3.598,4,0.5403,,coarse,B,2.6289,4.3688,3.9415,False,512,281,0.549708,,CS(5-4),2165.6721,2650.701,star,25.402,3.556,19.814,512,20260825,False,False,
HR 1010 Gaia DR3 4722135642226902656,HR 1010  Gaia DR3 4722135642226902656,6,A002_Xc68b3e_X107b,12.0394,246.617423,248.351798,15625000.0000,1734375000.0,2842.56,,2.28283,11.41450,3.093123e+15,6.186246e+15,8.248328e+15,7.069995e+15,2.2857,2969.8153,3.598,4,0.5403,,coarse,B,4.5079,4.5470,4.7190,False,512,1,0.003899,,CS(5-4),2212.6727,2708.228,star,25.402,3.556,19.814,512,20260825,False,False,
HR 1010 Gaia DR3 4722135642226902656,HR 1010  Gaia DR3 4722135642226902656,6,A002_Xc67b7e_X1f16,12.0394,246.617498,248.351873,15625000.0000,1734375000.0,2842.56,,2.28812,11.44096,3.100293e+15,6.200586e+15,8.267447e+15,7.086384e+15,2.2857,2969.8162,3.598,4,0.5403,,coarse,B,3.1823,5.2796,3.2858,False,512,112,0.220273,,CS(5-4),1775.2482,2172.837,star,25.402,3.556,19.814,512,20260825,False,False,
HR 1010 Gaia DR3 4722135642226902656,HR 1010  Gaia DR3 4722135642226902656,6,A002_Xc66ce1_Xaa9,12.0394,246.617746,248.352121,15625000.0000,1734375000.0,2842.56,282,1.62759,8.13819,2.205303e+15,4.410607e+15,5.880809e+15,5.040701e+15,2.2857,2969.8192,3.598,4,0.5403,1.0000,coarse,B,2.4000,4.5519,3.2806,False,512,441,0.861598,246.945871,CS(5-4),2009.8712,2460.007,star,25.402,3.556,19.814,512,20260825,False,False,
HR 1010 Gaia DR3 4722135642226902656,HR 1010  Gaia DR3 4722135642226902656,7,A002_Xc7111c_X61dc,12.0394,333.084351,334.912476,15625000.0000,1828125000.0,1360.80,,4.65646,23.55698,6.383517e+15,1.276703e+16,1.702271e+16,1.459090e+16,2.2857,4007.9810,3.598,5,0.3491,,coarse,B,3.2505,4.2424,3.6943,False,512,109,0.214425,,CO(3-2),-12164.7737,-10546.413,star,18.823,2.635,14.682,512,20260825,False,False,
HR 1010 Gaia DR3 4722135642226902656,HR 1010  Gaia DR3 4722135642226902656,7,A002_Xc6ff69_X1560,12.0394,333.084542,334.912667,15625000.0000,1828125000.0,181.44,,13.23154,66.93300,1.813764e+16,3.627527e+16,4.836703e+16,4.145745e+16,2.2857,4007.9833,3.598,2,0.04654,,coarse,B,2.3602,4.5445,3.1119,False,512,393,0.768031,,CO(3-2),-12148.9581,-10532.701,star,18.823,2.635,14.682,512,20260825,False,False,
HR 1010 Gaia DR3 4722135642226902656,HR 1010  Gaia DR3 4722135642226902656,7,A002_Xc6c0d5_X121e,12.0394,333.085241,334.913366,15625000.0000,1828125000.0,1360.80,,5.27184,26.66313,7.225228e+15,1.445046e+16,1.926727e+16,1.651481e+16,2.2857,4007.9916,3.598,5,0.3491,,coarse,B,2.4723,4.8800,3.0678,False,512,415,0.810916,,CO(3-2),-12273.2586,-10640.465,star,18.823,2.635,14.682,512,20260825,False,False,
HR 1010 Gaia DR3 4722135642226902656,HR 1010  Gaia DR3 4722135642226902656,7,A002_Xc6b674_X23f2,12.0394,333.085345,334.913470,15625000.0000,1828125000.0,1360.80,,5.75971,29.12985,7.893663e+15,1.578733e+16,2.104977e+16,1.804266e+16,2.2857,4007.9929,3.598,5,0.3491,,coarse,B,3.5080,4.4234,3.9831,False,512,44,0.087719,,CO(3-2),-11601.2798,-10057.884,star,18.823,2.635,14.682,512,20260825,False,False,
HR 1010 Gaia DR3 4722135642226902656,HR 1010  Gaia DR3 4722135642226902656,7,A002_Xc6a3db_X7b5b,12.0394,333.085368,334.913493,15625000.0000,1828125000.0,1360.80,,5.50137,27.82259,7.539421e+15,1.507884e+16,2.010512e+16,1.723296e+16,2.2857,4007.9932,3.598,5,0.3491,,coarse,B,3.1955,4.7329,3.9976,False,512,108,0.212476,,CO(3-2),-11773.1317,-10206.874,star,18.823,2.635,14.682,512,20260825,False,False,
HR 1010 Gaia DR3 4722135642226902656,HR 1010  Gaia DR3 4722135642226902656,7,A002_Xc6a3db_X26cc,12.0394,333.085445,334.913570,15625000.0000,1828125000.0,1360.80,,7.00545,35.42841,9.600459e+15,1.920092e+16,2.560123e+16,2.194391e+16,2.2857,4007.9941,3.598,5,0.3491,,coarse,B,2.2485,4.1667,3.1716,False,512,484,0.945419,,CO(3-2),-11148.0553,-9664.955,star,18.823,2.635,14.682,512,20260825,False,False,
HR 1010 Gaia DR3 4722135642226902656,HR 1010  Gaia DR3 4722135642226902656,7,A002_Xc66ce1_X1345,12.0394,333.086140,334.914265,15625000.0000,1828125000.0,1360.80,,3.65141,18.46371,5.003332e+15,1.000666e+16,1.334222e+16,1.143619e+16,2.2857,4008.0024,3.598,5,0.3491,,coarse,B,3.0674,4.3462,3.5826,False,512,158,0.309942,,CO(3-2),-10897.3596,-9447.611,star,18.823,2.635,14.682,512,20260825,False,False,
HR 1010 Gaia DR3 4722135642226902656,HR 1010  Gaia DR3 4722135642226902656,7,A002_Xc6141c_X3af0,12.0394,333.087349,334.915474,15625000.0000,1828125000.0,1360.80,135,4.44880,22.49108,6.094676e+15,1.218935e+16,1.625247e+16,1.393073e+16,2.2857,4008.0169,3.598,5,0.3491,1.0000,coarse,B,3.1794,4.8140,3.7448,False,512,99,0.194932,333.962349,CO(3-2),-11833.6510,-10259.342,star,18.822,2.635,14.682,512,20260825,False,False,
HR 1010 Gaia DR3 4722135642226902656,HR 1010  Gaia DR3 4722135642226902656,7,A002_Xc7111c_X61dc,12.0394,335.042351,336.870476,15625000.0000,1828125000.0,1360.80,,4.45631,22.54753,6.109974e+15,1.221995e+16,1.629326e+16,1.396566e+16,2.2857,4031.4770,3.598,5,0.3511,,coarse,B,2.6008,4.4132,4.0626,False,512,346,0.676413,,CO(3-2),-9566.1487,-8293.500,star,18.713,2.620,14.596,512,20260825,False,False,
HR 1010 Gaia DR3 4722135642226902656,HR 1010  Gaia DR3 4722135642226902656,7,A002_Xc6ff69_X1560,12.0394,335.042542,336.870667,15625000.0000,1828125000.0,181.44,,11.60529,58.71449,1.591057e+16,3.182113e+16,4.242818e+16,3.636701e+16,2.2857,4031.4793,3.598,2,0.04681,,coarse,B,3.1562,4.2205,4.0007,False,512,53,0.105263,,CO(3-2),-9534.7081,-8266.242,star,18.713,2.620,14.596,512,20260825,False,False,
HR 1010 Gaia DR3 4722135642226902656,HR 1010  Gaia DR3 4722135642226902656,7,A002_Xc6c0d5_X121e,12.0394,335.043241,336.871366,15625000.0000,1828125000.0,1360.80,,4.81999,24.38113,6.606847e+15,1.321369e+16,1.761826e+16,1.510136e+16,2.2857,4031.4876,3.598,5,0.3511,,coarse,B,2.8089,4.4395,3.2756,False,512,245,0.479532,,CO(3-2),-10268.3836,-8902.312,star,18.713,2.620,14.596,512,20260825,False,False,
HR 1010 Gaia DR3 4722135642226902656,HR 1010  Gaia DR3 4722135642226902656,7,A002_Xc6b674_X23f2,12.0394,335.043345,336.871470,15625000.0000,1828125000.0,1360.80,,4.99086,25.24478,6.840880e+15,1.368176e+16,1.824235e+16,1.563630e+16,2.2857,4031.4889,3.598,5,0.3511,,coarse,B,3.2131,4.4087,3.8581,False,512,112,0.220273,,CO(3-2),-10158.9048,-8807.398,star,18.713,2.620,14.596,512,20260825,False,False,
HR 1010 Gaia DR3 4722135642226902656,HR 1010  Gaia DR3 4722135642226902656,7,A002_Xc6a3db_X7b5b,12.0394,335.043368,336.871493,15625000.0000,1828125000.0,1360.80,,5.46088,27.62155,7.484942e+15,1.496988e+16,1.995984e+16,1.710844e+16,2.2857,4031.4892,3.598,5,0.3511,,coarse,B,2.7837,4.1492,3.5878,False,512,251,0.491228,,CO(3-2),-9705.7567,-8414.535,star,18.713,2.620,14.596,512,20260825,False,False,
HR 1010 Gaia DR3 4722135642226902656,HR 1010  Gaia DR3 4722135642226902656,7,A002_Xc6a3db_X26cc,12.0394,335.043445,336.871570,15625000.0000,1828125000.0,1360.80,,6.96782,35.24283,9.550172e+15,1.910034e+16,2.546713e+16,2.182896e+16,2.2857,4031.4901,3.598,5,0.3511,,coarse,B,2.3041,5.1381,2.8996,False,512,478,0.933723,,CO(3-2),-9471.3053,-8211.275,star,18.713,2.620,14.596,512,20260825,False,False,
HR 1010 Gaia DR3 4722135642226902656,HR 1010  Gaia DR3 4722135642226902656,7,A002_Xc66ce1_X1345,12.0394,335.044140,336.872265,15625000.0000,1828125000.0,1360.80,,3.16260,15.99407,4.334105e+15,8.668209e+15,1.155761e+16,9.906525e+15,2.2857,4031.4984,3.598,5,0.3511,,coarse,B,3.4927,4.3177,3.5862,False,512,43,0.085770,,CO(3-2),-10673.7346,-9253.737,star,18.713,2.620,14.596,512,20260825,False,False,
HR 1010 Gaia DR3 4722135642226902656,HR 1010  Gaia DR3 4722135642226902656,7,A002_Xc6141c_X3af0,12.0394,335.045349,336.873474,15625000.0000,1828125000.0,1360.80,135,3.88758,19.65636,5.326519e+15,1.065304e+16,1.420405e+16,1.217493e+16,2.2857,4031.5129,3.598,5,0.3511,1.0000,coarse,B,3.3077,4.3542,3.6640,False,512,69,0.136452,335.732849,CO(3-2),-10063.1510,-8724.383,star,18.713,2.620,14.596,512,20260825,False,False,
HR 1010 Gaia DR3 4722135642226902656,HR 1010  Gaia DR3 4722135642226902656,7,A002_Xc7111c_X61dc,12.0394,345.313596,346.234006,488281.2500,920410156.2,1360.80,,31.81494,161.08704,1.364115e+15,1.818820e+15,2.728230e+15,1.818820e+15,1.3333,4149.2856,3.598,132,11.56,,fine,A,4.7647,5.7107,6.0246,True,512,174,0.341131,,CO(3-2),-91.7794,-79.569,star,18.182,2.545,14.182,512,20260825,False,False,
HR 1010 Gaia DR3 4722135642226902656,HR 1010  Gaia DR3 4722135642226902656,7,A002_Xc6ff69_X1560,12.0394,345.313786,346.234196,488281.2500,920410156.2,181.44,,90.73558,459.37846,3.890102e+15,5.186803e+15,7.780204e+15,5.186803e+15,1.3333,4149.2879,3.598,13,1.542,,fine,A,4.3433,5.4662,4.6803,False,512,104,0.204678,,CO(3-2),290.2471,251.634,star,18.182,2.545,14.182,512,20260825,False,False,
HR 1010 Gaia DR3 4722135642226902656,HR 1010  Gaia DR3 4722135642226902656,7,A002_Xc6c0d5_X121e,12.0394,345.314486,346.234896,488281.2500,920410156.2,1360.80,,35.89811,181.70974,1.538752e+15,2.051669e+15,3.077504e+15,2.051669e+15,1.3333,4149.2963,3.598,132,11.56,,fine,A,5.0919,5.6557,5.2457,False,512,37,0.074074,,CO(3-2),-112.3738,-97.424,star,18.182,2.545,14.182,512,20260825,True,False,
HR 1010 Gaia DR3 4722135642226902656,HR 1010  Gaia DR3 4722135642226902656,7,A002_Xc6b674_X23f2,12.0394,345.314589,346.235000,488281.2500,920410156.2,1360.80,,56.43623,285.66186,2.419038e+15,3.225384e+15,4.838076e+15,3.225384e+15,1.3333,4149.2975,3.598,132,11.56,,fine,A,5.0443,5.4271,5.2424,False,512,30,0.060429,,CO(3-2),434.1168,376.363,star,18.182,2.545,14.182,512,20260825,True,False,
HR 1010 Gaia DR3 4722135642226902656,HR 1010  Gaia DR3 4722135642226902656,7,A002_Xc6a3db_X7b5b,12.0394,345.314613,346.235023,488281.2500,920410156.2,1360.80,,42.87811,217.02930,1.837844e+15,2.450459e+15,3.675689e+15,2.450459e+15,1.3333,4149.2978,3.598,132,11.56,,fine,A,5.0473,5.5727,5.5441,False,512,54,0.107212,,CO(3-2),-317.8132,-275.532,star,18.182,2.545,14.182,512,20260825,True,False,
HR 1010 Gaia DR3 4722135642226902656,HR 1010  Gaia DR3 4722135642226902656,7,A002_Xc6a3db_X26cc,12.0394,345.314689,346.235099,488281.2500,920410156.2,1360.80,,53.36862,270.11995,2.287426e+15,3.049901e+15,4.574852e+15,3.049901e+15,1.3333,4149.2987,3.598,132,11.56,,fine,A,4.6343,5.9843,5.2998,False,512,228,0.446394,,CO(3-2),-13.0494,-11.313,star,18.182,2.545,14.182,512,20260825,False,False,
HR 1010 Gaia DR3 4722135642226902656,HR 1010  Gaia DR3 4722135642226902656,7,A002_Xc66ce1_X1345,12.0394,345.315385,346.235795,488281.2500,920410156.2,1360.80,,24.48815,123.92663,1.049434e+15,1.399245e+15,2.098868e+15,1.399245e+15,1.3333,4149.3071,3.598,132,11.56,,fine,A,5.3810,6.0129,5.6186,False,512,5,0.011696,,CO(3-2),-175.4396,-152.100,star,18.182,2.545,14.182,512,20260825,True,False,
HR 1010 Gaia DR3 4722135642226902656,HR 1010  Gaia DR3 4722135642226902656,7,A002_Xc6141c_X3af0,12.0394,345.316593,346.237003,488281.2500,920410156.2,1360.80,135,29.65210,150.02616,1.270449e+15,1.693933e+15,2.540899e+15,1.699055e+15,1.3374,4149.3216,3.598,132,11.56,0.9970,fine,A,4.7280,5.7366,5.3165,False,512,171,0.335283,345.318058,CO(3-2),-477.9419,-414.358,star,18.181,2.545,14.182,512,20260825,False,False,
HR 1010 Gaia DR3 4722135642226902656,HR 1010  Gaia DR3 4722135642226902656,7,A002_Xc7111c_X61dc,12.0394,347.042348,348.870473,15625000.0000,1828125000.0,1360.80,,4.86323,24.62768,6.673657e+15,1.334731e+16,1.779642e+16,1.525407e+16,2.2857,4175.4769,3.598,6,0.3636,,coarse,B,2.7566,4.6248,3.3164,False,512,321,0.627680,,CO(3-2),3074.4725,2665.455,star,18.068,2.529,14.093,512,20260825,False,False,
HR 1010 Gaia DR3 4722135642226902656,HR 1010  Gaia DR3 4722135642226902656,7,A002_Xc6ff69_X1560,12.0394,347.042538,348.870663,15625000.0000,1828125000.0,181.44,,13.95756,70.67588,1.915189e+16,3.830377e+16,5.107170e+16,4.377574e+16,2.2857,4175.4792,3.598,2,0.04849,,coarse,B,2.7479,4.6575,3.4090,False,512,161,0.315789,,CO(3-2),2262.1631,1961.212,star,18.068,2.529,14.093,512,20260825,False,False,
HR 1010 Gaia DR3 4722135642226902656,HR 1010  Gaia DR3 4722135642226902656,7,A002_Xc6c0d5_X121e,12.0394,347.043238,348.871363,15625000.0000,1828125000.0,1360.80,,5.53427,28.01783,7.592325e+15,1.518465e+16,2.024620e+16,1.735389e+16,2.2857,4175.4876,3.598,6,0.3636,,coarse,B,3.6573,5.1876,4.0195,False,512,49,0.097466,,CO(3-2),2419.1126,2097.282,star,18.068,2.529,14.093,512,20260825,False,False,
HR 1010 Gaia DR3 4722135642226902656,HR 1010  Gaia DR3 4722135642226902656,7,A002_Xc6b674_X23f2,12.0394,347.043341,348.871466,15625000.0000,1828125000.0,1360.80,,5.95524,30.14819,8.169615e+15,1.633923e+16,2.178564e+16,1.867341e+16,2.2857,4175.4888,3.598,6,0.3636,,coarse,B,2.4250,4.5491,3.0361,False,512,425,0.830409,,CO(3-2),2356.7164,2043.187,star,18.068,2.529,14.093,512,20260825,False,False,
HR 1010 Gaia DR3 4722135642226902656,HR 1010  Gaia DR3 4722135642226902656,7,A002_Xc6a3db_X7b5b,12.0394,347.043364,348.871489,15625000.0000,1828125000.0,1360.80,,5.83238,29.52538,8.000846e+15,1.600169e+16,2.133559e+16,1.828765e+16,2.2857,4175.4891,3.598,6,0.3636,,coarse,B,3.7797,4.2674,3.9318,False,512,22,0.044834,,CO(3-2),2075.4895,1799.373,star,18.068,2.529,14.093,512,20260825,False,False,
HR 1010 Gaia DR3 4722135642226902656,HR 1010  Gaia DR3 4722135642226902656,7,A002_Xc6a3db_X26cc,12.0394,347.043441,348.871566,15625000.0000,1828125000.0,1360.80,,7.22865,36.59275,9.915974e+15,1.983195e+16,2.644260e+16,2.266508e+16,2.2857,4175.4900,3.598,6,0.3636,,coarse,B,3.3963,4.5962,3.5262,False,512,76,0.150097,,CO(3-2),2497.4408,2165.190,star,18.068,2.529,14.093,512,20260825,False,False,
HR 1010 Gaia DR3 4722135642226902656,HR 1010  Gaia DR3 4722135642226902656,7,A002_Xc66ce1_X1345,12.0394,347.044137,348.872262,15625000.0000,1828125000.0,1360.80,,3.86395,19.55719,5.299644e+15,1.059929e+16,1.413238e+16,1.211347e+16,2.2857,4175.4984,3.598,6,0.3636,,coarse,B,3.0286,4.8706,3.4657,False,512,192,0.376218,,CO(3-2),3029.3866,2626.367,star,18.067,2.529,14.093,512,20260825,False,False,
HR 1010 Gaia DR3 4722135642226902656,HR 1010  Gaia DR3 4722135642226902656,7,A002_Xc6141c_X3af0,12.0394,347.045345,348.873470,15625000.0000,1828125000.0,1360.80,135,4.62233,23.39039,6.338374e+15,1.267675e+16,1.690233e+16,1.448775e+16,2.2857,4175.5129,3.598,6,0.3637,1.0000,coarse,B,3.0594,4.4866,3.8735,False,512,189,0.370370,347.342220,CO(3-2),1546.2202,1340.516,star,18.067,2.529,14.093,512,20260825,False,False,
TRAPPIST-1,TRAPPIST-1,3,A002_Xc9831a_X443,12.4669,89.627387,91.361762,15625000.0000,1734375000.0,3084.48,1530,0.10787,0.53941,1.567354e+14,3.134708e+14,4.179611e+14,3.582524e+14,2.2857,1207.1976,3.999,3,0.2383,1.0000,coarse,B,2.7477,4.6084,4.0753,False,512,219,0.428850,90.330512,HCO+(1-0),1141.5125,3836.985,star,69.471,9.726,54.187,512,20260825,False,False,
TRAPPIST-1,TRAPPIST-1,3,A002_Xc9c531_X17b,12.4669,89.627387,91.361762,15625000.0000,1734375000.0,3084.48,,0.12807,0.64039,1.860762e+14,3.721523e+14,4.962031e+14,4.253169e+14,2.2857,1207.1976,3.999,3,0.2383,,coarse,B,1.8038,4.1972,3.7468,False,512,505,0.986355,,HCO+(1-0),735.2625,2471.450,star,69.471,9.726,54.187,512,20260825,False,False,
TRAPPIST-1,TRAPPIST-1,3,A002_Xc99ad7_X5c4c,12.4669,89.627387,91.361762,15625000.0000,1734375000.0,3084.48,,0.12173,0.60869,1.768675e+14,3.537349e+14,4.716466e+14,4.042685e+14,2.2857,1207.1976,3.999,3,0.2383,,coarse,B,2.4642,4.4553,3.7017,False,512,343,0.670565,,HCO+(1-0),1250.8875,4204.629,star,69.471,9.726,54.187,512,20260825,False,False,
TRAPPIST-1,TRAPPIST-1,3,A002_Xc9c531_X6143,12.4669,89.627387,91.361762,15625000.0000,1734375000.0,3084.48,,0.12429,0.62147,1.805786e+14,3.611572e+14,4.815429e+14,4.127511e+14,2.2857,1207.1976,3.999,3,0.2383,,coarse,B,2.2827,4.5140,4.0156,False,512,433,0.846004,,HCO+(1-0),1625.8875,5465.122,star,69.471,9.726,54.187,512,20260825,False,False,
TRAPPIST-1,TRAPPIST-1,3,A002_Xc99ad7_X623d,12.4669,89.627387,91.361762,15625000.0000,1734375000.0,3084.48,,0.11944,0.59721,1.735318e+14,3.470636e+14,4.627515e+14,3.966441e+14,2.2857,1207.1976,3.999,3,0.2383,,coarse,B,2.6559,4.7809,3.6363,False,512,245,0.479532,,HCO+(1-0),844.6375,2839.094,star,69.471,9.726,54.187,512,20260825,False,False,
TRAPPIST-1,TRAPPIST-1,3,A002_Xc9c531_X632d,12.4669,89.627387,91.361762,15625000.0000,1734375000.0,3084.48,,0.12759,0.63799,1.853809e+14,3.707617e+14,4.943490e+14,4.237277e+14,2.2857,1207.1976,3.999,3,0.2383,,coarse,B,1.9322,4.2304,4.3332,False,512,502,0.980507,,HCO+(1-0),704.0125,2366.409,star,69.471,9.726,54.187,512,20260825,False,False,
TRAPPIST-1,TRAPPIST-1,3,A002_Xc9c531_X67a0,12.4669,89.627387,91.361762,15625000.0000,1734375000.0,3084.48,,0.15295,0.76478,2.222212e+14,4.444425e+14,5.925900e+14,5.079343e+14,2.2857,1207.1976,3.999,3,0.2383,,coarse,B,2.3909,4.2595,4.0944,False,512,375,0.732943,,HCO+(1-0),2172.7625,7303.342,star,69.471,9.726,54.187,512,20260825,False,False,
TRAPPIST-1,TRAPPIST-1,3,A002_Xc99ad7_X67ff,12.4669,89.627387,91.361762,15625000.0000,1734375000.0,3084.48,,0.12875,0.64377,1.870595e+14,3.741189e+14,4.988252e+14,4.275645e+14,2.2857,1207.1976,3.999,3,0.2383,,coarse,B,3.5706,4.8390,4.1012,False,512,16,0.033138,,HCO+(1-0),1032.1375,3469.341,star,69.471,9.726,54.187,512,20260825,False,False,
TRAPPIST-1,TRAPPIST-1,3,A002_Xc9831a_X443,12.4669,91.564887,93.299262,15625000.0000,1734375000.0,3084.48,1530,0.10694,0.53472,1.553721e+14,3.107442e+14,4.143256e+14,3.551362e+14,2.2857,1233.0439,3.999,3,0.2434,1.0000,coarse,B,2.8909,4.2621,4.6925,False,512,160,0.313840,92.564887,HCO+(1-0),3375.8875,11347.426,star,68.015,9.522,53.051,512,20260825,False,False,
TRAPPIST-1,TRAPPIST-1,3,A002_Xc9c531_X17b,12.4669,91.564887,93.299262,15625000.0000,1734375000.0,3084.48,,0.12766,0.63834,1.854805e+14,3.709610e+14,4.946146e+14,4.239554e+14,2.2857,1233.0439,3.999,3,0.2434,,coarse,B,2.3126,4.3101,4.0277,False,512,412,0.805068,,HCO+(1-0),3985.2625,13395.729,star,68.015,9.522,53.051,512,20260825,False,False,
TRAPPIST-1,TRAPPIST-1,3,A002_Xc99ad7_X5c4c,12.4669,91.564887,93.299262,15625000.0000,1734375000.0,3084.48,,0.12147,0.60738,1.764866e+14,3.529731e+14,4.706308e+14,4.033979e+14,2.2857,1233.0439,3.999,3,0.2434,,coarse,B,2.4905,4.8453,4.3337,False,512,333,0.651072,,HCO+(1-0),3641.5125,12240.276,star,68.015,9.522,53.051,512,20260825,False,False,
TRAPPIST-1,TRAPPIST-1,3,A002_Xc9c531_X6143,12.4669,91.564887,93.299262,15625000.0000,1734375000.0,3084.48,,0.12408,0.62042,1.802746e+14,3.605492e+14,4.807323e+14,4.120562e+14,2.2857,1233.0439,3.999,3,0.2434,,coarse,B,3.1028,4.8312,4.0852,False,512,105,0.206628,,HCO+(1-0),2860.2625,9614.248,star,68.015,9.522,53.051,512,20260825,False,False,
TRAPPIST-1,TRAPPIST-1,3,A002_Xc99ad7_X623d,12.4669,91.564887,93.299262,15625000.0000,1734375000.0,3084.48,,0.11942,0.59713,1.735062e+14,3.470125e+14,4.626833e+14,3.965857e+14,2.2857,1233.0439,3.999,3,0.2434,,coarse,B,2.4862,4.2441,4.1783,False,512,326,0.637427,,HCO+(1-0),2907.1375,9771.809,star,68.015,9.522,53.051,512,20260825,False,False,
TRAPPIST-1,TRAPPIST-1,3,A002_Xc9c531_X632d,12.4669,91.564887,93.299262,15625000.0000,1734375000.0,3084.48,,0.12755,0.63780,1.853233e+14,3.706467e+14,4.941956e+14,4.235962e+14,2.2857,1233.0439,3.999,3,0.2434,,coarse,B,2.3503,3.9834,4.1629,False,512,392,0.766082,,HCO+(1-0),2938.3875,9876.850,star,68.015,9.522,53.051,512,20260825,False,False,
TRAPPIST-1,TRAPPIST-1,3,A002_Xc9c531_X67a0,12.4669,91.564887,93.299262,15625000.0000,1734375000.0,3084.48,,0.15241,0.76208,2.214369e+14,4.428738e+14,5.904984e+14,5.061415e+14,2.2857,1233.0439,3.999,3,0.2434,,coarse,B,2.5496,4.2870,4.1841,False,512,304,0.594542,,HCO+(1-0),3938.3875,13238.167,star,68.015,9.522,53.051,512,20260825,False,False,
TRAPPIST-1,TRAPPIST-1,3,A002_Xc99ad7_X67ff,12.4669,91.564887,93.299262,15625000.0000,1734375000.0,3084.48,,0.12818,0.64096,1.862417e+14,3.724835e+14,4.966447e+14,4.256954e+14,2.2857,1233.0439,3.999,3,0.2434,,coarse,B,2.9069,4.4013,3.8441,False,512,144,0.282651,,HCO+(1-0),3657.1375,12292.797,star,68.015,9.522,53.051,512,20260825,False,False,
TRAPPIST-1,TRAPPIST-1,3,A002_Xc9831a_X443,12.4669,101.627387,103.361762,15625000.0000,1734375000.0,3084.48,1530,0.10780,0.53902,1.566227e+14,3.132454e+14,4.176605e+14,3.579947e+14,2.2857,1367.2776,3.999,3,0.2699,1.0000,coarse,B,2.0922,4.4551,3.7938,False,512,483,0.943470,102.486762,CN(1-0),-11004.2375,-29068.273,star,61.337,8.587,47.843,512,20260825,False,False,
TRAPPIST-1,TRAPPIST-1,3,A002_Xc9c531_X17b,12.4669,101.627387,103.361762,15625000.0000,1734375000.0,3084.48,,0.13484,0.67424,1.959131e+14,3.918261e+14,5.224348e+14,4.478013e+14,2.2857,1367.2776,3.999,3,0.2699,,coarse,B,2.7401,4.3729,3.6705,False,512,217,0.424951,,CN(1-0),-11019.8625,-29109.548,star,61.337,8.587,47.843,512,20260825,False,False,
TRAPPIST-1,TRAPPIST-1,3,A002_Xc99ad7_X5c4c,12.4669,101.627387,103.361762,15625000.0000,1734375000.0,3084.48,,0.12825,0.64131,1.863440e+14,3.726879e+14,4.969172e+14,4.259291e+14,2.2857,1367.2776,3.999,3,0.2699,,coarse,B,2.2487,4.6487,4.4280,False,512,423,0.826511,,CN(1-0),-11457.3625,-30265.227,star,61.337,8.587,47.843,512,20260825,False,False,
TRAPPIST-1,TRAPPIST-1,3,A002_Xc9c531_X6143,12.4669,101.627387,103.361762,15625000.0000,1734375000.0,3084.48,,0.13115,0.65580,1.905560e+14,3.811119e+14,5.081492e+14,4.355565e+14,2.2857,1367.2776,3.999,3,0.2699,,coarse,B,2.5024,4.3580,3.9981,False,512,347,0.678363,,CN(1-0),-10926.1125,-28861.902,star,61.337,8.587,47.843,512,20260825,False,False,
TRAPPIST-1,TRAPPIST-1,3,A002_Xc99ad7_X623d,12.4669,101.627387,103.361762,15625000.0000,1734375000.0,3084.48,,0.12578,0.62894,1.827500e+14,3.654999e+14,4.873332e+14,4.177142e+14,2.2857,1367.2776,3.999,3,0.2699,,coarse,B,2.8299,4.2312,3.8792,False,512,170,0.333333,,CN(1-0),-10441.7375,-27582.400,star,61.337,8.587,47.843,512,20260825,False,False,
TRAPPIST-1,TRAPPIST-1,3,A002_Xc9c531_X632d,12.4669,101.627387,103.361762,15625000.0000,1734375000.0,3084.48,,0.13526,0.67635,1.965271e+14,3.930542e+14,5.240722e+14,4.492048e+14,2.2857,1367.2776,3.999,3,0.2699,,coarse,B,2.1264,4.1735,4.4605,False,512,463,0.904483,,CN(1-0),-10551.1125,-27871.320,star,61.337,8.587,47.843,512,20260825,False,False,
TRAPPIST-1,TRAPPIST-1,3,A002_Xc9c531_X67a0,12.4669,101.627387,103.361762,15625000.0000,1734375000.0,3084.48,,0.16519,0.82603,2.400184e+14,4.800368e+14,6.400490e+14,5.486135e+14,2.2857,1367.2776,3.999,3,0.2699,,coarse,B,3.4643,4.6002,4.1023,False,512,37,0.074074,,CN(1-0),-10472.9875,-27664.948,star,61.337,8.587,47.843,512,20260825,False,False,
TRAPPIST-1,TRAPPIST-1,3,A002_Xc99ad7_X67ff,12.4669,101.627387,103.361762,15625000.0000,1734375000.0,3084.48,,0.13689,0.68453,1.989035e+14,3.978070e+14,5.304093e+14,4.546365e+14,2.2857,1367.2776,3.999,3,0.2699,,coarse,B,2.0526,4.3524,4.2761,False,512,478,0.933723,,CN(1-0),-10566.7375,-27912.594,star,61.337,8.587,47.843,512,20260825,False,False,
TRAPPIST-1,TRAPPIST-1,3,A002_Xc9831a_X443,12.4669,103.627387,105.361762,15625000.0000,1734375000.0,3084.48,1530,0.10977,0.54891,1.594954e+14,3.189907e+14,4.253210e+14,3.645608e+14,2.2857,1393.9576,3.999,3,0.2752,1.0000,coarse,B,2.7203,4.5456,3.9998,False,512,205,0.401559,104.424262,CN(1-0),-9066.7375,-23950.265,star,60.163,8.423,46.927,512,20260825,False,False,
TRAPPIST-1,TRAPPIST-1,3,A002_Xc9c531_X17b,12.4669,103.627387,105.361762,15625000.0000,1734375000.0,3084.48,,0.13814,0.69074,2.007064e+14,4.014128e+14,5.352170e+14,4.587574e+14,2.2857,1393.9576,3.999,3,0.2752,,coarse,B,3.0999,4.5271,3.8145,False,512,96,0.189084,,CN(1-0),-9332.3625,-24651.927,star,60.163,8.423,46.927,512,20260825,False,False,
TRAPPIST-1,TRAPPIST-1,3,A002_Xc99ad7_X5c4c,12.4669,103.627387,105.361762,15625000.0000,1734375000.0,3084.48,,0.13108,0.65548,1.904606e+14,3.809212e+14,5.078950e+14,4.353386e+14,2.2857,1393.9576,3.999,3,0.2752,,coarse,B,3.2495,4.7298,3.8313,False,512,46,0.091618,,CN(1-0),-8551.1125,-22588.214,star,60.163,8.423,46.927,512,20260825,False,False,
TRAPPIST-1,TRAPPIST-1,3,A002_Xc9c531_X6143,12.4669,103.627387,105.361762,15625000.0000,1734375000.0,3084.48,,0.13427,0.67138,1.950835e+14,3.901669e+14,5.202225e+14,4.459050e+14,2.2857,1393.9576,3.999,3,0.2752,,coarse,B,3.0653,4.4328,4.0999,False,512,85,0.167641,,CN(1-0),-9082.3625,-23991.539,star,60.163,8.423,46.927,512,20260825,False,False,
TRAPPIST-1,TRAPPIST-1,3,A002_Xc99ad7_X623d,12.4669,103.627387,105.361762,15625000.0000,1734375000.0,3084.48,,0.12882,0.64414,1.871673e+14,3.743347e+14,4.991129e+14,4.278111e+14,2.2857,1393.9576,3.999,3,0.2752,,coarse,B,2.5171,4.5880,3.6323,False,512,309,0.604288,,CN(1-0),-9691.7375,-25601.235,star,60.163,8.423,46.927,512,20260825,False,False,
TRAPPIST-1,TRAPPIST-1,3,A002_Xc9c531_X632d,12.4669,103.627387,105.361762,15625000.0000,1734375000.0,3084.48,,0.13835,0.69183,2.010233e+14,4.020466e+14,5.360621e+14,4.594818e+14,2.2857,1393.9576,3.999,3,0.2752,,coarse,B,3.4825,4.6603,4.2372,False,512,17,0.035088,,CN(1-0),-9160.4875,-24197.911,star,60.163,8.423,46.927,512,20260825,False,False,
TRAPPIST-1,TRAPPIST-1,3,A002_Xc9c531_X67a0,12.4669,103.627387,105.361762,15625000.0000,1734375000.0,3084.48,,0.17031,0.85160,2.474489e+14,4.948977e+14,6.598636e+14,5.655974e+14,2.2857,1393.9576,3.999,3,0.2752,,coarse,B,3.6158,4.5804,4.1439,False,512,15,0.031189,,CN(1-0),-9691.7375,-25601.235,star,60.163,8.423,46.927,512,20260825,False,False,
TRAPPIST-1,TRAPPIST-1,3,A002_Xc99ad7_X67ff,12.4669,103.627387,105.361762,15625000.0000,1734375000.0,3084.48,,0.14338,0.71694,2.083201e+14,4.166402e+14,5.555202e+14,4.761602e+14,2.2857,1393.9576,3.999,3,0.2752,,coarse,B,2.7462,4.6486,3.9666,False,512,206,0.403509,,CN(1-0),-8957.3625,-23661.345,star,60.163,8.423,46.927,512,20260825,False,False,
TRAPPIST-1,TRAPPIST-1,6,A002_X12ac5b5_X14ae,12.4669,223.078125,224.921875,31250000.0000,1843750000.0,3219.55,,1.91980,9.59922,5.578465e+15,7.437954e+15,1.115693e+16,7.437954e+15,1.3333,2688.0000,3.598,3,0.2769,,coarse,B,1.9271,3.8273,2.6461,False,512,489,0.955166,,13CO(2-1),3210.3750,4366.836,star,28.066,3.929,21.891,512,20260825,False,False,
TRAPPIST-1,TRAPPIST-1,6,A002_X12a079b_X22389,12.4669,223.078125,224.921875,31250000.0000,1843750000.0,3219.55,,1.70919,8.54616,4.966494e+15,6.621992e+15,9.932987e+15,6.621992e+15,1.3333,2688.0000,3.598,3,0.2769,,coarse,B,2.4298,4.2294,2.8802,False,512,328,0.641326,,13CO(2-1),3147.8750,4281.822,star,28.066,3.929,21.891,512,20260825,False,False,
TRAPPIST-1,TRAPPIST-1,6,A002_X12b487b_X386a,12.4669,223.078125,224.921875,31250000.0000,1843750000.0,3219.55,,2.70463,13.52342,7.858966e+15,1.047862e+16,1.571793e+16,1.047862e+16,1.3333,2688.0000,3.598,3,0.2769,,coarse,B,3.1752,4.5508,3.5861,False,512,58,0.115010,,13CO(2-1),3335.3750,4536.864,star,28.066,3.929,21.891,512,20260825,False,False,
TRAPPIST-1,TRAPPIST-1,6,A002_X12b966a_X38de,12.4669,223.078125,224.921875,31250000.0000,1843750000.0,3219.55,,2.14482,10.72430,6.232291e+15,8.309721e+15,1.246458e+16,8.309721e+15,1.3333,2688.0000,3.598,3,0.2769,,coarse,B,2.6589,3.7901,3.4765,False,512,218,0.426901,,13CO(2-1),3772.8750,5131.963,star,28.066,3.929,21.891,512,20260825,False,False,
TRAPPIST-1,TRAPPIST-1,6,A002_X12bff3f_X3f36,12.4669,223.078125,224.921875,31250000.0000,1843750000.0,3219.55,,2.07268,10.36354,6.022643e+15,8.030190e+15,1.204529e+16,8.030190e+15,1.3333,2688.0000,3.598,3,0.2769,,coarse,B,2.3872,4.1919,3.0920,False,512,332,0.649123,,13CO(2-1),3616.6250,4919.427,star,28.066,3.929,21.891,512,20260825,False,False,
TRAPPIST-1,TRAPPIST-1,6,A002_X12a8fc8_X10b8,12.4669,223.078125,224.921875,31250000.0000,1843750000.0,3219.55,1597,1.74895,8.74493,5.082007e+15,6.776009e+15,1.016401e+16,6.776010e+15,1.3333,2988.1600,3.999,3,0.3079,1.0000,coarse,B,3.1114,4.1349,3.4761,False,512,65,0.128655,224.828125,13CO(2-1),4429.1250,6024.611,star,28.066,3.929,21.891,512,20260825,False,False,
TRAPPIST-1,TRAPPIST-1,6,A002_X12a8fc8_X1980,12.4669,223.078125,224.921875,31250000.0000,1843750000.0,3219.55,,1.64638,8.23211,4.783988e+15,6.378650e+15,9.567975e+15,6.378650e+15,1.3333,2988.1600,3.999,3,0.3079,,coarse,B,2.0535,4.0576,2.7280,False,512,443,0.865497,,13CO(2-1),3210.3750,4366.836,star,28.066,3.929,21.891,512,20260825,False,False,
TRAPPIST-1,TRAPPIST-1,6,A002_X12a8fc8_X2201,12.4669,223.078125,224.921875,31250000.0000,1843750000.0,3219.55,,1.69752,8.48780,4.932578e+15,6.576770e+15,9.865155e+15,6.576770e+15,1.3333,2988.1600,3.999,3,0.3079,,coarse,B,2.9050,4.2508,3.4815,False,512,114,0.224172,,13CO(2-1),3241.6250,4409.343,star,28.066,3.929,21.891,512,20260825,False,False,
TRAPPIST-1,TRAPPIST-1,6,A002_X12a8fc8_X44b,12.4669,223.078125,224.921875,31250000.0000,1843750000.0,3219.55,,3.25835,16.29212,9.467960e+15,1.262395e+16,1.893592e+16,1.262395e+16,1.3333,2988.1600,3.999,3,0.3079,,coarse,B,2.5971,4.2031,3.3495,False,512,257,0.502924,,13CO(2-1),3522.8750,4791.906,star,28.066,3.929,21.891,512,20260825,False,False,
TRAPPIST-1,TRAPPIST-1,6,A002_X12a8fc8_Xb82,12.4669,223.078125,224.921875,31250000.0000,1843750000.0,3219.55,,1.83082,9.15431,5.319910e+15,7.093214e+15,1.063982e+16,7.093214e+15,1.3333,2988.1600,3.999,3,0.3079,,coarse,B,2.2425,4.7433,2.7710,False,512,394,0.769981,,13CO(2-1),4460.3750,6067.118,star,28.066,3.929,21.891,512,20260825,False,False,
TRAPPIST-1,TRAPPIST-1,6,A002_X12ac5b5_X14ae,12.4669,225.078125,226.921875,31250000.0000,1843750000.0,3219.55,,1.78167,8.90858,5.177110e+15,6.902813e+15,1.035422e+16,6.902813e+15,1.3333,2712.0000,3.598,3,0.2794,,coarse,B,2.4186,4.0359,3.6620,False,512,316,0.617934,,CO(2-1),-4428.6250,-5759.000,star,27.817,3.894,21.698,512,20260825,False,False,
TRAPPIST-1,TRAPPIST-1,6,A002_X12a079b_X22389,12.4669,225.078125,226.921875,31250000.0000,1843750000.0,3219.55,,1.60415,8.02096,4.661281e+15,6.215041e+15,9.322561e+15,6.215041e+15,1.3333,2712.0000,3.598,3,0.2794,,coarse,B,2.7472,4.1961,3.3786,False,512,188,0.368421,,CO(2-1),-4209.8750,-5474.537,star,27.817,3.894,21.698,512,20260825,False,False,
TRAPPIST-1,TRAPPIST-1,6,A002_X12b487b_X386a,12.4669,225.078125,226.921875,31250000.0000,1843750000.0,3219.55,,2.54653,12.73291,7.399568e+15,9.866091e+15,1.479914e+16,9.866091e+15,1.3333,2712.0000,3.598,3,0.2794,,coarse,B,3.8522,4.4911,3.9035,False,512,1,0.003899,,CO(2-1),-4241.1250,-5515.174,star,27.817,3.894,21.698,512,20260825,False,False,
TRAPPIST-1,TRAPPIST-1,6,A002_X12b966a_X38de,12.4669,225.078125,226.921875,31250000.0000,1843750000.0,3219.55,,2.01839,10.09212,5.864907e+15,7.819876e+15,1.172981e+16,7.819876e+15,1.3333,2712.0000,3.598,3,0.2794,,coarse,B,2.1978,4.2880,3.1837,False,512,402,0.785575,,CO(2-1),-3897.3750,-5068.161,star,27.817,3.894,21.698,512,20260825,False,False,
TRAPPIST-1,TRAPPIST-1,6,A002_X12bff3f_X3f36,12.4669,225.078125,226.921875,31250000.0000,1843750000.0,3219.55,,1.93809,9.69058,5.631559e+15,7.508745e+15,1.126312e+16,7.508745e+15,1.3333,2712.0000,3.598,3,0.2794,,coarse,B,2.7257,4.8234,3.1333,False,512,175,0.343080,,CO(2-1),-3959.8750,-5149.436,star,27.817,3.894,21.698,512,20260825,False,False,
TRAPPIST-1,TRAPPIST-1,6,A002_X12a8fc8_X10b8,12.4669,225.078125,226.921875,31250000.0000,1843750000.0,3219.55,1597,1.62456,8.12300,4.720582e+15,6.294109e+15,9.441163e+15,6.294109e+15,1.3333,3014.8400,3.999,3,0.3106,1.0000,coarse,B,1.8242,3.8444,2.6362,False,512,503,0.982456,226.203125,CO(2-1),-4334.8750,-5637.087,star,27.817,3.894,21.698,512,20260825,False,False,
TRAPPIST-1,TRAPPIST-1,6,A002_X12a8fc8_X1980,12.4669,225.078125,226.921875,31250000.0000,1843750000.0,3219.55,,1.53050,7.65267,4.447254e+15,5.929672e+15,8.894508e+15,5.929672e+15,1.3333,3014.8400,3.999,3,0.3106,,coarse,B,2.5223,4.1712,3.7202,False,512,292,0.571150,,CO(2-1),-3803.6250,-4946.248,star,27.817,3.894,21.698,512,20260825,False,False,
TRAPPIST-1,TRAPPIST-1,6,A002_X12a8fc8_X2201,12.4669,225.078125,226.921875,31250000.0000,1843750000.0,3219.55,,1.58194,7.90991,4.596744e+15,6.128992e+15,9.193488e+15,6.128992e+15,1.3333,3014.8400,3.999,3,0.3106,,coarse,B,2.2383,4.7880,3.0845,False,512,409,0.799220,,13CO(2-1),4835.3750,6577.203,star,27.817,3.894,21.698,512,20260825,False,False,
TRAPPIST-1,TRAPPIST-1,6,A002_X12a8fc8_X44b,12.4669,225.078125,226.921875,31250000.0000,1843750000.0,3219.55,,3.08827,15.44171,8.973755e+15,1.196501e+16,1.794751e+16,1.196501e+16,1.3333,3014.8400,3.999,3,0.3106,,coarse,B,2.4115,4.6787,2.9152,False,512,338,0.660819,,CO(2-1),-4209.8750,-5474.537,star,27.817,3.894,21.698,512,20260825,False,False,
TRAPPIST-1,TRAPPIST-1,6,A002_X12a8fc8_Xb82,12.4669,225.078125,226.921875,31250000.0000,1843750000.0,3219.55,,1.70912,8.54583,4.966301e+15,6.621735e+15,9.932602e+15,6.621735e+15,1.3333,3014.8400,3.999,3,0.3106,,coarse,B,3.1621,4.2377,3.2245,False,512,49,0.097466,,CO(2-1),-4491.1250,-5840.275,star,27.817,3.894,21.698,512,20260825,False,False,
TRAPPIST-1,TRAPPIST-1,6,A002_X12ac5b5_X14ae,12.4669,239.078125,240.921875,31250000.0000,1843750000.0,3219.55,,1.95187,9.75961,5.671674e+15,7.562233e+15,1.134335e+16,7.562233e+15,1.3333,2880.0000,3.598,3,0.2967,,coarse,B,2.5175,4.1774,3.1613,False,512,299,0.584795,,CS(5-4),-4764.1250,-5831.110,star,26.195,3.667,20.432,512,20260825,False,False,
TRAPPIST-1,TRAPPIST-1,6,A002_X12a079b_X22389,12.4669,239.078125,240.921875,31250000.0000,1843750000.0,3219.55,,1.76125,8.80650,5.117784e+15,6.823712e+15,1.023557e+16,6.823712e+15,1.3333,2880.0000,3.598,3,0.2967,,coarse,B,3.3386,4.8012,3.4990,False,512,24,0.048733,,CS(5-4),-5514.1250,-6749.082,star,26.195,3.667,20.432,512,20260825,False,False,
TRAPPIST-1,TRAPPIST-1,6,A002_X12b487b_X386a,12.4669,239.078125,240.921875,31250000.0000,1843750000.0,3219.55,,2.79656,13.98308,8.126092e+15,1.083479e+16,1.625218e+16,1.083479e+16,1.3333,2880.0000,3.598,3,0.2967,,coarse,B,2.3134,3.9542,2.8686,False,512,368,0.719298,,CS(5-4),-4014.1250,-4913.138,star,26.195,3.667,20.432,512,20260825,False,False,
TRAPPIST-1,TRAPPIST-1,6,A002_X12b966a_X38de,12.4669,239.078125,240.921875,31250000.0000,1843750000.0,3219.55,,2.21016,11.05102,6.422159e+15,8.562879e+15,1.284432e+16,8.562879e+15,1.3333,2880.0000,3.598,3,0.2967,,coarse,B,3.5871,4.5127,3.7202,False,512,17,0.035088,,CS(5-4),-5045.3750,-6175.349,star,26.195,3.667,20.432,512,20260825,False,False,
TRAPPIST-1,TRAPPIST-1,6,A002_X12bff3f_X3f36,12.4669,239.078125,240.921875,31250000.0000,1843750000.0,3219.55,,2.12866,10.64347,6.185317e+15,8.247089e+15,1.237063e+16,8.247089e+15,1.3333,2880.0000,3.598,3,0.2967,,coarse,B,2.0496,4.4235,2.8573,False,512,478,0.933723,,CS(5-4),-4295.3750,-5257.378,star,26.195,3.667,20.432,512,20260825,False,False,
TRAPPIST-1,TRAPPIST-1,6,A002_X12a8fc8_X10b8,12.4669,239.078125,240.921875,31250000.0000,1843750000.0,3219.55,1597,1.78451,8.92279,5.185367e+15,6.913822e+15,1.037073e+16,6.913822e+15,1.3333,3201.6000,3.999,3,0.3298,1.0000,coarse,B,2.4790,4.0370,2.9919,False,512,299,0.584795,239.484375,CS(5-4),-5451.6250,-6672.584,star,26.195,3.667,20.432,512,20260825,False,False,
TRAPPIST-1,TRAPPIST-1,6,A002_X12a8fc8_X1980,12.4669,239.078125,240.921875,31250000.0000,1843750000.0,3219.55,,1.67571,8.37878,4.869223e+15,6.492297e+15,9.738446e+15,6.492297e+15,1.3333,3201.6000,3.999,3,0.3298,,coarse,B,2.1951,4.6102,2.9132,False,512,395,0.771930,,CS(5-4),-5701.6250,-6978.575,star,26.195,3.667,20.432,512,20260825,False,False,
TRAPPIST-1,TRAPPIST-1,6,A002_X12a8fc8_X2201,12.4669,239.078125,240.921875,31250000.0000,1843750000.0,3219.55,,1.73526,8.67651,5.042247e+15,6.722996e+15,1.008449e+16,6.722996e+15,1.3333,3201.6000,3.999,3,0.3298,,coarse,B,2.9795,4.1218,3.1160,False,512,108,0.212476,,CS(5-4),-4451.6250,-5448.622,star,26.195,3.667,20.432,512,20260825,False,False,
TRAPPIST-1,TRAPPIST-1,6,A002_X12a8fc8_X44b,12.4669,239.078125,240.921875,31250000.0000,1843750000.0,3219.55,,3.39396,16.97025,9.862049e+15,1.314940e+16,1.972410e+16,1.314940e+16,1.3333,3201.6000,3.999,3,0.3298,,coarse,B,3.4212,4.1421,3.9582,False,512,19,0.038986,,CS(5-4),-5732.8750,-7016.824,star,26.195,3.667,20.432,512,20260825,False,False,
TRAPPIST-1,TRAPPIST-1,6,A002_X12a8fc8_Xb82,12.4669,239.078125,240.921875,31250000.0000,1843750000.0,3219.55,,1.87559,9.37822,5.450034e+15,7.266712e+15,1.090007e+16,7.266712e+15,1.3333,3201.6000,3.999,3,0.3298,,coarse,B,1.9087,4.4388,2.5416,False,512,482,0.941520,,CS(5-4),-5701.6250,-6978.575,star,26.195,3.667,20.432,512,20260825,False,False,
TRAPPIST-1,TRAPPIST-1,6,A002_X12ac5b5_X14ae,12.4669,241.078125,242.921875,31250000.0000,1843750000.0,3219.55,,2.05527,10.27665,5.972146e+15,7.962861e+15,1.194429e+16,7.962861e+15,1.3333,2904.0000,3.598,3,0.2992,,coarse,B,3.0362,3.8004,3.4657,False,512,98,0.192982,,CS(5-4),-2076.6250,-2541.711,star,25.978,3.637,20.263,512,20260825,False,False,
TRAPPIST-1,TRAPPIST-1,6,A002_X12a079b_X22389,12.4669,241.078125,242.921875,31250000.0000,1843750000.0,3219.55,,1.86043,9.30241,5.405981e+15,7.207974e+15,1.081196e+16,7.207974e+15,1.3333,2904.0000,3.598,3,0.2992,,coarse,B,2.4384,4.6904,2.7245,False,512,309,0.604288,,CS(5-4),-2107.8750,-2579.960,star,25.978,3.637,20.263,512,20260825,False,False,
TRAPPIST-1,TRAPPIST-1,6,A002_X12b487b_X386a,12.4669,241.078125,242.921875,31250000.0000,1843750000.0,3219.55,,2.93945,14.69758,8.541312e+15,1.138842e+16,1.708262e+16,1.138842e+16,1.3333,2904.0000,3.598,3,0.2992,,coarse,B,3.3972,4.5226,3.9032,False,512,45,0.089669,,CS(5-4),-2764.1250,-3383.185,star,25.978,3.637,20.263,512,20260825,False,False,
TRAPPIST-1,TRAPPIST-1,6,A002_X12b966a_X38de,12.4669,241.078125,242.921875,31250000.0000,1843750000.0,3219.55,,2.33468,11.67363,6.783982e+15,9.045309e+15,1.356796e+16,9.045309e+15,1.3333,2904.0000,3.598,3,0.2992,,coarse,B,2.4013,5.2287,2.9215,False,512,327,0.639376,,CS(5-4),-3045.3750,-3727.425,star,25.978,3.637,20.263,512,20260825,False,False,
TRAPPIST-1,TRAPPIST-1,6,A002_X12bff3f_X3f36,12.4669,241.078125,242.921875,31250000.0000,1843750000.0,3219.55,,2.23883,11.19435,6.505454e+15,8.673938e+15,1.301091e+16,8.673938e+15,1.3333,2904.0000,3.598,3,0.2992,,coarse,B,1.9563,4.2407,3.3846,False,512,489,0.955166,,CS(5-4),-3295.3750,-4033.415,star,25.978,3.637,20.263,512,20260825,False,False,
TRAPPIST-1,TRAPPIST-1,6,A002_X12a8fc8_X10b8,12.4669,241.078125,242.921875,31250000.0000,1843750000.0,3219.55,1597,1.89007,9.45063,5.492115e+15,7.322820e+15,1.098423e+16,7.322820e+15,1.3333,3228.2800,3.999,3,0.3326,1.0000,coarse,B,2.7049,4.3625,3.7013,False,512,252,0.493177,242.453125,CS(5-4),-2482.8750,-3038.946,star,25.978,3.637,20.263,512,20260825,False,False,
TRAPPIST-1,TRAPPIST-1,6,A002_X12a8fc8_X1980,12.4669,241.078125,242.921875,31250000.0000,1843750000.0,3219.55,,1.76748,8.83764,5.135884e+15,6.847845e+15,1.027177e+16,6.847845e+15,1.3333,3228.2800,3.999,3,0.3326,,coarse,B,2.1319,4.8645,3.1423,False,512,427,0.834308,,CS(5-4),-3514.1250,-4301.157,star,25.978,3.637,20.263,512,20260825,False,False,
TRAPPIST-1,TRAPPIST-1,6,A002_X12a8fc8_X2201,12.4669,241.078125,242.921875,31250000.0000,1843750000.0,3219.55,,1.83225,9.16150,5.324090e+15,7.098787e+15,1.064818e+16,7.098787e+15,1.3333,3228.2800,3.999,3,0.3326,,coarse,B,2.7940,4.1877,3.1321,False,512,158,0.309942,,CS(5-4),-2451.6250,-3000.697,star,25.978,3.637,20.263,512,20260825,False,False,
TRAPPIST-1,TRAPPIST-1,6,A002_X12a8fc8_X44b,12.4669,241.078125,242.921875,31250000.0000,1843750000.0,3219.55,,3.58193,17.91016,1.040826e+16,1.387768e+16,2.081652e+16,1.387768e+16,1.3333,3228.2800,3.999,3,0.3326,,coarse,B,2.7230,4.3583,3.1354,False,512,187,0.366472,,CS(5-4),-3076.6250,-3765.673,star,25.978,3.637,20.263,512,20260825,False,False,
TRAPPIST-1,TRAPPIST-1,6,A002_X12a8fc8_Xb82,12.4669,241.078125,242.921875,31250000.0000,1843750000.0,3219.55,,1.99167,9.95862,5.787325e+15,7.716433e+15,1.157465e+16,7.716433e+15,1.3333,3228.2800,3.999,3,0.3326,,coarse,B,3.3127,4.7081,3.4341,False,512,47,0.093567,,CS(5-4),-2139.1250,-2618.209,star,25.978,3.637,20.263,512,20260825,False,False,
TRAPPIST-1,TRAPPIST-1,7,A002_Xd0e450_Xc7a1,12.4669,333.709847,335.444222,15625000.0000,1734375000.0,3798.14,,0.24884,1.24487,3.617213e+14,7.234425e+14,9.645901e+14,8.267915e+14,2.2857,4463.2576,3.999,6,1.085,,coarse,B,2.9895,4.8291,3.9869,False,512,192,0.376218,,CO(3-2),-10695.5278,-9272.631,star,18.790,2.631,14.656,512,20260825,False,False,
TRAPPIST-1,TRAPPIST-1,7,A002_Xd0e450_Xc008,12.4669,333.710028,335.444403,15625000.0000,1734375000.0,3798.14,,0.25785,1.28998,3.748277e+14,7.496554e+14,9.995405e+14,8.567490e+14,2.2857,4463.2601,3.999,6,1.085,,coarse,B,2.3532,4.5192,3.8003,False,512,468,0.914230,,CO(3-2),-10476.5971,-9082.826,star,18.790,2.631,14.656,512,20260825,False,False,
TRAPPIST-1,TRAPPIST-1,7,A002_Xd0e450_X259b,12.4669,333.710492,335.444867,15625000.0000,1734375000.0,3798.14,,0.22490,1.12514,3.269294e+14,6.538587e+14,8.718117e+14,7.472671e+14,2.2857,4463.2662,3.999,6,1.085,,coarse,B,2.6409,4.4320,4.4198,False,512,322,0.629630,,CO(3-2),-11898.0077,-10315.137,star,18.790,2.631,14.656,512,20260825,False,False,
TRAPPIST-1,TRAPPIST-1,7,A002_Xd0e450_X1e19,12.4669,333.710656,335.445031,15625000.0000,1734375000.0,3798.14,,0.21274,1.06429,3.092487e+14,6.184974e+14,8.246632e+14,7.068542e+14,2.2857,4463.2684,3.999,6,1.085,,coarse,B,2.3444,4.4322,4.4076,False,512,469,0.916179,,CO(3-2),-11929.0936,-10342.087,star,18.790,2.631,14.656,512,20260825,False,False,
TRAPPIST-1,TRAPPIST-1,7,A002_Xcccc19_X5564,12.4669,333.727377,335.461752,15625000.0000,1734375000.0,3798.14,628,0.22748,1.13786,3.306265e+14,6.612531e+14,8.816707e+14,7.557187e+14,2.2857,4463.4915,3.999,6,1.085,1.0000,coarse,B,3.5649,4.2858,4.3387,False,512,32,0.064327,334.977377,CO(3-2),-10818.6227,-9379.349,star,18.789,2.630,14.655,512,20260825,False,False,
TRAPPIST-1,TRAPPIST-1,7,A002_Xcccc19_X4dfa,12.4669,333.727513,335.461888,15625000.0000,1734375000.0,3798.14,,0.26672,1.33411,3.876500e+14,7.752999e+14,1.033733e+15,8.860571e+14,2.2857,4463.4933,3.999,6,1.085,,coarse,B,3.5753,4.7751,3.9785,False,512,30,0.060429,,CO(3-2),-11396.6120,-9880.445,star,18.789,2.630,14.655,512,20260825,False,False,
TRAPPIST-1,TRAPPIST-1,7,A002_Xd0e450_Xc7a1,12.4669,335.605347,337.339722,15625000.0000,1734375000.0,3798.14,,0.21577,1.07947,3.136615e+14,6.273231e+14,8.364308e+14,7.169407e+14,2.2857,4488.5436,3.999,6,1.091,,coarse,B,3.1515,4.4148,4.3542,False,512,100,0.196881,,CO(3-2),-8800.0278,-7629.302,star,18.684,2.616,14.574,512,20260825,False,False,
TRAPPIST-1,TRAPPIST-1,7,A002_Xd0e450_Xc008,12.4669,335.605528,337.339903,15625000.0000,1734375000.0,3798.14,,0.22387,1.11996,3.254265e+14,6.508530e+14,8.678040e+14,7.438320e+14,2.2857,4488.5460,3.999,6,1.091,,coarse,B,2.5818,4.2130,4.3090,False,512,369,0.721248,,CO(3-2),-10034.2221,-8699.303,star,18.684,2.616,14.574,512,20260825,False,False,
TRAPPIST-1,TRAPPIST-1,7,A002_Xd0e450_X259b,12.4669,335.605992,337.340367,15625000.0000,1734375000.0,3798.14,,0.19436,0.97233,2.825277e+14,5.650554e+14,7.534072e+14,6.457776e+14,2.2857,4488.5522,3.999,6,1.091,,coarse,B,2.9917,5.0714,3.9040,False,512,174,0.341131,,CO(3-2),-9955.6327,-8631.169,star,18.684,2.616,14.574,512,20260825,False,False,
TRAPPIST-1,TRAPPIST-1,7,A002_Xd0e450_X1e19,12.4669,335.606156,337.340531,15625000.0000,1734375000.0,3798.14,,0.18423,0.92168,2.678112e+14,5.356224e+14,7.141632e+14,6.121399e+14,2.2857,4488.5544,3.999,6,1.091,,coarse,B,3.7575,4.7879,4.6271,False,512,26,0.052632,,CO(3-2),-10017.9686,-8685.212,star,18.684,2.616,14.574,512,20260825,False,False,
TRAPPIST-1,TRAPPIST-1,7,A002_Xcccc19_X5564,12.4669,335.622877,337.357252,15625000.0000,1734375000.0,3798.14,628,0.19655,0.98314,2.856690e+14,5.713380e+14,7.617840e+14,6.529585e+14,2.2857,4488.7775,3.999,6,1.091,1.0000,coarse,B,2.4270,4.6506,4.1528,False,512,446,0.871345,337.185377,CO(3-2),-8610.6227,-7465.094,star,18.683,2.616,14.573,512,20260825,False,False,
TRAPPIST-1,TRAPPIST-1,7,A002_Xcccc19_X4dfa,12.4669,335.623013,337.357388,15625000.0000,1734375000.0,3798.14,,0.23028,1.15186,3.346955e+14,6.693911e+14,8.925214e+14,7.650184e+14,2.2857,4488.7793,3.999,6,1.091,,coarse,B,2.5032,4.4724,4.4473,False,512,412,0.805068,,CO(3-2),-8797.9870,-7627.532,star,18.683,2.616,14.573,512,20260825,False,False,
TRAPPIST-1,TRAPPIST-1,7,A002_Xd0e450_Xc7a1,12.4669,345.714486,347.439584,488281.2500,1725097656.2,2782.08,,1.41169,7.06263,6.413060e+13,1.282612e+14,1.710149e+14,1.465842e+14,2.2857,4623.3376,3.999,139,26.34,,fine,A,4.6064,5.9575,5.8483,False,512,261,0.510721,,CO(3-2),1370.6343,1188.290,star,18.139,2.540,14.149,512,20260825,False,False,
TRAPPIST-1,TRAPPIST-1,7,A002_Xd0e450_Xc008,12.4669,345.714667,347.439764,488281.2500,1725097656.2,2782.08,,1.41882,7.09829,6.445438e+13,1.289088e+14,1.718783e+14,1.473243e+14,2.2857,4623.3401,3.999,139,26.34,,fine,A,4.3519,5.7524,5.5038,False,512,460,0.898635,,CO(3-2),552.9439,479.382,star,18.139,2.540,14.149,512,20260825,False,False,
TRAPPIST-1,TRAPPIST-1,7,A002_Xd0e450_X259b,12.4669,345.715131,347.440229,488281.2500,1725097656.2,2782.08,,1.24578,6.23259,5.659358e+13,1.131872e+14,1.509162e+14,1.293568e+14,2.2857,4623.3462,3.999,138,26.34,,fine,A,5.3264,5.6304,5.7233,True,512,17,0.035088,,CO(3-2),449.4044,389.617,star,18.139,2.540,14.149,512,20260825,True,False,
TRAPPIST-1,TRAPPIST-1,7,A002_Xd0e450_X1e19,12.4669,345.715295,347.440393,488281.2500,1725097656.2,2782.08,,1.18157,5.91132,5.367639e+13,1.073528e+14,1.431370e+14,1.226889e+14,2.2857,4623.3484,3.999,138,26.34,,fine,A,4.9055,5.9101,5.5816,False,512,90,0.177388,,CO(3-2),570.1740,494.320,star,18.139,2.540,14.149,512,20260825,False,False,
TRAPPIST-1,TRAPPIST-1,7,A002_Xcccc19_X5564,12.4669,345.732016,347.457114,488281.2500,1725097656.2,2782.08,460,1.26733,6.33930,5.756259e+13,1.151252e+14,1.535002e+14,1.317493e+14,2.2888,4623.5715,3.999,138,26.34,0.9987,fine,A,4.2670,5.7201,5.3615,False,512,488,0.953216,346.216879,CO(3-2),420.8792,364.887,star,18.139,2.539,14.148,512,20260825,False,False,
TRAPPIST-1,TRAPPIST-1,7,A002_Xcccc19_X4dfa,12.4669,345.732152,347.457249,488281.2500,1725097656.2,2782.08,,1.45880,7.29705,6.625918e+13,1.325184e+14,1.766912e+14,1.514496e+14,2.2857,4623.5733,3.999,138,26.34,,fine,A,4.5554,5.9214,5.6369,False,512,308,0.602339,,CO(3-2),210.5657,182.553,star,18.139,2.539,14.148,512,20260825,False,False,
TRAPPIST-1,TRAPPIST-1,7,A002_Xd0e450_Xc7a1,12.4669,347.605347,349.339722,15625000.0000,1734375000.0,3798.14,,0.26297,1.31564,3.822840e+14,7.645680e+14,1.019424e+15,8.737920e+14,2.2857,4648.6236,3.999,6,1.13,,coarse,B,2.8470,4.9233,4.1294,False,512,236,0.461988,,CO(3-2),2871.8472,2489.786,star,18.041,2.526,14.072,512,20260825,False,False,
TRAPPIST-1,TRAPPIST-1,7,A002_Xd0e450_Xc008,12.4669,347.605528,349.339903,15625000.0000,1734375000.0,3798.14,,0.26775,1.33957,3.892369e+14,7.784738e+14,1.037965e+15,8.896844e+14,2.2857,4648.6260,3.999,6,1.13,,coarse,B,2.9785,5.0989,3.9504,False,512,185,0.362573,,CO(3-2),3262.6529,2828.600,star,18.041,2.526,14.072,512,20260825,False,False,
TRAPPIST-1,TRAPPIST-1,7,A002_Xd0e450_X259b,12.4669,347.605992,349.340367,15625000.0000,1734375000.0,3798.14,,0.23691,1.18524,3.443931e+14,6.887863e+14,9.183817e+14,7.871843e+14,2.2857,4648.6322,3.999,6,1.13,,coarse,B,3.3266,4.9461,4.1899,False,512,61,0.120858,,CO(3-2),2138.1173,1853.669,star,18.041,2.526,14.072,512,20260825,False,False,
TRAPPIST-1,TRAPPIST-1,7,A002_Xd0e450_X1e19,12.4669,347.606156,349.340531,15625000.0000,1734375000.0,3798.14,,0.22336,1.11745,3.246959e+14,6.493918e+14,8.658557e+14,7.421620e+14,2.2857,4648.6344,3.999,6,1.13,,coarse,B,3.2883,4.3378,4.1945,False,512,80,0.157895,,CO(3-2),3435.1564,2978.155,star,18.041,2.526,14.072,512,20260825,False,False,
TRAPPIST-1,TRAPPIST-1,7,A002_Xcccc19_X5564,12.4669,347.622877,349.357252,15625000.0000,1734375000.0,3798.14,628,0.23850,1.19302,3.466548e+14,6.933096e+14,9.244129e+14,7.923549e+14,2.2857,4648.8575,3.999,6,1.13,1.0000,coarse,B,2.2326,4.5987,3.7901,False,512,489,0.955166,349.091627,CO(3-2),3295.6273,2857.188,star,18.040,2.526,14.071,512,20260825,False,False,
TRAPPIST-1,TRAPPIST-1,7,A002_Xcccc19_X4dfa,12.4669,347.623013,349.357388,15625000.0000,1734375000.0,3798.14,,0.27827,1.39194,4.044546e+14,8.089091e+14,1.078546e+15,9.244676e+14,2.2857,4648.8593,3.999,6,1.13,,coarse,B,2.2863,4.9038,4.2171,False,512,477,0.931774,,CO(3-2),3123.8880,2708.296,star,18.040,2.526,14.071,512,20260825,False,False,
HD 69830,HD 69830,6,A002_Xcbc47c_Xd4,12.5692,226.302271,228.027368,488281.2500,1725097656.2,2388.96,,1.03037,5.15195,4.755215e+13,9.510429e+13,1.268057e+14,1.086906e+14,2.2857,2725.9778,3.598,66,13.34,,fine,A,4.8438,5.9225,5.9255,True,512,67,0.132554,,CO(2-1),-2840.2217,-3693.435,star,27.675,3.874,21.586,512,20260825,False,False,
HD 69830,HD 69830,6,A002_Xcbb583_Xb78,12.5692,226.302308,228.027406,488281.2500,1725097656.2,2388.96,395,0.87625,4.38131,4.043922e+13,8.087844e+13,1.078379e+14,9.247585e+13,2.2868,2725.9783,3.598,68,13.34,0.9995,fine,A,4.4156,6.0574,5.3039,False,512,277,0.541910,226.469788,CO(2-1),-4068.2115,-5290.317,star,27.675,3.874,21.586,512,20260825,False,False,
HD 69830,HD 69830,6,A002_Xcbc47c_Xd4,12.5692,229.195027,230.920125,488281.2500,1725097656.2,2388.96,,1.02591,5.12964,4.734624e+13,9.469247e+13,1.262566e+14,1.082200e+14,2.2857,2760.6909,3.598,67,13.51,,fine,A,4.3678,6.0700,5.2892,False,512,342,0.668616,,CO(2-1),-254.5936,-331.075,star,27.327,3.826,21.315,512,20260825,False,False,
HD 69830,HD 69830,6,A002_Xcbb583_Xb78,12.5692,229.195064,230.920162,488281.2500,1725097656.2,2388.96,395,0.84705,4.23532,3.909171e+13,7.818343e+13,1.042446e+14,8.939547e+13,2.2868,2760.6914,3.598,69,13.51,0.9995,fine,A,4.5267,5.6553,5.8984,True,512,241,0.471735,230.534908,CO(2-1),-3.0923,-4.021,star,27.327,3.826,21.315,512,20260825,False,False,
HD 69830,HD 69830,6,A002_Xcbc47c_Xd4,12.5692,242.187992,243.922367,15625000.0000,1734375000.0,2896.99,,0.18931,0.94657,2.795775e+14,5.591550e+14,7.455400e+14,6.390343e+14,2.2857,2916.6622,3.598,4,0.5408,,coarse,B,3.1089,4.4035,3.9663,False,512,96,0.189084,,CS(5-4),-1029.2580,-1259.773,star,25.865,3.621,20.175,512,20260825,False,False,
HD 69830,HD 69830,6,A002_Xcbb583_Xb78,12.5692,242.188031,243.922406,15625000.0000,1734375000.0,2896.99,479,0.15747,0.78736,2.325530e+14,4.651060e+14,6.201413e+14,5.315500e+14,2.2857,2916.6626,3.598,4,0.5408,1.0000,coarse,B,2.2441,4.1252,3.9544,False,512,447,0.873294,242.938031,CS(5-4),-1997.9695,-2445.440,star,25.865,3.621,20.175,512,20260825,False,False,
HD 69830,HD 69830,6,A002_Xcbc47c_Xd4,12.5692,244.187623,245.921998,15625000.0000,1734375000.0,2896.99,,0.20178,1.00891,2.979893e+14,5.959785e+14,7.946380e+14,6.811183e+14,2.2857,2940.6577,3.598,4,0.5452,,coarse,B,2.5321,4.8881,4.1865,False,512,337,0.658869,,CS(5-4),-670.2518,-820.363,star,25.654,3.592,20.010,512,20260825,False,False,
HD 69830,HD 69830,6,A002_Xcbb583_Xb78,12.5692,244.187662,245.922037,15625000.0000,1734375000.0,2896.99,479,0.17105,0.85529,2.526166e+14,5.052332e+14,6.736443e+14,5.774097e+14,2.2857,2940.6582,3.598,4,0.5452,1.0000,coarse,B,2.9324,4.4499,3.9119,False,512,161,0.315789,244.593912,CS(5-4),-342.0879,-418.703,star,25.654,3.592,20.010,512,20260825,False,False,
HD 69830,HD 69830,7,A002_X12277ed_X178c6,12.5692,321.157558,321.265224,244140.6250,107666015.6,2903.04,,2.87961,14.39841,6.644819e+13,8.859759e+13,1.328964e+14,8.859759e+13,1.3333,3854.5367,3.598,273,45.83,,fine,A,5.0460,6.1342,5.3511,False,512,14,0.029240,,CO(3-2),-24595.4731,-21323.374,star,19.572,2.740,15.266,512,20260825,True,False,
HD 69830,HD 69830,7,A002_X12235df_X8337,12.5692,321.159626,321.267292,244140.6250,107666015.6,2903.04,,3.90561,19.52864,9.012399e+13,1.201653e+14,1.802480e+14,1.201653e+14,1.3333,3854.5615,3.598,274,45.83,,fine,A,3.9668,5.3037,5.3441,True,512,495,0.966862,,CO(3-2),-24557.0287,-21290.044,star,19.572,2.740,15.266,512,20260825,False,False,
HD 69830,HD 69830,7,A002_X12235df_X7876,12.5692,321.159833,321.267499,244140.6250,107666015.6,2903.04,,3.34418,16.72138,7.716861e+13,1.028915e+14,1.543372e+14,1.028915e+14,1.3333,3854.5640,3.598,274,45.83,,fine,A,4.4969,5.9246,5.3331,False,512,184,0.360624,,CO(3-2),-24618.1008,-21342.991,star,19.572,2.740,15.266,512,20260825,False,False,
HD 69830,HD 69830,7,A002_X12209f7_X16edb,12.5692,321.160099,321.267765,244140.6250,107666015.6,2903.04,,2.67173,13.35904,6.165152e+13,8.220202e+13,1.233030e+14,8.220202e+13,1.3333,3854.5672,3.598,272,45.83,,fine,A,4.2195,5.6170,5.1593,False,512,389,0.760234,,CO(3-2),-24627.3558,-21351.015,star,19.572,2.740,15.266,512,20260825,False,False,
HD 69830,HD 69830,7,A002_X12209f7_X163ba,12.5692,321.160299,321.267965,244140.6250,107666015.6,2903.04,,2.86267,14.31378,6.605762e+13,8.807683e+13,1.321152e+14,8.807683e+13,1.3333,3854.5696,3.598,276,45.83,,fine,A,4.6401,6.4681,5.5702,False,512,113,0.222222,,CO(3-2),-24561.2385,-21293.694,star,19.572,2.740,15.266,512,20260825,False,False,
HD 69830,HD 69830,7,A002_X1207c39_X9417,12.5692,321.166506,321.274172,244140.6250,107666015.6,2903.04,480,3.74830,18.74228,8.649498e+13,1.153266e+14,1.729900e+14,1.157602e+14,1.3383,3854.6441,3.598,275,45.84,0.9963,fine,A,4.4203,5.6870,5.6497,False,512,217,0.424951,321.225344,CO(3-2),-24570.6561,-21301.858,star,19.571,2.740,15.266,512,20260825,False,False,
HD 69830,HD 69830,7,A002_X12277ed_X178c6,12.5692,322.396991,322.504657,244140.6250,107666015.6,2903.04,,3.95307,19.76585,9.121875e+13,1.216250e+14,1.824375e+14,1.216250e+14,1.3333,3869.4099,3.598,274,46.01,,fine,A,4.3073,5.4558,5.4589,True,512,314,0.614035,,CO(3-2),-23298.9111,-20199.302,star,19.497,2.730,15.207,512,20260825,False,False,
HD 69830,HD 69830,7,A002_X12235df_X8337,12.5692,322.399059,322.506725,244140.6250,107666015.6,2903.04,,5.88577,29.42972,1.358171e+14,1.810895e+14,2.716343e+14,1.810895e+14,1.3333,3869.4347,3.598,275,46.01,,fine,A,4.7168,5.7074,5.7028,False,512,89,0.175439,,CO(3-2),-23315.3983,-20213.596,star,19.497,2.730,15.207,512,20260825,False,False,
HD 69830,HD 69830,7,A002_X12235df_X7876,12.5692,322.399266,322.506932,244140.6250,107666015.6,2903.04,,4.63963,23.19884,1.070619e+14,1.427492e+14,2.141237e+14,1.427492e+14,1.3333,3869.4372,3.598,275,46.01,,fine,A,4.6777,5.8390,5.5463,False,512,97,0.191033,,CO(3-2),-23391.1188,-20279.243,star,19.497,2.730,15.207,512,20260825,False,False,
HD 69830,HD 69830,7,A002_X12209f7_X16edb,12.5692,322.399532,322.507198,244140.6250,107666015.6,2903.04,,3.42320,17.11650,7.899206e+13,1.053227e+14,1.579841e+14,1.053227e+14,1.3333,3869.4404,3.598,273,46.01,,fine,A,5.2592,5.4247,5.5362,True,512,7,0.015595,,CO(3-2),-23363.5086,-20255.306,star,19.497,2.730,15.207,512,20260825,True,False,
HD 69830,HD 69830,7,A002_X12209f7_X163ba,12.5692,322.399732,322.507398,244140.6250,107666015.6,2903.04,,3.87075,19.35431,8.931950e+13,1.190927e+14,1.786390e+14,1.190927e+14,1.3333,3869.4428,3.598,277,46.01,,fine,A,4.4849,5.6721,5.3199,False,512,201,0.393762,,CO(3-2),-23328.1531,-20224.654,star,19.497,2.730,15.207,512,20260825,False,False,
HD 69830,HD 69830,7,A002_X1207c39_X9417,12.5692,322.406000,322.513666,244140.6250,107666015.6,2903.04,480,5.07662,25.38421,1.171473e+14,1.561964e+14,2.342945e+14,1.567882e+14,1.3384,3869.5180,3.598,276,46.01,0.9962,fine,A,4.3987,5.7406,5.4928,False,512,248,0.485380,322.428461,CO(3-2),-23367.5389,-20258.800,star,19.496,2.729,15.207,512,20260825,False,False,
HD 69830,HD 69830,7,A002_X12277ed_X178c6,12.5692,332.573787,334.401912,15625000.0000,1828125000.0,5273.86,,0.21880,1.09401,3.231232e+14,6.462464e+14,8.616619e+14,7.385673e+14,2.2857,4001.8542,3.598,6,1.351,,coarse,B,2.5379,5.1007,4.2940,False,512,408,0.797271,,CO(3-2),-13222.2126,-11463.174,star,18.851,2.639,14.704,512,20260825,False,False,
HD 69830,HD 69830,7,A002_X12235df_X8337,12.5692,332.575855,334.403980,15625000.0000,1828125000.0,5273.86,,0.26032,1.30166,3.844568e+14,7.689136e+14,1.025218e+15,8.787584e+14,2.2857,4001.8790,3.598,6,1.351,,coarse,B,3.2443,4.4978,4.7716,False,512,84,0.165692,,CO(3-2),-11673.2701,-10120.297,star,18.851,2.639,14.704,512,20260825,False,False,
HD 69830,HD 69830,7,A002_X12235df_X7876,12.5692,332.576062,334.404187,15625000.0000,1828125000.0,5273.86,,0.23749,1.18751,3.507389e+14,7.014778e+14,9.353037e+14,8.016889e+14,2.2857,4001.8815,3.598,6,1.351,,coarse,B,2.9464,4.9765,3.9656,False,512,205,0.401559,,CO(3-2),-11766.8129,-10201.396,star,18.851,2.639,14.704,512,20260825,False,False,
HD 69830,HD 69830,7,A002_X12209f7_X16edb,12.5692,332.576329,334.404454,15625000.0000,1828125000.0,5273.86,,0.21043,1.05217,3.107663e+14,6.215326e+14,8.287101e+14,7.103229e+14,2.2857,4001.8847,3.598,6,1.351,,coarse,B,2.8548,5.1046,4.1065,False,512,273,0.534113,,CO(3-2),-11391.5465,-9876.053,star,18.851,2.639,14.704,512,20260825,False,False,
HD 69830,HD 69830,7,A002_X12209f7_X163ba,12.5692,332.576528,334.404653,15625000.0000,1828125000.0,5273.86,,0.21849,1.09247,3.226688e+14,6.453376e+14,8.604502e+14,7.375287e+14,2.2857,4001.8871,3.598,6,1.351,,coarse,B,3.0595,4.3974,3.8976,False,512,144,0.282651,,CO(3-2),-12235.0972,-10607.381,star,18.851,2.639,14.704,512,20260825,False,False,
HD 69830,HD 69830,7,A002_X1207c39_X9417,12.5692,332.582766,334.410891,15625000.0000,1828125000.0,5273.86,872,0.25704,1.28524,3.796052e+14,7.592105e+14,1.012281e+15,8.676700e+14,2.2857,4001.9619,3.598,6,1.351,1.0000,coarse,B,2.1909,4.5289,4.0632,False,512,494,0.964912,333.660891,CO(3-2),-12135.1093,-10520.695,star,18.851,2.639,14.704,512,20260825,False,False,
HD 69830,HD 69830,7,A002_X12277ed_X178c6,12.5692,335.326748,335.434414,244140.6250,107666015.6,2903.04,,2.20609,11.03074,5.090649e+13,6.787532e+13,1.018130e+14,6.787532e+13,1.3333,4024.5670,3.598,285,47.86,,fine,A,4.2503,5.6501,5.9384,True,512,368,0.719298,,CO(3-2),-10371.3520,-8991.582,star,18.745,2.624,14.621,512,20260825,False,False,
HD 69830,HD 69830,7,A002_X12235df_X8337,12.5692,335.328876,335.436542,244140.6250,107666015.6,2903.04,,2.65557,13.27828,6.127883e+13,8.170510e+13,1.225577e+14,8.170510e+13,1.3333,4024.5925,3.598,286,47.86,,fine,A,4.3018,5.3229,5.4553,True,512,321,0.627680,,CO(3-2),-10465.9032,-9073.554,star,18.745,2.624,14.621,512,20260825,False,False,
HD 69830,HD 69830,7,A002_X12235df_X7876,12.5692,335.329114,335.436780,244140.6250,107666015.6,2903.04,,2.37679,11.88433,5.484577e+13,7.312770e+13,1.096915e+14,7.312770e+13,1.3333,4024.5954,3.598,286,47.86,,fine,A,4.7791,6.1135,5.3850,False,512,63,0.124756,,CO(3-2),-10398.5268,-9015.142,star,18.745,2.624,14.621,512,20260825,False,False,
HD 69830,HD 69830,7,A002_X12209f7_X16edb,12.5692,335.329380,335.437046,244140.6250,107666015.6,2903.04,,2.12916,10.64612,4.913147e+13,6.550862e+13,9.826294e+13,6.550862e+13,1.3333,4024.5986,3.598,284,47.86,,fine,A,4.1675,5.6561,5.4353,False,512,425,0.830409,,CO(3-2),-10380.9264,-8999.883,star,18.745,2.624,14.621,512,20260825,False,False,
HD 69830,HD 69830,7,A002_X12209f7_X163ba,12.5692,335.329580,335.437246,244140.6250,107666015.6,2903.04,,2.20706,11.03565,5.092914e+13,6.790552e+13,1.018583e+14,6.790552e+13,1.3333,4024.6010,3.598,288,47.86,,fine,A,4.0122,5.7995,5.3604,False,512,490,0.957115,,CO(3-2),-10362.9048,-8984.259,star,18.745,2.624,14.621,512,20260825,False,False,
HD 69830,HD 69830,7,A002_X1207c39_X9417,12.5692,335.336092,335.443758,244140.6250,107666015.6,2903.04,480,2.55445,12.77282,5.894615e+13,7.859487e+13,1.178923e+14,7.891708e+13,1.3388,4024.6791,3.598,287,47.86,0.9959,fine,A,4.7990,5.8762,5.1170,False,512,56,0.111111,335.424715,CO(3-2),-10371.2848,-8991.524,star,18.745,2.624,14.621,512,20260825,False,False,
CD-38 10980,CD-38 10980,6,A002_Xe5808e_X80a1,12.9080,223.085938,224.914062,15625000.0000,1828125000.0,616.90,306,0.28539,1.42696,4.444911e+14,8.889823e+14,1.185310e+15,1.015980e+15,2.2857,2688.0000,3.598,2,0.1061,1.0000,coarse,B,3.8715,4.0824,4.3094,False,512,3,0.007797,223.726562,13CO(2-1),3327.5625,4526.237,star,28.066,3.929,21.891,512,20260825,False,False,
CD-38 10980,CD-38 10980,6,A002_Xe5808e_X80a1,12.9080,225.085938,226.914062,15625000.0000,1828125000.0,616.90,306,0.26552,1.32760,4.135406e+14,8.270812e+14,1.102775e+15,9.452357e+14,2.2857,2712.0000,3.598,2,0.1071,1.0000,coarse,B,1.8871,4.4635,3.7257,False,512,496,0.968811,225.273438,13CO(2-1),4874.4375,6630.337,star,27.817,3.894,21.698,512,20260825,False,False,
CD-38 10980,CD-38 10980,6,A002_Xe5808e_X80a1,12.9080,239.085938,240.914063,15625000.0000,1828125000.0,616.90,306,0.29135,1.45673,4.537641e+14,9.075282e+14,1.210038e+15,1.037175e+15,2.2857,2880.0000,3.598,2,0.1137,1.0000,coarse,B,2.6761,4.1455,4.0573,False,512,179,0.350877,240.148438,CS(5-4),-4787.5625,-5859.797,star,26.195,3.667,20.432,512,20260825,False,False,
CD-38 10980,CD-38 10980,6,A002_Xe5808e_X80a1,12.9080,241.085938,242.914063,15625000.0000,1828125000.0,616.90,306,0.31212,1.56060,4.861181e+14,9.722362e+14,1.296315e+15,1.111127e+15,2.2857,2904.0000,3.598,2,0.1147,1.0000,coarse,B,2.6142,4.5413,3.5590,False,512,217,0.424951,241.929688,CS(5-4),-3006.3125,-3679.614,star,25.978,3.637,20.263,512,20260825,False,False,
LP 349-25,LP  349-25,3,A002_Xb9a2bb_X1899,14.1281,89.627387,91.361762,15625000.0000,1734375000.0,2649.02,1314,0.13783,0.68969,2.573651e+14,5.147302e+14,6.863069e+14,5.882631e+14,2.2857,1085.9349,3.598,2,0.1841,1.0000,coarse,B,2.4580,4.3305,4.1900,False,512,287,0.561404,91.080512,HCO+(1-0),1891.5125,6357.972,star,69.471,9.726,54.187,512,20260825,False,False,
LP 349-25,LP  349-25,3,A002_Xba38f9_X36d,14.1281,89.627387,91.361762,15625000.0000,1734375000.0,2649.02,,0.12820,0.64149,2.393782e+14,4.787563e+14,6.383418e+14,5.471501e+14,2.2857,1085.9349,3.598,2,0.1841,,coarse,B,2.1090,4.1791,4.9255,False,512,442,0.863548,,HCO+(1-0),719.6375,2418.929,star,69.471,9.726,54.187,512,20260825,False,False,
LP 349-25,LP  349-25,3,A002_Xb9b1b9_X971,14.1281,89.627387,91.361762,15625000.0000,1734375000.0,2649.02,,0.12632,0.63210,2.358775e+14,4.717550e+14,6.290066e+14,5.391485e+14,2.2857,1085.9349,3.598,2,0.1841,,coarse,B,3.5708,4.6647,3.6528,False,512,14,0.029240,,HCO+(1-0),1985.2625,6673.096,star,69.471,9.726,54.187,512,20260825,False,False,
LP 349-25,LP  349-25,3,A002_Xb9a2bb_X1899,14.1281,91.564887,93.299262,15625000.0000,1734375000.0,2649.02,1314,0.14266,0.71391,2.664046e+14,5.328093e+14,7.104124e+14,6.089249e+14,2.2857,1109.1849,3.598,2,0.188,1.0000,coarse,B,2.3464,4.2796,3.5149,False,512,327,0.639376,92.580512,HCO+(1-0),3391.5125,11399.947,star,68.015,9.522,53.051,512,20260825,False,False,
LP 349-25,LP  349-25,3,A002_Xba38f9_X36d,14.1281,91.564887,93.299262,15625000.0000,1734375000.0,2649.02,,0.12883,0.64466,2.405620e+14,4.811239e+14,6.414985e+14,5.498559e+14,2.2857,1109.1849,3.598,2,0.188,,coarse,B,3.0522,4.4360,4.2066,False,512,71,0.140351,,HCO+(1-0),3985.2625,13395.729,star,68.015,9.522,53.051,512,20260825,False,False,
LP 349-25,LP  349-25,3,A002_Xb9b1b9_X971,14.1281,91.564887,93.299262,15625000.0000,1734375000.0,2649.02,,0.13024,0.65174,2.432038e+14,4.864076e+14,6.485435e+14,5.558944e+14,2.2857,1109.1849,3.598,2,0.188,,coarse,B,2.1818,4.3191,3.9037,False,512,410,0.801170,,HCO+(1-0),3079.0125,10349.536,star,68.015,9.522,53.051,512,20260825,False,False,
LP 349-25,LP  349-25,3,A002_Xb9a2bb_X1899,14.1281,101.627387,103.361762,15625000.0000,1734375000.0,2649.02,1314,0.13974,0.69943,2.610006e+14,5.220012e+14,6.960016e+14,5.965728e+14,2.2857,1229.9349,3.598,2,0.2085,1.0000,coarse,B,2.3493,4.9596,3.9814,False,512,331,0.647173,102.408637,CN(1-0),-11082.3625,-29274.645,star,61.337,8.587,47.843,512,20260825,False,False,
LP 349-25,LP  349-25,3,A002_Xba38f9_X36d,14.1281,101.627387,103.361762,15625000.0000,1734375000.0,2649.02,,0.12695,0.63539,2.371037e+14,4.742075e+14,6.322766e+14,5.419514e+14,2.2857,1229.9349,3.598,2,0.2085,,coarse,B,2.9396,4.2017,3.8938,False,512,98,0.192982,,CN(1-0),-10863.6125,-28696.805,star,61.337,8.587,47.843,512,20260825,False,False,
LP 349-25,LP  349-25,3,A002_Xb9b1b9_X971,14.1281,101.627387,103.361762,15625000.0000,1734375000.0,2649.02,,0.12635,0.63239,2.359846e+14,4.719692e+14,6.292922e+14,5.393934e+14,2.2857,1229.9349,3.598,2,0.2085,,coarse,B,2.7821,4.3816,3.6758,False,512,157,0.307992,,CN(1-0),-11785.4875,-31131.986,star,61.337,8.587,47.843,512,20260825,False,False,
LP 349-25,LP  349-25,3,A002_Xb9a2bb_X1899,14.1281,103.627387,105.361762,15625000.0000,1734375000.0,2649.02,1314,0.14068,0.70416,2.627661e+14,5.255322e+14,7.007096e+14,6.006082e+14,2.2857,1253.9349,3.598,2,0.2126,1.0000,coarse,B,2.6002,4.4886,3.6801,False,512,217,0.424951,105.002387,CN(1-0),-8488.6125,-22423.117,star,60.163,8.423,46.927,512,20260825,False,False,
LP 349-25,LP  349-25,3,A002_Xba38f9_X36d,14.1281,103.627387,105.361762,15625000.0000,1734375000.0,2649.02,,0.13100,0.65567,2.446723e+14,4.893445e+14,6.524594e+14,5.592509e+14,2.2857,1253.9349,3.598,2,0.2126,,coarse,B,3.7056,3.9358,3.9397,False,512,8,0.017544,,CN(1-0),-8207.3625,-21680.181,star,60.163,8.423,46.927,512,20260825,False,False,
LP 349-25,LP  349-25,3,A002_Xb9b1b9_X971,14.1281,103.627387,105.361762,15625000.0000,1734375000.0,2649.02,,0.12735,0.63742,2.378617e+14,4.757233e+14,6.342978e+14,5.436838e+14,2.2857,1253.9349,3.598,2,0.2126,,coarse,B,2.6115,4.3143,3.7505,False,512,190,0.372320,,CN(1-0),-8926.1125,-23578.797,star,60.163,8.423,46.927,512,20260825,False,False,
GJ14 Gaia DR3 383426372059603712,GJ14  Gaia DR3 383426372059603712,6,A002_Xd09670_X1d79,14.6876,226.360464,228.085562,488281.2500,1725097656.2,2812.32,,1.61979,8.09915,1.020757e+14,2.041513e+14,2.722017e+14,2.333158e+14,2.2857,2726.6762,3.598,74,15.7,,fine,A,4.9297,5.9963,6.0421,True,512,51,0.101365,,CO(2-1),-2763.9618,-3594.266,star,27.668,3.873,21.581,512,20260825,False,False,
GJ14 Gaia DR3 383426372059603712,GJ14  Gaia DR3 383426372059603712,6,A002_Xcf196f_Xabc5,14.6876,226.361799,228.086896,488281.2500,1725097656.2,2812.32,465,2.12555,10.62809,1.339485e+14,2.678970e+14,3.571960e+14,3.063117e+14,2.2868,2726.6922,3.598,74,15.7,0.9995,fine,A,4.2580,5.6599,5.3648,False,512,419,0.818713,227.633283,CO(2-1),-2904.7169,-3777.305,star,27.667,3.873,21.581,512,20260825,False,False,
GJ14 Gaia DR3 383426372059603712,GJ14  Gaia DR3 383426372059603712,6,A002_Xd09670_X1d79,14.6876,229.251676,230.976774,488281.2500,1725097656.2,2812.32,,1.66704,8.33540,1.050532e+14,2.101064e+14,2.801418e+14,2.401216e+14,2.2857,2761.3707,3.598,75,15.9,,fine,A,4.1845,5.8315,5.5116,False,512,458,0.894737,,CO(2-1),-485.5427,-631.401,star,27.320,3.825,21.310,512,20260825,False,False,
GJ14 Gaia DR3 383426372059603712,GJ14  Gaia DR3 383426372059603712,6,A002_Xcf196f_Xabc5,14.6876,229.252975,230.978073,488281.2500,1725097656.2,2812.32,465,1.91477,9.57415,1.206654e+14,2.413309e+14,3.217745e+14,2.759395e+14,2.2868,2761.3863,3.598,75,15.9,0.9995,fine,A,4.6210,6.0627,5.5134,False,512,163,0.319688,229.485886,CO(2-1),-1052.1145,-1368.174,star,27.320,3.825,21.309,512,20260825,False,False,
GJ14 Gaia DR3 383426372059603712,GJ14  Gaia DR3 383426372059603712,6,A002_Xd09670_X1d79,14.6876,242.247841,243.982216,15625000.0000,1734375000.0,3320.35,,0.30958,1.54795,6.242939e+14,1.248588e+15,1.664784e+15,1.426957e+15,2.2857,2917.3803,3.598,4,0.62,,coarse,B,2.8400,4.2389,4.1132,False,512,186,0.364522,,CS(5-4),-2516.2839,-3079.837,star,25.859,3.620,20.170,512,20260825,False,False,
GJ14 Gaia DR3 383426372059603712,GJ14  Gaia DR3 383426372059603712,6,A002_Xcf196f_Xabc5,14.6876,242.249214,243.983589,15625000.0000,1734375000.0,3320.35,549,0.37174,1.85875,7.496431e+14,1.499286e+15,1.999048e+15,1.713471e+15,2.2857,2917.3968,3.598,4,0.62,1.0000,coarse,B,3.0198,4.5624,4.2860,False,512,146,0.286550,242.796089,CS(5-4),-2139.9113,-2619.171,star,25.859,3.620,20.170,512,20260825,False,False,
GJ14 Gaia DR3 383426372059603712,GJ14  Gaia DR3 383426372059603712,6,A002_Xd09670_X1d79,14.6876,244.247965,245.982340,15625000.0000,1734375000.0,3320.35,,0.29704,1.48524,5.990053e+14,1.198011e+15,1.597348e+15,1.369155e+15,2.2857,2941.3818,3.598,4,0.6251,,coarse,B,2.6090,4.7707,3.6242,False,512,305,0.596491,,CS(5-4),108.8397,133.216,star,25.648,3.591,20.005,512,20260825,False,False,
GJ14 Gaia DR3 383426372059603712,GJ14  Gaia DR3 383426372059603712,6,A002_Xcf196f_Xabc5,14.6876,244.249349,245.983724,15625000.0000,1734375000.0,3320.35,549,0.38906,1.94535,7.845676e+14,1.569135e+15,2.092180e+15,1.793298e+15,2.2857,2941.3984,3.598,4,0.6251,1.0000,coarse,B,2.7799,4.7955,4.0222,False,512,229,0.448343,244.421224,CS(5-4),-514.7763,-630.067,star,25.648,3.591,20.005,512,20260825,False,False,
LHS 1140,LHS 1140,6,A002_Xd9d7c7_X6fd2,14.9636,212.084500,213.912625,15625000.0000,1828125000.0,2600.64,258,1.70288,8.51442,3.564177e+15,7.128354e+15,9.504472e+15,8.146699e+15,2.2857,2555.9828,3.598,4,0.4254,1.0000,coarse,B,2.7802,3.9684,3.2549,False,512,207,0.405458,212.147000,SiO(5-4),-4957.9997,-6846.323,star,29.515,4.132,23.022,512,20260825,False,False,
LHS 1140,LHS 1140,6,A002_Xda1250_X72ef,14.9636,212.086103,213.914228,15625000.0000,1828125000.0,2600.64,,3.19247,15.96233,6.681909e+15,1.336382e+16,1.781843e+16,1.527294e+16,2.2857,2556.0020,3.598,4,0.4254,,coarse,B,2.8955,4.5145,3.2626,False,512,130,0.255361,,SiO(5-4),-3222.0218,-4449.174,star,29.515,4.132,23.022,512,20260825,False,False,
LHS 1140,LHS 1140,6,A002_Xda1250_X6f6b,14.9636,212.086191,213.914316,15625000.0000,1828125000.0,2600.64,,2.24873,11.24366,4.706652e+15,9.413304e+15,1.255107e+16,1.075806e+16,2.2857,2556.0030,3.598,4,0.4254,,coarse,B,3.1458,4.4590,3.4070,False,512,115,0.226121,,SiO(5-4),-4456.3091,-6153.556,star,29.515,4.132,23.022,512,20260825,False,False,
LHS 1140,LHS 1140,6,A002_Xda2c82_X62d7,14.9636,212.086925,213.915050,15625000.0000,1828125000.0,2600.64,,1.99079,9.95393,4.166765e+15,8.333531e+15,1.111137e+16,9.524035e+15,2.2857,2556.0118,3.598,4,0.4254,,coarse,B,3.1423,4.5985,3.5105,False,512,97,0.191033,,SiO(5-4),-4455.5754,-6152.543,star,29.515,4.132,23.022,512,20260825,False,False,
LHS 1140,LHS 1140,6,A002_Xdaef5a_X14fed,14.9636,212.093529,213.921654,15625000.0000,1828125000.0,2600.64,,2.38156,11.90780,4.984665e+15,9.969330e+15,1.329244e+16,1.139352e+16,2.2857,2556.0911,3.598,4,0.4254,,coarse,B,2.5549,4.6112,3.0621,False,512,377,0.736842,,SiO(5-4),-4308.3464,-5949.240,star,29.514,4.132,23.021,512,20260825,False,False,
LHS 1140,LHS 1140,6,A002_Xd9d7c7_X6fd2,14.9636,214.084487,215.912612,15625000.0000,1828125000.0,2600.64,258,1.59890,7.99450,3.346536e+15,6.693071e+15,8.924095e+15,7.649233e+15,2.2857,2579.9826,3.598,4,0.4294,1.0000,coarse,B,2.7089,4.5563,3.4022,False,512,304,0.594542,215.537612,SiO(5-4),-1567.3883,-2164.350,star,29.241,4.094,22.808,512,20260825,False,False,
LHS 1140,LHS 1140,6,A002_Xda1250_X72ef,14.9636,214.086103,215.914228,15625000.0000,1828125000.0,2600.64,,3.08723,15.43614,6.461644e+15,1.292329e+16,1.723105e+16,1.476947e+16,2.2857,2580.0020,3.598,4,0.4294,,coarse,B,2.8539,4.4147,3.7596,False,512,257,0.502924,,SiO(5-4),-1409.5218,-1946.358,star,29.241,4.094,22.808,512,20260825,False,False,
LHS 1140,LHS 1140,6,A002_Xda1250_X6f6b,14.9636,214.086191,215.914316,15625000.0000,1828125000.0,2600.64,,2.13433,10.67165,4.467206e+15,8.934412e+15,1.191255e+16,1.021076e+16,2.2857,2580.0030,3.598,4,0.4294,,coarse,B,2.7383,4.1809,3.3061,False,512,214,0.419103,,SiO(5-4),-2878.1841,-3974.380,star,29.241,4.094,22.808,512,20260825,False,False,
LHS 1140,LHS 1140,6,A002_Xda2c82_X62d7,14.9636,214.086925,215.915050,15625000.0000,1828125000.0,2600.64,,1.84855,9.24276,3.869067e+15,7.738134e+15,1.031751e+16,8.843582e+15,2.2857,2580.0118,3.598,4,0.4294,,coarse,B,3.1616,4.6802,4.3488,False,512,117,0.230019,,SiO(5-4),-1924.3254,-2657.232,star,29.240,4.094,22.808,512,20260825,False,False,
LHS 1140,LHS 1140,6,A002_Xdaef5a_X14fed,14.9636,214.093600,215.921725,15625000.0000,1828125000.0,2600.64,,2.20650,11.03252,4.618270e+15,9.236539e+15,1.231539e+16,1.055604e+16,2.2857,2580.0919,3.598,4,0.4294,,coarse,B,2.2312,4.5418,3.3325,False,512,446,0.871345,,SiO(5-4),-1886.4001,-2604.862,star,29.240,4.094,22.807,512,20260825,False,False,
LHS 1140,LHS 1140,6,A002_Xd9d7c7_X6fd2,14.9636,227.084439,228.912564,15625000.0000,1828125000.0,2590.56,257,1.58234,7.91168,3.311867e+15,6.623734e+15,8.831645e+15,7.569991e+15,2.2857,2735.9820,3.598,4,0.4536,1.0000,coarse,B,2.5459,4.3384,3.0906,False,512,334,0.653021,228.693814,CO(2-1),-1844.1860,-2398.186,star,27.574,3.860,21.507,512,20260825,False,False,
LHS 1140,LHS 1140,6,A002_Xda1250_X72ef,14.9636,227.086104,228.914229,15625000.0000,1828125000.0,2600.64,,3.08955,15.44777,6.466514e+15,1.293303e+16,1.724404e+16,1.478060e+16,2.2857,2736.0020,3.598,4,0.4554,,coarse,B,3.7863,3.9974,4.1299,False,512,8,0.017544,,CO(2-1),-2826.8958,-3676.106,star,27.573,3.860,21.507,512,20260825,False,False,
LHS 1140,LHS 1140,6,A002_Xda1250_X6f6b,14.9636,227.086195,228.914320,15625000.0000,1828125000.0,2600.64,,2.02056,10.10282,4.229089e+15,8.458177e+15,1.127757e+16,9.666489e+15,2.2857,2736.0031,3.598,4,0.4554,,coarse,B,3.1055,4.5993,3.4014,False,512,108,0.212476,,CO(2-1),-2295.5555,-2985.149,star,27.573,3.860,21.507,512,20260825,False,False,
LHS 1140,LHS 1140,6,A002_Xda2c82_X62d7,14.9636,227.086950,228.915075,15625000.0000,1828125000.0,2600.64,,1.77127,8.85634,3.707307e+15,7.414615e+15,9.886153e+15,8.473845e+15,2.2857,2736.0121,3.598,4,0.4554,,coarse,B,3.4137,4.1003,4.5044,False,512,29,0.058480,,CO(2-1),-3091.6753,-4020.426,star,27.573,3.860,21.507,512,20260825,False,False,
LHS 1140,LHS 1140,6,A002_Xdaef5a_X14fed,14.9636,227.094059,228.922184,15625000.0000,1828125000.0,2600.64,,2.15125,10.75626,4.502625e+15,9.005249e+15,1.200700e+16,1.029171e+16,2.2857,2736.0975,3.598,4,0.4554,,coarse,B,2.6604,4.8938,3.4888,False,512,290,0.567251,,CO(2-1),-1912.6908,-2487.270,star,27.572,3.860,21.506,512,20260825,False,False,
LHS 1140,LHS 1140,6,A002_Xd9d7c7_X6fd2,14.9636,229.078335,230.918668,488281.2500,1840332031.2,2600.64,258,9.53505,47.67523,6.236590e+14,1.247318e+15,1.663091e+15,1.427411e+15,2.2888,2759.9820,3.598,79,14.7,0.9987,fine,A,5.0506,5.8116,5.3657,False,512,23,0.046784,230.635464,CO(2-1),97.4644,126.743,star,27.334,3.827,21.320,512,20260825,True,False,
LHS 1140,LHS 1140,6,A002_Xda1250_X72ef,14.9636,229.080002,230.920334,488281.2500,1840332031.2,2600.64,,19.37158,96.85789,1.267037e+15,2.534075e+15,3.378766e+15,2.896085e+15,2.2857,2760.0020,3.598,80,14.7,,fine,A,4.5650,5.9451,4.9714,False,512,245,0.479532,,CO(2-1),-1130.3612,-1469.926,star,27.334,3.827,21.320,512,20260825,False,False,
LHS 1140,LHS 1140,6,A002_Xda1250_X6f6b,14.9636,229.080093,230.920425,488281.2500,1840332031.2,2600.64,,12.76042,63.80213,8.346215e+14,1.669243e+15,2.225657e+15,1.907706e+15,2.2857,2760.0031,3.598,79,14.7,,fine,A,4.6604,5.3975,4.9055,False,512,167,0.327485,,CO(2-1),256.9370,334.122,star,27.334,3.827,21.320,512,20260825,False,False,
LHS 1140,LHS 1140,6,A002_Xda2c82_X62d7,14.9636,229.080855,230.921187,488281.2500,1840332031.2,2600.64,,11.38476,56.92383,7.446436e+14,1.489287e+15,1.985716e+15,1.702043e+15,2.2857,2760.0123,3.598,79,14.7,,fine,A,4.7183,5.6887,5.0534,False,512,136,0.267057,,CO(2-1),-1394.6450,-1813.601,star,27.333,3.827,21.320,512,20260825,False,False,
LHS 1140,LHS 1140,6,A002_Xdaef5a_X14fed,14.9636,229.088027,230.928359,488281.2500,1840332031.2,2600.64,,13.57337,67.86687,8.877940e+14,1.775588e+15,2.367451e+15,2.029243e+15,2.2857,2760.0983,3.598,79,14.7,,fine,A,4.5453,5.7877,5.0952,False,512,218,0.426901,,CO(2-1),-1437.7660,-1869.676,star,27.333,3.827,21.319,512,20260825,False,False,
HD 38858 Gaia DR3 3023711269067191296,HD 38858  Gaia DR3 3023711269067191296,6,A002_Xc20718_X2fcf,15.2104,229.609322,231.449654,488281.2500,1840332031.2,2782.08,276,13.58759,67.93793,9.182760e+14,1.836552e+15,2.448736e+15,2.101734e+15,2.2888,2766.3539,3.598,84,15.76,0.9987,fine,A,4.3452,6.1812,5.0522,False,512,414,0.808967,229.831490,,,,star,27.271,3.818,21.271,512,20260825,False,False,
HD 38858 Gaia DR3 3023711269067191296,HD 38858  Gaia DR3 3023711269067191296,6,A002_Xc21a10_X28c4,15.2104,229.610158,231.450490,488281.2500,1840332031.2,2782.08,,10.44540,52.22755,7.059282e+14,1.411856e+15,1.882475e+15,1.613550e+15,2.2857,2766.3639,3.598,84,15.76,,fine,A,4.7312,8.5956,5.2211,False,512,200,0.391813,,CO(2-1),-844.8339,-1098.625,star,27.271,3.818,21.271,512,20260825,False,False,
HD 38858 Gaia DR3 3023711269067191296,HD 38858  Gaia DR3 3023711269067191296,6,A002_Xc23361_Xb5c9,15.2104,229.611241,231.451573,488281.2500,1840332031.2,2782.08,,10.78909,53.94605,7.291562e+14,1.458312e+15,1.944417e+15,1.666643e+15,2.2857,2766.3769,3.598,84,15.76,,fine,A,4.5769,8.1027,5.3772,False,512,262,0.512671,,CO(2-1),300.7798,391.135,star,27.271,3.818,21.271,512,20260825,False,False,
HD 38858 Gaia DR3 3023711269067191296,HD 38858  Gaia DR3 3023711269067191296,6,A002_Xb0be8b_X785f,15.2104,229.637299,231.362397,488281.2500,1725097656.2,90.72,15,10.30222,51.51241,6.962621e+14,1.392524e+15,1.856699e+15,1.592225e+15,2.2868,2765.9982,3.598,3,0.5139,0.9995,fine,A,3.8682,5.0868,4.9260,False,512,154,0.302144,229.691498,CO(2-1),-846.5017,-1100.794,star,27.274,3.818,21.274,512,20260825,False,False,
HD 38858 Gaia DR3 3023711269067191296,HD 38858  Gaia DR3 3023711269067191296,6,A002_Xb0ebd1_X1855,15.2104,229.637305,231.362403,488281.2500,1725097656.2,90.72,,6.01683,30.08492,4.066397e+14,8.132793e+14,1.084372e+15,9.294621e+14,2.2857,2765.9982,3.598,3,0.5139,,fine,A,3.5086,5.3817,4.6025,False,512,367,0.717349,,CO(2-1),204.7740,266.289,star,27.274,3.818,21.274,512,20260825,False,False,
HD 38858 Gaia DR3 3023711269067191296,HD 38858  Gaia DR3 3023711269067191296,6,A002_Xb0be8b_X785f,15.2104,231.587797,233.322172,15625000.0000,1734375000.0,20.74,36,1.46818,7.34110,3.175206e+15,6.350412e+15,8.467217e+15,7.257614e+15,2.2857,2789.4598,3.598,2,0.003702,1.0000,coarse,B,1.7989,4.2537,3.9310,False,512,500,0.976608,232.572172,CO(2-1),2034.1723,2645.245,star,27.045,3.786,21.095,512,20260825,False,False,
HD 38858 Gaia DR3 3023711269067191296,HD 38858  Gaia DR3 3023711269067191296,6,A002_Xb0ebd1_X1855,15.2104,231.587803,233.322178,15625000.0000,1734375000.0,20.74,,0.82181,4.10917,1.777319e+15,3.554638e+15,4.739517e+15,4.062443e+15,2.2857,2789.4599,3.598,2,0.003702,,coarse,B,3.3460,4.1598,3.5583,False,512,41,0.081871,,CO(2-1),2315.4283,3010.991,star,27.045,3.786,21.095,512,20260825,False,False,
HD 38858 Gaia DR3 3023711269067191296,HD 38858  Gaia DR3 3023711269067191296,6,A002_Xc21a10_X28c4,15.2104,231.617475,233.351850,15625000.0000,1734375000.0,2782.08,,1.67753,8.38774,3.627906e+15,7.255813e+15,9.674417e+15,8.292357e+15,2.2857,2789.8159,3.598,4,0.4967,,coarse,B,3.0082,5.2452,3.1315,False,512,158,0.309942,,CO(2-1),1595.0997,2074.273,star,27.041,3.786,21.092,512,20260825,False,False,
HD 38858 Gaia DR3 3023711269067191296,HD 38858  Gaia DR3 3023711269067191296,6,A002_Xc23361_Xb5c9,15.2104,231.618529,233.352904,15625000.0000,1734375000.0,2782.08,,1.70524,8.52629,3.687833e+15,7.375665e+15,9.834220e+15,8.429332e+15,2.2857,2789.8286,3.598,4,0.4967,,coarse,B,2.6104,4.6515,3.1804,False,512,339,0.662768,,CO(2-1),2002.4038,2603.933,star,27.041,3.786,21.092,512,20260825,False,False,
HD 38858 Gaia DR3 3023711269067191296,HD 38858  Gaia DR3 3023711269067191296,6,A002_Xb0be8b_X785f,15.2104,244.085377,245.819752,15625000.0000,1734375000.0,20.74,36,1.64800,8.24022,3.564099e+15,7.128198e+15,9.504263e+15,8.146511e+15,2.2857,2939.4308,3.598,2,0.003901,1.0000,coarse,B,2.1923,4.7210,3.9795,False,512,396,0.773879,244.694752,CS(5-4),-241.2478,-295.278,star,25.665,3.593,20.019,512,20260825,False,False,
HD 38858 Gaia DR3 3023711269067191296,HD 38858  Gaia DR3 3023711269067191296,6,A002_Xb0ebd1_X1855,15.2104,244.085383,245.819758,15625000.0000,1734375000.0,20.74,,0.86153,4.30778,1.863219e+15,3.726438e+15,4.968584e+15,4.258787e+15,2.2857,2939.4309,3.598,2,0.003901,,coarse,B,2.1844,4.4405,3.5095,False,512,396,0.773879,,CS(5-4),-147.4915,-180.524,star,25.665,3.593,20.019,512,20260825,False,False,
HD 38858 Gaia DR3 3023711269067191296,HD 38858  Gaia DR3 3023711269067191296,6,A002_Xc21a10_X28c4,15.2104,244.116650,245.851025,15625000.0000,1734375000.0,2782.08,,1.76627,8.83143,3.819813e+15,7.639626e+15,1.018617e+16,8.731001e+15,2.2857,2939.8061,3.598,4,0.5234,,coarse,B,2.8278,4.5277,3.2744,False,512,251,0.491228,,CS(5-4),868.1501,1062.583,star,25.662,3.593,20.016,512,20260825,False,False,
HD 38858 Gaia DR3 3023711269067191296,HD 38858  Gaia DR3 3023711269067191296,6,A002_Xc23361_Xb5c9,15.2104,244.117761,245.852136,15625000.0000,1734375000.0,2782.08,,1.83031,9.15167,3.958322e+15,7.916644e+15,1.055552e+16,9.047593e+15,2.2857,2939.8194,3.598,4,0.5234,,coarse,B,4.3053,4.4403,4.3073,False,512,3,0.007797,,CS(5-4),-146.3642,-179.144,star,25.662,3.593,20.016,512,20260825,False,False,
HD 38858 Gaia DR3 3023711269067191296,HD 38858  Gaia DR3 3023711269067191296,6,A002_Xb0be8b_X785f,15.2104,246.084990,247.819365,15625000.0000,1734375000.0,20.74,36,1.83603,9.18042,3.970758e+15,7.941516e+15,1.058869e+16,9.076018e+15,2.2857,2963.4261,3.598,2,0.003933,1.0000,coarse,B,2.2442,3.9622,3.5692,False,512,382,0.746589,246.866240,CS(5-4),1930.2399,2362.541,star,25.457,3.564,19.857,512,20260825,False,False,
HD 38858 Gaia DR3 3023711269067191296,HD 38858  Gaia DR3 3023711269067191296,6,A002_Xb0ebd1_X1855,15.2104,246.084996,247.819371,15625000.0000,1734375000.0,20.74,,0.97456,4.87293,2.107662e+15,4.215325e+15,5.620433e+15,4.817514e+15,2.2857,2963.4262,3.598,2,0.003933,,coarse,B,1.9099,4.6450,4.0159,False,512,486,0.949318,,CS(5-4),2492.7463,3051.028,star,25.457,3.564,19.857,512,20260825,False,False,
HD 38858 Gaia DR3 3023711269067191296,HD 38858  Gaia DR3 3023711269067191296,6,A002_Xc21a10_X28c4,15.2104,246.116518,247.850893,15625000.0000,1734375000.0,2782.08,,1.99677,9.98399,4.318323e+15,8.636646e+15,1.151553e+16,9.870453e+15,2.2857,2963.8045,3.598,4,0.5277,,coarse,B,2.6928,4.2721,3.0263,False,512,276,0.539961,,CS(5-4),1321.1431,1617.030,star,25.454,3.564,19.854,512,20260825,False,False,
HD 38858 Gaia DR3 3023711269067191296,HD 38858  Gaia DR3 3023711269067191296,6,A002_Xc23361_Xb5c9,15.2104,246.117638,247.852013,15625000.0000,1734375000.0,2782.08,,2.13237,10.66196,4.611563e+15,9.223125e+15,1.229750e+16,1.054071e+16,2.2857,2963.8179,3.598,4,0.5277,,coarse,B,2.7316,4.0157,3.2971,False,512,213,0.417154,,CS(5-4),2197.2630,2689.367,star,25.454,3.564,19.854,512,20260825,False,False,
HD 207129 Gaia DR3 6564091190988411520,HD 207129  Gaia DR3 6564091190988411520,6,A002_Xc19d6f_X1c16,15.5590,229.641337,231.481669,488281.2500,1840332031.2,2872.80,,11.99887,59.99448,8.485027e+14,1.697005e+15,2.262674e+15,1.939435e+15,2.2857,2766.7380,3.598,86,16.28,,fine,A,4.6337,6.0818,4.7523,False,512,242,0.473684,,CO(2-1),-730.1591,-949.502,star,27.267,3.817,21.268,512,20260825,False,False,
HD 207129 Gaia DR3 6564091190988411520,HD 207129  Gaia DR3 6564091190988411520,6,A002_Xc19d6f_X5706,15.5590,229.641368,231.481700,488281.2500,1840332031.2,2872.80,,8.35202,41.76018,5.906148e+14,1.181230e+15,1.574973e+15,1.349977e+15,2.2857,2766.7384,3.598,86,16.28,,fine,A,5.6808,5.9086,6.0435,True,512,3,0.007797,,CO(2-1),-115.3824,-150.044,star,27.267,3.817,21.268,512,20260825,True,False,
HD 207129 Gaia DR3 6564091190988411520,HD 207129  Gaia DR3 6564091190988411520,6,A002_Xc19d6f_X19ce,15.5590,229.641448,231.481780,488281.2500,1840332031.2,2872.80,285,10.77323,53.86626,7.618312e+14,1.523662e+15,2.031550e+15,1.743667e+15,2.2888,2766.7394,3.598,86,16.28,0.9987,fine,A,4.0648,5.9872,5.2639,False,512,507,0.990253,231.278167,CO(2-1),740.1669,962.516,star,27.267,3.817,21.268,512,20260825,False,False,
HD 207129 Gaia DR3 6564091190988411520,HD 207129  Gaia DR3 6564091190988411520,6,A002_Xc19d6f_X1c16,15.5590,231.647836,233.382211,15625000.0000,1734375000.0,2872.80,,1.88793,9.43968,4.272175e+15,8.544350e+15,1.139247e+16,9.764972e+15,2.2857,2790.1803,3.598,4,0.513,,coarse,B,2.9652,4.1102,3.9325,False,512,143,0.280702,,CO(2-1),1484.8361,1930.886,star,27.038,3.785,21.090,512,20260825,False,False,
HD 207129 Gaia DR3 6564091190988411520,HD 207129  Gaia DR3 6564091190988411520,6,A002_Xc19d6f_X5706,15.5590,231.647866,233.382241,15625000.0000,1734375000.0,2872.80,,1.28919,6.44599,2.917302e+15,5.834603e+15,7.779471e+15,6.668118e+15,2.2857,2790.1806,3.598,4,0.513,,coarse,B,2.6510,4.6221,2.9867,False,512,322,0.629630,,CO(2-1),1109.8659,1443.274,star,27.038,3.785,21.090,512,20260825,False,False,
HD 207129 Gaia DR3 6564091190988411520,HD 207129  Gaia DR3 6564091190988411520,6,A002_Xc19d6f_X19ce,15.5590,231.647944,233.382319,15625000.0000,1734375000.0,2872.80,285,1.71811,8.59055,3.887879e+15,7.775757e+15,1.036768e+16,8.886592e+15,2.2857,2790.1816,3.598,4,0.513,1.0000,coarse,B,2.8283,4.6914,3.4878,False,512,240,0.469786,232.429194,CO(2-1),1891.1943,2459.316,star,27.038,3.785,21.090,512,20260825,False,False,
HD 207129 Gaia DR3 6564091190988411520,HD 207129  Gaia DR3 6564091190988411520,6,A002_Xc19d6f_X1c16,15.5590,244.148644,245.883019,15625000.0000,1734375000.0,2872.80,,2.00588,10.02944,4.539087e+15,9.078174e+15,1.210423e+16,1.037506e+16,2.2857,2940.1900,3.598,4,0.5406,,coarse,B,2.4155,4.3101,3.0950,False,512,379,0.740741,,CS(5-4),853.2688,1044.369,star,25.658,3.592,20.014,512,20260825,False,False,
HD 207129 Gaia DR3 6564091190988411520,HD 207129  Gaia DR3 6564091190988411520,6,A002_Xc19d6f_X5706,15.5590,244.148675,245.883050,15625000.0000,1734375000.0,2872.80,,1.35062,6.75314,3.056312e+15,6.112624e+15,8.150165e+15,6.985856e+15,2.2857,2940.1904,3.598,4,0.5406,,coarse,B,2.5919,4.5545,3.8853,False,512,290,0.567251,,CS(5-4),509.5502,623.670,star,25.658,3.592,20.014,512,20260825,False,False,
HD 207129 Gaia DR3 6564091190988411520,HD 207129  Gaia DR3 6564091190988411520,6,A002_Xc19d6f_X19ce,15.5590,244.148758,245.883133,15625000.0000,1734375000.0,2872.80,285,1.78159,8.90797,4.031535e+15,8.063070e+15,1.075076e+16,9.214951e+15,2.2857,2940.1913,3.598,4,0.5406,1.0000,coarse,B,3.3168,4.2756,4.1095,False,512,79,0.155945,245.211258,CS(5-4),275.2578,336.905,star,25.658,3.592,20.014,512,20260825,False,False,
HD 207129 Gaia DR3 6564091190988411520,HD 207129  Gaia DR3 6564091190988411520,6,A002_Xc19d6f_X1c16,15.5590,246.148773,247.883148,15625000.0000,1734375000.0,2872.80,,2.55114,12.75573,5.772942e+15,1.154588e+16,1.539451e+16,1.319530e+16,2.2857,2964.1915,3.598,4,0.545,,coarse,B,3.3967,4.5027,3.6720,False,512,56,0.111111,,CS(5-4),2462.7730,3014.342,star,25.451,3.563,19.852,512,20260825,False,False,
HD 207129 Gaia DR3 6564091190988411520,HD 207129  Gaia DR3 6564091190988411520,6,A002_Xc19d6f_X5706,15.5590,246.148805,247.883180,15625000.0000,1734375000.0,2872.80,,1.73435,8.67179,3.924648e+15,7.849296e+15,1.046573e+16,8.970624e+15,2.2857,2964.1919,3.598,4,0.545,,coarse,B,2.9775,5.0149,3.2825,False,512,122,0.239766,,CS(5-4),1275.3047,1560.925,star,25.451,3.563,19.852,512,20260825,False,False,
HD 207129 Gaia DR3 6564091190988411520,HD 207129  Gaia DR3 6564091190988411520,6,A002_Xc19d6f_X19ce,15.5590,246.148888,247.883263,15625000.0000,1734375000.0,2872.80,285,2.23454,11.17274,5.056519e+15,1.011304e+16,1.348405e+16,1.155777e+16,2.2857,2964.1929,3.598,4,0.545,1.0000,coarse,B,3.5288,4.2156,4.2204,False,512,21,0.042885,247.195763,CS(5-4),2259.7630,2765.865,star,25.451,3.563,19.852,512,20260825,False,False,
HD 207129 (Gaia DR3 6564091190988411520),HD 207129 (Gaia DR3 6564091190988411520),6,A002_Xb28642_Xcff3,15.5590,229.708703,231.433800,488281.2500,1725097656.2,362.88,,2.88616,14.43093,2.040969e+14,4.081938e+14,5.442584e+14,4.665072e+14,2.2857,2766.8550,3.598,10,2.056,,fine,A,3.5884,5.7096,5.1295,False,512,485,0.947368,,CO(2-1),165.3317,214.998,star,27.266,3.817,21.267,512,20260825,False,False,
HD 207129 (Gaia DR3 6564091190988411520),HD 207129 (Gaia DR3 6564091190988411520),6,A002_Xb28642_Xcff3,15.5590,231.657329,233.391704,15625000.0000,1734375000.0,362.88,,0.42852,2.14262,9.696989e+14,1.939398e+15,2.585864e+15,2.216455e+15,2.2857,2790.2942,3.598,2,0.0648,,coarse,B,2.3825,3.9829,4.1896,False,512,299,0.584795,,CO(2-1),1869.3291,2430.882,star,27.037,3.785,21.089,512,20260825,False,False,
HD 207129 (Gaia DR3 6564091190988411520),HD 207129 (Gaia DR3 6564091190988411520),6,A002_Xb28642_Xcff3,15.5590,244.158647,245.893022,15625000.0000,1734375000.0,362.88,,0.47315,2.36579,1.070703e+15,2.141406e+15,2.855208e+15,2.447321e+15,2.2857,2940.3100,3.598,2,0.06829,,coarse,B,2.3662,4.3250,3.7223,False,512,334,0.653021,,CS(5-4),347.6472,425.507,star,25.657,3.592,20.013,512,20260825,False,False,
HD 207129 (Gaia DR3 6564091190988411520),HD 207129 (Gaia DR3 6564091190988411520),6,A002_Xb28642_Xcff3,15.5590,246.158858,247.893233,15625000.0000,1734375000.0,362.88,,0.51315,2.56579,1.161217e+15,2.322435e+15,3.096580e+15,2.654211e+15,2.2857,2964.3125,3.598,2,0.06884,,coarse,B,1.6987,4.3748,4.0384,False,512,511,0.998051,,CS(5-4),1816.6081,2223.460,star,25.450,3.563,19.851,512,20260825,False,False,
HD 23484 Gaia DR3 4856592239127350400,HD 23484  Gaia DR3 4856592239127350400,6,A002_X10b22d7_X2445,16.1696,214.574068,216.402193,15625000.0000,1828125000.0,2751.84,,1.62858,8.14299,3.980286e+15,7.960571e+15,1.061410e+16,9.097796e+15,2.2857,2585.8576,3.598,4,0.4554,,coarse,B,3.4695,4.7748,3.5474,False,512,37,0.074074,,SiO(5-4),-1015.3067,-1402.000,star,29.174,4.084,22.756,512,20260825,False,False,
HD 23484 Gaia DR3 4856592239127350400,HD 23484  Gaia DR3 4856592239127350400,6,A002_X10b33b1_X145d,16.1696,214.574083,216.402208,15625000.0000,1828125000.0,2751.84,,1.60911,8.04562,3.932692e+15,7.865384e+15,1.048718e+16,8.989011e+15,2.2857,2585.8577,3.598,4,0.4554,,coarse,B,2.9905,4.5337,3.1244,False,512,128,0.251462,,SiO(5-4),-1796.5418,-2480.780,star,29.174,4.084,22.756,512,20260825,False,False,
HD 23484 Gaia DR3 4856592239127350400,HD 23484  Gaia DR3 4856592239127350400,6,A002_X10b33b1_Xf94,16.1696,214.574183,216.402308,15625000.0000,1828125000.0,2751.84,,1.50674,7.53381,3.682520e+15,7.365041e+15,9.820054e+15,8.417189e+15,2.2857,2585.8589,3.598,4,0.4554,,coarse,B,2.7173,5.8072,3.2759,False,512,263,0.514620,,SiO(5-4),-780.8171,-1078.202,star,29.174,4.084,22.756,512,20260825,False,False,
HD 23484 Gaia DR3 4856592239127350400,HD 23484  Gaia DR3 4856592239127350400,6,A002_X10b22d7_X1d34,16.1696,214.574214,216.402339,15625000.0000,1828125000.0,2751.84,,1.79524,8.97633,4.387620e+15,8.775239e+15,1.170032e+16,1.002885e+16,2.2857,2585.8593,3.598,4,0.4554,,coarse,B,2.9596,4.9056,3.2758,False,512,168,0.329435,,SiO(5-4),-2046.4112,-2825.815,star,29.174,4.084,22.756,512,20260825,False,False,
HD 23484 Gaia DR3 4856592239127350400,HD 23484  Gaia DR3 4856592239127350400,6,A002_X10b0d7d_X323f,16.1696,214.574214,216.402339,15625000.0000,1828125000.0,2751.84,273,2.09571,10.47869,5.121974e+15,1.024395e+16,1.365860e+16,1.170738e+16,2.2857,2585.8593,3.598,4,0.4554,1.0000,coarse,B,2.3179,4.5590,3.1005,False,512,433,0.846004,214.636714,SiO(5-4),-2468.2857,-3408.367,star,29.174,4.084,22.756,512,20260825,False,False,
HD 23484 Gaia DR3 4856592239127350400,HD 23484  Gaia DR3 4856592239127350400,6,A002_X10b22d7_X2445,16.1696,216.574068,218.402193,15625000.0000,1828125000.0,2751.84,,1.56817,7.84094,3.832642e+15,7.665284e+15,1.022038e+16,8.760325e+15,2.2857,2609.8576,3.598,4,0.4596,,coarse,B,3.0163,4.6064,3.7469,False,512,114,0.224172,,SiO(5-4),-405.9317,-560.536,star,28.906,4.047,22.547,512,20260825,False,False,
HD 23484 Gaia DR3 4856592239127350400,HD 23484  Gaia DR3 4856592239127350400,6,A002_X10b33b1_X145d,16.1696,216.574083,218.402208,15625000.0000,1828125000.0,2751.84,,1.53561,7.67816,3.753075e+15,7.506150e+15,1.000820e+16,8.578458e+15,2.2857,2609.8577,3.598,4,0.4596,,coarse,B,2.1245,4.6206,3.1351,False,512,488,0.953216,,H2CO,164.5832,,star,28.906,4.047,22.547,512,20260825,False,False,
HD 23484 Gaia DR3 4856592239127350400,HD 23484  Gaia DR3 4856592239127350400,6,A002_X10b33b1_Xf94,16.1696,216.574183,218.402308,15625000.0000,1828125000.0,2751.84,,1.45986,7.29939,3.567935e+15,7.135870e+15,9.514493e+15,8.155280e+15,2.2857,2609.8589,3.598,4,0.4596,,coarse,B,2.6866,4.5126,3.1235,False,512,261,0.510721,,SiO(5-4),-405.8171,-560.378,star,28.906,4.047,22.547,512,20260825,False,False,
HD 23484 Gaia DR3 4856592239127350400,HD 23484  Gaia DR3 4856592239127350400,6,A002_X10b22d7_X1d34,16.1696,216.574214,218.402339,15625000.0000,1828125000.0,2751.84,,1.72915,8.64584,4.226080e+15,8.452159e+15,1.126955e+16,9.659611e+15,2.2857,2609.8593,3.598,4,0.4596,,coarse,B,2.8113,4.0317,3.7521,False,512,225,0.440546,,SiO(5-4),109.8388,151.672,star,28.906,4.047,22.547,512,20260825,False,False,
HD 23484 Gaia DR3 4856592239127350400,HD 23484  Gaia DR3 4856592239127350400,6,A002_X10b0d7d_X323f,16.1696,216.574214,218.402339,15625000.0000,1828125000.0,2751.84,273,2.05527,10.27649,5.023136e+15,1.004627e+16,1.339503e+16,1.148147e+16,2.2857,2609.8593,3.598,4,0.4596,1.0000,coarse,B,2.5132,4.5885,3.1429,False,512,395,0.771930,218.277339,H2CO,55.3393,,star,28.906,4.047,22.547,512,20260825,False,False,
HD 23484 Gaia DR3 4856592239127350400,HD 23484  Gaia DR3 4856592239127350400,6,A002_X10b22d7_X2445,16.1696,229.609717,231.450537,976562.5000,1840820312.5,2751.84,,8.48204,42.41080,1.295647e+15,1.727530e+15,2.591294e+15,1.727530e+15,1.3333,2766.3615,3.598,39,7.795,,fine,A,5.2957,5.2512,5.6465,True,512,0,0.001949,,CO(2-1),252.3809,328.197,star,27.271,3.818,21.271,512,20260825,True,True,
HD 23484 Gaia DR3 4856592239127350400,HD 23484  Gaia DR3 4856592239127350400,6,A002_X10b33b1_X145d,16.1696,229.609732,231.450552,976562.5000,1840820312.5,2751.84,,8.21259,41.06354,1.254488e+15,1.672651e+15,2.508977e+15,1.672651e+15,1.3333,2766.3617,3.598,39,7.795,,fine,A,4.1365,5.5169,4.5370,False,512,381,0.744639,,CO(2-1),-211.4714,-274.998,star,27.271,3.818,21.271,512,20260825,False,False,
HD 23484 Gaia DR3 4856592239127350400,HD 23484  Gaia DR3 4856592239127350400,6,A002_X10b33b1_Xf94,16.1696,229.609831,231.450652,976562.5000,1840820312.5,2751.84,,8.00952,40.04817,1.223469e+15,1.631292e+15,2.446938e+15,1.631292e+15,1.3333,2766.3629,3.598,39,7.795,,fine,A,4.9945,5.6691,5.2842,False,512,21,0.042885,,CO(2-1),-760.1998,-988.567,star,27.271,3.818,21.271,512,20260825,False,False,
HD 23484 Gaia DR3 4856592239127350400,HD 23484  Gaia DR3 4856592239127350400,6,A002_X10b22d7_X1d34,16.1696,229.609862,231.450683,976562.5000,1840820312.5,2751.84,,9.47510,47.37617,1.447339e+15,1.929785e+15,2.894678e+15,1.929785e+15,1.3333,2766.3633,3.598,39,7.795,,fine,A,4.3442,5.4877,4.7336,False,512,219,0.428850,,CO(2-1),-417.3955,-542.783,star,27.271,3.818,21.271,512,20260825,False,False,
HD 23484 Gaia DR3 4856592239127350400,HD 23484  Gaia DR3 4856592239127350400,6,A002_X10b0d7d_X323f,16.1696,229.609863,231.450683,976562.5000,1840820312.5,2751.84,273,11.11667,55.58411,1.698091e+15,2.264121e+15,3.396181e+15,2.264880e+15,1.3338,2766.3633,3.598,39,7.795,0.9997,fine,A,4.1974,5.6122,4.5736,False,512,325,0.635478,230.099121,CO(2-1),-438.8793,-570.720,star,27.271,3.818,21.271,512,20260825,False,False,
HD 23484 Gaia DR3 4856592239127350400,HD 23484  Gaia DR3 4856592239127350400,6,A002_X10b22d7_X2445,16.1696,231.574064,233.402189,15625000.0000,1828125000.0,2751.84,,1.68967,8.44847,4.129604e+15,8.259209e+15,1.101228e+16,9.439096e+15,2.2857,2789.8575,3.598,4,0.4913,,coarse,B,3.3031,5.2911,3.8570,False,512,92,0.181287,,CO(2-1),2754.8145,3582.371,star,27.041,3.786,21.092,512,20260825,False,False,
HD 23484 Gaia DR3 4856592239127350400,HD 23484  Gaia DR3 4856592239127350400,6,A002_X10b33b1_X145d,16.1696,231.574079,233.402204,15625000.0000,1828125000.0,2751.84,,1.67217,8.36098,4.086838e+15,8.173676e+15,1.089823e+16,9.341344e+15,2.2857,2789.8577,3.598,4,0.4913,,coarse,B,1.9681,4.7630,2.5908,False,512,508,0.992203,,CO(2-1),2567.3294,3338.564,star,27.041,3.786,21.092,512,20260825,False,False,
HD 23484 Gaia DR3 4856592239127350400,HD 23484  Gaia DR3 4856592239127350400,6,A002_X10b33b1_Xf94,16.1696,231.574179,233.402304,15625000.0000,1828125000.0,2751.84,,1.55907,7.79544,3.810405e+15,7.620809e+15,1.016108e+16,8.709496e+15,2.2857,2789.8589,3.598,4,0.4913,,coarse,B,3.0606,4.7835,3.6941,False,512,136,0.267057,,CO(2-1),2520.5541,3277.738,star,27.041,3.786,21.092,512,20260825,False,False,
HD 23484 Gaia DR3 4856592239127350400,HD 23484  Gaia DR3 4856592239127350400,6,A002_X10b22d7_X1d34,16.1696,231.574210,233.402335,15625000.0000,1828125000.0,2751.84,,1.87214,9.36081,4.575553e+15,9.151106e+15,1.220147e+16,1.045841e+16,2.2857,2789.8593,3.598,4,0.4913,,coarse,B,2.7419,4.6696,3.3468,False,512,280,0.547758,,CO(2-1),1036.2099,1347.491,star,27.041,3.786,21.092,512,20260825,False,False,
HD 23484 Gaia DR3 4856592239127350400,HD 23484  Gaia DR3 4856592239127350400,6,A002_X10b0d7d_X323f,16.1696,231.574211,233.402336,15625000.0000,1828125000.0,2751.84,273,2.19191,10.95971,5.357092e+15,1.071418e+16,1.428558e+16,1.224480e+16,2.2857,2789.8593,3.598,4,0.4913,1.0000,coarse,B,2.1541,4.7888,3.3666,False,512,485,0.947368,233.324211,CO(2-1),2786.2105,3623.198,star,27.041,3.786,21.092,512,20260825,False,False,
HD 10647,HD 10647,6,A002_Xb39557_X3789,17.3488,229.673192,231.398290,488281.2500,1725097656.2,393.12,65,4.10657,20.53303,3.610543e+14,7.221085e+14,9.628114e+14,8.256655e+14,2.2868,2766.4289,3.598,10,2.227,0.9995,fine,A,4.3174,5.2538,5.0226,False,512,97,0.191033,230.895360,CO(2-1),357.3604,464.713,star,27.270,3.818,21.271,512,20260825,False,False,
HD 10647,HD 10647,6,A002_Xb3d48f_X26f7,17.3488,229.673509,231.398606,488281.2500,1725097656.2,393.12,,4.05867,20.29357,3.568436e+14,7.136872e+14,9.515830e+14,8.156426e+14,2.2857,2766.4327,3.598,10,2.227,,fine,A,4.0806,5.4323,5.1098,False,512,195,0.382066,,CO(2-1),377.2079,490.523,star,27.270,3.818,21.271,512,20260825,False,False,
HD 10647,HD 10647,6,A002_Xb39557_X3789,17.3488,244.122209,245.856584,15625000.0000,1734375000.0,520.13,86,0.65773,3.28869,1.850513e+15,3.701025e+15,4.934700e+15,4.229745e+15,2.2857,2939.8728,3.598,2,0.09786,1.0000,coarse,B,2.2157,4.5387,3.8333,False,512,410,0.801170,245.122209,CS(5-4),186.2086,227.912,star,25.661,3.593,20.016,512,20260825,False,False,
HD 10647,HD 10647,6,A002_Xb3d48f_X26f7,17.3488,244.122533,245.856908,15625000.0000,1734375000.0,520.13,,0.64974,3.24875,1.828038e+15,3.656077e+15,4.874769e+15,4.178373e+15,2.2857,2939.8766,3.598,2,0.09786,,coarse,B,2.4987,4.3269,3.8712,False,512,234,0.458090,,CS(5-4),405.2832,496.051,star,25.661,3.593,20.016,512,20260825,False,False,
HD 10647,HD 10647,6,A002_Xb39557_X3789,17.3488,246.122122,247.856497,15625000.0000,1734375000.0,520.13,86,0.70221,3.51107,1.975644e+15,3.951288e+15,5.268384e+15,4.515760e+15,2.2857,2963.8717,3.598,2,0.09866,1.0000,coarse,B,2.4023,4.6300,4.0535,False,512,299,0.584795,247.653372,CS(5-4),2717.3721,3325.961,star,25.453,3.563,19.854,512,20260825,False,False,
HD 10647,HD 10647,6,A002_Xb3d48f_X26f7,17.3488,246.122449,247.856824,15625000.0000,1734375000.0,520.13,,0.72073,3.60370,2.027767e+15,4.055535e+15,5.407379e+15,4.634897e+15,2.2857,2963.8756,3.598,2,0.09866,,coarse,B,2.5634,4.9461,3.8767,False,512,233,0.456140,,CS(5-4),1983.3243,2427.514,star,25.453,3.563,19.854,512,20260825,False,False,
HD 10647,HD 10647,7,A002_Xff99e1_X9cdf,17.3488,330.348025,332.188357,488281.2500,1840332031.2,2630.88,,21.50469,107.52553,1.890737e+15,3.781474e+15,5.041965e+15,4.321684e+15,2.2857,3975.2183,3.598,119,21.42,,fine,A,4.9016,5.6257,5.4144,False,512,97,0.191033,,CO(3-2),-14512.9160,-12582.166,star,18.978,2.657,14.803,512,20260825,False,False,
HD 10647,HD 10647,7,A002_Xff294f_Xc10b,17.3488,330.350193,332.190525,488281.2500,1840332031.2,2630.88,,29.73797,148.69261,2.614622e+15,5.229244e+15,6.972325e+15,5.976279e+15,2.2857,3975.2443,3.598,119,21.42,,fine,A,4.4976,5.4712,4.7416,False,512,373,0.729045,,CO(3-2),-15139.1660,-13125.102,star,18.978,2.657,14.803,512,20260825,False,False,
HD 10647,HD 10647,7,A002_Xff45a6_X13fc,17.3488,330.350299,332.190631,488281.2500,1840332031.2,2630.88,,19.90443,99.52400,1.750037e+15,3.500075e+15,4.666766e+15,4.000086e+15,2.2857,3975.2456,3.598,118,21.42,,fine,A,4.3651,6.3530,5.0580,False,512,431,0.842105,,CO(3-2),-15264.0606,-13233.381,star,18.978,2.657,14.803,512,20260825,False,False,
HD 10647,HD 10647,7,A002_Xff294f_Xaf70,17.3488,330.350395,332.190727,488281.2500,1840332031.2,2630.88,,24.64632,123.23385,2.166953e+15,4.333906e+15,5.778542e+15,4.953036e+15,2.2857,3975.2467,3.598,119,21.42,,fine,A,5.0843,6.0329,5.5027,False,512,59,0.116959,,CO(3-2),-14297.1671,-12395.120,star,18.978,2.657,14.803,512,20260825,True,False,
HD 10647,HD 10647,7,A002_Xff294f_X40a2,17.3488,330.350526,332.190858,488281.2500,1840332031.2,2630.88,,27.38409,136.92295,2.407663e+15,4.815327e+15,6.420436e+15,5.503231e+15,2.2857,3975.2483,3.598,119,21.42,,fine,A,4.5190,6.1413,5.1668,False,512,342,0.668616,,CO(3-2),-13846.3532,-12004.281,star,18.978,2.657,14.803,512,20260825,False,False,
HD 10647,HD 10647,7,A002_Xff294f_X2db6,17.3488,330.350741,332.191073,488281.2500,1840332031.2,2630.88,261,22.44545,112.22724,1.973412e+15,3.946824e+15,5.262432e+15,4.523173e+15,2.2921,3975.2509,3.598,119,21.42,0.9972,fine,A,5.3943,5.9286,5.4450,False,512,8,0.017544,331.497714,,,,star,18.978,2.657,14.803,512,20260825,True,False,
HD 10647,HD 10647,7,A002_Xfffde1_Xffdf,17.3488,330.403386,332.128483,488281.2500,1725097656.2,2298.24,,1.88715,9.43593,1.659221e+14,3.318442e+14,4.424589e+14,3.792505e+14,2.2857,3975.1912,3.598,93,18.71,,fine,A,4.2921,5.7216,5.6074,False,512,441,0.861598,,CO(3-2),-14335.9737,-12428.764,star,18.978,2.657,14.803,512,20260825,False,False,
HD 10647,HD 10647,7,A002_X1171dca_X5df0,17.3488,330.429839,332.154936,488281.2500,1725097656.2,2207.52,,3.15821,15.79144,2.776778e+14,5.553556e+14,7.404741e+14,6.346921e+14,2.2857,3975.5087,3.598,90,17.97,,fine,A,4.5743,5.6330,5.7197,True,512,220,0.430799,,CO(3-2),-13835.8879,-11995.208,star,18.976,2.657,14.802,512,20260825,False,False,
HD 10647,HD 10647,7,A002_Xfffde1_Xffdf,17.3488,332.244004,334.072129,15625000.0000,1828125000.0,3060.29,,0.26780,1.33902,7.534549e+14,1.506910e+15,2.009213e+15,1.722183e+15,2.2857,3997.8968,3.598,4,0.783,,coarse,B,2.6418,4.5491,4.3714,False,512,310,0.606238,,CO(3-2),-12020.7456,-10421.546,star,18.870,2.642,14.719,512,20260825,False,False,
HD 10647,HD 10647,7,A002_Xff99e1_X9cdf,17.3488,332.246228,334.074353,15625000.0000,1828125000.0,2630.88,,3.11173,15.55898,8.754887e+15,1.750977e+16,2.334637e+16,2.001117e+16,2.2857,3997.9235,3.598,5,0.6732,,coarse,B,3.3272,4.8570,4.0565,False,512,96,0.189084,,CO(3-2),-12784.1472,-11083.387,star,18.870,2.642,14.719,512,20260825,False,False,
HD 10647,HD 10647,7,A002_Xff294f_Xc10b,17.3488,332.248364,334.076489,15625000.0000,1828125000.0,2630.88,,4.24476,21.22419,1.194265e+16,2.388530e+16,3.184707e+16,2.729749e+16,2.2857,3997.9491,3.598,5,0.6732,,coarse,B,3.4344,4.3759,3.9545,False,512,47,0.093567,,CO(3-2),-11891.3864,-10309.396,star,18.870,2.642,14.718,512,20260825,False,False,
HD 10647,HD 10647,7,A002_Xff45a6_X13fc,17.3488,332.248467,334.076592,15625000.0000,1828125000.0,2630.88,,2.99144,14.95748,8.416428e+15,1.683286e+16,2.244381e+16,1.923755e+16,2.2857,3997.9504,3.598,5,0.6732,,coarse,B,2.2879,4.3291,3.1704,False,512,473,0.923977,,CO(3-2),-13281.9076,-11514.927,star,18.870,2.642,14.718,512,20260825,False,False,
HD 10647,HD 10647,7,A002_Xff294f_Xaf70,17.3488,332.248563,334.076688,15625000.0000,1828125000.0,2630.88,,3.59144,17.95752,1.010453e+16,2.020905e+16,2.694540e+16,2.309606e+16,2.2857,3997.9515,3.598,5,0.6732,,coarse,B,3.2126,4.0553,3.5914,False,512,101,0.198830,,CO(3-2),-13438.0624,-11650.308,star,18.870,2.642,14.718,512,20260825,False,False,
HD 10647,HD 10647,7,A002_Xff294f_X40a2,17.3488,332.248691,334.076816,15625000.0000,1828125000.0,2630.88,,3.91846,19.59265,1.102460e+16,2.204919e+16,2.939893e+16,2.519908e+16,2.2857,3997.9530,3.598,5,0.6732,,coarse,B,3.9097,4.8506,4.7480,False,512,24,0.048733,,CO(3-2),-13234.8090,-11474.094,star,18.870,2.642,14.718,512,20260825,False,False,
HD 10647,HD 10647,7,A002_X1171dca_X5df0,17.3488,332.270064,334.098189,15625000.0000,1828125000.0,2969.57,,0.41645,2.08232,1.171702e+15,2.343405e+15,3.124540e+15,2.678177e+15,2.2857,3998.2095,3.598,4,0.7599,,coarse,B,3.4631,4.2089,3.9634,False,512,39,0.077973,,CO(3-2),-11744.6856,-10182.212,star,18.869,2.642,14.718,512,20260825,False,False,
HD 10647,HD 10647,7,A002_Xcf749a_X36e0,17.3488,332.919200,334.653575,15625000.0000,1734375000.0,3024.00,,0.29896,1.49486,8.411407e+14,1.682281e+15,2.243042e+15,1.922607e+15,2.2857,4005.4367,3.598,5,0.7752,,coarse,B,3.3882,4.2616,4.3842,False,512,72,0.142300,,CO(3-2),-11954.9246,-10364.481,star,18.835,2.637,14.691,512,20260825,False,False,
HD 10647,HD 10647,7,A002_Xcf0c6b_X6513,17.3488,332.920420,334.654795,15625000.0000,1734375000.0,3278.02,542,0.31181,1.55910,8.772923e+14,1.754585e+15,2.339446e+15,2.005241e+15,2.2857,4005.4513,3.598,5,0.8403,1.0000,coarse,B,1.7562,4.4183,4.1347,False,512,511,0.998051,334.482920,CO(3-2),-11313.0796,-9808.025,star,18.835,2.637,14.691,512,20260825,False,False,
HD 10647,HD 10647,7,A002_Xb54d65_X727,17.3488,332.949870,334.684245,15625000.0000,1734375000.0,393.12,,1.03943,5.19733,2.924488e+15,5.848976e+15,7.798635e+15,6.684544e+15,2.2857,4005.8047,3.598,2,0.1008,,coarse,B,2.3642,4.3063,4.3468,False,512,314,0.614035,,CO(3-2),-11361.7551,-9850.225,star,18.833,2.637,14.690,512,20260825,False,False,
HD 10647,HD 10647,7,A002_Xcf749a_X36e0,17.3488,334.814700,336.549075,15625000.0000,1734375000.0,3024.00,,0.26688,1.33444,7.508754e+14,1.501751e+15,2.002334e+15,1.716287e+15,2.2857,4028.1827,3.598,5,0.7796,,coarse,B,3.1776,4.5259,3.7958,False,512,97,0.191033,,CO(3-2),-9965.6746,-8639.875,star,18.728,2.622,14.608,512,20260825,False,False,
HD 10647,HD 10647,7,A002_Xcf0c6b_X6513,17.3488,334.815920,336.550295,15625000.0000,1734375000.0,3278.02,542,0.27219,1.36100,7.658189e+14,1.531638e+15,2.042184e+15,1.750445e+15,2.2857,4028.1973,3.598,5,0.8451,1.0000,coarse,B,3.0894,4.1807,3.8733,False,512,127,0.249513,336.519045,CO(3-2),-9276.9546,-8042.780,star,18.728,2.622,14.608,512,20260825,False,False,
HD 10647,HD 10647,7,A002_Xb54d65_X727,17.3488,334.907870,336.642245,15625000.0000,1734375000.0,393.12,,0.89800,4.49012,2.526550e+15,5.053100e+15,6.737466e+15,5.774971e+15,2.2857,4029.3007,3.598,2,0.1014,,coarse,B,2.3488,4.1782,3.8310,False,512,336,0.656920,,CO(3-2),-9903.7551,-8586.193,star,18.723,2.621,14.604,512,20260825,False,False,
HD 10647,HD 10647,7,A002_Xfffde1_Xffdf,17.3488,342.292740,344.120865,15625000.0000,1828125000.0,3060.29,,0.26360,1.31801,7.416336e+14,1.483267e+15,1.977689e+15,1.695162e+15,2.2857,4118.4816,3.598,4,0.8066,,coarse,B,2.2532,4.2564,3.6517,False,512,465,0.908382,,CO(3-2),-2972.0104,-2576.624,star,18.318,2.564,14.288,512,20260825,False,False,
HD 10647,HD 10647,7,A002_Xff99e1_X9cdf,17.3488,342.295026,344.123151,15625000.0000,1828125000.0,2630.88,,2.96270,14.81380,8.335583e+15,1.667117e+16,2.222822e+16,1.905276e+16,2.2857,4118.5091,3.598,5,0.6935,,coarse,B,3.1996,4.4674,3.5196,False,512,89,0.175439,,CO(3-2),-3391.5988,-2940.392,star,18.317,2.564,14.288,512,20260825,False,False,
HD 10647,HD 10647,7,A002_Xff294f_Xc10b,17.3488,342.297226,344.125351,15625000.0000,1828125000.0,2630.88,,3.99233,19.96202,1.123244e+16,2.246488e+16,2.995317e+16,2.567415e+16,2.2857,4118.5355,3.598,5,0.6935,,coarse,B,2.7688,4.7149,3.6113,False,512,282,0.551657,,CO(3-2),-2358.1486,-2044.428,star,18.317,2.564,14.288,512,20260825,False,False,
HD 10647,HD 10647,7,A002_Xff45a6_X13fc,17.3488,342.297333,344.125458,15625000.0000,1828125000.0,2630.88,,2.96170,14.80882,8.332780e+15,1.666556e+16,2.222075e+16,1.904636e+16,2.2857,4118.5368,3.598,5,0.6935,,coarse,B,3.5274,4.1321,4.0865,False,512,25,0.050682,,CO(3-2),-2967.4167,-2572.641,star,18.317,2.564,14.288,512,20260825,False,False,
HD 10647,HD 10647,7,A002_Xff294f_Xaf70,17.3488,342.297431,344.125556,15625000.0000,1828125000.0,2630.88,,3.49405,17.47058,9.830529e+15,1.966106e+16,2.621475e+16,2.246978e+16,2.2857,4118.5379,3.598,5,0.6935,,coarse,B,3.0560,4.1826,3.7673,False,512,133,0.261209,,CO(3-2),-2826.6936,-2450.640,star,18.317,2.564,14.288,512,20260825,False,False,
HD 10647,HD 10647,7,A002_Xff294f_X40a2,17.3488,342.297564,344.125689,15625000.0000,1828125000.0,2630.88,,3.71409,18.57083,1.044963e+16,2.089926e+16,2.786567e+16,2.388486e+16,2.2857,4118.5395,3.598,5,0.6935,,coarse,B,3.0908,4.4226,3.4778,False,512,140,0.274854,,CO(3-2),-2217.1864,-1922.219,star,18.317,2.564,14.288,512,20260825,False,False,
HD 10647,HD 10647,7,A002_X1171dca_X5df0,17.3488,342.319586,344.147711,15625000.0000,1828125000.0,2969.57,,0.38622,1.93116,1.086645e+15,2.173290e+15,2.897720e+15,2.483760e+15,2.2857,4118.8038,3.598,4,0.7828,,coarse,B,2.8068,4.6578,4.2217,False,512,247,0.483431,,CO(3-2),-1695.1644,-1469.645,star,18.316,2.564,14.287,512,20260825,False,False,
HD 10647,HD 10647,7,A002_Xff99e1_X9cdf,17.3488,344.181022,346.021354,488281.2500,1840332031.2,2630.88,,19.07749,95.38948,1.677336e+15,3.354671e+15,4.472895e+15,3.833910e+15,2.2857,4141.2143,3.598,124,22.31,,fine,A,5.0173,6.2310,5.5078,False,512,69,0.136452,,CO(3-2),-90.0761,-78.093,star,18.217,2.550,14.209,512,20260825,True,False,
HD 10647,HD 10647,7,A002_Xff294f_Xc10b,17.3488,344.183190,346.023522,488281.2500,1840332031.2,2630.88,,25.80918,129.04849,2.269198e+15,4.538396e+15,6.051195e+15,5.186739e+15,2.2857,4141.2403,3.598,124,22.31,,fine,A,5.0385,5.8776,5.4970,False,512,54,0.107212,,CO(3-2),-1446.3065,-1253.895,star,18.217,2.550,14.209,512,20260825,True,False,
HD 10647,HD 10647,7,A002_Xff45a6_X13fc,17.3488,344.183295,346.023627,488281.2500,1840332031.2,2630.88,,19.29395,96.47171,1.696366e+15,3.392732e+15,4.523642e+15,3.877408e+15,2.2857,4141.2415,3.598,123,22.31,,fine,A,4.8039,6.2215,5.1781,False,512,157,0.307992,,CO(3-2),-1014.0723,-879.163,star,18.217,2.550,14.209,512,20260825,False,False,
HD 10647,HD 10647,7,A002_Xff294f_Xaf70,17.3488,344.183392,346.023724,488281.2500,1840332031.2,2630.88,,22.81279,114.06625,2.005749e+15,4.011499e+15,5.348665e+15,4.584570e+15,2.2857,4141.2427,3.598,124,22.31,,fine,A,4.6216,5.7784,4.8610,False,512,270,0.528265,,CO(3-2),-1039.3662,-901.092,star,18.217,2.550,14.209,512,20260825,False,False,
HD 10647,HD 10647,7,A002_Xff294f_X40a2,17.3488,344.183522,346.023854,488281.2500,1840332031.2,2630.88,,24.06071,120.30597,2.115469e+15,4.230938e+15,5.641251e+15,4.835358e+15,2.2857,4141.2443,3.598,124,22.31,,fine,A,4.6050,5.8958,5.2716,False,512,280,0.547758,,CO(3-2),-272.1461,-235.941,star,18.217,2.550,14.209,512,20260825,False,False,
HD 10647,HD 10647,7,A002_Xfffde1_Xffdf,17.3488,344.236386,345.961483,488281.2500,1725097656.2,2298.24,,1.81853,9.09286,1.598895e+14,3.197790e+14,4.263720e+14,3.654617e+14,2.2857,4141.1872,3.598,96,19.49,,fine,A,4.3901,5.7595,5.5977,False,512,362,0.707602,,CO(3-2),-383.3448,-332.346,star,18.217,2.550,14.209,512,20260825,False,False,
HD 10647,HD 10647,7,A002_X1171dca_X5df0,17.3488,344.262839,345.987936,488281.2500,1725097656.2,2207.52,,2.62994,13.15003,2.312311e+14,4.624622e+14,6.166162e+14,5.285282e+14,2.2857,4141.5047,3.598,94,18.72,,fine,A,4.8491,6.0896,5.7489,False,512,67,0.132554,,CO(3-2),-1291.9504,-1120.074,star,18.216,2.550,14.208,512,20260825,False,False,
HD 10647,HD 10647,7,A002_Xcf749a_X36e0,17.3488,344.923839,346.648937,488281.2500,1725097656.2,2388.96,,1.62157,8.10814,1.425742e+14,2.851484e+14,3.801979e+14,3.258839e+14,2.2857,4149.4367,3.598,103,20.3,,fine,A,4.5214,5.8552,5.9021,True,512,279,0.545809,,CO(3-2),42.8781,37.174,star,18.181,2.545,14.181,512,20260825,False,False,
HD 10647,HD 10647,7,A002_Xcf0c6b_X6513,17.3488,344.925059,346.650157,488281.2500,1725097656.2,2388.96,395,1.69399,8.47019,1.489405e+14,2.978811e+14,3.971747e+14,3.408056e+14,2.2882,4149.4513,3.598,107,20.3,0.9989,fine,A,4.3416,5.9759,5.2177,False,512,421,0.822612,345.892832,CO(3-2),96.8325,83.950,star,18.181,2.545,14.181,512,20260825,False,False,
HD 10647,HD 10647,7,A002_Xb54d65_X727,17.3488,344.954509,346.679606,488281.2500,1725097656.2,393.12,,6.24391,31.22064,5.489861e+14,1.097972e+15,1.463963e+15,1.254825e+15,2.2857,4149.8047,3.598,15,3.341,,fine,A,4.2254,5.7628,5.0834,False,512,156,0.306043,,CO(3-2),-594.4211,-515.341,star,18.179,2.545,14.180,512,20260825,False,False,
HD 10647,HD 10647,7,A002_Xcf749a_X36e0,17.3488,346.814700,348.549075,15625000.0000,1734375000.0,3024.00,,0.31363,1.56821,8.824175e+14,1.764835e+15,2.353113e+15,2.016954e+15,2.2857,4172.1827,3.598,5,0.8075,,coarse,B,3.0284,4.6269,3.4320,False,512,156,0.306043,,CO(3-2),1799.9504,1560.491,star,18.082,2.531,14.104,512,20260825,False,False,
HD 10647,HD 10647,7,A002_Xcf0c6b_X6513,17.3488,346.815920,348.550295,15625000.0000,1734375000.0,3278.02,542,0.31693,1.58469,8.916895e+14,1.783379e+15,2.377839e+15,2.038150e+15,2.2857,4172.1973,3.598,5,0.8753,1.0000,coarse,B,2.4460,4.5134,4.6548,False,512,407,0.795322,347.237795,CO(3-2),1441.7954,1249.984,star,18.082,2.531,14.104,512,20260825,False,False,
HD 10647,HD 10647,7,A002_Xb54d65_X727,17.3488,346.949870,348.684245,15625000.0000,1734375000.0,393.12,,1.07326,5.36647,3.019662e+15,6.039325e+15,8.052433e+15,6.902086e+15,2.2857,4173.8047,3.598,2,0.105,,coarse,B,2.8915,4.6304,3.9817,False,512,102,0.200780,,CO(3-2),1278.8699,1108.733,star,18.075,2.530,14.098,512,20260825,False,False,
* g Lup,* g Lup,6,A002_Xb2f730_X5b37,17.3986,229.691625,231.416722,488281.2500,1725097656.2,393.12,,3.41391,17.06959,3.018792e+14,6.037584e+14,8.050112e+14,6.900096e+14,2.2857,2766.6501,3.598,10,2.227,,fine,A,3.9617,5.8080,5.2682,False,512,301,0.588694,,CO(2-1),433.8982,564.243,star,27.268,3.818,21.269,512,20260825,False,False,
* g Lup,* g Lup,6,A002_Xb2f730_X5b37,17.3986,231.640699,233.375074,15625000.0000,1734375000.0,520.13,,0.51712,2.58560,1.463259e+15,2.926517e+15,3.902023e+15,3.344591e+15,2.2857,2790.0946,3.598,2,0.09288,,coarse,B,2.3431,4.5675,4.1394,False,512,321,0.627680,,CO(2-1),1555.8237,2023.199,star,27.039,3.785,21.090,512,20260825,False,False,
* g Lup,* g Lup,6,A002_Xb2f730_X5b37,17.3986,244.141123,245.875498,15625000.0000,1734375000.0,520.13,,0.57328,2.86639,1.622168e+15,3.244336e+15,4.325781e+15,3.707813e+15,2.2857,2940.0997,3.598,2,0.09787,,coarse,B,1.9764,4.2244,3.9183,False,512,475,0.927875,,CS(5-4),486.3727,595.302,star,25.659,3.592,20.014,512,20260825,False,False,
* g Lup,* g Lup,6,A002_Xb2f730_X5b37,17.3986,246.141191,247.875566,15625000.0000,1734375000.0,520.13,,0.62914,3.14571,1.780242e+15,3.560483e+15,4.747311e+15,4.069124e+15,2.2857,2964.1005,3.598,2,0.09867,,coarse,B,2.7206,4.3182,3.6572,False,512,151,0.296296,,CS(5-4),1845.8156,2259.209,star,25.451,3.563,19.852,512,20260825,False,False,
HD 139664,HD 139664,6,A002_Xb2e94e_X361a,17.3986,229.692208,231.417306,488281.2500,1725097656.2,393.12,65,2.88110,14.40556,2.547652e+14,5.095304e+14,6.793739e+14,5.826018e+14,2.2868,2766.6571,3.598,10,2.227,0.9995,fine,A,4.1182,5.5608,5.1659,False,512,192,0.376218,230.059396,CO(2-1),-478.6042,-622.379,star,27.268,3.817,21.269,512,20260825,False,False,
HD 139664,HD 139664,6,A002_Xb2e94e_X361a,17.3986,244.141722,245.876097,15625000.0000,1734375000.0,520.13,86,0.44590,2.22950,1.261730e+15,2.523461e+15,3.364615e+15,2.883957e+15,2.2857,2940.1069,3.598,2,0.09787,1.0000,coarse,B,2.4794,4.3570,4.3575,False,512,266,0.520468,245.547972,CS(5-4),611.9715,749.030,star,25.659,3.592,20.014,512,20260825,False,False,
HD 139664,HD 139664,6,A002_Xb2e94e_X361a,17.3986,246.141794,247.876169,15625000.0000,1734375000.0,520.13,86,0.50523,2.52614,1.429608e+15,2.859215e+15,3.812287e+15,3.267676e+15,2.2857,2964.1078,3.598,2,0.09867,1.0000,coarse,B,2.4508,4.2241,4.0156,False,512,274,0.536062,246.594919,CS(5-4),1658.9192,2030.455,star,25.451,3.563,19.852,512,20260825,False,False,
* eta Crv,* eta Crv,7,A002_X75bfbf_X1430,18.2437,332.967988,334.702363,15625000.0000,1734375000.0,786.24,,1.22007,6.11892,3.807426e+15,7.614851e+15,1.015313e+16,8.702687e+15,2.2857,4006.0221,3.598,5,0.2016,,coarse,B,2.4705,4.8180,4.2256,False,512,419,0.818713,,CO(3-2),-11484.2619,-9956.434,star,18.832,2.636,14.689,512,20260825,False,False,
* eta Crv,* eta Crv,7,A002_X75bfbf_X1430,18.2437,334.862388,336.596763,15625000.0000,1734375000.0,786.24,,1.06306,5.33168,3.317574e+15,6.635149e+15,8.846865e+15,7.583027e+15,2.2857,4028.7549,3.598,5,0.2027,,coarse,B,2.4993,4.6530,3.8366,False,512,397,0.775828,,CO(3-2),-9230.4873,-8002.494,star,18.726,2.622,14.606,512,20260825,False,False,
* eta Crv,* eta Crv,7,A002_X75bfbf_X1430,18.2437,344.971526,346.696624,488281.2500,1725097656.2,786.24,,6.43179,32.26404,6.273721e+14,1.254744e+15,1.672992e+15,1.433993e+15,2.2857,4150.0089,3.598,106,6.682,,fine,A,5.0126,5.6759,5.3858,False,512,41,0.081871,,CO(3-2),-255.6260,-221.618,star,18.178,2.545,14.179,512,20260825,True,False,
* eta Crv,* eta Crv,7,A002_X75bfbf_X1430,18.2437,346.669432,348.403807,15625000.0000,1734375000.0,786.24,,1.19412,5.99029,3.727382e+15,7.454763e+15,9.939684e+15,8.519729e+15,2.2857,4170.4394,3.598,5,0.2099,,coarse,B,2.8882,4.4303,4.3678,False,512,206,0.403509,,CO(3-2),1076.5568,933.335,star,18.089,2.533,14.110,512,20260825,False,False,
eta Crv,eta Crv,7,A002_X122b6ff_X1041e,18.2437,342.474130,344.199228,488281.2500,1725097656.2,423.36,,3.40408,17.02059,3.309642e+14,6.619284e+14,8.825712e+14,7.564896e+14,2.2857,4120.0401,3.598,19,3.572,,fine,A,3.9730,5.3381,5.1029,False,512,387,0.756335,,CO(3-2),-2915.6198,-2527.736,star,18.311,2.563,14.282,512,20260825,False,False,
eta Crv,eta Crv,7,A002_X11e10bc_X12662,18.2437,342.482582,344.207680,488281.2500,1725097656.2,2842.56,470,1.51385,7.56935,1.471855e+14,2.943710e+14,3.924947e+14,3.367846e+14,2.2882,4120.1416,3.598,148,23.99,0.9989,fine,A,4.8902,5.5627,5.8690,True,512,114,0.224172,343.339516,CO(3-2),-2456.4845,-2129.682,star,18.310,2.563,14.282,512,20260825,False,False,
eta Crv,eta Crv,7,A002_X11e10bc_X12662,18.2437,345.768158,345.822052,61035.1562,53894043.0,2842.56,470,3.58969,17.94871,4.362642e+13,8.725284e+13,1.163371e+14,1.070035e+14,2.4527,4149.5413,3.598,1186,193.3,0.9319,fine,A,4.8275,6.1402,5.5082,False,512,223,0.436647,345.811004,CO(3-2),15.0043,13.008,star,18.180,2.545,14.181,512,20260825,False,False,
eta Crv,eta Crv,7,A002_X122b6ff_X1041e,18.2437,345.805940,345.859834,61035.1562,53894043.0,423.36,,8.21088,41.05489,9.978869e+13,1.995774e+14,2.661032e+14,2.280884e+14,2.2857,4149.9946,3.598,145,28.79,,fine,A,4.0915,5.7408,5.4157,False,512,413,0.807018,,CO(3-2),26.1758,22.693,star,18.179,2.545,14.179,512,20260825,False,False,
eta Crv,eta Crv,7,A002_X11e10bc_X12662,18.2437,354.315582,356.040680,488281.2500,1725097656.2,2842.56,470,1.64562,8.22826,1.599979e+14,3.199959e+14,4.266612e+14,3.661291e+14,2.2883,4262.1376,3.598,154,24.81,0.9989,fine,A,4.5308,5.8356,5.9212,True,512,340,0.664717,355.495758,CO(3-2),9699.7577,8409.334,star,17.700,2.478,13.806,512,20260825,False,False,
eta Crv,eta Crv,7,A002_X122b6ff_X1041e,18.2437,354.395914,356.121012,488281.2500,1725097656.2,423.36,,3.62129,18.10666,3.520827e+14,7.041654e+14,9.388872e+14,8.047604e+14,2.2857,4263.1016,3.598,20,3.696,,fine,A,4.1520,5.3544,5.1362,False,512,271,0.530214,,CO(3-2),9378.7227,8131.009,star,17.696,2.477,13.803,512,20260825,False,False,
eta Crv,eta Crv,7,A002_X11e10bc_X12662,18.2437,356.190582,357.915680,488281.2500,1725097656.2,2842.56,470,1.85301,9.26519,1.801609e+14,3.603218e+14,4.804290e+14,4.122736e+14,2.2884,4284.6376,3.598,154,24.94,0.9988,fine,A,4.2364,5.8427,5.9162,True,512,499,0.974659,356.954742,CO(3-2),11158.7421,9674.220,star,17.607,2.465,13.734,512,20260825,False,False,
eta Crv,eta Crv,7,A002_X122b6ff_X1041e,18.2437,356.275605,358.000702,488281.2500,1725097656.2,423.36,,4.09743,20.48739,3.983760e+14,7.967519e+14,1.062336e+15,9.105736e+14,2.2857,4285.6578,3.598,20,3.716,,fine,A,5.0059,5.4991,5.3508,False,512,11,0.023392,,CO(3-2),11485.4640,9957.476,star,17.603,2.464,13.730,512,20260825,True,False,
eta Crv,eta Crv,8,A002_X128b034_X11ca9,18.2437,479.266358,481.094483,15625000.0000,1828125000.0,3072.38,,9.50427,47.52380,2.957110e+16,5.914221e+16,7.885627e+16,6.759109e+16,2.2857,5762.1650,3.598,6,1.133,,coarse,B,3.5532,5.4847,4.0344,False,512,41,0.081871,,CO(4-3),18881.6076,12277.788,star,13.092,1.833,10.212,512,20260825,False,False,
eta Crv,eta Crv,8,A002_X12277ed_X22e53,18.2437,479.339378,481.167503,15625000.0000,1828125000.0,3072.38,508,19.54148,97.70959,6.079860e+16,1.215972e+17,1.621296e+17,1.389685e+17,2.2857,5763.0413,3.598,6,1.133,1.0000,coarse,B,2.7820,4.5786,3.5238,False,512,281,0.549708,480.230003,CO(4-3),19189.0032,12477.672,star,13.090,1.833,10.211,512,20260825,False,False,
eta Crv,eta Crv,8,A002_X122b6ff_X18e15,18.2437,479.339436,481.167561,15625000.0000,1828125000.0,3072.38,,11.52324,57.61751,3.585179e+16,7.170358e+16,9.560478e+16,8.194695e+16,2.2857,5763.0420,3.598,6,1.133,,coarse,B,2.1916,4.3092,3.9457,False,512,496,0.968811,,CO(4-3),18439.0607,11990.021,star,13.090,1.833,10.211,512,20260825,False,False,
eta Crv,eta Crv,8,A002_X128b034_X11ca9,18.2437,481.161858,482.989983,15625000.0000,1828125000.0,3072.38,,9.50827,47.54379,2.958354e+16,5.916709e+16,7.888945e+16,6.761953e+16,2.2857,5784.9110,3.598,6,1.138,,coarse,B,3.1728,4.5682,4.2023,False,512,121,0.237817,,CO(4-3),21839.6076,14201.231,star,13.041,1.826,10.172,512,20260825,False,False,
eta Crv,eta Crv,8,A002_X12277ed_X22e53,18.2437,481.234878,483.063003,15625000.0000,1828125000.0,3072.38,508,19.68798,98.44216,6.125443e+16,1.225089e+17,1.633451e+17,1.400104e+17,2.2857,5785.7873,3.598,6,1.138,1.0000,coarse,B,2.7812,4.2874,3.4408,False,512,282,0.551657,482.828628,CO(4-3),21787.6282,14167.431,star,13.039,1.825,10.170,512,20260825,False,False,
eta Crv,eta Crv,8,A002_X122b6ff_X18e15,18.2437,481.234936,483.063061,15625000.0000,1828125000.0,3072.38,,11.67856,58.39416,3.633505e+16,7.267010e+16,9.689346e+16,8.305154e+16,2.2857,5785.7880,3.598,6,1.138,,coarse,B,2.5113,5.3043,3.4283,False,512,397,0.775828,,CO(4-3),21803.3107,14177.629,star,13.039,1.825,10.170,512,20260825,False,False,
eta Crv,eta Crv,8,A002_X128b034_X11ca9,18.2437,492.111272,492.165166,61035.1562,53894043.0,2056.32,,185.16624,925.88101,2.250461e+15,4.500923e+15,6.001230e+15,5.143912e+15,2.2857,5905.6586,3.598,1092,199,,fine,A,4.4993,5.7359,5.5408,False,512,453,0.884990,,CO(4-3),31111.4100,20230.231,star,12.774,1.788,9.964,512,20260825,False,False,
eta Crv,eta Crv,8,A002_X12277ed_X22e53,18.2437,492.185959,492.239853,61035.1562,53894043.0,2056.32,340,260.31744,1301.61806,3.163734e+15,6.327468e+15,8.436624e+15,8.360335e+15,2.6426,5906.5549,3.598,1109,199,0.8650,fine,A,4.8289,5.9262,5.3127,False,512,234,0.458090,492.200607,CO(4-3),31159.6070,20261.571,star,12.772,1.788,9.962,512,20260825,False,False,
eta Crv,eta Crv,8,A002_X122b6ff_X18e15,18.2437,492.186016,492.239910,61035.1562,53894043.0,2056.32,,227.82353,1139.14478,2.768824e+15,5.537647e+15,7.383530e+15,6.328740e+15,2.2857,5906.5556,3.598,1091,199,,fine,A,4.8454,6.2281,5.5169,False,512,192,0.376218,,CO(4-3),31175.7778,20272.087,star,12.772,1.788,9.962,512,20260825,False,False,
eta Crv,eta Crv,8,A002_X128b034_X11ca9,18.2437,493.223415,495.051540,15625000.0000,1828125000.0,3072.38,,11.65537,58.27999,3.626401e+16,7.252802e+16,9.670403e+16,8.288917e+16,2.2857,5929.6497,3.598,6,1.166,,coarse,B,4.5229,4.5917,4.6088,False,512,1,0.003899,,CO(4-3),33026.1647,21475.303,star,12.723,1.781,9.924,512,20260825,False,False,
eta Crv,eta Crv,8,A002_X12277ed_X22e53,18.2437,493.297378,495.125503,15625000.0000,1828125000.0,3072.38,508,22.82505,114.12800,7.101475e+16,1.420295e+17,1.893727e+17,1.623198e+17,2.2857,5930.5373,3.598,6,1.166,1.0000,coarse,B,2.4801,4.7137,3.1147,False,512,420,0.820663,494.578628,CO(4-3),33537.6282,21807.883,star,12.721,1.781,9.922,512,20260825,False,False,
eta Crv,eta Crv,8,A002_X122b6ff_X18e15,18.2437,493.297436,495.125561,15625000.0000,1828125000.0,3072.38,,15.46437,77.32373,4.811374e+16,9.622749e+16,1.283033e+17,1.099743e+17,2.2857,5930.5380,3.598,6,1.166,,coarse,B,3.0150,4.6327,3.5631,False,512,180,0.352827,,CO(4-3),33725.1857,21929.842,star,12.721,1.781,9.922,512,20260825,False,False,
HD53143 Gaia DR3 5479222240596469632,HD53143  Gaia DR3 5479222240596469632,6,A002_X10a341d_X82d2,18.3401,214.565578,216.393703,15625000.0000,1828125000.0,2509.92,249,2.68686,13.43442,8.448015e+15,1.689603e+16,2.252804e+16,1.930977e+16,2.2857,2585.7557,3.598,4,0.4154,1.0000,coarse,B,3.0981,3.9408,3.9199,False,512,81,0.159844,216.018703,SiO(5-4),-1086.2973,-1500.029,star,29.175,4.085,22.757,512,20260825,False,False,
HD53143 Gaia DR3 5479222240596469632,HD53143  Gaia DR3 5479222240596469632,6,A002_X10a341d_Xdc45,18.3401,214.565622,216.393747,15625000.0000,1828125000.0,453.60,,5.17801,25.89032,1.628071e+16,3.256142e+16,4.341522e+16,3.721305e+16,2.2857,2585.7562,3.598,2,0.07507,,coarse,B,2.6173,4.1903,3.1165,False,512,219,0.428850,,SiO(5-4),-2320.6280,-3204.471,star,29.175,4.085,22.757,512,20260825,False,False,
HD53143 Gaia DR3 5479222240596469632,HD53143  Gaia DR3 5479222240596469632,6,A002_X10a513c_X3b99,18.3401,214.565682,216.393807,15625000.0000,1828125000.0,2509.92,,2.95557,14.77800,9.292902e+15,1.858580e+16,2.478107e+16,2.124092e+16,2.2857,2585.7569,3.598,4,0.4154,,coarse,B,2.4957,4.4980,3.1859,False,512,361,0.705653,,SiO(5-4),-1211.1929,-1672.493,star,29.175,4.085,22.757,512,20260825,False,False,
HD53143 Gaia DR3 5479222240596469632,HD53143  Gaia DR3 5479222240596469632,6,A002_X10a513c_X389e,18.3401,214.565726,216.393851,15625000.0000,1828125000.0,2509.92,,2.50190,12.50963,7.866480e+15,1.573296e+16,2.097728e+16,1.798052e+16,2.2857,2585.7575,3.598,4,0.4154,,coarse,B,2.7077,4.2918,3.0430,False,512,221,0.432749,,SiO(5-4),-2351.7741,-3247.480,star,29.175,4.085,22.757,512,20260825,False,False,
HD53143 Gaia DR3 5479222240596469632,HD53143  Gaia DR3 5479222240596469632,6,A002_X10b33b1_X2700,18.3401,214.566714,216.394839,15625000.0000,1828125000.0,2509.92,,2.21318,11.06602,6.958686e+15,1.391737e+16,1.855650e+16,1.590557e+16,2.2857,2585.7693,3.598,4,0.4154,,coarse,B,3.2340,4.3272,3.2340,False,512,56,0.111111,,SiO(5-4),-2444.5355,-3375.571,star,29.175,4.085,22.757,512,20260825,False,False,
HD53143 Gaia DR3 5479222240596469632,HD53143  Gaia DR3 5479222240596469632,6,A002_X10b33b1_X1ca0,18.3401,214.566812,216.394937,15625000.0000,1828125000.0,2509.92,,1.66799,8.34003,5.244494e+15,1.048899e+16,1.398532e+16,1.198741e+16,2.2857,2585.7705,3.598,4,0.4154,,coarse,B,3.8071,4.0151,4.0048,False,512,7,0.015595,,SiO(5-4),-2288.1882,-3159.676,star,29.175,4.085,22.757,512,20260825,False,False,
HD53143 Gaia DR3 5479222240596469632,HD53143  Gaia DR3 5479222240596469632,6,A002_X10a341d_X82d2,18.3401,216.565578,218.393703,15625000.0000,1828125000.0,2509.92,249,2.69972,13.49874,8.488461e+15,1.697692e+16,2.263590e+16,1.940222e+16,2.2857,2609.7557,3.598,4,0.4192,1.0000,coarse,B,2.7932,4.6209,3.6632,False,512,255,0.499025,217.862453,H2CO,-359.5473,,star,28.907,4.047,22.548,512,20260825,False,False,
HD53143 Gaia DR3 5479222240596469632,HD53143  Gaia DR3 5479222240596469632,6,A002_X10a341d_Xdc45,18.3401,216.565622,218.393747,15625000.0000,1828125000.0,453.60,,4.97560,24.87824,1.564428e+16,3.128855e+16,4.171807e+16,3.575835e+16,2.2857,2609.7562,3.598,2,0.07576,,coarse,B,3.0008,4.1367,3.8916,False,512,95,0.187135,,H2CO,-406.3780,,star,28.907,4.047,22.548,512,20260825,False,False,
HD53143 Gaia DR3 5479222240596469632,HD53143  Gaia DR3 5479222240596469632,6,A002_X10a513c_X3b99,18.3401,216.565682,218.393807,15625000.0000,1828125000.0,2509.92,,2.93473,14.67379,9.227373e+15,1.845475e+16,2.460633e+16,2.109114e+16,2.2857,2609.7569,3.598,4,0.4192,,coarse,B,3.4626,4.1828,3.6803,False,512,33,0.066277,,H2CO,-250.0679,,star,28.907,4.047,22.548,512,20260825,False,False,
HD53143 Gaia DR3 5479222240596469632,HD53143  Gaia DR3 5479222240596469632,6,A002_X10a513c_X389e,18.3401,216.565726,218.393851,15625000.0000,1828125000.0,2509.92,,2.46908,12.34554,7.763292e+15,1.552658e+16,2.070211e+16,1.774467e+16,2.2857,2609.7575,3.598,4,0.4192,,coarse,B,3.0664,4.2947,3.1553,False,512,106,0.208577,,H2CO,78.1009,,star,28.907,4.047,22.548,512,20260825,False,False,
HD53143 Gaia DR3 5479222240596469632,HD53143  Gaia DR3 5479222240596469632,6,A002_X10b33b1_X2700,18.3401,216.566714,218.394839,15625000.0000,1828125000.0,2509.92,,2.15322,10.76620,6.770148e+15,1.354030e+16,1.805373e+16,1.547462e+16,2.2857,2609.7693,3.598,4,0.4192,,coarse,B,3.3000,4.5076,3.7777,False,512,52,0.103314,,SiO(5-4),383.5895,529.685,star,28.907,4.047,22.547,512,20260825,False,False,
HD53143 Gaia DR3 5479222240596469632,HD53143  Gaia DR3 5479222240596469632,6,A002_X10b33b1_X1ca0,18.3401,216.566812,218.394937,15625000.0000,1828125000.0,2509.92,,1.62029,8.10154,5.094522e+15,1.018904e+16,1.358539e+16,1.164462e+16,2.2857,2609.7705,3.598,4,0.4192,,coarse,B,2.8779,4.5505,3.1780,False,512,187,0.366472,,H2CO,-389.5632,,star,28.907,4.047,22.547,512,20260825,False,False,
HD53143 Gaia DR3 5479222240596469632,HD53143  Gaia DR3 5479222240596469632,6,A002_X10a341d_X82d2,18.3401,229.601226,231.442047,976562.5000,1840820312.5,2509.92,249,14.46534,72.32754,2.842625e+15,3.790166e+15,5.685249e+15,3.791437e+15,1.3338,2766.2596,3.598,36,7.11,0.9997,fine,A,4.1979,5.5343,5.0136,False,512,295,0.576998,229.680328,CO(2-1),-857.6722,-1115.320,star,27.272,3.818,21.272,512,20260825,False,False,
HD53143 Gaia DR3 5479222240596469632,HD53143  Gaia DR3 5479222240596469632,6,A002_X10a341d_Xdc45,18.3401,229.601271,231.442091,976562.5000,1840820312.5,453.60,,27.09685,135.48578,5.324877e+15,7.099836e+15,1.064975e+16,7.099836e+15,1.3333,2766.2602,3.598,7,1.285,,fine,A,3.8243,5.2309,4.8079,False,512,282,0.551657,,CO(2-1),-644.7373,-838.419,star,27.272,3.818,21.272,512,20260825,False,False,
HD53143 Gaia DR3 5479222240596469632,HD53143  Gaia DR3 5479222240596469632,6,A002_X10a513c_X3b99,18.3401,229.601331,231.442151,976562.5000,1840820312.5,2509.92,,16.14991,80.75047,3.173664e+15,4.231551e+15,6.347327e+15,4.231551e+15,1.3333,2766.2609,3.598,36,7.11,,fine,A,4.2987,5.5503,4.6133,False,512,214,0.419103,,CO(2-1),548.6822,713.508,star,27.272,3.818,21.272,512,20260825,False,False,
HD53143 Gaia DR3 5479222240596469632,HD53143  Gaia DR3 5479222240596469632,6,A002_X10a513c_X389e,18.3401,229.601374,231.442195,976562.5000,1840820312.5,2509.92,,13.49777,67.48962,2.652484e+15,3.536646e+15,5.304968e+15,3.536646e+15,1.3333,2766.2614,3.598,36,7.11,,fine,A,4.4094,5.7676,5.0071,False,512,176,0.345029,,CO(2-1),687.3979,893.895,star,27.272,3.818,21.272,512,20260825,False,False,
HD53143 Gaia DR3 5479222240596469632,HD53143  Gaia DR3 5479222240596469632,6,A002_X10b33b1_X2700,18.3401,229.602363,231.443183,976562.5000,1840820312.5,2509.92,,11.74374,58.71939,2.307796e+15,3.077061e+15,4.615591e+15,3.077061e+15,1.3333,2766.2733,3.598,36,7.11,,fine,A,4.5504,5.6836,5.0032,False,512,114,0.224172,,CO(2-1),-522.5511,-679.527,star,27.272,3.818,21.272,512,20260825,False,False,
HD53143 Gaia DR3 5479222240596469632,HD53143  Gaia DR3 5479222240596469632,6,A002_X10b33b1_X1ca0,18.3401,229.602460,231.443281,976562.5000,1840820312.5,2509.92,,8.73882,43.69461,1.717290e+15,2.289720e+15,3.434580e+15,2.289720e+15,1.3333,2766.2744,3.598,37,7.11,,fine,A,4.1948,5.7668,5.0795,False,512,316,0.617934,,CO(2-1),416.0228,540.998,star,27.272,3.818,21.272,512,20260825,False,False,
HD53143 Gaia DR3 5479222240596469632,HD53143  Gaia DR3 5479222240596469632,6,A002_X10a341d_X82d2,18.3401,231.565574,233.393699,15625000.0000,1828125000.0,2509.92,249,2.85357,14.26801,8.972209e+15,1.794442e+16,2.392589e+16,2.050793e+16,2.2857,2789.7556,3.598,4,0.4481,1.0000,coarse,B,3.0587,4.6537,3.5292,False,512,119,0.233918,232.690574,CO(2-1),2152.5739,2799.215,star,27.042,3.786,21.093,512,20260825,False,False,
HD53143 Gaia DR3 5479222240596469632,HD53143  Gaia DR3 5479222240596469632,6,A002_X10a341d_Xdc45,18.3401,231.565618,233.393743,15625000.0000,1828125000.0,453.60,,5.39034,26.95201,1.694833e+16,3.389666e+16,4.519555e+16,3.873904e+16,2.2857,2789.7562,3.598,2,0.08099,,coarse,B,2.9248,4.8770,3.1586,False,512,117,0.230019,,CO(2-1),1293.2432,1681.738,star,27.042,3.786,21.093,512,20260825,False,False,
HD53143 Gaia DR3 5479222240596469632,HD53143  Gaia DR3 5479222240596469632,6,A002_X10a513c_X3b99,18.3401,231.565678,233.393803,15625000.0000,1828125000.0,2509.92,,3.16209,15.81061,9.942247e+15,1.988449e+16,2.651266e+16,2.272514e+16,2.2857,2789.7569,3.598,4,0.4481,,coarse,B,3.5060,4.7116,3.9843,False,512,19,0.038986,,CO(2-1),2558.9283,3327.640,star,27.042,3.786,21.093,512,20260825,False,False,
HD53143 Gaia DR3 5479222240596469632,HD53143  Gaia DR3 5479222240596469632,6,A002_X10a513c_X389e,18.3401,231.565722,233.393847,15625000.0000,1828125000.0,2509.92,,2.64956,13.24794,8.330748e+15,1.666150e+16,2.221533e+16,1.904171e+16,2.2857,2789.7574,3.598,4,0.4481,,coarse,B,2.1719,4.6097,2.7730,False,512,488,0.953216,,CO(2-1),1402.7221,1824.105,star,27.042,3.786,21.093,512,20260825,False,False,
HD53143 Gaia DR3 5479222240596469632,HD53143  Gaia DR3 5479222240596469632,6,A002_X10b33b1_X2700,18.3401,231.566711,233.394836,15625000.0000,1828125000.0,2509.92,,2.31602,11.58025,7.282050e+15,1.456410e+16,1.941880e+16,1.664468e+16,2.2857,2789.7693,3.598,4,0.4481,,coarse,B,3.1926,4.0882,3.4272,False,512,81,0.159844,,CO(2-1),2059.9607,2678.780,star,27.042,3.786,21.093,512,20260825,False,False,
HD53143 Gaia DR3 5479222240596469632,HD53143  Gaia DR3 5479222240596469632,6,A002_X10b33b1_X1ca0,18.3401,231.566808,233.394933,15625000.0000,1828125000.0,2509.92,,1.72825,8.64133,5.433957e+15,1.086791e+16,1.449055e+16,1.242047e+16,2.2857,2789.7704,3.598,4,0.4481,,coarse,B,2.7534,4.6005,2.9869,False,512,237,0.463938,,CO(2-1),1950.6830,2536.675,star,27.042,3.786,21.093,512,20260825,False,False,
HD53143 (Gaia DR3 5479222240596469632),HD53143 (Gaia DR3 5479222240596469632),6,A002_Xd9668b_X3f6e,18.3401,229.664382,231.389968,976562.5000,1725585937.5,2963.52,,0.90720,4.53602,1.782753e+14,2.377003e+14,3.565505e+14,2.377003e+14,1.3333,2766.3261,3.598,40,8.395,,fine,A,4.3913,6.2183,4.9475,False,512,175,0.343080,,CO(2-1),-196.8600,-255.997,star,27.271,3.818,21.271,512,20260825,False,False,
HD53143 (Gaia DR3 5479222240596469632),HD53143 (Gaia DR3 5479222240596469632),6,A002_Xd9668b_X3f6e,18.3401,231.567533,233.395658,15625000.0000,1828125000.0,3471.55,,0.15619,0.78096,4.910913e+14,9.821826e+14,1.309577e+15,1.122494e+15,2.2857,2789.7791,3.598,4,0.6198,,coarse,B,2.6514,4.8473,3.9115,False,512,297,0.580897,,CO(2-1),1060.7832,1379.446,star,27.042,3.786,21.093,512,20260825,False,False,
HD53143 (Gaia DR3 5479222240596469632),HD53143 (Gaia DR3 5479222240596469632),6,A002_Xd9668b_X3f6e,18.3401,244.066544,245.894669,15625000.0000,1828125000.0,3471.55,,0.16845,0.84225,5.296361e+14,1.059272e+15,1.412363e+15,1.210597e+15,2.2857,2939.7673,3.598,4,0.6532,,coarse,B,3.4240,4.5394,5.1047,True,512,45,0.089669,,CS(5-4),646.1687,790.886,star,25.662,3.593,20.016,512,20260825,False,False,
HD53143 (Gaia DR3 5479222240596469632),HD53143 (Gaia DR3 5479222240596469632),6,A002_Xd9668b_X3f6e,18.3401,246.066385,247.894510,15625000.0000,1828125000.0,3471.55,,0.18274,0.91370,5.745680e+14,1.149136e+15,1.532181e+15,1.313298e+15,2.2857,2963.7654,3.598,4,0.6585,,coarse,B,2.3055,4.4052,4.0803,False,512,439,0.857700,,CS(5-4),1958.5104,2397.143,star,25.454,3.564,19.854,512,20260825,False,False,
Wolf 219,Wolf  219,6,A002_Xb25e1a_Xed74,18.8830,215.199158,216.933533,15625000.0000,1734375000.0,60.48,10,1.29933,6.53249,4.354629e+15,8.709258e+15,1.161234e+16,9.953442e+15,2.2857,2592.7961,3.598,2,0.01004,1.0000,coarse,B,2.0037,4.1735,3.7730,False,512,453,0.884990,216.621033,SiO(5-4),-483.9671,-668.293,star,29.096,4.073,22.695,512,20260825,False,False,
Wolf 219,Wolf  219,6,A002_Xb2f730_X9e28,18.8830,215.204154,216.938529,15625000.0000,1734375000.0,60.48,,1.55044,7.79505,5.196263e+15,1.039253e+16,1.385670e+16,1.187717e+16,2.2857,2592.8561,3.598,2,0.01004,,coarse,B,2.0035,4.2303,3.5299,False,512,465,0.908382,,SiO(5-4),-260.2207,-359.329,star,29.096,4.073,22.695,512,20260825,False,False,
Wolf 219,Wolf  219,6,A002_Xb25e1a_Xed74,18.8830,217.092573,218.826948,15625000.0000,1734375000.0,60.48,10,1.29365,6.50458,4.336023e+15,8.672046e+15,1.156273e+16,9.910914e+15,2.2857,2615.5171,3.598,2,0.01012,1.0000,coarse,B,2.2161,4.4461,4.1141,False,512,373,0.729045,218.811323,H2CO,589.3234,,star,28.844,4.038,22.498,512,20260825,False,False,
Wolf 219,Wolf  219,6,A002_Xb2f730_X9e28,18.8830,217.097757,218.832132,15625000.0000,1734375000.0,60.48,,1.55780,7.83278,5.221411e+15,1.044282e+16,1.392376e+16,1.193465e+16,2.2857,2615.5793,3.598,2,0.01012,,coarse,B,2.3405,4.5088,4.5595,False,512,326,0.637427,,H2CO,94.5067,,star,28.843,4.038,22.497,512,20260825,False,False,
Wolf 219,Wolf  219,6,A002_Xb25e1a_Xed74,18.8830,229.264212,230.989310,488281.2500,1725097656.2,60.48,10,8.03970,40.45035,8.426446e+14,1.685289e+15,2.247052e+15,1.926972e+15,2.2868,2761.5211,3.598,3,0.3421,0.9995,fine,A,3.9031,5.7618,4.5452,False,512,157,0.307992,230.762259,CO(2-1),224.2590,291.627,star,27.319,3.825,21.308,512,20260825,False,False,
Wolf 219,Wolf  219,6,A002_Xb2f730_X9e28,18.8830,229.269395,230.994493,488281.2500,1725097656.2,60.48,,10.04007,50.51516,1.052311e+15,2.104621e+15,2.806161e+15,2.405281e+15,2.2857,2761.5833,3.598,3,0.3421,,fine,A,3.8374,5.1334,4.7001,False,512,185,0.362573,,CO(2-1),-581.1046,-755.671,star,27.318,3.825,21.308,512,20260825,False,False,
Wolf 219,Wolf  219,6,A002_Xb25e1a_Xed74,18.8830,231.592573,233.326948,15625000.0000,1734375000.0,60.48,10,1.35180,6.80221,4.534427e+15,9.068854e+15,1.209181e+16,1.036441e+16,2.2857,2789.5171,3.598,2,0.0108,1.0000,coarse,B,2.0684,4.0926,4.1984,False,512,442,0.863548,232.733198,CO(2-1),2195.1984,2854.644,star,27.044,3.786,21.095,512,20260825,False,False,
Wolf 219,Wolf  219,6,A002_Xb2f730_X9e28,18.8830,231.597757,233.332132,15625000.0000,1734375000.0,60.48,,1.61991,8.15136,5.433780e+15,1.086756e+16,1.449008e+16,1.242007e+16,2.2857,2789.5793,3.598,2,0.0108,,coarse,B,2.4857,4.3628,4.3877,False,512,293,0.573099,,CO(2-1),2419.1317,3145.848,star,27.044,3.786,21.094,512,20260825,False,False,
bet Pic,bet Pic,3,A002_Xf5d76d_Xeb8,19.6345,100.097217,101.925342,15625000.0000,1828125000.0,2534.11,,0.14237,0.71186,5.130581e+14,1.026116e+15,1.368155e+15,1.172704e+15,2.2857,1212.1354,3.598,2,0.1966,,coarse,B,2.2138,4.4696,3.6892,False,512,409,0.799220,,HCO+(1-0),11626.9669,39081.916,star,62.238,8.713,48.546,512,20260825,False,False,
bet Pic,bet Pic,3,A002_Xf5d76d_Xe19,19.6345,100.097237,101.925362,15625000.0000,1828125000.0,2534.11,,0.16320,0.81600,5.881154e+14,1.176231e+15,1.568308e+15,1.344264e+15,2.2857,1212.1356,3.598,2,0.1966,,coarse,B,2.3878,4.3823,3.4174,False,512,313,0.612086,,CN(1-0),-11643.7632,-30757.614,star,62.238,8.713,48.546,512,20260825,False,False,
bet Pic,bet Pic,3,A002_Xf5d76d_Xcc5,19.6345,100.097263,101.925388,15625000.0000,1828125000.0,2534.11,,0.32426,1.62132,1.168531e+15,2.337063e+15,3.116084e+15,2.670929e+15,2.2857,1212.1359,3.598,2,0.1966,,coarse,B,3.5024,4.4188,3.9619,False,512,20,0.040936,,CN(1-0),-11784.3615,-31129.012,star,62.238,8.713,48.545,512,20260825,False,False,
bet Pic,bet Pic,3,A002_Xf5d76d_X32f1,19.6345,100.097291,101.925416,15625000.0000,1828125000.0,1463.62,242,0.22320,1.11602,8.043495e+14,1.608699e+15,2.144932e+15,1.838513e+15,2.2857,1212.1362,3.598,2,0.1135,1.0000,coarse,B,2.7847,4.3591,4.0685,False,512,150,0.294347,100.362916,HCO+(1-0),11173.9159,37559.068,star,62.238,8.713,48.545,512,20260825,False,False,
bet Pic,bet Pic,3,A002_Xf4df6f_Xc7,19.6345,100.098838,101.926963,15625000.0000,1828125000.0,3598.56,,0.10797,0.53983,3.890711e+14,7.781421e+14,1.037523e+15,8.893053e+14,2.2857,1212.1548,3.598,3,0.2792,,coarse,B,3.7463,4.6018,4.1497,False,512,6,0.013645,,HCO+(1-0),11941.0884,40137.778,star,62.237,8.713,48.545,512,20260825,False,False,
bet Pic,bet Pic,3,A002_Xf5d76d_Xeb8,19.6345,101.992717,103.820842,15625000.0000,1828125000.0,2534.11,,0.14128,0.70640,5.091261e+14,1.018252e+15,1.357670e+15,1.163717e+15,2.2857,1234.8814,3.598,2,0.2003,,coarse,B,2.2819,3.9448,3.6766,False,512,365,0.713450,,CN(1-0),-10763.9081,-28433.431,star,61.091,8.553,47.651,512,20260825,False,False,
bet Pic,bet Pic,3,A002_Xf5d76d_Xe19,19.6345,101.992737,103.820862,15625000.0000,1828125000.0,2534.11,,0.15964,0.79822,5.753034e+14,1.150607e+15,1.534143e+15,1.314979e+15,2.2857,1234.8816,3.598,2,0.2003,,coarse,B,1.9984,4.3294,4.2069,False,512,475,0.927875,,CN(1-0),-10779.5132,-28474.652,star,61.091,8.553,47.651,512,20260825,False,False,
bet Pic,bet Pic,3,A002_Xf5d76d_Xcc5,19.6345,101.992763,103.820888,15625000.0000,1828125000.0,2534.11,,0.32427,1.62137,1.168566e+15,2.337132e+15,3.116176e+15,2.671008e+15,2.2857,1234.8819,3.598,2,0.2003,,coarse,B,2.1717,4.1746,3.4901,False,512,410,0.801170,,CN(1-0),-9982.6115,-26369.594,star,61.091,8.553,47.651,512,20260825,False,False,
bet Pic,bet Pic,3,A002_Xf5d76d_X32f1,19.6345,101.992791,103.820916,15625000.0000,1828125000.0,1463.62,242,0.22031,1.10154,7.939116e+14,1.587823e+15,2.117098e+15,1.814655e+15,2.2857,1234.8822,3.598,2,0.1157,1.0000,coarse,B,2.3551,4.1083,3.5937,False,512,333,0.651072,102.774041,CN(1-0),-10716.9591,-28309.412,star,61.091,8.553,47.651,512,20260825,False,False,
bet Pic,bet Pic,3,A002_Xf4df6f_Xc7,19.6345,101.994338,103.822463,15625000.0000,1828125000.0,3598.56,,0.10592,0.52960,3.816994e+14,7.633989e+14,1.017865e+15,8.724558e+14,2.2857,1234.9008,3.598,3,0.2844,,coarse,B,2.1345,4.4605,4.4207,False,512,484,0.945419,,CN(1-0),-10809.1616,-28552.970,star,61.090,8.553,47.651,512,20260825,False,False,
bet Pic,bet Pic,3,A002_Xf5d76d_Xeb8,19.6345,112.597217,114.425342,15625000.0000,1828125000.0,2534.11,,0.20644,1.03221,7.439408e+14,1.487882e+15,1.983842e+15,1.700436e+15,2.2857,1362.1354,3.598,2,0.2209,,coarse,B,2.2687,4.2359,3.8558,False,512,384,0.750487,,CN(1-0),-768.7831,-2030.781,star,55.384,7.754,43.200,512,20260825,False,False,
bet Pic,bet Pic,3,A002_Xf5d76d_Xe19,19.6345,112.597237,114.425362,15625000.0000,1828125000.0,2534.11,,0.23046,1.15230,8.304926e+14,1.660985e+15,2.214647e+15,1.898269e+15,2.2857,1362.1356,3.598,2,0.2209,,coarse,B,2.8410,4.4388,3.9906,False,512,122,0.239766,,CN(1-0),-96.8882,-255.935,star,55.384,7.754,43.200,512,20260825,False,False,
bet Pic,bet Pic,3,A002_Xf5d76d_Xcc5,19.6345,112.597263,114.425388,15625000.0000,1828125000.0,2534.11,,0.43606,2.18031,1.571410e+15,3.142819e+15,4.190425e+15,3.591793e+15,2.2857,1362.1359,3.598,2,0.2209,,coarse,B,3.2971,4.6681,4.2206,False,512,40,0.079922,,CN(1-0),825.0135,2179.317,star,55.384,7.754,43.200,512,20260825,False,False,
bet Pic,bet Pic,3,A002_Xf5d76d_X32f1,19.6345,112.597291,114.425416,15625000.0000,1828125000.0,1463.62,242,0.32247,1.61234,1.162062e+15,2.324124e+15,3.098832e+15,2.656142e+15,2.2857,1362.1362,3.598,2,0.1276,1.0000,coarse,B,2.3456,4.8687,3.6046,False,512,335,0.654971,112.769166,CN(1-0),-721.8341,-1906.763,star,55.384,7.754,43.200,512,20260825,False,False,
bet Pic,bet Pic,3,A002_Xf4df6f_Xc7,19.6345,112.598838,114.426963,15625000.0000,1828125000.0,3598.56,,0.15393,0.76966,5.547194e+14,1.109439e+15,1.479252e+15,1.267930e+15,2.2857,1362.1548,3.598,3,0.3137,,coarse,B,2.7599,4.3411,4.6350,False,512,196,0.384016,,CN(1-0),-735.9116,-1943.949,star,55.383,7.754,43.199,512,20260825,False,False,
bet Pic,bet Pic,3,A002_Xf5d76d_Xeb8,19.6345,114.829173,115.691722,244140.6250,862548828.1,2026.08,,2.45785,12.28930,1.383946e+14,2.767892e+14,3.690522e+14,3.163305e+14,2.2857,1383.1254,3.598,53,11.48,,fine,A,30.7648,7.3409,36.4645,True,512,0,0.001949,,CO(1-0),-10.6745,-27.762,star,54.544,7.636,42.544,512,20260825,True,True,circumstellar CO
bet Pic,bet Pic,3,A002_Xf5d76d_Xe19,19.6345,114.829193,115.691742,244140.6250,862548828.1,2026.08,,2.64896,13.24484,1.491553e+14,2.983106e+14,3.977474e+14,3.409264e+14,2.2857,1383.1256,3.598,53,11.48,,fine,A,27.6845,6.4803,32.1610,True,512,0,0.001949,,CO(1-0),-10.6546,-27.710,star,54.544,7.636,42.544,512,20260825,True,True,circumstellar CO
bet Pic,bet Pic,3,A002_Xf5d76d_Xcc5,19.6345,114.829220,115.691769,244140.6250,862548828.1,2026.08,,4.67764,23.38832,2.633849e+14,5.267698e+14,7.023597e+14,6.020226e+14,2.2857,1383.1259,3.598,53,11.48,,fine,A,17.2885,5.5197,20.4777,True,512,0,0.001949,,CO(1-0),-10.6279,-27.641,star,54.544,7.636,42.544,512,20260825,True,True,circumstellar CO
bet Pic,bet Pic,3,A002_Xf5d76d_X32f1,19.6345,114.829247,115.691796,244140.6250,862548828.1,1209.60,200,3.69571,18.47863,2.080950e+14,4.161900e+14,5.549200e+14,4.758754e+14,2.2868,1383.1263,3.598,31,6.853,0.9995,fine,A,14.6540,7.2660,20.3114,True,512,0,0.001949,115.260644,CO(1-0),-10.3563,-26.934,star,54.544,7.636,42.544,512,20260825,True,True,circumstellar CO
bet Pic,bet Pic,3,A002_Xf4df6f_Xc7,19.6345,114.830886,115.693435,244140.6250,862548828.1,2963.52,,1.76989,8.84950,9.965768e+13,1.993154e+14,2.657538e+14,2.277890e+14,2.2857,1383.1459,3.598,76,16.79,,fine,A,17.9065,5.7648,22.5509,True,512,0,0.001949,,CO(1-0),-8.9614,-23.306,star,54.543,7.636,42.543,512,20260825,True,True,circumstellar CO
bet Pic,bet Pic,6,A002_X75bfbf_Xace,19.6345,215.675404,217.400502,488281.2500,1725097656.2,450.00,,3.26586,17.71759,3.990493e+14,7.980986e+14,1.064131e+15,9.121127e+14,2.2857,2598.4554,3.598,23,2.395,,fine,A,4.5245,5.2783,5.1852,False,512,95,0.187135,,SiO(5-4),-483.3070,-667.381,star,29.033,4.065,22.646,512,20260825,False,False,
bet Pic,bet Pic,6,A002_X7116f1_X1785,19.6345,215.679396,217.404493,488281.2500,1725097656.2,1058.40,,21.41264,107.06336,2.411364e+15,4.822728e+15,6.430303e+15,5.511689e+15,2.2857,2598.5033,3.598,41,5.633,,fine,A,4.3386,5.5729,4.5521,False,512,272,0.532164,,SiO(5-4),-742.0105,-1024.616,star,29.032,4.065,22.645,512,20260825,False,False,
bet Pic,bet Pic,6,A002_Xa7a216_X23e4,19.6345,215.680155,217.405253,488281.2500,1725097656.2,2220.00,,1.30409,6.52046,1.468589e+14,2.937177e+14,3.916237e+14,3.356774e+14,2.2857,2598.5124,3.598,65,11.81,,fine,A,4.4567,6.3863,5.9272,False,512,244,0.477583,,SiO(5-4),-518.1065,-715.435,star,29.032,4.065,22.645,512,20260825,False,False,
bet Pic,bet Pic,6,A002_X6f1341_X1484,19.6345,215.680975,217.406073,488281.2500,1725097656.2,1834.56,182,24.59105,122.95542,2.769297e+15,5.538594e+15,7.384792e+15,6.337319e+15,2.2884,2598.5223,3.598,55,9.763,0.9988,fine,A,4.5778,5.8573,5.0207,False,512,138,0.270955,216.156073,SiO(5-4),-948.9269,-1310.339,star,29.032,4.065,22.645,512,20260825,False,False,
bet Pic,bet Pic,6,A002_X75bfbf_Xace,19.6345,217.624689,219.359064,15625000.0000,1734375000.0,450.00,,0.57178,3.10653,2.238968e+15,4.477935e+15,5.970580e+15,5.117640e+15,2.2857,2621.9025,3.598,2,0.07551,,coarse,B,2.8387,4.9757,4.4641,False,512,114,0.224172,,C18O(2-1),-279.0615,-381.037,star,28.773,4.028,22.443,512,20260825,False,False,
bet Pic,bet Pic,6,A002_X7116f1_X1785,19.6345,217.628828,219.363203,15625000.0000,1734375000.0,1058.40,,4.37844,21.89224,1.577837e+16,3.155674e+16,4.207565e+16,3.606484e+16,2.2857,2621.9522,3.598,3,0.1776,,coarse,B,3.5455,4.0838,3.9595,False,512,19,0.038986,,C18O(2-1),-571.7974,-780.746,star,28.773,4.028,22.443,512,20260825,False,False,
bet Pic,bet Pic,6,A002_Xa7a216_X23e4,19.6345,217.629615,219.363990,15625000.0000,1734375000.0,2220.00,,0.22442,1.12212,8.087433e+14,1.617487e+15,2.156649e+15,1.848556e+15,2.2857,2621.9616,3.598,4,0.3725,,coarse,B,2.1789,4.6508,4.0659,False,512,460,0.898635,,C18O(2-1),-196.0098,-267.636,star,28.773,4.028,22.443,512,20260825,False,False,
bet Pic,bet Pic,6,A002_X6f1341_X1484,19.6345,217.646091,219.349216,15625000.0000,1703125000.0,1824.48,181,4.24741,21.23709,1.530618e+16,3.061236e+16,4.081648e+16,3.498559e+16,2.2857,2621.9718,3.598,3,0.3062,1.0000,coarse,B,2.3497,4.4954,3.5118,False,512,383,0.748538,218.083591,H2CO,-138.4094,,star,28.773,4.028,22.443,512,20260825,False,False,
bet Pic,bet Pic,6,A002_Xd9668b_Xa9df,19.6345,225.622661,225.730450,122070.3125,107788085.9,2328.48,,2.02760,10.13815,5.708482e+13,1.141696e+14,1.522262e+14,1.304796e+14,2.2857,2708.1187,3.598,239,51.66,,fine,A,4.4887,5.4512,5.1231,False,512,217,0.424951,,CO(2-1),-4826.9597,-6276.996,star,27.857,3.900,21.729,512,20260825,False,False,
bet Pic,bet Pic,6,A002_Xd9668b_X3a90,19.6345,225.622688,225.730476,122070.3125,107788085.9,2328.48,385,2.13151,10.65771,6.001029e+13,1.200206e+14,1.600274e+14,1.381871e+14,2.3027,2708.1190,3.598,239,51.66,0.9926,fine,A,4.8171,5.8559,5.3036,False,512,54,0.107212,225.727424,CO(2-1),-4810.5760,-6255.691,star,27.857,3.900,21.729,512,20260825,False,False,
bet Pic,bet Pic,6,A002_Xd9668b_Xa9df,19.6345,226.239391,226.347179,122070.3125,107788085.9,2328.48,,2.00203,10.01032,5.636505e+13,1.127301e+14,1.503068e+14,1.288344e+14,2.2857,2715.5194,3.598,240,51.8,,fine,A,4.4525,5.6100,5.3238,False,512,255,0.499025,,CO(2-1),-4270.7768,-5553.734,star,27.781,3.889,21.669,512,20260825,False,False,
bet Pic,bet Pic,6,A002_Xd9668b_X3a90,19.6345,226.239417,226.347206,122070.3125,107788085.9,2328.48,385,2.09694,10.48485,5.903697e+13,1.180739e+14,1.574319e+14,1.359514e+14,2.3028,2715.5197,3.598,240,51.8,0.9926,fine,A,4.3942,6.1170,5.1999,False,512,284,0.555556,226.288856,CO(2-1),-4249.1441,-5525.603,star,27.781,3.889,21.669,512,20260825,False,False,
bet Pic,bet Pic,6,A002_Xd9668b_Xa9df,19.6345,226.584392,226.692180,122070.3125,107788085.9,2328.48,,2.00223,10.01133,5.637070e+13,1.127414e+14,1.503219e+14,1.288473e+14,2.2857,2719.6594,3.598,240,51.88,,fine,A,4.8976,5.8299,5.4936,False,512,49,0.097466,,CO(2-1),-3883.2951,-5049.851,star,27.739,3.883,21.636,512,20260825,False,False,
bet Pic,bet Pic,6,A002_Xd9668b_X3a90,19.6345,226.584419,226.692207,122070.3125,107788085.9,2328.48,385,2.10376,10.51898,5.922916e+13,1.184583e+14,1.579444e+14,1.363971e+14,2.3029,2719.6598,3.598,240,51.88,0.9926,fine,A,4.5227,5.6748,4.9965,False,512,180,0.352827,226.653877,CO(2-1),-3884.1234,-5050.928,star,27.739,3.883,21.636,512,20260825,False,False,
bet Pic,bet Pic,6,A002_Xd9668b_Xa9df,19.6345,226.799602,226.907390,122070.3125,107788085.9,2328.48,,1.98685,9.93442,5.593769e+13,1.118754e+14,1.491672e+14,1.278576e+14,2.2857,2722.2420,3.598,241,51.93,,fine,A,4.2382,6.0399,5.3959,False,512,378,0.738791,,CO(2-1),-3656.7326,-4755.228,star,27.713,3.880,21.616,512,20260825,False,False,
bet Pic,bet Pic,6,A002_Xd9668b_X3a90,19.6345,226.799629,226.907417,122070.3125,107788085.9,2328.48,385,2.08549,10.42764,5.871483e+13,1.174297e+14,1.565729e+14,1.352146e+14,2.3029,2722.2423,3.598,240,51.93,0.9925,fine,A,4.4556,5.7508,5.3161,False,512,230,0.450292,226.803657,CO(2-1),-3734.3431,-4856.153,star,27.713,3.880,21.616,512,20260825,False,False,
bet Pic,bet Pic,6,A002_X7116f1_X1785,19.6345,230.082117,231.002283,244140.6250,920166015.6,1068.48,,30.33151,151.65775,1.707877e+15,3.415753e+15,4.554338e+15,3.903718e+15,2.2857,2766.5064,3.598,86,12.11,,fine,A,9.9540,15.0791,10.9246,False,512,6,0.013645,,CO(2-1),-10.8150,-14.064,star,27.269,3.818,21.270,512,20260825,True,False,
bet Pic,bet Pic,6,A002_X6f1341_X1484,19.6345,230.083798,231.003964,244140.6250,920166015.6,1824.48,181,35.74847,178.74259,2.012889e+15,4.025779e+15,5.367705e+15,4.625669e+15,2.2980,2766.5266,3.598,116,20.67,0.9946,fine,A,10.1649,15.1740,11.0287,False,512,8,0.017544,230.528134,CO(2-1),-9.8656,-12.829,star,27.269,3.818,21.270,512,20260825,True,False,
bet Pic,bet Pic,6,A002_X75bfbf_Xace,19.6345,230.106675,230.969224,244140.6250,862548828.1,450.00,,4.78704,26.25455,2.956626e+14,5.913253e+14,7.884337e+14,6.758003e+14,2.2857,2766.4554,3.598,48,5.099,,fine,A,4.8178,18.3104,5.0919,False,512,96,0.189084,,CO(2-1),64.0366,83.273,star,27.270,3.818,21.270,512,20260825,False,False,
bet Pic,bet Pic,6,A002_Xa7a216_X23e4,19.6345,230.111734,230.974283,244140.6250,862548828.1,2220.00,,1.91254,9.56274,1.076897e+14,2.153794e+14,2.871725e+14,2.461479e+14,2.2857,2766.5161,3.598,137,25.16,,fine,A,7.9879,6.0292,8.9271,True,512,0,0.001949,,CO(2-1),-10.7388,-13.965,star,27.269,3.818,21.270,512,20260825,True,True,circumstellar CO
bet Pic,bet Pic,6,A002_Xd9668b_Xa9df,19.6345,230.489384,230.543293,15258.7891,53909301.8,2328.48,,6.34601,31.73055,2.233312e+13,4.466625e+13,5.955500e+13,5.104714e+13,2.2857,2766.1961,3.598,1945,422.1,,fine,A,8.9476,8.4072,10.7251,True,512,0,0.001949,,CO(2-1),-21.9746,-28.576,star,27.272,3.818,21.272,512,20260825,True,True,circumstellar CO
bet Pic,bet Pic,6,A002_Xd9668b_X3a90,19.6345,230.489410,230.543319,15258.7891,53909301.8,2328.48,385,6.66045,33.30278,2.343972e+13,4.687943e+13,6.250591e+13,9.334018e+13,3.9821,2766.1964,3.598,1944,422.1,0.5740,fine,A,11.6810,9.1167,12.7784,True,512,0,0.001949,230.516128,CO(2-1),-21.8721,-28.443,star,27.272,3.818,21.272,512,20260825,True,True,circumstellar CO
bet Pic,bet Pic,6,A002_X75bfbf_Xace,19.6345,231.670762,233.405137,15625000.0000,1734375000.0,450.00,,0.64347,3.53481,2.547642e+15,5.095284e+15,6.793711e+15,5.823181e+15,2.2857,2790.4554,3.598,2,0.08037,,coarse,B,2.5451,4.1339,3.6212,False,512,246,0.481481,,CO(2-1),2242.1368,2915.683,star,27.035,3.785,21.088,512,20260825,False,False,
bet Pic,bet Pic,6,A002_X7116f1_X1785,19.6345,231.675049,233.409424,15625000.0000,1734375000.0,1068.48,,3.90862,19.54313,1.408529e+16,2.817059e+16,3.756078e+16,3.219496e+16,2.2857,2790.5068,3.598,3,0.1908,,coarse,B,2.5331,4.2178,3.5202,False,512,321,0.627680,,CO(2-1),2387.0485,3104.127,star,27.035,3.785,21.087,512,20260825,False,False,
bet Pic,bet Pic,6,A002_Xa7a216_X23e4,19.6345,231.675864,233.410239,15625000.0000,1734375000.0,2220.00,,0.23455,1.17276,8.452404e+14,1.690481e+15,2.253974e+15,1.931978e+15,2.2857,2790.5166,3.598,4,0.3965,,coarse,B,2.7301,4.7152,4.1220,False,512,244,0.477583,,CO(2-1),2200.3642,2861.362,star,27.035,3.785,21.087,512,20260825,False,False,
bet Pic,bet Pic,6,A002_X6f1341_X1484,19.6345,231.676745,233.411120,15625000.0000,1734375000.0,1844.64,183,4.41116,22.05585,1.589628e+16,3.179257e+16,4.239009e+16,3.633441e+16,2.2857,2790.5272,3.598,3,0.3294,1.0000,coarse,B,2.5498,4.3752,3.1951,False,512,317,0.619883,232.770495,CO(2-1),2232.4950,2903.145,star,27.035,3.785,21.087,512,20260825,False,False,
bet Pic,bet Pic,6,A002_Xd9668b_Xa9df,19.6345,241.553089,241.984364,122070.3125,431274414.1,2328.48,,2.08947,10.44755,5.882694e+13,1.176539e+14,1.568718e+14,1.344616e+14,2.2857,2901.2247,3.598,256,55.34,,fine,A,5.0791,5.9903,5.6731,False,512,88,0.173489,,CS(5-4),-3099.3415,-3793.478,star,26.003,3.640,20.282,512,20260825,True,False,
bet Pic,bet Pic,6,A002_Xd9668b_X3a90,19.6345,241.553115,241.984390,122070.3125,431274414.1,2328.48,385,2.19152,10.95779,6.169998e+13,1.234000e+14,1.645333e+14,1.422340e+14,2.3053,2901.2250,3.598,256,55.34,0.9915,fine,A,5.4199,5.8117,5.5522,False,512,15,0.031189,241.751236,CS(5-4),-3184.7645,-3898.032,star,26.003,3.640,20.282,512,20260825,True,False,
bet Pic,bet Pic,6,A002_Xd9668b_Xa9df,19.6345,243.049274,244.877399,15625000.0000,1828125000.0,2709.50,,0.19977,0.99887,7.199174e+14,1.439835e+15,1.919780e+15,1.645526e+15,2.2857,2927.5600,3.598,4,0.5077,,coarse,B,3.0980,4.3085,4.1016,False,512,89,0.175439,,CS(5-4),-433.6005,-530.711,star,25.769,3.608,20.100,512,20260825,False,False,
bet Pic,bet Pic,6,A002_Xd9668b_X3a90,19.6345,243.049301,244.877426,15625000.0000,1828125000.0,2709.50,448,0.20560,1.02804,7.409364e+14,1.481873e+15,1.975830e+15,1.693570e+15,2.2857,2927.5604,3.598,4,0.5077,1.0000,coarse,B,2.3609,4.4667,3.9572,False,512,403,0.787524,244.596176,CS(5-4),-339.8243,-415.932,star,25.769,3.608,20.100,512,20260825,False,False,
eta Cru,eta Cru,6,A002_Xbe7502_X2047,19.6882,223.132812,224.867188,15625000.0000,1734375000.0,1814.40,900,0.31625,1.58128,1.145909e+15,2.291818e+15,3.055758e+15,2.619221e+15,2.2857,2688.0000,3.598,3,0.3121,1.0000,coarse,B,3.0573,4.4571,3.7545,False,512,108,0.212476,223.539062,13CO(2-1),3140.0625,4271.195,star,28.066,3.929,21.891,512,20260825,False,False,
eta Cru,eta Cru,6,A002_Xcd1950_X1675,19.6882,223.132812,224.867188,15625000.0000,1734375000.0,1814.40,,0.18640,0.93199,6.753880e+14,1.350776e+15,1.801035e+15,1.543744e+15,2.2857,2688.0000,3.598,3,0.3121,,coarse,B,2.3876,4.5822,3.7380,False,512,387,0.756335,,13CO(2-1),3686.9375,5015.068,star,28.066,3.929,21.891,512,20260825,False,False,
eta Cru,eta Cru,6,A002_Xbe7502_X2047,19.6882,225.132812,226.867188,15625000.0000,1734375000.0,1814.40,900,0.30609,1.53045,1.109072e+15,2.218144e+15,2.957525e+15,2.535022e+15,2.2857,2712.0000,3.598,3,0.3149,1.0000,coarse,B,2.5886,4.0068,3.4295,False,512,254,0.497076,226.382812,CO(2-1),-4155.1875,-5403.421,star,27.817,3.894,21.698,512,20260825,False,False,
eta Cru,eta Cru,6,A002_Xcd1950_X1675,19.6882,225.132812,226.867188,15625000.0000,1734375000.0,1814.40,,0.17530,0.87653,6.351949e+14,1.270390e+15,1.693853e+15,1.451874e+15,2.2857,2712.0000,3.598,3,0.3149,,coarse,B,3.0045,5.0406,3.6738,False,512,95,0.187135,,CO(2-1),-4264.5625,-5545.653,star,27.817,3.894,21.698,512,20260825,False,False,
eta Cru,eta Cru,6,A002_Xbe7502_X2047,19.6882,239.132813,240.867188,15625000.0000,1734375000.0,1814.40,900,0.33411,1.67057,1.210619e+15,2.421238e+15,3.228318e+15,2.767130e+15,2.2857,2880.0000,3.598,3,0.3344,1.0000,coarse,B,3.0390,4.2817,3.7798,False,512,110,0.216374,239.367188,CS(5-4),-5568.8125,-6816.017,star,26.195,3.667,20.432,512,20260825,False,False,
eta Cru,eta Cru,6,A002_Xcd1950_X1675,19.6882,239.132813,240.867188,15625000.0000,1734375000.0,1814.40,,0.19076,0.95378,6.911803e+14,1.382361e+15,1.843147e+15,1.579841e+15,2.2857,2880.0000,3.598,3,0.3344,,coarse,B,3.5039,4.2940,3.5039,False,512,23,0.046784,,CS(5-4),-5553.1875,-6796.893,star,26.195,3.667,20.432,512,20260825,False,False,
eta Cru,eta Cru,6,A002_Xbe7502_X2047,19.6882,241.132813,242.867188,15625000.0000,1734375000.0,1814.40,900,0.35584,1.77923,1.289356e+15,2.578712e+15,3.438283e+15,2.947100e+15,2.2857,2904.0000,3.598,3,0.3372,1.0000,coarse,B,2.2498,4.3095,4.7479,False,512,427,0.834308,242.445313,CS(5-4),-2490.6875,-3048.508,star,25.978,3.637,20.263,512,20260825,False,False,
eta Cru,eta Cru,6,A002_Xcd1950_X1675,19.6882,241.132813,242.867188,15625000.0000,1734375000.0,1814.40,,0.20383,1.01916,7.385541e+14,1.477108e+15,1.969478e+15,1.688124e+15,2.2857,2904.0000,3.598,3,0.3372,,coarse,B,3.0515,4.6858,4.0678,False,512,107,0.210526,,CS(5-4),-3584.4375,-4387.217,star,25.978,3.637,20.263,512,20260825,False,False,
PM J03433+1958,PM J034331958,6,A002_Xb25e1a_Xed74,20.7567,215.199158,216.933533,15625000.0000,1734375000.0,60.48,10,1.29363,6.47073,5.211938e+15,1.042388e+16,1.389850e+16,1.191301e+16,2.2857,2592.7961,3.598,2,0.01004,1.0000,coarse,B,1.7056,4.6623,4.8493,False,512,507,0.990253,216.527283,SiO(5-4),-577.7171,-797.749,star,29.096,4.073,22.695,512,20260825,False,False,
PM J03433+1958,PM J034331958,6,A002_Xb25e1a_Xed74,20.7567,217.092573,218.826948,15625000.0000,1734375000.0,60.48,10,1.28871,6.44618,5.192161e+15,1.038432e+16,1.384576e+16,1.186780e+16,2.2857,2615.5171,3.598,2,0.01012,1.0000,coarse,B,2.9683,4.4629,3.9720,False,512,84,0.165692,218.311323,H2CO,89.3234,,star,28.844,4.038,22.498,512,20260825,False,False,
PM J03433+1958,PM J034331958,6,A002_Xb25e1a_Xed74,20.7567,229.264212,230.989310,488281.2500,1725097656.2,60.48,10,7.99285,39.98230,1.006384e+15,2.012767e+15,2.683690e+15,2.301413e+15,2.2868,2761.5211,3.598,3,0.3421,0.9995,fine,A,3.3311,4.8944,4.7949,False,512,485,0.947368,229.810111,CO(2-1),-727.8895,-946.550,star,27.319,3.825,21.308,512,20260825,False,False,
PM J03433+1958,PM J034331958,6,A002_Xb25e1a_Xed74,20.7567,231.592573,233.326948,15625000.0000,1734375000.0,60.48,10,1.34183,6.71221,5.406442e+15,1.081288e+16,1.441718e+16,1.235759e+16,2.2857,2789.5171,3.598,2,0.0108,1.0000,coarse,B,2.5253,4.4902,4.5698,False,512,249,0.487329,232.155073,CO(2-1),1617.0734,2102.848,star,27.044,3.786,21.095,512,20260825,False,False,
V star TX PsA,V star TX PsA,7,A002_Xcd2acd_X6125,20.8350,333.163309,334.897684,15625000.0000,1734375000.0,1384.99,229,0.39685,1.98654,1.612183e+15,3.224367e+15,4.299155e+15,3.684994e+15,2.2857,4008.3660,3.598,4,0.3553,1.0000,coarse,B,3.0403,4.8080,4.0567,False,512,113,0.222222,333.616434,CO(3-2),-12179.5660,-10559.237,star,18.821,2.635,14.680,512,20260825,False,False,
V star TX PsA,V star TX PsA,7,A002_Xcd2acd_X6125,20.8350,335.058809,336.793184,15625000.0000,1734375000.0,1384.99,229,0.34636,1.73379,1.407068e+15,2.814136e+15,3.752182e+15,3.216159e+15,2.2857,4031.1120,3.598,4,0.3573,1.0000,coarse,B,3.3710,4.2783,4.0817,False,512,31,0.062378,336.527559,CO(3-2),-9268.4410,-8035.399,star,18.715,2.620,14.597,512,20260825,False,False,
V star TX PsA,V star TX PsA,7,A002_Xcd2acd_X6125,20.8350,345.167948,346.893045,488281.2500,1725097656.2,876.96,145,2.16265,10.82655,2.745732e+14,5.491464e+14,7.321951e+14,6.282791e+14,2.2882,4152.3660,3.598,78,7.458,0.9989,fine,A,4.6655,5.9450,6.0002,True,512,137,0.269006,345.374002,CO(3-2),-421.9976,-365.856,star,18.168,2.544,14.171,512,20260825,False,False,
V star TX PsA,V star TX PsA,7,A002_Xcd2acd_X6125,20.8350,347.058809,348.793184,15625000.0000,1734375000.0,1384.99,229,0.40750,2.04005,1.655611e+15,3.311221e+15,4.414962e+15,3.784257e+15,2.2857,4175.1120,3.598,4,0.3701,1.0000,coarse,B,3.1173,4.7447,4.0816,False,512,111,0.218324,348.105684,CO(3-2),2309.6840,2002.411,star,18.069,2.530,14.094,512,20260825,False,False,
V star WW PsA,V star TX PsA,7,A002_Xcd2acd_X6125,20.8673,333.163309,334.897684,15625000.0000,1734375000.0,876.96,145,0.40527,2.02683,1.649993e+15,3.299986e+15,4.399982e+15,3.771417e+15,2.2857,4008.3660,3.598,3,0.225,1.0000,coarse,B,2.1558,4.5240,3.4509,False,512,425,0.830409,333.803934,CO(3-2),-11992.0660,-10396.682,star,18.821,2.635,14.680,512,20260825,False,False,
V star WW PsA,V star TX PsA,7,A002_Xcd2acd_X6125,20.8673,335.058809,336.793184,15625000.0000,1734375000.0,876.96,145,0.35514,1.77611,1.445886e+15,2.891771e+15,3.855695e+15,3.304885e+15,2.2857,4031.1120,3.598,3,0.2262,1.0000,coarse,B,2.6974,4.1914,3.6766,False,512,193,0.378168,336.777559,CO(3-2),-9018.4410,-7818.658,star,18.715,2.620,14.597,512,20260825,False,False,
V star WW PsA,V star TX PsA,7,A002_Xcd2acd_X6125,20.8673,345.167948,346.893045,488281.2500,1725097656.2,876.96,145,2.16752,10.84030,2.757753e+14,5.515506e+14,7.354008e+14,6.310297e+14,2.2882,4152.3660,3.598,67,7.458,0.9989,fine,A,4.3982,5.6740,5.3434,False,512,314,0.614035,346.380350,CO(3-2),584.3500,506.610,star,18.168,2.544,14.171,512,20260825,False,False,
V star WW PsA,V star TX PsA,7,A002_Xcd2acd_X6125,20.8673,347.058809,348.793184,15625000.0000,1734375000.0,876.96,145,0.42053,2.10318,1.712148e+15,3.424297e+15,4.565729e+15,3.913486e+15,2.2857,4175.1120,3.598,4,0.2343,1.0000,coarse,B,3.2063,4.6783,3.8964,False,512,81,0.159844,348.277559,CO(3-2),2481.5590,2151.421,star,18.069,2.530,14.094,512,20260825,False,False,
j1256-1257,j1256-1257,7,A002_Xd9398d_X37e8,21.1536,343.107828,344.935953,15625000.0000,1828125000.0,2939.33,,0.34971,3.02737,2.532590e+15,5.065180e+15,6.753573e+15,5.788777e+15,2.2857,4128.2627,3.598,4,0.7766,,coarse,B,2.2617,4.8033,4.4157,False,512,457,0.892788,,CO(3-2),-2500.6721,-2167.991,star,18.274,2.558,14.254,512,20260825,False,False,
j1256-1257,j1256-1257,7,A002_Xd9398d_X322a,21.1536,343.107979,344.936104,15625000.0000,1828125000.0,2939.33,486,0.34076,2.94989,2.467767e+15,4.935534e+15,6.580712e+15,5.640616e+15,2.2857,4128.2645,3.598,4,0.7766,1.0000,coarse,B,2.9521,4.4846,3.5283,False,512,157,0.307992,343.279854,CO(3-2),-2516.1456,-2181.406,star,18.274,2.558,14.254,512,20260825,False,False,
j1256-1257,j1256-1257,7,A002_Xd9398d_X37e8,21.1536,344.955202,346.680788,976562.5000,1725585937.5,2177.28,,1.87512,16.32613,8.536152e+14,1.138154e+15,1.707230e+15,1.138154e+15,1.3333,4149.8159,3.598,47,9.252,,fine,A,3.8650,5.2545,5.7293,True,512,502,0.980507,,CO(3-2),752.9517,652.782,star,18.179,2.545,14.180,512,20260825,False,False,
j1256-1257,j1256-1257,7,A002_Xd9398d_X322a,21.1536,344.955354,346.680940,976562.5000,1725585937.5,2177.28,360,1.82838,15.91916,8.323367e+14,1.109782e+15,1.664673e+15,1.110084e+15,1.3337,4149.8178,3.598,47,9.252,0.9997,fine,A,4.9607,5.4833,5.7267,True,512,30,0.060429,346.304963,CO(3-2),508.9634,441.253,star,18.179,2.545,14.180,512,20260825,False,False,
j1256-1257,j1256-1257,7,A002_Xd9398d_X37e8,21.1536,355.108591,356.936716,15625000.0000,1828125000.0,2939.33,,0.40840,3.67594,3.075152e+15,6.150305e+15,8.200407e+15,7.028920e+15,2.2857,4272.2718,3.598,4,0.8037,,coarse,B,2.6336,4.6008,4.2762,False,512,325,0.635478,,CO(3-2),10781.3415,9347.028,star,17.658,2.472,13.773,512,20260825,False,False,
j1256-1257,j1256-1257,7,A002_Xd9398d_X322a,21.1536,355.108748,356.936873,15625000.0000,1828125000.0,2939.33,486,0.38734,3.48632,2.916524e+15,5.833047e+15,7.777396e+15,6.666347e+15,2.2857,4272.2737,3.598,4,0.8037,1.0000,coarse,B,4.0249,4.4955,4.5239,False,512,4,0.009747,355.452498,CO(3-2),9656.4983,8371.830,star,17.658,2.472,13.773,512,20260825,False,False,
j1256-1257,j1256-1257,7,A002_Xd9398d_X37e8,21.1536,356.908706,358.736831,15625000.0000,1828125000.0,2939.33,,0.47217,4.27533,3.576580e+15,7.153160e+15,9.537546e+15,8.175040e+15,2.2857,4293.8732,3.598,4,0.8078,,coarse,B,3.3280,4.4704,4.2135,False,512,49,0.097466,,CO(3-2),11440.8310,9918.781,star,17.569,2.460,13.704,512,20260825,False,False,
j1256-1257,j1256-1257,7,A002_Xd9398d_X322a,21.1536,356.908864,358.736989,15625000.0000,1828125000.0,2939.33,486,0.44906,4.06603,3.401495e+15,6.802991e+15,9.070654e+15,7.774855e+15,2.2857,4293.8751,3.598,4,0.8078,1.0000,coarse,B,2.6378,4.2743,3.6690,False,512,298,0.582846,358.252614,CO(3-2),12456.6137,10799.427,star,17.569,2.460,13.704,512,20260825,False,False,
hd92945,hd92945,7,A002_Xb9c01c_X41a2,21.5085,342.227507,343.961882,15625000.0000,1734375000.0,2933.28,,3.72843,18.64245,1.612338e+16,3.224677e+16,4.299569e+16,3.685345e+16,2.2857,4117.1363,3.598,6,0.7729,,coarse,B,4.0350,4.5798,4.1727,False,512,5,0.011696,,CO(3-2),-3177.8684,-2755.095,star,18.324,2.565,14.292,512,20260825,False,False,
hd92945,hd92945,7,A002_Xbbcb1f_X7dd5,21.5085,342.238971,343.973346,15625000.0000,1734375000.0,3320.35,,0.29854,1.49275,1.291039e+15,2.582079e+15,3.442772e+15,2.950947e+15,2.2857,4117.2739,3.598,5,0.8749,,coarse,B,2.5897,5.1680,3.9571,False,512,360,0.703704,,CO(3-2),-2010.1542,-1742.730,star,18.323,2.565,14.292,512,20260825,False,False,
hd92945,hd92945,7,A002_Xbbadbe_X3846,21.5085,342.239130,343.973505,15625000.0000,1734375000.0,3320.35,549,0.28405,1.42030,1.228384e+15,2.456768e+15,3.275691e+15,2.807738e+15,2.2857,4117.2758,3.598,5,0.8749,1.0000,coarse,B,3.4544,4.9605,4.5857,False,512,43,0.085770,343.567255,CO(3-2),-2228.7454,-1932.241,star,18.323,2.565,14.292,512,20260825,False,False,
hd92945,hd92945,7,A002_Xbbdc51_X2cb6,21.5085,342.239295,343.973670,15625000.0000,1734375000.0,3320.35,,0.28305,1.41530,1.224061e+15,2.448121e+15,3.264162e+15,2.797853e+15,2.2857,4117.2778,3.598,5,0.8749,,coarse,B,2.4882,4.7333,4.2883,False,512,402,0.785575,,CO(3-2),-1994.2046,-1728.902,star,18.323,2.565,14.292,512,20260825,False,False,
hd92945,hd92945,7,A002_Xb9c01c_X41a2,21.5085,344.069784,345.910604,976562.5000,1840820312.5,2933.28,,17.90584,89.53055,4.839543e+15,6.452724e+15,9.679086e+15,6.452724e+15,1.3333,4139.8823,3.598,73,12.43,,fine,A,4.5171,5.5650,4.9956,False,512,172,0.337232,,CO(3-2),-124.6536,-108.070,star,18.223,2.551,14.214,512,20260825,False,False,
hd92945,hd92945,7,A002_Xbbcb1f_X7dd5,21.5085,344.138865,345.864451,976562.5000,1725585937.5,2812.32,,1.82482,9.12435,4.932135e+14,6.576180e+14,9.864269e+14,6.576180e+14,1.3333,4140.0199,3.598,59,11.92,,fine,A,4.9335,5.6568,5.2968,False,512,21,0.042885,,CO(3-2),-1224.5175,-1061.612,star,18.222,2.551,14.213,512,20260825,False,False,
hd92945,hd92945,7,A002_Xbbadbe_X3846,21.5085,344.139024,345.864610,976562.5000,1725585937.5,2812.32,465,1.48687,7.43456,4.018726e+14,5.358301e+14,8.037452e+14,5.359750e+14,1.3337,4140.0218,3.598,59,11.92,0.9997,fine,A,4.0322,5.5884,5.6335,True,512,466,0.910331,344.543321,CO(3-2),-1252.6790,-1086.027,star,18.222,2.551,14.213,512,20260825,False,False,
hd92945,hd92945,7,A002_Xbbdc51_X2cb6,21.5085,344.139190,345.864776,976562.5000,1725585937.5,2812.32,,1.57704,7.88542,4.262435e+14,5.683246e+14,8.524869e+14,5.683246e+14,1.3333,4140.0238,3.598,59,11.92,,fine,A,4.4125,5.6574,5.4488,False,512,216,0.423002,,CO(3-2),-1371.6538,-1189.174,star,18.222,2.551,14.213,512,20260825,False,False,
hd92945,hd92945,7,A002_Xb9c01c_X41a2,21.5085,354.176153,356.016485,488281.2500,1840332031.2,2933.28,,22.65191,113.26140,3.061153e+15,6.122306e+15,8.163075e+15,6.996921e+15,2.2857,4261.1558,3.598,150,25.6,,fine,A,4.7363,5.7711,5.0544,False,512,224,0.438596,,CO(3-2),8383.0822,7267.825,star,17.704,2.479,13.809,512,20260825,False,False,
hd92945,hd92945,7,A002_Xbbcb1f_X7dd5,21.5085,354.245399,355.970497,488281.2500,1725097656.2,2812.32,,2.27709,11.38577,3.077269e+14,6.154537e+14,8.206050e+14,7.033757e+14,2.2857,4261.2954,3.598,119,24.54,,fine,A,4.0396,5.5142,5.4251,False,512,512,1.000000,,CO(3-2),8782.8956,7614.449,star,17.704,2.479,13.809,512,20260825,False,False,
hd92945,hd92945,7,A002_Xbbadbe_X3846,21.5085,354.245561,355.970658,488281.2500,1725097656.2,2812.32,465,1.95977,9.79912,2.648441e+14,5.296883e+14,7.062510e+14,6.060521e+14,2.2883,4261.2973,3.598,119,24.54,0.9989,fine,A,4.7351,6.0484,5.4974,False,512,167,0.327485,355.433549,CO(3-2),9637.5488,8355.402,star,17.704,2.479,13.809,512,20260825,False,False,
hd92945,hd92945,7,A002_Xbbdc51_X2cb6,21.5085,354.245729,355.970826,488281.2500,1725097656.2,2812.32,,2.04609,10.23074,2.765095e+14,5.530191e+14,7.373588e+14,6.320218e+14,2.2857,4261.2993,3.598,119,24.54,,fine,A,4.6334,5.9460,5.6033,False,512,237,0.463938,,CO(3-2),9578.1467,8303.902,star,17.704,2.479,13.809,512,20260825,False,False,
hd92945,hd92945,7,A002_Xb9c01c_X41a2,21.5085,356.123007,357.857382,15625000.0000,1734375000.0,2933.28,,4.41461,22.07343,1.909074e+16,3.818149e+16,5.090865e+16,4.363599e+16,2.2857,4283.8823,3.598,6,0.8042,,coarse,B,3.7407,4.6563,4.2098,False,512,23,0.046784,,CO(3-2),11873.8816,10294.220,star,17.610,2.465,13.736,512,20260825,False,False,
hd92945,hd92945,7,A002_Xbbcb1f_X7dd5,21.5085,356.134471,357.868846,15625000.0000,1734375000.0,3320.35,,0.37989,1.89951,1.642836e+15,3.285672e+15,4.380896e+15,3.755053e+15,2.2857,4284.0199,3.598,5,0.9104,,coarse,B,4.5686,4.8220,4.5686,False,512,2,0.005848,,CO(3-2),11322.8458,9816.492,star,17.610,2.465,13.736,512,20260825,False,False,
hd92945,hd92945,7,A002_Xbbadbe_X3846,21.5085,356.134630,357.869005,15625000.0000,1734375000.0,3320.35,549,0.35789,1.78951,1.547699e+15,3.095397e+15,4.127196e+15,3.537601e+15,2.2857,4284.0218,3.598,5,0.9104,1.0000,coarse,B,2.4023,4.8333,4.6361,False,512,430,0.840156,357.275255,CO(3-2),11479.2546,9952.093,star,17.610,2.465,13.736,512,20260825,False,False,
hd92945,hd92945,7,A002_Xbbdc51_X2cb6,21.5085,356.134795,357.869170,15625000.0000,1734375000.0,3320.35,,0.34909,1.74549,1.509626e+15,3.019251e+15,4.025668e+15,3.450573e+15,2.2857,4284.0238,3.598,5,0.9104,,coarse,B,2.9208,4.1793,5.0809,True,512,207,0.405458,,CO(3-2),10573.1704,9166.551,star,17.610,2.465,13.736,512,20260825,False,False,
WD2039-202,WD2039-202,6,A002_Xe539c7_X113b1,21.7709,223.085938,224.914062,15625000.0000,1828125000.0,616.90,306,0.30971,1.54857,1.372182e+15,2.744364e+15,3.659152e+15,3.136416e+15,2.2857,2688.0000,3.598,2,0.1061,1.0000,coarse,B,3.2132,4.2378,4.4770,False,512,39,0.077973,224.101562,13CO(2-1),3702.5625,5036.322,star,28.066,3.929,21.891,512,20260825,False,False,
WD2039-202,WD2039-202,6,A002_Xe539c7_X113b1,21.7709,225.085938,226.914062,15625000.0000,1828125000.0,616.90,306,0.29218,1.46090,1.294497e+15,2.588995e+15,3.451993e+15,2.958851e+15,2.2857,2712.0000,3.598,2,0.1071,1.0000,coarse,B,2.4663,4.1769,4.2277,False,512,275,0.538012,226.414062,CO(2-1),-4123.9375,-5362.783,star,27.817,3.894,21.698,512,20260825,False,False,
WD2039-202,WD2039-202,6,A002_Xe539c7_X113b1,21.7709,239.085938,240.914063,15625000.0000,1828125000.0,616.90,306,0.31849,1.59248,1.411090e+15,2.822180e+15,3.762907e+15,3.225349e+15,2.2857,2880.0000,3.598,2,0.1137,1.0000,coarse,B,1.9552,4.2687,3.8526,False,512,487,0.951267,240.648438,CS(5-4),-4287.5625,-5247.815,star,26.195,3.667,20.432,512,20260825,False,False,
WD2039-202,WD2039-202,6,A002_Xe539c7_X113b1,21.7709,241.085938,242.914063,15625000.0000,1828125000.0,616.90,306,0.34089,1.70444,1.510299e+15,3.020598e+15,4.027464e+15,3.452113e+15,2.2857,2904.0000,3.598,2,0.1147,1.0000,coarse,B,2.5208,4.0714,3.7158,False,512,247,0.483431,242.710938,CS(5-4),-2225.0625,-2723.393,star,25.978,3.637,20.263,512,20260825,False,False,
HD 45184,HD 45184,6,A002_X126fc6d_Xc894,21.8923,229.665836,231.391422,976562.5000,1725585937.5,2933.28,,17.19910,85.99620,4.815835e+15,6.421113e+15,9.631670e+15,6.421113e+15,1.3333,2766.3436,3.598,41,8.309,,fine,A,4.6993,5.7182,5.0477,False,512,65,0.128655,,CO(2-1),-366.3043,-476.343,star,27.271,3.818,21.271,512,20260825,False,False,
HD 45184,HD 45184,6,A002_X126d12f_X259f,21.8923,229.665856,231.391442,976562.5000,1725585937.5,2933.28,,10.68435,53.42215,2.991670e+15,3.988894e+15,5.983341e+15,3.988894e+15,1.3333,2766.3438,3.598,41,8.309,,fine,A,4.6073,5.7197,4.9894,False,512,80,0.157895,,CO(2-1),-18.6285,-24.225,star,27.271,3.818,21.271,512,20260825,False,False,
HD 45184,HD 45184,6,A002_X126c7ed_Xe9d,21.8923,229.665871,231.391457,976562.5000,1725585937.5,2933.28,485,10.83610,54.18091,3.034161e+15,4.045548e+15,6.068322e+15,4.046036e+15,1.3335,2766.3440,3.598,41,8.309,0.9999,fine,A,4.5131,5.4896,5.3201,False,512,109,0.214425,231.009621,CO(2-1),471.6213,613.298,star,27.271,3.818,21.271,512,20260825,False,False,
HD 45184,HD 45184,6,A002_X12754c1_X9b5,21.8923,229.666036,231.391622,976562.5000,1725585937.5,2933.28,,15.28088,76.40500,4.278723e+15,5.704963e+15,8.557445e+15,5.704963e+15,1.3333,2766.3459,3.598,41,8.309,,fine,A,4.0379,5.4105,5.4957,True,512,420,0.820663,,CO(2-1),-545.7922,-709.750,star,27.271,3.818,21.271,512,20260825,False,False,
HD 45184,HD 45184,6,A002_X1271cbb_X12af8,21.8923,229.666084,231.391670,976562.5000,1725585937.5,2328.48,,13.75896,68.79534,3.852578e+15,5.136770e+15,7.705155e+15,5.136770e+15,1.3333,2766.3465,3.598,32,6.596,,fine,A,4.2127,6.0004,4.6470,False,512,250,0.489279,,CO(2-1),850.7404,1106.306,star,27.271,3.818,21.271,512,20260825,False,False,
HD 45184,HD 45184,6,A002_X1275eb2_Xe05,21.8923,229.666141,231.391727,976562.5000,1725585937.5,2933.28,,11.51617,57.58131,3.224585e+15,4.299447e+15,6.449171e+15,4.299447e+15,1.3333,2766.3472,3.598,41,8.309,,fine,A,4.1940,6.3960,4.5179,False,512,323,0.631579,,CO(2-1),308.8055,401.572,star,27.271,3.818,21.271,512,20260825,False,False,
HD 45184,HD 45184,6,A002_X12771d5_X9f13,21.8923,229.666312,231.391898,976562.5000,1725585937.5,2933.28,,12.29188,61.45987,3.441787e+15,4.589049e+15,6.883574e+15,4.589049e+15,1.3333,2766.3493,3.598,41,8.309,,fine,A,4.2811,5.6552,4.6330,False,512,285,0.557505,,CO(2-1),94.1324,122.410,star,27.271,3.818,21.271,512,20260825,False,False,
HD 45184,HD 45184,6,A002_X12771d5_X3b63,21.8923,229.666331,231.391917,976562.5000,1725585937.5,2933.28,,14.81279,74.06450,4.147653e+15,5.530205e+15,8.295307e+15,5.530205e+15,1.3333,2766.3495,3.598,41,8.309,,fine,A,4.4247,5.7233,4.7498,False,512,152,0.298246,,CO(2-1),109.7760,142.753,star,27.271,3.818,21.271,512,20260825,False,False,
HD 45184,HD 45184,6,A002_X12771d5_X10e06,21.8923,229.666447,231.392033,976562.5000,1725585937.5,2933.28,,13.79310,68.96602,3.862135e+15,5.149514e+15,7.724271e+15,5.149514e+15,1.3333,2766.3509,3.598,41,8.309,,fine,A,4.5475,5.4010,5.1761,False,512,112,0.220273,,CO(2-1),-596.1622,-775.252,star,27.271,3.818,21.271,512,20260825,False,False,
HD 45184,HD 45184,6,A002_X126fc6d_Xc894,21.8923,232.072567,233.900692,15625000.0000,1828125000.0,3610.66,,3.13385,15.66936,1.403989e+16,2.807977e+16,3.743970e+16,3.209117e+16,2.2857,2795.8396,3.598,4,0.6461,,coarse,B,3.4082,4.1560,4.1299,False,512,39,0.077973,,CO(2-1),2362.6918,3072.453,star,26.983,3.778,21.047,512,20260825,False,False,
HD 45184,HD 45184,6,A002_X126d12f_X259f,21.8923,232.072586,233.900711,15625000.0000,1828125000.0,3610.66,,1.89788,9.48948,8.502657e+15,1.700531e+16,2.267375e+16,1.943464e+16,2.2857,2795.8398,3.598,4,0.6461,,coarse,B,3.3723,4.8400,4.7160,False,512,43,0.085770,,CO(2-1),2253.3364,2930.247,star,26.983,3.778,21.047,512,20260825,False,False,
HD 45184,HD 45184,6,A002_X126c7ed_Xe9d,21.8923,232.072602,233.900727,15625000.0000,1828125000.0,3610.66,597,1.91521,9.57611,8.580278e+15,1.716056e+16,2.288074e+16,1.961207e+16,2.2857,2795.8400,3.598,4,0.6461,1.0000,coarse,B,2.8615,4.4305,2.9790,False,512,231,0.452242,232.994477,CO(2-1),2456.4768,3194.411,star,26.983,3.778,21.047,512,20260825,False,False,
HD 45184,HD 45184,6,A002_X12754c1_X9b5,21.8923,232.072766,233.900891,15625000.0000,1828125000.0,3610.66,,2.75780,13.78911,1.235516e+16,2.471033e+16,3.294710e+16,2.824038e+16,2.2857,2795.8419,3.598,4,0.6461,,coarse,B,2.5494,4.8596,3.1454,False,512,362,0.707602,,CO(2-1),2237.8914,2910.162,star,26.983,3.778,21.047,512,20260825,False,False,
HD 45184,HD 45184,6,A002_X1271cbb_X12af8,21.8923,232.072815,233.900940,15625000.0000,1828125000.0,2836.51,,2.46821,12.34116,1.105779e+16,2.211558e+16,2.948744e+16,2.527495e+16,2.2857,2795.8425,3.598,3,0.5075,,coarse,B,1.5820,4.0252,3.1232,False,512,512,1.000000,,CO(2-1),1753.5647,2280.342,star,26.983,3.778,21.047,512,20260825,False,False,
HD 45184,HD 45184,6,A002_X1275eb2_Xe05,21.8923,232.072872,233.900997,15625000.0000,1828125000.0,3610.66,,2.05281,10.26414,9.196759e+15,1.839352e+16,2.452469e+16,2.102116e+16,2.2857,2795.8432,3.598,4,0.6461,,coarse,B,2.5808,4.4483,3.3042,False,512,345,0.674464,,CO(2-1),3019.2469,3926.240,star,26.983,3.778,21.047,512,20260825,False,False,
HD 45184,HD 45184,6,A002_X12771d5_X9f13,21.8923,232.073043,233.901168,15625000.0000,1828125000.0,3610.66,,2.20973,11.04873,9.899762e+15,1.979952e+16,2.639936e+16,2.262803e+16,2.2857,2795.8453,3.598,4,0.6461,,coarse,B,3.8436,4.3489,4.0238,False,512,4,0.009747,,CO(2-1),3331.9176,4332.838,star,26.983,3.778,21.047,512,20260825,False,False,
HD 45184,HD 45184,6,A002_X12771d5_X3b63,21.8923,232.073061,233.901186,15625000.0000,1828125000.0,3610.66,,2.64832,13.24172,1.186470e+16,2.372940e+16,3.163921e+16,2.711932e+16,2.2857,2795.8455,3.598,4,0.6461,,coarse,B,2.6064,4.4521,3.1995,False,512,347,0.678363,,CO(2-1),3003.8112,3906.167,star,26.983,3.778,21.047,512,20260825,False,False,
HD 45184,HD 45184,6,A002_X12771d5_X10e06,21.8923,232.073178,233.901303,15625000.0000,1828125000.0,3610.66,,2.45503,12.27524,1.099873e+16,2.199745e+16,2.932993e+16,2.513994e+16,2.2857,2795.8469,3.598,4,0.6461,,coarse,B,3.4821,4.8452,4.0050,False,512,55,0.109162,,CO(2-1),1566.4276,2036.988,star,26.983,3.778,21.047,512,20260825,False,False,
HD 45184,HD 45184,6,A002_X126fc6d_Xc894,21.8923,244.072567,245.900692,15625000.0000,1828125000.0,3610.66,,3.20571,16.02871,1.436187e+16,2.872373e+16,3.829831e+16,3.282712e+16,2.2857,2939.8396,3.598,4,0.6793,,coarse,B,3.9536,4.3149,4.3139,False,512,3,0.007797,,CS(5-4),870.9418,1066.000,star,25.661,3.593,20.016,512,20260825,False,False,
HD 45184,HD 45184,6,A002_X126d12f_X259f,21.8923,244.072586,245.900711,15625000.0000,1828125000.0,3610.66,,1.99751,9.98762,8.948996e+15,1.789799e+16,2.386399e+16,2.045485e+16,2.2857,2939.8398,3.598,4,0.6793,,coarse,B,3.0109,4.4944,3.8127,False,512,126,0.247563,,CS(5-4),-644.6636,-789.044,star,25.661,3.593,20.016,512,20260825,False,False,
HD 45184,HD 45184,6,A002_X126c7ed_Xe9d,21.8923,244.072602,245.900727,15625000.0000,1828125000.0,3610.66,597,1.98125,9.90636,8.876184e+15,1.775237e+16,2.366982e+16,2.028843e+16,2.2857,2939.8400,3.598,4,0.6793,1.0000,coarse,B,3.1856,4.5210,3.7940,False,512,98,0.192982,245.025727,CS(5-4),89.7268,109.822,star,25.661,3.593,20.016,512,20260825,False,False,
HD 45184,HD 45184,6,A002_X12754c1_X9b5,21.8923,244.072766,245.900891,15625000.0000,1828125000.0,3610.66,,2.88266,14.41342,1.291455e+16,2.582911e+16,3.443881e+16,2.951898e+16,2.2857,2939.8419,3.598,4,0.6793,,coarse,B,2.9003,4.4875,3.4418,False,512,234,0.458090,,CS(5-4),183.6414,224.770,star,25.661,3.593,20.016,512,20260825,False,False,
HD 45184,HD 45184,6,A002_X1271cbb_X12af8,21.8923,244.072815,245.900940,15625000.0000,1828125000.0,2836.51,,2.57368,12.86853,1.153031e+16,2.306063e+16,3.074750e+16,2.635500e+16,2.2857,2939.8425,3.598,4,0.5337,,coarse,B,2.5130,4.1963,3.3800,False,512,377,0.736842,,CS(5-4),-269.4353,-329.779,star,25.661,3.593,20.016,512,20260825,False,False,
HD 45184,HD 45184,6,A002_X1275eb2_Xe05,21.8923,244.072872,245.900997,15625000.0000,1828125000.0,3610.66,,2.14484,10.72430,9.609067e+15,1.921813e+16,2.562418e+16,2.196358e+16,2.2857,2939.8432,3.598,4,0.6793,,coarse,B,2.4180,4.3386,3.2607,False,512,418,0.816764,,CS(5-4),-785.0031,-960.814,star,25.661,3.593,20.016,512,20260825,False,False,
HD 45184,HD 45184,6,A002_X12771d5_X9f13,21.8923,244.073043,245.901168,15625000.0000,1828125000.0,3610.66,,2.30106,11.50540,1.030894e+16,2.061788e+16,2.749051e+16,2.356330e+16,2.2857,2939.8453,3.598,4,0.6793,,coarse,B,2.9957,4.1951,3.4561,False,512,132,0.259259,,CS(5-4),-612.9574,-750.237,star,25.661,3.593,20.016,512,20260825,False,False,
HD 45184,HD 45184,6,A002_X12771d5_X3b63,21.8923,244.073061,245.901186,15625000.0000,1828125000.0,3610.66,,2.81902,14.09523,1.262945e+16,2.525890e+16,3.367854e+16,2.886732e+16,2.2857,2939.8455,3.598,4,0.6793,,coarse,B,3.1488,4.5275,3.7835,False,512,144,0.282651,,CS(5-4),12.0612,14.762,star,25.661,3.593,20.016,512,20260825,False,False,
HD 45184,HD 45184,6,A002_X12771d5_X10e06,21.8923,244.073178,245.901303,15625000.0000,1828125000.0,3610.66,,2.61497,13.07497,1.171529e+16,2.343058e+16,3.124078e+16,2.677781e+16,2.2857,2939.8469,3.598,4,0.6793,,coarse,B,2.2663,4.6187,2.8814,False,512,476,0.929825,,CS(5-4),-503.4474,-616.201,star,25.661,3.593,20.016,512,20260825,False,False,
HD 45184,HD 45184,6,A002_X126fc6d_Xc894,21.8923,246.072567,247.900692,15625000.0000,1828125000.0,3610.66,,3.52809,17.64062,1.580615e+16,3.161231e+16,4.214974e+16,3.612835e+16,2.2857,2963.8396,3.598,4,0.6849,,coarse,B,2.0773,4.2671,3.1343,False,512,497,0.970760,,CS(5-4),1355.3168,1658.857,star,25.454,3.564,19.854,512,20260825,False,False,
HD 45184,HD 45184,6,A002_X126d12f_X259f,21.8923,246.072586,247.900711,15625000.0000,1828125000.0,3610.66,,2.17525,10.87634,9.745301e+15,1.949060e+16,2.598747e+16,2.227497e+16,2.2857,2963.8398,3.598,4,0.6849,,coarse,B,2.6611,4.8176,3.4558,False,512,280,0.547758,,CS(5-4),2558.4614,3131.461,star,25.454,3.564,19.854,512,20260825,False,False,
HD 45184,HD 45184,6,A002_X126c7ed_Xe9d,21.8923,246.072602,247.900727,15625000.0000,1828125000.0,3610.66,597,2.18439,10.92203,9.786236e+15,1.957247e+16,2.609663e+16,2.236855e+16,2.2857,2963.8400,3.598,4,0.6849,1.0000,coarse,B,3.7535,4.1978,4.1689,False,512,16,0.033138,247.650727,CS(5-4),2714.7268,3322.724,star,25.454,3.564,19.854,512,20260825,False,False,
HD 45184,HD 45184,6,A002_X12754c1_X9b5,21.8923,246.072766,247.900891,15625000.0000,1828125000.0,3610.66,,3.09586,15.47946,1.386973e+16,2.773947e+16,3.698596e+16,3.170225e+16,2.2857,2963.8419,3.598,4,0.6849,,coarse,B,3.2923,4.5132,4.2142,False,512,83,0.163743,,CS(5-4),1371.1414,1678.226,star,25.454,3.564,19.854,512,20260825,False,False,
HD 45184,HD 45184,6,A002_X1271cbb_X12af8,21.8923,246.072815,247.900940,15625000.0000,1828125000.0,2836.51,,2.80181,14.00919,1.255236e+16,2.510471e+16,3.347295e+16,2.869110e+16,2.2857,2963.8425,3.598,4,0.538,,coarse,B,2.5647,4.3613,2.8173,False,512,327,0.639376,,CS(5-4),2199.3147,2691.878,star,25.454,3.564,19.854,512,20260825,False,False,
HD 45184,HD 45184,6,A002_X1275eb2_Xe05,21.8923,246.072872,247.900997,15625000.0000,1828125000.0,3610.66,,2.34977,11.74895,1.052716e+16,2.105432e+16,2.807243e+16,2.406208e+16,2.2857,2963.8432,3.598,4,0.6849,,coarse,B,3.4948,4.2098,3.8499,False,512,33,0.066277,,CS(5-4),1668.1219,2041.718,star,25.454,3.564,19.854,512,20260825,False,False,
HD 45184,HD 45184,6,A002_X12771d5_X9f13,21.8923,246.073043,247.901168,15625000.0000,1828125000.0,3610.66,,2.48786,12.43939,1.114580e+16,2.229160e+16,2.972214e+16,2.547612e+16,2.2857,2963.8453,3.598,4,0.6849,,coarse,B,2.2661,4.4127,2.9292,False,512,456,0.890838,,CS(5-4),2199.5426,2692.157,star,25.454,3.564,19.854,512,20260825,False,False,
HD 45184,HD 45184,6,A002_X12771d5_X3b63,21.8923,246.073061,247.901186,15625000.0000,1828125000.0,3610.66,,3.07926,15.39645,1.379536e+16,2.759071e+16,3.678762e+16,3.153224e+16,2.2857,2963.8455,3.598,4,0.6849,,coarse,B,2.3444,4.3062,3.1259,False,512,422,0.824561,,CS(5-4),1527.6862,1869.830,star,25.454,3.564,19.854,512,20260825,False,False,
HD 45184,HD 45184,6,A002_X12771d5_X10e06,21.8923,246.073178,247.901303,15625000.0000,1828125000.0,3610.66,,2.84916,14.24592,1.276447e+16,2.552895e+16,3.403860e+16,2.917594e+16,2.2857,2963.8469,3.598,4,0.6849,,coarse,B,2.9163,4.1311,3.5352,False,512,206,0.403509,,CS(5-4),1824.6776,2233.337,star,25.454,3.564,19.854,512,20260825,False,False,
LP 476-207 783296,LP 476-207 384128,7,A002_Xd10f82_X2635,23.7525,333.149759,334.884134,15625000.0000,1734375000.0,1409.18,233,0.52264,2.69343,2.840891e+15,5.681783e+15,7.575710e+15,6.493472e+15,2.2857,4008.2034,3.598,3,0.3615,1.0000,coarse,B,2.0332,4.1892,4.3024,False,512,493,0.962963,333.634134,CO(3-2),-12161.8657,-10543.892,star,18.822,2.635,14.681,512,20260825,False,False,
LP 476-207 783296,LP 476-207 384128,7,A002_Xd10f82_X2635,23.7525,335.045259,336.779634,15625000.0000,1734375000.0,1409.18,233,0.45298,2.33527,2.463131e+15,4.926261e+15,6.568348e+15,5.630018e+15,2.2857,4030.9494,3.598,3,0.3635,1.0000,coarse,B,2.9703,4.2953,4.1651,False,512,120,0.235867,335.123384,CO(3-2),-10672.6157,-9252.767,star,18.715,2.620,14.598,512,20260825,False,False,
LP 476-207 783296,LP 476-207 384128,7,A002_Xd10f82_X2635,23.7525,345.154398,346.879496,488281.2500,1725097656.2,1028.16,170,2.85096,14.72506,4.853520e+14,9.707039e+14,1.294272e+15,1.110584e+15,2.2882,4152.2034,3.598,44,8.743,0.9989,fine,A,4.4371,5.8578,5.8245,False,512,184,0.360624,346.823343,CO(3-2),1027.3433,890.669,star,18.169,2.544,14.172,512,20260825,False,False,
LP 476-207 783296,LP 476-207 384128,7,A002_Xd10f82_X2635,23.7525,347.045259,348.779634,15625000.0000,1734375000.0,1409.18,233,0.53335,2.75568,2.906557e+15,5.813114e+15,7.750819e+15,6.643566e+15,2.2857,4174.9494,3.598,3,0.3765,1.0000,coarse,B,3.4275,4.2282,4.5647,False,512,36,0.072125,348.092134,CO(3-2),2296.1343,1990.664,star,18.070,2.530,14.094,512,20260825,False,False,
LP 476-207 384128,LP 476-207 384128,7,A002_Xd10f82_X2635,23.7875,333.149759,334.884134,15625000.0000,1734375000.0,1409.18,233,0.52239,2.61842,2.769928e+15,5.539856e+15,7.386475e+15,6.331271e+15,2.2857,4008.2034,3.598,3,0.3615,1.0000,coarse,B,1.8538,4.6169,4.5183,False,512,505,0.986355,333.368509,CO(3-2),-12427.4907,-10774.179,star,18.822,2.635,14.681,512,20260825,False,False,
LP 476-207 384128,LP 476-207 384128,7,A002_Xd10f82_X2635,23.7875,335.045259,336.779634,15625000.0000,1734375000.0,1409.18,233,0.45240,2.26766,2.398875e+15,4.797750e+15,6.397000e+15,5.483149e+15,2.2857,4030.9494,3.598,3,0.3635,1.0000,coarse,B,2.8663,4.4202,4.3278,False,512,154,0.302144,335.420259,CO(3-2),-10375.7407,-8995.387,star,18.715,2.620,14.598,512,20260825,False,False,
LP 476-207 384128,LP 476-207 384128,7,A002_Xd10f82_X2635,23.7875,345.154398,346.879496,488281.2500,1725097656.2,1028.16,170,2.85145,14.29500,4.725678e+14,9.451355e+14,1.260181e+15,1.081331e+15,2.2882,4152.2034,3.598,44,8.743,0.9989,fine,A,4.1936,5.7657,5.4793,False,512,391,0.764133,346.514750,CO(3-2),718.7495,623.130,star,18.169,2.544,14.172,512,20260825,False,False,
LP 476-207 384128,LP 476-207 384128,7,A002_Xd10f82_X2635,23.7875,347.045259,348.779634,15625000.0000,1734375000.0,1409.18,233,0.53262,2.67021,2.824724e+15,5.649449e+15,7.532598e+15,6.456520e+15,2.2857,4174.9494,3.598,3,0.3765,1.0000,coarse,B,2.9346,4.3362,4.1926,False,512,119,0.233918,347.420259,CO(3-2),1624.2593,1408.173,star,18.070,2.530,14.094,512,20260825,False,False,
HD202628,HD202628,6,A002_Xb99071_X3ca,23.7940,229.595180,231.435512,488281.2500,1840332031.2,786.24,,18.37295,91.86636,3.038594e+15,6.077188e+15,8.102918e+15,6.945358e+15,2.2857,2766.1842,3.598,21,4.454,,fine,A,4.5231,5.6049,4.7339,False,512,99,0.194932,,CO(2-1),871.6333,1133.475,star,27.272,3.818,21.273,512,20260825,False,False,
HD202628,HD202628,6,A002_Xbf1cbb_X6176,23.7940,229.694521,231.419618,488281.2500,1725097656.2,2812.32,,1.09089,5.45446,1.804130e+14,3.608261e+14,4.811014e+14,4.123727e+14,2.2857,2766.6848,3.598,80,15.94,,fine,A,4.6441,6.1495,5.6183,False,512,170,0.333333,,CO(2-1),687.2823,893.744,star,27.268,3.817,21.269,512,20260825,False,False,
HD202628,HD202628,6,A002_Xd64dca_X820,23.7940,230.080684,230.943477,488281.2500,862792968.8,2933.28,,1.11476,5.57389,1.843634e+14,2.458179e+14,3.687268e+14,2.458179e+14,1.3333,2766.1450,3.598,81,16.62,,fine,A,4.4351,5.4659,5.7044,True,512,264,0.516569,,CO(2-1),-313.2734,-407.382,star,27.273,3.818,21.273,512,20260825,False,False,
HD202628,HD202628,6,A002_Xd64dca_X410,23.7940,230.080755,230.943548,488281.2500,862792968.8,2933.28,485,1.06798,5.33999,1.766269e+14,2.355026e+14,3.532539e+14,2.356163e+14,1.3340,2766.1458,3.598,81,16.62,0.9995,fine,A,4.2012,5.6891,5.3025,False,512,425,0.830409,230.728704,CO(2-1),190.7042,247.992,star,27.273,3.818,21.273,512,20260825,False,False,
HD202628,HD202628,6,A002_Xd659d4_X211,23.7940,230.080939,230.943732,488281.2500,862792968.8,2933.28,,1.33529,6.67655,2.208352e+14,2.944470e+14,4.416705e+14,2.944470e+14,1.3333,2766.1480,3.598,81,16.62,,fine,A,4.2557,5.6416,5.3628,False,512,391,0.764133,,CO(2-1),-93.2917,-121.317,star,27.273,3.818,21.273,512,20260825,False,False,
HD202628,HD202628,6,A002_Xd64dca_X820,23.7940,231.559785,233.387910,15625000.0000,1828125000.0,3441.31,,0.12703,0.63518,6.723022e+14,1.344604e+15,1.792806e+15,1.536691e+15,2.2857,2789.6862,3.598,4,0.6144,,coarse,B,2.6785,4.7724,3.8465,False,512,283,0.553606,,CO(2-1),1881.1604,2446.268,star,27.043,3.786,21.093,512,20260825,False,False,
HD202628,HD202628,6,A002_Xd64dca_X410,23.7940,231.559855,233.387980,15625000.0000,1828125000.0,3441.31,569,0.12072,0.60360,6.388765e+14,1.277753e+15,1.703671e+15,1.460290e+15,2.2857,2789.6870,3.598,4,0.6144,1.0000,coarse,B,2.6117,4.9908,4.2187,False,512,324,0.633528,231.559855,CO(2-1),1021.8548,1328.824,star,27.043,3.786,21.093,512,20260825,False,False,
HD202628,HD202628,6,A002_Xd659d4_X211,23.7940,231.560034,233.388159,15625000.0000,1828125000.0,3441.31,,0.15337,0.76687,8.116902e+14,1.623380e+15,2.164507e+15,1.855292e+15,2.2857,2789.6892,3.598,4,0.6144,,coarse,B,3.3986,4.2610,4.0265,False,512,46,0.091618,,CO(2-1),1631.4086,2121.490,star,27.043,3.786,21.093,512,20260825,False,False,
HD202628,HD202628,6,A002_Xb99071_X3ca,23.7940,231.602921,233.337296,15625000.0000,1734375000.0,786.24,,2.82916,14.14606,1.497276e+16,2.994551e+16,3.992735e+16,3.422344e+16,2.2857,2789.6413,3.598,2,0.1404,,coarse,B,2.5739,4.2375,3.3361,False,512,278,0.543860,,CO(2-1),1893.0456,2461.723,star,27.043,3.786,21.094,512,20260825,False,False,
HD202628,HD202628,6,A002_Xbf1cbb_X6176,23.7940,231.643507,233.377882,15625000.0000,1734375000.0,3320.35,,0.17843,0.89214,9.442783e+14,1.888557e+15,2.518076e+15,2.158350e+15,2.2857,2790.1283,3.598,4,0.5929,,coarse,B,3.2712,4.7120,4.1286,False,512,55,0.109162,,CO(2-1),2777.3824,3611.718,star,27.038,3.785,21.090,512,20260825,False,False,
HD202628,HD202628,6,A002_Xd64dca_X820,23.7940,244.558323,246.386448,15625000.0000,1828125000.0,3441.31,,0.13948,0.69740,7.381568e+14,1.476314e+15,1.968418e+15,1.687215e+15,2.2857,2945.6686,3.598,4,0.6488,,coarse,B,3.4082,4.7126,4.4727,False,512,56,0.111111,,CS(5-4),12.9481,15.848,star,25.611,3.586,19.976,512,20260825,False,False,
HD202628,HD202628,6,A002_Xd64dca_X410,23.7940,244.558396,246.386521,15625000.0000,1828125000.0,3441.31,569,0.13241,0.66207,7.007610e+14,1.401522e+15,1.868696e+15,1.601740e+15,2.2857,2945.6695,3.598,4,0.6488,1.0000,coarse,B,2.8062,4.8652,4.2484,False,512,238,0.465887,245.120896,CS(5-4),184.8964,226.306,star,25.611,3.585,19.976,512,20260825,False,False,
HD202628,HD202628,6,A002_Xd659d4_X211,23.7940,244.558585,246.386710,15625000.0000,1828125000.0,3441.31,,0.16923,0.84618,8.956312e+14,1.791262e+15,2.388350e+15,2.047157e+15,2.2857,2945.6718,3.598,4,0.6488,,coarse,B,2.4533,4.8171,3.8749,False,512,394,0.769981,,CS(5-4),856.9602,1048.887,star,25.611,3.585,19.976,512,20260825,False,False,
HD202628,HD202628,6,A002_Xb99071_X3ca,23.7940,244.601249,246.335624,15625000.0000,1734375000.0,786.24,,3.05825,15.29157,1.618521e+16,3.237042e+16,4.316056e+16,3.699476e+16,2.2857,2945.6212,3.598,2,0.1482,,coarse,B,2.9877,5.1372,3.9742,False,512,121,0.237817,,CS(5-4),1383.9992,1693.963,star,25.611,3.586,19.977,512,20260825,False,False,
HD202628,HD202628,6,A002_Xbf1cbb_X6176,23.7940,244.644105,246.378480,15625000.0000,1734375000.0,3320.35,,0.20003,1.00015,1.058603e+15,2.117207e+15,2.822942e+15,2.419665e+15,2.2857,2946.1355,3.598,4,0.6261,,coarse,B,3.6596,4.5342,4.3864,False,512,19,0.038986,,CS(5-4),176.8554,216.464,star,25.607,3.585,19.973,512,20260825,False,False,
HD202628,HD202628,6,A002_Xd64dca_X820,23.7940,246.558098,248.386223,15625000.0000,1828125000.0,3441.31,,0.16177,0.80888,8.561489e+14,1.712298e+15,2.283064e+15,1.956912e+15,2.2857,2969.6659,3.598,4,0.6541,,coarse,B,3.0513,4.6702,4.1704,False,512,143,0.280702,,CS(5-4),1825.2231,2234.005,star,25.404,3.557,19.815,512,20260825,False,False,
HD202628,HD202628,6,A002_Xd64dca_X410,23.7940,246.558172,248.386297,15625000.0000,1828125000.0,3441.31,569,0.15488,0.77440,8.196593e+14,1.639319e+15,2.185758e+15,1.873508e+15,2.2857,2969.6668,3.598,4,0.6541,1.0000,coarse,B,2.2242,4.4369,4.2244,False,512,465,0.908382,247.714422,CS(5-4),2778.4221,3400.684,star,25.404,3.557,19.815,512,20260825,False,False,
HD202628,HD202628,6,A002_Xd659d4_X211,23.7940,246.558362,248.386487,15625000.0000,1828125000.0,3441.31,,0.19438,0.97191,1.028706e+15,2.057413e+15,2.743217e+15,2.351329e+15,2.2857,2969.6691,3.598,4,0.6541,,coarse,B,2.1719,5.0107,3.8589,False,512,484,0.945419,,CS(5-4),2794.2374,3420.042,star,25.404,3.557,19.815,512,20260825,False,False,
HD202628,HD202628,6,A002_Xb99071_X3ca,23.7940,246.600992,248.335367,15625000.0000,1734375000.0,786.24,,3.57371,17.86892,1.891318e+16,3.782635e+16,5.043513e+16,4.323011e+16,2.2857,2969.6182,3.598,2,0.1494,,coarse,B,3.1771,4.9497,3.2041,False,512,53,0.105263,,CS(5-4),3274.3671,4007.702,star,25.404,3.557,19.815,512,20260825,False,False,
HD 31392,HD 31392,6,A002_X128b034_X187cc,25.7602,229.651114,231.376700,976562.5000,1725585937.5,2963.52,490,12.49886,62.49456,4.845636e+15,6.460847e+15,9.691271e+15,6.461627e+15,1.3335,2766.1669,3.598,42,8.394,0.9999,fine,A,4.1059,5.6795,5.4402,False,512,385,0.752437,230.844474,CO(2-1),306.4737,398.540,star,27.273,3.818,21.273,512,20260825,False,False,
HD 31392,HD 31392,6,A002_X1294347_X5c2e,25.7602,229.653127,231.378713,976562.5000,1725585937.5,2963.52,,10.97347,54.86759,4.254264e+15,5.672352e+15,8.508527e+15,5.672352e+15,1.3333,2766.1910,3.598,42,8.394,,fine,A,4.3921,5.5908,4.8786,False,512,163,0.319688,,CO(2-1),-776.4743,-1009.730,star,27.272,3.818,21.272,512,20260825,False,False,
HD 31392,HD 31392,6,A002_X1294347_X1b730,25.7602,229.653524,231.379110,976562.5000,1725585937.5,2963.52,,12.17717,60.88612,4.720922e+15,6.294563e+15,9.441844e+15,6.294563e+15,1.3333,2766.1958,3.598,42,8.394,,fine,A,4.6582,5.4638,4.7343,False,512,68,0.134503,,CO(2-1),664.3518,863.925,star,27.272,3.818,21.272,512,20260825,False,False,
HD 31392,HD 31392,6,A002_X1294347_X1af7f,25.7602,229.653576,231.379162,976562.5000,1725585937.5,2963.52,,11.89294,59.46493,4.610727e+15,6.147636e+15,9.221454e+15,6.147636e+15,1.3333,2766.1964,3.598,42,8.394,,fine,A,4.3405,5.8146,4.6261,False,512,223,0.436647,,CO(2-1),-453.7597,-590.071,star,27.272,3.818,21.272,512,20260825,False,False,
HD 31392,HD 31392,6,A002_X129691d_X6985,25.7602,229.653731,231.379317,976562.5000,1725585937.5,2963.52,,13.63254,68.16300,5.285149e+15,7.046866e+15,1.057030e+16,7.046866e+15,1.3333,2766.1983,3.598,42,8.394,,fine,A,4.2263,5.7451,4.8398,False,512,281,0.549708,,CO(2-1),328.6212,427.340,star,27.272,3.818,21.272,512,20260825,False,False,
HD 31392,HD 31392,6,A002_X129754b_X70a9,25.7602,229.653877,231.379462,976562.5000,1725585937.5,2963.52,,14.35933,71.79692,5.566912e+15,7.422549e+15,1.113382e+16,7.422549e+15,1.3333,2766.2000,3.598,43,8.394,,fine,A,4.3431,5.3673,4.8737,False,512,235,0.460039,,CO(2-1),54.3531,70.681,star,27.272,3.818,21.272,512,20260825,False,False,
HD 31392,HD 31392,6,A002_X129754b_X6946,25.7602,229.653946,231.379532,976562.5000,1725585937.5,2963.52,,13.19915,65.99602,5.117128e+15,6.822837e+15,1.023426e+16,6.822837e+15,1.3333,2766.2009,3.598,42,8.394,,fine,A,5.5554,5.8067,5.8654,True,512,4,0.009747,,CO(2-1),661.8448,860.665,star,27.272,3.818,21.272,512,20260825,True,False,
HD 31392,HD 31392,6,A002_X12b3da5_X4411,25.7602,229.661666,231.387252,976562.5000,1725585937.5,2963.52,,13.12630,65.63179,5.088887e+15,6.785182e+15,1.017777e+16,6.785182e+15,1.3333,2766.2935,3.598,42,8.395,,fine,A,4.3091,5.5237,4.7848,False,512,259,0.506823,,CO(2-1),538.7052,700.534,star,27.271,3.818,21.272,512,20260825,False,False,
HD 31392,HD 31392,6,A002_X12b3da5_X2f34,25.7602,229.661899,231.387485,976562.5000,1725585937.5,2963.52,,13.17864,65.89349,5.109178e+15,6.812238e+15,1.021836e+16,6.812238e+15,1.3333,2766.2963,3.598,42,8.395,,fine,A,4.6756,5.4163,4.9227,False,512,48,0.095517,,CO(2-1),79.9537,103.972,star,27.271,3.818,21.272,512,20260825,False,False,
HD 31392,HD 31392,6,A002_X128b034_X187cc,25.7602,232.057845,233.885970,15625000.0000,1828125000.0,3640.90,602,2.24072,11.20364,1.389913e+16,2.779827e+16,3.706436e+16,3.176947e+16,2.2857,2795.6629,3.598,4,0.6514,1.0000,coarse,B,2.6949,4.3640,3.8536,False,512,285,0.557505,233.432845,CO(2-1),2894.8448,3764.467,star,26.985,3.778,21.048,512,20260825,False,False,
HD 31392,HD 31392,6,A002_X1294347_X5c2e,25.7602,232.059858,233.887983,15625000.0000,1828125000.0,3640.90,,1.94255,9.71277,1.204957e+16,2.409915e+16,3.213220e+16,2.754188e+16,2.2857,2795.6870,3.598,4,0.6514,,coarse,B,2.5904,4.1511,2.9937,False,512,344,0.672515,,CO(2-1),2693.7327,3502.940,star,26.985,3.778,21.048,512,20260825,False,False,
HD 31392,HD 31392,6,A002_X1294347_X1b730,25.7602,232.060254,233.888379,15625000.0000,1828125000.0,3640.90,,2.17618,10.88093,1.349878e+16,2.699755e+16,3.599674e+16,3.085435e+16,2.2857,2795.6918,3.598,4,0.6514,,coarse,B,2.6038,4.4189,3.3369,False,512,343,0.670565,,CO(2-1),1803.5041,2345.283,star,26.985,3.778,21.048,512,20260825,False,False,
HD 31392,HD 31392,6,A002_X1294347_X1af7f,25.7602,232.060307,233.888432,15625000.0000,1828125000.0,3640.90,,2.11550,10.57755,1.312241e+16,2.624483e+16,3.499310e+16,2.999409e+16,2.2857,2795.6924,3.598,4,0.6514,,coarse,B,2.5524,4.2957,3.3960,False,512,335,0.654971,,CO(2-1),3225.4317,4194.363,star,26.985,3.778,21.048,512,20260825,False,False,
HD 31392,HD 31392,6,A002_X129691d_X6985,25.7602,232.060461,233.888586,15625000.0000,1828125000.0,3640.90,,2.40096,12.00484,1.489309e+16,2.978619e+16,3.971492e+16,3.404136e+16,2.2857,2795.6943,3.598,4,0.6514,,coarse,B,2.9765,4.6895,3.8373,False,512,185,0.362573,,CO(2-1),2834.9611,3686.594,star,26.985,3.778,21.048,512,20260825,False,False,
HD 31392,HD 31392,6,A002_X129754b_X70a9,25.7602,232.060607,233.888732,15625000.0000,1828125000.0,3640.90,,2.57610,12.88057,1.597951e+16,3.195903e+16,4.261204e+16,3.652460e+16,2.2857,2795.6960,3.598,4,0.6514,,coarse,B,2.5526,4.0807,2.8010,False,512,358,0.699805,,CO(2-1),1585.1070,2061.279,star,26.985,3.778,21.048,512,20260825,False,False,
HD 31392,HD 31392,6,A002_X129754b_X6946,25.7602,232.060677,233.888802,15625000.0000,1828125000.0,3640.90,,2.34170,11.70856,1.452552e+16,2.905105e+16,3.873473e+16,3.320120e+16,2.2857,2795.6969,3.598,4,0.6514,,coarse,B,2.6175,4.3640,3.5482,False,512,255,0.499025,,CO(2-1),3147.6768,4093.250,star,26.985,3.778,21.048,512,20260825,False,False,
HD 31392,HD 31392,6,A002_X12b3da5_X4411,25.7602,232.068397,233.896522,15625000.0000,1828125000.0,3640.90,,2.35175,11.75882,1.458788e+16,2.917577e+16,3.890103e+16,3.334374e+16,2.2857,2795.7895,3.598,4,0.6515,,coarse,B,2.9039,5.2061,3.7283,False,512,183,0.358674,,CO(2-1),2061.6466,2680.973,star,26.984,3.778,21.047,512,20260825,False,False,
HD 31392,HD 31392,6,A002_X12b3da5_X2f34,25.7602,232.068629,233.896754,15625000.0000,1828125000.0,3640.90,,2.34841,11.74210,1.456714e+16,2.913428e+16,3.884571e+16,3.329632e+16,2.2857,2795.7923,3.598,4,0.6515,,coarse,B,2.4541,4.2581,3.3968,False,512,411,0.803119,,CO(2-1),1968.1295,2559.363,star,26.984,3.778,21.047,512,20260825,False,False,
HD 31392,HD 31392,6,A002_X128b034_X187cc,25.7602,244.057845,245.885970,15625000.0000,1828125000.0,3640.90,602,2.35123,11.75620,1.458464e+16,2.916927e+16,3.889237e+16,3.333633e+16,2.2857,2939.6629,3.598,4,0.685,1.0000,coarse,B,2.3677,4.8643,3.0112,False,512,440,0.859649,245.839095,CS(5-4),903.0948,1105.354,star,25.663,3.593,20.017,512,20260825,False,False,
HD 31392,HD 31392,6,A002_X1294347_X5c2e,25.7602,244.059858,245.887983,15625000.0000,1828125000.0,3640.90,,2.02819,10.14102,1.258085e+16,2.516170e+16,3.354893e+16,2.875623e+16,2.2857,2939.6870,3.598,4,0.685,,coarse,B,3.0378,4.4263,3.5005,False,512,131,0.257310,,CS(5-4),-157.3923,-192.642,star,25.663,3.593,20.017,512,20260825,False,False,
HD 31392,HD 31392,6,A002_X1294347_X1b730,25.7602,244.060254,245.888379,15625000.0000,1828125000.0,3640.90,,2.27985,11.39933,1.414190e+16,2.828380e+16,3.771173e+16,3.232434e+16,2.2857,2939.6918,3.598,4,0.685,,coarse,B,2.5588,4.9309,3.1191,False,512,323,0.631579,,CS(5-4),-313.2459,-383.401,star,25.663,3.593,20.017,512,20260825,False,False,
HD 31392,HD 31392,6,A002_X1294347_X1af7f,25.7602,244.060307,245.888432,15625000.0000,1828125000.0,3640.90,,2.21064,11.05325,1.371256e+16,2.742512e+16,3.656682e+16,3.134299e+16,2.2857,2939.6924,3.598,4,0.685,,coarse,B,2.8126,4.1203,3.3844,False,512,237,0.463938,,CS(5-4),671.1817,821.501,star,25.663,3.593,20.017,512,20260825,False,False,
HD 31392,HD 31392,6,A002_X129691d_X6985,25.7602,244.060461,245.888586,15625000.0000,1828125000.0,3640.90,,2.51925,12.59633,1.562689e+16,3.125377e+16,4.167170e+16,3.571860e+16,2.2857,2939.6943,3.598,4,0.685,,coarse,B,3.6662,4.3912,3.8511,False,512,18,0.037037,,CS(5-4),-109.9139,-134.531,star,25.663,3.593,20.017,512,20260825,False,False,
HD 31392,HD 31392,6,A002_X129754b_X70a9,25.7602,244.060607,245.888732,15625000.0000,1828125000.0,3640.90,,2.72057,13.60289,1.687562e+16,3.375125e+16,4.500166e+16,3.857285e+16,2.2857,2939.6960,3.598,4,0.685,,coarse,B,2.8824,4.5623,3.8449,False,512,205,0.401559,,CS(5-4),-141.0180,-172.601,star,25.663,3.593,20.017,512,20260825,False,False,
HD 31392,HD 31392,6,A002_X129754b_X6946,25.7602,244.060677,245.888802,15625000.0000,1828125000.0,3640.90,,2.46998,12.34995,1.532123e+16,3.064246e+16,4.085661e+16,3.501996e+16,2.2857,2939.6969,3.598,4,0.685,,coarse,B,2.8638,4.2886,3.7939,False,512,223,0.436647,,CS(5-4),249.6768,305.595,star,25.663,3.593,20.017,512,20260825,False,False,
HD 31392,HD 31392,6,A002_X12b3da5_X4411,25.7602,244.068397,245.896522,15625000.0000,1828125000.0,3640.90,,2.43825,12.19131,1.512442e+16,3.024884e+16,4.033179e+16,3.457010e+16,2.2857,2939.7895,3.598,4,0.685,,coarse,B,2.0511,5.0519,3.4889,False,512,498,0.972710,,CS(5-4),-320.7284,-392.560,star,25.662,3.593,20.016,512,20260825,False,False,
HD 31392,HD 31392,6,A002_X12b3da5_X2f34,25.7602,244.068629,245.896754,15625000.0000,1828125000.0,3640.90,,2.44948,12.24749,1.519412e+16,3.038824e+16,4.051765e+16,3.472942e+16,2.2857,2939.7923,3.598,4,0.685,,coarse,B,2.5733,4.5342,3.3683,False,512,357,0.697856,,CS(5-4),-757.9955,-927.758,star,25.662,3.593,20.016,512,20260825,False,False,
HD 31392,HD 31392,6,A002_X128b034_X187cc,25.7602,246.057845,247.885970,15625000.0000,1828125000.0,3640.90,602,2.54583,12.72921,1.579174e+16,3.158348e+16,4.211130e+16,3.609542e+16,2.2857,2963.6629,3.598,4,0.6906,1.0000,coarse,B,3.2092,5.1896,3.9049,False,512,103,0.202729,246.745345,CS(5-4),1809.3448,2214.570,star,25.455,3.564,19.855,512,20260825,False,False,
HD 31392,HD 31392,6,A002_X1294347_X5c2e,25.7602,246.059858,247.887983,15625000.0000,1828125000.0,3640.90,,2.23762,11.18817,1.387994e+16,2.775988e+16,3.701318e+16,3.172558e+16,2.2857,2963.6870,3.598,4,0.6906,,coarse,B,2.5917,4.1469,3.4968,False,512,307,0.600390,,CS(5-4),1826.9827,2236.158,star,25.455,3.564,19.855,512,20260825,False,False,
HD 31392,HD 31392,6,A002_X1294347_X1b730,25.7602,246.060254,247.888379,15625000.0000,1828125000.0,3640.90,,2.50783,12.53920,1.555602e+16,3.111204e+16,4.148272e+16,3.555661e+16,2.2857,2963.6918,3.598,4,0.6906,,coarse,B,1.9854,4.1621,3.1692,False,512,508,0.992203,,CS(5-4),1186.7541,1452.542,star,25.455,3.564,19.855,512,20260825,False,False,
HD 31392,HD 31392,6,A002_X1294347_X1af7f,25.7602,246.060307,247.888432,15625000.0000,1828125000.0,3640.90,,2.41840,12.09208,1.500132e+16,3.000263e+16,4.000351e+16,3.428872e+16,2.2857,2963.6924,3.598,4,0.6906,,coarse,B,2.6353,4.1920,3.1507,False,512,294,0.575049,,CS(5-4),1186.8067,1452.607,star,25.455,3.564,19.855,512,20260825,False,False,
HD 31392,HD 31392,6,A002_X129691d_X6985,25.7602,246.060461,247.888586,15625000.0000,1828125000.0,3640.90,,2.77175,13.85884,1.719314e+16,3.438629e+16,4.584839e+16,3.929862e+16,2.2857,2963.6943,3.598,4,0.6906,,coarse,B,3.2752,5.0540,3.6092,False,512,111,0.218324,,CS(5-4),2483.8361,3040.122,star,25.455,3.564,19.855,512,20260825,False,False,
HD 31392,HD 31392,6,A002_X129754b_X70a9,25.7602,246.060607,247.888732,15625000.0000,1828125000.0,3640.90,,2.95431,14.77164,1.832556e+16,3.665111e+16,4.886815e+16,4.188699e+16,2.2857,2963.6960,3.598,4,0.6906,,coarse,B,3.4169,4.7778,4.1070,False,512,65,0.128655,,CS(5-4),2858.9820,3499.287,star,25.455,3.564,19.855,512,20260825,False,False,
HD 31392,HD 31392,6,A002_X129754b_X6946,25.7602,246.060677,247.888802,15625000.0000,1828125000.0,3640.90,,2.68909,13.44551,1.668038e+16,3.336075e+16,4.448100e+16,3.812657e+16,2.2857,2963.6969,3.598,4,0.6906,,coarse,B,2.9182,4.4122,3.2572,False,512,152,0.298246,,CS(5-4),1468.4268,1797.299,star,25.455,3.564,19.855,512,20260825,False,False,
HD 31392,HD 31392,6,A002_X12b3da5_X4411,25.7602,246.068397,247.896522,15625000.0000,1828125000.0,3640.90,,2.66986,13.34938,1.656112e+16,3.312223e+16,4.416298e+16,3.785398e+16,2.2857,2963.7895,3.598,4,0.6906,,coarse,B,2.9092,4.4996,3.9066,False,512,176,0.345029,,CS(5-4),2163.6466,2648.222,star,25.454,3.564,19.854,512,20260825,False,False,
HD 31392,HD 31392,6,A002_X12b3da5_X2f34,25.7602,246.068629,247.896754,15625000.0000,1828125000.0,3640.90,,2.66910,13.34559,1.655641e+16,3.311282e+16,4.415042e+16,3.784322e+16,2.2857,2963.7923,3.598,4,0.6906,,coarse,B,2.7294,4.2355,3.4569,False,512,270,0.528265,,CS(5-4),2835.7545,3470.857,star,25.454,3.564,19.854,512,20260825,False,False,
CD-57 1054,CD-57 1054,7,A002_Xcf525f_X5aa4,26.8732,333.118539,334.852914,15625000.0000,1734375000.0,1409.18,233,0.67398,3.36999,4.549853e+15,9.099707e+15,1.213294e+16,1.039967e+16,2.2857,4007.8287,3.598,3,0.3615,1.0000,coarse,B,2.3442,4.3846,4.0144,False,512,376,0.734893,334.274789,CO(3-2),-11521.2114,-9988.468,star,18.823,2.635,14.682,512,20260825,False,False,
CD-57 1054,CD-57 1054,7,A002_Xd09670_X3077,26.8732,333.119818,334.854193,15625000.0000,1734375000.0,1409.18,,0.55095,2.75491,3.719425e+15,7.438851e+15,9.918468e+15,8.501544e+15,2.2857,4007.8441,3.598,3,0.3615,,coarse,B,2.3137,4.3520,4.4383,False,512,397,0.775828,,CO(3-2),-11410.5574,-9892.535,star,18.823,2.635,14.682,512,20260825,False,False,
CD-57 1054,CD-57 1054,7,A002_Xcf525f_X5aa4,26.8732,335.014039,336.748414,15625000.0000,1734375000.0,1409.18,233,0.58243,2.91228,3.931885e+15,7.863770e+15,1.048503e+16,8.987175e+15,2.2857,4030.5747,3.598,3,0.3635,1.0000,coarse,B,2.8196,4.0836,3.5217,False,512,177,0.346979,336.498414,CO(3-2),-9297.5864,-8060.667,star,18.717,2.620,14.599,512,20260825,False,False,
CD-57 1054,CD-57 1054,7,A002_Xd09670_X3077,26.8732,335.015318,336.749693,15625000.0000,1734375000.0,1409.18,,0.47869,2.39362,3.231645e+15,6.463290e+15,8.617720e+15,7.386617e+15,2.2857,4030.5901,3.598,3,0.3635,,coarse,B,3.1107,5.0159,4.0074,False,512,73,0.144250,,CO(3-2),-10452.5574,-9061.984,star,18.717,2.620,14.599,512,20260825,False,False,
CD-57 1054,CD-57 1054,7,A002_Xcf525f_X5aa4,26.8732,345.123177,346.848275,488281.2500,1725097656.2,1028.16,170,3.61603,18.08083,7.628455e+14,1.525691e+15,2.034255e+15,1.745545e+15,2.2882,4151.8287,3.598,45,8.742,0.9989,fine,A,5.1083,5.7106,5.3719,False,512,18,0.037037,346.509896,CO(3-2),713.8960,618.922,star,18.170,2.544,14.173,512,20260825,True,False,
CD-57 1054,CD-57 1054,7,A002_Xd09670_X3077,26.8732,345.124456,346.849554,488281.2500,1725097656.2,1028.16,,3.08164,15.40924,6.501290e+14,1.300258e+15,1.733677e+15,1.486009e+15,2.2857,4151.8441,3.598,44,8.742,,fine,A,4.2906,5.8204,5.8948,True,512,316,0.617934,,CO(3-2),13.0266,11.294,star,18.170,2.544,14.173,512,20260825,False,False,
CD-57 1054,CD-57 1054,7,A002_Xcf525f_X5aa4,26.8732,347.014039,348.748414,15625000.0000,1734375000.0,1409.18,233,0.67157,3.35799,4.533644e+15,9.067288e+15,1.208972e+16,1.036263e+16,2.2857,4174.5747,3.598,3,0.3765,1.0000,coarse,B,2.4810,4.8887,3.6094,False,512,314,0.614035,347.389039,CO(3-2),1593.0386,1381.106,star,18.071,2.530,14.096,512,20260825,False,False,
CD-57 1054,CD-57 1054,7,A002_Xd09670_X3077,26.8732,347.015318,348.749693,15625000.0000,1734375000.0,1409.18,,0.56859,2.84314,3.838543e+15,7.677086e+15,1.023612e+16,8.773813e+15,2.2857,4174.5901,3.598,3,0.3765,,coarse,B,2.3272,5.3669,4.0346,False,512,394,0.769981,,CO(3-2),2297.4426,1991.799,star,18.071,2.530,14.096,512,20260825,False,False,
LP 353-51,LP 353-51,7,A002_Xd10f82_X7829,27.0991,333.107475,334.935600,15625000.0000,1828125000.0,756.00,,0.93180,4.65932,6.396812e+15,1.279362e+16,1.705817e+16,1.462129e+16,2.2857,4008.2584,3.598,4,0.1939,,coarse,B,2.4930,4.7551,4.5966,False,512,359,0.701754,,CO(3-2),-10907.2753,-9456.208,star,18.821,2.635,14.681,512,20260825,False,False,
LP 353-51,LP 353-51,7,A002_Xd10f82_X706f,27.0991,333.107596,334.935721,15625000.0000,1828125000.0,756.00,125,1.02948,5.14774,7.067364e+15,1.413473e+16,1.884631e+16,1.615399e+16,2.2857,4008.2599,3.598,4,0.1939,1.0000,coarse,B,3.3857,4.6626,4.2526,False,512,48,0.095517,334.201346,CO(3-2),-11594.6538,-10052.140,star,18.821,2.635,14.681,512,20260825,False,False,
LP 353-51,LP 353-51,7,A002_Xd10f82_X7829,27.0991,335.002975,336.831100,15625000.0000,1828125000.0,756.00,,0.81272,4.06387,5.579306e+15,1.115861e+16,1.487815e+16,1.275270e+16,2.2857,4031.0044,3.598,4,0.195,,coarse,B,2.6137,4.8858,4.1909,False,512,302,0.590643,,CO(3-2),-9027.4003,-7826.425,star,18.715,2.620,14.598,512,20260825,False,False,
LP 353-51,LP 353-51,7,A002_Xd10f82_X706f,27.0991,335.003096,336.831221,15625000.0000,1828125000.0,756.00,125,0.89215,4.46106,6.124608e+15,1.224922e+16,1.633229e+16,1.399912e+16,2.2857,4031.0059,3.598,4,0.195,1.0000,coarse,B,2.9774,4.2056,4.1766,False,512,138,0.270955,335.362471,CO(3-2),-10433.5288,-9045.487,star,18.715,2.620,14.598,512,20260825,False,False,
LP 353-51,LP 353-51,7,A002_Xd10f82_X7829,27.0991,345.158988,346.884086,488281.2500,1725097656.2,756.00,,4.99188,24.96124,1.070919e+15,2.141839e+15,2.855785e+15,2.447816e+15,2.2857,4152.2584,3.598,75,6.429,,fine,A,4.4567,5.9079,5.3986,False,512,260,0.508772,,CO(3-2),832.7150,721.933,star,18.169,2.544,14.172,512,20260825,False,False,
LP 353-51,LP 353-51,7,A002_Xd10f82_X706f,27.0991,345.159110,346.884208,488281.2500,1725097656.2,756.00,125,5.75494,28.77680,1.234620e+15,2.469239e+15,3.292319e+15,2.825060e+15,2.2882,4152.2599,3.598,75,6.429,0.9989,fine,A,4.4801,5.6766,5.4636,False,512,261,0.510721,345.265067,CO(3-2),-530.9331,-460.300,star,18.169,2.544,14.171,512,20260825,False,False,
LP 353-51,LP 353-51,7,A002_Xd10f82_X7829,27.0991,347.002975,348.831100,15625000.0000,1828125000.0,756.00,,0.93411,4.67092,6.412727e+15,1.282545e+16,1.710061e+16,1.465766e+16,2.2857,4175.0044,3.598,4,0.202,,coarse,B,3.0198,4.0324,3.8692,False,512,113,0.222222,,CO(3-2),1425.7247,1236.051,star,18.070,2.530,14.094,512,20260825,False,False,
LP 353-51,LP 353-51,7,A002_Xd10f82_X706f,27.0991,347.003096,348.831221,15625000.0000,1828125000.0,756.00,125,1.04829,5.24186,7.196573e+15,1.439315e+16,1.919086e+16,1.644933e+16,2.2857,4175.0059,3.598,4,0.202,1.0000,coarse,B,2.2333,4.2718,4.0526,False,512,460,0.898635,347.909346,CO(3-2),2113.3462,1832.194,star,18.070,2.530,14.094,512,20260825,False,False,
hd107146,hd107146,6,A002_Xbf894a_X700d,27.4697,252.732812,254.467187,15625000.0000,1734375000.0,3011.90,1494,0.14720,0.73602,1.038312e+15,2.076624e+15,2.768832e+15,2.373285e+15,2.2857,3043.2000,3.598,4,0.5866,1.0000,coarse,B,3.6391,4.6233,4.3766,False,512,24,0.048733,253.607812,CS(5-4),8671.8125,10613.973,star,24.790,3.471,19.336,512,20260825,False,False,
hd107146,hd107146,6,A002_Xbf894a_X700d,27.4697,254.732812,256.467188,15625000.0000,1734375000.0,3011.90,1494,0.13491,0.67453,9.515669e+14,1.903134e+15,2.537512e+15,2.175010e+15,2.2857,3067.2000,3.598,4,0.5912,1.0000,coarse,B,2.6626,4.1100,4.6053,False,512,291,0.569201,256.092188,HCN(3-2),-9793.8125,-11042.744,star,24.596,3.443,19.185,512,20260825,False,False,
hd107146,hd107146,6,A002_Xbf894a_X700d,27.4697,268.732813,270.467188,15625000.0000,1734375000.0,3011.90,1494,0.16320,0.81599,1.151119e+15,2.302238e+15,3.069650e+15,2.631129e+15,2.2857,3235.2000,3.598,4,0.6236,1.0000,coarse,B,2.9356,4.7394,3.9698,False,512,160,0.313840,269.748438,HCO+(3-2),2190.4375,2454.334,star,23.319,3.265,18.189,512,20260825,False,False,
hd107146,hd107146,6,A002_Xbf894a_X700d,27.4697,270.732813,272.467188,15625000.0000,1734375000.0,3011.90,1494,0.18120,0.90599,1.278087e+15,2.556173e+15,3.408231e+15,2.921341e+15,2.2857,3259.2000,3.598,4,0.6282,1.0000,coarse,B,2.6411,4.9166,4.1044,False,512,305,0.596491,272.185938,HCO+(3-2),4627.9375,5185.495,star,23.147,3.241,18.055,512,20260825,False,False,
hd107146,hd107146,7,A002_Xeba1ac_Xbc74,27.4697,335.606937,337.435062,15625000.0000,1828125000.0,2854.66,,0.30744,1.53722,2.168578e+15,4.337157e+15,5.782876e+15,4.956751e+15,2.2857,4038.2520,3.598,5,0.7378,,coarse,B,3.4690,4.4175,3.7363,False,512,51,0.101365,,CO(3-2),-8720.3125,-7560.191,star,18.682,2.615,14.572,512,20260825,False,False,
hd107146,hd107146,7,A002_Xe4f0a6_Xf0fd,27.4697,335.606937,337.435062,15625000.0000,1828125000.0,3169.15,,0.25225,1.26125,1.779259e+15,3.558518e+15,4.744691e+15,4.066878e+15,2.2857,4038.2520,3.598,5,0.8191,,coarse,B,2.8034,4.4948,3.6888,False,512,268,0.524366,,CO(3-2),-8954.6875,-7763.386,star,18.682,2.615,14.572,512,20260825,False,False,
hd107146,hd107146,7,A002_Xeba1ac_Xbc74,27.4697,337.502437,339.330562,15625000.0000,1828125000.0,2854.66,,0.26775,1.33874,1.888571e+15,3.777143e+15,5.036190e+15,4.316735e+15,2.2857,4060.9980,3.598,5,0.7419,,coarse,B,3.0396,5.2427,3.8045,False,512,134,0.263158,,CO(3-2),-7387.3125,-6404.529,star,18.577,2.601,14.490,512,20260825,False,False,
hd107146,hd107146,7,A002_Xe4f0a6_Xf0fd,27.4697,337.502437,339.330562,15625000.0000,1828125000.0,3169.15,,0.22458,1.12293,1.584128e+15,3.168256e+15,4.224342e+15,3.620864e+15,2.2857,4060.9980,3.598,5,0.8237,,coarse,B,2.4761,4.4568,3.6517,False,512,418,0.816764,,CO(3-2),-7090.4375,-6147.149,star,18.577,2.601,14.490,512,20260825,False,False,
hd107146,hd107146,7,A002_Xbf032d_X1d31,27.4697,342.219715,343.954090,15625000.0000,1734375000.0,2086.56,,4.90347,24.51738,3.458691e+16,6.917382e+16,9.223176e+16,7.905579e+16,2.2857,4117.0428,3.598,5,0.5498,,coarse,B,3.2980,4.5937,3.4900,False,512,95,0.187135,,CO(3-2),-2529.4097,-2192.906,star,18.324,2.565,14.293,512,20260825,False,False,
hd107146,hd107146,7,A002_Xbe2ed7_X7c91,27.4697,342.231954,343.966329,15625000.0000,1734375000.0,2086.56,,4.79921,23.99613,3.385158e+16,6.770315e+16,9.027087e+16,7.737503e+16,2.2857,4117.1897,3.598,5,0.5498,,coarse,B,2.9061,4.3111,3.4578,False,512,177,0.346979,,CO(3-2),-1845.2957,-1599.804,star,18.323,2.565,14.292,512,20260825,False,False,
hd107146,hd107146,7,A002_Xb999fd_X148,27.4697,342.250462,343.984837,15625000.0000,1734375000.0,2086.56,207,5.37122,26.85634,3.788651e+16,7.577302e+16,1.010307e+17,8.659799e+16,2.2857,4117.4118,3.598,5,0.5498,1.0000,coarse,B,3.4347,4.6179,3.9625,False,512,82,0.161793,342.750462,CO(3-2),-3045.5385,-2640.370,star,18.322,2.565,14.291,512,20260825,False,False,
hd107146,hd107146,7,A002_Xba0af7_X8a66,27.4697,342.256820,343.991195,15625000.0000,1734375000.0,2086.56,,4.92406,24.62063,3.473256e+16,6.946513e+16,9.262017e+16,7.938872e+16,2.2857,4117.4881,3.598,5,0.5498,,coarse,B,3.2937,4.1392,3.9852,False,512,79,0.155945,,CO(3-2),-2648.5553,-2296.200,star,18.322,2.565,14.291,512,20260825,False,False,
hd107146,hd107146,7,A002_Xbf032d_X1d31,27.4697,344.061993,345.902813,976562.5000,1840820312.5,2086.56,,24.72137,123.60701,1.089835e+16,1.453114e+16,2.179670e+16,1.453114e+16,1.3333,4139.7888,3.598,53,8.845,,fine,A,4.5395,5.3865,4.9619,False,512,200,0.391813,,CO(3-2),-676.3902,-586.405,star,18.223,2.551,14.214,512,20260825,False,False,
hd107146,hd107146,7,A002_Xbe2ed7_X7c91,27.4697,344.074232,345.915052,976562.5000,1840820312.5,2086.56,,23.78176,118.90917,1.048415e+16,1.397886e+16,2.096829e+16,1.397886e+16,1.3333,4139.9357,3.598,53,8.846,,fine,A,4.3172,5.8178,4.8651,False,512,315,0.615984,,CO(3-2),-31.3387,-27.170,star,18.223,2.551,14.214,512,20260825,False,False,
hd107146,hd107146,7,A002_Xb999fd_X148,27.4697,344.092739,345.933559,976562.5000,1840820312.5,2086.56,207,26.19282,130.96530,1.154713e+16,1.539617e+16,2.309426e+16,1.540774e+16,1.3343,4140.1578,3.598,56,8.846,0.9992,fine,A,4.3378,5.4935,5.1538,False,512,301,0.588694,345.253872,CO(3-2),-542.1283,-470.005,star,18.222,2.551,14.213,512,20260825,False,False,
hd107146,hd107146,7,A002_Xba0af7_X8a66,27.4697,344.099097,345.939917,976562.5000,1840820312.5,2086.56,,23.87217,119.36239,1.052411e+16,1.403214e+16,2.104821e+16,1.403214e+16,1.3333,4140.2341,3.598,56,8.846,,fine,A,4.7435,5.4418,5.2696,False,512,73,0.144250,,CO(3-2),-1251.5904,-1085.083,star,18.221,2.551,14.213,512,20260825,False,False,
hd107146,hd107146,7,A002_Xeba1ac_Xbc74,27.4697,347.606937,349.435062,15625000.0000,1828125000.0,2854.66,,0.29110,1.45553,2.053334e+15,4.106668e+15,5.475558e+15,4.693335e+15,2.2857,4182.2520,3.598,5,0.7641,,coarse,B,1.9536,4.4680,4.1493,False,512,510,0.996101,,CO(3-2),2857.8125,2477.619,star,18.038,2.525,14.070,512,20260825,False,False,
hd107146,hd107146,7,A002_Xe4f0a6_Xf0fd,27.4697,347.606937,349.435062,15625000.0000,1828125000.0,3169.15,,0.24655,1.23275,1.739059e+15,3.478117e+15,4.637490e+15,3.974991e+15,2.2857,4182.2520,3.598,5,0.8483,,coarse,B,2.6416,4.0836,4.0082,False,512,342,0.668616,,CO(3-2),2185.9375,1895.128,star,18.038,2.525,14.070,512,20260825,False,False,
hd107146,hd107146,7,A002_Xeba1ac_Xbc74,27.4697,349.564937,351.393062,15625000.0000,1828125000.0,2854.66,,0.32698,1.63489,2.306359e+15,4.612717e+15,6.150290e+15,5.271677e+15,2.2857,4205.7480,3.598,5,0.7684,,coarse,B,2.3523,5.1371,4.7745,False,512,446,0.871345,,CO(3-2),5487.6875,4757.624,star,17.938,2.511,13.991,512,20260825,False,False,
hd107146,hd107146,7,A002_Xe4f0a6_Xf0fd,27.4697,349.564937,351.393062,15625000.0000,1828125000.0,3169.15,,0.27976,1.39879,1.973293e+15,3.946586e+15,5.262115e+15,4.510384e+15,2.2857,4205.7480,3.598,5,0.853,,coarse,B,2.1859,4.4970,3.8254,False,512,487,0.951267,,CO(3-2),4643.9375,4026.124,star,17.938,2.511,13.991,512,20260825,False,False,
hd107146,hd107146,7,A002_Xbf032d_X1d31,27.4697,354.168249,356.008581,488281.2500,1840332031.2,2086.56,,32.48615,162.43100,7.160719e+15,1.432144e+16,1.909525e+16,1.636736e+16,2.2857,4261.0610,3.598,107,18.21,,fine,A,4.4390,6.0336,5.2187,False,512,353,0.690058,,CO(3-2),9381.0378,8133.016,star,17.705,2.479,13.810,512,20260825,False,False,
hd107146,hd107146,7,A002_Xbe2ed7_X7c91,27.4697,354.180664,356.020996,488281.2500,1840332031.2,2086.56,,30.78724,153.93669,6.786251e+15,1.357250e+16,1.809667e+16,1.551143e+16,2.2857,4261.2100,3.598,107,18.21,,fine,A,5.1934,5.9563,5.3797,False,512,28,0.056530,,CO(3-2),9019.4301,7819.515,star,17.704,2.479,13.809,512,20260825,True,False,
hd107146,hd107146,7,A002_Xb999fd_X148,27.4697,354.199439,356.039771,488281.2500,1840332031.2,2086.56,207,32.91770,164.59012,7.255904e+15,1.451181e+16,1.934908e+16,1.663782e+16,2.2930,4261.4353,3.598,113,18.21,0.9968,fine,A,4.9749,5.8253,5.2172,False,512,62,0.122807,355.590064,CO(3-2),9794.0639,8491.094,star,17.703,2.478,13.808,512,20260825,False,False,
hd107146,hd107146,7,A002_Xba0af7_X8a66,27.4697,354.205889,356.046221,488281.2500,1840332031.2,2086.56,,31.42006,157.10249,6.925814e+15,1.385163e+16,1.846884e+16,1.583043e+16,2.2857,4261.5127,3.598,113,18.21,,fine,A,4.7909,5.7726,5.5327,False,512,139,0.272904,,CO(3-2),8920.6311,7733.860,star,17.703,2.478,13.808,512,20260825,False,False,
hd107146,hd107146,7,A002_Xbf032d_X1d31,27.4697,356.115215,357.849590,15625000.0000,1734375000.0,2086.56,,6.29820,31.49103,4.442470e+16,8.884941e+16,1.184659e+17,1.015422e+17,2.2857,4283.7888,3.598,5,0.5721,,coarse,B,3.1089,4.8908,3.4962,False,512,180,0.352827,,CO(3-2),10553.5903,9149.576,star,17.611,2.466,13.736,512,20260825,False,False,
hd107146,hd107146,7,A002_Xbe2ed7_X7c91,27.4697,356.127454,357.861829,15625000.0000,1734375000.0,2086.56,,6.07054,30.35279,4.281898e+16,8.563795e+16,1.141839e+17,9.787195e+16,2.2857,4283.9357,3.598,5,0.5721,,coarse,B,3.3580,4.1709,3.6832,False,512,45,0.089669,,CO(3-2),11972.0793,10379.354,star,17.610,2.465,13.736,512,20260825,False,False,
hd107146,hd107146,7,A002_Xb999fd_X148,27.4697,356.145962,357.880337,15625000.0000,1734375000.0,2086.56,207,6.71994,33.60003,4.739990e+16,9.479980e+16,1.263997e+17,1.083430e+17,2.2857,4284.1578,3.598,5,0.5721,1.0000,coarse,B,2.8226,4.2949,3.3655,False,512,238,0.465887,356.458462,CO(3-2),10662.4615,9243.963,star,17.609,2.465,13.735,512,20260825,False,False,
hd107146,hd107146,7,A002_Xba0af7_X8a66,27.4697,356.152320,357.886695,15625000.0000,1734375000.0,2086.56,,6.12078,30.60431,4.317380e+16,8.634761e+16,1.151301e+17,9.868298e+16,2.2857,4284.2341,3.598,5,0.5721,,coarse,B,3.4317,4.9261,3.5474,False,512,54,0.107212,,CO(3-2),11903.1947,10319.634,star,17.609,2.465,13.735,512,20260825,False,False,
L 836-122,L 836-122,7,A002_Xcd64ec_X21c9,28.6967,333.132816,334.867191,15625000.0000,1734375000.0,1257.98,208,0.54880,2.74541,4.226695e+15,8.453390e+15,1.127119e+16,9.661026e+15,2.2857,4008.0000,3.598,3,0.3227,1.0000,coarse,B,2.6041,4.6272,4.6549,False,512,283,0.553606,333.382816,CO(3-2),-12413.1845,-10761.776,star,18.823,2.635,14.682,512,20260825,False,False,
L 836-122,L 836-122,7,A002_Xcd64ec_X21c9,28.6967,335.028316,336.762691,15625000.0000,1734375000.0,1257.98,208,0.47471,2.37478,3.656092e+15,7.312184e+15,9.749578e+15,8.356790e+15,2.2857,4030.7460,3.598,3,0.3245,1.0000,coarse,B,2.9811,4.5900,4.6546,False,512,114,0.224172,335.903316,CO(3-2),-9892.6845,-8576.595,star,18.716,2.620,14.599,512,20260825,False,False,
L 836-122,L 836-122,7,A002_Xcd64ec_X21c9,28.6967,345.137454,346.862552,488281.2500,1725097656.2,876.96,145,2.95345,14.77547,7.108615e+14,1.421723e+15,1.895631e+15,1.626595e+15,2.2882,4152.0000,3.598,40,7.457,0.9989,fine,A,4.1841,5.5547,5.6163,True,512,363,0.709552,346.743900,CO(3-2),947.8995,821.794,star,18.170,2.544,14.172,512,20260825,False,False,
L 836-122,L 836-122,7,A002_Xcd64ec_X21c9,28.6967,347.028316,348.762691,15625000.0000,1734375000.0,1257.98,208,0.55049,2.75400,4.239921e+15,8.479843e+15,1.130646e+16,9.691259e+15,2.2857,4174.7460,3.598,3,0.3361,1.0000,coarse,B,2.1853,4.1802,4.1657,False,512,442,0.863548,347.668941,CO(3-2),1872.9405,1623.771,star,18.071,2.530,14.095,512,20260825,False,False,
HD172555,HD172555,6,A002_Xa68906_X1590,28.7890,217.600338,219.334713,15625000.0000,1734375000.0,453.60,75,0.36778,1.83888,2.849292e+15,5.698584e+15,7.598111e+15,6.512670e+15,2.2857,2621.6103,3.598,2,0.07611,1.0000,coarse,B,2.6743,4.7577,3.7267,False,512,166,0.325536,217.897213,H2CO,-324.7873,,star,28.776,4.029,22.446,512,20260825,False,False,
HD172555,HD172555,6,A002_Xa68906_X1590,28.7890,220.363563,220.417472,15258.7891,53909301.8,453.60,75,17.43013,87.15066,1.318728e+14,2.637456e+14,3.516608e+14,4.977505e+14,3.7745,2644.6862,3.598,372,78.62,0.6056,fine,A,4.9566,6.1808,5.8948,False,512,176,0.345029,220.376487,13CO(2-1),-22.5131,-30.623,star,28.525,3.994,22.250,512,20260825,False,False,
HD172555,HD172555,6,A002_Xa68906_X1590,28.7890,230.502480,230.556389,15258.7891,53909301.8,453.60,75,16.05292,80.26459,1.214531e+14,2.429062e+14,3.238749e+14,4.836776e+14,3.9824,2766.3532,3.598,389,82.24,0.5740,fine,A,4.7304,5.8462,5.6134,False,512,388,0.758285,230.529839,CO(2-1),-8.1613,-10.613,star,27.271,3.818,21.271,512,20260825,False,False,
HD172555,HD172555,6,A002_Xa68906_X1590,28.7890,232.112870,233.847245,15625000.0000,1734375000.0,453.60,75,0.37761,1.88805,2.925479e+15,5.850958e+15,7.801278e+15,6.686813e+15,2.2857,2795.7607,3.598,2,0.08116,1.0000,coarse,B,2.7073,4.0737,4.0252,False,512,173,0.339181,233.612870,CO(2-1),3074.8703,3998.573,star,26.984,3.778,21.047,512,20260825,False,False,
HD172555,HD172555,7,A002_X107376c_X4442,28.7890,328.032897,329.757994,488281.2500,1725097656.2,2721.60,450,4.20513,21.02585,1.018095e+15,2.036189e+15,2.714919e+15,2.329362e+15,2.2880,3946.7453,3.598,141,22,0.9990,fine,A,4.4625,5.8030,5.8975,True,512,405,0.791423,328.203795,CO(3-2),-17592.2050,-15251.797,star,19.115,2.676,14.909,512,20260825,False,False,
HD172555,HD172555,7,A002_X107376c_X4442,28.7890,330.032897,331.757994,488281.2500,1725097656.2,2721.60,450,2.57143,12.85727,6.225629e+14,1.245126e+15,1.660168e+15,1.424418e+15,2.2880,3970.7453,3.598,142,22.13,0.9990,fine,A,4.2214,5.8581,5.8479,False,512,493,0.962963,331.144713,CO(3-2),-14651.2870,-12702.129,star,18.999,2.660,14.819,512,20260825,False,False,
HD172555,HD172555,7,A002_X107376c_X4442,28.7890,340.074897,341.799994,488281.2500,1725097656.2,2721.60,450,1.99524,9.97628,4.830625e+14,9.661249e+14,1.288167e+15,1.105310e+15,2.2881,4091.2493,3.598,146,22.8,0.9989,fine,A,4.9160,6.0733,5.7710,False,512,109,0.214425,341.779486,CO(3-2),-4016.5136,-3482.170,star,18.440,2.582,14.383,512,20260825,False,False,
HD172555,HD172555,7,A002_X107376c_X4442,28.7890,342.023383,343.851508,15625000.0000,1828125000.0,3864.67,639,0.38886,1.94433,3.012686e+15,6.025372e+15,8.033830e+15,6.886147e+15,2.2857,4115.2493,3.598,6,1.018,1.0000,coarse,B,3.2153,4.2967,4.0666,False,512,104,0.204678,343.820258,CO(3-2),-1975.7421,-1712.896,star,18.332,2.566,14.299,512,20260825,False,False,
HD161868,HD161868,6,A002_Xcd97a1_X2b1e,29.7465,226.304572,228.144904,488281.2500,1840332031.2,2177.28,,7.95271,39.76358,2.055601e+15,4.111201e+15,5.481601e+15,4.698515e+15,2.2857,2726.6969,3.598,60,12.16,,fine,A,4.4111,5.6721,5.1118,False,512,284,0.555556,,CO(2-1),-3072.2948,-3995.223,star,27.667,3.873,21.581,512,20260825,False,False,
HD161868,HD161868,6,A002_Xcd97a1_X2377,29.7465,226.304678,228.145011,488281.2500,1840332031.2,2177.28,216,7.65453,38.27267,1.978527e+15,3.957054e+15,5.276072e+15,4.528246e+15,2.2887,2726.6981,3.598,60,12.16,0.9987,fine,A,4.3246,5.6648,4.6144,False,512,363,0.709552,226.488272,CO(2-1),-4049.7278,-5266.281,star,27.667,3.873,21.581,512,20260825,False,False,
HD161868,HD161868,6,A002_Xce1e34_X7be,29.7465,226.358202,228.083299,488281.2500,1725097656.2,876.96,,1.26575,6.32875,3.271681e+14,6.543362e+14,8.724483e+14,7.478128e+14,2.2857,2726.6490,3.598,24,4.897,,fine,A,3.9276,6.1150,5.2464,False,512,432,0.844055,,CO(2-1),-3381.4583,-4397.261,star,27.668,3.874,21.581,512,20260825,False,False,
HD161868,HD161868,6,A002_Xcd97a1_X2b1e,29.7465,229.195739,231.036071,488281.2500,1840332031.2,2177.28,,7.07070,35.35353,1.827621e+15,3.655242e+15,4.873656e+15,4.177419e+15,2.2857,2761.3909,3.598,61,12.31,,fine,A,4.5456,6.2197,5.1009,False,512,228,0.446394,,CO(2-1),-262.1832,-340.944,star,27.320,3.825,21.309,512,20260825,False,False,
HD161868,HD161868,6,A002_Xcd97a1_X2377,29.7465,229.195842,231.036174,488281.2500,1840332031.2,2177.28,216,7.26346,36.31733,1.877445e+15,3.754890e+15,5.006520e+15,4.297043e+15,2.2888,2761.3921,3.598,61,12.31,0.9987,fine,A,4.3904,5.9952,4.8823,False,512,345,0.674464,230.305705,CO(2-1),-232.2947,-302.077,star,27.320,3.825,21.309,512,20260825,False,False,
HD161868,HD161868,6,A002_Xce1e34_X7be,29.7465,229.249474,230.974572,488281.2500,1725097656.2,876.96,,1.26638,6.33190,3.273310e+14,6.546619e+14,8.728826e+14,7.481851e+14,2.2857,2761.3443,3.598,24,4.959,,fine,A,4.0066,6.3909,5.0689,False,512,394,0.769981,,CO(2-1),54.2474,70.544,star,27.320,3.825,21.310,512,20260825,False,False,
HD161868,HD161868,6,A002_Xce1e34_X7be,29.7465,242.245515,243.979890,15625000.0000,1734375000.0,1130.98,,0.22998,1.14991,1.902241e+15,3.804482e+15,5.072642e+15,4.347979e+15,2.2857,2917.3524,3.598,2,0.2112,,coarse,B,2.4837,4.1805,3.7299,False,512,269,0.526316,,CS(5-4),-1971.7355,-2413.330,star,25.859,3.620,20.170,512,20260825,False,False,
HD161868,HD161868,6,A002_Xcd97a1_X2b1e,29.7465,242.249612,243.983987,15625000.0000,1734375000.0,2177.28,,1.32834,6.64173,1.098713e+16,2.197426e+16,2.929902e+16,2.511344e+16,2.2857,2917.4016,3.598,3,0.4065,,coarse,B,2.8049,4.7267,3.6110,False,512,151,0.296296,,CS(5-4),-1311.3882,-1605.090,star,25.859,3.620,20.170,512,20260825,False,False,
HD161868,HD161868,6,A002_Xcd97a1_X2377,29.7465,242.249721,243.984096,15625000.0000,1734375000.0,2177.28,216,1.37987,6.89935,1.141330e+16,2.282660e+16,3.043546e+16,2.608758e+16,2.2857,2917.4029,3.598,3,0.4065,1.0000,coarse,B,2.1324,4.3048,3.4974,False,512,456,0.890838,242.655971,CS(5-4),-2280.0290,-2790.670,star,25.859,3.620,20.170,512,20260825,False,False,
HD161868,HD161868,6,A002_Xce1e34_X7be,29.7465,244.245619,245.979994,15625000.0000,1734375000.0,1130.98,,0.24145,1.20724,1.997089e+15,3.994179e+15,5.325571e+15,4.564776e+15,2.2857,2941.3537,3.598,2,0.2129,,coarse,B,2.7037,4.1649,4.2157,False,512,164,0.321637,,CS(5-4),762.7440,933.570,star,25.648,3.591,20.006,512,20260825,False,False,
HD161868,HD161868,6,A002_Xcd97a1_X2b1e,29.7465,244.249750,245.984125,15625000.0000,1734375000.0,2177.28,,1.39865,6.99327,1.156868e+16,2.313736e+16,3.084981e+16,2.644270e+16,2.2857,2941.4033,3.598,3,0.4099,,coarse,B,2.8289,3.8898,3.0032,False,512,146,0.286550,,CS(5-4),876.2501,1072.497,star,25.648,3.591,20.005,512,20260825,False,False,
HD161868,HD161868,6,A002_Xcd97a1_X2377,29.7465,244.249860,245.984235,15625000.0000,1734375000.0,2177.28,216,1.43090,7.15449,1.183538e+16,2.367075e+16,3.156100e+16,2.705233e+16,2.2857,2941.4046,3.598,3,0.4099,1.0000,coarse,B,2.8672,4.2146,3.7809,False,512,117,0.230019,245.874860,CS(5-4),938.8601,1149.129,star,25.648,3.591,20.005,512,20260825,False,False,
HD161868,HD161868,7,A002_Xff294f_X812c,29.7465,330.367843,332.208175,488281.2500,1840332031.2,2751.84,,23.71332,118.56987,6.129536e+15,1.225907e+16,1.634543e+16,1.401037e+16,2.2857,3975.4561,3.598,123,22.4,,fine,A,4.5592,5.7962,5.2374,False,512,320,0.625731,,CO(3-2),-13788.9968,-11954.555,star,18.977,2.657,14.802,512,20260825,False,False,
HD161868,HD161868,7,A002_Xff45a6_X8474,29.7465,330.367943,332.208275,488281.2500,1840332031.2,2751.84,,42.00690,210.04023,1.085815e+16,2.171630e+16,2.895506e+16,2.481862e+16,2.2857,3975.4573,3.598,123,22.4,,fine,A,4.6360,5.8436,5.1954,False,512,283,0.553606,,CO(3-2),-14398.7602,-12483.197,star,18.977,2.657,14.802,512,20260825,False,False,
HD161868,HD161868,7,A002_Xff294f_X7bf4,29.7465,330.368031,332.208363,488281.2500,1840332031.2,2751.84,273,23.36850,116.84572,6.040405e+15,1.208081e+16,1.610775e+16,1.384496e+16,2.2921,3975.4584,3.598,123,22.4,0.9972,fine,A,4.9918,5.8292,5.1530,False,512,102,0.200780,330.929066,CO(3-2),-14866.9341,-12889.087,star,18.977,2.657,14.802,512,20260825,False,False,
HD161868,HD161868,7,A002_Xff45a6_X111c3,29.7465,330.368047,332.208379,488281.2500,1840332031.2,2751.84,,44.43471,222.17958,1.148570e+16,2.297140e+16,3.062853e+16,2.625303e+16,2.2857,3975.4586,3.598,123,22.4,,fine,A,4.9623,6.0056,5.1457,False,512,90,0.177388,,CO(3-2),-14039.2807,-12171.542,star,18.977,2.657,14.802,512,20260825,False,False,
HD161868,HD161868,7,A002_Xff45a6_X10ca8,29.7465,330.368222,332.208554,488281.2500,1840332031.2,2751.84,,20.23274,101.16643,5.229856e+15,1.045971e+16,1.394628e+16,1.195396e+16,2.2857,3975.4607,3.598,123,22.4,,fine,A,5.3521,5.5651,5.6769,True,512,9,0.019493,,CO(3-2),-13983.9300,-12123.555,star,18.977,2.657,14.802,512,20260825,True,False,
HD161868,HD161868,7,A002_Xff45a6_X7d88,29.7465,330.368353,332.208685,488281.2500,1840332031.2,2751.84,,22.84031,114.20464,5.903873e+15,1.180775e+16,1.574366e+16,1.349457e+16,2.2857,3975.4622,3.598,123,22.4,,fine,A,4.8276,5.6674,5.1001,False,512,142,0.278752,,CO(3-2),-15136.6318,-13122.905,star,18.977,2.657,14.802,512,20260825,False,False,
HD161868,HD161868,7,A002_Xff699e_Xd7,29.7465,330.368390,332.208722,488281.2500,1840332031.2,2751.84,,20.43883,102.19690,5.283126e+15,1.056625e+16,1.408834e+16,1.207572e+16,2.2857,3975.4627,3.598,123,22.4,,fine,A,4.5732,6.1457,5.2264,False,512,307,0.600390,,CO(3-2),-14326.5357,-12420.581,star,18.977,2.657,14.802,512,20260825,False,False,
HD161868,HD161868,7,A002_Xff699e_X7543,29.7465,330.368406,332.208738,488281.2500,1840332031.2,2751.84,,33.44963,167.25263,8.646219e+15,1.729244e+16,2.305658e+16,1.976279e+16,2.2857,3975.4629,3.598,123,22.4,,fine,A,4.8791,6.0878,5.3273,False,512,136,0.267057,,CO(3-2),-15297.7116,-13262.555,star,18.977,2.657,14.802,512,20260825,False,False,
HD161868,HD161868,7,A002_Xff45a6_X107fe,29.7465,330.368411,332.208743,488281.2500,1840332031.2,2751.84,,19.03477,95.17645,4.920200e+15,9.840400e+15,1.312053e+16,1.124617e+16,2.2857,3975.4629,3.598,123,22.4,,fine,A,5.0457,5.6567,5.2427,False,512,46,0.091618,,CO(3-2),-15354.8347,-13312.079,star,18.977,2.657,14.802,512,20260825,True,False,
HD161868,HD161868,7,A002_Xff81e8_X734e,29.7465,330.368964,332.209296,488281.2500,1840332031.2,786.24,,40.11048,200.55771,1.036794e+16,2.073589e+16,2.764785e+16,2.369816e+16,2.2857,3975.4696,3.598,32,6.401,,fine,A,4.3332,5.9149,4.7654,False,512,289,0.565302,,CO(3-2),-14698.5199,-12743.078,star,18.977,2.657,14.802,512,20260825,False,False,
HD161868,HD161868,7,A002_Xff81e8_X6f26,29.7465,330.369151,332.209483,488281.2500,1840332031.2,2751.84,,22.45829,112.29441,5.805123e+15,1.161025e+16,1.548033e+16,1.326885e+16,2.2857,3975.4718,3.598,123,22.4,,fine,A,4.7574,5.7443,5.0450,False,512,212,0.415205,,CO(3-2),-14189.0557,-12301.391,star,18.977,2.657,14.802,512,20260825,False,False,
HD161868,HD161868,7,A002_Xff0235_X3cf0,29.7465,330.425365,332.150463,488281.2500,1725097656.2,2358.72,,2.28481,11.42437,5.905890e+14,1.181178e+15,1.574904e+15,1.349918e+15,2.2857,3975.4550,3.598,95,19.2,,fine,A,4.4305,5.7953,5.5708,False,512,340,0.664717,,CO(3-2),-14084.0136,-12210.324,star,18.977,2.657,14.802,512,20260825,False,False,
HD161868,HD161868,7,A002_Xff0235_X3cf0,29.7465,332.265657,334.093782,15625000.0000,1828125000.0,3120.77,,0.31443,1.57217,2.600777e+15,5.201554e+15,6.935405e+15,5.944633e+15,2.2857,3998.1566,3.598,4,0.7985,,coarse,B,2.5335,4.2461,3.8819,False,512,368,0.719298,,CO(3-2),-12030.3426,-10429.866,star,18.869,2.642,14.718,512,20260825,False,False,
HD161868,HD161868,7,A002_Xff294f_X812c,29.7465,332.265751,334.093876,15625000.0000,1828125000.0,2751.84,,3.36603,16.83061,2.784217e+16,5.568434e+16,7.424578e+16,6.363924e+16,2.2857,3998.1578,3.598,5,0.7041,,coarse,B,2.8459,4.6014,3.5884,False,512,255,0.499025,,CO(3-2),-12233.3740,-10605.887,star,18.869,2.642,14.718,512,20260825,False,False,
HD161868,HD161868,7,A002_Xff45a6_X8474,29.7465,332.265849,334.093974,15625000.0000,1828125000.0,2751.84,,6.04180,30.20983,4.997485e+16,9.994969e+16,1.332663e+17,1.142282e+17,2.2857,3998.1589,3.598,5,0.7041,,coarse,B,3.3527,4.5054,3.6605,False,512,59,0.116959,,CO(3-2),-11952.0255,-10361.968,star,18.869,2.642,14.718,512,20260825,False,False,
HD161868,HD161868,7,A002_Xff294f_X7bf4,29.7465,332.265936,334.094061,15625000.0000,1828125000.0,2751.84,273,3.34008,16.70088,2.762756e+16,5.525512e+16,7.367350e+16,6.314888e+16,2.2857,3998.1600,3.598,5,0.7041,1.0000,coarse,B,3.2063,4.3218,3.4227,False,512,97,0.191033,333.906561,CO(3-2),-11889.4391,-10307.708,star,18.869,2.642,14.718,512,20260825,False,False,
HD161868,HD161868,7,A002_Xff45a6_X111c3,29.7465,332.265952,334.094077,15625000.0000,1828125000.0,2751.84,,6.55334,32.76758,5.420603e+16,1.084121e+17,1.445494e+17,1.238995e+17,2.2857,3998.1602,3.598,5,0.7041,,coarse,B,2.9939,4.3604,3.3580,False,512,204,0.399610,,CO(3-2),-13170.6726,-11418.490,star,18.869,2.642,14.718,512,20260825,False,False,
HD161868,HD161868,7,A002_Xff45a6_X10ca8,29.7465,332.266125,334.094250,15625000.0000,1828125000.0,2751.84,,2.97101,14.85544,2.457474e+16,4.914947e+16,6.553263e+16,5.617083e+16,2.2857,3998.1622,3.598,5,0.7041,,coarse,B,2.6547,4.1654,3.2939,False,512,324,0.633528,,CO(3-2),-11936.1253,-10348.183,star,18.869,2.642,14.718,512,20260825,False,False,
HD161868,HD161868,7,A002_Xff45a6_X7d88,29.7465,332.266253,334.094378,15625000.0000,1828125000.0,2751.84,,3.30621,16.53150,2.734737e+16,5.469474e+16,7.292633e+16,6.250828e+16,2.2857,3998.1638,3.598,5,0.7041,,coarse,B,3.7475,4.6865,3.9203,False,512,16,0.033138,,CO(3-2),-13139.1220,-11391.137,star,18.869,2.642,14.718,512,20260825,False,False,
HD161868,HD161868,7,A002_Xff699e_Xd7,29.7465,332.266290,334.094415,15625000.0000,1828125000.0,2751.84,,3.03138,15.15733,2.507414e+16,5.014828e+16,6.686437e+16,5.731232e+16,2.2857,3998.1642,3.598,5,0.7041,,coarse,B,3.8108,4.3090,4.0747,False,512,16,0.033138,,CO(3-2),-12748.4600,-11052.448,star,18.869,2.642,14.718,512,20260825,False,False,
HD161868,HD161868,7,A002_Xff699e_X7543,29.7465,332.266305,334.094430,15625000.0000,1828125000.0,2751.84,,4.84465,24.22388,4.007255e+16,8.014511e+16,1.068601e+17,9.159441e+16,2.2857,3998.1644,3.598,5,0.7041,,coarse,B,3.8023,4.7678,4.1604,False,512,21,0.042885,,CO(3-2),-11779.6947,-10212.564,star,18.869,2.642,14.718,512,20260825,False,False,
HD161868,HD161868,7,A002_Xff45a6_X107fe,29.7465,332.266311,334.094436,15625000.0000,1828125000.0,2751.84,,2.83837,14.19225,2.347765e+16,4.695529e+16,6.260706e+16,5.366319e+16,2.2857,3998.1645,3.598,5,0.7041,,coarse,B,2.7940,4.4050,3.2106,False,512,273,0.534113,,CO(3-2),-13092.1891,-11350.448,star,18.869,2.642,14.718,512,20260825,False,False,
HD161868,HD161868,7,A002_Xff81e8_X734e,29.7465,332.266856,334.094981,15625000.0000,1828125000.0,786.24,,5.81336,29.06756,4.808525e+16,9.617050e+16,1.282273e+17,1.099091e+17,2.2857,3998.1710,3.598,2,0.2012,,coarse,B,2.8646,4.1219,3.2182,False,512,145,0.284600,,CO(3-2),-11732.2692,-10171.447,star,18.869,2.642,14.718,512,20260825,False,False,
HD161868,HD161868,7,A002_Xff81e8_X6f26,29.7465,332.267040,334.095165,15625000.0000,1828125000.0,2751.84,,3.24278,16.21431,2.682266e+16,5.364532e+16,7.152709e+16,6.130893e+16,2.2857,3998.1732,3.598,5,0.7041,,coarse,B,3.1994,4.8237,3.8617,False,512,94,0.185185,,CO(3-2),-12200.8351,-10577.677,star,18.869,2.642,14.718,512,20260825,False,False,
HD161868,HD161868,7,A002_Xff0235_X3cf0,29.7465,342.315046,344.143171,15625000.0000,1828125000.0,3120.77,,0.30491,1.52459,2.522059e+15,5.044118e+15,6.725490e+15,5.764706e+15,2.2857,4118.7493,3.598,5,0.8226,,coarse,B,3.0813,4.8122,4.3194,False,512,126,0.247563,,CO(3-2),-2887.2043,-2503.100,star,18.316,2.564,14.287,512,20260825,False,False,
HD161868,HD161868,7,A002_Xff294f_X812c,29.7465,342.315138,344.143263,15625000.0000,1828125000.0,2751.84,,3.16698,15.83536,2.619576e+16,5.239153e+16,6.985537e+16,5.987603e+16,2.2857,4118.7504,3.598,5,0.7254,,coarse,B,2.4112,4.3396,3.0781,False,512,430,0.840156,,CO(3-2),-1762.1117,-1527.686,star,18.316,2.564,14.287,512,20260825,False,False,
HD161868,HD161868,7,A002_Xff45a6_X8474,29.7465,342.315240,344.143365,15625000.0000,1828125000.0,2751.84,,5.53051,27.65334,4.574576e+16,9.149152e+16,1.219887e+17,1.045617e+17,2.2857,4118.7516,3.598,5,0.7254,,coarse,B,2.8804,4.8188,4.2147,False,512,214,0.419103,,CO(3-2),-2246.3853,-1947.534,star,18.316,2.564,14.287,512,20260825,False,False,
HD161868,HD161868,7,A002_Xff294f_X7bf4,29.7465,342.315329,344.143454,15625000.0000,1828125000.0,2751.84,273,3.16614,15.83118,2.618886e+16,5.237772e+16,6.983696e+16,5.986042e+16,2.2857,4118.7527,3.598,5,0.7254,1.0000,coarse,B,2.6310,4.2788,3.7628,False,512,296,0.578947,342.502829,CO(3-2),-3293.1712,-2855.059,star,18.316,2.564,14.287,512,20260825,False,False,
HD161868,HD161868,7,A002_Xff45a6_X111c3,29.7465,342.315346,344.143471,15625000.0000,1828125000.0,2751.84,,6.30600,31.53090,5.216025e+16,1.043205e+17,1.390940e+17,1.192234e+17,2.2857,4118.7529,3.598,5,0.7254,,coarse,B,2.8855,4.2565,3.7202,False,512,238,0.465887,,CO(3-2),-3418.1543,-2963.414,star,18.316,2.564,14.287,512,20260825,False,False,
HD161868,HD161868,7,A002_Xff45a6_X10ca8,29.7465,342.315523,344.143648,15625000.0000,1828125000.0,2751.84,,2.95060,14.75343,2.440598e+16,4.881197e+16,6.508262e+16,5.578511e+16,2.2857,4118.7550,3.598,5,0.7254,,coarse,B,2.6208,4.8096,3.8240,False,512,357,0.697856,,CO(3-2),-2527.3518,-2191.121,star,18.316,2.564,14.287,512,20260825,False,False,
HD161868,HD161868,7,A002_Xff45a6_X7d88,29.7465,342.315655,344.143780,15625000.0000,1828125000.0,2751.84,,3.20574,16.02918,2.651640e+16,5.303280e+16,7.071040e+16,6.060891e+16,2.2857,4118.7566,3.598,5,0.7254,,coarse,B,2.5974,4.0928,2.9366,False,512,356,0.695906,,CO(3-2),-1839.7196,-1594.969,star,18.316,2.564,14.287,512,20260825,False,False,
HD161868,HD161868,7,A002_Xff699e_Xd7,29.7465,342.315693,344.143818,15625000.0000,1828125000.0,2751.84,,2.95242,14.76251,2.442100e+16,4.884200e+16,6.512267e+16,5.581943e+16,2.2857,4118.7571,3.598,5,0.7254,,coarse,B,3.0977,4.5578,3.3852,False,512,134,0.263158,,CO(3-2),-1917.8065,-1662.668,star,18.316,2.564,14.287,512,20260825,False,False,
HD161868,HD161868,7,A002_Xff699e_X7543,29.7465,342.315709,344.143834,15625000.0000,1828125000.0,2751.84,,4.47901,22.39571,3.704829e+16,7.409658e+16,9.879544e+16,8.468181e+16,2.2857,4118.7573,3.598,5,0.7254,,coarse,B,3.7609,4.4928,3.7844,False,512,16,0.033138,,CO(3-2),-1902.1658,-1649.108,star,18.316,2.564,14.287,512,20260825,False,False,
HD161868,HD161868,7,A002_Xff45a6_X107fe,29.7465,342.315715,344.143840,15625000.0000,1828125000.0,2751.84,,2.78641,13.93245,2.304787e+16,4.609575e+16,6.146099e+16,5.268085e+16,2.2857,4118.7573,3.598,5,0.7254,,coarse,B,3.0229,5.0151,3.4410,False,512,153,0.300195,,CO(3-2),-2667.7849,-2312.872,star,18.316,2.564,14.287,512,20260825,False,False,
HD161868,HD161868,7,A002_Xff81e8_X734e,29.7465,342.316276,344.144401,15625000.0000,1828125000.0,786.24,,5.61326,28.06710,4.643023e+16,9.286046e+16,1.238139e+17,1.061262e+17,2.2857,4118.7641,3.598,2,0.2073,,coarse,B,2.3288,4.2765,3.0734,False,512,365,0.713450,,CO(3-2),-3479.7237,-3016.793,star,18.316,2.564,14.287,512,20260825,False,False,
HD161868,HD161868,7,A002_Xff81e8_X6f26,29.7465,342.316466,344.144591,15625000.0000,1828125000.0,2751.84,,3.08542,15.42753,2.552111e+16,5.104223e+16,6.805630e+16,5.833397e+16,2.2857,4118.7663,3.598,5,0.7254,,coarse,B,2.1494,4.7270,2.9655,False,512,503,0.982456,,CO(3-2),-3432.6590,-2975.989,star,18.316,2.564,14.287,512,20260825,False,False,
HD161868,HD161868,7,A002_Xff294f_X812c,29.7465,344.200839,346.041171,488281.2500,1840332031.2,2751.84,,20.69894,103.49778,5.350376e+15,1.070075e+16,1.426767e+16,1.222943e+16,2.2857,4141.4521,3.598,128,23.34,,fine,A,4.5602,6.1784,4.9529,False,512,332,0.649123,,CO(3-2),-131.2936,-113.827,star,18.216,2.550,14.208,512,20260825,False,False,
HD161868,HD161868,7,A002_Xff45a6_X8474,29.7465,344.200939,346.041271,488281.2500,1840332031.2,2751.84,,35.41256,177.06806,9.153633e+15,1.830727e+16,2.440969e+16,2.092259e+16,2.2857,4141.4533,3.598,128,23.34,,fine,A,4.3654,5.8150,5.0769,False,512,455,0.888889,,CO(3-2),-902.1898,-782.165,star,18.216,2.550,14.208,512,20260825,False,False,
HD161868,HD161868,7,A002_Xff294f_X7bf4,29.7465,344.201027,346.041359,488281.2500,1840332031.2,2751.84,273,20.55458,102.77596,5.313061e+15,1.062612e+16,1.416816e+16,1.218072e+16,2.2926,4141.4543,3.598,128,23.34,0.9970,fine,A,4.7114,6.2661,5.3554,False,512,244,0.477583,345.545754,CO(3-2),-250.2465,-216.955,star,18.216,2.550,14.208,512,20260825,False,False,
HD161868,HD161868,7,A002_Xff45a6_X111c3,29.7465,344.201044,346.041376,488281.2500,1840332031.2,2751.84,,40.94274,204.71972,1.058310e+16,2.116620e+16,2.822160e+16,2.418995e+16,2.2857,4141.4545,3.598,128,23.34,,fine,A,4.6417,5.8331,4.9875,False,512,241,0.471735,,CO(3-2),-1423.5697,-1234.183,star,18.216,2.550,14.208,512,20260825,False,False,
HD161868,HD161868,7,A002_Xff45a6_X10ca8,29.7465,344.201219,346.041551,488281.2500,1840332031.2,2751.84,,19.21420,96.07382,4.966590e+15,9.933180e+15,1.324424e+16,1.135221e+16,2.2857,4141.4566,3.598,128,23.34,,fine,A,5.5066,6.1503,5.8270,False,512,8,0.017544,,CO(3-2),-162.1643,-140.590,star,18.216,2.550,14.208,512,20260825,True,False,
HD161868,HD161868,7,A002_Xff45a6_X7d88,29.7465,344.201349,346.041681,488281.2500,1840332031.2,2751.84,,20.82352,104.12068,5.382577e+15,1.076515e+16,1.435354e+16,1.230303e+16,2.2857,4141.4582,3.598,128,23.34,,fine,A,4.4597,6.0284,5.1950,False,512,411,0.803119,,CO(3-2),-1264.0848,-1095.915,star,18.216,2.550,14.208,512,20260825,False,False,
HD161868,HD161868,7,A002_Xff699e_Xd7,29.7465,344.201386,346.041718,488281.2500,1840332031.2,2751.84,,19.32293,96.61746,4.994694e+15,9.989388e+15,1.331918e+16,1.141644e+16,2.2857,4141.4586,3.598,128,23.34,,fine,A,5.1157,6.0306,5.4313,False,512,56,0.111111,,CO(3-2),-1547.7387,-1341.833,star,18.216,2.550,14.208,512,20260825,True,False,
HD161868,HD161868,7,A002_Xff699e_X7543,29.7465,344.201402,346.041734,488281.2500,1840332031.2,2751.84,,29.33412,146.67487,7.582440e+15,1.516488e+16,2.021984e+16,1.733129e+16,2.2857,4141.4588,3.598,128,23.34,,fine,A,5.0143,5.7295,5.2238,False,512,74,0.146199,,CO(3-2),178.8393,155.047,star,18.216,2.550,14.208,512,20260825,True,False,
HD161868,HD161868,7,A002_Xff45a6_X107fe,29.7465,344.201408,346.041740,488281.2500,1840332031.2,2751.84,,18.38462,91.92579,4.752156e+15,9.504311e+15,1.267241e+16,1.086207e+16,2.2857,4141.4589,3.598,128,23.34,,fine,A,5.0474,6.0185,5.3186,False,512,77,0.152047,,CO(3-2),-760.6080,-659.419,star,18.216,2.550,14.208,512,20260825,True,False,
HD161868,HD161868,7,A002_Xff81e8_X734e,29.7465,344.201961,346.042293,488281.2500,1840332031.2,786.24,,36.67156,183.36309,9.479058e+15,1.895812e+16,2.527749e+16,2.166642e+16,2.2857,4141.4655,3.598,33,6.669,,fine,A,4.5344,5.7246,5.9103,True,512,115,0.226121,,CO(3-2),-901.6566,-781.703,star,18.216,2.550,14.208,512,20260825,False,False,
HD161868,HD161868,7,A002_Xff81e8_X6f26,29.7465,344.202148,346.042480,488281.2500,1840332031.2,2751.84,,20.16160,100.81090,5.211476e+15,1.042295e+16,1.389727e+16,1.191195e+16,2.2857,4141.4678,3.598,128,23.34,,fine,A,4.7566,5.5947,5.3601,False,512,195,0.382066,,CO(3-2),-59.1845,-51.311,star,18.216,2.550,14.208,512,20260825,False,False,
HD161868,HD161868,7,A002_Xff0235_X3cf0,29.7465,344.258365,345.983463,488281.2500,1725097656.2,2358.72,,2.09447,10.47264,5.413891e+14,1.082778e+15,1.443704e+15,1.237461e+15,2.2857,4141.4510,3.598,99,20.01,,fine,A,4.4398,5.8882,5.7186,False,512,352,0.688109,,CO(3-2),-1245.6425,-1079.926,star,18.216,2.550,14.208,512,20260825,False,False,
51 Eri,51 Eri,6,A002_Xb95160_X3e24,29.9052,214.525853,216.260228,15625000.0000,1734375000.0,1282.18,212,0.23158,1.15789,1.935927e+15,3.871854e+15,5.162472e+15,4.424978e+15,2.2857,2584.7165,3.598,2,0.2121,1.0000,coarse,B,2.1243,4.3050,4.1243,False,512,426,0.832359,215.338353,SiO(5-4),-1766.6471,-2439.499,star,29.187,4.086,22.766,512,20260825,False,False,
51 Eri,51 Eri,6,A002_Xb95160_X3e24,29.9052,217.025772,218.760147,15625000.0000,1734375000.0,1282.18,212,0.23685,1.18423,1.979974e+15,3.959948e+15,5.279931e+15,4.525657e+15,2.2857,2614.7155,3.598,2,0.2146,1.0000,coarse,B,2.2322,3.9580,4.4594,False,512,383,0.748538,218.619522,H2CO,397.5221,,star,28.852,4.039,22.505,512,20260825,False,False,
51 Eri,51 Eri,6,A002_Xb95160_X3e24,29.9052,229.662803,231.387413,1953125.0000,1724609375.0,1028.16,170,1.04724,5.23623,1.094341e+15,1.459121e+15,2.188681e+15,1.459165e+15,1.3334,2766.3013,3.598,8,1.456,1.0000,fine,A,3.9026,4.9706,5.3222,True,512,136,0.267057,230.336631,CO(2-1),-201.3685,-261.860,star,27.271,3.818,21.272,512,20260825,False,False,
51 Eri,51 Eri,6,A002_Xb95160_X3e24,29.9052,231.637421,233.371796,15625000.0000,1734375000.0,1282.18,212,0.24788,1.23941,2.072238e+15,4.144477e+15,5.525969e+15,4.736547e+15,2.2857,2790.0553,3.598,2,0.2289,1.0000,coarse,B,3.7055,4.6330,3.7600,False,512,10,0.021442,233.043671,CO(2-1),2505.6705,3258.383,star,27.039,3.785,21.091,512,20260825,False,False,
kap CrB,kap CrB,6,A002_Xe48598_Xff51,29.9911,214.610014,216.438139,15625000.0000,1828125000.0,3471.55,574,0.21256,1.06279,1.787150e+15,3.574299e+15,4.765732e+15,4.084915e+15,2.2857,2586.2889,3.598,4,0.5746,1.0000,coarse,B,3.8277,4.2221,4.1172,False,512,10,0.021442,214.625639,SiO(5-4),-2479.3607,-3423.660,star,29.169,4.084,22.752,512,20260825,False,False,
kap CrB,kap CrB,6,A002_Xe48598_Xff51,29.9911,216.610014,218.438139,15625000.0000,1828125000.0,3471.55,574,0.25484,1.27422,2.142694e+15,4.285388e+15,5.713850e+15,4.897588e+15,2.2857,2610.2889,3.598,4,0.58,1.0000,coarse,B,2.0758,4.3849,3.6160,False,512,488,0.953216,217.594389,SiO(5-4),489.3893,675.780,star,28.901,4.046,22.543,512,20260825,False,False,
kap CrB,kap CrB,6,A002_Xe48598_Xff51,29.9911,227.610014,229.438139,15625000.0000,1828125000.0,3471.55,574,0.24923,1.24617,2.095527e+15,4.191053e+15,5.588071e+15,4.789777e+15,2.2857,2742.2889,3.598,4,0.6093,1.0000,coarse,B,2.5231,4.7681,3.4432,False,512,361,0.705653,227.735014,CO(2-1),-2802.9857,-3645.013,star,27.510,3.851,21.458,512,20260825,False,False,
kap CrB,kap CrB,6,A002_Xe48598_Xff51,29.9911,229.703284,231.428870,976562.5000,1725585937.5,2963.52,490,1.21707,6.08536,6.395598e+14,8.527464e+14,1.279120e+15,8.528494e+14,1.3335,2766.7929,3.598,40,8.396,0.9999,fine,A,4.2861,5.5322,4.9504,False,512,257,0.502924,230.417151,CO(2-1),-120.8490,-157.152,star,27.266,3.817,21.268,512,20260825,False,False,
HD 155555C,HD 155555C,7,A002_Xccea8d_X2ff5,30.4116,333.147679,334.882054,15625000.0000,1734375000.0,1778.11,294,0.47201,2.36036,4.081205e+15,8.162409e+15,1.088321e+16,9.328477e+15,2.2857,4008.1784,3.598,3,0.4561,1.0000,coarse,B,2.7710,4.1165,4.2474,False,512,183,0.358674,334.741429,CO(3-2),-11054.5715,-9583.908,star,18.822,2.635,14.681,512,20260825,False,False,
HD 155555C,HD 155555C,7,A002_Xccea8d_X2ff5,30.4116,335.043179,336.777554,15625000.0000,1734375000.0,1778.11,294,0.41018,2.05113,3.546533e+15,7.093067e+15,9.457423e+15,8.106370e+15,2.2857,4030.9244,3.598,3,0.4587,1.0000,coarse,B,2.1170,3.9902,3.4556,False,512,451,0.881092,336.496304,CO(3-2),-9299.6965,-8062.496,star,18.715,2.620,14.598,512,20260825,False,False,
HD 155555C,HD 155555C,7,A002_Xccea8d_X2ff5,30.4116,345.152317,346.877415,488281.2500,1725097656.2,1270.08,210,2.55671,12.78525,6.908276e+14,1.381655e+15,1.842207e+15,1.580753e+15,2.2882,4152.1784,3.598,57,10.8,0.9989,fine,A,4.1704,5.7123,5.3186,False,512,427,0.834308,345.906712,CO(3-2),110.7117,95.983,star,18.169,2.544,14.172,512,20260825,False,False,
HD 155555C,HD 155555C,7,A002_Xccea8d_X2ff5,30.4116,347.043179,348.777554,15625000.0000,1734375000.0,1778.11,294,0.47387,2.36965,4.097265e+15,8.194531e+15,1.092604e+16,9.365188e+15,2.2857,4174.9244,3.598,3,0.4751,1.0000,coarse,B,2.8663,4.4911,3.7137,False,512,140,0.274854,348.558804,CO(3-2),2762.8035,2395.249,star,18.070,2.530,14.095,512,20260825,False,False,
2MASS J05241914-1601153 551040,2MASS J05241914-1601153 551040,7,A002_Xcf749a_X4871,30.9854,333.127085,334.861460,15625000.0000,1734375000.0,876.96,145,0.45909,2.30236,4.132550e+15,8.265100e+15,1.102013e+16,9.445837e+15,2.2857,4007.9313,3.598,4,0.2249,1.0000,coarse,B,3.0494,4.1941,3.5895,False,512,110,0.216374,333.361460,CO(3-2),-12434.5401,-10780.291,star,18.823,2.635,14.682,512,20260825,False,False,
2MASS J05241914-1601153 551040,2MASS J05241914-1601153 551040,7,A002_Xcf749a_X4871,30.9854,335.022585,336.756960,15625000.0000,1734375000.0,876.96,145,0.40216,2.01692,3.620212e+15,7.240424e+15,9.653898e+15,8.274778e+15,2.2857,4030.6773,3.598,4,0.2262,1.0000,coarse,B,2.6111,4.5744,4.8978,False,512,301,0.588694,335.585085,CO(3-2),-10210.9151,-8852.489,star,18.717,2.620,14.599,512,20260825,False,False,
2MASS J05241914-1601153 551040,2MASS J05241914-1601153 551040,7,A002_Xcf749a_X4871,30.9854,347.022585,348.756960,15625000.0000,1734375000.0,876.96,145,0.49686,2.49242,4.473706e+15,8.947412e+15,1.192988e+16,1.022562e+16,2.2857,4174.6773,3.598,4,0.2343,1.0000,coarse,B,2.2023,4.3481,4.4681,False,512,456,0.890838,347.585085,CO(3-2),1789.0849,1551.071,star,18.071,2.530,14.095,512,20260825,False,False,
WD0346-011,WD0346-011,6,A002_Xe50c9e_X17ab,31.0396,223.085938,224.914062,15625000.0000,1828125000.0,647.14,321,0.30060,1.50302,2.707255e+15,5.414511e+15,7.219348e+15,6.188013e+15,2.2857,2688.0000,3.598,2,0.1113,1.0000,coarse,B,2.5933,4.2601,3.6679,False,512,235,0.460039,223.414062,13CO(2-1),3015.0625,4101.167,star,28.066,3.929,21.891,512,20260825,False,False,
WD0346-011,WD0346-011,6,A002_Xe50c9e_X17ab,31.0396,225.085938,226.914062,15625000.0000,1828125000.0,647.14,321,0.28200,1.41002,2.539731e+15,5.079462e+15,6.772616e+15,5.805099e+15,2.2857,2712.0000,3.598,2,0.1123,1.0000,coarse,B,2.3969,4.4134,3.6600,False,512,324,0.633528,226.382812,CO(2-1),-4155.1875,-5403.421,star,27.817,3.894,21.698,512,20260825,False,False,
WD0346-011,WD0346-011,6,A002_Xe50c9e_X17ab,31.0396,239.085938,240.914063,15625000.0000,1828125000.0,647.14,321,0.30989,1.54945,2.790876e+15,5.581752e+15,7.442336e+15,6.379145e+15,2.2857,2880.0000,3.598,2,0.1193,1.0000,coarse,B,2.2306,4.4421,3.6753,False,512,398,0.777778,239.085938,CS(5-4),-5850.0625,-7160.257,star,26.195,3.667,20.432,512,20260825,False,False,
WD0346-011,WD0346-011,6,A002_Xe50c9e_X17ab,31.0396,241.085938,242.914063,15625000.0000,1828125000.0,647.14,321,0.33857,1.69284,3.049153e+15,6.098306e+15,8.131075e+15,6.969493e+15,2.2857,2904.0000,3.598,2,0.1203,1.0000,coarse,B,2.8702,4.3233,3.8133,False,512,114,0.224172,241.320313,CS(5-4),-3615.6875,-4425.466,star,25.978,3.637,20.263,512,20260825,False,False,
2MASS J05241914-1601153 717696,2MASS J05241914-1601153 551040,7,A002_Xcf749a_X4871,31.1901,333.127085,334.861460,15625000.0000,1734375000.0,876.96,145,0.46050,2.30845,4.198424e+15,8.396848e+15,1.119580e+16,9.596408e+15,2.2857,4007.9313,3.598,4,0.2249,1.0000,coarse,B,2.9201,4.2022,3.7170,False,512,183,0.358674,334.705210,CO(3-2),-11090.7901,-9615.309,star,18.823,2.635,14.682,512,20260825,False,False,
2MASS J05241914-1601153 717696,2MASS J05241914-1601153 551040,7,A002_Xcf749a_X4871,31.1901,335.022585,336.756960,15625000.0000,1734375000.0,876.96,145,0.40122,2.01136,3.658094e+15,7.316188e+15,9.754917e+15,8.361366e+15,2.2857,4030.6773,3.598,4,0.2262,1.0000,coarse,B,2.7681,4.4213,4.9063,False,512,220,0.430799,335.585085,CO(3-2),-10210.9151,-8852.489,star,18.717,2.620,14.599,512,20260825,False,False,
2MASS J05241914-1601153 717696,2MASS J05241914-1601153 551040,7,A002_Xcf749a_X4871,31.1901,347.022585,348.756960,15625000.0000,1734375000.0,876.96,145,0.49714,2.49268,4.533496e+15,9.066991e+15,1.208932e+16,1.036229e+16,2.2857,4174.6773,3.598,4,0.2343,1.0000,coarse,B,2.7180,4.7965,4.3712,False,512,250,0.489279,348.147585,CO(3-2),2351.5849,2038.738,star,18.071,2.530,14.095,512,20260825,False,False,
UCAC2 20312880,UCAC2 20312880,7,A002_Xcdd033_X85ff,33.7660,333.096699,334.831074,15625000.0000,1734375000.0,1257.98,208,0.57702,2.89082,6.161858e+15,1.232372e+16,1.643162e+16,1.408426e+16,2.2857,4007.5666,3.598,3,0.3227,1.0000,coarse,B,2.2711,4.8827,3.6502,False,512,426,0.832359,333.877949,CO(3-2),-11918.0513,-10332.514,star,18.825,2.635,14.683,512,20260825,False,False,
UCAC2 20312880,UCAC2 20312880,7,A002_Xce574d_X37e1,33.7660,333.100645,334.835020,15625000.0000,1734375000.0,1257.98,,0.41747,2.09142,4.457920e+15,8.915840e+15,1.188779e+16,1.018953e+16,2.2857,4007.6140,3.598,3,0.3227,,coarse,B,2.5984,4.7093,4.3034,False,512,282,0.551657,,CO(3-2),-12320.3551,-10681.296,star,18.824,2.635,14.683,512,20260825,False,False,
UCAC2 20312880,UCAC2 20312880,7,A002_Xcdd033_X85ff,33.7660,334.992199,336.726574,15625000.0000,1734375000.0,1257.98,208,0.49867,2.49838,5.325347e+15,1.065069e+16,1.420093e+16,1.217223e+16,2.2857,4030.3126,3.598,3,0.3245,1.0000,coarse,B,1.9926,4.5625,3.9947,False,512,491,0.959064,335.257824,CO(3-2),-10538.1763,-9136.213,star,18.718,2.621,14.600,512,20260825,False,False,
UCAC2 20312880,UCAC2 20312880,7,A002_Xce574d_X37e1,33.7660,334.996145,336.730520,15625000.0000,1734375000.0,1257.98,,0.36198,1.81344,3.865402e+15,7.730803e+15,1.030774e+16,8.835204e+15,2.2857,4030.3600,3.598,3,0.3245,,coarse,B,2.6000,4.2077,3.3452,False,512,258,0.504873,,CO(3-2),-9518.6051,-8252.282,star,18.718,2.621,14.600,512,20260825,False,False,
UCAC2 20312880,UCAC2 20312880,7,A002_Xcdd033_X85ff,33.7660,345.101337,346.826435,488281.2500,1725097656.2,876.96,145,3.18038,15.93577,1.061483e+15,2.122967e+15,2.830623e+15,2.428888e+15,2.2882,4151.5666,3.598,39,7.456,0.9989,fine,A,4.5382,5.4153,5.7216,True,512,147,0.288499,345.167255,CO(3-2),-628.7447,-545.099,star,18.172,2.544,14.174,512,20260825,False,False,
UCAC2 20312880,UCAC2 20312880,7,A002_Xce574d_X37e1,33.7660,345.105284,346.830381,488281.2500,1725097656.2,876.96,,2.33494,11.69903,7.792737e+14,1.558547e+15,2.078063e+15,1.781197e+15,2.2857,4151.6140,3.598,40,7.456,,fine,A,4.1006,6.0687,5.3685,False,512,423,0.826511,,CO(3-2),723.3461,627.115,star,18.171,2.544,14.174,512,20260825,False,False,
UCAC2 20312880,UCAC2 20312880,7,A002_Xcdd033_X85ff,33.7660,346.992199,348.726574,15625000.0000,1734375000.0,1257.98,208,0.60119,3.01240,6.421000e+15,1.284200e+16,1.712267e+16,1.467659e+16,2.2857,4174.3126,3.598,3,0.3361,1.0000,coarse,B,2.5007,4.5521,3.8722,False,512,326,0.637427,347.554699,CO(3-2),1758.6987,1524.727,star,18.073,2.530,14.097,512,20260825,False,False,
UCAC2 20312880,UCAC2 20312880,7,A002_Xce574d_X37e1,33.7660,346.996145,348.730520,15625000.0000,1734375000.0,1257.98,,0.43340,2.17156,4.628728e+15,9.257457e+15,1.234328e+16,1.057995e+16,2.2857,4174.3600,3.598,3,0.3361,,coarse,B,2.5946,4.4815,3.7359,False,512,254,0.497076,,CO(3-2),2106.3949,1826.167,star,18.072,2.530,14.096,512,20260825,False,False,
HR 2562,HR 2562,7,A002_Xcd64ec_X9149,33.9284,335.627387,337.361762,15625000.0000,1734375000.0,2358.72,1170,0.34918,1.74594,3.757394e+15,7.514788e+15,1.001972e+16,8.588330e+15,2.2857,4037.9349,3.598,4,0.6096,1.0000,coarse,B,2.8994,4.2932,3.8751,False,512,195,0.382066,336.893012,CO(3-2),-8902.9875,-7718.564,star,18.683,2.616,14.573,512,20260825,False,False,
HR 2562,HR 2562,7,A002_Xcd64ec_X9149,33.9284,337.564887,339.299262,15625000.0000,1734375000.0,2358.72,1170,0.31540,1.57704,3.393906e+15,6.787812e+15,9.050416e+15,7.757500e+15,2.2857,4061.1849,3.598,4,0.6131,1.0000,coarse,B,2.2036,5.1655,4.2078,False,512,480,0.937622,337.783637,CO(3-2),-8012.3625,-6946.425,star,18.576,2.601,14.489,512,20260825,False,False,
HR 2562,HR 2562,7,A002_Xcd64ec_X9149,33.9284,347.627387,349.361762,15625000.0000,1734375000.0,2358.72,1170,0.34052,1.70266,3.664252e+15,7.328504e+15,9.771339e+15,8.375435e+15,2.2857,4181.9349,3.598,4,0.6313,1.0000,coarse,B,3.3977,4.8410,4.3736,False,512,44,0.087719,348.127387,CO(3-2),2331.3875,2021.228,star,18.040,2.526,14.071,512,20260825,False,False,
HR 2562,HR 2562,7,A002_Xcd64ec_X9149,33.9284,349.627387,351.361762,15625000.0000,1734375000.0,2358.72,1170,0.38644,1.93222,4.158282e+15,8.316565e+15,1.108875e+16,9.504647e+15,2.2857,4205.9349,3.598,4,0.6349,1.0000,coarse,B,2.8430,4.7717,4.0719,False,512,205,0.401559,351.096137,CO(3-2),5300.1375,4595.025,star,17.937,2.511,13.991,512,20260825,False,False,
TWA 7,TWA 7,7,A002_Xb20b6d_Xc4c,34.0975,333.505861,335.240236,15625000.0000,1734375000.0,489.89,,0.88730,4.45673,9.687072e+15,1.937414e+16,2.583219e+16,2.214188e+16,2.2857,4012.4766,3.598,2,0.1258,,coarse,B,2.3921,3.9591,3.8563,False,512,306,0.598441,,CO(3-2),-10930.7645,-9476.572,star,18.802,2.632,14.665,512,20260825,False,False,
TWA 7,TWA 7,7,A002_Xb77b17_X3940,34.0975,333.512585,335.246960,15625000.0000,1734375000.0,2896.99,479,0.40118,2.62708,5.710176e+15,1.142035e+16,1.522714e+16,1.305184e+16,2.2857,4012.5573,3.598,5,0.744,1.0000,coarse,B,2.4756,4.9174,3.8655,False,512,395,0.771930,334.325085,CO(3-2),-11470.9146,-9944.863,star,18.801,2.632,14.665,512,20260825,False,False,
TWA 7,TWA 7,7,A002_Xb825df_X2265,34.0975,333.518613,335.252988,15625000.0000,1734375000.0,3024.00,,0.41062,2.69004,5.847022e+15,1.169404e+16,1.559206e+16,1.336462e+16,2.2857,4012.6296,3.598,5,0.7766,,coarse,B,3.2043,4.5120,4.3664,False,512,107,0.210526,,CO(3-2),-12277.3869,-10644.044,star,18.801,2.632,14.665,512,20260825,False,False,
TWA 7,TWA 7,7,A002_Xb20b6d_Xc4c,34.0975,335.396879,337.131254,15625000.0000,1734375000.0,489.89,,0.74777,3.75607,8.164131e+15,1.632826e+16,2.177101e+16,1.866087e+16,2.2857,4035.1688,3.598,2,0.1265,,coarse,B,3.1349,4.2002,3.6484,False,512,67,0.132554,,CO(3-2),-9352.2457,-8108.054,star,18.696,2.617,14.583,512,20260825,False,False,
TWA 7,TWA 7,7,A002_Xb77b17_X3940,34.0975,335.403544,337.137919,15625000.0000,1734375000.0,2896.99,479,0.35742,2.34771,5.102935e+15,1.020587e+16,1.360783e+16,1.166386e+16,2.2857,4035.2488,3.598,5,0.7482,1.0000,coarse,B,3.2139,4.7367,4.2117,False,512,98,0.192982,337.075419,CO(3-2),-8720.5806,-7560.424,star,18.695,2.617,14.582,512,20260825,False,False,
TWA 7,TWA 7,7,A002_Xb825df_X2265,34.0975,335.409698,337.144073,15625000.0000,1734375000.0,3024.00,,0.35421,2.32765,5.059343e+15,1.011869e+16,1.349158e+16,1.156421e+16,2.2857,4035.3226,3.598,5,0.781,,coarse,B,3.7053,4.3351,4.1082,False,512,24,0.048733,,CO(3-2),-9448.8021,-8191.765,star,18.695,2.617,14.582,512,20260825,False,False,
TWA 7,TWA 7,7,A002_Xb20b6d_Xc4c,34.0975,345.540828,346.403377,244140.6250,862548828.1,362.88,,7.21393,36.24564,1.230982e+15,2.461963e+15,3.282618e+15,2.813672e+15,2.2857,4151.6652,3.598,26,6.171,,fine,A,3.9130,6.0616,5.5223,False,512,451,0.881092,,CO(3-2),54.8865,47.585,star,18.171,2.544,14.174,512,20260825,False,False,
TWA 7,TWA 7,7,A002_Xb77b17_X3940,34.0975,345.547794,346.410343,244140.6250,862548828.1,2388.96,395,3.26187,21.77078,7.393835e+14,1.478767e+15,1.971689e+15,1.697393e+15,2.2957,4151.7488,3.598,215,40.63,0.9957,fine,A,4.7169,5.9033,5.9305,True,512,279,0.545809,345.858341,CO(3-2),62.3410,54.047,star,18.171,2.544,14.173,512,20260825,False,False,
TWA 7,TWA 7,7,A002_Xb825df_X2265,34.0975,345.554038,346.416587,244140.6250,862548828.1,2388.96,,3.13774,20.95188,7.115719e+14,1.423144e+15,1.897525e+15,1.626450e+15,2.2857,4151.8238,3.598,223,40.63,,fine,A,4.1285,6.1420,5.5866,False,512,512,1.000000,,CO(3-2),545.6358,473.046,star,18.170,2.544,14.173,512,20260825,False,False,
TWA 7,TWA 7,7,A002_Xb20b6d_Xc4c,34.0975,347.504732,349.239107,15625000.0000,1734375000.0,489.89,,0.88698,4.45685,9.687332e+15,1.937466e+16,2.583289e+16,2.214247e+16,2.2857,4180.4630,3.598,2,0.1311,,coarse,B,2.2520,3.9446,3.8604,False,512,387,0.756335,,CO(3-2),3114.9821,2700.575,star,18.046,2.526,14.076,512,20260825,False,False,
TWA 7,TWA 7,7,A002_Xb77b17_X3940,34.0975,347.511739,349.246114,15625000.0000,1734375000.0,2896.99,479,0.42155,2.82488,6.140103e+15,1.228021e+16,1.637361e+16,1.403454e+16,2.2857,4180.5471,3.598,5,0.7751,1.0000,coarse,B,3.1147,4.3767,3.8932,False,512,118,0.231969,347.808614,CO(3-2),2012.6136,1744.862,star,18.046,2.526,14.076,512,20260825,False,False,
TWA 7,TWA 7,7,A002_Xb825df_X2265,34.0975,347.518019,349.252394,15625000.0000,1734375000.0,3024.00,,0.42400,2.84265,6.178736e+15,1.235747e+16,1.647663e+16,1.412283e+16,2.2857,4180.6225,3.598,5,0.8091,,coarse,B,3.1978,4.2176,4.4340,False,512,90,0.177388,,CO(3-2),2675.1436,2319.251,star,18.045,2.526,14.075,512,20260825,False,False,
WD 0407-179,WD 0407179,6,A002_Xb25e1a_Xed74,34.1102,215.199158,216.933533,15625000.0000,1734375000.0,60.48,10,1.31817,6.59399,1.434325e+16,2.868650e+16,3.824867e+16,3.278459e+16,2.2857,2592.7961,3.598,2,0.01004,1.0000,coarse,B,2.6989,3.9233,3.8348,False,512,173,0.339181,216.230408,SiO(5-4),-874.5921,-1207.693,star,29.096,4.073,22.695,512,20260825,False,False,
WD 0407-179,WD 0407179,6,A002_Xb25e1a_Xed74,34.1102,217.092573,218.826948,15625000.0000,1734375000.0,60.48,10,1.32570,6.63173,1.442535e+16,2.885069e+16,3.846759e+16,3.297223e+16,2.2857,2615.5171,3.598,2,0.01012,1.0000,coarse,B,2.8794,4.4825,3.8151,False,512,112,0.220273,218.795698,H2CO,573.6984,,star,28.844,4.038,22.498,512,20260825,False,False,
WD 0407-179,WD 0407179,6,A002_Xb25e1a_Xed74,34.1102,229.264212,230.989310,488281.2500,1725097656.2,60.48,10,8.10674,40.55560,2.756769e+15,5.513537e+15,7.351383e+15,6.304218e+15,2.2868,2761.5211,3.598,3,0.3421,0.9995,fine,A,3.9352,5.2529,4.8134,False,512,148,0.290448,230.504935,CO(2-1),-33.0653,-42.998,star,27.319,3.825,21.308,512,20260825,False,False,
WD 0407-179,WD 0407179,6,A002_Xb25e1a_Xed74,34.1102,231.592573,233.326948,15625000.0000,1734375000.0,60.48,10,1.36377,6.82258,1.484049e+16,2.968099e+16,3.957465e+16,3.392114e+16,2.2857,2789.5171,3.598,2,0.0108,1.0000,coarse,B,2.8568,4.1542,3.8213,False,512,115,0.226121,232.248823,CO(2-1),1710.8234,2224.761,star,27.044,3.786,21.095,512,20260825,False,False,
UCAC3 176-23654,UCAC3 176-23654,7,A002_Xd12f5c_Xd7c6,34.3459,333.148162,334.882537,15625000.0000,1734375000.0,725.76,120,0.50168,2.50852,5.532210e+15,1.106442e+16,1.475256e+16,1.264506e+16,2.2857,4008.1842,3.598,3,0.1862,1.0000,coarse,B,3.1666,4.2849,4.0509,False,512,72,0.142300,333.273162,CO(3-2),-12522.8379,-10856.841,star,18.822,2.635,14.681,512,20260825,False,False,
UCAC3 176-23654,UCAC3 176-23654,7,A002_Xd12f5c_Xd7c6,34.3459,335.043662,336.778037,15625000.0000,1734375000.0,725.76,120,0.44070,2.20360,4.859745e+15,9.719490e+15,1.295932e+16,1.110800e+16,2.2857,4030.9302,3.598,3,0.1872,1.0000,coarse,B,2.5081,4.2228,4.6760,False,512,328,0.641326,335.387412,CO(3-2),-10408.5879,-9023.864,star,18.715,2.620,14.598,512,20260825,False,False,
UCAC3 176-23654,UCAC3 176-23654,7,A002_Xd12f5c_Xd7c6,34.3459,345.152801,346.877898,488281.2500,1725097656.2,725.76,120,2.73334,13.66749,9.419332e+14,1.883866e+15,2.511822e+15,2.155334e+15,2.2882,4152.1842,3.598,61,6.172,0.9989,fine,A,4.6622,5.7033,5.6055,False,512,115,0.226121,346.338348,CO(3-2),542.3477,470.196,star,18.169,2.544,14.172,512,20260825,False,False,
UCAC3 176-23654,UCAC3 176-23654,7,A002_Xd12f5c_Xd7c6,34.3459,347.043662,348.778037,15625000.0000,1734375000.0,725.76,120,0.52935,2.64692,5.837443e+15,1.167489e+16,1.556651e+16,1.334274e+16,2.2857,4174.9302,3.598,3,0.1939,1.0000,coarse,B,2.4225,4.3426,4.1871,False,512,336,0.656920,348.746787,CO(3-2),2950.7871,2558.224,star,18.070,2.530,14.095,512,20260825,False,False,
GJ 2006B,GJ 2006A,7,A002_Xcdb7b8_Xfb16,34.9764,333.150967,334.885342,15625000.0000,1734375000.0,1257.98,208,0.39753,2.02060,4.621273e+15,9.242545e+15,1.232339e+16,1.056292e+16,2.2857,4008.2178,3.598,4,0.3227,1.0000,coarse,B,2.2646,4.3953,3.6208,False,512,450,0.879142,333.150967,CO(3-2),-12645.0334,-10962.780,star,18.822,2.635,14.681,512,20260825,False,False,
GJ 2006B,GJ 2006A,7,A002_Xcdb7b8_Xfb16,34.9764,335.046467,336.780842,15625000.0000,1734375000.0,1257.98,208,0.34602,1.75912,4.023242e+15,8.046485e+15,1.072865e+16,9.195992e+15,2.2857,4030.9638,3.598,4,0.3245,1.0000,coarse,B,2.7956,4.2641,3.9447,False,512,192,0.376218,336.077717,CO(3-2),-9718.2834,-8425.396,star,18.715,2.620,14.598,512,20260825,False,False,
GJ 2006B,GJ 2006A,7,A002_Xcdb7b8_Xfb16,34.9764,345.155605,346.880703,488281.2500,1725097656.2,876.96,145,2.21096,11.25169,8.041728e+14,1.608346e+15,2.144461e+15,1.840110e+15,2.2882,4152.2178,3.598,69,7.457,0.9989,fine,A,4.2213,5.4654,6.0069,True,512,432,0.844055,346.133633,CO(3-2),337.6326,292.715,star,18.169,2.544,14.172,512,20260825,False,False,
GJ 2006B,GJ 2006A,7,A002_Xcdb7b8_Xfb16,34.9764,347.046467,348.780842,15625000.0000,1734375000.0,1257.98,208,0.42026,2.13916,4.892433e+15,9.784867e+15,1.304649e+16,1.118272e+16,2.2857,4174.9638,3.598,4,0.3361,1.0000,coarse,B,2.2784,4.1810,3.8801,False,512,446,0.871345,348.390217,CO(3-2),2594.2166,2249.091,star,18.070,2.530,14.094,512,20260825,False,False,
ALMA J153702653-33192492,ALMA J153702653-33192492,6,A002_Xfe62c1_X398,35.0098,216.068221,217.908553,488281.2500,1840332031.2,211.68,,29.13101,162.43937,1.163189e+16,2.326379e+16,3.101838e+16,2.658719e+16,2.2857,2603.8606,3.598,79,1.129,,fine,A,5.6118,5.8474,5.7226,False,512,5,0.011696,,SiO(5-4),-920.0800,-1270.505,star,28.973,4.056,22.599,512,20260825,True,False,
ALMA J153702653-33192492,ALMA J153702653-33192492,6,A002_Xff0235_X8392,35.0098,216.071602,217.911934,488281.2500,1840332031.2,211.68,,34.45360,192.11584,1.375695e+16,2.751391e+16,3.668521e+16,3.144447e+16,2.2857,2603.9012,3.598,79,1.129,,fine,A,4.2766,5.6248,4.7952,False,512,431,0.842105,,SiO(5-4),445.6054,615.320,star,28.972,4.056,22.598,512,20260825,False,False,
ALMA J153702653-33192492,ALMA J153702653-33192492,6,A002_Xf8f6a9_X10359,35.0098,216.091061,217.931393,488281.2500,1840332031.2,211.68,,31.66074,176.57505,1.264412e+16,2.528823e+16,3.371764e+16,2.890084e+16,2.2857,2604.1347,3.598,79,1.129,,fine,A,4.9451,5.8122,5.3031,False,512,54,0.107212,,H2CO,-323.8103,,star,28.970,4.056,22.596,512,20260825,False,False,
ALMA J153702653-33192492,ALMA J153702653-33192492,6,A002_Xf8d29c_X173e,35.0098,216.092205,217.932537,488281.2500,1840332031.2,211.68,,50.54652,281.90460,2.018651e+16,4.037302e+16,5.383070e+16,4.614060e+16,2.2857,2604.1485,3.598,78,1.129,,fine,A,4.2680,6.2056,5.5453,False,512,442,0.863548,,SiO(5-4),-54.2986,-74.979,star,28.969,4.056,22.596,512,20260825,False,False,
ALMA J153702653-33192492,ALMA J153702653-33192492,6,A002_X1009c59_X1ba4d,35.0098,216.098099,217.938431,488281.2500,1840332031.2,211.68,21,43.71548,243.74769,1.745419e+16,3.490838e+16,4.654450e+16,3.994274e+16,2.2884,2604.2192,3.598,80,1.129,0.9988,fine,A,5.0905,5.6288,5.8331,True,512,28,0.056530,217.591752,SiO(5-4),486.7517,672.138,star,28.969,4.056,22.596,512,20260825,True,False,
ALMA J153702653-33192492,ALMA J153702653-33192492,6,A002_X1015532_X20dc8,35.0098,216.102295,217.942627,488281.2500,1840332031.2,211.68,,39.72454,221.49315,1.586059e+16,3.172119e+16,4.229492e+16,3.625278e+16,2.2857,2604.2695,3.598,80,1.129,,fine,A,4.8067,5.6317,5.2190,False,512,122,0.239766,,SiO(5-4),-280.0491,-386.710,star,28.968,4.056,22.595,512,20260825,False,False,
ALMA J153702653-33192492,ALMA J153702653-33192492,6,A002_X1018459_X73b0,35.0098,216.102688,217.943020,488281.2500,1840332031.2,211.68,,33.23350,185.30078,1.326894e+16,2.653789e+16,3.538385e+16,3.032902e+16,2.2857,2604.2742,3.598,79,1.129,,fine,A,4.8083,5.8307,5.4127,False,512,122,0.239766,,SiO(5-4),386.3599,533.510,star,28.968,4.056,22.595,512,20260825,False,False,
ALMA J153702653-33192492,ALMA J153702653-33192492,6,A002_X1020da2_X78cd,35.0098,216.105778,217.946110,488281.2500,1840332031.2,181.44,,32.76104,182.66481,1.308019e+16,2.616038e+16,3.488050e+16,2.989758e+16,2.2857,2604.3113,3.598,66,0.9677,,fine,A,4.8698,5.8544,5.2962,False,512,66,0.130604,,SiO(5-4),-887.8934,-1226.060,star,28.968,4.055,22.595,512,20260825,False,False,
ALMA J153702653-33192492,ALMA J153702653-33192492,6,A002_Xfe62c1_X398,35.0098,218.318221,220.158553,488281.2500,1840332031.2,211.68,,30.45609,170.21481,1.218867e+16,2.437735e+16,3.250313e+16,2.785983e+16,2.2857,2630.8606,3.598,79,1.141,,fine,A,4.8724,5.5977,5.1961,False,512,71,0.140351,,H2CO,650.9083,,star,28.675,4.015,22.367,512,20260825,False,False,
ALMA J153702653-33192492,ALMA J153702653-33192492,6,A002_Xff0235_X8392,35.0098,218.321602,220.161934,488281.2500,1840332031.2,211.68,,35.57000,198.79237,1.423505e+16,2.847009e+16,3.796012e+16,3.253725e+16,2.2857,2630.9012,3.598,80,1.141,,fine,A,4.4426,5.7074,4.9625,False,512,355,0.693957,,13CO(2-1),-323.9805,-440.687,star,28.675,4.014,22.366,512,20260825,False,False,
ALMA J153702653-33192492,ALMA J153702653-33192492,6,A002_Xf8f6a9_X10359,35.0098,218.341061,220.181393,488281.2500,1840332031.2,211.68,,33.17633,185.44942,1.327959e+16,2.655918e+16,3.541223e+16,3.035334e+16,2.2857,2631.1347,3.598,79,1.141,,fine,A,5.2889,6.0317,5.5592,False,512,18,0.037037,,H2CO,449.1389,,star,28.672,4.014,22.364,512,20260825,True,False,
ALMA J153702653-33192492,ALMA J153702653-33192492,6,A002_Xf8d29c_X173e,35.0098,218.342205,220.182537,488281.2500,1840332031.2,211.68,,54.27116,303.36737,2.172341e+16,4.344682e+16,5.792909e+16,4.965351e+16,2.2857,2631.1485,3.598,78,1.141,,fine,A,4.6674,5.4871,5.1132,False,512,159,0.311891,,H2CO,617.7639,,star,28.672,4.014,22.364,512,20260825,False,False,
ALMA J153702653-33192492,ALMA J153702653-33192492,6,A002_X1009c59_X1ba4d,35.0098,218.348099,220.188431,488281.2500,1840332031.2,211.68,21,45.24133,252.82924,1.810450e+16,3.620899e+16,4.827865e+16,4.143196e+16,2.2885,2631.2192,3.598,81,1.141,0.9988,fine,A,5.0243,6.2819,5.5227,False,512,40,0.079922,218.766556,H2CO,544.5564,,star,28.671,4.014,22.364,512,20260825,True,False,
ALMA J153702653-33192492,ALMA J153702653-33192492,6,A002_X1015532_X20dc8,35.0098,218.352295,220.192627,488281.2500,1840332031.2,211.68,,40.43040,225.94148,1.617913e+16,3.235826e+16,4.314434e+16,3.698086e+16,2.2857,2631.2695,3.598,80,1.141,,fine,A,4.7440,6.0045,5.2573,False,512,164,0.321637,,13CO(2-1),-227.3694,-309.274,star,28.671,4.014,22.363,512,20260825,False,False,
ALMA J153702653-33192492,ALMA J153702653-33192492,6,A002_X1018459_X73b0,35.0098,218.352688,220.193020,488281.2500,1840332031.2,211.68,,33.98849,189.94135,1.360124e+16,2.720249e+16,3.626999e+16,3.108856e+16,2.2857,2631.2742,3.598,80,1.141,,fine,A,4.9965,5.5505,5.5013,False,512,35,0.070175,,C18O(2-1),-354.2847,-483.749,star,28.671,4.014,22.363,512,20260825,False,False,
ALMA J153702653-33192492,ALMA J153702653-33192492,6,A002_X1020da2_X78cd,35.0098,218.355778,220.196110,488281.2500,1840332031.2,181.44,,33.83961,189.10761,1.354154e+16,2.708308e+16,3.611078e+16,3.095210e+16,2.2857,2631.3113,3.598,67,0.9778,,fine,A,4.3141,5.6241,4.7722,False,512,398,0.777778,,C18O(2-1),-348.2645,-475.529,star,28.670,4.014,22.363,512,20260825,False,False,
ALMA J153702653-33192492,ALMA J153702653-33192492,6,A002_Xfe62c1_X398,35.0098,230.292452,230.752657,244140.6250,460205078.1,211.68,,51.17120,289.37053,1.036057e+16,2.072113e+16,2.762817e+16,2.368129e+16,2.2857,2766.2707,3.598,165,2.398,,fine,A,4.4889,11.2234,5.5292,False,512,375,0.732943,,CO(2-1),-132.2664,-172.000,star,27.272,3.818,21.272,512,20260825,False,False,
ALMA J153702653-33192492,ALMA J153702653-33192492,6,A002_Xff0235_X8392,35.0098,230.295833,230.756038,244140.6250,460205078.1,211.68,,58.72259,332.06701,1.188926e+16,2.377852e+16,3.170470e+16,2.717545e+16,2.2857,2766.3112,3.598,167,2.399,,fine,A,4.9442,12.5678,5.7985,False,512,176,0.345029,,CO(2-1),-15.8486,-20.610,star,27.271,3.818,21.272,512,20260825,False,False,
ALMA J153702653-33192492,ALMA J153702653-33192492,6,A002_Xf8f6a9_X10359,35.0098,230.315292,230.775497,244140.6250,460205078.1,211.68,,56.26570,318.23921,1.139417e+16,2.278835e+16,3.038446e+16,2.604383e+16,2.2857,2766.5447,3.598,165,2.399,,fine,A,4.6858,12.0345,5.2610,False,512,290,0.567251,,CO(2-1),-31.5455,-41.022,star,27.269,3.818,21.270,512,20260825,False,False,
ALMA J153702653-33192492,ALMA J153702653-33192492,6,A002_Xf8d29c_X173e,35.0098,230.316437,230.776642,244140.6250,460205078.1,211.68,,90.92654,514.28453,1.841334e+16,3.682668e+16,4.910224e+16,4.208764e+16,2.2857,2766.5585,3.598,163,2.399,,fine,A,4.7514,9.9622,6.0539,False,512,237,0.463938,,CO(2-1),4.7553,6.184,star,27.269,3.818,21.270,512,20260825,False,False,
ALMA J153702653-33192492,ALMA J153702653-33192492,6,A002_X1009c59_X1ba4d,35.0098,230.322331,230.782536,244140.6250,460205078.1,211.68,21,73.90483,417.89411,1.496220e+16,2.992439e+16,3.989919e+16,3.438351e+16,2.2980,2766.6292,3.598,168,2.399,0.9946,fine,A,4.7124,11.6167,5.0572,False,512,247,0.483431,230.659733,CO(2-1),121.7333,158.302,star,27.268,3.818,21.269,512,20260825,False,False,
ALMA J153702653-33192492,ALMA J153702653-33192492,6,A002_X1015532_X20dc8,35.0098,230.326526,230.786731,244140.6250,460205078.1,201.60,,68.79352,388.98821,1.392726e+16,2.785451e+16,3.713935e+16,3.183373e+16,2.2857,2766.6795,3.598,167,2.285,,fine,A,5.0743,12.9283,5.4364,False,512,113,0.222222,,CO(2-1),-4.4425,-5.777,star,27.268,3.817,21.269,512,20260825,True,False,
ALMA J153702653-33192492,ALMA J153702653-33192492,6,A002_X1018459_X73b0,35.0098,230.326920,230.787125,244140.6250,460205078.1,211.68,,56.69676,320.58770,1.147826e+16,2.295652e+16,3.060869e+16,2.623602e+16,2.2857,2766.6843,3.598,166,2.399,,fine,A,4.8055,13.3435,5.1290,False,512,205,0.401559,,CO(2-1),36.7223,47.754,star,27.268,3.817,21.269,512,20260825,False,False,
ALMA J153702653-33192492,ALMA J153702653-33192492,6,A002_X1020da2_X78cd,35.0098,230.330010,230.790215,244140.6250,460205078.1,181.44,,55.95351,316.38179,1.132767e+16,2.265534e+16,3.020712e+16,2.589182e+16,2.2857,2766.7214,3.598,139,2.056,,fine,A,4.7319,11.8337,5.1487,False,512,210,0.411306,,CO(2-1),59.5881,77.489,star,27.267,3.817,21.268,512,20260825,False,False,
ALMA J153702653-33192492,ALMA J153702653-33192492,6,A002_Xfe62c1_X398,35.0098,230.774874,231.235079,244140.6250,460205078.1,211.68,,42.12468,238.33583,8.533329e+15,1.706666e+16,2.275554e+16,1.950475e+16,2.2857,2772.0597,3.598,165,2.403,,fine,A,4.2705,5.7290,4.9560,False,512,457,0.892788,,CO(2-1),536.4348,697.582,star,27.215,3.810,21.227,512,20260825,False,False,
ALMA J153702653-33192492,ALMA J153702653-33192492,6,A002_Xff0235_X8392,35.0098,230.778255,231.238460,244140.6250,460205078.1,211.68,,50.44964,285.43189,1.021955e+16,2.043909e+16,2.725212e+16,2.335896e+16,2.2857,2772.1003,3.598,167,2.404,,fine,A,4.1693,5.7307,5.2778,False,512,477,0.931774,,CO(2-1),511.2510,664.833,star,27.214,3.810,21.227,512,20260825,False,False,
ALMA J153702653-33192492,ALMA J153702653-33192492,6,A002_Xf8f6a9_X10359,35.0098,230.797714,231.257919,244140.6250,460205078.1,211.68,,46.00711,260.35099,9.321555e+15,1.864311e+16,2.485748e+16,2.130641e+16,2.2857,2772.3338,3.598,166,2.404,,fine,A,4.6182,5.6770,5.2644,False,512,213,0.417154,,CO(2-1),523.1420,680.296,star,27.212,3.810,21.225,512,20260825,False,False,
ALMA J153702653-33192492,ALMA J153702653-33192492,6,A002_Xf8d29c_X173e,35.0098,230.798859,231.259064,244140.6250,460205078.1,211.68,,75.61882,427.92436,1.532132e+16,3.064264e+16,4.085685e+16,3.502016e+16,2.2857,2772.3475,3.598,163,2.404,,fine,A,4.2219,6.0383,5.1066,False,512,463,0.904483,,CO(2-1),369.5013,480.501,star,27.212,3.810,21.225,512,20260825,False,False,
ALMA J153702653-33192492,ALMA J153702653-33192492,6,A002_X1009c59_X1ba4d,35.0098,230.804753,231.264958,244140.6250,460205078.1,211.68,21,63.28370,358.02153,1.281853e+16,2.563706e+16,3.418275e+16,2.945797e+16,2.2981,2772.4183,3.598,168,2.404,0.9946,fine,A,5.0862,5.6679,5.3116,False,512,44,0.087719,230.972966,CO(2-1),434.9657,565.631,star,27.211,3.810,21.225,512,20260825,True,False,
ALMA J153702653-33192492,ALMA J153702653-33192492,6,A002_X1015532_X20dc8,35.0098,230.808948,231.269153,244140.6250,460205078.1,201.60,,58.22909,329.42207,1.179456e+16,2.358912e+16,3.145217e+16,2.695900e+16,2.2857,2772.4686,3.598,168,2.289,,fine,A,5.1089,5.7345,5.1797,False,512,27,0.054581,,CO(2-1),700.6356,911.109,star,27.211,3.809,21.224,512,20260825,True,False,
ALMA J153702653-33192492,ALMA J153702653-33192492,6,A002_X1018459_X73b0,35.0098,230.809341,231.269546,244140.6250,460205078.1,211.68,,48.21840,272.78796,9.766846e+15,1.953369e+16,2.604492e+16,2.232422e+16,2.2857,2772.4733,3.598,167,2.404,,fine,A,4.5392,5.7974,5.2952,False,512,273,0.534113,,CO(2-1),560.6480,729.069,star,27.211,3.809,21.224,512,20260825,False,False,
ALMA J153702653-33192492,ALMA J153702653-33192492,6,A002_X1020da2_X78cd,35.0098,230.812432,231.272637,244140.6250,460205078.1,181.44,,47.46676,268.53291,9.614499e+15,1.922900e+16,2.563866e+16,2.197600e+16,2.2857,2772.5104,3.598,139,2.06,,fine,A,4.6874,6.2519,5.0862,False,512,146,0.286550,,CO(2-1),689.2268,896.273,star,27.210,3.809,21.224,512,20260825,False,False,
ALMA J153702653-33192492,ALMA J153702653-33192492,6,A002_Xfe62c1_X398,35.0098,232.568217,234.408549,488281.2500,1840332031.2,211.68,,30.76996,174.55813,1.249969e+16,2.499938e+16,3.333250e+16,2.857072e+16,2.2857,2801.8606,3.598,84,1.215,,fine,A,5.2217,5.8301,5.4126,False,512,11,0.023392,,CO(2-1),2320.2561,3017.269,star,26.925,3.770,21.002,512,20260825,True,False,
ALMA J153702653-33192492,ALMA J153702653-33192492,6,A002_Xff0235_X8392,35.0098,232.571598,234.411930,488281.2500,1840332031.2,211.68,,37.49567,212.70895,1.523158e+16,3.046316e+16,4.061754e+16,3.481503e+16,2.2857,2801.9012,3.598,85,1.215,,fine,A,4.6809,5.6293,5.3708,False,512,163,0.319688,,CO(2-1),3137.6016,4080.149,star,26.925,3.769,21.001,512,20260825,False,False,
ALMA J153702653-33192492,ALMA J153702653-33192492,6,A002_Xf8f6a9_X10359,35.0098,232.591057,234.431389,488281.2500,1840332031.2,211.68,,33.71281,191.28958,1.369779e+16,2.739558e+16,3.652744e+16,3.130923e+16,2.2857,2802.1347,3.598,84,1.215,,fine,A,4.8148,5.8359,4.8347,False,512,101,0.198830,,CO(2-1),2202.9593,2864.736,star,26.923,3.769,21.000,512,20260825,False,False,
ALMA J153702653-33192492,ALMA J153702653-33192492,6,A002_Xf8d29c_X173e,35.0098,232.592202,234.432534,488281.2500,1840332031.2,211.68,,54.74162,310.61108,2.224211e+16,4.448423e+16,5.931231e+16,5.083912e+16,2.2857,2802.1484,3.598,83,1.215,,fine,A,4.4740,5.7889,4.8492,False,512,296,0.578947,,CO(2-1),2852.5414,3709.455,star,26.922,3.769,21.000,512,20260825,False,False,
ALMA J153702653-33192492,ALMA J153702653-33192492,6,A002_X1009c59_X1ba4d,35.0098,232.598096,234.438428,488281.2500,1840332031.2,211.68,21,46.77762,265.34743,1.900089e+16,3.800179e+16,5.066905e+16,4.349044e+16,2.2889,2802.2191,3.598,86,1.215,0.9986,fine,A,4.5620,5.5028,5.1584,False,512,253,0.495127,233.938916,CO(2-1),3400.9159,4422.563,star,26.922,3.769,20.999,512,20260825,False,False,
ALMA J153702653-33192492,ALMA J153702653-33192492,6,A002_X1015532_X20dc8,35.0098,232.602291,234.442623,488281.2500,1840332031.2,211.68,,42.81073,242.84252,1.738937e+16,3.477874e+16,4.637165e+16,3.974713e+16,2.2857,2802.2695,3.598,85,1.215,,fine,A,4.8590,5.5592,5.0315,False,512,88,0.173489,,CO(2-1),3356.2831,4364.523,star,26.921,3.769,20.999,512,20260825,False,False,
ALMA J153702653-33192492,ALMA J153702653-33192492,6,A002_X1018459_X73b0,35.0098,232.602684,234.443016,488281.2500,1840332031.2,211.68,,35.50709,201.41274,1.442268e+16,2.884537e+16,3.846049e+16,3.296613e+16,2.2857,2802.2742,3.598,85,1.215,,fine,A,4.8746,6.2672,4.9908,False,512,86,0.169591,,CO(2-1),2620.8365,3408.145,star,26.921,3.769,20.999,512,20260825,False,False,
ALMA J153702653-33192492,ALMA J153702653-33192492,6,A002_X1020da2_X78cd,35.0098,232.605775,234.446107,488281.2500,1840332031.2,181.44,,34.79649,197.37977,1.413389e+16,2.826778e+16,3.769038e+16,3.230604e+16,2.2857,2802.3113,3.598,71,1.041,,fine,A,5.0816,6.8954,5.7956,False,512,42,0.083821,,CO(2-1),2100.9778,2732.119,star,26.921,3.769,20.998,512,20260825,True,False,
ALMA J153702653-33192492,ALMA J153702653-33192492,7,A002_Xd9d7c7_Xbb64,35.0098,333.166882,334.892468,976562.5000,1725585937.5,151.20,,6.75412,43.62992,6.248468e+15,8.331291e+15,1.249694e+16,8.331291e+15,1.3333,4008.3561,3.598,47,0.6206,,fine,A,4.3286,5.4257,5.3350,False,512,236,0.461988,,CO(3-2),-11876.1880,-10296.220,star,18.821,2.635,14.680,512,20260825,False,False,
ALMA J153702653-33192492,ALMA J153702653-33192492,7,A002_Xd9d7c7_Xb3d2,35.0098,333.167010,334.892596,976562.5000,1725585937.5,151.20,25,6.98362,45.11247,6.460791e+15,8.614388e+15,1.292158e+16,8.616572e+15,1.3337,4008.3576,3.598,46,0.6206,0.9997,fine,A,4.5620,5.7881,5.0846,False,512,94,0.185185,333.689471,CO(3-2),-12106.5293,-10495.917,star,18.821,2.635,14.680,512,20260825,False,False,
ALMA J153702653-33192492,ALMA J153702653-33192492,7,A002_Xd9d7c7_Xbb64,35.0098,335.058996,336.784582,976562.5000,1725585937.5,151.20,,6.05274,39.21314,5.615918e+15,7.487890e+15,1.123184e+16,7.487890e+15,1.3333,4031.0615,3.598,47,0.6241,,fine,A,4.2510,5.6036,5.3718,False,512,274,0.536062,,CO(3-2),-10168.6442,-8815.842,star,18.715,2.620,14.598,512,20260825,False,False,
ALMA J153702653-33192492,ALMA J153702653-33192492,7,A002_Xd9d7c7_Xb3d2,35.0098,335.059127,336.784712,976562.5000,1725585937.5,151.20,25,6.23653,40.40385,5.786446e+15,7.715261e+15,1.157289e+16,7.717239e+15,1.3337,4031.0630,3.598,47,0.6241,0.9997,fine,A,4.2803,5.6548,5.9048,True,512,268,0.524366,336.317916,CO(3-2),-9478.0844,-8217.152,star,18.715,2.620,14.598,512,20260825,False,False,
ALMA J153702653-33192492,ALMA J153702653-33192492,7,A002_Xd9d7c7_Xbb64,35.0098,345.118188,346.843286,488281.2500,1725097656.2,151.20,,6.58911,43.36559,3.105306e+15,6.210612e+15,8.280816e+15,7.097842e+15,2.2857,4151.7688,3.598,95,1.286,,fine,A,4.3400,5.8839,5.2801,False,512,396,0.773879,,CO(3-2),-570.3900,-494.507,star,18.171,2.544,14.173,512,20260825,False,False,
ALMA J153702653-33192492,ALMA J153702653-33192492,7,A002_Xd9d7c7_Xb3d2,35.0098,345.118320,346.843418,488281.2500,1725097656.2,151.20,25,6.80021,44.75501,3.204799e+15,6.409597e+15,8.546130e+15,7.333226e+15,2.2882,4151.7704,3.598,94,1.286,0.9989,fine,A,4.5357,5.8350,5.6365,False,512,250,0.489279,345.222324,CO(3-2),-573.6759,-497.356,star,18.171,2.544,14.173,512,20260825,False,False,
ALMA J153702653-33192492,ALMA J153702653-33192492,7,A002_Xd9d7c7_Xbb64,35.0098,346.976241,348.701338,488281.2500,1725097656.2,151.20,,7.37187,48.66110,3.484505e+15,6.969010e+15,9.292013e+15,7.964582e+15,2.2857,4174.0655,3.598,96,1.293,,fine,A,5.0087,5.6821,6.0963,True,512,34,0.068226,,CO(3-2),1421.9398,1232.770,star,18.074,2.530,14.097,512,20260825,True,False,
ALMA J153702653-33192492,ALMA J153702653-33192492,7,A002_Xd9d7c7_Xb3d2,35.0098,346.976371,348.701468,488281.2500,1725097656.2,151.20,25,7.59836,50.15616,3.591562e+15,7.183124e+15,9.577499e+15,8.218316e+15,2.2882,4174.0670,3.598,95,1.293,0.9989,fine,A,4.5068,5.7398,5.5049,False,512,283,0.553606,348.506644,CO(3-2),2710.6441,2350.029,star,18.074,2.530,14.097,512,20260825,False,False,
GJ 2006A,GJ 2006A,7,A002_Xcdb7b8_Xfb16,35.0292,333.150967,334.885342,15625000.0000,1734375000.0,876.96,145,0.40522,2.02860,4.653580e+15,9.307160e+15,1.240955e+16,1.063677e+16,2.2857,4008.2178,3.598,4,0.225,1.0000,coarse,B,2.2047,4.2906,4.1701,False,512,472,0.922027,334.650967,CO(3-2),-11145.0334,-9662.335,star,18.822,2.635,14.681,512,20260825,False,False,
GJ 2006A,GJ 2006A,7,A002_Xcdb7b8_Xfb16,35.0292,335.046467,336.780842,15625000.0000,1734375000.0,876.96,145,0.35237,1.76405,4.046706e+15,8.093411e+15,1.079122e+16,9.249622e+15,2.2857,4030.9638,3.598,4,0.2262,1.0000,coarse,B,2.3757,4.6604,4.1355,False,512,422,0.824561,336.671467,CO(3-2),-9124.5334,-7910.636,star,18.715,2.620,14.598,512,20260825,False,False,
GJ 2006A,GJ 2006A,7,A002_Xcdb7b8_Xfb16,35.0292,345.155605,346.880703,488281.2500,1725097656.2,876.96,145,2.21555,11.09253,7.951901e+14,1.590380e+15,2.120507e+15,1.819556e+15,2.2882,4152.2178,3.598,72,7.457,0.9989,fine,A,4.4060,5.7815,5.5022,False,512,300,0.586745,345.389004,CO(3-2),-406.9963,-352.851,star,18.169,2.544,14.172,512,20260825,False,False,
GJ 2006A,GJ 2006A,7,A002_Xcdb7b8_Xfb16,35.0292,347.046467,348.780842,15625000.0000,1734375000.0,876.96,145,0.42761,2.14092,4.911230e+15,9.822460e+15,1.309661e+16,1.122568e+16,2.2857,4174.9638,3.598,4,0.2343,1.0000,coarse,B,2.0703,4.5981,4.0763,False,512,494,0.964912,348.093342,CO(3-2),2297.3416,1991.711,star,18.070,2.530,14.094,512,20260825,False,False,
TYC 2211-1309-1,TYC 2211-1309-1,7,A002_Xd189ef_X867b,35.4239,333.136009,334.870384,15625000.0000,1734375000.0,1899.07,314,0.45689,2.28450,5.359400e+15,1.071880e+16,1.429173e+16,1.225007e+16,2.2857,4008.0384,3.598,3,0.4871,1.0000,coarse,B,2.5456,4.3640,4.1629,False,512,278,0.543860,334.136009,CO(3-2),-11659.9911,-10108.785,star,18.822,2.635,14.681,512,20260825,False,False,
TYC 2211-1309-1,TYC 2211-1309-1,7,A002_Xd189ef_X867b,35.4239,335.031509,336.765884,15625000.0000,1734375000.0,1899.07,314,0.39911,1.99559,4.681612e+15,9.363225e+15,1.248430e+16,1.070084e+16,2.2857,4030.7844,3.598,3,0.4899,1.0000,coarse,B,2.8474,4.8712,4.3614,False,512,178,0.348928,335.140884,CO(3-2),-10655.1161,-9237.595,star,18.716,2.620,14.599,512,20260825,False,False,
TYC 2211-1309-1,TYC 2211-1309-1,7,A002_Xd189ef_X867b,35.4239,345.140648,346.865745,488281.2500,1725097656.2,1391.04,230,2.48676,12.43396,9.115579e+14,1.823116e+15,2.430821e+15,2.085829e+15,2.2882,4152.0384,3.598,61,11.83,0.9989,fine,A,4.4844,6.1006,5.6116,False,512,222,0.434698,345.370140,CO(3-2),-425.8602,-369.205,star,18.170,2.544,14.172,512,20260825,False,False,
TYC 2211-1309-1,TYC 2211-1309-1,7,A002_Xd189ef_X867b,35.4239,347.031509,348.765884,15625000.0000,1734375000.0,1899.07,314,0.46172,2.30864,5.416017e+15,1.083203e+16,1.444271e+16,1.237948e+16,2.2857,4174.7844,3.598,3,0.5074,1.0000,coarse,B,3.2994,3.9673,4.1186,False,512,36,0.072125,348.531509,CO(3-2),2735.5089,2371.586,star,18.071,2.530,14.095,512,20260825,False,False,
HD14055,HD14055,6,A002_Xd09670_X23c5,35.7405,226.359920,228.085018,488281.2500,1725097656.2,1300.32,215,2.11697,10.58485,7.899268e+14,1.579854e+15,2.106471e+15,1.806394e+15,2.2868,2726.6696,3.598,34,7.261,0.9995,fine,A,3.9924,5.5617,5.3932,False,512,460,0.898635,227.533260,CO(2-1),-3004.7398,-3907.375,star,27.668,3.873,21.581,512,20260825,False,False,
HD14055,HD14055,6,A002_Xd09670_X23c5,35.7405,229.251147,230.976245,488281.2500,1725097656.2,1300.32,215,2.10325,10.51624,7.848067e+14,1.569613e+15,2.092818e+15,1.794707e+15,2.2868,2761.3643,3.598,35,7.354,0.9995,fine,A,4.3766,5.4306,5.3851,False,512,204,0.399610,230.624194,CO(2-1),86.1938,112.087,star,27.320,3.825,21.310,512,20260825,False,False,
HD14055,HD14055,6,A002_Xd09670_X23c5,35.7405,242.247282,243.981657,15625000.0000,1734375000.0,1554.34,257,0.39373,1.96865,4.701334e+15,9.402669e+15,1.253689e+16,1.074591e+16,2.2857,2917.3736,3.598,3,0.2902,1.0000,coarse,B,2.9963,4.6777,4.0639,False,512,128,0.251462,243.216032,CS(5-4),-1719.9680,-2105.176,star,25.859,3.620,20.170,512,20260825,False,False,
HD14055,HD14055,6,A002_Xd09670_X23c5,35.7405,244.247401,245.981776,15625000.0000,1734375000.0,1554.34,257,0.39628,1.98138,4.731737e+15,9.463474e+15,1.261796e+16,1.081540e+16,2.2857,2941.3751,3.598,3,0.2926,1.0000,coarse,B,3.1501,4.0558,3.8487,False,512,81,0.159844,244.888026,CS(5-4),-47.9740,-58.718,star,25.648,3.591,20.006,512,20260825,False,False,
HD14055,HD14055,7,A002_X101088d_Xbf80,35.7405,330.353206,332.193538,488281.2500,1840332031.2,2993.76,,34.59995,173.00201,1.291081e+16,2.582161e+16,3.442881e+16,2.951041e+16,2.2857,3975.2805,3.598,136,24.37,,fine,A,4.8747,5.9655,5.5347,False,512,162,0.317739,,CO(3-2),-15294.8449,-13260.070,star,18.977,2.657,14.802,512,20260825,False,False,
HD14055,HD14055,7,A002_X105e6e0_X7c5e,35.7405,330.369853,332.210185,488281.2500,1840332031.2,2993.76,,54.00137,270.00867,2.015023e+16,4.030045e+16,5.373394e+16,4.605766e+16,2.2857,3975.4802,3.598,136,24.37,,fine,A,4.8996,5.8255,5.1819,False,512,131,0.257310,,CO(3-2),-15189.3305,-13168.593,star,18.976,2.657,14.802,512,20260825,False,False,
HD14055,HD14055,7,A002_X1006d51_X228e,35.7405,330.381315,332.221647,488281.2500,1840332031.2,2993.76,,22.44792,112.23983,8.376241e+15,1.675248e+16,2.233664e+16,1.914569e+16,2.2857,3975.6178,3.598,136,24.38,,fine,A,4.7477,6.6924,5.0636,False,512,208,0.407407,,CO(3-2),-15373.1813,-13327.985,star,18.976,2.657,14.801,512,20260825,False,False,
HD14055,HD14055,7,A002_X1003af4_X14e08,35.7405,330.382391,332.222723,488281.2500,1840332031.2,2993.76,,23.78993,118.94988,8.877000e+15,1.775400e+16,2.367200e+16,2.029029e+16,2.2857,3975.6307,3.598,136,24.38,,fine,A,4.6240,6.5030,5.1770,False,512,316,0.617934,,CO(3-2),-14677.2813,-12724.665,star,18.976,2.657,14.801,512,20260825,False,False,
HD14055,HD14055,7,A002_X107376c_X6126,35.7405,330.383174,332.223506,488281.2500,1840332031.2,2993.76,,42.54539,212.72756,1.587545e+16,3.175089e+16,4.233453e+16,3.628674e+16,2.2857,3975.6401,3.598,136,24.38,,fine,A,5.5128,5.8307,5.8572,True,512,5,0.011696,,CO(3-2),-15083.7244,-13077.036,star,18.976,2.657,14.801,512,20260825,True,False,
HD14055,HD14055,7,A002_X1003af4_X3a2c,35.7405,330.383423,332.223755,488281.2500,1840332031.2,2358.72,,23.46996,117.35001,8.757604e+15,1.751521e+16,2.335361e+16,2.001738e+16,2.2857,3975.6431,3.598,105,19.2,,fine,A,4.8505,5.7734,5.4654,False,512,131,0.257310,,CO(3-2),-14699.1979,-12743.666,star,18.976,2.657,14.801,512,20260825,False,False,
HD14055,HD14055,7,A002_X1001fdc_Xc06e,35.7405,330.384098,332.224430,488281.2500,1840332031.2,2993.76,,19.79686,98.98446,7.387019e+15,1.477404e+16,1.969872e+16,1.688462e+16,2.2857,3975.6512,3.598,136,24.38,,fine,A,4.8268,6.1468,5.5319,False,512,185,0.362573,,CO(3-2),-14389.9291,-12475.541,star,18.976,2.657,14.801,512,20260825,False,False,
HD14055,HD14055,7,A002_X1001fdc_X29ae,35.7405,330.384371,332.224703,488281.2500,1840332031.2,2993.76,,22.85737,114.28702,8.529019e+15,1.705804e+16,2.274405e+16,1.949490e+16,2.2857,3975.6544,3.598,136,24.38,,fine,A,5.2075,5.9038,5.8397,False,512,29,0.058480,,CO(3-2),-14640.1445,-12692.469,star,18.976,2.657,14.801,512,20260825,True,False,
HD14055,HD14055,7,A002_X1001fdc_X2085,35.7405,330.384586,332.224918,488281.2500,1840332031.2,2993.76,297,20.10761,100.53819,7.502971e+15,1.500594e+16,2.000792e+16,1.719725e+16,2.2921,3975.6570,3.598,136,24.38,0.9972,fine,A,5.0608,5.8420,5.5605,False,512,48,0.095517,330.446597,CO(3-2),-15349.4027,-13307.370,star,18.976,2.657,14.801,512,20260825,True,False,
HD14055,HD14055,7,A002_Xfffde1_X9bd6,35.7405,330.385469,332.225801,488281.2500,1840332031.2,2993.76,,9.71263,48.56323,3.624180e+15,7.248361e+15,9.664481e+15,8.283841e+15,2.2857,3975.6676,3.598,137,24.38,,fine,A,4.5710,5.5978,5.7165,True,512,280,0.547758,,CO(3-2),-13650.7651,-11834.713,star,18.976,2.657,14.801,512,20260825,False,False,
HD14055,HD14055,7,A002_Xfffde1_X3835,35.7405,330.385894,332.226226,488281.2500,1840332031.2,2993.76,,26.15874,130.79386,9.760893e+15,1.952179e+16,2.602905e+16,2.231061e+16,2.2857,3975.6727,3.598,136,24.38,,fine,A,4.4664,5.7796,5.2847,False,512,428,0.836257,,CO(3-2),-14213.8174,-12322.859,star,18.976,2.657,14.801,512,20260825,False,False,
HD14055,HD14055,7,A002_Xfffde1_X2b1a,35.7405,330.386110,332.226442,488281.2500,1840332031.2,2993.76,,19.49455,97.47286,7.274211e+15,1.454842e+16,1.939790e+16,1.662677e+16,2.2857,3975.6753,3.598,136,24.38,,fine,A,4.8781,6.2025,5.2357,False,512,136,0.267057,,CO(3-2),-15148.6596,-13133.333,star,18.976,2.657,14.801,512,20260825,False,False,
HD14055,HD14055,7,A002_Xfff3d8_Xd46,35.7405,330.386622,332.226954,488281.2500,1840332031.2,2993.76,,22.03874,110.19381,8.223551e+15,1.644710e+16,2.192947e+16,1.879669e+16,2.2857,3975.6815,3.598,136,24.38,,fine,A,6.0319,5.9557,6.3292,True,512,0,0.001949,,CO(3-2),-14026.5659,-12160.519,star,18.976,2.657,14.801,512,20260825,True,True,
HD14055,HD14055,7,A002_Xff99e1_X2c3bb,35.7405,330.386951,332.227283,488281.2500,1840332031.2,2993.76,,23.34281,116.71417,8.710153e+15,1.742031e+16,2.322708e+16,1.990892e+16,2.2857,3975.6854,3.598,136,24.38,,fine,A,4.6586,5.9263,5.4563,False,512,304,0.594542,,CO(3-2),-15073.5999,-13068.259,star,18.976,2.657,14.801,512,20260825,False,False,
HD14055,HD14055,7,A002_Xff99e1_X2b2ee,35.7405,330.387234,332.227566,488281.2500,1840332031.2,2993.76,,30.64300,153.21516,1.143415e+16,2.286830e+16,3.049107e+16,2.613520e+16,2.2857,3975.6888,3.598,136,24.38,,fine,A,4.5545,5.6946,5.0767,False,512,383,0.748538,,CO(3-2),-13729.5666,-11903.031,star,18.976,2.657,14.801,512,20260825,False,False,
HD14055,HD14055,7,A002_Xff99e1_X24be0,35.7405,330.387449,332.227781,488281.2500,1840332031.2,2993.76,,34.36285,171.81438,1.282218e+16,2.564435e+16,3.419247e+16,2.930783e+16,2.2857,3975.6914,3.598,136,24.38,,fine,A,4.8999,5.7881,5.9425,True,512,135,0.265107,,CO(3-2),-14088.2384,-12213.986,star,18.975,2.657,14.801,512,20260825,False,False,
HD14055,HD14055,7,A002_Xff99e1_X1b0c4,35.7405,330.388286,332.228618,488281.2500,1840332031.2,2993.76,,22.90318,114.51599,8.546107e+15,1.709221e+16,2.278962e+16,1.953396e+16,2.2857,3975.7014,3.598,136,24.38,,fine,A,5.4242,6.0203,5.7719,False,512,20,0.040936,,CO(3-2),-14924.8040,-12939.258,star,18.975,2.657,14.801,512,20260825,True,False,
HD14055,HD14055,7,A002_X107fa96_X9a88,35.7405,330.391113,332.231445,488281.2500,1840332031.2,2993.76,,40.87978,204.39922,1.525392e+16,3.050784e+16,4.067712e+16,3.486610e+16,2.2857,3975.7354,3.598,136,24.38,,fine,A,4.8353,5.8574,5.1924,False,512,158,0.309942,,CO(3-2),-14244.7304,-12349.659,star,18.975,2.657,14.801,512,20260825,False,False,
HD14055,HD14055,7,A002_X107fa96_X150f6,35.7405,330.392117,332.232449,488281.2500,1840332031.2,2993.76,,36.08920,180.44625,1.346636e+16,2.693271e+16,3.591028e+16,3.078024e+16,2.2857,3975.7474,3.598,136,24.38,,fine,A,4.4789,5.5471,5.1654,False,512,425,0.830409,,CO(3-2),-15308.6684,-13272.054,star,18.975,2.657,14.801,512,20260825,False,False,
HD14055,HD14055,7,A002_X1086384_X10bc1,35.7405,330.395189,332.235521,488281.2500,1840332031.2,2993.76,,14.00446,70.02239,5.225636e+15,1.045127e+16,1.393503e+16,1.194431e+16,2.2857,3975.7843,3.598,136,24.38,,fine,A,4.7896,6.2707,5.2780,False,512,151,0.296296,,CO(3-2),-14024.8345,-12159.017,star,18.975,2.657,14.801,512,20260825,False,False,
HD14055,HD14055,7,A002_X1088045_X3c7b,35.7405,330.395770,332.236103,488281.2500,1840332031.2,2993.76,,26.50021,132.50118,9.888307e+15,1.977661e+16,2.636882e+16,2.260185e+16,2.2857,3975.7912,3.598,136,24.38,,fine,A,5.2593,5.8361,5.4871,False,512,21,0.042885,,CO(3-2),-14333.8233,-12426.899,star,18.975,2.657,14.801,512,20260825,True,False,
HD14055,HD14055,7,A002_X1119e64_X27e3,35.7405,330.402874,332.127971,488281.2500,1725097656.2,2751.84,,2.55915,12.79590,9.549336e+14,1.909867e+15,2.546490e+15,2.182705e+15,2.2857,3975.1851,3.598,120,22.4,,fine,A,4.8738,6.6760,5.8119,False,512,108,0.212476,,CO(3-2),-14052.3061,-12182.834,star,18.978,2.657,14.803,512,20260825,False,False,
HD14055,HD14055,7,A002_X1119e64_X27e3,35.7405,332.235688,334.063813,15625000.0000,1828125000.0,3767.90,,0.35048,1.75243,4.184966e+15,8.369932e+15,1.115991e+16,9.565636e+15,2.2857,3997.7970,3.598,5,0.9641,,coarse,B,2.4940,4.9193,4.3771,False,512,396,0.773879,,CO(3-2),-11888.4369,-10306.839,star,18.871,2.642,14.719,512,20260825,False,False,
HD14055,HD14055,7,A002_X101088d_Xbf80,35.7405,332.251331,334.079456,15625000.0000,1828125000.0,2993.76,,4.80586,24.02963,5.738513e+16,1.147703e+17,1.530270e+17,1.311660e+17,2.2857,3997.9847,3.598,6,0.766,,coarse,B,2.8761,4.2555,3.2414,False,512,236,0.461988,,CO(3-2),-13482.1687,-11688.546,star,18.870,2.642,14.718,512,20260825,False,False,
HD14055,HD14055,7,A002_X105e6e0_X7c5e,35.7405,332.267731,334.095856,15625000.0000,1828125000.0,2993.76,,7.21818,36.09115,8.618921e+16,1.723784e+17,2.298379e+17,1.970039e+17,2.2857,3998.1815,3.598,6,0.7661,,coarse,B,3.0911,4.2505,3.9462,False,512,153,0.300195,,CO(3-2),-13372.0188,-11593.050,star,18.869,2.642,14.718,512,20260825,False,False,
HD14055,HD14055,7,A002_X1006d51_X228e,35.7405,332.279023,334.107148,15625000.0000,1828125000.0,2993.76,,3.25686,16.28431,3.888854e+16,7.777709e+16,1.037028e+17,8.888810e+16,2.2857,3998.3170,3.598,6,0.7661,,coarse,B,3.7967,4.4324,4.5758,False,512,14,0.029240,,CO(3-2),-12704.4774,-11014.316,star,18.868,2.642,14.717,512,20260825,False,False,
HD14055,HD14055,7,A002_X1003af4_X14e08,35.7405,332.280082,334.108207,15625000.0000,1828125000.0,2993.76,,3.44446,17.22231,4.112857e+16,8.225713e+16,1.096762e+17,9.400815e+16,2.2857,3998.3297,3.598,6,0.7661,,coarse,B,3.0326,4.3682,3.1443,False,512,185,0.362573,,CO(3-2),-13422.1676,-11636.527,star,18.868,2.642,14.717,512,20260825,False,False,
HD14055,HD14055,7,A002_X107376c_X6126,35.7405,332.280858,334.108983,15625000.0000,1828125000.0,2993.76,,6.19132,30.95667,7.392757e+16,1.478551e+17,1.971402e+17,1.689773e+17,2.2857,3998.3390,3.598,6,0.7661,,coarse,B,3.3770,4.6208,4.1383,False,512,84,0.165692,,CO(3-2),-13046.3925,-11310.744,star,18.868,2.642,14.717,512,20260825,False,False,
HD14055,HD14055,7,A002_X1003af4_X3a2c,35.7405,332.281107,334.109232,15625000.0000,1828125000.0,2358.72,,3.44988,17.24945,4.119338e+16,8.238676e+16,1.098490e+17,9.415630e+16,2.2857,3998.3420,3.598,5,0.6036,,coarse,B,2.6486,4.4831,3.5782,False,512,343,0.670565,,CO(3-2),-13452.3933,-11662.732,star,18.868,2.642,14.717,512,20260825,False,False,
HD14055,HD14055,7,A002_X1001fdc_Xc06e,35.7405,332.281782,334.109907,15625000.0000,1828125000.0,2993.76,,2.94247,14.71239,3.513462e+16,7.026925e+16,9.369233e+16,8.030771e+16,2.2857,3998.3501,3.598,6,0.7661,,coarse,B,2.9588,4.5019,3.7658,False,512,242,0.473684,,CO(3-2),-12764.2182,-11066.109,star,18.868,2.642,14.717,512,20260825,False,False,
HD14055,HD14055,7,A002_X1001fdc_X29ae,35.7405,332.282055,334.110180,15625000.0000,1828125000.0,2993.76,,3.37076,16.85383,4.024859e+16,8.049719e+16,1.073296e+17,9.199679e+16,2.2857,3998.3534,3.598,6,0.7661,,coarse,B,2.9143,4.3858,3.2737,False,512,201,0.393762,,CO(3-2),-11967.0703,-10375.011,star,18.868,2.642,14.717,512,20260825,False,False,
HD14055,HD14055,7,A002_X1001fdc_X2085,35.7405,332.282269,334.110394,15625000.0000,1828125000.0,2993.76,297,2.94224,14.71125,3.513190e+16,7.026380e+16,9.368506e+16,8.030170e+16,2.2857,3998.3560,3.598,6,0.7661,1.0000,coarse,B,2.9964,4.1716,3.2698,False,512,189,0.370370,333.891644,CO(3-2),-11904.3559,-10320.640,star,18.868,2.642,14.717,512,20260825,False,False,
HD14055,HD14055,7,A002_Xfffde1_X9bd6,35.7405,332.283153,334.111278,15625000.0000,1828125000.0,2993.76,,1.44554,7.22769,1.726043e+16,3.452087e+16,4.602783e+16,3.945242e+16,2.2857,3998.3666,3.598,6,0.7661,,coarse,B,2.3449,4.2529,3.6699,False,512,456,0.890838,,CO(3-2),-11700.3472,-10143.772,star,18.868,2.642,14.717,512,20260825,False,False,
HD14055,HD14055,7,A002_Xfffde1_X3835,35.7405,332.283577,334.111702,15625000.0000,1828125000.0,2993.76,,3.88356,19.41785,4.637173e+16,9.274345e+16,1.236579e+17,1.059925e+17,2.2857,3998.3717,3.598,6,0.7661,,coarse,B,3.5467,4.1762,3.7588,False,512,30,0.060429,,CO(3-2),-11684.2979,-10129.858,star,18.868,2.641,14.717,512,20260825,False,False,
HD14055,HD14055,7,A002_Xfffde1_X2b1a,35.7405,332.283793,334.111918,15625000.0000,1828125000.0,2993.76,,3.27065,16.35326,3.905319e+16,7.810639e+16,1.041419e+17,8.926444e+16,2.2857,3998.3743,3.598,6,0.7661,,coarse,B,2.9502,4.3082,3.3023,False,512,199,0.389864,,CO(3-2),-12621.5815,-10942.449,star,18.868,2.641,14.717,512,20260825,False,False,
HD14055,HD14055,7,A002_Xfff3d8_Xd46,35.7405,332.284305,334.112430,15625000.0000,1828125000.0,2993.76,,3.62799,18.13998,4.332005e+16,8.664009e+16,1.155201e+17,9.901725e+16,2.2857,3998.3804,3.598,6,0.7661,,coarse,B,2.8926,4.5297,3.5323,False,512,249,0.487329,,CO(3-2),-12261.6949,-10630.440,star,18.868,2.641,14.717,512,20260825,False,False,
HD14055,HD14055,7,A002_Xff99e1_X2c3bb,35.7405,332.284634,334.112759,15625000.0000,1828125000.0,2993.76,,3.43935,17.19679,4.106762e+16,8.213524e+16,1.095137e+17,9.386885e+16,2.2857,3998.3844,3.598,6,0.7661,,coarse,B,3.1331,4.7110,3.6809,False,512,176,0.345029,,CO(3-2),-12151.9906,-10535.330,star,18.868,2.641,14.717,512,20260825,False,False,
HD14055,HD14055,7,A002_Xff99e1_X2b2ee,35.7405,332.284918,334.113043,15625000.0000,1828125000.0,2993.76,,4.43361,22.16806,5.293950e+16,1.058790e+17,1.411720e+17,1.210046e+17,2.2857,3998.3878,3.598,6,0.7661,,coarse,B,2.9259,4.1997,3.3473,False,512,229,0.448343,,CO(3-2),-13464.2073,-11672.974,star,18.868,2.641,14.717,512,20260825,False,False,
HD14055,HD14055,7,A002_Xff99e1_X24be0,35.7405,332.285133,334.113258,15625000.0000,1828125000.0,2993.76,,4.88192,24.40962,5.829257e+16,1.165851e+17,1.554469e+17,1.332402e+17,2.2857,3998.3903,3.598,6,0.7661,,coarse,B,2.8786,5.1549,3.5472,False,512,205,0.401559,,CO(3-2),-13198.3673,-11442.501,star,18.868,2.641,14.717,512,20260825,False,False,
HD14055,HD14055,7,A002_Xff99e1_X1b0c4,35.7405,332.285969,334.114094,15625000.0000,1828125000.0,2993.76,,3.38569,16.92848,4.042688e+16,8.085377e+16,1.078050e+17,9.240430e+16,2.2857,3998.4004,3.598,6,0.7661,,coarse,B,3.3083,4.5751,3.7242,False,512,94,0.185185,,CO(3-2),-12744.4056,-11048.933,star,18.868,2.641,14.717,512,20260825,False,False,
HD14055,HD14055,7,A002_X107fa96_X9a88,35.7405,332.288637,334.116762,15625000.0000,1828125000.0,2993.76,,5.88946,29.44734,7.032313e+16,1.406463e+17,1.875283e+17,1.607386e+17,2.2857,3998.4324,3.598,6,0.7661,,coarse,B,2.9775,4.7219,3.7452,False,512,186,0.364522,,CO(3-2),-12257.3631,-10626.685,star,18.868,2.641,14.717,512,20260825,False,False,
HD14055,HD14055,7,A002_X107fa96_X150f6,35.7405,332.289640,334.117765,15625000.0000,1828125000.0,2993.76,,4.97508,24.87545,5.940502e+16,1.188100e+17,1.584134e+17,1.357829e+17,2.2857,3998.4444,3.598,6,0.7661,,coarse,B,3.5016,4.1705,3.6181,False,512,58,0.115010,,CO(3-2),-13131.3597,-11384.408,star,18.868,2.641,14.717,512,20260825,False,False,
HD14055,HD14055,7,A002_X1086384_X10bc1,35.7405,332.292691,334.120816,15625000.0000,1828125000.0,2993.76,,2.09817,10.49088,2.505326e+16,5.010651e+16,6.680868e+16,5.726458e+16,2.2857,3998.4810,3.598,6,0.7661,,coarse,B,2.9012,4.9406,3.4267,False,512,241,0.471735,,CO(3-2),-13393.9343,-11612.050,star,18.867,2.641,14.717,512,20260825,False,False,
HD14055,HD14055,7,A002_X1088045_X3c7b,35.7405,332.293264,334.121389,15625000.0000,1828125000.0,2993.76,,3.82509,19.12549,4.567354e+16,9.134708e+16,1.217961e+17,1.043967e+17,2.2857,3998.4879,3.598,6,0.7661,,coarse,B,2.1959,4.9210,3.0151,False,512,486,0.949318,,CO(3-2),-12330.8615,-10690.405,star,18.867,2.641,14.716,512,20260825,False,False,
HD14055,HD14055,7,A002_X101088d_Xbf80,35.7405,342.300284,344.128409,15625000.0000,1828125000.0,2993.76,,4.42114,22.10601,5.279132e+16,1.055826e+17,1.407769e+17,1.206659e+17,2.2857,4118.5722,3.598,6,0.7891,,coarse,B,2.8985,4.7655,3.7967,False,512,241,0.471735,,CO(3-2),-2808.2164,-2434.621,star,18.317,2.564,14.287,512,20260825,False,False,
HD14055,HD14055,7,A002_X105e6e0_X7c5e,35.7405,342.317178,344.145303,15625000.0000,1828125000.0,2993.76,,6.53954,32.69794,7.808589e+16,1.561718e+17,2.082290e+17,1.784820e+17,2.2857,4118.7749,3.598,6,0.7892,,coarse,B,3.2167,4.4948,3.9033,False,512,135,0.265107,,CO(3-2),-2978.8218,-2582.529,star,18.316,2.564,14.287,512,20260825,False,False,
HD14055,HD14055,7,A002_X1006d51_X228e,35.7405,342.328810,344.156935,15625000.0000,1828125000.0,2993.76,,3.19148,15.95744,3.810794e+16,7.621588e+16,1.016212e+17,8.710387e+16,2.2857,4118.9145,3.598,6,0.7892,,coarse,B,3.5570,3.9782,3.8132,False,512,49,0.097466,,CO(3-2),-3014.0648,-2613.084,star,18.316,2.564,14.286,512,20260825,False,False,
HD14055,HD14055,7,A002_X1003af4_X14e08,35.7405,342.329902,344.158027,15625000.0000,1828125000.0,2993.76,,3.37075,16.85380,4.024852e+16,8.049704e+16,1.073294e+17,9.199662e+16,2.2857,4118.9276,3.598,6,0.7892,,coarse,B,2.8685,4.1221,3.4862,False,512,300,0.586745,,CO(3-2),-1903.5981,-1650.350,star,18.316,2.564,14.286,512,20260825,False,False,
HD14055,HD14055,7,A002_X107376c_X6126,35.7405,342.330694,344.158819,15625000.0000,1828125000.0,2993.76,,5.78198,28.91001,6.903995e+16,1.380799e+17,1.841065e+17,1.578056e+17,2.2857,4118.9371,3.598,6,0.7892,,coarse,B,3.3525,4.9323,3.4493,False,512,85,0.167641,,CO(3-2),-2074.6813,-1798.673,star,18.316,2.564,14.286,512,20260825,False,False,
HD14055,HD14055,7,A002_X1003af4_X3a2c,35.7405,342.330943,344.159068,15625000.0000,1828125000.0,2358.72,,3.69941,18.49707,4.417283e+16,8.834565e+16,1.177942e+17,1.009665e+17,2.2857,4118.9401,3.598,5,0.6218,,coarse,B,3.5934,4.0658,3.6746,False,512,17,0.035088,,CO(3-2),-1949.4321,-1690.086,star,18.316,2.564,14.286,512,20260825,False,False,
HD14055,HD14055,7,A002_X1001fdc_Xc06e,35.7405,342.331618,344.159743,15625000.0000,1828125000.0,2993.76,,2.92274,14.61374,3.489904e+16,6.979809e+16,9.306411e+16,7.976924e+16,2.2857,4118.9482,3.598,6,0.7892,,coarse,B,3.5714,5.0203,4.2704,False,512,56,0.111111,,CO(3-2),-2995.6320,-2597.103,star,18.316,2.564,14.286,512,20260825,False,False,
HD14055,HD14055,7,A002_X1001fdc_X29ae,35.7405,342.331891,344.160016,15625000.0000,1828125000.0,2993.76,,3.23864,16.19323,3.867102e+16,7.734204e+16,1.031227e+17,8.839091e+16,2.2857,4118.9514,3.598,6,0.7892,,coarse,B,2.8648,4.7838,3.4344,False,512,259,0.506823,,CO(3-2),-2089.1092,-1811.181,star,18.316,2.564,14.286,512,20260825,False,False,
HD14055,HD14055,7,A002_X1001fdc_X2085,35.7405,342.332105,344.160230,15625000.0000,1828125000.0,2993.76,297,2.85755,14.28780,3.412066e+16,6.824132e+16,9.098842e+16,7.799030e+16,2.2857,4118.9540,3.598,6,0.7892,1.0000,coarse,B,3.0535,4.5722,3.3461,False,512,164,0.321637,342.769605,CO(3-2),-3026.3947,-2623.773,star,18.315,2.564,14.286,512,20260825,False,False,
HD14055,HD14055,7,A002_Xfffde1_X9bd6,35.7405,342.332989,344.161114,15625000.0000,1828125000.0,2993.76,,1.52011,7.60057,1.815090e+16,3.630181e+16,4.840241e+16,4.148778e+16,2.2857,4118.9646,3.598,6,0.7892,,coarse,B,3.1221,4.2233,3.7724,False,512,143,0.280702,,CO(3-2),-2603.6360,-2257.257,star,18.315,2.564,14.286,512,20260825,False,False,
HD14055,HD14055,7,A002_Xfffde1_X3835,35.7405,342.333413,344.161538,15625000.0000,1828125000.0,2993.76,,4.36545,21.82729,5.212571e+16,1.042514e+17,1.390019e+17,1.191445e+17,2.2857,4118.9697,3.598,6,0.7892,,coarse,B,3.1167,4.1956,3.7528,False,512,148,0.290448,,CO(3-2),-2915.7117,-2527.815,star,18.315,2.564,14.286,512,20260825,False,False,
HD14055,HD14055,7,A002_Xfffde1_X2b1a,35.7405,342.333630,344.161755,15625000.0000,1828125000.0,2993.76,,3.16572,15.82862,3.780031e+16,7.560062e+16,1.008008e+17,8.640071e+16,2.2857,4118.9723,3.598,6,0.7892,,coarse,B,3.9154,4.1695,4.5473,False,512,6,0.013645,,CO(3-2),-2446.7453,-2121.239,star,18.315,2.564,14.286,512,20260825,False,False,
HD14055,HD14055,7,A002_Xfff3d8_Xd46,35.7405,342.334141,344.162266,15625000.0000,1828125000.0,2993.76,,3.49025,17.45128,4.167536e+16,8.335072e+16,1.111343e+17,9.525797e+16,2.2857,4118.9784,3.598,6,0.7892,,coarse,B,3.0418,4.3292,3.6572,False,512,220,0.430799,,CO(3-2),-2368.1087,-2053.063,star,18.315,2.564,14.286,512,20260825,False,False,
HD14055,HD14055,7,A002_Xff99e1_X2c3bb,35.7405,342.334471,344.162596,15625000.0000,1828125000.0,2993.76,,3.40680,17.03402,4.067892e+16,8.135784e+16,1.084771e+17,9.298038e+16,2.2857,4118.9824,3.598,6,0.7892,,coarse,B,2.6194,4.5198,3.3522,False,512,412,0.805068,,CO(3-2),-3133.4044,-2716.547,star,18.315,2.564,14.286,512,20260825,False,False,
HD14055,HD14055,7,A002_Xff99e1_X2b2ee,35.7405,342.334754,344.162879,15625000.0000,1828125000.0,2993.76,,4.17258,20.86291,4.982268e+16,9.964536e+16,1.328605e+17,1.138804e+17,2.2857,4118.9858,3.598,6,0.7892,,coarse,B,3.1417,4.1459,3.5747,False,512,104,0.204678,,CO(3-2),-2211.2461,-1917.069,star,18.315,2.564,14.286,512,20260825,False,False,
HD14055,HD14055,7,A002_Xff99e1_X24be0,35.7405,342.334969,344.163094,15625000.0000,1828125000.0,2993.76,,4.56299,22.81497,5.448439e+16,1.089688e+17,1.452917e+17,1.245358e+17,2.2857,4118.9884,3.598,6,0.7892,,coarse,B,3.0519,4.1099,3.4613,False,512,121,0.237817,,CO(3-2),-1976.6562,-1713.688,star,18.315,2.564,14.286,512,20260825,False,False,
HD14055,HD14055,7,A002_Xff99e1_X1b0c4,35.7405,342.335806,344.163931,15625000.0000,1828125000.0,2993.76,,3.32970,16.64850,3.975825e+16,7.951650e+16,1.060220e+17,9.087600e+16,2.2857,4118.9984,3.598,6,0.7892,,coarse,B,2.8106,4.9460,3.6399,False,512,302,0.590643,,CO(3-2),-3007.0694,-2607.019,star,18.315,2.564,14.286,512,20260825,False,False,
HD14055,HD14055,7,A002_X107fa96_X9a88,35.7405,342.338793,344.166918,15625000.0000,1828125000.0,2983.68,,5.51074,27.55375,6.580107e+16,1.316021e+17,1.754695e+17,1.504024e+17,2.2857,4119.0343,3.598,6,0.7866,,coarse,B,3.3575,4.4016,3.7339,False,512,92,0.181287,,CO(3-2),-3066.5819,-2658.614,star,18.315,2.564,14.286,512,20260825,False,False,
HD14055,HD14055,7,A002_X107fa96_X150f6,35.7405,342.339796,344.167921,15625000.0000,1828125000.0,2993.76,,4.73451,23.67256,5.653241e+16,1.130648e+17,1.507531e+17,1.292169e+17,2.2857,4119.0463,3.598,6,0.7892,,coarse,B,2.8092,4.7091,3.1184,False,512,270,0.528265,,CO(3-2),-2143.7035,-1858.512,star,18.315,2.564,14.286,512,20260825,False,False,
HD14055,HD14055,7,A002_X1119e64_X27e3,35.7405,342.340188,344.168313,15625000.0000,1828125000.0,3767.90,,0.32578,1.62894,3.890072e+15,7.780145e+15,1.037353e+16,8.891594e+15,2.2857,4119.0510,3.598,5,0.9933,,coarse,B,2.2901,4.3839,4.2259,False,512,463,0.904483,,CO(3-2),-2783.9369,-2413.571,star,18.315,2.564,14.286,512,20260825,False,False,
HD14055,HD14055,7,A002_X1086384_X10bc1,35.7405,342.342890,344.171015,15625000.0000,1828125000.0,2993.76,,2.09263,10.46317,2.498708e+16,4.997416e+16,6.663221e+16,5.711332e+16,2.2857,4119.0834,3.598,6,0.7892,,coarse,B,2.9039,4.3789,3.4090,False,512,194,0.380117,,CO(3-2),-3234.3595,-2804.071,star,18.315,2.564,14.286,512,20260825,False,False,
HD14055,HD14055,7,A002_X1088045_X3c7b,35.7405,342.343481,344.171606,15625000.0000,1828125000.0,2993.76,,3.70978,18.54893,4.429666e+16,8.859332e+16,1.181244e+17,1.012495e+17,2.2857,4119.0905,3.598,6,0.7892,,coarse,B,2.4835,4.1535,2.7453,False,512,420,0.820663,,CO(3-2),-3093.1444,-2681.643,star,18.315,2.564,14.286,512,20260825,False,False,
HD14055,HD14055,7,A002_X101088d_Xbf80,35.7405,344.186202,346.026534,488281.2500,1840332031.2,2993.76,,28.51586,142.58131,1.064057e+16,2.128114e+16,2.837485e+16,2.432130e+16,2.2857,4141.2764,3.598,142,25.39,,fine,A,4.8501,6.3704,5.2889,False,512,172,0.337232,,CO(3-2),-530.6964,-460.094,star,18.217,2.550,14.209,512,20260825,False,False,
HD14055,HD14055,7,A002_X105e6e0_X7c5e,35.7405,344.202849,346.043181,488281.2500,1840332031.2,2993.76,,39.73292,198.66605,1.482606e+16,2.965213e+16,3.953617e+16,3.388815e+16,2.2857,4141.4762,3.598,141,25.39,,fine,A,4.5817,5.9122,5.2833,False,512,375,0.732943,,CO(3-2),-723.0335,-626.844,star,18.216,2.550,14.208,512,20260825,False,False,
HD14055,HD14055,7,A002_X1006d51_X228e,35.7405,344.214311,346.054643,488281.2500,1840332031.2,2993.76,,20.62800,103.14024,7.697157e+15,1.539431e+16,2.052575e+16,1.759350e+16,2.2857,4141.6137,3.598,141,25.39,,fine,A,4.6420,5.8725,5.2081,False,512,276,0.539961,,CO(3-2),-443.5054,-384.503,star,18.215,2.550,14.208,512,20260825,False,False,
HD14055,HD14055,7,A002_X1003af4_X14e08,35.7405,344.215387,346.055719,488281.2500,1840332031.2,2993.76,,22.01569,110.07866,8.214958e+15,1.642992e+16,2.190655e+16,1.877705e+16,2.2857,4141.6266,3.598,141,25.39,,fine,A,4.5652,6.0714,5.3927,False,512,371,0.725146,,CO(3-2),-572.8008,-496.597,star,18.215,2.550,14.208,512,20260825,False,False,
HD14055,HD14055,7,A002_X107376c_X6126,35.7405,344.216170,346.056502,488281.2500,1840332031.2,2993.76,,38.04874,190.24430,1.419756e+16,2.839513e+16,3.786017e+16,3.245158e+16,2.2857,4141.6360,3.598,141,25.39,,fine,A,4.9877,5.9097,5.6868,False,512,70,0.138402,,CO(3-2),-1340.5720,-1162.227,star,18.215,2.550,14.208,512,20260825,False,False,
HD14055,HD14055,7,A002_X1003af4_X3a2c,35.7405,344.216419,346.056751,488281.2500,1840332031.2,2358.72,,24.33240,121.66222,9.079417e+15,1.815883e+16,2.421178e+16,2.075295e+16,2.2857,4141.6390,3.598,109,20.01,,fine,A,4.8938,5.8094,5.5811,False,512,99,0.194932,,CO(3-2),-740.2252,-641.748,star,18.215,2.550,14.208,512,20260825,False,False,
HD14055,HD14055,7,A002_X1001fdc_Xc06e,35.7405,344.217094,346.057426,488281.2500,1840332031.2,2993.76,,19.29091,96.45469,7.198227e+15,1.439645e+16,1.919527e+16,1.645309e+16,2.2857,4141.6471,3.598,141,25.39,,fine,A,5.0468,5.6078,5.5434,False,512,77,0.152047,,CO(3-2),-133.5931,-115.820,star,18.215,2.550,14.208,512,20260825,True,False,
HD14055,HD14055,7,A002_X1001fdc_X29ae,35.7405,344.217367,346.057699,488281.2500,1840332031.2,2993.76,,21.22656,106.13298,7.920499e+15,1.584100e+16,2.112133e+16,1.810400e+16,2.2857,4141.6504,3.598,142,25.39,,fine,A,4.6745,6.2362,5.9545,False,512,294,0.575049,,CO(3-2),-624.5311,-541.446,star,18.215,2.550,14.208,512,20260825,False,False,
HD14055,HD14055,7,A002_X1001fdc_X2085,35.7405,344.217582,346.057914,488281.2500,1840332031.2,2993.76,297,18.86684,94.33435,7.039991e+15,1.407998e+16,1.877331e+16,1.613988e+16,2.2926,4141.6530,3.598,141,25.39,0.9970,fine,A,5.2175,5.7407,5.8011,True,512,35,0.070175,345.234672,CO(3-2),-561.3284,-486.651,star,18.215,2.550,14.208,512,20260825,True,False,
HD14055,HD14055,7,A002_Xfffde1_X9bd6,35.7405,344.218465,346.058797,488281.2500,1840332031.2,2993.76,,9.84553,49.22769,3.673768e+15,7.347535e+15,9.796714e+15,8.397183e+15,2.2857,4141.6636,3.598,142,25.39,,fine,A,4.4930,5.7789,5.3214,False,512,346,0.676413,,CO(3-2),-303.6088,-263.218,star,18.215,2.550,14.208,512,20260825,False,False,
HD14055,HD14055,7,A002_Xfffde1_X3835,35.7405,344.218890,346.059222,488281.2500,1840332031.2,2993.76,,24.60205,123.01040,9.180028e+15,1.836006e+16,2.448008e+16,2.098292e+16,2.2857,4141.6687,3.598,142,25.39,,fine,A,5.1698,5.8274,5.8103,False,512,46,0.091618,,CO(3-2),-347.1298,-300.949,star,18.215,2.550,14.208,512,20260825,True,False,
HD14055,HD14055,7,A002_Xfffde1_X2b1a,35.7405,344.219106,346.059438,488281.2500,1840332031.2,2993.76,,18.12499,90.62505,6.763172e+15,1.352634e+16,1.803513e+16,1.545868e+16,2.2857,4141.6713,3.598,142,25.39,,fine,A,4.7545,5.9513,5.2624,False,512,234,0.458090,,CO(3-2),-124.7454,-108.150,star,18.215,2.550,14.208,512,20260825,False,False,
HD14055,HD14055,7,A002_Xfff3d8_Xd46,35.7405,344.219618,346.059950,488281.2500,1840332031.2,2993.76,,20.22689,101.13456,7.547477e+15,1.509495e+16,2.012661e+16,1.725138e+16,2.2857,4141.6774,3.598,141,25.39,,fine,A,4.7205,5.8216,5.2485,False,512,234,0.458090,,CO(3-2),78.4029,67.972,star,18.215,2.550,14.208,512,20260825,False,False,
HD14055,HD14055,7,A002_Xff99e1_X2c3bb,35.7405,344.219947,346.060279,488281.2500,1840332031.2,2993.76,,21.99597,109.97997,8.207592e+15,1.641518e+16,2.188691e+16,1.876021e+16,2.2857,4141.6814,3.598,142,25.39,,fine,A,5.0656,6.0597,5.3547,False,512,83,0.163743,,CO(3-2),-270.3888,-234.417,star,18.215,2.550,14.208,512,20260825,True,False,
HD14055,HD14055,7,A002_Xff99e1_X2b2ee,35.7405,344.220230,346.060562,488281.2500,1840332031.2,2993.76,,26.98235,134.91188,1.006821e+16,2.013643e+16,2.684857e+16,2.301306e+16,2.2857,4141.6848,3.598,141,25.39,,fine,A,5.1733,5.8583,5.2962,False,512,36,0.072125,,CO(3-2),-1095.3009,-949.586,star,18.215,2.550,14.208,512,20260825,True,False,
HD14055,HD14055,7,A002_Xff99e1_X24be0,35.7405,344.220445,346.060777,488281.2500,1840332031.2,2993.76,,29.27560,146.37813,1.092392e+16,2.184783e+16,2.913045e+16,2.496895e+16,2.2857,4141.6873,3.598,142,25.39,,fine,A,4.9692,5.6575,5.4616,False,512,95,0.187135,,CO(3-2),-229.8515,-199.273,star,18.215,2.550,14.208,512,20260825,False,False,
HD14055,HD14055,7,A002_Xff99e1_X1b0c4,35.7405,344.221282,346.061614,488281.2500,1840332031.2,2993.76,,21.80198,109.01001,8.135207e+15,1.627041e+16,2.169388e+16,1.859476e+16,2.2857,4141.6974,3.598,141,25.39,,fine,A,4.7049,5.9606,5.2273,False,512,265,0.518519,,CO(3-2),-1178.7218,-1021.909,star,18.215,2.550,14.208,512,20260825,False,False,
HD14055,HD14055,7,A002_X107fa96_X9a88,35.7405,344.224110,346.064442,488281.2500,1840332031.2,2993.76,,36.96430,184.82184,1.379290e+16,2.758579e+16,3.678106e+16,3.152662e+16,2.2857,4141.7313,3.598,141,25.39,,fine,A,4.9526,5.9272,5.2734,False,512,103,0.202729,,CO(3-2),-121.6951,-105.505,star,18.215,2.550,14.208,512,20260825,False,False,
HD14055,HD14055,7,A002_X107fa96_X150f6,35.7405,344.225113,346.065445,488281.2500,1840332031.2,2993.76,,30.48177,152.40910,1.137400e+16,2.274799e+16,3.033066e+16,2.599771e+16,2.2857,4141.7433,3.598,142,25.39,,fine,A,4.4101,5.7479,5.5084,False,512,435,0.849903,,CO(3-2),-298.4261,-258.724,star,18.215,2.550,14.207,512,20260825,False,False,
HD14055,HD14055,7,A002_X1086384_X10bc1,35.7405,344.228185,346.068517,488281.2500,1840332031.2,2993.76,,13.83016,69.15088,5.160597e+15,1.032119e+16,1.376159e+16,1.179565e+16,2.2857,4141.7802,3.598,142,25.39,,fine,A,4.4258,5.6125,5.4582,False,512,394,0.769981,,CO(3-2),-16.0570,-13.921,star,18.215,2.550,14.207,512,20260825,False,False,
HD14055,HD14055,7,A002_X1088045_X3c7b,35.7405,344.228767,346.069099,488281.2500,1840332031.2,2993.76,,24.58324,122.91637,9.173011e+15,1.834602e+16,2.446136e+16,2.096688e+16,2.2857,4141.7872,3.598,141,25.39,,fine,A,4.6687,6.0783,5.0398,False,512,296,0.578947,,CO(3-2),-899.2646,-779.629,star,18.215,2.550,14.207,512,20260825,False,False,
HD14055,HD14055,7,A002_X1119e64_X27e3,35.7405,344.266702,345.991799,488281.2500,1725097656.2,2751.84,,2.20884,11.04438,8.242209e+14,1.648442e+15,2.197922e+15,1.883934e+15,2.2857,4141.5510,3.598,125,23.34,,fine,A,4.7510,6.5282,5.6129,False,512,158,0.309942,,CO(3-2),-742.6772,-643.874,star,18.216,2.550,14.208,512,20260825,False,False,
HD 48370,HD 48370,6,A002_Xc26103_X155a,35.9519,216.121140,217.855515,15625000.0000,1734375000.0,1874.88,186,2.25420,11.27102,2.723564e+16,5.447128e+16,7.262837e+16,6.225296e+16,2.2857,2603.8599,3.598,3,0.3124,1.0000,coarse,B,3.0998,4.2024,3.6195,False,512,51,0.101365,216.652390,SiO(5-4),-452.6099,-624.993,star,28.973,4.056,22.599,512,20260825,False,False,
HD 48370,HD 48370,6,A002_Xc26103_X155a,35.9519,218.560028,220.400360,488281.2500,1840332031.2,1874.88,186,13.03593,65.17985,4.921954e+15,9.843908e+15,1.312521e+16,1.126387e+16,2.2885,2633.7623,3.598,51,10.11,0.9988,fine,A,4.6162,20.3691,7.6751,False,512,236,0.461988,220.039031,13CO(2-1),-359.9685,-489.639,star,28.644,4.010,22.342,512,20260825,False,False,
HD 48370,HD 48370,6,A002_Xc26103_X155a,35.9519,230.500443,230.960526,122070.3125,460083007.8,1874.88,186,30.30276,151.51425,2.860340e+15,5.720681e+15,7.627574e+15,6.680605e+15,2.3356,2768.7658,3.598,210,42.53,0.9786,fine,A,27.1031,26.8257,27.9474,True,512,0,0.001949,230.511674,CO(2-1),-26.3263,-34.235,star,27.247,3.815,21.253,512,20260825,True,True,foreground CO
HD 48370,HD 48370,6,A002_Xc26103_X155a,35.9519,232.620253,234.354628,15625000.0000,1734375000.0,1874.88,186,2.30174,11.50871,2.781000e+16,5.561999e+16,7.415999e+16,6.356579e+16,2.2857,2801.8493,3.598,3,0.3362,1.0000,coarse,B,2.7152,4.3991,3.3126,False,512,204,0.399610,233.167128,CO(2-1),2629.1276,3418.927,star,26.925,3.770,21.002,512,20260825,False,False,
HD 48370,HD 48370,8,A002_Xe64b7b_X1704c,35.9519,479.259869,481.056744,15625000.0000,1796875000.0,2600.64,258,18.29359,91.46820,2.210265e+17,4.420530e+17,5.894040e+17,5.052063e+17,2.2857,5761.8997,3.598,7,0.959,1.0000,coarse,B,2.8082,4.6735,3.8229,False,512,305,0.596491,480.712994,CO(4-3),19671.9940,12791.737,star,13.093,1.833,10.213,512,20260825,False,False,
HD 48370,HD 48370,8,A002_Xf05a48_X269c,35.9519,479.288148,481.116273,15625000.0000,1828125000.0,1572.48,,16.25802,81.29088,1.964337e+17,3.928674e+17,5.238232e+17,4.489914e+17,2.2857,5762.4265,3.598,5,0.5799,,coarse,B,3.5870,4.3976,3.7109,False,512,46,0.091618,,CO(4-3),19528.3979,12698.364,star,13.092,1.833,10.212,512,20260825,False,False,
HD 48370,HD 48370,8,A002_Xeef629_X5a6e,35.9519,479.290099,481.086974,15625000.0000,1796875000.0,2600.64,,14.62087,73.10473,1.766525e+17,3.533049e+17,4.710732e+17,4.037771e+17,2.2857,5762.2624,3.598,7,0.9591,,coarse,B,2.5407,4.9695,3.6027,False,512,449,0.877193,,CO(4-3),19077.2244,12404.988,star,13.092,1.833,10.212,512,20260825,False,False,
HD 48370,HD 48370,8,A002_Xe64b7b_X1704c,35.9519,481.217869,483.014744,15625000.0000,1796875000.0,2600.64,258,18.79675,93.98399,2.271057e+17,4.542115e+17,6.056153e+17,5.191018e+17,2.2857,5785.3957,3.598,7,0.9629,1.0000,coarse,B,2.1709,4.5927,3.1248,False,512,493,0.962963,482.983494,CO(4-3),21942.4940,14268.133,star,13.040,1.826,10.171,512,20260825,False,False,
HD 48370,HD 48370,8,A002_Xf05a48_X269c,35.9519,481.246148,483.074273,15625000.0000,1828125000.0,1572.48,,17.69452,88.47346,2.137899e+17,4.275798e+17,5.701064e+17,4.886626e+17,2.2857,5785.9225,3.598,5,0.5823,,coarse,B,3.3038,4.6062,3.5208,False,512,66,0.130604,,CO(4-3),20314.5229,13209.543,star,13.039,1.825,10.170,512,20260825,False,False,
HD 48370,HD 48370,8,A002_Xeef629_X5a6e,35.9519,481.248099,483.044974,15625000.0000,1796875000.0,2600.64,,15.32412,76.62100,1.851493e+17,3.702985e+17,4.937314e+17,4.231983e+17,2.2857,5785.7584,3.598,7,0.963,,coarse,B,3.4834,4.5051,4.2825,False,512,55,0.109162,,CO(4-3),20738.3494,13485.136,star,13.039,1.825,10.170,512,20260825,False,False,
HD 48370,HD 48370,8,A002_Xe64b7b_X1704c,35.9519,491.657082,492.577492,488281.2500,920410156.2,2600.64,258,180.46963,902.35081,6.813961e+16,9.085281e+16,1.362792e+17,9.141047e+16,1.3415,5905.4074,3.598,186,31.45,0.9939,fine,A,5.0509,6.2257,5.3670,False,512,58,0.115010,491.949074,CO(4-3),30908.0742,20098.012,star,12.775,1.788,9.964,512,20260825,True,False,
HD 48370,HD 48370,8,A002_Xeef629_X5a6e,35.9519,491.687312,492.607723,488281.2500,920410156.2,2600.64,,145.82497,729.12884,5.505902e+16,7.341203e+16,1.101180e+17,7.341203e+16,1.3333,5905.7702,3.598,184,31.45,,fine,A,4.7612,5.7189,5.0665,False,512,204,0.399610,,CO(4-3),31148.2655,20254.197,star,12.774,1.788,9.964,512,20260825,False,False,
HD 48370,HD 48370,8,A002_Xf05a48_X269c,35.9519,491.700986,492.621396,488281.2500,920410156.2,1572.48,,149.05129,745.26410,5.627745e+16,7.503660e+16,1.125549e+17,7.503660e+16,1.3333,5905.9343,3.598,104,19.02,,fine,A,4.7594,5.7483,5.3328,False,512,113,0.222222,,CO(4-3),30802.5640,20029.404,star,12.774,1.788,9.963,512,20260825,False,False,
HD 48370,HD 48370,8,A002_Xe64b7b_X1704c,35.9519,493.244240,495.072365,15625000.0000,1828125000.0,2600.64,258,23.07283,115.36449,2.787702e+17,5.575404e+17,7.433872e+17,6.371929e+17,2.2857,5929.8996,3.598,7,0.987,1.0000,coarse,B,2.8548,4.4056,3.1790,False,512,247,0.483431,494.837990,CO(4-3),33796.9902,21976.533,star,12.722,1.781,9.923,512,20260825,False,False,
HD 48370,HD 48370,8,A002_Xf05a48_X269c,35.9519,493.288144,495.116269,15625000.0000,1828125000.0,1572.48,,19.01689,95.08541,2.297672e+17,4.595345e+17,6.127126e+17,5.251822e+17,2.2857,5930.4265,3.598,5,0.5968,,coarse,B,3.1008,5.2414,3.6639,False,512,197,0.385965,,CO(4-3),33559.6441,21822.198,star,12.721,1.781,9.922,512,20260825,False,False,
HD 48370,HD 48370,8,A002_Xeef629_X5a6e,35.9519,493.290096,495.086971,15625000.0000,1796875000.0,2600.64,,17.23948,86.19786,2.082911e+17,4.165822e+17,5.554429e+17,4.760939e+17,2.2857,5930.2624,3.598,7,0.987,,coarse,B,3.3223,4.0992,3.5679,False,512,70,0.138402,,CO(4-3),32967.8456,21437.381,star,12.721,1.781,9.923,512,20260825,False,False,
HD 89452,HD 89452,6,A002_X12694b3_Xab7,36.2270,229.664145,231.389730,976562.5000,1725585937.5,2872.80,,12.04221,60.21109,9.233187e+15,1.231092e+16,1.846637e+16,1.231092e+16,1.3333,2766.3232,3.598,41,8.138,,fine,A,4.3031,5.5744,4.6470,False,512,218,0.426901,,CO(2-1),-552.5664,-718.559,star,27.271,3.818,21.271,512,20260825,False,False,
HD 89452,HD 89452,6,A002_X126787e_X227e,36.2270,229.664778,231.390364,976562.5000,1725585937.5,2872.80,,11.94570,59.72855,9.159192e+15,1.221226e+16,1.831838e+16,1.221226e+16,1.3333,2766.3309,3.598,41,8.138,,fine,A,4.2489,5.4569,4.7664,False,512,298,0.582846,,CO(2-1),564.2784,733.790,star,27.271,3.818,21.271,512,20260825,False,False,
HD 89452,HD 89452,6,A002_X126787e_X1c15,36.2270,229.664906,231.390492,976562.5000,1725585937.5,2872.80,,12.08667,60.43341,9.267280e+15,1.235637e+16,1.853456e+16,1.235637e+16,1.3333,2766.3324,3.598,41,8.138,,fine,A,4.5058,5.3584,4.7318,False,512,127,0.249513,,CO(2-1),-496.1408,-645.183,star,27.271,3.818,21.271,512,20260825,False,False,
HD 89452,HD 89452,6,A002_X126787e_X1170,36.2270,229.665051,231.390637,976562.5000,1725585937.5,2872.80,,14.14324,70.71622,1.084412e+16,1.445882e+16,2.168824e+16,1.445882e+16,1.3333,2766.3341,3.598,41,8.138,,fine,A,4.8234,5.6243,4.8692,False,512,19,0.038986,,CO(2-1),850.6837,1106.232,star,27.271,3.818,21.271,512,20260825,False,False,
HD 89452,HD 89452,6,A002_X1264cde_X2d40,36.2270,229.665932,231.391518,976562.5000,1725585937.5,2872.80,,12.26057,61.30290,9.400614e+15,1.253415e+16,1.880123e+16,1.253415e+16,1.3333,2766.3447,3.598,41,8.138,,fine,A,4.2906,5.3416,4.7954,False,512,238,0.465887,,CO(2-1),-626.9504,-815.289,star,27.271,3.818,21.271,512,20260825,False,False,
HD 89452,HD 89452,6,A002_X1264cde_X258b,36.2270,229.666066,231.391652,976562.5000,1725585937.5,2872.80,,11.68785,58.43930,8.961490e+15,1.194865e+16,1.792298e+16,1.194865e+16,1.3333,2766.3463,3.598,40,8.138,,fine,A,4.4598,5.6210,4.8180,False,512,157,0.307992,,CO(2-1),459.1204,597.042,star,27.271,3.818,21.271,512,20260825,False,False,
HD 89452,HD 89452,6,A002_X1263402_X856c,36.2270,229.666276,231.391862,976562.5000,1725585937.5,2872.80,,10.96531,54.82656,8.407487e+15,1.120998e+16,1.681497e+16,1.120998e+16,1.3333,2766.3488,3.598,41,8.138,,fine,A,5.3257,5.9234,5.4019,False,512,5,0.011696,,CO(2-1),-681.2938,-885.957,star,27.271,3.818,21.271,512,20260825,True,False,
HD 89452,HD 89452,6,A002_X1263402_X816f,36.2270,229.666403,231.391989,976562.5000,1725585937.5,2872.80,475,11.13621,55.68106,8.538522e+15,1.138470e+16,1.707704e+16,1.138607e+16,1.3335,2766.3504,3.598,41,8.138,0.9999,fine,A,4.7924,6.0130,5.2529,False,512,42,0.083821,230.237692,CO(2-1),-300.3080,-390.522,star,27.271,3.818,21.271,512,20260825,False,False,
HD 89452,HD 89452,6,A002_X12694b3_Xab7,36.2270,232.070875,233.899000,15625000.0000,1828125000.0,3550.18,,2.14851,10.74257,2.635746e+16,5.271492e+16,7.028656e+16,6.024562e+16,2.2857,2795.8192,3.598,4,0.6352,,coarse,B,2.6380,4.5501,3.6664,False,512,328,0.641326,,CO(2-1),1798.5000,2338.776,star,26.983,3.778,21.047,512,20260825,False,False,
HD 89452,HD 89452,6,A002_X126787e_X227e,36.2270,232.071509,233.899634,15625000.0000,1828125000.0,3550.18,,2.10073,10.50368,2.577131e+16,5.154263e+16,6.872350e+16,5.890586e+16,2.2857,2795.8269,3.598,4,0.6352,,coarse,B,3.8440,4.4704,4.9163,False,512,13,0.027290,,CO(2-1),1705.3839,2217.687,star,26.983,3.778,21.047,512,20260825,False,False,
HD 89452,HD 89452,6,A002_X126787e_X1c15,36.2270,232.071637,233.899762,15625000.0000,1828125000.0,3550.18,,2.13328,10.66639,2.617055e+16,5.234110e+16,6.978813e+16,5.981840e+16,2.2857,2795.8284,3.598,4,0.6352,,coarse,B,2.4327,4.8052,3.0023,False,512,419,0.818713,,CO(2-1),2143.0115,2786.780,star,26.983,3.778,21.047,512,20260825,False,False,
HD 89452,HD 89452,6,A002_X126787e_X1170,36.2270,232.071781,233.899906,15625000.0000,1828125000.0,3550.18,,2.51333,12.56667,3.083297e+16,6.166593e+16,8.222125e+16,7.047535e+16,2.2857,2795.8301,3.598,4,0.6352,,coarse,B,2.1005,4.9935,2.9422,False,512,489,0.955166,,CO(2-1),1752.5314,2278.998,star,26.983,3.778,21.047,512,20260825,False,False,
HD 89452,HD 89452,6,A002_X1264cde_X2d40,36.2270,232.072663,233.900788,15625000.0000,1828125000.0,3550.18,,2.18876,10.94380,2.685117e+16,5.370235e+16,7.160313e+16,6.137411e+16,2.2857,2795.8407,3.598,4,0.6352,,coarse,B,3.1937,5.4869,3.6793,False,512,108,0.212476,,CO(2-1),2565.9129,3336.723,star,26.983,3.778,21.047,512,20260825,False,False,
HD 89452,HD 89452,6,A002_X1264cde_X258b,36.2270,232.072796,233.900921,15625000.0000,1828125000.0,3550.18,,2.08362,10.41813,2.556142e+16,5.112284e+16,6.816379e+16,5.842610e+16,2.2857,2795.8423,3.598,4,0.6352,,coarse,B,2.7132,4.5002,3.3653,False,512,246,0.481481,,CO(2-1),2972.2961,3865.185,star,26.983,3.778,21.047,512,20260825,False,False,
HD 89452,HD 89452,6,A002_X1263402_X856c,36.2270,232.073007,233.901132,15625000.0000,1828125000.0,3550.18,,1.95361,9.76805,2.396642e+16,4.793284e+16,6.391045e+16,5.478038e+16,2.2857,2795.8448,3.598,4,0.6352,,coarse,B,3.7452,4.2811,4.1046,False,512,15,0.031189,,CO(2-1),2238.1320,2910.475,star,26.983,3.778,21.047,512,20260825,False,False,
HD 89452,HD 89452,6,A002_X1263402_X816f,36.2270,232.073133,233.901258,15625000.0000,1828125000.0,3550.18,587,1.97014,9.85070,2.416919e+16,4.833837e+16,6.445117e+16,5.524388e+16,2.2857,2795.8464,3.598,4,0.6352,1.0000,coarse,B,3.6189,4.4645,3.8283,False,512,29,0.058480,232.448133,CO(2-1),1910.1334,2483.944,star,26.983,3.778,21.047,512,20260825,False,False,
HD 89452,HD 89452,6,A002_X12694b3_Xab7,36.2270,244.070875,245.899000,15625000.0000,1828125000.0,3550.18,,2.25160,11.25800,2.762208e+16,5.524415e+16,7.365887e+16,6.313618e+16,2.2857,2939.8192,3.598,4,0.668,,coarse,B,3.1589,4.4705,3.3526,False,512,109,0.214425,,CS(5-4),900.5000,1102.178,star,25.662,3.593,20.016,512,20260825,False,False,
HD 89452,HD 89452,6,A002_X126787e_X227e,36.2270,244.071509,245.899634,15625000.0000,1828125000.0,3550.18,,2.19531,10.97653,2.693149e+16,5.386299e+16,7.181731e+16,6.155770e+16,2.2857,2939.8269,3.598,4,0.668,,coarse,B,2.9240,4.4084,3.6611,False,512,188,0.368421,,CS(5-4),-661.3661,-809.487,star,25.662,3.593,20.016,512,20260825,False,False,
HD 89452,HD 89452,6,A002_X126787e_X1c15,36.2270,244.071637,245.899762,15625000.0000,1828125000.0,3550.18,,2.21370,11.06850,2.715714e+16,5.431429e+16,7.241905e+16,6.207347e+16,2.2857,2939.8284,3.598,4,0.668,,coarse,B,2.1372,4.7267,2.7954,False,512,497,0.970760,,CS(5-4),-458.1135,-560.714,star,25.662,3.593,20.016,512,20260825,False,False,
HD 89452,HD 89452,6,A002_X126787e_X1170,36.2270,244.071781,245.899906,15625000.0000,1828125000.0,3550.18,,2.58942,12.94711,3.176640e+16,6.353281e+16,8.471041e+16,7.260892e+16,2.2857,2939.8301,3.598,4,0.668,,coarse,B,2.6018,4.6830,3.1053,False,512,341,0.666667,,CS(5-4),510.7814,625.177,star,25.662,3.593,20.016,512,20260825,False,False,
HD 89452,HD 89452,6,A002_X1264cde_X2d40,36.2270,244.072663,245.900788,15625000.0000,1828125000.0,3550.18,,2.26658,11.33290,2.780586e+16,5.561173e+16,7.414897e+16,6.355626e+16,2.2857,2939.8407,3.598,4,0.668,,coarse,B,2.3825,4.3788,3.1503,False,512,430,0.840156,,CS(5-4),74.1629,90.773,star,25.661,3.593,20.016,512,20260825,False,False,
HD 89452,HD 89452,6,A002_X1264cde_X258b,36.2270,244.072796,245.900921,15625000.0000,1828125000.0,3550.18,,2.16188,10.80939,2.652139e+16,5.304277e+16,7.072369e+16,6.062031e+16,2.2857,2939.8423,3.598,4,0.668,,coarse,B,3.5827,4.5208,4.1255,False,512,23,0.046784,,CS(5-4),761.7961,932.410,star,25.661,3.593,20.016,512,20260825,False,False,
HD 89452,HD 89452,6,A002_X1263402_X856c,36.2270,244.073007,245.901132,15625000.0000,1828125000.0,3550.18,,2.04395,10.21973,2.507465e+16,5.014929e+16,6.686572e+16,5.731348e+16,2.2857,2939.8448,3.598,4,0.668,,coarse,B,3.1915,4.1688,3.7409,False,512,102,0.200780,,CS(5-4),355.7570,435.433,star,25.661,3.593,20.016,512,20260825,False,False,
HD 89452,HD 89452,6,A002_X1263402_X816f,36.2270,244.073133,245.901258,15625000.0000,1828125000.0,3550.18,587,2.05155,10.25775,2.516792e+16,5.033584e+16,6.711446e+16,5.752671e+16,2.2857,2939.8464,3.598,4,0.668,1.0000,coarse,B,2.7772,4.4370,4.1004,False,512,240,0.469786,244.354383,CS(5-4),-581.6166,-711.877,star,25.661,3.593,20.016,512,20260825,False,False,
HD 89452,HD 89452,6,A002_X12694b3_Xab7,36.2270,246.070875,247.899000,15625000.0000,1828125000.0,3550.18,,2.49000,12.45002,3.054675e+16,6.109351e+16,8.145801e+16,6.982115e+16,2.2857,2963.8192,3.598,4,0.6734,,coarse,B,3.1072,4.3187,3.7903,False,512,115,0.226121,,CS(5-4),2150.5000,2632.131,star,25.454,3.564,19.854,512,20260825,False,False,
HD 89452,HD 89452,6,A002_X126787e_X227e,36.2270,246.071509,247.899634,15625000.0000,1828125000.0,3550.18,,2.41496,12.07482,2.962620e+16,5.925240e+16,7.900320e+16,6.771703e+16,2.2857,2963.8269,3.598,4,0.6734,,coarse,B,2.5552,4.6823,3.1524,False,512,356,0.695906,,CS(5-4),1198.0089,1466.318,star,25.454,3.564,19.854,512,20260825,False,False,
HD 89452,HD 89452,6,A002_X126787e_X1c15,36.2270,246.071637,247.899762,15625000.0000,1828125000.0,3550.18,,2.46604,12.33021,3.025280e+16,6.050560e+16,8.067413e+16,6.914925e+16,2.2857,2963.8284,3.598,4,0.6734,,coarse,B,2.3624,5.0279,2.9318,False,512,420,0.820663,,CS(5-4),2432.5115,2977.303,star,25.454,3.564,19.854,512,20260825,False,False,
HD 89452,HD 89452,6,A002_X126787e_X1170,36.2270,246.071781,247.899906,15625000.0000,1828125000.0,3550.18,,2.87745,14.38724,3.529983e+16,7.059966e+16,9.413288e+16,8.068533e+16,2.2857,2963.8301,3.598,4,0.6734,,coarse,B,4.0353,4.8061,4.7642,False,512,10,0.021442,,CS(5-4),2526.4064,3092.226,star,25.454,3.564,19.854,512,20260825,False,False,
HD 89452,HD 89452,6,A002_X1264cde_X2d40,36.2270,246.072663,247.900788,15625000.0000,1828125000.0,3550.18,,2.50715,12.53577,3.075715e+16,6.151430e+16,8.201907e+16,7.030206e+16,2.2857,2963.8407,3.598,4,0.6734,,coarse,B,2.6169,4.5129,3.4240,False,512,301,0.588694,,CS(5-4),1386.6629,1697.223,star,25.454,3.564,19.854,512,20260825,False,False,
HD 89452,HD 89452,6,A002_X1264cde_X258b,36.2270,246.072796,247.900921,15625000.0000,1828125000.0,3550.18,,2.33192,11.65959,2.860741e+16,5.721481e+16,7.628642e+16,6.538836e+16,2.2857,2963.8423,3.598,4,0.6734,,coarse,B,3.3982,4.3122,4.0207,False,512,50,0.099415,,CS(5-4),2230.5461,2730.105,star,25.454,3.564,19.854,512,20260825,False,False,
HD 89452,HD 89452,6,A002_X1263402_X856c,36.2270,246.073007,247.901132,15625000.0000,1828125000.0,3550.18,,2.23062,11.15310,2.736470e+16,5.472941e+16,7.297255e+16,6.254790e+16,2.2857,2963.8448,3.598,4,0.6734,,coarse,B,2.3768,4.2539,2.9370,False,512,408,0.797271,,CS(5-4),1402.6320,1716.769,star,25.454,3.564,19.854,512,20260825,False,False,
HD 89452,HD 89452,6,A002_X1263402_X816f,36.2270,246.073133,247.901258,15625000.0000,1828125000.0,3550.18,587,2.25908,11.29539,2.771381e+16,5.542762e+16,7.390349e+16,6.334588e+16,2.2857,2963.8464,3.598,4,0.6734,1.0000,coarse,B,2.6002,5.1841,2.8284,False,512,359,0.701754,246.698133,CS(5-4),1762.1334,2156.785,star,25.454,3.564,19.854,512,20260825,False,False,
HD61005,HD61005,6,A002_X7d194b_X58f,36.4506,212.106645,213.841020,15625000.0000,1734375000.0,1360.80,,0.37240,1.86200,4.625091e+15,9.250181e+15,1.233357e+16,1.057164e+16,2.2857,2555.6860,3.598,3,0.2226,,coarse,B,2.2609,4.3255,4.2890,False,512,439,0.857700,,SiO(5-4),-4498.3553,-6211.617,star,29.519,4.133,23.025,512,20260825,False,False,
HD61005,HD61005,6,A002_X74fea5_Xd70,36.4506,212.127382,213.861757,15625000.0000,1734375000.0,2419.20,400,0.45733,2.28665,5.679884e+15,1.135977e+16,1.514636e+16,1.298260e+16,2.2857,2555.9348,3.598,3,0.3957,1.0000,coarse,B,2.1943,4.2660,4.5156,False,512,421,0.822612,212.252382,SiO(5-4),-4852.6183,-6700.805,star,29.516,4.132,23.022,512,20260825,False,False,
HD61005,HD61005,6,A002_X7d194b_X58f,36.4506,214.106399,215.840774,15625000.0000,1734375000.0,1360.80,,0.35928,1.79640,4.462130e+15,8.924260e+15,1.189901e+16,1.019915e+16,2.2857,2579.6830,3.598,3,0.2247,,coarse,B,2.5506,4.3861,4.2238,False,512,292,0.571150,,SiO(5-4),-2717.3510,-3752.292,star,29.244,4.094,22.810,512,20260825,False,False,
HD61005,HD61005,6,A002_X74fea5_Xd70,36.4506,214.127331,215.861706,15625000.0000,1734375000.0,2419.20,400,0.41918,2.09591,5.206093e+15,1.041219e+16,1.388292e+16,1.189965e+16,2.2857,2579.9342,3.598,3,0.3994,1.0000,coarse,B,2.0275,4.6678,3.9764,False,512,463,0.904483,214.392956,SiO(5-4),-2712.0443,-3744.964,star,29.241,4.094,22.808,512,20260825,False,False,
HD61005,HD61005,6,A002_Xb47876_X3918,36.4506,223.132812,224.867188,15625000.0000,1734375000.0,828.58,,0.29376,1.46879,3.648374e+15,7.296747e+15,9.728996e+15,8.339140e+15,2.2857,2688.0000,3.598,2,0.1425,,coarse,B,3.2617,4.5402,3.8198,False,512,34,0.068226,,13CO(2-1),3936.9375,5355.125,star,28.066,3.929,21.891,512,20260825,False,False,
HD61005,HD61005,6,A002_Xb47876_X3918,36.4506,225.132812,226.867188,15625000.0000,1734375000.0,828.58,,0.27005,1.35024,3.353898e+15,6.707796e+15,8.943728e+15,7.666053e+15,2.2857,2712.0000,3.598,2,0.1438,,coarse,B,2.4488,4.8251,3.9885,False,512,271,0.530214,,CO(2-1),-4405.1875,-5728.522,star,27.817,3.894,21.698,512,20260825,False,False,
HD61005,HD61005,6,A002_X7d194b_X58f,36.4506,227.104802,228.839177,15625000.0000,1734375000.0,1360.80,,0.36970,1.84849,4.591520e+15,9.183040e+15,1.224405e+16,1.049490e+16,2.2857,2735.6639,3.598,3,0.2383,,coarse,B,2.8721,4.6662,3.9065,False,512,145,0.284600,,CO(2-1),-2058.1981,-2676.488,star,27.577,3.861,21.510,512,20260825,False,False,
HD61005,HD61005,6,A002_X74fea5_Xd70,36.4506,227.126999,228.861374,15625000.0000,1734375000.0,2419.20,400,0.43702,2.18510,5.427641e+15,1.085528e+16,1.447371e+16,1.240604e+16,2.2857,2735.9302,3.598,4,0.4236,1.0000,coarse,B,3.6546,4.3908,3.9558,False,512,17,0.035088,228.064499,CO(2-1),-2473.5007,-3216.549,star,27.574,3.860,21.508,512,20260825,False,False,
HD61005,HD61005,6,A002_X7d194b_X58f,36.4506,230.087999,230.950548,244140.6250,862548828.1,1360.80,,3.14387,15.71934,6.100909e+14,1.220182e+15,1.626909e+15,1.394493e+15,2.2857,2766.2313,3.598,74,15.42,,fine,A,4.2937,5.8577,5.6691,False,512,399,0.779727,,CO(2-1),213.5734,277.732,star,27.272,3.818,21.272,512,20260825,False,False,
HD61005,HD61005,6,A002_X74fea5_Xd70,36.4506,230.108722,230.971271,244140.6250,862548828.1,2419.20,400,3.91781,19.58909,7.602815e+14,1.520563e+15,2.027417e+15,1.741147e+15,2.2901,2766.4800,3.598,135,27.41,0.9981,fine,A,4.3492,6.0081,5.7335,False,512,463,0.904483,230.523273,CO(2-1),-14.7268,-19.151,star,27.270,3.818,21.270,512,20260825,False,False,
HD61005,HD61005,6,A002_Xb47876_X3918,36.4506,239.132813,240.867188,15625000.0000,1734375000.0,828.58,,0.29729,1.48646,3.692271e+15,7.384542e+15,9.846057e+15,8.439477e+15,2.2857,2880.0000,3.598,2,0.1527,,coarse,B,1.6860,4.7181,3.8747,False,512,507,0.990253,,CS(5-4),-5443.8125,-6663.022,star,26.195,3.667,20.432,512,20260825,False,False,
HD61005,HD61005,6,A002_Xb47876_X3918,36.4506,241.132813,242.867188,15625000.0000,1734375000.0,828.58,,0.31213,1.56064,3.876524e+15,7.753048e+15,1.033740e+16,8.860627e+15,2.2857,2904.0000,3.598,2,0.154,,coarse,B,2.5264,4.6907,4.1419,False,512,263,0.514620,,CS(5-4),-3271.9375,-4004.729,star,25.978,3.637,20.263,512,20260825,False,False,
HD61005,HD61005,7,A002_X1066403_Xbbde,36.4506,330.400026,332.125123,488281.2500,1725097656.2,2086.56,345,2.54278,12.71400,9.868980e+14,1.973796e+15,2.631728e+15,2.258017e+15,2.2880,3975.1509,3.598,121,16.99,0.9990,fine,A,4.6401,5.8895,5.4445,False,512,242,0.473684,331.667115,CO(3-2),-14128.8846,-12249.225,star,18.978,2.657,14.803,512,20260825,False,False,
HD61005,HD61005,7,A002_Xff0235_X26e3,36.4506,330.438712,332.163810,488281.2500,1725097656.2,1058.40,,2.41118,12.05597,9.358200e+14,1.871640e+15,2.495520e+15,2.139017e+15,2.2857,3975.6151,3.598,43,8.618,,fine,A,4.2884,5.3947,5.4449,True,512,306,0.598441,,CO(3-2),-14324.5731,-12418.880,star,18.976,2.657,14.801,512,20260825,False,False,
HD61005,HD61005,7,A002_X1066403_Xbbde,36.4506,332.240694,334.068819,15625000.0000,1828125000.0,3229.63,534,0.34005,1.70025,4.223306e+15,8.446612e+15,1.126215e+16,9.653280e+15,2.2857,3997.8571,3.598,5,0.8263,1.0000,coarse,B,2.7463,4.5988,4.5046,False,512,275,0.538012,332.412569,CO(3-2),-13383.4308,-11602.944,star,18.870,2.642,14.719,512,20260825,False,False,
HD61005,HD61005,7,A002_Xff0235_X26e3,36.4506,332.278806,334.106931,15625000.0000,1828125000.0,1439.42,,0.34268,1.71343,4.256037e+15,8.512074e+15,1.134943e+16,9.728084e+15,2.2857,3998.3144,3.598,3,0.3683,,coarse,B,2.7140,4.3269,4.1689,False,512,218,0.426901,,CO(3-2),-12767.1941,-11068.689,star,18.868,2.642,14.717,512,20260825,False,False,
HD61005,HD61005,7,A002_X1066403_Xbbde,36.4506,342.289330,344.117455,15625000.0000,1828125000.0,3229.63,534,0.32213,1.61065,4.000757e+15,8.001515e+15,1.066869e+16,9.144598e+15,2.2857,4118.4407,3.598,5,0.8513,1.0000,coarse,B,2.4907,4.4067,3.9218,False,512,382,0.746589,343.117455,CO(3-2),-2678.5454,-2322.201,star,18.318,2.564,14.288,512,20260825,False,False,
HD61005,HD61005,7,A002_Xff0235_X26e3,36.4506,342.328591,344.156716,15625000.0000,1828125000.0,1439.42,,0.33950,1.69752,4.216530e+15,8.433059e+15,1.124408e+16,9.637782e+15,2.2857,4118.9118,3.598,3,0.3794,,coarse,B,2.6942,5.2216,4.2755,False,512,231,0.452242,,CO(3-2),-2795.5342,-2423.626,star,18.316,2.564,14.286,512,20260825,False,False,
HD61005,HD61005,7,A002_X1066403_Xbbde,36.4506,344.233026,345.958123,488281.2500,1725097656.2,2086.56,345,2.21756,11.08790,8.606752e+14,1.721350e+15,2.295134e+15,1.969388e+15,2.2882,4141.1469,3.598,126,17.7,0.9989,fine,A,4.5491,6.1281,6.0800,False,512,301,0.588694,345.949822,CO(3-2),153.8224,133.358,star,18.217,2.550,14.210,512,20260825,False,False,
HD61005,HD61005,7,A002_Xff0235_X26e3,36.4506,344.271712,345.996810,488281.2500,1725097656.2,1058.40,,2.39101,11.95509,9.279895e+14,1.855979e+15,2.474639e+15,2.121119e+15,2.2857,4141.6111,3.598,45,8.977,,fine,A,4.2909,6.0766,5.2768,False,512,309,0.604288,,CO(3-2),-700.0692,-606.934,star,18.215,2.550,14.208,512,20260825,False,False,
HD61005,HD61005,8,A002_Xe4f0a6_X3658,36.4506,479.271781,481.099906,15625000.0000,1828125000.0,2939.33,486,1.06905,5.34529,1.327734e+16,2.655469e+16,3.540625e+16,3.034828e+16,2.2857,5762.2301,3.598,6,1.084,1.0000,coarse,B,3.5598,4.7292,4.1981,False,512,45,0.089669,479.803031,CO(4-3),18762.0313,12200.033,star,13.092,1.833,10.212,512,20260825,False,False,
HD61005,HD61005,8,A002_Xe4f0a6_X3658,36.4506,481.229781,483.057906,15625000.0000,1828125000.0,2939.33,486,1.13340,5.66707,1.407663e+16,2.815326e+16,3.753768e+16,3.217522e+16,2.2857,5785.7261,3.598,6,1.088,1.0000,coarse,B,3.1523,4.6066,4.0094,False,512,141,0.276803,481.776656,CO(4-3),20735.6563,13483.385,star,13.039,1.825,10.171,512,20260825,False,False,
HD61005,HD61005,8,A002_Xe4f0a6_X3658,36.4506,491.714012,492.576804,488281.2500,862792968.8,2177.28,360,10.07987,50.39988,3.912187e+15,5.216249e+15,7.824374e+15,5.227745e+15,1.3363,5905.7449,3.598,145,26.33,0.9978,fine,A,4.4812,6.0548,5.8193,False,512,335,0.654971,492.043113,CO(4-3),31002.1131,20159.161,star,12.774,1.788,9.964,512,20260825,False,False,
HD61005,HD61005,8,A002_Xe4f0a6_X3658,36.4506,493.271781,495.099906,15625000.0000,1828125000.0,2939.33,486,1.26405,6.32033,1.569928e+16,3.139855e+16,4.186474e+16,3.588414e+16,2.2857,5930.2301,3.598,6,1.116,1.0000,coarse,B,2.7900,4.8734,4.1866,False,512,277,0.541910,493.896781,CO(4-3),32855.7813,21364.511,star,12.721,1.781,9.923,512,20260825,False,False,
HD61005,HD61005,10,A002_X11d9ce7_X5257,36.4506,849.408207,851.133793,976562.5000,1725585937.5,2211.84,360,35.83812,179.19645,2.781951e+16,3.709268e+16,5.563902e+16,3.715561e+16,1.3356,10203.2520,3.598,143,23.11,0.9983,fine,A,4.4365,5.8935,5.3648,False,512,361,0.705653,850.364262,CO(6-5),158891.2617,68888.304,star,7.394,1.035,5.767,512,20260825,False,False,
HD61005,HD61005,10,A002_X11d9ce7_X5257,36.4506,851.408207,853.133793,976562.5000,1725585937.5,2211.84,360,33.30240,166.51746,2.585115e+16,3.446820e+16,5.170230e+16,3.452696e+16,1.3356,10227.2520,3.598,143,23.16,0.9983,fine,A,4.5534,5.6402,5.7439,True,512,283,0.553606,851.865238,CO(6-5),160392.2383,69539.061,star,7.376,1.033,5.754,512,20260825,False,False,
HD61005,HD61005,10,A002_X11d9ce7_X5257,36.4506,853.366207,855.091793,976562.5000,1725585937.5,2211.84,360,32.53891,162.69989,2.525849e+16,3.367799e+16,5.051698e+16,3.373566e+16,1.3356,10250.7480,3.598,144,23.22,0.9983,fine,A,4.7583,5.8092,5.6307,False,512,131,0.257310,854.346676,CO(6-5),162873.6758,70614.904,star,7.360,1.030,5.740,512,20260825,False,False,
HD61005,HD61005,10,A002_X11d9ce7_X5257,36.4506,855.366207,857.091793,976562.5000,1725585937.5,2211.84,360,34.91997,174.60559,2.710680e+16,3.614240e+16,5.421360e+16,3.620458e+16,1.3356,10274.7480,3.598,144,23.27,0.9983,fine,A,4.6286,5.7271,5.5336,False,512,224,0.438596,855.923824,CO(6-5),164450.8242,71298.687,star,7.342,1.028,5.727,512,20260825,False,False,
HD61005,HD61005,10,A002_X11d9ce7_X5257,36.4506,865.408207,867.133793,976562.5000,1725585937.5,2211.84,360,35.74907,178.75137,2.775042e+16,3.700055e+16,5.550083e+16,3.706572e+16,1.3357,10395.2520,3.598,146,23.54,0.9982,fine,A,4.8481,5.9931,5.5774,False,512,100,0.196881,866.560551,CO(6-5),175087.5508,75910.306,star,7.257,1.016,5.661,512,20260825,False,False,
HD61005,HD61005,10,A002_X11d9ce7_X5257,36.4506,867.408207,869.133793,976562.5000,1725585937.5,2211.84,360,33.75601,168.78579,2.620330e+16,3.493773e+16,5.240660e+16,3.499955e+16,1.3357,10419.2520,3.598,146,23.6,0.9982,fine,A,4.5935,5.6511,6.5330,True,512,237,0.463938,867.810551,CO(6-5),176337.5508,76452.252,star,7.241,1.014,5.648,512,20260825,False,False,
HD61005,HD61005,10,A002_X11d9ce7_X5257,36.4506,869.366207,871.091793,976562.5000,1725585937.5,2211.84,360,35.86671,179.33965,2.784174e+16,3.712232e+16,5.568349e+16,3.718830e+16,1.3357,10442.7480,3.598,146,23.65,0.9982,fine,A,4.9110,5.7486,5.6950,False,512,69,0.136452,871.067379,CO(6-5),179594.3789,77864.270,star,7.224,1.011,5.635,512,20260825,False,False,
HD61005,HD61005,10,A002_X11d9ce7_X5257,36.4506,871.366207,873.091793,976562.5000,1725585937.5,2211.84,360,38.63180,193.16560,2.998816e+16,3.998422e+16,5.997633e+16,4.005561e+16,1.3357,10466.7480,3.598,147,23.71,0.9982,fine,A,4.3679,5.9323,5.6562,False,512,420,0.820663,873.065426,CO(6-5),181592.4258,78730.536,star,7.208,1.009,5.622,512,20260825,False,False,
CP-72 2713,CP-72 2713,6,A002_Xc296d2_X59c8,36.7222,216.126290,217.860665,15625000.0000,1734375000.0,1905.12,,2.37622,11.88117,2.995350e+16,5.990701e+16,7.987601e+16,6.846515e+16,2.2857,2603.9217,3.598,3,0.3175,,coarse,B,3.4958,5.1088,3.7930,False,512,43,0.085770,,H2CO,-376.9597,,star,28.972,4.056,22.598,512,20260825,False,False,
CP-72 2713,CP-72 2713,6,A002_Xc296d2_X148c,36.7222,216.126496,217.860871,15625000.0000,1734375000.0,1905.12,189,2.75147,13.75745,3.468377e+16,6.936754e+16,9.249006e+16,7.927729e+16,2.2857,2603.9242,3.598,3,0.3175,1.0000,coarse,B,2.6279,4.4419,3.4898,False,512,259,0.506823,216.360871,SiO(5-4),-744.1286,-1027.540,star,28.972,4.056,22.598,512,20260825,False,False,
CP-72 2713,CP-72 2713,6,A002_Xc296d2_X59c8,36.7222,218.565237,220.405569,488281.2500,1840332031.2,1905.12,,13.78491,68.92501,5.430193e+15,1.086039e+16,1.448051e+16,1.241187e+16,2.2857,2633.8248,3.598,52,10.28,,fine,A,4.6530,5.5102,4.7814,False,512,144,0.282651,,13CO(2-1),-312.2787,-424.770,star,28.643,4.010,22.342,512,20260825,False,False,
CP-72 2713,CP-72 2713,6,A002_Xc296d2_X148c,36.7222,218.565445,220.405777,488281.2500,1840332031.2,1905.12,189,15.95210,79.76101,6.283897e+15,1.256779e+16,1.675706e+16,1.438067e+16,2.2885,2633.8273,3.598,52,10.28,0.9988,fine,A,4.3728,5.4052,5.1265,False,512,323,0.631579,219.283707,C18O(2-1),-276.2929,-377.257,star,28.643,4.010,22.342,512,20260825,False,False,
CP-72 2713,CP-72 2713,6,A002_Xc296d2_X59c8,36.7222,230.506322,230.966405,122070.3125,460083007.8,1905.12,,31.16658,155.83398,3.069309e+15,6.138617e+15,8.184823e+15,7.015563e+15,2.2857,2768.8364,3.598,213,43.21,,fine,A,4.8746,5.9923,5.2387,False,512,183,0.358674,,CO(2-1),321.1048,417.566,star,27.246,3.814,21.252,512,20260825,False,False,
CP-72 2713,CP-72 2713,6,A002_Xc296d2_X148c,36.7222,230.506541,230.966624,122070.3125,460083007.8,1905.12,189,35.21783,176.09037,3.468279e+15,6.936558e+15,9.248744e+15,8.100515e+15,2.3356,2768.8390,3.598,213,43.21,0.9786,fine,A,4.9155,5.8541,5.4545,False,512,182,0.356725,230.552074,CO(2-1),14.0736,18.301,star,27.246,3.814,21.252,512,20260825,False,False,
CP-72 2713,CP-72 2713,6,A002_Xc296d2_X59c8,36.7222,232.625794,234.360169,15625000.0000,1734375000.0,1905.12,,2.45541,12.27712,3.095174e+16,6.190348e+16,8.253797e+16,7.074683e+16,2.2857,2801.9158,3.598,3,0.3416,,coarse,B,2.5555,4.3636,3.6761,False,512,294,0.575049,,CO(2-1),3540.9194,4604.625,star,26.925,3.769,21.001,512,20260825,False,False,
CP-72 2713,CP-72 2713,6,A002_Xc296d2_X148c,36.7222,232.626016,234.360391,15625000.0000,1734375000.0,1905.12,189,2.84721,14.23614,3.589058e+16,7.178117e+16,9.570822e+16,8.203573e+16,2.2857,2801.9184,3.598,3,0.3416,1.0000,coarse,B,2.5046,5.1583,3.3858,False,512,342,0.668616,233.344766,CO(2-1),2806.7661,3649.929,star,26.925,3.769,21.001,512,20260825,False,False,
CP-72 2713,CP-72 2713,7,A002_Xff0235_X99ed,36.7222,330.361862,332.202194,488281.2500,1840332031.2,2903.04,,22.99750,114.98811,9.059231e+15,1.811846e+16,2.415795e+16,2.070681e+16,2.2857,3975.3843,3.598,132,23.64,,fine,A,4.9630,5.9591,5.4688,False,512,86,0.169591,,CO(3-2),-13645.5633,-11830.203,star,18.977,2.657,14.802,512,20260825,False,False,
CP-72 2713,CP-72 2713,7,A002_Xff0235_X4a6d,36.7222,330.419656,332.144754,488281.2500,1725097656.2,2993.76,495,2.33239,11.66203,9.187822e+14,1.837564e+15,2.450086e+15,2.102169e+15,2.2880,3975.3865,3.598,123,24.37,0.9990,fine,A,4.5440,5.6726,5.3961,False,512,303,0.592593,331.929910,CO(3-2),-13866.0899,-12021.392,star,18.977,2.657,14.802,512,20260825,False,False,
CP-72 2713,CP-72 2713,7,A002_Xff0235_X99ed,36.7222,332.259859,334.087984,15625000.0000,1828125000.0,2903.04,,3.42168,17.10847,4.313201e+16,8.626401e+16,1.150187e+17,9.858744e+16,2.2857,3998.0871,3.598,6,0.7428,,coarse,B,2.5495,4.8030,3.6912,False,512,411,0.803119,,CO(3-2),-12536.1407,-10868.375,star,18.869,2.642,14.718,512,20260825,False,False,
CP-72 2713,CP-72 2713,7,A002_Xff0235_X4a6d,36.7222,332.260033,334.088158,15625000.0000,1828125000.0,4009.82,663,0.32123,1.60616,4.049280e+15,8.098559e+15,1.079808e+16,9.255506e+15,2.2857,3998.0891,3.598,5,1.026,1.0000,coarse,B,2.3655,4.4487,4.0071,False,512,445,0.869396,332.369408,CO(3-2),-13426.5918,-11640.363,star,18.869,2.642,14.718,512,20260825,False,False,
CP-72 2713,CP-72 2713,7,A002_Xff0235_X99ed,36.7222,342.309069,344.137194,15625000.0000,1828125000.0,2903.04,,3.32326,16.61638,4.189139e+16,8.378279e+16,1.117104e+17,9.575176e+16,2.2857,4118.6776,3.598,6,0.7652,,coarse,B,3.1086,4.7705,4.0937,False,512,146,0.286550,,CO(3-2),-2440.0562,-2115.439,star,18.317,2.564,14.287,512,20260825,False,False,
CP-72 2713,CP-72 2713,7,A002_Xff0235_X4a6d,36.7222,342.309252,344.137377,15625000.0000,1828125000.0,4009.82,663,0.30549,1.52744,3.850819e+15,7.701638e+15,1.026885e+16,8.801882e+15,2.2857,4118.6798,3.598,5,1.057,1.0000,coarse,B,2.2253,4.3805,4.3783,False,512,472,0.922027,343.403002,CO(3-2),-2392.9981,-2074.642,star,18.317,2.564,14.287,512,20260825,False,False,
CP-72 2713,CP-72 2713,7,A002_Xff0235_X99ed,36.7222,344.194859,346.035191,488281.2500,1840332031.2,2903.04,,21.55591,107.78016,8.491360e+15,1.698272e+16,2.264363e+16,1.940882e+16,2.2857,4141.3803,3.598,138,24.62,,fine,A,4.9125,6.3422,5.4087,False,512,130,0.255361,,CO(3-2),-1173.4070,-1017.301,star,18.216,2.550,14.209,512,20260825,False,False,
CP-72 2713,CP-72 2713,7,A002_Xff0235_X4a6d,36.7222,344.252656,345.977754,488281.2500,1725097656.2,2993.76,495,2.09705,10.48529,8.260736e+14,1.652147e+15,2.202863e+15,1.890213e+15,2.2882,4141.3825,3.598,129,25.39,0.9989,fine,A,5.8089,5.6832,5.8089,True,512,0,0.001949,344.269746,CO(3-2),-1526.2539,-1323.206,star,18.216,2.550,14.209,512,20260825,True,True,unattributed; absent in epoch 2
CP-72 2713,CP-72 2713,7,A002_Xff0235_X502d,36.7224,330.419569,332.144666,488281.2500,1725097656.2,2993.76,,2.13950,10.69756,8.428048e+14,1.685610e+15,2.247479e+15,1.926411e+15,2.2857,3975.3854,3.598,123,24.37,,fine,A,4.4696,6.2669,5.3191,False,512,355,0.693957,,CO(3-2),-14536.5876,-12602.689,star,18.977,2.657,14.802,512,20260825,False,False,
CP-72 2713,CP-72 2713,7,A002_Xff0235_X502d,36.7224,332.259947,334.088072,15625000.0000,1828125000.0,4009.82,,0.29679,1.48397,3.741261e+15,7.482522e+15,9.976696e+15,8.551453e+15,2.2857,3998.0881,3.598,5,1.026,,coarse,B,2.6460,4.2693,4.4537,False,512,334,0.653021,,CO(3-2),-12207.9281,-10583.826,star,18.869,2.642,14.718,512,20260825,False,False,
CP-72 2713,CP-72 2713,7,A002_Xff0235_X502d,36.7224,342.309163,344.137288,15625000.0000,1828125000.0,4009.82,,0.28585,1.42925,3.603288e+15,7.206575e+15,9.608767e+15,8.236086e+15,2.2857,4118.6787,3.598,5,1.057,,coarse,B,2.9822,4.4940,4.2419,False,512,168,0.329435,,CO(3-2),-3455.5870,-2995.867,star,18.317,2.564,14.287,512,20260825,False,False,
CP-72 2713,CP-72 2713,7,A002_Xff0235_X502d,36.7224,344.252569,345.977666,488281.2500,1725097656.2,2993.76,,1.96402,9.82016,7.736786e+14,1.547357e+15,2.063143e+15,1.768408e+15,2.2857,4141.3814,3.598,128,25.39,,fine,A,4.6982,5.9330,5.8306,False,512,187,0.366472,,CO(3-2),-1031.2244,-894.034,star,18.216,2.550,14.209,512,20260825,False,False,
HD170773,HD170773,6,A002_Xcca365_X3822,36.9345,226.326975,228.167307,488281.2500,1840332031.2,2086.56,,16.95568,84.77911,6.756703e+15,1.351341e+16,1.801788e+16,1.544389e+16,2.2857,2726.9657,3.598,62,11.65,,fine,A,4.8494,5.7596,5.3498,False,512,63,0.124756,,CO(2-1),-4122.1580,-5360.469,star,27.665,3.873,21.578,512,20260825,False,False,
HD170773,HD170773,6,A002_Xce574d_X123f,36.9345,226.374448,228.099546,488281.2500,1725097656.2,846.72,140,1.40517,7.02586,5.599452e+14,1.119890e+15,1.493187e+15,1.280475e+15,2.2868,2726.8440,3.598,22,4.729,0.9995,fine,A,4.4174,5.6115,5.2624,False,512,132,0.259259,226.551206,CO(2-1),-3986.7943,-5184.442,star,27.666,3.873,21.579,512,20260825,False,False,
HD170773,HD170773,6,A002_Xcca365_X3822,36.9345,229.217546,231.057878,488281.2500,1840332031.2,2086.56,,19.67923,98.39703,7.842020e+15,1.568404e+16,2.091205e+16,1.792462e+16,2.2857,2761.6525,3.598,63,11.8,,fine,A,4.5115,6.3858,5.1041,False,512,258,0.504873,,CO(2-1),109.2339,142.048,star,27.317,3.824,21.307,512,20260825,False,False,
HD170773,HD170773,6,A002_Xce574d_X123f,36.9345,229.265289,230.990386,488281.2500,1725097656.2,846.72,140,1.37327,6.86639,5.472354e+14,1.094471e+15,1.459294e+15,1.251426e+15,2.2868,2761.5341,3.598,23,4.789,0.9995,fine,A,4.1788,5.8783,5.0942,False,512,264,0.516569,230.186187,CO(2-1),-351.8128,-457.499,star,27.318,3.825,21.308,512,20260825,False,False,
HD170773,HD170773,6,A002_Xce574d_X123f,36.9345,242.262223,243.996598,15625000.0000,1734375000.0,973.73,161,0.25960,1.29802,3.310378e+15,6.620755e+15,8.827674e+15,7.566581e+15,2.2857,2917.5529,3.598,2,0.1818,1.0000,coarse,B,2.2851,4.1208,4.0219,False,512,352,0.688109,242.496598,CS(5-4),-2439.4022,-2985.737,star,25.858,3.620,20.169,512,20260825,False,False,
HD170773,HD170773,6,A002_Xcca365_X3822,36.9345,242.272652,244.007027,15625000.0000,1734375000.0,2086.56,,3.25765,16.28840,4.154076e+16,8.308152e+16,1.107754e+17,9.495031e+16,2.2857,2917.6781,3.598,4,0.3896,,coarse,B,2.4322,4.0227,3.0660,False,512,321,0.627680,,CS(5-4),-2116.4734,-2590.484,star,25.856,3.620,20.168,512,20260825,False,False,
HD170773,HD170773,6,A002_Xce574d_X123f,36.9345,244.262465,245.996840,15625000.0000,1734375000.0,973.73,161,0.27200,1.36002,3.468495e+15,6.936990e+15,9.249321e+15,7.927993e+15,2.2857,2941.5558,3.598,2,0.1833,1.0000,coarse,B,2.7472,4.6843,3.6489,False,512,168,0.329435,244.512465,CS(5-4),-423.5352,-518.391,star,25.647,3.591,20.004,512,20260825,False,False,
HD170773,HD170773,6,A002_Xcca365_X3822,36.9345,244.272979,246.007354,15625000.0000,1734375000.0,2086.56,,3.40139,17.00713,4.337376e+16,8.674751e+16,1.156634e+17,9.914002e+16,2.2857,2941.6820,3.598,4,0.3928,,coarse,B,2.7327,4.5495,2.8030,False,512,234,0.458090,,CS(5-4),-366.1456,-448.148,star,25.645,3.590,20.003,512,20260825,False,False,
HD170773,HD170773,7,A002_Xff0235_X8c42,36.9345,330.374882,332.215214,488281.2500,1840332031.2,2963.52,294,22.86854,114.34335,9.112906e+15,1.822581e+16,2.430108e+16,2.088731e+16,2.2921,3975.5406,3.598,135,24.13,0.9972,fine,A,5.1433,5.8366,5.5334,False,512,58,0.115010,330.610721,CO(3-2),-15185.2785,-13165.080,star,18.976,2.657,14.801,512,20260825,True,False,
HD170773,HD170773,7,A002_Xff294f_X634,36.9345,330.375022,332.215354,488281.2500,1840332031.2,2963.52,,21.66121,108.30664,8.631794e+15,1.726359e+16,2.301812e+16,1.972982e+16,2.2857,3975.5423,3.598,135,24.13,,fine,A,4.5739,5.8566,5.2791,False,512,350,0.684211,,CO(3-2),-14450.2752,-12527.859,star,18.976,2.657,14.801,512,20260825,False,False,
HD170773,HD170773,7,A002_Xff294f_X1fb,36.9345,330.375174,332.215506,488281.2500,1840332031.2,2963.52,,19.54893,97.74519,7.790071e+15,1.558014e+16,2.077352e+16,1.780588e+16,2.2857,3975.5441,3.598,135,24.13,,fine,A,4.8555,5.8728,5.9495,True,512,125,0.245614,,CO(3-2),-14767.5055,-12802.886,star,18.976,2.657,14.801,512,20260825,False,False,
HD170773,HD170773,7,A002_X10228b9_X423,36.9345,330.474324,332.199422,488281.2500,1725097656.2,1844.64,,3.08335,15.41675,1.228680e+15,2.457359e+15,3.276479e+15,2.808411e+15,2.2857,3976.0425,3.598,75,15.02,,fine,A,4.4486,5.6452,5.3757,False,512,282,0.551657,,CO(3-2),-14115.1328,-12237.303,star,18.974,2.656,14.800,512,20260825,False,False,
HD170773,HD170773,7,A002_Xff0235_X8c42,36.9345,332.272685,334.100810,15625000.0000,1828125000.0,2963.52,294,3.21752,16.08769,4.102887e+16,8.205774e+16,1.094103e+17,9.378053e+16,2.2857,3998.2410,3.598,6,0.7583,1.0000,coarse,B,2.8140,4.6310,3.5366,False,512,285,0.557505,332.975810,CO(3-2),-12820.1900,-11114.635,star,18.868,2.642,14.717,512,20260825,False,False,
HD170773,HD170773,7,A002_Xff294f_X634,36.9345,332.272823,334.100948,15625000.0000,1828125000.0,2963.52,,3.11171,15.55866,3.967967e+16,7.935934e+16,1.058125e+17,9.069639e+16,2.2857,3998.2426,3.598,6,0.7583,,coarse,B,3.0627,4.2245,4.0918,False,512,112,0.220273,,CO(3-2),-11710.6770,-10152.728,star,18.868,2.642,14.717,512,20260825,False,False,
HD170773,HD170773,7,A002_Xff294f_X1fb,36.9345,332.272973,334.101098,15625000.0000,1828125000.0,2963.52,,2.81360,14.06806,3.587817e+16,7.175635e+16,9.567513e+16,8.200725e+16,2.2857,3998.2444,3.598,6,0.7583,,coarse,B,3.1637,5.0813,3.5743,False,512,125,0.245614,,CO(3-2),-13241.7767,-11480.135,star,18.868,2.642,14.717,512,20260825,False,False,
HD170773,HD170773,7,A002_X10228b9_X423,36.9345,332.313889,334.142014,15625000.0000,1828125000.0,2479.68,,0.42210,2.11051,5.382498e+15,1.076500e+16,1.435333e+16,1.230285e+16,2.2857,3998.7354,3.598,4,0.6346,,coarse,B,3.0157,4.5100,4.2624,False,512,123,0.241715,,CO(3-2),-13013.3610,-11282.107,star,18.866,2.641,14.716,512,20260825,False,False,
HD170773,HD170773,7,A002_Xff0235_X8c42,36.9345,342.322281,344.150406,15625000.0000,1828125000.0,2963.52,294,3.12679,15.63405,3.987196e+16,7.974392e+16,1.063252e+17,9.113618e+16,2.2857,4118.8361,3.598,6,0.7812,1.0000,coarse,B,3.1936,4.2377,4.8262,False,512,108,0.212476,343.056656,CO(3-2),-2739.3435,-2374.910,star,18.316,2.564,14.286,512,20260825,False,False,
HD170773,HD170773,7,A002_Xff294f_X634,36.9345,342.322424,344.150549,15625000.0000,1828125000.0,2963.52,,2.92661,14.63312,3.731924e+16,7.463848e+16,9.951797e+16,8.530112e+16,2.2857,4118.8378,3.598,6,0.7812,,coarse,B,2.7753,4.3990,3.4476,False,512,288,0.563353,,CO(3-2),-2161.0764,-1873.574,star,18.316,2.564,14.286,512,20260825,False,False,
HD170773,HD170773,7,A002_Xff294f_X1fb,36.9345,342.322578,344.150703,15625000.0000,1828125000.0,2963.52,,2.69698,13.48498,3.439113e+16,6.878225e+16,9.170967e+16,7.860829e+16,2.2857,4118.8397,3.598,6,0.7812,,coarse,B,2.3837,4.3145,3.1039,False,512,453,0.884990,,CO(3-2),-3270.2966,-2835.227,star,18.316,2.564,14.286,512,20260825,False,False,
HD170773,HD170773,7,A002_X10228b9_X423,36.9345,342.364732,344.192857,15625000.0000,1828125000.0,2479.68,,0.41503,2.07514,5.292291e+15,1.058458e+16,1.411278e+16,1.209666e+16,2.2857,4119.3455,3.598,4,0.6537,,coarse,B,2.0972,4.6848,4.3246,False,512,492,0.961014,,CO(3-2),-3384.3929,-2934.145,star,18.314,2.564,14.285,512,20260825,False,False,
HD170773,HD170773,7,A002_Xff0235_X8c42,36.9345,344.207878,346.048210,488281.2500,1840332031.2,2963.52,294,20.59972,102.99923,8.208806e+15,1.641761e+16,2.189015e+16,1.881951e+16,2.2926,4141.5365,3.598,141,25.14,0.9970,fine,A,4.4620,6.6687,5.0168,False,512,420,0.820663,345.148796,CO(3-2),-647.2042,-561.102,star,18.216,2.550,14.208,512,20260825,False,False,
HD170773,HD170773,7,A002_Xff294f_X634,36.9345,344.208018,346.048350,488281.2500,1840332031.2,2963.52,,19.05338,95.26749,7.592604e+15,1.518521e+16,2.024694e+16,1.735452e+16,2.2857,4141.5382,3.598,141,25.14,,fine,A,4.7505,6.0677,5.6601,False,512,214,0.419103,,CO(3-2),80.4749,69.769,star,18.216,2.550,14.208,512,20260825,False,False,
HD170773,HD170773,7,A002_Xff294f_X1fb,36.9345,344.208170,346.048502,488281.2500,1840332031.2,2963.52,,17.75917,88.79640,7.076872e+15,1.415374e+16,1.887166e+16,1.617571e+16,2.2857,4141.5400,3.598,141,25.14,,fine,A,5.0011,5.9322,5.3687,False,512,101,0.198830,,CO(3-2),-236.2671,-204.835,star,18.216,2.550,14.208,512,20260825,True,False,
HD170773,HD170773,7,A002_X10228b9_X423,36.9345,344.307324,346.032422,488281.2500,1725097656.2,1844.64,,2.82039,14.10194,1.123893e+15,2.247786e+15,2.997048e+15,2.568898e+15,2.2857,4142.0385,3.598,78,15.65,,fine,A,4.1679,5.8961,5.4549,False,512,477,0.931774,,CO(3-2),-947.1718,-821.163,star,18.213,2.550,14.206,512,20260825,False,False,
TWA 3A 696000,TWA 3A 696000,6,A002_Xd3607d_X6487,37.0547,218.071776,219.899901,15625000.0000,1828125000.0,3507.84,580,0.15470,0.77476,1.988776e+15,3.977553e+15,5.303404e+15,4.545777e+15,2.2857,2627.8301,3.598,4,0.59,1.0000,coarse,B,3.0940,4.5135,4.8981,False,512,114,0.224172,218.774901,H2CO,552.9011,,star,28.708,4.019,22.393,512,20260825,False,False,
TWA 3A 696000,TWA 3A 696000,6,A002_Xd40be0_X749c,37.0547,218.074926,219.903051,15625000.0000,1828125000.0,3507.84,,0.11634,0.58266,1.495664e+15,2.991329e+15,3.988438e+15,3.418661e+15,2.2857,2627.8679,3.598,4,0.59,,coarse,B,3.0728,5.0293,4.5955,False,512,146,0.286550,,C18O(2-1),-500.6986,-683.666,star,28.708,4.019,22.392,512,20260825,False,False,
TWA 3A 696000,TWA 3A 696000,6,A002_Xd3607d_X6487,37.0547,220.288446,220.504144,122070.3125,215698242.2,2872.80,475,3.30262,16.54079,3.317140e+14,4.422854e+14,6.634281e+14,4.454238e+14,1.3428,2644.7555,3.598,301,62.24,0.9930,fine,A,4.7421,5.7414,6.0761,True,512,238,0.465887,220.410760,13CO(2-1),11.7604,15.997,star,28.525,3.993,22.249,512,20260825,False,False,
TWA 3A 696000,TWA 3A 696000,6,A002_Xd40be0_X749c,37.0547,220.291517,220.507215,122070.3125,215698242.2,2872.80,,2.67124,13.37861,2.682988e+14,3.577317e+14,5.365976e+14,3.577317e+14,1.3333,2644.7924,3.598,302,62.24,,fine,A,4.7302,6.4846,5.5014,False,512,242,0.473684,,13CO(2-1),-95.5200,-129.929,star,28.524,3.993,22.249,512,20260825,False,False,
TWA 3A 696000,TWA 3A 696000,6,A002_Xd3607d_X6487,37.0547,230.427679,230.643377,122070.3125,215698242.2,2872.80,475,3.11522,15.60471,3.129417e+14,4.172557e+14,6.258835e+14,4.204967e+14,1.3437,2766.4263,3.598,315,65.11,0.9923,fine,A,4.7904,6.0660,7.7430,True,512,225,0.440546,230.450872,CO(2-1),-87.1280,-113.302,star,27.270,3.818,21.271,512,20260825,False,False,
TWA 3A 696000,TWA 3A 696000,6,A002_Xd40be0_X749c,37.0547,230.430903,230.646602,122070.3125,215698242.2,2872.80,,2.46206,12.33288,2.473274e+14,3.297699e+14,4.946548e+14,3.297699e+14,1.3333,2766.4650,3.598,316,65.11,,fine,A,4.5915,6.4368,9.2607,True,512,360,0.703704,,CO(2-1),-18.7177,-24.341,star,27.270,3.818,21.270,512,20260825,False,False,
TWA 3A 696000,TWA 3A 696000,6,A002_Xd3607d_X6487,37.0547,231.683430,233.511555,15625000.0000,1828125000.0,3507.84,580,0.15657,0.78429,2.013245e+15,4.026491e+15,5.368654e+15,4.601706e+15,2.2857,2791.1699,3.598,4,0.6266,1.0000,coarse,B,2.8056,4.4836,4.1571,False,512,223,0.436647,233.308430,CO(2-1),2770.4299,3602.677,star,27.028,3.784,21.082,512,20260825,False,False,
TWA 3A 696000,TWA 3A 696000,6,A002_Xd40be0_X749c,37.0547,231.686677,233.514802,15625000.0000,1828125000.0,3507.84,,0.11391,0.57064,1.464797e+15,2.929593e+15,3.906125e+15,3.348107e+15,2.2857,2791.2089,3.598,4,0.6266,,coarse,B,3.4252,5.3401,5.0125,False,512,57,0.113060,,CO(2-1),2601.8025,3383.393,star,27.028,3.784,21.082,512,20260825,False,False,
TWA 3A [576064],TWA 3A [576064],6,A002_Xd3607d_X6487,37.1301,218.071776,219.899901,15625000.0000,1828125000.0,3507.84,,0.15479,0.77789,2.004931e+15,4.009861e+15,5.346482e+15,4.582698e+15,2.2857,2627.8301,3.598,4,0.59,,coarse,B,3.2165,4.3723,4.1151,False,512,81,0.159844,,C18O(2-1),168.0261,229.427,star,28.708,4.019,22.393,512,20260825,False,False,
TWA 3A [576064],TWA 3A [576064],6,A002_Xd3607d_X6487,37.1301,220.288446,220.504144,122070.3125,215698242.2,2872.80,,3.30321,16.60134,3.342844e+14,4.457125e+14,6.685687e+14,4.457125e+14,1.3333,2644.7555,3.598,301,62.24,,fine,A,4.8491,5.9294,6.1443,True,512,155,0.304094,,13CO(2-1),-8.6254,-11.732,star,28.525,3.993,22.249,512,20260825,False,False,
TWA 3A [576064],TWA 3A [576064],6,A002_Xd3607d_X6487,37.1301,230.427679,230.643377,122070.3125,215698242.2,2872.80,,3.11585,15.66729,3.154763e+14,4.206351e+14,6.309526e+14,4.206351e+14,1.3333,2766.4263,3.598,315,65.11,,fine,A,4.6145,5.8204,8.1372,True,512,372,0.727096,,CO(2-1),75.3476,97.982,star,27.270,3.818,21.271,512,20260825,False,False,
TWA 3A [576064],TWA 3A [576064],6,A002_Xd3607d_X6487,37.1301,231.683430,233.511555,15625000.0000,1828125000.0,3507.84,,0.15639,0.78647,2.027041e+15,4.054081e+15,5.405442e+15,4.633236e+15,2.2857,2791.1699,3.598,4,0.6266,,coarse,B,2.9899,4.9424,4.0157,False,512,163,0.319688,,CO(2-1),1817.3049,2363.230,star,27.028,3.784,21.082,512,20260825,False,False,
Barta 161 12,Barta 161 12,7,A002_Xce1e34_X1fb8,37.2812,333.152719,334.887094,15625000.0000,1734375000.0,1257.98,208,0.51093,2.55550,6.640279e+15,1.328056e+16,1.770741e+16,1.517780e+16,2.2857,4008.2389,3.598,3,0.3227,1.0000,coarse,B,1.7237,4.5000,3.6259,False,512,506,0.988304,334.058969,CO(3-2),-11737.0310,-10175.576,star,18.821,2.635,14.681,512,20260825,False,False,
Barta 161 12,Barta 161 12,7,A002_Xce1e34_X1fb8,37.2812,335.048219,336.782594,15625000.0000,1734375000.0,1257.98,208,0.44498,2.22563,5.783139e+15,1.156628e+16,1.542170e+16,1.321862e+16,2.2857,4030.9849,3.598,3,0.3245,1.0000,coarse,B,3.1989,4.6426,3.4334,False,512,62,0.122807,335.329469,CO(3-2),-10466.5310,-9074.099,star,18.715,2.620,14.598,512,20260825,False,False,
Barta 161 12,Barta 161 12,7,A002_Xce1e34_X1fb8,37.2812,345.157358,346.882455,488281.2500,1725097656.2,876.96,145,2.77612,13.88558,1.127522e+15,2.255043e+15,3.006725e+15,2.579998e+15,2.2882,4152.2389,3.598,39,7.457,0.9989,fine,A,4.0506,5.5545,5.3137,False,512,429,0.838207,345.996225,CO(3-2),200.2249,173.588,star,18.169,2.544,14.172,512,20260825,False,False,
Barta 161 12,Barta 161 12,7,A002_Xce1e34_X1fb8,37.2812,347.048219,348.782594,15625000.0000,1734375000.0,1257.98,208,0.52063,2.60409,6.766549e+15,1.353310e+16,1.804413e+16,1.546641e+16,2.2857,4174.9849,3.598,3,0.3361,1.0000,coarse,B,2.8228,4.1516,3.9110,False,512,171,0.335283,347.485719,CO(3-2),1689.7190,1464.924,star,18.070,2.530,14.094,512,20260825,False,False,
HD377,HD377,6,A002_X1239f8e_Xa43b,38.4045,229.653766,231.379352,976562.5000,1725585937.5,2237.76,370,17.17293,85.86484,1.479755e+16,1.973007e+16,2.959511e+16,1.973245e+16,1.3335,2766.1987,3.598,31,6.339,0.9999,fine,A,4.5090,5.3854,4.8331,False,512,115,0.226121,230.917438,CO(2-1),379.4378,493.422,star,27.272,3.818,21.272,512,20260825,False,False,
HD377,HD377,6,A002_X1263402_Xb082,38.4045,229.674130,231.399716,976562.5000,1725585937.5,2086.56,,13.88169,69.40844,1.196153e+16,1.594871e+16,2.392307e+16,1.594871e+16,1.3333,2766.4431,3.598,31,5.911,,fine,A,4.9613,5.6831,5.0609,False,512,12,0.025341,,CO(2-1),-50.3935,-65.532,star,27.270,3.818,21.271,512,20260825,False,False,
HD377,HD377,6,A002_X1268362_X812d,38.4045,229.676114,231.401700,976562.5000,1725585937.5,2237.76,,12.42334,62.11671,1.070491e+16,1.427321e+16,2.140982e+16,1.427321e+16,1.3333,2766.4669,3.598,31,6.339,,fine,A,4.2522,5.6418,4.8401,False,512,222,0.434698,,CO(2-1),-141.1830,-183.595,star,27.270,3.818,21.270,512,20260825,False,False,
HD377,HD377,6,A002_X1239f8e_Xa43b,38.4045,232.060496,233.888621,15625000.0000,1828125000.0,2745.79,454,3.06756,15.33784,4.229205e+16,8.458410e+16,1.127788e+17,9.666759e+16,2.2857,2795.6947,3.598,3,0.4913,1.0000,coarse,B,1.9483,3.9410,3.0271,False,512,494,0.964912,233.466746,CO(2-1),2928.7463,3808.552,star,26.985,3.778,21.048,512,20260825,False,False,
HD377,HD377,6,A002_X1263402_Xb082,38.4045,232.080860,233.908985,15625000.0000,1828125000.0,2594.59,,2.51279,12.56393,3.464337e+16,6.928674e+16,9.238232e+16,7.918484e+16,2.2857,2795.9391,3.598,3,0.4643,,coarse,B,2.9222,4.3652,3.3550,False,512,113,0.222222,,CO(2-1),2449.1104,3184.832,star,26.982,3.778,21.046,512,20260825,False,False,
HD377,HD377,6,A002_X1268362_X812d,38.4045,232.082844,233.910969,15625000.0000,1828125000.0,2745.79,,2.25091,11.25456,3.103295e+16,6.206589e+16,8.275452e+16,7.093245e+16,2.2857,2795.9629,3.598,3,0.4913,,coarse,B,3.0359,3.8886,3.3837,False,512,77,0.152047,,CO(2-1),2185.4694,2841.992,star,26.982,3.777,21.046,512,20260825,False,False,
HD377,HD377,6,A002_X1239f8e_Xa43b,38.4045,244.060496,245.888621,15625000.0000,1828125000.0,2745.79,454,3.21927,16.09641,4.438371e+16,8.876742e+16,1.183566e+17,1.014485e+17,2.2857,2939.6947,3.598,3,0.5166,1.0000,coarse,B,2.6916,4.1774,3.2033,False,512,197,0.385965,245.826121,CS(5-4),890.1213,1089.475,star,25.663,3.593,20.017,512,20260825,False,False,
HD377,HD377,6,A002_X1263402_Xb082,38.4045,244.080860,245.908985,15625000.0000,1828125000.0,2594.59,,2.58655,12.93273,3.566028e+16,7.132056e+16,9.509407e+16,8.150921e+16,2.2857,2939.9391,3.598,3,0.4882,,coarse,B,2.2867,4.2103,2.9779,False,512,385,0.752437,,CS(5-4),-89.5146,-109.562,star,25.661,3.592,20.015,512,20260825,False,False,
HD377,HD377,6,A002_X1268362_X812d,38.4045,244.082844,245.910969,15625000.0000,1828125000.0,2745.79,,2.31016,11.55079,3.184976e+16,6.369951e+16,8.493268e+16,7.279944e+16,2.2857,2939.9629,3.598,3,0.5166,,coarse,B,2.4364,3.9427,3.1113,False,512,321,0.627680,,CS(5-4),-665.6556,-814.737,star,25.660,3.592,20.015,512,20260825,False,False,
HD377,HD377,6,A002_X1239f8e_Xa43b,38.4045,246.060496,247.888621,15625000.0000,1828125000.0,2745.79,454,3.55554,17.77773,4.901972e+16,9.803943e+16,1.307192e+17,1.120451e+17,2.2857,2963.6947,3.598,4,0.5208,1.0000,coarse,B,2.7922,4.5218,3.5233,False,512,215,0.421053,246.326121,CS(5-4),1390.1213,1701.456,star,25.455,3.564,19.855,512,20260825,False,False,
HD377,HD377,6,A002_X1263402_Xb082,38.4045,246.080860,247.908985,15625000.0000,1828125000.0,2594.59,,2.86499,14.32494,3.949912e+16,7.899825e+16,1.053310e+17,9.028371e+16,2.2857,2963.9391,3.598,3,0.4922,,coarse,B,3.2908,4.1862,3.8973,False,512,32,0.064327,,CS(5-4),2613.6104,3198.961,star,25.453,3.563,19.853,512,20260825,False,False,
HD377,HD377,6,A002_X1268362_X812d,38.4045,246.082844,247.910969,15625000.0000,1828125000.0,2745.79,,2.53152,12.65760,3.490165e+16,6.980330e+16,9.307106e+16,7.977520e+16,2.2857,2963.9629,3.598,3,0.5209,,coarse,B,2.2521,5.0253,2.6190,False,512,381,0.744639,,CS(5-4),1318.7194,1614.063,star,25.453,3.563,19.853,512,20260825,False,False,
HD 139084B 921024,HD 139084B 805632,7,A002_Xcd8029_Xb6b0,38.7162,333.140219,334.874594,15625000.0000,1734375000.0,1409.18,233,0.58103,3.59226,1.006662e+16,2.013323e+16,2.684431e+16,2.300943e+16,2.2857,4008.0889,3.598,3,0.3615,1.0000,coarse,B,2.3299,4.6671,3.4670,False,512,407,0.795322,334.218344,CO(3-2),-11577.6564,-10037.404,star,18.822,2.635,14.681,512,20260825,False,False,
HD 139084B 921024,HD 139084B 805632,7,A002_Xcd8029_Xb6b0,38.7162,335.035719,336.770094,15625000.0000,1734375000.0,1409.18,233,0.50244,3.11387,8.726022e+15,1.745204e+16,2.326939e+16,1.994521e+16,2.2857,4030.8349,3.598,3,0.3635,1.0000,coarse,B,2.4914,4.2482,3.8480,False,512,301,0.588694,335.816969,CO(3-2),-9979.0314,-8651.454,star,18.716,2.620,14.598,512,20260825,False,False,
HD 139084B 921024,HD 139084B 805632,7,A002_Xcd8029_Xb6b0,38.7162,345.144857,346.869955,488281.2500,1725097656.2,1028.16,170,3.11783,19.57784,1.714474e+15,3.428948e+15,4.571931e+15,3.923064e+15,2.2882,4152.0889,3.598,44,8.743,0.9989,fine,A,4.1526,18.3885,7.6405,False,512,429,0.838207,345.328939,CO(3-2),-467.0607,-404.925,star,18.169,2.544,14.172,512,20260825,False,False,
HD 139084B 921024,HD 139084B 805632,7,A002_Xcd8029_Xb6b0,38.7162,347.035719,348.770094,15625000.0000,1734375000.0,1409.18,233,0.57994,3.65074,1.023051e+16,2.046102e+16,2.728136e+16,2.338405e+16,2.2857,4174.8349,3.598,3,0.3765,1.0000,coarse,B,2.4052,5.1945,4.2672,False,512,374,0.730994,348.285719,CO(3-2),2489.7186,2158.495,star,18.070,2.530,14.095,512,20260825,False,False,
HIP 490,HIP 490,6,A002_X74c92c_X6d5,38.8298,212.114808,213.849183,15625000.0000,1734375000.0,2237.76,370,0.25953,1.29763,3.657725e+15,7.315449e+15,9.753933e+15,8.360517e+15,2.2857,2555.7839,3.598,3,0.366,1.0000,coarse,B,2.5361,4.2429,3.9244,False,512,274,0.536062,213.802308,SiO(5-4),-3302.6920,-4560.568,star,29.518,4.132,23.024,512,20260825,False,False,
HIP 490,HIP 490,6,A002_X74c92c_X6d5,38.8298,214.114639,215.849014,15625000.0000,1734375000.0,2237.76,370,0.24268,1.21339,3.420281e+15,6.840561e+15,9.120749e+15,7.817788e+15,2.2857,2579.7819,3.598,3,0.3695,1.0000,coarse,B,2.5975,4.2534,4.1431,False,512,270,0.528265,214.349014,SiO(5-4),-2755.9861,-3805.642,star,29.243,4.094,22.810,512,20260825,False,False,
HIP 490,HIP 490,6,A002_X74c92c_X6d5,38.8298,227.113540,228.847915,15625000.0000,1734375000.0,2237.76,370,0.23335,1.16673,3.288761e+15,6.577522e+15,8.770029e+15,7.517171e+15,2.2857,2735.7687,3.598,3,0.3918,1.0000,coarse,B,2.7401,4.3828,4.5851,False,512,200,0.391813,228.597915,CO(2-1),-1940.0849,-2522.894,star,27.576,3.861,21.509,512,20260825,False,False,
HIP 490,HIP 490,6,A002_X74c92c_X6d5,38.8298,230.096768,230.959317,244140.6250,862548828.1,2237.76,370,1.98046,9.90230,4.361315e+14,8.722630e+14,1.163017e+15,9.987998e+14,2.2901,2766.3365,3.598,121,25.36,0.9981,fine,A,4.8162,6.0366,5.4607,False,512,141,0.276803,230.524747,CO(2-1),-13.2534,-17.235,star,27.271,3.818,21.271,512,20260825,False,False,
HD110411,HD110411,6,A002_X10b6f7c_X850c,38.9225,214.568205,216.396330,15625000.0000,1828125000.0,2540.16,,2.82665,14.13331,4.002916e+16,8.005833e+16,1.067444e+17,9.149523e+16,2.2857,2585.7872,3.598,4,0.4204,,coarse,B,3.2955,4.3566,3.5711,False,512,57,0.113060,,SiO(5-4),-1833.6701,-2532.049,star,29.175,4.085,22.757,512,20260825,False,False,
HD110411,HD110411,6,A002_Xe3da01_X4265,38.9225,216.106945,217.935070,15625000.0000,1828125000.0,1796.26,297,0.22439,1.12812,3.195139e+15,6.390277e+15,8.520370e+15,7.303177e+15,2.2857,2604.2521,3.598,3,0.2994,1.0000,coarse,B,1.9764,4.3068,3.9533,False,512,501,0.978558,217.341320,SiO(5-4),236.3197,326.325,star,28.968,4.056,22.595,512,20260825,False,False,
HD110411,HD110411,6,A002_Xe45e29_Xb7d4,38.9225,216.108898,217.937023,15625000.0000,1828125000.0,1796.26,,0.27723,1.39375,3.947447e+15,7.894893e+15,1.052652e+16,9.022735e+15,2.2857,2604.2755,3.598,3,0.2994,,coarse,B,2.8379,4.2163,4.0853,False,512,190,0.372320,,SiO(5-4),-855.4771,-1181.297,star,28.968,4.056,22.595,512,20260825,False,False,
HD110411,HD110411,6,A002_X10b6f7c_X850c,38.9225,216.561857,218.402678,976562.5000,1840820312.5,2540.16,,14.25078,71.25423,1.261314e+16,1.681752e+16,2.522629e+16,1.681752e+16,1.3333,2609.7872,3.598,34,6.788,,fine,A,3.9880,5.1801,4.9058,False,512,438,0.855750,,H2CO,63.4901,,star,28.907,4.047,22.547,512,20260825,False,False,
HD110411,HD110411,6,A002_Xe3da01_X4265,38.9225,219.367908,219.799305,244140.6250,431396484.4,1542.24,255,1.85613,9.33285,4.130160e+14,8.260320e+14,1.101376e+15,9.456928e+14,2.2897,2635.0033,3.598,76,16.65,0.9982,fine,A,4.6542,5.7793,5.4472,False,512,86,0.169591,219.451160,C18O(2-1),-108.8397,-148.612,star,28.630,4.008,22.332,512,20260825,False,False,
HD110411,HD110411,6,A002_Xe45e29_Xb7d4,38.9225,219.369801,219.801197,244140.6250,431396484.4,1542.24,,2.29102,11.51948,5.097834e+14,1.019567e+15,1.359422e+15,1.165219e+15,2.2857,2635.0260,3.598,76,16.65,,fine,A,5.3929,5.8547,5.6952,False,512,2,0.005848,,C18O(2-1),-106.2151,-145.029,star,28.630,4.008,22.331,512,20260825,True,False,
HD110411,HD110411,6,A002_Xe3da01_X4265,38.9225,220.206257,220.637653,244140.6250,431396484.4,1542.24,255,2.41029,12.11973,5.363469e+14,1.072694e+15,1.430258e+15,1.228103e+15,2.2898,2645.0635,3.598,76,16.71,0.9982,fine,A,4.5575,5.5688,5.5012,False,512,117,0.230019,220.415485,13CO(2-1),16.4852,22.424,star,28.521,3.993,22.247,512,20260825,False,False,
HD110411,HD110411,6,A002_Xe45e29_Xb7d4,38.9225,220.208149,220.639545,244140.6250,431396484.4,1542.24,,2.91833,14.67432,6.493978e+14,1.298796e+15,1.731727e+15,1.484338e+15,2.2857,2645.0862,3.598,76,16.71,,fine,A,4.8731,6.0298,5.2016,False,512,43,0.085770,,13CO(2-1),-62.6773,-85.255,star,28.521,3.993,22.246,512,20260825,False,False,
HD110411,HD110411,6,A002_X10b6f7c_X850c,38.9225,229.603853,231.444674,976562.5000,1840820312.5,2540.16,,15.09650,75.48286,1.336168e+16,1.781557e+16,2.672336e+16,1.781557e+16,1.3333,2766.2912,3.598,36,7.195,,fine,A,4.4039,5.6728,4.8580,False,512,162,0.317739,,CO(2-1),-301.3341,-391.856,star,27.271,3.818,21.272,512,20260825,False,False,
HD110411,HD110411,6,A002_Xe3da01_X4265,38.9225,230.346699,230.778095,244140.6250,431396484.4,1542.24,255,2.30403,11.59156,5.129732e+14,1.025946e+15,1.367929e+15,1.174778e+15,2.2901,2766.7488,3.598,80,17.48,0.9981,fine,A,4.1098,5.5673,5.1674,False,512,395,0.771930,230.508320,CO(2-1),-29.6803,-38.596,star,27.267,3.817,21.268,512,20260825,False,False,
HD110411,HD110411,6,A002_Xe45e29_Xb7d4,38.9225,230.348682,230.780079,244140.6250,431396484.4,1542.24,,2.80007,14.08718,6.234141e+14,1.246828e+15,1.662438e+15,1.424947e+15,2.2857,2766.7726,3.598,80,17.48,,fine,A,4.4375,5.6660,5.6289,False,512,163,0.319688,,CO(2-1),160.0476,208.126,star,27.267,3.817,21.268,512,20260825,False,False,
HD110411,HD110411,6,A002_Xe3da01_X4265,38.9225,231.205982,231.637379,244140.6250,431396484.4,1542.24,255,1.92948,9.70766,4.296028e+14,8.592056e+14,1.145607e+15,9.838630e+14,2.2902,2777.0602,3.598,80,17.54,0.9981,fine,A,4.2097,5.9751,5.3678,False,512,327,0.639376,231.621021,CO(2-1),1083.0211,1408.365,star,27.166,3.803,21.189,512,20260825,False,False,
HD110411,HD110411,6,A002_Xe45e29_Xb7d4,38.9225,231.207966,231.639362,244140.6250,431396484.4,1542.24,,2.36279,11.88773,5.260797e+14,1.052159e+15,1.402879e+15,1.202468e+15,2.2857,2777.0840,3.598,80,17.54,,fine,A,4.4805,5.7535,4.8358,False,512,172,0.337232,,CO(2-1),898.9697,1169.023,star,27.165,3.803,21.189,512,20260825,False,False,
HD110411,HD110411,6,A002_X10b6f7c_X850c,38.9225,231.568201,233.396326,15625000.0000,1828125000.0,2540.16,,2.97755,14.88781,4.216612e+16,8.433223e+16,1.124430e+17,9.637969e+16,2.2857,2789.7872,3.598,4,0.4535,,coarse,B,1.8295,4.7123,2.5558,False,512,504,0.984405,,CO(2-1),2452.0761,3188.689,star,27.042,3.786,21.093,512,20260825,False,False,
HD110411,HD110411,6,A002_Xe3da01_X4265,38.9225,233.106945,234.935070,15625000.0000,1828125000.0,1796.26,297,0.24688,1.24227,3.518430e+15,7.036860e+15,9.382480e+15,8.042129e+15,2.2857,2808.2521,3.598,3,0.3228,1.0000,coarse,B,2.3533,4.3537,4.1703,False,512,404,0.789474,234.513195,CO(2-1),3975.1947,5169.358,star,26.864,3.761,20.954,512,20260825,False,False,
HD110411,HD110411,6,A002_Xe45e29_Xb7d4,38.9225,233.108898,234.937023,15625000.0000,1828125000.0,1796.26,,0.29786,1.49879,4.244958e+15,8.489915e+15,1.131989e+16,9.702760e+15,2.2857,2808.2755,3.598,3,0.3228,,coarse,B,3.5605,5.0893,4.0621,False,512,19,0.038986,,CO(2-1),4117.7729,5354.767,star,26.864,3.761,20.954,512,20260825,False,False,
HD 139084B 805632,HD 139084B 805632,7,A002_Xcd8029_Xb6b0,39.3076,333.140219,334.874594,15625000.0000,1734375000.0,1409.18,233,0.58261,3.56849,1.030786e+16,2.061571e+16,2.748762e+16,2.356084e+16,2.2857,4008.0889,3.598,3,0.3615,1.0000,coarse,B,2.4684,4.0024,4.2216,False,512,358,0.699805,333.827719,CO(3-2),-11968.2814,-10376.061,star,18.822,2.635,14.681,512,20260825,False,False,
HD 139084B 805632,HD 139084B 805632,7,A002_Xcd8029_Xb6b0,39.3076,335.035719,336.770094,15625000.0000,1734375000.0,1409.18,233,0.50265,3.08587,8.913776e+15,1.782755e+16,2.377007e+16,2.037437e+16,2.2857,4030.8349,3.598,3,0.3635,1.0000,coarse,B,2.7178,5.1312,4.0348,False,512,215,0.421053,335.613844,CO(3-2),-10182.1564,-8827.556,star,18.716,2.620,14.598,512,20260825,False,False,
HD 139084B 805632,HD 139084B 805632,7,A002_Xcd8029_Xb6b0,39.3076,345.144857,346.869955,488281.2500,1725097656.2,1028.16,170,3.11805,19.38371,1.749730e+15,3.499460e+15,4.665947e+15,4.003737e+15,2.2882,4152.0889,3.598,44,8.743,0.9989,fine,A,5.6634,17.6526,8.0660,False,512,47,0.093567,345.824056,CO(3-2),28.0565,24.324,star,18.169,2.544,14.172,512,20260825,True,False,
HD 139084B 805632,HD 139084B 805632,7,A002_Xcd8029_Xb6b0,39.3076,347.035719,348.770094,15625000.0000,1734375000.0,1409.18,233,0.57895,3.60772,1.042117e+16,2.084234e+16,2.778979e+16,2.381984e+16,2.2857,4174.8349,3.598,3,0.3765,1.0000,coarse,B,2.3430,4.1998,3.9020,False,512,391,0.764133,348.035719,CO(3-2),2239.7186,1941.754,star,18.070,2.530,14.095,512,20260825,False,False,
HIP10679,HIP10679,6,A002_Xa95c04_X14cd,39.6344,217.623087,219.357462,15625000.0000,1734375000.0,514.08,85,0.47338,2.36733,6.952389e+15,1.390478e+16,1.853970e+16,1.589118e+16,2.2857,2621.8833,3.598,2,0.08626,1.0000,coarse,B,2.6161,4.2559,3.9758,False,512,200,0.391813,218.779337,H2CO,557.3366,,star,28.773,4.028,22.443,512,20260825,False,False,
HIP10679,HIP10679,6,A002_Xa95c04_X14cd,39.6344,220.386514,220.440423,15258.7891,53909301.8,514.08,85,22.95083,114.77505,3.291715e+14,6.583431e+14,8.777907e+14,1.242595e+15,3.7749,2644.9616,3.598,772,89.11,0.6055,fine,A,5.4561,6.7583,6.2500,False,512,49,0.097466,220.418512,13CO(2-1),19.5118,26.540,star,28.522,3.993,22.247,512,20260825,True,False,
HIP10679,HIP10679,6,A002_Xa95c04_X14cd,39.6344,230.526503,230.580412,15258.7891,53909301.8,514.08,85,20.47569,102.39886,2.936770e+14,5.873539e+14,7.831386e+14,1.169700e+15,3.9829,2766.6415,3.598,807,93.21,0.5739,fine,A,4.9780,6.0836,5.7800,False,512,283,0.553606,230.530196,CO(2-1),-7.8044,-10.149,star,27.268,3.818,21.269,512,20260825,False,False,
HIP10679,HIP10679,6,A002_Xa95c04_X14cd,39.6344,232.136361,233.870736,15625000.0000,1734375000.0,514.08,85,0.48535,2.42724,7.128325e+15,1.425665e+16,1.900887e+16,1.629332e+16,2.2857,2796.0426,3.598,2,0.09199,1.0000,coarse,B,1.9444,4.6107,3.5585,False,512,472,0.922027,233.855111,CO(2-1),3317.1114,4313.584,star,26.981,3.777,21.045,512,20260825,False,False,
