star_name,system,band,eb,dist_pc,flo_GHz,fhi_GHz,chanw_Hz,bandwidth_Hz,on_source_s,n_ant,rms_mJy,smin_mJy,eirp_5sigma_W,drift_max_Hz_s,n_drift_trials,resolution_class,star_snr,ctrl_max_snr,n_ctrl,n_ctrl_ge_star,p_rank_addone,nearest_line,line_offset_MHz,line_offset_kms,hit,spatially_significant,qa_status,disposition
Proxima Cen,Proxima Cen,6,A002_X106a1f1_X6a0c,1.3016,223.085939,224.914064,15625000.0000,1843750000.0,2998.80,,2.18654,10.9362,3.463687e+13,2688.0000,4,coarse,2.9807,5.1246,512,180,0.352827,13CO(2-1),2749.4394,3679.74,False,False,searched,
Proxima Cen,Proxima Cen,6,A002_X106a1f1_X6a0c,1.3016,223.085939,224.914064,15625000.0000,1843750000.0,2998.80,,2.18654,10.9362,3.463687e+13,2688.0000,4,coarse,2.9807,5.1246,512,180,0.352827,13CO(2-1),2749.4394,3679.74,False,False,duplicate_row,
Proxima Cen,Proxima Cen,6,A002_X106a1f1_X6a0c,1.3016,225.085939,226.914064,15625000.0000,1843750000.0,2998.80,,2.10687,10.5378,3.337505e+13,2712.0000,4,coarse,2.9657,4.3316,512,150,0.294347,CO(2-1),-4405.1856,-5843.55,False,False,searched,
Proxima Cen,Proxima Cen,6,A002_X106a1f1_X6a0c,1.3016,239.085936,240.914061,15625000.0000,1843750000.0,2998.80,,3.40669,17.0397,5.396776e+13,2880.0000,4,coarse,3.1741,3.9436,512,66,0.130604,CS(5-4),-4865.6894,-6077.90,False,False,searched,
Proxima Cen,Proxima Cen,6,A002_X106a1f1_X6a0c,1.3016,241.085936,242.914061,15625000.0000,1843750000.0,2998.80,,2.42378,12.1234,3.839705e+13,2904.0000,4,coarse,2.7879,4.9389,512,232,0.454191,CS(5-4),-2178.1894,-2698.37,False,False,searched,
Proxima Cen,Proxima Cen,6,A002_X106b646_X1295,1.3016,223.085939,224.914064,15625000.0000,1843750000.0,2998.80,,2.07462,10.3764,3.286390e+13,2688.0000,4,coarse,1.8266,4.6897,512,512,1.000000,13CO(2-1),2890.0644,3867.94,False,False,searched,
Proxima Cen,Proxima Cen,6,A002_X106b646_X1295,1.3016,225.085939,226.914064,15625000.0000,1843750000.0,2998.80,,1.99493,9.97786,3.160169e+13,2712.0000,4,coarse,2.7318,4.6311,512,233,0.456140,CO(2-1),-4545.8106,-6030.09,False,False,searched,
Proxima Cen,Proxima Cen,6,A002_X106b646_X1295,1.3016,239.085936,240.914061,15625000.0000,1843750000.0,2998.80,,2.21819,11.095,3.513983e+13,2880.0000,4,coarse,3.2014,4.3654,512,83,0.163743,CS(5-4),-5709.4394,-7131.86,False,False,searched,
Proxima Cen,Proxima Cen,6,A002_X106b646_X1295,1.3016,241.085936,242.914061,15625000.0000,1843750000.0,2998.80,,2.27576,11.383,3.605202e+13,2904.0000,4,coarse,2.2795,4.6434,512,466,0.910331,CS(5-4),-2912.5644,-3608.12,False,False,searched,
Proxima Cen,Proxima Cen,6,A002_X106b646_X19c5,1.3016,223.085939,224.914064,15625000.0000,1843750000.0,2998.80,,2.03448,10.1756,3.222806e+13,2688.0000,4,coarse,2.4589,4.2622,512,383,0.748538,13CO(2-1),2796.3144,3742.47,False,False,searched,
Proxima Cen,Proxima Cen,6,A002_X106b646_X19c5,1.3016,225.085939,226.914064,15625000.0000,1843750000.0,2998.80,,1.90991,9.55263,3.025489e+13,2712.0000,4,coarse,2.7621,4.2164,512,264,0.516569,13CO(2-1),4968.1894,6590.38,False,False,searched,
Proxima Cen,Proxima Cen,6,A002_X106b646_X19c5,1.3016,239.085936,240.914061,15625000.0000,1843750000.0,2998.80,,2.13292,10.6685,3.378894e+13,2880.0000,4,coarse,2.1314,4.3837,512,496,0.968811,CS(5-4),-4053.1894,-5062.98,False,False,searched,
Proxima Cen,Proxima Cen,6,A002_X106b646_X19c5,1.3016,241.085936,242.914061,15625000.0000,1843750000.0,2998.80,,2.22866,11.1474,3.530582e+13,2904.0000,4,coarse,2.5161,4.5779,512,369,0.721248,CS(5-4),-3568.8144,-4421.09,False,False,searched,
Proxima Cen,Proxima Cen,6,A002_X106ccd1_X1a38,1.3016,223.085939,224.914064,15625000.0000,1843750000.0,2998.80,,1.63366,8.17083,2.587849e+13,2688.0000,4,coarse,2.6595,4.8102,512,290,0.567251,13CO(2-1),4171.3144,5582.72,False,False,searched,
Proxima Cen,Proxima Cen,6,A002_X106ccd1_X1a38,1.3016,225.085939,226.914064,15625000.0000,1843750000.0,2998.80,,1.53987,7.7018,2.439299e+13,2712.0000,4,coarse,2.6537,4.5130,512,297,0.580897,13CO(2-1),5046.3144,6694.01,False,False,searched,
Proxima Cen,Proxima Cen,6,A002_X106ccd1_X1a38,1.3016,239.085936,240.914061,15625000.0000,1843750000.0,2998.80,,1.71689,8.5875,2.719818e+13,2880.0000,4,coarse,2.3576,4.2412,512,423,0.826511,CS(5-4),-5803.1894,-7248.97,False,False,searched,
Proxima Cen,Proxima Cen,6,A002_X106ccd1_X1a38,1.3016,241.085936,242.914061,15625000.0000,1843750000.0,2998.80,,1.78217,8.91406,2.823246e+13,2904.0000,4,coarse,2.2842,5.6064,512,463,0.904483,CS(5-4),-2490.6894,-3085.50,False,False,searched,
Proxima Cen,Proxima Cen,6,A002_X106ccd1_Xbe52,1.3016,223.085939,224.914064,15625000.0000,1843750000.0,2998.80,,1.75529,8.77916,2.780519e+13,2688.0000,4,coarse,3.0140,4.4101,512,150,0.294347,13CO(2-1),4499.4394,6021.87,False,False,searched,
Proxima Cen,Proxima Cen,6,A002_X106ccd1_Xbe52,1.3016,225.085939,226.914064,15625000.0000,1843750000.0,2998.80,,1.66429,8.32409,2.636390e+13,2712.0000,4,coarse,2.1719,4.4630,512,462,0.902534,CO(2-1),-3952.0606,-5242.47,False,False,searched,
Proxima Cen,Proxima Cen,6,A002_X106ccd1_Xbe52,1.3016,239.085936,240.914061,15625000.0000,1843750000.0,2998.80,,1.85176,9.26208,2.933468e+13,2880.0000,4,coarse,2.7055,4.0142,512,304,0.594542,CS(5-4),-4068.8144,-5082.50,False,False,searched,
Proxima Cen,Proxima Cen,6,A002_X106ccd1_Xbe52,1.3016,241.085936,242.914061,15625000.0000,1843750000.0,2998.80,,1.951,9.75852,3.090701e+13,2904.0000,4,coarse,2.3043,4.5562,512,450,0.879142,CS(5-4),-2818.8144,-3491.98,False,False,searched,
Proxima Cen,Proxima Cen,6,A002_X106ccd1_Xc4a6,1.3016,223.085939,224.914064,15625000.0000,1843750000.0,2998.80,,1.78568,8.93113,2.828652e+13,2688.0000,4,coarse,3.6782,4.4273,512,16,0.033138,13CO(2-1),3952.5644,5289.95,False,False,searched,
Proxima Cen,Proxima Cen,6,A002_X106ccd1_Xc4a6,1.3016,225.085939,226.914064,15625000.0000,1843750000.0,2998.80,,1.69437,8.4745,2.684028e+13,2712.0000,4,coarse,2.8142,4.7273,512,230,0.450292,13CO(2-1),4686.9394,6217.30,False,False,searched,
Proxima Cen,Proxima Cen,6,A002_X106ccd1_Xc4a6,1.3016,239.085936,240.914061,15625000.0000,1843750000.0,2998.80,,1.87404,9.37354,2.968769e+13,2880.0000,4,coarse,3.0898,4.1769,512,127,0.249513,CS(5-4),-5443.8144,-6800.06,False,False,searched,
Proxima Cen,Proxima Cen,6,A002_X106ccd1_Xc4a6,1.3016,241.085936,242.914061,15625000.0000,1843750000.0,2998.80,,1.96372,9.82213,3.110846e+13,2904.0000,4,coarse,2.7862,4.3567,512,221,0.432749,CS(5-4),-2084.4394,-2582.23,False,False,searched,
Proxima Cen,Proxima Cen,6,A002_X106f040_X13932,1.3016,223.085939,224.914064,15625000.0000,1843750000.0,2998.80,,1.97798,9.89291,3.133265e+13,2688.0000,4,coarse,3.2902,4.3947,512,56,0.111111,13CO(2-1),2718.1894,3637.91,False,False,searched,
Proxima Cen,Proxima Cen,6,A002_X106f040_X13932,1.3016,225.085939,226.914064,15625000.0000,1843750000.0,2998.80,,1.8756,9.3809,2.971101e+13,2712.0000,4,coarse,2.4276,4.1408,512,400,0.781676,CO(2-1),-4092.6856,-5429.01,False,False,searched,
Proxima Cen,Proxima Cen,6,A002_X106f040_X13932,1.3016,239.085936,240.914061,15625000.0000,1843750000.0,2998.80,,2.08292,10.4182,3.299633e+13,2880.0000,4,coarse,1.9318,4.8829,512,506,0.988304,CS(5-4),-4428.1894,-5531.41,False,False,searched,
Proxima Cen,Proxima Cen,6,A002_X106f040_X13932,1.3016,241.085936,242.914061,15625000.0000,1843750000.0,2998.80,,2.17651,10.8864,3.447919e+13,2904.0000,4,coarse,2.2802,4.3383,512,450,0.879142,CS(5-4),-3740.6894,-4634.01,False,False,searched,
Proxima Cen,Proxima Cen,6,A002_X106f040_X148f3,1.3016,223.085939,224.914064,15625000.0000,1843750000.0,2998.80,,1.85261,9.26586,2.934667e+13,2688.0000,4,coarse,2.3306,4.5846,512,449,0.877193,13CO(2-1),3515.0644,4704.42,False,False,searched,
Proxima Cen,Proxima Cen,6,A002_X106f040_X148f3,1.3016,225.085939,226.914064,15625000.0000,1843750000.0,2998.80,,1.73747,8.69002,2.752286e+13,2712.0000,4,coarse,2.6975,4.8314,512,254,0.497076,CO(2-1),-3780.1856,-5014.47,False,False,searched,
Proxima Cen,Proxima Cen,6,A002_X106f040_X148f3,1.3016,239.085936,240.914061,15625000.0000,1843750000.0,2998.80,,1.93056,9.65616,3.058280e+13,2880.0000,4,coarse,2.6926,4.3593,512,282,0.551657,CS(5-4),-4459.4394,-5570.44,False,False,searched,
Proxima Cen,Proxima Cen,6,A002_X106f040_X148f3,1.3016,241.085936,242.914061,15625000.0000,1843750000.0,2998.80,,2.029,10.1486,3.214238e+13,2904.0000,4,coarse,2.5361,4.3921,512,361,0.705653,CS(5-4),-2193.8144,-2717.72,False,False,searched,
Proxima Cen,Proxima Cen,6,A002_X106f040_X26c7,1.3016,223.085939,224.914064,15625000.0000,1843750000.0,2998.80,,1.60058,8.00534,2.535436e+13,2688.0000,4,coarse,2.5430,4.5858,512,337,0.658869,13CO(2-1),2983.8144,3993.42,False,False,searched,
Proxima Cen,Proxima Cen,6,A002_X106f040_X26c7,1.3016,225.085939,226.914064,15625000.0000,1843750000.0,2998.80,,1.51135,7.55908,2.394097e+13,2712.0000,4,coarse,2.5730,4.3028,512,339,0.662768,CO(2-1),-4030.1856,-5346.10,False,False,searched,
Proxima Cen,Proxima Cen,6,A002_X106f040_X26c7,1.3016,239.085936,240.914061,15625000.0000,1843750000.0,2998.80,,1.68815,8.4437,2.674272e+13,2880.0000,4,coarse,2.5004,4.4398,512,353,0.690058,CS(5-4),-4803.1894,-5999.83,False,False,searched,
Proxima Cen,Proxima Cen,6,A002_X106f040_X26c7,1.3016,241.085936,242.914061,15625000.0000,1843750000.0,2998.80,,1.74898,8.74802,2.770657e+13,2904.0000,4,coarse,2.5241,4.3332,512,349,0.682261,CS(5-4),-2115.6894,-2620.94,False,False,searched,
Proxima Cen,Proxima Cen,6,A002_X106f040_X2b06,1.3016,223.085939,224.914064,15625000.0000,1843750000.0,2998.80,,1.60195,8.01218,2.537601e+13,2688.0000,4,coarse,2.5356,4.1879,512,344,0.672515,13CO(2-1),3702.5644,4955.36,False,False,searched,
Proxima Cen,Proxima Cen,6,A002_X106f040_X2b06,1.3016,225.085939,226.914064,15625000.0000,1843750000.0,2998.80,,1.49675,7.48609,2.370980e+13,2712.0000,4,coarse,2.4287,4.1841,512,393,0.768031,CO(2-1),-4452.0606,-5905.73,False,False,searched,
Proxima Cen,Proxima Cen,6,A002_X106f040_X2b06,1.3016,239.085936,240.914061,15625000.0000,1843750000.0,2998.80,,1.65938,8.29979,2.628693e+13,2880.0000,4,coarse,3.1765,4.9229,512,129,0.253411,CS(5-4),-5568.8144,-6956.20,False,False,searched,
Proxima Cen,Proxima Cen,6,A002_X106f040_X2b06,1.3016,241.085936,242.914061,15625000.0000,1843750000.0,2998.80,,1.7309,8.65761,2.742022e+13,2904.0000,4,coarse,3.3272,4.4550,512,50,0.099415,CS(5-4),-2209.4394,-2737.08,False,False,searched,
Proxima Cen,Proxima Cen,6,A002_X106f040_X2e59,1.3016,223.085939,224.914064,15625000.0000,1843750000.0,2998.80,,1.62737,8.13933,2.577872e+13,2688.0000,4,coarse,2.8396,4.5753,512,188,0.368421,13CO(2-1),4171.3144,5582.72,False,False,searched,
Proxima Cen,Proxima Cen,6,A002_X106f040_X2e59,1.3016,225.085939,226.914064,15625000.0000,1843750000.0,2998.80,,1.54087,7.70674,2.440864e+13,2712.0000,4,coarse,3.3402,4.3154,512,71,0.140351,CO(2-1),-5061.4356,-6714.07,False,False,searched,
Proxima Cen,Proxima Cen,6,A002_X106f040_X2e59,1.3016,239.085936,240.914061,15625000.0000,1843750000.0,2998.80,,1.69139,8.45989,2.679401e+13,2880.0000,4,coarse,2.4092,4.1582,512,443,0.865497,CS(5-4),-5178.1894,-6468.26,False,False,searched,
Proxima Cen,Proxima Cen,6,A002_X106f040_X2e59,1.3016,241.085936,242.914061,15625000.0000,1843750000.0,2998.80,,1.77911,8.89874,2.818393e+13,2904.0000,4,coarse,2.6640,4.6393,512,302,0.590643,CS(5-4),-2631.3144,-3259.70,False,False,searched,
Proxima Cen,Proxima Cen,6,A002_X107376c_X12b9,1.3016,223.085939,224.914064,15625000.0000,1843750000.0,2998.80,,2.59158,12.9618,4.105244e+13,2688.0000,4,coarse,2.2980,4.9983,512,437,0.853801,13CO(2-1),3061.9394,4097.97,False,False,searched,
Proxima Cen,Proxima Cen,6,A002_X107376c_X12b9,1.3016,225.085939,226.914064,15625000.0000,1843750000.0,2998.80,,2.48017,12.4047,3.928784e+13,2712.0000,4,coarse,2.6469,4.2383,512,298,0.582846,CO(2-1),-4764.5606,-6320.26,False,False,searched,
Proxima Cen,Proxima Cen,6,A002_X107376c_X12b9,1.3016,239.085936,240.914061,15625000.0000,1843750000.0,2998.80,,2.7473,13.7412,4.352101e+13,2880.0000,4,coarse,2.9429,4.5200,512,149,0.292398,CS(5-4),-4818.8144,-6019.35,False,False,searched,
Proxima Cen,Proxima Cen,6,A002_X107376c_X12b9,1.3016,241.085936,242.914061,15625000.0000,1843750000.0,2998.80,,2.88744,14.4423,4.574131e+13,2904.0000,4,coarse,2.1345,4.8367,512,486,0.949318,CS(5-4),-3584.4394,-4440.45,False,False,searched,
Proxima Cen,Proxima Cen,6,A002_X1074d99_X167,1.3016,223.085939,224.914064,15625000.0000,1843750000.0,2998.80,,1.65516,8.27831,2.621890e+13,2688.0000,4,coarse,3.1691,4.7289,512,96,0.189084,13CO(2-1),3874.4394,5185.39,False,False,searched,
Proxima Cen,Proxima Cen,6,A002_X1074d99_X167,1.3016,225.085939,226.914064,15625000.0000,1843750000.0,2998.80,,1.57546,7.8797,2.495645e+13,2712.0000,4,coarse,2.6146,4.9121,512,329,0.643275,CO(2-1),-4452.0606,-5905.73,False,False,searched,
Proxima Cen,Proxima Cen,6,A002_X1074d99_X167,1.3016,239.085936,240.914061,15625000.0000,1843750000.0,2998.80,,1.73648,8.68539,2.750819e+13,2880.0000,4,coarse,2.2266,4.5224,512,481,0.939571,CS(5-4),-4506.3144,-5629.00,False,False,searched,
Proxima Cen,Proxima Cen,6,A002_X1074d99_X167,1.3016,241.085936,242.914061,15625000.0000,1843750000.0,2998.80,,1.80722,9.03925,2.862893e+13,2904.0000,4,coarse,2.2804,4.5280,512,451,0.881092,CS(5-4),-3693.8144,-4575.94,False,False,searched,
Proxima Cen,Proxima Cen,6,A002_X1074d99_X74e,1.3016,223.085939,224.914064,15625000.0000,1843750000.0,2998.80,,1.76321,8.81868,2.793036e+13,2688.0000,4,coarse,2.2513,4.1576,512,456,0.890838,13CO(2-1),4108.8144,5499.07,False,False,searched,
Proxima Cen,Proxima Cen,6,A002_X1074d99_X74e,1.3016,225.085939,226.914064,15625000.0000,1843750000.0,2998.80,,1.69445,8.47482,2.684129e+13,2712.0000,4,coarse,2.2481,4.1299,512,448,0.875244,CO(2-1),-4873.9356,-6465.35,False,False,searched,
Proxima Cen,Proxima Cen,6,A002_X1074d99_X74e,1.3016,239.085936,240.914061,15625000.0000,1843750000.0,2998.80,,1.87419,9.37418,2.968971e+13,2880.0000,4,coarse,3.6101,4.1947,512,29,0.058480,CS(5-4),-4506.3144,-5629.00,False,False,searched,
Proxima Cen,Proxima Cen,6,A002_X1074d99_X74e,1.3016,241.085936,242.914061,15625000.0000,1843750000.0,2998.80,,1.98629,9.93493,3.146572e+13,2904.0000,4,coarse,3.6117,4.3991,512,16,0.033138,CS(5-4),-2709.4394,-3356.49,False,False,searched,
Proxima Cen,Proxima Cen,6,A002_X1076174_X11cc,1.3016,223.085939,224.914064,15625000.0000,1843750000.0,2796.19,,1.64038,8.20436,2.598469e+13,2688.0000,4,coarse,2.4465,4.0417,512,367,0.717349,13CO(2-1),3171.3144,4244.36,False,False,searched,
Proxima Cen,Proxima Cen,6,A002_X1076174_X11cc,1.3016,225.085939,226.914064,15625000.0000,1843750000.0,2797.20,,1.54186,7.71165,2.442418e+13,2712.0000,4,coarse,3.7694,4.4672,512,11,0.023392,CO(2-1),-4514.5606,-5988.63,False,False,searched,
Proxima Cen,Proxima Cen,6,A002_X1076174_X11cc,1.3016,239.085936,240.914061,15625000.0000,1843750000.0,2797.20,,1.70157,8.51077,2.695514e+13,2880.0000,4,coarse,2.8349,4.4271,512,229,0.448343,CS(5-4),-4756.3144,-5941.28,False,False,searched,
Proxima Cen,Proxima Cen,6,A002_X1076174_X11cc,1.3016,241.085936,242.914061,15625000.0000,1843750000.0,2797.20,,1.78532,8.92975,2.828212e+13,2904.0000,4,coarse,3.4435,4.3140,512,59,0.116959,CS(5-4),-2068.8144,-2562.87,False,False,searched,
Proxima Cen,Proxima Cen,6,A002_X107649f_X868f,1.3016,223.085939,224.914064,15625000.0000,1843750000.0,2998.80,,1.81295,9.06747,2.871832e+13,2688.0000,4,coarse,2.2810,4.8284,512,462,0.902534,13CO(2-1),3483.8144,4662.59,False,False,searched,
Proxima Cen,Proxima Cen,6,A002_X107649f_X868f,1.3016,225.085939,226.914064,15625000.0000,1843750000.0,2998.80,,1.75979,8.80165,2.787642e+13,2712.0000,4,coarse,2.1447,4.3687,512,477,0.931774,CO(2-1),-3764.5606,-4993.75,False,False,searched,
Proxima Cen,Proxima Cen,6,A002_X107649f_X868f,1.3016,239.085936,240.914061,15625000.0000,1843750000.0,2998.80,,1.92663,9.6365,3.052053e+13,2880.0000,4,coarse,3.1009,4.1900,512,116,0.228070,CS(5-4),-5584.4394,-6975.72,False,False,searched,
Proxima Cen,Proxima Cen,6,A002_X107649f_X868f,1.3016,241.085936,242.914061,15625000.0000,1843750000.0,2998.80,,2.0481,10.2441,3.244492e+13,2904.0000,4,coarse,3.1004,4.6429,512,100,0.196881,CS(5-4),-2350.0644,-2911.29,False,False,searched,
Proxima Cen,Proxima Cen,6,A002_X107649f_X8f30,1.3016,223.085939,224.914064,15625000.0000,1843750000.0,2998.80,,1.9539,9.77242,3.095103e+13,2688.0000,4,coarse,3.8633,4.1645,512,5,0.011696,13CO(2-1),3890.0644,5206.30,False,False,searched,
Proxima Cen,Proxima Cen,6,A002_X107649f_X8f30,1.3016,225.085939,226.914064,15625000.0000,1843750000.0,2998.80,,1.81654,9.08549,2.877540e+13,2712.0000,4,coarse,3.9652,4.9220,512,5,0.011696,CO(2-1),-3998.9356,-5304.65,False,False,searched,
Proxima Cen,Proxima Cen,6,A002_X107649f_X8f30,1.3016,239.085936,240.914061,15625000.0000,1843750000.0,2998.80,,2.05903,10.2987,3.261789e+13,2880.0000,4,coarse,3.1645,4.2577,512,89,0.175439,CS(5-4),-5318.8144,-6643.92,False,False,searched,
Proxima Cen,Proxima Cen,6,A002_X107649f_X8f30,1.3016,241.085936,242.914061,15625000.0000,1843750000.0,2998.80,,2.10696,10.5385,3.337735e+13,2904.0000,4,coarse,2.9736,4.2130,512,178,0.348928,CS(5-4),-3584.4394,-4440.45,False,False,searched,
Proxima Cen,Proxima Cen,6,A002_X1077d5b_X9976,1.3016,223.085939,224.914064,15625000.0000,1843750000.0,2998.80,,1.64073,8.20611,2.599023e+13,2688.0000,4,coarse,3.7006,4.5440,512,25,0.050682,13CO(2-1),3749.4394,5018.10,False,False,searched,
Proxima Cen,Proxima Cen,6,A002_X1077d5b_X9976,1.3016,225.085939,226.914064,15625000.0000,1843750000.0,2998.80,,1.56166,7.81068,2.473782e+13,2712.0000,4,coarse,2.7504,4.4254,512,276,0.539961,CO(2-1),-4795.8106,-6361.72,False,False,searched,
Proxima Cen,Proxima Cen,6,A002_X1077d5b_X9976,1.3016,239.085936,240.914061,15625000.0000,1843750000.0,2998.80,,1.72841,8.64506,2.738048e+13,2880.0000,4,coarse,2.5769,4.1143,512,305,0.596491,CS(5-4),-4959.4394,-6195.01,False,False,searched,
Proxima Cen,Proxima Cen,6,A002_X1077d5b_X9976,1.3016,241.085936,242.914061,15625000.0000,1843750000.0,2998.80,,1.80289,9.01764,2.856049e+13,2904.0000,4,coarse,2.9671,5.2673,512,141,0.276803,CS(5-4),-2459.4394,-3046.78,False,False,searched,
Proxima Cen,Proxima Cen,6,A002_X1077d5b_Xa63d,1.3016,223.085939,224.914064,15625000.0000,1843750000.0,2998.80,,1.34271,6.71556,2.126940e+13,2688.0000,4,coarse,2.7672,4.5622,512,251,0.491228,13CO(2-1),3999.4394,5352.69,False,False,searched,
Proxima Cen,Proxima Cen,6,A002_X1077d5b_Xa63d,1.3016,225.085939,226.914064,15625000.0000,1843750000.0,2998.80,,1.26453,6.32457,2.003107e+13,2712.0000,4,coarse,2.2130,4.5102,512,471,0.920078,CO(2-1),-4905.1856,-6506.80,False,False,searched,
Proxima Cen,Proxima Cen,6,A002_X1077d5b_Xa63d,1.3016,239.085936,240.914061,15625000.0000,1843750000.0,2998.80,,1.40504,7.02764,2.225781e+13,2880.0000,4,coarse,3.0235,4.7539,512,146,0.286550,CS(5-4),-4896.9394,-6116.94,False,False,searched,
Proxima Cen,Proxima Cen,6,A002_X1077d5b_Xa63d,1.3016,241.085936,242.914061,15625000.0000,1843750000.0,2998.80,,1.46135,7.30931,2.314992e+13,2904.0000,4,coarse,2.3457,4.2992,512,445,0.869396,CS(5-4),-3615.6894,-4479.16,False,False,searched,
Proxima Cen,Proxima Cen,6,A002_Xbcef34_X2720,1.3020,223.132812,224.867188,15625000.0000,1750000000.0,453.60,,8.25292,41.2997,1.308035e+14,2688.0000,2,coarse,3.3326,4.0872,512,37,0.074074,13CO(2-1),4405.6875,5896.39,False,False,searched,
Proxima Cen,Proxima Cen,6,A002_Xbcef34_X2720,1.3020,225.132812,226.867188,15625000.0000,1750000000.0,453.60,,8.09125,40.4912,1.282431e+14,2712.0000,2,coarse,2.4331,3.8963,512,276,0.539961,CO(2-1),-3873.9375,-5138.84,False,False,searched,
Proxima Cen,Proxima Cen,6,A002_Xbcef34_X2720,1.3020,239.132813,240.867188,15625000.0000,1750000000.0,453.60,,8.91878,44.6374,1.413749e+14,2880.0000,2,coarse,2.4542,4.3606,512,305,0.596491,CS(5-4),-5068.8125,-6331.63,False,False,searched,
Proxima Cen,Proxima Cen,6,A002_Xbcef34_X2720,1.3020,241.132813,242.867188,15625000.0000,1750000000.0,453.60,,9.48041,47.4491,1.502799e+14,2904.0000,2,coarse,2.3924,4.5065,512,306,0.598441,CS(5-4),-2787.5625,-3453.27,False,False,searched,
Proxima Cen,Proxima Cen,6,A002_Xdb7ab7_X140ee,1.3020,223.085939,224.914064,15625000.0000,1843750000.0,60.48,,15.3062,76.5665,2.424998e+14,2688.0000,2,coarse,2.7551,4.3498,512,139,0.272904,13CO(2-1),3827.5644,5122.66,False,False,searched,
Proxima Cen,Proxima Cen,6,A002_Xdb7ab7_X140ee,1.3020,225.085939,226.914064,15625000.0000,1843750000.0,60.48,,14.5197,72.6329,2.300416e+14,2712.0000,2,coarse,3.1644,4.3938,512,71,0.140351,CO(2-1),-4436.4356,-5885.00,False,False,searched,
Proxima Cen,Proxima Cen,6,A002_Xdb7ab7_X140ee,1.3020,239.085936,240.914061,15625000.0000,1843750000.0,60.48,,15.9812,79.9484,2.532109e+14,2880.0000,2,coarse,2.7859,4.2976,512,134,0.263158,CS(5-4),-4771.9394,-5960.80,False,False,searched,
Proxima Cen,Proxima Cen,6,A002_Xdb7ab7_X140ee,1.3020,241.085936,242.914061,15625000.0000,1843750000.0,60.48,,16.7563,83.8268,2.654948e+14,2904.0000,2,coarse,2.3775,4.0941,512,304,0.594542,CS(5-4),-3568.8144,-4421.09,False,False,searched,
Proxima Cen,Proxima Cen,6,A002_Xdb7ab7_X8bda,1.3020,223.085939,224.914064,15625000.0000,1843750000.0,60.48,,11.9348,59.7025,1.890887e+14,2688.0000,2,coarse,2.7275,3.9282,512,201,0.393762,13CO(2-1),4374.4394,5854.57,False,False,searched,
Proxima Cen,Proxima Cen,6,A002_Xdb7ab7_X8bda,1.3020,225.085939,226.914064,15625000.0000,1843750000.0,60.48,,11.0179,55.1165,1.745638e+14,2712.0000,2,coarse,2.9161,4.0297,512,115,0.226121,13CO(2-1),4796.3144,6362.38,False,False,searched,
Proxima Cen,Proxima Cen,6,A002_Xdb7ab7_X8bda,1.3020,239.085936,240.914061,15625000.0000,1843750000.0,60.48,,12.0448,60.257,1.908449e+14,2880.0000,2,coarse,2.6196,4.1549,512,195,0.382066,CS(5-4),-5318.8144,-6643.92,False,False,searched,
Proxima Cen,Proxima Cen,6,A002_Xdb7ab7_X8bda,1.3020,241.085936,242.914061,15625000.0000,1843750000.0,60.48,,12.8064,64.068,2.029149e+14,2904.0000,2,coarse,2.8420,4.0923,512,122,0.239766,CS(5-4),-3631.3144,-4498.52,False,False,searched,
Proxima Cen,Proxima Cen,6,A002_Xdbc154_X138c,1.3020,223.085939,224.914064,15625000.0000,1843750000.0,60.48,,14.0056,70.0599,2.218923e+14,2688.0000,2,coarse,2.4485,4.2618,512,284,0.555556,13CO(2-1),2827.5644,3784.30,False,False,searched,
Proxima Cen,Proxima Cen,6,A002_Xdbc154_X138c,1.3020,225.085939,226.914064,15625000.0000,1843750000.0,60.48,,13.0003,65.0314,2.059663e+14,2712.0000,2,coarse,2.4087,3.7931,512,285,0.557505,CO(2-1),-4639.5606,-6154.45,False,False,searched,
Proxima Cen,Proxima Cen,6,A002_Xdbc154_X138c,1.3020,239.085936,240.914061,15625000.0000,1843750000.0,60.48,,14.3847,71.961,2.279136e+14,2880.0000,2,coarse,3.6157,4.0935,512,10,0.021442,CS(5-4),-4553.1894,-5687.55,False,False,searched,
Proxima Cen,Proxima Cen,6,A002_Xdbc154_X138c,1.3020,241.085936,242.914061,15625000.0000,1843750000.0,60.48,,14.9839,74.9595,2.374103e+14,2904.0000,2,coarse,2.7198,4.3700,512,182,0.356725,CS(5-4),-3131.3144,-3879.11,False,False,searched,
Proxima Cen,Proxima Cen,6,A002_Xdc0d09_X1938,1.3020,223.085939,224.914064,15625000.0000,1843750000.0,60.48,,17.919,89.6328,2.838834e+14,2688.0000,2,coarse,2.1575,3.9372,512,430,0.840156,13CO(2-1),4093.1894,5478.16,False,False,searched,
Proxima Cen,Proxima Cen,6,A002_Xdc0d09_X1938,1.3020,225.085939,226.914064,15625000.0000,1843750000.0,60.48,,18.1895,90.9866,2.881710e+14,2712.0000,2,coarse,2.8908,4.0547,512,113,0.222222,CO(2-1),-3983.3106,-5283.92,False,False,searched,
Proxima Cen,Proxima Cen,6,A002_Xdc0d09_X1938,1.3020,239.085936,240.914061,15625000.0000,1843750000.0,60.48,,19.888,99.4885,3.150981e+14,2880.0000,2,coarse,2.6899,3.9161,512,190,0.372320,CS(5-4),-5678.1894,-7092.83,False,False,searched,
Proxima Cen,Proxima Cen,6,A002_Xdc0d09_X1938,1.3020,241.085936,242.914061,15625000.0000,1843750000.0,60.48,,20.9252,104.678,3.315331e+14,2904.0000,2,coarse,2.8843,5.0073,512,166,0.325536,CS(5-4),-2881.3144,-3569.41,False,False,searched,
Proxima Cen,Proxima Cen,6,A002_Xdc21b9_X252f,1.3020,223.085939,224.914064,15625000.0000,1843750000.0,60.48,,9.57198,47.8783,1.516394e+14,2688.0000,2,coarse,3.0984,4.1123,512,65,0.128655,13CO(2-1),3936.9394,5269.04,False,False,searched,
Proxima Cen,Proxima Cen,6,A002_Xdc21b9_X252f,1.3020,225.085939,226.914064,15625000.0000,1843750000.0,60.48,,8.90431,44.539,1.410632e+14,2712.0000,2,coarse,2.7635,4.5012,512,145,0.284600,CO(2-1),-4655.1856,-6175.17,False,False,searched,
Proxima Cen,Proxima Cen,6,A002_Xdc21b9_X252f,1.3020,239.085936,240.914061,15625000.0000,1843750000.0,60.48,,9.8023,49.0332,1.552969e+14,2880.0000,2,coarse,2.0681,4.3613,512,445,0.869396,CS(5-4),-4475.0644,-5589.96,False,False,searched,
Proxima Cen,Proxima Cen,6,A002_Xdc21b9_X252f,1.3020,241.085936,242.914061,15625000.0000,1843750000.0,60.48,,10.3978,52.0125,1.647332e+14,2904.0000,2,coarse,2.3964,4.4844,512,326,0.637427,CS(5-4),-2615.6894,-3240.35,False,False,searched,
NAME Barnards star,NAME Barnards star,6,A002_Xfdf45f_X478e,1.8282,223.085939,224.914064,15625000.0000,1843750000.0,2998.80,,2.07659,10.3866,6.490325e+13,2688.0000,4,coarse,2.4649,4.2411,512,363,0.709552,13CO(2-1),3124.4394,4181.62,False,False,searched,
NAME Barnards star,NAME Barnards star,6,A002_Xfdf45f_X478e,1.8282,225.085939,226.914064,15625000.0000,1843750000.0,2998.80,,1.9904,9.95553,6.220981e+13,2712.0000,4,coarse,3.8095,4.0649,512,8,0.017544,13CO(2-1),4921.3144,6528.20,False,False,searched,
NAME Barnards star,NAME Barnards star,6,A002_Xfdf45f_X478e,1.8282,239.085936,240.914061,15625000.0000,1843750000.0,2998.80,,2.13147,10.6616,6.662179e+13,2880.0000,4,coarse,2.0710,4.4609,512,490,0.957115,CS(5-4),-4240.6894,-5297.19,False,False,searched,
NAME Barnards star,NAME Barnards star,6,A002_Xfdf45f_X478e,1.8282,241.085936,242.914061,15625000.0000,1843750000.0,2998.80,,2.22861,11.1476,6.965850e+13,2904.0000,4,coarse,3.0085,4.6016,512,120,0.235867,CS(5-4),-2287.5644,-2833.86,False,False,searched,
NAME Barnards star,NAME Barnards star,6,A002_Xfe2e17_X282,1.8282,223.085939,224.914064,15625000.0000,1843750000.0,2998.80,,2.62445,13.1269,8.202721e+13,2688.0000,4,coarse,2.7603,4.2537,512,253,0.495127,13CO(2-1),3827.5644,5122.66,False,False,searched,
NAME Barnards star,NAME Barnards star,6,A002_Xfe2e17_X282,1.8282,225.085939,226.914064,15625000.0000,1843750000.0,2998.80,,2.52493,12.6292,7.891721e+13,2712.0000,4,coarse,2.5211,4.5208,512,376,0.734893,CO(2-1),-4373.9356,-5802.09,False,False,searched,
NAME Barnards star,NAME Barnards star,6,A002_Xfe2e17_X282,1.8282,239.085936,240.914061,15625000.0000,1843750000.0,2998.80,,2.81055,14.0585,8.784818e+13,2880.0000,4,coarse,2.8905,4.3378,512,195,0.382066,CS(5-4),-5631.3144,-7034.27,False,False,searched,
NAME Barnards star,NAME Barnards star,6,A002_Xfe2e17_X282,1.8282,241.085936,242.914061,15625000.0000,1843750000.0,2998.80,,2.91576,14.5849,9.113743e+13,2904.0000,4,coarse,2.8919,4.0921,512,175,0.343080,CS(5-4),-2693.8144,-3337.13,False,False,searched,
NAME Barnards star,NAME Barnards star,6,A002_Xfe3986_X5c7e,1.8282,223.085939,224.914064,15625000.0000,1843750000.0,2998.80,,2.65962,13.3029,8.312646e+13,2688.0000,4,coarse,2.7339,3.9430,512,270,0.528265,13CO(2-1),3921.3144,5248.13,False,False,searched,
NAME Barnards star,NAME Barnards star,6,A002_Xfe3986_X5c7e,1.8282,225.085939,226.914064,15625000.0000,1843750000.0,2998.80,,2.55959,12.8026,8.000053e+13,2712.0000,4,coarse,2.9338,4.0894,512,164,0.321637,CO(2-1),-4436.4356,-5885.00,False,False,searched,
NAME Barnards star,NAME Barnards star,6,A002_Xfe3986_X5c7e,1.8282,239.085936,240.914061,15625000.0000,1843750000.0,2998.80,,2.84599,14.2358,8.895625e+13,2880.0000,4,coarse,2.3496,4.4191,512,424,0.828460,CS(5-4),-4287.5644,-5355.75,False,False,searched,
NAME Barnards star,NAME Barnards star,6,A002_Xfe3986_X5c7e,1.8282,241.085936,242.914061,15625000.0000,1843750000.0,2998.80,,2.9921,14.9668,9.352382e+13,2904.0000,4,coarse,3.0137,4.8243,512,141,0.276803,CS(5-4),-3646.9394,-4517.87,False,False,searched,
Wolf  359,Wolf 359,6,A002_Xfdb69b_X667a,2.4086,223.085939,224.914064,15625000.0000,1843750000.0,2998.80,,1.56482,7.82656,8.488488e+13,2688.0000,4,coarse,2.4630,4.4847,512,379,0.740741,13CO(2-1),3327.5644,4453.48,False,False,searched,
Wolf  359,Wolf 359,6,A002_Xfdb69b_X667a,2.4086,225.085939,226.914064,15625000.0000,1843750000.0,2998.80,,1.45581,7.28141,7.897236e+13,2712.0000,4,coarse,2.4401,4.3404,512,380,0.742690,CO(2-1),-5030.1856,-6672.62,False,False,searched,
Wolf  359,Wolf 359,6,A002_Xfdb69b_X667a,2.4086,239.085936,240.914061,15625000.0000,1843750000.0,2998.80,,1.61277,8.06679,8.749029e+13,2880.0000,4,coarse,2.3387,4.2782,512,429,0.838207,CS(5-4),-4787.5644,-5980.32,False,False,searched,
Wolf  359,Wolf 359,6,A002_Xfdb69b_X667a,2.4086,241.085936,242.914061,15625000.0000,1843750000.0,2998.80,,1.69106,8.45843,9.173799e+13,2904.0000,4,coarse,2.8414,4.9740,512,180,0.352827,CS(5-4),-2584.4394,-3201.63,False,False,searched,
Wolf  359,Wolf 359,6,A002_Xfdc8ec_X4cec,2.4086,223.085939,224.914064,15625000.0000,1843750000.0,2998.80,,1.81657,9.08573,9.854148e+13,2688.0000,4,coarse,2.5972,4.1470,512,322,0.629630,13CO(2-1),4515.0644,6042.78,False,False,searched,
Wolf  359,Wolf 359,6,A002_Xfdc8ec_X4cec,2.4086,225.085939,226.914064,15625000.0000,1843750000.0,2998.80,,1.70537,8.52962,9.251008e+13,2712.0000,4,coarse,2.7372,4.2587,512,237,0.463938,CO(2-1),-4014.5606,-5325.38,False,False,searched,
Wolf  359,Wolf 359,6,A002_Xfdc8ec_X4cec,2.4086,239.085936,240.914061,15625000.0000,1843750000.0,2998.80,,1.89264,9.46667,1.026730e+14,2880.0000,4,coarse,3.1652,4.4681,512,83,0.163743,CS(5-4),-4803.1894,-5999.83,False,False,searched,
Wolf  359,Wolf 359,6,A002_Xfdc8ec_X4cec,2.4086,241.085936,242.914061,15625000.0000,1843750000.0,2998.80,,1.98382,9.92276,1.076197e+14,2904.0000,4,coarse,2.8547,3.9412,512,177,0.346979,CS(5-4),-3740.6894,-4634.01,False,False,searched,
Wolf  359,Wolf 359,6,A002_Xfddca6_Xcf25,2.4086,223.085939,224.914064,15625000.0000,1843750000.0,2998.80,,1.45131,7.2589,7.872813e+13,2688.0000,4,coarse,2.0494,4.5759,512,500,0.976608,13CO(2-1),4405.6894,5896.39,False,False,searched,
Wolf  359,Wolf 359,6,A002_Xfddca6_Xcf25,2.4086,225.085939,226.914064,15625000.0000,1843750000.0,2998.80,,1.35641,6.78426,7.358037e+13,2712.0000,4,coarse,3.3616,5.0217,512,113,0.222222,13CO(2-1),4983.8144,6611.11,False,False,searched,
Wolf  359,Wolf 359,6,A002_Xfddca6_Xcf25,2.4086,239.085936,240.914061,15625000.0000,1843750000.0,2998.80,,1.50529,7.52924,8.166021e+13,2880.0000,4,coarse,2.4749,4.2922,512,409,0.799220,CS(5-4),-4021.9394,-5023.95,False,False,searched,
Wolf  359,Wolf 359,6,A002_Xfddca6_Xcf25,2.4086,241.085936,242.914061,15625000.0000,1843750000.0,2998.80,,1.57903,7.89809,8.566070e+13,2904.0000,4,coarse,2.6435,4.1947,512,345,0.674464,CS(5-4),-3240.6894,-4014.60,False,False,searched,
alf CMa B,alf CMa B,3,A002_Xc99ad7_X348,2.6703,92.127387,93.861762,15625000.0000,1750000000.0,344.74,,0.383416,1.91708,2.555591e+13,1115.9349,2,coarse,2.5510,4.4634,512,254,0.497076,,,,False,False,duplicate_row,
alf CMa B,alf CMa B,3,A002_Xc99ad7_X348,2.6703,92.127387,93.861762,15625000.0000,1750000000.0,344.74,,0.383416,1.98624,2.647781e+13,1115.9349,2,coarse,2.5510,4.4634,512,254,0.497076,HCO+(1-0),4407.1375,14207.57,False,False,searched,
alf CMa B,alf CMa B,3,A002_Xc99ad7_X348,2.6703,94.064887,95.799262,15625000.0000,1750000000.0,344.74,,0.385797,2.00155,2.668201e+13,1139.1849,2,coarse,2.8909,4.8067,512,111,0.218324,HCO+(1-0),5844.6375,18457.18,False,False,searched,
alf CMa B,alf CMa B,3,A002_Xc99ad7_X348,2.6703,104.127387,105.861762,15625000.0000,1750000000.0,344.74,,0.419594,2.19492,2.925972e+13,1259.9349,2,coarse,3.2521,4.2428,512,41,0.081871,CN(1-0),-7707.3625,-22006.94,False,False,searched,
alf CMa B,alf CMa B,3,A002_Xc99ad7_X348,2.6703,106.127387,107.861762,15625000.0000,1750000000.0,344.74,,0.439966,2.30549,3.073366e+13,1283.9349,2,coarse,2.2319,4.3941,512,379,0.740741,CN(1-0),-6426.1125,-18005.59,False,False,searched,
alf CMa B,alf CMa B,4,A002_Xcc626d_X579,2.6703,142.127387,143.861762,15625000.0000,1750000000.0,344.74,,0.347287,1.73643,2.314779e+13,1715.9349,2,coarse,2.0798,3.9469,512,432,0.844055,,,,False,False,duplicate_row,
alf CMa B,alf CMa B,4,A002_Xcc626d_X579,2.6703,142.127387,143.861762,15625000.0000,1750000000.0,344.74,,0.347287,1.9024,2.536029e+13,1715.9349,2,coarse,2.0798,3.9469,512,432,0.844055,CO(1-0),27059.5125,56731.09,False,False,searched,
alf CMa B,alf CMa B,4,A002_Xcc626d_X579,2.6703,144.064887,145.799262,15625000.0000,1750000000.0,344.74,,0.320287,1.75888,2.344699e+13,1739.1849,2,coarse,3.0530,4.6225,512,70,0.138402,CO(1-0),29700.1375,61434.83,False,False,searched,
alf CMa B,alf CMa B,4,A002_Xcc626d_X579,2.6703,154.127387,155.861762,15625000.0000,1750000000.0,344.74,,0.351965,1.95906,2.611551e+13,1859.9349,2,coarse,2.6477,4.7707,512,192,0.376218,CO(1-0),39903.2625,77181.39,False,False,searched,
alf CMa B,alf CMa B,4,A002_Xcc626d_X579,2.6703,156.127387,157.861762,15625000.0000,1750000000.0,344.74,,0.398218,2.22269,2.962989e+13,1883.9349,2,coarse,2.5570,4.5643,512,237,0.463938,CO(1-0),41653.2625,79539.91,False,False,searched,
alf CMa B,alf CMa B,5,A002_Xd0fb35_X90dc,2.6703,195.127387,196.861762,15625000.0000,1750000000.0,344.74,,0.522396,2.61198,3.481938e+13,2351.9349,2,coarse,2.6385,4.8985,512,203,0.397661,,,,False,False,duplicate_row,
alf CMa B,alf CMa B,5,A002_Xd0fb35_X90dc,2.6703,195.127387,196.861762,15625000.0000,1750000000.0,344.74,,0.522396,3.03135,4.040985e+13,2351.9349,2,coarse,2.6385,4.8985,512,203,0.397661,SiO(5-4),-20790.1125,-31800.47,False,False,searched,
alf CMa B,alf CMa B,5,A002_Xd0fb35_X90dc,2.6703,197.064887,198.799262,15625000.0000,1750000000.0,344.74,,0.436914,2.54283,3.389759e+13,2375.1849,2,coarse,2.3776,4.6779,512,328,0.641326,SiO(5-4),-19461.9875,-29477.57,False,False,searched,
alf CMa B,alf CMa B,5,A002_Xd0fb35_X90dc,2.6703,207.127387,208.861762,15625000.0000,1750000000.0,344.74,,0.598105,3.53651,4.714396e+13,2495.9349,2,coarse,2.1739,4.1682,512,392,0.766082,SiO(5-4),-9383.8625,-13525.41,False,False,searched,
alf CMa B,alf CMa B,5,A002_Xd0fb35_X90dc,2.6703,209.127387,210.861762,15625000.0000,1750000000.0,344.74,,0.622413,3.69218,4.921921e+13,2519.9349,2,coarse,2.4442,4.1328,512,312,0.610136,SiO(5-4),-7727.6125,-11032.09,False,False,searched,
G 272-61B,G 272-61A,3,A002_X877e41_X14c1,2.6749,89.627387,91.361762,15625000.0000,1750000000.0,1862.78,,0.247351,1.23675,1.654371e+13,1085.9349,2,coarse,2.5740,4.1294,512,257,0.502924,,,,False,False,duplicate_row,
G 272-61B,G 272-61A,3,A002_X877e41_X14c1,2.6749,89.627387,91.361762,15625000.0000,1750000000.0,1862.78,,0.247351,1.2381,1.656166e+13,1085.9349,2,coarse,2.5740,4.1294,512,257,0.502924,HCO+(1-0),2125.8875,7042.69,False,False,searched,
G 272-61B,G 272-61A,3,A002_X877e41_X14c1,2.6749,91.564887,93.299262,15625000.0000,1750000000.0,1862.78,,0.241326,1.20799,1.615899e+13,1109.1849,2,coarse,1.9855,4.6370,512,467,0.912281,HCO+(1-0),3141.5125,10189.12,False,False,searched,
G 272-61B,G 272-61A,3,A002_X877e41_X14c1,2.6749,101.627387,103.361762,15625000.0000,1750000000.0,1862.78,,0.244993,1.22667,1.640883e+13,1229.9349,2,coarse,2.4393,4.4884,512,290,0.567251,CN(1-0),-11519.8625,-33695.13,False,False,searched,
G 272-61B,G 272-61A,3,A002_X877e41_X14c1,2.6749,103.627387,105.361762,15625000.0000,1750000000.0,1862.78,,0.245624,1.2299,1.645197e+13,1253.9349,2,coarse,2.1410,4.2487,512,436,0.851852,CN(1-0),-8582.3625,-24622.59,False,False,searched,
G 272-61A,G 272-61A,3,A002_X877e41_X14c1,2.7195,89.627387,91.361762,15625000.0000,1750000000.0,1862.78,,0.24752,1.2376,1.711181e+13,1085.9349,2,coarse,2.0372,4.3507,512,444,0.867446,,,,False,False,duplicate_row,
G 272-61A,G 272-61A,3,A002_X877e41_X14c1,2.7195,89.627387,91.361762,15625000.0000,1750000000.0,1862.78,,0.24752,1.24035,1.714988e+13,1085.9349,2,coarse,2.0372,4.3507,512,444,0.867446,HCO+(1-0),1907.1375,6318.01,False,False,searched,
G 272-61A,G 272-61A,3,A002_X877e41_X14c1,2.7195,91.564887,93.299262,15625000.0000,1750000000.0,1862.78,,0.24119,1.20875,1.671287e+13,1109.1849,2,coarse,2.3590,4.3108,512,310,0.606238,HCO+(1-0),2516.5125,8162.01,False,False,searched,
G 272-61A,G 272-61A,3,A002_X877e41_X14c1,2.7195,101.627387,103.361762,15625000.0000,1750000000.0,1862.78,,0.244697,1.22698,1.696495e+13,1229.9349,2,coarse,2.8265,4.2550,512,128,0.251462,CN(1-0),-11285.4875,-33009.59,False,False,searched,
G 272-61A,G 272-61A,3,A002_X877e41_X14c1,2.7195,103.627387,105.361762,15625000.0000,1750000000.0,1862.78,,0.245672,1.232,1.703442e+13,1253.9349,2,coarse,2.9143,4.4725,512,107,0.210526,CN(1-0),-8144.8625,-23367.42,False,False,searched,
CD-23 14742,CD-23 14742,6,A002_Xfeb5e6_X13ee,2.9760,223.085939,224.914064,15625000.0000,1843750000.0,2998.80,,1.46612,7.33154,1.213889e+14,2688.0000,4,coarse,2.5131,4.4672,512,342,0.668616,13CO(2-1),3593.1894,4808.98,False,False,searched,
CD-23 14742,CD-23 14742,6,A002_Xfeb5e6_X13ee,2.9760,223.085939,224.914064,15625000.0000,1843750000.0,2998.80,,1.46612,7.33154,1.213889e+14,2688.0000,4,coarse,2.5131,4.4672,512,342,0.668616,13CO(2-1),3593.1894,4808.98,False,False,duplicate_row,
CD-23 14742,CD-23 14742,6,A002_Xfeb5e6_X13ee,2.9760,225.085939,226.914064,15625000.0000,1843750000.0,2998.80,,1.36808,6.84127,1.132715e+14,2712.0000,4,coarse,2.9238,4.0663,512,191,0.374269,CO(2-1),-4514.5606,-5988.63,False,False,searched,
CD-23 14742,CD-23 14742,6,A002_Xfeb5e6_X13ee,2.9760,239.085936,240.914061,15625000.0000,1843750000.0,2998.80,,1.505,7.52611,1.246104e+14,2880.0000,4,coarse,3.6693,4.4273,512,24,0.048733,CS(5-4),-4600.0644,-5746.10,False,False,searched,
CD-23 14742,CD-23 14742,6,A002_Xfeb5e6_X13ee,2.9760,241.085936,242.914061,15625000.0000,1843750000.0,2998.80,,1.58521,7.92721,1.312514e+14,2904.0000,4,coarse,3.3440,4.2578,512,61,0.120858,CS(5-4),-3553.1894,-4401.73,False,False,searched,
CD-23 14742,CD-23 14742,6,A002_Xfec857_X11fd,2.9760,223.085939,224.914064,15625000.0000,1843750000.0,2998.80,,1.39685,6.98517,1.156539e+14,2688.0000,4,coarse,3.0996,4.3677,512,99,0.194932,13CO(2-1),3811.9394,5101.74,False,False,searched,
CD-23 14742,CD-23 14742,6,A002_Xfec857_X11fd,2.9760,225.085939,226.914064,15625000.0000,1843750000.0,2998.80,,1.30443,6.52298,1.080015e+14,2712.0000,4,coarse,2.0365,4.0666,512,496,0.968811,13CO(2-1),4858.8144,6445.29,False,False,searched,
CD-23 14742,CD-23 14742,6,A002_Xfec857_X11fd,2.9760,239.085936,240.914061,15625000.0000,1843750000.0,2998.80,,1.43521,7.17712,1.188322e+14,2880.0000,4,coarse,2.7055,4.5657,512,279,0.545809,CS(5-4),-4896.9394,-6116.94,False,False,searched,
CD-23 14742,CD-23 14742,6,A002_Xfec857_X11fd,2.9760,241.085936,242.914061,15625000.0000,1843750000.0,2998.80,,1.51319,7.56707,1.252885e+14,2904.0000,4,coarse,2.5082,4.1850,512,367,0.717349,CS(5-4),-3428.1894,-4246.88,False,False,searched,
CD-23 14742,CD-23 14742,6,A002_Xfec857_X6b2,2.9760,223.085939,224.914064,15625000.0000,1843750000.0,2998.80,,1.33232,6.66246,1.103109e+14,2688.0000,4,coarse,3.0999,4.3394,512,116,0.228070,13CO(2-1),4233.8144,5666.36,False,False,searched,
CD-23 14742,CD-23 14742,6,A002_Xfec857_X6b2,2.9760,225.085939,226.914064,15625000.0000,1843750000.0,2998.80,,1.23121,6.15686,1.019396e+14,2712.0000,4,coarse,3.0878,4.3245,512,96,0.189084,CO(2-1),-4436.4356,-5885.00,False,False,searched,
CD-23 14742,CD-23 14742,6,A002_Xfec857_X6b2,2.9760,239.085936,240.914061,15625000.0000,1843750000.0,2998.80,,1.36308,6.8164,1.128597e+14,2880.0000,4,coarse,3.2281,4.5872,512,74,0.146199,CS(5-4),-5553.1894,-6936.68,False,False,searched,
CD-23 14742,CD-23 14742,6,A002_Xfec857_X6b2,2.9760,241.085936,242.914061,15625000.0000,1843750000.0,2998.80,,1.43746,7.18839,1.190187e+14,2904.0000,4,coarse,2.3803,4.2747,512,427,0.834308,CS(5-4),-3053.1894,-3782.33,False,False,searched,
CD-23 14742,CD-23 14742,6,A002_Xfee03e_X82ee,2.9760,223.085939,224.914064,15625000.0000,1843750000.0,2998.80,,1.55712,7.78665,1.289241e+14,2688.0000,4,coarse,1.9352,4.5150,512,502,0.980507,13CO(2-1),4171.3144,5582.72,False,False,searched,
CD-23 14742,CD-23 14742,6,A002_Xfee03e_X82ee,2.9760,225.085939,226.914064,15625000.0000,1843750000.0,2998.80,,1.44368,7.21939,1.195319e+14,2712.0000,4,coarse,2.5565,4.5103,512,331,0.647173,CO(2-1),-4311.4356,-5719.19,False,False,searched,
CD-23 14742,CD-23 14742,6,A002_Xfee03e_X82ee,2.9760,239.085936,240.914061,15625000.0000,1843750000.0,2998.80,,1.57824,7.89239,1.306749e+14,2880.0000,4,coarse,3.8791,4.9779,512,7,0.015595,CS(5-4),-4725.0644,-5902.24,False,False,searched,
CD-23 14742,CD-23 14742,6,A002_Xfee03e_X82ee,2.9760,241.085936,242.914061,15625000.0000,1843750000.0,2998.80,,1.65635,8.28301,1.371424e+14,2904.0000,4,coarse,2.2793,4.1424,512,433,0.846004,CS(5-4),-3350.0644,-4150.10,False,False,searched,
eps Eri,eps Eri,6,A002_X99c183_X4f1e,3.2198,215.103264,216.837639,15625000.0000,1750000000.0,2570.40,,0.618892,8.9201,1.728865e+14,2591.6454,4,coarse,1.9803,4.2539,512,505,0.986355,SiO(5-4),-720.4862,-1000.12,False,False,withheld_primary_beam,
eps Eri,eps Eri,6,A002_X99c183_X4f1e,3.2198,217.352956,219.087331,15625000.0000,1750000000.0,2570.40,,0.611643,9.01325,1.746920e+14,2618.6417,4,coarse,2.5337,4.7153,512,356,0.695906,C18O(2-1),-488.2940,-670.82,False,False,withheld_primary_beam,
eps Eri,eps Eri,6,A002_X99c183_X4f1e,3.2198,229.652822,231.377920,488281.2500,1725585937.5,2570.40,,4.03079,67.3225,4.077573e+13,2766.1844,74,fine,4.3898,5.7894,512,326,0.637427,CO(2-1),450.2712,585.59,False,False,withheld_primary_beam,
eps Eri,eps Eri,6,A002_X99c183_X4f1e,3.2198,232.100938,233.835313,15625000.0000,1750000000.0,2570.40,,0.714525,12.246,2.373476e+14,2795.6175,4,coarse,2.6871,4.1906,512,277,0.541910,CO(2-1),2156.6882,2775.31,False,False,withheld_primary_beam,
eps Eri,eps Eri,6,A002_Xb9c01c_X2004,3.2198,229.618873,231.459205,488281.2500,1840820312.5,90.72,,61.0381,305.226,1.848684e+14,2766.4685,16,fine,3.8417,5.4684,512,444,0.867446,CO(2-1),-328.7951,-427.56,False,False,withheld_primary_beam,
eps Eri,eps Eri,6,A002_Xb9c01c_X2004,3.2198,231.579086,233.407211,15625000.0000,1843750000.0,90.72,,9.63149,48.1631,9.334820e+14,2789.9178,2,coarse,3.6675,3.9567,512,8,0.017544,CO(2-1),2525.4608,3256.50,False,False,withheld_primary_beam,
eps Eri,eps Eri,6,A002_Xb9c01c_X2004,3.2198,244.078717,245.906842,15625000.0000,1843750000.0,90.72,,10.1096,50.5543,9.798282e+14,2939.9134,2,coarse,2.9674,3.9532,512,121,0.237817,CS(5-4),-716.6575,-876.96,False,False,withheld_primary_beam,
eps Eri,eps Eri,6,A002_Xb9c01c_X2004,3.2198,246.078659,247.906784,15625000.0000,1843750000.0,90.72,,11.5157,57.5862,1.116118e+15,2963.9127,2,coarse,2.5472,4.3382,512,193,0.378168,CS(5-4),1220.7835,1481.75,False,False,withheld_primary_beam,
eps Eri,eps Eri,6,A002_Xe539c7_X12189,3.2198,229.112260,230.837846,976562.5000,1726562500.0,495.94,,2.07984,30.9477,3.748862e+13,2759.7006,44,fine,4.5994,5.3007,512,91,0.179337,CO(2-1),-415.9740,-542.26,False,False,withheld_primary_beam,
eps Eri,eps Eri,6,A002_Xe539c7_X12189,3.2198,231.560720,233.388845,15625000.0000,1843750000.0,495.94,,0.358445,5.46228,1.058682e+14,2789.6974,4,coarse,2.8643,4.4397,512,214,0.419103,CO(2-1),2772.7196,3575.62,False,False,withheld_primary_beam,
eps Eri,eps Eri,6,A002_Xe539c7_X12189,3.2198,244.059364,245.887489,15625000.0000,1843750000.0,495.94,,0.381429,6.57363,1.274080e+14,2939.6811,4,coarse,2.5769,4.5259,512,354,0.692008,CS(5-4),935.8639,1145.29,False,False,withheld_primary_beam,
eps Eri,eps Eri,6,A002_Xe539c7_X12189,3.2198,246.059147,247.887272,15625000.0000,1843750000.0,495.94,,0.432441,7.6055,1.474075e+14,2963.6785,4,coarse,2.6233,5.1445,512,320,0.625731,CS(5-4),1373.1469,1666.82,False,False,withheld_primary_beam,
tau Cet,tau Cet,6,A002_X8602fa_X509f,3.6522,223.160156,224.847656,7812500.0000,1695312500.0,392.11,,7.88064,39.4032,4.912864e+14,2688.0469,2,coarse,3.0391,4.3799,512,136,0.267057,13CO(2-1),3643.9687,4876.85,False,False,searched,
tau Cet,tau Cet,6,A002_X8602fa_X509f,3.6522,225.160156,226.847656,7812500.0000,1695312500.0,392.11,,7.36053,36.8027,4.588626e+14,2712.0469,2,coarse,2.4909,4.3409,512,367,0.717349,CO(2-1),-4549.7188,-6035.17,False,False,searched,
tau Cet,tau Cet,6,A002_X8602fa_X509f,3.6522,239.152344,240.839844,7812500.0000,1695312500.0,392.11,,7.87435,39.3718,4.908943e+14,2879.9531,2,coarse,2.8388,4.3577,512,190,0.372320,CS(5-4),-5314.9062,-6639.14,False,False,searched,
tau Cet,tau Cet,6,A002_X8602fa_X509f,3.6522,241.152344,242.839844,7812500.0000,1695312500.0,392.11,,8.80467,44.0233,5.488912e+14,2903.9531,2,coarse,2.8587,3.9588,512,185,0.362573,CS(5-4),-2353.9687,-2916.17,False,False,searched,
tau Cet,tau Cet,6,A002_X9707f1_Xa89,3.6522,223.128906,224.871094,7812500.0000,1750000000.0,2388.96,,0.464248,2.32124,2.894168e+13,2688.0000,6,coarse,3.0323,4.7729,512,261,0.510721,13CO(2-1),4253.3437,5692.50,False,False,searched,
tau Cet,tau Cet,6,A002_X9707f1_Xa89,3.6522,225.128906,226.871094,7812500.0000,1750000000.0,2388.96,,0.42271,2.11355,2.635216e+13,2712.0000,6,coarse,2.4920,4.7826,512,492,0.961014,CO(2-1),-4674.7188,-6201.09,False,False,searched,
tau Cet,tau Cet,6,A002_X9707f1_Xa89,3.6522,239.128906,240.871094,7812500.0000,1750000000.0,2388.96,,0.475355,2.37678,2.963409e+13,2880.0000,6,coarse,3.6163,5.0521,512,57,0.113060,CS(5-4),-4361.7812,-5448.45,False,False,searched,
tau Cet,tau Cet,6,A002_X9707f1_Xa89,3.6522,241.128906,242.871094,7812500.0000,1750000000.0,2388.96,,0.530313,2.65157,3.306022e+13,2904.0000,6,coarse,2.6541,4.9804,512,452,0.883041,CS(5-4),-2307.0937,-2858.05,False,False,searched,
tau Cet,tau Cet,6,A002_Xb9cc97_X150a,3.6522,229.633788,231.474121,488281.2500,1840820312.5,2963.52,,14.1467,70.7352,5.512124e+13,2766.6475,86,fine,3.9170,5.5546,512,496,0.968811,CO(2-1),-746.4967,-970.68,False,False,searched,
tau Cet,tau Cet,6,A002_Xb9cc97_X150a,3.6522,229.633788,231.474121,488281.2500,1840820312.5,1391.04,,14.1467,70.7352,5.512124e+13,2766.6475,40,fine,3.9170,5.5546,512,496,0.968811,CO(2-1),-746.4967,-970.68,False,False,duplicate_row,
tau Cet,tau Cet,6,A002_Xb9cc97_X1734,3.6522,229.633640,231.473972,488281.2500,1840820312.5,1391.04,,12.8304,64.1537,4.999249e+13,2766.6457,40,fine,4.9755,5.4153,512,15,0.031189,CO(2-1),-628.9690,-817.86,False,False,searched,
tau Cet,tau Cet,6,A002_Xb9cc97_X1734,3.6522,231.640341,233.374716,15625000.0000,1750000000.0,1391.04,,2.02864,10.1435,2.529411e+14,2790.0903,3,coarse,2.0072,4.0753,512,491,0.959064,CO(2-1),1883.5912,2428.68,False,False,searched,
tau Cet,tau Cet,6,A002_Xb9cc97_X1734,3.6522,244.140746,245.875121,15625000.0000,1750000000.0,1391.04,,2.17092,10.8549,2.706822e+14,2940.0952,3,coarse,2.3092,4.4318,512,402,0.785575,CS(5-4),204.7460,250.53,False,False,searched,
tau Cet,tau Cet,6,A002_Xb9cc97_X1734,3.6522,246.140811,247.875186,15625000.0000,1750000000.0,1391.04,,2.44812,12.2409,3.052445e+14,2964.0960,3,coarse,2.7317,4.3691,512,197,0.385965,CS(5-4),2689.1857,3263.85,False,False,searched,
tau Cet,tau Cet,6,A002_Xb9cc97_X193f,3.6522,229.633486,231.473818,488281.2500,1840820312.5,1391.04,,15.1445,75.7243,5.900904e+13,2766.6438,40,fine,4.2606,6.2729,512,293,0.573099,CO(2-1),643.3372,836.54,False,False,searched,
tau Cet,tau Cet,6,A002_Xb9cc97_X193f,3.6522,231.640191,233.374566,15625000.0000,1750000000.0,1380.96,,2.75949,13.7978,3.440668e+14,2790.0885,3,coarse,1.8701,3.9437,512,507,0.990253,CO(2-1),1774.0655,2287.46,False,False,searched,
tau Cet,tau Cet,6,A002_Xb9cc97_X193f,3.6522,244.140587,245.874962,15625000.0000,1750000000.0,1391.04,,2.93666,14.6837,3.661581e+14,2940.0933,3,coarse,2.0889,4.6730,512,454,0.886940,CS(5-4),267.0872,326.81,False,False,searched,
tau Cet,tau Cet,6,A002_Xb9cc97_X193f,3.6522,246.140651,247.875026,15625000.0000,1750000000.0,1391.04,,3.35605,16.7807,4.184498e+14,2964.0941,3,coarse,2.5079,4.1775,512,304,0.594542,CS(5-4),1689.0256,2049.96,False,False,searched,
tau Cet,tau Cet,6,A002_Xba460f_X7e6,3.6522,229.629104,231.469436,488281.2500,1840820312.5,1572.48,,12.8436,64.22,5.004420e+13,2766.5912,44,fine,5.1980,5.8330,512,10,0.021442,CO(2-1),495.4011,644.19,True,False,searched,
tau Cet,tau Cet,6,A002_Xba460f_X7e6,3.6522,231.635924,233.370299,15625000.0000,1750000000.0,1572.48,,2.06837,10.3422,2.578967e+14,2790.0373,3,coarse,2.4881,4.5167,512,322,0.629630,CO(2-1),1972.9240,2543.91,False,False,searched,
tau Cet,tau Cet,6,A002_Xba460f_X7e6,3.6522,244.136123,245.870498,15625000.0000,1750000000.0,1572.48,,2.21773,11.0891,2.765219e+14,2940.0397,3,coarse,2.6259,4.3673,512,279,0.545809,CS(5-4),575.1228,703.74,False,False,searched,
tau Cet,tau Cet,6,A002_Xba460f_X7e6,3.6522,246.136123,247.870498,15625000.0000,1750000000.0,1572.48,,2.48987,12.4498,3.104540e+14,2964.0397,3,coarse,2.6150,4.4720,512,228,0.446394,CS(5-4),1684.4978,2044.51,False,False,searched,
tau Cet,tau Cet,6,A002_Xba4d35_Xb3a3,3.6522,229.628380,231.468712,488281.2500,1840820312.5,1572.48,,10.137,50.687,3.949844e+13,2766.5826,44,fine,3.9513,5.8838,512,491,0.959064,CO(2-1),-702.1004,-912.97,False,False,searched,
tau Cet,tau Cet,6,A002_Xba4d35_Xb3a3,3.6522,231.635219,233.369594,15625000.0000,1750000000.0,1572.48,,1.58094,7.905,1.971220e+14,2790.0289,3,coarse,2.1790,4.5721,512,448,0.875244,CO(2-1),2081.5938,2684.04,False,False,searched,
tau Cet,tau Cet,6,A002_Xba4d35_Xb3a3,3.6522,244.135319,245.869694,15625000.0000,1750000000.0,1572.48,,1.66629,8.33181,2.077651e+14,2940.0301,3,coarse,2.5358,4.1051,512,266,0.520468,CS(5-4),386.8186,473.32,False,False,searched,
tau Cet,tau Cet,6,A002_Xba4d35_Xb3a3,3.6522,246.135399,247.869774,15625000.0000,1750000000.0,1572.48,,1.93596,9.68021,2.413894e+14,2964.0310,3,coarse,3.1546,4.1057,512,55,0.109162,CS(5-4),2308.7736,2802.21,False,False,searched,
tau Cet,tau Cet,6,A002_Xbaa732_X1627,3.6522,229.626443,231.466775,488281.2500,1840820312.5,1572.48,,13.5061,67.5333,5.262608e+13,2766.5593,45,fine,4.3676,5.5242,512,266,0.520468,CO(2-1),-849.0568,-1104.08,False,False,searched,
tau Cet,tau Cet,6,A002_Xbaa732_X1627,3.6522,231.633333,233.367708,15625000.0000,1750000000.0,1572.48,,2.14511,10.726,2.674679e+14,2790.0062,3,coarse,2.8129,4.5982,512,184,0.360624,CO(2-1),2829.7077,3648.70,False,False,searched,
tau Cet,tau Cet,6,A002_Xbaa732_X1627,3.6522,244.133361,245.867736,15625000.0000,1750000000.0,1572.48,,2.26216,11.3114,2.820643e+14,2940.0066,3,coarse,2.7637,4.0484,512,202,0.395712,CS(5-4),25.4857,31.19,False,False,searched,
tau Cet,tau Cet,6,A002_Xbaa732_X1627,3.6522,246.133365,247.867740,15625000.0000,1750000000.0,1572.48,,2.59081,12.9547,3.230427e+14,2964.0066,3,coarse,2.3972,5.2656,512,381,0.744639,CS(5-4),1478.6151,1794.64,False,False,searched,
BD05  1668,BD05 1668,6,A002_Xc74b5b_X7c16,3.7861,223.132814,224.867189,15625000.0000,1750000000.0,1421.28,,2.13445,10.673,2.860177e+14,2688.0000,3,coarse,2.3937,4.7054,512,383,0.748538,13CO(2-1),3936.9394,5269.04,False,False,searched,
BD05  1668,BD05 1668,6,A002_Xc74b5b_X7c16,3.7861,225.132814,226.867189,15625000.0000,1750000000.0,1421.28,,2.04169,10.2092,2.735877e+14,2712.0000,3,coarse,2.8097,4.4702,512,190,0.372320,CO(2-1),-3952.0606,-5242.47,False,False,searched,
BD05  1668,BD05 1668,6,A002_Xc74b5b_X7c16,3.7861,239.132811,240.867186,15625000.0000,1750000000.0,1421.28,,2.22855,11.1437,2.986302e+14,2880.0000,3,coarse,3.0894,4.7663,512,74,0.146199,CS(5-4),-4756.3144,-5941.28,False,False,searched,
BD05  1668,BD05 1668,6,A002_Xc74b5b_X7c16,3.7861,241.132811,242.867186,15625000.0000,1750000000.0,1421.28,,2.34745,11.7383,3.145643e+14,2904.0000,3,coarse,2.2488,4.5874,512,417,0.814815,CS(5-4),-2943.8144,-3646.83,False,False,searched,
BD05  1668,BD05 1668,6,A002_Xc77d4f_X6247,3.7861,223.132814,224.867189,15625000.0000,1750000000.0,1421.28,,3.36614,16.8318,4.510610e+14,2688.0000,3,coarse,2.3603,4.9727,512,393,0.768031,13CO(2-1),4218.1894,5645.45,False,False,searched,
BD05  1668,BD05 1668,6,A002_Xc77d4f_X6247,3.7861,225.132814,226.867189,15625000.0000,1750000000.0,1421.28,,3.2721,16.3616,4.384610e+14,2712.0000,3,coarse,1.9971,5.1451,512,496,0.968811,CO(2-1),-4545.8106,-6030.09,False,False,searched,
BD05  1668,BD05 1668,6,A002_Xc77d4f_X6247,3.7861,239.132811,240.867186,15625000.0000,1750000000.0,1421.28,,3.60266,18.0146,4.827601e+14,2880.0000,3,coarse,2.4082,4.2463,512,346,0.676413,CS(5-4),-5631.3144,-7034.27,False,False,searched,
BD05  1668,BD05 1668,6,A002_Xc77d4f_X6247,3.7861,241.132811,242.867186,15625000.0000,1750000000.0,1421.28,,3.83207,19.1618,5.135012e+14,2904.0000,3,coarse,3.0181,4.1860,512,100,0.196881,CS(5-4),-3053.1894,-3782.33,False,False,searched,
BD05  1668,BD05 1668,6,A002_Xc7a409_X5de8,3.7861,223.132814,224.867189,15625000.0000,1750000000.0,1421.28,,3.60025,18.0023,4.824294e+14,2688.0000,3,coarse,2.0084,4.6074,512,498,0.972710,13CO(2-1),2811.9394,3763.38,False,False,searched,
BD05  1668,BD05 1668,6,A002_Xc7a409_X5de8,3.7861,225.132814,226.867189,15625000.0000,1750000000.0,1421.28,,3.03547,15.1782,4.067493e+14,2712.0000,3,coarse,3.0050,4.6071,512,111,0.218324,CO(2-1),-4827.0606,-6403.17,False,False,searched,
BD05  1668,BD05 1668,6,A002_Xc7a409_X5de8,3.7861,239.132811,240.867186,15625000.0000,1750000000.0,1421.28,,3.29566,16.4794,4.416188e+14,2880.0000,3,coarse,2.9922,4.6105,512,142,0.278752,CS(5-4),-5646.9394,-7053.79,False,False,searched,
BD05  1668,BD05 1668,6,A002_Xc7a409_X5de8,3.7861,241.132811,242.867186,15625000.0000,1750000000.0,1421.28,,3.5344,17.6732,4.736099e+14,2904.0000,3,coarse,2.7619,4.4672,512,206,0.403509,CS(5-4),-2443.8144,-3027.43,False,False,searched,
BD05  1668,BD05 1668,6,A002_Xc7b4ea_X2729,3.7861,223.132814,224.867189,15625000.0000,1750000000.0,1421.28,,3.4968,17.485,4.685661e+14,2688.0000,3,coarse,2.9620,4.1317,512,120,0.235867,13CO(2-1),4186.9394,5603.63,False,False,searched,
BD05  1668,BD05 1668,6,A002_Xc7b4ea_X2729,3.7861,225.132814,226.867189,15625000.0000,1750000000.0,1421.28,,3.36236,16.8128,4.505520e+14,2712.0000,3,coarse,2.4611,4.4965,512,341,0.666667,13CO(2-1),4952.5644,6569.65,False,False,searched,
BD05  1668,BD05 1668,6,A002_Xc7b4ea_X2729,3.7861,239.132811,240.867186,15625000.0000,1750000000.0,1421.28,,3.64456,18.224,4.883703e+14,2880.0000,3,coarse,2.7201,4.3885,512,226,0.442495,CS(5-4),-5490.6894,-6858.61,False,False,searched,
BD05  1668,BD05 1668,6,A002_Xc7b4ea_X2729,3.7861,241.132811,242.867186,15625000.0000,1750000000.0,1421.28,,3.90746,19.5386,5.235995e+14,2904.0000,3,coarse,3.5500,4.0115,512,14,0.029240,CS(5-4),-3396.9394,-4208.17,False,False,searched,
BD05  1668,BD05 1668,6,A002_Xc7e4e4_X683a,3.7861,223.132814,224.867189,15625000.0000,1750000000.0,1421.28,,4.15894,20.7957,5.572874e+14,2688.0000,3,coarse,2.4546,4.5724,512,351,0.686160,13CO(2-1),3608.8144,4829.89,False,False,searched,
BD05  1668,BD05 1668,6,A002_Xc7e4e4_X683a,3.7861,225.132814,226.867189,15625000.0000,1750000000.0,1421.28,,4.03687,20.1853,5.409302e+14,2712.0000,3,coarse,2.7084,4.5327,512,239,0.467836,CO(2-1),-4170.8106,-5532.64,False,False,searched,
BD05  1668,BD05 1668,6,A002_Xc7e4e4_X683a,3.7861,239.132811,240.867186,15625000.0000,1750000000.0,1421.28,,4.40699,22.0361,5.905289e+14,2880.0000,3,coarse,2.8883,4.1969,512,137,0.269006,CS(5-4),-5521.9394,-6897.65,False,False,searched,
BD05  1668,BD05 1668,6,A002_Xc7e4e4_X683a,3.7861,241.132811,242.867186,15625000.0000,1750000000.0,1421.28,,4.69307,23.4667,6.288642e+14,2904.0000,3,coarse,2.9484,4.6060,512,137,0.269006,CS(5-4),-3693.8144,-4575.94,False,False,searched,
BD05  1668,BD05 1668,6,A002_Xc7fa6f_X28a8,3.7861,223.132814,224.867189,15625000.0000,1750000000.0,1421.28,,4.50319,22.517,6.034141e+14,2688.0000,3,coarse,11.8682,19.5084,512,172,0.337232,13CO(2-1),4343.1894,5812.75,True,False,searched,
BD05  1668,BD05 1668,6,A002_Xc7fa6f_X28a8,3.7861,225.132814,226.867189,15625000.0000,1750000000.0,1421.28,,4.25676,21.2848,5.703940e+14,2712.0000,3,coarse,10.1359,18.3962,512,389,0.760234,CO(2-1),-3795.8106,-5035.20,True,False,searched,
BD05  1668,BD05 1668,6,A002_Xc7fa6f_X28a8,3.7861,239.132811,240.867186,15625000.0000,1750000000.0,1421.28,,5.43214,27.1621,7.278959e+14,2880.0000,3,coarse,17.5188,19.7255,512,6,0.013645,CS(5-4),-4834.4394,-6038.87,True,False,searched,
BD05  1668,BD05 1668,6,A002_Xc7fa6f_X28a8,3.7861,241.132811,242.867186,15625000.0000,1750000000.0,1421.28,,4.86611,24.3319,6.520504e+14,2904.0000,3,coarse,8.7835,18.5465,512,448,0.875244,CS(5-4),-2740.6894,-3395.20,True,False,searched,
BD05  1668,BD05 1668,6,A002_Xc805c1_X1ab2,3.7861,223.132814,224.867189,15625000.0000,1750000000.0,1421.28,,2.94558,14.7286,3.946990e+14,2688.0000,3,coarse,2.3281,4.2414,512,404,0.789474,13CO(2-1),2780.6894,3721.56,False,False,searched,
BD05  1668,BD05 1668,6,A002_Xc805c1_X1ab2,3.7861,225.132814,226.867189,15625000.0000,1750000000.0,1421.28,,2.82341,14.1177,3.783285e+14,2712.0000,3,coarse,2.4124,4.5533,512,354,0.692008,CO(2-1),-4373.9356,-5802.09,False,False,searched,
BD05  1668,BD05 1668,6,A002_Xc805c1_X1ab2,3.7861,239.132811,240.867186,15625000.0000,1750000000.0,1421.28,,3.06254,15.3135,4.103732e+14,2880.0000,3,coarse,2.1005,4.3968,512,472,0.922027,CS(5-4),-4959.4394,-6195.01,False,False,searched,
BD05  1668,BD05 1668,6,A002_Xc805c1_X1ab2,3.7861,241.132811,242.867186,15625000.0000,1750000000.0,1421.28,,3.25722,16.2869,4.364609e+14,2904.0000,3,coarse,2.7260,4.5515,512,174,0.341131,CS(5-4),-2428.1894,-3008.07,False,False,searched,
BD05  1668,BD05 1668,6,A002_Xc83b78_X256c,3.7861,223.132814,224.867189,15625000.0000,1750000000.0,2963.52,,2.01165,10.0586,2.695523e+14,2688.0000,4,coarse,2.1217,4.3700,512,484,0.945419,13CO(2-1),3655.6894,4892.63,False,False,searched,
BD05  1668,BD05 1668,6,A002_Xc83b78_X256c,3.7861,225.132814,226.867189,15625000.0000,1750000000.0,2963.52,,1.92933,9.647,2.585224e+14,2712.0000,4,coarse,3.0481,4.3802,512,129,0.253411,CO(2-1),-4592.6856,-6092.27,False,False,searched,
BD05  1668,BD05 1668,6,A002_Xc83b78_X256c,3.7861,239.132811,240.867186,15625000.0000,1750000000.0,2963.52,,2.10915,10.5462,2.826186e+14,2880.0000,4,coarse,2.6537,4.1461,512,253,0.495127,CS(5-4),-5584.4394,-6975.72,False,False,searched,
BD05  1668,BD05 1668,6,A002_Xc83b78_X256c,3.7861,241.132811,242.867186,15625000.0000,1750000000.0,2963.52,,2.22865,11.1437,2.986317e+14,2904.0000,4,coarse,2.8944,4.0808,512,173,0.339181,CS(5-4),-3600.0644,-4459.80,False,False,searched,
BD05  1668,BD05 1668,6,A002_Xc8592e_Xd319,3.7861,223.132814,224.867189,15625000.0000,1750000000.0,2963.52,,3.03252,15.1631,4.063437e+14,2688.0000,4,coarse,3.0883,4.6042,512,123,0.241715,13CO(2-1),4436.9394,5938.22,False,False,searched,
BD05  1668,BD05 1668,6,A002_Xc8592e_Xd319,3.7861,225.132814,226.867189,15625000.0000,1750000000.0,2963.52,,2.93852,14.6931,3.937478e+14,2712.0000,4,coarse,2.5233,4.3373,512,335,0.654971,CO(2-1),-4202.0606,-5574.10,False,False,searched,
BD05  1668,BD05 1668,6,A002_Xc8592e_Xd319,3.7861,239.132811,240.867186,15625000.0000,1750000000.0,2963.52,,3.23575,16.1793,4.335767e+14,2880.0000,4,coarse,2.4015,4.6125,512,411,0.803119,CS(5-4),-4256.3144,-5316.71,False,False,searched,
BD05  1668,BD05 1668,6,A002_Xc8592e_Xd319,3.7861,241.132811,242.867186,15625000.0000,1750000000.0,2963.52,,3.42177,17.1095,4.585036e+14,2904.0000,4,coarse,2.4701,4.5113,512,407,0.795322,CS(5-4),-3709.4394,-4595.30,False,False,searched,
BD05  1668,BD05 1668,6,A002_Xc8ed16_Xafd5,3.7861,223.132814,224.867189,15625000.0000,1750000000.0,1421.28,,3.83056,19.1532,5.132707e+14,2688.0000,3,coarse,2.5593,4.6170,512,303,0.592593,13CO(2-1),3796.3144,5080.83,False,False,searched,
BD05  1668,BD05 1668,6,A002_Xc8ed16_Xafd5,3.7861,225.132814,226.867189,15625000.0000,1750000000.0,1421.28,,3.71602,18.5804,4.979225e+14,2712.0000,3,coarse,1.9692,4.4648,512,498,0.972710,CO(2-1),-4389.5606,-5822.82,False,False,searched,
BD05  1668,BD05 1668,6,A002_Xc8ed16_Xafd5,3.7861,239.132811,240.867186,15625000.0000,1750000000.0,1421.28,,4.10779,20.5394,5.504189e+14,2880.0000,3,coarse,3.1096,4.4140,512,72,0.142300,CS(5-4),-5693.8144,-7112.34,False,False,searched,
BD05  1668,BD05 1668,6,A002_Xc8ed16_Xafd5,3.7861,241.132811,242.867186,15625000.0000,1750000000.0,1421.28,,4.33616,21.6813,5.810199e+14,2904.0000,3,coarse,2.6856,4.1837,512,209,0.409357,CS(5-4),-2146.9394,-2659.65,False,False,searched,
BD05  1668,BD05 1668,6,A002_Xc92012_X6a6f,3.7861,223.132814,224.867189,15625000.0000,1750000000.0,2963.52,,2.09873,10.4938,2.812150e+14,2688.0000,4,coarse,2.0965,4.3205,512,484,0.945419,13CO(2-1),3140.0644,4202.53,False,False,searched,
BD05  1668,BD05 1668,6,A002_Xc92012_X6a6f,3.7861,225.132814,226.867189,15625000.0000,1750000000.0,2963.52,,2.01563,10.0783,2.700813e+14,2712.0000,4,coarse,2.2752,4.3205,512,445,0.869396,13CO(2-1),4843.1894,6424.56,False,False,searched,
BD05  1668,BD05 1668,6,A002_Xc92012_X6a6f,3.7861,239.132811,240.867186,15625000.0000,1750000000.0,2963.52,,2.20615,11.031,2.956102e+14,2880.0000,4,coarse,2.4906,4.5704,512,393,0.768031,CS(5-4),-4959.4394,-6195.01,False,False,searched,
BD05  1668,BD05 1668,6,A002_Xc92012_X6a6f,3.7861,241.132811,242.867186,15625000.0000,1750000000.0,2963.52,,2.33518,11.6761,3.128989e+14,2904.0000,4,coarse,2.6453,4.5280,512,279,0.545809,CS(5-4),-2271.9394,-2814.51,False,False,searched,
BD05  1668,BD05 1668,6,A002_Xc92fe3_X4af1,3.7861,223.132814,224.867189,15625000.0000,1750000000.0,2963.52,,4.89733,24.487,6.562082e+14,2688.0000,4,coarse,2.3355,4.7248,512,439,0.857700,13CO(2-1),3796.3144,5080.83,False,False,searched,
BD05  1668,BD05 1668,6,A002_Xc92fe3_X4af1,3.7861,225.132814,226.867189,15625000.0000,1750000000.0,2963.52,,4.88402,24.4205,6.544262e+14,2712.0000,4,coarse,2.9832,4.6261,512,141,0.276803,CO(2-1),-4217.6856,-5594.82,False,False,searched,
BD05  1668,BD05 1668,6,A002_Xc92fe3_X4af1,3.7861,239.132811,240.867186,15625000.0000,1750000000.0,2963.52,,5.40408,27.0209,7.241119e+14,2880.0000,4,coarse,3.0225,4.7639,512,132,0.259259,CS(5-4),-4803.1894,-5999.83,False,False,searched,
BD05  1668,BD05 1668,6,A002_Xc92fe3_X4af1,3.7861,241.132811,242.867186,15625000.0000,1750000000.0,2963.52,,5.68785,28.4398,7.621352e+14,2904.0000,4,coarse,2.8037,5.1681,512,193,0.378168,CS(5-4),-3428.1894,-4246.88,False,False,searched,
BD05  1668,BD05 1668,6,A002_Xc92fe3_Xaa2f,3.7861,223.132814,224.867189,15625000.0000,1750000000.0,2963.52,,2.23908,11.1956,3.000215e+14,2688.0000,4,coarse,2.3923,4.6815,512,409,0.799220,13CO(2-1),4280.6894,5729.10,False,False,searched,
BD05  1668,BD05 1668,6,A002_Xc92fe3_Xaa2f,3.7861,225.132814,226.867189,15625000.0000,1750000000.0,2963.52,,2.17188,10.8596,2.910178e+14,2712.0000,4,coarse,2.1686,4.4930,512,481,0.939571,CO(2-1),-3936.4356,-5221.74,False,False,searched,
BD05  1668,BD05 1668,6,A002_Xc92fe3_Xaa2f,3.7861,239.132811,240.867186,15625000.0000,1750000000.0,2963.52,,2.36299,11.8152,3.166256e+14,2880.0000,4,coarse,2.3067,5.0180,512,442,0.863548,CS(5-4),-4084.4394,-5102.02,False,False,searched,
BD05  1668,BD05 1668,6,A002_Xc92fe3_Xaa2f,3.7861,241.132811,242.867186,15625000.0000,1750000000.0,2963.52,,2.51785,12.5895,3.373756e+14,2904.0000,4,coarse,2.8605,4.1256,512,169,0.331384,CS(5-4),-3584.4394,-4440.45,False,False,searched,
BD05  1668,BD05 1668,6,A002_Xc94c38_X1923,3.7861,223.132814,224.867189,15625000.0000,1750000000.0,2963.52,,1.87333,9.36678,2.510129e+14,2688.0000,4,coarse,2.3966,4.4355,512,388,0.758285,13CO(2-1),3030.6894,4056.15,False,False,searched,
BD05  1668,BD05 1668,6,A002_Xc94c38_X1923,3.7861,225.132814,226.867189,15625000.0000,1750000000.0,2963.52,,1.7825,8.91265,2.388431e+14,2712.0000,4,coarse,2.8252,4.2551,512,192,0.376218,CO(2-1),-4030.1856,-5346.10,False,False,searched,
BD05  1668,BD05 1668,6,A002_Xc94c38_X1923,3.7861,239.132811,240.867186,15625000.0000,1750000000.0,2963.52,,1.9666,9.83315,2.635108e+14,2880.0000,4,coarse,2.6028,4.6252,512,355,0.693957,CS(5-4),-4881.3144,-6097.42,False,False,searched,
BD05  1668,BD05 1668,6,A002_Xc94c38_X1923,3.7861,241.132811,242.867186,15625000.0000,1750000000.0,2963.52,,2.07167,10.3585,2.775904e+14,2904.0000,4,coarse,2.2569,4.6153,512,469,0.916179,CS(5-4),-2350.0644,-2911.29,False,False,searched,
BD05  1668,BD05 1668,6,A002_Xc94c38_Xb5c5,3.7861,223.132814,224.867189,15625000.0000,1750000000.0,2963.52,,2.15329,10.7666,2.885260e+14,2688.0000,4,coarse,3.6152,4.4019,512,25,0.050682,13CO(2-1),3186.9394,4265.27,False,False,searched,
BD05  1668,BD05 1668,6,A002_Xc94c38_Xb5c5,3.7861,225.132814,226.867189,15625000.0000,1750000000.0,2963.52,,2.0772,10.3862,2.783308e+14,2712.0000,4,coarse,2.4890,4.3223,512,359,0.701754,CO(2-1),-4733.3106,-6278.81,False,False,searched,
BD05  1668,BD05 1668,6,A002_Xc94c38_Xb5c5,3.7861,239.132811,240.867186,15625000.0000,1750000000.0,2963.52,,2.27039,11.3521,3.042168e+14,2880.0000,4,coarse,2.4992,4.1653,512,400,0.781676,CS(5-4),-5240.6894,-6546.33,False,False,searched,
BD05  1668,BD05 1668,6,A002_Xc94c38_Xb5c5,3.7861,241.132811,242.867186,15625000.0000,1750000000.0,2963.52,,2.40313,12.0159,3.220040e+14,2904.0000,4,coarse,2.1376,4.3822,512,470,0.918129,CS(5-4),-2600.0644,-3220.99,False,False,searched,
BD05  1668,BD05 1668,6,A002_Xc94c38_Xc003,3.7861,223.132814,224.867189,15625000.0000,1750000000.0,2963.52,,2.27921,11.3962,3.053985e+14,2688.0000,4,coarse,3.4534,4.2607,512,42,0.083821,13CO(2-1),2843.1894,3805.21,False,False,searched,
BD05  1668,BD05 1668,6,A002_Xc94c38_Xc003,3.7861,225.132814,226.867189,15625000.0000,1750000000.0,2963.52,,2.1965,10.9827,2.943161e+14,2712.0000,4,coarse,3.4298,4.1124,512,24,0.048733,CO(2-1),-4717.6856,-6258.08,False,False,searched,
BD05  1668,BD05 1668,6,A002_Xc94c38_Xc003,3.7861,239.132811,240.867186,15625000.0000,1750000000.0,2963.52,,2.40335,12.017,3.220332e+14,2880.0000,4,coarse,2.5624,4.7267,512,353,0.690058,CS(5-4),-5006.3144,-6253.56,False,False,searched,
BD05  1668,BD05 1668,6,A002_Xc94c38_Xc003,3.7861,241.132811,242.867186,15625000.0000,1750000000.0,2963.52,,2.53772,12.6888,3.400379e+14,2904.0000,4,coarse,2.0472,4.3875,512,495,0.966862,CS(5-4),-2459.4394,-3046.78,False,False,searched,
BD05  1668,BD05 1668,6,A002_Xc96463_X30ea,3.7861,223.132814,224.867189,15625000.0000,1750000000.0,2963.52,,1.82574,9.12884,2.446366e+14,2688.0000,4,coarse,3.8533,4.2336,512,11,0.023392,13CO(2-1),3640.0644,4871.71,False,False,searched,
BD05  1668,BD05 1668,6,A002_Xc96463_X30ea,3.7861,225.132814,226.867189,15625000.0000,1750000000.0,2963.52,,1.71922,8.59625,2.303641e+14,2712.0000,4,coarse,2.8793,4.7598,512,197,0.385965,CO(2-1),-3811.4356,-5055.93,False,False,searched,
BD05  1668,BD05 1668,6,A002_Xc96463_X30ea,3.7861,239.132811,240.867186,15625000.0000,1750000000.0,2963.52,,1.89643,9.48229,2.541085e+14,2880.0000,4,coarse,2.3626,4.0421,512,416,0.812865,CS(5-4),-4740.6894,-5921.76,False,False,searched,
BD05  1668,BD05 1668,6,A002_Xc96463_X30ea,3.7861,241.132811,242.867186,15625000.0000,1750000000.0,2963.52,,2.00397,10.0201,2.685194e+14,2904.0000,4,coarse,2.5332,4.4911,512,330,0.645224,CS(5-4),-2615.6894,-3240.35,False,False,searched,
BD05  1668,BD05 1668,6,A002_Xc96f17_X2a84,3.7861,223.132814,224.867189,15625000.0000,1750000000.0,2963.52,,1.65053,8.25275,2.211590e+14,2688.0000,4,coarse,3.0184,4.5241,512,114,0.224172,13CO(2-1),3733.8144,4997.18,False,False,searched,
BD05  1668,BD05 1668,6,A002_Xc96f17_X2a84,3.7861,225.132814,226.867189,15625000.0000,1750000000.0,2963.52,,1.56053,7.80279,2.091008e+14,2712.0000,4,coarse,2.9494,4.3982,512,175,0.343080,13CO(2-1),4858.8144,6445.29,False,False,searched,
BD05  1668,BD05 1668,6,A002_Xc96f17_X2a84,3.7861,239.132811,240.867186,15625000.0000,1750000000.0,2963.52,,1.72381,8.61921,2.309795e+14,2880.0000,4,coarse,2.7309,3.9780,512,253,0.495127,CS(5-4),-5725.0644,-7151.38,False,False,searched,
BD05  1668,BD05 1668,6,A002_Xc96f17_X2a84,3.7861,241.132811,242.867186,15625000.0000,1750000000.0,2963.52,,1.81578,9.07904,2.433021e+14,2904.0000,4,coarse,2.4722,4.3322,512,368,0.719298,CS(5-4),-2225.0644,-2756.44,False,False,searched,
BD05  1668,BD05 1668,6,A002_Xc9831a_X13c7,3.7861,223.132814,224.867189,15625000.0000,1750000000.0,2963.52,,1.43065,7.15336,1.916973e+14,2688.0000,4,coarse,2.8174,4.3158,512,201,0.393762,13CO(2-1),3233.8144,4328.01,False,False,searched,
BD05  1668,BD05 1668,6,A002_Xc9831a_X13c7,3.7861,225.132814,226.867189,15625000.0000,1750000000.0,2963.52,,1.34217,6.71095,1.798415e+14,2712.0000,4,coarse,2.7990,5.1695,512,197,0.385965,CO(2-1),-4717.6856,-6258.08,False,False,searched,
BD05  1668,BD05 1668,6,A002_Xc9831a_X13c7,3.7861,239.132811,240.867186,15625000.0000,1750000000.0,2963.52,,1.4731,7.36561,1.973850e+14,2880.0000,4,coarse,2.5707,4.8463,512,301,0.588694,CS(5-4),-4084.4394,-5102.02,False,False,searched,
BD05  1668,BD05 1668,6,A002_Xc9831a_X13c7,3.7861,241.132811,242.867186,15625000.0000,1750000000.0,2963.52,,1.56448,7.82255,2.096304e+14,2904.0000,4,coarse,2.5063,4.6739,512,356,0.695906,CS(5-4),-2725.0644,-3375.84,False,False,searched,
BD05  1668,BD05 1668,6,A002_Xc9831a_Xa0b7,3.7861,223.132814,224.867189,15625000.0000,1750000000.0,2963.52,,1.50648,7.5325,2.018575e+14,2688.0000,4,coarse,2.4215,4.2572,512,404,0.789474,13CO(2-1),3296.3144,4411.65,False,False,searched,
BD05  1668,BD05 1668,6,A002_Xc9831a_Xa0b7,3.7861,225.132814,226.867189,15625000.0000,1750000000.0,2963.52,,1.42633,7.13174,1.911179e+14,2712.0000,4,coarse,3.2715,4.5542,512,62,0.122807,CO(2-1),-4686.4356,-6216.63,False,False,searched,
BD05  1668,BD05 1668,6,A002_Xc9831a_Xa0b7,3.7861,239.132811,240.867186,15625000.0000,1750000000.0,2963.52,,1.55661,7.7832,2.085757e+14,2880.0000,4,coarse,2.6185,4.8497,512,325,0.635478,CS(5-4),-4115.6894,-5141.05,False,False,searched,
BD05  1668,BD05 1668,6,A002_Xc9831a_Xa0b7,3.7861,241.132811,242.867186,15625000.0000,1750000000.0,2963.52,,1.64803,8.24027,2.208244e+14,2904.0000,4,coarse,3.1557,4.0208,512,89,0.175439,CS(5-4),-3209.4394,-3975.89,False,False,searched,
BD05  1668,BD05 1668,6,A002_Xc99ad7_X1619,3.7861,223.132814,224.867189,15625000.0000,1750000000.0,2963.52,,3.33192,16.6598,4.464534e+14,2688.0000,4,coarse,2.2149,4.2506,512,450,0.879142,13CO(2-1),3655.6894,4892.63,False,False,searched,
BD05  1668,BD05 1668,6,A002_Xc99ad7_X1619,3.7861,225.132814,226.867189,15625000.0000,1750000000.0,2963.52,,3.66654,18.333,4.912909e+14,2712.0000,4,coarse,3.3673,4.3669,512,62,0.122807,13CO(2-1),4983.8144,6611.11,False,False,searched,
BD05  1668,BD05 1668,6,A002_Xc99ad7_X1619,3.7861,239.132811,240.867186,15625000.0000,1750000000.0,2963.52,,3.60993,18.05,4.837068e+14,2880.0000,4,coarse,2.8520,4.1994,512,174,0.341131,CS(5-4),-5271.9394,-6585.37,False,False,searched,
BD05  1668,BD05 1668,6,A002_Xc99ad7_X1619,3.7861,241.148436,242.851561,15625000.0000,1718750000.0,2963.52,,3.87305,19.3656,5.189636e+14,2904.0000,4,coarse,2.4666,4.9663,512,387,0.756335,CS(5-4),-3412.5644,-4227.53,False,False,searched,
BD05  1668,BD05 1668,6,A002_Xca464b_Xebf,3.7861,223.132814,224.867189,15625000.0000,1750000000.0,2963.52,,2.67496,13.3754,3.584371e+14,2688.0000,4,coarse,2.5920,4.4611,512,307,0.600390,13CO(2-1),3327.5644,4453.48,False,False,searched,
BD05  1668,BD05 1668,6,A002_Xca464b_Xebf,3.7861,225.132814,226.867189,15625000.0000,1750000000.0,2963.52,,2.57027,12.852,3.444097e+14,2712.0000,4,coarse,2.6010,4.4598,512,294,0.575049,CO(2-1),-4045.8106,-5366.83,False,False,searched,
BD05  1668,BD05 1668,6,A002_Xca464b_Xebf,3.7861,239.132811,240.867186,15625000.0000,1750000000.0,2963.52,,2.80806,14.0411,3.762758e+14,2880.0000,4,coarse,2.8838,4.6068,512,178,0.348928,CS(5-4),-5662.5644,-7073.31,False,False,searched,
BD05  1668,BD05 1668,6,A002_Xca464b_Xebf,3.7861,241.132811,242.867186,15625000.0000,1750000000.0,2963.52,,3.44715,17.2367,4.619122e+14,2904.0000,4,coarse,2.3898,4.4249,512,412,0.805068,CS(5-4),-3021.9394,-3743.61,False,False,searched,
BD05  1668,BD05 1668,6,A002_Xcb8a93_X395,3.7861,223.132814,224.867189,15625000.0000,1750000000.0,2963.52,,2.07781,10.3897,2.784242e+14,2688.0000,4,coarse,3.7308,4.5151,512,18,0.037037,13CO(2-1),4015.0644,5373.60,False,False,searched,
BD05  1668,BD05 1668,6,A002_Xcb8a93_X395,3.7861,225.132814,226.867189,15625000.0000,1750000000.0,2963.52,,1.98251,9.91313,2.656541e+14,2712.0000,4,coarse,2.5906,4.0649,512,291,0.569201,CO(2-1),-3764.5606,-4993.75,False,False,searched,
BD05  1668,BD05 1668,6,A002_Xcb8a93_X395,3.7861,239.132811,240.867186,15625000.0000,1750000000.0,2963.52,,2.1963,10.9823,2.943046e+14,2880.0000,4,coarse,2.7794,4.5438,512,257,0.502924,CS(5-4),-4771.9394,-5960.80,False,False,searched,
BD05  1668,BD05 1668,6,A002_Xcb8a93_X395,3.7861,241.132811,242.867186,15625000.0000,1750000000.0,2963.52,,2.31616,11.5816,3.103659e+14,2904.0000,4,coarse,2.1978,4.0751,512,457,0.892788,CS(5-4),-3693.8144,-4575.94,False,False,searched,
BD05  1668,BD05 1668,6,A002_Xcb8a93_X7bee,3.7861,223.132814,224.867189,15625000.0000,1750000000.0,2963.52,,1.79232,8.96212,2.401688e+14,2688.0000,4,coarse,2.4789,4.5349,512,387,0.756335,13CO(2-1),3186.9394,4265.27,False,False,searched,
BD05  1668,BD05 1668,6,A002_Xcb8a93_X7bee,3.7861,225.132814,226.867189,15625000.0000,1750000000.0,2963.52,,1.70064,8.50373,2.278848e+14,2712.0000,4,coarse,1.7754,4.5589,512,510,0.996101,CO(2-1),-4405.1856,-5843.55,False,False,searched,
BD05  1668,BD05 1668,6,A002_Xcb8a93_X7bee,3.7861,239.132811,240.867186,15625000.0000,1750000000.0,2963.52,,1.87206,9.36097,2.508572e+14,2880.0000,4,coarse,2.4566,4.4420,512,406,0.793372,CS(5-4),-4568.8144,-5707.07,False,False,searched,
BD05  1668,BD05 1668,6,A002_Xcb8a93_X7bee,3.7861,241.132811,242.867186,15625000.0000,1750000000.0,2963.52,,1.99394,9.97039,2.671885e+14,2904.0000,4,coarse,2.7176,4.2402,512,275,0.538012,CS(5-4),-2318.8144,-2872.57,False,False,searched,
BD05  1668,BD05 1668,6,A002_Xcbc47c_X2d9,3.7861,223.132814,224.867189,15625000.0000,1750000000.0,2963.52,,1.55293,7.7651,2.080907e+14,2688.0000,4,coarse,3.1283,4.3287,512,125,0.245614,13CO(2-1),3905.6894,5227.22,False,False,searched,
BD05  1668,BD05 1668,6,A002_Xcbc47c_X2d9,3.7861,225.132814,226.867189,15625000.0000,1750000000.0,2963.52,,1.47355,7.36821,1.974547e+14,2712.0000,4,coarse,3.2392,4.8690,512,81,0.159844,CO(2-1),-5061.4356,-6714.07,False,False,searched,
BD05  1668,BD05 1668,6,A002_Xcbc47c_X2d9,3.7861,239.132811,240.867186,15625000.0000,1750000000.0,2963.52,,1.62688,8.13498,2.180029e+14,2880.0000,4,coarse,2.6232,4.3162,512,275,0.538012,CS(5-4),-5771.9394,-7209.93,False,False,searched,
BD05  1668,BD05 1668,6,A002_Xcbc47c_X2d9,3.7861,241.132811,242.867186,15625000.0000,1750000000.0,2963.52,,1.72905,8.64588,2.316941e+14,2904.0000,4,coarse,4.2600,5.0078,512,5,0.011696,CS(5-4),-3615.6894,-4479.16,False,False,searched,
HD  33793,HD 33793,6,A002_Xc8b2b0_X9c35,3.9339,223.085939,224.914064,15625000.0000,1843750000.0,846.72,,3.92975,19.6545,5.686529e+14,2688.0000,2,coarse,2.0668,4.2972,512,441,0.861598,13CO(2-1),3015.0644,4035.24,False,False,searched,
HD  33793,HD 33793,6,A002_Xc92fe3_X255d,3.9339,223.085939,224.914064,15625000.0000,1843750000.0,2963.52,,2.00374,10.0213,2.899404e+14,2688.0000,4,coarse,3.2796,4.2506,512,66,0.130604,13CO(2-1),4405.6894,5896.39,False,False,searched,
HD  33793,HD 33793,6,A002_Xc92fe3_X255d,3.9339,225.085939,226.914064,15625000.0000,1843750000.0,2963.52,,1.93821,9.69364,2.804605e+14,2712.0000,4,coarse,2.1445,4.9090,512,495,0.966862,CO(2-1),-4545.8106,-6030.09,False,False,searched,
HD  33793,HD 33793,6,A002_Xc92fe3_X255d,3.9339,239.085936,240.914061,15625000.0000,1843750000.0,2963.52,,2.12889,10.6477,3.080626e+14,2880.0000,4,coarse,3.6501,4.6045,512,19,0.038986,CS(5-4),-5740.6894,-7170.90,False,False,searched,
HD  33793,HD 33793,6,A002_Xc92fe3_X255d,3.9339,241.085936,242.914061,15625000.0000,1843750000.0,2963.52,,2.25219,11.2644,3.259062e+14,2904.0000,4,coarse,2.8936,4.1037,512,173,0.339181,CS(5-4),-3381.3144,-4188.81,False,False,searched,
HD  33793,HD 33793,6,A002_Xc92fe3_X9313,3.9339,223.085939,224.914064,15625000.0000,1843750000.0,2963.52,,1.9768,9.88653,2.860412e+14,2688.0000,4,coarse,3.2946,4.4263,512,70,0.138402,13CO(2-1),3905.6894,5227.22,False,False,searched,
HD  33793,HD 33793,6,A002_Xc92fe3_X9313,3.9339,225.085939,226.914064,15625000.0000,1843750000.0,2963.52,,1.90981,9.55154,2.763491e+14,2712.0000,4,coarse,3.3579,4.3406,512,63,0.124756,CO(2-1),-4467.6856,-5926.45,False,False,searched,
HD  33793,HD 33793,6,A002_Xc92fe3_X9313,3.9339,239.085936,240.914061,15625000.0000,1843750000.0,2963.52,,2.10276,10.5169,3.042796e+14,2880.0000,4,coarse,3.2090,4.1143,512,76,0.150097,CS(5-4),-5506.3144,-6878.13,False,False,searched,
HD  33793,HD 33793,6,A002_Xc92fe3_X9313,3.9339,241.085936,242.914061,15625000.0000,1843750000.0,2963.52,,2.22133,11.11,3.214393e+14,2904.0000,4,coarse,2.2142,4.8999,512,466,0.910331,CS(5-4),-2225.0644,-2756.44,False,False,searched,
HD  33793,HD 33793,6,A002_Xc92fe3_Xa1eb,3.9339,223.085939,224.914064,15625000.0000,1843750000.0,2963.52,,1.96005,9.80279,2.836185e+14,2688.0000,4,coarse,4.1427,4.4350,512,4,0.009747,13CO(2-1),3358.8144,4495.30,False,False,searched,
HD  33793,HD 33793,6,A002_Xc92fe3_Xa1eb,3.9339,225.085939,226.914064,15625000.0000,1843750000.0,2963.52,,1.89456,9.4753,2.741433e+14,2712.0000,4,coarse,2.6050,4.2855,512,295,0.576998,CO(2-1),-4483.3106,-5947.18,False,False,searched,
HD  33793,HD 33793,6,A002_Xc92fe3_Xa1eb,3.9339,239.085936,240.914061,15625000.0000,1843750000.0,2963.52,,2.09062,10.4562,3.025234e+14,2880.0000,4,coarse,3.7775,4.2991,512,9,0.019493,CS(5-4),-5475.0644,-6839.10,False,False,searched,
HD  33793,HD 33793,6,A002_Xc92fe3_Xa1eb,3.9339,241.085936,242.914061,15625000.0000,1843750000.0,2963.52,,2.19922,10.9994,3.182401e+14,2904.0000,4,coarse,3.2612,4.3168,512,79,0.155945,CS(5-4),-3365.6894,-4169.46,False,False,searched,
HD  33793,HD 33793,6,A002_Xc94c38_Xa4bc,3.9339,223.085939,224.914064,15625000.0000,1843750000.0,2963.52,,1.6202,8.10302,2.344399e+14,2688.0000,4,coarse,2.2836,4.2615,512,445,0.869396,13CO(2-1),3921.3144,5248.13,False,False,searched,
HD  33793,HD 33793,6,A002_Xc94c38_Xa4bc,3.9339,225.085939,226.914064,15625000.0000,1843750000.0,2963.52,,1.55114,7.7577,2.244491e+14,2712.0000,4,coarse,3.1053,4.4974,512,123,0.241715,CO(2-1),-3842.6856,-5097.38,False,False,searched,
HD  33793,HD 33793,6,A002_Xc94c38_Xa4bc,3.9339,239.085936,240.914061,15625000.0000,1843750000.0,2963.52,,1.69014,8.45317,2.445705e+14,2880.0000,4,coarse,2.2368,4.6810,512,462,0.902534,CS(5-4),-5506.3144,-6878.13,False,False,searched,
HD  33793,HD 33793,6,A002_Xc94c38_Xa4bc,3.9339,241.085936,242.914061,15625000.0000,1843750000.0,2963.52,,1.7913,8.95912,2.592090e+14,2904.0000,4,coarse,2.3623,4.8449,512,417,0.814815,CS(5-4),-3553.1894,-4401.73,False,False,searched,
HD  33793,HD 33793,6,A002_Xc94c38_Xad7a,3.9339,223.085939,224.914064,15625000.0000,1843750000.0,2963.52,,1.82793,9.14197,2.644992e+14,2688.0000,4,coarse,2.4043,4.0716,512,411,0.803119,13CO(2-1),4343.1894,5812.75,False,False,searched,
HD  33793,HD 33793,6,A002_Xc94c38_Xad7a,3.9339,225.085939,226.914064,15625000.0000,1843750000.0,2963.52,,1.75457,8.77511,2.538851e+14,2712.0000,4,coarse,3.7677,5.0164,512,15,0.031189,CO(2-1),-3702.0606,-4910.84,False,False,searched,
HD  33793,HD 33793,6,A002_Xc94c38_Xad7a,3.9339,239.085936,240.914061,15625000.0000,1843750000.0,2963.52,,1.92059,9.60571,2.779164e+14,2880.0000,4,coarse,2.5637,4.1634,512,349,0.682261,CS(5-4),-4834.4394,-6038.87,False,False,searched,
HD  33793,HD 33793,6,A002_Xc94c38_Xad7a,3.9339,241.085936,242.914061,15625000.0000,1843750000.0,2963.52,,2.0378,10.192,2.948784e+14,2904.0000,4,coarse,3.7067,4.1152,512,9,0.019493,CS(5-4),-2553.1894,-3162.92,False,False,searched,
HD  33793,HD 33793,6,A002_Xc96463_X164e,3.9339,223.085939,224.914064,15625000.0000,1843750000.0,2963.52,,2.17704,10.8879,3.150128e+14,2688.0000,4,coarse,2.4064,5.1547,512,381,0.744639,13CO(2-1),3546.3144,4746.24,False,False,searched,
HD  33793,HD 33793,6,A002_Xc96463_X164e,3.9339,225.085939,226.914064,15625000.0000,1843750000.0,2963.52,,2.11622,10.5838,3.062147e+14,2712.0000,4,coarse,2.9319,4.4396,512,147,0.288499,CO(2-1),-4936.4356,-6548.26,False,False,searched,
HD  33793,HD 33793,6,A002_Xc96463_X164e,3.9339,239.085936,240.914061,15625000.0000,1843750000.0,2963.52,,2.32958,11.6512,3.370981e+14,2880.0000,4,coarse,1.8642,4.6902,512,508,0.992203,CS(5-4),-5365.6894,-6702.47,False,False,searched,
HD  33793,HD 33793,6,A002_Xc96463_X164e,3.9339,241.085936,242.914061,15625000.0000,1843750000.0,2963.52,,2.44947,12.2509,3.544478e+14,2904.0000,4,coarse,3.0511,4.5782,512,118,0.231969,CS(5-4),-2240.6894,-2775.79,False,False,searched,
HD  33793,HD 33793,6,A002_Xc96463_X1d7a,3.9339,223.085939,224.914064,15625000.0000,1843750000.0,2963.52,,1.7447,8.72566,2.524543e+14,2688.0000,4,coarse,2.1320,4.5802,512,480,0.937622,13CO(2-1),4155.6894,5561.81,False,False,searched,
HD  33793,HD 33793,6,A002_Xc96463_X1d7a,3.9339,225.085939,226.914064,15625000.0000,1843750000.0,2963.52,,1.66227,8.31343,2.405277e+14,2712.0000,4,coarse,2.2777,4.3074,512,440,0.859649,13CO(2-1),4827.5644,6403.84,False,False,searched,
HD  33793,HD 33793,6,A002_Xc96463_X1d7a,3.9339,239.085936,240.914061,15625000.0000,1843750000.0,2963.52,,1.82852,9.14519,2.645926e+14,2880.0000,4,coarse,3.2416,4.2375,512,73,0.144250,CS(5-4),-5787.5644,-7229.45,False,False,searched,
HD  33793,HD 33793,6,A002_Xc96463_X1d7a,3.9339,241.085936,242.914061,15625000.0000,1843750000.0,2963.52,,1.93021,9.65387,2.793099e+14,2904.0000,4,coarse,2.4862,4.5370,512,377,0.736842,CS(5-4),-2662.5644,-3298.42,False,False,searched,
HD  33793,HD 33793,6,A002_Xc96463_X281c,3.9339,223.085939,224.914064,15625000.0000,1843750000.0,2963.52,,1.78528,8.92861,2.583262e+14,2688.0000,4,coarse,2.4929,4.3995,512,368,0.719298,13CO(2-1),4061.9394,5436.33,False,False,searched,
HD  33793,HD 33793,6,A002_Xc96463_X281c,3.9339,225.085939,226.914064,15625000.0000,1843750000.0,2963.52,,1.70839,8.54412,2.472020e+14,2712.0000,4,coarse,1.5308,4.6760,512,512,1.000000,CO(2-1),-3905.1856,-5180.29,False,False,searched,
HD  33793,HD 33793,6,A002_Xc96463_X281c,3.9339,239.085936,240.914061,15625000.0000,1843750000.0,2963.52,,1.8831,9.4182,2.724913e+14,2880.0000,4,coarse,3.0592,4.6779,512,110,0.216374,CS(5-4),-5490.6894,-6858.61,False,False,searched,
HD  33793,HD 33793,6,A002_Xc96463_X281c,3.9339,241.085936,242.914061,15625000.0000,1843750000.0,2963.52,,1.98705,9.93815,2.875348e+14,2904.0000,4,coarse,2.5659,4.6835,512,341,0.666667,CS(5-4),-3209.4394,-3975.89,False,False,searched,
HD  33793,HD 33793,6,A002_Xc9831a_Xe79,3.9339,223.085939,224.914064,15625000.0000,1843750000.0,2963.52,,1.77525,8.8784,2.568735e+14,2688.0000,4,coarse,2.5400,4.2018,512,364,0.711501,13CO(2-1),3968.1894,5310.86,False,False,searched,
HD  33793,HD 33793,6,A002_Xc9831a_Xe79,3.9339,225.085939,226.914064,15625000.0000,1843750000.0,2963.52,,1.68911,8.4476,2.444093e+14,2712.0000,4,coarse,2.4707,4.9179,512,367,0.717349,13CO(2-1),4733.8144,6279.48,False,False,searched,
HD  33793,HD 33793,6,A002_Xc9831a_Xe79,3.9339,239.085936,240.914061,15625000.0000,1843750000.0,2963.52,,1.86003,9.30271,2.691499e+14,2880.0000,4,coarse,3.1374,4.4861,512,106,0.208577,CS(5-4),-4975.0644,-6214.53,False,False,searched,
HD  33793,HD 33793,6,A002_Xc9831a_Xe79,3.9339,241.085936,242.914061,15625000.0000,1843750000.0,2963.52,,1.95923,9.79889,2.835055e+14,2904.0000,4,coarse,3.2921,4.3825,512,60,0.118908,CS(5-4),-2068.8144,-2562.87,False,False,searched,
HD  33793,HD 33793,6,A002_Xc99ad7_X2cc,3.9339,223.085939,224.914064,15625000.0000,1843750000.0,756.00,,5.91606,29.5872,8.560296e+14,2688.0000,2,coarse,2.8815,4.1580,512,104,0.204678,13CO(2-1),4374.4394,5854.57,False,False,searched,
HD  33793,HD 33793,6,A002_Xc99ad7_X2cc,3.9339,225.085939,226.914064,15625000.0000,1843750000.0,756.00,,5.79029,28.9583,8.378345e+14,2712.0000,2,coarse,2.7507,4.6900,512,177,0.346979,CO(2-1),-5030.1856,-6672.62,False,False,searched,
HD  33793,HD 33793,6,A002_Xc99ad7_X2cc,3.9339,239.085936,240.914061,15625000.0000,1843750000.0,756.00,,6.37238,31.8704,9.220881e+14,2880.0000,2,coarse,2.4612,4.1336,512,289,0.565302,CS(5-4),-5162.5644,-6448.74,False,False,searched,
HD  33793,HD 33793,6,A002_Xc99ad7_X2cc,3.9339,241.085936,242.914061,15625000.0000,1843750000.0,756.00,,6.73311,33.6747,9.742913e+14,2904.0000,2,coarse,2.8289,4.0992,512,117,0.230019,CS(5-4),-2678.1894,-3317.77,False,False,searched,
HD  33793,HD 33793,6,A002_Xc99ad7_Xe20,3.9339,223.085939,224.914064,15625000.0000,1843750000.0,2963.52,,2.95299,14.7684,4.272846e+14,2688.0000,4,coarse,2.6553,4.2591,512,299,0.584795,13CO(2-1),4233.8144,5666.36,False,False,searched,
HD  33793,HD 33793,6,A002_Xc99ad7_Xe20,3.9339,225.085939,226.914064,15625000.0000,1843750000.0,2963.52,,2.90128,14.5098,4.198039e+14,2712.0000,4,coarse,3.6432,4.1669,512,15,0.031189,CO(2-1),-3889.5606,-5159.56,False,False,searched,
HD  33793,HD 33793,6,A002_Xc99ad7_Xe20,3.9339,239.085936,240.914061,15625000.0000,1843750000.0,2963.52,,3.18633,15.9359,4.610643e+14,2880.0000,4,coarse,2.9714,4.4002,512,159,0.311891,CS(5-4),-4303.1894,-5375.27,False,False,searched,
HD  33793,HD 33793,6,A002_Xc99ad7_Xe20,3.9339,241.085936,242.914061,15625000.0000,1843750000.0,2963.52,,3.35832,16.7961,4.859530e+14,2904.0000,4,coarse,2.2850,4.5983,512,443,0.865497,CS(5-4),-2365.6894,-2930.64,False,False,searched,
HD  33793,HD 33793,6,A002_Xcc3ae3_X12e7,3.9339,223.085939,224.914064,15625000.0000,1843750000.0,2963.52,,1.6985,8.4927,2.457142e+14,2688.0000,4,coarse,2.5764,4.1169,512,331,0.647173,13CO(2-1),3265.0644,4369.83,False,False,searched,
HD  33793,HD 33793,6,A002_Xcc3ae3_X12e7,3.9339,225.085939,226.914064,15625000.0000,1843750000.0,2963.52,,1.62465,8.12343,2.350304e+14,2712.0000,4,coarse,2.8927,4.2637,512,170,0.333333,CO(2-1),-4280.1856,-5677.73,False,False,searched,
HD  33793,HD 33793,6,A002_Xcc3ae3_X12e7,3.9339,239.085936,240.914061,15625000.0000,1843750000.0,2963.52,,1.79663,8.98335,2.599100e+14,2880.0000,4,coarse,2.5196,4.7035,512,340,0.664717,CS(5-4),-5850.0644,-7307.52,False,False,searched,
HD  33793,HD 33793,6,A002_Xcc3ae3_X12e7,3.9339,241.085936,242.914061,15625000.0000,1843750000.0,2963.52,,1.89717,9.48606,2.744546e+14,2904.0000,4,coarse,2.3827,4.5614,512,435,0.849903,CS(5-4),-2959.4394,-3666.19,False,False,searched,
HD  33793,HD 33793,6,A002_Xcc3ae3_Xcea0,3.9339,223.085939,224.914064,15625000.0000,1843750000.0,2963.52,,1.92251,9.61273,2.781195e+14,2688.0000,4,coarse,3.1581,4.3388,512,106,0.208577,13CO(2-1),3608.8144,4829.89,False,False,searched,
HD  33793,HD 33793,6,A002_Xcc3ae3_Xcea0,3.9339,225.085939,226.914064,15625000.0000,1843750000.0,2963.52,,1.83856,9.19299,2.659755e+14,2712.0000,4,coarse,2.5928,4.3271,512,320,0.625731,CO(2-1),-4842.6856,-6423.90,False,False,searched,
HD  33793,HD 33793,6,A002_Xcc3ae3_Xcea0,3.9339,239.085936,240.914061,15625000.0000,1843750000.0,2963.52,,2.04324,10.2164,2.955861e+14,2880.0000,4,coarse,2.1185,4.6274,512,491,0.959064,CS(5-4),-5006.3144,-6253.56,False,False,searched,
HD  33793,HD 33793,6,A002_Xcc3ae3_Xcea0,3.9339,241.085936,242.914061,15625000.0000,1843750000.0,2963.52,,2.16079,10.8042,3.125911e+14,2904.0000,4,coarse,2.6741,4.3311,512,273,0.534113,CS(5-4),-2459.4394,-3046.78,False,False,searched,
HD  33793,HD 33793,6,A002_Xd12f5c_X5deb,3.9339,223.085939,224.914064,15625000.0000,1843750000.0,2963.52,,1.34692,6.73675,1.949106e+14,2688.0000,4,coarse,2.5311,4.4167,512,351,0.686160,13CO(2-1),4030.6894,5394.51,False,False,searched,
HD  33793,HD 33793,6,A002_Xd12f5c_X5deb,3.9339,225.085939,226.914064,15625000.0000,1843750000.0,2963.52,,1.241,6.20701,1.795837e+14,2712.0000,4,coarse,2.8403,4.5056,512,260,0.508772,CO(2-1),-4686.4356,-6216.63,False,False,searched,
HD  33793,HD 33793,6,A002_Xd12f5c_X5deb,3.9339,239.085936,240.914061,15625000.0000,1843750000.0,2963.52,,1.35166,6.76077,1.956055e+14,2880.0000,4,coarse,1.9841,4.0728,512,500,0.976608,CS(5-4),-5459.4394,-6819.58,False,False,searched,
HD  33793,HD 33793,6,A002_Xd12f5c_X5deb,3.9339,241.085936,242.914061,15625000.0000,1843750000.0,2963.52,,1.44112,7.20824,2.085518e+14,2904.0000,4,coarse,2.6202,4.6863,512,303,0.592593,CS(5-4),-2271.9394,-2814.51,False,False,searched,
HD  33793,HD 33793,6,A002_Xd1c06f_Xf04b,3.9339,223.085939,224.914064,15625000.0000,1843750000.0,2963.52,,1.97694,9.88825,2.860911e+14,2688.0000,4,coarse,3.4986,4.2265,512,20,0.040936,13CO(2-1),4452.5644,5959.13,False,False,searched,
HD  33793,HD 33793,6,A002_Xd1c06f_Xf04b,3.9339,225.085939,226.914064,15625000.0000,1843750000.0,2963.52,,1.88517,9.42931,2.728128e+14,2712.0000,4,coarse,2.8849,4.4610,512,203,0.397661,CO(2-1),-4702.0606,-6237.36,False,False,searched,
HD  33793,HD 33793,6,A002_Xd1c06f_Xf04b,3.9339,239.085936,240.914061,15625000.0000,1843750000.0,2963.52,,2.05615,10.285,2.975693e+14,2880.0000,4,coarse,2.7032,4.2519,512,267,0.522417,CS(5-4),-5131.3144,-6409.71,False,False,searched,
HD  33793,HD 33793,6,A002_Xd1c06f_Xf04b,3.9339,241.085936,242.914061,15625000.0000,1843750000.0,2963.52,,2.17191,10.8641,3.143244e+14,2904.0000,4,coarse,2.0784,4.2600,512,499,0.974659,CS(5-4),-3193.8144,-3956.54,False,False,searched,
HD  33793,HD 33793,6,A002_Xd1c06f_Xf769,3.9339,223.085939,224.914064,15625000.0000,1843750000.0,2963.52,,1.85923,9.2995,2.690569e+14,2688.0000,4,coarse,2.3946,4.4860,512,416,0.812865,13CO(2-1),4515.0644,6042.78,False,False,searched,
HD  33793,HD 33793,6,A002_Xd1c06f_Xf769,3.9339,225.085939,226.914064,15625000.0000,1843750000.0,2962.51,,1.77001,8.85328,2.561468e+14,2712.0000,4,coarse,3.2830,4.5940,512,64,0.126706,CO(2-1),-4686.4356,-6216.63,False,False,searched,
HD  33793,HD 33793,6,A002_Xd1c06f_Xf769,3.9339,239.085936,240.914061,15625000.0000,1843750000.0,2963.52,,1.94217,9.71484,2.810737e+14,2880.0000,4,coarse,3.7328,4.6416,512,19,0.038986,CS(5-4),-4803.1894,-5999.83,False,False,searched,
HD  33793,HD 33793,6,A002_Xd1c06f_Xf769,3.9339,241.085936,242.914061,15625000.0000,1843750000.0,2963.52,,2.0541,10.2748,2.972741e+14,2904.0000,4,coarse,3.0421,4.5003,512,119,0.233918,CS(5-4),-3678.1894,-4556.58,False,False,searched,
HD  33793,HD 33793,6,A002_Xd1f23d_X53b2,3.9339,223.085939,224.914064,15625000.0000,1843750000.0,2963.52,,1.42077,7.10645,2.056068e+14,2688.0000,4,coarse,2.5232,4.1855,512,366,0.715400,13CO(2-1),3749.4394,5018.10,False,False,searched,
HD  33793,HD 33793,6,A002_Xd1f23d_X53b2,3.9339,225.085939,226.914064,15625000.0000,1843750000.0,2963.52,,1.3375,6.68999,1.935576e+14,2712.0000,4,coarse,3.4916,4.5279,512,40,0.079922,13CO(2-1),4749.4394,6300.20,False,False,searched,
HD  33793,HD 33793,6,A002_Xd1f23d_X53b2,3.9339,239.085936,240.914061,15625000.0000,1843750000.0,2963.52,,1.47794,7.3928,2.138916e+14,2880.0000,4,coarse,2.4725,4.6417,512,392,0.766082,CS(5-4),-4084.4394,-5102.02,False,False,searched,
HD  33793,HD 33793,6,A002_Xd1f23d_X53b2,3.9339,241.085936,242.914061,15625000.0000,1843750000.0,2963.52,,1.56865,7.8466,2.270210e+14,2904.0000,4,coarse,2.7990,4.1412,512,218,0.426901,CS(5-4),-2912.5644,-3608.12,False,False,searched,
HD  33793,HD 33793,6,A002_Xd28a9e_Xb92f,3.9339,223.085939,224.914064,15625000.0000,1843750000.0,2963.52,,1.44158,7.21079,2.086256e+14,2688.0000,4,coarse,2.8488,4.6269,512,217,0.424951,13CO(2-1),2765.0644,3700.65,False,False,searched,
HD  33793,HD 33793,6,A002_Xd28a9e_Xb92f,3.9339,225.085939,226.914064,15625000.0000,1843750000.0,2963.52,,1.33539,6.67969,1.932595e+14,2712.0000,4,coarse,3.5455,4.5365,512,26,0.052632,CO(2-1),-4061.4356,-5387.56,False,False,searched,
HD  33793,HD 33793,6,A002_Xd28a9e_Xb92f,3.9339,239.085936,240.914061,15625000.0000,1843750000.0,2963.52,,1.45502,7.27843,2.105826e+14,2880.0000,4,coarse,3.5649,4.8841,512,33,0.066277,CS(5-4),-4725.0644,-5902.24,False,False,searched,
HD  33793,HD 33793,6,A002_Xd28a9e_Xb92f,3.9339,241.085936,242.914061,15625000.0000,1843750000.0,2963.52,,1.54843,7.74577,2.241039e+14,2904.0000,4,coarse,2.9947,4.2480,512,147,0.288499,CS(5-4),-2240.6894,-2775.79,False,False,searched,
HD  33793,HD 33793,6,A002_Xd28a9e_Xbb59,3.9339,223.085939,224.914064,15625000.0000,1843750000.0,2963.52,,1.46764,7.34115,2.123973e+14,2688.0000,4,coarse,2.9618,4.6111,512,149,0.292398,13CO(2-1),4015.0644,5373.60,False,False,searched,
HD  33793,HD 33793,6,A002_Xd28a9e_Xbb59,3.9339,225.085939,226.914064,15625000.0000,1843750000.0,2963.52,,1.36392,6.8224,1.973884e+14,2712.0000,4,coarse,2.2927,4.4555,512,444,0.867446,13CO(2-1),4827.5644,6403.84,False,False,searched,
HD  33793,HD 33793,6,A002_Xd28a9e_Xbb59,3.9339,239.085936,240.914061,15625000.0000,1843750000.0,2963.52,,1.48409,7.42386,2.147903e+14,2880.0000,4,coarse,2.6469,4.6633,512,285,0.557505,CS(5-4),-4756.3144,-5941.28,False,False,searched,
HD  33793,HD 33793,6,A002_Xd28a9e_Xbb59,3.9339,241.085936,242.914061,15625000.0000,1843750000.0,2963.52,,1.57781,7.89276,2.283567e+14,2904.0000,4,coarse,2.3647,4.3409,512,422,0.824561,CS(5-4),-2568.8144,-3182.28,False,False,searched,
HD  33793,HD 33793,6,A002_Xd28a9e_Xbd84,3.9339,223.085939,224.914064,15625000.0000,1843750000.0,1874.88,,1.95669,9.78735,2.831717e+14,2688.0000,3,coarse,2.5317,4.2077,512,315,0.615984,13CO(2-1),4468.1894,5980.04,False,False,searched,
HD  33793,HD 33793,6,A002_Xd28a9e_Xbd84,3.9339,225.085939,226.914064,15625000.0000,1843750000.0,1874.88,,1.83978,9.20263,2.662544e+14,2712.0000,3,coarse,2.7050,4.8381,512,253,0.495127,CO(2-1),-4623.9356,-6133.72,False,False,searched,
HD  33793,HD 33793,6,A002_Xd28a9e_Xbd84,3.9339,239.085936,240.914061,15625000.0000,1843750000.0,1874.88,,1.98645,9.93682,2.874961e+14,2880.0000,3,coarse,1.9761,4.8330,512,484,0.945419,CS(5-4),-5146.9394,-6429.22,False,False,searched,
HD  33793,HD 33793,6,A002_Xd28a9e_Xbd84,3.9339,241.085936,242.914061,15625000.0000,1843750000.0,1874.88,,2.12837,10.6468,3.080384e+14,2904.0000,3,coarse,2.6402,4.4930,512,201,0.393762,CS(5-4),-3537.5644,-4382.38,False,False,searched,
HD  33793,HD 33793,6,A002_Xd29c1f_X445c,3.9339,223.085939,224.914064,15625000.0000,1843750000.0,2963.52,,1.34008,6.70311,1.939372e+14,2688.0000,4,coarse,3.1884,4.2012,512,90,0.177388,13CO(2-1),3171.3144,4244.36,False,False,searched,
HD  33793,HD 33793,6,A002_Xd29c1f_X445c,3.9339,225.085939,226.914064,15625000.0000,1843750000.0,2963.52,,1.25159,6.2605,1.811313e+14,2712.0000,4,coarse,3.8309,4.7546,512,12,0.025341,CO(2-1),-4420.8106,-5864.27,False,False,searched,
HD  33793,HD 33793,6,A002_Xd29c1f_X445c,3.9339,239.085936,240.914061,15625000.0000,1843750000.0,2963.52,,1.36546,6.83046,1.976218e+14,2880.0000,4,coarse,2.1060,4.5897,512,494,0.964912,CS(5-4),-5412.5644,-6761.03,False,False,searched,
HD  33793,HD 33793,6,A002_Xd29c1f_X445c,3.9339,241.085936,242.914061,15625000.0000,1843750000.0,2963.52,,1.45075,7.25715,2.099669e+14,2904.0000,4,coarse,3.1194,4.3839,512,110,0.216374,CS(5-4),-2553.1894,-3162.92,False,False,searched,
Wolf   28,Wolf 28,6,A002_X9f2ff8_X25b0,4.3144,223.132812,224.867188,15625000.0000,1750000000.0,2903.04,,0.383435,1.91718,6.671769e+13,2688.0000,4,coarse,2.5897,4.5245,512,311,0.608187,,,,False,False,searched,
GJ 674,GJ 674,6,A002_X107fa96_Xce38,4.5509,223.085939,224.914064,15625000.0000,1843750000.0,2998.80,,1.43417,7.17093,2.776480e+14,2688.0000,4,coarse,2.7276,4.3302,512,226,0.442495,13CO(2-1),4311.9394,5770.92,False,False,searched,
GJ 674,GJ 674,6,A002_X107fa96_Xce38,4.5509,223.085939,224.914064,15625000.0000,1843750000.0,2998.80,,1.43417,7.17093,2.776480e+14,2688.0000,4,coarse,2.7276,4.3302,512,226,0.442495,13CO(2-1),4311.9394,5770.92,False,False,duplicate_row,
GJ 674,GJ 674,6,A002_X107fa96_Xce38,4.5509,225.085939,226.914064,15625000.0000,1843750000.0,2998.80,,1.32601,6.63012,2.567088e+14,2712.0000,4,coarse,3.7793,4.5654,512,9,0.019493,CO(2-1),-4030.1856,-5346.10,False,False,searched,
GJ 674,GJ 674,6,A002_X107fa96_Xce38,4.5509,239.085936,240.914061,15625000.0000,1843750000.0,2998.80,,1.48581,7.42918,2.876472e+14,2880.0000,4,coarse,2.6722,4.0236,512,271,0.530214,CS(5-4),-5693.8144,-7112.34,False,False,searched,
GJ 674,GJ 674,6,A002_X107fa96_Xce38,4.5509,241.085936,242.914061,15625000.0000,1843750000.0,2998.80,,1.55225,7.76138,3.005095e+14,2904.0000,4,coarse,2.2775,4.2979,512,477,0.931774,CS(5-4),-2568.8144,-3182.28,False,False,searched,
GJ 674,GJ 674,6,A002_X10854a6_X3ac1,4.5509,223.085939,224.914064,15625000.0000,1843750000.0,2998.80,,1.49308,7.46549,2.890532e+14,2688.0000,4,coarse,3.2483,4.5634,512,84,0.165692,13CO(2-1),4093.1894,5478.16,False,False,searched,
GJ 674,GJ 674,6,A002_X10854a6_X3ac1,4.5509,225.085939,226.914064,15625000.0000,1843750000.0,2998.80,,1.39914,6.9958,2.708673e+14,2712.0000,4,coarse,2.8475,4.4391,512,219,0.428850,CO(2-1),-4092.6856,-5429.01,False,False,searched,
GJ 674,GJ 674,6,A002_X10854a6_X3ac1,4.5509,239.085936,240.914061,15625000.0000,1843750000.0,2998.80,,1.56152,7.80769,3.023025e+14,2880.0000,4,coarse,3.4385,4.2794,512,29,0.058480,CS(5-4),-4818.8144,-6019.35,False,False,searched,
GJ 674,GJ 674,6,A002_X10854a6_X3ac1,4.5509,241.085936,242.914061,15625000.0000,1843750000.0,2998.80,,1.62517,8.12593,3.146243e+14,2904.0000,4,coarse,3.5849,4.5336,512,21,0.042885,CS(5-4),-3318.8144,-4111.39,False,False,searched,
GJ 674,GJ 674,6,A002_X1086384_Xdeeb,4.5509,223.085939,224.914064,15625000.0000,1843750000.0,2998.80,,1.34196,6.70986,2.597964e+14,2688.0000,4,coarse,2.3618,4.8074,512,424,0.828460,13CO(2-1),4390.0644,5875.48,False,False,searched,
GJ 674,GJ 674,6,A002_X1086384_Xdeeb,4.5509,225.085939,226.914064,15625000.0000,1843750000.0,2998.80,,1.24451,6.22259,2.409299e+14,2712.0000,4,coarse,2.9073,4.1622,512,191,0.374269,CO(2-1),-4061.4356,-5387.56,False,False,searched,
GJ 674,GJ 674,6,A002_X1086384_Xdeeb,4.5509,239.085936,240.914061,15625000.0000,1843750000.0,2998.80,,1.37391,6.86963,2.659822e+14,2880.0000,4,coarse,2.2886,4.6036,512,456,0.890838,CS(5-4),-4646.9394,-5804.66,False,False,searched,
GJ 674,GJ 674,6,A002_X1086384_Xdeeb,4.5509,241.085936,242.914061,15625000.0000,1843750000.0,2998.80,,1.4416,7.20806,2.790860e+14,2904.0000,4,coarse,3.1291,4.6502,512,114,0.224172,CS(5-4),-2678.1894,-3317.77,False,False,searched,
GJ 674,GJ 674,6,A002_X1088045_X4ebc,4.5509,223.085939,224.914064,15625000.0000,1843750000.0,2998.80,,1.64065,8.20332,3.176208e+14,2688.0000,4,coarse,3.1235,4.9713,512,109,0.214425,13CO(2-1),3280.6894,4390.74,False,False,searched,
GJ 674,GJ 674,6,A002_X1088045_X4ebc,4.5509,225.085939,226.914064,15625000.0000,1843750000.0,2998.80,,1.53539,7.67703,2.972436e+14,2712.0000,4,coarse,2.0574,4.1255,512,492,0.961014,CO(2-1),-4420.8106,-5864.27,False,False,searched,
GJ 674,GJ 674,6,A002_X1088045_X4ebc,4.5509,239.085936,240.914061,15625000.0000,1843750000.0,2998.80,,1.71181,8.55913,3.313974e+14,2880.0000,4,coarse,2.6493,4.5294,512,319,0.623782,CS(5-4),-5568.8144,-6956.20,False,False,searched,
GJ 674,GJ 674,6,A002_X1088045_X4ebc,4.5509,241.085936,242.914061,15625000.0000,1843750000.0,2998.80,,1.78919,8.94604,3.463778e+14,2904.0000,4,coarse,2.7840,4.7380,512,237,0.463938,CS(5-4),-3068.8144,-3801.68,False,False,searched,
GJ 674,GJ 674,6,A002_X1088045_X51df,4.5509,223.085939,224.914064,15625000.0000,1843750000.0,2998.80,,1.59388,7.96947,3.085665e+14,2688.0000,4,coarse,2.9227,4.7065,512,180,0.352827,13CO(2-1),3061.9394,4097.97,False,False,searched,
GJ 674,GJ 674,6,A002_X1088045_X51df,4.5509,225.085939,226.914064,15625000.0000,1843750000.0,2998.80,,1.48986,7.44935,2.884283e+14,2712.0000,4,coarse,3.6628,4.8628,512,16,0.033138,13CO(2-1),4686.9394,6217.30,False,False,searched,
GJ 674,GJ 674,6,A002_X1088045_X51df,4.5509,239.085936,240.914061,15625000.0000,1843750000.0,2998.80,,1.65154,8.2578,3.197302e+14,2880.0000,4,coarse,3.2624,4.6292,512,68,0.134503,CS(5-4),-4459.4394,-5570.44,False,False,searched,
GJ 674,GJ 674,6,A002_X1088045_X51df,4.5509,241.085936,242.914061,15625000.0000,1843750000.0,2998.80,,1.73751,8.68767,3.363741e+14,2904.0000,4,coarse,2.3906,4.1433,512,403,0.787524,CS(5-4),-2521.9394,-3124.21,False,False,searched,
GJ 674,GJ 674,6,A002_X1088045_X5c31,4.5509,223.085939,224.914064,15625000.0000,1843750000.0,2998.80,,1.82298,9.11497,3.529188e+14,2688.0000,4,coarse,2.3961,4.3114,512,401,0.783626,13CO(2-1),3608.8144,4829.89,False,False,searched,
GJ 674,GJ 674,6,A002_X1088045_X5c31,4.5509,225.085939,226.914064,15625000.0000,1843750000.0,2998.80,,1.72316,8.61586,3.335939e+14,2712.0000,4,coarse,3.1779,4.2424,512,86,0.169591,13CO(2-1),4702.5644,6238.02,False,False,searched,
GJ 674,GJ 674,6,A002_X1088045_X5c31,4.5509,239.085936,240.914061,15625000.0000,1843750000.0,2998.80,,1.91936,9.5969,3.715783e+14,2880.0000,4,coarse,3.0399,4.1478,512,104,0.204678,CS(5-4),-4350.0644,-5433.82,False,False,searched,
GJ 674,GJ 674,6,A002_X1088045_X5c31,4.5509,241.085936,242.914061,15625000.0000,1843750000.0,2998.80,,2.00802,10.0402,3.887432e+14,2904.0000,4,coarse,2.3020,4.6302,512,454,0.886940,CS(5-4),-2100.0644,-2601.58,False,False,searched,
GJ 674,GJ 674,6,A002_X108c378_X1ced,4.5509,223.085939,224.914064,15625000.0000,1843750000.0,2998.80,,1.31582,6.57914,2.547351e+14,2688.0000,4,coarse,3.4772,4.1878,512,27,0.054581,13CO(2-1),3155.6894,4223.45,False,False,searched,
GJ 674,GJ 674,6,A002_X108c378_X1ced,4.5509,225.085939,226.914064,15625000.0000,1843750000.0,2998.80,,1.23153,6.15769,2.384170e+14,2712.0000,4,coarse,2.3559,4.4228,512,437,0.853801,CO(2-1),-4952.0606,-6568.98,False,False,searched,
GJ 674,GJ 674,6,A002_X108c378_X1ced,4.5509,239.085936,240.914061,15625000.0000,1843750000.0,2998.80,,1.36427,6.82143,2.641161e+14,2880.0000,4,coarse,2.7567,4.2511,512,243,0.475634,CS(5-4),-5318.8144,-6643.92,False,False,searched,
GJ 674,GJ 674,6,A002_X108c378_X1ced,4.5509,241.085936,242.914061,15625000.0000,1843750000.0,2998.80,,1.42775,7.13883,2.764052e+14,2904.0000,4,coarse,2.9209,4.5159,512,161,0.315789,CS(5-4),-3115.6894,-3859.75,False,False,searched,
GJ 674,GJ 674,6,A002_X108c378_X26b3,4.5509,223.085939,224.914064,15625000.0000,1843750000.0,2998.80,,1.27629,6.38149,2.470822e+14,2688.0000,4,coarse,2.5312,4.2592,512,371,0.725146,13CO(2-1),2702.5644,3617.00,False,False,searched,
GJ 674,GJ 674,6,A002_X108c378_X26b3,4.5509,225.085939,226.914064,15625000.0000,1843750000.0,2998.80,,1.18671,5.9336,2.297407e+14,2712.0000,4,coarse,3.3635,4.5605,512,51,0.101365,13CO(2-1),4905.6894,6507.47,False,False,searched,
GJ 674,GJ 674,6,A002_X108c378_X26b3,4.5509,239.085936,240.914061,15625000.0000,1843750000.0,2998.80,,1.31175,6.55884,2.539489e+14,2880.0000,4,coarse,2.6092,4.5981,512,329,0.643275,CS(5-4),-4193.8144,-5238.64,False,False,searched,
GJ 674,GJ 674,6,A002_X108c378_X26b3,4.5509,241.085936,242.914061,15625000.0000,1843750000.0,2998.80,,1.3802,6.90106,2.671992e+14,2904.0000,4,coarse,2.7295,4.6228,512,264,0.516569,CS(5-4),-2803.1894,-3472.62,False,False,searched,
GJ 674,GJ 674,6,A002_X108c378_X2a0f,4.5509,223.085939,224.914064,15625000.0000,1843750000.0,2998.80,,1.32182,6.60916,2.558974e+14,2688.0000,4,coarse,2.2722,4.2416,512,454,0.886940,13CO(2-1),3952.5644,5289.95,False,False,searched,
GJ 674,GJ 674,6,A002_X108c378_X2a0f,4.5509,225.085939,226.914064,15625000.0000,1843750000.0,2998.80,,1.22799,6.14002,2.377326e+14,2712.0000,4,coarse,2.4650,4.1686,512,386,0.754386,CO(2-1),-4764.5606,-6320.26,False,False,searched,
GJ 674,GJ 674,6,A002_X108c378_X2a0f,4.5509,239.085936,240.914061,15625000.0000,1843750000.0,2998.80,,1.35938,6.79696,2.631685e+14,2880.0000,4,coarse,3.4193,4.2358,512,50,0.099415,CS(5-4),-5600.0644,-6995.24,False,False,searched,
GJ 674,GJ 674,6,A002_X108c378_X2a0f,4.5509,241.085936,242.914061,15625000.0000,1843750000.0,2998.80,,1.43413,7.17072,2.776400e+14,2904.0000,4,coarse,2.3781,4.1084,512,394,0.769981,CS(5-4),-3818.8144,-4730.79,False,False,searched,
GJ 674,GJ 674,6,A002_X108c378_X331a,4.5509,223.085939,224.914064,15625000.0000,1843750000.0,2998.80,,1.54842,7.74219,2.997667e+14,2688.0000,4,coarse,2.4645,4.4349,512,376,0.734893,13CO(2-1),4327.5644,5791.84,False,False,searched,
GJ 674,GJ 674,6,A002_X108c378_X331a,4.5509,225.085939,226.914064,15625000.0000,1843750000.0,2998.80,,1.45257,7.26293,2.812103e+14,2712.0000,4,coarse,2.6796,4.7702,512,307,0.600390,CO(2-1),-4827.0606,-6403.17,False,False,searched,
GJ 674,GJ 674,6,A002_X108c378_X331a,4.5509,239.085936,240.914061,15625000.0000,1843750000.0,2998.80,,1.61742,8.08719,3.131244e+14,2880.0000,4,coarse,2.3489,4.3101,512,444,0.867446,CS(5-4),-4771.9394,-5960.80,False,False,searched,
GJ 674,GJ 674,6,A002_X108c378_X331a,4.5509,241.085936,242.914061,15625000.0000,1843750000.0,2998.80,,1.68013,8.40074,3.252645e+14,2904.0000,4,coarse,2.3621,5.0562,512,407,0.795322,CS(5-4),-3725.0644,-4614.65,False,False,searched,
GJ 674,GJ 674,6,A002_X108c378_X3ab4,4.5509,223.085939,224.914064,15625000.0000,1843750000.0,2318.40,,2.32725,11.6364,4.505443e+14,2688.0000,3,coarse,2.1467,4.7263,512,451,0.881092,13CO(2-1),4265.0644,5708.19,False,False,searched,
GJ 674,GJ 674,6,A002_X108c378_X3ab4,4.5509,225.085939,226.914064,15625000.0000,1843750000.0,2318.40,,2.24941,11.2471,4.354732e+14,2712.0000,3,coarse,2.4629,4.1862,512,293,0.573099,CO(2-1),-4858.3106,-6444.62,False,False,searched,
GJ 674,GJ 674,6,A002_X108c378_X3ab4,4.5509,239.085936,240.914061,15625000.0000,1843750000.0,2318.40,,2.49203,12.4603,4.824441e+14,2880.0000,4,coarse,2.5855,4.7880,512,284,0.555556,CS(5-4),-4365.6894,-5453.34,False,False,searched,
GJ 674,GJ 674,6,A002_X108c378_X3ab4,4.5509,241.085936,242.914061,15625000.0000,1843750000.0,2318.40,,2.56992,12.8498,4.975243e+14,2904.0000,4,coarse,2.4670,4.7269,512,364,0.711501,CS(5-4),-3037.5644,-3762.97,False,False,searched,
GJ 674,GJ 674,6,A002_X1093ae8_X14a7,4.5509,223.085939,224.914064,15625000.0000,1843750000.0,2998.80,,1.32368,6.61845,2.562570e+14,2688.0000,4,coarse,2.8589,4.4896,512,206,0.403509,13CO(2-1),3811.9394,5101.74,False,False,searched,
GJ 674,GJ 674,6,A002_X1093ae8_X14a7,4.5509,225.085939,226.914064,15625000.0000,1843750000.0,2998.80,,1.24032,6.20168,2.401203e+14,2712.0000,4,coarse,3.4371,4.3036,512,39,0.077973,CO(2-1),-3639.5606,-4827.93,False,False,searched,
GJ 674,GJ 674,6,A002_X1093ae8_X14a7,4.5509,239.085936,240.914061,15625000.0000,1843750000.0,2998.80,,1.36283,6.81424,2.638377e+14,2880.0000,4,coarse,3.8014,4.1736,512,11,0.023392,CS(5-4),-5506.3144,-6878.13,False,False,searched,
GJ 674,GJ 674,6,A002_X1093ae8_X14a7,4.5509,241.085936,242.914061,15625000.0000,1843750000.0,2996.79,,1.43362,7.16818,2.775417e+14,2904.0000,4,coarse,2.8927,4.1222,512,190,0.372320,CS(5-4),-3053.1894,-3782.33,False,False,searched,
GJ 674,GJ 674,6,A002_X1093ae8_X1c39,4.5509,223.085939,224.914064,15625000.0000,1843750000.0,2998.80,,1.40833,7.04174,2.726463e+14,2688.0000,4,coarse,2.8101,4.7223,512,238,0.465887,13CO(2-1),3468.1894,4641.68,False,False,searched,
GJ 674,GJ 674,6,A002_X1093ae8_X1c39,4.5509,225.085939,226.914064,15625000.0000,1843750000.0,2998.80,,1.31526,6.57635,2.546270e+14,2712.0000,4,coarse,2.7692,4.3352,512,225,0.440546,CO(2-1),-4108.3106,-5449.74,False,False,searched,
GJ 674,GJ 674,6,A002_X1093ae8_X1c39,4.5509,239.085936,240.914061,15625000.0000,1843750000.0,2998.80,,1.45995,7.29983,2.826390e+14,2880.0000,4,coarse,3.6142,4.5084,512,20,0.040936,CS(5-4),-4818.8144,-6019.35,False,False,searched,
GJ 674,GJ 674,6,A002_X1093ae8_X1c39,4.5509,241.085936,242.914061,15625000.0000,1843750000.0,2998.80,,1.53344,7.66729,2.968666e+14,2904.0000,4,coarse,3.0214,4.8087,512,138,0.270955,CS(5-4),-3428.1894,-4246.88,False,False,searched,
GJ 674,GJ 674,6,A002_X1093ae8_X2228,4.5509,223.085939,224.914064,15625000.0000,1843750000.0,2998.80,,1.37453,6.87273,2.661025e+14,2688.0000,4,coarse,2.7637,4.2629,512,214,0.419103,13CO(2-1),4124.4394,5519.98,False,False,searched,
GJ 674,GJ 674,6,A002_X1093ae8_X2228,4.5509,225.085939,226.914064,15625000.0000,1843750000.0,2998.80,,1.28294,6.41476,2.483705e+14,2712.0000,4,coarse,2.3478,4.2942,512,443,0.865497,CO(2-1),-4389.5606,-5822.82,False,False,searched,
GJ 674,GJ 674,6,A002_X1093ae8_X2228,4.5509,239.085936,240.914061,15625000.0000,1843750000.0,2998.80,,1.42268,7.11349,2.754244e+14,2880.0000,4,coarse,2.8200,4.1691,512,243,0.475634,CS(5-4),-5225.0644,-6526.81,False,False,searched,
GJ 674,GJ 674,6,A002_X1093ae8_X2228,4.5509,241.085936,242.914061,15625000.0000,1843750000.0,2998.80,,1.49433,7.47174,2.892950e+14,2904.0000,4,coarse,3.1606,4.3384,512,92,0.181287,CS(5-4),-3225.0644,-3995.25,False,False,searched,
GJ 674,GJ 674,6,A002_X1093ae8_Xe18,4.5509,223.085939,224.914064,15625000.0000,1843750000.0,2797.20,,1.41472,7.07368,2.738829e+14,2688.0000,4,coarse,2.6747,4.2638,512,282,0.551657,13CO(2-1),3827.5644,5122.66,False,False,searched,
GJ 674,GJ 674,6,A002_X1093ae8_Xe18,4.5509,225.085939,226.914064,15625000.0000,1843750000.0,2797.20,,1.33218,6.66095,2.579025e+14,2712.0000,4,coarse,2.6264,4.4037,512,316,0.617934,CO(2-1),-4342.6856,-5760.64,False,False,searched,
GJ 674,GJ 674,6,A002_X1093ae8_Xe18,4.5509,239.085936,240.914061,15625000.0000,1843750000.0,2797.20,,1.46849,7.34254,2.842925e+14,2880.0000,4,coarse,2.4878,4.0743,512,351,0.686160,CS(5-4),-5412.5644,-6761.03,False,False,searched,
GJ 674,GJ 674,6,A002_X1093ae8_Xe18,4.5509,241.085936,242.914061,15625000.0000,1843750000.0,2797.20,,1.54083,7.70425,2.982975e+14,2904.0000,4,coarse,3.6866,4.1952,512,16,0.033138,CS(5-4),-3850.0644,-4769.51,False,False,searched,
GJ 674,GJ 674,6,A002_X1097a87_X1ba1,4.5509,223.085939,224.914064,15625000.0000,1843750000.0,2998.80,,1.44121,7.20616,2.790121e+14,2688.0000,4,coarse,2.5607,4.0439,512,308,0.602339,13CO(2-1),3655.6894,4892.63,False,False,searched,
GJ 674,GJ 674,6,A002_X1097a87_X1ba1,4.5509,225.085939,226.914064,15625000.0000,1843750000.0,2998.80,,1.33597,6.67995,2.586382e+14,2712.0000,4,coarse,2.6272,4.6628,512,340,0.664717,CO(2-1),-3983.3106,-5283.92,False,False,searched,
GJ 674,GJ 674,6,A002_X1097a87_X1ba1,4.5509,239.085936,240.914061,15625000.0000,1843750000.0,2998.80,,1.49229,7.46157,2.889015e+14,2880.0000,4,coarse,2.5965,4.6878,512,293,0.573099,CS(5-4),-4771.9394,-5960.80,False,False,searched,
GJ 674,GJ 674,6,A002_X1097a87_X1ba1,4.5509,241.085936,242.914061,15625000.0000,1843750000.0,2998.80,,1.5487,7.74362,2.998221e+14,2904.0000,4,coarse,2.5389,4.4803,512,354,0.692008,CS(5-4),-2803.1894,-3472.62,False,False,searched,
GJ 674,GJ 674,6,A002_X1097a87_X1e64,4.5509,223.085939,224.914064,15625000.0000,1843750000.0,2998.80,,1.44706,7.2354,2.801443e+14,2688.0000,4,coarse,2.6839,4.3471,512,292,0.571150,13CO(2-1),3671.3144,4913.54,False,False,searched,
GJ 674,GJ 674,6,A002_X1097a87_X1e64,4.5509,225.085939,226.914064,15625000.0000,1843750000.0,2998.80,,1.35141,6.75716,2.616275e+14,2712.0000,4,coarse,2.2883,5.0449,512,462,0.902534,13CO(2-1),4968.1894,6590.38,False,False,searched,
GJ 674,GJ 674,6,A002_X1097a87_X1e64,4.5509,239.085936,240.914061,15625000.0000,1843750000.0,2998.80,,1.49484,7.4743,2.893942e+14,2880.0000,4,coarse,2.1086,4.4859,512,484,0.945419,CS(5-4),-4131.3144,-5160.57,False,False,searched,
GJ 674,GJ 674,6,A002_X1097a87_X1e64,4.5509,241.085936,242.914061,15625000.0000,1843750000.0,2998.80,,1.561,7.8051,3.022022e+14,2904.0000,4,coarse,2.3278,4.3624,512,427,0.834308,CS(5-4),-3209.4394,-3975.89,False,False,searched,
GJ 674,GJ 674,6,A002_X1097a87_X22ab,4.5509,223.085939,224.914064,15625000.0000,1843750000.0,2998.80,,1.71453,8.57278,3.319257e+14,2688.0000,4,coarse,3.6396,4.2553,512,18,0.037037,13CO(2-1),3874.4394,5185.39,False,False,searched,
GJ 674,GJ 674,6,A002_X1097a87_X22ab,4.5509,225.085939,226.914064,15625000.0000,1843750000.0,2998.80,,1.60458,8.02301,3.106397e+14,2712.0000,4,coarse,2.1842,4.9006,512,489,0.955166,CO(2-1),-4686.4356,-6216.63,False,False,searched,
GJ 674,GJ 674,6,A002_X1097a87_X22ab,4.5509,239.085936,240.914061,15625000.0000,1843750000.0,2998.80,,1.78992,8.94971,3.465199e+14,2880.0000,4,coarse,3.0923,4.4475,512,116,0.228070,CS(5-4),-5850.0644,-7307.52,False,False,searched,
GJ 674,GJ 674,6,A002_X1097a87_X22ab,4.5509,241.085936,242.914061,15625000.0000,1843750000.0,2998.80,,1.86407,9.32048,3.608757e+14,2904.0000,4,coarse,2.7522,4.4313,512,271,0.530214,CS(5-4),-2318.8144,-2872.57,False,False,searched,
GJ 674,GJ 674,6,A002_X1097a87_X75ae,4.5509,223.085939,224.914064,15625000.0000,1843750000.0,2998.80,,1.35243,6.76223,2.618241e+14,2688.0000,4,coarse,3.0775,4.4530,512,117,0.230019,13CO(2-1),3843.1894,5143.57,False,False,searched,
GJ 674,GJ 674,6,A002_X1097a87_X75ae,4.5509,225.085939,226.914064,15625000.0000,1843750000.0,2998.80,,1.25377,6.26892,2.427235e+14,2712.0000,4,coarse,2.8156,4.1088,512,217,0.424951,CO(2-1),-4873.9356,-6465.35,False,False,searched,
GJ 674,GJ 674,6,A002_X1097a87_X75ae,4.5509,239.085936,240.914061,15625000.0000,1843750000.0,2998.80,,1.38952,6.94771,2.690053e+14,2880.0000,4,coarse,3.5823,4.2635,512,37,0.074074,CS(5-4),-5209.4394,-6507.29,False,False,searched,
GJ 674,GJ 674,6,A002_X1097a87_X75ae,4.5509,241.085936,242.914061,15625000.0000,1843750000.0,2998.80,,1.45109,7.25554,2.809240e+14,2904.0000,4,coarse,3.0195,5.0403,512,152,0.298246,CS(5-4),-3178.1894,-3937.18,False,False,searched,
GJ 674,GJ 674,6,A002_X1097a87_X795f,4.5509,223.085939,224.914064,15625000.0000,1843750000.0,2998.80,,1.46023,7.30124,2.826937e+14,2688.0000,4,coarse,2.2472,4.5152,512,466,0.910331,13CO(2-1),2749.4394,3679.74,False,False,searched,
GJ 674,GJ 674,6,A002_X1097a87_X795f,4.5509,225.085939,226.914064,15625000.0000,1843750000.0,2998.80,,1.36054,6.8028,2.633948e+14,2712.0000,4,coarse,2.4442,3.9990,512,413,0.807018,CO(2-1),-3748.9356,-4973.02,False,False,searched,
GJ 674,GJ 674,6,A002_X1097a87_X795f,4.5509,239.085936,240.914061,15625000.0000,1843750000.0,2998.80,,1.51299,7.56506,2.929083e+14,2880.0000,4,coarse,2.1439,4.1952,512,493,0.962963,CS(5-4),-4662.5644,-5824.17,False,False,searched,
GJ 674,GJ 674,6,A002_X1097a87_X795f,4.5509,241.085936,242.914061,15625000.0000,1843750000.0,2998.80,,1.5806,7.90309,3.059965e+14,2904.0000,4,coarse,2.5037,4.8248,512,370,0.723197,CS(5-4),-2537.5644,-3143.56,False,False,searched,
GL 3379  Gaia DR3 3316364602541746048,GL 3379 Gaia DR3 3316364602541746048,6,A002_Xda2c82_X765d,5.2080,212.045896,213.874021,15625000.0000,1843750000.0,2751.84,,2.47141,12.3575,6.266129e+14,2555.5195,4,coarse,3.2255,4.2630,512,74,0.146199,SiO(5-4),-4277.8542,-6022.11,False,False,searched,
GL 3379  Gaia DR3 3316364602541746048,GL 3379 Gaia DR3 3316364602541746048,6,A002_Xda2c82_X765d,5.2080,214.045520,215.873645,15625000.0000,1843750000.0,2751.84,,2.33077,11.6543,5.909538e+14,2579.5150,4,coarse,2.4033,4.2875,512,370,0.723197,SiO(5-4),-3043.8552,-4245.10,False,False,searched,
GL 3379  Gaia DR3 3316364602541746048,GL 3379 Gaia DR3 3316364602541746048,6,A002_Xda2c82_X765d,5.2080,227.043072,228.871197,15625000.0000,1843750000.0,2751.84,,2.27971,11.3991,5.780115e+14,2735.4856,4,coarse,2.4254,4.7915,512,427,0.834308,CO(2-1),-2510.5530,-3301.69,False,False,searched,
GL 3379  Gaia DR3 3316364602541746048,GL 3379 Gaia DR3 3316364602541746048,6,A002_Xda2c82_X765d,5.2080,229.036592,230.876925,488281.2500,1840820312.5,2751.84,,14.202,71.0134,1.125274e+14,2759.4811,75,fine,4.3307,5.5696,512,366,0.715400,CO(2-1),304.7448,397.29,False,False,searched,
GL 3379  Gaia DR3 3316364602541746048,GL 3379 Gaia DR3 3316364602541746048,6,A002_Xdaef5a_X6873,5.2080,212.047616,213.875741,15625000.0000,1843750000.0,2751.84,,1.6764,8.3823,4.250408e+14,2555.5401,4,coarse,3.3251,4.4746,512,52,0.103314,SiO(5-4),-3244.8838,-4567.92,False,False,searched,
GL 3379  Gaia DR3 3316364602541746048,GL 3379 Gaia DR3 3316364602541746048,6,A002_Xdaef5a_X6873,5.2080,214.047256,215.875381,15625000.0000,1843750000.0,2751.84,,1.5205,7.60276,3.855128e+14,2579.5358,4,coarse,2.3494,4.5895,512,419,0.818713,SiO(5-4),-2338.9936,-3262.04,False,False,searched,
GL 3379  Gaia DR3 3316364602541746048,GL 3379 Gaia DR3 3316364602541746048,6,A002_Xdaef5a_X6873,5.2080,227.044914,228.873039,15625000.0000,1843750000.0,2751.84,,1.4466,7.23329,3.667784e+14,2735.5077,4,coarse,2.6654,4.9709,512,276,0.539961,CO(2-1),-2446.2114,-3217.05,False,False,searched,
GL 3379  Gaia DR3 3316364602541746048,GL 3379 Gaia DR3 3316364602541746048,6,A002_Xdaef5a_X6873,5.2080,229.038450,230.878782,488281.2500,1840820312.5,2751.84,,9.30814,46.5425,7.375092e+13,2759.5034,75,fine,4.9481,5.6283,512,52,0.103314,CO(2-1),-649.4521,-846.68,False,False,searched,
GL 3379  Gaia DR3 3316364602541746048,GL 3379 Gaia DR3 3316364602541746048,6,A002_Xdaef5a_X7167,5.2080,212.047513,213.875638,15625000.0000,1843750000.0,1451.52,,2.36785,11.8396,6.003514e+14,2555.5389,3,coarse,3.0527,4.7070,512,88,0.173489,SiO(5-4),-3307.4865,-4656.05,False,False,searched,
GL 3379  Gaia DR3 3316364602541746048,GL 3379 Gaia DR3 3316364602541746048,6,A002_Xdaef5a_X7167,5.2080,214.047153,215.875278,15625000.0000,1843750000.0,1451.52,,2.15367,10.7687,5.460489e+14,2579.5346,3,coarse,2.9353,4.0126,512,151,0.296296,SiO(5-4),-2448.4723,-3414.73,False,False,searched,
GL 3379  Gaia DR3 3316364602541746048,GL 3379 Gaia DR3 3316364602541746048,6,A002_Xdaef5a_X7167,5.2080,227.044804,228.872929,15625000.0000,1843750000.0,1451.52,,2.01624,10.0816,5.112054e+14,2735.5064,3,coarse,2.1412,4.1112,512,462,0.902534,CO(2-1),-2336.9464,-3073.36,False,False,searched,
GL 3379  Gaia DR3 3316364602541746048,GL 3379 Gaia DR3 3316364602541746048,6,A002_Xdaef5a_X7167,5.2080,229.038339,230.878671,488281.2500,1840820312.5,1451.52,,12.9431,64.7181,1.025518e+14,2759.5021,39,fine,4.4827,5.4050,512,151,0.296296,CO(2-1),-810.6959,-1056.89,False,False,searched,
GL 3379  Gaia DR3 3316364602541746048,GL 3379 Gaia DR3 3316364602541746048,6,A002_Xdb3eb4_X899,5.2080,212.048406,213.876531,15625000.0000,1843750000.0,2751.84,,2.66925,13.3466,6.767680e+14,2555.5496,4,coarse,2.6120,4.3152,512,289,0.565302,SiO(5-4),-4556.5937,-6414.43,False,False,searched,
GL 3379  Gaia DR3 3316364602541746048,GL 3379 Gaia DR3 3316364602541746048,6,A002_Xdb3eb4_X899,5.2080,214.048054,215.876179,15625000.0000,1843750000.0,2751.84,,2.4928,12.4644,6.320305e+14,2579.5454,4,coarse,4.3087,4.9249,512,3,0.007797,SiO(5-4),-2775.6961,-3871.07,False,False,searched,
GL 3379  Gaia DR3 3316364602541746048,GL 3379 Gaia DR3 3316364602541746048,6,A002_Xdb3eb4_X899,5.2080,227.045759,228.873884,15625000.0000,1843750000.0,2751.84,,2.3676,11.8384,6.002896e+14,2735.5179,4,coarse,2.6925,4.4101,512,253,0.495127,CO(2-1),-2664.1157,-3503.61,False,False,searched,
GL 3379  Gaia DR3 3316364602541746048,GL 3379 Gaia DR3 3316364602541746048,6,A002_Xdb3eb4_X899,5.2080,229.039303,230.879635,488281.2500,1840820312.5,2751.84,,15.0393,75.1992,1.191601e+14,2759.5136,75,fine,4.7551,6.0842,512,87,0.171540,CO(2-1),-107.0951,-139.62,False,False,searched,
GL 3379  Gaia DR3 3316364602541746048,GL 3379 Gaia DR3 3316364602541746048,6,A002_Xdd0d37_X17f99,5.2080,212.060028,213.888153,15625000.0000,1843750000.0,2751.84,,1.79375,8.96881,4.547812e+14,2555.6891,4,coarse,3.6674,5.0314,512,25,0.050682,SiO(5-4),-3388.7219,-4770.13,False,False,searched,
GL 3379  Gaia DR3 3316364602541746048,GL 3379 Gaia DR3 3316364602541746048,6,A002_Xdd0d37_X17f99,5.2080,214.059785,215.887910,15625000.0000,1843750000.0,2751.84,,1.65977,8.2989,4.208123e+14,2579.6862,4,coarse,2.4125,4.7690,512,395,0.771930,SiO(5-4),-2201.4651,-3070.06,False,False,searched,
GL 3379  Gaia DR3 3316364602541746048,GL 3379 Gaia DR3 3316364602541746048,6,A002_Xdd0d37_X17f99,5.2080,227.058200,228.886325,15625000.0000,1843750000.0,2751.84,,1.5933,7.96656,4.039599e+14,2735.6671,4,coarse,3.0812,4.2408,512,101,0.198830,CO(2-1),-3261.0504,-4288.41,False,False,searched,
GL 3379  Gaia DR3 3316364602541746048,GL 3379 Gaia DR3 3316364602541746048,6,A002_Xdd0d37_X17f99,5.2080,229.051853,230.892185,488281.2500,1840820312.5,2751.84,,10.0399,50.1999,7.954637e+13,2759.6642,75,fine,4.1020,5.6947,512,478,0.933723,CO(2-1),142.7590,186.10,False,False,searched,
GL 3379  Gaia DR3 3316364602541746048,GL 3379 Gaia DR3 3316364602541746048,6,A002_Xdd0d37_X18197,5.2080,212.059957,213.888082,15625000.0000,1843750000.0,2751.84,,1.73393,8.66971,4.396147e+14,2555.6882,4,coarse,3.3238,4.9198,512,32,0.064327,SiO(5-4),-4982.5435,-7013.67,False,False,searched,
GL 3379  Gaia DR3 3316364602541746048,GL 3379 Gaia DR3 3316364602541746048,6,A002_Xdd0d37_X18197,5.2080,214.059713,215.887838,15625000.0000,1843750000.0,2751.84,,1.58696,7.93486,4.023526e+14,2579.6853,4,coarse,2.5275,4.5449,512,341,0.666667,SiO(5-4),-1639.0374,-2285.73,False,False,searched,
GL 3379  Gaia DR3 3316364602541746048,GL 3379 Gaia DR3 3316364602541746048,6,A002_Xdd0d37_X18197,5.2080,227.058123,228.886248,15625000.0000,1843750000.0,2751.84,,1.53705,7.6853,3.896983e+14,2735.6662,4,coarse,2.3783,4.5769,512,423,0.826511,CO(2-1),-3448.6271,-4535.08,False,False,searched,
GL 3379  Gaia DR3 3316364602541746048,GL 3379 Gaia DR3 3316364602541746048,6,A002_Xdd0d37_X18197,5.2080,229.051775,230.892107,488281.2500,1840820312.5,2751.84,,9.82481,49.1245,7.784229e+13,2759.6633,75,fine,4.4475,5.8194,512,282,0.551657,CO(2-1),-518.9394,-676.49,False,False,searched,
LSR J18353259,LSR J18353259,3,A002_Xba3ea7_X2ab4,5.6885,89.627387,91.361762,15625000.0000,1750000000.0,2588.54,,0.169231,0.846989,5.123958e+13,1085.9349,2,coarse,2.0124,4.0986,512,465,0.908382,HCO+(1-0),2110.2625,6990.92,False,False,searched,
LSR J18353259,LSR J18353259,3,A002_Xba3ea7_X2ab4,5.6885,91.564887,93.299262,15625000.0000,1750000000.0,2588.54,,0.175738,0.879592,5.321197e+13,1109.1849,2,coarse,2.8079,4.1248,512,136,0.267057,HCO+(1-0),3907.1375,12672.34,False,False,searched,
LSR J18353259,LSR J18353259,3,A002_Xba3ea7_X2ab4,5.6885,101.627387,103.361762,15625000.0000,1750000000.0,2588.54,,0.177982,0.891036,5.390426e+13,1229.9349,2,coarse,1.8887,4.1581,512,490,0.957115,CN(1-0),-10754.2375,-31455.71,False,False,searched,
LSR J18353259,LSR J18353259,3,A002_Xba3ea7_X2ab4,5.6885,103.627387,105.361762,15625000.0000,1750000000.0,2588.54,,0.184246,0.922444,5.580433e+13,1253.9349,2,coarse,2.3399,4.3493,512,330,0.645224,CN(1-0),-9301.1125,-26684.67,False,False,searched,
LSR J18353259,LSR J18353259,3,A002_Xbb44e1_X5d00,5.6885,89.627387,91.361762,15625000.0000,1750000000.0,2092.61,,0.220683,1.1045,6.681814e+13,1085.9349,2,coarse,2.3485,3.9803,512,341,0.666667,HCO+(1-0),2157.1375,7146.21,False,False,searched,
LSR J18353259,LSR J18353259,3,A002_Xbb44e1_X5d00,5.6885,91.564887,93.299262,15625000.0000,1750000000.0,2092.61,,0.22031,1.10269,6.670832e+13,1109.1849,2,coarse,2.0244,4.4538,512,462,0.902534,HCO+(1-0),3063.3875,9935.73,False,False,searched,
LSR J18353259,LSR J18353259,3,A002_Xbb44e1_X5d00,5.6885,101.627387,103.361762,15625000.0000,1750000000.0,2092.61,,0.230943,1.15618,6.994439e+13,1229.9349,2,coarse,2.7266,4.3891,512,162,0.317739,CN(1-0),-11504.2375,-33649.43,False,False,searched,
LSR J18353259,LSR J18353259,3,A002_Xbb44e1_X5d00,5.6885,103.627387,105.361762,15625000.0000,1750000000.0,2092.61,,0.23667,1.18491,7.168238e+13,1253.9349,2,coarse,3.9335,4.3895,512,4,0.009747,CN(1-0),-9176.1125,-26326.05,False,False,searched,
HN Lib,HN Lib,6,A002_Xdc621b_X2bb0,6.2530,212.080541,213.908666,15625000.0000,1843750000.0,1451.52,,2.32822,11.6411,8.509548e+14,2555.9352,3,coarse,2.4181,4.7670,512,355,0.693957,SiO(5-4),-3461.9591,-4872.75,False,False,searched,
HN Lib,HN Lib,6,A002_Xdc621b_X2bb0,6.2530,214.080490,215.908615,15625000.0000,1843750000.0,1451.52,,2.14914,10.7457,7.855024e+14,2579.9346,3,coarse,2.0134,4.2313,512,492,0.961014,SiO(5-4),-1399.5098,-1951.50,False,False,searched,
HN Lib,HN Lib,6,A002_Xdc621b_X2bb0,6.2530,227.080122,228.908247,15625000.0000,1843750000.0,1451.52,,2.07422,10.3711,7.581182e+14,2735.9302,3,coarse,2.8889,4.3965,512,177,0.346979,CO(2-1),-2082.8784,-2738.80,False,False,searched,
HN Lib,HN Lib,6,A002_Xdc621b_X2bb0,6.2530,229.074003,230.914335,488281.2500,1840820312.5,1451.52,,13.1766,65.8832,1.504999e+14,2759.9300,42,fine,4.2403,5.9787,512,350,0.684211,CO(2-1),-859.9934,-1120.98,False,False,searched,
HN Lib,HN Lib,6,A002_Xdc946c_X226,6.2530,212.079364,213.907489,15625000.0000,1843750000.0,2600.64,,2.64836,13.2419,9.679670e+14,2555.9211,4,coarse,3.4523,5.0493,512,38,0.076023,SiO(5-4),-3260.0108,-4588.53,False,False,searched,
HN Lib,HN Lib,6,A002_Xdc946c_X226,6.2530,214.079302,215.907427,15625000.0000,1843750000.0,2600.64,,2.47893,12.3947,9.060406e+14,2579.9204,4,coarse,2.9884,4.1609,512,105,0.206628,SiO(5-4),-2603.8225,-3630.84,False,False,searched,
HN Lib,HN Lib,6,A002_Xdc946c_X226,6.2530,227.078897,228.907022,15625000.0000,1843750000.0,2600.64,,2.41762,12.0882,8.836342e+14,2735.9155,4,coarse,2.7736,4.4932,512,217,0.424951,CO(2-1),-3209.1027,-4219.71,False,False,searched,
HN Lib,HN Lib,6,A002_Xdc946c_X226,6.2530,229.072732,230.913064,488281.2500,1840820312.5,2600.64,,15.059,75.2953,1.720004e+14,2759.9148,79,fine,4.6749,5.6942,512,150,0.294347,CO(2-1),-1067.8070,-1391.87,False,False,searched,
HN Lib,HN Lib,6,A002_Xdcad18_X305b,6.2530,212.078792,213.906917,15625000.0000,1843750000.0,2600.64,,2.041,10.205,7.459785e+14,2555.9143,4,coarse,2.9946,4.3439,512,126,0.247563,SiO(5-4),-4682.4580,-6590.67,False,False,searched,
HN Lib,HN Lib,6,A002_Xdcad18_X305b,6.2530,214.078725,215.906850,15625000.0000,1843750000.0,2600.64,,1.89167,9.45842,6.914011e+14,2579.9134,4,coarse,2.9596,4.1270,512,151,0.296296,SiO(5-4),-1963.7751,-2738.35,False,False,searched,
HN Lib,HN Lib,6,A002_Xdcad18_X305b,6.2530,227.078285,228.906410,15625000.0000,1843750000.0,2600.64,,1.84267,9.21338,6.734894e+14,2735.9082,4,coarse,2.1147,4.2351,512,490,0.957115,CO(2-1),-2381.5901,-3131.61,False,False,searched,
HN Lib,HN Lib,6,A002_Xdcad18_X305b,6.2530,229.072114,230.912446,488281.2500,1840820312.5,2600.64,,11.5699,57.8499,1.321490e+14,2759.9074,79,fine,4.5341,5.7560,512,240,0.469786,CO(2-1),-679.2647,-885.41,False,False,searched,
HN Lib,HN Lib,6,A002_Xdcbe57_X2dd3,6.2530,212.078482,213.906607,15625000.0000,1843750000.0,2600.64,,1.96265,9.81328,7.173411e+14,2555.9105,4,coarse,2.3638,4.7568,512,416,0.812865,SiO(5-4),-4682.7685,-6591.12,False,False,searched,
HN Lib,HN Lib,6,A002_Xdcbe57_X2dd3,6.2530,214.078412,215.906537,15625000.0000,1843750000.0,2600.64,,1.81842,9.09214,6.646265e+14,2579.9097,4,coarse,2.3671,4.3097,512,429,0.838207,SiO(5-4),-2385.9635,-3327.06,False,False,searched,
HN Lib,HN Lib,6,A002_Xdcbe57_X2dd3,6.2530,227.077953,228.906078,15625000.0000,1843750000.0,2600.64,,1.96082,9.80417,7.166750e+14,2735.9042,4,coarse,2.8586,4.7334,512,239,0.467836,CO(2-1),-2694.4225,-3542.96,False,False,searched,
HN Lib,HN Lib,6,A002_Xdcbe57_X2dd3,6.2530,229.071779,230.912111,488281.2500,1840820312.5,2600.64,,11.1593,55.7967,1.274588e+14,2759.9033,79,fine,4.4229,5.6400,512,314,0.614035,CO(2-1),358.4860,467.28,False,False,searched,
HN Lib,HN Lib,6,A002_Xdcf222_X4da7,6.2530,212.077223,213.905348,15625000.0000,1843750000.0,2600.64,,2.06036,10.3019,7.530581e+14,2555.8954,4,coarse,2.7825,4.5699,512,210,0.411306,SiO(5-4),-4777.7770,-6724.88,False,False,searched,
HN Lib,HN Lib,6,A002_Xdcf222_X4da7,6.2530,214.077141,215.905266,15625000.0000,1843750000.0,2600.64,,1.91021,9.55112,6.981777e+14,2579.8944,4,coarse,2.5505,3.9045,512,306,0.598441,SiO(5-4),-1762.2338,-2457.33,False,False,searched,
HN Lib,HN Lib,6,A002_Xdcf222_X4da7,6.2530,227.076605,228.904730,15625000.0000,1843750000.0,2600.64,,1.84529,9.22654,6.744508e+14,2735.8880,4,coarse,2.1554,4.6054,512,486,0.949318,CO(2-1),-2086.3946,-2743.47,False,False,searched,
HN Lib,HN Lib,6,A002_Xdcf222_X4da7,6.2530,229.070420,230.910752,488281.2500,1840820312.5,2600.64,,11.6976,58.4884,1.336077e+14,2759.8870,79,fine,4.1461,6.0410,512,477,0.931774,CO(2-1),-465.6268,-606.94,False,False,searched,
GJ 581,GJ 581,6,A002_Xd16a1e_X8d4,6.3005,223.085939,224.914064,15625000.0000,1843750000.0,2998.80,,1.73006,8.65139,6.420411e+14,2688.0000,4,coarse,2.2600,4.3310,512,472,0.922027,13CO(2-1),4280.6894,5729.10,False,False,searched,
GJ 581,GJ 581,6,A002_Xd16a1e_X8d4,6.3005,223.085939,224.914064,15625000.0000,1843750000.0,2998.80,,1.73006,8.65139,6.420411e+14,2688.0000,4,coarse,2.2600,4.3310,512,472,0.922027,13CO(2-1),4280.6894,5729.10,False,False,duplicate_row,
GJ 581,GJ 581,6,A002_Xd16a1e_X8d4,6.3005,225.085939,226.914064,15625000.0000,1843750000.0,2998.80,,1.63696,8.18585,6.074926e+14,2712.0000,4,coarse,3.2476,4.3711,512,88,0.173489,13CO(2-1),5061.9394,6714.74,False,False,searched,
GJ 581,GJ 581,6,A002_Xd16a1e_X8d4,6.3005,239.085936,240.914061,15625000.0000,1843750000.0,2998.80,,1.8009,9.00581,6.683434e+14,2880.0000,4,coarse,3.4543,4.6919,512,40,0.079922,CS(5-4),-4693.8144,-5863.21,False,False,searched,
GJ 581,GJ 581,6,A002_Xd16a1e_X8d4,6.3005,241.085936,242.914061,15625000.0000,1843750000.0,2998.80,,1.89811,9.49196,7.044221e+14,2904.0000,4,coarse,2.5306,4.4183,512,331,0.647173,CS(5-4),-2709.4394,-3356.49,False,False,searched,
GJ 581,GJ 581,6,A002_Xd16a1e_Xf0d,6.3005,223.085939,224.914064,15625000.0000,1843750000.0,2997.79,,2.21778,11.0903,8.230390e+14,2688.0000,4,coarse,2.9466,4.6173,512,171,0.335283,13CO(2-1),4280.6894,5729.10,False,False,searched,
GJ 581,GJ 581,6,A002_Xd16a1e_Xf0d,6.3005,225.085939,226.914064,15625000.0000,1843750000.0,2998.80,,2.11572,10.58,7.851664e+14,2712.0000,4,coarse,2.2652,4.2024,512,437,0.853801,CO(2-1),-4061.4356,-5387.56,False,False,searched,
GJ 581,GJ 581,6,A002_Xd16a1e_Xf0d,6.3005,239.085936,240.914061,15625000.0000,1843750000.0,2998.80,,2.32843,11.6438,8.641180e+14,2880.0000,4,coarse,2.9596,4.8824,512,186,0.364522,CS(5-4),-5631.3144,-7034.27,False,False,searched,
GJ 581,GJ 581,6,A002_Xd16a1e_Xf0d,6.3005,241.085936,242.914061,15625000.0000,1843750000.0,2997.79,,2.44314,12.2175,9.066909e+14,2904.0000,4,coarse,3.1564,4.5348,512,110,0.216374,CS(5-4),-3678.1894,-4556.58,False,False,searched,
GJ 581,GJ 581,6,A002_Xd1b0f3_X2f3,6.3005,223.085939,224.914064,15625000.0000,1843750000.0,2998.80,,1.59185,7.96025,5.907502e+14,2688.0000,4,coarse,2.9796,4.3019,512,135,0.265107,13CO(2-1),4046.3144,5415.42,False,False,searched,
GJ 581,GJ 581,6,A002_Xd1b0f3_X2f3,6.3005,225.085939,226.914064,15625000.0000,1843750000.0,2998.80,,1.49445,7.47316,5.546018e+14,2712.0000,4,coarse,2.6110,4.5946,512,322,0.629630,13CO(2-1),4686.9394,6217.30,False,False,searched,
GJ 581,GJ 581,6,A002_Xd1b0f3_X2f3,6.3005,239.085936,240.914061,15625000.0000,1843750000.0,2998.80,,1.64054,8.20386,6.088291e+14,2880.0000,4,coarse,2.8945,4.6047,512,208,0.407407,CS(5-4),-4475.0644,-5589.96,False,False,searched,
GJ 581,GJ 581,6,A002_Xd1b0f3_X2f3,6.3005,241.085936,242.914061,15625000.0000,1843750000.0,2998.80,,1.73346,8.66856,6.433153e+14,2904.0000,4,coarse,3.3494,4.0784,512,45,0.089669,CS(5-4),-2975.0644,-3685.54,False,False,searched,
GJ 581,GJ 581,6,A002_Xd1b0f3_Xb67,6.3005,223.085939,224.914064,15625000.0000,1843750000.0,2998.80,,1.83114,9.15681,6.795496e+14,2688.0000,4,coarse,3.0323,3.9686,512,112,0.220273,13CO(2-1),3640.0644,4871.71,False,False,searched,
GJ 581,GJ 581,6,A002_Xd1b0f3_Xb67,6.3005,225.085939,226.914064,15625000.0000,1843750000.0,2998.80,,1.73923,8.69725,6.454451e+14,2712.0000,4,coarse,2.6881,4.9362,512,286,0.559454,CO(2-1),-4592.6856,-6092.27,False,False,searched,
GJ 581,GJ 581,6,A002_Xd1b0f3_Xb67,6.3005,239.085936,240.914061,15625000.0000,1843750000.0,2998.80,,1.91007,9.55168,7.088542e+14,2880.0000,4,coarse,1.8961,4.3398,512,507,0.990253,CS(5-4),-5162.5644,-6448.74,False,False,searched,
GJ 581,GJ 581,6,A002_Xd1b0f3_Xb67,6.3005,241.085936,242.914061,15625000.0000,1843750000.0,2998.80,,2.01145,10.0587,7.464813e+14,2904.0000,4,coarse,3.4184,4.3721,512,45,0.089669,CS(5-4),-3396.9394,-4208.17,False,False,searched,
GJ 581,GJ 581,6,A002_Xd1c06f_X4a7,6.3005,223.085939,224.914064,15625000.0000,1843750000.0,2998.80,,2.27608,11.3818,8.446717e+14,2688.0000,4,coarse,2.5466,4.7721,512,319,0.623782,13CO(2-1),3858.8144,5164.48,False,False,searched,
GJ 581,GJ 581,6,A002_Xd1c06f_X4a7,6.3005,225.085939,226.914064,15625000.0000,1843750000.0,2998.80,,2.16462,10.8245,8.033102e+14,2712.0000,4,coarse,2.7013,4.4064,512,259,0.506823,CO(2-1),-4748.9356,-6299.54,False,False,searched,
GJ 581,GJ 581,6,A002_Xd1c06f_X4a7,6.3005,239.085936,240.914061,15625000.0000,1843750000.0,2998.80,,2.39101,11.9567,8.873379e+14,2880.0000,4,coarse,2.2810,4.6204,512,447,0.873294,CS(5-4),-4615.6894,-5765.62,False,False,searched,
GJ 581,GJ 581,6,A002_Xd1c06f_X4a7,6.3005,241.085936,242.914061,15625000.0000,1843750000.0,2998.80,,2.51864,12.595,9.347043e+14,2904.0000,4,coarse,2.7859,4.7657,512,246,0.481481,CS(5-4),-2443.8144,-3027.43,False,False,searched,
GJ 581,GJ 581,6,A002_Xd1c06f_X9f4c,6.3005,223.085939,224.914064,15625000.0000,1843750000.0,2998.80,,1.97542,9.87829,7.330924e+14,2688.0000,4,coarse,2.6919,4.6195,512,285,0.557505,13CO(2-1),3655.6894,4892.63,False,False,searched,
GJ 581,GJ 581,6,A002_Xd1c06f_X9f4c,6.3005,225.085939,226.914064,15625000.0000,1843750000.0,2998.80,,1.8677,9.33964,6.931185e+14,2712.0000,4,coarse,2.4392,4.3273,512,394,0.769981,CO(2-1),-4952.0606,-6568.98,False,False,searched,
GJ 581,GJ 581,6,A002_Xd1c06f_X9f4c,6.3005,239.085936,240.914061,15625000.0000,1843750000.0,2998.80,,2.07664,10.3846,7.706691e+14,2880.0000,4,coarse,3.9206,4.2087,512,9,0.019493,CS(5-4),-5240.6894,-6546.33,False,False,searched,
GJ 581,GJ 581,6,A002_Xd1c06f_X9f4c,6.3005,241.085936,242.914061,15625000.0000,1843750000.0,2998.80,,2.19443,10.9737,8.143861e+14,2904.0000,4,coarse,2.8493,4.4903,512,208,0.407407,CS(5-4),-3021.9394,-3743.61,False,False,searched,
GJ 581,GJ 581,6,A002_Xd1daeb_X282,6.3005,223.085939,224.914064,15625000.0000,1843750000.0,2998.80,,1.58834,7.94265,5.894444e+14,2688.0000,4,coarse,2.7215,4.6418,512,271,0.530214,13CO(2-1),4436.9394,5938.22,False,False,searched,
GJ 581,GJ 581,6,A002_Xd1daeb_X282,6.3005,225.085939,226.914064,15625000.0000,1843750000.0,2998.80,,1.48898,7.4458,5.525713e+14,2712.0000,4,coarse,2.7691,4.8209,512,235,0.460039,CO(2-1),-3717.6856,-4931.57,False,False,searched,
GJ 581,GJ 581,6,A002_Xd1daeb_X282,6.3005,239.085936,240.914061,15625000.0000,1843750000.0,2998.80,,1.63566,8.17942,6.070154e+14,2880.0000,4,coarse,2.5659,4.1925,512,342,0.668616,CS(5-4),-4521.9394,-5648.51,False,False,searched,
GJ 581,GJ 581,6,A002_Xd1daeb_X282,6.3005,241.085936,242.914061,15625000.0000,1843750000.0,2998.80,,1.73243,8.66336,6.429298e+14,2904.0000,4,coarse,3.5468,4.4570,512,31,0.062378,CS(5-4),-3068.8144,-3801.68,False,False,searched,
GJ 581,GJ 581,6,A002_Xd21a3a_X8a5a,6.3005,223.085939,224.914064,15625000.0000,1843750000.0,2998.80,,1.22847,6.14305,4.558915e+14,2688.0000,4,coarse,3.2220,4.4717,512,73,0.144250,13CO(2-1),2827.5644,3784.30,False,False,searched,
GJ 581,GJ 581,6,A002_Xd21a3a_X8a5a,6.3005,225.085939,226.914064,15625000.0000,1843750000.0,2998.80,,1.13806,5.69098,4.223415e+14,2712.0000,4,coarse,2.1074,4.2627,512,486,0.949318,13CO(2-1),4718.1894,6258.75,False,False,searched,
GJ 581,GJ 581,6,A002_Xd21a3a_X8a5a,6.3005,239.085936,240.914061,15625000.0000,1843750000.0,2998.80,,1.24949,6.24825,4.636986e+14,2880.0000,4,coarse,2.6249,4.5899,512,337,0.658869,CS(5-4),-4725.0644,-5902.24,False,False,searched,
GJ 581,GJ 581,6,A002_Xd21a3a_X8a5a,6.3005,241.085936,242.914061,15625000.0000,1843750000.0,2998.80,,1.32769,6.63933,4.927216e+14,2904.0000,4,coarse,3.1083,4.4876,512,137,0.269006,CS(5-4),-3662.5644,-4537.23,False,False,searched,
GJ 581,GJ 581,6,A002_Xd248b5_X2fa,6.3005,223.085939,224.914064,15625000.0000,1843750000.0,2998.80,,1.23968,6.19908,4.600495e+14,2688.0000,4,coarse,2.8419,4.1967,512,205,0.401559,13CO(2-1),3827.5644,5122.66,False,False,searched,
GJ 581,GJ 581,6,A002_Xd248b5_X2fa,6.3005,225.085939,226.914064,15625000.0000,1843750000.0,2998.80,,1.13977,5.69948,4.229730e+14,2712.0000,4,coarse,2.2071,4.7769,512,467,0.912281,13CO(2-1),4733.8144,6279.48,False,False,searched,
GJ 581,GJ 581,6,A002_Xd248b5_X2fa,6.3005,239.085936,240.914061,15625000.0000,1843750000.0,2998.80,,1.24609,6.23122,4.624341e+14,2880.0000,4,coarse,2.5917,4.5438,512,300,0.586745,CS(5-4),-5084.4394,-6351.15,False,False,searched,
GJ 581,GJ 581,6,A002_Xd248b5_X2fa,6.3005,241.085936,242.914061,15625000.0000,1843750000.0,2998.80,,1.33003,6.651,4.935876e+14,2904.0000,4,coarse,2.9893,4.5622,512,156,0.306043,CS(5-4),-2725.0644,-3375.84,False,False,searched,
lp 876-10  Gaia DR3 6623351805412369024,lp 876-10 Gaia DR3 6623351805412369024,7,A002_Xcda49e_Xdebb,7.6763,332.966462,334.700837,15625000.0000,1750000000.0,2788.13,,0.290337,1.45251,1.600137e+14,4006.0038,4,coarse,2.7089,4.6287,512,289,0.565302,CO(3-2),-11954.5385,-10735.53,False,False,searched,
lp 876-10  Gaia DR3 6623351805412369024,lp 876-10 Gaia DR3 6623351805412369024,7,A002_Xcda49e_Xdebb,7.6763,334.924462,336.658837,15625000.0000,1750000000.0,2788.13,,0.251161,1.25653,1.384234e+14,4029.4998,4,coarse,3.7578,4.5353,512,15,0.031189,CO(3-2),-10387.1635,-9273.59,False,False,searched,
lp 876-10  Gaia DR3 6623351805412369024,lp 876-10 Gaia DR3 6623351805412369024,7,A002_Xcda49e_Xdebb,7.6763,344.971100,346.696198,488281.2500,1725585937.5,2026.08,,1.57025,7.85125,2.702878e+13,4150.0038,91,fine,4.1514,5.8031,512,495,0.966862,,,,False,False,duplicate_row,
lp 876-10  Gaia DR3 6623351805412369024,lp 876-10 Gaia DR3 6623351805412369024,7,A002_Xcda49e_Xdebb,7.6763,344.971100,346.696198,488281.2500,1725585937.5,2026.08,,1.57025,7.85604,2.704528e+13,4150.0038,91,fine,4.1514,5.8031,512,495,0.966862,CO(3-2),24.2213,21.00,False,False,searched,
lp 876-10  Gaia DR3 6623351805412369024,lp 876-10 Gaia DR3 6623351805412369024,7,A002_Xcda49e_Xdebb,7.6763,346.966462,348.700837,15625000.0000,1750000000.0,2788.13,,0.297169,1.48676,1.637872e+14,4174.0038,4,coarse,2.3962,4.5387,512,425,0.830409,CO(3-2),1654.8365,1426.28,False,False,searched,
lp 876-10  Gaia DR3 6623351805412369024,lp 876-10 Gaia DR3 6623351805412369024,7,A002_Xce0587_Xe4d0,7.6763,332.966395,334.700770,15625000.0000,1750000000.0,2788.13,,0.352173,1.76186,1.940932e+14,4006.0030,4,coarse,2.1869,4.9108,512,482,0.941520,CO(3-2),-12360.8545,-11100.41,False,False,searched,
lp 876-10  Gaia DR3 6623351805412369024,lp 876-10 Gaia DR3 6623351805412369024,7,A002_Xce0587_Xe4d0,7.6763,334.924395,336.658770,15625000.0000,1750000000.0,2788.13,,0.307476,1.53826,1.694606e+14,4029.4990,4,coarse,2.6488,4.3031,512,296,0.578947,CO(3-2),-10168.4795,-9078.35,False,False,searched,
lp 876-10  Gaia DR3 6623351805412369024,lp 876-10 Gaia DR3 6623351805412369024,7,A002_Xce0587_Xe4d0,7.6763,344.971034,346.696132,488281.2500,1725585937.5,2026.08,,1.89446,9.47809,3.262936e+13,4150.0030,92,fine,4.2933,5.6518,512,432,0.844055,CO(3-2),-675.0635,-585.19,False,False,searched,
lp 876-10  Gaia DR3 6623351805412369024,lp 876-10 Gaia DR3 6623351805412369024,7,A002_Xce0587_Xe4d0,7.6763,346.966395,348.700770,15625000.0000,1750000000.0,2788.13,,0.356798,1.78509,1.966517e+14,4174.0030,4,coarse,2.3995,4.8511,512,415,0.810916,CO(3-2),2576.6455,2220.77,False,False,searched,
lp 876-10  Gaia DR3 6623351805412369024,lp 876-10 Gaia DR3 6623351805412369024,7,A002_Xce574d_X8706,7.6763,332.965910,334.700285,15625000.0000,1750000000.0,2788.13,,0.282218,1.41189,1.555388e+14,4005.9972,4,coarse,2.4200,4.6925,512,393,0.768031,CO(3-2),-12767.5895,-11465.69,False,False,searched,
lp 876-10  Gaia DR3 6623351805412369024,lp 876-10 Gaia DR3 6623351805412369024,7,A002_Xce574d_X8706,7.6763,334.923910,336.658285,15625000.0000,1750000000.0,2788.13,,0.243853,1.21996,1.343956e+14,4029.4932,4,coarse,2.7421,4.3949,512,263,0.514620,CO(3-2),-10387.7145,-9274.09,False,False,searched,
lp 876-10  Gaia DR3 6623351805412369024,lp 876-10 Gaia DR3 6623351805412369024,7,A002_Xce574d_X8706,7.6763,344.970549,346.695647,488281.2500,1725585937.5,2026.08,,1.56965,7.85303,2.703492e+13,4149.9972,95,fine,4.5901,5.7260,512,214,0.419103,CO(3-2),227.2835,197.03,False,False,searched,
lp 876-10  Gaia DR3 6623351805412369024,lp 876-10 Gaia DR3 6623351805412369024,7,A002_Xce574d_X8706,7.6763,346.965910,348.700285,15625000.0000,1750000000.0,2788.13,,0.290721,1.4545,1.602328e+14,4173.9972,4,coarse,2.4573,4.6763,512,374,0.730994,CO(3-2),1966.7855,1695.14,False,False,searched,
61 Vir,61 Vir,7,A002_X9db5ce_X224b,8.5344,332.927378,334.661753,15625000.0000,1750000000.0,2751.84,,0.398093,1.99047,2.710401e+14,4005.5348,5,coarse,2.2506,5.0395,512,468,0.914230,CO(3-2),-12806.1218,-11501.62,False,False,searched,
61 Vir,61 Vir,7,A002_X9db5ce_X224b,8.5344,334.864878,336.599253,15625000.0000,1750000000.0,2751.84,,0.344149,1.72075,2.343125e+14,4028.7848,5,coarse,3.4262,4.5856,512,46,0.091618,CO(3-2),-9446.7468,-8435.49,False,False,searched,
61 Vir,61 Vir,7,A002_X9db5ce_X224b,8.5344,344.932017,346.657115,488281.2500,1725585937.5,2751.84,,1.95031,9.75154,4.149559e+13,4149.5348,123,fine,4.5596,6.2212,512,310,0.606238,CO(3-2),446.5637,387.16,False,False,searched,
61 Vir,61 Vir,7,A002_X9db5ce_X224b,8.5344,346.927378,348.661753,15625000.0000,1750000000.0,2751.84,,0.395621,1.9781,2.693565e+14,4173.5348,5,coarse,2.7616,4.6999,512,275,0.538012,CO(3-2),2584.5032,2227.79,False,False,searched,
61 Vir,61 Vir,7,A002_Xc067f7_X822,8.5344,332.926816,334.661191,15625000.0000,1750000000.0,2268.00,,4.74031,23.7018,3.227451e+15,4005.5280,5,coarse,3.0788,4.8097,512,134,0.263158,CO(3-2),-11619.1842,-10435.61,False,False,searched,
61 Vir,61 Vir,7,A002_Xc067f7_X822,8.5344,334.822316,336.556691,15625000.0000,1750000000.0,2268.00,,3.77506,18.8755,2.570257e+15,4028.2740,5,coarse,2.3272,4.3950,512,440,0.859649,CO(3-2),-10833.0592,-9674.62,False,False,searched,
61 Vir,61 Vir,7,A002_Xc067f7_X822,8.5344,344.873837,346.714169,488281.2500,1840820312.5,2268.00,,21.4289,107.146,4.559354e+14,4149.5280,118,fine,5.0382,5.7880,512,45,0.089669,CO(3-2),-236.1276,-204.72,True,False,searched,
61 Vir,61 Vir,7,A002_Xc067f7_X822,8.5344,346.822316,348.556691,15625000.0000,1750000000.0,2268.00,,4.24215,21.211,2.888279e+15,4172.2740,5,coarse,2.4453,4.7691,512,403,0.787524,CO(3-2),2588.8158,2232.19,False,False,searched,
61 Vir,61 Vir,7,A002_Xc074d4_X2e6,8.5344,332.925877,334.660252,15625000.0000,1750000000.0,2268.00,,3.63574,18.1789,2.475404e+15,4005.5168,5,coarse,2.5101,4.8047,512,393,0.768031,CO(3-2),-12870.1226,-11559.15,False,False,searched,
61 Vir,61 Vir,7,A002_Xc074d4_X2e6,8.5344,334.821377,336.555752,15625000.0000,1750000000.0,2268.00,,3.3278,16.6392,2.265745e+15,4028.2628,5,coarse,2.9079,4.4220,512,191,0.374269,CO(3-2),-10771.4976,-9619.67,False,False,searched,
61 Vir,61 Vir,7,A002_Xc074d4_X2e6,8.5344,344.872899,346.713231,488281.2500,1840820312.5,2268.00,,18.9647,94.8245,4.035051e+14,4149.5168,118,fine,4.6584,5.8599,512,200,0.391813,CO(3-2),880.1216,763.04,False,False,searched,
61 Vir,61 Vir,7,A002_Xc074d4_X2e6,8.5344,346.821377,348.555752,15625000.0000,1750000000.0,2268.00,,3.75134,18.7569,2.554112e+15,4172.2628,5,coarse,2.3507,4.3087,512,459,0.896686,CO(3-2),1525.3774,1315.25,False,False,searched,
61 Vir,61 Vir,7,A002_Xc079b5_X1ae,8.5344,332.925632,334.660007,15625000.0000,1750000000.0,2268.00,,4.37377,21.8691,2.977894e+15,4005.5138,5,coarse,3.6873,4.4809,512,6,0.013645,CO(3-2),-12542.2430,-11264.68,False,False,searched,
61 Vir,61 Vir,7,A002_Xc079b5_X1ae,8.5344,334.821132,336.555507,15625000.0000,1750000000.0,2268.00,,3.89203,19.4604,2.649902e+15,4028.2598,5,coarse,2.7291,4.4298,512,277,0.541910,CO(3-2),-9506.1180,-8489.61,False,False,searched,
61 Vir,61 Vir,7,A002_Xc079b5_X1ae,8.5344,344.872653,346.712986,488281.2500,1840820312.5,2268.00,,22.2522,111.263,4.734539e+14,4149.5138,117,fine,4.6051,5.8228,512,248,0.485380,CO(3-2),-112.3114,-97.37,False,False,searched,
61 Vir,61 Vir,7,A002_Xc079b5_X1ae,8.5344,346.821132,348.555507,15625000.0000,1750000000.0,2268.00,,4.37346,21.8676,2.977687e+15,4172.2598,5,coarse,2.5731,4.2265,512,342,0.668616,CO(3-2),1103.2570,951.28,False,False,searched,
61 Vir,61 Vir,7,A002_Xc079b5_X82f,8.5344,332.925384,334.659759,15625000.0000,1750000000.0,2268.00,,3.75701,18.7853,2.557975e+15,4005.5109,5,coarse,3.2178,4.7083,512,77,0.152047,CO(3-2),-11683.1163,-10493.07,False,False,searched,
61 Vir,61 Vir,7,A002_Xc079b5_X82f,8.5344,334.820884,336.555259,15625000.0000,1750000000.0,2268.00,,3.42542,17.1273,2.332207e+15,4028.2569,5,coarse,2.5831,4.4104,512,355,0.693957,CO(3-2),-10975.1163,-9801.53,False,False,searched,
61 Vir,61 Vir,7,A002_Xc079b5_X82f,8.5344,344.872405,346.712737,488281.2500,1840820312.5,2268.00,,19.4775,97.3889,4.144176e+14,4149.5109,118,fine,5.9583,5.6475,512,0,0.001949,CO(3-2),517.8115,448.93,True,True,searched,
61 Vir,61 Vir,7,A002_Xc079b5_X82f,8.5344,346.820884,348.555259,15625000.0000,1750000000.0,2268.00,,3.84921,19.2463,2.620749e+15,4172.2569,5,coarse,3.1690,4.5591,512,106,0.208577,CO(3-2),1696.7587,1463.02,False,False,searched,
chi01 Ori,chi01 Ori,3,A002_X74deb6_Xff1,8.6995,94.127387,95.861762,15625000.0000,1750000000.0,2782.08,,0.152002,0.76023,1.075625e+14,1139.9349,2,coarse,3.1880,4.8771,512,61,0.120858,HCO+(1-0),6032.1375,19036.76,False,False,searched,
chi01 Ori,chi01 Ori,3,A002_X74deb6_Xff1,8.6995,96.064887,97.799262,15625000.0000,1750000000.0,2782.08,,0.157706,0.788769,1.116004e+14,1163.1849,2,coarse,3.1653,4.5834,512,46,0.091618,HCO+(1-0),7657.1375,23682.07,False,False,searched,
chi01 Ori,chi01 Ori,3,A002_X74deb6_Xff1,8.6995,106.127387,107.861762,15625000.0000,1750000000.0,2782.08,,0.176197,0.881314,1.246941e+14,1283.9349,3,coarse,2.4921,4.2404,512,333,0.651072,CN(1-0),-7332.3625,-20544.85,False,False,searched,
chi01 Ori,chi01 Ori,3,A002_X74deb6_Xff1,8.6995,108.127387,109.861762,15625000.0000,1750000000.0,2782.08,,0.186197,0.931343,1.317727e+14,1307.9349,3,coarse,3.4507,4.5595,512,35,0.070175,CN(1-0),-4254.2375,-11701.39,False,False,searched,
GJ 849,GJ 849,6,A002_Xd86f11_X584b,8.8149,212.085180,213.913305,15625000.0000,1843750000.0,2661.12,,5.81346,29.0674,4.222489e+15,2555.9909,4,coarse,2.5326,4.5519,512,332,0.649123,SiO(5-4),-4863.5703,-6845.38,False,False,searched,
GJ 849,GJ 849,6,A002_Xd86f11_X584b,8.8149,214.085173,215.913298,15625000.0000,1843750000.0,2661.12,,5.71834,28.5918,4.153406e+15,2579.9908,4,coarse,2.3002,4.0352,512,423,0.826511,SiO(5-4),-1597.9525,-2228.17,False,False,searched,
GJ 849,GJ 849,6,A002_Xd86f11_X584b,8.8149,227.085146,228.913271,15625000.0000,1843750000.0,2661.12,,6.04528,30.2266,4.390876e+15,2735.9905,4,coarse,3.0600,4.6176,512,110,0.216374,CO(2-1),-3374.7295,-4437.38,False,False,searched,
GJ 849,GJ 849,6,A002_Xd86f11_X584b,8.8149,229.079042,230.919374,488281.2500,1840820312.5,2661.12,,36.9463,184.733,8.386018e+14,2759.9905,73,fine,4.6145,6.1987,512,184,0.360624,CO(2-1),-668.4307,-871.27,False,False,searched,
GJ 849,GJ 849,6,A002_Xd86f11_X584b,8.8149,229.079042,230.919374,488281.2500,1840820312.5,2661.12,,36.9463,184.733,8.386018e+14,2759.9905,73,fine,4.6145,6.1987,512,184,0.360624,CO(2-1),-668.4307,-871.27,False,False,duplicate_row,
GJ 849,GJ 849,6,A002_Xd95042_X5feb,8.8149,212.102316,213.930441,15625000.0000,1843750000.0,2661.12,,2.17804,10.8902,1.581970e+15,2556.1965,4,coarse,2.2066,4.4382,512,457,0.892788,SiO(5-4),-4299.5587,-6051.06,False,False,searched,
GJ 849,GJ 849,6,A002_Xd95042_X5feb,8.8149,214.102470,215.930595,15625000.0000,1843750000.0,2661.12,,1.971,9.85502,1.431594e+15,2580.1984,4,coarse,2.5590,4.3073,512,306,0.598441,SiO(5-4),-1299.4049,-1811.73,False,False,searched,
GJ 849,GJ 849,6,A002_Xd95042_X5feb,8.8149,227.103466,228.931591,15625000.0000,1843750000.0,2661.12,,1.93162,9.6581,1.402989e+15,2736.2103,4,coarse,3.4406,4.3465,512,32,0.064327,CO(2-1),-1809.5342,-2379.14,False,False,searched,
GJ 849,GJ 849,6,A002_Xd95042_X5feb,8.8149,229.097516,230.937848,488281.2500,1840820312.5,2661.12,,12.2162,61.0812,2.772808e+14,2760.2122,74,fine,4.9213,5.7028,512,53,0.105263,CO(2-1),-163.1402,-212.63,False,False,searched,
GJ 849,GJ 849,6,A002_Xd95042_X67d7,8.8149,212.102235,213.930360,15625000.0000,1843750000.0,1451.52,,3.25049,16.2525,2.360923e+15,2556.1956,3,coarse,2.3880,4.4043,512,363,0.709552,SiO(5-4),-3862.1400,-5435.45,False,False,searched,
GJ 849,GJ 849,6,A002_Xd95042_X67d7,8.8149,214.102388,215.930513,15625000.0000,1843750000.0,1451.52,,2.98724,14.9362,2.169719e+15,2580.1974,3,coarse,2.2337,4.3467,512,432,0.844055,SiO(5-4),-2205.7369,-3075.41,False,False,searched,
GJ 849,GJ 849,6,A002_Xd95042_X67d7,8.8149,227.103379,228.931504,15625000.0000,1843750000.0,1451.52,,2.99822,14.9911,2.177691e+15,2736.2093,3,coarse,2.6301,4.3213,512,282,0.551657,CO(2-1),-3434.6212,-4515.77,False,False,searched,
GJ 849,GJ 849,6,A002_Xd95042_X67d7,8.8149,229.097428,230.937760,488281.2500,1840820312.5,1451.52,,19.0024,95.0121,4.313119e+14,2760.2111,39,fine,4.3191,5.5472,512,262,0.512671,CO(2-1),-482.5639,-628.95,False,False,searched,
GJ 849,GJ 849,6,A002_Xd9668b_X7c83,8.8149,212.103389,213.931514,15625000.0000,1843750000.0,2661.12,,1.77376,8.8688,1.288330e+15,2556.2094,4,coarse,2.5236,4.5360,512,335,0.654971,SiO(5-4),-4235.9860,-5961.56,False,False,searched,
GJ 849,GJ 849,6,A002_Xd9668b_X7c83,8.8149,214.103553,215.931678,15625000.0000,1843750000.0,2661.12,,1.6195,8.0975,1.176287e+15,2580.2114,4,coarse,2.0914,4.1261,512,481,0.939571,SiO(5-4),-2095.1972,-2921.27,False,False,searched,
GJ 849,GJ 849,6,A002_Xd9668b_X7c83,8.8149,227.104614,228.932739,15625000.0000,1843750000.0,2661.12,,1.55982,7.79913,1.132944e+15,2736.2241,4,coarse,2.5723,4.5949,512,343,0.670565,CO(2-1),-3277.1360,-4308.69,False,False,searched,
GJ 849,GJ 849,6,A002_Xd9668b_X7c83,8.8149,229.098674,230.939006,488281.2500,1840820312.5,2661.12,,9.87704,49.3853,2.241867e+14,2760.2261,73,fine,4.5832,5.8601,512,191,0.374269,CO(2-1),-1236.2007,-1611.19,False,False,searched,
GJ 849,GJ 849,6,A002_Xd9668b_X841a,8.8149,212.103311,213.931436,15625000.0000,1843750000.0,2661.12,,1.96074,9.80372,1.424142e+15,2556.2085,4,coarse,2.5019,4.5472,512,357,0.697856,SiO(5-4),-4861.0641,-6841.27,False,False,searched,
GJ 849,GJ 849,6,A002_Xd9668b_X841a,8.8149,214.103474,215.931599,15625000.0000,1843750000.0,2661.12,,1.8058,9.02904,1.311607e+15,2580.2104,4,coarse,2.9018,4.3681,512,181,0.354776,SiO(5-4),-2845.2760,-3967.08,False,False,searched,
GJ 849,GJ 849,6,A002_Xd9668b_X841a,8.8149,227.104530,228.932655,15625000.0000,1843750000.0,2661.12,,1.75519,8.77599,1.274848e+15,2736.2231,4,coarse,2.9584,4.7786,512,180,0.352827,CO(2-1),-2605.3446,-3425.43,False,False,searched,
GJ 849,GJ 849,6,A002_Xd9668b_X841a,8.8149,229.098590,230.938922,488281.2500,1840820312.5,2661.12,,11.163,55.8153,2.533759e+14,2760.2251,74,fine,5.0904,5.8291,512,19,0.038986,CO(2-1),338.9103,441.72,True,False,searched,
GJ 849,GJ 849,6,A002_Xd9668b_X88ad,8.8149,212.103222,213.931347,15625000.0000,1843750000.0,2661.12,,2.14147,10.7074,1.555411e+15,2556.2074,4,coarse,2.3865,4.9900,512,408,0.797271,SiO(5-4),-3236.1530,-4554.44,False,False,searched,
GJ 849,GJ 849,6,A002_Xd9668b_X88ad,8.8149,214.103384,215.931509,15625000.0000,1843750000.0,2661.12,,1.98676,9.93382,1.443041e+15,2580.2094,4,coarse,2.4216,4.2200,512,388,0.758285,SiO(5-4),-1798.4907,-2507.58,False,False,searched,
GJ 849,GJ 849,6,A002_Xd9668b_X88ad,8.8149,227.104435,228.932560,15625000.0000,1843750000.0,2661.12,,1.94762,9.73812,1.414613e+15,2736.2220,4,coarse,2.6313,4.1339,512,290,0.567251,CO(2-1),-1746.0647,-2295.68,False,False,searched,
GJ 849,GJ 849,6,A002_Xd9668b_X88ad,8.8149,229.098494,230.938826,488281.2500,1840820312.5,2661.12,,12.2233,61.1167,2.774419e+14,2760.2239,73,fine,4.8877,6.0751,512,82,0.161793,CO(2-1),-1035.2091,-1349.23,False,False,searched,
gam Lep,gam Lep,6,A002_Xd28a9e_Xbcdf,8.9050,223.085938,224.914062,15625000.0000,1843750000.0,2649.02,,0.137204,0.686052,1.017090e+14,2688.0000,4,coarse,3.1624,4.5821,512,93,0.183236,13CO(2-1),2718.1875,3637.91,False,False,searched,
gam Lep,gam Lep,6,A002_Xd28a9e_Xbcdf,8.9050,225.085938,226.914062,15625000.0000,1843750000.0,2649.02,,0.125016,0.625108,9.267388e+13,2712.0000,4,coarse,3.1002,4.2538,512,135,0.265107,13CO(2-1),4999.4375,6631.83,False,False,searched,
gam Lep,gam Lep,6,A002_Xd28a9e_Xbcdf,8.9050,239.085938,240.914063,15625000.0000,1843750000.0,2649.02,,0.137021,0.685142,1.015741e+14,2880.0000,4,coarse,2.6656,5.2261,512,283,0.553606,CS(5-4),-4928.1875,-6155.97,False,False,searched,
gam Lep,gam Lep,6,A002_Xd28a9e_Xbcdf,8.9050,241.085938,242.914063,15625000.0000,1843750000.0,2649.02,,0.146936,0.734721,1.089242e+14,2904.0000,4,coarse,2.4417,4.7781,512,408,0.797271,CS(5-4),-3037.5625,-3762.97,False,False,searched,
gam Lep,gam Lep,7,A002_Xd248b5_X5186,8.9050,335.627387,337.361762,15625000.0000,1750000000.0,1173.31,,0.385187,1.92615,2.855563e+14,4037.9349,3,coarse,2.5138,4.1820,512,317,0.619883,CO(3-2),-9059.2375,-8071.13,False,False,searched,
gam Lep,gam Lep,7,A002_Xd248b5_X5186,8.9050,337.564887,339.299262,15625000.0000,1750000000.0,1173.31,,0.318925,1.5948,2.364334e+14,4061.1849,3,coarse,2.1399,4.1198,512,455,0.888889,CO(3-2),-6527.9875,-5782.67,False,False,searched,
gam Lep,gam Lep,7,A002_Xd248b5_X5186,8.9050,347.627387,349.361762,15625000.0000,1750000000.0,1173.31,,0.357927,1.78984,2.653489e+14,4181.9349,3,coarse,2.7957,4.5111,512,196,0.384016,CO(3-2),2909.5125,2502.91,False,False,searched,
gam Lep,gam Lep,7,A002_Xd248b5_X5186,8.9050,349.627387,351.361762,15625000.0000,1750000000.0,1173.31,,0.424007,2.12029,3.143385e+14,4205.9349,3,coarse,3.0592,4.0613,512,94,0.185185,CO(3-2),5018.8875,4292.86,False,False,searched,
HD 285968,HD 285968,6,A002_Xd98580_X3bf6,9.4852,212.046491,213.874616,15625000.0000,1843750000.0,2812.32,,2.32036,11.6019,1.951430e+15,2555.5266,4,coarse,2.8221,4.3224,512,239,0.467836,SiO(5-4),-4808.5089,-6769.12,False,False,searched,
HD 285968,HD 285968,6,A002_Xd98580_X3bf6,9.4852,214.046121,215.874246,15625000.0000,1843750000.0,2812.32,,2.19833,10.9918,1.848802e+15,2579.5222,4,coarse,3.5198,4.3536,512,24,0.048733,SiO(5-4),-2621.3793,-3655.89,False,False,searched,
HD 285968,HD 285968,6,A002_Xd98580_X3bf6,9.4852,227.043709,228.871834,15625000.0000,1843750000.0,2812.32,,2.36196,11.81,1.986427e+15,2735.4933,4,coarse,2.9128,4.8871,512,168,0.329435,CO(2-1),-2134.9157,-2807.68,False,False,searched,
HD 285968,HD 285968,6,A002_Xd98580_X3bf6,9.4852,229.037235,230.877567,488281.2500,1840820312.5,2812.32,,13.2927,66.4645,3.493519e+14,2759.4888,77,fine,5.9557,8.1167,512,33,0.066277,CO(2-1),-35.9209,-46.83,True,False,searched,
HD 285968,HD 285968,6,A002_Xd98580_X3bf6,9.4852,229.037235,230.877567,488281.2500,1840820312.5,2812.32,,13.2927,66.4645,3.493519e+14,2759.4888,77,fine,5.9557,8.1167,512,33,0.066277,CO(2-1),-35.9209,-46.83,True,False,duplicate_row,
HD 285968,HD 285968,6,A002_Xda2c82_X7136,9.4852,212.048118,213.876243,15625000.0000,1843750000.0,2812.32,,4.11138,20.5571,3.457683e+15,2555.5462,4,coarse,2.2378,4.9141,512,472,0.922027,SiO(5-4),-4760.0075,-6700.79,False,False,searched,
HD 285968,HD 285968,6,A002_Xda2c82_X7136,9.4852,214.047762,215.875887,15625000.0000,1843750000.0,2812.32,,3.91153,19.5579,3.289611e+15,2579.5419,4,coarse,2.7483,4.3958,512,245,0.479532,SiO(5-4),-2604.1126,-3631.78,False,False,searched,
HD 285968,HD 285968,6,A002_Xda2c82_X7136,9.4852,227.045450,228.873575,15625000.0000,1843750000.0,2812.32,,4.01301,20.0653,3.374956e+15,2735.5142,4,coarse,2.4919,4.8676,512,385,0.752437,CO(2-1),-2805.0498,-3688.96,False,False,searched,
HD 285968,HD 285968,6,A002_Xda2c82_X7136,9.4852,229.038992,230.879324,488281.2500,1840820312.5,2812.32,,25.0829,125.416,6.592149e+14,2759.5099,77,fine,4.7561,6.4001,512,130,0.255361,CO(2-1),-487.2897,-635.27,False,False,searched,
HD 285968,HD 285968,6,A002_Xdb4b9a_X108f,9.4852,212.053847,213.881972,15625000.0000,1843750000.0,2812.32,,2.33842,11.6921,1.966605e+15,2555.6149,4,coarse,3.0707,4.9764,512,138,0.270955,SiO(5-4),-3285.5284,-4625.00,False,False,searched,
HD 285968,HD 285968,6,A002_Xdb4b9a_X108f,9.4852,214.053545,215.881670,15625000.0000,1843750000.0,2812.32,,2.2035,11.0176,1.853145e+15,2579.6113,4,coarse,2.4171,4.3443,512,389,0.760234,SiO(5-4),-3004.5798,-4190.17,False,False,searched,
HD 285968,HD 285968,6,A002_Xdb4b9a_X108f,9.4852,227.051583,228.879708,15625000.0000,1843750000.0,2812.32,,2.17091,10.8546,1.825733e+15,2735.5877,4,coarse,3.4680,4.4322,512,36,0.072125,CO(2-1),-1861.4173,-2447.91,False,False,searched,
HD 285968,HD 285968,6,A002_Xdb4b9a_X108f,9.4852,229.045178,230.885510,488281.2500,1840820312.5,2812.32,,13.5033,67.5171,3.548847e+14,2759.5841,77,fine,5.8350,7.9438,512,23,0.046784,CO(2-1),-27.9784,-36.47,True,False,searched,
HD 285968,HD 285968,6,A002_Xdb7ab7_X5b4e,9.4852,212.055280,213.883405,15625000.0000,1843750000.0,2812.32,,2.01378,10.069,1.693588e+15,2555.6321,4,coarse,2.6990,4.1676,512,237,0.463938,SiO(5-4),-4018.4696,-5656.72,False,False,searched,
HD 285968,HD 285968,6,A002_Xdb7ab7_X5b4e,9.4852,214.054993,215.883118,15625000.0000,1843750000.0,2812.32,,1.87465,9.3733,1.576579e+15,2579.6287,4,coarse,2.7241,4.6539,512,275,0.538012,SiO(5-4),-1690.6325,-2357.73,False,False,searched,
HD 285968,HD 285968,6,A002_Xdb7ab7_X5b4e,9.4852,227.053118,228.881243,15625000.0000,1843750000.0,2812.32,,1.80026,9.00136,1.514020e+15,2735.6062,4,coarse,2.6820,4.6135,512,264,0.516569,CO(2-1),-3109.8825,-4089.71,False,False,searched,
HD 285968,HD 285968,6,A002_Xdb7ab7_X5b4e,9.4852,229.046726,230.887058,488281.2500,1840820312.5,2812.32,,11.4079,57.0396,2.998123e+14,2759.6027,77,fine,5.8682,7.2235,512,15,0.031189,CO(2-1),-26.4301,-34.46,True,False,searched,
AU Mic,AU Mic,3,A002_X1237e23_Xdb0,9.7141,100.003657,101.831782,15625000.0000,1843750000.0,3265.92,,0.194621,0.973105,1.716704e+14,1211.0126,2,coarse,2.6765,4.4766,512,175,0.343080,CN(1-0),-11690.4680,-34728.43,False,False,searched,
AU Mic,AU Mic,3,A002_X1237e23_Xdb0,9.7141,101.961657,103.789782,15625000.0000,1843750000.0,3265.92,,0.201575,1.00788,1.778044e+14,1234.5086,2,coarse,2.0356,4.3607,512,477,0.931774,CN(1-0),-10904.3430,-31776.59,False,False,searched,
AU Mic,AU Mic,3,A002_X1237e23_Xdb0,9.7141,112.003657,113.831782,15625000.0000,1843750000.0,3265.92,,0.2321,1.1605,2.047296e+14,1355.0126,2,coarse,3.3939,4.5155,512,38,0.076023,CN(1-0),215.7820,572.89,False,False,searched,
AU Mic,AU Mic,3,A002_X1237e23_Xdb0,9.7141,114.012927,115.738512,976562.5000,1726562500.0,2419.20,,2.80875,14.0437,1.548455e+14,1378.5086,17,fine,4.3842,5.5459,512,89,0.175439,CO(1-0),-474.8703,-1239.27,False,False,searched,
AU Mic,AU Mic,3,A002_X1240efd_X13b03,9.7141,100.005869,101.833994,15625000.0000,1843750000.0,3265.92,,0.120015,0.600074,1.058621e+14,1211.0392,2,coarse,2.3876,4.2489,512,319,0.623782,CN(1-0),-11703.8807,-34767.51,False,False,searched,
AU Mic,AU Mic,3,A002_X1240efd_X13b03,9.7141,101.963869,103.791994,15625000.0000,1843750000.0,3265.92,,0.116243,0.581214,1.025349e+14,1234.5352,2,coarse,2.5438,4.1052,512,229,0.448343,CN(1-0),-10902.1307,-31769.46,False,False,searched,
AU Mic,AU Mic,3,A002_X1240efd_X13b03,9.7141,112.005869,113.833994,15625000.0000,1843750000.0,3265.92,,0.158306,0.791531,1.396380e+14,1355.0392,2,coarse,2.6876,4.3896,512,195,0.382066,CN(1-0),-1016.3807,-2698.40,False,False,searched,
AU Mic,AU Mic,3,A002_X1240efd_X13b03,9.7141,114.015139,115.740725,976562.5000,1726562500.0,2419.20,,1.25335,6.26673,6.909666e+13,1378.5352,17,fine,4.1742,5.4575,512,190,0.372320,CO(1-0),-400.3924,-1044.89,False,False,searched,
AU Mic,AU Mic,3,A002_X1240efd_X14140,9.7141,100.005845,101.833970,15625000.0000,1843750000.0,3265.92,,0.116384,0.58192,1.026595e+14,1211.0389,2,coarse,3.0461,4.0867,512,82,0.161793,HCO+(1-0),10957.4705,32550.24,False,False,searched,
AU Mic,AU Mic,3,A002_X1240efd_X14140,9.7141,101.963845,103.791970,15625000.0000,1843750000.0,3265.92,,0.112902,0.564512,9.958838e+13,1234.5349,2,coarse,2.3282,4.5467,512,364,0.711501,CN(1-0),-10230.2795,-29811.65,False,False,searched,
AU Mic,AU Mic,3,A002_X1240efd_X14140,9.7141,112.005845,113.833970,15625000.0000,1843750000.0,3265.92,,0.151453,0.757264,1.335927e+14,1355.0389,2,coarse,2.5020,4.5599,512,236,0.461988,CN(1-0),-1063.2795,-2822.91,False,False,searched,
AU Mic,AU Mic,3,A002_X1240efd_X14140,9.7141,114.015115,115.740701,976562.5000,1726562500.0,2419.20,,1.18872,5.9436,6.553375e+13,1378.5349,17,fine,4.0498,5.5241,512,248,0.485380,CO(1-0),-615.2600,-1605.62,False,False,searched,
AU Mic,AU Mic,3,A002_X1240efd_X14e83,9.7141,100.005796,101.833921,15625000.0000,1843750000.0,3265.92,,0.11209,0.560451,9.887194e+13,1211.0383,2,coarse,2.7203,4.3677,512,177,0.346979,CN(1-0),-12078.9542,-35881.73,False,False,searched,
AU Mic,AU Mic,3,A002_X1240efd_X14e83,9.7141,101.963796,103.791921,15625000.0000,1843750000.0,3265.92,,0.108828,0.544142,9.599490e+13,1234.5343,2,coarse,2.6454,4.5430,512,215,0.421053,CN(1-0),-10167.8292,-29629.68,False,False,searched,
AU Mic,AU Mic,3,A002_X1240efd_X14e83,9.7141,112.005796,113.833921,15625000.0000,1843750000.0,3265.92,,0.145732,0.728661,1.285468e+14,1355.0383,2,coarse,2.2381,4.8349,512,401,0.783626,CN(1-0),-1094.5792,-2906.01,False,False,searched,
AU Mic,AU Mic,3,A002_X1240efd_X14e83,9.7141,114.015065,115.740651,976562.5000,1726562500.0,2419.20,,1.15789,5.78944,6.383406e+13,1378.5343,17,fine,3.7972,5.4117,512,427,0.834308,CO(1-0),305.5887,797.48,False,False,searched,
AU Mic,AU Mic,3,A002_X12925a3_Xa4b1,9.7141,100.017230,101.845355,15625000.0000,1843750000.0,3392.93,,0.100899,0.504499,8.900124e+13,1211.1755,3,coarse,2.1957,4.5582,512,434,0.847953,CN(1-0),-11880.0198,-35286.78,False,False,searched,
AU Mic,AU Mic,3,A002_X12925a3_Xa4b1,9.7141,101.912730,103.740855,15625000.0000,1843750000.0,3392.93,,0.0964603,0.482305,8.508587e+13,1233.9215,3,coarse,2.0647,4.1502,512,471,0.920078,CN(1-0),-10812.6448,-31524.37,False,False,searched,
AU Mic,AU Mic,3,A002_X12925a3_Xa4b1,9.7141,112.017230,113.845355,15625000.0000,1843750000.0,3392.93,,0.130665,0.653331,1.152575e+14,1355.1755,3,coarse,2.7496,4.4630,512,183,0.358674,CN(1-0),291.8552,774.77,False,False,searched,
AU Mic,AU Mic,3,A002_X12925a3_Xa4b1,9.7141,114.026500,115.752086,976562.5000,1726562500.0,2884.90,,1.05564,5.27823,5.819748e+13,1378.6715,33,fine,4.2742,5.6140,512,212,0.415205,CO(1-0),-675.1643,-1761.78,False,False,searched,
AU Mic,AU Mic,3,A002_X129754b_X1a931,9.7141,100.016506,101.844631,15625000.0000,1843750000.0,3336.48,,0.0845185,0.422595,7.455216e+13,1211.1668,3,coarse,2.6767,4.2754,512,252,0.493177,HCO+(1-0),11718.1312,34806.18,False,False,searched,
AU Mic,AU Mic,3,A002_X129754b_X1a931,9.7141,101.912006,103.740131,15625000.0000,1843750000.0,3336.48,,0.0824788,0.412396,7.275295e+13,1233.9128,3,coarse,2.9439,4.7753,512,117,0.230019,CN(1-0),-10703.9938,-31207.81,False,False,searched,
AU Mic,AU Mic,3,A002_X129754b_X1a931,9.7141,112.016506,113.844631,15625000.0000,1843750000.0,3336.48,,0.11247,0.562353,9.920759e+13,1355.1668,3,coarse,1.8632,4.1420,512,506,0.988304,CN(1-0),-1411.9938,-3748.37,False,False,searched,
AU Mic,AU Mic,3,A002_X129754b_X1a931,9.7141,114.025776,115.751362,976562.5000,1726562500.0,2884.90,,0.926105,4.63056,5.105633e+13,1378.6628,31,fine,4.0145,5.8044,512,388,0.758285,CN(1-0),835.5570,2180.32,False,False,searched,
AU Mic,AU Mic,3,A002_X129754b_X2363e,9.7141,100.016445,101.844570,15625000.0000,1843750000.0,3392.93,,0.0941637,0.470821,8.305999e+13,1211.1661,3,coarse,3.1771,4.4923,512,84,0.165692,HCO+(1-0),11577.4448,34388.32,False,False,searched,
AU Mic,AU Mic,3,A002_X129754b_X2363e,9.7141,101.911945,103.740070,15625000.0000,1843750000.0,3392.93,,0.0901402,0.450704,7.951100e+13,1233.9121,3,coarse,2.6233,4.5941,512,244,0.477583,CN(1-0),-11157.1802,-32529.11,False,False,searched,
AU Mic,AU Mic,3,A002_X129754b_X2363e,9.7141,112.016445,113.844570,15625000.0000,1843750000.0,3392.93,,0.123218,0.616094,1.086883e+14,1355.1661,3,coarse,2.5803,4.3875,512,274,0.536062,CN(1-0),-318.3052,-844.99,False,False,searched,
AU Mic,AU Mic,3,A002_X129754b_X2363e,9.7141,114.025714,115.751300,976562.5000,1726562500.0,2884.90,,0.989949,4.94979,5.457606e+13,1378.6621,32,fine,4.3117,5.7864,512,197,0.385965,CN(1-0),817.9175,2134.29,False,False,searched,
AU Mic,AU Mic,3,A002_X129754b_X23b68,9.7141,100.016378,101.844503,15625000.0000,1843750000.0,3336.48,,0.103749,0.518749,9.151507e+13,1211.1653,3,coarse,1.7547,4.4456,512,511,0.998051,CN(1-0),-11802.7472,-35057.56,False,False,searched,
AU Mic,AU Mic,3,A002_X129754b_X23b68,9.7141,101.911878,103.740003,15625000.0000,1843750000.0,3336.48,,0.101177,0.505889,8.924651e+13,1233.9113,3,coarse,3.2129,4.3691,512,59,0.116959,CN(1-0),-10204.1222,-29750.46,False,False,searched,
AU Mic,AU Mic,3,A002_X129754b_X23b68,9.7141,112.016378,113.844503,15625000.0000,1843750000.0,3336.48,,0.145286,0.726437,1.281544e+14,1355.1653,3,coarse,2.6144,4.9297,512,256,0.500975,CN(1-0),-83.9972,-222.98,False,False,searched,
AU Mic,AU Mic,3,A002_X129754b_X23b68,9.7141,114.025647,115.751233,976562.5000,1726562500.0,2884.90,,1.19354,5.96773,6.579983e+13,1378.6613,31,fine,4.1027,5.5182,512,323,0.631579,CO(1-0),59.3349,154.83,False,False,searched,
AU Mic,AU Mic,3,A002_X129754b_X2b51b,9.7141,100.016327,101.844452,15625000.0000,1843750000.0,3392.93,,0.0943351,0.471678,8.321116e+13,1211.1647,3,coarse,3.0045,4.0542,512,113,0.222222,HCO+(1-0),11733.5769,34852.12,False,False,searched,
AU Mic,AU Mic,3,A002_X129754b_X2b51b,9.7141,101.911827,103.739952,15625000.0000,1843750000.0,3392.93,,0.0881549,0.440777,7.775973e+13,1233.9107,3,coarse,2.7927,4.3802,512,159,0.311891,CN(1-0),-10141.6731,-29568.40,False,False,searched,
AU Mic,AU Mic,3,A002_X129754b_X2b51b,9.7141,112.016327,113.844452,15625000.0000,1843750000.0,3392.93,,0.122768,0.613843,1.082912e+14,1355.1647,3,coarse,3.0532,4.4138,512,84,0.165692,CN(1-0),-802.7981,-2131.16,False,False,searched,
AU Mic,AU Mic,3,A002_X129754b_X2b51b,9.7141,114.025596,115.751182,976562.5000,1726562500.0,2884.90,,1.02182,5.10912,5.633286e+13,1378.6607,32,fine,4.4974,6.0038,512,99,0.194932,CN(1-0),862.7214,2251.21,False,False,searched,
AU Mic,AU Mic,3,A002_X12a079b_Xf640,9.7141,100.015682,101.843807,15625000.0000,1843750000.0,3392.93,,0.0949529,0.474767,8.375610e+13,1211.1569,3,coarse,2.4747,4.7257,512,322,0.629630,HCO+(1-0),11545.4322,34293.49,False,False,searched,
AU Mic,AU Mic,3,A002_X12a079b_Xf640,9.7141,101.911182,103.739307,15625000.0000,1843750000.0,3392.93,,0.090603,0.453017,7.991910e+13,1233.9029,3,coarse,2.2273,4.7575,512,434,0.847953,CN(1-0),-11126.6928,-32440.46,False,False,searched,
AU Mic,AU Mic,3,A002_X12a079b_Xf640,9.7141,112.015682,113.843807,15625000.0000,1843750000.0,3392.93,,0.124715,0.62358,1.100089e+14,1355.1569,3,coarse,2.4865,4.9501,512,287,0.561404,CN(1-0),55.9322,148.48,False,False,searched,
AU Mic,AU Mic,3,A002_X12a079b_Xf640,9.7141,114.024952,115.750538,976562.5000,1726562500.0,2884.90,,1.02251,5.11259,5.637110e+13,1378.6529,32,fine,3.7488,5.7622,512,505,0.986355,CO(1-0),-259.7201,-677.72,False,False,searched,
AU Mic,AU Mic,6,A002_X7d80c7_X15c6,9.7141,212.650835,214.385210,15625000.0000,1750000000.0,1632.96,,0.238311,1.19156,2.102091e+14,2562.2163,3,coarse,2.4949,4.0080,512,324,0.633528,SiO(5-4),-3094.7901,-4345.28,False,False,searched,
AU Mic,AU Mic,6,A002_X7d80c7_X15c6,9.7141,215.151046,216.885421,15625000.0000,1750000000.0,1632.96,,0.264273,1.32137,2.331095e+14,2592.2188,3,coarse,2.6552,4.3368,512,238,0.465887,SiO(5-4),-1172.7040,-1627.49,False,False,searched,
AU Mic,AU Mic,6,A002_X7d80c7_X15c6,9.7141,227.652101,229.386476,15625000.0000,1750000000.0,1632.96,,0.223149,1.11575,1.968354e+14,2742.2315,3,coarse,2.1372,4.4593,512,465,0.908382,CO(2-1),-1698.3989,-2228.11,False,False,searched,
AU Mic,AU Mic,6,A002_X7d80c7_X15c6,9.7141,229.702047,231.427144,488281.2500,1725585937.5,1632.96,,1.40349,7.01748,3.868714e+13,2766.7751,49,fine,4.2611,5.4678,512,323,0.631579,CO(2-1),738.2655,959.93,False,False,searched,
AU Mic,AU Mic,6,A002_X899169_X1838,9.7141,212.625624,214.359999,15625000.0000,1750000000.0,1505.95,,0.315465,1.57733,2.782647e+14,2561.9137,3,coarse,3.3119,4.7068,512,40,0.079922,SiO(5-4),-4041.8765,-5675.71,False,False,searched,
AU Mic,AU Mic,6,A002_X899169_X1838,9.7141,215.125539,216.859914,15625000.0000,1750000000.0,1505.95,,0.334698,1.67349,2.952297e+14,2591.9127,3,coarse,2.7235,4.9097,512,227,0.444444,SiO(5-4),-791.9607,-1099.22,False,False,searched,
AU Mic,AU Mic,6,A002_X899169_X1838,9.7141,227.625118,229.359493,15625000.0000,1750000000.0,1505.95,,0.299138,1.4957,2.638633e+14,2741.9077,3,coarse,3.1674,4.5673,512,87,0.171540,CO(2-1),-2881.6316,-3780.83,False,False,searched,
AU Mic,AU Mic,6,A002_X899169_X1838,9.7141,229.675816,231.400913,488281.2500,1725585937.5,1505.95,,1.90704,9.53524,5.256752e+13,2766.4604,49,fine,5.2213,5.8455,512,10,0.021442,CO(2-1),287.2298,373.51,True,False,searched,
AU Mic,AU Mic,6,A002_Xa42f75_X319,9.7141,212.644214,214.378589,15625000.0000,1750000000.0,1905.12,,0.227991,1.13996,2.011057e+14,2562.1368,3,coarse,2.6084,4.7271,512,251,0.491228,SiO(5-4),-3413.9113,-4793.49,False,False,searched,
AU Mic,AU Mic,6,A002_Xa42f75_X319,9.7141,215.144347,216.878722,15625000.0000,1750000000.0,1905.12,,0.248541,1.24271,2.192333e+14,2592.1384,3,coarse,1.7825,4.3075,512,507,0.990253,SiO(5-4),-929.4028,-1289.88,False,False,searched,
AU Mic,AU Mic,6,A002_Xa42f75_X319,9.7141,227.645015,229.379390,15625000.0000,1750000000.0,1905.12,,0.214204,1.07102,1.889448e+14,2742.1464,3,coarse,2.4381,4.1755,512,316,0.617934,CO(2-1),-2580.4853,-3385.42,False,False,searched,
AU Mic,AU Mic,6,A002_Xa42f75_X319,9.7141,229.695158,231.420255,488281.2500,1725585937.5,1905.12,,1.3683,6.84154,3.771722e+13,2766.6925,62,fine,5.2740,6.0731,512,13,0.027290,CO(2-1),148.3687,192.92,True,False,searched,
AU Mic,AU Mic,9,A002_Xbf792a_X26ec,9.7141,675.127388,676.861763,15625000.0000,1750000000.0,907.20,,4.67987,23.4023,4.128515e+15,8111.9349,14,coarse,3.3876,5.1199,512,117,0.230019,CO(6-5),-14783.1125,-6556.07,False,False,searched,
AU Mic,AU Mic,9,A002_Xbf792a_X26ec,9.7141,675.127388,676.861763,15625000.0000,1750000000.0,907.20,,4.67988,23.4023,4.128515e+15,8111.9349,14,coarse,3.3876,5.1199,512,117,0.230019,CO(6-5),-14783.1125,-6556.07,False,False,duplicate_row,
AU Mic,AU Mic,9,A002_Xbf792a_X26ec,9.7141,677.127388,678.861763,15625000.0000,1750000000.0,907.20,,4.79611,23.9836,4.231060e+15,8135.9349,14,coarse,3.4363,4.7287,512,102,0.200780,CO(6-5),-14048.7375,-6212.00,False,False,searched,
AU Mic,AU Mic,9,A002_Xbf792a_X26ec,9.7141,677.127388,678.861763,15625000.0000,1750000000.0,907.20,,4.79611,23.9836,4.231060e+15,8135.9349,14,coarse,3.4363,4.7287,512,102,0.200780,CO(6-5),-14048.7375,-6212.00,False,False,duplicate_row,
AU Mic,AU Mic,9,A002_Xbf792a_X26ec,9.7141,679.127388,680.861763,15625000.0000,1750000000.0,907.20,,4.94314,24.7188,4.360769e+15,8159.9349,14,coarse,2.7541,4.6145,512,409,0.799220,CO(6-5),-10689.3625,-4712.67,False,False,searched,
AU Mic,AU Mic,9,A002_Xbf792a_X26ec,9.7141,679.127388,680.861763,15625000.0000,1750000000.0,907.20,,4.94314,24.7188,4.360769e+15,8159.9349,14,coarse,2.7541,4.6145,512,409,0.799220,CO(6-5),-10689.3625,-4712.67,False,False,duplicate_row,
AU Mic,AU Mic,9,A002_Xbf792a_X26ec,9.7141,681.064888,682.799263,15625000.0000,1750000000.0,907.20,,5.11284,25.5674,4.510476e+15,8183.1849,14,coarse,2.5394,4.9964,512,472,0.922027,CO(6-5),-9079.9875,-3991.76,False,False,searched,
AU Mic,AU Mic,9,A002_Xbf792a_X26ec,9.7141,681.064888,682.799263,15625000.0000,1750000000.0,907.20,,5.11284,25.5674,4.510476e+15,8183.1849,14,coarse,2.5394,4.9964,512,472,0.922027,CO(6-5),-9079.9875,-3991.76,False,False,duplicate_row,
V AT Mic B,NAME AT Mic AB Gaia DR3 6792436799475128960,7,A002_Xcd97a1_X3f1e,9.8066,333.171187,334.905562,15625000.0000,1750000000.0,1257.98,,0.366894,1.83823,3.304959e+14,4008.4605,3,coarse,2.7612,4.8232,512,206,0.403509,CO(3-2),-12156.0633,-10909.81,False,False,searched,
V AT Mic B,NAME AT Mic AB Gaia DR3 6792436799475128960,7,A002_Xcd97a1_X3f1e,9.8066,335.066687,336.801062,15625000.0000,1750000000.0,1257.98,,0.320038,1.60351,2.882949e+14,4031.2065,3,coarse,2.0130,4.5509,512,487,0.951267,CO(3-2),-10526.1883,-9393.73,False,False,searched,
V AT Mic B,NAME AT Mic AB Gaia DR3 6792436799475128960,7,A002_Xcd97a1_X3f1e,9.8066,345.175825,346.900923,488281.2500,1725585937.5,876.96,,1.98831,9.96341,5.597885e+13,4152.4605,39,fine,3.8955,5.5718,512,498,0.972710,CO(3-2),726.5050,629.41,False,False,searched,
V AT Mic B,NAME AT Mic AB Gaia DR3 6792436799475128960,7,A002_Xcd97a1_X3f1e,9.8066,347.066687,348.801062,15625000.0000,1750000000.0,1257.98,,0.38088,1.90864,3.431545e+14,4175.2065,3,coarse,2.6677,4.3823,512,225,0.440546,CO(3-2),2848.8117,2454.64,False,False,searched,
NAME AT Mic AB  Gaia DR3 6792436799475128960,NAME AT Mic AB Gaia DR3 6792436799475128960,7,A002_Xcd97a1_X3f1e,9.9214,333.171187,334.905562,15625000.0000,1750000000.0,1257.98,,0.367928,1.87116,3.443405e+14,4008.4605,3,coarse,2.4863,4.6601,512,336,0.656920,CO(3-2),-11124.8133,-9984.29,False,False,searched,
NAME AT Mic AB  Gaia DR3 6792436799475128960,NAME AT Mic AB Gaia DR3 6792436799475128960,7,A002_Xcd97a1_X3f1e,9.9214,335.066687,336.801062,15625000.0000,1750000000.0,1257.98,,0.320176,1.62862,2.997081e+14,4031.2065,3,coarse,2.6243,4.0297,512,266,0.520468,CO(3-2),-9494.9383,-8473.43,False,False,searched,
NAME AT Mic AB  Gaia DR3 6792436799475128960,NAME AT Mic AB Gaia DR3 6792436799475128960,7,A002_Xcd97a1_X3f1e,9.9214,345.175825,346.900923,488281.2500,1725585937.5,876.96,,1.98814,10.1236,5.821869e+13,4152.4605,39,fine,4.7119,5.5542,512,78,0.153996,CO(3-2),340.2746,294.80,False,False,searched,
NAME AT Mic AB  Gaia DR3 6792436799475128960,NAME AT Mic AB Gaia DR3 6792436799475128960,7,A002_Xcd97a1_X3f1e,9.9214,347.066687,348.801062,15625000.0000,1750000000.0,1257.98,,0.379871,1.93469,3.560314e+14,4175.2065,3,coarse,3.2043,4.7672,512,66,0.130604,CO(3-2),1817.5617,1566.08,False,False,searched,
gam Vir,gam Vir,6,A002_Xd95042_X2d99,12.0202,223.085938,224.914062,15625000.0000,1843750000.0,2183.33,,0.184289,0.921892,2.490190e+14,2688.0000,3,coarse,3.4618,4.5720,512,23,0.046784,13CO(2-1),4030.6875,5394.51,False,False,searched,
gam Vir,gam Vir,6,A002_Xd95042_X2d99,12.0202,225.085938,226.914062,15625000.0000,1843750000.0,2183.33,,0.165772,0.829271,2.240005e+14,2712.0000,3,coarse,3.9477,4.0456,512,2,0.005848,CO(2-1),-3889.5625,-5159.56,False,False,searched,
gam Vir,gam Vir,6,A002_Xd95042_X2d99,12.0202,239.085938,240.914063,15625000.0000,1843750000.0,2183.33,,0.184581,0.92342,2.494317e+14,2880.0000,3,coarse,2.2400,4.2558,512,425,0.830409,CS(5-4),-4943.8125,-6175.49,False,False,searched,
gam Vir,gam Vir,6,A002_Xd95042_X2d99,12.0202,241.085938,242.914063,15625000.0000,1843750000.0,2183.33,,0.191944,0.960265,2.593843e+14,2904.0000,3,coarse,2.8683,4.0737,512,146,0.286550,CS(5-4),-3350.0625,-4150.10,False,False,searched,
gam Vir,gam Vir,6,A002_Xd99ff3_X9611,12.0202,223.085938,224.914062,15625000.0000,1843750000.0,2183.33,,0.196632,0.983621,2.656932e+14,2688.0000,3,coarse,2.3592,3.9247,512,367,0.717349,13CO(2-1),3499.4375,4683.50,False,False,searched,
gam Vir,gam Vir,6,A002_Xd99ff3_X9611,12.0202,225.085938,226.914062,15625000.0000,1843750000.0,2183.33,,0.176989,0.885371,2.391540e+14,2712.0000,3,coarse,2.6110,4.1686,512,255,0.499025,CO(2-1),-4623.9375,-6133.72,False,False,searched,
gam Vir,gam Vir,6,A002_Xd99ff3_X9611,12.0202,239.085938,240.914063,15625000.0000,1843750000.0,2183.33,,0.193095,0.965995,2.609319e+14,2880.0000,3,coarse,2.5964,4.1600,512,260,0.508772,CS(5-4),-4990.6875,-6234.04,False,False,searched,
gam Vir,gam Vir,6,A002_Xd99ff3_X9611,12.0202,241.085938,242.914063,15625000.0000,1843750000.0,2183.33,,0.206048,1.03081,2.784388e+14,2904.0000,3,coarse,3.3964,4.0208,512,34,0.068226,CS(5-4),-3428.1875,-4246.88,False,False,searched,
gam Vir,gam Vir,7,A002_Xd6ebab_X41a3,12.0202,335.580512,337.408637,15625000.0000,1843750000.0,1880.93,,0.32767,1.64046,4.431155e+14,4037.9349,4,coarse,2.2262,5.5069,512,470,0.918129,CO(3-2),-9059.2375,-8071.13,False,False,searched,
gam Vir,gam Vir,7,A002_Xd6ebab_X41a3,12.0202,337.518012,339.346137,15625000.0000,1843750000.0,1880.93,,0.285703,1.43037,3.863690e+14,4061.1849,4,coarse,3.0285,4.4667,512,139,0.272904,CO(3-2),-7277.9875,-6447.04,False,False,searched,
gam Vir,gam Vir,7,A002_Xd6ebab_X41a3,12.0202,347.580512,349.408637,15625000.0000,1843750000.0,1880.93,,0.309241,1.54834,4.182334e+14,4181.9349,4,coarse,2.9964,4.2865,512,133,0.261209,CO(3-2),2534.5125,2180.31,False,False,searched,
gam Vir,gam Vir,7,A002_Xd6ebab_X41a3,12.0202,349.580512,351.408637,15625000.0000,1843750000.0,1880.93,,0.3496,1.75044,4.728239e+14,4205.9349,4,coarse,2.5966,4.3780,512,319,0.623782,CO(3-2),4862.6375,4159.21,False,False,searched,
gam Vir,gam Vir,7,A002_Xd99ff3_X152c8,12.0202,335.580512,337.408637,15625000.0000,1843750000.0,1880.93,,0.291503,1.45905,3.941147e+14,4037.9349,4,coarse,3.0877,4.5426,512,113,0.222222,CO(3-2),-8949.8625,-7973.68,False,False,searched,
gam Vir,gam Vir,7,A002_Xd99ff3_X152c8,12.0202,337.518012,339.346137,15625000.0000,1843750000.0,1880.93,,0.253175,1.26723,3.422996e+14,4061.1849,4,coarse,2.7360,4.2616,512,258,0.504873,CO(3-2),-7715.4875,-6834.59,False,False,searched,
gam Vir,gam Vir,7,A002_Xd99ff3_X152c8,12.0202,347.580512,349.408637,15625000.0000,1843750000.0,1880.93,,0.270454,1.3538,3.656841e+14,4181.9349,4,coarse,2.4051,5.3731,512,407,0.795322,CO(3-2),2831.3875,2435.70,False,False,searched,
gam Vir,gam Vir,7,A002_Xd99ff3_X152c8,12.0202,349.580512,351.408637,15625000.0000,1843750000.0,1880.93,,0.306075,1.53212,4.138533e+14,4205.9349,4,coarse,2.4524,4.8893,512,395,0.771930,CO(3-2),4315.7625,3691.45,False,False,searched,
HR 1010  Gaia DR3 4722135642226902656,HR 1010 Gaia DR3 4722135642226902656,6,A002_Xc66ce1_Xaa9,12.0394,229.611119,231.451939,976562.5000,1841796875.0,3265.92,,7.74954,38.7481,6.562514e+14,2766.3784,42,fine,5.0439,5.7192,512,21,0.042885,CO(2-1),296.7520,385.91,True,False,searched,
HR 1010  Gaia DR3 4722135642226902656,HR 1010 Gaia DR3 4722135642226902656,6,A002_Xc66ce1_Xaa9,12.0394,229.611119,231.451939,976562.5000,1841796875.0,2842.56,,7.74954,38.7481,6.562514e+14,2766.3784,40,fine,5.0439,5.7192,512,21,0.042885,CO(2-1),296.7520,385.91,True,False,duplicate_row,
HR 1010  Gaia DR3 4722135642226902656,HR 1010 Gaia DR3 4722135642226902656,6,A002_Xc66ce1_Xaa9,12.0394,231.618663,233.353038,15625000.0000,1750000000.0,2842.56,,1.30655,6.53282,1.770277e+15,2789.8302,4,coarse,2.9969,4.3776,512,141,0.276803,CO(2-1),1830.6630,2360.66,False,False,searched,
HR 1010  Gaia DR3 4722135642226902656,HR 1010 Gaia DR3 4722135642226902656,6,A002_Xc66ce1_Xaa9,12.0394,244.617868,246.352243,15625000.0000,1750000000.0,2842.56,,1.39003,6.95024,1.883390e+15,2945.8207,4,coarse,2.2677,4.4362,512,460,0.898635,CS(5-4),-286.8821,-350.35,False,False,searched,
HR 1010  Gaia DR3 4722135642226902656,HR 1010 Gaia DR3 4722135642226902656,6,A002_Xc66ce1_Xaa9,12.0394,246.617746,248.352121,15625000.0000,1750000000.0,2842.56,,1.64691,8.23465,2.231442e+15,2969.8192,4,coarse,2.5035,4.3145,512,357,0.697856,CS(5-4),2009.8712,2434.67,False,False,searched,
HR 1010  Gaia DR3 4722135642226902656,HR 1010 Gaia DR3 4722135642226902656,6,A002_Xc67b7e_X1f16,12.0394,229.610880,231.451700,976562.5000,1841796875.0,2842.56,,10.8403,54.2019,9.179840e+14,2766.3755,40,fine,4.2151,5.5739,512,304,0.594542,CO(2-1),-579.4641,-753.56,False,False,searched,
HR 1010  Gaia DR3 4722135642226902656,HR 1010 Gaia DR3 4722135642226902656,6,A002_Xc67b7e_X1f16,12.0394,231.618430,233.352805,15625000.0000,1750000000.0,2842.56,,1.85435,9.27184,2.512502e+15,2789.8274,4,coarse,2.5963,4.5184,512,297,0.580897,CO(2-1),1846.0550,2380.51,False,False,searched,
HR 1010  Gaia DR3 4722135642226902656,HR 1010 Gaia DR3 4722135642226902656,6,A002_Xc67b7e_X1f16,12.0394,244.617622,246.351997,15625000.0000,1750000000.0,2842.56,,2.00891,10.0447,2.721923e+15,2945.8177,4,coarse,2.6099,4.8386,512,282,0.551657,CS(5-4),-240.2531,-293.40,False,False,searched,
HR 1010  Gaia DR3 4722135642226902656,HR 1010 Gaia DR3 4722135642226902656,6,A002_Xc67b7e_X1f16,12.0394,246.617498,248.351873,15625000.0000,1750000000.0,2842.56,,2.30565,11.5284,3.123984e+15,2969.8162,4,coarse,2.7912,4.4941,512,228,0.446394,CS(5-4),1775.2482,2150.46,False,False,searched,
HR 1010  Gaia DR3 4722135642226902656,HR 1010 Gaia DR3 4722135642226902656,6,A002_Xc68b3e_X107b,12.0394,229.610807,231.451627,976562.5000,1841796875.0,2842.56,,10.7906,53.9535,9.137763e+14,2766.3746,40,fine,4.0624,5.4599,512,420,0.820663,CO(2-1),205.6192,267.40,False,False,searched,
HR 1010  Gaia DR3 4722135642226902656,HR 1010 Gaia DR3 4722135642226902656,6,A002_Xc68b3e_X107b,12.0394,231.618359,233.352734,15625000.0000,1750000000.0,2842.56,,1.84332,9.21667,2.497551e+15,2789.8266,4,coarse,2.4432,4.1886,512,382,0.746589,CO(2-1),1111.6091,1433.43,False,False,searched,
HR 1010  Gaia DR3 4722135642226902656,HR 1010 Gaia DR3 4722135642226902656,6,A002_Xc68b3e_X107b,12.0394,244.617547,246.351922,15625000.0000,1750000000.0,2842.56,,2.01444,10.0723,2.729412e+15,2945.8168,4,coarse,2.4542,4.5793,512,368,0.719298,CS(5-4),56.5471,69.06,False,False,searched,
HR 1010  Gaia DR3 4722135642226902656,HR 1010 Gaia DR3 4722135642226902656,6,A002_Xc68b3e_X107b,12.0394,246.617423,248.351798,15625000.0000,1750000000.0,2842.56,,2.30412,11.5207,3.121914e+15,2969.8153,4,coarse,4.3577,4.3375,512,0,0.001949,CS(5-4),2212.6727,2680.34,False,True,searched,
HR 1010  Gaia DR3 4722135642226902656,HR 1010 Gaia DR3 4722135642226902656,6,A002_Xc694dd_X3e5f,12.0394,229.610685,231.451506,976562.5000,1841796875.0,2842.56,,9.60817,48.0413,8.136453e+14,2766.3731,40,fine,4.5623,5.7542,512,78,0.153996,CO(2-1),143.9745,187.23,False,False,searched,
HR 1010  Gaia DR3 4722135642226902656,HR 1010 Gaia DR3 4722135642226902656,6,A002_Xc694dd_X3e5f,12.0394,231.618241,233.352616,15625000.0000,1750000000.0,2842.56,,1.6234,8.1171,2.199589e+15,2789.8251,4,coarse,2.7547,5.1229,512,245,0.479532,CO(2-1),1705.2411,2198.93,False,False,searched,
HR 1010  Gaia DR3 4722135642226902656,HR 1010 Gaia DR3 4722135642226902656,6,A002_Xc694dd_X3e5f,12.0394,244.617422,246.351797,15625000.0000,1750000000.0,2842.56,,1.76948,8.84751,2.397516e+15,2945.8153,4,coarse,3.0035,4.6274,512,164,0.321637,CS(5-4),1197.0474,1461.87,False,False,searched,
HR 1010  Gaia DR3 4722135642226902656,HR 1010 Gaia DR3 4722135642226902656,6,A002_Xc694dd_X3e5f,12.0394,246.617297,248.351672,15625000.0000,1750000000.0,2842.56,,2.05146,10.2574,2.779577e+15,2969.8138,4,coarse,2.5595,4.8969,512,312,0.610136,CS(5-4),2165.6721,2623.41,False,False,searched,
HR 1010  Gaia DR3 4722135642226902656,HR 1010 Gaia DR3 4722135642226902656,6,A002_Xc694dd_X41ca,12.0394,229.610626,231.451446,976562.5000,1841796875.0,2842.56,,11.6485,58.243,9.864246e+14,2766.3724,40,fine,4.0967,5.5392,512,416,0.812865,CO(2-1),-585.5773,-761.51,False,False,searched,
HR 1010  Gaia DR3 4722135642226902656,HR 1010 Gaia DR3 4722135642226902656,6,A002_Xc694dd_X41ca,12.0394,231.618183,233.352558,15625000.0000,1750000000.0,2842.56,,1.98504,9.92528,2.689571e+15,2789.8244,4,coarse,2.6450,4.6479,512,278,0.543860,CO(2-1),1486.4332,1916.77,False,False,searched,
HR 1010  Gaia DR3 4722135642226902656,HR 1010 Gaia DR3 4722135642226902656,6,A002_Xc694dd_X41ca,12.0394,244.617361,246.351736,15625000.0000,1750000000.0,2842.56,,2.18218,10.911,2.956685e+15,2945.8146,4,coarse,2.8078,4.5007,512,221,0.432749,CS(5-4),1243.8613,1519.04,False,False,searched,
HR 1010  Gaia DR3 4722135642226902656,HR 1010 Gaia DR3 4722135642226902656,6,A002_Xc694dd_X41ca,12.0394,246.617235,248.351610,15625000.0000,1750000000.0,2842.56,,2.49056,12.4529,3.374520e+15,2969.8131,4,coarse,2.7797,4.8625,512,210,0.411306,CS(5-4),2118.7354,2566.55,False,False,searched,
HR 1010  Gaia DR3 4722135642226902656,HR 1010 Gaia DR3 4722135642226902656,6,A002_Xc6b674_X28f5,12.0394,229.610389,231.451209,976562.5000,1841796875.0,2842.56,,0.00142552,0.00712767,1.207169e+11,2766.3696,40,fine,21.0712,37.7232,512,40,0.079922,CO(2-1),-429.5642,-558.62,True,False,noise_defect,
HR 1010  Gaia DR3 4722135642226902656,HR 1010 Gaia DR3 4722135642226902656,6,A002_Xc6b674_X28f5,12.0394,231.617953,233.352328,15625000.0000,1750000000.0,2842.56,,1.68124,8.40629,2.277954e+15,2789.8217,4,coarse,2.4834,4.0497,512,368,0.719298,CO(2-1),1283.0777,1654.54,False,False,searched,
HR 1010  Gaia DR3 4722135642226902656,HR 1010 Gaia DR3 4722135642226902656,6,A002_Xc6b674_X28f5,12.0394,244.617118,246.351493,15625000.0000,1750000000.0,2842.56,,1.81945,9.09738,2.465225e+15,2945.8117,4,coarse,2.7358,4.7405,512,238,0.465887,CS(5-4),-37.6321,-45.96,False,False,searched,
HR 1010  Gaia DR3 4722135642226902656,HR 1010 Gaia DR3 4722135642226902656,6,A002_Xc6b674_X28f5,12.0394,246.616990,248.351365,15625000.0000,1750000000.0,2842.56,,2.13801,10.6902,2.896842e+15,2969.8101,4,coarse,2.4495,4.2815,512,390,0.762183,CS(5-4),1805.9901,2187.70,False,False,searched,
HR 1010  Gaia DR3 4722135642226902656,HR 1010 Gaia DR3 4722135642226902656,6,A002_Xc6d2f9_X7060,12.0394,229.610174,231.450995,976562.5000,1841796875.0,2842.56,,11.0306,55.1538,9.341048e+14,2766.3670,40,fine,4.5469,5.4611,512,92,0.181287,CO(2-1),418.8539,544.70,False,False,searched,
HR 1010  Gaia DR3 4722135642226902656,HR 1010 Gaia DR3 4722135642226902656,6,A002_Xc6d2f9_X7060,12.0394,231.617744,233.352119,15625000.0000,1750000000.0,2842.56,,1.90792,9.53972,2.585091e+15,2789.8192,4,coarse,3.2171,4.0840,512,59,0.116959,CO(2-1),2048.4938,2641.56,False,False,searched,
HR 1010  Gaia DR3 4722135642226902656,HR 1010 Gaia DR3 4722135642226902656,6,A002_Xc6d2f9_X7060,12.0394,244.616897,246.351272,15625000.0000,1750000000.0,2842.56,,2.09755,10.4879,2.842029e+15,2945.8090,4,coarse,2.4756,4.6471,512,372,0.727096,CS(5-4),-240.9777,-294.29,False,False,searched,
HR 1010  Gaia DR3 4722135642226902656,HR 1010 Gaia DR3 4722135642226902656,6,A002_Xc6d2f9_X7060,12.0394,246.616768,248.351143,15625000.0000,1750000000.0,2842.56,,2.37383,11.8693,3.216368e+15,2969.8075,4,coarse,2.7770,4.3522,512,249,0.487329,CS(5-4),3227.6427,3909.84,False,False,searched,
HR 1010  Gaia DR3 4722135642226902656,HR 1010 Gaia DR3 4722135642226902656,6,A002_Xc6e968_X1339,12.0394,229.610125,231.450945,976562.5000,1841796875.0,2842.56,,7.37656,36.8832,6.246669e+14,2766.3664,40,fine,4.5974,5.4970,512,83,0.163743,CO(2-1),-536.2739,-697.40,False,False,searched,
HR 1010  Gaia DR3 4722135642226902656,HR 1010 Gaia DR3 4722135642226902656,6,A002_Xc6e968_X1339,12.0394,231.617696,233.352071,15625000.0000,1750000000.0,2842.56,,1.23566,6.17836,1.674224e+15,2789.8186,4,coarse,2.7170,4.3026,512,276,0.539961,CO(2-1),1829.6955,2359.42,False,False,searched,
HR 1010  Gaia DR3 4722135642226902656,HR 1010 Gaia DR3 4722135642226902656,6,A002_Xc6e968_X1339,12.0394,244.616846,246.351221,15625000.0000,1750000000.0,2842.56,,1.33341,6.66714,1.806675e+15,2945.8084,4,coarse,2.3942,4.2992,512,405,0.791423,CS(5-4),899.5963,1098.61,False,False,searched,
HR 1010  Gaia DR3 4722135642226902656,HR 1010 Gaia DR3 4722135642226902656,6,A002_Xc6e968_X1339,12.0394,246.616716,248.351091,15625000.0000,1750000000.0,2842.56,,1.56545,7.82733,2.121065e+15,2969.8068,4,coarse,2.8470,4.2559,512,201,0.393762,CS(5-4),1930.7163,2338.80,False,False,searched,
HR 1010  Gaia DR3 4722135642226902656,HR 1010 Gaia DR3 4722135642226902656,6,A002_Xc6fa08_X1053,12.0394,229.609959,231.450780,976562.5000,1841796875.0,60.48,,81.8886,409.447,6.934547e+15,2766.3644,2,fine,3.7673,4.8161,512,107,0.210526,CO(2-1),-21.7906,-28.34,False,False,searched,
HR 1010  Gaia DR3 4722135642226902656,HR 1010 Gaia DR3 4722135642226902656,6,A002_Xc6fa08_X1053,12.0394,231.617535,233.351910,15625000.0000,1750000000.0,60.48,,12.5908,62.9547,1.705959e+16,2789.8167,2,coarse,2.1938,4.8035,512,422,0.824561,CO(2-1),1517.0349,1956.24,False,False,searched,
HR 1010  Gaia DR3 4722135642226902656,HR 1010 Gaia DR3 4722135642226902656,6,A002_Xc6fa08_X1053,12.0394,244.616677,246.351052,15625000.0000,1750000000.0,60.48,,13.432,67.161,1.819941e+16,2945.8064,2,coarse,2.6901,4.1479,512,188,0.368421,CS(5-4),-22.4483,-27.41,False,False,searched,
HR 1010  Gaia DR3 4722135642226902656,HR 1010 Gaia DR3 4722135642226902656,6,A002_Xc6fa08_X1053,12.0394,246.616545,248.350920,15625000.0000,1750000000.0,60.48,,15.3238,76.6198,2.076259e+16,2969.8048,2,coarse,2.5715,3.8849,512,235,0.460039,CS(5-4),2539.9203,3076.76,False,False,searched,
HR 1010  Gaia DR3 4722135642226902656,HR 1010 Gaia DR3 4722135642226902656,7,A002_Xc6141c_X3af0,12.0394,333.087349,334.915474,15625000.0000,1843750000.0,1360.80,,4.5085,22.6274,6.131616e+15,4008.0169,5,coarse,2.8718,4.3018,512,241,0.471735,CO(3-2),-11833.6510,-10621.63,False,False,searched,
HR 1010  Gaia DR3 4722135642226902656,HR 1010 Gaia DR3 4722135642226902656,7,A002_Xc6141c_X3af0,12.0394,335.045349,336.873474,15625000.0000,1843750000.0,1360.80,,3.92201,19.6848,5.334214e+15,4031.5129,5,coarse,2.9788,4.4709,512,159,0.311891,CO(3-2),-10063.1510,-8979.83,False,False,searched,
HR 1010  Gaia DR3 4722135642226902656,HR 1010 Gaia DR3 4722135642226902656,7,A002_Xc6141c_X3af0,12.0394,345.316593,346.237003,488281.2500,920898437.5,1360.80,,29.9847,150.529,1.274706e+15,4149.3216,132,fine,4.4471,6.3462,512,357,0.697856,CO(3-2),197.3511,171.11,False,False,searched,
HR 1010  Gaia DR3 4722135642226902656,HR 1010 Gaia DR3 4722135642226902656,7,A002_Xc6141c_X3af0,12.0394,347.045345,348.873470,15625000.0000,1843750000.0,1360.80,,4.68245,23.508,6.370232e+15,4175.5129,6,coarse,3.1285,4.3978,512,128,0.251462,CO(3-2),2639.9702,2274.53,False,False,searched,
HR 1010  Gaia DR3 4722135642226902656,HR 1010 Gaia DR3 4722135642226902656,7,A002_Xc66ce1_X1345,12.0394,333.086140,334.914265,15625000.0000,1843750000.0,1360.80,,3.68485,18.4949,5.011791e+15,4008.0024,5,coarse,3.2137,4.4846,512,119,0.233918,CO(3-2),-10897.3596,-9781.27,False,False,searched,
HR 1010  Gaia DR3 4722135642226902656,HR 1010 Gaia DR3 4722135642226902656,7,A002_Xc66ce1_X1345,12.0394,335.044140,336.872265,15625000.0000,1843750000.0,1360.80,,3.226,16.1926,4.387908e+15,4031.4984,5,coarse,3.2375,4.2027,512,63,0.124756,CO(3-2),-10673.7346,-9524.71,False,False,searched,
HR 1010  Gaia DR3 4722135642226902656,HR 1010 Gaia DR3 4722135642226902656,7,A002_Xc66ce1_X1345,12.0394,345.315385,346.235795,488281.2500,920898437.5,1360.80,,24.7243,124.13,1.051154e+15,4149.3071,132,fine,5.5820,5.8224,512,2,0.005848,CO(3-2),-175.4396,-152.11,True,False,searched,
HR 1010  Gaia DR3 4722135642226902656,HR 1010 Gaia DR3 4722135642226902656,7,A002_Xc66ce1_X1345,12.0394,347.044137,348.872262,15625000.0000,1843750000.0,1360.80,,3.90856,19.6242,5.317801e+15,4175.4984,6,coarse,2.8891,4.1038,512,219,0.428850,CO(3-2),3029.3866,2610.05,False,False,searched,
HR 1010  Gaia DR3 4722135642226902656,HR 1010 Gaia DR3 4722135642226902656,7,A002_Xc6a3db_X7b5b,12.0394,333.085368,334.913493,15625000.0000,1843750000.0,1360.80,,5.53528,27.7841,7.528989e+15,4007.9932,5,coarse,2.8376,4.6577,512,217,0.424951,CO(3-2),-11773.1317,-10567.37,False,False,searched,
HR 1010  Gaia DR3 4722135642226902656,HR 1010 Gaia DR3 4722135642226902656,7,A002_Xc6a3db_X7b5b,12.0394,335.043368,336.871493,15625000.0000,1843750000.0,1360.80,,5.49354,27.5759,7.472562e+15,4031.4892,5,coarse,3.2279,5.0219,512,101,0.198830,CO(3-2),-9705.7567,-8660.96,False,False,searched,
HR 1010  Gaia DR3 4722135642226902656,HR 1010 Gaia DR3 4722135642226902656,7,A002_Xc6a3db_X7b5b,12.0394,345.314613,346.235023,488281.2500,920898437.5,1360.80,,43.2897,217.352,1.840573e+15,4149.2978,132,fine,5.0542,5.7014,512,27,0.054581,CO(3-2),-317.8132,-275.55,True,False,searched,
HR 1010  Gaia DR3 4722135642226902656,HR 1010 Gaia DR3 4722135642226902656,7,A002_Xc6a3db_X7b5b,12.0394,347.043364,348.871489,15625000.0000,1843750000.0,1360.80,,5.90265,29.6379,8.031348e+15,4175.4891,6,coarse,3.4120,4.6631,512,66,0.130604,CO(3-2),2075.4895,1788.20,False,False,searched,
HR 1010  Gaia DR3 4722135642226902656,HR 1010 Gaia DR3 4722135642226902656,7,A002_Xc6c0d5_X121e,12.0394,333.085241,334.913366,15625000.0000,1843750000.0,1360.80,,5.31424,26.6751,7.228465e+15,4007.9916,5,coarse,2.2634,4.5739,512,471,0.920078,CO(3-2),-12273.2586,-11016.28,False,False,searched,
HR 1010  Gaia DR3 4722135642226902656,HR 1010 Gaia DR3 4722135642226902656,7,A002_Xc6c0d5_X121e,12.0394,335.043241,336.871366,15625000.0000,1843750000.0,1360.80,,4.86473,24.4199,6.617339e+15,4031.4876,5,coarse,2.6351,4.5574,512,318,0.621832,CO(3-2),-10284.0086,-9176.96,False,False,searched,
HR 1010  Gaia DR3 4722135642226902656,HR 1010 Gaia DR3 4722135642226902656,7,A002_Xc6c0d5_X121e,12.0394,345.314486,346.234896,488281.2500,920898437.5,1360.80,,36.2193,181.855,1.539983e+15,4149.2963,132,fine,4.5225,5.9169,512,308,0.602339,CO(3-2),-112.3738,-97.43,False,False,searched,
HR 1010  Gaia DR3 4722135642226902656,HR 1010 Gaia DR3 4722135642226902656,7,A002_Xc6c0d5_X121e,12.0394,347.043238,348.871363,15625000.0000,1843750000.0,1360.80,,5.57274,27.9819,7.582596e+15,4175.4876,6,coarse,3.7895,5.0357,512,21,0.042885,CO(3-2),2465.9876,2124.64,False,False,searched,
HR 1010  Gaia DR3 4722135642226902656,HR 1010 Gaia DR3 4722135642226902656,7,A002_Xc7111c_X61dc,12.0394,333.084351,334.912476,15625000.0000,1843750000.0,1360.80,,4.70856,23.6369,6.405185e+15,4007.9810,5,coarse,2.9007,4.3739,512,196,0.384016,CO(3-2),-12164.7737,-10918.94,False,False,searched,
HR 1010  Gaia DR3 4722135642226902656,HR 1010 Gaia DR3 4722135642226902656,7,A002_Xc7111c_X61dc,12.0394,335.042351,336.870476,15625000.0000,1843750000.0,1360.80,,4.49218,22.5518,6.111131e+15,4031.4770,5,coarse,2.4248,4.3741,512,393,0.768031,CO(3-2),-9566.1487,-8536.40,False,False,searched,
HR 1010  Gaia DR3 4722135642226902656,HR 1010 Gaia DR3 4722135642226902656,7,A002_Xc7111c_X61dc,12.0394,345.313596,346.234006,488281.2500,920898437.5,1360.80,,32.1704,161.541,1.367963e+15,4149.2856,132,fine,4.4528,5.8178,512,354,0.692008,CO(3-2),74.7245,64.79,False,False,searched,
HR 1010  Gaia DR3 4722135642226902656,HR 1010 Gaia DR3 4722135642226902656,7,A002_Xc7111c_X61dc,12.0394,347.042348,348.870473,15625000.0000,1843750000.0,1360.80,,4.93293,24.7717,6.712695e+15,4175.4769,6,coarse,2.4960,4.9783,512,403,0.787524,CO(3-2),1308.8475,1127.68,False,False,searched,
TRAPPIST-1,TRAPPIST-1,3,A002_Xc9831a_X443,12.4669,89.627387,91.361762,15625000.0000,1750000000.0,3265.92,,0.105336,0.526678,1.530361e+14,1085.9349,2,coarse,1.7687,4.1338,512,503,0.982456,,,,False,False,duplicate_row,
TRAPPIST-1,TRAPPIST-1,3,A002_Xc9831a_X443,12.4669,89.627387,91.361762,15625000.0000,1750000000.0,3084.48,,0.107875,0.539409,1.567354e+14,1207.1976,3,coarse,2.7477,4.6084,512,219,0.428850,HCO+(1-0),1141.5125,3781.63,False,False,searched,
TRAPPIST-1,TRAPPIST-1,3,A002_Xc9831a_X443,12.4669,91.564887,93.299262,15625000.0000,1750000000.0,3084.48,,0.106936,0.534717,1.553721e+14,1233.0439,3,coarse,2.8909,4.2621,512,160,0.313840,HCO+(1-0),3375.8875,10949.29,False,False,searched,
TRAPPIST-1,TRAPPIST-1,3,A002_Xc9831a_X443,12.4669,101.627387,103.361762,15625000.0000,1750000000.0,3084.48,,0.107795,0.539021,1.566227e+14,1367.2776,3,coarse,2.0922,4.4551,512,483,0.943470,CN(1-0),-11004.2375,-32186.95,False,False,searched,
TRAPPIST-1,TRAPPIST-1,3,A002_Xc9831a_X443,12.4669,103.627387,105.361762,15625000.0000,1750000000.0,3084.48,,0.109772,0.548908,1.594954e+14,1393.9576,3,coarse,2.7203,4.5456,512,205,0.401559,CN(1-0),-9066.7375,-26012.25,False,False,searched,
TRAPPIST-1,TRAPPIST-1,3,A002_Xc99ad7_X623d,12.4669,89.627387,91.361762,15625000.0000,1750000000.0,3084.48,,0.119435,0.597214,1.735318e+14,1207.1976,3,coarse,2.6559,4.7809,512,245,0.479532,HCO+(1-0),844.6375,2798.13,False,False,searched,
TRAPPIST-1,TRAPPIST-1,3,A002_Xc99ad7_X623d,12.4669,91.564887,93.299262,15625000.0000,1750000000.0,3084.48,,0.119417,0.597126,1.735062e+14,1233.0439,3,coarse,2.4862,4.2441,512,326,0.637427,HCO+(1-0),2907.1375,9428.96,False,False,searched,
TRAPPIST-1,TRAPPIST-1,3,A002_Xc99ad7_X623d,12.4669,101.627387,103.361762,15625000.0000,1750000000.0,3084.48,,0.125777,0.628939,1.827500e+14,1367.2776,3,coarse,2.8299,4.2312,512,170,0.333333,CN(1-0),-10441.7375,-30541.66,False,False,searched,
TRAPPIST-1,TRAPPIST-1,3,A002_Xc99ad7_X623d,12.4669,103.627387,105.361762,15625000.0000,1750000000.0,3084.48,,0.128817,0.644141,1.871673e+14,1393.9576,3,coarse,2.5171,4.5880,512,309,0.604288,CN(1-0),-9691.7375,-27805.37,False,False,searched,
TRAPPIST-1,TRAPPIST-1,3,A002_Xc99ad7_X67ff,12.4669,89.627387,91.361762,15625000.0000,1750000000.0,3084.48,,0.128746,0.64377,1.870595e+14,1207.1976,3,coarse,3.5706,4.8390,512,16,0.033138,HCO+(1-0),1032.1375,3419.29,False,False,searched,
TRAPPIST-1,TRAPPIST-1,3,A002_Xc99ad7_X67ff,12.4669,91.564887,93.299262,15625000.0000,1750000000.0,3084.48,,0.128182,0.640956,1.862417e+14,1233.0439,3,coarse,2.9069,4.4013,512,144,0.282651,HCO+(1-0),3657.1375,11861.49,False,False,searched,
TRAPPIST-1,TRAPPIST-1,3,A002_Xc99ad7_X67ff,12.4669,101.627387,103.361762,15625000.0000,1750000000.0,3084.48,,0.136895,0.684532,1.989035e+14,1367.2776,3,coarse,2.0526,4.3524,512,478,0.933723,CN(1-0),-10566.7375,-30907.28,False,False,searched,
TRAPPIST-1,TRAPPIST-1,3,A002_Xc99ad7_X67ff,12.4669,103.627387,105.361762,15625000.0000,1750000000.0,3084.48,,0.143375,0.716939,2.083201e+14,1393.9576,3,coarse,2.7462,4.6486,512,206,0.403509,CN(1-0),-8957.3625,-25698.46,False,False,searched,
TRAPPIST-1,TRAPPIST-1,3,A002_Xc9c531_X632d,12.4669,89.627387,91.361762,15625000.0000,1750000000.0,3084.48,,0.12759,0.637993,1.853809e+14,1207.1976,3,coarse,1.9322,4.2304,512,502,0.980507,HCO+(1-0),704.0125,2332.27,False,False,searched,
TRAPPIST-1,TRAPPIST-1,3,A002_Xc9c531_X632d,12.4669,91.564887,93.299262,15625000.0000,1750000000.0,3084.48,,0.127551,0.637795,1.853233e+14,1233.0439,3,coarse,2.3503,3.9834,512,392,0.766082,HCO+(1-0),2938.3875,9530.31,False,False,searched,
TRAPPIST-1,TRAPPIST-1,3,A002_Xc9c531_X632d,12.4669,101.627387,103.361762,15625000.0000,1750000000.0,3084.48,,0.13526,0.676353,1.965271e+14,1367.2776,3,coarse,2.1264,4.1735,512,463,0.904483,CN(1-0),-10551.1125,-30861.57,False,False,searched,
TRAPPIST-1,TRAPPIST-1,3,A002_Xc9c531_X632d,12.4669,103.627387,105.361762,15625000.0000,1750000000.0,3084.48,,0.138354,0.691827,2.010233e+14,1393.9576,3,coarse,3.4825,4.6603,512,17,0.035088,CN(1-0),-9160.4875,-26281.22,False,False,searched,
TRAPPIST-1,TRAPPIST-1,3,A002_Xc9c531_X67a0,12.4669,89.627387,91.361762,15625000.0000,1750000000.0,3084.48,,0.152946,0.76478,2.222212e+14,1207.1976,3,coarse,2.3909,4.2595,512,375,0.732943,HCO+(1-0),2172.7625,7197.98,False,False,searched,
TRAPPIST-1,TRAPPIST-1,3,A002_Xc9c531_X67a0,12.4669,91.564887,93.299262,15625000.0000,1750000000.0,3084.48,,0.152406,0.762081,2.214369e+14,1233.0439,3,coarse,2.5496,4.2870,512,304,0.594542,HCO+(1-0),3938.3875,12773.69,False,False,searched,
TRAPPIST-1,TRAPPIST-1,3,A002_Xc9c531_X67a0,12.4669,101.627387,103.361762,15625000.0000,1750000000.0,3084.48,,0.165192,0.82603,2.400184e+14,1367.2776,3,coarse,3.4643,4.6002,512,37,0.074074,CN(1-0),-10472.9875,-30633.06,False,False,searched,
TRAPPIST-1,TRAPPIST-1,3,A002_Xc9c531_X67a0,12.4669,103.627387,105.361762,15625000.0000,1750000000.0,3084.48,,0.170306,0.851602,2.474489e+14,1393.9576,3,coarse,3.6158,4.5804,512,15,0.031189,CN(1-0),-9691.7375,-27805.37,False,False,searched,
TRAPPIST-1,TRAPPIST-1,6,A002_X12a079b_X22389,12.4669,223.078125,224.921875,31250000.0000,1875000000.0,3219.55,,1.72731,8.63662,5.019065e+15,2688.0000,3,coarse,2.7350,4.9036,512,181,0.354776,13CO(2-1),3147.8750,4212.99,False,False,searched,
TRAPPIST-1,TRAPPIST-1,6,A002_X12a079b_X22389,12.4669,225.078125,226.921875,31250000.0000,1875000000.0,3219.55,,1.62126,8.10635,4.710906e+15,2712.0000,3,coarse,2.7297,4.2506,512,168,0.329435,CO(2-1),-4116.1250,-5460.10,False,False,searched,
TRAPPIST-1,TRAPPIST-1,6,A002_X12a079b_X22389,12.4669,239.078125,240.921875,31250000.0000,1875000000.0,3219.55,,1.7838,8.91909,5.183215e+15,2880.0000,3,coarse,2.8867,4.4194,512,101,0.198830,CS(5-4),-5514.1250,-6887.89,False,False,searched,
TRAPPIST-1,TRAPPIST-1,6,A002_X12a079b_X22389,12.4669,241.078125,242.921875,31250000.0000,1875000000.0,3219.55,,1.87382,9.3692,5.444794e+15,2904.0000,3,coarse,2.5117,3.8881,512,242,0.473684,CS(5-4),-2107.8750,-2611.26,False,False,searched,
TRAPPIST-1,TRAPPIST-1,6,A002_X12a8fc8_X10b8,12.4669,223.078125,224.921875,31250000.0000,1875000000.0,3219.55,,1.76451,8.82264,5.127169e+15,2988.1600,3,coarse,2.6972,4.3908,512,172,0.337232,13CO(2-1),3616.6250,4840.34,False,False,searched,
TRAPPIST-1,TRAPPIST-1,6,A002_X12a8fc8_X10b8,12.4669,225.078125,226.921875,31250000.0000,1875000000.0,3219.55,,1.64122,8.20618,4.768919e+15,3014.8400,3,coarse,2.0336,4.0410,512,473,0.923977,13CO(2-1),4679.1250,6206.93,False,False,searched,
TRAPPIST-1,TRAPPIST-1,6,A002_X12a8fc8_X10b8,12.4669,239.078125,240.921875,31250000.0000,1875000000.0,3219.55,,1.80452,9.02266,5.243406e+15,3201.6000,3,coarse,1.9885,4.4864,512,472,0.922027,CS(5-4),-5451.6250,-6809.82,False,False,searched,
TRAPPIST-1,TRAPPIST-1,6,A002_X12a8fc8_X10b8,12.4669,241.078125,242.921875,31250000.0000,1875000000.0,3219.55,,1.90662,9.53318,5.540088e+15,3228.2800,3,coarse,2.4033,4.5232,512,341,0.666667,CS(5-4),-2482.8750,-3075.81,False,False,searched,
TRAPPIST-1,TRAPPIST-1,6,A002_X12a8fc8_X1980,12.4669,223.078125,224.921875,31250000.0000,1875000000.0,3219.55,,1.65855,8.29283,4.819276e+15,2988.1600,3,coarse,1.7342,4.4551,512,506,0.988304,13CO(2-1),3522.8750,4714.87,False,False,searched,
TRAPPIST-1,TRAPPIST-1,6,A002_X12a8fc8_X1980,12.4669,225.078125,226.921875,31250000.0000,1875000000.0,3219.55,,1.54471,7.72363,4.488493e+15,3014.8400,3,coarse,2.6428,4.5033,512,191,0.374269,CO(2-1),-3803.6250,-5045.57,False,False,searched,
TRAPPIST-1,TRAPPIST-1,6,A002_X12a8fc8_X1980,12.4669,239.078125,240.921875,31250000.0000,1875000000.0,3219.55,,1.69259,8.46302,4.918179e+15,3201.6000,3,coarse,2.1105,4.1106,512,407,0.795322,CS(5-4),-5701.6250,-7122.10,False,False,searched,
TRAPPIST-1,TRAPPIST-1,6,A002_X12a8fc8_X1980,12.4669,241.078125,242.921875,31250000.0000,1875000000.0,3219.55,,1.78012,8.9007,5.172532e+15,3228.2800,3,coarse,1.7409,4.1290,512,506,0.988304,CS(5-4),-3045.3750,-3772.65,False,False,searched,
TRAPPIST-1,TRAPPIST-1,6,A002_X12a8fc8_X2201,12.4669,223.078125,224.921875,31250000.0000,1875000000.0,3219.55,,1.71606,8.58036,4.986370e+15,2988.1600,3,coarse,2.9106,3.9355,512,116,0.228070,13CO(2-1),3241.6250,4338.46,False,False,searched,
TRAPPIST-1,TRAPPIST-1,6,A002_X12a8fc8_X2201,12.4669,225.078125,226.921875,31250000.0000,1875000000.0,3219.55,,1.59622,7.98115,4.638144e+15,3014.8400,3,coarse,2.1841,4.1740,512,397,0.775828,CO(2-1),-3772.3750,-5004.11,False,False,searched,
TRAPPIST-1,TRAPPIST-1,6,A002_X12a8fc8_X2201,12.4669,239.078125,240.921875,31250000.0000,1875000000.0,3219.55,,1.7486,8.7431,5.080940e+15,3201.6000,3,coarse,3.2067,4.4982,512,53,0.105263,CS(5-4),-4451.6250,-5560.68,False,False,searched,
TRAPPIST-1,TRAPPIST-1,6,A002_X12a8fc8_X2201,12.4669,241.078125,242.921875,31250000.0000,1875000000.0,3219.55,,1.8492,9.24607,5.373236e+15,3228.2800,3,coarse,2.7406,4.7777,512,165,0.323587,CS(5-4),-2701.6250,-3346.80,False,False,searched,
TRAPPIST-1,TRAPPIST-1,6,A002_X12a8fc8_Xb82,12.4669,223.078125,224.921875,31250000.0000,1875000000.0,3219.55,,1.84929,9.24652,5.373498e+15,2988.1600,3,coarse,2.1901,4.7817,512,418,0.816764,13CO(2-1),4460.3750,5969.58,False,False,searched,
TRAPPIST-1,TRAPPIST-1,6,A002_X12a8fc8_Xb82,12.4669,225.078125,226.921875,31250000.0000,1875000000.0,3219.55,,1.72898,8.64498,5.023922e+15,3014.8400,3,coarse,3.0380,3.9051,512,93,0.183236,CO(2-1),-4491.1250,-5957.55,False,False,searched,
TRAPPIST-1,TRAPPIST-1,6,A002_X12a8fc8_Xb82,12.4669,239.078125,240.921875,31250000.0000,1875000000.0,3219.55,,1.89437,9.47196,5.504511e+15,3201.6000,3,coarse,2.1526,4.3676,512,414,0.808967,CS(5-4),-5701.6250,-7122.10,False,False,searched,
TRAPPIST-1,TRAPPIST-1,6,A002_X12a8fc8_Xb82,12.4669,241.078125,242.921875,31250000.0000,1875000000.0,3219.55,,2.004,10.0201,5.823050e+15,3228.2800,3,coarse,3.5034,5.1831,512,28,0.056530,CS(5-4),-2139.1250,-2649.97,False,False,searched,
TRAPPIST-1,TRAPPIST-1,6,A002_X12ac5b5_X14ae,12.4669,223.078125,224.921875,31250000.0000,1875000000.0,3219.55,,1.93818,9.69096,5.631778e+15,2688.0000,3,coarse,2.3175,4.1123,512,353,0.690058,13CO(2-1),3210.3750,4296.63,False,False,searched,
TRAPPIST-1,TRAPPIST-1,6,A002_X12ac5b5_X14ae,12.4669,225.078125,226.921875,31250000.0000,1875000000.0,3219.55,,1.80005,9.00032,5.230424e+15,2712.0000,3,coarse,2.1140,4.0476,512,447,0.873294,CO(2-1),-4772.3750,-6330.63,False,False,searched,
TRAPPIST-1,TRAPPIST-1,6,A002_X12ac5b5_X14ae,12.4669,239.078125,240.921875,31250000.0000,1875000000.0,3219.55,,1.97579,9.87906,5.741093e+15,2880.0000,3,coarse,2.3482,4.7428,512,348,0.680312,CS(5-4),-4326.6250,-5404.54,False,False,searched,
TRAPPIST-1,TRAPPIST-1,6,A002_X12ac5b5_X14ae,12.4669,241.078125,242.921875,31250000.0000,1875000000.0,3219.55,,2.06859,10.3431,6.010741e+15,2904.0000,3,coarse,2.6061,4.0387,512,221,0.432749,CS(5-4),-2764.1250,-3424.23,False,False,searched,
TRAPPIST-1,TRAPPIST-1,6,A002_X12b487b_X386a,12.4669,223.078125,224.921875,31250000.0000,1875000000.0,3219.55,,2.73201,13.6601,7.938421e+15,2688.0000,3,coarse,2.8691,4.4829,512,149,0.292398,13CO(2-1),3335.3750,4463.93,False,False,searched,
TRAPPIST-1,TRAPPIST-1,6,A002_X12b487b_X386a,12.4669,225.078125,226.921875,31250000.0000,1875000000.0,3219.55,,2.56576,12.8289,7.455340e+15,2712.0000,3,coarse,3.6333,4.1913,512,6,0.013645,CO(2-1),-4241.1250,-5625.92,False,False,searched,
TRAPPIST-1,TRAPPIST-1,6,A002_X12b487b_X386a,12.4669,239.078125,240.921875,31250000.0000,1875000000.0,3219.55,,2.82162,14.1082,8.198795e+15,2880.0000,3,coarse,2.4619,4.4399,512,296,0.578947,CS(5-4),-4607.8750,-5755.86,False,False,searched,
TRAPPIST-1,TRAPPIST-1,6,A002_X12b487b_X386a,12.4669,241.078125,242.921875,31250000.0000,1875000000.0,3219.55,,2.96224,14.8113,8.607394e+15,2904.0000,3,coarse,3.2719,5.0986,512,52,0.103314,CS(5-4),-2764.1250,-3424.23,False,False,searched,
TRAPPIST-1,TRAPPIST-1,6,A002_X12b966a_X38de,12.4669,223.078125,224.921875,31250000.0000,1875000000.0,3219.55,,2.16979,10.849,6.304758e+15,2688.0000,3,coarse,2.4719,4.2360,512,316,0.617934,13CO(2-1),3772.8750,5049.46,False,False,searched,
TRAPPIST-1,TRAPPIST-1,6,A002_X12b966a_X38de,12.4669,225.078125,226.921875,31250000.0000,1875000000.0,3219.55,,2.03858,10.193,5.923518e+15,2712.0000,3,coarse,2.4126,4.3195,512,320,0.625731,CO(2-1),-3928.6250,-5211.38,False,False,searched,
TRAPPIST-1,TRAPPIST-1,6,A002_X12b966a_X38de,12.4669,239.078125,240.921875,31250000.0000,1875000000.0,3219.55,,2.24036,11.2019,6.509829e+15,2880.0000,3,coarse,3.0733,4.5331,512,73,0.144250,CS(5-4),-5045.3750,-6302.36,False,False,searched,
TRAPPIST-1,TRAPPIST-1,6,A002_X12b966a_X38de,12.4669,241.078125,242.921875,31250000.0000,1875000000.0,3219.55,,2.3593,11.7966,6.855424e+15,2904.0000,3,coarse,2.5777,4.2392,512,234,0.458090,CS(5-4),-3045.3750,-3772.65,False,False,searched,
TRAPPIST-1,TRAPPIST-1,7,A002_Xcccc19_X4dfa,12.4669,333.727513,335.461888,15625000.0000,1750000000.0,3798.14,,0.266718,1.33411,3.876500e+14,4463.4933,6,coarse,3.5753,4.7751,512,30,0.060429,CO(3-2),-11396.6120,-10211.21,False,False,searched,
TRAPPIST-1,TRAPPIST-1,7,A002_Xcccc19_X4dfa,12.4669,335.623013,337.357388,15625000.0000,1750000000.0,3798.14,,0.230282,1.15186,3.346955e+14,4488.7793,6,coarse,2.5032,4.4724,512,412,0.805068,CO(3-2),-8797.9870,-7838.48,False,False,searched,
TRAPPIST-1,TRAPPIST-1,7,A002_Xcccc19_X4dfa,12.4669,345.732152,347.457249,488281.2500,1725585937.5,2782.08,,1.4588,7.29705,6.625918e+13,4623.5733,138,fine,4.5554,5.9214,512,308,0.602339,CO(3-2),210.5657,182.13,False,False,searched,
TRAPPIST-1,TRAPPIST-1,7,A002_Xcccc19_X4dfa,12.4669,347.623013,349.357388,15625000.0000,1750000000.0,3798.14,,0.278271,1.39194,4.044546e+14,4648.8593,6,coarse,2.2863,4.9038,512,477,0.931774,CO(3-2),3123.8880,2687.36,False,False,searched,
TRAPPIST-1,TRAPPIST-1,7,A002_Xcccc19_X5564,12.4669,333.727377,335.461752,15625000.0000,1750000000.0,3798.14,,0.227484,1.13786,3.306265e+14,4463.4915,6,coarse,3.5649,4.2858,512,32,0.064327,CO(3-2),-10818.6227,-9693.35,False,False,searched,
TRAPPIST-1,TRAPPIST-1,7,A002_Xcccc19_X5564,12.4669,335.622877,337.357252,15625000.0000,1750000000.0,3798.14,,0.19655,0.983137,2.856690e+14,4488.7775,6,coarse,2.4270,4.6506,512,446,0.871345,CO(3-2),-8610.6227,-7671.55,False,False,searched,
TRAPPIST-1,TRAPPIST-1,7,A002_Xcccc19_X5564,12.4669,345.732016,347.457114,488281.2500,1725585937.5,2782.08,,1.26733,6.3393,5.756259e+13,4623.5715,138,fine,4.2670,5.7201,512,488,0.953216,CO(3-2),420.8792,364.05,False,False,searched,
TRAPPIST-1,TRAPPIST-1,7,A002_Xcccc19_X5564,12.4669,347.622877,349.357252,15625000.0000,1750000000.0,3798.14,,0.238504,1.19302,3.466548e+14,4648.8575,6,coarse,2.2326,4.5987,512,489,0.955166,CO(3-2),3295.6273,2835.10,False,False,searched,
TRAPPIST-1,TRAPPIST-1,7,A002_Xd0e450_X1e19,12.4669,333.710656,335.445031,15625000.0000,1750000000.0,3798.14,,0.212741,1.06429,3.092487e+14,4463.2684,6,coarse,2.3444,4.4322,512,469,0.916179,CO(3-2),-11929.0936,-10688.85,False,False,searched,
TRAPPIST-1,TRAPPIST-1,7,A002_Xd0e450_X1e19,12.4669,335.606156,337.340531,15625000.0000,1750000000.0,3798.14,,0.184234,0.921679,2.678112e+14,4488.5544,6,coarse,3.7575,4.7879,512,26,0.052632,CO(3-2),-10017.9686,-8925.85,False,False,searched,
TRAPPIST-1,TRAPPIST-1,7,A002_Xd0e450_X1e19,12.4669,345.715295,347.440393,488281.2500,1725585937.5,2782.08,,1.18157,5.91132,5.367639e+13,4623.3484,138,fine,4.9055,5.9101,512,90,0.177388,CO(3-2),570.1740,493.20,False,False,searched,
TRAPPIST-1,TRAPPIST-1,7,A002_Xd0e450_X1e19,12.4669,347.606156,349.340531,15625000.0000,1750000000.0,3798.14,,0.223357,1.11745,3.246959e+14,4648.6344,6,coarse,3.2883,4.3378,512,80,0.157895,CO(3-2),3435.1564,2955.27,False,False,searched,
TRAPPIST-1,TRAPPIST-1,7,A002_Xd0e450_Xc008,12.4669,333.710028,335.444403,15625000.0000,1750000000.0,3798.14,,0.257853,1.28998,3.748277e+14,4463.2601,6,coarse,2.3532,4.5192,512,468,0.914230,CO(3-2),-10476.5971,-9387.38,False,False,searched,
TRAPPIST-1,TRAPPIST-1,7,A002_Xd0e450_Xc008,12.4669,335.605528,337.339903,15625000.0000,1750000000.0,3798.14,,0.223868,1.11996,3.254265e+14,4488.5460,6,coarse,2.5818,4.2130,512,369,0.721248,CO(3-2),-10034.2221,-8940.35,False,False,searched,
TRAPPIST-1,TRAPPIST-1,7,A002_Xd0e450_Xc008,12.4669,345.714667,347.439764,488281.2500,1725585937.5,2782.08,,1.41882,7.09829,6.445438e+13,4623.3401,139,fine,4.3519,5.7524,512,460,0.898635,CO(3-2),552.9439,478.30,False,False,searched,
TRAPPIST-1,TRAPPIST-1,7,A002_Xd0e450_Xc008,12.4669,347.605528,349.339903,15625000.0000,1750000000.0,3798.14,,0.267753,1.33957,3.892369e+14,4648.6260,6,coarse,2.9785,5.0989,512,185,0.362573,CO(3-2),3262.6529,2806.87,False,False,searched,
TRAPPIST-1,TRAPPIST-1,7,A002_Xd0e450_Xc7a1,12.4669,333.709847,335.444222,15625000.0000,1750000000.0,3798.14,,0.248837,1.24487,3.617213e+14,4463.2576,6,coarse,2.9895,4.8291,512,192,0.376218,CO(3-2),-10695.5278,-9583.56,False,False,searched,
TRAPPIST-1,TRAPPIST-1,7,A002_Xd0e450_Xc7a1,12.4669,335.605347,337.339722,15625000.0000,1750000000.0,3798.14,,0.215774,1.07947,3.136615e+14,4488.5436,6,coarse,3.1515,4.4148,512,100,0.196881,CO(3-2),-8800.0278,-7840.71,False,False,searched,
TRAPPIST-1,TRAPPIST-1,7,A002_Xd0e450_Xc7a1,12.4669,345.714486,347.439584,488281.2500,1725585937.5,2782.08,,1.41169,7.06263,6.413060e+13,4623.3376,139,fine,4.6064,5.9575,512,261,0.510721,CO(3-2),1370.6343,1185.61,False,False,searched,
TRAPPIST-1,TRAPPIST-1,7,A002_Xd0e450_Xc7a1,12.4669,347.605347,349.339722,15625000.0000,1750000000.0,3798.14,,0.26297,1.31564,3.822840e+14,4648.6236,6,coarse,2.8470,4.9233,512,236,0.461988,CO(3-2),2871.8472,2470.66,False,False,searched,
HD 69830,HD 69830,6,A002_Xcbb583_Xb78,12.5692,226.302308,228.027406,488281.2500,1725585937.5,2388.96,,0.876246,4.38131,4.043922e+13,2725.9783,68,fine,4.4156,6.0574,512,277,0.541910,CO(2-1),-4068.2115,-5368.87,False,False,searched,
HD 69830,HD 69830,6,A002_Xcbb583_Xb78,12.5692,229.195064,230.920162,488281.2500,1725585937.5,2388.96,,0.847048,4.23532,3.909171e+13,2760.6914,69,fine,4.5267,5.6553,512,241,0.471735,CO(2-1),-3.0923,-4.03,False,False,searched,
HD 69830,HD 69830,6,A002_Xcbb583_Xb78,12.5692,242.188031,243.922406,15625000.0000,1750000000.0,2896.99,,0.157469,0.78736,2.325530e+14,2916.6626,4,coarse,2.2441,4.1252,512,447,0.873294,CS(5-4),-1997.9695,-2464.36,False,False,searched,
HD 69830,HD 69830,6,A002_Xcbb583_Xb78,12.5692,244.187662,245.922037,15625000.0000,1750000000.0,2896.99,,0.171054,0.85529,2.526166e+14,2940.6582,4,coarse,2.9324,4.4499,512,161,0.315789,CS(5-4),-342.0879,-418.50,False,False,searched,
HD 69830,HD 69830,6,A002_Xcbc47c_Xd4,12.5692,226.302271,228.027368,488281.2500,1725585937.5,2388.96,,1.03037,5.15195,4.755215e+13,2725.9778,66,fine,4.8438,5.9225,512,67,0.132554,CO(2-1),-2840.2217,-3748.28,False,False,searched,
HD 69830,HD 69830,6,A002_Xcbc47c_Xd4,12.5692,229.195027,230.920125,488281.2500,1725585937.5,2388.96,,1.02591,5.12964,4.734624e+13,2760.6909,67,fine,4.3678,6.0700,512,342,0.668616,CO(2-1),-254.5936,-331.77,False,False,searched,
HD 69830,HD 69830,6,A002_Xcbc47c_Xd4,12.5692,242.187992,243.922367,15625000.0000,1750000000.0,2896.99,,0.18931,0.946572,2.795775e+14,2916.6622,4,coarse,3.1089,4.4035,512,96,0.189084,CS(5-4),-1029.2580,-1269.52,False,False,searched,
HD 69830,HD 69830,6,A002_Xcbc47c_Xd4,12.5692,244.187623,245.921998,15625000.0000,1750000000.0,2896.99,,0.201777,1.00891,2.979893e+14,2940.6577,4,coarse,2.5321,4.8881,512,337,0.658869,CS(5-4),-670.2518,-819.97,False,False,searched,
HD 69830,HD 69830,7,A002_X1207c39_X9417,12.5692,321.166506,321.274172,244140.6250,107910156.2,2903.04,,3.7483,18.7415,8.649130e+13,3854.6441,275,fine,4.4203,5.6870,512,217,0.424951,,,,False,False,duplicate_row,
HD 69830,HD 69830,7,A002_X1207c39_X9417,12.5692,321.166506,321.274172,244140.6250,107910156.2,2903.04,,3.7483,18.7423,8.649498e+13,3854.6441,275,fine,4.4203,5.6870,512,217,0.424951,CO(3-2),-24570.6561,-22931.60,False,False,searched,
HD 69830,HD 69830,7,A002_X1207c39_X9417,12.5692,322.406000,322.513666,244140.6250,107910156.2,2903.04,,5.07662,25.3842,1.171473e+14,3869.5180,276,fine,4.3987,5.7406,512,248,0.485380,CO(3-2),-23367.5389,-21724.91,False,False,searched,
HD 69830,HD 69830,7,A002_X1207c39_X9417,12.5692,332.582766,334.410891,15625000.0000,1843750000.0,5273.86,,0.257036,1.28524,3.796052e+14,4001.9619,6,coarse,2.1909,4.5289,512,494,0.964912,CO(3-2),-12135.1093,-10908.69,False,False,searched,
HD 69830,HD 69830,7,A002_X1207c39_X9417,12.5692,335.336092,335.443758,244140.6250,107910156.2,2903.04,,2.55445,12.7728,5.894615e+13,4024.6791,287,fine,4.7990,5.8762,512,56,0.111111,CO(3-2),-10371.2848,-9270.50,False,False,searched,
HD 69830,HD 69830,7,A002_X12209f7_X163ba,12.5692,321.160299,321.267965,244140.6250,107910156.2,2903.04,,2.86267,14.3138,6.605762e+13,3854.5696,276,fine,4.6401,6.4681,512,113,0.222222,CO(3-2),-24561.2385,-22923.26,False,False,searched,
HD 69830,HD 69830,7,A002_X12209f7_X163ba,12.5692,322.399732,322.507398,244140.6250,107910156.2,2903.04,,3.87075,19.3543,8.931950e+13,3869.4428,277,fine,4.4849,5.6721,512,201,0.393762,CO(3-2),-23328.1531,-21688.72,False,False,searched,
HD 69830,HD 69830,7,A002_X12209f7_X163ba,12.5692,332.576528,334.404653,15625000.0000,1843750000.0,5273.86,,0.218487,1.09247,3.226688e+14,4001.8871,6,coarse,3.0595,4.3974,512,144,0.282651,CO(3-2),-12235.0972,-10998.78,False,False,searched,
HD 69830,HD 69830,7,A002_X12209f7_X163ba,12.5692,335.329580,335.437246,244140.6250,107910156.2,2903.04,,2.20706,11.0356,5.092914e+13,4024.6010,288,fine,4.0122,5.7995,512,490,0.957115,CO(3-2),-10362.9048,-9263.19,False,False,searched,
HD 69830,HD 69830,7,A002_X12209f7_X16edb,12.5692,321.160099,321.267765,244140.6250,107910156.2,2903.04,,2.67173,13.359,6.165151e+13,3854.5672,272,fine,4.2195,5.6170,512,389,0.760234,CO(3-2),-24627.3558,-22984.98,False,False,searched,
HD 69830,HD 69830,7,A002_X12209f7_X16edb,12.5692,322.399532,322.507198,244140.6250,107910156.2,2903.04,,3.4232,17.1165,7.899206e+13,3869.4404,273,fine,5.2592,5.4247,512,7,0.015595,CO(3-2),-23363.5086,-21721.60,True,False,searched,
HD 69830,HD 69830,7,A002_X12209f7_X16edb,12.5692,332.576329,334.404454,15625000.0000,1843750000.0,5273.86,,0.210427,1.05217,3.107663e+14,4001.8847,6,coarse,2.8548,5.1046,512,273,0.534113,CO(3-2),-11391.5465,-10240.47,False,False,searched,
HD 69830,HD 69830,7,A002_X12209f7_X16edb,12.5692,335.329380,335.437046,244140.6250,107910156.2,2903.04,,2.12915,10.6461,4.913146e+13,4024.5986,284,fine,4.1675,5.6561,512,425,0.830409,CO(3-2),-10380.9264,-9279.31,False,False,searched,
HD 69830,HD 69830,7,A002_X12235df_X7876,12.5692,321.159833,321.267499,244140.6250,107910156.2,2903.04,,3.34418,16.7214,7.716861e+13,3854.5640,274,fine,4.4969,5.9246,512,184,0.360624,CO(3-2),-24618.1008,-22976.36,False,False,searched,
HD 69830,HD 69830,7,A002_X12235df_X7876,12.5692,322.399266,322.506932,244140.6250,107910156.2,2903.04,,4.63963,23.1988,1.070619e+14,3869.4372,275,fine,4.6777,5.8390,512,97,0.191033,CO(3-2),-23391.1188,-21747.29,False,False,searched,
HD 69830,HD 69830,7,A002_X12235df_X7876,12.5692,332.576062,334.404187,15625000.0000,1843750000.0,5273.86,,0.237494,1.18751,3.507389e+14,4001.8815,6,coarse,2.9464,4.9765,512,205,0.401559,CO(3-2),-11766.8129,-10577.83,False,False,searched,
HD 69830,HD 69830,7,A002_X12235df_X7876,12.5692,335.329114,335.436780,244140.6250,107910156.2,2903.04,,2.37679,11.8843,5.484577e+13,4024.5954,286,fine,4.7791,6.1135,512,63,0.124756,CO(3-2),-10398.5268,-9295.05,False,False,searched,
HD 69830,HD 69830,7,A002_X12235df_X8337,12.5692,321.159626,321.267292,244140.6250,107910156.2,2903.04,,3.90561,19.5286,9.012399e+13,3854.5615,274,fine,3.9668,5.3037,512,495,0.966862,CO(3-2),-24557.0287,-22919.38,False,False,searched,
HD 69830,HD 69830,7,A002_X12235df_X8337,12.5692,322.399059,322.506725,244140.6250,107910156.2,2903.04,,5.88577,29.4297,1.358171e+14,3869.4347,275,fine,4.7168,5.7074,512,89,0.175439,CO(3-2),-23315.3983,-21676.90,False,False,searched,
HD 69830,HD 69830,7,A002_X12235df_X8337,12.5692,332.575855,334.403980,15625000.0000,1843750000.0,5273.86,,0.260325,1.30166,3.844568e+14,4001.8790,6,coarse,3.2443,4.4978,512,84,0.165692,CO(3-2),-11673.2701,-10493.75,False,False,searched,
HD 69830,HD 69830,7,A002_X12235df_X8337,12.5692,335.328876,335.436542,244140.6250,107910156.2,2903.04,,2.65557,13.2783,6.127883e+13,4024.5925,286,fine,4.3018,5.3229,512,321,0.627680,CO(3-2),-10465.9032,-9355.28,False,False,searched,
HD 69830,HD 69830,7,A002_X12277ed_X178c6,12.5692,321.157558,321.265224,244140.6250,107910156.2,2903.04,,2.87961,14.3984,6.644819e+13,3854.5367,273,fine,5.0460,6.1342,512,14,0.029240,CO(3-2),-24595.4731,-22955.40,True,False,searched,
HD 69830,HD 69830,7,A002_X12277ed_X178c6,12.5692,322.396991,322.504657,244140.6250,107910156.2,2903.04,,3.95307,19.7659,9.121874e+13,3869.4099,274,fine,4.3073,5.4558,512,314,0.614035,CO(3-2),-23298.9111,-21661.71,False,False,searched,
HD 69830,HD 69830,7,A002_X12277ed_X178c6,12.5692,332.573787,334.401912,15625000.0000,1843750000.0,5273.86,,0.218795,1.09401,3.231232e+14,4001.8542,6,coarse,2.5379,5.1007,512,408,0.797271,CO(3-2),-13222.2126,-11886.25,False,False,searched,
HD 69830,HD 69830,7,A002_X12277ed_X178c6,12.5692,335.326748,335.434414,244140.6250,107910156.2,2903.04,,2.20609,11.0307,5.090648e+13,4024.5670,285,fine,4.2503,5.6501,512,368,0.719298,CO(3-2),-10371.3520,-9270.82,False,False,searched,
CD-38 10980,CD-38 10980,6,A002_Xe5808e_X80a1,12.9080,223.085938,224.914062,15625000.0000,1843750000.0,616.90,,0.285392,1.42696,4.444911e+14,2688.0000,2,coarse,3.8715,4.0824,512,3,0.007797,13CO(2-1),3327.5625,4453.47,False,False,searched,
CD-38 10980,CD-38 10980,6,A002_Xe5808e_X80a1,12.9080,225.085938,226.914062,15625000.0000,1843750000.0,616.90,,0.265519,1.3276,4.135406e+14,2712.0000,2,coarse,1.8871,4.4635,512,496,0.968811,13CO(2-1),4874.4375,6466.02,False,False,searched,
CD-38 10980,CD-38 10980,6,A002_Xe5808e_X80a1,12.9080,239.085938,240.914063,15625000.0000,1843750000.0,616.90,,0.291345,1.45673,4.537641e+14,2880.0000,2,coarse,2.6761,4.1455,512,179,0.350877,CS(5-4),-4787.5625,-5980.31,False,False,searched,
CD-38 10980,CD-38 10980,6,A002_Xe5808e_X80a1,12.9080,241.085938,242.914063,15625000.0000,1843750000.0,616.90,,0.312119,1.5606,4.861181e+14,2904.0000,2,coarse,2.6142,4.5413,512,217,0.424951,CS(5-4),-3006.3125,-3724.26,False,False,searched,
LP  349-25,LP 349-25,3,A002_Xb9a2bb_X1899,14.1281,89.627387,91.361762,15625000.0000,1750000000.0,2649.02,,0.137829,0.689687,2.573651e+14,1085.9349,2,coarse,2.4580,4.3305,512,287,0.561404,HCO+(1-0),1891.5125,6266.25,False,False,searched,
LP  349-25,LP 349-25,3,A002_Xb9a2bb_X1899,14.1281,91.564887,93.299262,15625000.0000,1750000000.0,2649.02,,0.142665,0.713911,2.664046e+14,1109.1849,2,coarse,2.3464,4.2796,512,327,0.639376,HCO+(1-0),3391.5125,10999.97,False,False,searched,
LP  349-25,LP 349-25,3,A002_Xb9a2bb_X1899,14.1281,101.627387,103.361762,15625000.0000,1750000000.0,2649.02,,0.139745,0.69943,2.610006e+14,1229.9349,2,coarse,2.3493,4.9596,512,331,0.647173,CN(1-0),-11082.3625,-32415.46,False,False,searched,
LP  349-25,LP 349-25,3,A002_Xb9a2bb_X1899,14.1281,103.627387,105.361762,15625000.0000,1750000000.0,2649.02,,0.140684,0.704161,2.627661e+14,1253.9349,2,coarse,2.6002,4.4886,512,217,0.424951,CN(1-0),-8488.6125,-24353.63,False,False,searched,
LP  349-25,LP 349-25,3,A002_Xb9b1b9_X971,14.1281,89.627387,91.361762,15625000.0000,1750000000.0,2649.02,,0.126321,0.632105,2.358775e+14,1085.9349,2,coarse,3.5708,4.6647,512,14,0.029240,HCO+(1-0),1985.2625,6576.82,False,False,searched,
LP  349-25,LP 349-25,3,A002_Xb9b1b9_X971,14.1281,91.564887,93.299262,15625000.0000,1750000000.0,2649.02,,0.13024,0.651738,2.432038e+14,1109.1849,2,coarse,2.1818,4.3191,512,410,0.801170,HCO+(1-0),3079.0125,9986.41,False,False,searched,
LP  349-25,LP 349-25,3,A002_Xb9b1b9_X971,14.1281,101.627387,103.361762,15625000.0000,1750000000.0,2649.02,,0.126351,0.632392,2.359846e+14,1229.9349,2,coarse,2.7821,4.3816,512,157,0.307992,CN(1-0),-11785.4875,-34472.07,False,False,searched,
LP  349-25,LP 349-25,3,A002_Xb9b1b9_X971,14.1281,103.627387,105.361762,15625000.0000,1750000000.0,2649.02,,0.127351,0.637422,2.378617e+14,1253.9349,2,coarse,2.6115,4.3143,512,190,0.372320,CN(1-0),-8926.1125,-25608.81,False,False,searched,
GJ14  Gaia DR3 383426372059603712,GJ14 Gaia DR3 383426372059603712,6,A002_Xcf196f_Xabc5,14.6876,226.361799,228.086896,488281.2500,1725585937.5,2812.32,,2.12555,10.6281,1.339485e+14,2726.6922,74,fine,4.2580,5.6599,512,419,0.818713,CO(2-1),-2904.7169,-3832.39,False,False,searched,
GJ14  Gaia DR3 383426372059603712,GJ14 Gaia DR3 383426372059603712,6,A002_Xcf196f_Xabc5,14.6876,229.252975,230.978073,488281.2500,1725585937.5,2812.32,,1.91477,9.57415,1.206654e+14,2761.3863,75,fine,4.6210,6.0627,512,163,0.319688,CO(2-1),-1052.1145,-1370.69,False,False,searched,
GJ14  Gaia DR3 383426372059603712,GJ14 Gaia DR3 383426372059603712,6,A002_Xcf196f_Xabc5,14.6876,242.249214,243.983589,15625000.0000,1750000000.0,3320.35,,0.371738,1.85875,7.496431e+14,2917.3968,4,coarse,3.0198,4.5624,512,146,0.286550,CS(5-4),-2139.9113,-2638.77,False,False,searched,
GJ14  Gaia DR3 383426372059603712,GJ14 Gaia DR3 383426372059603712,6,A002_Xcf196f_Xabc5,14.6876,244.249349,245.983724,15625000.0000,1750000000.0,3320.35,,0.389056,1.94535,7.845676e+14,2941.3984,4,coarse,2.7799,4.7955,512,229,0.448343,CS(5-4),-514.7763,-629.60,False,False,searched,
GJ14  Gaia DR3 383426372059603712,GJ14 Gaia DR3 383426372059603712,6,A002_Xd09670_X1d79,14.6876,226.360464,228.085562,488281.2500,1725585937.5,2812.32,,1.61979,8.09915,1.020757e+14,2726.6762,74,fine,4.9297,5.9963,512,51,0.101365,CO(2-1),-2763.9618,-3646.70,False,False,searched,
GJ14  Gaia DR3 383426372059603712,GJ14 Gaia DR3 383426372059603712,6,A002_Xd09670_X1d79,14.6876,229.251676,230.976774,488281.2500,1725585937.5,2812.32,,1.66704,8.3354,1.050532e+14,2761.3707,75,fine,4.1845,5.8315,512,458,0.894737,CO(2-1),-485.5427,-632.56,False,False,searched,
GJ14  Gaia DR3 383426372059603712,GJ14 Gaia DR3 383426372059603712,6,A002_Xd09670_X1d79,14.6876,242.247841,243.982216,15625000.0000,1750000000.0,3320.35,,0.309581,1.54795,6.242939e+14,2917.3803,4,coarse,2.8400,4.2389,512,186,0.364522,CS(5-4),-2516.2839,-3102.91,False,False,searched,
GJ14  Gaia DR3 383426372059603712,GJ14 Gaia DR3 383426372059603712,6,A002_Xd09670_X1d79,14.6876,244.247965,245.982340,15625000.0000,1750000000.0,3320.35,,0.297041,1.48524,5.990053e+14,2941.3818,4,coarse,2.6090,4.7707,512,305,0.596491,CS(5-4),108.8397,133.12,False,False,searched,
LHS 1140,LHS 1140,6,A002_Xd9d7c7_X6fd2,14.9636,212.084500,213.912625,15625000.0000,1843750000.0,2600.64,,1.72355,8.61776,3.607438e+15,2555.9828,4,coarse,2.6139,4.8700,512,297,0.580897,SiO(5-4),-4957.9997,-6978.31,False,False,searched,
LHS 1140,LHS 1140,6,A002_Xd9d7c7_X6fd2,14.9636,214.084487,215.912612,15625000.0000,1843750000.0,2600.64,,1.6197,8.0985,3.390073e+15,2579.9826,4,coarse,2.5078,4.4025,512,372,0.727096,SiO(5-4),-1551.7633,-2163.77,False,False,searched,
LHS 1140,LHS 1140,6,A002_Xd9d7c7_X6fd2,14.9636,227.084439,228.912564,15625000.0000,1843750000.0,2590.56,,1.61069,8.05344,3.371211e+15,2735.9820,4,coarse,2.4999,4.1262,512,347,0.678363,CO(2-1),-3156.6860,-4150.69,False,False,searched,
LHS 1140,LHS 1140,6,A002_Xd9d7c7_X6fd2,14.9636,229.078335,230.918668,488281.2500,1840820312.5,2600.64,,9.61326,48.0663,6.287749e+14,2759.9820,79,fine,5.1363,5.6804,512,20,0.040936,CO(2-1),97.4644,127.04,True,False,searched,
LHS 1140,LHS 1140,6,A002_Xda1250_X6f6b,14.9636,212.086191,213.914316,15625000.0000,1843750000.0,2600.64,,2.26979,11.349,4.750735e+15,2556.0030,4,coarse,3.0778,4.3846,512,102,0.200780,SiO(5-4),-4471.9341,-6294.13,False,False,searched,
LHS 1140,LHS 1140,6,A002_Xda1250_X6f6b,14.9636,214.086191,215.914316,15625000.0000,1843750000.0,2600.64,,2.16244,10.8122,4.526045e+15,2580.0030,4,coarse,2.6298,4.6366,512,254,0.497076,SiO(5-4),-2862.5591,-3991.50,False,False,searched,
LHS 1140,LHS 1140,6,A002_Xda1250_X6f6b,14.9636,227.086195,228.914320,15625000.0000,1843750000.0,2600.64,,2.04231,10.2115,4.274596e+15,2736.0031,4,coarse,2.8099,4.2767,512,189,0.370370,CO(2-1),-2295.5555,-3018.37,False,False,searched,
LHS 1140,LHS 1140,6,A002_Xda1250_X6f6b,14.9636,229.080093,230.920425,488281.2500,1840820312.5,2600.64,,12.881,64.405,8.425075e+14,2760.0031,79,fine,4.4686,5.7930,512,260,0.508772,CO(2-1),-687.8872,-896.62,False,False,searched,
LHS 1140,LHS 1140,6,A002_Xda1250_X72ef,14.9636,212.086103,213.914228,15625000.0000,1843750000.0,2600.64,,3.22634,16.1317,6.752819e+15,2556.0020,4,coarse,2.6021,4.1143,512,290,0.567251,SiO(5-4),-3206.3968,-4512.92,False,False,searched,
LHS 1140,LHS 1140,6,A002_Xda1250_X72ef,14.9636,214.086103,215.914228,15625000.0000,1843750000.0,2600.64,,3.12736,15.6368,6.545633e+15,2580.0020,4,coarse,2.7133,4.3663,512,294,0.575049,SiO(5-4),-1393.8968,-1943.63,False,False,searched,
LHS 1140,LHS 1140,6,A002_Xda1250_X72ef,14.9636,227.086104,228.914229,15625000.0000,1843750000.0,2600.64,,3.1113,15.5565,6.512031e+15,2736.0020,4,coarse,3.5270,4.2630,512,18,0.037037,CO(2-1),-1795.6458,-2361.06,False,False,searched,
LHS 1140,LHS 1140,6,A002_Xda1250_X72ef,14.9636,229.080002,230.920334,488281.2500,1840820312.5,2600.64,,19.5622,97.8111,1.279506e+15,2760.0020,80,fine,4.6616,5.9345,512,163,0.319688,CO(2-1),-1130.8494,-1474.00,False,False,searched,
LHS 1140,LHS 1140,6,A002_Xda2c82_X62d7,14.9636,212.086925,213.915050,15625000.0000,1843750000.0,2600.64,,2.00024,10.0012,4.186557e+15,2556.0118,4,coarse,3.3292,4.6517,512,53,0.105263,SiO(5-4),-4439.9504,-6249.10,False,False,searched,
LHS 1140,LHS 1140,6,A002_Xda2c82_X62d7,14.9636,214.086925,215.915050,15625000.0000,1843750000.0,2600.64,,1.86065,9.30327,3.894394e+15,2580.0118,4,coarse,3.2363,4.7808,512,86,0.169591,SiO(5-4),-1408.7004,-1964.26,False,False,searched,
LHS 1140,LHS 1140,6,A002_Xda2c82_X62d7,14.9636,227.086950,228.915075,15625000.0000,1843750000.0,2600.64,,1.78443,8.92215,3.734855e+15,2736.0121,4,coarse,3.2893,4.2816,512,61,0.120858,CO(2-1),-3091.6753,-4065.16,False,False,searched,
LHS 1140,LHS 1140,6,A002_Xda2c82_X62d7,14.9636,229.080855,230.921187,488281.2500,1840820312.5,2600.64,,11.4807,57.4037,7.509211e+14,2760.0123,79,fine,4.8370,5.5468,512,80,0.157895,CO(2-1),-1042.5942,-1358.96,False,False,searched,
HD 38858  Gaia DR3 3023711269067191296,HD 38858 Gaia DR3 3023711269067191296,6,A002_Xb0be8b_X785f,15.2104,229.637299,231.362397,488281.2500,1725585937.5,90.72,,10.3022,51.5124,6.962621e+14,2765.9982,3,fine,3.8682,5.0868,512,154,0.302144,CO(2-1),-846.5017,-1100.98,False,False,searched,
HD 38858  Gaia DR3 3023711269067191296,HD 38858 Gaia DR3 3023711269067191296,6,A002_Xb0be8b_X785f,15.2104,231.587797,233.322172,15625000.0000,1750000000.0,20.74,,1.46818,7.3411,3.175206e+15,2789.4598,2,coarse,1.7989,4.2537,512,500,0.976608,CO(2-1),2034.1723,2623.43,False,False,searched,
HD 38858  Gaia DR3 3023711269067191296,HD 38858 Gaia DR3 3023711269067191296,6,A002_Xb0be8b_X785f,15.2104,244.085377,245.819752,15625000.0000,1750000000.0,20.74,,1.648,8.24022,3.564099e+15,2939.4308,2,coarse,2.1923,4.7210,512,396,0.773879,CS(5-4),-241.2478,-295.26,False,False,searched,
HD 38858  Gaia DR3 3023711269067191296,HD 38858 Gaia DR3 3023711269067191296,6,A002_Xb0be8b_X785f,15.2104,246.084990,247.819365,15625000.0000,1750000000.0,20.74,,1.83603,9.18042,3.970758e+15,2963.4261,2,coarse,2.2442,3.9622,512,382,0.746589,CS(5-4),1930.2399,2343.25,False,False,searched,
HD 38858  Gaia DR3 3023711269067191296,HD 38858 Gaia DR3 3023711269067191296,6,A002_Xb0ebd1_X1855,15.2104,229.637305,231.362403,488281.2500,1725585937.5,90.72,,6.01683,30.0849,4.066397e+14,2765.9982,3,fine,3.5086,5.3817,512,367,0.717349,CO(2-1),204.7740,266.33,False,False,searched,
HD 38858  Gaia DR3 3023711269067191296,HD 38858 Gaia DR3 3023711269067191296,6,A002_Xb0ebd1_X1855,15.2104,231.587803,233.322178,15625000.0000,1750000000.0,20.74,,0.821813,4.10917,1.777319e+15,2789.4599,2,coarse,3.3460,4.1598,512,41,0.081871,CO(2-1),2315.4283,2986.16,False,False,searched,
HD 38858  Gaia DR3 3023711269067191296,HD 38858 Gaia DR3 3023711269067191296,6,A002_Xb0ebd1_X1855,15.2104,244.085383,245.819758,15625000.0000,1750000000.0,20.74,,0.86153,4.30778,1.863219e+15,2939.4309,2,coarse,2.1844,4.4405,512,396,0.773879,CS(5-4),-147.4915,-180.51,False,False,searched,
HD 38858  Gaia DR3 3023711269067191296,HD 38858 Gaia DR3 3023711269067191296,6,A002_Xb0ebd1_X1855,15.2104,246.084996,247.819371,15625000.0000,1750000000.0,20.74,,0.974557,4.87293,2.107662e+15,2963.4262,2,coarse,1.9099,4.6450,512,486,0.949318,CS(5-4),2492.7463,3026.12,False,False,searched,
HD 38858  Gaia DR3 3023711269067191296,HD 38858 Gaia DR3 3023711269067191296,6,A002_Xc20718_X2fcf,15.2104,229.609322,231.449654,488281.2500,1840820312.5,2782.08,,13.7698,68.849,9.305904e+14,2766.3539,84,fine,4.4229,6.3137,512,315,0.615984,CO(2-1),722.2011,939.19,False,False,searched,
HD 38858  Gaia DR3 3023711269067191296,HD 38858 Gaia DR3 3023711269067191296,6,A002_Xc23361_Xb5c9,15.2104,229.611241,231.451573,488281.2500,1840820312.5,2782.08,,10.9046,54.5234,7.369601e+14,2766.3769,84,fine,4.4295,7.1550,512,314,0.614035,CO(2-1),-408.6929,-531.48,False,False,searched,
HD 38858  Gaia DR3 3023711269067191296,HD 38858 Gaia DR3 3023711269067191296,6,A002_Xc23361_Xb5c9,15.2104,231.618529,233.352904,15625000.0000,1750000000.0,2782.08,,1.72731,8.63659,3.735540e+15,2789.8286,4,coarse,2.7185,4.3065,512,248,0.485380,CO(2-1),2018.0288,2602.27,False,False,searched,
HD 38858  Gaia DR3 3023711269067191296,HD 38858 Gaia DR3 3023711269067191296,6,A002_Xc23361_Xb5c9,15.2104,244.117761,245.852136,15625000.0000,1750000000.0,2782.08,,1.85674,9.28376,4.015454e+15,2939.8194,4,coarse,4.1977,4.1962,512,0,0.001949,CS(5-4),-146.3642,-179.11,False,True,searched,
HD 38858  Gaia DR3 3023711269067191296,HD 38858 Gaia DR3 3023711269067191296,6,A002_Xc23361_Xb5c9,15.2104,246.117638,247.852013,15625000.0000,1750000000.0,2782.08,,2.15493,10.7747,4.660330e+15,2963.8179,4,coarse,2.8809,4.5941,512,188,0.368421,CS(5-4),1197.2630,1453.25,False,False,searched,
HD 207129  Gaia DR3 6564091190988411520,HD 207129 Gaia DR3 6564091190988411520,6,A002_Xc19d6f_X19ce,15.5590,229.641448,231.481780,488281.2500,1840820312.5,2872.80,,10.8662,54.331,7.684038e+14,2766.7394,86,fine,4.1980,5.8558,512,481,0.939571,CO(2-1),-746.1612,-970.21,False,False,searched,
HD 207129  Gaia DR3 6564091190988411520,HD 207129 Gaia DR3 6564091190988411520,6,A002_Xc19d6f_X19ce,15.5590,229.641448,231.481780,488281.2500,1840820312.5,2872.80,,10.8662,54.331,7.684038e+14,2766.7394,86,fine,4.1980,5.8558,512,481,0.939571,CO(2-1),-746.1612,-970.21,False,False,duplicate_row,
HD 207129  Gaia DR3 6564091190988411520,HD 207129 Gaia DR3 6564091190988411520,6,A002_Xc19d6f_X19ce,15.5590,231.647944,233.382319,15625000.0000,1750000000.0,2872.80,,1.73449,8.67248,3.924960e+15,2790.1816,4,coarse,2.8189,4.0560,512,213,0.417154,CO(2-1),1891.1943,2438.40,False,False,searched,
HD 207129  Gaia DR3 6564091190988411520,HD 207129 Gaia DR3 6564091190988411520,6,A002_Xc19d6f_X19ce,15.5590,244.148758,245.883133,15625000.0000,1750000000.0,2872.80,,1.80033,9.00168,4.073948e+15,2940.1913,4,coarse,3.1553,4.5015,512,99,0.194932,CS(5-4),275.2578,336.80,False,False,searched,
HD 207129  Gaia DR3 6564091190988411520,HD 207129 Gaia DR3 6564091190988411520,6,A002_Xc19d6f_X19ce,15.5590,246.148888,247.883263,15625000.0000,1750000000.0,2872.80,,2.25368,11.2684,5.099813e+15,2964.1929,4,coarse,3.5769,5.3205,512,24,0.048733,CS(5-4),2259.7630,2742.57,False,False,searched,
HD 207129  Gaia DR3 6564091190988411520,HD 207129 Gaia DR3 6564091190988411520,6,A002_Xc19d6f_X1c16,15.5590,229.641337,231.481669,488281.2500,1840820312.5,2872.80,,12.1374,60.687,8.582978e+14,2766.7380,86,fine,4.5769,5.7277,512,203,0.397661,CO(2-1),290.3487,377.53,False,False,searched,
HD 207129  Gaia DR3 6564091190988411520,HD 207129 Gaia DR3 6564091190988411520,6,A002_Xc19d6f_X1c16,15.5590,231.647836,233.382211,15625000.0000,1750000000.0,2872.80,,1.90826,9.54132,4.318177e+15,2790.1803,4,coarse,3.2396,4.3485,512,55,0.109162,CO(2-1),1484.8361,1914.47,False,False,searched,
HD 207129  Gaia DR3 6564091190988411520,HD 207129 Gaia DR3 6564091190988411520,6,A002_Xc19d6f_X1c16,15.5590,244.148644,245.883019,15625000.0000,1750000000.0,2872.80,,2.03229,10.1615,4.598835e+15,2940.1900,4,coarse,2.3149,4.5189,512,423,0.826511,CS(5-4),853.2688,1044.03,False,False,searched,
HD 207129  Gaia DR3 6564091190988411520,HD 207129 Gaia DR3 6564091190988411520,6,A002_Xc19d6f_X1c16,15.5590,246.148773,247.883148,15625000.0000,1750000000.0,2872.80,,2.5795,12.8975,5.837101e+15,2964.1915,4,coarse,2.8891,4.3955,512,194,0.380117,CS(5-4),2462.7730,2988.96,False,False,searched,
HD 207129  Gaia DR3 6564091190988411520,HD 207129 Gaia DR3 6564091190988411520,6,A002_Xc19d6f_X5706,15.5590,229.641368,231.481700,488281.2500,1840820312.5,2872.80,,8.43422,42.1711,5.964271e+14,2766.7384,86,fine,5.4325,5.5248,512,4,0.009747,CO(2-1),-115.3824,-150.03,True,False,searched,
HD 207129  Gaia DR3 6564091190988411520,HD 207129 Gaia DR3 6564091190988411520,6,A002_Xc19d6f_X5706,15.5590,231.647866,233.382241,15625000.0000,1750000000.0,2872.80,,1.3028,6.51402,2.948091e+15,2790.1806,4,coarse,2.7880,4.9328,512,195,0.382066,CO(2-1),1109.8659,1431.00,False,False,searched,
HD 207129  Gaia DR3 6564091190988411520,HD 207129 Gaia DR3 6564091190988411520,6,A002_Xc19d6f_X5706,15.5590,244.148675,245.883050,15625000.0000,1750000000.0,2872.80,,1.36197,6.80986,3.081981e+15,2940.1904,4,coarse,2.3270,4.1967,512,415,0.810916,CS(5-4),509.5502,623.47,False,False,searched,
HD 207129  Gaia DR3 6564091190988411520,HD 207129 Gaia DR3 6564091190988411520,6,A002_Xc19d6f_X5706,15.5590,246.148805,247.883180,15625000.0000,1750000000.0,2872.80,,1.75292,8.76459,3.966647e+15,2964.1919,4,coarse,2.5918,4.5041,512,305,0.596491,CS(5-4),1290.9297,1566.74,False,False,searched,
HD 207129 (Gaia DR3 6564091190988411520),HD 207129 Gaia DR3 6564091190988411520,6,A002_Xb28642_Xcff3,15.5590,229.708703,231.433800,488281.2500,1725585937.5,362.88,,2.88616,14.4309,2.040969e+14,2766.8550,10,fine,3.5884,5.7096,512,485,0.947368,CO(2-1),165.3317,214.97,False,False,searched,
HD 207129 (Gaia DR3 6564091190988411520),HD 207129 Gaia DR3 6564091190988411520,6,A002_Xb28642_Xcff3,15.5590,231.657329,233.391704,15625000.0000,1750000000.0,362.88,,0.42852,2.14262,9.696989e+14,2790.2942,2,coarse,2.3825,3.9829,512,299,0.584795,CO(2-1),1869.3291,2410.11,False,False,searched,
HD 207129 (Gaia DR3 6564091190988411520),HD 207129 Gaia DR3 6564091190988411520,6,A002_Xb28642_Xcff3,15.5590,244.158647,245.893022,15625000.0000,1750000000.0,362.88,,0.473154,2.36579,1.070703e+15,2940.3100,2,coarse,2.3662,4.3250,512,334,0.653021,CS(5-4),347.6472,425.35,False,False,searched,
HD 207129 (Gaia DR3 6564091190988411520),HD 207129 Gaia DR3 6564091190988411520,6,A002_Xb28642_Xcff3,15.5590,246.158858,247.893233,15625000.0000,1750000000.0,362.88,,0.513153,2.56579,1.161217e+15,2964.3125,2,coarse,1.6987,4.3748,512,511,0.998051,CS(5-4),1816.6081,2204.65,False,False,searched,
HD 23484  Gaia DR3 4856592239127350400,HD 23484 Gaia DR3 4856592239127350400,6,A002_X10b0d7d_X323f,16.1696,214.574214,216.402339,15625000.0000,1843750000.0,2751.84,,2.1114,10.557,5.160261e+15,2585.8593,4,coarse,2.5144,4.9494,512,372,0.727096,SiO(5-4),-2468.2857,-3433.94,False,False,searched,
HD 23484  Gaia DR3 4856592239127350400,HD 23484 Gaia DR3 4856592239127350400,6,A002_X10b0d7d_X323f,16.1696,216.574214,218.402339,15625000.0000,1843750000.0,2751.84,,2.07466,10.3733,5.070475e+15,2609.8593,4,coarse,2.5074,4.4730,512,358,0.699805,H2CO,70.9643,97.82,False,False,searched,
HD 23484  Gaia DR3 4856592239127350400,HD 23484 Gaia DR3 4856592239127350400,6,A002_X10b0d7d_X323f,16.1696,229.609863,231.450683,976562.5000,1841796875.0,2751.84,,11.2088,56.0445,1.712154e+15,2766.3633,39,fine,4.1671,5.7195,512,334,0.653021,CO(2-1),93.3472,121.39,False,False,searched,
HD 23484  Gaia DR3 4856592239127350400,HD 23484 Gaia DR3 4856592239127350400,6,A002_X10b0d7d_X323f,16.1696,229.609863,231.450683,976562.5000,1841796875.0,2751.84,,11.2088,56.0445,1.712154e+15,2766.3633,39,fine,4.1671,5.7195,512,334,0.653021,CO(2-1),93.3472,121.39,False,False,duplicate_row,
HD 23484  Gaia DR3 4856592239127350400,HD 23484 Gaia DR3 4856592239127350400,6,A002_X10b0d7d_X323f,16.1696,231.574211,233.402336,15625000.0000,1843750000.0,2751.84,,2.21602,11.0801,5.415956e+15,2789.8593,4,coarse,2.1666,4.2536,512,485,0.947368,CO(2-1),2786.2105,3592.80,False,False,searched,
HD 23484  Gaia DR3 4856592239127350400,HD 23484 Gaia DR3 4856592239127350400,6,A002_X10b22d7_X1d34,16.1696,214.574214,216.402339,15625000.0000,1843750000.0,2751.84,,1.81369,9.06851,4.432678e+15,2585.8593,4,coarse,2.9501,4.3892,512,145,0.284600,SiO(5-4),-2046.4112,-2847.02,False,False,searched,
HD 23484  Gaia DR3 4856592239127350400,HD 23484 Gaia DR3 4856592239127350400,6,A002_X10b22d7_X1d34,16.1696,216.574214,218.402339,15625000.0000,1843750000.0,2751.84,,1.75349,8.76751,4.285549e+15,2609.8593,4,coarse,2.9840,4.4479,512,161,0.315789,SiO(5-4),109.8388,151.41,False,False,searched,
HD 23484  Gaia DR3 4856592239127350400,HD 23484 Gaia DR3 4856592239127350400,6,A002_X10b22d7_X1d34,16.1696,229.609862,231.450683,976562.5000,1841796875.0,2751.84,,9.58233,47.9119,1.463705e+15,2766.3633,39,fine,3.9555,5.2521,512,460,0.898635,CO(2-1),214.4404,278.87,False,False,searched,
HD 23484  Gaia DR3 4856592239127350400,HD 23484 Gaia DR3 4856592239127350400,6,A002_X10b22d7_X1d34,16.1696,231.574210,233.402335,15625000.0000,1843750000.0,2751.84,,1.89426,9.47134,4.629581e+15,2789.8593,4,coarse,2.4875,4.4919,512,380,0.742690,CO(2-1),1036.2099,1336.19,False,False,searched,
HD 23484  Gaia DR3 4856592239127350400,HD 23484 Gaia DR3 4856592239127350400,6,A002_X10b22d7_X2445,16.1696,214.574068,216.402193,15625000.0000,1843750000.0,2751.84,,1.64479,8.22398,4.019875e+15,2585.8576,4,coarse,3.6627,4.8803,512,21,0.042885,SiO(5-4),-2327.8067,-3238.50,False,False,searched,
HD 23484  Gaia DR3 4856592239127350400,HD 23484 Gaia DR3 4856592239127350400,6,A002_X10b22d7_X2445,16.1696,216.574068,218.402193,15625000.0000,1843750000.0,2751.84,,1.59034,7.95176,3.886811e+15,2609.8576,4,coarse,3.1712,4.2063,512,95,0.187135,SiO(5-4),-405.9317,-559.55,False,False,searched,
HD 23484  Gaia DR3 4856592239127350400,HD 23484 Gaia DR3 4856592239127350400,6,A002_X10b22d7_X2445,16.1696,229.609717,231.450537,976562.5000,1841796875.0,2751.84,,8.57171,42.8588,1.309333e+15,2766.3615,39,fine,5.5203,5.5517,512,1,0.003899,CO(2-1),252.3809,328.21,True,False,searched,
HD 23484  Gaia DR3 4856592239127350400,HD 23484 Gaia DR3 4856592239127350400,6,A002_X10b22d7_X2445,16.1696,231.574064,233.402189,15625000.0000,1843750000.0,2751.84,,1.70745,8.53727,4.173010e+15,2789.8575,4,coarse,3.3539,4.4004,512,53,0.105263,CO(2-1),2754.8145,3552.32,False,False,searched,
HD 23484  Gaia DR3 4856592239127350400,HD 23484 Gaia DR3 4856592239127350400,6,A002_X10b33b1_Xf94,16.1696,214.574183,216.402308,15625000.0000,1843750000.0,2751.84,,1.51894,7.59474,3.712300e+15,2585.8589,4,coarse,2.7009,5.9698,512,249,0.487329,SiO(5-4),-780.8171,-1086.29,False,False,searched,
HD 23484  Gaia DR3 4856592239127350400,HD 23484 Gaia DR3 4856592239127350400,6,A002_X10b33b1_Xf94,16.1696,216.574183,218.402308,15625000.0000,1843750000.0,2751.84,,1.47129,7.35648,3.595840e+15,2609.8589,4,coarse,2.8150,4.4265,512,215,0.421053,SiO(5-4),-421.4421,-580.93,False,False,searched,
HD 23484  Gaia DR3 4856592239127350400,HD 23484 Gaia DR3 4856592239127350400,6,A002_X10b33b1_Xf94,16.1696,229.609831,231.450652,976562.5000,1841796875.0,2751.84,,8.10371,40.5187,1.237844e+15,2766.3629,39,fine,4.9717,5.4748,512,15,0.031189,CO(2-1),-760.1998,-988.60,False,False,searched,
HD 23484  Gaia DR3 4856592239127350400,HD 23484 Gaia DR3 4856592239127350400,6,A002_X10b33b1_Xf94,16.1696,231.574179,233.402304,15625000.0000,1843750000.0,2751.84,,1.57734,7.88673,3.855023e+15,2789.8589,4,coarse,3.1412,4.9300,512,139,0.272904,CO(2-1),2520.5541,3250.24,False,False,searched,
HD 10647,HD 10647,6,A002_Xb39557_X3789,17.3488,229.621679,231.449804,15625000.0000,1843750000.0,12.10,,0.00100748,0.00503746,2.834532e+12,2766.4289,2,coarse,2.7022,4.6193,512,198,0.387914,CO(2-1),458.6787,596.47,False,False,noise_defect,
HD 10647,HD 10647,6,A002_Xb39557_X3789,17.3488,229.673192,231.398290,488281.2500,1725585937.5,393.12,,4.10657,20.533,3.610543e+14,2766.4289,10,fine,4.3174,5.2538,512,97,0.191033,CO(2-1),357.3604,464.72,False,False,searched,
HD 10647,HD 10647,6,A002_Xb39557_X3789,17.3488,244.122209,245.856584,15625000.0000,1750000000.0,520.13,,0.657731,3.28869,1.850513e+15,2939.8728,2,coarse,2.2157,4.5387,512,410,0.801170,CS(5-4),186.2086,227.86,False,False,searched,
HD 10647,HD 10647,6,A002_Xb39557_X3789,17.3488,246.122122,247.856497,15625000.0000,1750000000.0,520.13,,0.702207,3.51107,1.975644e+15,2963.8717,2,coarse,2.4023,4.6300,512,299,0.584795,CS(5-4),2717.3721,3298.31,False,False,searched,
HD 10647,HD 10647,6,A002_Xb3d48f_X26f7,17.3488,229.621995,231.450120,15625000.0000,1843750000.0,12.10,,0.000991781,0.00495895,2.790356e+12,2766.4327,2,coarse,3.1016,4.1527,512,81,0.159844,CO(2-1),662.1200,861.03,False,False,noise_defect,
HD 10647,HD 10647,6,A002_Xb3d48f_X26f7,17.3488,229.673509,231.398606,488281.2500,1725585937.5,393.12,,4.05867,20.2936,3.568436e+14,2766.4327,10,fine,4.0806,5.4323,512,195,0.382066,CO(2-1),377.2079,490.53,False,False,searched,
HD 10647,HD 10647,6,A002_Xb3d48f_X26f7,17.3488,244.122533,245.856908,15625000.0000,1750000000.0,520.13,,0.649742,3.24875,1.828038e+15,2939.8766,2,coarse,2.4987,4.3269,512,234,0.458090,CS(5-4),405.2832,495.94,False,False,searched,
HD 10647,HD 10647,6,A002_Xb3d48f_X26f7,17.3488,246.122449,247.856824,15625000.0000,1750000000.0,520.13,,0.720732,3.6037,2.027767e+15,2963.8756,2,coarse,2.5634,4.9461,512,233,0.456140,CS(5-4),1983.3243,2407.33,False,False,searched,
HD 10647,HD 10647,7,A002_X1171dca_X5df0,17.3488,330.429839,332.154936,488281.2500,1725585937.5,2207.52,,3.15821,15.7914,2.776778e+14,3975.5087,90,fine,4.5743,5.6330,512,220,0.430799,CO(3-2),-13835.8879,-12520.34,False,False,searched,
HD 10647,HD 10647,7,A002_X1171dca_X5df0,17.3488,332.270064,334.098189,15625000.0000,1843750000.0,2969.57,,0.416454,2.08232,1.171702e+15,3998.2095,4,coarse,3.4631,4.2089,512,39,0.077973,CO(3-2),-11744.6856,-10567.63,False,False,searched,
HD 10647,HD 10647,7,A002_X1171dca_X5df0,17.3488,342.319586,344.147711,15625000.0000,1843750000.0,2969.57,,0.386222,1.93116,1.086645e+15,4118.8038,4,coarse,2.8068,4.6578,512,247,0.483431,CO(3-2),-1695.1644,-1480.62,False,False,searched,
HD 10647,HD 10647,7,A002_X1171dca_X5df0,17.3488,344.262839,345.987936,488281.2500,1725585937.5,2207.52,,2.62994,13.15,2.312311e+14,4141.5047,94,fine,4.8491,6.0896,512,67,0.132554,CO(3-2),-1291.9504,-1122.25,False,False,searched,
HD 10647,HD 10647,7,A002_Xb54d65_X727,17.3488,332.949870,334.684245,15625000.0000,1750000000.0,393.12,,1.03943,5.19733,2.924488e+15,4005.8047,2,coarse,2.3642,4.3063,512,314,0.614035,CO(3-2),-11361.7551,-10203.70,False,False,searched,
HD 10647,HD 10647,7,A002_Xb54d65_X727,17.3488,334.907870,336.642245,15625000.0000,1750000000.0,393.12,,0.897995,4.49012,2.526550e+15,4029.3007,2,coarse,2.3488,4.1782,512,336,0.656920,CO(3-2),-9903.7551,-8842.44,False,False,searched,
HD 10647,HD 10647,7,A002_Xb54d65_X727,17.3488,344.954509,346.679606,488281.2500,1725585937.5,393.12,,6.24391,31.2206,5.489861e+14,4149.8047,15,fine,4.2254,5.7628,512,156,0.306043,CO(3-2),-594.4211,-515.31,False,False,searched,
HD 10647,HD 10647,7,A002_Xb54d65_X727,17.3488,346.949870,348.684245,15625000.0000,1750000000.0,393.12,,1.07326,5.36647,3.019662e+15,4173.8047,2,coarse,2.8915,4.6304,512,102,0.200780,CO(3-2),1278.8699,1102.29,False,False,searched,
HD 10647,HD 10647,7,A002_Xcf0c6b_X6513,17.3488,332.920420,334.654795,15625000.0000,1750000000.0,3278.02,,0.311812,1.5591,8.772923e+14,4005.4513,5,coarse,1.7562,4.4183,512,511,0.998051,CO(3-2),-11313.0796,-10160.88,False,False,searched,
HD 10647,HD 10647,7,A002_Xcf0c6b_X6513,17.3488,334.815920,336.550295,15625000.0000,1750000000.0,3278.02,,0.272191,1.361,7.658189e+14,4028.1973,5,coarse,3.0894,4.1807,512,127,0.249513,CO(3-2),-9276.9546,-8285.08,False,False,searched,
HD 10647,HD 10647,7,A002_Xcf0c6b_X6513,17.3488,344.925059,346.650157,488281.2500,1725585937.5,2388.96,,1.69399,8.47019,1.489405e+14,4149.4513,107,fine,4.3416,5.9759,512,421,0.822612,CO(3-2),96.8325,83.95,False,False,searched,
HD 10647,HD 10647,7,A002_Xcf0c6b_X6513,17.3488,346.815920,348.550295,15625000.0000,1750000000.0,3278.02,,0.316928,1.58469,8.916895e+14,4172.1973,5,coarse,2.4460,4.5134,512,407,0.795322,CO(3-2),1441.7954,1243.20,False,False,searched,
HD 10647,HD 10647,7,A002_Xcf749a_X36e0,17.3488,332.919200,334.653575,15625000.0000,1750000000.0,3024.00,,0.298962,1.49486,8.411407e+14,4005.4367,5,coarse,3.3882,4.2616,512,72,0.142300,CO(3-2),-11954.9246,-10737.39,False,False,searched,
HD 10647,HD 10647,7,A002_Xcf749a_X36e0,17.3488,334.814700,336.549075,15625000.0000,1750000000.0,3024.00,,0.266879,1.33444,7.508754e+14,4028.1827,5,coarse,3.1776,4.5259,512,97,0.191033,CO(3-2),-9965.6746,-8900.19,False,False,searched,
HD 10647,HD 10647,7,A002_Xcf749a_X36e0,17.3488,344.923839,346.648937,488281.2500,1725585937.5,2388.96,,1.62157,8.10814,1.425742e+14,4149.4367,103,fine,4.5214,5.8552,512,279,0.545809,CO(3-2),42.8781,37.17,False,False,searched,
HD 10647,HD 10647,7,A002_Xcf749a_X36e0,17.3488,346.814700,348.549075,15625000.0000,1750000000.0,3024.00,,0.313632,1.56821,8.824175e+14,4172.1827,5,coarse,3.0284,4.6269,512,156,0.306043,CO(3-2),1799.9504,1552.03,False,False,searched,
HD 10647,HD 10647,7,A002_Xff294f_X2db6,17.3488,330.350741,332.191073,488281.2500,1840820312.5,2630.88,,22.6852,113.427,1.994500e+15,3975.2509,119,fine,4.8199,6.0347,512,117,0.230019,CO(3-2),-14298.2861,-12939.62,False,False,searched,
HD 10647,HD 10647,7,A002_Xff294f_Xaf70,17.3488,330.350395,332.190727,488281.2500,1840820312.5,2630.88,,24.8668,124.335,2.186310e+15,3975.2467,119,fine,5.1202,5.9096,512,35,0.070175,CO(3-2),-14138.9640,-12795.45,True,False,searched,
HD 10647,HD 10647,7,A002_Xff294f_Xaf70,17.3488,332.248563,334.076688,15625000.0000,1843750000.0,2630.88,,3.63708,18.1855,1.023282e+16,3997.9515,5,coarse,3.1363,4.6140,512,111,0.218324,CO(3-2),-13438.0624,-12092.08,False,False,searched,
HD 10647,HD 10647,7,A002_Xff294f_Xaf70,17.3488,342.297431,344.125556,15625000.0000,1843750000.0,2630.88,,3.52764,17.6383,9.924924e+15,4118.5379,5,coarse,2.9918,4.5069,512,159,0.311891,CO(3-2),-2826.6936,-2469.09,False,False,searched,
HD 10647,HD 10647,7,A002_Xff294f_Xaf70,17.3488,344.183392,346.023724,488281.2500,1840820312.5,2630.88,,23.0179,115.09,2.023755e+15,4141.2427,124,fine,4.7652,6.1218,512,168,0.329435,CO(3-2),-1039.3662,-902.90,False,False,searched,
HD 10647,HD 10647,7,A002_Xff294f_Xc10b,17.3488,330.350193,332.190525,488281.2500,1840820312.5,2630.88,,30.0795,150.398,2.644613e+15,3975.2443,119,fine,4.6235,5.6648,512,248,0.485380,CO(3-2),-14724.1269,-13325.01,False,False,searched,
HD 10647,HD 10647,7,A002_Xff294f_Xc10b,17.3488,332.248364,334.076489,15625000.0000,1843750000.0,2630.88,,4.27072,21.3538,1.201556e+16,3997.9491,5,coarse,2.8428,4.1907,512,215,0.421053,CO(3-2),-11891.3864,-10700.33,False,False,searched,
HD 10647,HD 10647,7,A002_Xff294f_Xc10b,17.3488,342.297226,344.125351,15625000.0000,1843750000.0,2630.88,,4.01986,20.0994,1.130975e+16,4118.5355,5,coarse,2.6267,4.5597,512,346,0.676413,CO(3-2),-1983.1486,-1732.27,False,False,searched,
HD 10647,HD 10647,7,A002_Xff294f_Xc10b,17.3488,344.183190,346.023522,488281.2500,1840820312.5,2630.88,,26.0992,130.497,2.294670e+15,4141.2403,124,fine,4.7994,6.0975,512,104,0.204678,CO(3-2),-948.2596,-823.76,False,False,searched,
HD 10647,HD 10647,7,A002_Xfffde1_Xffdf,17.3488,330.403386,332.128483,488281.2500,1725585937.5,2298.24,,1.88715,9.43593,1.659221e+14,3975.1912,93,fine,4.2921,5.7216,512,441,0.861598,CO(3-2),-14335.9737,-12973.92,False,False,searched,
HD 10647,HD 10647,7,A002_Xfffde1_Xffdf,17.3488,332.244004,334.072129,15625000.0000,1843750000.0,3060.29,,0.267799,1.33902,7.534549e+14,3997.8968,4,coarse,2.6418,4.5491,512,310,0.606238,CO(3-2),-12020.7456,-10816.87,False,False,searched,
HD 10647,HD 10647,7,A002_Xfffde1_Xffdf,17.3488,342.292740,344.120865,15625000.0000,1843750000.0,3060.29,,0.263597,1.31801,7.416336e+14,4118.4816,4,coarse,2.2532,4.2564,512,465,0.908382,CO(3-2),-2972.0104,-2596.06,False,False,searched,
HD 10647,HD 10647,7,A002_Xfffde1_Xffdf,17.3488,344.236386,345.961483,488281.2500,1725585937.5,2298.24,,1.81853,9.09286,1.598895e+14,4141.1872,96,fine,4.3901,5.7595,512,362,0.707602,CO(3-2),-383.3448,-333.02,False,False,searched,
* g Lup,HD 139664,6,A002_Xb2f730_X5b37,17.3986,229.640111,231.468236,15625000.0000,1843750000.0,12.10,,0.00091444,0.00457221,2.587534e+12,2766.6501,2,coarse,3.6939,4.3665,512,8,0.017544,CO(2-1),-319.7640,-415.79,False,False,noise_defect,
* g Lup,HD 139664,6,A002_Xb2f730_X5b37,17.3986,229.691625,231.416722,488281.2500,1725585937.5,393.12,,3.41391,17.0696,3.018792e+14,2766.6501,10,fine,3.9617,5.8080,512,301,0.588694,CO(2-1),433.8982,564.20,False,False,searched,
* g Lup,HD 139664,6,A002_Xb2f730_X5b37,17.3986,231.640699,233.375074,15625000.0000,1750000000.0,520.13,,0.517118,2.5856,1.463259e+15,2790.0946,2,coarse,2.3431,4.5675,512,321,0.627680,CO(2-1),1555.8237,2006.06,False,False,searched,
* g Lup,HD 139664,6,A002_Xb2f730_X5b37,17.3986,244.141123,245.875498,15625000.0000,1750000000.0,520.13,,0.573277,2.86639,1.622168e+15,2940.0997,2,coarse,1.9764,4.2244,512,475,0.927875,CS(5-4),486.3727,595.13,False,False,searched,
* g Lup,HD 139664,6,A002_Xb2f730_X5b37,17.3986,246.141191,247.875566,15625000.0000,1750000000.0,520.13,,0.629141,3.14571,1.780242e+15,2964.1005,2,coarse,2.7206,4.3182,512,151,0.296296,CS(5-4),1845.8156,2240.25,False,False,searched,
HD 139664,HD 139664,6,A002_Xb2e94e_X361a,17.3986,229.640695,231.468820,15625000.0000,1843750000.0,12.10,,0.000986047,0.00493024,2.790156e+12,2766.6571,2,coarse,2.2702,4.4943,512,356,0.695906,CO(2-1),-366.0554,-475.99,False,False,noise_defect,
HD 139664,HD 139664,6,A002_Xb2e94e_X361a,17.3986,229.692208,231.417306,488281.2500,1725585937.5,393.12,,2.8811,14.4056,2.547652e+14,2766.6571,10,fine,4.1182,5.5608,512,192,0.376218,CO(2-1),-478.6042,-622.33,False,False,searched,
HD 139664,HD 139664,6,A002_Xb2e94e_X361a,17.3986,244.141722,245.876097,15625000.0000,1750000000.0,520.13,,0.445898,2.2295,1.261730e+15,2940.1069,2,coarse,2.4794,4.3570,512,266,0.520468,CS(5-4),611.9715,748.81,False,False,searched,
HD 139664,HD 139664,6,A002_Xb2e94e_X361a,17.3986,246.141794,247.876169,15625000.0000,1750000000.0,520.13,,0.505226,2.52614,1.429608e+15,2964.1078,2,coarse,2.4508,4.2241,512,274,0.536062,CS(5-4),1658.9192,2013.41,False,False,searched,
* eta Crv,eta Crv,7,A002_X75bfbf_X1430,18.2437,332.967988,334.702363,15625000.0000,1750000000.0,786.24,,1.22007,6.11892,3.807426e+15,4006.0221,5,coarse,2.4705,4.8180,512,419,0.818713,CO(3-2),-11484.2619,-10313.16,False,False,searched,
* eta Crv,eta Crv,7,A002_X75bfbf_X1430,18.2437,334.862388,336.596763,15625000.0000,1750000000.0,786.24,,1.06306,5.33168,3.317574e+15,4028.7549,5,coarse,2.4993,4.6530,512,397,0.775828,CO(3-2),-9230.4873,-8242.44,False,False,searched,
* eta Crv,eta Crv,7,A002_X75bfbf_X1430,18.2437,344.971526,346.696624,488281.2500,1725585937.5,786.24,,6.43179,32.264,6.273721e+14,4150.0089,106,fine,5.0126,5.6759,512,41,0.081871,CO(3-2),-255.6260,-221.59,True,False,searched,
* eta Crv,eta Crv,7,A002_X75bfbf_X1430,18.2437,346.669432,348.403807,15625000.0000,1750000000.0,786.24,,1.19412,5.99029,3.727382e+15,4170.4394,5,coarse,2.8882,4.4303,512,206,0.403509,CO(3-2),1076.5568,928.66,False,False,searched,
eta Crv,eta Crv,7,A002_X11e10bc_X12662,18.2437,342.482582,344.207680,488281.2500,1725585937.5,2842.56,,1.51385,7.56935,1.471855e+14,4120.1416,148,fine,4.8902,5.5627,512,114,0.224172,CO(3-2),-2456.4845,-2144.88,False,False,searched,
eta Crv,eta Crv,7,A002_X11e10bc_X12662,18.2437,345.768158,345.822052,61035.1562,53955078.1,2842.56,,3.58969,17.9487,4.362642e+13,4149.5413,1186,fine,4.8275,6.1402,512,223,0.436647,CO(3-2),15.0043,13.01,False,False,searched,
eta Crv,eta Crv,7,A002_X11e10bc_X12662,18.2437,354.315582,356.040680,488281.2500,1725585937.5,2842.56,,1.64562,8.22826,1.599979e+14,4262.1376,154,fine,4.5308,5.8356,512,340,0.664717,CO(3-2),9699.7577,8187.20,False,False,searched,
eta Crv,eta Crv,7,A002_X11e10bc_X12662,18.2437,356.190582,357.915680,488281.2500,1725585937.5,2842.56,,1.85301,9.26519,1.801609e+14,4284.6376,154,fine,4.2364,5.8427,512,499,0.974659,CO(3-2),11158.7421,9369.21,False,False,searched,
eta Crv,eta Crv,7,A002_X122b6ff_X1041e,18.2437,342.474130,344.199228,488281.2500,1725585937.5,423.36,,3.40408,17.0206,3.309643e+14,4120.0401,19,fine,3.9730,5.3381,512,387,0.756335,CO(3-2),-2915.6198,-2545.84,False,False,searched,
eta Crv,eta Crv,7,A002_X122b6ff_X1041e,18.2437,345.805940,345.859834,61035.1562,53955078.1,423.36,,8.21088,41.0549,9.978869e+13,4149.9946,145,fine,4.0915,5.7408,512,413,0.807018,CO(3-2),26.1758,22.69,False,False,searched,
eta Crv,eta Crv,7,A002_X122b6ff_X1041e,18.2437,354.395914,356.121012,488281.2500,1725585937.5,423.36,,3.62129,18.1067,3.520827e+14,4263.1016,20,fine,4.1520,5.3545,512,271,0.530214,CO(3-2),9378.7227,7914.44,False,False,searched,
eta Crv,eta Crv,7,A002_X122b6ff_X1041e,18.2437,356.275605,358.000702,488281.2500,1725585937.5,423.36,,4.09743,20.4874,3.983760e+14,4285.6578,20,fine,5.0059,5.4991,512,11,0.023392,CO(3-2),11485.4640,9641.24,True,False,searched,
eta Crv,eta Crv,8,A002_X12277ed_X22e53,18.2437,479.339378,481.167503,15625000.0000,1843750000.0,3072.38,,19.6333,98.1674,6.108345e+16,5763.0413,6,coarse,2.9225,4.2604,512,210,0.411306,CO(4-3),19189.0032,11978.51,False,False,searched,
eta Crv,eta Crv,8,A002_X12277ed_X22e53,18.2437,481.234878,483.063003,15625000.0000,1843750000.0,3072.38,,19.8241,99.1215,6.167712e+16,5785.7873,6,coarse,2.7099,4.6524,512,320,0.625731,CO(4-3),20428.2532,12701.96,False,False,searched,
eta Crv,eta Crv,8,A002_X12277ed_X22e53,18.2437,492.185959,492.239853,61035.1562,53955078.1,2056.32,,261.776,1308.89,3.181412e+15,5906.5549,1109,fine,4.7949,5.9671,512,247,0.483431,CO(4-3),31166.5650,18982.64,False,False,searched,
eta Crv,eta Crv,8,A002_X12277ed_X22e53,18.2437,493.297378,495.125503,15625000.0000,1843750000.0,3072.38,,22.9689,114.846,7.146125e+16,5930.5373,6,coarse,2.2767,4.4682,512,483,0.943470,CO(4-3),33053.2532,20050.36,False,False,searched,
eta Crv,eta Crv,8,A002_X122b6ff_X18e15,18.2437,479.339436,481.167561,15625000.0000,1843750000.0,3072.38,,11.5838,57.9193,3.603957e+16,5763.0420,6,coarse,2.0635,4.4473,512,509,0.994152,CO(4-3),18548.4357,11578.64,False,False,searched,
eta Crv,eta Crv,8,A002_X122b6ff_X18e15,18.2437,481.234936,483.063061,15625000.0000,1843750000.0,3072.38,,11.7218,58.6093,3.646893e+16,5785.7880,6,coarse,2.7395,4.8665,512,295,0.576998,CO(4-3),21803.3107,13556.95,False,False,searched,
eta Crv,eta Crv,8,A002_X122b6ff_X18e15,18.2437,492.186016,492.239910,61035.1562,53955078.1,2056.32,,229.02,1145.11,2.783323e+15,5906.5556,1091,fine,4.7127,6.1316,512,332,0.649123,CO(4-3),31175.7778,18988.25,False,False,searched,
eta Crv,eta Crv,8,A002_X122b6ff_X18e15,18.2437,493.297436,495.125561,15625000.0000,1843750000.0,3072.38,,15.5347,77.6739,4.833165e+16,5930.5380,6,coarse,2.9329,4.6963,512,214,0.419103,CO(4-3),33725.1857,20457.95,False,False,searched,
eta Crv,eta Crv,8,A002_X128b034_X11ca9,18.2437,479.266358,481.094483,15625000.0000,1843750000.0,3072.38,,9.55994,47.8005,2.974330e+16,5762.1650,6,coarse,3.7304,4.5424,512,20,0.040936,CO(4-3),18881.6076,11788.41,False,False,searched,
eta Crv,eta Crv,8,A002_X128b034_X11ca9,18.2437,481.161858,482.989983,15625000.0000,1843750000.0,3072.38,,9.53523,47.677,2.966641e+16,5784.9110,6,coarse,3.4183,4.5687,512,55,0.109162,CO(4-3),21839.6076,13581.57,False,False,searched,
eta Crv,eta Crv,8,A002_X128b034_X11ca9,18.2437,492.111272,492.165166,61035.1562,53955078.1,2056.32,,186.071,930.373,2.261380e+15,5905.6586,1092,fine,4.4573,6.0694,512,480,0.937622,CO(4-3),31084.1272,18935.30,False,False,searched,
eta Crv,eta Crv,8,A002_X128b034_X11ca9,18.2437,493.223415,495.051540,15625000.0000,1843750000.0,3072.38,,11.7066,58.5341,3.642214e+16,5929.6497,6,coarse,4.1682,4.6133,512,11,0.023392,CO(4-3),33026.1647,20036.92,False,False,searched,
HD53143  Gaia DR3 5479222240596469632,HD53143 Gaia DR3 5479222240596469632,6,A002_X10a341d_X82d2,18.3401,214.565578,216.393703,15625000.0000,1843750000.0,2509.92,,2.71274,13.5638,8.529356e+15,2585.7557,4,coarse,3.1997,4.0350,512,61,0.120858,SiO(5-4),-836.2973,-1163.52,False,False,searched,
HD53143  Gaia DR3 5479222240596469632,HD53143 Gaia DR3 5479222240596469632,6,A002_X10a341d_X82d2,18.3401,216.565578,218.393703,15625000.0000,1843750000.0,2509.92,,2.71976,13.5989,8.551429e+15,2609.7557,4,coarse,2.7255,3.9525,512,203,0.397661,SiO(5-4),194.9527,268.74,False,False,searched,
HD53143  Gaia DR3 5479222240596469632,HD53143 Gaia DR3 5479222240596469632,6,A002_X10a341d_X82d2,18.3401,229.601226,231.442047,976562.5000,1841796875.0,2509.92,,14.6218,73.1094,2.873355e+15,2766.2596,36,fine,3.9614,5.5741,512,447,0.873294,CO(2-1),-633.0628,-823.30,False,False,searched,
HD53143  Gaia DR3 5479222240596469632,HD53143 Gaia DR3 5479222240596469632,6,A002_X10a341d_X82d2,18.3401,229.601226,231.442047,976562.5000,1841796875.0,2509.92,,14.6218,73.1094,2.873355e+15,2766.2596,36,fine,3.9614,5.5741,512,447,0.873294,CO(2-1),-633.0628,-823.30,False,False,duplicate_row,
HD53143  Gaia DR3 5479222240596469632,HD53143 Gaia DR3 5479222240596469632,6,A002_X10a341d_X82d2,18.3401,231.565574,233.393699,15625000.0000,1843750000.0,2509.92,,2.89029,14.4515,9.087586e+15,2789.7556,4,coarse,2.7707,4.8910,512,205,0.401559,CO(2-1),2152.5739,2775.84,False,False,searched,
HD53143  Gaia DR3 5479222240596469632,HD53143 Gaia DR3 5479222240596469632,6,A002_X10a341d_Xdc45,18.3401,214.565622,216.393747,15625000.0000,1843750000.0,453.60,,5.27082,26.3542,1.657241e+16,2585.7562,2,coarse,2.6261,4.7283,512,211,0.413255,SiO(5-4),-1633.1280,-2272.14,False,False,searched,
HD53143  Gaia DR3 5479222240596469632,HD53143 Gaia DR3 5479222240596469632,6,A002_X10a341d_Xdc45,18.3401,216.565622,218.393747,15625000.0000,1843750000.0,453.60,,5.06155,25.3079,1.591443e+16,2609.7562,2,coarse,2.9835,4.4680,512,97,0.191033,H2CO,-406.3780,-560.19,False,False,searched,
HD53143  Gaia DR3 5479222240596469632,HD53143 Gaia DR3 5479222240596469632,6,A002_X10a341d_Xdc45,18.3401,229.601271,231.442091,976562.5000,1841796875.0,453.60,,27.3403,136.702,5.372680e+15,2766.2602,7,fine,3.7973,4.9332,512,270,0.528265,CO(2-1),741.9814,964.94,False,False,searched,
HD53143  Gaia DR3 5479222240596469632,HD53143 Gaia DR3 5479222240596469632,6,A002_X10a341d_Xdc45,18.3401,231.565618,233.393743,15625000.0000,1843750000.0,453.60,,5.40534,27.0268,1.699537e+16,2789.7562,2,coarse,2.6124,4.0455,512,186,0.364522,CO(2-1),2746.3682,3541.56,False,False,searched,
HD53143  Gaia DR3 5479222240596469632,HD53143 Gaia DR3 5479222240596469632,6,A002_X10a513c_X389e,18.3401,214.565726,216.393851,15625000.0000,1843750000.0,2509.92,,2.52411,12.6206,7.936250e+15,2585.7575,4,coarse,2.6045,4.4040,512,275,0.538012,SiO(5-4),-2351.7741,-3271.97,False,False,searched,
HD53143  Gaia DR3 5479222240596469632,HD53143 Gaia DR3 5479222240596469632,6,A002_X10a513c_X389e,18.3401,216.565726,218.393851,15625000.0000,1843750000.0,2509.92,,2.49527,12.4764,7.845572e+15,2609.7575,4,coarse,2.9598,4.1252,512,124,0.243665,SiO(5-4),210.7259,290.48,False,False,searched,
HD53143  Gaia DR3 5479222240596469632,HD53143 Gaia DR3 5479222240596469632,6,A002_X10a513c_X389e,18.3401,229.601374,231.442195,976562.5000,1841796875.0,2509.92,,13.6432,68.2164,2.681047e+15,2766.2614,36,fine,4.5804,5.3308,512,77,0.152047,CO(2-1),687.3979,893.96,False,False,searched,
HD53143  Gaia DR3 5479222240596469632,HD53143 Gaia DR3 5479222240596469632,6,A002_X10a513c_X389e,18.3401,231.565722,233.393847,15625000.0000,1843750000.0,2509.92,,2.67832,13.3917,8.421134e+15,2789.7574,4,coarse,2.5575,4.0510,512,321,0.627680,CO(2-1),1808.9721,2332.75,False,False,searched,
HD53143  Gaia DR3 5479222240596469632,HD53143 Gaia DR3 5479222240596469632,6,A002_X10a513c_X3b99,18.3401,214.565682,216.393807,15625000.0000,1843750000.0,2509.92,,2.99768,14.9885,9.425247e+15,2585.7569,4,coarse,2.5179,4.1107,512,321,0.627680,SiO(5-4),-1211.1929,-1685.11,False,False,searched,
HD53143  Gaia DR3 5479222240596469632,HD53143 Gaia DR3 5479222240596469632,6,A002_X10a513c_X3b99,18.3401,216.565682,218.393807,15625000.0000,1843750000.0,2509.92,,2.95245,14.7623,9.283033e+15,2609.7569,4,coarse,3.0983,4.2154,512,87,0.171540,H2CO,-250.0679,-344.71,False,False,searched,
HD53143  Gaia DR3 5479222240596469632,HD53143 Gaia DR3 5479222240596469632,6,A002_X10a513c_X3b99,18.3401,229.601331,231.442151,976562.5000,1841796875.0,2509.92,,16.3404,81.7022,3.211069e+15,2766.2609,36,fine,4.2827,5.2859,512,215,0.421053,CO(2-1),541.8463,704.67,False,False,searched,
HD53143  Gaia DR3 5479222240596469632,HD53143 Gaia DR3 5479222240596469632,6,A002_X10a513c_X3b99,18.3401,231.565678,233.393803,15625000.0000,1843750000.0,2509.92,,3.19817,15.9909,1.005563e+16,2789.7569,4,coarse,3.3629,4.6961,512,51,0.101365,CO(2-1),2558.9283,3299.85,False,False,searched,
HD53143  Gaia DR3 5479222240596469632,HD53143 Gaia DR3 5479222240596469632,6,A002_X10b33b1_X1ca0,18.3401,214.566812,216.394937,15625000.0000,1843750000.0,2509.92,,1.68605,8.43029,5.301248e+15,2585.7705,4,coarse,4.0092,4.5583,512,7,0.015595,SiO(5-4),-2288.1882,-3183.49,False,False,searched,
HD53143  Gaia DR3 5479222240596469632,HD53143 Gaia DR3 5479222240596469632,6,A002_X10b33b1_X1ca0,18.3401,216.566812,218.394937,15625000.0000,1843750000.0,2509.92,,1.64665,8.23326,5.177351e+15,2609.7705,4,coarse,2.9006,4.4808,512,142,0.278752,H2CO,-389.5632,-537.00,False,False,searched,
HD53143  Gaia DR3 5479222240596469632,HD53143 Gaia DR3 5479222240596469632,6,A002_X10b33b1_X1ca0,18.3401,229.602460,231.443281,976562.5000,1841796875.0,2509.92,,8.83238,44.1621,1.735662e+15,2766.2744,37,fine,4.1092,5.4460,512,371,0.725146,CO(2-1),-825.1881,-1073.15,False,False,searched,
HD53143  Gaia DR3 5479222240596469632,HD53143 Gaia DR3 5479222240596469632,6,A002_X10b33b1_X1ca0,18.3401,231.566808,233.394933,15625000.0000,1843750000.0,2509.92,,1.74837,8.74188,5.497187e+15,2789.7704,4,coarse,2.2191,4.5075,512,456,0.890838,CO(2-1),2669.4330,3442.33,False,False,searched,
HD53143 (Gaia DR3 5479222240596469632),HD53143 Gaia DR3 5479222240596469632,6,A002_Xd9668b_X3f6e,18.3401,229.664382,231.389968,976562.5000,1726562500.0,2963.52,,0.907196,4.53602,1.782753e+14,2766.3261,40,fine,4.3913,6.2183,512,175,0.343080,CO(2-1),-196.8600,-256.01,False,False,searched,
HD53143 (Gaia DR3 5479222240596469632),HD53143 Gaia DR3 5479222240596469632,6,A002_Xd9668b_X3f6e,18.3401,231.567533,233.395658,15625000.0000,1843750000.0,3471.55,,0.15619,0.780956,4.910913e+14,2789.7791,4,coarse,2.6514,4.8473,512,297,0.580897,CO(2-1),1060.7832,1367.91,False,False,searched,
HD53143 (Gaia DR3 5479222240596469632),HD53143 Gaia DR3 5479222240596469632,6,A002_Xd9668b_X3f6e,18.3401,244.066544,245.894669,15625000.0000,1843750000.0,3471.55,,0.168449,0.842251,5.296361e+14,2939.7673,4,coarse,3.4240,4.5394,512,45,0.089669,CS(5-4),646.1687,790.74,False,False,searched,
HD53143 (Gaia DR3 5479222240596469632),HD53143 Gaia DR3 5479222240596469632,6,A002_Xd9668b_X3f6e,18.3401,246.066385,247.894510,15625000.0000,1843750000.0,3471.55,,0.182739,0.913704,5.745680e+14,2963.7654,4,coarse,2.3055,4.4052,512,439,0.857700,CS(5-4),1958.5104,2377.30,False,False,searched,
Wolf  219,Wolf 219,6,A002_Xb25e1a_Xed74,18.8830,215.199158,216.933533,15625000.0000,1750000000.0,60.48,,1.29933,6.53249,4.354629e+15,2592.7961,2,coarse,2.0037,4.1735,512,453,0.884990,SiO(5-4),-483.9671,-671.51,False,False,searched,
Wolf  219,Wolf 219,6,A002_Xb25e1a_Xed74,18.8830,217.092573,218.826948,15625000.0000,1750000000.0,60.48,,1.29365,6.50458,4.336023e+15,2615.5171,2,coarse,2.2161,4.4461,512,373,0.729045,H2CO,589.3234,810.58,False,False,searched,
Wolf  219,Wolf 219,6,A002_Xb25e1a_Xed74,18.8830,229.264212,230.989310,488281.2500,1725585937.5,60.48,,8.0397,40.4503,8.426446e+14,2761.5211,3,fine,3.9031,5.7618,512,157,0.307992,CO(2-1),224.2590,292.15,False,False,searched,
Wolf  219,Wolf 219,6,A002_Xb25e1a_Xed74,18.8830,231.592573,233.326948,15625000.0000,1750000000.0,60.48,,1.3518,6.80221,4.534427e+15,2789.5171,2,coarse,2.0684,4.0926,512,442,0.863548,CO(2-1),2195.1984,2831.04,False,False,searched,
Wolf  219,Wolf 219,6,A002_Xb2f730_X9e28,18.8830,215.204154,216.938529,15625000.0000,1750000000.0,60.48,,1.55044,7.79505,5.196263e+15,2592.8561,2,coarse,2.0035,4.2303,512,465,0.908382,SiO(5-4),-260.2207,-361.05,False,False,searched,
Wolf  219,Wolf 219,6,A002_Xb2f730_X9e28,18.8830,217.097757,218.832132,15625000.0000,1750000000.0,60.48,,1.5578,7.83278,5.221411e+15,2615.5793,2,coarse,2.3405,4.5088,512,326,0.637427,H2CO,94.5067,129.99,False,False,searched,
Wolf  219,Wolf 219,6,A002_Xb2f730_X9e28,18.8830,229.269395,230.994493,488281.2500,1725585937.5,60.48,,10.0401,50.5152,1.052311e+15,2761.5833,3,fine,3.8374,5.1334,512,185,0.362573,CO(2-1),-581.1046,-757.00,False,False,searched,
Wolf  219,Wolf 219,6,A002_Xb2f730_X9e28,18.8830,231.597757,233.332132,15625000.0000,1750000000.0,60.48,,1.61991,8.15136,5.433780e+15,2789.5793,2,coarse,2.4857,4.3628,512,293,0.573099,CO(2-1),2419.1317,3119.77,False,False,searched,
bet Pic,bet Pic,3,A002_Xf4df6f_Xc7,19.6345,100.098838,101.926963,15625000.0000,1843750000.0,3598.56,,0.107966,0.53983,3.890711e+14,1212.1548,3,coarse,3.7463,4.6018,512,6,0.013645,HCO+(1-0),11941.0884,35439.52,False,False,searched,
bet Pic,bet Pic,3,A002_Xf4df6f_Xc7,19.6345,101.994338,103.822463,15625000.0000,1843750000.0,3598.56,,0.10592,0.529602,3.816994e+14,1234.9008,3,coarse,2.1345,4.4605,512,484,0.945419,CN(1-0),-10809.1616,-31489.22,False,False,searched,
bet Pic,bet Pic,3,A002_Xf4df6f_Xc7,19.6345,112.598838,114.426963,15625000.0000,1843750000.0,3598.56,,0.153932,0.769665,5.547194e+14,1362.1548,3,coarse,2.7599,4.3411,512,196,0.384016,CN(1-0),-735.9116,-1943.57,False,False,searched,
bet Pic,bet Pic,3,A002_Xf4df6f_Xc7,19.6345,114.830886,115.693435,244140.6250,862792968.8,2963.52,,1.76989,8.8495,9.965768e+13,1383.1459,76,fine,17.9065,5.7648,512,0,0.001949,CO(1-0),-8.9614,-23.31,True,True,searched,circumstellar CO
bet Pic,bet Pic,3,A002_Xf5d76d_X32f1,19.6345,100.097291,101.925416,15625000.0000,1843750000.0,1463.62,,0.223204,1.11602,8.043495e+14,1212.1362,2,coarse,2.7847,4.3591,512,150,0.294347,HCO+(1-0),11173.9159,33163.16,False,False,searched,
bet Pic,bet Pic,3,A002_Xf5d76d_X32f1,19.6345,101.992791,103.820916,15625000.0000,1843750000.0,1463.62,,0.220307,1.10154,7.939116e+14,1234.8822,2,coarse,2.3551,4.1083,512,333,0.651072,CN(1-0),-10716.9591,-31221.08,False,False,searched,
bet Pic,bet Pic,3,A002_Xf5d76d_X32f1,19.6345,112.597291,114.425416,15625000.0000,1843750000.0,1463.62,,0.322467,1.61234,1.162062e+15,1362.1362,2,coarse,2.3456,4.8687,512,335,0.654971,CN(1-0),-721.8341,-1906.42,False,False,searched,
bet Pic,bet Pic,3,A002_Xf5d76d_X32f1,19.6345,114.829247,115.691796,244140.6250,862792968.8,1209.60,,3.69571,18.4785,2.080940e+14,1383.1263,31,fine,14.6540,7.2660,512,0,0.001949,,,,True,True,duplicate_row,
bet Pic,bet Pic,3,A002_Xf5d76d_X32f1,19.6345,114.829247,115.691796,244140.6250,862792968.8,1209.60,,3.69571,18.4786,2.080950e+14,1383.1263,31,fine,14.6540,7.2660,512,0,0.001949,CO(1-0),-10.3563,-26.94,True,True,searched,circumstellar CO
bet Pic,bet Pic,3,A002_Xf5d76d_Xcc5,19.6345,100.097263,101.925388,15625000.0000,1843750000.0,2534.11,,0.324263,1.62132,1.168531e+15,1212.1359,2,coarse,3.5024,4.4188,512,20,0.040936,CN(1-0),-11784.3615,-34974.92,False,False,searched,
bet Pic,bet Pic,3,A002_Xf5d76d_Xcc5,19.6345,101.992763,103.820888,15625000.0000,1843750000.0,2534.11,,0.324272,1.62137,1.168566e+15,1234.8819,2,coarse,2.1717,4.1746,512,410,0.801170,CN(1-0),-9982.6115,-29081.76,False,False,searched,
bet Pic,bet Pic,3,A002_Xf5d76d_Xcc5,19.6345,112.597263,114.425388,15625000.0000,1843750000.0,2534.11,,0.436059,2.18031,1.571410e+15,1362.1359,2,coarse,3.2971,4.6681,512,40,0.079922,CN(1-0),825.0135,2178.93,False,False,searched,
bet Pic,bet Pic,3,A002_Xf5d76d_Xcc5,19.6345,114.829220,115.691769,244140.6250,862792968.8,2026.08,,4.67764,23.3883,2.633849e+14,1383.1259,53,fine,17.2885,5.5197,512,0,0.001949,CO(1-0),-10.6279,-27.64,True,True,searched,circumstellar CO
bet Pic,bet Pic,3,A002_Xf5d76d_Xe19,19.6345,100.097237,101.925362,15625000.0000,1843750000.0,2534.11,,0.1632,0.816001,5.881154e+14,1212.1356,2,coarse,2.3878,4.3823,512,313,0.612086,CN(1-0),-11643.7632,-34557.64,False,False,searched,
bet Pic,bet Pic,3,A002_Xf5d76d_Xe19,19.6345,101.992737,103.820862,15625000.0000,1843750000.0,2534.11,,0.159644,0.798225,5.753034e+14,1234.8816,2,coarse,1.9984,4.3294,512,475,0.927875,CN(1-0),-10779.5132,-31403.34,False,False,searched,
bet Pic,bet Pic,3,A002_Xf5d76d_Xe19,19.6345,112.597237,114.425362,15625000.0000,1843750000.0,2534.11,,0.230458,1.1523,8.304926e+14,1362.1356,2,coarse,2.8410,4.4388,512,122,0.239766,CN(1-0),-96.8882,-255.89,False,False,searched,
bet Pic,bet Pic,3,A002_Xf5d76d_Xe19,19.6345,114.829193,115.691742,244140.6250,862792968.8,2026.08,,2.64896,13.2448,1.491553e+14,1383.1256,53,fine,27.6845,6.4803,512,0,0.001949,CO(1-0),-10.6546,-27.71,True,True,searched,circumstellar CO
bet Pic,bet Pic,3,A002_Xf5d76d_Xeb8,19.6345,100.097217,101.925342,15625000.0000,1843750000.0,2534.11,,0.142372,0.71186,5.130581e+14,1212.1354,2,coarse,2.2138,4.4696,512,409,0.799220,HCO+(1-0),11626.9669,34507.80,False,False,searched,
bet Pic,bet Pic,3,A002_Xf5d76d_Xeb8,19.6345,101.992717,103.820842,15625000.0000,1843750000.0,2534.11,,0.14128,0.706405,5.091261e+14,1234.8814,2,coarse,2.2819,3.9448,512,365,0.713450,CN(1-0),-10763.9081,-31357.88,False,False,searched,
bet Pic,bet Pic,3,A002_Xf5d76d_Xeb8,19.6345,112.597217,114.425342,15625000.0000,1843750000.0,2534.11,,0.20644,1.03221,7.439408e+14,1362.1354,2,coarse,2.2687,4.2359,512,384,0.750487,CN(1-0),-768.7831,-2030.42,False,False,searched,
bet Pic,bet Pic,3,A002_Xf5d76d_Xeb8,19.6345,114.829173,115.691722,244140.6250,862792968.8,2026.08,,2.45785,12.2893,1.383946e+14,1383.1254,53,fine,30.7648,7.3409,512,0,0.001949,CO(1-0),-10.6745,-27.76,True,True,searched,circumstellar CO
bet Pic,bet Pic,6,A002_X6f1341_X1484,19.6345,215.680975,217.406073,488281.2500,1725585937.5,1834.56,,24.7147,123.573,2.783215e+15,2598.5223,55,fine,4.7511,5.6700,512,69,0.136452,SiO(5-4),-1395.2160,-1931.60,False,False,searched,
bet Pic,bet Pic,6,A002_X6f1341_X1484,19.6345,217.646091,219.349216,15625000.0000,1718750000.0,1824.48,,4.27472,21.3736,1.540457e+16,2621.9718,3,coarse,2.2785,4.4279,512,409,0.799220,H2CO,2.2156,3.04,False,False,searched,
bet Pic,bet Pic,6,A002_X6f1341_X1484,19.6345,230.083798,231.003964,244140.6250,920410156.2,1824.48,,35.9076,179.538,2.021846e+15,2766.5266,116,fine,9.8320,8.1957,512,0,0.001949,CO(2-1),-9.6215,-12.51,True,True,searched,circumstellar CO
bet Pic,bet Pic,6,A002_X6f1341_X1484,19.6345,230.083798,231.003964,244140.6250,920410156.2,1824.48,,35.9076,179.538,2.021846e+15,2766.5266,116,fine,9.8320,8.1957,512,0,0.001949,CO(2-1),-9.6215,-12.51,True,True,duplicate_row,
bet Pic,bet Pic,6,A002_X6f1341_X1484,19.6345,231.676745,233.411120,15625000.0000,1750000000.0,1844.64,,4.45504,22.2752,1.605439e+16,2790.5272,3,coarse,2.6267,4.2224,512,256,0.500975,CO(2-1),2232.4950,2878.10,False,False,searched,
bet Pic,bet Pic,6,A002_X7116f1_X1785,19.6345,215.679396,217.404493,488281.2500,1725585937.5,1058.40,,21.5683,107.841,2.428888e+15,2598.5033,41,fine,4.1372,6.0249,512,388,0.758285,SiO(5-4),-742.4988,-1027.96,False,False,searched,
bet Pic,bet Pic,6,A002_X7116f1_X1785,19.6345,217.628828,219.363203,15625000.0000,1750000000.0,1058.40,,4.39776,21.9888,1.584797e+16,2621.9522,3,coarse,3.3055,4.3505,512,52,0.103314,C18O(2-1),-571.7974,-784.55,False,False,searched,
bet Pic,bet Pic,6,A002_X7116f1_X1785,19.6345,230.082117,231.002283,244140.6250,920410156.2,1068.48,,30.5569,152.784,1.720564e+15,2766.5064,86,fine,9.6773,14.1324,512,6,0.013645,CO(2-1),-10.8150,-14.06,True,False,searched,
bet Pic,bet Pic,6,A002_X7116f1_X1785,19.6345,231.675049,233.409424,15625000.0000,1750000000.0,1068.48,,3.9263,19.6315,1.414900e+16,2790.5068,3,coarse,2.5288,4.4607,512,300,0.586745,CO(2-1),2387.0485,3077.37,False,False,searched,
bet Pic,bet Pic,6,A002_X75bfbf_Xace,19.6345,215.675404,217.400502,488281.2500,1725585937.5,450.00,,3.26586,17.7176,3.990493e+14,2598.4554,23,fine,4.5245,5.2783,512,95,0.187135,SiO(5-4),-483.3070,-669.13,False,False,searched,
bet Pic,bet Pic,6,A002_X75bfbf_Xace,19.6345,217.624689,219.359064,15625000.0000,1750000000.0,450.00,,0.571777,3.10653,2.238968e+15,2621.9025,2,coarse,2.8387,4.9757,512,114,0.224172,C18O(2-1),-279.0615,-382.90,False,False,searched,
bet Pic,bet Pic,6,A002_X75bfbf_Xace,19.6345,230.106675,230.969224,244140.6250,862792968.8,450.00,,4.78704,26.2545,2.956626e+14,2766.4554,48,fine,4.8178,18.3104,512,96,0.189084,CO(2-1),64.0366,83.27,False,False,searched,
bet Pic,bet Pic,6,A002_X75bfbf_Xace,19.6345,231.670762,233.405137,15625000.0000,1750000000.0,450.00,,0.643472,3.53481,2.547642e+15,2790.4554,2,coarse,2.5451,4.1339,512,246,0.481481,CO(2-1),2242.1368,2890.61,False,False,searched,
bet Pic,bet Pic,6,A002_Xa7a216_X23e4,19.6345,215.680155,217.405253,488281.2500,1725585937.5,2220.00,,1.30409,6.52046,1.468589e+14,2598.5124,65,fine,4.4567,6.3863,512,244,0.477583,SiO(5-4),-518.1065,-717.29,False,False,searched,
bet Pic,bet Pic,6,A002_Xa7a216_X23e4,19.6345,217.629615,219.363990,15625000.0000,1750000000.0,2220.00,,0.224423,1.12212,8.087433e+14,2621.9616,4,coarse,2.1789,4.6508,512,460,0.898635,C18O(2-1),-196.0098,-268.94,False,False,searched,
bet Pic,bet Pic,6,A002_Xa7a216_X23e4,19.6345,230.111734,230.974283,244140.6250,862792968.8,2220.00,,1.91254,9.56274,1.076897e+14,2766.5161,137,fine,7.9879,6.0292,512,0,0.001949,CO(2-1),-10.7388,-13.96,True,True,searched,circumstellar CO
bet Pic,bet Pic,6,A002_Xa7a216_X23e4,19.6345,231.675864,233.410239,15625000.0000,1750000000.0,2220.00,,0.234551,1.17276,8.452404e+14,2790.5166,4,coarse,2.7301,4.7152,512,244,0.477583,CO(2-1),2200.3642,2836.69,False,False,searched,
bet Pic,bet Pic,6,A002_Xd9668b_X3a90,19.6345,225.622688,225.730476,122070.3125,107910156.2,2328.48,,2.13151,10.6577,6.001029e+13,2708.1190,239,fine,4.8171,5.8559,512,54,0.107212,CO(2-1),-4810.5760,-6390.45,False,False,searched,
bet Pic,bet Pic,6,A002_Xd9668b_X3a90,19.6345,226.239417,226.347206,122070.3125,107910156.2,2328.48,,2.09694,10.4848,5.903697e+13,2715.5197,240,fine,4.3942,6.1170,512,284,0.555556,CO(2-1),-4249.1441,-5629.25,False,False,searched,
bet Pic,bet Pic,6,A002_Xd9668b_X3a90,19.6345,226.584419,226.692207,122070.3125,107910156.2,2328.48,,2.10376,10.519,5.922916e+13,2719.6598,240,fine,4.5227,5.6747,512,180,0.352827,CO(2-1),-3884.1234,-5137.84,False,False,searched,
bet Pic,bet Pic,6,A002_Xd9668b_X3a90,19.6345,226.799629,226.907417,122070.3125,107910156.2,2328.48,,2.08549,10.4276,5.871483e+13,2722.2423,240,fine,4.4556,5.7508,512,230,0.450292,CO(2-1),-3734.3431,-4935.03,False,False,searched,
bet Pic,bet Pic,6,A002_Xd9668b_X3a90,19.6345,230.489410,230.543319,15258.7891,53924560.5,2328.48,,6.66045,33.3028,2.343972e+13,2766.1964,1944,fine,11.6810,9.1167,512,0,0.001949,CO(2-1),-21.8721,-28.45,True,True,searched,circumstellar CO
bet Pic,bet Pic,6,A002_Xd9668b_X3a90,19.6345,241.553115,241.984390,122070.3125,431396484.4,2328.48,,2.19152,10.9578,6.169999e+13,2901.2250,256,fine,5.4199,5.8117,512,15,0.031189,CS(5-4),-3184.7645,-3949.10,True,False,searched,
bet Pic,bet Pic,6,A002_Xd9668b_X3a90,19.6345,243.049301,244.877426,15625000.0000,1843750000.0,2709.50,,0.205604,1.02804,7.409363e+14,2927.5604,4,coarse,2.3609,4.4667,512,403,0.787524,CS(5-4),-339.8243,-417.59,False,False,searched,
bet Pic,bet Pic,6,A002_Xd9668b_Xa9df,19.6345,225.622661,225.730450,122070.3125,107910156.2,2328.48,,2.0276,10.1381,5.708481e+13,2708.1187,239,fine,4.4887,5.4512,512,217,0.424951,CO(2-1),-4826.9597,-6412.21,False,False,searched,
bet Pic,bet Pic,6,A002_Xd9668b_Xa9df,19.6345,226.239391,226.347179,122070.3125,107910156.2,2328.48,,2.00203,10.0103,5.636505e+13,2715.5194,240,fine,4.4525,5.6100,512,255,0.499025,CO(2-1),-4270.7768,-5657.91,False,False,searched,
bet Pic,bet Pic,6,A002_Xd9668b_Xa9df,19.6345,226.584392,226.692180,122070.3125,107910156.2,2328.48,,2.00223,10.0113,5.637070e+13,2719.6594,240,fine,4.8976,5.8299,512,49,0.097466,CO(2-1),-3883.2951,-5136.74,False,False,searched,
bet Pic,bet Pic,6,A002_Xd9668b_Xa9df,19.6345,226.799602,226.907390,122070.3125,107910156.2,2328.48,,1.98685,9.93442,5.593769e+13,2722.2420,241,fine,4.2382,6.0399,512,378,0.738791,CO(2-1),-3656.7326,-4832.46,False,False,searched,
bet Pic,bet Pic,6,A002_Xd9668b_Xa9df,19.6345,230.489384,230.543293,15258.7891,53924560.5,2328.48,,6.34601,31.7305,2.233312e+13,2766.1961,1945,fine,8.9476,8.4072,512,0,0.001949,CO(2-1),-21.9746,-28.58,True,True,searched,circumstellar CO
bet Pic,bet Pic,6,A002_Xd9668b_Xa9df,19.6345,241.553089,241.984364,122070.3125,431396484.4,2328.48,,2.08947,10.4475,5.882694e+13,2901.2247,256,fine,5.0791,5.9903,512,88,0.173489,CS(5-4),-3099.3415,-3843.17,True,False,searched,
bet Pic,bet Pic,6,A002_Xd9668b_Xa9df,19.6345,243.049274,244.877399,15625000.0000,1843750000.0,2709.50,,0.199771,0.998874,7.199174e+14,2927.5600,4,coarse,3.0980,4.3085,512,89,0.175439,CS(5-4),-433.6005,-532.83,False,False,searched,
eta Cru,eta Cru,6,A002_Xbe7502_X2047,19.6882,223.132812,224.867188,15625000.0000,1750000000.0,1814.40,,0.316254,1.58128,1.145909e+15,2688.0000,3,coarse,3.0573,4.4571,512,108,0.212476,13CO(2-1),3140.0625,4202.53,False,False,searched,
eta Cru,eta Cru,6,A002_Xbe7502_X2047,19.6882,225.132812,226.867188,15625000.0000,1750000000.0,1814.40,,0.306087,1.53045,1.109072e+15,2712.0000,3,coarse,2.5886,4.0068,512,254,0.497076,CO(2-1),-4155.1875,-5511.92,False,False,searched,
eta Cru,eta Cru,6,A002_Xbe7502_X2047,19.6882,239.132813,240.867188,15625000.0000,1750000000.0,1814.40,,0.334113,1.67057,1.210619e+15,2880.0000,3,coarse,3.0390,4.2817,512,110,0.216374,CS(5-4),-5568.8125,-6956.20,False,False,searched,
eta Cru,eta Cru,6,A002_Xbe7502_X2047,19.6882,241.132813,242.867188,15625000.0000,1750000000.0,1814.40,,0.355843,1.77923,1.289356e+15,2904.0000,3,coarse,2.2498,4.3095,512,427,0.834308,CS(5-4),-2490.6875,-3085.49,False,False,searched,
PM J034331958,PM J034331958,6,A002_Xb25e1a_Xed74,20.7567,215.199158,216.933533,15625000.0000,1750000000.0,60.48,,1.29363,6.47073,5.211938e+15,2592.7961,2,coarse,1.7056,4.6623,512,507,0.990253,SiO(5-4),-577.7171,-801.58,False,False,searched,
PM J034331958,PM J034331958,6,A002_Xb25e1a_Xed74,20.7567,217.092573,218.826948,15625000.0000,1750000000.0,60.48,,1.28871,6.44618,5.192161e+15,2615.5171,2,coarse,2.9683,4.4629,512,84,0.165692,H2CO,89.3234,122.86,False,False,searched,
PM J034331958,PM J034331958,6,A002_Xb25e1a_Xed74,20.7567,229.264212,230.989310,488281.2500,1725585937.5,60.48,,7.99285,39.9823,1.006384e+15,2761.5211,3,fine,3.3311,4.8944,512,485,0.947368,CO(2-1),-727.8895,-948.24,False,False,searched,
PM J034331958,PM J034331958,6,A002_Xb25e1a_Xed74,20.7567,231.592573,233.326948,15625000.0000,1750000000.0,60.48,,1.34183,6.71221,5.406442e+15,2789.5171,2,coarse,2.5253,4.4902,512,249,0.487329,CO(2-1),1617.0734,2085.46,False,False,searched,
V star TX PsA,V star TX PsA,7,A002_Xcd2acd_X6125,20.8350,333.163309,334.897684,15625000.0000,1750000000.0,1384.99,,0.396853,1.98654,1.612183e+15,4008.3660,4,coarse,3.0403,4.8080,512,113,0.222222,CO(3-2),-12179.5660,-10931.16,False,False,searched,
V star TX PsA,V star TX PsA,7,A002_Xcd2acd_X6125,20.8350,335.058809,336.793184,15625000.0000,1750000000.0,1384.99,,0.346357,1.73379,1.407068e+15,4031.1120,4,coarse,3.3710,4.2783,512,31,0.062378,CO(3-2),-9268.4410,-8271.49,False,False,searched,
V star TX PsA,V star TX PsA,7,A002_Xcd2acd_X6125,20.8350,345.167948,346.893045,488281.2500,1725585937.5,876.96,,2.16265,10.8266,2.745732e+14,4152.3660,78,fine,4.6655,5.9450,512,137,0.269006,CO(3-2),-421.9976,-365.61,False,False,searched,
V star TX PsA,V star TX PsA,7,A002_Xcd2acd_X6125,20.8350,347.058809,348.793184,15625000.0000,1750000000.0,1384.99,,0.407503,2.04005,1.655611e+15,4175.1120,4,coarse,3.1173,4.7447,512,111,0.218324,CO(3-2),2309.6840,1990.15,False,False,searched,
V star WW PsA,V star TX PsA,7,A002_Xcd2acd_X6125,20.8673,333.163309,334.897684,15625000.0000,1750000000.0,876.96,,0.405273,2.02683,1.649993e+15,4008.3660,3,coarse,2.1558,4.5240,512,425,0.830409,CO(3-2),-11992.0660,-10762.88,False,False,searched,
V star WW PsA,V star TX PsA,7,A002_Xcd2acd_X6125,20.8673,335.058809,336.793184,15625000.0000,1750000000.0,876.96,,0.355139,1.77611,1.445886e+15,4031.1120,3,coarse,2.6974,4.1914,512,193,0.378168,CO(3-2),-9018.4410,-8048.38,False,False,searched,
V star WW PsA,V star TX PsA,7,A002_Xcd2acd_X6125,20.8673,345.167948,346.893045,488281.2500,1725585937.5,876.96,,2.16752,10.8403,2.757753e+14,4152.3660,67,fine,4.3982,5.6740,512,314,0.614035,CO(3-2),584.3500,506.27,False,False,searched,
V star WW PsA,V star TX PsA,7,A002_Xcd2acd_X6125,20.8673,347.058809,348.793184,15625000.0000,1750000000.0,876.96,,0.420532,2.10318,1.712148e+15,4175.1120,4,coarse,3.2063,4.6783,512,81,0.159844,CO(3-2),2481.5590,2138.25,False,False,searched,
j1256-1257,j1256-1257,7,A002_Xd9398d_X322a,21.1536,343.107979,344.936104,15625000.0000,1843750000.0,2939.33,,0.340759,2.94989,2.467767e+15,4128.2645,4,coarse,2.9521,4.4846,512,157,0.307992,CO(3-2),-2516.1456,-2192.65,False,False,searched,
j1256-1257,j1256-1257,7,A002_Xd9398d_X322a,21.1536,344.955354,346.680940,976562.5000,1726562500.0,2177.28,,1.82838,15.9192,8.323367e+14,4149.8178,47,fine,4.9607,5.4833,512,30,0.060429,CO(3-2),508.9634,441.22,False,False,searched,
j1256-1257,j1256-1257,7,A002_Xd9398d_X322a,21.1536,355.108748,356.936873,15625000.0000,1843750000.0,2939.33,,0.387335,3.48632,2.916524e+15,4272.2737,4,coarse,4.0249,4.4955,512,4,0.009747,CO(3-2),9656.4983,8131.35,False,False,searched,
j1256-1257,j1256-1257,7,A002_Xd9398d_X322a,21.1536,356.908864,358.736989,15625000.0000,1843750000.0,2939.33,,0.449058,4.06603,3.401495e+15,4293.8751,4,coarse,2.6378,4.2743,512,298,0.582846,CO(3-2),12456.6137,10436.44,False,False,searched,
j1256-1257,j1256-1257,7,A002_Xd9398d_X37e8,21.1536,343.107828,344.935953,15625000.0000,1843750000.0,2939.33,,0.349709,3.02737,2.532590e+15,4128.2627,4,coarse,2.2617,4.8033,512,457,0.892788,CO(3-2),-2500.6721,-2179.17,False,False,searched,
j1256-1257,j1256-1257,7,A002_Xd9398d_X37e8,21.1536,344.955202,346.680788,976562.5000,1726562500.0,2177.28,,1.87512,16.3261,8.536152e+14,4149.8159,47,fine,3.8650,5.2545,512,502,0.980507,CO(3-2),752.9517,652.74,False,False,searched,
j1256-1257,j1256-1257,7,A002_Xd9398d_X37e8,21.1536,355.108591,356.936716,15625000.0000,1843750000.0,2939.33,,0.408401,3.67594,3.075152e+15,4272.2718,4,coarse,2.6336,4.6008,512,325,0.635478,CO(3-2),10781.3415,9078.54,False,False,searched,
j1256-1257,j1256-1257,7,A002_Xd9398d_X37e8,21.1536,356.908706,358.736831,15625000.0000,1843750000.0,2939.33,,0.472172,4.27533,3.576580e+15,4293.8732,4,coarse,3.3280,4.4704,512,49,0.097466,CO(3-2),11440.8310,9585.40,False,False,searched,
hd92945,hd92945,7,A002_Xb9c01c_X41a2,21.5085,342.227507,343.961882,15625000.0000,1750000000.0,2933.28,,3.74883,18.7442,1.621140e+16,4117.1363,6,coarse,3.9815,4.7638,512,11,0.023392,CO(3-2),-3177.8684,-2776.79,False,False,searched,
hd92945,hd92945,7,A002_Xb9c01c_X41a2,21.5085,344.069784,345.910604,976562.5000,1841796875.0,2933.28,,18.0356,90.1785,4.874568e+15,4139.8823,73,fine,4.4359,5.7713,512,232,0.454191,CO(3-2),-460.5911,-400.25,False,False,searched,
hd92945,hd92945,7,A002_Xb9c01c_X41a2,21.5085,354.176153,356.016485,488281.2500,1840820312.5,2933.28,,22.8177,114.089,3.083529e+15,4261.1558,150,fine,4.5411,6.1838,512,332,0.649123,CO(3-2),8383.0822,7077.47,False,False,searched,
hd92945,hd92945,7,A002_Xb9c01c_X41a2,21.5085,356.123007,357.857382,15625000.0000,1750000000.0,2933.28,,4.43877,22.194,1.919502e+16,4283.8823,6,coarse,3.7466,4.4828,512,14,0.029240,CO(3-2),11858.2566,9958.30,False,False,searched,
hd92945,hd92945,7,A002_Xbbadbe_X3846,21.5085,342.239130,343.973505,15625000.0000,1750000000.0,3320.35,,0.284053,1.4203,1.228384e+15,4117.2758,5,coarse,3.4544,4.9605,512,43,0.085770,CO(3-2),-2228.7454,-1947.39,False,False,searched,
hd92945,hd92945,7,A002_Xbbadbe_X3846,21.5085,344.087755,345.915880,15625000.0000,1843750000.0,48.38,,0.000452393,0.00226203,1.956368e+12,4140.0218,5,coarse,2.7575,5.0828,512,288,0.563353,CO(3-2),-1020.7454,-886.99,False,False,noise_defect,
hd92945,hd92945,7,A002_Xbbadbe_X3846,21.5085,344.139024,345.864610,976562.5000,1726562500.0,2812.32,,1.48687,7.43456,4.018726e+14,4140.0218,59,fine,4.0322,5.5884,512,466,0.910331,CO(3-2),-1252.6790,-1088.53,False,False,searched,
hd92945,hd92945,7,A002_Xbbadbe_X3846,21.5085,354.194047,356.022172,15625000.0000,1843750000.0,48.38,,0.000466395,0.00233204,2.016922e+12,4261.2973,5,coarse,2.6143,4.5910,512,358,0.699805,CO(3-2),9304.2968,7854.95,False,False,noise_defect,
hd92945,hd92945,7,A002_Xbbadbe_X3846,21.5085,354.245561,355.970658,488281.2500,1725585937.5,2812.32,,1.95977,9.79912,2.648441e+14,4261.2973,119,fine,4.7351,6.0484,512,167,0.327485,CO(3-2),9637.5488,8136.30,False,False,searched,
hd92945,hd92945,7,A002_Xbbadbe_X3846,21.5085,356.134630,357.869005,15625000.0000,1750000000.0,3320.35,,0.357891,1.78951,1.547699e+15,4284.0218,5,coarse,2.4023,4.8333,512,430,0.840156,CO(3-2),11479.2546,9639.71,False,False,searched,
hd92945,hd92945,7,A002_Xbbcb1f_X7dd5,21.5085,342.238971,343.973346,15625000.0000,1750000000.0,3320.35,,0.298542,1.49275,1.291039e+15,4117.2739,5,coarse,2.5897,5.1680,512,360,0.703704,CO(3-2),-2010.1542,-1756.39,False,False,searched,
hd92945,hd92945,7,A002_Xbbcb1f_X7dd5,21.5085,344.087596,345.915721,15625000.0000,1843750000.0,48.38,,0.000446124,0.00223068,1.929258e+12,4140.0199,5,coarse,3.0810,4.3307,512,129,0.253411,CO(3-2),-286.5292,-248.98,False,False,noise_defect,
hd92945,hd92945,7,A002_Xbbcb1f_X7dd5,21.5085,344.138865,345.864451,976562.5000,1726562500.0,2812.32,,1.82482,9.12435,4.932135e+14,4140.0199,59,fine,4.9335,5.6568,512,21,0.042885,CO(3-2),-1224.5175,-1064.06,False,False,searched,
hd92945,hd92945,7,A002_Xbbcb1f_X7dd5,21.5085,354.193886,356.022011,15625000.0000,1843750000.0,48.38,,0.000449436,0.00224724,1.943582e+12,4261.2954,5,coarse,2.4896,4.4281,512,420,0.820663,CO(3-2),9804.1358,8276.94,False,False,noise_defect,
hd92945,hd92945,7,A002_Xbbcb1f_X7dd5,21.5085,354.245399,355.970497,488281.2500,1725585937.5,2812.32,,2.27709,11.3858,3.077269e+14,4261.2954,119,fine,4.0396,5.5142,512,512,1.000000,CO(3-2),8782.8956,7414.78,False,False,searched,
hd92945,hd92945,7,A002_Xbbcb1f_X7dd5,21.5085,356.134471,357.868846,15625000.0000,1750000000.0,3320.35,,0.379891,1.89951,1.642836e+15,4284.0199,5,coarse,4.5686,4.8220,512,2,0.005848,CO(3-2),11322.8458,9508.37,False,False,searched,
WD2039-202,WD2039-202,6,A002_Xe539c7_X113b1,21.7709,223.085938,224.914062,15625000.0000,1843750000.0,616.90,,0.309712,1.54857,1.372182e+15,2688.0000,2,coarse,3.2132,4.2378,512,39,0.077973,13CO(2-1),3702.5625,4955.36,False,False,searched,
WD2039-202,WD2039-202,6,A002_Xe539c7_X113b1,21.7709,225.085938,226.914062,15625000.0000,1843750000.0,616.90,,0.292178,1.4609,1.294497e+15,2712.0000,2,coarse,2.4663,4.1769,512,275,0.538012,CO(2-1),-4123.9375,-5470.47,False,False,searched,
WD2039-202,WD2039-202,6,A002_Xe539c7_X113b1,21.7709,239.085938,240.914063,15625000.0000,1843750000.0,616.90,,0.318494,1.59248,1.411090e+15,2880.0000,2,coarse,1.9552,4.2687,512,487,0.951267,CS(5-4),-4287.5625,-5355.75,False,False,searched,
WD2039-202,WD2039-202,6,A002_Xe539c7_X113b1,21.7709,241.085938,242.914063,15625000.0000,1843750000.0,616.90,,0.340886,1.70444,1.510299e+15,2904.0000,2,coarse,2.5208,4.0714,512,247,0.483431,CS(5-4),-2225.0625,-2756.43,False,False,searched,
HD 45184,HD 45184,6,A002_X126c7ed_Xe9d,21.8923,229.665871,231.391457,976562.5000,1726562500.0,2933.28,,10.9159,54.5796,3.056486e+15,2766.3440,41,fine,4.4930,5.3596,512,114,0.224172,CO(2-1),471.6213,613.32,False,False,searched,
HD 45184,HD 45184,6,A002_X126c7ed_Xe9d,21.8923,232.072602,233.900727,15625000.0000,1843750000.0,3610.66,,1.92989,9.64949,8.646032e+15,2795.8400,4,coarse,2.7239,4.1108,512,243,0.475634,CO(2-1),2456.4768,3160.84,False,False,searched,
HD 45184,HD 45184,6,A002_X126c7ed_Xe9d,21.8923,244.072602,245.900727,15625000.0000,1843750000.0,3610.66,,1.99883,9.9942,8.954892e+15,2939.8400,4,coarse,2.8204,4.3799,512,227,0.444444,CS(5-4),89.7268,109.80,False,False,searched,
HD 45184,HD 45184,6,A002_X126c7ed_Xe9d,21.8923,246.072602,247.900727,15625000.0000,1843750000.0,3610.66,,2.20094,11.0047,9.860323e+15,2963.8400,4,coarse,3.5840,4.8717,512,23,0.046784,CS(5-4),2714.7268,3295.14,False,False,searched,
HD 45184,HD 45184,6,A002_X126fc6d_Xc894,21.8923,229.665836,231.391422,976562.5000,1726562500.0,2933.28,,17.2978,86.4892,4.843441e+15,2766.3436,41,fine,4.6254,5.5098,512,62,0.122807,CO(2-1),-366.3043,-476.36,False,False,searched,
HD 45184,HD 45184,6,A002_X126fc6d_Xc894,21.8923,232.072567,233.900692,15625000.0000,1843750000.0,3610.66,,3.14277,15.7139,1.407978e+16,2795.8396,4,coarse,3.5265,4.1622,512,18,0.037037,CO(2-1),2362.6918,3040.16,False,False,searched,
HD 45184,HD 45184,6,A002_X126fc6d_Xc894,21.8923,244.072567,245.900692,15625000.0000,1843750000.0,3610.66,,3.23841,16.1921,1.450825e+16,2939.8396,4,coarse,3.9137,4.8608,512,8,0.017544,CS(5-4),870.9418,1065.78,False,False,searched,
HD 45184,HD 45184,6,A002_X126fc6d_Xc894,21.8923,246.072567,247.900692,15625000.0000,1843750000.0,3610.66,,3.56073,17.8037,1.595227e+16,2963.8396,4,coarse,2.0821,4.6150,512,492,0.961014,CS(5-4),1355.3168,1645.08,False,False,searched,
HD 45184,HD 45184,6,A002_X12754c1_X9b5,21.8923,229.666036,231.391622,976562.5000,1726562500.0,2933.28,,15.4429,77.2147,4.324063e+15,2766.3459,41,fine,3.9025,5.4772,512,480,0.937622,CO(2-1),66.5125,86.50,False,False,searched,
HD 45184,HD 45184,6,A002_X12754c1_X9b5,21.8923,232.072766,233.900891,15625000.0000,1843750000.0,3610.66,,2.77999,13.9,1.245449e+16,2795.8419,4,coarse,2.5084,4.5691,512,353,0.690058,CO(2-1),2237.8914,2879.57,False,False,searched,
HD 45184,HD 45184,6,A002_X12754c1_X9b5,21.8923,244.072766,245.900891,15625000.0000,1843750000.0,3610.66,,2.91012,14.5507,1.303751e+16,2939.8419,4,coarse,2.8533,4.5781,512,231,0.452242,CS(5-4),-613.2336,-750.42,False,False,searched,
HD 45184,HD 45184,6,A002_X12754c1_X9b5,21.8923,246.072766,247.900891,15625000.0000,1843750000.0,3610.66,,3.1249,15.6245,1.399973e+16,2963.8419,4,coarse,3.1136,4.1688,512,123,0.241715,CS(5-4),1371.1414,1664.29,False,False,searched,
HD 45184,HD 45184,6,A002_X1275eb2_Xe05,21.8923,229.666141,231.391727,976562.5000,1726562500.0,2933.28,,11.6211,58.1056,3.253947e+15,2766.3472,41,fine,4.2445,5.2894,512,277,0.541910,CO(2-1),-657.0148,-854.42,False,False,searched,
HD 45184,HD 45184,6,A002_X1275eb2_Xe05,21.8923,232.072872,233.900997,15625000.0000,1843750000.0,3610.66,,2.06634,10.3317,9.257336e+15,2795.8432,4,coarse,2.3127,5.0400,512,445,0.869396,CO(2-1),3019.2469,3884.97,False,False,searched,
HD 45184,HD 45184,6,A002_X1275eb2_Xe05,21.8923,244.072872,245.900997,15625000.0000,1843750000.0,3610.66,,2.16781,10.8391,9.711923e+15,2939.8432,4,coarse,2.3710,4.2847,512,447,0.873294,CS(5-4),-785.0031,-960.61,False,False,searched,
HD 45184,HD 45184,6,A002_X1275eb2_Xe05,21.8923,246.072872,247.900997,15625000.0000,1843750000.0,3610.66,,2.38323,11.9162,1.067702e+16,2963.8432,4,coarse,2.8347,4.3449,512,214,0.419103,CS(5-4),1668.1219,2024.76,False,False,searched,
HD 45184,HD 45184,6,A002_X12771d5_X10e06,21.8923,229.666447,231.392033,976562.5000,1726562500.0,2933.28,,13.9193,69.5969,3.897463e+15,2766.3509,41,fine,4.4143,5.4220,512,165,0.323587,CO(2-1),-621.5528,-808.30,False,False,searched,
HD 45184,HD 45184,6,A002_X12771d5_X10e06,21.8923,232.073178,233.901303,15625000.0000,1843750000.0,3610.66,,2.49321,12.4661,1.116971e+16,2795.8469,4,coarse,2.8650,4.4072,512,176,0.345029,CO(2-1),1550.8026,1995.47,False,False,searched,
HD 45184,HD 45184,6,A002_X12771d5_X10e06,21.8923,244.073178,245.901303,15625000.0000,1843750000.0,3610.66,,2.63809,13.1905,1.181879e+16,2939.8469,4,coarse,2.1684,4.5351,512,492,0.961014,CS(5-4),-394.0724,-482.23,False,False,searched,
HD 45184,HD 45184,6,A002_X12771d5_X10e06,21.8923,246.073178,247.901303,15625000.0000,1843750000.0,3610.66,,2.86806,14.3404,1.284909e+16,2963.8469,4,coarse,3.1208,4.0829,512,107,0.210526,CS(5-4),1809.0526,2195.82,False,False,searched,
HD 45184,HD 45184,6,A002_X12771d5_X3b63,21.8923,229.666331,231.391917,976562.5000,1726562500.0,2933.28,,14.9361,74.6808,4.182168e+15,2766.3495,41,fine,4.2835,5.6234,512,230,0.450292,CO(2-1),109.7760,142.76,False,False,searched,
HD 45184,HD 45184,6,A002_X12771d5_X3b63,21.8923,232.073061,233.901186,15625000.0000,1843750000.0,3610.66,,2.66424,13.3212,1.193594e+16,2795.8455,4,coarse,2.6584,4.1726,512,289,0.565302,CO(2-1),3003.8112,3865.11,False,False,searched,
HD 45184,HD 45184,6,A002_X12771d5_X3b63,21.8923,244.073061,245.901186,15625000.0000,1843750000.0,3610.66,,2.84613,14.2307,1.275081e+16,2939.8455,4,coarse,3.0307,4.5518,512,153,0.300195,CS(5-4),12.0612,14.76,False,False,searched,
HD 45184,HD 45184,6,A002_X12771d5_X3b63,21.8923,246.073061,247.901186,15625000.0000,1843750000.0,3610.66,,3.11076,15.5538,1.393637e+16,2963.8455,4,coarse,2.2525,4.4933,512,455,0.888889,CS(5-4),1168.3112,1418.09,False,False,searched,
HD 45184,HD 45184,6,A002_X12771d5_X9f13,21.8923,229.666312,231.391898,976562.5000,1726562500.0,2933.28,,12.3982,61.9911,3.471535e+15,2766.3493,41,fine,4.0991,5.6188,512,383,0.748538,CO(2-1),94.1324,122.41,False,False,searched,
HD 45184,HD 45184,6,A002_X12771d5_X9f13,21.8923,232.073043,233.901168,15625000.0000,1843750000.0,3610.66,,2.22978,11.1489,9.989543e+15,2795.8453,4,coarse,3.7965,4.1032,512,7,0.015595,CO(2-1),3331.9176,4287.29,False,False,searched,
HD 45184,HD 45184,6,A002_X12771d5_X9f13,21.8923,244.073043,245.901168,15625000.0000,1843750000.0,3610.66,,2.3281,11.6405,1.043001e+16,2939.8453,4,coarse,2.8974,4.6089,512,150,0.294347,CS(5-4),902.6676,1104.60,False,False,searched,
HD 45184,HD 45184,6,A002_X12771d5_X9f13,21.8923,246.073043,247.901168,15625000.0000,1843750000.0,3610.66,,2.50935,12.5468,1.124202e+16,2963.8453,4,coarse,2.2602,4.6418,512,456,0.890838,CS(5-4),1355.7926,1645.66,False,False,searched,
LP 476-207 783296,LP 476-207 384128,7,A002_Xd10f82_X2635,23.7525,333.149759,334.884134,15625000.0000,1750000000.0,1409.18,,0.522637,2.69343,2.840891e+15,4008.2034,3,coarse,2.0332,4.1892,512,493,0.962963,CO(3-2),-12161.8657,-10915.72,False,False,searched,
LP 476-207 783296,LP 476-207 384128,7,A002_Xd10f82_X2635,23.7525,335.045259,336.779634,15625000.0000,1750000000.0,1409.18,,0.452985,2.33527,2.463131e+15,4030.9494,3,coarse,2.9703,4.2953,512,120,0.235867,CO(3-2),-10672.6157,-9525.01,False,False,searched,
LP 476-207 783296,LP 476-207 384128,7,A002_Xd10f82_X2635,23.7525,345.154398,346.879496,488281.2500,1725585937.5,1028.16,,2.85096,14.7251,4.853520e+14,4152.2034,44,fine,4.4371,5.8578,512,184,0.360624,CO(3-2),1027.3433,890.10,False,False,searched,
LP 476-207 783296,LP 476-207 384128,7,A002_Xd10f82_X2635,23.7525,347.045259,348.779634,15625000.0000,1750000000.0,1409.18,,0.533346,2.75568,2.906557e+15,4174.9494,3,coarse,3.4275,4.2282,512,36,0.072125,CO(3-2),2296.1343,1978.55,False,False,searched,
LP 476-207 384128,LP 476-207 384128,7,A002_Xd10f82_X2635,23.7875,333.149759,334.884134,15625000.0000,1750000000.0,1409.18,,0.522394,2.61842,2.769928e+15,4008.2034,3,coarse,1.8538,4.6169,512,505,0.986355,CO(3-2),-12427.4907,-11154.13,False,False,searched,
LP 476-207 384128,LP 476-207 384128,7,A002_Xd10f82_X2635,23.7875,335.045259,336.779634,15625000.0000,1750000000.0,1409.18,,0.452402,2.26766,2.398875e+15,4030.9494,3,coarse,2.8663,4.4202,512,154,0.302144,CO(3-2),-10375.7407,-9260.06,False,False,searched,
LP 476-207 384128,LP 476-207 384128,7,A002_Xd10f82_X2635,23.7875,345.154398,346.879496,488281.2500,1725585937.5,1028.16,,2.85145,14.295,4.725678e+14,4152.2034,44,fine,4.1936,5.7657,512,391,0.764133,CO(3-2),718.7495,622.73,False,False,searched,
LP 476-207 384128,LP 476-207 384128,7,A002_Xd10f82_X2635,23.7875,347.045259,348.779634,15625000.0000,1750000000.0,1409.18,,0.532616,2.67021,2.824724e+15,4174.9494,3,coarse,2.9346,4.3362,512,119,0.233918,CO(3-2),1624.2593,1399.61,False,False,searched,
HD202628,HD202628,6,A002_Xb99071_X3ca,23.7940,229.595180,231.435512,488281.2500,1840820312.5,786.24,,18.5658,92.8294,3.070447e+15,2766.1842,21,fine,4.0447,5.4050,512,345,0.674464,CO(2-1),794.4848,1033.25,False,False,searched,
HD202628,HD202628,6,A002_Xb99071_X3ca,23.7940,231.602921,233.337296,15625000.0000,1750000000.0,786.24,,2.86333,14.3167,1.515342e+16,2789.6413,2,coarse,2.3960,4.2870,512,324,0.633528,CO(2-1),1893.0456,2441.26,False,False,searched,
HD202628,HD202628,6,A002_Xb99071_X3ca,23.7940,244.601249,246.335624,15625000.0000,1750000000.0,786.24,,3.09038,15.452,1.635502e+16,2945.6212,2,coarse,2.8796,4.8310,512,132,0.259259,CS(5-4),1383.9992,1690.29,False,False,searched,
HD202628,HD202628,6,A002_Xb99071_X3ca,23.7940,246.600992,248.335367,15625000.0000,1750000000.0,786.24,,3.62613,18.1308,1.919034e+16,2969.6182,2,coarse,2.5260,4.3654,512,266,0.520468,CS(5-4),3274.3671,3966.69,False,False,searched,
HD202628,HD202628,6,A002_Xbf1cbb_X6176,23.7940,229.643007,231.471132,15625000.0000,1843750000.0,48.38,,0.000453645,0.00226823,2.400781e+12,2766.6848,4,coarse,3.2245,4.6476,512,73,0.144250,CO(2-1),-285.6181,-371.39,False,False,noise_defect,
HD202628,HD202628,6,A002_Xbf1cbb_X6176,23.7940,229.694521,231.419618,488281.2500,1725585937.5,2812.32,,1.09089,5.45446,1.804130e+14,2766.6848,80,fine,4.6441,6.1495,512,170,0.333333,CO(2-1),687.2823,893.67,False,False,searched,
HD202628,HD202628,6,A002_Xbf1cbb_X6176,23.7940,231.643507,233.377882,15625000.0000,1750000000.0,3320.35,,0.178428,0.892142,9.442783e+14,2790.1283,4,coarse,3.2712,4.7120,512,55,0.109162,CO(2-1),2777.3824,3581.08,False,False,searched,
HD202628,HD202628,6,A002_Xbf1cbb_X6176,23.7940,244.644105,246.378480,15625000.0000,1750000000.0,3320.35,,0.200031,1.00015,1.058603e+15,2946.1355,4,coarse,3.6596,4.5342,512,19,0.038986,CS(5-4),176.8554,215.96,False,False,searched,
HD202628,HD202628,6,A002_Xd64dca_X410,23.7940,230.080755,230.943548,488281.2500,863281250.0,2933.28,,1.06798,5.33999,1.766269e+14,2766.1458,81,fine,4.2012,5.6891,512,425,0.830409,CO(2-1),190.7042,248.02,False,False,searched,
HD202628,HD202628,6,A002_Xd64dca_X410,23.7940,231.559855,233.387980,15625000.0000,1843750000.0,3441.31,,0.120719,0.603602,6.388765e+14,2789.6870,4,coarse,2.6117,4.9908,512,324,0.633528,CO(2-1),1021.8548,1317.76,False,False,searched,
HD202628,HD202628,6,A002_Xd64dca_X410,23.7940,244.558396,246.386521,15625000.0000,1843750000.0,3441.31,,0.132412,0.66207,7.007610e+14,2945.6695,4,coarse,2.8062,4.8652,512,238,0.465887,CS(5-4),184.8964,225.81,False,False,searched,
HD202628,HD202628,6,A002_Xd64dca_X410,23.7940,246.558172,248.386297,15625000.0000,1843750000.0,3441.31,,0.154878,0.774403,8.196593e+14,2969.6668,4,coarse,2.2242,4.4369,512,465,0.908382,CS(5-4),2778.4221,3365.83,False,False,searched,
HD202628,HD202628,6,A002_Xd64dca_X820,23.7940,230.080684,230.943477,488281.2500,863281250.0,2933.28,,1.11476,5.57389,1.843634e+14,2766.1450,81,fine,4.4351,5.4659,512,264,0.516569,CO(2-1),-313.2734,-407.43,False,False,searched,
HD202628,HD202628,6,A002_Xd64dca_X820,23.7940,231.559785,233.387910,15625000.0000,1843750000.0,3441.31,,0.127034,0.635182,6.723022e+14,2789.6862,4,coarse,2.6785,4.7724,512,283,0.553606,CO(2-1),1881.1604,2425.90,False,False,searched,
HD202628,HD202628,6,A002_Xd64dca_X820,23.7940,244.558323,246.386448,15625000.0000,1843750000.0,3441.31,,0.139478,0.697401,7.381568e+14,2945.6686,4,coarse,3.4082,4.7126,512,56,0.111111,CS(5-4),12.9481,15.81,False,False,searched,
HD202628,HD202628,6,A002_Xd64dca_X820,23.7940,246.558098,248.386223,15625000.0000,1843750000.0,3441.31,,0.161773,0.808878,8.561489e+14,2969.6659,4,coarse,3.0513,4.6702,512,143,0.280702,CS(5-4),1825.2231,2211.11,False,False,searched,
HD202628,HD202628,6,A002_Xd659d4_X211,23.7940,230.080939,230.943732,488281.2500,863281250.0,2933.28,,1.33529,6.67655,2.208352e+14,2766.1480,81,fine,4.2557,5.6416,512,391,0.764133,CO(2-1),-93.2917,-121.33,False,False,searched,
HD202628,HD202628,6,A002_Xd659d4_X211,23.7940,231.560034,233.388159,15625000.0000,1843750000.0,3441.31,,0.153372,0.766874,8.116902e+14,2789.6892,4,coarse,3.3986,4.2610,512,46,0.091618,CO(2-1),1631.4086,2103.82,False,False,searched,
HD202628,HD202628,6,A002_Xd659d4_X211,23.7940,244.558585,246.386710,15625000.0000,1843750000.0,3441.31,,0.169233,0.846181,8.956312e+14,2945.6718,4,coarse,2.4533,4.8171,512,394,0.769981,CS(5-4),856.9602,1046.59,False,False,searched,
HD202628,HD202628,6,A002_Xd659d4_X211,23.7940,246.558362,248.386487,15625000.0000,1843750000.0,3441.31,,0.194378,0.971908,1.028706e+15,2969.6691,4,coarse,2.1719,5.0107,512,484,0.945419,CS(5-4),2794.2374,3384.99,False,False,searched,
HD 31392,HD 31392,6,A002_X128b034_X187cc,25.7602,229.651114,231.376700,976562.5000,1726562500.0,2963.52,,12.597,62.9851,4.883668e+15,2766.1669,42,fine,4.2252,5.3197,512,288,0.563353,CO(2-1),-863.4482,-1122.95,False,False,searched,
HD 31392,HD 31392,6,A002_X128b034_X187cc,25.7602,232.057845,233.885970,15625000.0000,1843750000.0,3640.90,,2.25291,11.2646,1.397470e+16,2795.6629,4,coarse,2.8319,4.3771,512,206,0.403509,CO(2-1),2894.8448,3725.14,False,False,searched,
HD 31392,HD 31392,6,A002_X128b034_X187cc,25.7602,244.057845,245.885970,15625000.0000,1843750000.0,3640.90,,2.36829,11.8415,1.469040e+16,2939.6629,4,coarse,2.2265,4.9613,512,487,0.951267,CS(5-4),903.0948,1105.19,False,False,searched,
HD 31392,HD 31392,6,A002_X128b034_X187cc,25.7602,246.057845,247.885970,15625000.0000,1843750000.0,3640.90,,2.56813,12.8407,1.593000e+16,2963.6629,4,coarse,3.4262,4.6767,512,36,0.072125,CS(5-4),1559.3448,1892.85,False,False,searched,
HD 31392,HD 31392,6,A002_X1294347_X1af7f,25.7602,229.653576,231.379162,976562.5000,1726562500.0,2963.52,,12.0083,60.0413,4.655421e+15,2766.1964,42,fine,4.3453,5.3520,512,224,0.438596,CO(2-1),-452.7832,-588.86,False,False,searched,
HD 31392,HD 31392,6,A002_X1294347_X1af7f,25.7602,232.060307,233.888432,15625000.0000,1843750000.0,3640.90,,2.13997,10.6999,1.327415e+16,2795.6924,4,coarse,2.6948,3.9379,512,274,0.536062,CO(2-1),2944.1817,3788.59,False,False,searched,
HD 31392,HD 31392,6,A002_X1294347_X1af7f,25.7602,244.060307,245.888432,15625000.0000,1843750000.0,3640.90,,2.22638,11.1319,1.381016e+16,2939.6924,4,coarse,2.8626,4.0626,512,178,0.348928,CS(5-4),671.1817,821.37,False,False,searched,
HD 31392,HD 31392,6,A002_X1294347_X1af7f,25.7602,246.060307,247.888432,15625000.0000,1843750000.0,3640.90,,2.44767,12.2384,1.518280e+16,2963.6924,4,coarse,2.7310,4.4292,512,266,0.520468,CS(5-4),1171.1817,1421.65,False,False,searched,
HD 31392,HD 31392,6,A002_X1294347_X1b730,25.7602,229.653524,231.379110,976562.5000,1726562500.0,2963.52,,12.2732,61.3661,4.758140e+15,2766.1958,42,fine,4.3768,5.5082,512,193,0.378168,CO(2-1),664.3518,864.01,False,False,searched,
HD 31392,HD 31392,6,A002_X1294347_X1b730,25.7602,232.060254,233.888379,15625000.0000,1843750000.0,3640.90,,2.19158,10.9579,1.359430e+16,2795.6918,4,coarse,2.7429,4.2018,512,270,0.528265,CO(2-1),1803.5041,2320.76,False,False,searched,
HD 31392,HD 31392,6,A002_X1294347_X1b730,25.7602,244.060254,245.888379,15625000.0000,1843750000.0,3640.90,,2.30076,11.5038,1.427155e+16,2939.6918,4,coarse,2.4710,4.5574,512,382,0.746589,CS(5-4),-766.3709,-937.86,False,False,searched,
HD 31392,HD 31392,6,A002_X1294347_X1b730,25.7602,246.060254,247.888379,15625000.0000,1843750000.0,3640.90,,2.52713,12.6357,1.567572e+16,2963.6918,4,coarse,2.2245,4.2857,512,485,0.947368,CS(5-4),1202.3791,1459.52,False,False,searched,
HD 31392,HD 31392,6,A002_X1294347_X5c2e,25.7602,229.653127,231.378713,976562.5000,1726562500.0,2963.52,,11.0824,55.4123,4.296498e+15,2766.1910,42,fine,4.4869,5.5484,512,111,0.218324,CO(2-1),-776.4743,-1009.83,False,False,searched,
HD 31392,HD 31392,6,A002_X1294347_X5c2e,25.7602,232.059858,233.887983,15625000.0000,1843750000.0,3640.90,,1.95959,9.79795,1.215524e+16,2795.6870,4,coarse,2.0358,3.9715,512,500,0.976608,CO(2-1),2693.7327,3466.31,False,False,searched,
HD 31392,HD 31392,6,A002_X1294347_X5c2e,25.7602,244.059858,245.887983,15625000.0000,1843750000.0,3640.90,,2.04401,10.22,1.267890e+16,2939.6870,4,coarse,2.6098,4.7812,512,341,0.666667,CS(5-4),420.7327,514.88,False,False,searched,
HD 31392,HD 31392,6,A002_X1294347_X5c2e,25.7602,246.059858,247.887983,15625000.0000,1843750000.0,3640.90,,2.25738,11.2869,1.400246e+16,2963.6870,4,coarse,2.1736,4.5043,512,491,0.959064,CS(5-4),1264.4827,1534.91,False,False,searched,
HD 31392,HD 31392,6,A002_X129691d_X6985,25.7602,229.653731,231.379317,976562.5000,1726562500.0,2963.52,,13.7234,68.6172,5.320367e+15,2766.1983,42,fine,4.3715,5.7794,512,175,0.343080,CO(2-1),-114.7381,-149.22,False,False,searched,
HD 31392,HD 31392,6,A002_X129691d_X6985,25.7602,232.060461,233.888586,15625000.0000,1843750000.0,3640.90,,2.42393,12.1197,1.503556e+16,2795.6943,4,coarse,2.9186,4.4389,512,177,0.346979,CO(2-1),2834.9611,3648.04,False,False,searched,
HD 31392,HD 31392,6,A002_X129691d_X6985,25.7602,244.060461,245.888586,15625000.0000,1843750000.0,3640.90,,2.53388,12.6694,1.571759e+16,2939.6943,4,coarse,3.7977,5.1426,512,15,0.031189,CS(5-4),-109.9139,-134.51,False,False,searched,
HD 31392,HD 31392,6,A002_X129691d_X6985,25.7602,246.060461,247.888586,15625000.0000,1843750000.0,3640.90,,2.78856,13.9428,1.729732e+16,2963.6943,4,coarse,3.3062,4.5218,512,83,0.163743,CS(5-4),2483.8361,3015.03,False,False,searched,
HD 31392,HD 31392,6,A002_X129754b_X6946,25.7602,229.653946,231.379532,976562.5000,1726562500.0,2963.52,,13.3073,66.5364,5.159029e+15,2766.2009,42,fine,5.2887,5.8110,512,6,0.013645,CO(2-1),661.8448,860.74,True,False,searched,
HD 31392,HD 31392,6,A002_X129754b_X6946,25.7602,232.060677,233.888802,15625000.0000,1843750000.0,3640.90,,2.36297,11.8148,1.465738e+16,2795.6969,4,coarse,2.4374,4.4520,512,383,0.748538,CO(2-1),3147.6768,4050.44,False,False,searched,
HD 31392,HD 31392,6,A002_X129754b_X6946,25.7602,244.060677,245.888802,15625000.0000,1843750000.0,3640.90,,2.48563,12.4282,1.541828e+16,2939.6969,4,coarse,2.8785,4.5839,512,230,0.450292,CS(5-4),249.6768,305.55,False,False,searched,
HD 31392,HD 31392,6,A002_X129754b_X6946,25.7602,246.060677,247.888802,15625000.0000,1843750000.0,3640.90,,2.71461,13.5731,1.683865e+16,2963.6969,4,coarse,2.7242,4.5988,512,279,0.545809,CS(5-4),1468.4268,1782.46,False,False,searched,
HD 31392,HD 31392,6,A002_X129754b_X70a9,25.7602,229.653877,231.379462,976562.5000,1726562500.0,2963.52,,14.4577,72.2885,5.605030e+15,2766.2000,43,fine,4.2155,5.2923,512,317,0.619883,CO(2-1),54.3531,70.69,False,False,searched,
HD 31392,HD 31392,6,A002_X129754b_X70a9,25.7602,232.060607,233.888732,15625000.0000,1843750000.0,3640.90,,2.59212,12.9606,1.607880e+16,2795.6960,4,coarse,2.2384,4.7278,512,472,0.922027,CO(2-1),2710.1070,3487.37,False,False,searched,
HD 31392,HD 31392,6,A002_X129754b_X70a9,25.7602,244.060607,245.888732,15625000.0000,1843750000.0,3640.90,,2.74885,13.7443,1.705100e+16,2939.6960,4,coarse,2.8412,5.4639,512,212,0.415205,CS(5-4),-47.2680,-57.85,False,False,searched,
HD 31392,HD 31392,6,A002_X129754b_X70a9,25.7602,246.060607,247.888732,15625000.0000,1843750000.0,3640.90,,2.97326,14.8663,1.844305e+16,2963.6960,4,coarse,3.1554,4.7499,512,123,0.241715,CS(5-4),2858.9820,3470.40,False,False,searched,
HD 31392,HD 31392,6,A002_X12b3da5_X2f34,25.7602,229.661899,231.387485,976562.5000,1726562500.0,2963.52,,13.3163,66.5815,5.162526e+15,2766.2963,42,fine,4.5779,5.3690,512,72,0.142300,CO(2-1),79.9537,103.98,False,False,searched,
HD 31392,HD 31392,6,A002_X12b3da5_X2f34,25.7602,232.068629,233.896754,15625000.0000,1843750000.0,3640.90,,2.3898,11.949,1.482381e+16,2795.7923,4,coarse,2.5055,4.5298,512,364,0.711501,CO(2-1),1968.1295,2532.51,False,False,searched,
HD 31392,HD 31392,6,A002_X12b3da5_X2f34,25.7602,244.068629,245.896754,15625000.0000,1843750000.0,3640.90,,2.48359,12.418,1.540563e+16,2939.7923,4,coarse,2.3116,4.1475,512,439,0.857700,CS(5-4),-492.3705,-602.53,False,False,searched,
HD 31392,HD 31392,6,A002_X12b3da5_X2f34,25.7602,246.068629,247.896754,15625000.0000,1843750000.0,3640.90,,2.69758,13.4879,1.673299e+16,2963.7923,4,coarse,2.7597,4.1137,512,283,0.553606,CS(5-4),2820.1295,3423.13,False,False,searched,
HD 31392,HD 31392,6,A002_X12b3da5_X4411,25.7602,229.661666,231.387252,976562.5000,1726562500.0,2963.52,,13.2641,66.3208,5.142312e+15,2766.2935,42,fine,4.0333,5.5591,512,436,0.851852,CO(2-1),342.4161,445.31,False,False,searched,
HD 31392,HD 31392,6,A002_X12b3da5_X4411,25.7602,232.068397,233.896522,15625000.0000,1843750000.0,3640.90,,2.39026,11.9513,1.482667e+16,2795.7895,4,coarse,3.0058,4.2393,512,118,0.231969,CO(2-1),2061.6466,2652.84,False,False,searched,
HD 31392,HD 31392,6,A002_X12b3da5_X4411,25.7602,244.068397,245.896522,15625000.0000,1843750000.0,3640.90,,2.46201,12.3101,1.527178e+16,2939.7895,4,coarse,2.0842,4.1993,512,494,0.964912,CS(5-4),-320.7284,-392.49,False,False,searched,
HD 31392,HD 31392,6,A002_X12b3da5_X4411,25.7602,246.068397,247.896522,15625000.0000,1843750000.0,3640.90,,2.69519,13.476,1.671818e+16,2963.7895,4,coarse,2.4325,5.0311,512,422,0.824561,CS(5-4),2163.6466,2626.28,False,False,searched,
CD-57 1054,CD-57 1054,7,A002_Xcf525f_X5aa4,26.8732,333.118539,334.852914,15625000.0000,1750000000.0,1409.18,,0.673975,3.36999,4.549853e+15,4007.8287,3,coarse,2.3442,4.3846,512,376,0.734893,CO(3-2),-11521.2114,-10341.68,False,False,searched,
CD-57 1054,CD-57 1054,7,A002_Xcf525f_X5aa4,26.8732,335.014039,336.748414,15625000.0000,1750000000.0,1409.18,,0.582435,2.91228,3.931885e+15,4030.5747,3,coarse,2.8196,4.0836,512,177,0.346979,CO(3-2),-9297.5864,-8298.61,False,False,searched,
CD-57 1054,CD-57 1054,7,A002_Xcf525f_X5aa4,26.8732,345.123177,346.848275,488281.2500,1725585937.5,1028.16,,3.61603,18.0808,7.628454e+14,4151.8287,45,fine,5.1083,5.7106,512,18,0.037037,CO(3-2),713.8960,618.58,True,False,searched,
CD-57 1054,CD-57 1054,7,A002_Xcf525f_X5aa4,26.8732,347.014039,348.748414,15625000.0000,1750000000.0,1409.18,,0.671572,3.35799,4.533643e+15,4174.5747,3,coarse,2.4810,4.8887,512,314,0.614035,CO(3-2),1593.0386,1372.83,False,False,searched,
LP 353-51,LP 353-51,7,A002_Xd10f82_X706f,27.0991,333.107596,334.935721,15625000.0000,1843750000.0,756.00,,1.02948,5.14774,7.067364e+15,4008.2599,4,coarse,3.3857,4.6626,512,48,0.095517,CO(3-2),-11594.6538,-10406.48,False,False,searched,
LP 353-51,LP 353-51,7,A002_Xd10f82_X706f,27.0991,335.003096,336.831221,15625000.0000,1843750000.0,756.00,,0.892149,4.46106,6.124608e+15,4031.0059,4,coarse,2.9774,4.2056,512,138,0.270955,CO(3-2),-10433.5288,-9311.50,False,False,searched,
LP 353-51,LP 353-51,7,A002_Xd10f82_X706f,27.0991,345.159110,346.884208,488281.2500,1725585937.5,756.00,,5.75494,28.7768,1.234620e+15,4152.2599,75,fine,4.4801,5.6766,512,261,0.510721,CO(3-2),-530.9331,-460.00,False,False,searched,
LP 353-51,LP 353-51,7,A002_Xd10f82_X706f,27.0991,347.003096,348.831221,15625000.0000,1843750000.0,756.00,,1.04829,5.24186,7.196573e+15,4175.0059,4,coarse,2.2333,4.2718,512,460,0.898635,CO(3-2),2113.3462,1821.02,False,False,searched,
LP 353-51,LP 353-51,7,A002_Xd10f82_X7829,27.0991,333.107475,334.935600,15625000.0000,1843750000.0,756.00,,0.931801,4.65932,6.396812e+15,4008.2584,4,coarse,2.4930,4.7551,512,359,0.701754,CO(3-2),-10907.2753,-9789.54,False,False,searched,
LP 353-51,LP 353-51,7,A002_Xd10f82_X7829,27.0991,335.002975,336.831100,15625000.0000,1843750000.0,756.00,,0.812717,4.06387,5.579306e+15,4031.0044,4,coarse,2.6137,4.8858,512,302,0.590643,CO(3-2),-9027.4003,-8056.59,False,False,searched,
LP 353-51,LP 353-51,7,A002_Xd10f82_X7829,27.0991,345.158988,346.884086,488281.2500,1725585937.5,756.00,,4.99188,24.9612,1.070919e+15,4152.2584,75,fine,4.4567,5.9079,512,260,0.508772,CO(3-2),832.7150,721.46,False,False,searched,
LP 353-51,LP 353-51,7,A002_Xd10f82_X7829,27.0991,347.002975,348.831100,15625000.0000,1843750000.0,756.00,,0.934114,4.67092,6.412727e+15,4175.0044,4,coarse,3.0198,4.0324,512,113,0.222222,CO(3-2),1425.7247,1228.52,False,False,searched,
hd107146,hd107146,7,A002_Xb999fd_X148,27.4697,342.250462,343.984837,15625000.0000,1750000000.0,2086.56,,5.46525,27.3263,3.854954e+16,4117.4118,5,coarse,3.0665,4.3646,512,136,0.267057,CO(3-2),-3045.5385,-2660.98,False,False,searched,
hd107146,hd107146,7,A002_Xb999fd_X148,27.4697,344.092739,345.933559,976562.5000,1841796875.0,2086.56,,26.4878,132.439,1.167708e+16,4140.1578,56,fine,4.0904,5.4535,512,427,0.834308,CO(3-2),-1157.3627,-1005.67,False,False,searched,
hd107146,hd107146,7,A002_Xb999fd_X148,27.4697,354.199439,356.039771,488281.2500,1840820312.5,2086.56,,33.3078,166.54,7.341854e+15,4261.4353,113,fine,4.8419,5.7175,512,88,0.173489,CO(3-2),9794.0639,8268.16,False,False,searched,
hd107146,hd107146,7,A002_Xb999fd_X148,27.4697,356.145962,357.880337,15625000.0000,1750000000.0,2086.56,,6.80603,34.0303,4.800684e+16,4284.1578,5,coarse,2.4118,4.2655,512,422,0.824561,CO(3-2),10709.3365,8992.89,False,False,searched,
hd107146,hd107146,7,A002_Xba0af7_X8a66,27.4697,342.256820,343.991195,15625000.0000,1750000000.0,2086.56,,4.97829,24.8916,3.511476e+16,4117.4881,5,coarse,2.7121,4.4245,512,297,0.580897,CO(3-2),-2648.5553,-2314.08,False,False,searched,
hd107146,hd107146,7,A002_Xba0af7_X8a66,27.4697,344.099097,345.939917,976562.5000,1841796875.0,2086.56,,24.0947,120.474,1.062210e+16,4140.2341,56,fine,4.6453,5.3768,512,96,0.189084,CO(3-2),-1251.5904,-1087.53,False,False,searched,
hd107146,hd107146,7,A002_Xba0af7_X8a66,27.4697,354.205889,356.046221,488281.2500,1840820312.5,2086.56,,31.7337,158.669,6.994888e+15,4261.5127,113,fine,4.5406,5.8128,512,310,0.606238,CO(3-2),8920.6311,7530.67,False,False,searched,
hd107146,hd107146,7,A002_Xba0af7_X8a66,27.4697,356.152320,357.886695,15625000.0000,1750000000.0,2086.56,,6.18183,30.9093,4.360405e+16,4284.2341,5,coarse,2.8511,4.3312,512,221,0.432749,CO(3-2),11887.5697,9982.10,False,False,searched,
hd107146,hd107146,7,A002_Xbb9cd7_X40d5,27.4697,342.267245,344.001620,15625000.0000,1750000000.0,3471.55,,0.315191,1.57599,2.223263e+15,4117.6132,5,coarse,3.2940,4.7760,512,82,0.161793,CO(3-2),-1856.8798,-1622.33,False,False,searched,
hd107146,hd107146,7,A002_Xbb9cd7_X40d5,27.4697,344.167140,345.892726,976562.5000,1726562500.0,2963.52,,1.64333,8.21684,7.244734e+14,4140.3592,61,fine,4.6010,5.7366,512,120,0.235867,CO(3-2),-1278.2743,-1110.68,False,False,searched,
hd107146,hd107146,7,A002_Xbb9cd7_X40d5,27.4697,354.274082,355.999180,488281.2500,1725585937.5,2963.52,,2.05974,10.2989,4.540258e+14,4261.6396,123,fine,4.4912,5.7063,512,358,0.699805,CO(3-2),9333.0626,7878.61,False,False,searched,
hd107146,hd107146,7,A002_Xbb9cd7_X40d5,27.4697,356.162745,357.897120,15625000.0000,1750000000.0,3471.55,,0.402965,2.01487,2.842396e+15,4284.3592,5,coarse,3.5708,4.4918,512,36,0.072125,CO(3-2),11772.9952,9885.60,False,False,searched,
hd107146,hd107146,7,A002_Xbe2ed7_X7c91,27.4697,342.231954,343.966329,15625000.0000,1750000000.0,2086.56,,4.84704,24.2352,3.418886e+16,4117.1897,5,coarse,2.9616,4.4873,512,186,0.364522,CO(3-2),-1845.2957,-1612.38,False,False,searched,
hd107146,hd107146,7,A002_Xbe2ed7_X7c91,27.4697,344.074232,345.915052,976562.5000,1841796875.0,2086.56,,24.0204,120.102,1.058934e+16,4139.9357,53,fine,4.3041,5.6318,512,290,0.567251,CO(3-2),-571.3778,-496.51,False,False,searched,
hd107146,hd107146,7,A002_Xbe2ed7_X7c91,27.4697,354.180664,356.020996,488281.2500,1840820312.5,2086.56,,31.0843,155.422,6.851714e+15,4261.2100,107,fine,4.6267,5.9548,512,242,0.473684,CO(3-2),10188.8636,8601.91,False,False,searched,
hd107146,hd107146,7,A002_Xbe2ed7_X7c91,27.4697,356.127454,357.861829,15625000.0000,1750000000.0,2086.56,,6.1295,30.6475,4.323477e+16,4283.9357,5,coarse,3.3503,4.4849,512,48,0.095517,CO(3-2),11972.0793,10053.76,False,False,searched,
hd107146,hd107146,7,A002_Xeba1ac_Xbc74,27.4697,335.606937,337.435062,15625000.0000,1843750000.0,2854.66,,0.307443,1.53722,2.168578e+15,4038.2520,5,coarse,3.4690,4.4175,512,51,0.101365,CO(3-2),-8720.3125,-7768.56,False,False,searched,
hd107146,hd107146,7,A002_Xeba1ac_Xbc74,27.4697,337.502437,339.330562,15625000.0000,1843750000.0,2854.66,,0.267746,1.33874,1.888571e+15,4060.9980,5,coarse,3.0396,5.2427,512,134,0.263158,CO(3-2),-7387.3125,-6544.19,False,False,searched,
hd107146,hd107146,7,A002_Xeba1ac_Xbc74,27.4697,347.606937,349.435062,15625000.0000,1843750000.0,2854.66,,0.291105,1.45553,2.053334e+15,4182.2520,5,coarse,1.9536,4.4680,512,510,0.996101,CO(3-2),2857.8125,2458.25,False,False,searched,
hd107146,hd107146,7,A002_Xeba1ac_Xbc74,27.4697,349.564937,351.393062,15625000.0000,1843750000.0,2854.66,,0.326976,1.63489,2.306359e+15,4205.7480,5,coarse,2.3523,5.1371,512,446,0.871345,CO(3-2),5487.6875,4694.05,False,False,searched,
L 836-122,L 836-122,7,A002_Xcd64ec_X21c9,28.6967,333.132816,334.867191,15625000.0000,1750000000.0,1257.98,,0.548798,2.74541,4.226695e+15,4008.0000,3,coarse,2.6041,4.6272,512,283,0.553606,CO(3-2),-12413.1845,-11141.85,False,False,searched,
L 836-122,L 836-122,7,A002_Xcd64ec_X21c9,28.6967,335.028316,336.762691,15625000.0000,1750000000.0,1257.98,,0.474707,2.37478,3.656092e+15,4030.7460,3,coarse,2.9811,4.5900,512,114,0.224172,CO(3-2),-9892.6845,-8829.39,False,False,searched,
L 836-122,L 836-122,7,A002_Xcd64ec_X21c9,28.6967,345.137454,346.862552,488281.2500,1725585937.5,876.96,,2.95345,14.7755,7.108615e+14,4152.0000,40,fine,4.1841,5.5547,512,363,0.709552,CO(3-2),947.8995,821.31,False,False,searched,
L 836-122,L 836-122,7,A002_Xcd64ec_X21c9,28.6967,347.028316,348.762691,15625000.0000,1750000000.0,1257.98,,0.550491,2.754,4.239921e+15,4174.7460,3,coarse,2.1853,4.1802,512,442,0.863548,CO(3-2),1872.9405,1613.97,False,False,searched,
HD172555,HD172555,6,A002_Xa68906_X1590,28.7890,217.600338,219.334713,15625000.0000,1750000000.0,453.60,,0.367775,1.83888,2.849292e+15,2621.6103,2,coarse,2.6743,4.7577,512,166,0.325536,H2CO,-324.7873,-445.69,False,False,searched,
HD172555,HD172555,6,A002_Xa68906_X1590,28.7890,220.363563,220.417472,15258.7891,53924560.5,453.60,,17.4301,87.1507,1.318728e+14,2644.6862,372,fine,4.9566,6.1808,512,176,0.345029,13CO(2-1),-22.5131,-30.62,False,False,searched,
HD172555,HD172555,6,A002_Xa68906_X1590,28.7890,230.502480,230.556389,15258.7891,53924560.5,453.60,,16.0529,80.2646,1.214531e+14,2766.3532,389,fine,4.7304,5.8462,512,388,0.758285,CO(2-1),-8.1613,-10.61,False,False,searched,
HD172555,HD172555,6,A002_Xa68906_X1590,28.7890,232.112870,233.847245,15625000.0000,1750000000.0,453.60,,0.377609,1.88805,2.925479e+15,2795.7607,2,coarse,2.7073,4.0737,512,173,0.339181,CO(2-1),3074.8703,3956.66,False,False,searched,
HD172555,HD172555,7,A002_X107376c_X4442,28.7890,328.032897,329.757994,488281.2500,1725585937.5,2721.60,,4.20513,21.0258,1.018095e+15,3946.7453,141,fine,4.4625,5.8030,512,405,0.791423,CO(3-2),-17592.2050,-16035.52,False,False,searched,
HD172555,HD172555,7,A002_X107376c_X4442,28.7890,328.032897,329.757994,488281.2500,1725585937.5,2721.60,,4.20513,21.0258,1.018095e+15,3946.7453,141,fine,4.4625,5.8030,512,405,0.791423,CO(3-2),-17592.2050,-16035.52,False,False,duplicate_row,
HD172555,HD172555,7,A002_X107376c_X4442,28.7890,330.032897,331.757994,488281.2500,1725585937.5,2721.60,,2.57143,12.8573,6.225629e+14,3970.7453,142,fine,4.2214,5.8581,512,493,0.962963,CO(3-2),-14651.2870,-13274.12,False,False,searched,
HD172555,HD172555,7,A002_X107376c_X4442,28.7890,330.032897,331.757994,488281.2500,1725585937.5,2721.60,,2.57143,12.8573,6.225629e+14,3970.7453,142,fine,4.2214,5.8581,512,493,0.962963,CO(3-2),-14651.2870,-13274.12,False,False,duplicate_row,
HD172555,HD172555,7,A002_X107376c_X4442,28.7890,340.074897,341.799994,488281.2500,1725585937.5,2721.60,,1.99524,9.97628,4.830625e+14,4091.2493,146,fine,4.9160,6.0733,512,109,0.214425,CO(3-2),-4016.5136,-3531.79,False,False,searched,
HD172555,HD172555,7,A002_X107376c_X4442,28.7890,340.074897,341.799994,488281.2500,1725585937.5,2721.60,,1.99524,9.97628,4.830625e+14,4091.2493,146,fine,4.9160,6.0733,512,109,0.214425,CO(3-2),-4016.5136,-3531.79,False,False,duplicate_row,
HD172555,HD172555,7,A002_X107376c_X4442,28.7890,342.023383,343.851508,15625000.0000,1843750000.0,3864.67,,0.388861,1.94433,3.012686e+15,4115.2493,6,coarse,3.2153,4.2967,512,104,0.204678,CO(3-2),-1975.7421,-1727.17,False,False,searched,
HD172555,HD172555,7,A002_X107376c_X4442,28.7890,342.023383,343.851508,15625000.0000,1843750000.0,3864.67,,0.388861,1.94433,3.012686e+15,4115.2493,6,coarse,3.2153,4.2967,512,104,0.204678,CO(3-2),-1975.7421,-1727.17,False,False,duplicate_row,
HD161868,HD161868,6,A002_Xcd97a1_X2377,29.7465,226.304678,228.145011,488281.2500,1840820312.5,2177.28,,7.73203,38.6602,1.998559e+15,2726.6981,60,fine,3.9725,5.7560,512,503,0.982456,CO(2-1),-4050.2161,-5343.71,False,False,searched,
HD161868,HD161868,6,A002_Xcd97a1_X2377,29.7465,229.195842,231.036174,488281.2500,1840820312.5,2177.28,,7.34318,36.7159,1.898050e+15,2761.3921,61,fine,4.5897,5.5110,512,170,0.333333,CO(2-1),23.5646,30.70,False,False,searched,
HD161868,HD161868,6,A002_Xcd97a1_X2377,29.7465,242.249721,243.984096,15625000.0000,1750000000.0,2177.28,,1.40099,7.00493,1.158797e+16,2917.4029,3,coarse,2.1932,4.0804,512,413,0.807018,CS(5-4),-2576.9040,-3177.63,False,False,searched,
HD161868,HD161868,6,A002_Xcd97a1_X2377,29.7465,244.249860,245.984235,15625000.0000,1750000000.0,2177.28,,1.44717,7.23585,1.196996e+16,2941.4046,3,coarse,2.8526,4.6514,512,164,0.321637,CS(5-4),954.4851,1167.39,False,False,searched,
HD161868,HD161868,6,A002_Xcd97a1_X2b1e,29.7465,226.304572,228.144904,488281.2500,1840820312.5,2177.28,,8.02517,40.1259,2.074329e+15,2726.6969,60,fine,4.2020,5.7381,512,424,0.828460,CO(2-1),-2873.5644,-3791.28,False,False,searched,
HD161868,HD161868,6,A002_Xcd97a1_X2b1e,29.7465,229.195739,231.036071,488281.2500,1840820312.5,2177.28,,7.14349,35.7175,1.846435e+15,2761.3909,61,fine,4.5516,5.5037,512,183,0.358674,CO(2-1),-1090.7965,-1421.08,False,False,searched,
HD161868,HD161868,6,A002_Xcd97a1_X2b1e,29.7465,242.249612,243.983987,15625000.0000,1750000000.0,2177.28,,1.34699,6.73495,1.114134e+16,2917.4016,3,coarse,2.7130,4.3060,512,178,0.348928,CS(5-4),-1311.3882,-1617.10,False,False,searched,
HD161868,HD161868,6,A002_Xcd97a1_X2b1e,29.7465,244.249750,245.984125,15625000.0000,1750000000.0,2177.28,,1.41485,7.07423,1.170261e+16,2941.4033,3,coarse,2.5557,4.2445,512,240,0.469786,CS(5-4),876.2501,1071.71,False,False,searched,
HD161868,HD161868,6,A002_Xce1e34_X7be,29.7465,226.358202,228.083299,488281.2500,1725585937.5,876.96,,1.26575,6.32875,3.271681e+14,2726.6490,24,fine,3.9276,6.1150,512,432,0.844055,CO(2-1),-3381.4583,-4461.46,False,False,searched,
HD161868,HD161868,6,A002_Xce1e34_X7be,29.7465,229.249474,230.974572,488281.2500,1725585937.5,876.96,,1.26638,6.3319,3.273310e+14,2761.3443,24,fine,4.0066,6.3909,512,394,0.769981,CO(2-1),54.2474,70.67,False,False,searched,
HD161868,HD161868,6,A002_Xce1e34_X7be,29.7465,242.245515,243.979890,15625000.0000,1750000000.0,1130.98,,0.229981,1.14991,1.902241e+15,2917.3524,2,coarse,2.4837,4.1805,512,269,0.526316,CS(5-4),-1971.7355,-2431.43,False,False,searched,
HD161868,HD161868,6,A002_Xce1e34_X7be,29.7465,244.245619,245.979994,15625000.0000,1750000000.0,1130.98,,0.241448,1.20724,1.997089e+15,2941.3537,2,coarse,2.7037,4.1649,512,164,0.321637,CS(5-4),762.7440,932.90,False,False,searched,
HD161868,HD161868,7,A002_Xff294f_X7bf4,29.7465,330.368031,332.208363,488281.2500,1840820312.5,2751.84,,23.5797,117.899,6.094877e+15,3975.4584,123,fine,4.9377,5.8116,512,98,0.192982,CO(3-2),-14866.9341,-13453.53,False,False,searched,
HD161868,HD161868,7,A002_Xff294f_X7bf4,29.7465,332.265936,334.094061,15625000.0000,1843750000.0,2751.84,,3.35597,16.78,2.775848e+16,3998.1600,5,coarse,3.1773,4.9351,512,81,0.159844,CO(3-2),-11905.0641,-10712.07,False,False,searched,
HD161868,HD161868,7,A002_Xff294f_X7bf4,29.7465,342.315329,344.143454,15625000.0000,1843750000.0,2751.84,,3.19314,15.9659,2.641164e+16,4118.7527,5,coarse,2.8831,4.0986,512,173,0.339181,CO(3-2),-3293.1712,-2876.41,False,False,searched,
HD161868,HD161868,7,A002_Xff294f_X7bf4,29.7465,344.201027,346.041359,488281.2500,1840820312.5,2751.84,,20.7583,103.793,5.365615e+15,4141.4543,128,fine,4.4217,5.8674,512,405,0.791423,CO(3-2),-788.3324,-684.79,False,False,searched,
HD161868,HD161868,7,A002_Xff294f_X812c,29.7465,330.367843,332.208175,488281.2500,1840820312.5,2751.84,,23.9861,119.932,6.199944e+15,3975.4561,123,fine,4.5649,5.7365,512,285,0.557505,CO(3-2),-15348.0789,-13888.94,False,False,searched,
HD161868,HD161868,7,A002_Xff294f_X812c,29.7465,332.265751,334.093876,15625000.0000,1843750000.0,2751.84,,3.39702,16.9853,2.809800e+16,3998.1578,5,coarse,2.9615,4.4593,512,171,0.335283,CO(3-2),-12233.3740,-11007.49,False,False,searched,
HD161868,HD161868,7,A002_Xff294f_X812c,29.7465,342.315138,344.143263,15625000.0000,1843750000.0,2751.84,,3.20142,16.0073,2.648017e+16,4118.7504,5,coarse,2.6936,4.4874,512,278,0.543860,CO(3-2),-1777.7367,-1552.76,False,False,searched,
HD161868,HD161868,7,A002_Xff294f_X812c,29.7465,344.200839,346.041171,488281.2500,1840820312.5,2751.84,,20.9157,104.579,5.406287e+15,4141.4521,128,fine,4.4810,5.8600,512,363,0.709552,CO(3-2),-1017.5241,-883.88,False,False,searched,
HD161868,HD161868,7,A002_Xff45a6_X107fe,29.7465,330.368411,332.208743,488281.2500,1840820312.5,2751.84,,19.2153,96.0776,4.966784e+15,3975.4629,123,fine,4.8346,5.6981,512,121,0.237817,CO(3-2),-15354.8347,-13895.03,False,False,searched,
HD161868,HD161868,7,A002_Xff45a6_X107fe,29.7465,332.266311,334.094436,15625000.0000,1843750000.0,2751.84,,2.85405,14.2704,2.360692e+16,3998.1645,5,coarse,2.7579,4.2529,512,242,0.473684,CO(3-2),-13092.1891,-11780.22,False,False,searched,
HD161868,HD161868,7,A002_Xff45a6_X107fe,29.7465,342.315715,344.143840,15625000.0000,1843750000.0,2751.84,,2.81234,14.0618,2.326189e+16,4118.7573,5,coarse,3.2017,4.4564,512,60,0.118908,CO(3-2),-2667.7849,-2330.16,False,False,searched,
HD161868,HD161868,7,A002_Xff45a6_X107fe,29.7465,344.201408,346.041740,488281.2500,1840820312.5,2751.84,,18.554,92.7709,4.795843e+15,4141.4589,128,fine,4.7276,5.7631,512,156,0.306043,CO(3-2),-913.9284,-793.89,False,False,searched,
HD161868,HD161868,7,A002_Xff45a6_X10ca8,29.7465,330.368222,332.208554,488281.2500,1840820312.5,2751.84,,20.4304,102.153,5.280857e+15,3975.4607,123,fine,4.8391,5.8671,512,98,0.192982,CO(3-2),-13920.4534,-12597.02,False,False,searched,
HD161868,HD161868,7,A002_Xff45a6_X10ca8,29.7465,332.266125,334.094250,15625000.0000,1843750000.0,2751.84,,3.00117,15.006,2.482375e+16,3998.1622,5,coarse,2.7675,4.7790,512,273,0.534113,CO(3-2),-11951.7503,-10754.07,False,False,searched,
HD161868,HD161868,7,A002_Xff45a6_X10ca8,29.7465,342.315523,344.143648,15625000.0000,1843750000.0,2751.84,,2.98966,14.9485,2.472861e+16,4118.7550,5,coarse,2.4093,4.6720,512,445,0.869396,CO(3-2),-2527.3518,-2207.50,False,False,searched,
HD161868,HD161868,7,A002_Xff45a6_X10ca8,29.7465,344.201219,346.041551,488281.2500,1840820312.5,2751.84,,19.4143,97.0726,5.018224e+15,4141.4566,128,fine,5.4812,6.1580,512,6,0.013645,CO(3-2),-162.1643,-140.87,True,False,searched,
HD161868,HD161868,7,A002_Xff45a6_X111c3,29.7465,330.368047,332.208379,488281.2500,1840820312.5,2751.84,,45.312,226.562,1.171226e+16,3975.4586,123,fine,4.7157,6.0862,512,159,0.311891,CO(3-2),-14039.2807,-12704.56,False,False,searched,
HD161868,HD161868,7,A002_Xff45a6_X111c3,29.7465,332.265952,334.094077,15625000.0000,1843750000.0,2751.84,,6.68213,33.4109,5.527033e+16,3998.1602,5,coarse,3.0388,4.4295,512,154,0.302144,CO(3-2),-13170.6726,-11850.86,False,False,searched,
HD161868,HD161868,7,A002_Xff45a6_X111c3,29.7465,342.315346,344.143471,15625000.0000,1843750000.0,2751.84,,6.42182,32.1094,5.311724e+16,4118.7529,5,coarse,2.6557,4.6678,512,307,0.600390,CO(3-2),-3418.1543,-2985.57,False,False,searched,
HD161868,HD161868,7,A002_Xff45a6_X111c3,29.7465,344.201044,346.041376,488281.2500,1840820312.5,2751.84,,41.7007,208.506,1.077882e+16,4141.4545,128,fine,4.3354,5.9698,512,436,0.851852,CO(3-2),-1423.5697,-1236.60,False,False,searched,
HD161868,HD161868,7,A002_Xff45a6_X8474,29.7465,330.367943,332.208275,488281.2500,1840820312.5,2751.84,,42.4737,212.371,1.097862e+16,3975.4573,123,fine,4.4291,5.7487,512,371,0.725146,CO(3-2),-15341.6313,-13883.10,False,False,searched,
HD161868,HD161868,7,A002_Xff45a6_X8474,29.7465,332.265849,334.093974,15625000.0000,1843750000.0,2751.84,,6.11042,30.5524,5.054150e+16,3998.1589,5,coarse,3.2273,3.9845,512,68,0.134503,CO(3-2),-11967.6505,-10768.39,False,False,searched,
HD161868,HD161868,7,A002_Xff45a6_X8474,29.7465,342.315240,344.143365,15625000.0000,1843750000.0,2751.84,,5.58827,27.9416,4.622263e+16,4118.7516,5,coarse,2.5836,4.1171,512,338,0.660819,CO(3-2),-2246.3853,-1962.10,False,False,searched,
HD161868,HD161868,7,A002_Xff45a6_X8474,29.7465,344.200939,346.041271,488281.2500,1840820312.5,2751.84,,35.8209,179.106,9.258996e+15,4141.4533,128,fine,4.3852,5.9917,512,428,0.836257,CO(3-2),116.8532,101.51,False,False,searched,
HD161868,HD161868,7,A002_Xff699e_X7543,29.7465,330.368406,332.208738,488281.2500,1840820312.5,2751.84,,33.875,169.377,8.756023e+15,3975.4629,123,fine,4.8520,5.6670,512,137,0.269006,CO(3-2),-13758.6491,-12450.59,False,False,searched,
HD161868,HD161868,7,A002_Xff699e_X7543,29.7465,332.266305,334.094430,15625000.0000,1843750000.0,2751.84,,4.90657,24.5331,4.058405e+16,3998.1644,5,coarse,3.2841,4.6980,512,84,0.165692,CO(3-2),-11764.0697,-10585.20,False,False,searched,
HD161868,HD161868,7,A002_Xff699e_X7543,29.7465,342.315709,344.143834,15625000.0000,1843750000.0,2751.84,,4.54837,22.7421,3.762129e+16,4118.7573,5,coarse,3.4235,4.3018,512,34,0.068226,CO(3-2),-1902.1658,-1661.44,False,False,searched,
HD161868,HD161868,7,A002_Xff699e_X7543,29.7465,344.201402,346.041734,488281.2500,1840820312.5,2751.84,,29.6953,148.478,7.675641e+15,4141.4588,128,fine,4.8644,5.8443,512,87,0.171540,CO(3-2),179.3276,155.77,False,False,searched,
HD161868,HD161868,7,A002_Xff699e_Xd7,29.7465,330.368390,332.208722,488281.2500,1840820312.5,2751.84,,20.6458,103.23,5.336528e+15,3975.4627,123,fine,4.3604,5.8174,512,446,0.871345,CO(3-2),-14326.5357,-12964.49,False,False,searched,
HD161868,HD161868,7,A002_Xff699e_Xd7,29.7465,332.266290,334.094415,15625000.0000,1843750000.0,2751.84,,3.03938,15.1971,2.513987e+16,3998.1642,5,coarse,3.3841,4.4505,512,66,0.130604,CO(3-2),-12748.4600,-11470.94,False,False,searched,
HD161868,HD161868,7,A002_Xff699e_Xd7,29.7465,342.315693,344.143818,15625000.0000,1843750000.0,2751.84,,2.98456,14.9229,2.468640e+16,4118.7571,5,coarse,3.0937,4.1964,512,101,0.198830,CO(3-2),-1917.8065,-1675.10,False,False,searched,
HD161868,HD161868,7,A002_Xff699e_Xd7,29.7465,344.201386,346.041718,488281.2500,1840820312.5,2751.84,,19.5161,97.5815,5.044533e+15,4141.4586,128,fine,4.8345,6.3211,512,137,0.269006,CO(3-2),-166.8793,-144.96,False,False,searched,
HD161868,HD161868,7,A002_Xff81e8_X734e,29.7465,330.368964,332.209296,488281.2500,1840820312.5,786.24,,40.5127,202.565,1.047172e+16,3975.4696,32,fine,4.2933,5.8355,512,267,0.522417,CO(3-2),-14698.0316,-13300.64,False,False,searched,
HD161868,HD161868,7,A002_Xff81e8_X734e,29.7465,332.266856,334.094981,15625000.0000,1843750000.0,786.24,,5.83172,29.1588,4.823626e+16,3998.1710,2,coarse,2.4446,3.8618,512,299,0.584795,CO(3-2),-11732.2692,-10556.56,False,False,searched,
HD161868,HD161868,7,A002_Xff81e8_X734e,29.7465,342.316276,344.144401,15625000.0000,1843750000.0,786.24,,5.66455,28.323,4.685356e+16,4118.7641,2,coarse,1.7657,5.2159,512,501,0.978558,CO(3-2),-2729.7237,-2384.26,False,False,searched,
HD161868,HD161868,7,A002_Xff81e8_X734e,29.7465,344.201961,346.042293,488281.2500,1840820312.5,786.24,,37.0603,185.303,9.579364e+15,4141.4655,33,fine,4.5085,5.4388,512,125,0.245614,CO(3-2),-901.6566,-783.23,False,False,searched,
51 Eri,51 Eri,6,A002_Xb95160_X3e24,29.9052,214.525853,216.260228,15625000.0000,1750000000.0,1282.18,,0.231576,1.15789,1.935927e+15,2584.7165,2,coarse,2.1243,4.3050,512,426,0.832359,SiO(5-4),-1766.6471,-2458.89,False,False,searched,
51 Eri,51 Eri,6,A002_Xb95160_X3e24,29.9052,217.025772,218.760147,15625000.0000,1750000000.0,1282.18,,0.236845,1.18423,1.979974e+15,2614.7155,2,coarse,2.2322,3.9580,512,383,0.748538,H2CO,397.5221,546.94,False,False,searched,
51 Eri,51 Eri,6,A002_Xb95160_X3e24,29.9052,229.611046,231.439171,15625000.0000,1843750000.0,24.19,,0.000595588,0.00297795,4.978982e+12,2766.3013,2,coarse,2.5419,4.2052,512,246,0.481481,CO(2-1),-83.2045,-108.21,False,False,noise_defect,
51 Eri,51 Eri,6,A002_Xb95160_X3e24,29.9052,229.662803,231.387413,1953125.0000,1726562500.0,1028.16,,1.04724,5.23623,1.094341e+15,2766.3013,8,fine,3.9026,4.9706,512,136,0.267057,CO(2-1),-201.3685,-261.88,False,False,searched,
51 Eri,51 Eri,6,A002_Xb95160_X3e24,29.9052,231.637421,233.371796,15625000.0000,1750000000.0,1282.18,,0.247882,1.23941,2.072238e+15,2790.0553,2,coarse,3.7055,4.6330,512,10,0.021442,CO(2-1),2505.6705,3230.82,False,False,searched,
kap CrB,kap CrB,6,A002_Xe48598_Xff51,29.9911,214.610014,216.438139,15625000.0000,1843750000.0,3471.55,,0.212557,1.06279,1.787150e+15,2586.2889,4,coarse,3.8277,4.2221,512,10,0.021442,SiO(5-4),-2479.3607,-3448.77,False,False,searched,
kap CrB,kap CrB,6,A002_Xe48598_Xff51,29.9911,214.610014,216.438139,15625000.0000,1843750000.0,3471.55,,0.212557,1.06279,1.787150e+15,2586.2889,4,coarse,3.8277,4.2221,512,10,0.021442,SiO(5-4),-2479.3607,-3448.77,False,False,duplicate_row,
kap CrB,kap CrB,6,A002_Xe48598_Xff51,29.9911,216.610014,218.438139,15625000.0000,1843750000.0,3471.55,,0.254844,1.27422,2.142694e+15,2610.2889,4,coarse,2.0758,4.3849,512,488,0.953216,SiO(5-4),489.3893,674.48,False,False,searched,
kap CrB,kap CrB,6,A002_Xe48598_Xff51,29.9911,216.610014,218.438139,15625000.0000,1843750000.0,3471.55,,0.254844,1.27422,2.142694e+15,2610.2889,4,coarse,2.0758,4.3849,512,488,0.953216,SiO(5-4),489.3893,674.48,False,False,duplicate_row,
kap CrB,kap CrB,6,A002_Xe48598_Xff51,29.9911,227.610014,229.438139,15625000.0000,1843750000.0,3471.55,,0.249234,1.24617,2.095527e+15,2742.2889,4,coarse,2.5231,4.7681,512,361,0.705653,CO(2-1),-2802.9857,-3677.14,False,False,searched,
kap CrB,kap CrB,6,A002_Xe48598_Xff51,29.9911,227.610014,229.438139,15625000.0000,1843750000.0,3471.55,,0.249234,1.24617,2.095527e+15,2742.2889,4,coarse,2.5231,4.7681,512,361,0.705653,CO(2-1),-2802.9857,-3677.14,False,False,duplicate_row,
kap CrB,kap CrB,6,A002_Xe48598_Xff51,29.9911,229.703284,231.428870,976562.5000,1726562500.0,2963.52,,1.21707,6.08536,6.395598e+14,2766.7929,40,fine,4.2861,5.5322,512,257,0.502924,CO(2-1),-120.8490,-157.13,False,False,searched,
kap CrB,kap CrB,6,A002_Xe48598_Xff51,29.9911,229.703284,231.428870,976562.5000,1726562500.0,2963.52,,1.21707,6.08536,6.395598e+14,2766.7929,40,fine,4.2861,5.5322,512,257,0.502924,CO(2-1),-120.8490,-157.13,False,False,duplicate_row,
HD 155555C,HD 155555C,7,A002_Xccea8d_X2ff5,30.4116,333.147679,334.882054,15625000.0000,1750000000.0,1778.11,,0.472014,2.36036,4.081205e+15,4008.1784,3,coarse,2.7710,4.1165,512,183,0.358674,CO(3-2),-11054.5715,-9921.95,False,False,searched,
HD 155555C,HD 155555C,7,A002_Xccea8d_X2ff5,30.4116,335.043179,336.777554,15625000.0000,1750000000.0,1778.11,,0.410175,2.05113,3.546533e+15,4030.9244,3,coarse,2.1170,3.9902,512,451,0.881092,CO(3-2),-9299.6965,-8299.77,False,False,searched,
HD 155555C,HD 155555C,7,A002_Xccea8d_X2ff5,30.4116,345.152317,346.877415,488281.2500,1725585937.5,1270.08,,2.55671,12.7853,6.908276e+14,4152.1784,57,fine,4.1704,5.7123,512,427,0.834308,CO(3-2),110.7117,95.92,False,False,searched,
HD 155555C,HD 155555C,7,A002_Xccea8d_X2ff5,30.4116,347.043179,348.777554,15625000.0000,1750000000.0,1778.11,,0.473866,2.36965,4.097265e+15,4174.9244,3,coarse,2.8663,4.4911,512,140,0.274854,CO(3-2),2762.8035,2380.69,False,False,searched,
2MASS J05241914-1601153 551040,2MASS J05241914-1601153 551040,7,A002_Xcf749a_X4871,30.9854,333.127085,334.861460,15625000.0000,1750000000.0,876.96,,0.459087,2.30236,4.132550e+15,4007.9313,4,coarse,3.0494,4.1941,512,110,0.216374,CO(3-2),-12434.5401,-11161.21,False,False,searched,
2MASS J05241914-1601153 551040,2MASS J05241914-1601153 551040,7,A002_Xcf749a_X4871,30.9854,335.022585,336.756960,15625000.0000,1750000000.0,876.96,,0.402157,2.01692,3.620212e+15,4030.6773,4,coarse,2.6111,4.5744,512,301,0.588694,CO(3-2),-10210.9151,-9113.57,False,False,searched,
2MASS J05241914-1601153 551040,2MASS J05241914-1601153 551040,7,A002_Xcf749a_X4871,30.9854,347.022585,348.756960,15625000.0000,1750000000.0,876.96,,0.496859,2.49242,4.473706e+15,4174.6773,4,coarse,2.2023,4.3481,512,456,0.890838,CO(3-2),1789.0849,1541.74,False,False,searched,
WD0346-011,WD0346-011,6,A002_Xe50c9e_X17ab,31.0396,223.085938,224.914062,15625000.0000,1843750000.0,647.14,,0.300604,1.50302,2.707255e+15,2688.0000,2,coarse,2.5933,4.2601,512,235,0.460039,13CO(2-1),3015.0625,4035.24,False,False,searched,
WD0346-011,WD0346-011,6,A002_Xe50c9e_X17ab,31.0396,225.085938,226.914062,15625000.0000,1843750000.0,647.14,,0.282003,1.41002,2.539731e+15,2712.0000,2,coarse,2.3969,4.4134,512,324,0.633528,CO(2-1),-4155.1875,-5511.92,False,False,searched,
WD0346-011,WD0346-011,6,A002_Xe50c9e_X17ab,31.0396,239.085938,240.914063,15625000.0000,1843750000.0,647.14,,0.309889,1.54945,2.790876e+15,2880.0000,2,coarse,2.2306,4.4421,512,398,0.777778,CS(5-4),-5850.0625,-7307.52,False,False,searched,
WD0346-011,WD0346-011,6,A002_Xe50c9e_X17ab,31.0396,241.085938,242.914063,15625000.0000,1843750000.0,647.14,,0.338568,1.69284,3.049153e+15,2904.0000,2,coarse,2.8702,4.3233,512,114,0.224172,CS(5-4),-3615.6875,-4479.16,False,False,searched,
2MASS J05241914-1601153 717696,2MASS J05241914-1601153 551040,7,A002_Xcf749a_X4871,31.1901,333.127085,334.861460,15625000.0000,1750000000.0,876.96,,0.4605,2.30845,4.198424e+15,4007.9313,4,coarse,2.9201,4.2022,512,183,0.358674,CO(3-2),-11090.7901,-9955.07,False,False,searched,
2MASS J05241914-1601153 717696,2MASS J05241914-1601153 551040,7,A002_Xcf749a_X4871,31.1901,335.022585,336.756960,15625000.0000,1750000000.0,876.96,,0.401222,2.01136,3.658094e+15,4030.6773,4,coarse,2.7681,4.4213,512,220,0.430799,CO(3-2),-10210.9151,-9113.57,False,False,searched,
2MASS J05241914-1601153 717696,2MASS J05241914-1601153 551040,7,A002_Xcf749a_X4871,31.1901,347.022585,348.756960,15625000.0000,1750000000.0,876.96,,0.497143,2.49268,4.533496e+15,4174.6773,4,coarse,2.7180,4.7965,512,250,0.489279,CO(3-2),2351.5849,2026.47,False,False,searched,
UCAC2 20312880,UCAC2 20312880,7,A002_Xcdd033_X85ff,33.7660,333.096699,334.831074,15625000.0000,1750000000.0,1257.98,,0.57702,2.89082,6.161858e+15,4007.5666,3,coarse,2.2711,4.8827,512,426,0.832359,CO(3-2),-11918.0513,-10698.59,False,False,searched,
UCAC2 20312880,UCAC2 20312880,7,A002_Xcdd033_X85ff,33.7660,334.992199,336.726574,15625000.0000,1750000000.0,1257.98,,0.498674,2.49838,5.325347e+15,4030.3126,3,coarse,1.9926,4.5625,512,491,0.959064,CO(3-2),-10538.1763,-9406.51,False,False,searched,
UCAC2 20312880,UCAC2 20312880,7,A002_Xcdd033_X85ff,33.7660,345.101337,346.826435,488281.2500,1725585937.5,876.96,,3.18038,15.9358,1.061483e+15,4151.5666,39,fine,4.5382,5.4153,512,147,0.288499,CO(3-2),-628.7447,-544.83,False,False,searched,
UCAC2 20312880,UCAC2 20312880,7,A002_Xcdd033_X85ff,33.7660,346.992199,348.726574,15625000.0000,1750000000.0,1257.98,,0.601185,3.0124,6.421000e+15,4174.3126,3,coarse,2.5007,4.5521,512,326,0.637427,CO(3-2),1758.6987,1515.68,False,False,searched,
HR 2562,HR 2562,7,A002_Xcd64ec_X9149,33.9284,335.627387,337.361762,15625000.0000,1750000000.0,2358.72,,0.349181,1.74594,3.757394e+15,4037.9349,4,coarse,2.8994,4.2932,512,195,0.382066,CO(3-2),-8902.9875,-7931.92,False,False,searched,
HR 2562,HR 2562,7,A002_Xcd64ec_X9149,33.9284,337.564887,339.299262,15625000.0000,1750000000.0,2358.72,,0.315401,1.57704,3.393906e+15,4061.1849,4,coarse,2.2036,5.1655,512,480,0.937622,CO(3-2),-8012.3625,-7097.57,False,False,searched,
HR 2562,HR 2562,7,A002_Xcd64ec_X9149,33.9284,347.627387,349.361762,15625000.0000,1750000000.0,2358.72,,0.340524,1.70266,3.664252e+15,4181.9349,4,coarse,3.3977,4.8410,512,44,0.087719,CO(3-2),2331.3875,2005.58,False,False,searched,
HR 2562,HR 2562,7,A002_Xcd64ec_X9149,33.9284,349.627387,351.361762,15625000.0000,1750000000.0,2358.72,,0.386435,1.93222,4.158282e+15,4205.9349,4,coarse,2.8430,4.7717,512,205,0.401559,CO(3-2),5300.1375,4533.43,False,False,searched,
TWA 7,TWA 7,7,A002_Xb77b17_X3940,34.0975,333.512585,335.246960,15625000.0000,1750000000.0,2896.99,,0.401177,2.62708,5.710176e+15,4012.5573,5,coarse,2.4756,4.9174,512,395,0.771930,CO(3-2),-11470.9146,-10284.40,False,False,searched,
TWA 7,TWA 7,7,A002_Xb77b17_X3940,34.0975,335.403544,337.137919,15625000.0000,1750000000.0,2896.99,,0.357419,2.34771,5.102935e+15,4035.2488,5,coarse,3.2139,4.7367,512,98,0.192982,CO(3-2),-8720.5806,-7774.58,False,False,searched,
TWA 7,TWA 7,7,A002_Xb77b17_X3940,34.0975,345.464908,347.293033,15625000.0000,1843750000.0,48.38,,0.000533973,0.00356629,7.751617e+12,4156.5477,4,coarse,3.1398,4.7170,512,104,0.204678,CO(3-2),965.7834,835.89,False,False,noise_defect,
TWA 7,TWA 7,7,A002_Xb77b17_X3940,34.0975,345.547794,346.410343,244140.6250,862792968.8,2388.96,,3.26187,21.7708,7.393835e+14,4151.7488,215,fine,4.7169,5.9033,512,279,0.545809,CO(3-2),62.3410,54.02,False,False,searched,
TWA 7,TWA 7,7,A002_Xb77b17_X3940,34.0975,347.511739,349.246114,15625000.0000,1750000000.0,2896.99,,0.421547,2.82488,6.140103e+15,4180.5471,5,coarse,3.1147,4.3767,512,118,0.231969,CO(3-2),2012.6136,1731.93,False,False,searched,
TWA 7,TWA 7,7,A002_Xb825df_X2265,34.0975,333.518613,335.252988,15625000.0000,1750000000.0,3024.00,,0.410616,2.69004,5.847022e+15,4012.6296,5,coarse,3.2043,4.5120,512,107,0.210526,CO(3-2),-12277.3869,-11007.25,False,False,searched,
TWA 7,TWA 7,7,A002_Xb825df_X2265,34.0975,335.409698,337.144073,15625000.0000,1750000000.0,3024.00,,0.354213,2.32765,5.059343e+15,4035.3226,5,coarse,3.7053,4.3351,512,24,0.048733,CO(3-2),-9448.8021,-8423.65,False,False,searched,
TWA 7,TWA 7,7,A002_Xb825df_X2265,34.0975,345.471152,347.299277,15625000.0000,1843750000.0,60.48,,0.000476363,0.00318298,6.918463e+12,4156.6226,4,coarse,2.1139,4.7438,512,493,0.962963,CO(3-2),-293.5976,-254.11,False,False,noise_defect,
TWA 7,TWA 7,7,A002_Xb825df_X2265,34.0975,345.554038,346.416587,244140.6250,862792968.8,2388.96,,3.13774,20.9519,7.115719e+14,4151.8238,223,fine,4.1285,6.1420,512,512,1.000000,CO(3-2),545.6358,472.79,False,False,searched,
TWA 7,TWA 7,7,A002_Xb825df_X2265,34.0975,347.518019,349.252394,15625000.0000,1750000000.0,3024.00,,0.424003,2.84265,6.178736e+15,4180.6225,5,coarse,3.1978,4.2176,512,90,0.177388,CO(3-2),2675.1436,2302.01,False,False,searched,
WD 0407179,WD 0407179,6,A002_Xb25e1a_Xed74,34.1102,215.199158,216.933533,15625000.0000,1750000000.0,60.48,,1.31817,6.59399,1.434325e+16,2592.7961,2,coarse,2.6989,3.9233,512,173,0.339181,SiO(5-4),-874.5921,-1213.50,False,False,searched,
WD 0407179,WD 0407179,6,A002_Xb25e1a_Xed74,34.1102,217.092573,218.826948,15625000.0000,1750000000.0,60.48,,1.3257,6.63173,1.442535e+16,2615.5171,2,coarse,2.8794,4.4825,512,112,0.220273,H2CO,573.6984,789.09,False,False,searched,
WD 0407179,WD 0407179,6,A002_Xb25e1a_Xed74,34.1102,229.264212,230.989310,488281.2500,1725585937.5,60.48,,8.10674,40.5556,2.756769e+15,2761.5211,3,fine,3.9352,5.2529,512,148,0.290448,CO(2-1),-33.0653,-43.08,False,False,searched,
WD 0407179,WD 0407179,6,A002_Xb25e1a_Xed74,34.1102,231.592573,233.326948,15625000.0000,1750000000.0,60.48,,1.36377,6.82258,1.484049e+16,2789.5171,2,coarse,2.8568,4.1542,512,115,0.226121,CO(2-1),1710.8234,2206.37,False,False,searched,
UCAC3 176-23654,UCAC3 176-23654,7,A002_Xd12f5c_Xd7c6,34.3459,333.148162,334.882537,15625000.0000,1750000000.0,725.76,,0.501677,2.50852,5.532210e+15,4008.1842,3,coarse,3.1666,4.2849,512,72,0.142300,CO(3-2),-12522.8379,-11239.76,False,False,searched,
UCAC3 176-23654,UCAC3 176-23654,7,A002_Xd12f5c_Xd7c6,34.3459,335.043662,336.778037,15625000.0000,1750000000.0,725.76,,0.440695,2.2036,4.859745e+15,4030.9302,3,coarse,2.5081,4.2228,512,328,0.641326,CO(3-2),-10408.5879,-9289.42,False,False,searched,
UCAC3 176-23654,UCAC3 176-23654,7,A002_Xd12f5c_Xd7c6,34.3459,345.152801,346.877898,488281.2500,1725585937.5,725.76,,2.73334,13.6675,9.419332e+14,4152.1842,61,fine,4.6622,5.7033,512,115,0.226121,CO(3-2),542.3477,469.90,False,False,searched,
UCAC3 176-23654,UCAC3 176-23654,7,A002_Xd12f5c_Xd7c6,34.3459,347.043662,348.778037,15625000.0000,1750000000.0,725.76,,0.529353,2.64692,5.837443e+15,4174.9302,3,coarse,2.4225,4.3426,512,336,0.656920,CO(3-2),2950.7871,2542.67,False,False,searched,
GJ 2006B,GJ 2006A,7,A002_Xcdb7b8_Xfb16,34.9764,333.150967,334.885342,15625000.0000,1750000000.0,1257.98,,0.397526,2.0206,4.621273e+15,4008.2178,4,coarse,2.2646,4.3953,512,450,0.879142,CO(3-2),-12645.0334,-11349.34,False,False,searched,
GJ 2006B,GJ 2006A,7,A002_Xcdb7b8_Xfb16,34.9764,335.046467,336.780842,15625000.0000,1750000000.0,1257.98,,0.346018,1.75912,4.023242e+15,4030.9638,4,coarse,2.7956,4.2641,512,192,0.376218,CO(3-2),-9718.2834,-8673.26,False,False,searched,
GJ 2006B,GJ 2006A,7,A002_Xcdb7b8_Xfb16,34.9764,345.155605,346.880703,488281.2500,1725585937.5,876.96,,2.21096,11.2517,8.041728e+14,4152.2178,69,fine,4.2213,5.4654,512,432,0.844055,CO(3-2),337.6326,292.53,False,False,searched,
GJ 2006B,GJ 2006A,7,A002_Xcdb7b8_Xfb16,34.9764,347.046467,348.780842,15625000.0000,1750000000.0,1257.98,,0.420264,2.13916,4.892433e+15,4174.9638,4,coarse,2.2784,4.1810,512,446,0.871345,CO(3-2),2594.2166,2235.40,False,False,searched,
ALMA J153702653-33192492,ALMA J153702653-33192492,6,A002_X1009c59_X1ba4d,35.0098,216.098099,217.938431,488281.2500,1840820312.5,211.68,,44.1195,228.933,1.639331e+16,2604.2192,80,fine,4.6462,5.8088,512,140,0.274854,SiO(5-4),486.7517,672.41,False,False,searched,
ALMA J153702653-33192492,ALMA J153702653-33192492,6,A002_X1009c59_X1ba4d,35.0098,218.348099,220.188431,488281.2500,1840820312.5,211.68,,45.4437,235.986,1.689841e+16,2631.2192,81,fine,4.6790,6.0964,512,132,0.259259,H2CO,544.5564,744.54,False,False,searched,
ALMA J153702653-33192492,ALMA J153702653-33192492,6,A002_X1009c59_X1ba4d,35.0098,230.322331,230.782536,244140.6250,460449218.8,211.68,,74.5585,388.728,1.391795e+16,2766.6292,168,fine,4.5583,11.8818,512,293,0.573099,CO(2-1),229.6434,298.61,False,False,searched,
ALMA J153702653-33192492,ALMA J153702653-33192492,6,A002_X1009c59_X1ba4d,35.0098,230.804753,231.264958,244140.6250,460449218.8,211.68,,63.7757,332.568,1.190719e+16,2772.4183,168,fine,4.4399,5.6289,512,281,0.549708,CO(2-1),617.0946,800.75,False,False,searched,
ALMA J153702653-33192492,ALMA J153702653-33192492,6,A002_X1009c59_X1ba4d,35.0098,232.598096,234.438428,488281.2500,1840820312.5,211.68,,47.2238,246.479,1.764978e+16,2802.2191,86,fine,4.9082,5.7166,512,72,0.142300,CO(2-1),3400.9159,4366.12,False,False,searched,
ALMA J153702653-33192492,ALMA J153702653-33192492,6,A002_X1015532_X20dc8,35.0098,216.102295,217.942627,488281.2500,1840820312.5,211.68,,40.1119,208.137,1.490420e+16,2604.2695,80,fine,4.5964,5.6835,512,180,0.352827,SiO(5-4),-282.9788,-390.90,False,False,searched,
ALMA J153702653-33192492,ALMA J153702653-33192492,6,A002_X1015532_X20dc8,35.0098,218.352295,220.192627,488281.2500,1840820312.5,211.68,,40.758,211.653,1.515596e+16,2631.2695,80,fine,4.6808,5.5728,512,153,0.300195,13CO(2-1),-227.3694,-310.86,False,False,searched,
ALMA J153702653-33192492,ALMA J153702653-33192492,6,A002_X1015532_X20dc8,35.0098,230.326526,230.786731,244140.6250,460449218.8,201.60,,69.571,362.723,1.298688e+16,2766.6795,167,fine,4.5897,12.2155,512,268,0.524366,CO(2-1),-4.1984,-5.46,False,False,searched,
ALMA J153702653-33192492,ALMA J153702653-33192492,6,A002_X1015532_X20dc8,35.0098,230.808948,231.269153,244140.6250,460449218.8,201.60,,58.6837,306.014,1.095645e+16,2772.4686,168,fine,4.6895,5.6997,512,122,0.239766,CO(2-1),700.6356,909.13,False,False,searched,
ALMA J153702653-33192492,ALMA J153702653-33192492,6,A002_X1015532_X20dc8,35.0098,232.602291,234.442623,488281.2500,1840820312.5,211.68,,43.2746,225.866,1.617371e+16,2802.2695,85,fine,4.6166,5.9702,512,196,0.384016,CO(2-1),3356.2831,4308.74,False,False,searched,
ALMA J153702653-33192492,ALMA J153702653-33192492,6,A002_X1018459_X73b0,35.0098,216.102688,217.943020,488281.2500,1840820312.5,211.68,,33.5405,174.038,1.246247e+16,2604.2742,79,fine,4.5069,5.7182,512,244,0.477583,SiO(5-4),-45.2808,-62.55,False,False,searched,
ALMA J153702653-33192492,ALMA J153702653-33192492,6,A002_X1018459_X73b0,35.0098,218.352688,220.193020,488281.2500,1840820312.5,211.68,,34.3425,178.338,1.277035e+16,2631.2742,80,fine,4.6992,5.7144,512,142,0.278752,H2CO,300.1216,410.33,False,False,searched,
ALMA J153702653-33192492,ALMA J153702653-33192492,6,A002_X1018459_X73b0,35.0098,230.326920,230.787125,244140.6250,460449218.8,211.68,,57.2906,298.697,1.069449e+16,2766.6843,166,fine,4.6373,13.2484,512,243,0.475634,CO(2-1),36.7223,47.75,False,False,searched,
ALMA J153702653-33192492,ALMA J153702653-33192492,6,A002_X1018459_X73b0,35.0098,230.809341,231.269546,244140.6250,460449218.8,211.68,,48.6524,253.704,9.083581e+15,2772.4733,167,fine,4.3876,5.5150,512,343,0.670565,CO(2-1),315.5309,409.43,False,False,searched,
ALMA J153702653-33192492,ALMA J153702653-33192492,6,A002_X1018459_X73b0,35.0098,232.602684,234.443016,488281.2500,1840820312.5,211.68,,35.8386,187.055,1.339455e+16,2802.2742,85,fine,4.2664,5.9961,512,438,0.855750,CO(2-1),2620.8365,3364.58,False,False,searched,
ALMA J153702653-33192492,ALMA J153702653-33192492,6,A002_X1020da2_X78cd,35.0098,216.105778,217.946110,488281.2500,1840820312.5,181.44,,33.0556,171.522,1.228228e+16,2604.3113,66,fine,4.6496,5.5848,512,155,0.304094,SiO(5-4),-887.8934,-1226.51,False,False,searched,
ALMA J153702653-33192492,ALMA J153702653-33192492,6,A002_X1020da2_X78cd,35.0098,218.355778,220.196110,488281.2500,1840820312.5,181.44,,33.9668,176.386,1.263059e+16,2631.3113,67,fine,4.1677,5.7407,512,456,0.890838,C18O(2-1),-129.5145,-177.07,False,False,searched,
ALMA J153702653-33192492,ALMA J153702653-33192492,6,A002_X1020da2_X78cd,35.0098,230.330010,230.790215,244140.6250,460449218.8,181.44,,56.4903,294.523,1.054504e+16,2766.7214,139,fine,4.5840,13.7640,512,264,0.516569,CO(2-1),59.5881,77.48,False,False,searched,
ALMA J153702653-33192492,ALMA J153702653-33192492,6,A002_X1020da2_X78cd,35.0098,230.812432,231.272637,244140.6250,460449218.8,181.44,,47.7911,249.212,8.922743e+15,2772.5104,139,fine,4.4431,5.9489,512,241,0.471735,CO(2-1),689.2268,894.32,False,False,searched,
ALMA J153702653-33192492,ALMA J153702653-33192492,6,A002_X1020da2_X78cd,35.0098,232.605775,234.446107,488281.2500,1840820312.5,181.44,,35.0637,183.009,1.310487e+16,2802.3113,71,fine,4.7607,5.5655,512,93,0.183236,CO(2-1),2100.9778,2697.16,False,False,searched,
ALMA J153702653-33192492,ALMA J153702653-33192492,6,A002_Xf8f6a9_X10359,35.0098,216.091061,217.931393,488281.2500,1840820312.5,211.68,,31.8642,165.354,1.184061e+16,2604.1347,79,fine,5.0911,5.4064,512,26,0.052632,H2CO,-492.7556,-680.72,True,False,searched,
ALMA J153702653-33192492,ALMA J153702653-33192492,6,A002_Xf8f6a9_X10359,35.0098,218.341061,220.181393,488281.2500,1840820312.5,211.68,,33.3596,173.249,1.240592e+16,2631.1347,79,fine,5.0476,5.7708,512,34,0.068226,H2CO,449.1389,614.10,True,False,searched,
ALMA J153702653-33192492,ALMA J153702653-33192492,6,A002_Xf8f6a9_X10359,35.0098,230.315292,230.775497,244140.6250,460449218.8,211.68,,56.5875,295.059,1.056424e+16,2766.5447,165,fine,4.7803,13.5994,512,193,0.378168,CO(2-1),188.6693,245.34,False,False,searched,
ALMA J153702653-33192492,ALMA J153702653-33192492,6,A002_Xf8f6a9_X10359,35.0098,230.797714,231.257919,244140.6250,460449218.8,211.68,,46.3457,241.699,8.653737e+15,2772.3338,166,fine,4.5282,5.7094,512,249,0.487329,CO(2-1),395.9447,513.80,False,False,searched,
ALMA J153702653-33192492,ALMA J153702653-33192492,6,A002_Xf8f6a9_X10359,35.0098,232.591057,234.431389,488281.2500,1840820312.5,211.68,,33.9612,177.273,1.269411e+16,2802.1347,84,fine,4.2491,5.8115,512,445,0.869396,CO(2-1),3057.4515,3925.30,False,False,searched,
ALMA J153702653-33192492,ALMA J153702653-33192492,6,A002_Xfe62c1_X398,35.0098,216.068221,217.908553,488281.2500,1840820312.5,211.68,,29.3418,152.256,1.090268e+16,2603.8606,79,fine,5.2281,6.0229,512,13,0.027290,SiO(5-4),-920.5682,-1271.86,True,False,searched,
ALMA J153702653-33192492,ALMA J153702653-33192492,6,A002_Xfe62c1_X398,35.0098,218.318221,220.158553,488281.2500,1840820312.5,211.68,,30.633,159.079,1.139127e+16,2630.8606,79,fine,5.0901,5.5634,512,20,0.040936,H2CO,650.9083,890.07,True,False,searched,
ALMA J153702653-33192492,ALMA J153702653-33192492,6,A002_Xfe62c1_X398,35.0098,230.292452,230.752657,244140.6250,460449218.8,211.68,,51.5926,268.997,9.631130e+15,2766.2707,165,fine,4.1538,10.9211,512,496,0.968811,CO(2-1),161.6789,210.26,False,False,searched,
ALMA J153702653-33192492,ALMA J153702653-33192492,6,A002_Xfe62c1_X398,35.0098,230.774874,231.235079,244140.6250,460449218.8,211.68,,42.4226,221.225,7.920691e+15,2772.0597,165,fine,4.2217,5.5931,512,460,0.898635,CO(2-1),296.4446,384.72,False,False,searched,
ALMA J153702653-33192492,ALMA J153702653-33192492,6,A002_Xfe62c1_X398,35.0098,232.568217,234.408549,488281.2500,1840820312.5,211.68,,30.9968,161.789,1.158533e+16,2801.8606,84,fine,4.8874,5.8486,512,55,0.109162,CO(2-1),2320.2561,2979.14,False,False,searched,
ALMA J153702653-33192492,ALMA J153702653-33192492,6,A002_Xff0235_X8392,35.0098,216.071602,217.911934,488281.2500,1840820312.5,211.68,,34.8051,180.604,1.293264e+16,2603.9012,79,fine,4.2470,5.9009,512,439,0.857700,SiO(5-4),375.7812,519.17,False,False,searched,
ALMA J153702653-33192492,ALMA J153702653-33192492,6,A002_Xff0235_X8392,35.0098,218.321602,220.161934,488281.2500,1840820312.5,211.68,,35.8311,186.072,1.332417e+16,2630.9012,80,fine,4.2805,6.0451,512,421,0.822612,H2CO,373.5273,510.76,False,False,searched,
ALMA J153702653-33192492,ALMA J153702653-33192492,6,A002_Xff0235_X8392,35.0098,230.295833,230.756038,244140.6250,460449218.8,211.68,,59.356,309.473,1.108030e+16,2766.3112,167,fine,5.4050,13.4122,512,81,0.159844,CO(2-1),-15.8486,-20.61,True,False,searched,
ALMA J153702653-33192492,ALMA J153702653-33192492,6,A002_Xff0235_X8392,35.0098,230.778255,231.238460,244140.6250,460449218.8,211.68,,50.9208,265.539,9.507322e+15,2772.1003,167,fine,4.1953,5.6118,512,470,0.918129,CO(2-1),319.1124,414.13,False,False,searched,
ALMA J153702653-33192492,ALMA J153702653-33192492,6,A002_Xff0235_X8392,35.0098,232.571598,234.411930,488281.2500,1840820312.5,211.68,,37.842,197.516,1.414368e+16,2801.9012,85,fine,4.3433,5.8587,512,385,0.752437,CO(2-1),3693.2657,4741.98,False,False,searched,
ALMA J153702653-33192492,ALMA J153702653-33192492,7,A002_Xd9d7c7_Xb3d2,35.0098,333.167010,334.892596,976562.5000,1726562500.0,151.20,,6.98362,45.1125,6.460791e+15,4008.3576,46,fine,4.5620,5.7881,512,94,0.185185,CO(3-2),-12106.5293,-10865.64,False,False,searched,
ALMA J153702653-33192492,ALMA J153702653-33192492,7,A002_Xd9d7c7_Xb3d2,35.0098,335.059127,336.784712,976562.5000,1726562500.0,151.20,,6.23653,40.4039,5.786446e+15,4031.0630,47,fine,4.2803,5.6548,512,268,0.524366,CO(3-2),-9478.0844,-8458.69,False,False,searched,
ALMA J153702653-33192492,ALMA J153702653-33192492,7,A002_Xd9d7c7_Xb3d2,35.0098,345.118320,346.843418,488281.2500,1725585937.5,151.20,,6.80021,44.755,3.204799e+15,4151.7704,94,fine,4.5357,5.8350,512,250,0.489279,CO(3-2),-573.6759,-497.09,False,False,searched,
ALMA J153702653-33192492,ALMA J153702653-33192492,7,A002_Xd9d7c7_Xb3d2,35.0098,346.976371,348.701468,488281.2500,1725585937.5,151.20,,7.59836,50.1562,3.591562e+15,4174.0670,95,fine,4.5068,5.7398,512,283,0.553606,CO(3-2),2710.6441,2336.23,False,False,searched,
ALMA J153702653-33192492,ALMA J153702653-33192492,7,A002_Xd9d7c7_Xbb64,35.0098,333.166882,334.892468,976562.5000,1726562500.0,151.20,,6.75412,43.6299,6.248469e+15,4008.3561,47,fine,4.3286,5.4257,512,236,0.461988,CO(3-2),-11876.1880,-10658.91,False,False,searched,
ALMA J153702653-33192492,ALMA J153702653-33192492,7,A002_Xd9d7c7_Xbb64,35.0098,335.058996,336.784582,976562.5000,1726562500.0,151.20,,6.05274,39.2131,5.615917e+15,4031.0615,47,fine,4.2510,5.6036,512,274,0.536062,CO(3-2),-10168.6442,-9074.98,False,False,searched,
ALMA J153702653-33192492,ALMA J153702653-33192492,7,A002_Xd9d7c7_Xbb64,35.0098,345.118188,346.843286,488281.2500,1725585937.5,151.20,,6.58911,43.3656,3.105306e+15,4151.7688,95,fine,4.3400,5.8839,512,396,0.773879,CO(3-2),-570.3900,-494.24,False,False,searched,
ALMA J153702653-33192492,ALMA J153702653-33192492,7,A002_Xd9d7c7_Xbb64,35.0098,346.976241,348.701338,488281.2500,1725585937.5,151.20,,7.37187,48.6611,3.484505e+15,4174.0655,96,fine,5.0087,5.6821,512,34,0.068226,CO(3-2),1421.9398,1225.53,True,False,searched,
GJ 2006A,GJ 2006A,7,A002_Xcdb7b8_Xfb16,35.0292,333.150967,334.885342,15625000.0000,1750000000.0,876.96,,0.405216,2.0286,4.653580e+15,4008.2178,4,coarse,2.2047,4.2906,512,472,0.922027,CO(3-2),-11145.0334,-10003.04,False,False,searched,
GJ 2006A,GJ 2006A,7,A002_Xcdb7b8_Xfb16,35.0292,335.046467,336.780842,15625000.0000,1750000000.0,876.96,,0.352367,1.76405,4.046706e+15,4030.9638,4,coarse,2.3757,4.6604,512,422,0.824561,CO(3-2),-9124.5334,-8143.36,False,False,searched,
GJ 2006A,GJ 2006A,7,A002_Xcdb7b8_Xfb16,35.0292,345.155605,346.880703,488281.2500,1725585937.5,876.96,,2.21555,11.0925,7.951901e+14,4152.2178,72,fine,4.4060,5.7815,512,300,0.586745,CO(3-2),-406.9963,-352.62,False,False,searched,
GJ 2006A,GJ 2006A,7,A002_Xcdb7b8_Xfb16,35.0292,347.046467,348.780842,15625000.0000,1750000000.0,876.96,,0.427606,2.14092,4.911230e+15,4174.9638,4,coarse,2.0703,4.5981,512,494,0.964912,CO(3-2),2297.3416,1979.59,False,False,searched,
TYC 2211-1309-1,TYC 2211-1309-1,7,A002_Xd189ef_X867b,35.4239,333.136009,334.870384,15625000.0000,1750000000.0,1899.07,,0.456894,2.2845,5.359400e+15,4008.0384,3,coarse,2.5456,4.3640,512,278,0.543860,CO(3-2),-11659.9911,-10465.70,False,False,searched,
TYC 2211-1309-1,TYC 2211-1309-1,7,A002_Xd189ef_X867b,35.4239,335.031509,336.765884,15625000.0000,1750000000.0,1899.07,,0.399112,1.99559,4.681612e+15,4030.7844,3,coarse,2.8474,4.8712,512,178,0.348928,CO(3-2),-10655.1161,-9509.78,False,False,searched,
TYC 2211-1309-1,TYC 2211-1309-1,7,A002_Xd189ef_X867b,35.4239,345.140648,346.865745,488281.2500,1725585937.5,1391.04,,2.48676,12.434,9.115579e+14,4152.0384,61,fine,4.4844,6.1006,512,222,0.434698,CO(3-2),-425.8602,-368.98,False,False,searched,
TYC 2211-1309-1,TYC 2211-1309-1,7,A002_Xd189ef_X867b,35.4239,347.031509,348.765884,15625000.0000,1750000000.0,1899.07,,0.461721,2.30864,5.416017e+15,4174.7844,3,coarse,3.2994,3.9673,512,36,0.072125,CO(3-2),2735.5089,2357.25,False,False,searched,
HD14055,HD14055,6,A002_Xd09670_X23c5,35.7405,226.359920,228.085018,488281.2500,1725585937.5,1300.32,,2.11697,10.5848,7.899268e+14,2726.6696,34,fine,3.9924,5.5617,512,460,0.898635,CO(2-1),-3004.7398,-3964.39,False,False,searched,
HD14055,HD14055,6,A002_Xd09670_X23c5,35.7405,229.251147,230.976245,488281.2500,1725585937.5,1300.32,,2.10325,10.5162,7.848067e+14,2761.3643,35,fine,4.3766,5.4306,512,204,0.399610,CO(2-1),86.1938,112.29,False,False,searched,
HD14055,HD14055,6,A002_Xd09670_X23c5,35.7405,242.247282,243.981657,15625000.0000,1750000000.0,1554.34,,0.39373,1.96865,4.701334e+15,2917.3736,3,coarse,2.9963,4.6777,512,128,0.251462,CS(5-4),-1719.9680,-2120.95,False,False,searched,
HD14055,HD14055,6,A002_Xd09670_X23c5,35.7405,244.247401,245.981776,15625000.0000,1750000000.0,1554.34,,0.396276,1.98138,4.731737e+15,2941.3751,3,coarse,3.1501,4.0558,512,81,0.159844,CS(5-4),-47.9740,-58.68,False,False,searched,
HD14055,HD14055,7,A002_X1001fdc_X2085,35.7405,330.384586,332.224918,488281.2500,1840820312.5,2993.76,,20.3397,101.699,7.589570e+15,3975.6570,136,fine,4.9099,5.7649,512,85,0.167641,CO(3-2),-14375.2816,-13007.97,False,False,searched,
HD14055,HD14055,7,A002_X1001fdc_X2085,35.7405,332.282269,334.110394,15625000.0000,1843750000.0,2993.76,,2.9601,14.8005,3.534504e+16,3998.3560,6,coarse,3.0587,4.2888,512,137,0.269006,CO(3-2),-11904.3559,-10710.91,False,False,searched,
HD14055,HD14055,7,A002_X1001fdc_X2085,35.7405,342.332105,344.160230,15625000.0000,1843750000.0,2993.76,,2.89891,14.4945,3.461440e+16,4118.9540,6,coarse,2.5820,5.3254,512,378,0.738791,CO(3-2),-2010.7697,-1756.21,False,False,searched,
HD14055,HD14055,7,A002_X1001fdc_X2085,35.7405,344.217582,346.057914,488281.2500,1840820312.5,2993.76,,19.1065,95.5325,7.129407e+15,4141.6530,141,fine,4.7801,6.6714,512,179,0.350877,CO(3-2),-561.8167,-488.00,False,False,searched,
HD14055,HD14055,7,A002_X1001fdc_X29ae,35.7405,330.384371,332.224703,488281.2500,1840820312.5,2993.76,,23.2005,116.002,8.657033e+15,3975.6544,136,fine,5.0819,6.2623,512,51,0.101365,CO(3-2),-14640.1445,-13247.65,True,False,searched,
HD14055,HD14055,7,A002_X1001fdc_X29ae,35.7405,332.282055,334.110180,15625000.0000,1843750000.0,2993.76,,3.4025,17.0125,4.062756e+16,3998.3534,6,coarse,2.8392,4.4737,512,238,0.465887,CO(3-2),-11967.0703,-10767.34,False,False,searched,
HD14055,HD14055,7,A002_X1001fdc_X29ae,35.7405,342.331891,344.160016,15625000.0000,1843750000.0,2993.76,,3.29252,16.4626,3.931429e+16,4118.9514,6,coarse,2.8251,4.2850,512,279,0.545809,CO(3-2),-2089.1092,-1824.64,False,False,searched,
HD14055,HD14055,7,A002_X1001fdc_X29ae,35.7405,344.217367,346.057699,488281.2500,1840820312.5,2993.76,,21.5387,107.694,8.036961e+15,4141.6504,142,fine,4.7511,5.7744,512,166,0.325536,CO(3-2),-624.5311,-542.48,False,False,searched,
HD14055,HD14055,7,A002_X1001fdc_Xc06e,35.7405,330.384098,332.224430,488281.2500,1840820312.5,2993.76,,20.0257,100.129,7.472406e+15,3975.6512,136,fine,4.5405,5.8503,512,357,0.697856,CO(3-2),-14418.7377,-13047.31,False,False,searched,
HD14055,HD14055,7,A002_X1001fdc_Xc06e,35.7405,332.281782,334.109907,15625000.0000,1843750000.0,2993.76,,2.96336,14.8168,3.538395e+16,3998.3501,6,coarse,2.6295,4.3366,512,346,0.676413,CO(3-2),-12764.2182,-11484.59,False,False,searched,
HD14055,HD14055,7,A002_X1001fdc_Xc06e,35.7405,342.331618,344.159743,15625000.0000,1843750000.0,2993.76,,2.95213,14.7607,3.524994e+16,4118.9482,6,coarse,3.2030,4.7781,512,133,0.261209,CO(3-2),-2995.6320,-2616.40,False,False,searched,
HD14055,HD14055,7,A002_X1001fdc_Xc06e,35.7405,344.217094,346.057426,488281.2500,1840820312.5,2993.76,,19.5062,97.5311,7.278556e+15,4141.6471,141,fine,4.8635,5.8729,512,122,0.239766,CO(3-2),-134.0813,-116.47,False,False,searched,
HD14055,HD14055,7,A002_X1003af4_X14e08,35.7405,330.382391,332.222723,488281.2500,1840820312.5,2993.76,,24.0449,120.224,8.972112e+15,3975.6307,136,fine,4.7346,5.7974,512,172,0.337232,CO(3-2),-14592.3204,-13204.45,False,False,searched,
HD14055,HD14055,7,A002_X1003af4_X14e08,35.7405,332.280082,334.108207,15625000.0000,1843750000.0,2993.76,,3.49249,17.4625,4.170210e+16,3998.3297,6,coarse,2.3170,4.6082,512,469,0.916179,CO(3-2),-13250.2926,-11921.99,False,False,searched,
HD14055,HD14055,7,A002_X1003af4_X14e08,35.7405,342.329902,344.158027,15625000.0000,1843750000.0,2993.76,,3.40809,17.0404,4.069424e+16,4118.9276,6,coarse,2.7429,4.6264,512,317,0.619883,CO(3-2),-1950.4731,-1703.56,False,False,searched,
HD14055,HD14055,7,A002_X1003af4_X14e08,35.7405,344.215387,346.055719,488281.2500,1840820312.5,2993.76,,22.2968,111.484,8.319859e+15,4141.6266,141,fine,4.5058,6.1428,512,390,0.762183,CO(3-2),-1192.9180,-1036.20,False,False,searched,
HD14055,HD14055,7,A002_X1003af4_X3a2c,35.7405,330.383423,332.223755,488281.2500,1840820312.5,2358.72,,23.7437,118.718,8.859728e+15,3975.6431,105,fine,4.7586,5.8900,512,167,0.327485,CO(3-2),-14699.1979,-13301.12,False,False,searched,
HD14055,HD14055,7,A002_X1003af4_X3a2c,35.7405,332.281107,334.109232,15625000.0000,1843750000.0,2358.72,,3.48508,17.4254,4.161356e+16,3998.3420,5,coarse,2.9912,5.0299,512,185,0.362573,CO(3-2),-13452.3933,-12103.80,False,False,searched,
HD14055,HD14055,7,A002_X1003af4_X3a2c,35.7405,342.330943,344.159068,15625000.0000,1843750000.0,2358.72,,3.76685,18.8342,4.497803e+16,4118.9401,5,coarse,3.4236,4.2127,512,59,0.116959,CO(3-2),-1949.4321,-1702.65,False,False,searched,
HD14055,HD14055,7,A002_X1003af4_X3a2c,35.7405,344.216419,346.056751,488281.2500,1840820312.5,2358.72,,24.6216,123.108,9.187303e+15,4141.6390,109,fine,4.5259,5.6793,512,316,0.617934,CO(3-2),-740.2252,-642.97,False,False,searched,
HD14055,HD14055,7,A002_X1006d51_X228e,35.7405,330.381315,332.221647,488281.2500,1840820312.5,2993.76,,22.6629,113.315,8.456454e+15,3975.6178,136,fine,4.4945,5.8198,512,383,0.748538,CO(3-2),-14620.2516,-13229.77,False,False,searched,
HD14055,HD14055,7,A002_X1006d51_X228e,35.7405,332.279023,334.107148,15625000.0000,1843750000.0,2993.76,,3.28239,16.412,3.919343e+16,3998.3170,6,coarse,3.5215,4.2712,512,28,0.056530,CO(3-2),-12720.1024,-11444.99,False,False,searched,
HD14055,HD14055,7,A002_X1006d51_X228e,35.7405,342.328810,344.156935,15625000.0000,1843750000.0,2993.76,,3.21563,16.0781,3.839619e+16,4118.9145,6,coarse,3.2448,4.5383,512,92,0.181287,CO(3-2),-3014.0648,-2632.52,False,False,searched,
HD14055,HD14055,7,A002_X1006d51_X228e,35.7405,344.214311,346.054643,488281.2500,1840820312.5,2993.76,,20.8425,104.213,7.777184e+15,4141.6137,141,fine,4.6545,5.9201,512,248,0.485380,CO(3-2),-443.5054,-385.24,False,False,searched,
HD14055,HD14055,7,A002_X101088d_Xbf80,35.7405,330.353206,332.193538,488281.2500,1840820312.5,2993.76,,35.1865,175.933,1.312956e+16,3975.2805,136,fine,4.5005,6.5805,512,376,0.734893,CO(3-2),-15294.8449,-13841.38,False,False,searched,
HD14055,HD14055,7,A002_X101088d_Xbf80,35.7405,332.251331,334.079456,15625000.0000,1843750000.0,2993.76,,4.9134,24.5671,5.866863e+16,3997.9847,6,coarse,2.4857,4.3530,512,422,0.824561,CO(3-2),-13482.1687,-12131.67,False,False,searched,
HD14055,HD14055,7,A002_X101088d_Xbf80,35.7405,342.300284,344.128409,15625000.0000,1843750000.0,2993.76,,4.50712,22.5357,5.381752e+16,4118.5722,6,coarse,2.5779,4.7593,512,394,0.769981,CO(3-2),-2792.5914,-2439.29,False,False,searched,
HD14055,HD14055,7,A002_X101088d_Xbf80,35.7405,344.186202,346.026534,488281.2500,1840820312.5,2993.76,,28.9973,144.987,1.082013e+16,4141.2764,142,fine,4.4157,6.4810,512,444,0.867446,CO(3-2),-660.0909,-573.42,False,False,searched,
HD14055,HD14055,7,A002_X107fa96_X150f6,35.7405,330.392117,332.232449,488281.2500,1840820312.5,2993.76,,36.5057,182.528,1.362174e+16,3975.7474,136,fine,4.2403,6.1740,512,484,0.945419,CO(3-2),-15218.8246,-13770.96,False,False,searched,
HD14055,HD14055,7,A002_X107fa96_X150f6,35.7405,332.289640,334.117765,15625000.0000,1843750000.0,2993.76,,5.03064,25.1532,6.006837e+16,3998.4444,6,coarse,3.3339,4.7310,512,100,0.196881,CO(3-2),-13131.3597,-11814.64,False,False,searched,
HD14055,HD14055,7,A002_X107fa96_X150f6,35.7405,342.339796,344.167921,15625000.0000,1843750000.0,2993.76,,4.77762,23.8881,5.704717e+16,4119.0463,6,coarse,2.8249,5.1693,512,225,0.440546,CO(3-2),-2143.7035,-1872.28,False,False,searched,
HD14055,HD14055,7,A002_X107fa96_X150f6,35.7405,344.225113,346.065445,488281.2500,1840820312.5,2993.76,,30.8309,154.154,1.150424e+16,4141.7433,142,fine,4.3070,5.8103,512,477,0.931774,CO(3-2),-1259.3636,-1093.88,False,False,searched,
HD14055,HD14055,7,A002_X107fa96_X9a88,35.7405,330.391113,332.231445,488281.2500,1840820312.5,2993.76,,41.3858,206.929,1.544273e+16,3975.7354,136,fine,4.3236,6.2065,512,483,0.943470,CO(3-2),-14906.3515,-13488.26,False,False,searched,
HD14055,HD14055,7,A002_X107fa96_X9a88,35.7405,332.288637,334.116762,15625000.0000,1843750000.0,2993.76,,5.96618,29.8309,7.123911e+16,3998.4324,6,coarse,2.6794,4.3416,512,345,0.674464,CO(3-2),-13241.7381,-11913.99,False,False,searched,
HD14055,HD14055,7,A002_X107fa96_X9a88,35.7405,342.338793,344.166918,15625000.0000,1843750000.0,2983.68,,5.58087,27.9044,6.663835e+16,4119.0343,6,coarse,3.0903,4.9800,512,156,0.306043,CO(3-2),-1894.7069,-1654.81,False,False,searched,
HD14055,HD14055,7,A002_X107fa96_X9a88,35.7405,344.224110,346.064442,488281.2500,1840820312.5,2993.76,,37.4722,187.361,1.398240e+16,4141.7313,141,fine,4.5658,5.9282,512,315,0.615984,CO(3-2),-121.6951,-105.70,False,False,searched,
HD14055,HD14055,7,A002_X1086384_X10bc1,35.7405,330.395189,332.235521,488281.2500,1840820312.5,2993.76,,14.0661,70.3306,5.248638e+15,3975.7843,136,fine,4.4871,5.9080,512,343,0.670565,CO(3-2),-14101.9829,-12760.25,False,False,searched,
HD14055,HD14055,7,A002_X1086384_X10bc1,35.7405,332.292691,334.120816,15625000.0000,1843750000.0,2993.76,,2.11081,10.554,2.520406e+16,3998.4810,6,coarse,2.8268,4.6053,512,266,0.520468,CO(3-2),-13393.9343,-12050.78,False,False,searched,
HD14055,HD14055,7,A002_X1086384_X10bc1,35.7405,342.342890,344.171015,15625000.0000,1843750000.0,2993.76,,2.09771,10.4885,2.504764e+16,4119.0834,6,coarse,2.8796,4.3177,512,206,0.403509,CO(3-2),-3234.3595,-2824.81,False,False,searched,
HD14055,HD14055,7,A002_X1086384_X10bc1,35.7405,344.228185,346.068517,488281.2500,1840820312.5,2993.76,,13.8889,69.4446,5.182514e+15,4141.7802,142,fine,4.2832,5.7267,512,475,0.927875,CO(3-2),-977.4828,-849.03,False,False,searched,
HD14055,HD14055,7,A002_X1088045_X3c7b,35.7405,330.395770,332.236103,488281.2500,1840820312.5,2993.76,,26.8755,134.378,1.002835e+16,3975.7912,136,fine,4.7447,5.9010,512,185,0.362573,CO(3-2),-14699.5459,-13300.94,False,False,searched,
HD14055,HD14055,7,A002_X1088045_X3c7b,35.7405,332.293264,334.121389,15625000.0000,1843750000.0,2993.76,,3.84707,19.2353,4.593587e+16,3998.4879,6,coarse,2.2628,4.5919,512,490,0.957115,CO(3-2),-12002.7365,-10799.07,False,False,searched,
HD14055,HD14055,7,A002_X1088045_X3c7b,35.7405,342.343481,344.171606,15625000.0000,1843750000.0,2993.76,,3.7653,18.8265,4.495957e+16,4119.0905,6,coarse,2.3113,4.2945,512,463,0.904483,CO(3-2),-3421.2694,-2988.05,False,False,searched,
HD14055,HD14055,7,A002_X1088045_X3c7b,35.7405,344.228767,346.069099,488281.2500,1840820312.5,2993.76,,24.891,124.455,9.287825e+15,4141.7872,141,fine,4.2412,6.4141,512,491,0.959064,CO(3-2),-1137.5458,-988.06,False,False,searched,
HD14055,HD14055,7,A002_Xff99e1_X1b0c4,35.7405,330.388286,332.228618,488281.2500,1840820312.5,2993.76,,23.1869,115.935,8.651976e+15,3975.7014,136,fine,4.8288,5.9686,512,160,0.313840,CO(3-2),-14924.3157,-13504.63,False,False,searched,
HD14055,HD14055,7,A002_Xff99e1_X1b0c4,35.7405,332.285969,334.114094,15625000.0000,1843750000.0,2993.76,,3.42782,17.1391,4.092986e+16,3998.4004,6,coarse,2.6433,4.7224,512,347,0.678363,CO(3-2),-12728.7806,-11452.56,False,False,searched,
HD14055,HD14055,7,A002_Xff99e1_X1b0c4,35.7405,342.335806,344.163931,15625000.0000,1843750000.0,2993.76,,3.36819,16.841,4.021788e+16,4118.9984,6,coarse,3.0675,4.6356,512,165,0.323587,CO(3-2),-2475.8194,-2162.37,False,False,searched,
HD14055,HD14055,7,A002_Xff99e1_X1b0c4,35.7405,344.221282,346.061614,488281.2500,1840820312.5,2993.76,,22.1037,110.519,8.247803e+15,4141.6974,141,fine,4.9033,5.7783,512,120,0.235867,CO(3-2),181.1414,157.34,False,False,searched,
HD14055,HD14055,7,A002_Xff99e1_X24be0,35.7405,330.387449,332.227781,488281.2500,1840820312.5,2993.76,,34.9536,174.768,1.304261e+16,3975.6914,136,fine,5.2770,5.6916,512,17,0.035088,CO(3-2),-14088.2384,-12748.12,True,False,searched,
HD14055,HD14055,7,A002_Xff99e1_X24be0,35.7405,332.285133,334.113258,15625000.0000,1843750000.0,2993.76,,4.96073,24.8037,5.923362e+16,3998.3903,6,coarse,3.0416,4.5168,512,137,0.269006,CO(3-2),-13198.3673,-11875.09,False,False,searched,
HD14055,HD14055,7,A002_Xff99e1_X24be0,35.7405,342.334969,344.163094,15625000.0000,1843750000.0,2993.76,,4.61953,23.0977,5.515952e+16,4118.9884,6,coarse,2.5475,4.8860,512,397,0.775828,CO(3-2),-2742.2812,-2395.10,False,False,searched,
HD14055,HD14055,7,A002_Xff99e1_X24be0,35.7405,344.220445,346.060777,488281.2500,1840820312.5,2993.76,,29.8028,149.014,1.112065e+16,4141.6873,142,fine,4.9592,6.0399,512,86,0.169591,CO(3-2),-1139.5195,-989.80,False,False,searched,
HD14055,HD14055,7,A002_Xff99e1_X2b2ee,35.7405,330.387234,332.227566,488281.2500,1840820312.5,2993.76,,31.018,155.09,1.157405e+16,3975.6888,136,fine,4.4472,6.5090,512,427,0.834308,CO(3-2),-15319.8986,-13862.62,False,False,searched,
HD14055,HD14055,7,A002_Xff99e1_X2b2ee,35.7405,332.284918,334.113043,15625000.0000,1843750000.0,2993.76,,4.4577,22.2885,5.322720e+16,3998.3878,6,coarse,2.6489,4.6545,512,346,0.676413,CO(3-2),-11792.3323,-10610.03,False,False,searched,
HD14055,HD14055,7,A002_Xff99e1_X2b2ee,35.7405,342.334754,344.162879,15625000.0000,1843750000.0,2993.76,,4.19517,20.9759,5.009246e+16,4118.9858,6,coarse,2.9829,4.0269,512,182,0.356725,CO(3-2),-3289.3711,-2872.93,False,False,searched,
HD14055,HD14055,7,A002_Xff99e1_X2b2ee,35.7405,344.220230,346.060562,488281.2500,1840820312.5,2993.76,,27.3136,136.568,1.019181e+16,4141.6848,141,fine,5.1750,5.9214,512,39,0.077973,CO(3-2),-1095.3009,-951.39,True,False,searched,
HD14055,HD14055,7,A002_Xff99e1_X2c3bb,35.7405,330.386951,332.227283,488281.2500,1840820312.5,2993.76,,23.7389,118.694,8.857935e+15,3975.6854,136,fine,4.6437,6.2858,512,260,0.508772,CO(3-2),-13657.5842,-12358.44,False,False,searched,
HD14055,HD14055,7,A002_Xff99e1_X2c3bb,35.7405,332.284634,334.112759,15625000.0000,1843750000.0,2993.76,,3.49852,17.4926,4.177402e+16,3998.3844,6,coarse,2.8904,4.0433,512,204,0.399610,CO(3-2),-12933.2406,-11636.56,False,False,searched,
HD14055,HD14055,7,A002_Xff99e1_X2c3bb,35.7405,342.334471,344.162596,15625000.0000,1843750000.0,2993.76,,3.45511,17.2755,4.125568e+16,4118.9824,6,coarse,3.0172,4.3984,512,190,0.372320,CO(3-2),-3133.4044,-2736.71,False,False,searched,
HD14055,HD14055,7,A002_Xff99e1_X2c3bb,35.7405,344.219947,346.060279,488281.2500,1840820312.5,2993.76,,22.36,111.8,8.343431e+15,4141.6814,142,fine,5.1861,5.6573,512,29,0.058480,CO(3-2),-270.3888,-234.86,True,False,searched,
HD14055,HD14055,7,A002_Xfff3d8_Xd46,35.7405,330.386622,332.226954,488281.2500,1840820312.5,2993.76,,22.3133,111.567,8.326008e+15,3975.6815,136,fine,5.5750,5.9882,512,9,0.019493,CO(3-2),-14026.0776,-12691.90,True,False,searched,
HD14055,HD14055,7,A002_Xfff3d8_Xd46,35.7405,332.284305,334.112430,15625000.0000,1843750000.0,2993.76,,3.65443,18.2722,4.363571e+16,3998.3804,6,coarse,3.1213,4.5569,512,143,0.280702,CO(3-2),-12277.3199,-11046.42,False,False,searched,
HD14055,HD14055,7,A002_Xfff3d8_Xd46,35.7405,342.334141,344.162266,15625000.0000,1843750000.0,2993.76,,3.51428,17.5714,4.196223e+16,4118.9784,6,coarse,3.0852,4.5613,512,163,0.319688,CO(3-2),-2368.1087,-2068.30,False,False,searched,
HD14055,HD14055,7,A002_Xfff3d8_Xd46,35.7405,344.219618,346.059950,488281.2500,1840820312.5,2993.76,,20.4821,102.41,7.642691e+15,4141.6774,141,fine,4.8996,6.0005,512,101,0.198830,CO(3-2),-1185.7572,-1029.96,False,False,searched,
HD14055,HD14055,7,A002_Xfffde1_X3835,35.7405,330.385894,332.226226,488281.2500,1840820312.5,2993.76,,26.5185,132.593,9.895127e+15,3975.6727,136,fine,4.3546,5.8185,512,463,0.904483,CO(3-2),-13761.6689,-12452.67,False,False,searched,
HD14055,HD14055,7,A002_Xfffde1_X3835,35.7405,332.283577,334.111702,15625000.0000,1843750000.0,2993.76,,3.94378,19.7189,4.709070e+16,3998.3717,6,coarse,3.1689,4.1810,512,77,0.152047,CO(3-2),-11684.2979,-10512.87,False,False,searched,
HD14055,HD14055,7,A002_Xfffde1_X3835,35.7405,342.333413,344.161538,15625000.0000,1843750000.0,2993.76,,4.42057,22.1029,5.278381e+16,4118.9697,6,coarse,2.9432,4.2885,512,178,0.348928,CO(3-2),-2040.7117,-1782.36,False,False,searched,
HD14055,HD14055,7,A002_Xfffde1_X3835,35.7405,344.218890,346.059222,488281.2500,1840820312.5,2993.76,,24.927,124.635,9.301284e+15,4141.6687,142,fine,5.1773,6.5608,512,34,0.068226,CO(3-2),-786.0946,-682.81,True,False,searched,
HD14055,HD14055,7,A002_Xfffde1_X9bd6,35.7405,330.385469,332.225801,488281.2500,1840820312.5,2993.76,,9.75372,48.7686,3.639507e+15,3975.6676,137,fine,4.5046,5.7340,512,347,0.678363,CO(3-2),-13649.3003,-12351.00,False,False,searched,
HD14055,HD14055,7,A002_Xfffde1_X9bd6,35.7405,332.283153,334.111278,15625000.0000,1843750000.0,2993.76,,1.44825,7.24123,1.729278e+16,3998.3666,6,coarse,2.4602,4.5655,512,412,0.805068,CO(3-2),-12997.2222,-11694.18,False,False,searched,
HD14055,HD14055,7,A002_Xfffde1_X9bd6,35.7405,342.332989,344.161114,15625000.0000,1843750000.0,2993.76,,1.5249,7.6245,1.820805e+16,4118.9646,6,coarse,3.1988,4.2919,512,106,0.208577,CO(3-2),-2603.6360,-2274.02,False,False,searched,
HD14055,HD14055,7,A002_Xfffde1_X9bd6,35.7405,344.218465,346.058797,488281.2500,1840820312.5,2993.76,,9.88233,49.4116,3.687496e+15,4141.6636,142,fine,4.2004,5.8705,512,499,0.974659,CO(3-2),-303.6088,-263.72,False,False,searched,
HD 48370,HD 48370,6,A002_Xc26103_X155a,35.9519,216.121140,217.855515,15625000.0000,1750000000.0,1874.88,,2.2844,11.422,2.760052e+16,2603.8599,3,coarse,3.0083,4.1673,512,86,0.169591,SiO(5-4),-718.2349,-992.32,False,False,searched,
HD 48370,HD 48370,6,A002_Xc26103_X155a,35.9519,218.560028,220.400360,488281.2500,1840820312.5,1874.88,,13.1667,65.8333,4.971300e+15,2633.7623,51,fine,4.4244,10.8229,512,327,0.639376,13CO(2-1),-359.9685,-491.69,False,False,searched,
HD 48370,HD 48370,6,A002_Xc26103_X155a,35.9519,230.500443,230.960526,122070.3125,460205078.1,1874.88,,30.6697,153.348,2.894967e+15,2768.7658,210,fine,26.8342,18.3574,512,0,0.001949,CO(2-1),-26.3263,-34.21,True,True,searched,CO cloud emission
HD 48370,HD 48370,6,A002_Xc26103_X155a,35.9519,232.620253,234.354628,15625000.0000,1750000000.0,1874.88,,2.3207,11.6035,2.803907e+16,2801.8493,3,coarse,3.2296,3.9836,512,59,0.116959,CO(2-1),2629.1276,3375.74,False,False,searched,
HD 48370,HD 48370,8,A002_Xe64b7b_X1704c,35.9519,479.259869,481.056744,15625000.0000,1812500000.0,2600.64,,18.4535,92.2674,2.229578e+17,5761.8997,7,coarse,2.7082,4.5830,512,332,0.649123,CO(4-3),19671.9940,12282.44,False,False,searched,
HD 48370,HD 48370,8,A002_Xe64b7b_X1704c,35.9519,481.217869,483.014744,15625000.0000,1812500000.0,2600.64,,18.9528,94.7643,2.289913e+17,5785.3957,7,coarse,2.1227,4.1478,512,500,0.976608,CO(4-3),21692.4940,13488.96,False,False,searched,
HD 48370,HD 48370,8,A002_Xe64b7b_X1704c,35.9519,491.657082,492.577492,488281.2500,920898437.5,2600.64,,182.124,910.62,6.876406e+16,5905.4074,186,fine,4.6956,5.7925,512,199,0.389864,CO(4-3),30908.0742,18828.86,False,False,searched,
HD 48370,HD 48370,8,A002_Xe64b7b_X1704c,35.9519,493.244240,495.072365,15625000.0000,1843750000.0,2600.64,,23.4058,117.029,2.827932e+17,5929.8996,7,coarse,2.7656,4.4884,512,287,0.561404,CO(4-3),33796.9902,20503.72,False,False,searched,
HD 48370,HD 48370,8,A002_Xf05a48_X269c,35.9519,479.288148,481.116273,15625000.0000,1843750000.0,1572.48,,16.4812,82.4063,1.991290e+17,5762.4265,5,coarse,3.1845,5.0934,512,98,0.192982,CO(4-3),19528.3979,12191.67,False,False,searched,
HD 48370,HD 48370,8,A002_Xf05a48_X269c,35.9519,481.246148,483.074273,15625000.0000,1843750000.0,1572.48,,17.8813,89.4068,2.160452e+17,5785.9225,5,coarse,2.9152,3.9306,512,146,0.286550,CO(4-3),20314.5229,12630.95,False,False,searched,
HD 48370,HD 48370,8,A002_Xf05a48_X269c,35.9519,491.700986,492.621396,488281.2500,920898437.5,1572.48,,151.078,755.392,5.704226e+16,5905.9343,104,fine,4.2932,5.7673,512,423,0.826511,CO(4-3),30802.5640,18762.91,False,False,searched,
HD 48370,HD 48370,8,A002_Xf05a48_X269c,35.9519,493.288144,495.116269,15625000.0000,1843750000.0,1572.48,,19.2195,96.0977,2.322134e+17,5930.4265,5,coarse,2.7391,4.4168,512,282,0.551657,CO(4-3),33559.6441,20357.92,False,False,searched,
HD 89452,HD 89452,6,A002_X1263402_X816f,36.2270,229.666403,231.391989,976562.5000,1726562500.0,2872.80,,11.2407,56.2037,8.618662e+15,2766.3504,41,fine,4.6111,5.5209,512,82,0.161793,CO(2-1),696.7623,906.11,False,False,searched,
HD 89452,HD 89452,6,A002_X1263402_X816f,36.2270,232.073133,233.901258,15625000.0000,1843750000.0,3550.18,,1.99068,9.9534,2.442117e+16,2795.8464,4,coarse,3.2281,4.2910,512,83,0.163743,CO(2-1),1910.1334,2457.83,False,False,searched,
HD 89452,HD 89452,6,A002_X1263402_X816f,36.2270,244.073133,245.901258,15625000.0000,1843750000.0,3550.18,,2.07755,10.3878,2.548688e+16,2939.8464,4,coarse,2.8315,4.3961,512,218,0.426901,CS(5-4),-565.9916,-692.61,False,False,searched,
HD 89452,HD 89452,6,A002_X1263402_X816f,36.2270,246.073133,247.901258,15625000.0000,1843750000.0,3550.18,,2.27767,11.3884,2.794192e+16,2963.8464,4,coarse,2.4997,4.1235,512,384,0.750487,CS(5-4),1762.1334,2138.87,False,False,searched,
HD 89452,HD 89452,6,A002_X1263402_X856c,36.2270,229.666276,231.391862,976562.5000,1726562500.0,2872.80,,11.0758,55.3793,8.492241e+15,2766.3488,41,fine,4.6735,5.7023,512,52,0.103314,CO(2-1),-681.2938,-885.99,False,False,searched,
HD 89452,HD 89452,6,A002_X1263402_X856c,36.2270,232.073007,233.901132,15625000.0000,1843750000.0,3550.18,,1.97847,9.89235,2.427140e+16,2795.8448,4,coarse,3.8768,4.2545,512,10,0.021442,CO(2-1),2253.7570,2899.99,False,False,searched,
HD 89452,HD 89452,6,A002_X1263402_X856c,36.2270,244.073007,245.901132,15625000.0000,1843750000.0,3550.18,,2.06323,10.3161,2.531115e+16,2939.8448,4,coarse,3.2743,4.3297,512,81,0.159844,CS(5-4),355.7570,435.34,False,False,searched,
HD 89452,HD 89452,6,A002_X1263402_X856c,36.2270,246.073007,247.901132,15625000.0000,1843750000.0,3550.18,,2.26431,11.3216,2.777806e+16,2963.8448,4,coarse,2.4942,4.5320,512,396,0.773879,CS(5-4),2277.6320,2764.59,False,False,searched,
HD 89452,HD 89452,6,A002_X1264cde_X258b,36.2270,229.666066,231.391652,976562.5000,1726562500.0,2872.80,,11.7943,58.9717,9.043134e+15,2766.3463,40,fine,4.2044,5.5773,512,304,0.594542,CO(2-1),459.1204,597.07,False,False,searched,
HD 89452,HD 89452,6,A002_X1264cde_X258b,36.2270,232.072796,233.900921,15625000.0000,1843750000.0,3550.18,,2.10739,10.537,2.585297e+16,2795.8423,4,coarse,2.4357,3.9691,512,392,0.766082,CO(2-1),1550.4211,1994.98,False,False,searched,
HD 89452,HD 89452,6,A002_X1264cde_X258b,36.2270,244.072796,245.900921,15625000.0000,1843750000.0,3550.18,,2.18203,10.9102,2.676868e+16,2939.8423,4,coarse,3.3051,4.3605,512,68,0.134503,CS(5-4),-675.7039,-826.86,False,False,searched,
HD 89452,HD 89452,6,A002_X1264cde_X258b,36.2270,246.072796,247.900921,15625000.0000,1843750000.0,3550.18,,2.37747,11.8873,2.916621e+16,2963.8423,4,coarse,3.0895,4.6446,512,142,0.278752,CS(5-4),2230.5461,2707.44,False,False,searched,
HD 89452,HD 89452,6,A002_X1264cde_X2d40,36.2270,229.665932,231.391518,976562.5000,1726562500.0,2872.80,,12.3548,61.7742,9.472882e+15,2766.3447,41,fine,4.2084,5.3561,512,272,0.532164,CO(2-1),-47.8488,-62.23,False,False,searched,
HD 89452,HD 89452,6,A002_X1264cde_X2d40,36.2270,232.072663,233.900788,15625000.0000,1843750000.0,3550.18,,2.19727,10.9863,2.695554e+16,2795.8407,4,coarse,3.1192,4.4775,512,124,0.243665,CO(2-1),2565.9129,3301.65,False,False,searched,
HD 89452,HD 89452,6,A002_X1264cde_X2d40,36.2270,244.072663,245.900788,15625000.0000,1843750000.0,3550.18,,2.28686,11.4343,2.805470e+16,2939.8407,4,coarse,2.6942,4.4836,512,284,0.555556,CS(5-4),74.1629,90.75,False,False,searched,
HD 89452,HD 89452,6,A002_X1264cde_X2d40,36.2270,246.072663,247.900788,15625000.0000,1843750000.0,3550.18,,2.52647,12.6324,3.099412e+16,2963.8407,4,coarse,2.2447,4.4350,512,462,0.902534,CS(5-4),1386.6629,1683.13,False,False,searched,
HD 89452,HD 89452,6,A002_X126787e_X1170,36.2270,229.665051,231.390637,976562.5000,1726562500.0,2872.80,,14.2594,71.2971,1.093319e+16,2766.3341,41,fine,4.7048,5.6569,512,37,0.074074,CO(2-1),850.6837,1106.28,False,False,searched,
HD 89452,HD 89452,6,A002_X126787e_X1170,36.2270,232.071781,233.899906,15625000.0000,1843750000.0,3550.18,,2.5418,12.709,3.118222e+16,2795.8301,4,coarse,2.0935,4.4543,512,503,0.982456,CO(2-1),2111.9064,2717.48,False,False,searched,
HD 89452,HD 89452,6,A002_X126787e_X1170,36.2270,244.071781,245.899906,15625000.0000,1843750000.0,3550.18,,2.62141,13.107,3.215877e+16,2939.8301,4,coarse,2.3102,4.2031,512,438,0.855750,CS(5-4),510.7814,625.05,False,False,searched,
HD 89452,HD 89452,6,A002_X126787e_X1170,36.2270,246.071781,247.899906,15625000.0000,1843750000.0,3550.18,,2.90795,14.5397,3.567400e+16,2963.8301,4,coarse,4.0890,4.3386,512,5,0.011696,CS(5-4),2510.7814,3047.60,False,False,searched,
HD 89452,HD 89452,6,A002_X126787e_X1c15,36.2270,229.664906,231.390492,976562.5000,1726562500.0,2872.80,,12.196,60.9803,9.351138e+15,2766.3324,41,fine,4.5017,5.5985,512,113,0.222222,CO(2-1),-562.5471,-731.57,False,False,searched,
HD 89452,HD 89452,6,A002_X126787e_X1c15,36.2270,232.071637,233.899762,15625000.0000,1843750000.0,3550.18,,2.1613,10.8065,2.651431e+16,2795.8284,4,coarse,2.4727,4.5253,512,403,0.787524,CO(2-1),3127.3865,4024.14,False,False,searched,
HD 89452,HD 89452,6,A002_X126787e_X1c15,36.2270,244.071637,245.899762,15625000.0000,1843750000.0,3550.18,,2.23777,11.1889,2.745247e+16,2939.8284,4,coarse,2.3692,4.4392,512,437,0.853801,CS(5-4),385.6365,471.91,False,False,searched,
HD 89452,HD 89452,6,A002_X126787e_X1c15,36.2270,246.071637,247.899762,15625000.0000,1843750000.0,3550.18,,2.49609,12.4805,3.062144e+16,2963.8284,4,coarse,2.2089,4.6710,512,462,0.902534,CS(5-4),2432.5115,2952.59,False,False,searched,
HD 89452,HD 89452,6,A002_X126787e_X227e,36.2270,229.664778,231.390364,976562.5000,1726562500.0,2872.80,,12.0638,60.3191,9.249754e+15,2766.3309,41,fine,4.0598,5.6236,512,409,0.799220,CO(2-1),-682.7919,-887.95,False,False,searched,
HD 89452,HD 89452,6,A002_X126787e_X227e,36.2270,232.071509,233.899634,15625000.0000,1843750000.0,3550.18,,2.11414,10.5707,2.593571e+16,2795.8269,4,coarse,3.7395,4.4948,512,19,0.038986,CO(2-1),1705.3839,2194.39,False,False,searched,
HD 89452,HD 89452,6,A002_X126787e_X227e,36.2270,244.071509,245.899634,15625000.0000,1843750000.0,3550.18,,2.21677,11.0838,2.719474e+16,2939.8269,4,coarse,2.6409,4.3139,512,279,0.545809,CS(5-4),463.6339,567.36,False,False,searched,
HD 89452,HD 89452,6,A002_X126787e_X227e,36.2270,246.071509,247.899634,15625000.0000,1843750000.0,3550.18,,2.42533,12.1266,2.975332e+16,2963.8269,4,coarse,2.7543,4.3984,512,251,0.491228,CS(5-4),1198.0089,1454.15,False,False,searched,
HD 89452,HD 89452,6,A002_X12694b3_Xab7,36.2270,229.664145,231.389730,976562.5000,1726562500.0,2872.80,,12.1568,60.7839,9.321025e+15,2766.3232,41,fine,3.9343,5.4017,512,469,0.916179,CO(2-1),326.3398,424.39,False,False,searched,
HD 89452,HD 89452,6,A002_X12694b3_Xab7,36.2270,232.070875,233.899000,15625000.0000,1843750000.0,3550.18,,2.16725,10.8362,2.658725e+16,2795.8192,4,coarse,2.4495,4.3108,512,364,0.711501,CO(2-1),1892.2500,2434.85,False,False,searched,
HD 89452,HD 89452,6,A002_X12694b3_Xab7,36.2270,244.070875,245.899000,15625000.0000,1843750000.0,3550.18,,2.26976,11.3488,2.784493e+16,2939.8192,4,coarse,3.0755,4.5695,512,138,0.270955,CS(5-4),275.5000,337.13,False,False,searched,
HD 89452,HD 89452,6,A002_X12694b3_Xab7,36.2270,246.070875,247.899000,15625000.0000,1843750000.0,3550.18,,2.52042,12.6021,3.091988e+16,2963.8192,4,coarse,2.8697,4.6935,512,201,0.393762,CS(5-4),2150.5000,2610.30,False,False,searched,
HD61005,HD61005,6,A002_X74fea5_Xd70,36.4506,212.127382,213.861757,15625000.0000,1750000000.0,2419.20,,0.457329,2.28665,5.679884e+15,2555.9348,3,coarse,2.1943,4.2660,512,421,0.822612,SiO(5-4),-4852.6183,-6830.12,False,False,searched,
HD61005,HD61005,6,A002_X74fea5_Xd70,36.4506,214.127331,215.861706,15625000.0000,1750000000.0,2419.20,,0.419181,2.09591,5.206093e+15,2579.9342,3,coarse,2.0275,4.6678,512,463,0.904483,SiO(5-4),-2712.0443,-3781.73,False,False,searched,
HD61005,HD61005,6,A002_X74fea5_Xd70,36.4506,227.126999,228.861374,15625000.0000,1750000000.0,2419.20,,0.437019,2.1851,5.427641e+15,2735.9302,4,coarse,3.6546,4.3908,512,17,0.035088,CO(2-1),-2473.5007,-3252.44,False,False,searched,
HD61005,HD61005,6,A002_X74fea5_Xd70,36.4506,230.108722,230.971271,244140.6250,862792968.8,2419.20,,3.91781,19.5891,7.602815e+14,2766.4800,135,fine,4.3492,6.0081,512,463,0.904483,CO(2-1),-14.7268,-19.15,False,False,searched,
HD61005,HD61005,6,A002_X7d194b_X58f,36.4506,212.106645,213.841020,15625000.0000,1750000000.0,1360.80,,0.3724,1.862,4.625091e+15,2555.6860,3,coarse,2.2609,4.3255,512,439,0.857700,SiO(5-4),-4498.3553,-6332.11,False,False,searched,
HD61005,HD61005,6,A002_X7d194b_X58f,36.4506,214.106399,215.840774,15625000.0000,1750000000.0,1360.80,,0.359279,1.7964,4.462130e+15,2579.6830,3,coarse,2.5506,4.3861,512,292,0.571150,SiO(5-4),-2717.3510,-3789.50,False,False,searched,
HD61005,HD61005,6,A002_X7d194b_X58f,36.4506,227.104802,228.839177,15625000.0000,1750000000.0,1360.80,,0.369697,1.84849,4.591520e+15,2735.6639,3,coarse,2.8721,4.6662,512,145,0.284600,CO(2-1),-2058.1981,-2706.61,False,False,searched,
HD61005,HD61005,6,A002_X7d194b_X58f,36.4506,230.087999,230.950548,244140.6250,862792968.8,1360.80,,3.14387,15.7193,6.100909e+14,2766.2313,74,fine,4.2937,5.8577,512,399,0.779727,CO(2-1),213.5734,277.75,False,False,searched,
HD61005,HD61005,6,A002_Xb47876_X3918,36.4506,223.132812,224.867188,15625000.0000,1750000000.0,828.58,,0.293756,1.46879,3.648374e+15,2688.0000,2,coarse,3.2617,4.5402,512,34,0.068226,13CO(2-1),3936.9375,5269.04,False,False,searched,
HD61005,HD61005,6,A002_Xb47876_X3918,36.4506,225.132812,226.867188,15625000.0000,1750000000.0,828.58,,0.270046,1.35024,3.353898e+15,2712.0000,2,coarse,2.4488,4.8251,512,271,0.530214,CO(2-1),-4405.1875,-5843.55,False,False,searched,
HD61005,HD61005,6,A002_Xb47876_X3918,36.4506,239.132813,240.867188,15625000.0000,1750000000.0,828.58,,0.29729,1.48646,3.692271e+15,2880.0000,2,coarse,1.6860,4.7181,512,507,0.990253,CS(5-4),-5443.8125,-6800.06,False,False,searched,
HD61005,HD61005,6,A002_Xb47876_X3918,36.4506,241.132813,242.867188,15625000.0000,1750000000.0,828.58,,0.312126,1.56064,3.876524e+15,2904.0000,2,coarse,2.5264,4.6907,512,263,0.514620,CS(5-4),-3271.9375,-4053.31,False,False,searched,
HD61005,HD61005,7,A002_X1066403_Xbbde,36.4506,330.400026,332.125123,488281.2500,1725585937.5,2086.56,,2.54278,12.714,9.868980e+14,3975.1509,121,fine,4.6401,5.8895,512,242,0.473684,CO(3-2),-14128.8846,-12786.63,False,False,searched,
HD61005,HD61005,7,A002_X1066403_Xbbde,36.4506,330.400026,332.125123,488281.2500,1725585937.5,2086.56,,2.54278,12.714,9.868980e+14,3975.1509,121,fine,4.6401,5.8895,512,242,0.473684,CO(3-2),-14128.8846,-12786.63,False,False,duplicate_row,
HD61005,HD61005,7,A002_X1066403_Xbbde,36.4506,332.240694,334.068819,15625000.0000,1843750000.0,3229.63,,0.340048,1.70025,4.223306e+15,3997.8571,5,coarse,2.7463,4.5988,512,275,0.538012,CO(3-2),-13383.4308,-12043.21,False,False,searched,
HD61005,HD61005,7,A002_X1066403_Xbbde,36.4506,332.240694,334.068819,15625000.0000,1843750000.0,3229.63,,0.340048,1.70025,4.223306e+15,3997.8571,5,coarse,2.7463,4.5988,512,275,0.538012,CO(3-2),-13383.4308,-12043.21,False,False,duplicate_row,
HD61005,HD61005,7,A002_X1066403_Xbbde,36.4506,342.289330,344.117455,15625000.0000,1843750000.0,3229.63,,0.322129,1.61065,4.000757e+15,4118.4407,5,coarse,2.4907,4.4067,512,382,0.746589,CO(3-2),-2678.5454,-2339.74,False,False,searched,
HD61005,HD61005,7,A002_X1066403_Xbbde,36.4506,342.289330,344.117455,15625000.0000,1843750000.0,3229.63,,0.322129,1.61065,4.000757e+15,4118.4407,5,coarse,2.4907,4.4067,512,382,0.746589,CO(3-2),-2678.5454,-2339.74,False,False,duplicate_row,
HD61005,HD61005,7,A002_X1066403_Xbbde,36.4506,344.233026,345.958123,488281.2500,1725585937.5,2086.56,,2.21756,11.0879,8.606752e+14,4141.1469,126,fine,4.5491,6.1281,512,301,0.588694,CO(3-2),153.8224,133.63,False,False,searched,
HD61005,HD61005,7,A002_X1066403_Xbbde,36.4506,344.233026,345.958123,488281.2500,1725585937.5,2086.56,,2.21756,11.0879,8.606752e+14,4141.1469,126,fine,4.5491,6.1281,512,301,0.588694,CO(3-2),153.8224,133.63,False,False,duplicate_row,
HD61005,HD61005,7,A002_Xff0235_X26e3,36.4506,330.438712,332.163810,488281.2500,1725585937.5,1058.40,,2.41118,12.056,9.358200e+14,3975.6151,43,fine,4.2884,5.3947,512,306,0.598441,CO(3-2),-14324.5731,-12962.22,False,False,searched,
HD61005,HD61005,7,A002_Xff0235_X26e3,36.4506,332.278806,334.106931,15625000.0000,1843750000.0,1439.42,,0.342683,1.71343,4.256037e+15,3998.3144,3,coarse,2.7140,4.3269,512,218,0.426901,CO(3-2),-12767.1941,-11487.37,False,False,searched,
HD61005,HD61005,7,A002_Xff0235_X26e3,36.4506,342.328591,344.156716,15625000.0000,1843750000.0,1439.42,,0.339502,1.69752,4.216530e+15,4118.9118,3,coarse,2.6942,5.2216,512,231,0.452242,CO(3-2),-2795.5342,-2441.65,False,False,searched,
HD61005,HD61005,7,A002_Xff0235_X26e3,36.4506,344.271712,345.996810,488281.2500,1725585937.5,1058.40,,2.39101,11.9551,9.279895e+14,4141.6111,45,fine,4.2909,6.0766,512,309,0.604288,CO(3-2),-700.0692,-608.10,False,False,searched,
HD61005,HD61005,8,A002_Xe4f0a6_X3658,36.4506,479.271781,481.099906,15625000.0000,1843750000.0,2939.33,,1.06905,5.34529,1.327734e+16,5762.2301,6,coarse,3.5598,4.7292,512,45,0.089669,CO(4-3),18762.0313,11713.62,False,False,searched,
HD61005,HD61005,8,A002_Xe4f0a6_X3658,36.4506,481.229781,483.057906,15625000.0000,1843750000.0,2939.33,,1.1334,5.66707,1.407663e+16,5785.7261,6,coarse,3.1523,4.6066,512,141,0.276803,CO(4-3),20735.6563,12893.23,False,False,searched,
HD61005,HD61005,8,A002_Xe4f0a6_X3658,36.4506,491.714012,492.576804,488281.2500,863281250.0,2177.28,,10.0799,50.3999,3.912187e+15,5905.7449,145,fine,4.4812,6.0548,512,335,0.654971,CO(4-3),31002.1131,18885.07,False,False,searched,
HD61005,HD61005,8,A002_Xe4f0a6_X3658,36.4506,493.271781,495.099906,15625000.0000,1843750000.0,2939.33,,1.26405,6.32033,1.569928e+16,5930.2301,6,coarse,2.7900,4.8734,512,277,0.541910,CO(4-3),32855.7813,19931.60,False,False,searched,
HD61005,HD61005,10,A002_X11d9ce7_X5257,36.4506,849.408207,851.133793,976562.5000,1726562500.0,2211.84,,35.8381,179.196,2.781951e+16,10203.2520,143,fine,4.4365,5.8935,512,361,0.705653,CO(6-5),158891.2617,56022.61,False,False,searched,
HD61005,HD61005,10,A002_X11d9ce7_X5257,36.4506,849.408207,851.133793,976562.5000,1726562500.0,2211.84,,35.8381,179.196,2.781951e+16,10203.2520,143,fine,4.4365,5.8935,512,361,0.705653,CO(6-5),158891.2617,56022.61,False,False,duplicate_row,
HD61005,HD61005,10,A002_X11d9ce7_X5257,36.4506,851.408207,853.133793,976562.5000,1726562500.0,2211.84,,33.3024,166.517,2.585115e+16,10227.2520,143,fine,4.5534,5.6402,512,283,0.553606,CO(6-5),160392.2383,56419.12,False,False,searched,
HD61005,HD61005,10,A002_X11d9ce7_X5257,36.4506,851.408207,853.133793,976562.5000,1726562500.0,2211.84,,33.3024,166.517,2.585115e+16,10227.2520,143,fine,4.5534,5.6402,512,283,0.553606,CO(6-5),160392.2383,56419.12,False,False,duplicate_row,
HD61005,HD61005,10,A002_X11d9ce7_X5257,36.4506,853.366207,855.091793,976562.5000,1726562500.0,2211.84,,32.5389,162.7,2.525849e+16,10250.7480,144,fine,4.7583,5.8092,512,131,0.257310,CO(6-5),162873.6758,57160.67,False,False,searched,
HD61005,HD61005,10,A002_X11d9ce7_X5257,36.4506,853.366207,855.091793,976562.5000,1726562500.0,2211.84,,32.5389,162.7,2.525849e+16,10250.7480,144,fine,4.7583,5.8092,512,131,0.257310,CO(6-5),162873.6758,57160.67,False,False,duplicate_row,
HD61005,HD61005,10,A002_X11d9ce7_X5257,36.4506,855.366207,857.091793,976562.5000,1726562500.0,2211.84,,34.92,174.606,2.710680e+16,10274.7480,144,fine,4.6286,5.7271,512,224,0.438596,CO(6-5),164450.8242,57579.36,False,False,searched,
HD61005,HD61005,10,A002_X11d9ce7_X5257,36.4506,855.366207,857.091793,976562.5000,1726562500.0,2211.84,,34.92,174.606,2.710680e+16,10274.7480,144,fine,4.6286,5.7271,512,224,0.438596,CO(6-5),164450.8242,57579.36,False,False,duplicate_row,
HD61005,HD61005,10,A002_X11d9ce7_X5257,36.4506,865.408207,867.133793,976562.5000,1726562500.0,2211.84,,35.7491,178.751,2.775042e+16,10395.2520,146,fine,4.8481,5.9931,512,100,0.196881,CO(6-5),175087.5508,60592.96,False,False,searched,
HD61005,HD61005,10,A002_X11d9ce7_X5257,36.4506,865.408207,867.133793,976562.5000,1726562500.0,2211.84,,35.7491,178.751,2.775042e+16,10395.2520,146,fine,4.8481,5.9931,512,100,0.196881,CO(6-5),175087.5508,60592.96,False,False,duplicate_row,
HD61005,HD61005,10,A002_X11d9ce7_X5257,36.4506,867.408207,869.133793,976562.5000,1726562500.0,2211.84,,33.756,168.786,2.620330e+16,10419.2520,146,fine,4.5935,5.6511,512,237,0.463938,CO(6-5),176337.5508,60884.99,False,False,searched,
HD61005,HD61005,10,A002_X11d9ce7_X5257,36.4506,867.408207,869.133793,976562.5000,1726562500.0,2211.84,,33.756,168.786,2.620330e+16,10419.2520,146,fine,4.5935,5.6511,512,237,0.463938,CO(6-5),176337.5508,60884.99,False,False,duplicate_row,
HD61005,HD61005,10,A002_X11d9ce7_X5257,36.4506,869.366207,871.091793,976562.5000,1726562500.0,2211.84,,35.8667,179.34,2.784174e+16,10442.7480,146,fine,4.9110,5.7486,512,69,0.136452,CO(6-5),179594.3789,61869.97,False,False,searched,
HD61005,HD61005,10,A002_X11d9ce7_X5257,36.4506,869.366207,871.091793,976562.5000,1726562500.0,2211.84,,35.8667,179.34,2.784174e+16,10442.7480,146,fine,4.9110,5.7486,512,69,0.136452,CO(6-5),179594.3789,61869.97,False,False,duplicate_row,
HD61005,HD61005,10,A002_X11d9ce7_X5257,36.4506,871.366207,873.091793,976562.5000,1726562500.0,2211.84,,38.6318,193.166,2.998816e+16,10466.7480,147,fine,4.3679,5.9323,512,420,0.820663,CO(6-5),181592.4258,62414.85,False,False,searched,
HD61005,HD61005,10,A002_X11d9ce7_X5257,36.4506,871.366207,873.091793,976562.5000,1726562500.0,2211.84,,38.6318,193.166,2.998816e+16,10466.7480,147,fine,4.3679,5.9323,512,420,0.820663,CO(6-5),181592.4258,62414.85,False,False,duplicate_row,
CP-72 2713,CP-72 2713,6,A002_Xc296d2_X148c,36.7222,216.126496,217.860871,15625000.0000,1750000000.0,1905.12,,2.78442,13.9221,3.509888e+16,2603.9242,3,coarse,2.8473,4.3320,512,178,0.348928,SiO(5-4),-744.1286,-1028.07,False,False,searched,
CP-72 2713,CP-72 2713,6,A002_Xc296d2_X148c,36.7222,218.565445,220.405777,488281.2500,1840820312.5,1905.12,,16.1433,80.7166,6.359183e+15,2633.8273,52,fine,4.4061,5.5476,512,265,0.518519,C18O(2-1),-276.2929,-377.38,False,False,searched,
CP-72 2713,CP-72 2713,6,A002_Xc296d2_X148c,36.7222,230.506541,230.966624,122070.3125,460205078.1,1905.12,,35.606,178.03,3.506486e+15,2768.8390,213,fine,4.7785,5.8255,512,226,0.442495,CO(2-1),357.7015,464.76,False,False,searched,
CP-72 2713,CP-72 2713,6,A002_Xc296d2_X148c,36.7222,232.626016,234.360391,15625000.0000,1750000000.0,1905.12,,2.88616,14.4308,3.638138e+16,2801.9184,3,coarse,2.1292,4.1778,512,454,0.886940,CO(2-1),2806.7661,3603.73,False,False,searched,
CP-72 2713,CP-72 2713,7,A002_Xff0235_X4a6d,36.7222,330.419656,332.144754,488281.2500,1725585937.5,2993.76,,2.33239,11.662,9.187822e+14,3975.3865,123,fine,4.5440,5.6726,512,303,0.592593,CO(3-2),-13866.0899,-12548.06,False,False,searched,
CP-72 2713,CP-72 2713,7,A002_Xff0235_X4a6d,36.7222,332.260033,334.088158,15625000.0000,1843750000.0,4009.82,,0.321231,1.60616,4.049280e+15,3998.0891,5,coarse,2.3655,4.4487,512,445,0.869396,CO(3-2),-13426.5918,-12081.34,False,False,searched,
CP-72 2713,CP-72 2713,7,A002_Xff0235_X4a6d,36.7222,342.309252,344.137377,15625000.0000,1843750000.0,4009.82,,0.305487,1.52744,3.850819e+15,4118.6798,5,coarse,2.2253,4.3805,512,472,0.922027,CO(3-2),-2392.9981,-2090.19,False,False,searched,
CP-72 2713,CP-72 2713,7,A002_Xff0235_X4a6d,36.7222,344.252656,345.977754,488281.2500,1725585937.5,2993.76,,2.09705,10.4853,8.260736e+14,4141.3825,129,fine,5.8089,5.6832,512,0,0.001949,CO(3-2),-1526.2539,-1325.82,True,True,searched,control-ensemble background
CP-72 2713,CP-72 2713,7,A002_Xff0235_X502d,36.7224,330.419569,332.144666,488281.2500,1725585937.5,2993.76,,2.1395,10.6976,8.428048e+14,3975.3854,123,fine,4.4696,6.2669,512,355,0.693957,CO(3-2),-14536.5876,-13154.83,False,False,searched,
CP-72 2713,CP-72 2713,7,A002_Xff0235_X502d,36.7224,332.259947,334.088072,15625000.0000,1843750000.0,4009.82,,0.296793,1.48397,3.741261e+15,3998.0881,5,coarse,2.6460,4.2693,512,334,0.653021,CO(3-2),-12207.9281,-10984.78,False,False,searched,
CP-72 2713,CP-72 2713,7,A002_Xff0235_X502d,36.7224,342.309163,344.137288,15625000.0000,1843750000.0,4009.82,,0.285847,1.42925,3.603288e+15,4118.6787,5,coarse,2.9822,4.4940,512,168,0.329435,CO(3-2),-3455.5870,-3018.32,False,False,searched,
CP-72 2713,CP-72 2713,7,A002_Xff0235_X502d,36.7224,344.252569,345.977666,488281.2500,1725585937.5,2993.76,,1.96402,9.82016,7.736786e+14,4141.3814,128,fine,4.6982,5.9330,512,187,0.366472,CO(3-2),-1031.2244,-895.80,False,False,searched,
HD170773,HD170773,6,A002_Xcca365_X3822,36.9345,226.326975,228.167307,488281.2500,1840820312.5,2086.56,,17.1489,85.7449,6.833672e+15,2726.9657,62,fine,4.5418,6.3903,512,186,0.364522,CO(2-1),-2658.7791,-3507.56,False,False,searched,
HD170773,HD170773,6,A002_Xcca365_X3822,36.9345,229.217546,231.057878,488281.2500,1840820312.5,2086.56,,19.8661,99.3307,7.916431e+15,2761.6525,63,fine,4.5184,5.9970,512,212,0.415205,CO(2-1),109.2339,142.30,False,False,searched,
HD170773,HD170773,6,A002_Xcca365_X3822,36.9345,242.272652,244.007027,15625000.0000,1750000000.0,2086.56,,3.28271,16.4136,4.186010e+16,2917.6781,4,coarse,2.5469,4.1262,512,269,0.526316,CS(5-4),-2116.4734,-2609.62,False,False,searched,
HD170773,HD170773,6,A002_Xcca365_X3822,36.9345,244.272979,246.007354,15625000.0000,1750000000.0,2086.56,,3.43269,17.1635,4.377252e+16,2941.6820,4,coarse,2.9489,4.2113,512,131,0.257310,CS(5-4),-366.1456,-447.78,False,False,searched,
HD170773,HD170773,6,A002_Xce574d_X123f,36.9345,226.374448,228.099546,488281.2500,1725585937.5,846.72,,1.40517,7.02586,5.599452e+14,2726.8440,22,fine,4.4174,5.6115,512,132,0.259259,CO(2-1),-3986.7943,-5259.75,False,False,searched,
HD170773,HD170773,6,A002_Xce574d_X123f,36.9345,229.265289,230.990386,488281.2500,1725585937.5,846.72,,1.37327,6.86639,5.472354e+14,2761.5341,23,fine,4.1788,5.8783,512,264,0.516569,CO(2-1),-351.8128,-458.31,False,False,searched,
HD170773,HD170773,6,A002_Xce574d_X123f,36.9345,242.262223,243.996598,15625000.0000,1750000000.0,973.73,,0.259603,1.29802,3.310378e+15,2917.5529,2,coarse,2.2851,4.1208,512,352,0.688109,CS(5-4),-2439.4022,-3007.92,False,False,searched,
HD170773,HD170773,6,A002_Xce574d_X123f,36.9345,244.262465,245.996840,15625000.0000,1750000000.0,973.73,,0.272002,1.36002,3.468495e+15,2941.5558,2,coarse,2.7472,4.6843,512,168,0.329435,CS(5-4),-423.5352,-517.98,False,False,searched,
HD170773,HD170773,7,A002_X10228b9_X423,36.9345,330.474324,332.199422,488281.2500,1725585937.5,1844.64,,3.08335,15.4167,1.228680e+15,3976.0425,75,fine,4.4486,5.6452,512,282,0.551657,CO(3-2),-14115.1328,-12771.32,False,False,searched,
HD170773,HD170773,7,A002_X10228b9_X423,36.9345,332.313889,334.142014,15625000.0000,1843750000.0,2479.68,,0.422102,2.11051,5.382498e+15,3998.7354,4,coarse,3.0157,4.5100,512,123,0.241715,CO(3-2),-13013.3610,-11707.62,False,False,searched,
HD170773,HD170773,7,A002_X10228b9_X423,36.9345,342.364732,344.192857,15625000.0000,1843750000.0,2479.68,,0.415028,2.07514,5.292291e+15,4119.3455,4,coarse,2.0972,4.6848,512,492,0.961014,CO(3-2),-3384.3929,-2955.66,False,False,searched,
HD170773,HD170773,7,A002_X10228b9_X423,36.9345,344.307324,346.032422,488281.2500,1725585937.5,1844.64,,2.82039,14.1019,1.123893e+15,4142.0385,78,fine,4.1679,5.8961,512,477,0.931774,CO(3-2),-947.1718,-822.65,False,False,searched,
HD170773,HD170773,7,A002_Xff0235_X8c42,36.9345,330.374882,332.215214,488281.2500,1840820312.5,2963.52,,23.0992,115.496,9.204791e+15,3975.5406,135,fine,5.0291,5.7500,512,60,0.118908,CO(3-2),-14785.8645,-13379.89,True,False,searched,
HD170773,HD170773,7,A002_Xff0235_X8c42,36.9345,332.272685,334.100810,15625000.0000,1843750000.0,2963.52,,3.25632,16.2817,4.152354e+16,3998.2410,6,coarse,2.6746,4.7951,512,315,0.615984,CO(3-2),-12820.1900,-11535.26,False,False,searched,
HD170773,HD170773,7,A002_Xff0235_X8c42,36.9345,342.322281,344.150406,15625000.0000,1843750000.0,2963.52,,3.14955,15.7478,4.016198e+16,4118.8361,6,coarse,2.7792,4.6226,512,292,0.571150,CO(3-2),-2739.3435,-2392.62,False,False,searched,
HD170773,HD170773,7,A002_Xff0235_X8c42,36.9345,344.207878,346.048210,488281.2500,1840820312.5,2963.52,,20.7972,103.986,8.287452e+15,4141.5365,141,fine,4.5002,6.0843,512,343,0.670565,CO(3-2),-288.3175,-250.44,False,False,searched,
TWA 3A 696000,TWA 3A 696000,6,A002_Xd3607d_X6487,37.0547,218.071776,219.899901,15625000.0000,1843750000.0,3507.84,,0.154696,0.774762,1.988776e+15,2627.8301,4,coarse,3.0940,4.5135,512,114,0.224172,H2CO,552.9011,756.92,False,False,searched,
TWA 3A 696000,TWA 3A 696000,6,A002_Xd3607d_X6487,37.0547,220.288446,220.504144,122070.3125,215820312.5,2872.80,,3.30262,16.5408,3.317140e+14,2644.7555,301,fine,4.7421,5.7414,512,238,0.465887,13CO(2-1),11.7604,16.00,False,False,searched,
TWA 3A 696000,TWA 3A 696000,6,A002_Xd3607d_X6487,37.0547,230.427679,230.643377,122070.3125,215820312.5,2872.80,,3.11522,15.6047,3.129417e+14,2766.4263,315,fine,4.7904,6.0660,512,225,0.440546,CO(2-1),-87.1280,-113.30,False,False,searched,
TWA 3A 696000,TWA 3A 696000,6,A002_Xd3607d_X6487,37.0547,231.683430,233.511555,15625000.0000,1843750000.0,3507.84,,0.156566,0.784294,2.013245e+15,2791.1699,4,coarse,2.8056,4.4836,512,223,0.436647,CO(2-1),2770.4299,3570.78,False,False,searched,
TWA 3A 696000,TWA 3A 696000,6,A002_Xd40be0_X749c,37.0547,218.074926,219.903051,15625000.0000,1843750000.0,3507.84,,0.11634,0.582662,1.495664e+15,2627.8679,4,coarse,3.0728,5.0293,512,146,0.286550,C18O(2-1),-500.6986,-685.45,False,False,searched,
TWA 3A 696000,TWA 3A 696000,6,A002_Xd40be0_X749c,37.0547,220.291517,220.507215,122070.3125,215820312.5,2872.80,,2.67124,13.3786,2.682988e+14,2644.7924,302,fine,4.7302,6.4846,512,242,0.473684,13CO(2-1),-95.5200,-129.93,False,False,searched,
TWA 3A 696000,TWA 3A 696000,6,A002_Xd40be0_X749c,37.0547,230.430903,230.646602,122070.3125,215820312.5,2872.80,,2.46206,12.3329,2.473274e+14,2766.4650,316,fine,4.5915,6.4368,512,360,0.703704,CO(2-1),-18.7177,-24.34,False,False,searched,
TWA 3A 696000,TWA 3A 696000,6,A002_Xd40be0_X749c,37.0547,231.686677,233.514802,15625000.0000,1843750000.0,3507.84,,0.113915,0.570637,1.464797e+15,2791.2089,4,coarse,3.4252,5.3401,512,57,0.113060,CO(2-1),2601.8025,3353.39,False,False,searched,
TWA 3A [576064],TWA 3A 696000,6,A002_Xd3607d_X6487,37.1301,218.071776,219.899901,15625000.0000,1843750000.0,3507.84,,0.154788,0.777887,2.004931e+15,2627.8301,4,coarse,3.2165,4.3723,512,81,0.159844,C18O(2-1),168.0261,230.03,False,False,searched,
TWA 3A [576064],TWA 3A 696000,6,A002_Xd3607d_X6487,37.1301,220.288446,220.504144,122070.3125,215820312.5,2872.80,,3.30321,16.6013,3.342844e+14,2644.7555,301,fine,4.8491,5.9294,512,155,0.304094,13CO(2-1),-8.6254,-11.73,False,False,searched,
TWA 3A [576064],TWA 3A 696000,6,A002_Xd3607d_X6487,37.1301,230.427679,230.643377,122070.3125,215820312.5,2872.80,,3.11585,15.6673,3.154763e+14,2766.4263,315,fine,4.6145,5.8204,512,372,0.727096,CO(2-1),75.3476,97.98,False,False,searched,
TWA 3A [576064],TWA 3A 696000,6,A002_Xd3607d_X6487,37.1301,231.683430,233.511555,15625000.0000,1843750000.0,3507.84,,0.156393,0.786465,2.027041e+15,2791.1699,4,coarse,2.9899,4.9424,512,163,0.319688,CO(2-1),1817.3049,2342.31,False,False,searched,
Barta 161 12,Barta 161 12,7,A002_Xce1e34_X1fb8,37.2812,333.152719,334.887094,15625000.0000,1750000000.0,1257.98,,0.510929,2.5555,6.640279e+15,4008.2389,3,coarse,1.7237,4.5000,512,506,0.988304,CO(3-2),-11737.0310,-10534.32,False,False,searched,
Barta 161 12,Barta 161 12,7,A002_Xce1e34_X1fb8,37.2812,335.048219,336.782594,15625000.0000,1750000000.0,1257.98,,0.444976,2.22563,5.783139e+15,4030.9849,3,coarse,3.1989,4.6426,512,62,0.122807,CO(3-2),-10466.5310,-9341.00,False,False,searched,
Barta 161 12,Barta 161 12,7,A002_Xce1e34_X1fb8,37.2812,345.157358,346.882455,488281.2500,1725585937.5,876.96,,2.77612,13.8856,1.127522e+15,4152.2389,39,fine,4.0506,5.5545,512,429,0.838207,CO(3-2),200.2249,173.48,False,False,searched,
Barta 161 12,Barta 161 12,7,A002_Xce1e34_X1fb8,37.2812,347.048219,348.782594,15625000.0000,1750000000.0,1257.98,,0.52063,2.60409,6.766549e+15,4174.9849,3,coarse,2.8228,4.1516,512,171,0.335283,CO(3-2),1689.7190,1456.00,False,False,searched,
HD377,HD377,6,A002_X1239f8e_Xa43b,38.4045,229.653766,231.379352,976562.5000,1726562500.0,2237.76,,17.3607,86.8037,1.495935e+16,2766.1987,31,fine,4.1828,5.6690,512,285,0.557505,CO(2-1),-514.1169,-668.62,False,False,searched,
HD377,HD377,6,A002_X1239f8e_Xa43b,38.4045,232.060496,233.888621,15625000.0000,1843750000.0,2745.79,,3.1019,15.5095,4.276540e+16,2795.6947,3,coarse,2.2085,4.0701,512,441,0.861598,CO(2-1),2944.3713,3788.83,False,False,searched,
HD377,HD377,6,A002_X1239f8e_Xa43b,38.4045,244.060496,245.888621,15625000.0000,1843750000.0,2745.79,,3.24742,16.2371,4.477167e+16,2939.6947,3,coarse,2.6950,4.1904,512,183,0.358674,CS(5-4),890.1213,1089.30,False,False,searched,
HD377,HD377,6,A002_X1239f8e_Xa43b,38.4045,246.060496,247.888621,15625000.0000,1843750000.0,2745.79,,3.5913,17.9565,4.951268e+16,2963.6947,4,coarse,3.0192,4.5007,512,92,0.181287,CS(5-4),1390.1213,1687.41,False,False,searched,
HD377,HD377,6,A002_X1263402_Xb082,38.4045,229.674130,231.399716,976562.5000,1726562500.0,2086.56,,14.0156,70.0779,1.207691e+16,2766.4431,31,fine,4.4100,5.3511,512,116,0.228070,CO(2-1),-50.3935,-65.53,False,False,searched,
HD377,HD377,6,A002_X1263402_Xb082,38.4045,232.080860,233.908985,15625000.0000,1843750000.0,2594.59,,2.52466,12.6233,3.480700e+16,2795.9391,3,coarse,2.8029,4.4718,512,166,0.325536,CO(2-1),2449.1104,3151.25,False,False,searched,
HD377,HD377,6,A002_X1263402_Xb082,38.4045,244.080860,245.908985,15625000.0000,1843750000.0,2594.59,,2.61119,13.0559,3.599999e+16,2939.9391,3,coarse,2.4432,4.3156,512,279,0.545809,CS(5-4),-89.5146,-109.54,False,False,searched,
HD377,HD377,6,A002_X1263402_Xb082,38.4045,246.080860,247.908985,15625000.0000,1843750000.0,2594.59,,2.8945,14.4725,3.990605e+16,2963.9391,3,coarse,2.9825,4.4540,512,77,0.152047,CS(5-4),2613.6104,3172.29,False,False,searched,
HD 139084B 921024,HD 139084B 805632,7,A002_Xcd8029_Xb6b0,38.7162,333.140219,334.874594,15625000.0000,1750000000.0,1409.18,,0.581031,3.59226,1.006662e+16,4008.0889,3,coarse,2.3299,4.6671,512,407,0.795322,CO(3-2),-11577.6564,-10391.67,False,False,searched,
HD 139084B 921024,HD 139084B 805632,7,A002_Xcd8029_Xb6b0,38.7162,335.035719,336.770094,15625000.0000,1750000000.0,1409.18,,0.502438,3.11387,8.726023e+15,4030.8349,3,coarse,2.4914,4.2482,512,301,0.588694,CO(3-2),-9979.0314,-8906.26,False,False,searched,
HD 139084B 921024,HD 139084B 805632,7,A002_Xcd8029_Xb6b0,38.7162,345.144857,346.869955,488281.2500,1725585937.5,1028.16,,3.11783,19.5778,1.714474e+15,4152.0889,44,fine,4.1526,18.3885,512,429,0.838207,CO(3-2),-467.0607,-404.68,False,False,searched,
HD 139084B 921024,HD 139084B 805632,7,A002_Xcd8029_Xb6b0,38.7162,347.035719,348.770094,15625000.0000,1750000000.0,1409.18,,0.579939,3.65074,1.023051e+16,4174.8349,3,coarse,2.4052,5.1945,512,374,0.730994,CO(3-2),2489.7186,2145.42,False,False,searched,
HIP 490,HIP 490,6,A002_X74c92c_X6d5,38.8298,212.114808,213.849183,15625000.0000,1750000000.0,2237.76,,0.259525,1.29763,3.657725e+15,2555.7839,3,coarse,2.5361,4.2429,512,274,0.536062,SiO(5-4),-3302.6920,-4648.85,False,False,searched,
HIP 490,HIP 490,6,A002_X74c92c_X6d5,38.8298,214.114639,215.849014,15625000.0000,1750000000.0,2237.76,,0.242678,1.21339,3.420281e+15,2579.7819,3,coarse,2.5975,4.2534,512,270,0.528265,SiO(5-4),-2755.9861,-3843.23,False,False,searched,
HIP 490,HIP 490,6,A002_X74c92c_X6d5,38.8298,227.113540,228.847915,15625000.0000,1750000000.0,2237.76,,0.233346,1.16673,3.288761e+15,2735.7687,3,coarse,2.7401,4.3828,512,200,0.391813,CO(2-1),-1940.0849,-2551.19,False,False,searched,
HIP 490,HIP 490,6,A002_X74c92c_X6d5,38.8298,230.096768,230.959317,244140.6250,862792968.8,2237.76,,1.98046,9.9023,4.361315e+14,2766.3365,121,fine,4.8162,6.0366,512,141,0.276803,CO(2-1),-13.2534,-17.24,False,False,searched,
HD110411,HD110411,6,A002_X10b6f7c_X850c,38.9225,214.568205,216.396330,15625000.0000,1843750000.0,2540.16,,2.85304,14.2652,4.040273e+16,2585.7872,4,coarse,3.2945,4.3820,512,57,0.113060,SiO(5-4),-1833.6701,-2551.12,False,False,searched,
HD110411,HD110411,6,A002_X10b6f7c_X850c,38.9225,216.561857,218.402678,976562.5000,1841796875.0,2540.16,,14.3553,71.7765,1.270560e+16,2609.7872,34,fine,4.2005,5.5955,512,271,0.530214,H2CO,-96.6662,-133.25,False,False,searched,
HD110411,HD110411,6,A002_X10b6f7c_X850c,38.9225,229.603853,231.444674,976562.5000,1841796875.0,2540.16,,15.2195,76.0976,1.347050e+16,2766.2912,36,fine,4.6230,5.5001,512,64,0.126706,CO(2-1),-301.3341,-391.88,False,False,searched,
HD110411,HD110411,6,A002_X10b6f7c_X850c,38.9225,231.568201,233.396326,15625000.0000,1843750000.0,2540.16,,3.00134,15.0067,4.250294e+16,2789.7872,4,coarse,1.6988,4.5514,512,512,1.000000,CO(2-1),1420.8261,1832.20,False,False,searched,
HD110411,HD110411,6,A002_Xe3da01_X4265,38.9225,216.106945,217.935070,15625000.0000,1843750000.0,1796.26,,0.224393,1.12812,3.195139e+15,2604.2521,3,coarse,1.9764,4.3068,512,501,0.978558,SiO(5-4),236.3197,326.45,False,False,searched,
HD110411,HD110411,6,A002_Xe3da01_X4265,38.9225,219.367908,219.799305,244140.6250,431640625.0,1542.24,,1.85613,9.33285,4.130160e+14,2635.0033,76,fine,4.6542,5.7793,512,86,0.169591,C18O(2-1),-108.8397,-148.60,False,False,searched,
HD110411,HD110411,6,A002_Xe3da01_X4265,38.9225,220.206257,220.637653,244140.6250,431640625.0,1542.24,,2.41029,12.1197,5.363469e+14,2645.0635,76,fine,4.5575,5.5688,512,117,0.230019,13CO(2-1),16.4852,22.42,False,False,searched,
HD110411,HD110411,6,A002_Xe3da01_X4265,38.9225,230.346699,230.778095,244140.6250,431640625.0,1542.24,,2.30403,11.5916,5.129732e+14,2766.7488,80,fine,4.1098,5.5673,512,395,0.771930,CO(2-1),-29.6803,-38.59,False,False,searched,
HD110411,HD110411,6,A002_Xe3da01_X4265,38.9225,231.205982,231.637379,244140.6250,431640625.0,1542.24,,1.92948,9.70766,4.296028e+14,2777.0602,80,fine,4.2097,5.9751,512,327,0.639376,CO(2-1),1083.0211,1402.99,False,False,searched,
HD110411,HD110411,6,A002_Xe3da01_X4265,38.9225,233.106945,234.935070,15625000.0000,1843750000.0,1796.26,,0.246877,1.24227,3.518430e+15,2808.2521,3,coarse,2.3533,4.3537,512,404,0.789474,CO(2-1),3975.1947,5092.42,False,False,searched,
HD110411,HD110411,6,A002_Xe45e29_Xb7d4,38.9225,216.108898,217.937023,15625000.0000,1843750000.0,1796.26,,0.277227,1.39375,3.947447e+15,2604.2755,3,coarse,2.8379,4.2163,512,189,0.370370,SiO(5-4),-855.4771,-1181.74,False,False,searched,
HD110411,HD110411,6,A002_Xe45e29_Xb7d4,38.9225,219.369801,219.801197,244140.6250,431640625.0,1542.24,,2.29102,11.5195,5.097834e+14,2635.0260,76,fine,5.3929,5.8547,512,2,0.005848,C18O(2-1),-106.2151,-145.01,True,False,searched,
HD110411,HD110411,6,A002_Xe45e29_Xb7d4,38.9225,220.208149,220.639545,244140.6250,431640625.0,1542.24,,2.91833,14.6743,6.493978e+14,2645.0862,76,fine,4.8731,6.0298,512,43,0.085770,13CO(2-1),-62.6773,-85.25,False,False,searched,
HD110411,HD110411,6,A002_Xe45e29_Xb7d4,38.9225,230.348682,230.780079,244140.6250,431640625.0,1542.24,,2.80007,14.0872,6.234141e+14,2766.7726,80,fine,4.4375,5.6660,512,163,0.319688,CO(2-1),160.0476,208.10,False,False,searched,
HD110411,HD110411,6,A002_Xe45e29_Xb7d4,38.9225,231.207966,231.639362,244140.6250,431640625.0,1542.24,,2.36279,11.8877,5.260796e+14,2777.0840,80,fine,4.4805,5.7535,512,172,0.337232,CO(2-1),898.9697,1164.55,False,False,searched,
HD110411,HD110411,6,A002_Xe45e29_Xb7d4,38.9225,233.108898,234.937023,15625000.0000,1843750000.0,1796.26,,0.297855,1.49879,4.244958e+15,2808.2755,3,coarse,3.5605,5.0893,512,19,0.038986,CO(2-1),4117.7729,5275.03,False,False,searched,
HD 139084B 805632,HD 139084B 805632,7,A002_Xcd8029_Xb6b0,39.3076,333.140219,334.874594,15625000.0000,1750000000.0,1409.18,,0.581031,3.59226,1.006662e+16,4008.0889,3,coarse,2.3299,4.6671,512,407,0.795322,CO(3-2),-11577.6564,-10391.67,False,False,searched,
HD 139084B 805632,HD 139084B 805632,7,A002_Xcd8029_Xb6b0,39.3076,335.035719,336.770094,15625000.0000,1750000000.0,1409.18,,0.502438,3.11387,8.726023e+15,4030.8349,3,coarse,2.4914,4.2482,512,301,0.588694,CO(3-2),-9979.0314,-8906.26,False,False,searched,
HD 139084B 805632,HD 139084B 805632,7,A002_Xcd8029_Xb6b0,39.3076,345.144857,346.869955,488281.2500,1725585937.5,1028.16,,3.11783,19.5778,1.714474e+15,4152.0889,44,fine,4.1526,18.3885,512,429,0.838207,CO(3-2),-467.0607,-404.68,False,False,searched,
HD 139084B 805632,HD 139084B 805632,7,A002_Xcd8029_Xb6b0,39.3076,347.035719,348.770094,15625000.0000,1750000000.0,1409.18,,0.579939,3.65074,1.023051e+16,4174.8349,3,coarse,2.4052,5.1945,512,374,0.730994,CO(3-2),2489.7186,2145.42,False,False,searched,
HIP10679,HIP10679,6,A002_Xa95c04_X14cd,39.6344,217.623087,219.357462,15625000.0000,1750000000.0,514.08,,0.473382,2.36733,6.952388e+15,2621.8833,2,coarse,2.6161,4.2559,512,200,0.391813,H2CO,557.3366,764.73,False,False,searched,
HIP10679,HIP10679,6,A002_Xa95c04_X14cd,39.6344,220.386514,220.440423,15258.7891,53924560.5,514.08,,22.9508,114.775,3.291716e+14,2644.9616,772,fine,5.4561,6.7583,512,49,0.097466,13CO(2-1),19.5118,26.54,True,False,searched,
HIP10679,HIP10679,6,A002_Xa95c04_X14cd,39.6344,230.526503,230.580412,15258.7891,53924560.5,514.08,,20.4757,102.399,2.936769e+14,2766.6415,807,fine,4.9780,6.0836,512,283,0.553606,CO(2-1),-7.8044,-10.15,False,False,searched,
HIP10679,HIP10679,6,A002_Xa95c04_X14cd,39.6344,232.136361,233.870736,15625000.0000,1750000000.0,514.08,,0.485349,2.42724,7.128325e+15,2796.0426,2,coarse,1.9444,4.6107,512,472,0.922027,CO(2-1),3317.1114,4267.94,False,False,searched,
