target,eb,flo,fhi,nchan,chanw,peakf,peaksnr,rescls
2MASS_J05241914-1601153_551040_B7,A002_Xcf749a_X4871,347.02258486246313,348.75695986246313,112,15625000.0,347.58508486246313,2.202305316925049,"coarse (>5 MHz, continuum-mode -- weak technosignature constraint)"
2MASS_J05241914-1601153_551040_B7,A002_Xcf749a_X4871,336.75695986246313,335.02258486246313,112,15625000.0,335.58508486246313,2.6110692024230957,"coarse (>5 MHz, continuum-mode -- weak technosignature constraint)"
2MASS_J05241914-1601153_551040_B7,A002_Xcf749a_X4871,334.8614598624631,333.1270848624631,112,15625000.0,333.3614598624631,3.0493667125701904,"coarse (>5 MHz, continuum-mode -- weak technosignature constraint)"
2MASS_J05241914-1601153_717696_B7,A002_Xcf749a_X4871,347.02258486246313,348.75695986246313,112,15625000.0,348.14758486246313,2.7180426120758057,"coarse (>5 MHz, continuum-mode -- weak technosignature constraint)"
2MASS_J05241914-1601153_717696_B7,A002_Xcf749a_X4871,336.75695986246313,335.02258486246313,112,15625000.0,335.58508486246313,2.7680532932281494,"coarse (>5 MHz, continuum-mode -- weak technosignature constraint)"
2MASS_J05241914-1601153_717696_B7,A002_Xcf749a_X4871,334.8614598624631,333.1270848624631,112,15625000.0,334.7052098624631,2.9201080799102783,"coarse (>5 MHz, continuum-mode -- weak technosignature constraint)"
51_Eri_B6,A002_Xb95160_X3e24,229.61104553949684,231.43917053949684,118,15625000.0,230.45479553949684,2.541914224624634,"coarse (>5 MHz, continuum-mode -- weak technosignature constraint)"
51_Eri_B6,A002_Xb95160_X3e24,231.63742053949684,233.37179553949684,112,15625000.0,233.04367053949684,3.7055256366729736,"coarse (>5 MHz, continuum-mode -- weak technosignature constraint)"
51_Eri_B6,A002_Xb95160_X3e24,218.7601471128166,217.0257721128166,112,15625000.0,218.6195221128166,2.2321763038635254,"coarse (>5 MHz, continuum-mode -- weak technosignature constraint)"
51_Eri_B6,A002_Xb95160_X3e24,216.26022788824542,214.52585288824542,112,15625000.0,215.33835288824542,2.1242713928222656,"coarse (>5 MHz, continuum-mode -- weak technosignature constraint)"
51_Eri_B6,A002_Xb95160_X3e24,229.66280335199684,231.38741272699684,884,1953125.0,230.33663147699684,3.902618169784546,medium (1-5 MHz)
61_Vir_B7,A002_Xc067f7_X822,344.87383727526185,346.71416930651185,3770,488281.25,345.55987243151185,4.818645477294922,fine (<1 MHz)
61_Vir_B7,A002_Xc067f7_X822,346.8223157908868,348.5566907908868,112,15625000.0,346.9629407908868,2.4835784435272217,"coarse (>5 MHz, continuum-mode -- weak technosignature constraint)"
61_Vir_B7,A002_Xc067f7_X822,336.5566907908868,334.8223157908868,112,15625000.0,336.0098157908868,2.4379217624664307,"coarse (>5 MHz, continuum-mode -- weak technosignature constraint)"
61_Vir_B7,A002_Xc067f7_X822,334.66119079088685,332.92681579088685,112,15625000.0,334.17681579088685,3.079564094543457,"coarse (>5 MHz, continuum-mode -- weak technosignature constraint)"
61_Vir_B7_EB_X161a,A002_X9ec9e7_X161a,344.9247385363896,346.6498361926396,3534,488281.25,345.9628244738896,4.683656692504883,fine (<1 MHz)
61_Vir_B7_EB_X161a,A002_X9ec9e7_X161a,346.9200998645146,348.6544748645146,112,15625000.0,347.6857248645146,2.700305223464966,"coarse (>5 MHz, continuum-mode -- weak technosignature constraint)"
61_Vir_B7_EB_X161a,A002_X9ec9e7_X161a,336.5919748645146,334.8575998645146,112,15625000.0,336.1388498645146,3.0253024101257324,"coarse (>5 MHz, continuum-mode -- weak technosignature constraint)"
61_Vir_B7_EB_X161a,A002_X9ec9e7_X161a,334.6544748645146,332.9200998645146,112,15625000.0,333.4669748645146,2.7706003189086914,"coarse (>5 MHz, continuum-mode -- weak technosignature constraint)"
61_Vir_B7_EB_X1a03,A002_X9ec9e7_X1a03,344.9245219339733,346.6496195902233,3534,488281.25,346.3874125589733,4.584608554840088,fine (<1 MHz)
61_Vir_B7_EB_X1a03,A002_X9ec9e7_X1a03,346.9198832620983,348.6542582620983,112,15625000.0,346.9355082620983,2.6689915657043457,"coarse (>5 MHz, continuum-mode -- weak technosignature constraint)"
61_Vir_B7_EB_X1a03,A002_X9ec9e7_X1a03,336.5917582620983,334.8573832620983,112,15625000.0,335.2792582620983,3.1642274856567383,"coarse (>5 MHz, continuum-mode -- weak technosignature constraint)"
61_Vir_B7_EB_X1a03,A002_X9ec9e7_X1a03,334.6542582620983,332.9198832620983,112,15625000.0,334.0136332620983,2.1910948753356934,"coarse (>5 MHz, continuum-mode -- weak technosignature constraint)"
61_Vir_B7_EB_X1ae,A002_Xc079b5_X1ae,344.87265349249986,346.71298552374986,3770,488281.25,345.68368864874986,4.605130672454834,fine (<1 MHz)
61_Vir_B7_EB_X1ae,A002_Xc079b5_X1ae,346.8211320081249,348.5555070081249,112,15625000.0,346.8992570081249,2.573115825653076,"coarse (>5 MHz, continuum-mode -- weak technosignature constraint)"
61_Vir_B7_EB_X1ae,A002_Xc079b5_X1ae,336.5555070081249,334.8211320081249,112,15625000.0,336.2898820081249,2.729069709777832,"coarse (>5 MHz, continuum-mode -- weak technosignature constraint)"
61_Vir_B7_EB_X1ae,A002_Xc079b5_X1ae,334.66000700812486,332.92563200812486,112,15625000.0,333.25375700812486,3.6872732639312744,"coarse (>5 MHz, continuum-mode -- weak technosignature constraint)"
61_Vir_B7_EB_X1e46,A002_X9ec9e7_X1e46,344.9243370824893,346.6494347387393,3534,488281.25,345.0068566137393,4.490045070648193,fine (<1 MHz)
61_Vir_B7_EB_X1e46,A002_X9ec9e7_X1e46,346.9196984106143,348.6540734106143,112,15625000.0,347.6071984106143,2.8895578384399414,"coarse (>5 MHz, continuum-mode -- weak technosignature constraint)"
61_Vir_B7_EB_X1e46,A002_X9ec9e7_X1e46,336.5915734106143,334.8571984106143,112,15625000.0,335.9196984106143,2.823502540588379,"coarse (>5 MHz, continuum-mode -- weak technosignature constraint)"
61_Vir_B7_EB_X1e46,A002_X9ec9e7_X1e46,334.6540734106143,332.9196984106143,112,15625000.0,333.4509484106143,3.146489381790161,"coarse (>5 MHz, continuum-mode -- weak technosignature constraint)"
61_Vir_B7_EB_X2e6,A002_Xc074d4_X2e6,344.87289889461164,346.71323092586164,3770,488281.25,346.67612155086164,4.658407211303711,fine (<1 MHz)
61_Vir_B7_EB_X2e6,A002_Xc074d4_X2e6,346.8213774102366,348.5557524102366,112,15625000.0,347.3213774102366,2.350707769393921,"coarse (>5 MHz, continuum-mode -- weak technosignature constraint)"
61_Vir_B7_EB_X2e6,A002_Xc074d4_X2e6,336.5557524102366,334.8213774102366,112,15625000.0,335.0245024102366,2.907923698425293,"coarse (>5 MHz, continuum-mode -- weak technosignature constraint)"
61_Vir_B7_EB_X2e6,A002_Xc074d4_X2e6,334.66025241023664,332.92587741023664,112,15625000.0,332.92587741023664,2.5100579261779785,"coarse (>5 MHz, continuum-mode -- weak technosignature constraint)"
61_Vir_B7_EB_X822,A002_Xc067f7_X822,344.87383727526185,346.71416930651185,3770,488281.25,345.55987243151185,5.0382280349731445,fine (<1 MHz)
61_Vir_B7_EB_X822,A002_Xc067f7_X822,346.8223157908868,348.5566907908868,112,15625000.0,348.3848157908868,2.445344924926758,"coarse (>5 MHz, continuum-mode -- weak technosignature constraint)"
61_Vir_B7_EB_X822,A002_Xc067f7_X822,336.5566907908868,334.8223157908868,112,15625000.0,334.9629407908868,2.327181339263916,"coarse (>5 MHz, continuum-mode -- weak technosignature constraint)"
61_Vir_B7_EB_X822,A002_Xc067f7_X822,334.66119079088685,332.92681579088685,112,15625000.0,334.17681579088685,3.0788328647613525,"coarse (>5 MHz, continuum-mode -- weak technosignature constraint)"
61_Vir_B7_EB_X82f,A002_Xc079b5_X82f,344.87240523008694,346.71273726133694,3770,488281.25,346.31381148008694,5.958274841308594,fine (<1 MHz)
61_Vir_B7_EB_X82f,A002_Xc079b5_X82f,346.8208837457119,348.5552587457119,112,15625000.0,347.4927587457119,3.168992757797241,"coarse (>5 MHz, continuum-mode -- weak technosignature constraint)"
61_Vir_B7_EB_X82f,A002_Xc079b5_X82f,336.5552587457119,334.8208837457119,112,15625000.0,334.8208837457119,2.583120346069336,"coarse (>5 MHz, continuum-mode -- weak technosignature constraint)"
61_Vir_B7_EB_X82f,A002_Xc079b5_X82f,334.65975874571194,332.92538374571194,112,15625000.0,334.11288374571194,3.217824697494507,"coarse (>5 MHz, continuum-mode -- weak technosignature constraint)"
ALMA_J153702653-33192492_B6,A002_X1009c59_X1ba4d,217.93843140992286,216.09809937867286,3770,488281.25,217.59175172242286,5.090517997741699,fine (<1 MHz)
ALMA_J153702653-33192492_B6,A002_X1009c59_X1ba4d,220.18843140992286,218.34809937867286,3770,488281.25,218.76655640992286,5.024326801300049,fine (<1 MHz)
ALMA_J153702653-33192492_B6,A002_X1009c59_X1ba4d,230.3223309155381,230.7825359936631,1886,244140.625,230.6597332592881,4.712449073791504,fine (<1 MHz)
ALMA_J153702653-33192492_B6,A002_X1009c59_X1ba4d,230.8047527905381,231.2649578686631,1886,244140.625,230.9729656811631,5.086221694946289,fine (<1 MHz)
ALMA_J153702653-33192492_B6,A002_X1009c59_X1ba4d,232.5980955639756,234.4384275952256,3770,488281.25,233.9389158764756,4.562030792236328,fine (<1 MHz)
ALMA_J153702653-33192492_B6_EB_X10359,A002_Xf8f6a9_X10359,217.93139284563037,216.09106081438037,3770,488281.25,217.72924440813037,5.091121196746826,fine (<1 MHz)
ALMA_J153702653-33192492_B6_EB_X10359,A002_Xf8f6a9_X10359,220.18139284563037,218.34106081438037,3770,488281.25,218.67113893938037,5.047641277313232,fine (<1 MHz)
ALMA_J153702653-33192492_B6_EB_X10359,A002_Xf8f6a9_X10359,230.3152923512456,230.7754974293706,1886,244140.625,230.7266693043706,4.780252933502197,fine (<1 MHz)
ALMA_J153702653-33192492_B6_EB_X10359,A002_Xf8f6a9_X10359,230.7977142262456,231.2579193043706,1886,244140.625,230.9339446949956,4.528176307678223,fine (<1 MHz)
ALMA_J153702653-33192492_B6_EB_X10359,A002_Xf8f6a9_X10359,232.5910569996831,234.4313890309331,3770,488281.25,233.5954515309331,4.249135971069336,fine (<1 MHz)
ALMA_J153702653-33192492_B6_EB_X173e,A002_Xf8d29c_X173e,217.9325373870473,216.0922053557973,3770,488281.25,217.0507014495473,4.268004894256592,fine (<1 MHz)
ALMA_J153702653-33192492_B6_EB_X173e,A002_Xf8d29c_X173e,220.1825373870473,218.3422053557973,3770,488281.25,218.8397639495473,4.667384147644043,fine (<1 MHz)
ALMA_J153702653-33192492_B6_EB_X173e,A002_Xf8d29c_X173e,230.31643689266252,230.77664197078752,1886,244140.625,230.54275525203752,4.7513933181762695,fine (<1 MHz)
ALMA_J153702653-33192492_B6_EB_X173e,A002_Xf8d29c_X173e,230.79885876766252,231.25906384578752,1886,244140.625,230.90750134578752,4.221856594085693,fine (<1 MHz)
ALMA_J153702653-33192492_B6_EB_X173e,A002_Xf8d29c_X173e,232.59220154110002,234.43253357235002,3770,488281.25,233.39054138485002,4.473963260650635,fine (<1 MHz)
ALMA_J153702653-33192492_B6_EB_X1ba4d,A002_X1009c59_X1ba4d,217.93843140992286,216.09809937867286,3770,488281.25,217.59175172242286,4.646161079406738,fine (<1 MHz)
ALMA_J153702653-33192492_B6_EB_X1ba4d,A002_X1009c59_X1ba4d,220.18843140992286,218.34809937867286,3770,488281.25,218.76655640992286,4.678974628448486,fine (<1 MHz)
ALMA_J153702653-33192492_B6_EB_X1ba4d,A002_X1009c59_X1ba4d,230.3223309155381,230.7825359936631,1886,244140.625,230.7676434155381,4.558345794677734,fine (<1 MHz)
ALMA_J153702653-33192492_B6_EB_X1ba4d,A002_X1009c59_X1ba4d,230.8047527905381,231.2649578686631,1886,244140.625,231.1550945874131,4.439911842346191,fine (<1 MHz)
ALMA_J153702653-33192492_B6_EB_X1ba4d,A002_X1009c59_X1ba4d,232.5980955639756,234.4384275952256,3770,488281.25,233.9389158764756,4.908241271972656,fine (<1 MHz)
ALMA_J153702653-33192492_B6_EB_X20dc8,A002_X1015532_X20dc8,217.94262671363367,216.10229468238367,3770,488281.25,216.82202124488367,4.596395492553711,fine (<1 MHz)
ALMA_J153702653-33192492_B6_EB_X20dc8,A002_X1015532_X20dc8,220.19262671363367,218.35229468238367,3770,488281.25,220.17163061988367,4.68083381652832,fine (<1 MHz)
ALMA_J153702653-33192492_B6_EB_X20dc8,A002_X1015532_X20dc8,230.3265262192489,230.7867312973739,1886,244140.625,230.5338016098739,4.589657783508301,fine (<1 MHz)
ALMA_J153702653-33192492_B6_EB_X20dc8,A002_X1015532_X20dc8,230.8089480942489,231.2691531723739,1886,244140.625,231.2386355942489,4.689548492431641,fine (<1 MHz)
ALMA_J153702653-33192492_B6_EB_X20dc8,A002_X1015532_X20dc8,232.6022908676864,234.4426228989364,3770,488281.25,233.8942830551864,4.6166462898254395,fine (<1 MHz)
ALMA_J153702653-33192492_B6_EB_X398,A002_Xfe62c1_X398,217.90855286115826,216.06822082990826,3770,488281.25,216.18443176740826,5.228062629699707,fine (<1 MHz)
ALMA_J153702653-33192492_B6_EB_X398,A002_Xfe62c1_X398,220.15855286115826,218.31822082990826,3770,488281.25,218.87290832990826,5.090145111083984,fine (<1 MHz)
ALMA_J153702653-33192492_B6_EB_X398,A002_Xfe62c1_X398,230.2924523667735,230.7526574448985,1886,244140.625,230.6996789292735,4.153769016265869,fine (<1 MHz)
ALMA_J153702653-33192492_B6_EB_X398,A002_Xfe62c1_X398,230.7748742417735,231.2350793198985,1886,244140.625,230.8344445542735,4.221724033355713,fine (<1 MHz)
ALMA_J153702653-33192492_B6_EB_X398,A002_Xfe62c1_X398,232.568217015211,234.408549046461,3770,488281.25,232.858256077711,4.887380599975586,fine (<1 MHz)
ALMA_J153702653-33192492_B6_EB_X73b0,A002_X1018459_X73b0,217.94302001810888,216.10268798685888,3770,488281.25,217.05971923685888,4.50685453414917,fine (<1 MHz)
ALMA_J153702653-33192492_B6_EB_X73b0,A002_X1018459_X73b0,220.19302001810888,218.35268798685888,3770,488281.25,218.52212158060888,4.699233531951904,fine (<1 MHz)
ALMA_J153702653-33192492_B6_EB_X73b0,A002_X1018459_X73b0,230.32691952372411,230.78712460184911,1886,244140.625,230.57472225809911,4.637291431427002,fine (<1 MHz)
ALMA_J153702653-33192492_B6_EB_X73b0,A002_X1018459_X73b0,230.80934139872411,231.26954647684911,1886,244140.625,230.85353085184911,4.387593746185303,fine (<1 MHz)
ALMA_J153702653-33192492_B6_EB_X73b0,A002_X1018459_X73b0,232.60268417216162,234.44301620341162,3770,488281.25,233.15883651591162,4.26641321182251,fine (<1 MHz)
ALMA_J153702653-33192492_B6_EB_X78cd,A002_X1020da2_X78cd,217.9461104724699,216.1057784412199,3770,488281.25,216.2171065662199,4.649566650390625,fine (<1 MHz)
ALMA_J153702653-33192492_B6_EB_X78cd,A002_X1020da2_X78cd,220.1961104724699,218.3557784412199,3770,488281.25,219.4304854724699,4.167673110961914,fine (<1 MHz)
ALMA_J153702653-33192492_B6_EB_X78cd,A002_X1020da2_X78cd,230.33000997808514,230.79021505621014,1886,244140.625,230.59758810308514,4.584005832672119,fine (<1 MHz)
ALMA_J153702653-33192492_B6_EB_X78cd,A002_X1020da2_X78cd,230.81243185308514,231.27263693121014,1886,244140.625,231.22722677496014,4.443115711212158,fine (<1 MHz)
ALMA_J153702653-33192492_B6_EB_X78cd,A002_X1020da2_X78cd,232.60577462652265,234.44610665777265,3770,488281.25,232.63897775152265,4.760707855224609,fine (<1 MHz)
ALMA_J153702653-33192492_B6_EB_X8392,A002_Xff0235_X8392,217.91193356965852,216.07160153840852,3770,488281.25,217.48078122590852,4.247045516967773,fine (<1 MHz)
ALMA_J153702653-33192492_B6_EB_X8392,A002_Xff0235_X8392,220.16193356965852,218.32160153840852,3770,488281.25,218.59552731965852,4.28048038482666,fine (<1 MHz)
ALMA_J153702653-33192492_B6_EB_X8392,A002_Xff0235_X8392,230.29583307527375,230.75603815339875,1886,244140.625,230.52215143464875,5.40500020980835,fine (<1 MHz)
ALMA_J153702653-33192492_B6_EB_X8392,A002_Xff0235_X8392,230.77825495027375,231.23846002839875,1886,244140.625,230.85711237214875,4.19526481628418,fine (<1 MHz)
ALMA_J153702653-33192492_B6_EB_X8392,A002_Xff0235_X8392,232.57159772371125,234.41192975496125,3770,488281.25,234.23126569246125,4.343341827392578,fine (<1 MHz)
ALMA_J153702653-33192492_B7,A002_Xd9d7c7_Xb3d2,334.8925956865477,333.1670097490477,1768,976562.5,333.6894706865477,4.5620436668396,fine (<1 MHz)
ALMA_J153702653-33192492_B7,A002_Xd9d7c7_Xb3d2,336.7847124869093,335.0591265494093,1768,976562.5,336.3179156119093,4.280264854431152,fine (<1 MHz)
ALMA_J153702653-33192492_B7,A002_Xd9d7c7_Xb3d2,346.9763706900343,348.7014683462843,3534,488281.25,348.5066441275343,4.506818771362305,fine (<1 MHz)
ALMA_J153702653-33192492_B7,A002_Xd9d7c7_Xb3d2,345.11832018470795,346.84341784095795,3534,488281.25,345.22232409095795,4.535669326782227,fine (<1 MHz)
ALMA_J153702653-33192492_B7_EB_Xbb64,A002_Xd9d7c7_Xbb64,334.89246823403494,333.16688229653494,1768,976562.5,333.91981198403494,4.328585624694824,fine (<1 MHz)
ALMA_J153702653-33192492_B7_EB_Xbb64,A002_Xd9d7c7_Xbb64,336.78458239662564,335.05899645912564,1768,976562.5,335.62735583412564,4.250988006591797,fine (<1 MHz)
ALMA_J153702653-33192492_B7_EB_Xbb64,A002_Xd9d7c7_Xbb64,346.9762405997506,348.7013382560006,3534,488281.25,347.2179398185006,5.008668899536133,fine (<1 MHz)
ALMA_J153702653-33192492_B7_EB_Xbb64,A002_Xd9d7c7_Xbb64,345.1181881721427,346.8432858283927,3534,488281.25,345.2256100471427,4.339992046356201,fine (<1 MHz)
AU_Mic_B3,A002_X1237e23_Xdb0,101.83178200822694,100.00365700822694,118,15625000.0,101.80053200822694,2.6764965057373047,"coarse (>5 MHz, continuum-mode -- weak technosignature constraint)"
AU_Mic_B3,A002_X1237e23_Xdb0,103.78978200822695,101.96165700822695,118,15625000.0,102.58665700822695,2.035637140274048,"coarse (>5 MHz, continuum-mode -- weak technosignature constraint)"
AU_Mic_B3,A002_X1237e23_Xdb0,112.00365700822694,113.83178200822694,118,15625000.0,113.70678200822694,3.393899917602539,"coarse (>5 MHz, continuum-mode -- weak technosignature constraint)"
AU_Mic_B3,A002_X1237e23_Xdb0,114.01292653947695,115.73851247697695,1768,976562.5,114.79612966447695,4.384165287017822,fine (<1 MHz)
AU_Mic_B3,A002_X12925a3_Xa4b1,103.74085520639017,101.91273020639017,118,15625000.0,102.67835520639017,2.064664125442505,"coarse (>5 MHz, continuum-mode -- weak technosignature constraint)"
AU_Mic_B3,A002_X12925a3_Xa4b1,101.84535520639017,100.01723020639017,118,15625000.0,101.61098020639017,2.1956627368927,"coarse (>5 MHz, continuum-mode -- weak technosignature constraint)"
AU_Mic_B3,A002_X12925a3_Xa4b1,112.01723020639017,113.84535520639017,118,15625000.0,113.78285520639017,2.7495925426483154,"coarse (>5 MHz, continuum-mode -- weak technosignature constraint)"
AU_Mic_B3,A002_X12925a3_Xa4b1,114.02649973764017,115.75208567514017,1768,976562.5,114.59583567514017,4.274218559265137,fine (<1 MHz)
AU_Mic_B3_EB_X13b03,A002_X1240efd_X13b03,101.83399428463653,100.00586928463653,118,15625000.0,101.78711928463653,2.3876349925994873,"coarse (>5 MHz, continuum-mode -- weak technosignature constraint)"
AU_Mic_B3_EB_X13b03,A002_X1240efd_X13b03,103.79199428463653,101.96386928463653,118,15625000.0,102.58886928463653,2.5438058376312256,"coarse (>5 MHz, continuum-mode -- weak technosignature constraint)"
AU_Mic_B3_EB_X13b03,A002_X1240efd_X13b03,112.00586928463653,113.83399428463653,118,15625000.0,112.47461928463653,2.6876180171966553,"coarse (>5 MHz, continuum-mode -- weak technosignature constraint)"
AU_Mic_B3_EB_X13b03,A002_X1240efd_X13b03,114.01513881588653,115.74072475338653,1768,976562.5,114.87060756588653,4.174188137054443,fine (<1 MHz)
AU_Mic_B3_EB_X14140,A002_X1240efd_X14140,101.83397047243675,100.00584547243675,118,15625000.0,100.14647047243675,3.046112060546875,"coarse (>5 MHz, continuum-mode -- weak technosignature constraint)"
AU_Mic_B3_EB_X14140,A002_X1240efd_X14140,103.79197047243676,101.96384547243676,118,15625000.0,103.26072047243676,2.32818341255188,"coarse (>5 MHz, continuum-mode -- weak technosignature constraint)"
AU_Mic_B3_EB_X14140,A002_X1240efd_X14140,112.00584547243675,113.83397047243675,118,15625000.0,112.42772047243675,2.5019619464874268,"coarse (>5 MHz, continuum-mode -- weak technosignature constraint)"
AU_Mic_B3_EB_X14140,A002_X1240efd_X14140,114.01511500368676,115.74070094118676,1768,976562.5,114.65574000368676,4.049846649169922,fine (<1 MHz)
AU_Mic_B3_EB_X14e83,A002_X1240efd_X14e83,101.83392076826595,100.00579576826595,118,15625000.0,101.41204576826595,2.7202823162078857,"coarse (>5 MHz, continuum-mode -- weak technosignature constraint)"
AU_Mic_B3_EB_X14e83,A002_X1240efd_X14e83,103.79192076826597,101.96379576826597,118,15625000.0,103.32317076826597,2.6453983783721924,"coarse (>5 MHz, continuum-mode -- weak technosignature constraint)"
AU_Mic_B3_EB_X14e83,A002_X1240efd_X14e83,112.00579576826595,113.83392076826595,118,15625000.0,112.39642076826595,2.2381327152252197,"coarse (>5 MHz, continuum-mode -- weak technosignature constraint)"
AU_Mic_B3_EB_X14e83,A002_X1240efd_X14e83,114.01506529951597,115.74065123701597,1768,976562.5,115.57658873701597,3.7971770763397217,fine (<1 MHz)
AU_Mic_B3_EB_X19cb,A002_X129c219_X19cb,103.73989232727997,101.91176732727997,118,15625000.0,102.69301732727997,2.5071640014648438,"coarse (>5 MHz, continuum-mode -- weak technosignature constraint)"
AU_Mic_B3_EB_X19cb,A002_X129c219_X19cb,101.84439232727996,100.01626732727996,118,15625000.0,100.31314232727996,2.0339512825012207,"coarse (>5 MHz, continuum-mode -- weak technosignature constraint)"
AU_Mic_B3_EB_X19cb,A002_X129c219_X19cb,112.01626732727996,113.84439232727996,118,15625000.0,113.46939232727996,2.172668695449829,"coarse (>5 MHz, continuum-mode -- weak technosignature constraint)"
AU_Mic_B3_EB_X19cb,A002_X129c219_X19cb,114.02553685852997,115.75112279602997,1768,976562.5,114.44155248352997,4.299647808074951,fine (<1 MHz)
AU_Mic_B3_EB_X1a931,A002_X129754b_X1a931,103.74013121554461,101.91200621554461,118,15625000.0,102.78700621554461,2.9438893795013428,"coarse (>5 MHz, continuum-mode -- weak technosignature constraint)"
AU_Mic_B3_EB_X1a931,A002_X129754b_X1a931,101.8446312155446,100.0165062155446,118,15625000.0,100.9071312155446,2.6766581535339355,"coarse (>5 MHz, continuum-mode -- weak technosignature constraint)"
AU_Mic_B3_EB_X1a931,A002_X129754b_X1a931,112.0165062155446,113.8446312155446,118,15625000.0,112.0790062155446,1.8631565570831299,"coarse (>5 MHz, continuum-mode -- weak technosignature constraint)"
AU_Mic_B3_EB_X1a931,A002_X129754b_X1a931,114.02577574679461,115.75136168429461,1768,976562.5,114.32655699679461,4.014497756958008,fine (<1 MHz)
AU_Mic_B3_EB_X22e6e,A002_X129754b_X22e6e,103.74013836859476,101.91201336859476,118,15625000.0,103.20888836859476,2.1529541015625,"coarse (>5 MHz, continuum-mode -- weak technosignature constraint)"
AU_Mic_B3_EB_X22e6e,A002_X129754b_X22e6e,101.84463836859476,100.01651336859476,118,15625000.0,101.01651336859476,3.183509349822998,"coarse (>5 MHz, continuum-mode -- weak technosignature constraint)"
AU_Mic_B3_EB_X22e6e,A002_X129754b_X22e6e,112.01651336859476,113.84463836859476,118,15625000.0,112.42276336859476,2.6384966373443604,"coarse (>5 MHz, continuum-mode -- weak technosignature constraint)"
AU_Mic_B3_EB_X22e6e,A002_X129754b_X22e6e,114.02578289984476,115.75136883734476,1768,976562.5,114.60976727484476,4.439271450042725,fine (<1 MHz)
AU_Mic_B3_EB_X2363e,A002_X129754b_X2363e,103.7400697946717,101.9119447946717,118,15625000.0,102.3338197946717,2.6233484745025635,"coarse (>5 MHz, continuum-mode -- weak technosignature constraint)"
AU_Mic_B3_EB_X2363e,A002_X129754b_X2363e,101.84456979467168,100.01644479467168,118,15625000.0,100.76644479467168,3.1771085262298584,"coarse (>5 MHz, continuum-mode -- weak technosignature constraint)"
AU_Mic_B3_EB_X2363e,A002_X129754b_X2363e,112.01644479467168,113.84456979467168,118,15625000.0,113.17269479467168,2.5803375244140625,"coarse (>5 MHz, continuum-mode -- weak technosignature constraint)"
AU_Mic_B3_EB_X2363e,A002_X129754b_X2363e,114.0257143259217,115.7513002634217,1768,976562.5,114.3089174509217,4.311731338500977,fine (<1 MHz)
AU_Mic_B3_EB_X23b68,A002_X129754b_X23b68,103.74000283308706,101.91187783308706,118,15625000.0,103.28687783308706,3.2129297256469727,"coarse (>5 MHz, continuum-mode -- weak technosignature constraint)"
AU_Mic_B3_EB_X23b68,A002_X129754b_X23b68,101.84450283308706,100.01637783308706,118,15625000.0,101.68825283308706,1.7547415494918823,"coarse (>5 MHz, continuum-mode -- weak technosignature constraint)"
AU_Mic_B3_EB_X23b68,A002_X129754b_X23b68,112.01637783308706,113.84450283308706,118,15625000.0,113.40700283308706,2.614365577697754,"coarse (>5 MHz, continuum-mode -- weak technosignature constraint)"
AU_Mic_B3_EB_X23b68,A002_X129754b_X23b68,114.02564736433706,115.75123330183706,1768,976562.5,115.33033486433706,4.102700710296631,fine (<1 MHz)
AU_Mic_B3_EB_X2b51b,A002_X129754b_X2b51b,103.73995187566334,101.91182687566334,118,15625000.0,103.34932687566334,2.7927260398864746,"coarse (>5 MHz, continuum-mode -- weak technosignature constraint)"
AU_Mic_B3_EB_X2b51b,A002_X129754b_X2b51b,101.84445187566332,100.01632687566332,118,15625000.0,100.92257687566332,3.004460096359253,"coarse (>5 MHz, continuum-mode -- weak technosignature constraint)"
AU_Mic_B3_EB_X2b51b,A002_X129754b_X2b51b,112.01632687566332,113.84445187566332,118,15625000.0,112.68820187566332,3.053176164627075,"coarse (>5 MHz, continuum-mode -- weak technosignature constraint)"
AU_Mic_B3_EB_X2b51b,A002_X129754b_X2b51b,114.02559640691334,115.75118234441334,1768,976562.5,114.35372140691334,4.4973602294921875,fine (<1 MHz)
AU_Mic_B3_EB_Xf640,A002_X12a079b_Xf640,103.73930722159741,101.91118222159741,118,15625000.0,102.36430722159741,2.2272565364837646,"coarse (>5 MHz, continuum-mode -- weak technosignature constraint)"
AU_Mic_B3_EB_Xf640,A002_X12a079b_Xf640,101.84380722159742,100.01568222159742,118,15625000.0,100.73443222159742,2.474722146987915,"coarse (>5 MHz, continuum-mode -- weak technosignature constraint)"
AU_Mic_B3_EB_Xf640,A002_X12a079b_Xf640,112.01568222159742,113.84380722159742,118,15625000.0,113.54693222159742,2.4864964485168457,"coarse (>5 MHz, continuum-mode -- weak technosignature constraint)"
AU_Mic_B3_EB_Xf640,A002_X12a079b_Xf640,114.02495175284741,115.75053769034741,1768,976562.5,115.01127987784741,3.748765230178833,fine (<1 MHz)
AU_Mic_B6,A002_X899169_X1838,229.67581574446888,231.40091340071888,3534,488281.25,230.82522980696888,5.221283912658691,fine (<1 MHz)
AU_Mic_B6,A002_X899169_X1838,227.62511842222543,229.35949342222543,112,15625000.0,227.65636842222543,3.1673805713653564,"coarse (>5 MHz, continuum-mode -- weak technosignature constraint)"
AU_Mic_B6,A002_X899169_X1838,214.35999850372397,212.62562350372397,112,15625000.0,213.06312350372397,3.3118956089019775,"coarse (>5 MHz, continuum-mode -- weak technosignature constraint)"
AU_Mic_B6,A002_X899169_X1838,216.8599143234409,215.1255393234409,112,15625000.0,216.3130393234409,2.723515748977661,"coarse (>5 MHz, continuum-mode -- weak technosignature constraint)"
AU_Mic_B6_EB_X1838,A002_X899169_X1838,229.67581574446888,231.40091340071888,3534,488281.25,230.82522980696888,5.221283912658691,fine (<1 MHz)
AU_Mic_B6_EB_X1838,A002_X899169_X1838,227.62511842222543,229.35949342222543,112,15625000.0,227.65636842222543,3.167379379272461,"coarse (>5 MHz, continuum-mode -- weak technosignature constraint)"
AU_Mic_B6_EB_X1838,A002_X899169_X1838,214.35999850372397,212.62562350372397,112,15625000.0,213.06312350372397,3.3118972778320312,"coarse (>5 MHz, continuum-mode -- weak technosignature constraint)"
AU_Mic_B6_EB_X1838,A002_X899169_X1838,216.8599143234409,215.1255393234409,112,15625000.0,216.3130393234409,2.7235145568847656,"coarse (>5 MHz, continuum-mode -- weak technosignature constraint)"
AU_Mic_B6_EB_X319,A002_Xa42f75_X319,229.69515771984913,231.42025537609913,3534,488281.25,230.68636865734913,5.273999214172363,fine (<1 MHz)
AU_Mic_B6_EB_X319,A002_Xa42f75_X319,227.64501468311423,229.37938968311423,112,15625000.0,227.95751468311423,2.438126564025879,"coarse (>5 MHz, continuum-mode -- weak technosignature constraint)"
AU_Mic_B6_EB_X319,A002_Xa42f75_X319,214.3785886643356,212.6442136643356,112,15625000.0,213.6910886643356,2.6084227561950684,"coarse (>5 MHz, continuum-mode -- weak technosignature constraint)"
AU_Mic_B6_EB_X319,A002_Xa42f75_X319,216.87872216743204,215.14434716743204,112,15625000.0,216.17559716743204,1.7824641466140747,"coarse (>5 MHz, continuum-mode -- weak technosignature constraint)"
AU_Mic_B9,A002_Xbf792a_X26ec,675.1273875,676.8617625,112,15625000.0,676.6898875,3.3875882625579834,"coarse (>5 MHz, continuum-mode -- weak technosignature constraint)"
AU_Mic_B9,A002_Xbf792a_X26ec,677.1273875,678.8617625,112,15625000.0,677.4242625,3.4362592697143555,"coarse (>5 MHz, continuum-mode -- weak technosignature constraint)"
AU_Mic_B9,A002_Xbf792a_X26ec,679.1273875,680.8617625,112,15625000.0,680.7836375,2.7541277408599854,"coarse (>5 MHz, continuum-mode -- weak technosignature constraint)"
AU_Mic_B9,A002_Xbf792a_X26ec,681.0648875,682.7992625,112,15625000.0,682.3930125,2.5394394397735596,"coarse (>5 MHz, continuum-mode -- weak technosignature constraint)"
BD05__1668_B6,A002_Xc74b5b_X7c16,224.86718940734863,223.13281440734863,112,15625000.0,224.33593940734863,2.265533208847046,"coarse (>5 MHz, continuum-mode -- weak technosignature constraint)"
BD05__1668_B6,A002_Xc74b5b_X7c16,226.86718940734863,225.13281440734863,112,15625000.0,226.58593940734863,3.0103256702423096,"coarse (>5 MHz, continuum-mode -- weak technosignature constraint)"
BD05__1668_B6,A002_Xc74b5b_X7c16,239.13281059285134,240.86718559285134,112,15625000.0,240.17968559285134,3.187007427215576,"coarse (>5 MHz, continuum-mode -- weak technosignature constraint)"
BD05__1668_B6,A002_Xc74b5b_X7c16,241.1328105926514,242.8671855926514,112,15625000.0,242.3359355926514,2.2248587608337402,"coarse (>5 MHz, continuum-mode -- weak technosignature constraint)"
BD05__1668_B6_EB_X12a5,A002_Xcbc47c_X12a5,224.86718940734863,223.13281440734863,112,15625000.0,223.89843940734863,2.6697194576263428,"coarse (>5 MHz, continuum-mode -- weak technosignature constraint)"
BD05__1668_B6_EB_X12a5,A002_Xcbc47c_X12a5,226.86718940734863,225.13281440734863,112,15625000.0,226.41406440734863,3.1610732078552246,"coarse (>5 MHz, continuum-mode -- weak technosignature constraint)"
BD05__1668_B6_EB_X12a5,A002_Xcbc47c_X12a5,239.13281059285134,240.86718559285134,112,15625000.0,239.22656059285134,2.690359592437744,"coarse (>5 MHz, continuum-mode -- weak technosignature constraint)"
BD05__1668_B6_EB_X12a5,A002_Xcbc47c_X12a5,241.1328105926514,242.8671855926514,112,15625000.0,241.7265605926514,3.1145055294036865,"coarse (>5 MHz, continuum-mode -- weak technosignature constraint)"
BD05__1668_B6_EB_X13c7,A002_Xc9831a_X13c7,224.86718940734863,223.13281440734863,112,15625000.0,223.63281440734863,2.817383289337158,"coarse (>5 MHz, continuum-mode -- weak technosignature constraint)"
BD05__1668_B6_EB_X13c7,A002_Xc9831a_X13c7,226.86718940734863,225.13281440734863,112,15625000.0,225.82031440734863,2.799027442932129,"coarse (>5 MHz, continuum-mode -- weak technosignature constraint)"
BD05__1668_B6_EB_X13c7,A002_Xc9831a_X13c7,239.13281059285134,240.86718559285134,112,15625000.0,240.85156059285134,2.5706536769866943,"coarse (>5 MHz, continuum-mode -- weak technosignature constraint)"
BD05__1668_B6_EB_X13c7,A002_Xc9831a_X13c7,241.1328105926514,242.8671855926514,112,15625000.0,242.2109355926514,2.5063374042510986,"coarse (>5 MHz, continuum-mode -- weak technosignature constraint)"
BD05__1668_B6_EB_X1619,A002_Xc99ad7_X1619,224.86718940734863,223.13281440734863,112,15625000.0,224.05468940734863,2.2148945331573486,"coarse (>5 MHz, continuum-mode -- weak technosignature constraint)"
BD05__1668_B6_EB_X1619,A002_Xc99ad7_X1619,226.86718940734863,225.13281440734863,112,15625000.0,225.38281440734863,3.3672938346862793,"coarse (>5 MHz, continuum-mode -- weak technosignature constraint)"
BD05__1668_B6_EB_X1619,A002_Xc99ad7_X1619,239.13281059285134,240.86718559285134,112,15625000.0,239.66406059285134,2.851966619491577,"coarse (>5 MHz, continuum-mode -- weak technosignature constraint)"
BD05__1668_B6_EB_X1619,A002_Xc99ad7_X1619,241.1484355926514,242.8515605926514,110,15625000.0,241.5234355926514,2.4666006565093994,"coarse (>5 MHz, continuum-mode -- weak technosignature constraint)"
BD05__1668_B6_EB_X1923,A002_Xc94c38_X1923,224.86718940734863,223.13281440734863,112,15625000.0,223.42968940734863,2.396608829498291,"coarse (>5 MHz, continuum-mode -- weak technosignature constraint)"
BD05__1668_B6_EB_X1923,A002_Xc94c38_X1923,226.86718940734863,225.13281440734863,112,15625000.0,226.50781440734863,2.82517671585083,"coarse (>5 MHz, continuum-mode -- weak technosignature constraint)"
BD05__1668_B6_EB_X1923,A002_Xc94c38_X1923,239.13281059285134,240.86718559285134,112,15625000.0,240.05468559285134,2.6027791500091553,"coarse (>5 MHz, continuum-mode -- weak technosignature constraint)"
BD05__1668_B6_EB_X1923,A002_Xc94c38_X1923,241.1328105926514,242.8671855926514,112,15625000.0,242.5859355926514,2.256909132003784,"coarse (>5 MHz, continuum-mode -- weak technosignature constraint)"
BD05__1668_B6_EB_X1ab2,A002_Xc805c1_X1ab2,224.86718940734863,223.13281440734863,112,15625000.0,223.17968940734863,2.3281469345092773,"coarse (>5 MHz, continuum-mode -- weak technosignature constraint)"
BD05__1668_B6_EB_X1ab2,A002_Xc805c1_X1ab2,226.86718940734863,225.13281440734863,112,15625000.0,226.16406440734863,2.4123752117156982,"coarse (>5 MHz, continuum-mode -- weak technosignature constraint)"
BD05__1668_B6_EB_X1ab2,A002_Xc805c1_X1ab2,239.13281059285134,240.86718559285134,112,15625000.0,239.97656059285134,2.1004512310028076,"coarse (>5 MHz, continuum-mode -- weak technosignature constraint)"
BD05__1668_B6_EB_X1ab2,A002_Xc805c1_X1ab2,241.1328105926514,242.8671855926514,112,15625000.0,242.5078105926514,2.7260000705718994,"coarse (>5 MHz, continuum-mode -- weak technosignature constraint)"
BD05__1668_B6_EB_X256c,A002_Xc83b78_X256c,224.86718940734863,223.13281440734863,112,15625000.0,224.05468940734863,2.121673345565796,"coarse (>5 MHz, continuum-mode -- weak technosignature constraint)"
BD05__1668_B6_EB_X256c,A002_Xc83b78_X256c,226.86718940734863,225.13281440734863,112,15625000.0,225.94531440734863,3.048126220703125,"coarse (>5 MHz, continuum-mode -- weak technosignature constraint)"
BD05__1668_B6_EB_X256c,A002_Xc83b78_X256c,239.13281059285134,240.86718559285134,112,15625000.0,239.35156059285134,2.6537487506866455,"coarse (>5 MHz, continuum-mode -- weak technosignature constraint)"
BD05__1668_B6_EB_X256c,A002_Xc83b78_X256c,241.1328105926514,242.8671855926514,112,15625000.0,241.3359355926514,2.8944132328033447,"coarse (>5 MHz, continuum-mode -- weak technosignature constraint)"
BD05__1668_B6_EB_X2729,A002_Xc7b4ea_X2729,224.86718940734863,223.13281440734863,112,15625000.0,224.58593940734863,2.962038278579712,"coarse (>5 MHz, continuum-mode -- weak technosignature constraint)"
BD05__1668_B6_EB_X2729,A002_Xc7b4ea_X2729,226.86718940734863,225.13281440734863,112,15625000.0,225.35156440734863,2.461077928543091,"coarse (>5 MHz, continuum-mode -- weak technosignature constraint)"
BD05__1668_B6_EB_X2729,A002_Xc7b4ea_X2729,239.13281059285134,240.86718559285134,112,15625000.0,239.44531059285134,2.720149517059326,"coarse (>5 MHz, continuum-mode -- weak technosignature constraint)"
BD05__1668_B6_EB_X2729,A002_Xc7b4ea_X2729,241.1328105926514,242.8671855926514,112,15625000.0,241.5390605926514,3.5499913692474365,"coarse (>5 MHz, continuum-mode -- weak technosignature constraint)"
BD05__1668_B6_EB_X28a8,A002_Xc7fa6f_X28a8,224.86718940734863,223.13281440734863,112,15625000.0,224.74218940734863,11.868240356445312,"coarse (>5 MHz, continuum-mode -- weak technosignature constraint)"
BD05__1668_B6_EB_X2a84,A002_Xc96f17_X2a84,224.86718940734863,223.13281440734863,112,15625000.0,224.13281440734863,3.0183706283569336,"coarse (>5 MHz, continuum-mode -- weak technosignature constraint)"
BD05__1668_B6_EB_X2a84,A002_Xc96f17_X2a84,226.86718940734863,225.13281440734863,112,15625000.0,225.25781440734863,2.9493868350982666,"coarse (>5 MHz, continuum-mode -- weak technosignature constraint)"
BD05__1668_B6_EB_X2a84,A002_Xc96f17_X2a84,239.13281059285134,240.86718559285134,112,15625000.0,239.21093559285134,2.730912923812866,"coarse (>5 MHz, continuum-mode -- weak technosignature constraint)"
BD05__1668_B6_EB_X2a84,A002_Xc96f17_X2a84,241.1328105926514,242.8671855926514,112,15625000.0,242.7109355926514,2.47220778465271,"coarse (>5 MHz, continuum-mode -- weak technosignature constraint)"
BD05__1668_B6_EB_X2d9,A002_Xcbc47c_X2d9,224.86718940734863,223.13281440734863,112,15625000.0,224.30468940734863,3.1282708644866943,"coarse (>5 MHz, continuum-mode -- weak technosignature constraint)"
BD05__1668_B6_EB_X2d9,A002_Xcbc47c_X2d9,226.86718940734863,225.13281440734863,112,15625000.0,225.47656440734863,3.2391600608825684,"coarse (>5 MHz, continuum-mode -- weak technosignature constraint)"
BD05__1668_B6_EB_X2d9,A002_Xcbc47c_X2d9,239.13281059285134,240.86718559285134,112,15625000.0,239.16406059285134,2.6232078075408936,"coarse (>5 MHz, continuum-mode -- weak technosignature constraint)"
BD05__1668_B6_EB_X2d9,A002_Xcbc47c_X2d9,241.1328105926514,242.8671855926514,112,15625000.0,241.3203105926514,4.25999116897583,"coarse (>5 MHz, continuum-mode -- weak technosignature constraint)"
BD05__1668_B6_EB_X30ea,A002_Xc96463_X30ea,224.86718940734863,223.13281440734863,112,15625000.0,224.03906440734863,3.8532602787017822,"coarse (>5 MHz, continuum-mode -- weak technosignature constraint)"
BD05__1668_B6_EB_X30ea,A002_Xc96463_X30ea,226.86718940734863,225.13281440734863,112,15625000.0,226.72656440734863,2.8792786598205566,"coarse (>5 MHz, continuum-mode -- weak technosignature constraint)"
BD05__1668_B6_EB_X30ea,A002_Xc96463_X30ea,239.13281059285134,240.86718559285134,112,15625000.0,240.19531059285134,2.3625903129577637,"coarse (>5 MHz, continuum-mode -- weak technosignature constraint)"
BD05__1668_B6_EB_X30ea,A002_Xc96463_X30ea,241.1328105926514,242.8671855926514,112,15625000.0,242.3203105926514,2.5331833362579346,"coarse (>5 MHz, continuum-mode -- weak technosignature constraint)"
BD05__1668_B6_EB_X334b,A002_Xc8ed16_X334b,224.86718940734863,223.13281440734863,112,15625000.0,224.77343940734863,2.625274658203125,"coarse (>5 MHz, continuum-mode -- weak technosignature constraint)"
BD05__1668_B6_EB_X334b,A002_Xc8ed16_X334b,226.86718940734863,225.13281440734863,112,15625000.0,226.44531440734863,2.166877508163452,"coarse (>5 MHz, continuum-mode -- weak technosignature constraint)"
BD05__1668_B6_EB_X334b,A002_Xc8ed16_X334b,239.13281059285134,240.86718559285134,112,15625000.0,240.35156059285134,2.9182586669921875,"coarse (>5 MHz, continuum-mode -- weak technosignature constraint)"
BD05__1668_B6_EB_X334b,A002_Xc8ed16_X334b,241.1328105926514,242.8671855926514,112,15625000.0,242.3828105926514,2.435746669769287,"coarse (>5 MHz, continuum-mode -- weak technosignature constraint)"
BD05__1668_B6_EB_X395,A002_Xcb8a93_X395,224.86718940734863,223.13281440734863,112,15625000.0,224.41406440734863,3.730799913406372,"coarse (>5 MHz, continuum-mode -- weak technosignature constraint)"
BD05__1668_B6_EB_X395,A002_Xcb8a93_X395,226.86718940734863,225.13281440734863,112,15625000.0,226.77343940734863,2.5905983448028564,"coarse (>5 MHz, continuum-mode -- weak technosignature constraint)"
BD05__1668_B6_EB_X395,A002_Xcb8a93_X395,239.13281059285134,240.86718559285134,112,15625000.0,240.16406059285134,2.7794418334960938,"coarse (>5 MHz, continuum-mode -- weak technosignature constraint)"
BD05__1668_B6_EB_X395,A002_Xcb8a93_X395,241.1328105926514,242.8671855926514,112,15625000.0,241.2421855926514,2.1977927684783936,"coarse (>5 MHz, continuum-mode -- weak technosignature constraint)"
BD05__1668_B6_EB_X4379,A002_Xc92fe3_X4379,224.86718940734863,223.13281440734863,112,15625000.0,223.41406440734863,3.720590829849243,"coarse (>5 MHz, continuum-mode -- weak technosignature constraint)"
BD05__1668_B6_EB_X4379,A002_Xc92fe3_X4379,226.86718940734863,225.13281440734863,112,15625000.0,226.22656440734863,2.9026453495025635,"coarse (>5 MHz, continuum-mode -- weak technosignature constraint)"
BD05__1668_B6_EB_X4379,A002_Xc92fe3_X4379,239.13281059285134,240.86718559285134,112,15625000.0,240.19531059285134,2.3210031986236572,"coarse (>5 MHz, continuum-mode -- weak technosignature constraint)"
BD05__1668_B6_EB_X4379,A002_Xc92fe3_X4379,241.1328105926514,242.8671855926514,112,15625000.0,242.5703105926514,2.8833484649658203,"coarse (>5 MHz, continuum-mode -- weak technosignature constraint)"
BD05__1668_B6_EB_X4af1,A002_Xc92fe3_X4af1,224.86718940734863,223.13281440734863,112,15625000.0,224.19531440734863,2.3354737758636475,"coarse (>5 MHz, continuum-mode -- weak technosignature constraint)"
BD05__1668_B6_EB_X4af1,A002_Xc92fe3_X4af1,226.86718940734863,225.13281440734863,112,15625000.0,226.32031440734863,2.9832119941711426,"coarse (>5 MHz, continuum-mode -- weak technosignature constraint)"
BD05__1668_B6_EB_X4af1,A002_Xc92fe3_X4af1,239.13281059285134,240.86718559285134,112,15625000.0,240.13281059285134,3.0224952697753906,"coarse (>5 MHz, continuum-mode -- weak technosignature constraint)"
BD05__1668_B6_EB_X4af1,A002_Xc92fe3_X4af1,241.1328105926514,242.8671855926514,112,15625000.0,241.5078105926514,2.803720712661743,"coarse (>5 MHz, continuum-mode -- weak technosignature constraint)"
BD05__1668_B6_EB_X5de8,A002_Xc7a409_X5de8,224.86718940734863,223.13281440734863,112,15625000.0,223.21093940734863,2.0084288120269775,"coarse (>5 MHz, continuum-mode -- weak technosignature constraint)"
BD05__1668_B6_EB_X5de8,A002_Xc7a409_X5de8,226.86718940734863,225.13281440734863,112,15625000.0,225.71093940734863,3.0049757957458496,"coarse (>5 MHz, continuum-mode -- weak technosignature constraint)"
BD05__1668_B6_EB_X5de8,A002_Xc7a409_X5de8,239.13281059285134,240.86718559285134,112,15625000.0,239.28906059285134,2.9922261238098145,"coarse (>5 MHz, continuum-mode -- weak technosignature constraint)"
BD05__1668_B6_EB_X5de8,A002_Xc7a409_X5de8,241.1328105926514,242.8671855926514,112,15625000.0,242.4921855926514,2.7618556022644043,"coarse (>5 MHz, continuum-mode -- weak technosignature constraint)"
BD05__1668_B6_EB_X6247,A002_Xc77d4f_X6247,224.86718940734863,223.13281440734863,112,15625000.0,224.61718940734863,2.360261917114258,"coarse (>5 MHz, continuum-mode -- weak technosignature constraint)"
BD05__1668_B6_EB_X6247,A002_Xc77d4f_X6247,226.86718940734863,225.13281440734863,112,15625000.0,225.99218940734863,1.9971208572387695,"coarse (>5 MHz, continuum-mode -- weak technosignature constraint)"
BD05__1668_B6_EB_X6247,A002_Xc77d4f_X6247,239.13281059285134,240.86718559285134,112,15625000.0,239.30468559285134,2.408243417739868,"coarse (>5 MHz, continuum-mode -- weak technosignature constraint)"
BD05__1668_B6_EB_X6247,A002_Xc77d4f_X6247,241.1328105926514,242.8671855926514,112,15625000.0,241.8828105926514,3.018110513687134,"coarse (>5 MHz, continuum-mode -- weak technosignature constraint)"
BD05__1668_B6_EB_X683a,A002_Xc7e4e4_X683a,224.86718940734863,223.13281440734863,112,15625000.0,224.00781440734863,2.4546356201171875,"coarse (>5 MHz, continuum-mode -- weak technosignature constraint)"
BD05__1668_B6_EB_X683a,A002_Xc7e4e4_X683a,226.86718940734863,225.13281440734863,112,15625000.0,226.36718940734863,2.7084460258483887,"coarse (>5 MHz, continuum-mode -- weak technosignature constraint)"
BD05__1668_B6_EB_X683a,A002_Xc7e4e4_X683a,239.13281059285134,240.86718559285134,112,15625000.0,239.41406059285134,2.8882863521575928,"coarse (>5 MHz, continuum-mode -- weak technosignature constraint)"
BD05__1668_B6_EB_X683a,A002_Xc7e4e4_X683a,241.1328105926514,242.8671855926514,112,15625000.0,241.2421855926514,2.948418140411377,"coarse (>5 MHz, continuum-mode -- weak technosignature constraint)"
BD05__1668_B6_EB_X6a6f,A002_Xc92012_X6a6f,224.86718940734863,223.13281440734863,112,15625000.0,223.53906440734863,2.096482992172241,"coarse (>5 MHz, continuum-mode -- weak technosignature constraint)"
BD05__1668_B6_EB_X6a6f,A002_Xc92012_X6a6f,226.86718940734863,225.13281440734863,112,15625000.0,225.24218940734863,2.275160312652588,"coarse (>5 MHz, continuum-mode -- weak technosignature constraint)"
BD05__1668_B6_EB_X6a6f,A002_Xc92012_X6a6f,239.13281059285134,240.86718559285134,112,15625000.0,239.97656059285134,2.4905788898468018,"coarse (>5 MHz, continuum-mode -- weak technosignature constraint)"
BD05__1668_B6_EB_X6a6f,A002_Xc92012_X6a6f,241.1328105926514,242.8671855926514,112,15625000.0,242.6640605926514,2.6453447341918945,"coarse (>5 MHz, continuum-mode -- weak technosignature constraint)"
BD05__1668_B6_EB_X7bee,A002_Xcb8a93_X7bee,224.86718940734863,223.13281440734863,112,15625000.0,223.58593940734863,2.478938102722168,"coarse (>5 MHz, continuum-mode -- weak technosignature constraint)"
BD05__1668_B6_EB_X7bee,A002_Xcb8a93_X7bee,226.86718940734863,225.13281440734863,112,15625000.0,226.13281440734863,1.775445580482483,"coarse (>5 MHz, continuum-mode -- weak technosignature constraint)"
BD05__1668_B6_EB_X7bee,A002_Xcb8a93_X7bee,239.13281059285134,240.86718559285134,112,15625000.0,240.36718559285134,2.456594944000244,"coarse (>5 MHz, continuum-mode -- weak technosignature constraint)"
BD05__1668_B6_EB_X7bee,A002_Xcb8a93_X7bee,241.1328105926514,242.8671855926514,112,15625000.0,242.6171855926514,2.717585563659668,"coarse (>5 MHz, continuum-mode -- weak technosignature constraint)"
BD05__1668_B6_EB_X7c16,A002_Xc74b5b_X7c16,224.86718940734863,223.13281440734863,112,15625000.0,224.33593940734863,2.393721103668213,"coarse (>5 MHz, continuum-mode -- weak technosignature constraint)"
BD05__1668_B6_EB_X7c16,A002_Xc74b5b_X7c16,226.86718940734863,225.13281440734863,112,15625000.0,226.58593940734863,2.809739112854004,"coarse (>5 MHz, continuum-mode -- weak technosignature constraint)"
BD05__1668_B6_EB_X7c16,A002_Xc74b5b_X7c16,239.13281059285134,240.86718559285134,112,15625000.0,240.17968559285134,3.0893969535827637,"coarse (>5 MHz, continuum-mode -- weak technosignature constraint)"
BD05__1668_B6_EB_X7c16,A002_Xc74b5b_X7c16,241.1328105926514,242.8671855926514,112,15625000.0,241.9921855926514,2.2487564086914062,"coarse (>5 MHz, continuum-mode -- weak technosignature constraint)"
BD05__1668_B6_EB_X83b4,A002_Xcb8a93_X83b4,224.86718940734863,223.13281440734863,112,15625000.0,223.85156440734863,2.433121919631958,"coarse (>5 MHz, continuum-mode -- weak technosignature constraint)"
BD05__1668_B6_EB_X83b4,A002_Xcb8a93_X83b4,226.86718940734863,225.13281440734863,112,15625000.0,226.22656440734863,2.867800712585449,"coarse (>5 MHz, continuum-mode -- weak technosignature constraint)"
BD05__1668_B6_EB_X83b4,A002_Xcb8a93_X83b4,239.13281059285134,240.86718559285134,112,15625000.0,239.99218559285134,3.0961668491363525,"coarse (>5 MHz, continuum-mode -- weak technosignature constraint)"
BD05__1668_B6_EB_X83b4,A002_Xcb8a93_X83b4,241.1328105926514,242.8671855926514,112,15625000.0,242.0390605926514,2.2779276371002197,"coarse (>5 MHz, continuum-mode -- weak technosignature constraint)"
BD05__1668_B6_EB_Xa0b7,A002_Xc9831a_Xa0b7,224.86718940734863,223.13281440734863,112,15625000.0,223.69531440734863,2.421454668045044,"coarse (>5 MHz, continuum-mode -- weak technosignature constraint)"
BD05__1668_B6_EB_Xa0b7,A002_Xc9831a_Xa0b7,226.86718940734863,225.13281440734863,112,15625000.0,225.85156440734863,3.2714908123016357,"coarse (>5 MHz, continuum-mode -- weak technosignature constraint)"
BD05__1668_B6_EB_Xa0b7,A002_Xc9831a_Xa0b7,239.13281059285134,240.86718559285134,112,15625000.0,240.82031059285134,2.6184535026550293,"coarse (>5 MHz, continuum-mode -- weak technosignature constraint)"
BD05__1668_B6_EB_Xa0b7,A002_Xc9831a_Xa0b7,241.1328105926514,242.8671855926514,112,15625000.0,241.7265605926514,3.1556625366210938,"coarse (>5 MHz, continuum-mode -- weak technosignature constraint)"
BD05__1668_B6_EB_Xaa2f,A002_Xc92fe3_Xaa2f,224.86718940734863,223.13281440734863,112,15625000.0,224.67968940734863,2.3922550678253174,"coarse (>5 MHz, continuum-mode -- weak technosignature constraint)"
BD05__1668_B6_EB_Xaa2f,A002_Xc92fe3_Xaa2f,226.86718940734863,225.13281440734863,112,15625000.0,226.60156440734863,2.1686131954193115,"coarse (>5 MHz, continuum-mode -- weak technosignature constraint)"
BD05__1668_B6_EB_Xaa2f,A002_Xc92fe3_Xaa2f,239.13281059285134,240.86718559285134,112,15625000.0,240.85156059285134,2.3066534996032715,"coarse (>5 MHz, continuum-mode -- weak technosignature constraint)"
BD05__1668_B6_EB_Xaa2f,A002_Xc92fe3_Xaa2f,241.1328105926514,242.8671855926514,112,15625000.0,241.3515605926514,2.8604838848114014,"coarse (>5 MHz, continuum-mode -- weak technosignature constraint)"
BD05__1668_B6_EB_Xafd5,A002_Xc8ed16_Xafd5,224.86718940734863,223.13281440734863,112,15625000.0,224.19531440734863,2.559281826019287,"coarse (>5 MHz, continuum-mode -- weak technosignature constraint)"
BD05__1668_B6_EB_Xafd5,A002_Xc8ed16_Xafd5,226.86718940734863,225.13281440734863,112,15625000.0,226.14843940734863,1.9691715240478516,"coarse (>5 MHz, continuum-mode -- weak technosignature constraint)"
BD05__1668_B6_EB_Xafd5,A002_Xc8ed16_Xafd5,239.13281059285134,240.86718559285134,112,15625000.0,239.24218559285134,3.1095974445343018,"coarse (>5 MHz, continuum-mode -- weak technosignature constraint)"
BD05__1668_B6_EB_Xafd5,A002_Xc8ed16_Xafd5,241.1328105926514,242.8671855926514,112,15625000.0,242.7890605926514,2.6855552196502686,"coarse (>5 MHz, continuum-mode -- weak technosignature constraint)"
BD05__1668_B6_EB_Xb5c5,A002_Xc94c38_Xb5c5,224.86718940734863,223.13281440734863,112,15625000.0,223.58593940734863,3.6152100563049316,"coarse (>5 MHz, continuum-mode -- weak technosignature constraint)"
BD05__1668_B6_EB_Xb5c5,A002_Xc94c38_Xb5c5,226.86718940734863,225.13281440734863,112,15625000.0,225.80468940734863,2.488982915878296,"coarse (>5 MHz, continuum-mode -- weak technosignature constraint)"
BD05__1668_B6_EB_Xb5c5,A002_Xc94c38_Xb5c5,239.13281059285134,240.86718559285134,112,15625000.0,239.69531059285134,2.499150276184082,"coarse (>5 MHz, continuum-mode -- weak technosignature constraint)"
BD05__1668_B6_EB_Xb5c5,A002_Xc94c38_Xb5c5,241.1328105926514,242.8671855926514,112,15625000.0,242.3359355926514,2.1375975608825684,"coarse (>5 MHz, continuum-mode -- weak technosignature constraint)"
BD05__1668_B6_EB_Xc003,A002_Xc94c38_Xc003,224.86718940734863,223.13281440734863,112,15625000.0,223.24218940734863,3.4534029960632324,"coarse (>5 MHz, continuum-mode -- weak technosignature constraint)"
BD05__1668_B6_EB_Xc003,A002_Xc94c38_Xc003,226.86718940734863,225.13281440734863,112,15625000.0,225.82031440734863,3.4298250675201416,"coarse (>5 MHz, continuum-mode -- weak technosignature constraint)"
BD05__1668_B6_EB_Xc003,A002_Xc94c38_Xc003,239.13281059285134,240.86718559285134,112,15625000.0,239.92968559285134,2.562370538711548,"coarse (>5 MHz, continuum-mode -- weak technosignature constraint)"
BD05__1668_B6_EB_Xc003,A002_Xc94c38_Xc003,241.1328105926514,242.8671855926514,112,15625000.0,242.4765605926514,2.0471532344818115,"coarse (>5 MHz, continuum-mode -- weak technosignature constraint)"
BD05__1668_B6_EB_Xd319,A002_Xc8592e_Xd319,224.86718940734863,223.13281440734863,112,15625000.0,224.83593940734863,3.0882632732391357,"coarse (>5 MHz, continuum-mode -- weak technosignature constraint)"
BD05__1668_B6_EB_Xd319,A002_Xc8592e_Xd319,226.86718940734863,225.13281440734863,112,15625000.0,226.33593940734863,2.523252010345459,"coarse (>5 MHz, continuum-mode -- weak technosignature constraint)"
BD05__1668_B6_EB_Xd319,A002_Xc8592e_Xd319,239.13281059285134,240.86718559285134,112,15625000.0,240.67968559285134,2.4015185832977295,"coarse (>5 MHz, continuum-mode -- weak technosignature constraint)"
BD05__1668_B6_EB_Xd319,A002_Xc8592e_Xd319,241.1328105926514,242.8671855926514,112,15625000.0,241.2265605926514,2.470102310180664,"coarse (>5 MHz, continuum-mode -- weak technosignature constraint)"
BD05__1668_B6_EB_Xe2c,A002_Xca2b8a_Xe2c,224.86718940734863,223.13281440734863,112,15625000.0,223.53906440734863,2.6290440559387207,"coarse (>5 MHz, continuum-mode -- weak technosignature constraint)"
BD05__1668_B6_EB_Xe2c,A002_Xca2b8a_Xe2c,226.86718940734863,225.13281440734863,112,15625000.0,225.72656440734863,2.467223882675171,"coarse (>5 MHz, continuum-mode -- weak technosignature constraint)"
BD05__1668_B6_EB_Xe2c,A002_Xca2b8a_Xe2c,239.13281059285134,240.86718559285134,112,15625000.0,240.21093559285134,3.012404441833496,"coarse (>5 MHz, continuum-mode -- weak technosignature constraint)"
BD05__1668_B6_EB_Xe2c,A002_Xca2b8a_Xe2c,241.1328105926514,242.8671855926514,112,15625000.0,242.3828105926514,3.3136444091796875,"coarse (>5 MHz, continuum-mode -- weak technosignature constraint)"
BD05__1668_B6_EB_Xebf,A002_Xca464b_Xebf,224.86718940734863,223.13281440734863,112,15625000.0,223.72656440734863,2.5919551849365234,"coarse (>5 MHz, continuum-mode -- weak technosignature constraint)"
BD05__1668_B6_EB_Xebf,A002_Xca464b_Xebf,226.86718940734863,225.13281440734863,112,15625000.0,226.49218940734863,2.6009879112243652,"coarse (>5 MHz, continuum-mode -- weak technosignature constraint)"
BD05__1668_B6_EB_Xebf,A002_Xca464b_Xebf,239.13281059285134,240.86718559285134,112,15625000.0,239.27343559285134,2.8837661743164062,"coarse (>5 MHz, continuum-mode -- weak technosignature constraint)"
BD05__1668_B6_EB_Xebf,A002_Xca464b_Xebf,241.1328105926514,242.8671855926514,112,15625000.0,241.9140605926514,2.3897509574890137,"coarse (>5 MHz, continuum-mode -- weak technosignature constraint)"
Barta_161_12_B7,A002_Xce1e34_X1fb8,347.04821900101274,348.78259400101274,112,15625000.0,347.48571900101274,2.8227829933166504,"coarse (>5 MHz, continuum-mode -- weak technosignature constraint)"
Barta_161_12_B7,A002_Xce1e34_X1fb8,336.78259400101274,335.04821900101274,112,15625000.0,335.32946900101274,3.1988606452941895,"coarse (>5 MHz, continuum-mode -- weak technosignature constraint)"
Barta_161_12_B7,A002_Xce1e34_X1fb8,334.88709400101277,333.15271900101277,112,15625000.0,334.05896900101277,1.72367262840271,"coarse (>5 MHz, continuum-mode -- weak technosignature constraint)"
Barta_161_12_B7,A002_Xce1e34_X1fb8,345.15735767288777,346.88245532913777,3534,488281.25,345.99622486038777,4.050592422485352,fine (<1 MHz)
CD-23_14742_B6,A002_Xfeb5e6_X13ee,224.91406440734863,223.08593940734863,118,15625000.0,223.99218940734863,2.5029852390289307,"coarse (>5 MHz, continuum-mode -- weak technosignature constraint)"
CD-23_14742_B6,A002_Xfeb5e6_X13ee,224.91406440734863,223.08593940734863,118,15625000.0,223.99218940734863,2.5029852390289307,"coarse (>5 MHz, continuum-mode -- weak technosignature constraint)"
CD-23_14742_B6,A002_Xfeb5e6_X13ee,226.91406440734863,225.08593940734863,118,15625000.0,226.27343940734863,2.5635788440704346,"coarse (>5 MHz, continuum-mode -- weak technosignature constraint)"
CD-23_14742_B6,A002_Xfeb5e6_X13ee,239.08593559285134,240.91406059285134,118,15625000.0,240.33593559285134,3.4726483821868896,"coarse (>5 MHz, continuum-mode -- weak technosignature constraint)"
CD-23_14742_B6,A002_Xfeb5e6_X13ee,241.0859355926514,242.9140605926514,118,15625000.0,242.7734355926514,3.1119332313537598,"coarse (>5 MHz, continuum-mode -- weak technosignature constraint)"
CD-23_14742_B6_EB_X11fd,A002_Xfec857_X11fd,224.91406440734863,223.08593940734863,118,15625000.0,224.21093940734863,3.0995516777038574,"coarse (>5 MHz, continuum-mode -- weak technosignature constraint)"
CD-23_14742_B6_EB_X11fd,A002_Xfec857_X11fd,226.91406440734863,225.08593940734863,118,15625000.0,225.25781440734863,2.0364725589752197,"coarse (>5 MHz, continuum-mode -- weak technosignature constraint)"
CD-23_14742_B6_EB_X11fd,A002_Xfec857_X11fd,239.08593559285134,240.91406059285134,118,15625000.0,240.03906059285134,2.7054946422576904,"coarse (>5 MHz, continuum-mode -- weak technosignature constraint)"
CD-23_14742_B6_EB_X11fd,A002_Xfec857_X11fd,241.0859355926514,242.9140605926514,118,15625000.0,241.5078105926514,2.5082199573516846,"coarse (>5 MHz, continuum-mode -- weak technosignature constraint)"
CD-23_14742_B6_EB_X13ee,A002_Xfeb5e6_X13ee,224.91406440734863,223.08593940734863,118,15625000.0,223.99218940734863,2.513097047805786,"coarse (>5 MHz, continuum-mode -- weak technosignature constraint)"
CD-23_14742_B6_EB_X13ee,A002_Xfeb5e6_X13ee,226.91406440734863,225.08593940734863,118,15625000.0,226.02343940734863,2.92376446723938,"coarse (>5 MHz, continuum-mode -- weak technosignature constraint)"
CD-23_14742_B6_EB_X13ee,A002_Xfeb5e6_X13ee,239.08593559285134,240.91406059285134,118,15625000.0,240.33593559285134,3.669252634048462,"coarse (>5 MHz, continuum-mode -- weak technosignature constraint)"
CD-23_14742_B6_EB_X13ee,A002_Xfeb5e6_X13ee,241.0859355926514,242.9140605926514,118,15625000.0,241.3828105926514,3.344011068344116,"coarse (>5 MHz, continuum-mode -- weak technosignature constraint)"
CD-23_14742_B6_EB_X2c8d,A002_Xfee03e_X2c8d,224.91406440734863,223.08593940734863,118,15625000.0,224.03906440734863,2.7639236450195312,"coarse (>5 MHz, continuum-mode -- weak technosignature constraint)"
CD-23_14742_B6_EB_X2c8d,A002_Xfee03e_X2c8d,226.91406440734863,225.08593940734863,118,15625000.0,226.85156440734863,2.6926281452178955,"coarse (>5 MHz, continuum-mode -- weak technosignature constraint)"
CD-23_14742_B6_EB_X2c8d,A002_Xfee03e_X2c8d,239.08593559285134,240.91406059285134,118,15625000.0,239.24218559285134,2.2470543384552,"coarse (>5 MHz, continuum-mode -- weak technosignature constraint)"
CD-23_14742_B6_EB_X2c8d,A002_Xfee03e_X2c8d,241.0859355926514,242.9140605926514,118,15625000.0,242.4140605926514,2.987389326095581,"coarse (>5 MHz, continuum-mode -- weak technosignature constraint)"
CD-23_14742_B6_EB_X45d,A002_Xfef6d0_X45d,224.91406440734863,223.08593940734863,118,15625000.0,223.16406440734863,2.682668924331665,"coarse (>5 MHz, continuum-mode -- weak technosignature constraint)"
CD-23_14742_B6_EB_X45d,A002_Xfef6d0_X45d,226.91406440734863,225.08593940734863,118,15625000.0,225.53906440734863,2.878014087677002,"coarse (>5 MHz, continuum-mode -- weak technosignature constraint)"
CD-23_14742_B6_EB_X45d,A002_Xfef6d0_X45d,239.08593559285134,240.91406059285134,118,15625000.0,239.41406059285134,3.3999176025390625,"coarse (>5 MHz, continuum-mode -- weak technosignature constraint)"
CD-23_14742_B6_EB_X45d,A002_Xfef6d0_X45d,241.0859355926514,242.9140605926514,118,15625000.0,241.4765605926514,2.723269462585449,"coarse (>5 MHz, continuum-mode -- weak technosignature constraint)"
CD-23_14742_B6_EB_X6b2,A002_Xfec857_X6b2,224.91406440734863,223.08593940734863,118,15625000.0,224.63281440734863,3.0998592376708984,"coarse (>5 MHz, continuum-mode -- weak technosignature constraint)"
CD-23_14742_B6_EB_X6b2,A002_Xfec857_X6b2,226.91406440734863,225.08593940734863,118,15625000.0,226.10156440734863,3.0878210067749023,"coarse (>5 MHz, continuum-mode -- weak technosignature constraint)"
CD-23_14742_B6_EB_X6b2,A002_Xfec857_X6b2,239.08593559285134,240.91406059285134,118,15625000.0,239.38281059285134,3.228071928024292,"coarse (>5 MHz, continuum-mode -- weak technosignature constraint)"
CD-23_14742_B6_EB_X6b2,A002_Xfec857_X6b2,241.0859355926514,242.9140605926514,118,15625000.0,241.8828105926514,2.3803353309631348,"coarse (>5 MHz, continuum-mode -- weak technosignature constraint)"
CD-23_14742_B6_EB_X82ee,A002_Xfee03e_X82ee,224.91406440734863,223.08593940734863,118,15625000.0,224.57031440734863,1.935247540473938,"coarse (>5 MHz, continuum-mode -- weak technosignature constraint)"
CD-23_14742_B6_EB_X82ee,A002_Xfee03e_X82ee,226.91406440734863,225.08593940734863,118,15625000.0,226.22656440734863,2.5564935207366943,"coarse (>5 MHz, continuum-mode -- weak technosignature constraint)"
CD-23_14742_B6_EB_X82ee,A002_Xfee03e_X82ee,239.08593559285134,240.91406059285134,118,15625000.0,240.21093559285134,3.879065752029419,"coarse (>5 MHz, continuum-mode -- weak technosignature constraint)"
CD-23_14742_B6_EB_X82ee,A002_Xfee03e_X82ee,241.0859355926514,242.9140605926514,118,15625000.0,241.5859355926514,2.279308319091797,"coarse (>5 MHz, continuum-mode -- weak technosignature constraint)"
CD-23_14742_B6_EB_X9376,A002_Xfee03e_X9376,224.91406440734863,223.08593940734863,118,15625000.0,224.52343940734863,2.5912368297576904,"coarse (>5 MHz, continuum-mode -- weak technosignature constraint)"
CD-23_14742_B6_EB_X9376,A002_Xfee03e_X9376,226.91406440734863,225.08593940734863,118,15625000.0,225.22656440734863,2.4050180912017822,"coarse (>5 MHz, continuum-mode -- weak technosignature constraint)"
CD-23_14742_B6_EB_X9376,A002_Xfee03e_X9376,239.08593559285134,240.91406059285134,118,15625000.0,240.07031059285134,2.6804914474487305,"coarse (>5 MHz, continuum-mode -- weak technosignature constraint)"
CD-23_14742_B6_EB_X9376,A002_Xfee03e_X9376,241.0859355926514,242.9140605926514,118,15625000.0,241.6171855926514,3.1364920139312744,"coarse (>5 MHz, continuum-mode -- weak technosignature constraint)"
CD-23_14742_B6_EB_Xd2c,A002_Xfed4ee_Xd2c,224.91406440734863,223.08593940734863,118,15625000.0,224.60156440734863,2.4925758838653564,"coarse (>5 MHz, continuum-mode -- weak technosignature constraint)"
CD-23_14742_B6_EB_Xd2c,A002_Xfed4ee_Xd2c,226.91406440734863,225.08593940734863,118,15625000.0,226.60156440734863,2.925506830215454,"coarse (>5 MHz, continuum-mode -- weak technosignature constraint)"
CD-23_14742_B6_EB_Xd2c,A002_Xfed4ee_Xd2c,239.08593559285134,240.91406059285134,118,15625000.0,240.38281059285134,2.4928135871887207,"coarse (>5 MHz, continuum-mode -- weak technosignature constraint)"
CD-23_14742_B6_EB_Xd2c,A002_Xfed4ee_Xd2c,241.0859355926514,242.9140605926514,118,15625000.0,241.1796855926514,2.8507583141326904,"coarse (>5 MHz, continuum-mode -- weak technosignature constraint)"
CD-38_10980_B6,A002_Xe5808e_X80a1,224.9140625,223.0859375,118,15625000.0,223.7265625,3.8715052604675293,"coarse (>5 MHz, continuum-mode -- weak technosignature constraint)"
CD-38_10980_B6,A002_Xe5808e_X80a1,226.9140625,225.0859375,118,15625000.0,225.2734375,1.8870794773101807,"coarse (>5 MHz, continuum-mode -- weak technosignature constraint)"
CD-38_10980_B6,A002_Xe5808e_X80a1,239.08593750019998,240.91406250019998,118,15625000.0,240.14843750019998,2.6761441230773926,"coarse (>5 MHz, continuum-mode -- weak technosignature constraint)"
CD-38_10980_B6,A002_Xe5808e_X80a1,241.08593750000003,242.91406250000003,118,15625000.0,241.92968750000003,2.6142215728759766,"coarse (>5 MHz, continuum-mode -- weak technosignature constraint)"
CD-57_1054_B7,A002_Xcf525f_X5aa4,347.01403856152064,348.74841356152064,112,15625000.0,347.38903856152064,2.481013774871826,"coarse (>5 MHz, continuum-mode -- weak technosignature constraint)"
CD-57_1054_B7,A002_Xcf525f_X5aa4,336.74841356152064,335.01403856152064,112,15625000.0,336.49841356152064,2.819645881652832,"coarse (>5 MHz, continuum-mode -- weak technosignature constraint)"
CD-57_1054_B7,A002_Xcf525f_X5aa4,334.8529135615206,333.1185385615206,112,15625000.0,334.2747885615206,2.344228506088257,"coarse (>5 MHz, continuum-mode -- weak technosignature constraint)"
CD-57_1054_B7,A002_Xcf525f_X5aa4,345.1231772333956,346.8482748896456,3534,488281.25,346.5098959833956,5.108293056488037,fine (<1 MHz)
CD-57_1054_B7_EB_X3077,A002_Xd09670_X3077,347.01531759502683,348.74969259502683,112,15625000.0,348.09344259502683,2.3271849155426025,"coarse (>5 MHz, continuum-mode -- weak technosignature constraint)"
CD-57_1054_B7_EB_X3077,A002_Xd09670_X3077,336.74969259502683,335.01531759502683,112,15625000.0,335.34344259502683,3.1107003688812256,"coarse (>5 MHz, continuum-mode -- weak technosignature constraint)"
CD-57_1054_B7_EB_X3077,A002_Xd09670_X3077,334.85419259502686,333.11981759502686,112,15625000.0,334.38544259502686,2.3137261867523193,"coarse (>5 MHz, continuum-mode -- weak technosignature constraint)"
CD-57_1054_B7_EB_X3077,A002_Xd09670_X3077,345.12445626690186,346.84955392315186,3534,488281.25,345.80902657940186,4.2905755043029785,fine (<1 MHz)
CD-57_1054_B7_EB_X5aa4,A002_Xcf525f_X5aa4,347.01403856152064,348.74841356152064,112,15625000.0,347.38903856152064,2.481013059616089,"coarse (>5 MHz, continuum-mode -- weak technosignature constraint)"
CD-57_1054_B7_EB_X5aa4,A002_Xcf525f_X5aa4,336.74841356152064,335.01403856152064,112,15625000.0,336.49841356152064,2.819648504257202,"coarse (>5 MHz, continuum-mode -- weak technosignature constraint)"
CD-57_1054_B7_EB_X5aa4,A002_Xcf525f_X5aa4,334.8529135615206,333.1185385615206,112,15625000.0,334.2747885615206,2.3442294597625732,"coarse (>5 MHz, continuum-mode -- weak technosignature constraint)"
CD-57_1054_B7_EB_X5aa4,A002_Xcf525f_X5aa4,345.1231772333956,346.8482748896456,3534,488281.25,346.5098959833956,5.1082916259765625,fine (<1 MHz)
CP-72_2713_B6,A002_Xc296d2_X148c,230.5065413744593,230.9666243822718,3770,122070.3125,230.5520736010218,4.9154815673828125,fine (<1 MHz)
CP-72_2713_B6,A002_Xc296d2_X148c,232.6260161367865,234.3603911367865,112,15625000.0,233.3447661367865,2.504565954208374,"coarse (>5 MHz, continuum-mode -- weak technosignature constraint)"
CP-72_2713_B6,A002_Xc296d2_X148c,217.8608713934624,216.1264963934624,112,15625000.0,216.3608713934624,2.627851724624634,"coarse (>5 MHz, continuum-mode -- weak technosignature constraint)"
CP-72_2713_B6,A002_Xc296d2_X148c,220.4057773758995,218.5654453446495,3770,488281.25,219.2837070633995,4.3728156089782715,fine (<1 MHz)
CP-72_2713_B6_EB_X148c,A002_Xc296d2_X148c,230.5065413744593,230.9666243822718,3770,122070.3125,230.8957015307093,4.778474807739258,fine (<1 MHz)
CP-72_2713_B6_EB_X148c,A002_Xc296d2_X148c,232.6260161367865,234.3603911367865,112,15625000.0,233.3447661367865,2.129218578338623,"coarse (>5 MHz, continuum-mode -- weak technosignature constraint)"
CP-72_2713_B6_EB_X148c,A002_Xc296d2_X148c,217.8608713934624,216.1264963934624,112,15625000.0,216.3608713934624,2.8472728729248047,"coarse (>5 MHz, continuum-mode -- weak technosignature constraint)"
CP-72_2713_B6_EB_X148c,A002_Xc296d2_X148c,220.4057773758995,218.5654453446495,3770,488281.25,219.2837070633995,4.406092166900635,fine (<1 MHz)
CP-72_2713_B6_EB_X59c8,A002_Xc296d2_X59c8,230.5063215622708,230.9664045700833,3770,122070.3125,230.8591047653958,4.874594688415527,fine (<1 MHz)
CP-72_2713_B6_EB_X59c8,A002_Xc296d2_X59c8,232.62579441824036,234.36016941824036,112,15625000.0,234.07891941824036,2.5555009841918945,"coarse (>5 MHz, continuum-mode -- weak technosignature constraint)"
CP-72_2713_B6_EB_X59c8,A002_Xc296d2_X59c8,217.86066534239382,216.12629034239382,112,15625000.0,217.84504034239382,3.4957985877990723,"coarse (>5 MHz, continuum-mode -- weak technosignature constraint)"
CP-72_2713_B6_EB_X59c8,A002_Xc296d2_X59c8,220.40556895856705,218.56523692731705,3770,488281.25,220.08672130231705,4.653034687042236,fine (<1 MHz)
CP-72_2713_B7,A002_Xff0235_X4a6d,334.0881582314943,332.2600332314943,118,15625000.0,332.3694082314943,2.365548610687256,"coarse (>5 MHz, continuum-mode -- weak technosignature constraint)"
CP-72_2713_B7,A002_Xff0235_X4a6d,342.3092519054621,344.1373769054621,118,15625000.0,343.4030019054621,2.2253332138061523,"coarse (>5 MHz, continuum-mode -- weak technosignature constraint)"
CP-72_2713_B7,A002_Xff0235_X4a6d,332.14475389660316,330.41965624035316,3534,488281.25,331.92991014660316,4.544008731842041,fine (<1 MHz)
CP-72_2713_B7,A002_Xff0235_X4a6d,344.25265624035313,345.97775389660313,3534,488281.25,344.26974608410313,5.80891227722168,fine (<1 MHz)
CP-72_2713_B7_EB_X1e10,A002_Xff294f_X1e10,332.2020247001343,330.3616926688843,3770,488281.25,331.3338606376343,5.124209403991699,fine (<1 MHz)
CP-72_2713_B7_EB_X1e10,A002_Xff294f_X1e10,334.0878170220804,332.2596920220804,118,15625000.0,333.5096920220804,3.2564542293548584,"coarse (>5 MHz, continuum-mode -- weak technosignature constraint)"
CP-72_2713_B7_EB_X1e10,A002_Xff294f_X1e10,342.30889653224096,344.13702153224096,118,15625000.0,342.82452153224096,2.6688976287841797,"coarse (>5 MHz, continuum-mode -- weak technosignature constraint)"
CP-72_2713_B7_EB_X1e10,A002_Xff294f_X1e10,344.194688854187,346.035020885437,3770,488281.25,344.748399791687,4.956660270690918,fine (<1 MHz)
CP-72_2713_B7_EB_Xa6a3,A002_Xff0235_Xa6a3,332.20211846391345,330.36178643266345,3770,488281.25,331.44625908891345,4.9805216789245605,fine (<1 MHz)
CP-72_2713_B7_EB_Xa6a3,A002_Xff0235_Xa6a3,334.0879093928136,332.2597843928136,118,15625000.0,333.9785343928136,2.708747148513794,"coarse (>5 MHz, continuum-mode -- weak technosignature constraint)"
CP-72_2713_B7_EB_Xa6a3,A002_Xff0235_Xa6a3,342.30899168906615,344.13711668906615,118,15625000.0,342.84024168906615,3.065011739730835,"coarse (>5 MHz, continuum-mode -- weak technosignature constraint)"
CP-72_2713_B7_EB_Xa6a3,A002_Xff0235_Xa6a3,344.1947826179662,346.0351146492162,3770,488281.25,345.1186107429662,5.032382488250732,fine (<1 MHz)
CP-72_2713_B7_EB_Xb32c,A002_Xff0235_Xb32c,332.2020511135136,330.3617190822636,3770,488281.25,332.0531253322636,4.2667365074157715,fine (<1 MHz)
CP-72_2713_B7_EB_Xb32c,A002_Xff0235_Xb32c,334.08784304303686,332.25971804303686,118,15625000.0,332.80659304303686,3.1272404193878174,"coarse (>5 MHz, continuum-mode -- weak technosignature constraint)"
CP-72_2713_B7_EB_Xb32c,A002_Xff0235_Xb32c,342.3089233380432,344.1370483380432,118,15625000.0,343.2307983380432,2.708975315093994,"coarse (>5 MHz, continuum-mode -- weak technosignature constraint)"
CP-72_2713_B7_EB_Xb32c,A002_Xff0235_Xb32c,344.1947152675663,346.0350472988163,3770,488281.25,345.7596566738163,5.0123610496521,fine (<1 MHz)
CP-72_2713_EB2,A002_Xff0235_X502d,334.08807189843816,332.25994689843816,118,15625000.0,333.58807189843816,2.645965576171875,"coarse (>5 MHz, continuum-mode -- weak technosignature constraint)"
CP-72_2713_EB2,A002_Xff0235_X502d,342.30916296842275,344.13728796842275,118,15625000.0,342.34041296842275,2.982239007949829,"coarse (>5 MHz, continuum-mode -- weak technosignature constraint)"
CP-72_2713_EB2,A002_Xff0235_X502d,332.14466626155547,330.41956860530547,3534,488281.25,331.25941235530547,4.469559669494629,fine (<1 MHz)
CP-72_2713_EB2,A002_Xff0235_X502d,344.2525686053055,345.9776662615555,3534,488281.25,344.7647756365555,4.69818639755249,fine (<1 MHz)
GJ14__Gaia_DR3_383426372059603712__B6,A002_Xcf196f_Xabc5,242.24921374586197,243.98358874586197,112,15625000.0,242.79608874586197,3.0197839736938477,"coarse (>5 MHz, continuum-mode -- weak technosignature constraint)"
GJ14__Gaia_DR3_383426372059603712__B6,A002_Xcf196f_Xabc5,244.24934867998138,245.98372367998138,112,15625000.0,244.42122367998138,2.7798917293548584,"coarse (>5 MHz, continuum-mode -- weak technosignature constraint)"
GJ14__Gaia_DR3_383426372059603712__B6,A002_Xcf196f_Xabc5,228.0868963578216,226.3617987015716,3534,488281.25,227.6332830765716,4.257956027984619,fine (<1 MHz)
GJ14__Gaia_DR3_383426372059603712__B6,A002_Xcf196f_Xabc5,230.97807300186062,229.25297534561062,3534,488281.25,229.48588550186062,4.620992660522461,fine (<1 MHz)
GJ14__Gaia_DR3_383426372059603712__B6_EB_X1d79,A002_Xd09670_X1d79,242.24784108436404,243.98221608436404,112,15625000.0,242.41971608436404,2.8399970531463623,"coarse (>5 MHz, continuum-mode -- weak technosignature constraint)"
GJ14__Gaia_DR3_383426372059603712__B6_EB_X1d79,A002_Xd09670_X1d79,244.2479647255053,245.9823397255053,112,15625000.0,245.0448397255053,2.609044313430786,"coarse (>5 MHz, continuum-mode -- weak technosignature constraint)"
GJ14__Gaia_DR3_383426372059603712__B6_EB_X1d79,A002_Xd09670_X1d79,228.08556166896284,226.36046401271284,3534,488281.25,227.77403823146284,4.929709434509277,fine (<1 MHz)
GJ14__Gaia_DR3_383426372059603712__B6_EB_X1d79,A002_Xd09670_X1d79,230.97677374472093,229.25167608847093,3534,488281.25,230.05245733847093,4.184475898742676,fine (<1 MHz)
GJ_2006A_B7,A002_Xcdb7b8_Xfb16,347.04646661356134,348.78084161356134,112,15625000.0,348.09334161356134,2.070281982421875,"coarse (>5 MHz, continuum-mode -- weak technosignature constraint)"
GJ_2006A_B7,A002_Xcdb7b8_Xfb16,336.78084161356134,335.04646661356134,112,15625000.0,336.67146661356134,2.375697374343872,"coarse (>5 MHz, continuum-mode -- weak technosignature constraint)"
GJ_2006A_B7,A002_Xcdb7b8_Xfb16,334.88534161356137,333.15096661356137,112,15625000.0,334.65096661356137,2.20469069480896,"coarse (>5 MHz, continuum-mode -- weak technosignature constraint)"
GJ_2006A_B7,A002_Xcdb7b8_Xfb16,345.15560528543637,346.88070294168637,3534,488281.25,345.38900372293637,4.405954837799072,fine (<1 MHz)
GJ_2006B_B7,A002_Xcdb7b8_Xfb16,347.04646661356134,348.78084161356134,112,15625000.0,348.39021661356134,2.278402328491211,"coarse (>5 MHz, continuum-mode -- weak technosignature constraint)"
GJ_2006B_B7,A002_Xcdb7b8_Xfb16,336.78084161356134,335.04646661356134,112,15625000.0,336.07771661356134,2.7955806255340576,"coarse (>5 MHz, continuum-mode -- weak technosignature constraint)"
GJ_2006B_B7,A002_Xcdb7b8_Xfb16,334.88534161356137,333.15096661356137,112,15625000.0,333.15096661356137,2.264638662338257,"coarse (>5 MHz, continuum-mode -- weak technosignature constraint)"
GJ_2006B_B7,A002_Xcdb7b8_Xfb16,345.15560528543637,346.88070294168637,3534,488281.25,346.13363262918637,4.221289157867432,fine (<1 MHz)
GJ_581,A002_Xd16a1e_X8d4,224.91406440734863,223.08593940734863,118,15625000.0,224.71093940734863,2.445645332336426,
GJ_581_B6,A002_Xd16a1e_X8d4,224.91406440734863,223.08593940734863,118,15625000.0,224.71093940734863,2.432654857635498,"coarse (>5 MHz, continuum-mode -- weak technosignature constraint)"
GJ_581_B6,A002_Xd16a1e_X8d4,226.91406440734863,225.08593940734863,118,15625000.0,225.46093940734863,3.4852025508880615,"coarse (>5 MHz, continuum-mode -- weak technosignature constraint)"
GJ_581_B6,A002_Xd16a1e_X8d4,239.08593559285134,240.91406059285134,118,15625000.0,240.24218559285134,3.591209888458252,"coarse (>5 MHz, continuum-mode -- weak technosignature constraint)"
GJ_581_B6,A002_Xd16a1e_X8d4,241.0859355926514,242.9140605926514,118,15625000.0,242.1640605926514,2.4509761333465576,"coarse (>5 MHz, continuum-mode -- weak technosignature constraint)"
GJ_581_B6_EB_X166,A002_Xd1ff61_X166,224.91406440734863,223.08593940734863,118,15625000.0,224.50781440734863,2.60689115524292,"coarse (>5 MHz, continuum-mode -- weak technosignature constraint)"
GJ_581_B6_EB_X166,A002_Xd1ff61_X166,226.91406440734863,225.08593940734863,118,15625000.0,226.89843940734863,2.2150893211364746,"coarse (>5 MHz, continuum-mode -- weak technosignature constraint)"
GJ_581_B6_EB_X166,A002_Xd1ff61_X166,239.08593559285134,240.91406059285134,118,15625000.0,239.97656059285134,3.5164968967437744,"coarse (>5 MHz, continuum-mode -- weak technosignature constraint)"
GJ_581_B6_EB_X166,A002_Xd1ff61_X166,241.0859355926514,242.9140605926514,118,15625000.0,242.4296855926514,3.4598934650421143,"coarse (>5 MHz, continuum-mode -- weak technosignature constraint)"
GJ_581_B6_EB_X282,A002_Xd1daeb_X282,224.91406440734863,223.08593940734863,118,15625000.0,224.83593940734863,2.721508264541626,"coarse (>5 MHz, continuum-mode -- weak technosignature constraint)"
GJ_581_B6_EB_X282,A002_Xd1daeb_X282,226.91406440734863,225.08593940734863,118,15625000.0,226.82031440734863,2.7691311836242676,"coarse (>5 MHz, continuum-mode -- weak technosignature constraint)"
GJ_581_B6_EB_X282,A002_Xd1daeb_X282,239.08593559285134,240.91406059285134,118,15625000.0,240.41406059285134,2.5658633708953857,"coarse (>5 MHz, continuum-mode -- weak technosignature constraint)"
GJ_581_B6_EB_X282,A002_Xd1daeb_X282,241.0859355926514,242.9140605926514,118,15625000.0,241.8671855926514,3.5468480587005615,"coarse (>5 MHz, continuum-mode -- weak technosignature constraint)"
GJ_581_B6_EB_X2f3,A002_Xd1b0f3_X2f3,224.91406440734863,223.08593940734863,118,15625000.0,224.44531440734863,2.9795894622802734,"coarse (>5 MHz, continuum-mode -- weak technosignature constraint)"
GJ_581_B6_EB_X2f3,A002_Xd1b0f3_X2f3,226.91406440734863,225.08593940734863,118,15625000.0,225.08593940734863,2.6110427379608154,"coarse (>5 MHz, continuum-mode -- weak technosignature constraint)"
GJ_581_B6_EB_X2f3,A002_Xd1b0f3_X2f3,239.08593559285134,240.91406059285134,118,15625000.0,240.46093559285134,2.8945276737213135,"coarse (>5 MHz, continuum-mode -- weak technosignature constraint)"
GJ_581_B6_EB_X2f3,A002_Xd1b0f3_X2f3,241.0859355926514,242.9140605926514,118,15625000.0,241.9609355926514,3.3493616580963135,"coarse (>5 MHz, continuum-mode -- weak technosignature constraint)"
GJ_581_B6_EB_X2fa,A002_Xd248b5_X2fa,224.91406440734863,223.08593940734863,118,15625000.0,224.22656440734863,2.8419344425201416,"coarse (>5 MHz, continuum-mode -- weak technosignature constraint)"
GJ_581_B6_EB_X2fa,A002_Xd248b5_X2fa,226.91406440734863,225.08593940734863,118,15625000.0,225.13281440734863,2.207103729248047,"coarse (>5 MHz, continuum-mode -- weak technosignature constraint)"
GJ_581_B6_EB_X2fa,A002_Xd248b5_X2fa,239.08593559285134,240.91406059285134,118,15625000.0,239.85156059285134,2.5917248725891113,"coarse (>5 MHz, continuum-mode -- weak technosignature constraint)"
GJ_581_B6_EB_X2fa,A002_Xd248b5_X2fa,241.0859355926514,242.9140605926514,118,15625000.0,242.2109355926514,2.9892637729644775,"coarse (>5 MHz, continuum-mode -- weak technosignature constraint)"
GJ_581_B6_EB_X4a7,A002_Xd1c06f_X4a7,224.91406440734863,223.08593940734863,118,15625000.0,224.25781440734863,2.5465619564056396,"coarse (>5 MHz, continuum-mode -- weak technosignature constraint)"
GJ_581_B6_EB_X4a7,A002_Xd1c06f_X4a7,226.91406440734863,225.08593940734863,118,15625000.0,225.78906440734863,2.7013394832611084,"coarse (>5 MHz, continuum-mode -- weak technosignature constraint)"
GJ_581_B6_EB_X4a7,A002_Xd1c06f_X4a7,239.08593559285134,240.91406059285134,118,15625000.0,240.32031059285134,2.281019687652588,"coarse (>5 MHz, continuum-mode -- weak technosignature constraint)"
GJ_581_B6_EB_X4a7,A002_Xd1c06f_X4a7,241.0859355926514,242.9140605926514,118,15625000.0,242.4921855926514,2.78585147857666,"coarse (>5 MHz, continuum-mode -- weak technosignature constraint)"
GJ_581_B6_EB_X5fa5,A002_Xd189ef_X5fa5,224.91406440734863,223.08593940734863,118,15625000.0,224.53906440734863,4.2667365074157715,"coarse (>5 MHz, continuum-mode -- weak technosignature constraint)"
GJ_581_B6_EB_X5fa5,A002_Xd189ef_X5fa5,226.91406440734863,225.08593940734863,118,15625000.0,225.19531440734863,2.830019474029541,"coarse (>5 MHz, continuum-mode -- weak technosignature constraint)"
GJ_581_B6_EB_X5fa5,A002_Xd189ef_X5fa5,239.08593559285134,240.91406059285134,118,15625000.0,240.16406059285134,3.410538673400879,"coarse (>5 MHz, continuum-mode -- weak technosignature constraint)"
GJ_581_B6_EB_X5fa5,A002_Xd189ef_X5fa5,241.0859355926514,242.9140605926514,118,15625000.0,241.6015605926514,2.9575488567352295,"coarse (>5 MHz, continuum-mode -- weak technosignature constraint)"
GJ_581_B6_EB_X8a5a,A002_Xd21a3a_X8a5a,224.91406440734863,223.08593940734863,118,15625000.0,223.22656440734863,3.221963405609131,"coarse (>5 MHz, continuum-mode -- weak technosignature constraint)"
GJ_581_B6_EB_X8a5a,A002_Xd21a3a_X8a5a,226.91406440734863,225.08593940734863,118,15625000.0,225.11718940734863,2.1074368953704834,"coarse (>5 MHz, continuum-mode -- weak technosignature constraint)"
GJ_581_B6_EB_X8a5a,A002_Xd21a3a_X8a5a,239.08593559285134,240.91406059285134,118,15625000.0,240.21093559285134,2.624868631362915,"coarse (>5 MHz, continuum-mode -- weak technosignature constraint)"
GJ_581_B6_EB_X8a5a,A002_Xd21a3a_X8a5a,241.0859355926514,242.9140605926514,118,15625000.0,241.2734355926514,3.1083340644836426,"coarse (>5 MHz, continuum-mode -- weak technosignature constraint)"
GJ_581_B6_EB_X8d4,A002_Xd16a1e_X8d4,224.91406440734863,223.08593940734863,118,15625000.0,224.67968940734863,2.260047435760498,"coarse (>5 MHz, continuum-mode -- weak technosignature constraint)"
GJ_581_B6_EB_X8d4,A002_Xd16a1e_X8d4,226.91406440734863,225.08593940734863,118,15625000.0,225.46093940734863,3.2476015090942383,"coarse (>5 MHz, continuum-mode -- weak technosignature constraint)"
GJ_581_B6_EB_X8d4,A002_Xd16a1e_X8d4,239.08593559285134,240.91406059285134,118,15625000.0,240.24218559285134,3.4543206691741943,"coarse (>5 MHz, continuum-mode -- weak technosignature constraint)"
GJ_581_B6_EB_X8d4,A002_Xd16a1e_X8d4,241.0859355926514,242.9140605926514,118,15625000.0,242.2265605926514,2.530604124069214,"coarse (>5 MHz, continuum-mode -- weak technosignature constraint)"
GJ_581_B6_EB_X9f4c,A002_Xd1c06f_X9f4c,224.91406440734863,223.08593940734863,118,15625000.0,224.05468940734863,2.6919050216674805,"coarse (>5 MHz, continuum-mode -- weak technosignature constraint)"
GJ_581_B6_EB_X9f4c,A002_Xd1c06f_X9f4c,226.91406440734863,225.08593940734863,118,15625000.0,225.58593940734863,2.4391939640045166,"coarse (>5 MHz, continuum-mode -- weak technosignature constraint)"
GJ_581_B6_EB_X9f4c,A002_Xd1c06f_X9f4c,239.08593559285134,240.91406059285134,118,15625000.0,239.69531059285134,3.9205970764160156,"coarse (>5 MHz, continuum-mode -- weak technosignature constraint)"
GJ_581_B6_EB_X9f4c,A002_Xd1c06f_X9f4c,241.0859355926514,242.9140605926514,118,15625000.0,241.9140605926514,2.8493337631225586,"coarse (>5 MHz, continuum-mode -- weak technosignature constraint)"
GJ_581_B6_EB_X9fd,A002_Xd1daeb_X9fd,224.91406440734863,223.08593940734863,118,15625000.0,224.89843940734863,2.287126064300537,"coarse (>5 MHz, continuum-mode -- weak technosignature constraint)"
GJ_581_B6_EB_X9fd,A002_Xd1daeb_X9fd,226.91406440734863,225.08593940734863,118,15625000.0,226.60156440734863,2.2204267978668213,"coarse (>5 MHz, continuum-mode -- weak technosignature constraint)"
GJ_581_B6_EB_X9fd,A002_Xd1daeb_X9fd,239.08593559285134,240.91406059285134,118,15625000.0,239.11718559285134,2.678330421447754,"coarse (>5 MHz, continuum-mode -- weak technosignature constraint)"
GJ_581_B6_EB_X9fd,A002_Xd1daeb_X9fd,241.0859355926514,242.9140605926514,118,15625000.0,241.3046855926514,2.967833995819092,"coarse (>5 MHz, continuum-mode -- weak technosignature constraint)"
GJ_581_B6_EB_Xb67,A002_Xd1b0f3_Xb67,224.91406440734863,223.08593940734863,118,15625000.0,224.03906440734863,3.0323448181152344,"coarse (>5 MHz, continuum-mode -- weak technosignature constraint)"
GJ_581_B6_EB_Xb67,A002_Xd1b0f3_Xb67,226.91406440734863,225.08593940734863,118,15625000.0,225.94531440734863,2.6881468296051025,"coarse (>5 MHz, continuum-mode -- weak technosignature constraint)"
GJ_581_B6_EB_Xb67,A002_Xd1b0f3_Xb67,239.08593559285134,240.91406059285134,118,15625000.0,239.77343559285134,1.8960531949996948,"coarse (>5 MHz, continuum-mode -- weak technosignature constraint)"
GJ_581_B6_EB_Xb67,A002_Xd1b0f3_Xb67,241.0859355926514,242.9140605926514,118,15625000.0,241.5390605926514,3.418431282043457,"coarse (>5 MHz, continuum-mode -- weak technosignature constraint)"
GJ_581_B6_EB_Xf0d,A002_Xd16a1e_Xf0d,224.91406440734863,223.08593940734863,118,15625000.0,224.67968940734863,2.9465761184692383,"coarse (>5 MHz, continuum-mode -- weak technosignature constraint)"
GJ_581_B6_EB_Xf0d,A002_Xd16a1e_Xf0d,226.91406440734863,225.08593940734863,118,15625000.0,226.47656440734863,2.2652370929718018,"coarse (>5 MHz, continuum-mode -- weak technosignature constraint)"
GJ_581_B6_EB_Xf0d,A002_Xd16a1e_Xf0d,239.08593559285134,240.91406059285134,118,15625000.0,239.30468559285134,2.959562063217163,"coarse (>5 MHz, continuum-mode -- weak technosignature constraint)"
GJ_581_B6_EB_Xf0d,A002_Xd16a1e_Xf0d,241.0859355926514,242.9140605926514,118,15625000.0,241.2578105926514,3.1564183235168457,"coarse (>5 MHz, continuum-mode -- weak technosignature constraint)"
GJ_674_B6,A002_X107fa96_Xce38,224.91406440734863,223.08593940734863,118,15625000.0,223.83593940734863,2.9103386402130127,"coarse (>5 MHz, continuum-mode -- weak technosignature constraint)"
GJ_674_B6,A002_X107fa96_Xce38,224.91406440734863,223.08593940734863,118,15625000.0,223.83593940734863,2.9103386402130127,"coarse (>5 MHz, continuum-mode -- weak technosignature constraint)"
GJ_674_B6,A002_X107fa96_Xce38,226.91406440734863,225.08593940734863,118,15625000.0,226.50781440734863,3.846388101577759,"coarse (>5 MHz, continuum-mode -- weak technosignature constraint)"
GJ_674_B6,A002_X107fa96_Xce38,239.08593559285134,240.91406059285134,118,15625000.0,239.24218559285134,2.6306941509246826,"coarse (>5 MHz, continuum-mode -- weak technosignature constraint)"
GJ_674_B6,A002_X107fa96_Xce38,241.0859355926514,242.9140605926514,118,15625000.0,241.6328105926514,2.3280789852142334,"coarse (>5 MHz, continuum-mode -- weak technosignature constraint)"
GJ_674_B6_EB_X14a7,A002_X1093ae8_X14a7,224.91406440734863,223.08593940734863,118,15625000.0,224.21093940734863,2.8589279651641846,"coarse (>5 MHz, continuum-mode -- weak technosignature constraint)"
GJ_674_B6_EB_X14a7,A002_X1093ae8_X14a7,226.91406440734863,225.08593940734863,118,15625000.0,226.89843940734863,3.437129020690918,"coarse (>5 MHz, continuum-mode -- weak technosignature constraint)"
GJ_674_B6_EB_X14a7,A002_X1093ae8_X14a7,239.08593559285134,240.91406059285134,118,15625000.0,239.42968559285134,3.801447868347168,"coarse (>5 MHz, continuum-mode -- weak technosignature constraint)"
GJ_674_B6_EB_X14a7,A002_X1093ae8_X14a7,241.0859355926514,242.9140605926514,118,15625000.0,241.8828105926514,2.892728328704834,"coarse (>5 MHz, continuum-mode -- weak technosignature constraint)"
GJ_674_B6_EB_X1ba1,A002_X1097a87_X1ba1,224.91406440734863,223.08593940734863,118,15625000.0,224.05468940734863,2.560668468475342,"coarse (>5 MHz, continuum-mode -- weak technosignature constraint)"
GJ_674_B6_EB_X1ba1,A002_X1097a87_X1ba1,226.91406440734863,225.08593940734863,118,15625000.0,226.55468940734863,2.627214193344116,"coarse (>5 MHz, continuum-mode -- weak technosignature constraint)"
GJ_674_B6_EB_X1ba1,A002_X1097a87_X1ba1,239.08593559285134,240.91406059285134,118,15625000.0,240.16406059285134,2.596470355987549,"coarse (>5 MHz, continuum-mode -- weak technosignature constraint)"
GJ_674_B6_EB_X1ba1,A002_X1097a87_X1ba1,241.0859355926514,242.9140605926514,118,15625000.0,242.1328105926514,2.538914442062378,"coarse (>5 MHz, continuum-mode -- weak technosignature constraint)"
GJ_674_B6_EB_X1c39,A002_X1093ae8_X1c39,224.91406440734863,223.08593940734863,118,15625000.0,223.86718940734863,2.8100593090057373,"coarse (>5 MHz, continuum-mode -- weak technosignature constraint)"
GJ_674_B6_EB_X1c39,A002_X1093ae8_X1c39,226.91406440734863,225.08593940734863,118,15625000.0,226.42968940734863,2.7692201137542725,"coarse (>5 MHz, continuum-mode -- weak technosignature constraint)"
GJ_674_B6_EB_X1c39,A002_X1093ae8_X1c39,239.08593559285134,240.91406059285134,118,15625000.0,240.11718559285134,3.6141510009765625,"coarse (>5 MHz, continuum-mode -- weak technosignature constraint)"
GJ_674_B6_EB_X1c39,A002_X1093ae8_X1c39,241.0859355926514,242.9140605926514,118,15625000.0,241.5078105926514,3.021355390548706,"coarse (>5 MHz, continuum-mode -- weak technosignature constraint)"
GJ_674_B6_EB_X1ced,A002_X108c378_X1ced,224.91406440734863,223.08593940734863,118,15625000.0,223.55468940734863,3.4772300720214844,"coarse (>5 MHz, continuum-mode -- weak technosignature constraint)"
GJ_674_B6_EB_X1ced,A002_X108c378_X1ced,226.91406440734863,225.08593940734863,118,15625000.0,225.58593940734863,2.3559088706970215,"coarse (>5 MHz, continuum-mode -- weak technosignature constraint)"
GJ_674_B6_EB_X1ced,A002_X108c378_X1ced,239.08593559285134,240.91406059285134,118,15625000.0,239.61718559285134,2.7566826343536377,"coarse (>5 MHz, continuum-mode -- weak technosignature constraint)"
GJ_674_B6_EB_X1ced,A002_X108c378_X1ced,241.0859355926514,242.9140605926514,118,15625000.0,241.8203105926514,2.920872926712036,"coarse (>5 MHz, continuum-mode -- weak technosignature constraint)"
GJ_674_B6_EB_X1e64,A002_X1097a87_X1e64,224.91406440734863,223.08593940734863,118,15625000.0,224.07031440734863,2.683929204940796,"coarse (>5 MHz, continuum-mode -- weak technosignature constraint)"
GJ_674_B6_EB_X1e64,A002_X1097a87_X1e64,226.91406440734863,225.08593940734863,118,15625000.0,225.36718940734863,2.288339853286743,"coarse (>5 MHz, continuum-mode -- weak technosignature constraint)"
GJ_674_B6_EB_X1e64,A002_X1097a87_X1e64,239.08593559285134,240.91406059285134,118,15625000.0,240.80468559285134,2.1086275577545166,"coarse (>5 MHz, continuum-mode -- weak technosignature constraint)"
GJ_674_B6_EB_X1e64,A002_X1097a87_X1e64,241.0859355926514,242.9140605926514,118,15625000.0,241.7265605926514,2.3277652263641357,"coarse (>5 MHz, continuum-mode -- weak technosignature constraint)"
GJ_674_B6_EB_X21d6,A002_X108c378_X21d6,224.91406440734863,223.08593940734863,118,15625000.0,223.49218940734863,2.7208738327026367,"coarse (>5 MHz, continuum-mode -- weak technosignature constraint)"
GJ_674_B6_EB_X21d6,A002_X108c378_X21d6,226.91406440734863,225.08593940734863,118,15625000.0,225.83593940734863,2.906168222427368,"coarse (>5 MHz, continuum-mode -- weak technosignature constraint)"
GJ_674_B6_EB_X21d6,A002_X108c378_X21d6,239.08593559285134,240.91406059285134,118,15625000.0,240.86718559285134,3.406783103942871,"coarse (>5 MHz, continuum-mode -- weak technosignature constraint)"
GJ_674_B6_EB_X21d6,A002_X108c378_X21d6,241.0859355926514,242.9140605926514,118,15625000.0,241.7265605926514,2.7928578853607178,"coarse (>5 MHz, continuum-mode -- weak technosignature constraint)"
GJ_674_B6_EB_X2228,A002_X1093ae8_X2228,224.91406440734863,223.08593940734863,118,15625000.0,224.52343940734863,2.763723134994507,"coarse (>5 MHz, continuum-mode -- weak technosignature constraint)"
GJ_674_B6_EB_X2228,A002_X1093ae8_X2228,226.91406440734863,225.08593940734863,118,15625000.0,226.14843940734863,2.3478469848632812,"coarse (>5 MHz, continuum-mode -- weak technosignature constraint)"
GJ_674_B6_EB_X2228,A002_X1093ae8_X2228,239.08593559285134,240.91406059285134,118,15625000.0,239.71093559285134,2.8199563026428223,"coarse (>5 MHz, continuum-mode -- weak technosignature constraint)"
GJ_674_B6_EB_X2228,A002_X1093ae8_X2228,241.0859355926514,242.9140605926514,118,15625000.0,241.7109355926514,3.1605756282806396,"coarse (>5 MHz, continuum-mode -- weak technosignature constraint)"
GJ_674_B6_EB_X22ab,A002_X1097a87_X22ab,224.91406440734863,223.08593940734863,118,15625000.0,224.27343940734863,3.6395835876464844,"coarse (>5 MHz, continuum-mode -- weak technosignature constraint)"
GJ_674_B6_EB_X22ab,A002_X1097a87_X22ab,226.91406440734863,225.08593940734863,118,15625000.0,225.85156440734863,2.184215784072876,"coarse (>5 MHz, continuum-mode -- weak technosignature constraint)"
GJ_674_B6_EB_X22ab,A002_X1097a87_X22ab,239.08593559285134,240.91406059285134,118,15625000.0,239.08593559285134,3.09230637550354,"coarse (>5 MHz, continuum-mode -- weak technosignature constraint)"
GJ_674_B6_EB_X22ab,A002_X1097a87_X22ab,241.0859355926514,242.9140605926514,118,15625000.0,242.6171855926514,2.752183437347412,"coarse (>5 MHz, continuum-mode -- weak technosignature constraint)"
GJ_674_B6_EB_X26b3,A002_X108c378_X26b3,224.91406440734863,223.08593940734863,118,15625000.0,223.10156440734863,2.531172037124634,"coarse (>5 MHz, continuum-mode -- weak technosignature constraint)"
GJ_674_B6_EB_X26b3,A002_X108c378_X26b3,226.91406440734863,225.08593940734863,118,15625000.0,225.30468940734863,3.363516092300415,"coarse (>5 MHz, continuum-mode -- weak technosignature constraint)"
GJ_674_B6_EB_X26b3,A002_X108c378_X26b3,239.08593559285134,240.91406059285134,118,15625000.0,240.74218559285134,2.6091926097869873,"coarse (>5 MHz, continuum-mode -- weak technosignature constraint)"
GJ_674_B6_EB_X26b3,A002_X108c378_X26b3,241.0859355926514,242.9140605926514,118,15625000.0,242.1328105926514,2.729511022567749,"coarse (>5 MHz, continuum-mode -- weak technosignature constraint)"
GJ_674_B6_EB_X28ac,A002_X1093ae8_X28ac,224.91406440734863,223.08593940734863,118,15625000.0,224.30468940734863,2.86989164352417,"coarse (>5 MHz, continuum-mode -- weak technosignature constraint)"
GJ_674_B6_EB_X28ac,A002_X1093ae8_X28ac,226.91406440734863,225.08593940734863,118,15625000.0,226.22656440734863,2.811312437057495,"coarse (>5 MHz, continuum-mode -- weak technosignature constraint)"
GJ_674_B6_EB_X28ac,A002_X1093ae8_X28ac,239.08593559285134,240.91406059285134,118,15625000.0,240.24218559285134,2.9599063396453857,"coarse (>5 MHz, continuum-mode -- weak technosignature constraint)"
GJ_674_B6_EB_X28ac,A002_X1093ae8_X28ac,241.0859355926514,242.9140605926514,118,15625000.0,241.5859355926514,3.359442710876465,"coarse (>5 MHz, continuum-mode -- weak technosignature constraint)"
GJ_674_B6_EB_X2a0f,A002_X108c378_X2a0f,224.91406440734863,223.08593940734863,118,15625000.0,224.35156440734863,2.272244453430176,"coarse (>5 MHz, continuum-mode -- weak technosignature constraint)"
GJ_674_B6_EB_X2a0f,A002_X108c378_X2a0f,226.91406440734863,225.08593940734863,118,15625000.0,225.77343940734863,2.4649651050567627,"coarse (>5 MHz, continuum-mode -- weak technosignature constraint)"
GJ_674_B6_EB_X2a0f,A002_X108c378_X2a0f,239.08593559285134,240.91406059285134,118,15625000.0,239.33593559285134,3.4192874431610107,"coarse (>5 MHz, continuum-mode -- weak technosignature constraint)"
GJ_674_B6_EB_X2a0f,A002_X108c378_X2a0f,241.0859355926514,242.9140605926514,118,15625000.0,241.1171855926514,2.37809681892395,"coarse (>5 MHz, continuum-mode -- weak technosignature constraint)"
GJ_674_B6_EB_X331a,A002_X108c378_X331a,224.91406440734863,223.08593940734863,118,15625000.0,224.72656440734863,2.4644713401794434,"coarse (>5 MHz, continuum-mode -- weak technosignature constraint)"
GJ_674_B6_EB_X331a,A002_X108c378_X331a,226.91406440734863,225.08593940734863,118,15625000.0,225.71093940734863,2.6795618534088135,"coarse (>5 MHz, continuum-mode -- weak technosignature constraint)"
GJ_674_B6_EB_X331a,A002_X108c378_X331a,239.08593559285134,240.91406059285134,118,15625000.0,240.16406059285134,2.3488831520080566,"coarse (>5 MHz, continuum-mode -- weak technosignature constraint)"
GJ_674_B6_EB_X331a,A002_X108c378_X331a,241.0859355926514,242.9140605926514,118,15625000.0,241.2109355926514,2.3620808124542236,"coarse (>5 MHz, continuum-mode -- weak technosignature constraint)"
GJ_674_B6_EB_X33f5,A002_X10854a6_X33f5,224.91406440734863,223.08593940734863,118,15625000.0,223.21093940734863,3.4356460571289062,"coarse (>5 MHz, continuum-mode -- weak technosignature constraint)"
GJ_674_B6_EB_X33f5,A002_X10854a6_X33f5,226.91406440734863,225.08593940734863,118,15625000.0,225.82031440734863,2.838869571685791,"coarse (>5 MHz, continuum-mode -- weak technosignature constraint)"
GJ_674_B6_EB_X33f5,A002_X10854a6_X33f5,239.08593559285134,240.91406059285134,118,15625000.0,240.44531059285134,3.2000014781951904,"coarse (>5 MHz, continuum-mode -- weak technosignature constraint)"
GJ_674_B6_EB_X33f5,A002_X10854a6_X33f5,241.0859355926514,242.9140605926514,118,15625000.0,242.1171855926514,3.1817195415496826,"coarse (>5 MHz, continuum-mode -- weak technosignature constraint)"
GJ_674_B6_EB_X3ab4,A002_X108c378_X3ab4,224.91406440734863,223.08593940734863,118,15625000.0,224.66406440734863,2.1467483043670654,"coarse (>5 MHz, continuum-mode -- weak technosignature constraint)"
GJ_674_B6_EB_X3ab4,A002_X108c378_X3ab4,226.91406440734863,225.08593940734863,118,15625000.0,225.67968940734863,2.4629101753234863,"coarse (>5 MHz, continuum-mode -- weak technosignature constraint)"
GJ_674_B6_EB_X3ab4,A002_X108c378_X3ab4,239.08593559285134,240.91406059285134,118,15625000.0,240.57031059285134,2.585479736328125,"coarse (>5 MHz, continuum-mode -- weak technosignature constraint)"
GJ_674_B6_EB_X3ab4,A002_X108c378_X3ab4,241.0859355926514,242.9140605926514,118,15625000.0,241.8984355926514,2.467036724090576,"coarse (>5 MHz, continuum-mode -- weak technosignature constraint)"
GJ_674_B6_EB_X3ac1,A002_X10854a6_X3ac1,224.91406440734863,223.08593940734863,118,15625000.0,224.49218940734863,3.248333692550659,"coarse (>5 MHz, continuum-mode -- weak technosignature constraint)"
GJ_674_B6_EB_X3ac1,A002_X10854a6_X3ac1,226.91406440734863,225.08593940734863,118,15625000.0,226.44531440734863,2.8474793434143066,"coarse (>5 MHz, continuum-mode -- weak technosignature constraint)"
GJ_674_B6_EB_X3ac1,A002_X10854a6_X3ac1,239.08593559285134,240.91406059285134,118,15625000.0,240.11718559285134,3.4385428428649902,"coarse (>5 MHz, continuum-mode -- weak technosignature constraint)"
GJ_674_B6_EB_X3ac1,A002_X10854a6_X3ac1,241.0859355926514,242.9140605926514,118,15625000.0,241.6171855926514,3.584879159927368,"coarse (>5 MHz, continuum-mode -- weak technosignature constraint)"
GJ_674_B6_EB_X4a35,A002_X1096e27_X4a35,224.91406440734863,223.08593940734863,118,15625000.0,223.16406440734863,2.789820432662964,"coarse (>5 MHz, continuum-mode -- weak technosignature constraint)"
GJ_674_B6_EB_X4a35,A002_X1096e27_X4a35,226.91406440734863,225.08593940734863,118,15625000.0,226.05468940734863,2.5133750438690186,"coarse (>5 MHz, continuum-mode -- weak technosignature constraint)"
GJ_674_B6_EB_X4a35,A002_X1096e27_X4a35,239.08593559285134,240.91406059285134,118,15625000.0,240.41406059285134,3.8856937885284424,"coarse (>5 MHz, continuum-mode -- weak technosignature constraint)"
GJ_674_B6_EB_X4a35,A002_X1096e27_X4a35,241.0859355926514,242.9140605926514,118,15625000.0,241.4140605926514,3.1212198734283447,"coarse (>5 MHz, continuum-mode -- weak technosignature constraint)"
GJ_674_B6_EB_X4ebc,A002_X1088045_X4ebc,224.91406440734863,223.08593940734863,118,15625000.0,223.67968940734863,3.1235175132751465,"coarse (>5 MHz, continuum-mode -- weak technosignature constraint)"
GJ_674_B6_EB_X4ebc,A002_X1088045_X4ebc,226.91406440734863,225.08593940734863,118,15625000.0,226.11718940734863,2.0574183464050293,"coarse (>5 MHz, continuum-mode -- weak technosignature constraint)"
GJ_674_B6_EB_X4ebc,A002_X1088045_X4ebc,239.08593559285134,240.91406059285134,118,15625000.0,239.36718559285134,2.649259567260742,"coarse (>5 MHz, continuum-mode -- weak technosignature constraint)"
GJ_674_B6_EB_X4ebc,A002_X1088045_X4ebc,241.0859355926514,242.9140605926514,118,15625000.0,241.8671855926514,2.7839884757995605,"coarse (>5 MHz, continuum-mode -- weak technosignature constraint)"
GJ_674_B6_EB_X51df,A002_X1088045_X51df,224.91406440734863,223.08593940734863,118,15625000.0,223.46093940734863,2.9226627349853516,"coarse (>5 MHz, continuum-mode -- weak technosignature constraint)"
GJ_674_B6_EB_X51df,A002_X1088045_X51df,226.91406440734863,225.08593940734863,118,15625000.0,225.08593940734863,3.6627962589263916,"coarse (>5 MHz, continuum-mode -- weak technosignature constraint)"
GJ_674_B6_EB_X51df,A002_X1088045_X51df,239.08593559285134,240.91406059285134,118,15625000.0,240.47656059285134,3.262406587600708,"coarse (>5 MHz, continuum-mode -- weak technosignature constraint)"
GJ_674_B6_EB_X51df,A002_X1088045_X51df,241.0859355926514,242.9140605926514,118,15625000.0,242.4140605926514,2.3906476497650146,"coarse (>5 MHz, continuum-mode -- weak technosignature constraint)"
GJ_674_B6_EB_X5c31,A002_X1088045_X5c31,224.91406440734863,223.08593940734863,118,15625000.0,224.00781440734863,2.396104097366333,"coarse (>5 MHz, continuum-mode -- weak technosignature constraint)"
GJ_674_B6_EB_X5c31,A002_X1088045_X5c31,226.91406440734863,225.08593940734863,118,15625000.0,225.10156440734863,3.177910089492798,"coarse (>5 MHz, continuum-mode -- weak technosignature constraint)"
GJ_674_B6_EB_X5c31,A002_X1088045_X5c31,239.08593559285134,240.91406059285134,118,15625000.0,240.58593559285134,3.0398941040039062,"coarse (>5 MHz, continuum-mode -- weak technosignature constraint)"
GJ_674_B6_EB_X5c31,A002_X1088045_X5c31,241.0859355926514,242.9140605926514,118,15625000.0,242.8359355926514,2.301950454711914,"coarse (>5 MHz, continuum-mode -- weak technosignature constraint)"
GJ_674_B6_EB_X75ae,A002_X1097a87_X75ae,224.91406440734863,223.08593940734863,118,15625000.0,224.24218940734863,3.077467203140259,"coarse (>5 MHz, continuum-mode -- weak technosignature constraint)"
GJ_674_B6_EB_X75ae,A002_X1097a87_X75ae,226.91406440734863,225.08593940734863,118,15625000.0,225.66406440734863,2.8155839443206787,"coarse (>5 MHz, continuum-mode -- weak technosignature constraint)"
GJ_674_B6_EB_X75ae,A002_X1097a87_X75ae,239.08593559285134,240.91406059285134,118,15625000.0,239.72656059285134,3.582304000854492,"coarse (>5 MHz, continuum-mode -- weak technosignature constraint)"
GJ_674_B6_EB_X75ae,A002_X1097a87_X75ae,241.0859355926514,242.9140605926514,118,15625000.0,241.7578105926514,3.01945161819458,"coarse (>5 MHz, continuum-mode -- weak technosignature constraint)"
GJ_674_B6_EB_X795f,A002_X1097a87_X795f,224.91406440734863,223.08593940734863,118,15625000.0,223.14843940734863,2.247206926345825,"coarse (>5 MHz, continuum-mode -- weak technosignature constraint)"
GJ_674_B6_EB_X795f,A002_X1097a87_X795f,226.91406440734863,225.08593940734863,118,15625000.0,226.78906440734863,2.444188356399536,"coarse (>5 MHz, continuum-mode -- weak technosignature constraint)"
GJ_674_B6_EB_X795f,A002_X1097a87_X795f,239.08593559285134,240.91406059285134,118,15625000.0,240.27343559285134,2.1438710689544678,"coarse (>5 MHz, continuum-mode -- weak technosignature constraint)"
GJ_674_B6_EB_X795f,A002_X1097a87_X795f,241.0859355926514,242.9140605926514,118,15625000.0,242.3984355926514,2.503748893737793,"coarse (>5 MHz, continuum-mode -- weak technosignature constraint)"
GJ_674_B6_EB_Xce38,A002_X107fa96_Xce38,224.91406440734863,223.08593940734863,118,15625000.0,224.71093940734863,2.727611541748047,"coarse (>5 MHz, continuum-mode -- weak technosignature constraint)"
GJ_674_B6_EB_Xce38,A002_X107fa96_Xce38,226.91406440734863,225.08593940734863,118,15625000.0,226.50781440734863,3.7793359756469727,"coarse (>5 MHz, continuum-mode -- weak technosignature constraint)"
GJ_674_B6_EB_Xce38,A002_X107fa96_Xce38,239.08593559285134,240.91406059285134,118,15625000.0,239.24218559285134,2.6721651554107666,"coarse (>5 MHz, continuum-mode -- weak technosignature constraint)"
GJ_674_B6_EB_Xce38,A002_X107fa96_Xce38,241.0859355926514,242.9140605926514,118,15625000.0,242.3671855926514,2.2775330543518066,"coarse (>5 MHz, continuum-mode -- weak technosignature constraint)"
GJ_674_B6_EB_Xdeeb,A002_X1086384_Xdeeb,224.91406440734863,223.08593940734863,118,15625000.0,224.78906440734863,2.3618078231811523,"coarse (>5 MHz, continuum-mode -- weak technosignature constraint)"
GJ_674_B6_EB_Xdeeb,A002_X1086384_Xdeeb,226.91406440734863,225.08593940734863,118,15625000.0,226.47656440734863,2.907325506210327,"coarse (>5 MHz, continuum-mode -- weak technosignature constraint)"
GJ_674_B6_EB_Xdeeb,A002_X1086384_Xdeeb,239.08593559285134,240.91406059285134,118,15625000.0,240.28906059285134,2.2886452674865723,"coarse (>5 MHz, continuum-mode -- weak technosignature constraint)"
GJ_674_B6_EB_Xdeeb,A002_X1086384_Xdeeb,241.0859355926514,242.9140605926514,118,15625000.0,242.2578105926514,3.1291325092315674,"coarse (>5 MHz, continuum-mode -- weak technosignature constraint)"
GJ_674_B6_EB_Xe18,A002_X1093ae8_Xe18,224.91406440734863,223.08593940734863,118,15625000.0,224.22656440734863,2.6747281551361084,"coarse (>5 MHz, continuum-mode -- weak technosignature constraint)"
GJ_674_B6_EB_Xe18,A002_X1093ae8_Xe18,226.91406440734863,225.08593940734863,118,15625000.0,226.19531440734863,2.626441478729248,"coarse (>5 MHz, continuum-mode -- weak technosignature constraint)"
GJ_674_B6_EB_Xe18,A002_X1093ae8_Xe18,239.08593559285134,240.91406059285134,118,15625000.0,239.52343559285134,2.487787961959839,"coarse (>5 MHz, continuum-mode -- weak technosignature constraint)"
GJ_674_B6_EB_Xe18,A002_X1093ae8_Xe18,241.0859355926514,242.9140605926514,118,15625000.0,241.0859355926514,3.686610698699951,"coarse (>5 MHz, continuum-mode -- weak technosignature constraint)"
GJ_849,A002_Xd86f11_X584b,229.0790420024251,230.9193740336751,3770,488281.25,229.8695693461751,4.47513484954834,
GJ_849_B6,A002_Xd86f11_X584b,213.91330465156173,212.08517965156173,118,15625000.0,212.24142965156173,2.6897833347320557,"coarse (>5 MHz, continuum-mode -- weak technosignature constraint)"
GJ_849_B6,A002_Xd86f11_X584b,215.9132975176525,214.0851725176525,118,15625000.0,215.6789225176525,2.267268419265747,"coarse (>5 MHz, continuum-mode -- weak technosignature constraint)"
GJ_849_B6,A002_Xd86f11_X584b,227.0851455180501,228.9132705180501,118,15625000.0,227.1632705180501,3.129073143005371,"coarse (>5 MHz, continuum-mode -- weak technosignature constraint)"
GJ_849_B6,A002_Xd86f11_X584b,229.0790420024251,230.9193740336751,3770,488281.25,229.8695693461751,4.47513484954834,fine (<1 MHz)
GJ_849_B6_EB_X584b,A002_Xd86f11_X584b,213.91330465156173,212.08517965156173,118,15625000.0,212.24142965156173,2.5326015949249268,"coarse (>5 MHz, continuum-mode -- weak technosignature constraint)"
GJ_849_B6_EB_X584b,A002_Xd86f11_X584b,215.9132975176525,214.0851725176525,118,15625000.0,215.5070475176525,2.300161600112915,"coarse (>5 MHz, continuum-mode -- weak technosignature constraint)"
GJ_849_B6_EB_X584b,A002_Xd86f11_X584b,227.0851455180501,228.9132705180501,118,15625000.0,227.1632705180501,3.0600249767303467,"coarse (>5 MHz, continuum-mode -- weak technosignature constraint)"
GJ_849_B6_EB_X584b,A002_Xd86f11_X584b,229.0790420024251,230.9193740336751,3770,488281.25,229.8695693461751,4.614497661590576,fine (<1 MHz)
GJ_849_B6_EB_X5feb,A002_Xd95042_X5feb,213.9304413039992,212.1023163039992,118,15625000.0,212.8054413039992,2.206615924835205,"coarse (>5 MHz, continuum-mode -- weak technosignature constraint)"
GJ_849_B6_EB_X5feb,A002_Xd95042_X5feb,215.93059507762456,214.10247007762456,118,15625000.0,215.80559507762456,2.5589630603790283,"coarse (>5 MHz, continuum-mode -- weak technosignature constraint)"
GJ_849_B6_EB_X5feb,A002_Xd95042_X5feb,227.1034657920422,228.9315907920422,118,15625000.0,228.7284657920422,3.440641403198242,"coarse (>5 MHz, continuum-mode -- weak technosignature constraint)"
GJ_849_B6_EB_X5feb,A002_Xd95042_X5feb,229.09751605014247,230.93784808139247,3770,488281.25,230.37485980014247,4.921258926391602,fine (<1 MHz)
GJ_849_B6_EB_X67d7,A002_Xd95042_X67d7,213.93036003964505,212.10223503964505,118,15625000.0,213.24286003964505,2.387967586517334,"coarse (>5 MHz, continuum-mode -- weak technosignature constraint)"
GJ_849_B6_EB_X67d7,A002_Xd95042_X67d7,215.93051305022482,214.10238805022482,118,15625000.0,214.89926305022482,2.2336583137512207,"coarse (>5 MHz, continuum-mode -- weak technosignature constraint)"
GJ_849_B6_EB_X67d7,A002_Xd95042_X67d7,227.10337880484616,228.93150380484616,118,15625000.0,227.10337880484616,2.630093574523926,"coarse (>5 MHz, continuum-mode -- weak technosignature constraint)"
GJ_849_B6_EB_X67d7,A002_Xd95042_X67d7,229.0974282999009,230.9377603311509,3770,488281.25,230.0554361124009,4.319061756134033,fine (<1 MHz)
GJ_849_B6_EB_X7c83,A002_Xd9668b_X7c83,213.93151395324193,212.10338895324193,118,15625000.0,212.86901395324193,2.523557186126709,"coarse (>5 MHz, continuum-mode -- weak technosignature constraint)"
GJ_849_B6_EB_X7c83,A002_Xd9668b_X7c83,215.9316777986912,214.1035527986912,118,15625000.0,215.0098027986912,2.091385841369629,"coarse (>5 MHz, continuum-mode -- weak technosignature constraint)"
GJ_849_B6_EB_X7c83,A002_Xd9668b_X7c83,227.10461397996397,228.93273897996397,118,15625000.0,227.26086397996397,2.572284698486328,"coarse (>5 MHz, continuum-mode -- weak technosignature constraint)"
GJ_849_B6_EB_X7c83,A002_Xd9668b_X7c83,229.09867430988814,230.93900634113814,3770,488281.25,229.30179930988814,4.583219528198242,fine (<1 MHz)
GJ_849_B6_EB_X841a,A002_Xd9668b_X841a,213.9314358705132,212.1033108705132,118,15625000.0,212.2439358705132,2.5019114017486572,"coarse (>5 MHz, continuum-mode -- weak technosignature constraint)"
GJ_849_B6_EB_X841a,A002_Xd9668b_X841a,215.9315989827913,214.1034739827913,118,15625000.0,214.2597239827913,2.9017536640167236,"coarse (>5 MHz, continuum-mode -- weak technosignature constraint)"
GJ_849_B6_EB_X841a,A002_Xd9668b_X841a,227.10453039845154,228.93265539845154,118,15625000.0,227.93265539845154,2.958425998687744,"coarse (>5 MHz, continuum-mode -- weak technosignature constraint)"
GJ_849_B6_EB_X841a,A002_Xd9668b_X841a,229.09858999520458,230.93892202645458,3770,488281.25,230.87691030770458,5.090379238128662,fine (<1 MHz)
GJ_849_B6_EB_X88ad,A002_Xd9668b_X88ad,213.93134700633945,212.10322200633945,118,15625000.0,213.86884700633945,2.3865182399749756,"coarse (>5 MHz, continuum-mode -- weak technosignature constraint)"
GJ_849_B6_EB_X88ad,A002_Xd9668b_X88ad,215.93150928421215,214.10338428421215,118,15625000.0,215.30650928421215,2.4216413497924805,"coarse (>5 MHz, continuum-mode -- weak technosignature constraint)"
GJ_849_B6_EB_X88ad,A002_Xd9668b_X88ad,227.10443527623735,228.93256027623735,118,15625000.0,228.79193527623735,2.6313183307647705,"coarse (>5 MHz, continuum-mode -- weak technosignature constraint)"
GJ_849_B6_EB_X88ad,A002_Xd9668b_X88ad,229.09849403858502,230.93882606983502,3770,488281.25,229.50279091358502,4.887660026550293,fine (<1 MHz)
GL_3379__Gaia_DR3_3316364602541746048__B6,A002_Xda2c82_X765d,213.87402077472603,212.04589577472603,118,15625000.0,212.82714577472603,3.2597315311431885,"coarse (>5 MHz, continuum-mode -- weak technosignature constraint)"
GL_3379__Gaia_DR3_3316364602541746048__B6,A002_Xda2c82_X765d,215.87364477810286,214.04551977810286,118,15625000.0,214.06114477810286,2.574064254760742,"coarse (>5 MHz, continuum-mode -- weak technosignature constraint)"
GL_3379__Gaia_DR3_3316364602541746048__B6,A002_Xda2c82_X765d,227.0430719861047,228.8711969861047,118,15625000.0,228.4024469861047,2.5541510581970215,"coarse (>5 MHz, continuum-mode -- weak technosignature constraint)"
GL_3379__Gaia_DR3_3316364602541746048__B6,A002_Xda2c82_X765d,229.0365924738565,230.8769245051065,3770,488281.25,229.4091510676065,4.794343948364258,fine (<1 MHz)
GL_3379__Gaia_DR3_3316364602541746048__B6_EB_X17f99,A002_Xdd0d37_X17f99,213.88815314841162,212.06002814841162,118,15625000.0,213.71627814841162,3.6673977375030518,"coarse (>5 MHz, continuum-mode -- weak technosignature constraint)"
GL_3379__Gaia_DR3_3316364602541746048__B6_EB_X17f99,A002_Xdd0d37_X17f99,215.88790985013287,214.05978485013287,118,15625000.0,214.90353485013287,2.4125022888183594,"coarse (>5 MHz, continuum-mode -- weak technosignature constraint)"
GL_3379__Gaia_DR3_3316364602541746048__B6_EB_X17f99,A002_Xdd0d37_X17f99,227.05819959737374,228.88632459737374,118,15625000.0,227.27694959737374,3.081202983856201,"coarse (>5 MHz, continuum-mode -- weak technosignature constraint)"
GL_3379__Gaia_DR3_3316364602541746048__B6_EB_X17f99,A002_Xdd0d37_X17f99,229.05185278347,230.89218481472,3770,488281.25,230.68075903347,4.102034091949463,fine (<1 MHz)
GL_3379__Gaia_DR3_3316364602541746048__B6_EB_X18197,A002_Xdd0d37_X18197,213.8880815429225,212.0599565429225,118,15625000.0,212.1224565429225,3.323807716369629,"coarse (>5 MHz, continuum-mode -- weak technosignature constraint)"
GL_3379__Gaia_DR3_3316364602541746048__B6_EB_X18197,A002_Xdd0d37_X18197,215.88783757229172,214.05971257229172,118,15625000.0,215.46596257229172,2.527467966079712,"coarse (>5 MHz, continuum-mode -- weak technosignature constraint)"
GL_3379__Gaia_DR3_3316364602541746048__B6_EB_X18197,A002_Xdd0d37_X18197,227.05812294924453,228.88624794924453,118,15625000.0,227.08937294924453,2.378272533416748,"coarse (>5 MHz, continuum-mode -- weak technosignature constraint)"
GL_3379__Gaia_DR3_3316364602541746048__B6_EB_X18197,A002_Xdd0d37_X18197,229.05177546298876,230.89210749423876,3770,488281.25,230.01906061923876,4.447498321533203,fine (<1 MHz)
GL_3379__Gaia_DR3_3316364602541746048__B6_EB_X6873,A002_Xdaef5a_X6873,213.87574119858226,212.04761619858226,118,15625000.0,213.86011619858226,3.3251101970672607,"coarse (>5 MHz, continuum-mode -- weak technosignature constraint)"
GL_3379__Gaia_DR3_3316364602541746048__B6_EB_X6873,A002_Xdaef5a_X6873,215.87538135617365,214.04725635617365,118,15625000.0,214.76600635617365,2.3494277000427246,"coarse (>5 MHz, continuum-mode -- weak technosignature constraint)"
GL_3379__Gaia_DR3_3316364602541746048__B6_EB_X6873,A002_Xdaef5a_X6873,227.0449135665705,228.8730385665705,118,15625000.0,228.0917885665705,2.665409564971924,"coarse (>5 MHz, continuum-mode -- weak technosignature constraint)"
GL_3379__Gaia_DR3_3316364602541746048__B6_EB_X6873,A002_Xdaef5a_X6873,229.03845020853686,230.87878223978686,3770,488281.25,229.88854786478686,4.948123931884766,fine (<1 MHz)
GL_3379__Gaia_DR3_3316364602541746048__B6_EB_X7167,A002_Xdaef5a_X7167,213.8756384822296,212.0475134822296,118,15625000.0,213.7975134822296,3.0527031421661377,"coarse (>5 MHz, continuum-mode -- weak technosignature constraint)"
GL_3379__Gaia_DR3_3316364602541746048__B6_EB_X7167,A002_Xdaef5a_X7167,215.87527767534817,214.04715267534817,118,15625000.0,214.65652767534817,2.935340642929077,"coarse (>5 MHz, continuum-mode -- weak technosignature constraint)"
GL_3379__Gaia_DR3_3316364602541746048__B6_EB_X7167,A002_Xdaef5a_X7167,227.0448036166718,228.8729286166718,118,15625000.0,228.2010536166718,2.141249895095825,"coarse (>5 MHz, continuum-mode -- weak technosignature constraint)"
GL_3379__Gaia_DR3_3316364602541746048__B6_EB_X7167,A002_Xdaef5a_X7167,229.03833929416544,230.87867132541544,3770,488281.25,229.72730413791544,4.482678413391113,fine (<1 MHz)
GL_3379__Gaia_DR3_3316364602541746048__B6_EB_X729,A002_Xdb33cb_X729,213.8763715940646,212.0482465940646,118,15625000.0,212.3919965940646,2.53741192817688,"coarse (>5 MHz, continuum-mode -- weak technosignature constraint)"
GL_3379__Gaia_DR3_3316364602541746048__B6_EB_X729,A002_Xdb33cb_X729,215.87601767086247,214.04789267086247,118,15625000.0,214.59476767086247,2.6163949966430664,"coarse (>5 MHz, continuum-mode -- weak technosignature constraint)"
GL_3379__Gaia_DR3_3316364602541746048__B6_EB_X729,A002_Xdb33cb_X729,227.04558835610092,228.87371335610092,118,15625000.0,227.32683835610092,2.7289769649505615,"coarse (>5 MHz, continuum-mode -- weak technosignature constraint)"
GL_3379__Gaia_DR3_3316364602541746048__B6_EB_X729,A002_Xdb33cb_X729,229.03913091727372,230.87946294852372,3770,488281.25,230.60553716727372,4.89077615737915,fine (<1 MHz)
GL_3379__Gaia_DR3_3316364602541746048__B6_EB_X765d,A002_Xda2c82_X765d,213.87402077472603,212.04589577472603,118,15625000.0,212.82714577472603,3.225497007369995,"coarse (>5 MHz, continuum-mode -- weak technosignature constraint)"
GL_3379__Gaia_DR3_3316364602541746048__B6_EB_X765d,A002_Xda2c82_X765d,215.87364477810286,214.04551977810286,118,15625000.0,214.06114477810286,2.403264284133911,"coarse (>5 MHz, continuum-mode -- weak technosignature constraint)"
GL_3379__Gaia_DR3_3316364602541746048__B6_EB_X765d,A002_Xda2c82_X765d,227.0430719861047,228.8711969861047,118,15625000.0,228.0274469861047,2.4253852367401123,"coarse (>5 MHz, continuum-mode -- weak technosignature constraint)"
GL_3379__Gaia_DR3_3316364602541746048__B6_EB_X765d,A002_Xda2c82_X765d,229.0365924738565,230.8769245051065,3770,488281.25,230.8427448176065,4.330655097961426,fine (<1 MHz)
GL_3379__Gaia_DR3_3316364602541746048__B6_EB_X899,A002_Xdb3eb4_X899,213.87653128455884,212.04840628455884,118,15625000.0,212.54840628455884,2.6120052337646484,"coarse (>5 MHz, continuum-mode -- weak technosignature constraint)"
GL_3379__Gaia_DR3_3316364602541746048__B6_EB_X899,A002_Xdb3eb4_X899,215.87617886079795,214.04805386079795,118,15625000.0,214.32930386079795,4.308740139007568,"coarse (>5 MHz, continuum-mode -- weak technosignature constraint)"
GL_3379__Gaia_DR3_3316364602541746048__B6_EB_X899,A002_Xdb3eb4_X899,227.0457592924046,228.8738842924046,118,15625000.0,227.8738842924046,2.692533493041992,"coarse (>5 MHz, continuum-mode -- weak technosignature constraint)"
GL_3379__Gaia_DR3_3316364602541746048__B6_EB_X899,A002_Xdb3eb4_X899,229.03930335301865,230.87963538426865,3770,488281.25,230.43090491551865,4.755051136016846,fine (<1 MHz)
G_272-61A_B3,A002_X877e41_X14c1,91.3617625,89.6273875,112,15625000.0,91.0961375,2.0372400283813477,"coarse (>5 MHz, continuum-mode -- weak technosignature constraint)"
G_272-61A_B3,A002_X877e41_X14c1,91.3617625,89.6273875,112,15625000.0,91.0961375,2.0372400283813477,"coarse (>5 MHz, continuum-mode -- weak technosignature constraint)"
G_272-61A_B3,A002_X877e41_X14c1,93.2992625,91.5648875,112,15625000.0,91.7055125,2.359013319015503,"coarse (>5 MHz, continuum-mode -- weak technosignature constraint)"
G_272-61A_B3,A002_X877e41_X14c1,101.6273875,103.3617625,112,15625000.0,102.2055125,2.826474189758301,"coarse (>5 MHz, continuum-mode -- weak technosignature constraint)"
G_272-61A_B3,A002_X877e41_X14c1,103.6273875,105.3617625,112,15625000.0,105.3461375,2.914339303970337,"coarse (>5 MHz, continuum-mode -- weak technosignature constraint)"
G_272-61B_B3,A002_X877e41_X14c1,91.3617625,89.6273875,112,15625000.0,91.3148875,2.574014902114868,"coarse (>5 MHz, continuum-mode -- weak technosignature constraint)"
G_272-61B_B3,A002_X877e41_X14c1,91.3617625,89.6273875,112,15625000.0,91.3148875,2.574014902114868,"coarse (>5 MHz, continuum-mode -- weak technosignature constraint)"
G_272-61B_B3,A002_X877e41_X14c1,93.2992625,91.5648875,112,15625000.0,92.3305125,1.9854944944381714,"coarse (>5 MHz, continuum-mode -- weak technosignature constraint)"
G_272-61B_B3,A002_X877e41_X14c1,101.6273875,103.3617625,112,15625000.0,101.9711375,2.4392831325531006,"coarse (>5 MHz, continuum-mode -- weak technosignature constraint)"
G_272-61B_B3,A002_X877e41_X14c1,103.6273875,105.3617625,112,15625000.0,104.9086375,2.140998125076294,"coarse (>5 MHz, continuum-mode -- weak technosignature constraint)"
GaiaDR3_1301518718691599744_B6_EB_X3370,A002_Xce2ffa_X3370,242.24181575679287,243.97619075679287,112,15625000.0,242.96056575679287,3.1407220363616943,"coarse (>5 MHz, continuum-mode -- weak technosignature constraint)"
GaiaDR3_1301518718691599744_B6_EB_X3370,A002_Xce2ffa_X3370,244.24188982719778,245.97626482719778,112,15625000.0,245.42938982719778,2.2360453605651855,"coarse (>5 MHz, continuum-mode -- weak technosignature constraint)"
GaiaDR3_1301518718691599744_B6_EB_X3370,A002_Xce2ffa_X3370,228.07970302312506,226.35460536687506,3534,488281.25,226.40733974187506,3.971212863922119,fine (<1 MHz)
GaiaDR3_1301518718691599744_B6_EB_X3370,A002_Xce2ffa_X3370,230.9710706271359,229.2459729708859,3534,488281.25,229.3138440646359,4.158790588378906,fine (<1 MHz)
GaiaDR3_131471770725205632_B7_EB_X137a8,A002_Xff45a6_X137a8,332.2721535942976,330.4318215630476,3770,488281.25,331.7477395317976,5.087733268737793,fine (<1 MHz)
GaiaDR3_131471770725205632_B7_EB_X137a8,A002_Xff45a6_X137a8,334.15690401310866,332.32877901310866,118,15625000.0,332.51627901310866,3.0838592052459717,"coarse (>5 MHz, continuum-mode -- weak technosignature constraint)"
GaiaDR3_131471770725205632_B7_EB_X137a8,A002_Xff45a6_X137a8,342.3800673295393,344.2081923295393,118,15625000.0,343.2081923295393,3.007788896560669,"coarse (>5 MHz, continuum-mode -- weak technosignature constraint)"
GaiaDR3_131471770725205632_B7_EB_X137a8,A002_Xff45a6_X137a8,344.26481774835037,346.10514977960037,3770,488281.25,345.13737634210037,5.308921813964844,fine (<1 MHz)
GaiaDR3_131471770725205632_B7_EB_X2b9a6,A002_Xff99e1_X2b9a6,334.1521252898527,332.3240002898527,118,15625000.0,332.4646252898527,2.3367385864257812,"coarse (>5 MHz, continuum-mode -- weak technosignature constraint)"
GaiaDR3_131471770725205632_B7_EB_X2b9a6,A002_Xff99e1_X2b9a6,342.3751483423496,344.2032733423496,118,15625000.0,343.6876483423496,2.044675350189209,"coarse (>5 MHz, continuum-mode -- weak technosignature constraint)"
GaiaDR3_131471770725205632_B7_EB_X2b9a6,A002_Xff99e1_X2b9a6,332.20968564422606,330.48458798797606,3534,488281.25,330.58810361297606,4.721921920776367,fine (<1 MHz)
GaiaDR3_131471770725205632_B7_EB_X2b9a6,A002_Xff99e1_X2b9a6,344.3175879879761,346.0426856442261,3534,488281.25,344.5280372067261,4.432975769042969,fine (<1 MHz)
GaiaDR3_1372702716380418688_B6_EB_Xff51,A002_Xe48598_Xff51,227.61001431838739,229.43813931838739,118,15625000.0,227.73501431838739,2.523099422454834,"coarse (>5 MHz, continuum-mode -- weak technosignature constraint)"
GaiaDR3_1372702716380418688_B6_EB_Xff51,A002_Xe48598_Xff51,216.43813931838739,214.61001431838739,118,15625000.0,214.62563931838739,3.8277273178100586,"coarse (>5 MHz, continuum-mode -- weak technosignature constraint)"
GaiaDR3_1372702716380418688_B6_EB_Xff51,A002_Xe48598_Xff51,218.43813931838739,216.61001431838739,118,15625000.0,217.59438931838739,2.075761556625366,"coarse (>5 MHz, continuum-mode -- weak technosignature constraint)"
GaiaDR3_1372702716380418688_B6_EB_Xff51,A002_Xe48598_Xff51,229.7032838496374,231.4288697871374,1768,976562.5,230.4171510371374,4.286146640777588,fine (<1 MHz)
GaiaDR3_2452378776434477184_B6_EB_X509f,A002_X8602fa_X509f,224.84765625,223.16015625,217,7812500.0,224.04296875,2.6750776767730713,"coarse (>5 MHz, continuum-mode -- weak technosignature constraint)"
GaiaDR3_2452378776434477184_B6_EB_X509f,A002_X8602fa_X509f,226.84765625,225.16015625,217,7812500.0,225.98828125,2.5392918586730957,"coarse (>5 MHz, continuum-mode -- weak technosignature constraint)"
GaiaDR3_2452378776434477184_B6_EB_X509f,A002_X8602fa_X509f,239.15234375019998,240.83984375019998,217,7812500.0,239.62109375019998,2.9273502826690674,"coarse (>5 MHz, continuum-mode -- weak technosignature constraint)"
GaiaDR3_2452378776434477184_B6_EB_X509f,A002_X8602fa_X509f,241.15234375000003,242.83984375000003,217,7812500.0,242.58203125000003,2.8253302574157715,"coarse (>5 MHz, continuum-mode -- weak technosignature constraint)"
GaiaDR3_2452378776434477184_B6_EB_Xa89,A002_X9707f1_Xa89,224.87109375,223.12890625,224,7812500.0,224.65234375,3.0323164463043213,"coarse (>5 MHz, continuum-mode -- weak technosignature constraint)"
GaiaDR3_2452378776434477184_B6_EB_Xa89,A002_X9707f1_Xa89,226.87109375,225.12890625,224,7812500.0,225.86328125,2.491964101791382,"coarse (>5 MHz, continuum-mode -- weak technosignature constraint)"
GaiaDR3_2452378776434477184_B6_EB_Xa89,A002_X9707f1_Xa89,239.12890625019998,240.87109375019998,224,7812500.0,240.57421875019998,3.61633563041687,"coarse (>5 MHz, continuum-mode -- weak technosignature constraint)"
GaiaDR3_2452378776434477184_B6_EB_Xa89,A002_X9707f1_Xa89,241.12890625000003,242.87109375000003,224,7812500.0,242.62890625000003,2.654146909713745,"coarse (>5 MHz, continuum-mode -- weak technosignature constraint)"
GaiaDR3_2517397846786452224_B6_EB_X206c,A002_Xae6c13_X206c,231.64413796710556,233.37851296710556,112,15625000.0,232.55038796710556,2.532914161682129,"coarse (>5 MHz, continuum-mode -- weak technosignature constraint)"
GaiaDR3_2517397846786452224_B6_EB_X206c,A002_Xae6c13_X206c,216.33651296710556,214.60213796710556,112,15625000.0,215.41463796710556,3.1950185298919678,"coarse (>5 MHz, continuum-mode -- weak technosignature constraint)"
GaiaDR3_2517397846786452224_B6_EB_X206c,A002_Xae6c13_X206c,218.33651296710556,216.60213796710556,112,15625000.0,216.83651296710556,1.977407455444336,"coarse (>5 MHz, continuum-mode -- weak technosignature constraint)"
GaiaDR3_2517397846786452224_B6_EB_X206c,A002_Xae6c13_X206c,229.64877663898056,231.37387429523056,3534,488281.25,230.18149148273056,4.296026706695557,fine (<1 MHz)
GaiaDR3_2517397846786452224_B6_EB_X3e88,A002_Xb402ff_X3e88,231.67884770291568,233.41322270291568,112,15625000.0,232.28822270291568,3.488898277282715,"coarse (>5 MHz, continuum-mode -- weak technosignature constraint)"
GaiaDR3_2517397846786452224_B6_EB_X3e88,A002_Xb402ff_X3e88,216.37122270291567,214.63684770291567,112,15625000.0,214.76184770291567,2.6229441165924072,"coarse (>5 MHz, continuum-mode -- weak technosignature constraint)"
GaiaDR3_2517397846786452224_B6_EB_X3e88,A002_Xb402ff_X3e88,218.37122270291567,216.63684770291567,112,15625000.0,218.32434770291567,2.726001501083374,"coarse (>5 MHz, continuum-mode -- weak technosignature constraint)"
GaiaDR3_2517397846786452224_B6_EB_X3e88,A002_Xb402ff_X3e88,229.68372027480993,231.40881793105993,3534,488281.25,231.28088824355993,4.550188064575195,fine (<1 MHz)
GaiaDR3_2517397846786452224_B7_EB_X1fc3,A002_Xff45a6_X1fc3,334.12337803876125,332.29525303876125,118,15625000.0,332.62337803876125,2.7641971111297607,"coarse (>5 MHz, continuum-mode -- weak technosignature constraint)"
GaiaDR3_2517397846786452224_B7_EB_X1fc3,A002_Xff45a6_X1fc3,342.34553401493343,344.17365901493343,118,15625000.0,342.70490901493343,3.224207878112793,"coarse (>5 MHz, continuum-mode -- weak technosignature constraint)"
GaiaDR3_2517397846786452224_B7_EB_X1fc3,A002_Xff45a6_X1fc3,332.18050485497236,330.45540719872236,3534,488281.25,331.87386422997236,5.248616695404053,fine (<1 MHz)
GaiaDR3_2517397846786452224_B7_EB_X1fc3,A002_Xff45a6_X1fc3,344.2884071987223,346.0135048549723,3534,488281.25,345.7337196987223,4.341759204864502,fine (<1 MHz)
GaiaDR3_2517397846786452224_B7_EB_X691c,A002_X1064920_X691c,334.1110951763804,332.2829701763804,118,15625000.0,333.5485951763804,3.2781295776367188,"coarse (>5 MHz, continuum-mode -- weak technosignature constraint)"
GaiaDR3_2517397846786452224_B7_EB_X691c,A002_X1064920_X691c,342.33281017638035,344.16093517638035,118,15625000.0,343.16093517638035,2.5017294883728027,"coarse (>5 MHz, continuum-mode -- weak technosignature constraint)"
GaiaDR3_2517397846786452224_B7_EB_X691c,A002_X1064920_X691c,332.16800150450536,330.44290384825536,3534,488281.25,331.06448587950536,4.703883171081543,fine (<1 MHz)
GaiaDR3_2517397846786452224_B7_EB_X691c,A002_X1064920_X691c,344.2759038482554,346.0010015045054,3534,488281.25,345.4843999420054,4.382082939147949,fine (<1 MHz)
GaiaDR3_2629041948233065216_B6_EB_X5f58,A002_Xce8d43_X5f58,242.23814199680365,243.97251699680365,112,15625000.0,243.09751699680365,2.3582816123962402,"coarse (>5 MHz, continuum-mode -- weak technosignature constraint)"
GaiaDR3_2629041948233065216_B6_EB_X5f58,A002_Xce8d43_X5f58,244.23818584290527,245.97256084290527,112,15625000.0,244.69131084290527,2.9550209045410156,"coarse (>5 MHz, continuum-mode -- weak technosignature constraint)"
GaiaDR3_2629041948233065216_B6_EB_X5f58,A002_Xce8d43_X5f58,228.07613089219942,226.35103323594942,3534,488281.25,226.54048636094942,4.2639360427856445,fine (<1 MHz)
GaiaDR3_2629041948233065216_B6_EB_X5f58,A002_Xce8d43_X5f58,230.9675908921994,229.2424932359494,3534,488281.25,230.0012822984494,4.005489349365234,fine (<1 MHz)
GaiaDR3_2635476908753563008_B6_EB_X14ae,A002_X12ac5b5_X14ae,224.9218750001,223.0781250001,60,31250000.0,223.6093750001,1.9271100759506226,"coarse (>5 MHz, continuum-mode -- weak technosignature constraint)"
GaiaDR3_2635476908753563008_B6_EB_X14ae,A002_X12ac5b5_X14ae,226.921875,225.078125,60,31250000.0,226.109375,2.418647050857544,"coarse (>5 MHz, continuum-mode -- weak technosignature constraint)"
GaiaDR3_2635476908753563008_B6_EB_X14ae,A002_X12ac5b5_X14ae,239.0781250001,240.9218750001,60,31250000.0,240.1718750001,2.5174765586853027,"coarse (>5 MHz, continuum-mode -- weak technosignature constraint)"
GaiaDR3_2635476908753563008_B6_EB_X14ae,A002_X12ac5b5_X14ae,241.078125,242.921875,60,31250000.0,242.859375,3.0361733436584473,"coarse (>5 MHz, continuum-mode -- weak technosignature constraint)"
GaiaDR3_2635476908753563008_B6_EB_X22389,A002_X12a079b_X22389,224.9218750001,223.0781250001,60,31250000.0,223.5468750001,2.4298458099365234,"coarse (>5 MHz, continuum-mode -- weak technosignature constraint)"
GaiaDR3_2635476908753563008_B6_EB_X22389,A002_X12a079b_X22389,226.921875,225.078125,60,31250000.0,226.328125,2.747238874435425,"coarse (>5 MHz, continuum-mode -- weak technosignature constraint)"
GaiaDR3_2635476908753563008_B6_EB_X22389,A002_X12a079b_X22389,239.0781250001,240.9218750001,60,31250000.0,239.4218750001,3.3385887145996094,"coarse (>5 MHz, continuum-mode -- weak technosignature constraint)"
GaiaDR3_2635476908753563008_B6_EB_X22389,A002_X12a079b_X22389,241.078125,242.921875,60,31250000.0,242.828125,2.438415288925171,"coarse (>5 MHz, continuum-mode -- weak technosignature constraint)"
GaiaDR3_2635476908753563008_B6_EB_X386a,A002_X12b487b_X386a,224.9218750001,223.0781250001,60,31250000.0,223.7343750001,3.1752007007598877,"coarse (>5 MHz, continuum-mode -- weak technosignature constraint)"
GaiaDR3_2635476908753563008_B6_EB_X386a,A002_X12b487b_X386a,226.921875,225.078125,60,31250000.0,226.296875,3.8521671295166016,"coarse (>5 MHz, continuum-mode -- weak technosignature constraint)"
GaiaDR3_2635476908753563008_B6_EB_X386a,A002_X12b487b_X386a,239.0781250001,240.9218750001,60,31250000.0,240.9218750001,2.3133723735809326,"coarse (>5 MHz, continuum-mode -- weak technosignature constraint)"
GaiaDR3_2635476908753563008_B6_EB_X386a,A002_X12b487b_X386a,241.078125,242.921875,60,31250000.0,242.171875,3.3971855640411377,"coarse (>5 MHz, continuum-mode -- weak technosignature constraint)"
GaiaDR3_2635476908753563008_B6_EB_X38de,A002_X12b966a_X38de,224.9218750001,223.0781250001,60,31250000.0,224.1718750001,2.6589386463165283,"coarse (>5 MHz, continuum-mode -- weak technosignature constraint)"
GaiaDR3_2635476908753563008_B6_EB_X38de,A002_X12b966a_X38de,226.921875,225.078125,60,31250000.0,226.640625,2.1977760791778564,"coarse (>5 MHz, continuum-mode -- weak technosignature constraint)"
GaiaDR3_2635476908753563008_B6_EB_X38de,A002_X12b966a_X38de,239.0781250001,240.9218750001,60,31250000.0,239.8906250001,3.5871148109436035,"coarse (>5 MHz, continuum-mode -- weak technosignature constraint)"
GaiaDR3_2635476908753563008_B6_EB_X38de,A002_X12b966a_X38de,241.078125,242.921875,60,31250000.0,241.890625,2.401280641555786,"coarse (>5 MHz, continuum-mode -- weak technosignature constraint)"
GaiaDR3_2635476908753563008_B6_EB_X3f36,A002_X12bff3f_X3f36,224.9218750001,223.0781250001,60,31250000.0,224.0156250001,2.3872158527374268,"coarse (>5 MHz, continuum-mode -- weak technosignature constraint)"
GaiaDR3_2635476908753563008_B6_EB_X3f36,A002_X12bff3f_X3f36,226.921875,225.078125,60,31250000.0,226.578125,2.7257473468780518,"coarse (>5 MHz, continuum-mode -- weak technosignature constraint)"
GaiaDR3_2635476908753563008_B6_EB_X3f36,A002_X12bff3f_X3f36,239.0781250001,240.9218750001,60,31250000.0,240.6406250001,2.049642562866211,"coarse (>5 MHz, continuum-mode -- weak technosignature constraint)"
GaiaDR3_2635476908753563008_B6_EB_X3f36,A002_X12bff3f_X3f36,241.078125,242.921875,60,31250000.0,241.640625,1.956299901008606,"coarse (>5 MHz, continuum-mode -- weak technosignature constraint)"
GaiaDR3_2654170736729886976_B6_EB_X2c66f,A002_Xe48598_X2c66f,224.9140625,223.0859375,118,15625000.0,224.0859375,2.666435718536377,"coarse (>5 MHz, continuum-mode -- weak technosignature constraint)"
GaiaDR3_2654170736729886976_B6_EB_X2c66f,A002_Xe48598_X2c66f,226.9140625,225.0859375,118,15625000.0,225.4453125,2.3970134258270264,"coarse (>5 MHz, continuum-mode -- weak technosignature constraint)"
GaiaDR3_2654170736729886976_B6_EB_X2c66f,A002_Xe48598_X2c66f,239.08593750019998,240.91406250019998,118,15625000.0,239.21093750019998,1.9129226207733154,"coarse (>5 MHz, continuum-mode -- weak technosignature constraint)"
GaiaDR3_2654170736729886976_B6_EB_X2c66f,A002_Xe48598_X2c66f,241.08593750000003,242.91406250000003,118,15625000.0,242.77343750000003,2.640378475189209,"coarse (>5 MHz, continuum-mode -- weak technosignature constraint)"
GaiaDR3_2832463659640297472_B6_EB_X41ca,A002_X9896b4_X41ca,229.67337673778437,231.40775173778437,112,15625000.0,230.17337673778437,2.3682007789611816,"coarse (>5 MHz, continuum-mode -- weak technosignature constraint)"
GaiaDR3_2832463659640297472_B6_EB_X41ca,A002_X9896b4_X41ca,232.1270901458543,233.8614651458543,112,15625000.0,233.8458401458543,3.583845853805542,"coarse (>5 MHz, continuum-mode -- weak technosignature constraint)"
GaiaDR3_2832463659640297472_B6_EB_X41ca,A002_X9896b4_X41ca,218.86183353755854,217.12745853755854,112,15625000.0,217.31495853755854,3.6132047176361084,"coarse (>5 MHz, continuum-mode -- weak technosignature constraint)"
GaiaDR3_2832463659640297472_B6_EB_X41ca,A002_X9896b4_X41ca,216.86188265647908,215.12750765647908,112,15625000.0,215.90875765647908,2.4380390644073486,"coarse (>5 MHz, continuum-mode -- weak technosignature constraint)"
GaiaDR3_2832463659640297472_B7_EB_X2b17,A002_Xcd4e14_X2b17,347.07306075648995,348.80743575648995,112,15625000.0,347.65118575648995,2.640937566757202,"coarse (>5 MHz, continuum-mode -- weak technosignature constraint)"
GaiaDR3_2832463659640297472_B7_EB_X2b17,A002_Xcd4e14_X2b17,336.88563750125144,335.15126250125144,112,15625000.0,336.19813750125144,2.5579376220703125,"coarse (>5 MHz, continuum-mode -- weak technosignature constraint)"
GaiaDR3_2832463659640297472_B7_EB_X2b17,A002_Xcd4e14_X2b17,335.00583924601295,333.27146424601295,112,15625000.0,333.67771424601295,3.7591655254364014,"coarse (>5 MHz, continuum-mode -- weak technosignature constraint)"
GaiaDR3_2832463659640297472_B7_EB_X2b17,A002_Xcd4e14_X2b17,345.19790117312647,346.92299882937647,3534,488281.25,345.83510820437647,5.367627143859863,fine (<1 MHz)
GaiaDR3_2832463659640297472_B7_EB_X6b4d,A002_Xb9cc97_X6b4d,347.0283388608606,348.7627138608606,112,15625000.0,348.4658388608606,2.4338276386260986,"coarse (>5 MHz, continuum-mode -- weak technosignature constraint)"
GaiaDR3_2832463659640297472_B7_EB_X6b4d,A002_Xb9cc97_X6b4d,345.09644907211793,346.93678110336793,3770,488281.25,345.79127329086793,12.706485748291016,fine (<1 MHz)
GaiaDR3_2832463659640297472_B7_EB_X6b4d,A002_Xb9cc97_X6b4d,336.8418025877429,335.1074275877429,112,15625000.0,336.0136775877429,2.8679215908050537,"coarse (>5 MHz, continuum-mode -- weak technosignature constraint)"
GaiaDR3_2832463659640297472_B7_EB_X6b4d,A002_Xb9cc97_X6b4d,334.9628913146253,333.2285163146253,112,15625000.0,333.7285163146253,3.2420966625213623,"coarse (>5 MHz, continuum-mode -- weak technosignature constraint)"
GaiaDR3_326109689896765568_B7_EB_X27e3,A002_X1119e64_X27e3,334.0638130513309,332.2356880513309,118,15625000.0,333.9075630513309,2.4940006732940674,"coarse (>5 MHz, continuum-mode -- weak technosignature constraint)"
GaiaDR3_326109689896765568_B7_EB_X27e3,A002_X1119e64_X27e3,342.34018805133087,344.16831305133087,118,15625000.0,343.01206305133087,2.290142059326172,"coarse (>5 MHz, continuum-mode -- weak technosignature constraint)"
GaiaDR3_326109689896765568_B7_EB_X27e3,A002_X1119e64_X27e3,332.12797128742875,330.40287363117875,3534,488281.25,331.74369394367875,4.873822212219238,fine (<1 MHz)
GaiaDR3_326109689896765568_B7_EB_X27e3,A002_X1119e64_X27e3,344.26670172320587,345.99179937945587,3534,488281.25,345.05332281695587,4.751034259796143,fine (<1 MHz)
GaiaDR3_3294248609046258048_B6_EB_X24d1,A002_Xe5ed76_X24d1,224.9140625,223.0859375,118,15625000.0,224.1484375,2.8288753032684326,"coarse (>5 MHz, continuum-mode -- weak technosignature constraint)"
GaiaDR3_3294248609046258048_B6_EB_X24d1,A002_Xe5ed76_X24d1,226.9140625,225.0859375,118,15625000.0,226.7890625,2.3837497234344482,"coarse (>5 MHz, continuum-mode -- weak technosignature constraint)"
GaiaDR3_3294248609046258048_B6_EB_X24d1,A002_Xe5ed76_X24d1,239.08593750019998,240.91406250019998,118,15625000.0,239.67968750019998,2.5279524326324463,"coarse (>5 MHz, continuum-mode -- weak technosignature constraint)"
GaiaDR3_3294248609046258048_B6_EB_X24d1,A002_Xe5ed76_X24d1,241.08593750000003,242.91406250000003,118,15625000.0,241.53906250000003,2.415228843688965,"coarse (>5 MHz, continuum-mode -- weak technosignature constraint)"
GaiaDR3_3370342445848382080_B6_EB_X27c7,A002_Xe5ed76_X27c7,224.9140625,223.0859375,118,15625000.0,224.1015625,2.27711820602417,"coarse (>5 MHz, continuum-mode -- weak technosignature constraint)"
GaiaDR3_3370342445848382080_B6_EB_X27c7,A002_Xe5ed76_X27c7,226.9140625,225.0859375,118,15625000.0,225.5078125,3.0266613960266113,"coarse (>5 MHz, continuum-mode -- weak technosignature constraint)"
GaiaDR3_3370342445848382080_B6_EB_X27c7,A002_Xe5ed76_X27c7,239.08593750019998,240.91406250019998,118,15625000.0,240.49218750019998,3.21743106842041,"coarse (>5 MHz, continuum-mode -- weak technosignature constraint)"
GaiaDR3_3370342445848382080_B6_EB_X27c7,A002_Xe5ed76_X27c7,241.08593750000003,242.91406250000003,118,15625000.0,241.38281250000003,2.538851499557495,"coarse (>5 MHz, continuum-mode -- weak technosignature constraint)"
GaiaDR3_3507879565090229888_B7_EB_X224b,A002_X9db5ce_X224b,344.9320168440581,346.6571145003081,3534,488281.25,346.2425637190581,4.559574127197266,fine (<1 MHz)
GaiaDR3_3507879565090229888_B7_EB_X224b,A002_X9db5ce_X224b,346.9273781721831,348.6617531721831,112,15625000.0,348.3805031721831,2.761619806289673,"coarse (>5 MHz, continuum-mode -- weak technosignature constraint)"
GaiaDR3_3507879565090229888_B7_EB_X224b,A002_X9db5ce_X224b,336.5992531721831,334.8648781721831,112,15625000.0,336.3492531721831,3.426187038421631,"coarse (>5 MHz, continuum-mode -- weak technosignature constraint)"
GaiaDR3_3507879565090229888_B7_EB_X224b,A002_X9db5ce_X224b,334.6617531721831,332.9273781721831,112,15625000.0,332.9898781721831,2.2505931854248047,"coarse (>5 MHz, continuum-mode -- weak technosignature constraint)"
GaiaDR3_3532218595001808768_B6_EB_X2965,A002_X97fa9e_X2965,230.54302362332908,231.40557245145408,3534,244140.625,230.97857049832908,4.475843906402588,fine (<1 MHz)
GaiaDR3_3532218595001808768_B6_EB_X2965,A002_X97fa9e_X2965,232.14561399467857,233.87998899467857,112,15625000.0,232.86436399467857,3.1577823162078857,"coarse (>5 MHz, continuum-mode -- weak technosignature constraint)"
GaiaDR3_3532218595001808768_B6_EB_X2965,A002_X97fa9e_X2965,220.38241169953235,219.51986287140735,3534,244140.625,220.10555623078235,4.141056060791016,fine (<1 MHz)
GaiaDR3_3532218595001808768_B6_EB_X2965,A002_X97fa9e_X2965,218.96298899467857,217.22861399467857,112,15625000.0,218.91611399467857,4.096516132354736,"coarse (>5 MHz, continuum-mode -- weak technosignature constraint)"
GaiaDR3_3534414590303807232_B1_EB_X1492e,A002_X13d8e99_X1492e,36.3462070312,38.0717929687,1768,976562.5,36.7055820312,4.0297698974609375,fine (<1 MHz)
GaiaDR3_3534414590303807232_B1_EB_X1492e,A002_X13d8e99_X1492e,38.283707031199995,40.009292968699995,1768,976562.5,38.734878906199995,4.183361053466797,fine (<1 MHz)
GaiaDR3_3534414590303807232_B1_EB_X1492e,A002_X13d8e99_X1492e,40.304207031199994,42.029792968699994,1768,976562.5,41.828621093699994,3.3334150314331055,fine (<1 MHz)
GaiaDR3_3534414590303807232_B1_EB_X1492e,A002_X13d8e99_X1492e,42.241707031199994,43.967292968699994,1768,976562.5,42.677253906199994,4.104419708251953,fine (<1 MHz)
GaiaDR3_3534414590303807232_B1_EB_X15b26,A002_X13d35a5_X15b26,36.3462070312,38.0717929687,1768,976562.5,37.4624179687,3.504743814468384,fine (<1 MHz)
GaiaDR3_3534414590303807232_B1_EB_X15b26,A002_X13d35a5_X15b26,38.283707031199995,40.009292968699995,1768,976562.5,39.429214843699995,4.348635196685791,fine (<1 MHz)
GaiaDR3_3534414590303807232_B1_EB_X15b26,A002_X13d35a5_X15b26,40.304207031199994,42.029792968699994,1768,976562.5,40.365730468699994,4.588769912719727,fine (<1 MHz)
GaiaDR3_3534414590303807232_B1_EB_X15b26,A002_X13d35a5_X15b26,42.241707031199994,43.967292968699994,1768,976562.5,43.045417968699994,4.233959197998047,fine (<1 MHz)
GaiaDR3_3534414590303807232_B1_EB_X3ba9,A002_X13df097_X3ba9,36.3462070312,38.0717929687,1768,976562.5,37.6401523437,4.197350025177002,fine (<1 MHz)
GaiaDR3_3534414590303807232_B1_EB_X3ba9,A002_X13df097_X3ba9,38.283707031199995,40.009292968699995,1768,976562.5,38.936050781199995,4.904176712036133,fine (<1 MHz)
GaiaDR3_3534414590303807232_B1_EB_X3ba9,A002_X13df097_X3ba9,40.304207031199994,42.029792968699994,1768,976562.5,40.856941406199994,3.637845993041992,fine (<1 MHz)
GaiaDR3_3534414590303807232_B1_EB_X3ba9,A002_X13df097_X3ba9,42.241707031199994,43.967292968699994,1768,976562.5,43.745613281199994,4.279400825500488,fine (<1 MHz)
GaiaDR3_3534414590303807232_B6_EB_X7bf8,A002_Xc6d2f9_X7bf8,227.68720541846093,229.42158041846093,112,15625000.0,227.99970541846093,2.8149569034576416,"coarse (>5 MHz, continuum-mode -- weak technosignature constraint)"
GaiaDR3_3534414590303807232_B6_EB_X7bf8,A002_Xc6d2f9_X7bf8,214.4205044756369,212.6861294756369,112,15625000.0,213.1705044756369,2.198401689529419,"coarse (>5 MHz, continuum-mode -- weak technosignature constraint)"
GaiaDR3_3534414590303807232_B6_EB_X7bf8,A002_Xc6d2f9_X7bf8,216.42064793465343,214.68627293465343,112,15625000.0,216.20189793465343,2.7260727882385254,"coarse (>5 MHz, continuum-mode -- weak technosignature constraint)"
GaiaDR3_3534414590303807232_B6_EB_X7bf8,A002_Xc6d2f9_X7bf8,230.12313989310252,230.98593286185252,1768,488281.25,230.31747583060252,4.408820629119873,fine (<1 MHz)
GaiaDR3_3534414594600352896_B3_EB_X404e,A002_Xba2b1d_X404e,96.37337663579828,94.63900163579828,112,15625000.0,94.93587663579828,2.250830888748169,"coarse (>5 MHz, continuum-mode -- weak technosignature constraint)"
GaiaDR3_3534414594600352896_B3_EB_X404e,A002_Xba2b1d_X404e,98.26887663579828,96.53450163579828,112,15625000.0,96.53450163579828,3.149669647216797,"coarse (>5 MHz, continuum-mode -- weak technosignature constraint)"
GaiaDR3_3534414594600352896_B3_EB_X404e,A002_Xba2b1d_X404e,106.63900163579828,108.37337663579828,112,15625000.0,107.52962663579828,3.238795042037964,"coarse (>5 MHz, continuum-mode -- weak technosignature constraint)"
GaiaDR3_3534414594600352896_B3_EB_X404e,A002_Xba2b1d_X404e,108.48762663579828,110.31575163579828,118,15625000.0,108.84700163579828,2.9422738552093506,"coarse (>5 MHz, continuum-mode -- weak technosignature constraint)"
GaiaDR3_3534414594600352896_B3_EB_X404e,A002_Xba2b1d_X404e,108.53889616704828,110.26448210454828,1768,976562.5,109.23127897954828,4.263023853302002,fine (<1 MHz)
GaiaDR3_3534414594600352896_B6_EB_X23fd,A002_Xc3032e_X23fd,230.5201475992444,232.3482725992444,118,15625000.0,231.0826475992444,1.9156126976013184,"coarse (>5 MHz, continuum-mode -- weak technosignature constraint)"
GaiaDR3_3534414594600352896_B6_EB_X23fd,A002_Xc3032e_X23fd,231.48520906123133,233.21958406123133,112,15625000.0,233.11020906123133,2.8025031089782715,"coarse (>5 MHz, continuum-mode -- weak technosignature constraint)"
GaiaDR3_3534414594600352896_B6_EB_X23fd,A002_Xc3032e_X23fd,230.9779112711194,231.3802550211194,104,3906250.0,231.1654112711194,3.326937675476074,medium (1-5 MHz)
GaiaDR3_3534414594600352896_B6_EB_X23fd,A002_Xc3032e_X23fd,230.4735167398694,230.9046690836194,884,488281.25,230.6776183023694,3.625718355178833,fine (<1 MHz)
GaiaDR3_3534414594600352896_B6_EB_X23fd,A002_Xc3032e_X23fd,218.9731299366085,218.5746924366085,52,7812500.0,218.7231299366085,2.606419324874878,"coarse (>5 MHz, continuum-mode -- weak technosignature constraint)"
GaiaDR3_3534414594600352896_B6_EB_X23fd,A002_Xc3032e_X23fd,219.4418799366085,219.0434424366085,52,7812500.0,219.0434424366085,2.144822120666504,"coarse (>5 MHz, continuum-mode -- weak technosignature constraint)"
GaiaDR3_3534414594600352896_B6_EB_X23fd,A002_Xc3032e_X23fd,219.9267432178585,219.4960791553585,442,976562.5,219.6044775928585,3.9112346172332764,fine (<1 MHz)
GaiaDR3_3534414594600352896_B6_EB_X23fd,A002_Xc3032e_X23fd,220.39546270028038,219.96479863778038,442,976562.5,220.03413457528038,3.456946849822998,fine (<1 MHz)
GaiaDR3_3534414594600352896_B6_EB_X3fbe,A002_Xbb0685_X3fbe,230.5541164830031,232.3822414830031,118,15625000.0,231.8509914830031,3.1284520626068115,"coarse (>5 MHz, continuum-mode -- weak technosignature constraint)"
GaiaDR3_3534414594600352896_B6_EB_X3fbe,A002_Xbb0685_X3fbe,231.51824092054517,233.25261592054517,112,15625000.0,232.64324092054517,2.5098326206207275,"coarse (>5 MHz, continuum-mode -- weak technosignature constraint)"
GaiaDR3_3534414594600352896_B6_EB_X3fbe,A002_Xbb0685_X3fbe,231.0118801548781,231.4142239048781,104,3906250.0,231.1798489048781,1.9481825828552246,medium (1-5 MHz)
GaiaDR3_3534414594600352896_B6_EB_X3fbe,A002_Xbb0685_X3fbe,230.5074856236281,230.9386379673781,884,488281.25,230.9147121861281,3.4691154956817627,fine (<1 MHz)
GaiaDR3_3534414594600352896_B6_EB_X3fbe,A002_Xbb0685_X3fbe,219.0053376316694,218.6069001316694,52,7812500.0,218.6850251316694,2.555523157119751,"coarse (>5 MHz, continuum-mode -- weak technosignature constraint)"
GaiaDR3_3534414594600352896_B6_EB_X3fbe,A002_Xbb0685_X3fbe,219.4740876316694,219.0756501316694,52,7812500.0,219.1459626316694,1.9982980489730835,"coarse (>5 MHz, continuum-mode -- weak technosignature constraint)"
GaiaDR3_3534414594600352896_B6_EB_X3fbe,A002_Xbb0685_X3fbe,219.9589509129194,219.5282868504194,442,976562.5,219.8603181004194,4.613555431365967,fine (<1 MHz)
GaiaDR3_3534414594600352896_B6_EB_X3fbe,A002_Xbb0685_X3fbe,220.42767039534127,219.99700633284127,442,976562.5,220.18645945784127,2.790245771408081,fine (<1 MHz)
GaiaDR3_3903402278745164672_B6_EB_X850c,A002_X10b6f7c_X850c,216.3963299135595,214.5682049135595,118,15625000.0,215.2713299135595,3.295531749725342,"coarse (>5 MHz, continuum-mode -- weak technosignature constraint)"
GaiaDR3_3903402278745164672_B6_EB_X850c,A002_X10b6f7c_X850c,218.4026775698095,216.5618572573095,1886,976562.5,218.2854900698095,3.988048553466797,fine (<1 MHz)
GaiaDR3_3903402278745164672_B6_EB_X850c,A002_X10b6f7c_X850c,229.60385344261223,231.44467375511223,1886,976562.5,230.23666594261223,4.403880596160889,fine (<1 MHz)
GaiaDR3_3903402278745164672_B6_EB_X850c,A002_X10b6f7c_X850c,231.56820109886223,233.39632609886223,118,15625000.0,232.99007609886223,1.829453706741333,"coarse (>5 MHz, continuum-mode -- weak technosignature constraint)"
GaiaDR3_3946438125929224320_B6_EB_X700d,A002_Xbf894a_X700d,254.4671875,252.7328125,112,15625000.0,253.6078125,3.6390721797943115,"coarse (>5 MHz, continuum-mode -- weak technosignature constraint)"
GaiaDR3_3946438125929224320_B6_EB_X700d,A002_Xbf894a_X700d,256.4671875,254.7328125,112,15625000.0,256.0921875,2.6626060009002686,"coarse (>5 MHz, continuum-mode -- weak technosignature constraint)"
GaiaDR3_3946438125929224320_B6_EB_X700d,A002_Xbf894a_X700d,268.7328125002,270.4671875002,112,15625000.0,269.7484375002,2.9356307983398438,"coarse (>5 MHz, continuum-mode -- weak technosignature constraint)"
GaiaDR3_3946438125929224320_B6_EB_X700d,A002_Xbf894a_X700d,270.7328125,272.4671875,112,15625000.0,272.1859375,2.641098976135254,"coarse (>5 MHz, continuum-mode -- weak technosignature constraint)"
GaiaDR3_3946438125929224320_B7_EB_X40d5,A002_Xbb9cd7_X40d5,344.001620227974,342.267245227974,112,15625000.0,343.939120227974,3.2939841747283936,"coarse (>5 MHz, continuum-mode -- weak technosignature constraint)"
GaiaDR3_3946438125929224320_B7_EB_X40d5,A002_Xbb9cd7_X40d5,356.16274522797397,357.89712022797397,112,15625000.0,357.56899522797397,3.5707814693450928,"coarse (>5 MHz, continuum-mode -- weak technosignature constraint)"
GaiaDR3_3946438125929224320_B7_EB_X40d5,A002_Xbb9cd7_X40d5,345.89272569672397,344.16713975922397,1768,976562.5,344.51772569672397,4.6010332107543945,fine (<1 MHz)
GaiaDR3_3946438125929224320_B7_EB_X40d5,A002_Xbb9cd7_X40d5,354.2740821111182,355.9991797673682,3534,488281.25,355.1290625798682,4.491235256195068,fine (<1 MHz)
GaiaDR3_3946438125929224320_B7_EB_Xbc74,A002_Xeba1ac_Xbc74,337.4350624999,335.6069374999,118,15625000.0,337.0756874999,3.4690263271331787,"coarse (>5 MHz, continuum-mode -- weak technosignature constraint)"
GaiaDR3_3946438125929224320_B7_EB_Xbc74,A002_Xeba1ac_Xbc74,339.3305624999,337.5024374999,118,15625000.0,338.4086874999,3.0396125316619873,"coarse (>5 MHz, continuum-mode -- weak technosignature constraint)"
GaiaDR3_3946438125929224320_B7_EB_Xbc74,A002_Xeba1ac_Xbc74,347.6069374999,349.4350624999,118,15625000.0,348.6538124999,1.9536094665527344,"coarse (>5 MHz, continuum-mode -- weak technosignature constraint)"
GaiaDR3_3946438125929224320_B7_EB_Xbc74,A002_Xeba1ac_Xbc74,349.5649374999,351.3930624999,118,15625000.0,351.2836874999,2.3523051738739014,"coarse (>5 MHz, continuum-mode -- weak technosignature constraint)"
GaiaDR3_3946438125929224320_B7_EB_Xf0fd,A002_Xe4f0a6_Xf0fd,337.4350624999,335.6069374999,118,15625000.0,336.8413124999,2.803403615951538,"coarse (>5 MHz, continuum-mode -- weak technosignature constraint)"
GaiaDR3_3946438125929224320_B7_EB_Xf0fd,A002_Xe4f0a6_Xf0fd,339.3305624999,337.5024374999,118,15625000.0,338.7055624999,2.4761459827423096,"coarse (>5 MHz, continuum-mode -- weak technosignature constraint)"
GaiaDR3_3946438125929224320_B7_EB_Xf0fd,A002_Xe4f0a6_Xf0fd,347.6069374999,349.4350624999,118,15625000.0,347.9819374999,2.6416232585906982,"coarse (>5 MHz, continuum-mode -- weak technosignature constraint)"
GaiaDR3_3946438125929224320_B7_EB_Xf0fd,A002_Xe4f0a6_Xf0fd,349.5649374999,351.3930624999,118,15625000.0,350.4399374999,2.1858608722686768,"coarse (>5 MHz, continuum-mode -- weak technosignature constraint)"
GaiaDR3_4075141768785646848_B6_EB_X1b1,A002_Xfed4ee_X1b1,224.91406440734863,223.08593940734863,118,15625000.0,223.14843940734863,2.8342528343200684,"coarse (>5 MHz, continuum-mode -- weak technosignature constraint)"
GaiaDR3_4075141768785646848_B6_EB_X1b1,A002_Xfed4ee_X1b1,226.91406440734863,225.08593940734863,118,15625000.0,225.14843940734863,2.6641125679016113,"coarse (>5 MHz, continuum-mode -- weak technosignature constraint)"
GaiaDR3_4075141768785646848_B6_EB_X1b1,A002_Xfed4ee_X1b1,239.08593559285134,240.91406059285134,118,15625000.0,240.38281059285134,2.3688085079193115,"coarse (>5 MHz, continuum-mode -- weak technosignature constraint)"
GaiaDR3_4075141768785646848_B6_EB_X1b1,A002_Xfed4ee_X1b1,241.0859355926514,242.9140605926514,118,15625000.0,242.5390605926514,3.0010507106781006,"coarse (>5 MHz, continuum-mode -- weak technosignature constraint)"
GaiaDR3_4075141768785646848_B6_EB_X82ee,A002_Xfee03e_X82ee,224.91406440734863,223.08593940734863,118,15625000.0,224.55468940734863,2.0013062953948975,"coarse (>5 MHz, continuum-mode -- weak technosignature constraint)"
GaiaDR3_4075141768785646848_B6_EB_X82ee,A002_Xfee03e_X82ee,226.91406440734863,225.08593940734863,118,15625000.0,225.55468940734863,2.6951992511749268,"coarse (>5 MHz, continuum-mode -- weak technosignature constraint)"
GaiaDR3_4075141768785646848_B6_EB_X82ee,A002_Xfee03e_X82ee,239.08593559285134,240.91406059285134,118,15625000.0,240.21093559285134,3.9002950191497803,"coarse (>5 MHz, continuum-mode -- weak technosignature constraint)"
GaiaDR3_4075141768785646848_B6_EB_X82ee,A002_Xfee03e_X82ee,241.0859355926514,242.9140605926514,118,15625000.0,241.6796855926514,2.2648468017578125,"coarse (>5 MHz, continuum-mode -- weak technosignature constraint)"
GaiaDR3_4472097420946809600_B6_EB_X7be,A002_Xce1e34_X7be,242.24551454590215,243.97988954590215,112,15625000.0,242.96426454590215,2.4837090969085693,"coarse (>5 MHz, continuum-mode -- weak technosignature constraint)"
GaiaDR3_4472097420946809600_B6_EB_X7be,A002_Xce1e34_X7be,244.2456190464422,245.9799940464422,112,15625000.0,245.6987440464422,2.703669548034668,"coarse (>5 MHz, continuum-mode -- weak technosignature constraint)"
GaiaDR3_4472097420946809600_B6_EB_X7be,A002_Xce1e34_X7be,228.08329949070267,226.35820183445267,3534,488281.25,227.15654167820267,3.9276177883148193,fine (<1 MHz)
GaiaDR3_4472097420946809600_B6_EB_X7be,A002_Xce1e34_X7be,230.97457162006714,229.24947396381714,3534,488281.25,230.59224740131714,4.006571292877197,fine (<1 MHz)
GaiaDR3_4472097420946809600_B7_EB_X3cf0,A002_Xff0235_X3cf0,334.09378243654805,332.26565743654805,118,15625000.0,333.76565743654805,2.5335235595703125,"coarse (>5 MHz, continuum-mode -- weak technosignature constraint)"
GaiaDR3_4472097420946809600_B7_EB_X3cf0,A002_Xff0235_X3cf0,342.31504574817615,344.14317074817615,118,15625000.0,342.90879574817615,3.081329584121704,"coarse (>5 MHz, continuum-mode -- weak technosignature constraint)"
GaiaDR3_4472097420946809600_B7_EB_X3cf0,A002_Xff0235_X3cf0,332.15046292043706,330.42536526418706,3534,488281.25,331.71198635793706,4.430481433868408,fine (<1 MHz)
GaiaDR3_4472097420946809600_B7_EB_X3cf0,A002_Xff0235_X3cf0,344.2583652641871,345.9834629204371,3534,488281.25,344.5503574516871,4.439779758453369,fine (<1 MHz)
GaiaDR3_4660016396371388672_B6_EB_X71dd,A002_X108c378_X71dd,217.40926739121016,215.56844707871016,1886,976562.5,216.28524395371016,3.9592740535736084,fine (<1 MHz)
GaiaDR3_4660016396371388672_B6_EB_X71dd,A002_X108c378_X71dd,219.5778755444414,219.52031939209766,944,61035.15625,219.53472368897266,4.685107231140137,fine (<1 MHz)
GaiaDR3_4660016396371388672_B6_EB_X71dd,A002_X108c378_X71dd,220.4160103100664,220.35845415772266,944,61035.15625,220.40069048584766,4.376382827758789,fine (<1 MHz)
GaiaDR3_4660016396371388672_B6_EB_X71dd,A002_X108c378_X71dd,230.49741018334126,230.55493581810688,1886,30517.578125,230.4984477809975,4.5833353996276855,fine (<1 MHz)
GaiaDR3_4660016396371388672_B6_EB_X71dd,A002_X108c378_X71dd,233.3175295555529,235.1583498680529,1886,976562.5,234.1046389305529,4.2237629890441895,fine (<1 MHz)
GaiaDR3_4660016396371388672_B6_EB_X9319,A002_X10ed869_X9319,217.40858167859474,215.56776136609474,1886,976562.5,216.02967542859474,4.134174823760986,fine (<1 MHz)
GaiaDR3_4660016396371388672_B6_EB_X9319,A002_X10ed869_X9319,220.44804428687218,219.52714584937218,944,976562.5,219.76249741187218,3.7587594985961914,fine (<1 MHz)
GaiaDR3_4660016396371388672_B6_EB_X9319,A002_X10ed869_X9319,230.46790114002934,230.5829524095606,1886,61035.15625,230.57410231190434,4.533421039581299,fine (<1 MHz)
GaiaDR3_4660016396371388672_B6_EB_X9319,A002_X10ed869_X9319,233.31678762393935,235.15760793643935,1886,976562.5,234.86756887393935,3.9153966903686523,fine (<1 MHz)
GaiaDR3_4792774797545800832_B3_EB_Xc7,A002_Xf4df6f_Xc7,101.92696341252582,100.09883841252582,118,15625000.0,101.13008841252582,3.746310234069824,"coarse (>5 MHz, continuum-mode -- weak technosignature constraint)"
GaiaDR3_4792774797545800832_B3_EB_Xc7,A002_Xf4df6f_Xc7,103.82246341252582,101.99433841252582,118,15625000.0,102.68183841252582,2.1345036029815674,"coarse (>5 MHz, continuum-mode -- weak technosignature constraint)"
GaiaDR3_4792774797545800832_B3_EB_Xc7,A002_Xf4df6f_Xc7,112.59883841252582,114.42696341252582,118,15625000.0,112.75508841252582,2.7598681449890137,"coarse (>5 MHz, continuum-mode -- weak technosignature constraint)"
GaiaDR3_4792774797545800832_B3_EB_Xc7,A002_Xf4df6f_Xc7,114.83088626408832,115.69343509221332,3534,244140.625,115.26203860783832,17.906543731689453,fine (<1 MHz)
GaiaDR3_4792774797545800832_B6_EB_X23e4,A002_Xa7a216_X23e4,230.11173381369963,230.97428264182463,3534,244140.625,230.52726115744963,7.987889766693115,fine (<1 MHz)
GaiaDR3_4792774797545800832_B6_EB_X23e4,A002_Xa7a216_X23e4,231.67586417593694,233.41023917593694,112,15625000.0,232.73836417593694,2.7300801277160645,"coarse (>5 MHz, continuum-mode -- weak technosignature constraint)"
GaiaDR3_4792774797545800832_B6_EB_X23e4,A002_Xa7a216_X23e4,219.36399017675885,217.62961517675885,112,15625000.0,219.36399017675885,2.17893385887146,"coarse (>5 MHz, continuum-mode -- weak technosignature constraint)"
GaiaDR3_4792774797545800832_B6_EB_X23e4,A002_Xa7a216_X23e4,217.40525291846347,215.68015526221347,3534,488281.25,216.58689354346347,4.456734657287598,fine (<1 MHz)
GaiaDR3_4792774797545800832_B6_EB_Xace,A002_X75bfbf_Xace,230.106675292051,230.969224120176,3534,244140.625,230.602036620176,4.8178324699401855,fine (<1 MHz)
GaiaDR3_4792774797545800832_B6_EB_Xace,A002_X75bfbf_Xace,231.67076176979506,233.40513676979506,112,15625000.0,232.78013676979506,2.5450615882873535,"coarse (>5 MHz, continuum-mode -- weak technosignature constraint)"
GaiaDR3_4792774797545800832_B6_EB_Xace,A002_X75bfbf_Xace,219.35906351704122,217.62468851704122,112,15625000.0,219.28093851704122,2.8386662006378174,"coarse (>5 MHz, continuum-mode -- weak technosignature constraint)"
GaiaDR3_4792774797545800832_B6_EB_Xace,A002_X75bfbf_Xace,217.40050158826733,215.67540393201733,3534,488281.25,216.62169299451733,4.524487018585205,fine (<1 MHz)
GaiaDR3_4912580642524184960_B7_EB_X5df0,A002_X1171dca_X5df0,334.0981894104603,332.2700644104603,118,15625000.0,334.0513144104603,3.4630844593048096,"coarse (>5 MHz, continuum-mode -- weak technosignature constraint)"
GaiaDR3_4912580642524184960_B7_EB_X5df0,A002_X1171dca_X5df0,342.3195856452507,344.1477106452507,118,15625000.0,344.1008356452507,2.8067564964294434,"coarse (>5 MHz, continuum-mode -- weak technosignature constraint)"
GaiaDR3_4912580642524184960_B7_EB_X5df0,A002_X1171dca_X5df0,332.15493635598045,330.42983869973045,3534,488281.25,331.96011213723045,4.574276924133301,fine (<1 MHz)
GaiaDR3_4912580642524184960_B7_EB_X5df0,A002_X1171dca_X5df0,344.2628386997305,345.9879363559805,3534,488281.25,344.5040496372305,4.849070072174072,fine (<1 MHz)
GaiaDR3_4912580642524184960_B7_EB_X727,A002_Xb54d65_X727,346.9498698716113,348.6842448716113,112,15625000.0,347.0748698716113,2.891491651535034,"coarse (>5 MHz, continuum-mode -- weak technosignature constraint)"
GaiaDR3_4912580642524184960_B7_EB_X727,A002_Xb54d65_X727,336.64224487161135,334.90786987161135,112,15625000.0,335.89224487161135,2.34881329536438,"coarse (>5 MHz, continuum-mode -- weak technosignature constraint)"
GaiaDR3_4912580642524184960_B7_EB_X727,A002_Xb54d65_X727,334.6842448716113,332.9498698716113,112,15625000.0,334.4342448716113,2.3642313480377197,"coarse (>5 MHz, continuum-mode -- weak technosignature constraint)"
GaiaDR3_4912580642524184960_B7_EB_X727,A002_Xb54d65_X727,344.9545085434863,346.6796061997363,3534,488281.25,345.2015788559863,4.225362300872803,fine (<1 MHz)
GaiaDR3_4912580642524184960_B7_EB_Xffdf,A002_Xfffde1_Xffdf,334.0721294078995,332.2440044078995,118,15625000.0,333.7752544078995,2.641841173171997,"coarse (>5 MHz, continuum-mode -- weak technosignature constraint)"
GaiaDR3_4912580642524184960_B7_EB_Xffdf,A002_Xfffde1_Xffdf,342.29273961940635,344.12086461940635,118,15625000.0,342.82398961940635,2.2532236576080322,"coarse (>5 MHz, continuum-mode -- weak technosignature constraint)"
GaiaDR3_4912580642524184960_B7_EB_Xffdf,A002_Xfffde1_Xffdf,332.12848334177795,330.40338568552795,3534,488281.25,331.46002631052795,4.292118072509766,fine (<1 MHz)
GaiaDR3_4912580642524184960_B7_EB_Xffdf,A002_Xfffde1_Xffdf,344.236385685528,345.961483341778,3534,488281.25,345.412655216778,4.390125274658203,fine (<1 MHz)
GaiaDR3_5063539946887524864_B6_EB_Xadea,A002_Xe5808e_Xadea,224.9140625,223.0859375,118,15625000.0,223.9453125,1.9889122247695923,"coarse (>5 MHz, continuum-mode -- weak technosignature constraint)"
GaiaDR3_5063539946887524864_B6_EB_Xadea,A002_Xe5808e_Xadea,226.9140625,225.0859375,118,15625000.0,226.3203125,2.5817360877990723,"coarse (>5 MHz, continuum-mode -- weak technosignature constraint)"
GaiaDR3_5063539946887524864_B6_EB_Xadea,A002_Xe5808e_Xadea,239.08593750019998,240.91406250019998,118,15625000.0,239.83593750019998,2.5816423892974854,"coarse (>5 MHz, continuum-mode -- weak technosignature constraint)"
GaiaDR3_5063539946887524864_B6_EB_Xadea,A002_Xe5808e_Xadea,241.08593750000003,242.91406250000003,118,15625000.0,242.83593750000003,2.7447702884674072,"coarse (>5 MHz, continuum-mode -- weak technosignature constraint)"
GaiaDR3_5164707970261890560_B6_EB_X12189,A002_Xe539c7_X12189,233.38884464962646,231.56071964962646,118,15625000.0,233.31071964962646,2.8642940521240234,"coarse (>5 MHz, continuum-mode -- weak technosignature constraint)"
GaiaDR3_5164707970261890560_B6_EB_X12189,A002_Xe539c7_X12189,244.0593638514139,245.8874888514139,118,15625000.0,245.8718638514139,2.5768685340881348,"coarse (>5 MHz, continuum-mode -- weak technosignature constraint)"
GaiaDR3_5164707970261890560_B6_EB_X12189,A002_Xe539c7_X12189,246.05914692362794,247.88727192362794,118,15625000.0,246.30914692362794,2.6232731342315674,"coarse (>5 MHz, continuum-mode -- weak technosignature constraint)"
GaiaDR3_5164707970261890560_B6_EB_X12189,A002_Xe539c7_X12189,230.837846278059,229.112260340559,1768,976562.5,230.122025965559,4.599364280700684,fine (<1 MHz)
GaiaDR3_5164707970261890560_B6_EB_X2004,A002_Xb9c01c_X2004,244.07871748137916,245.90684248137916,118,15625000.0,244.21934248137916,2.967374086380005,"coarse (>5 MHz, continuum-mode -- weak technosignature constraint)"
GaiaDR3_5164707970261890560_B6_EB_X2004,A002_Xb9c01c_X2004,246.07865854240922,247.90678354240922,118,15625000.0,246.15678354240922,2.54718279838562,"coarse (>5 MHz, continuum-mode -- weak technosignature constraint)"
GaiaDR3_5164707970261890560_B6_EB_X2004,A002_Xb9c01c_X2004,231.45920490107966,229.61887286982966,3770,488281.25,230.20920490107966,3.841676950454712,fine (<1 MHz)
GaiaDR3_5164707970261890560_B6_EB_X2004,A002_Xb9c01c_X2004,233.40721084949146,231.57908584949146,118,15625000.0,233.06346084949146,3.667513608932495,"coarse (>5 MHz, continuum-mode -- weak technosignature constraint)"
GaiaDR3_5444751795151480320_B7_EB_Xc4c,A002_Xb20b6d_Xc4c,335.2402355056474,333.5058605056474,112,15625000.0,334.8652355056474,2.3920681476593018,"coarse (>5 MHz, continuum-mode -- weak technosignature constraint)"
GaiaDR3_5444751795151480320_B7_EB_Xc4c,A002_Xb20b6d_Xc4c,337.13125429881785,335.39687929881785,112,15625000.0,336.44375429881785,3.1349339485168457,"coarse (>5 MHz, continuum-mode -- weak technosignature constraint)"
GaiaDR3_5444751795151480320_B7_EB_Xc4c,A002_Xb20b6d_Xc4c,347.5047321328822,349.2391071328822,112,15625000.0,348.9109821328822,2.2520041465759277,"coarse (>5 MHz, continuum-mode -- weak technosignature constraint)"
GaiaDR3_5444751795151480320_B7_EB_Xc4c,A002_Xb20b6d_Xc4c,345.54082792961293,346.40337675773793,3534,244140.625,345.85088652336293,3.912993907928467,fine (<1 MHz)
GaiaDR3_5455707157211784832_B7_EB_X41a2,A002_Xb9c01c_X41a2,345.9106042607626,344.0697839482626,1886,976562.5,345.6713464482626,4.517126560211182,fine (<1 MHz)
GaiaDR3_5455707157211784832_B7_EB_X41a2,A002_Xb9c01c_X41a2,343.96188160451266,342.22750660451266,112,15625000.0,342.61813160451266,4.0350117683410645,"coarse (>5 MHz, continuum-mode -- weak technosignature constraint)"
GaiaDR3_5455707157211784832_B7_EB_X41a2,A002_Xb9c01c_X41a2,354.1761525467236,356.0164845779736,3770,488281.25,354.1790822342236,4.736329078674316,fine (<1 MHz)
GaiaDR3_5455707157211784832_B7_EB_X41a2,A002_Xb9c01c_X41a2,356.1230066045126,357.8573816045126,112,15625000.0,357.6698816045126,3.740729808807373,"coarse (>5 MHz, continuum-mode -- weak technosignature constraint)"
GaiaDR3_5479222240596469632_B6_EB_X3f6e,A002_Xd9668b_X3f6e,233.39565818782177,231.56753318782177,118,15625000.0,231.59878318782177,2.6514062881469727,"coarse (>5 MHz, continuum-mode -- weak technosignature constraint)"
GaiaDR3_5479222240596469632_B6_EB_X3f6e,A002_Xd9668b_X3f6e,244.0665437088842,245.8946687088842,118,15625000.0,245.5821687088842,3.424003839492798,"coarse (>5 MHz, continuum-mode -- weak technosignature constraint)"
GaiaDR3_5479222240596469632_B6_EB_X3f6e,A002_Xd9668b_X3f6e,246.06638539227023,247.89451039227023,118,15625000.0,246.89451039227023,2.3054709434509277,"coarse (>5 MHz, continuum-mode -- weak technosignature constraint)"
GaiaDR3_5479222240596469632_B6_EB_X3f6e,A002_Xd9668b_X3f6e,231.38996816511468,229.66438222761468,1768,976562.5,230.34114004011468,4.391269207000732,fine (<1 MHz)
GaiaDR3_5592237639209047424_B10_EB_X5257,A002_X11d9ce7_X5257,857.09179296875,855.36620703125,1768,976562.5,855.92382421875,4.628565788269043,fine (<1 MHz)
GaiaDR3_5592237639209047424_B10_EB_X5257,A002_X11d9ce7_X5257,865.40820703125,867.13379296875,1768,976562.5,866.56055078125,4.848050594329834,fine (<1 MHz)
GaiaDR3_5592237639209047424_B10_EB_X5257,A002_X11d9ce7_X5257,855.09179296875,853.36620703125,1768,976562.5,854.34667578125,4.758298397064209,fine (<1 MHz)
GaiaDR3_5592237639209047424_B10_EB_X5257,A002_X11d9ce7_X5257,867.40820703125,869.13379296875,1768,976562.5,867.81055078125,4.5934600830078125,fine (<1 MHz)
GaiaDR3_5592237639209047424_B10_EB_X5257,A002_X11d9ce7_X5257,853.13379296875,851.40820703125,1768,976562.5,851.86523828125,4.553400993347168,fine (<1 MHz)
GaiaDR3_5592237639209047424_B10_EB_X5257,A002_X11d9ce7_X5257,869.36620703125,871.09179296875,1768,976562.5,871.06737890625,4.910983562469482,fine (<1 MHz)
GaiaDR3_5592237639209047424_B10_EB_X5257,A002_X11d9ce7_X5257,851.13379296875,849.40820703125,1768,976562.5,850.36426171875,4.436484336853027,fine (<1 MHz)
GaiaDR3_5592237639209047424_B10_EB_X5257,A002_X11d9ce7_X5257,871.36620703125,873.09179296875,1768,976562.5,873.06542578125,4.3678765296936035,fine (<1 MHz)
GaiaDR3_5592237639209047424_B6_EB_X3918,A002_Xb47876_X3918,224.8671875,223.1328125,112,15625000.0,224.3359375,3.2616748809814453,"coarse (>5 MHz, continuum-mode -- weak technosignature constraint)"
GaiaDR3_5592237639209047424_B6_EB_X3918,A002_Xb47876_X3918,226.8671875,225.1328125,112,15625000.0,226.1328125,2.44884991645813,"coarse (>5 MHz, continuum-mode -- weak technosignature constraint)"
GaiaDR3_5592237639209047424_B6_EB_X3918,A002_Xb47876_X3918,239.13281250019998,240.86718750019998,112,15625000.0,239.49218750019998,1.686003565788269,"coarse (>5 MHz, continuum-mode -- weak technosignature constraint)"
GaiaDR3_5592237639209047424_B6_EB_X3918,A002_Xb47876_X3918,241.13281250000003,242.86718750000003,112,15625000.0,241.66406250000003,2.526431083679199,"coarse (>5 MHz, continuum-mode -- weak technosignature constraint)"
GaiaDR3_5592237639209047424_B7_EB_X26e3,A002_Xff0235_X26e3,334.1069309132839,332.2788059132839,118,15625000.0,333.0288059132839,2.7140190601348877,"coarse (>5 MHz, continuum-mode -- weak technosignature constraint)"
GaiaDR3_5592237639209047424_B7_EB_X26e3,A002_Xff0235_X26e3,342.3285908101062,344.1567158101062,118,15625000.0,343.0004658101062,2.6942269802093506,"coarse (>5 MHz, continuum-mode -- weak technosignature constraint)"
GaiaDR3_5592237639209047424_B7_EB_X26e3,A002_Xff0235_X26e3,332.16380968982,330.43871203357,3534,488281.25,331.47142687732,4.288446426391602,fine (<1 MHz)
GaiaDR3_5592237639209047424_B7_EB_X26e3,A002_Xff0235_X26e3,344.27171203357,345.99680968982,3534,488281.25,345.09593078357,4.290885925292969,fine (<1 MHz)
GaiaDR3_5592237639209047424_B7_EB_Xbbde,A002_X1066403_Xbbde,334.0688191858753,332.2406941858753,118,15625000.0,332.4125691858753,2.74625563621521,"coarse (>5 MHz, continuum-mode -- weak technosignature constraint)"
GaiaDR3_5592237639209047424_B7_EB_Xbbde,A002_X1066403_Xbbde,342.28932955430486,344.11745455430486,118,15625000.0,343.11745455430486,2.490703821182251,"coarse (>5 MHz, continuum-mode -- weak technosignature constraint)"
GaiaDR3_5592237639209047424_B7_EB_Xbbde,A002_X1066403_Xbbde,332.125123198215,330.400025541965,3534,488281.25,331.667115385715,4.640118598937988,fine (<1 MHz)
GaiaDR3_5592237639209047424_B7_EB_Xbbde,A002_X1066403_Xbbde,344.23302554196505,345.95812319821505,3534,488281.25,345.94982241696505,4.549119472503662,fine (<1 MHz)
GaiaDR3_5853498713190525696_B6_EB_X1025,A002_Xdb7ab7_X1025,224.91406440734863,223.08593940734863,118,15625000.0,223.36718940734863,2.4944396018981934,"coarse (>5 MHz, continuum-mode -- weak technosignature constraint)"
GaiaDR3_5853498713190525696_B6_EB_X1025,A002_Xdb7ab7_X1025,226.91406440734863,225.08593940734863,118,15625000.0,226.91406440734863,1.9204607009887695,"coarse (>5 MHz, continuum-mode -- weak technosignature constraint)"
GaiaDR3_5853498713190525696_B6_EB_X1025,A002_Xdb7ab7_X1025,239.08593559285134,240.91406059285134,118,15625000.0,240.58593559285134,2.675210952758789,"coarse (>5 MHz, continuum-mode -- weak technosignature constraint)"
GaiaDR3_5853498713190525696_B6_EB_X1025,A002_Xdb7ab7_X1025,241.0859355926514,242.9140605926514,118,15625000.0,242.5859355926514,2.1479690074920654,"coarse (>5 MHz, continuum-mode -- weak technosignature constraint)"
GaiaDR3_5853498713190525696_B6_EB_X138c,A002_Xdbc154_X138c,224.91406440734863,223.08593940734863,118,15625000.0,224.24218940734863,2.20928692817688,"coarse (>5 MHz, continuum-mode -- weak technosignature constraint)"
GaiaDR3_5853498713190525696_B6_EB_X138c,A002_Xdbc154_X138c,226.91406440734863,225.08593940734863,118,15625000.0,225.89843940734863,2.239459991455078,"coarse (>5 MHz, continuum-mode -- weak technosignature constraint)"
GaiaDR3_5853498713190525696_B6_EB_X138c,A002_Xdbc154_X138c,239.08593559285134,240.91406059285134,118,15625000.0,240.38281059285134,4.323781490325928,"coarse (>5 MHz, continuum-mode -- weak technosignature constraint)"
GaiaDR3_5853498713190525696_B6_EB_X138c,A002_Xdbc154_X138c,241.0859355926514,242.9140605926514,118,15625000.0,241.8046855926514,2.9471070766448975,"coarse (>5 MHz, continuum-mode -- weak technosignature constraint)"
GaiaDR3_5853498713190525696_B6_EB_X140ee,A002_Xdb7ab7_X140ee,224.91406440734863,223.08593940734863,118,15625000.0,224.22656440734863,2.7286155223846436,"coarse (>5 MHz, continuum-mode -- weak technosignature constraint)"
GaiaDR3_5853498713190525696_B6_EB_X140ee,A002_Xdb7ab7_X140ee,226.91406440734863,225.08593940734863,118,15625000.0,226.10156440734863,3.066348075866699,"coarse (>5 MHz, continuum-mode -- weak technosignature constraint)"
GaiaDR3_5853498713190525696_B6_EB_X140ee,A002_Xdb7ab7_X140ee,239.08593559285134,240.91406059285134,118,15625000.0,240.16406059285134,2.899273157119751,"coarse (>5 MHz, continuum-mode -- weak technosignature constraint)"
GaiaDR3_5853498713190525696_B6_EB_X140ee,A002_Xdb7ab7_X140ee,241.0859355926514,242.9140605926514,118,15625000.0,241.3671855926514,2.492251396179199,"coarse (>5 MHz, continuum-mode -- weak technosignature constraint)"
GaiaDR3_5853498713190525696_B6_EB_X1938,A002_Xdc0d09_X1938,224.91406440734863,223.08593940734863,118,15625000.0,224.49218940734863,2.0788323879241943,"coarse (>5 MHz, continuum-mode -- weak technosignature constraint)"
GaiaDR3_5853498713190525696_B6_EB_X1938,A002_Xdc0d09_X1938,226.91406440734863,225.08593940734863,118,15625000.0,225.75781440734863,2.797689914703369,"coarse (>5 MHz, continuum-mode -- weak technosignature constraint)"
GaiaDR3_5853498713190525696_B6_EB_X1938,A002_Xdc0d09_X1938,239.08593559285134,240.91406059285134,118,15625000.0,239.25781059285134,3.2035205364227295,"coarse (>5 MHz, continuum-mode -- weak technosignature constraint)"
GaiaDR3_5853498713190525696_B6_EB_X1938,A002_Xdc0d09_X1938,241.0859355926514,242.9140605926514,118,15625000.0,242.0546855926514,3.024298667907715,"coarse (>5 MHz, continuum-mode -- weak technosignature constraint)"
GaiaDR3_5853498713190525696_B6_EB_X1d95,A002_Xbf9c0a_X1d95,224.8671875,223.1328125,112,15625000.0,223.3359375,2.796107292175293,"coarse (>5 MHz, continuum-mode -- weak technosignature constraint)"
GaiaDR3_5853498713190525696_B6_EB_X1d95,A002_Xbf9c0a_X1d95,226.8671875,225.1328125,112,15625000.0,225.6328125,2.589869260787964,"coarse (>5 MHz, continuum-mode -- weak technosignature constraint)"
GaiaDR3_5853498713190525696_B6_EB_X1d95,A002_Xbf9c0a_X1d95,239.13281250019998,240.86718750019998,112,15625000.0,240.77343750019998,2.7501633167266846,"coarse (>5 MHz, continuum-mode -- weak technosignature constraint)"
GaiaDR3_5853498713190525696_B6_EB_X1d95,A002_Xbf9c0a_X1d95,241.13281250000003,242.86718750000003,112,15625000.0,241.22656250000003,2.6258153915405273,"coarse (>5 MHz, continuum-mode -- weak technosignature constraint)"
GaiaDR3_5853498713190525696_B6_EB_X252f,A002_Xdc21b9_X252f,224.91406440734863,223.08593940734863,118,15625000.0,224.33593940734863,3.152796983718872,"coarse (>5 MHz, continuum-mode -- weak technosignature constraint)"
GaiaDR3_5853498713190525696_B6_EB_X252f,A002_Xdc21b9_X252f,226.91406440734863,225.08593940734863,118,15625000.0,226.69531440734863,2.781005620956421,"coarse (>5 MHz, continuum-mode -- weak technosignature constraint)"
GaiaDR3_5853498713190525696_B6_EB_X252f,A002_Xdc21b9_X252f,239.08593559285134,240.91406059285134,118,15625000.0,240.46093559285134,2.1548027992248535,"coarse (>5 MHz, continuum-mode -- weak technosignature constraint)"
GaiaDR3_5853498713190525696_B6_EB_X252f,A002_Xdc21b9_X252f,241.0859355926514,242.9140605926514,118,15625000.0,242.3203105926514,2.210000991821289,"coarse (>5 MHz, continuum-mode -- weak technosignature constraint)"
GaiaDR3_5853498713190525696_B6_EB_X2720,A002_Xbcef34_X2720,224.8671875,223.1328125,112,15625000.0,224.8046875,3.332188129425049,"coarse (>5 MHz, continuum-mode -- weak technosignature constraint)"
GaiaDR3_5853498713190525696_B6_EB_X2720,A002_Xbcef34_X2720,226.8671875,225.1328125,112,15625000.0,226.6640625,2.591583728790283,"coarse (>5 MHz, continuum-mode -- weak technosignature constraint)"
GaiaDR3_5853498713190525696_B6_EB_X2720,A002_Xbcef34_X2720,239.13281250019998,240.86718750019998,112,15625000.0,239.86718750019998,1.9656472206115723,"coarse (>5 MHz, continuum-mode -- weak technosignature constraint)"
GaiaDR3_5853498713190525696_B6_EB_X2720,A002_Xbcef34_X2720,241.13281250000003,242.86718750000003,112,15625000.0,242.14843750000003,2.5504672527313232,"coarse (>5 MHz, continuum-mode -- weak technosignature constraint)"
GaiaDR3_5853498713190525696_B6_EB_X8708,A002_Xdbc154_X8708,224.91406440734863,223.08593940734863,118,15625000.0,224.27343940734863,2.435931444168091,"coarse (>5 MHz, continuum-mode -- weak technosignature constraint)"
GaiaDR3_5853498713190525696_B6_EB_X8708,A002_Xdbc154_X8708,226.91406440734863,225.08593940734863,118,15625000.0,226.55468940734863,2.4876296520233154,"coarse (>5 MHz, continuum-mode -- weak technosignature constraint)"
GaiaDR3_5853498713190525696_B6_EB_X8708,A002_Xdbc154_X8708,239.08593559285134,240.91406059285134,118,15625000.0,240.55468559285134,2.642559766769409,"coarse (>5 MHz, continuum-mode -- weak technosignature constraint)"
GaiaDR3_5853498713190525696_B6_EB_X8708,A002_Xdbc154_X8708,241.0859355926514,242.9140605926514,118,15625000.0,241.0859355926514,2.491217613220215,"coarse (>5 MHz, continuum-mode -- weak technosignature constraint)"
GaiaDR3_5853498713190525696_B6_EB_X8bda,A002_Xdb7ab7_X8bda,224.91406440734863,223.08593940734863,118,15625000.0,224.77343940734863,2.827660322189331,"coarse (>5 MHz, continuum-mode -- weak technosignature constraint)"
GaiaDR3_5853498713190525696_B6_EB_X8bda,A002_Xdb7ab7_X8bda,226.91406440734863,225.08593940734863,118,15625000.0,225.19531440734863,3.0893006324768066,"coarse (>5 MHz, continuum-mode -- weak technosignature constraint)"
GaiaDR3_5853498713190525696_B6_EB_X8bda,A002_Xdb7ab7_X8bda,239.08593559285134,240.91406059285134,118,15625000.0,239.61718559285134,2.43875789642334,"coarse (>5 MHz, continuum-mode -- weak technosignature constraint)"
GaiaDR3_5853498713190525696_B6_EB_X8bda,A002_Xdb7ab7_X8bda,241.0859355926514,242.9140605926514,118,15625000.0,241.3046855926514,2.9316675662994385,"coarse (>5 MHz, continuum-mode -- weak technosignature constraint)"
GaiaDR3_610549499710989440_B6_EB_X6b77,A002_Xcfae6a_X6b77,242.22716525296468,243.96154025296468,112,15625000.0,242.36779025296468,2.4145545959472656,"coarse (>5 MHz, continuum-mode -- weak technosignature constraint)"
GaiaDR3_610549499710989440_B6_EB_X6b77,A002_Xcfae6a_X6b77,244.22711879267823,245.96149379267823,112,15625000.0,245.22711879267823,2.0226998329162598,"coarse (>5 MHz, continuum-mode -- weak technosignature constraint)"
GaiaDR3_610549499710989440_B6_EB_X6b77,A002_Xcfae6a_X6b77,228.0654578036742,226.3403601474242,3534,488281.25,227.9385046786742,4.54840087890625,fine (<1 MHz)
GaiaDR3_610549499710989440_B6_EB_X6b77,A002_Xcfae6a_X6b77,230.95720357270176,229.23210591645176,3534,488281.25,230.57487935395176,4.723181247711182,fine (<1 MHz)
GaiaDR3_610549499710989440_B7_EB_X1daae,A002_Xff99e1_X1daae,334.1500787903558,332.3219537903558,118,15625000.0,332.9625787903558,2.3648693561553955,"coarse (>5 MHz, continuum-mode -- weak technosignature constraint)"
GaiaDR3_610549499710989440_B7_EB_X1daae,A002_Xff99e1_X1daae,342.373040116283,344.201165116283,118,15625000.0,344.154290116283,2.821824550628662,"coarse (>5 MHz, continuum-mode -- weak technosignature constraint)"
GaiaDR3_610549499710989440_B7_EB_X1daae,A002_Xff99e1_X1daae,332.2076082814444,330.4825106251944,3534,488281.25,332.1612215626944,4.732252597808838,fine (<1 MHz)
GaiaDR3_610549499710989440_B7_EB_X1daae,A002_Xff99e1_X1daae,344.3155106251944,346.0406082814444,3534,488281.25,345.3897293751944,4.468045711517334,fine (<1 MHz)
GaiaDR3_610549499710989440_B7_EB_X43a9,A002_X101088d_X43a9,332.2562760322882,330.4159440010382,3770,488281.25,331.2440690010382,4.663548469543457,fine (<1 MHz)
GaiaDR3_610549499710989440_B7_EB_X43a9,A002_X101088d_X43a9,334.14126234358395,332.31313734358395,118,15625000.0,333.12563734358395,3.231217622756958,"coarse (>5 MHz, continuum-mode -- weak technosignature constraint)"
GaiaDR3_610549499710989440_B7_EB_X43a9,A002_X101088d_X43a9,342.36395387504524,344.19207887504524,118,15625000.0,344.09832887504524,2.8453094959259033,"coarse (>5 MHz, continuum-mode -- weak technosignature constraint)"
GaiaDR3_610549499710989440_B7_EB_X43a9,A002_X101088d_X43a9,344.2489401863409,346.0892722175909,3770,488281.25,345.5135886238409,4.50569486618042,fine (<1 MHz)
GaiaDR3_6382640367603744128_B7_EB_X99ed,A002_Xff0235_X99ed,332.20219447893817,330.36186244768817,3770,488281.25,332.15043666643817,4.963045120239258,fine (<1 MHz)
GaiaDR3_6382640367603744128_B7_EB_X99ed,A002_Xff0235_X99ed,334.0879842784851,332.2598592784851,118,15625000.0,333.2598592784851,2.549523115158081,"coarse (>5 MHz, continuum-mode -- weak technosignature constraint)"
GaiaDR3_6382640367603744128_B7_EB_X99ed,A002_Xff0235_X99ed,342.30906883344414,344.13719383344414,118,15625000.0,343.35594383344414,3.108558416366577,"coarse (>5 MHz, continuum-mode -- weak technosignature constraint)"
GaiaDR3_6382640367603744128_B7_EB_X99ed,A002_Xff0235_X99ed,344.19485863299093,346.03519066424093,3770,488281.25,344.62259300799093,4.9124836921691895,fine (<1 MHz)
GaiaDR3_6438274350302427776_B7_EB_X1300f,A002_X107fa96_X1300f,344.05235038430897,342.32725272805897,3534,488281.25,342.43809257180897,4.589395046234131,fine (<1 MHz)
GaiaDR3_6438274350302427776_B7_EB_X1300f,A002_X107fa96_X1300f,346.05235038430897,344.32725272805897,3534,488281.25,344.60654960305897,5.144374847412109,fine (<1 MHz)
GaiaDR3_6438274350302427776_B7_EB_X1300f,A002_X107fa96_X1300f,354.36925272805894,356.09435038430894,3534,488281.25,354.44151835305894,4.6245222091674805,fine (<1 MHz)
GaiaDR3_6438274350302427776_B7_EB_X1300f,A002_X107fa96_X1300f,356.36925272805894,358.09435038430894,3534,488281.25,358.05870585305894,4.430008888244629,fine (<1 MHz)
GaiaDR3_6438274350302427776_B7_EB_X4442,A002_X107376c_X4442,342.02338288585383,343.85150788585383,118,15625000.0,343.82025788585383,3.215296983718872,"coarse (>5 MHz, continuum-mode -- weak technosignature constraint)"
GaiaDR3_6438274350302427776_B7_EB_X4442,A002_X107376c_X4442,329.7579942139788,328.0328965577288,3534,488281.25,328.2037949952288,4.462491512298584,fine (<1 MHz)
GaiaDR3_6438274350302427776_B7_EB_X4442,A002_X107376c_X4442,331.7579942139788,330.0328965577288,3534,488281.25,331.1447129639788,4.22137975692749,fine (<1 MHz)
GaiaDR3_6438274350302427776_B7_EB_X4442,A002_X107376c_X4442,340.07489655772883,341.79999421397883,3534,488281.25,341.77948640147883,4.916029453277588,fine (<1 MHz)
GaiaDR3_6443328221136801920_B6_EB_X2bdbe,A002_Xe48598_X2bdbe,224.9140625,223.0859375,118,15625000.0,224.6171875,2.1958088874816895,"coarse (>5 MHz, continuum-mode -- weak technosignature constraint)"
GaiaDR3_6443328221136801920_B6_EB_X2bdbe,A002_Xe48598_X2bdbe,226.9140625,225.0859375,118,15625000.0,226.4296875,3.5400524139404297,"coarse (>5 MHz, continuum-mode -- weak technosignature constraint)"
GaiaDR3_6443328221136801920_B6_EB_X2bdbe,A002_Xe48598_X2bdbe,239.08593750019998,240.91406250019998,118,15625000.0,239.41406250019998,2.3398754596710205,"coarse (>5 MHz, continuum-mode -- weak technosignature constraint)"
GaiaDR3_6443328221136801920_B6_EB_X2bdbe,A002_Xe48598_X2bdbe,241.08593750000003,242.91406250000003,118,15625000.0,242.83593750000003,1.9182114601135254,"coarse (>5 MHz, continuum-mode -- weak technosignature constraint)"
GaiaDR3_6463782435948431616_B6_EB_X23c0,A002_Xc27dd7_X23c0,230.51510367629467,230.97518668410717,3770,122070.3125,230.78548941848217,4.747271537780762,fine (<1 MHz)
GaiaDR3_6463782435948431616_B6_EB_X23c0,A002_Xc27dd7_X23c0,232.63505286025918,234.36942786025918,112,15625000.0,233.11942786025918,2.8102853298187256,"coarse (>5 MHz, continuum-mode -- weak technosignature constraint)"
GaiaDR3_6463782435948431616_B6_EB_X23c0,A002_Xc27dd7_X23c0,217.86926954774344,216.13489454774344,112,15625000.0,216.21301954774344,3.0219483375549316,"coarse (>5 MHz, continuum-mode -- weak technosignature constraint)"
GaiaDR3_6463782435948431616_B6_EB_X23c0,A002_Xc27dd7_X23c0,220.4142719734339,218.5739399421839,3770,488281.25,219.0426899421839,4.51888370513916,fine (<1 MHz)
GaiaDR3_6564091190988411520_B6_EB_Xcff3,A002_Xb28642_Xcff3,244.15864718292343,245.89302218292343,112,15625000.0,245.28364718292343,2.366175651550293,"coarse (>5 MHz, continuum-mode -- weak technosignature constraint)"
GaiaDR3_6564091190988411520_B6_EB_Xcff3,A002_Xb28642_Xcff3,246.15885807829343,247.89323307829343,112,15625000.0,246.75260807829343,1.6987409591674805,"coarse (>5 MHz, continuum-mode -- weak technosignature constraint)"
GaiaDR3_6564091190988411520_B6_EB_Xcff3,A002_Xb28642_Xcff3,233.39170408666098,231.65732908666098,112,15625000.0,232.40732908666098,2.38252592086792,"coarse (>5 MHz, continuum-mode -- weak technosignature constraint)"
GaiaDR3_6564091190988411520_B6_EB_Xcff3,A002_Xb28642_Xcff3,231.4338004646702,229.7087028084202,3534,488281.25,230.7033317146702,3.5884437561035156,fine (<1 MHz)
GaiaDR3_6577318075351824512_B6_EB_X3ca,A002_Xb99071_X3ca,231.43551218317523,229.59518015192523,3770,488281.25,231.40963327692523,4.523106575012207,fine (<1 MHz)
GaiaDR3_6577318075351824512_B6_EB_X3ca,A002_Xb99071_X3ca,233.3372955769796,231.6029205769796,112,15625000.0,232.4310455769796,2.573920488357544,"coarse (>5 MHz, continuum-mode -- weak technosignature constraint)"
GaiaDR3_6577318075351824512_B6_EB_X3ca,A002_Xb99071_X3ca,244.60124920091891,246.33562420091891,112,15625000.0,246.31999920091891,2.987698793411255,"coarse (>5 MHz, continuum-mode -- weak technosignature constraint)"
GaiaDR3_6577318075351824512_B6_EB_X3ca,A002_Xb99071_X3ca,246.60099206605568,248.33536706605568,112,15625000.0,248.21036706605568,3.1770577430725098,"coarse (>5 MHz, continuum-mode -- weak technosignature constraint)"
GaiaDR3_6577318075351824512_B6_EB_X6176,A002_Xbf1cbb_X6176,231.47113186531024,229.64300686531024,118,15625000.0,230.25238186531024,3.224513530731201,"coarse (>5 MHz, continuum-mode -- weak technosignature constraint)"
GaiaDR3_6577318075351824512_B6_EB_X6176,A002_Xbf1cbb_X6176,233.37788243013483,231.64350743013483,112,15625000.0,233.31538243013483,3.2711849212646484,"coarse (>5 MHz, continuum-mode -- weak technosignature constraint)"
GaiaDR3_6577318075351824512_B6_EB_X6176,A002_Xbf1cbb_X6176,244.64410542650862,246.37848042650862,112,15625000.0,245.11285542650862,3.6596100330352783,"coarse (>5 MHz, continuum-mode -- weak technosignature constraint)"
GaiaDR3_6577318075351824512_B6_EB_X6176,A002_Xbf1cbb_X6176,231.41961819343524,229.69452053718524,3534,488281.25,231.22528225593524,4.644089221954346,fine (<1 MHz)
GaiaDR3_6643589352010758400_B3_EB_X45e2,A002_Xcb402e_X45e2,91.4086375,89.5805125,118,15625000.0,90.4398875,2.397256851196289,"coarse (>5 MHz, continuum-mode -- weak technosignature constraint)"
GaiaDR3_6643589352010758400_B3_EB_X45e2,A002_Xcb402e_X45e2,93.3461375,91.5180125,118,15625000.0,92.9555125,1.9926469326019287,"coarse (>5 MHz, continuum-mode -- weak technosignature constraint)"
GaiaDR3_6643589352010758400_B3_EB_X45e2,A002_Xcb402e_X45e2,101.5805125,103.4086375,118,15625000.0,103.0648875,2.6379125118255615,"coarse (>5 MHz, continuum-mode -- weak technosignature constraint)"
GaiaDR3_6643589352010758400_B3_EB_X45e2,A002_Xcb402e_X45e2,103.5805125,105.4086375,118,15625000.0,105.0492625,3.0536258220672607,"coarse (>5 MHz, continuum-mode -- weak technosignature constraint)"
GaiaDR3_6643589352010758400_B6_EB_X1b70,A002_X7c5411_X1b70,230.13160084384265,230.99414967196765,3534,244140.625,230.44483326571765,4.927953720092773,fine (<1 MHz)
GaiaDR3_6643589352010758400_B6_EB_X1b70,A002_X7c5411_X1b70,227.150911519005,228.885286519005,112,15625000.0,227.166536519005,3.0347819328308105,"coarse (>5 MHz, continuum-mode -- weak technosignature constraint)"
GaiaDR3_6643589352010758400_B6_EB_X1b70,A002_X7c5411_X1b70,215.88425455720076,214.14987955720076,112,15625000.0,215.60300455720076,2.9882850646972656,"coarse (>5 MHz, continuum-mode -- weak technosignature constraint)"
GaiaDR3_6643589352010758400_B6_EB_X1b70,A002_X7c5411_X1b70,213.88409579387704,212.14972079387704,112,15625000.0,213.71222079387704,3.142003297805786,"coarse (>5 MHz, continuum-mode -- weak technosignature constraint)"
GaiaDR3_6643589352010758400_B6_EB_Xcb0,A002_X835491_Xcb0,230.11634319547494,230.97889202359994,3534,244140.625,230.72449749234994,5.599450588226318,fine (<1 MHz)
GaiaDR3_6643589352010758400_B6_EB_Xcb0,A002_X835491_Xcb0,231.63381397961302,233.36818897961302,112,15625000.0,233.14943897961302,3.5575692653656006,"coarse (>5 MHz, continuum-mode -- weak technosignature constraint)"
GaiaDR3_6643589352010758400_B6_EB_Xcb0,A002_X835491_Xcb0,215.47614020611448,213.74176520611448,112,15625000.0,213.80426520611448,2.021911144256592,"coarse (>5 MHz, continuum-mode -- weak technosignature constraint)"
GaiaDR3_6643589352010758400_B6_EB_Xcb0,A002_X835491_Xcb0,217.47622364233268,215.74184864233268,112,15625000.0,215.80434864233268,3.1907453536987305,"coarse (>5 MHz, continuum-mode -- weak technosignature constraint)"
GaiaDR3_6643589352010758400_B7_EB_X2275,A002_Xb5e334_X2275,346.9143097907809,348.6486847907809,112,15625000.0,347.2111847907809,1.738325595855713,"coarse (>5 MHz, continuum-mode -- weak technosignature constraint)"
GaiaDR3_6643589352010758400_B7_EB_X2275,A002_Xb5e334_X2275,334.6486847907809,332.9768097907809,108,15625000.0,332.9768097907809,3.527519702911377,"coarse (>5 MHz, continuum-mode -- weak technosignature constraint)"
GaiaDR3_6643589352010758400_B7_EB_X2275,A002_Xb5e334_X2275,344.9189484626559,346.6440461189059,3534,488281.25,346.5874054939059,3.871175765991211,fine (<1 MHz)
GaiaDR3_6643589352010758400_B7_EB_Xa57,A002_Xa8666f_Xa57,344.909205134329,346.634302790579,3534,488281.25,346.006861384329,3.519033432006836,fine (<1 MHz)
GaiaDR3_6643589352010758400_B7_EB_Xa57,A002_Xa8666f_Xa57,346.904566462454,348.638941462454,112,15625000.0,347.951441462454,2.790351629257202,"coarse (>5 MHz, continuum-mode -- weak technosignature constraint)"
GaiaDR3_6643589352010758400_B7_EB_Xa57,A002_Xa8666f_Xa57,336.576441462454,334.842066462454,112,15625000.0,335.451441462454,2.6162657737731934,"coarse (>5 MHz, continuum-mode -- weak technosignature constraint)"
GaiaDR3_6643589352010758400_B7_EB_Xa57,A002_Xa8666f_Xa57,334.638941462454,332.904566462454,112,15625000.0,332.967066462454,2.408039093017578,"coarse (>5 MHz, continuum-mode -- weak technosignature constraint)"
GaiaDR3_6643589352010758400_B8_EB_X1c4b,A002_Xbe6170_X1c4b,491.29257937984926,493.12070437984926,118,15625000.0,492.73007937984926,3.016523599624634,"coarse (>5 MHz, continuum-mode -- weak technosignature constraint)"
GaiaDR3_6643589352010758400_B8_EB_X1c4b,A002_Xbe6170_X1c4b,493.33945437984926,495.07382937984926,112,15625000.0,493.99570437984926,2.941667318344116,"coarse (>5 MHz, continuum-mode -- weak technosignature constraint)"
GaiaDR3_6643589352010758400_B8_EB_X1c4b,A002_Xbe6170_X1c4b,483.0318293798492,481.2974543798492,112,15625000.0,482.8912043798492,2.451768636703491,"coarse (>5 MHz, continuum-mode -- weak technosignature constraint)"
GaiaDR3_6643589352010758400_B8_EB_X1c4b,A002_Xbe6170_X1c4b,481.07382937984926,479.33945437984926,112,15625000.0,480.33945437984926,3.721461772918701,"coarse (>5 MHz, continuum-mode -- weak technosignature constraint)"
GaiaDR3_6643589352010758400_B8_EB_X1c4b,A002_Xbe6170_X1c4b,491.34409305172426,493.06919070797426,3534,488281.25,492.02768680172426,4.615258693695068,fine (<1 MHz)
GaiaDR3_6643602576214115584_B6_EB_X1dee,A002_Xa66f35_X1dee,230.49564095838443,230.54955026014224,3534,15258.7890625,230.5489551673688,5.241015434265137,fine (<1 MHz)
GaiaDR3_6643602576214115584_B6_EB_X1dee,A002_Xa66f35_X1dee,232.1061687479177,233.8405437479177,112,15625000.0,233.2780437479177,1.629365086555481,"coarse (>5 MHz, continuum-mode -- weak technosignature constraint)"
GaiaDR3_6643602576214115584_B6_EB_X1dee,A002_Xa66f35_X1dee,219.32822289075676,217.59384789075676,112,15625000.0,219.03134789075676,2.684197425842285,"coarse (>5 MHz, continuum-mode -- weak technosignature constraint)"
GaiaDR3_6643602576214115584_B6_EB_X1dee,A002_Xa66f35_X1dee,220.41091564136326,220.35700633960545,3534,15258.7890625,220.39188793140232,5.248681545257568,fine (<1 MHz)
GaiaDR3_6643602576214115584_B6_EB_X32,A002_X74eb2a_X32,230.09549959486006,230.95804842298506,3534,244140.625,230.55570467298506,4.299325942993164,fine (<1 MHz)
GaiaDR3_6643602576214115584_B6_EB_X32,A002_X74eb2a_X32,227.11220371332192,228.84657871332192,112,15625000.0,228.61220371332192,4.0528788566589355,"coarse (>5 MHz, continuum-mode -- weak technosignature constraint)"
GaiaDR3_6643602576214115584_B6_EB_X32,A002_X74eb2a_X32,215.84775377552597,214.11337877552597,112,15625000.0,214.97275377552597,2.5714526176452637,"coarse (>5 MHz, continuum-mode -- weak technosignature constraint)"
GaiaDR3_6643602576214115584_B6_EB_X32,A002_X74eb2a_X32,213.84793455435732,212.11355955435732,112,15625000.0,213.67605955435732,2.7353787422180176,"coarse (>5 MHz, continuum-mode -- weak technosignature constraint)"
GaiaDR3_6655168686921108864_B6_EB_X1294,A002_Xb945f7_X1294,231.63031439277026,233.36468939277026,112,15625000.0,232.38031439277026,2.9681155681610107,"coarse (>5 MHz, continuum-mode -- weak technosignature constraint)"
GaiaDR3_6655168686921108864_B6_EB_X1294,A002_Xb945f7_X1294,218.75343156857053,217.01905656857053,112,15625000.0,218.12843156857053,3.3166184425354004,"coarse (>5 MHz, continuum-mode -- weak technosignature constraint)"
GaiaDR3_6655168686921108864_B6_EB_X1294,A002_Xb945f7_X1294,216.2535893924267,214.5192143924267,112,15625000.0,214.5192143924267,1.9551383256912231,"coarse (>5 MHz, continuum-mode -- weak technosignature constraint)"
GaiaDR3_6655168686921108864_B6_EB_X1294,A002_Xb945f7_X1294,229.65569720527026,231.38030658027026,884,1953125.0,230.00921283027026,4.24925422668457,medium (1-5 MHz)
GaiaDR3_6655168686921108864_B6_EB_X509e,A002_Xb7a3f8_X509e,231.6300004833128,233.3643754833128,112,15625000.0,231.7706254833128,2.602086305618286,"coarse (>5 MHz, continuum-mode -- weak technosignature constraint)"
GaiaDR3_6655168686921108864_B6_EB_X509e,A002_Xb7a3f8_X509e,218.75312632264564,217.01875132264564,112,15625000.0,218.72187632264564,2.5626890659332275,"coarse (>5 MHz, continuum-mode -- weak technosignature constraint)"
GaiaDR3_6655168686921108864_B6_EB_X509e,A002_Xb7a3f8_X509e,216.25328764868112,214.51891264868112,112,15625000.0,215.40953764868112,2.5779592990875244,"coarse (>5 MHz, continuum-mode -- weak technosignature constraint)"
GaiaDR3_6655168686921108864_B6_EB_X509e,A002_Xb7a3f8_X509e,229.6553832958128,231.3799926708128,884,1953125.0,230.6846801708128,3.597919225692749,medium (1-5 MHz)
GaiaDR3_6702775135228913280_B6_EB_X16f5,A002_X7c5411_X16f5,230.13335876074657,230.99590758887157,3534,244140.625,230.62530212012157,4.546464443206787,fine (<1 MHz)
GaiaDR3_6702775135228913280_B6_EB_X16f5,A002_X7c5411_X16f5,227.15278271265817,228.88715771265817,112,15625000.0,228.44965771265817,3.20855712890625,"coarse (>5 MHz, continuum-mode -- weak technosignature constraint)"
GaiaDR3_6702775135228913280_B6_EB_X16f5,A002_X7c5411_X16f5,215.88601905998775,214.15164405998775,112,15625000.0,215.88601905998775,2.9936516284942627,"coarse (>5 MHz, continuum-mode -- weak technosignature constraint)"
GaiaDR3_6702775135228913280_B6_EB_X16f5,A002_X7c5411_X16f5,213.8858438826846,212.1514688826846,112,15625000.0,213.7764688826846,2.41038179397583,"coarse (>5 MHz, continuum-mode -- weak technosignature constraint)"
GaiaDR3_6702775135228913280_B6_EB_Xefd,A002_Xa7c533_Xefd,230.4964743662494,230.5503836680072,3534,15258.7890625,230.49719152933534,4.927501678466797,fine (<1 MHz)
GaiaDR3_6702775135228913280_B6_EB_Xefd,A002_Xa7c533_Xefd,232.10697471714832,233.84134971714832,112,15625000.0,233.35697471714832,2.035459280014038,"coarse (>5 MHz, continuum-mode -- weak technosignature constraint)"
GaiaDR3_6702775135228913280_B6_EB_Xefd,A002_Xa7c533_Xefd,219.3290033971123,217.5946283971123,112,15625000.0,217.7821283971123,3.0282561779022217,"coarse (>5 MHz, continuum-mode -- weak technosignature constraint)"
GaiaDR3_6702775135228913280_B6_EB_Xefd,A002_Xa7c533_Xefd,220.41169320926136,220.35778390750355,3534,15258.7890625,220.37435495242542,4.609771728515625,fine (<1 MHz)
GaiaDR3_6723753061177741312_B6_EB_X3822,A002_Xcca365_X3822,228.1673067957918,226.3269747645418,3770,488281.25,226.4158419520418,4.84935998916626,fine (<1 MHz)
GaiaDR3_6723753061177741312_B6_EB_X3822,A002_Xcca365_X3822,231.05787840258697,229.21754637133697,3770,488281.25,230.64723387133697,4.511544704437256,fine (<1 MHz)
GaiaDR3_6723753061177741312_B6_EB_X3822,A002_Xcca365_X3822,242.27265160796432,244.00702660796432,112,15625000.0,242.81952660796432,2.432162284851074,"coarse (>5 MHz, continuum-mode -- weak technosignature constraint)"
GaiaDR3_6723753061177741312_B6_EB_X3822,A002_Xcca365_X3822,244.27297938276428,246.00735438276428,112,15625000.0,244.56985438276428,2.732731819152832,"coarse (>5 MHz, continuum-mode -- weak technosignature constraint)"
GaiaDR3_6723753061177741312_B7_EB_X423,A002_X10228b9_X423,334.1420140391507,332.3138890391507,118,15625000.0,332.7826390391507,3.0157370567321777,"coarse (>5 MHz, continuum-mode -- weak technosignature constraint)"
GaiaDR3_6723753061177741312_B7_EB_X423,A002_X10228b9_X423,342.3647321154528,344.1928571154528,118,15625000.0,342.4116071154528,2.0972092151641846,"coarse (>5 MHz, continuum-mode -- weak technosignature constraint)"
GaiaDR3_6723753061177741312_B7_EB_X423,A002_X10228b9_X423,332.1994219053768,330.4743242491268,3534,488281.25,331.6808672178768,4.448586940765381,fine (<1 MHz)
GaiaDR3_6723753061177741312_B7_EB_X423,A002_X10228b9_X423,344.30732424912685,346.03242190537685,3534,488281.25,344.84882815537685,4.1678948402404785,fine (<1 MHz)
GaiaDR3_6794047652729201024_B6_EB_X15c6,A002_X7d80c7_X15c6,229.7020467592812,231.4271444155312,3534,488281.25,231.2762655092812,4.2611212730407715,fine (<1 MHz)
GaiaDR3_6794047652729201024_B6_EB_X15c6,A002_X7d80c7_X15c6,227.6521011426468,229.3864761426468,112,15625000.0,228.8396011426468,2.1371865272521973,"coarse (>5 MHz, continuum-mode -- weak technosignature constraint)"
GaiaDR3_6794047652729201024_B6_EB_X15c6,A002_X7d80c7_X15c6,214.3852099295882,212.6508349295882,112,15625000.0,214.0102099295882,2.4948675632476807,"coarse (>5 MHz, continuum-mode -- weak technosignature constraint)"
GaiaDR3_6794047652729201024_B6_EB_X15c6,A002_X7d80c7_X15c6,216.88542096506464,215.15104596506464,112,15625000.0,215.93229596506464,2.655210018157959,"coarse (>5 MHz, continuum-mode -- weak technosignature constraint)"
GaiaDR3_6794047652729201024_B9_EB_X26ec,A002_Xbf792a_X26ec,675.1273875,676.8617625,112,15625000.0,676.6898875,3.387587785720825,"coarse (>5 MHz, continuum-mode -- weak technosignature constraint)"
GaiaDR3_6794047652729201024_B9_EB_X26ec,A002_Xbf792a_X26ec,677.1273875,678.8617625,112,15625000.0,677.4242625,3.4362597465515137,"coarse (>5 MHz, continuum-mode -- weak technosignature constraint)"
GaiaDR3_6794047652729201024_B9_EB_X26ec,A002_Xbf792a_X26ec,679.1273875,680.8617625,112,15625000.0,680.7836375,2.7541279792785645,"coarse (>5 MHz, continuum-mode -- weak technosignature constraint)"
GaiaDR3_6794047652729201024_B9_EB_X26ec,A002_Xbf792a_X26ec,681.0648875,682.7992625,112,15625000.0,682.3930125,2.5394389629364014,"coarse (>5 MHz, continuum-mode -- weak technosignature constraint)"
GaiaDR3_6800238044930953600_B7_EB_X84c6,A002_Xcba691_X84c6,347.06935994922117,348.80373494922117,112,15625000.0,348.72560994922117,2.297994375228882,"coarse (>5 MHz, continuum-mode -- weak technosignature constraint)"
GaiaDR3_6800238044930953600_B7_EB_X84c6,A002_Xcba691_X84c6,336.80373494922117,335.06935994922117,112,15625000.0,336.24123494922117,2.6049978733062744,"coarse (>5 MHz, continuum-mode -- weak technosignature constraint)"
GaiaDR3_6800238044930953600_B7_EB_X84c6,A002_Xcba691_X84c6,334.9082349492212,333.1738599492212,112,15625000.0,334.6582349492212,1.893580436706543,"coarse (>5 MHz, continuum-mode -- weak technosignature constraint)"
GaiaDR3_6800238044930953600_B7_EB_X84c6,A002_Xcba691_X84c6,345.1784986210962,346.9035962773462,3534,488281.25,346.3640454960962,4.421986103057861,fine (<1 MHz)
GaiaDR3_6843672087120107264_B6_EB_X15e8,A002_Xd15514_X15e8,227.63788799344363,229.37226299344363,112,15625000.0,228.09101299344363,2.4253644943237305,"coarse (>5 MHz, continuum-mode -- weak technosignature constraint)"
GaiaDR3_6843672087120107264_B6_EB_X15e8,A002_Xd15514_X15e8,217.3719964465617,215.6376214465617,112,15625000.0,215.6688714465617,2.6639890670776367,"coarse (>5 MHz, continuum-mode -- weak technosignature constraint)"
GaiaDR3_6843672087120107264_B6_EB_X15e8,A002_Xd15514_X15e8,215.37195202211473,213.63757702211473,112,15625000.0,214.77820202211473,2.8598453998565674,"coarse (>5 MHz, continuum-mode -- weak technosignature constraint)"
GaiaDR3_6843672087120107264_B6_EB_X15e8,A002_Xd15514_X15e8,229.68822446226423,231.41381039976423,1768,976562.5,231.14232602476423,4.138613700866699,fine (<1 MHz)
GaiaDR3_6843672087120107264_B6_EB_X5267,A002_Xcf0c6b_X5267,227.6597494733295,229.3941244733295,112,15625000.0,227.8003744733295,2.397855043411255,"coarse (>5 MHz, continuum-mode -- weak technosignature constraint)"
GaiaDR3_6843672087120107264_B6_EB_X5267,A002_Xcf0c6b_X5267,217.39270983997648,215.65833483997648,112,15625000.0,215.93958483997648,3.2149133682250977,"coarse (>5 MHz, continuum-mode -- weak technosignature constraint)"
GaiaDR3_6843672087120107264_B6_EB_X5267,A002_Xcf0c6b_X5267,215.39247406778432,213.65809906778432,112,15625000.0,213.93934906778432,2.6836445331573486,"coarse (>5 MHz, continuum-mode -- weak technosignature constraint)"
GaiaDR3_6843672087120107264_B6_EB_X5267,A002_Xcf0c6b_X5267,229.7095128078163,231.4350987453163,1768,976562.5,230.7075596828163,4.540547847747803,fine (<1 MHz)
GaiaDR3_6843672087120107264_B7_EB_X878,A002_Xc5f524_X878,345.59291062202664,347.43324265327664,3770,488281.25,346.25306687202664,4.288742542266846,fine (<1 MHz)
GaiaDR3_6843672087120107264_B7_EB_X878,A002_Xc5f524_X878,347.5247290848993,349.2591040848993,112,15625000.0,347.7122290848993,2.197622537612915,"coarse (>5 MHz, continuum-mode -- weak technosignature constraint)"
GaiaDR3_6843672087120107264_B7_EB_X878,A002_Xc5f524_X878,337.3382679523489,335.6038929523489,112,15625000.0,336.8538929523489,3.0194032192230225,"coarse (>5 MHz, continuum-mode -- weak technosignature constraint)"
GaiaDR3_6843672087120107264_B7_EB_X878,A002_Xc5f524_X878,335.45942800505117,333.72505300505117,112,15625000.0,334.67817800505117,2.3121936321258545,"coarse (>5 MHz, continuum-mode -- weak technosignature constraint)"
GaiaDR3_6843672087120107264_B7_EB_X8fbe,A002_Xd271e2_X8fbe,347.487637952416,349.315762952416,118,15625000.0,348.284512952416,2.7962095737457275,"coarse (>5 MHz, continuum-mode -- weak technosignature constraint)"
GaiaDR3_6843672087120107264_B7_EB_X8fbe,A002_Xd271e2_X8fbe,337.39468295241596,335.56655795241596,118,15625000.0,336.14468295241596,2.8419270515441895,"coarse (>5 MHz, continuum-mode -- weak technosignature constraint)"
GaiaDR3_6843672087120107264_B7_EB_X8fbe,A002_Xd271e2_X8fbe,335.515602952416,333.687477952416,118,15625000.0,335.249977952416,2.3900914192199707,"coarse (>5 MHz, continuum-mode -- weak technosignature constraint)"
GaiaDR3_6843672087120107264_B7_EB_X8fbe,A002_Xd271e2_X8fbe,345.66007162429094,347.38516928054094,3534,488281.25,345.77139974929094,4.814148902893066,fine (<1 MHz)
HD110411_B6,A002_Xe3da01_X4265,233.10694467846093,234.93506967846093,118,15625000.0,234.51319467846093,2.3532934188842773,"coarse (>5 MHz, continuum-mode -- weak technosignature constraint)"
HD110411_B6,A002_Xe3da01_X4265,217.93506967846093,216.10694467846093,118,15625000.0,217.34131967846093,1.9763742685317993,"coarse (>5 MHz, continuum-mode -- weak technosignature constraint)"
HD110411_B6,A002_Xe3da01_X4265,230.34669858471094,230.77809506908594,1768,244140.625,230.50831967846094,4.1097612380981445,fine (<1 MHz)
HD110411_B6,A002_Xe3da01_X4265,231.20598203197656,231.63737851635156,1768,244140.625,231.62102109447656,4.209659099578857,fine (<1 MHz)
HD110411_B6,A002_Xe3da01_X4265,219.7993047858828,219.3679083015078,1768,244140.625,219.4511602546328,4.654226303100586,fine (<1 MHz)
HD110411_B6,A002_Xe3da01_X4265,220.63765317455469,220.20625669017969,1768,244140.625,220.41548520580469,4.557453155517578,fine (<1 MHz)
HD110411_B6_EB_X3927,A002_X10d12a2_X3927,216.40853090404505,214.58040590404505,118,15625000.0,214.68978090404505,2.4024598598480225,"coarse (>5 MHz, continuum-mode -- weak technosignature constraint)"
HD110411_B6_EB_X3927,A002_X10d12a2_X3927,218.41487856029505,216.57405824779505,1886,976562.5,217.12874574779505,5.328918933868408,fine (<1 MHz)
HD110411_B6_EB_X3927,A002_X10d12a2_X3927,229.6160544330978,231.4568747455978,1886,976562.5,231.0301169330978,4.039555549621582,fine (<1 MHz)
HD110411_B6_EB_X3927,A002_X10d12a2_X3927,231.58040208934779,233.40852708934779,118,15625000.0,232.08040208934779,2.669825792312622,"coarse (>5 MHz, continuum-mode -- weak technosignature constraint)"
HD110411_B6_EB_X850c,A002_X10b6f7c_X850c,216.3963299135595,214.5682049135595,118,15625000.0,215.2713299135595,3.2944626808166504,"coarse (>5 MHz, continuum-mode -- weak technosignature constraint)"
HD110411_B6_EB_X850c,A002_X10b6f7c_X850c,218.4026775698095,216.5618572573095,1886,976562.5,218.1253338198095,4.200458526611328,fine (<1 MHz)
HD110411_B6_EB_X850c,A002_X10b6f7c_X850c,229.60385344261223,231.44467375511223,1886,976562.5,230.23666594261223,4.622953414916992,fine (<1 MHz)
HD110411_B6_EB_X850c,A002_X10b6f7c_X850c,231.56820109886223,233.39632609886223,118,15625000.0,231.95882609886223,1.6987850666046143,"coarse (>5 MHz, continuum-mode -- weak technosignature constraint)"
HD110411_B6_EB_X9252,A002_X10b6f7c_X9252,216.39609837148072,214.56797337148072,118,15625000.0,216.38047337148072,2.6257529258728027,"coarse (>5 MHz, continuum-mode -- weak technosignature constraint)"
HD110411_B6_EB_X9252,A002_X10b6f7c_X9252,218.40244602773072,216.56162571523072,1886,976562.5,217.14658665273072,4.029256343841553,fine (<1 MHz)
HD110411_B6_EB_X9252,A002_X10b6f7c_X9252,229.60362190053345,231.44444221303345,1886,976562.5,230.93955940053345,4.595943927764893,fine (<1 MHz)
HD110411_B6_EB_X9252,A002_X10b6f7c_X9252,231.56796955678345,233.39609455678345,118,15625000.0,232.42734455678345,4.143517017364502,"coarse (>5 MHz, continuum-mode -- weak technosignature constraint)"
HD110411_B6_EB_Xb7d4,A002_Xe45e29_Xb7d4,233.10889791307946,234.93702291307946,118,15625000.0,234.65577291307946,3.560513973236084,"coarse (>5 MHz, continuum-mode -- weak technosignature constraint)"
HD110411_B6_EB_Xb7d4,A002_Xe45e29_Xb7d4,217.93702291307946,216.10889791307946,118,15625000.0,216.24952291307946,2.8379368782043457,"coarse (>5 MHz, continuum-mode -- weak technosignature constraint)"
HD110411_B6_EB_Xb7d4,A002_Xe45e29_Xb7d4,230.3486823369076,230.7800788212826,1768,244140.625,230.6980475712826,4.437512397766113,fine (<1 MHz)
HD110411_B6_EB_Xb7d4,A002_Xe45e29_Xb7d4,231.2079657841732,231.6393622685482,1768,244140.625,231.4369696904232,4.480523586273193,fine (<1 MHz)
HD110411_B6_EB_Xb7d4,A002_Xe45e29_Xb7d4,219.8011969853451,219.3698005009701,1768,244140.625,219.4537848759701,5.392878532409668,fine (<1 MHz)
HD110411_B6_EB_Xb7d4,A002_Xe45e29_Xb7d4,220.63954537401696,220.20814888964196,1768,244140.625,220.33632271776696,4.873131275177002,fine (<1 MHz)
HD110411_B6_EB_Xef5d,A002_X10b6f7c_Xef5d,216.39643284153564,214.56830784153564,118,15625000.0,215.97455784153564,2.824270009994507,"coarse (>5 MHz, continuum-mode -- weak technosignature constraint)"
HD110411_B6_EB_Xef5d,A002_X10b6f7c_Xef5d,218.40278049778564,216.56196018528564,1886,976562.5,217.64789768528564,4.394686222076416,fine (<1 MHz)
HD110411_B6_EB_Xef5d,A002_X10b6f7c_Xef5d,229.60395637058838,231.44477668308838,1886,976562.5,230.26997199558838,4.439735412597656,fine (<1 MHz)
HD110411_B6_EB_Xef5d,A002_X10b6f7c_Xef5d,231.56830402683838,233.39642902683838,118,15625000.0,231.91205402683838,3.0780022144317627,"coarse (>5 MHz, continuum-mode -- weak technosignature constraint)"
HD110411_B6_EB_Xf271,A002_X10b6f7c_Xf271,216.3963562348871,214.5682312348871,118,15625000.0,215.7713562348871,2.6246166229248047,"coarse (>5 MHz, continuum-mode -- weak technosignature constraint)"
HD110411_B6_EB_Xf271,A002_X10b6f7c_Xf271,218.4027038911371,216.5618835786371,1886,976562.5,217.4017273286371,3.843792676925659,fine (<1 MHz)
HD110411_B6_EB_Xf271,A002_X10b6f7c_Xf271,229.60387976393983,231.44470007643983,1886,976562.5,230.11950476393983,4.570300579071045,fine (<1 MHz)
HD110411_B6_EB_Xf271,A002_X10b6f7c_Xf271,231.56822742018983,233.39635242018983,118,15625000.0,232.03697742018983,3.1849617958068848,"coarse (>5 MHz, continuum-mode -- weak technosignature constraint)"
HD14055_B6,A002_Xd09670_X23c5,242.24728198030223,243.98165698030223,112,15625000.0,243.21603198030223,2.996304988861084,"coarse (>5 MHz, continuum-mode -- weak technosignature constraint)"
HD14055_B6,A002_Xd09670_X23c5,244.24740102168664,245.98177602168664,112,15625000.0,244.88802602168664,3.1501176357269287,"coarse (>5 MHz, continuum-mode -- weak technosignature constraint)"
HD14055_B6,A002_Xd09670_X23c5,228.08501803167974,226.35992037542974,3534,488281.25,227.53326021917974,3.992377519607544,fine (<1 MHz)
HD14055_B6,A002_Xd09670_X23c5,230.97624453922873,229.25114688297873,3534,488281.25,230.62419375797873,4.376580715179443,fine (<1 MHz)
HD14055_B7,A002_X1001fdc_X2085,332.22491761766025,330.38458558641025,3770,488281.25,330.44659730516025,5.060788631439209,fine (<1 MHz)
HD14055_B7,A002_X1001fdc_X2085,334.1103941020353,332.2822691020353,118,15625000.0,333.8916441020353,2.996438980102539,"coarse (>5 MHz, continuum-mode -- weak technosignature constraint)"
HD14055_B7,A002_X1001fdc_X2085,342.33210528733804,344.16023028733804,118,15625000.0,342.76960528733804,3.053478240966797,"coarse (>5 MHz, continuum-mode -- weak technosignature constraint)"
HD14055_B7,A002_X1001fdc_X2085,344.217581771713,346.057913802963,3770,488281.25,345.234671615463,5.217498302459717,fine (<1 MHz)
HD14055_B7_EB_X10bc1,A002_X1086384_X10bc1,332.2355210062833,330.3951889750333,3770,488281.25,331.6940171000333,4.487109184265137,fine (<1 MHz)
HD14055_B7_EB_X10bc1,A002_X1086384_X10bc1,334.12081567451963,332.29269067451963,118,15625000.0,332.40206567451963,2.826760768890381,"coarse (>5 MHz, continuum-mode -- weak technosignature constraint)"
HD14055_B7_EB_X10bc1,A002_X1086384_X10bc1,342.3428904921997,344.1710154921997,118,15625000.0,342.5616404921997,2.8795766830444336,"coarse (>5 MHz, continuum-mode -- weak technosignature constraint)"
HD14055_B7_EB_X10bc1,A002_X1086384_X10bc1,344.22818516033607,346.06851719158607,3770,488281.25,344.81851719158607,4.283167839050293,fine (<1 MHz)
HD14055_B7_EB_X14e08,A002_X1003af4_X14e08,332.22272257139167,330.38239054014167,3770,488281.25,331.20367960264167,4.734628677368164,fine (<1 MHz)
HD14055_B7_EB_X14e08,A002_X1003af4_X14e08,334.1082073856413,332.2800823856413,118,15625000.0,332.5457073856413,2.3170151710510254,"coarse (>5 MHz, continuum-mode -- weak technosignature constraint)"
HD14055_B7_EB_X14e08,A002_X1003af4_X14e08,342.3299019112947,344.1580269112947,118,15625000.0,343.8455269112947,2.742948532104492,"coarse (>5 MHz, continuum-mode -- weak technosignature constraint)"
HD14055_B7_EB_X14e08,A002_X1003af4_X14e08,344.2153867254444,346.0557187566944,3770,488281.25,344.6030820379444,4.505812168121338,fine (<1 MHz)
HD14055_B7_EB_X150f6,A002_X107fa96_X150f6,332.23244881948955,330.39211678823955,3770,488281.25,330.57717538198955,4.240272521972656,fine (<1 MHz)
HD14055_B7_EB_X150f6,A002_X107fa96_X150f6,334.1177653038646,332.2896403038646,118,15625000.0,332.6646403038646,3.3338561058044434,"coarse (>5 MHz, continuum-mode -- weak technosignature constraint)"
HD14055_B7_EB_X150f6,A002_X107fa96_X150f6,342.33979648916727,344.16792148916727,118,15625000.0,343.65229648916727,2.824892282485962,"coarse (>5 MHz, continuum-mode -- weak technosignature constraint)"
HD14055_B7_EB_X150f6,A002_X107fa96_X150f6,344.2251129735423,346.0654450047923,3770,488281.25,344.5366364110423,4.307041645050049,fine (<1 MHz)
HD14055_B7_EB_X1663b,A002_X117d38c_X1663b,334.1153788777784,332.2872538777784,118,15625000.0,332.9122538777784,3.4263501167297363,"coarse (>5 MHz, continuum-mode -- weak technosignature constraint)"
HD14055_B7_EB_X1663b,A002_X117d38c_X1663b,342.33741387777843,344.16553887777843,118,15625000.0,342.64991387777843,3.5002355575561523,"coarse (>5 MHz, continuum-mode -- weak technosignature constraint)"
HD14055_B7_EB_X1663b,A002_X117d38c_X1663b,332.17244520590344,330.44734754965344,3534,488281.25,331.10457411215344,5.1127214431762695,fine (<1 MHz)
HD14055_B7_EB_X1663b,A002_X117d38c_X1663b,344.28034754965347,346.00544520590347,3534,488281.25,345.43659754965347,4.802890777587891,fine (<1 MHz)
HD14055_B7_EB_X16916,A002_X117d38c_X16916,334.11527756471213,332.28715256471213,118,15625000.0,333.24027756471213,3.9787025451660156,"coarse (>5 MHz, continuum-mode -- weak technosignature constraint)"
HD14055_B7_EB_X16916,A002_X117d38c_X16916,342.33731256471214,344.16543756471214,118,15625000.0,343.74356256471214,2.9569168090820312,"coarse (>5 MHz, continuum-mode -- weak technosignature constraint)"
HD14055_B7_EB_X16916,A002_X117d38c_X16916,332.17234389283715,330.44724623658715,3534,488281.25,331.97166029908715,4.487841606140137,fine (<1 MHz)
HD14055_B7_EB_X16916,A002_X117d38c_X16916,344.2802462365872,346.0053438928372,3534,488281.25,345.2187227990872,4.42104434967041,fine (<1 MHz)
HD14055_B7_EB_X17039,A002_X117d38c_X17039,334.11514382361753,332.28701882361753,118,15625000.0,332.38076882361753,2.9692223072052,"coarse (>5 MHz, continuum-mode -- weak technosignature constraint)"
HD14055_B7_EB_X17039,A002_X117d38c_X17039,342.33717882361753,344.16530382361753,118,15625000.0,342.91530382361753,2.660126209259033,"coarse (>5 MHz, continuum-mode -- weak technosignature constraint)"
HD14055_B7_EB_X17039,A002_X117d38c_X17039,332.17221015174255,330.44711249549255,3534,488281.25,332.14144843299255,4.332250595092773,fine (<1 MHz)
HD14055_B7_EB_X17039,A002_X117d38c_X17039,344.2801124954926,346.0052101517426,3534,488281.25,344.9744484329926,5.3086137771606445,fine (<1 MHz)
HD14055_B7_EB_X1b0c4,A002_Xff99e1_X1b0c4,332.2286179085098,330.3882858772598,3770,488281.25,330.8716843147598,4.828814506530762,fine (<1 MHz)
HD14055_B7_EB_X1b0c4,A002_Xff99e1_X1b0c4,334.11409439288485,332.28596939288485,118,15625000.0,333.06721939288485,2.6433231830596924,"coarse (>5 MHz, continuum-mode -- weak technosignature constraint)"
HD14055_B7_EB_X1b0c4,A002_Xff99e1_X1b0c4,342.33580557818755,344.16393057818755,118,15625000.0,343.32018057818755,3.067538022994995,"coarse (>5 MHz, continuum-mode -- weak technosignature constraint)"
HD14055_B7_EB_X1b0c4,A002_Xff99e1_X1b0c4,344.2212820625626,346.0616140938126,3770,488281.25,345.9771414375626,4.9033331871032715,fine (<1 MHz)
HD14055_B7_EB_X1ef23,A002_X11adad7_X1ef23,334.1336941647789,332.3055691647789,118,15625000.0,334.1336941647789,2.9868946075439453,"coarse (>5 MHz, continuum-mode -- weak technosignature constraint)"
HD14055_B7_EB_X1ef23,A002_X11adad7_X1ef23,342.3561612963408,344.1842862963408,118,15625000.0,342.7936612963408,2.647486925125122,"coarse (>5 MHz, continuum-mode -- weak technosignature constraint)"
HD14055_B7_EB_X1ef23,A002_X11adad7_X1ef23,332.1909765586349,330.4658789023849,3534,488281.25,331.3628515586349,4.915683269500732,fine (<1 MHz)
HD14055_B7_EB_X1ef23,A002_X11adad7_X1ef23,344.2988789023849,346.0239765586349,3534,488281.25,344.5708515586349,4.984600067138672,fine (<1 MHz)
HD14055_B7_EB_X2085,A002_X1001fdc_X2085,332.22491761766025,330.38458558641025,3770,488281.25,331.42071839891025,4.909931182861328,fine (<1 MHz)
HD14055_B7_EB_X2085,A002_X1001fdc_X2085,334.1103941020353,332.2822691020353,118,15625000.0,333.8916441020353,3.0586628913879395,"coarse (>5 MHz, continuum-mode -- weak technosignature constraint)"
HD14055_B7_EB_X2085,A002_X1001fdc_X2085,342.33210528733804,344.16023028733804,118,15625000.0,343.78523028733804,2.5819571018218994,"coarse (>5 MHz, continuum-mode -- weak technosignature constraint)"
HD14055_B7_EB_X2085,A002_X1001fdc_X2085,344.217581771713,346.057913802963,3770,488281.25,345.234183334213,4.780078887939453,fine (<1 MHz)
HD14055_B7_EB_X214ad,A002_X117d38c_X214ad,334.1157701065666,332.2876451065666,118,15625000.0,333.9282701065666,2.7629599571228027,"coarse (>5 MHz, continuum-mode -- weak technosignature constraint)"
HD14055_B7_EB_X214ad,A002_X117d38c_X214ad,342.3378051065666,344.1659301065666,118,15625000.0,342.7909301065666,2.692084312438965,"coarse (>5 MHz, continuum-mode -- weak technosignature constraint)"
HD14055_B7_EB_X214ad,A002_X117d38c_X214ad,332.1728364346916,330.4477387784416,3534,488281.25,331.2285004971916,4.529295921325684,fine (<1 MHz)
HD14055_B7_EB_X214ad,A002_X117d38c_X214ad,344.2807387784416,346.0058364346916,3534,488281.25,345.5043715909416,4.264413356781006,fine (<1 MHz)
HD14055_B7_EB_X21f3c,A002_X117d38c_X21f3c,334.1156316703069,332.2875066703069,118,15625000.0,332.3343816703069,2.5627830028533936,"coarse (>5 MHz, continuum-mode -- weak technosignature constraint)"
HD14055_B7_EB_X21f3c,A002_X117d38c_X21f3c,342.33766667030693,344.16579167030693,118,15625000.0,343.55641667030693,2.561335802078247,"coarse (>5 MHz, continuum-mode -- weak technosignature constraint)"
HD14055_B7_EB_X21f3c,A002_X117d38c_X21f3c,332.17269799843194,330.44760034218194,3534,488281.25,331.90170190468194,4.6639251708984375,fine (<1 MHz)
HD14055_B7_EB_X21f3c,A002_X117d38c_X21f3c,344.28060034218197,346.00569799843197,3534,488281.25,345.72884252968197,4.129676342010498,fine (<1 MHz)
HD14055_B7_EB_X228e,A002_X1006d51_X228e,332.2216468261567,330.3813147949067,3770,488281.25,331.1757483886567,4.494510173797607,fine (<1 MHz)
HD14055_B7_EB_X228e,A002_X1006d51_X228e,334.10714762272517,332.27902262272517,118,15625000.0,333.07589762272517,3.5215444564819336,"coarse (>5 MHz, continuum-mode -- weak technosignature constraint)"
HD14055_B7_EB_X228e,A002_X1006d51_X228e,342.3288101837409,344.1569351837409,118,15625000.0,342.7819351837409,3.2448270320892334,"coarse (>5 MHz, continuum-mode -- weak technosignature constraint)"
HD14055_B7_EB_X228e,A002_X1006d51_X228e,344.2143109802094,346.0546430114594,3770,488281.25,345.3524945739594,4.654537200927734,fine (<1 MHz)
HD14055_B7_EB_X24be0,A002_Xff99e1_X24be0,332.2277811771051,330.3874491458551,3770,488281.25,331.7077616458551,5.277023792266846,fine (<1 MHz)
HD14055_B7_EB_X24be0,A002_Xff99e1_X24be0,334.1132576614801,332.2851326614801,118,15625000.0,332.5976326614801,3.0415897369384766,"coarse (>5 MHz, continuum-mode -- weak technosignature constraint)"
HD14055_B7_EB_X24be0,A002_Xff99e1_X24be0,342.33496884678283,344.16309384678283,118,15625000.0,343.05371884678283,2.5475404262542725,"coarse (>5 MHz, continuum-mode -- weak technosignature constraint)"
HD14055_B7_EB_X24be0,A002_Xff99e1_X24be0,344.22044533115786,346.06077736240786,3770,488281.25,344.65648048740786,4.959177017211914,fine (<1 MHz)
HD14055_B7_EB_X2518,A002_X11adad7_X2518,334.1334439812499,332.3053189812499,118,15625000.0,332.3834439812499,2.6198575496673584,"coarse (>5 MHz, continuum-mode -- weak technosignature constraint)"
HD14055_B7_EB_X2518,A002_X11adad7_X2518,342.35590356676005,344.18402856676005,118,15625000.0,342.38715356676005,3.257678508758545,"coarse (>5 MHz, continuum-mode -- weak technosignature constraint)"
HD14055_B7_EB_X2518,A002_X11adad7_X2518,332.19072260208003,330.46562494583003,3534,488281.25,332.17021478958003,4.387826919555664,fine (<1 MHz)
HD14055_B7_EB_X2518,A002_X11adad7_X2518,344.29862494583,346.02372260208,3534,488281.25,345.96122260208,4.5167341232299805,fine (<1 MHz)
HD14055_B7_EB_X2b1a,A002_Xfffde1_X2b1a,332.22644198108094,330.38610994983094,3770,488281.25,330.64734041858094,4.878069877624512,fine (<1 MHz)
HD14055_B7_EB_X2b1a,A002_Xfffde1_X2b1a,334.1119184654559,332.2837934654559,118,15625000.0,333.1744184654559,2.9502224922180176,"coarse (>5 MHz, continuum-mode -- weak technosignature constraint)"
HD14055_B7_EB_X2b1a,A002_Xfffde1_X2b1a,342.33362965075867,344.16175465075867,118,15625000.0,343.34925465075867,3.915367841720581,"coarse (>5 MHz, continuum-mode -- weak technosignature constraint)"
HD14055_B7_EB_X2b1a,A002_Xfffde1_X2b1a,344.21910613513364,346.05943816638364,3770,488281.25,345.67125457263364,4.754471302032471,fine (<1 MHz)
HD14055_B7_EB_X2b2ee,A002_Xff99e1_X2b2ee,332.2275662324893,330.3872342012393,3770,488281.25,330.4761013887393,4.4471845626831055,fine (<1 MHz)
HD14055_B7_EB_X2b2ee,A002_Xff99e1_X2b2ee,334.1130427168643,332.2849177168643,118,15625000.0,334.0036677168643,2.6489341259002686,"coarse (>5 MHz, continuum-mode -- weak technosignature constraint)"
HD14055_B7_EB_X2b2ee,A002_Xff99e1_X2b2ee,342.33475390216705,344.16287890216705,118,15625000.0,342.50662890216705,2.982853889465332,"coarse (>5 MHz, continuum-mode -- weak technosignature constraint)"
HD14055_B7_EB_X2b2ee,A002_Xff99e1_X2b2ee,344.220230386542,346.060562417792,3770,488281.25,344.700699136542,5.17501163482666,fine (<1 MHz)
HD14055_B7_EB_X2c3bb,A002_Xff99e1_X2c3bb,332.2272829567263,330.3869509254763,3770,488281.25,332.1384157692263,4.643714427947998,fine (<1 MHz)
HD14055_B7_EB_X2c3bb,A002_Xff99e1_X2c3bb,334.11275944110133,332.28463444110133,118,15625000.0,332.86275944110133,2.890366554260254,"coarse (>5 MHz, continuum-mode -- weak technosignature constraint)"
HD14055_B7_EB_X2c3bb,A002_Xff99e1_X2c3bb,342.334470626404,344.162595626404,118,15625000.0,342.662595626404,3.0172436237335205,"coarse (>5 MHz, continuum-mode -- weak technosignature constraint)"
HD14055_B7_EB_X2c3bb,A002_Xff99e1_X2c3bb,344.21994711077906,346.06027914202906,3770,488281.25,345.52561117327906,5.186131000518799,fine (<1 MHz)
HD14055_B7_EB_X3835,A002_Xfffde1_X3835,332.2262255817898,330.3858935505398,3770,488281.25,332.0343310505398,4.35461950302124,fine (<1 MHz)
HD14055_B7_EB_X3835,A002_Xfffde1_X3835,334.1117020661648,332.2835770661648,118,15625000.0,334.1117020661648,3.168928623199463,"coarse (>5 MHz, continuum-mode -- weak technosignature constraint)"
HD14055_B7_EB_X3835,A002_Xfffde1_X3835,342.3334132514675,344.1615382514675,118,15625000.0,343.7552882514675,2.943242073059082,"coarse (>5 MHz, continuum-mode -- weak technosignature constraint)"
HD14055_B7_EB_X3835,A002_Xfffde1_X3835,344.21888973584254,346.05922176709254,3770,488281.25,345.00990536084254,5.177311897277832,fine (<1 MHz)
HD14055_B7_EB_X3a2c,A002_X1003af4_X3a2c,332.22375522514756,330.38342319389756,3770,488281.25,331.09680210014756,4.758551597595215,fine (<1 MHz)
HD14055_B7_EB_X3a2c,A002_X1003af4_X3a2c,334.1092317095226,332.2811067095226,118,15625000.0,332.3436067095226,2.9912168979644775,"coarse (>5 MHz, continuum-mode -- weak technosignature constraint)"
HD14055_B7_EB_X3a2c,A002_X1003af4_X3a2c,342.33094289482534,344.15906789482534,118,15625000.0,343.84656789482534,3.423551321029663,"coarse (>5 MHz, continuum-mode -- weak technosignature constraint)"
HD14055_B7_EB_X3a2c,A002_X1003af4_X3a2c,344.2164193792003,346.0567514104503,3770,488281.25,345.0557748479503,4.525850772857666,fine (<1 MHz)
HD14055_B7_EB_X3c7b,A002_X1088045_X3c7b,332.23610251460957,330.39577048335957,3770,488281.25,331.09645407710957,4.744663715362549,fine (<1 MHz)
HD14055_B7_EB_X3c7b,A002_X1088045_X3c7b,334.1213885433919,332.2932635433919,118,15625000.0,333.7932635433919,2.2627792358398438,"coarse (>5 MHz, continuum-mode -- weak technosignature constraint)"
HD14055_B7_EB_X3c7b,A002_X1088045_X3c7b,342.34348063997993,344.17160563997993,118,15625000.0,342.37473063997993,2.3113269805908203,"coarse (>5 MHz, continuum-mode -- weak technosignature constraint)"
HD14055_B7_EB_X3c7b,A002_X1088045_X3c7b,344.2287666686623,346.0690986999123,3770,488281.25,344.6584541686623,4.2411956787109375,fine (<1 MHz)
HD14055_B7_EB_X6126,A002_X107376c_X6126,332.2235060279355,330.3831739966855,3770,488281.25,330.7122755591855,5.512836456298828,fine (<1 MHz)
HD14055_B7_EB_X6126,A002_X107376c_X6126,334.1089825123105,332.2808575123105,118,15625000.0,332.7496075123105,3.3769943714141846,"coarse (>5 MHz, continuum-mode -- weak technosignature constraint)"
HD14055_B7_EB_X6126,A002_X107376c_X6126,342.33069369761324,344.15881869761324,118,15625000.0,343.72131869761324,3.3525054454803467,"coarse (>5 MHz, continuum-mode -- weak technosignature constraint)"
HD14055_B7_EB_X6126,A002_X107376c_X6126,344.2161701819882,346.0565022132382,3770,488281.25,344.4554279944882,4.98765754699707,fine (<1 MHz)
HD14055_B7_EB_X7c5e,A002_X105e6e0_X7c5e,332.2101851343842,330.3698531031342,3770,488281.25,330.6066695093842,4.899605751037598,fine (<1 MHz)
HD14055_B7_EB_X7c5e,A002_X105e6e0_X7c5e,334.09585621700825,332.26773121700825,118,15625000.0,332.42398121700825,3.0910863876342773,"coarse (>5 MHz, continuum-mode -- weak technosignature constraint)"
HD14055_B7_EB_X7c5e,A002_X105e6e0_X7c5e,342.3171782059128,344.1453032059128,118,15625000.0,342.8171782059128,3.216731548309326,"coarse (>5 MHz, continuum-mode -- weak technosignature constraint)"
HD14055_B7_EB_X7c5e,A002_X105e6e0_X7c5e,344.2028492884369,346.0431813196869,3770,488281.25,345.0729664759369,4.581650257110596,fine (<1 MHz)
HD14055_B7_EB_X9a88,A002_X107fa96_X9a88,332.23144539576504,330.39111336451504,3770,488281.25,330.88964852076504,4.323646545410156,fine (<1 MHz)
HD14055_B7_EB_X9a88,A002_X107fa96_X9a88,334.11676188014,332.28863688014,118,15625000.0,332.55426188014,2.6793606281280518,"coarse (>5 MHz, continuum-mode -- weak technosignature constraint)"
HD14055_B7_EB_X9a88,A002_X107fa96_X9a88,342.33879306544276,344.16691806544276,118,15625000.0,343.90129306544276,3.0903027057647705,"coarse (>5 MHz, continuum-mode -- weak technosignature constraint)"
HD14055_B7_EB_X9a88,A002_X107fa96_X9a88,344.22410954981774,346.06444158106774,3770,488281.25,345.67430486231774,4.56584358215332,fine (<1 MHz)
HD14055_B7_EB_X9bd6,A002_Xfffde1_X9bd6,332.2258012852341,330.3854692539841,3770,488281.25,332.1466997227341,4.5046491622924805,fine (<1 MHz)
HD14055_B7_EB_X9bd6,A002_Xfffde1_X9bd6,334.1112777696091,332.2831527696091,118,15625000.0,332.7987777696091,2.460165500640869,"coarse (>5 MHz, continuum-mode -- weak technosignature constraint)"
HD14055_B7_EB_X9bd6,A002_Xfffde1_X9bd6,342.33298895491185,344.16111395491185,118,15625000.0,343.19236395491185,3.198789119720459,"coarse (>5 MHz, continuum-mode -- weak technosignature constraint)"
HD14055_B7_EB_X9bd6,A002_Xfffde1_X9bd6,344.2184654392869,346.0587974705369,3770,488281.25,345.4923912205369,4.2004194259643555,fine (<1 MHz)
HD14055_B7_EB_Xbf80,A002_X101088d_Xbf80,332.1935378884332,330.3532058571832,3770,488281.25,330.5011550759332,4.500451564788818,fine (<1 MHz)
HD14055_B7_EB_Xbf80,A002_X101088d_Xbf80,334.079456298756,332.251331298756,118,15625000.0,332.313831298756,2.485740900039673,"coarse (>5 MHz, continuum-mode -- weak technosignature constraint)"
HD14055_B7_EB_Xbf80,A002_X101088d_Xbf80,342.300283632263,344.128408632263,118,15625000.0,343.003408632263,2.577894687652588,"coarse (>5 MHz, continuum-mode -- weak technosignature constraint)"
HD14055_B7_EB_Xbf80,A002_X101088d_Xbf80,344.1862020424859,346.0265340737359,3770,488281.25,345.1359090737359,4.415685176849365,fine (<1 MHz)
HD14055_B7_EB_Xc06e,A002_X1001fdc_Xc06e,332.2244302858943,330.3840982546443,3770,488281.25,331.3772623171443,4.540450096130371,fine (<1 MHz)
HD14055_B7_EB_Xc06e,A002_X1001fdc_Xc06e,334.1099067702693,332.2817817702693,118,15625000.0,333.0317817702693,2.6294946670532227,"coarse (>5 MHz, continuum-mode -- weak technosignature constraint)"
HD14055_B7_EB_Xc06e,A002_X1001fdc_Xc06e,342.331617955572,344.159742955572,118,15625000.0,342.800367955572,3.203009843826294,"coarse (>5 MHz, continuum-mode -- weak technosignature constraint)"
HD14055_B7_EB_Xc06e,A002_X1001fdc_Xc06e,344.217094439947,346.057426471197,3770,488281.25,345.661918658697,4.863469123840332,fine (<1 MHz)
HD14055_B7_EB_Xd46,A002_Xfff3d8_Xd46,332.2269536215122,330.3866215902622,3770,488281.25,331.7699223715122,5.574955463409424,fine (<1 MHz)
HD14055_B7_EB_Xd46,A002_Xfff3d8_Xd46,334.1124301058872,332.2843051058872,118,15625000.0,333.5186801058872,3.1213433742523193,"coarse (>5 MHz, continuum-mode -- weak technosignature constraint)"
HD14055_B7_EB_Xd46,A002_Xfff3d8_Xd46,342.33414129118995,344.16226629118995,118,15625000.0,343.42789129118995,3.0851595401763916,"coarse (>5 MHz, continuum-mode -- weak technosignature constraint)"
HD14055_B7_EB_Xd46,A002_Xfff3d8_Xd46,344.2196177755649,346.0599498068149,3770,488281.25,344.6102427755649,4.899616241455078,fine (<1 MHz)
HD161868_B6,A002_Xcd97a1_X2377,228.14501050271514,226.30467847146514,3770,488281.25,226.48827222146514,4.324565410614014,fine (<1 MHz)
HD161868_B6,A002_Xcd97a1_X2377,231.0361740047705,229.1958419735205,3770,488281.25,230.3057052547705,4.390385150909424,fine (<1 MHz)
HD161868_B6,A002_Xcd97a1_X2377,242.24972097303277,243.98409597303277,112,15625000.0,242.65597097303277,2.1323578357696533,"coarse (>5 MHz, continuum-mode -- weak technosignature constraint)"
HD161868_B6,A002_Xcd97a1_X2377,244.24986009582275,245.98423509582275,112,15625000.0,245.87486009582275,2.867177963256836,"coarse (>5 MHz, continuum-mode -- weak technosignature constraint)"
HD161868_B6_EB_X2377,A002_Xcd97a1_X2377,228.14501050271514,226.30467847146514,3770,488281.25,226.48778394021514,3.9725401401519775,fine (<1 MHz)
HD161868_B6_EB_X2377,A002_Xcd97a1_X2377,231.0361740047705,229.1958419735205,3770,488281.25,230.5615646297705,4.589720249176025,fine (<1 MHz)
HD161868_B6_EB_X2377,A002_Xcd97a1_X2377,242.24972097303277,243.98409597303277,112,15625000.0,242.35909597303277,2.193222761154175,"coarse (>5 MHz, continuum-mode -- weak technosignature constraint)"
HD161868_B6_EB_X2377,A002_Xcd97a1_X2377,244.24986009582275,245.98423509582275,112,15625000.0,245.89048509582275,2.852569818496704,"coarse (>5 MHz, continuum-mode -- weak technosignature constraint)"
HD161868_B6_EB_X2b1e,A002_Xcd97a1_X2b1e,228.1449043926845,226.3045723614345,3770,488281.25,227.6644356426845,4.201976299285889,fine (<1 MHz)
HD161868_B6_EB_X2b1e,A002_Xcd97a1_X2b1e,231.03607071162168,229.19573868037168,3770,488281.25,229.44720352412168,4.551551818847656,fine (<1 MHz)
HD161868_B6_EB_X2b1e,A002_Xcd97a1_X2b1e,242.24961184411285,243.98398684411285,112,15625000.0,243.62461184411285,2.7129805088043213,"coarse (>5 MHz, continuum-mode -- weak technosignature constraint)"
HD161868_B6_EB_X2b1e,A002_Xcd97a1_X2b1e,244.24975006909185,245.98412506909185,112,15625000.0,245.81225006909185,2.5556793212890625,"coarse (>5 MHz, continuum-mode -- weak technosignature constraint)"
HD161868_B7,A002_Xff294f_X7bf4,332.20836279073893,330.36803075948893,3770,488281.25,330.92906591573893,4.991783618927002,fine (<1 MHz)
HD161868_B7,A002_Xff294f_X7bf4,334.09406094787636,332.26593594787636,118,15625000.0,333.90656094787636,3.2063305377960205,"coarse (>5 MHz, continuum-mode -- weak technosignature constraint)"
HD161868_B7,A002_Xff294f_X7bf4,342.3153287877543,344.1434537877543,118,15625000.0,342.5028287877543,2.631031036376953,"coarse (>5 MHz, continuum-mode -- weak technosignature constraint)"
HD161868_B7,A002_Xff294f_X7bf4,344.2010269447917,346.0413589760417,3770,488281.25,345.5457535072917,4.711382865905762,fine (<1 MHz)
HD161868_B7_EB_X107fe,A002_Xff45a6_X107fe,332.2087434230541,330.3684113918041,3770,488281.25,330.4411652980541,4.834572792053223,fine (<1 MHz)
HD161868_B7_EB_X107fe,A002_Xff45a6_X107fe,334.0944359251471,332.2663109251471,118,15625000.0,332.7038109251471,2.757897138595581,"coarse (>5 MHz, continuum-mode -- weak technosignature constraint)"
HD161868_B7_EB_X107fe,A002_Xff45a6_X107fe,342.3157150751138,344.1438400751138,118,15625000.0,343.1282150751138,3.2017359733581543,"coarse (>5 MHz, continuum-mode -- weak technosignature constraint)"
HD161868_B7_EB_X107fe,A002_Xff45a6_X107fe,344.2014075771068,346.0417396083568,3770,488281.25,344.8820716396068,4.727631568908691,fine (<1 MHz)
HD161868_B7_EB_X10ca8,A002_Xff45a6_X10ca8,332.2085544020773,330.3682223708273,3770,488281.25,331.8755465895773,4.839093208312988,fine (<1 MHz)
HD161868_B7_EB_X10ca8,A002_Xff45a6_X10ca8,334.09424971245005,332.26612471245005,118,15625000.0,333.84424971245005,2.76747465133667,"coarse (>5 MHz, continuum-mode -- weak technosignature constraint)"
HD161868_B7_EB_X10ca8,A002_Xff45a6_X10ca8,342.31552324585743,344.14364824585743,118,15625000.0,343.26864824585743,2.409315347671509,"coarse (>5 MHz, continuum-mode -- weak technosignature constraint)"
HD161868_B7_EB_X10ca8,A002_Xff45a6_X10ca8,344.2012185561301,346.0415505873801,3770,488281.25,345.6338357436301,5.481161117553711,fine (<1 MHz)
HD161868_B7_EB_X10e14,A002_Xff45a6_X10e14,334.09416810145103,332.26604310145103,118,15625000.0,333.25041810145103,2.9871840476989746,"coarse (>5 MHz, continuum-mode -- weak technosignature constraint)"
HD161868_B7_EB_X10e14,A002_Xff45a6_X10e14,342.315443045529,344.143568045529,118,15625000.0,343.706068045529,2.5254318714141846,"coarse (>5 MHz, continuum-mode -- weak technosignature constraint)"
HD161868_B7_EB_X10e14,A002_Xff45a6_X10e14,332.1508544015651,330.4257567453151,3534,488281.25,330.7006590890651,4.672494888305664,fine (<1 MHz)
HD161868_B7_EB_X10e14,A002_Xff45a6_X10e14,344.25875674531505,345.98385440156505,3534,488281.25,344.77731143281505,4.481784820556641,fine (<1 MHz)
HD161868_B7_EB_X111c3,A002_Xff45a6_X111c3,332.20837946895205,330.36804743770205,3770,488281.25,331.75671931270205,4.715691566467285,fine (<1 MHz)
HD161868_B7_EB_X111c3,A002_Xff45a6_X111c3,334.0940773783016,332.2659523783016,118,15625000.0,332.6253273783016,3.03875732421875,"coarse (>5 MHz, continuum-mode -- weak technosignature constraint)"
HD161868_B7_EB_X111c3,A002_Xff45a6_X111c3,342.31534571375516,344.14347071375516,118,15625000.0,342.37784571375516,2.6556808948516846,"coarse (>5 MHz, continuum-mode -- weak technosignature constraint)"
HD161868_B7_EB_X111c3,A002_Xff45a6_X111c3,344.20104362300475,346.04137565425475,3770,488281.25,344.37243034175475,4.335434913635254,fine (<1 MHz)
HD161868_B7_EB_X6f26,A002_Xff81e8_X6f26,332.2094834030287,330.3691513717787,3770,488281.25,331.6069443405287,4.757395267486572,fine (<1 MHz)
HD161868_B7_EB_X6f26,A002_Xff81e8_X6f26,334.0951649112585,332.2670399112585,118,15625000.0,333.5951649112585,3.1993772983551025,"coarse (>5 MHz, continuum-mode -- weak technosignature constraint)"
HD161868_B7_EB_X6f26,A002_Xff81e8_X6f26,342.3164660489516,344.1445910489516,118,15625000.0,342.3633410489516,2.149423360824585,"coarse (>5 MHz, continuum-mode -- weak technosignature constraint)"
HD161868_B7_EB_X6f26,A002_Xff81e8_X6f26,344.20214755708145,346.04247958833145,3770,488281.25,345.73681552583145,4.756618976593018,fine (<1 MHz)
HD161868_B7_EB_X734e,A002_Xff81e8_X734e,332.20929647904626,330.36896444779626,3770,488281.25,331.09796835404626,4.293330192565918,fine (<1 MHz)
HD161868_B7_EB_X734e,A002_Xff81e8_X734e,334.0949807644008,332.2668557644008,118,15625000.0,334.0637307644008,2.444626569747925,"coarse (>5 MHz, continuum-mode -- weak technosignature constraint)"
HD161868_B7_EB_X734e,A002_Xff81e8_X734e,342.3162763478445,344.1444013478445,118,15625000.0,343.0662763478445,1.7656750679016113,"coarse (>5 MHz, continuum-mode -- weak technosignature constraint)"
HD161868_B7_EB_X734e,A002_Xff81e8_X734e,344.201960633099,346.042292664349,3770,488281.25,344.894343445599,4.508458614349365,fine (<1 MHz)
HD161868_B7_EB_X7543,A002_Xff699e_X7543,332.208737666207,330.368405634957,3770,488281.25,332.037350947457,4.851999282836914,fine (<1 MHz)
HD161868_B7_EB_X7543,A002_Xff699e_X7543,334.09443025382933,332.26630525382933,118,15625000.0,334.03193025382933,3.284067392349243,"coarse (>5 MHz, continuum-mode -- weak technosignature constraint)"
HD161868_B7_EB_X7543,A002_Xff699e_X7543,342.31570923273745,344.14383423273745,118,15625000.0,343.89383423273745,3.4235239028930664,"coarse (>5 MHz, continuum-mode -- weak technosignature constraint)"
HD161868_B7_EB_X7543,A002_Xff699e_X7543,344.2014018202598,346.0417338515098,3770,488281.25,345.9753276015098,4.864353179931641,fine (<1 MHz)
HD161868_B7_EB_X7bf4,A002_Xff294f_X7bf4,332.20836279073893,330.36803075948893,3770,488281.25,330.92906591573893,4.937722682952881,fine (<1 MHz)
HD161868_B7_EB_X7bf4,A002_Xff294f_X7bf4,334.09406094787636,332.26593594787636,118,15625000.0,333.89093594787636,3.1773431301116943,"coarse (>5 MHz, continuum-mode -- weak technosignature constraint)"
HD161868_B7_EB_X7bf4,A002_Xff294f_X7bf4,342.3153287877543,344.1434537877543,118,15625000.0,342.5028287877543,2.8830759525299072,"coarse (>5 MHz, continuum-mode -- weak technosignature constraint)"
HD161868_B7_EB_X7bf4,A002_Xff294f_X7bf4,344.2010269447917,346.0413589760417,3770,488281.25,345.0076675697917,4.4216814041137695,fine (<1 MHz)
HD161868_B7_EB_X7d88,A002_Xff45a6_X7d88,332.20868465106224,330.36835261981224,3770,488281.25,330.65936824481224,4.8276495933532715,fine (<1 MHz)
HD161868_B7_EB_X7d88,A002_Xff45a6_X7d88,334.0943780263292,332.2662530263292,118,15625000.0,332.6568780263292,3.7474777698516846,"coarse (>5 MHz, continuum-mode -- weak technosignature constraint)"
HD161868_B7_EB_X7d88,A002_Xff45a6_X7d88,342.31565542994804,344.14378042994804,118,15625000.0,343.95628042994804,2.597437858581543,"coarse (>5 MHz, continuum-mode -- weak technosignature constraint)"
HD161868_B7_EB_X7d88,A002_Xff45a6_X7d88,344.201348805115,346.041680836365,3770,488281.25,344.531915211365,4.459665298461914,fine (<1 MHz)
HD161868_B7_EB_X812c,A002_Xff294f_X812c,332.2081750436455,330.3678430123955,3770,488281.25,330.4479211373955,4.564942836761475,fine (<1 MHz)
HD161868_B7_EB_X812c,A002_Xff294f_X812c,334.09387599013655,332.26575099013655,118,15625000.0,333.56262599013655,2.9615495204925537,"coarse (>5 MHz, continuum-mode -- weak technosignature constraint)"
HD161868_B7_EB_X812c,A002_Xff294f_X812c,342.31513825130725,344.14326325130725,118,15625000.0,344.01826325130725,2.6936190128326416,"coarse (>5 MHz, continuum-mode -- weak technosignature constraint)"
HD161868_B7_EB_X812c,A002_Xff294f_X812c,344.20083919769826,346.04117122894826,3770,488281.25,344.77847591644826,4.480954170227051,fine (<1 MHz)
HD161868_B7_EB_X8474,A002_Xff45a6_X8474,332.2082749962509,330.3679429650009,3770,488281.25,330.4543687462509,4.4290900230407715,fine (<1 MHz)
HD161868_B7_EB_X8474,A002_Xff45a6_X8474,334.09397445774874,332.26584945774874,118,15625000.0,333.82834945774874,3.227327585220337,"coarse (>5 MHz, continuum-mode -- weak technosignature constraint)"
HD161868_B7_EB_X8474,A002_Xff45a6_X8474,342.3152396889059,344.1433646889059,118,15625000.0,343.5496146889059,2.583575487136841,"coarse (>5 MHz, continuum-mode -- weak technosignature constraint)"
HD161868_B7_EB_X8474,A002_Xff45a6_X8474,344.20093915030367,346.04127118155367,3770,488281.25,345.91285321280367,4.385162830352783,fine (<1 MHz)
HD161868_B7_EB_Xd7,A002_Xff699e_Xd7,332.2087221384172,330.3683901071672,3770,488281.25,331.4694643259172,4.360446929931641,fine (<1 MHz)
HD161868_B7_EB_Xd7,A002_Xff699e_Xd7,334.09441495673553,332.26628995673553,118,15625000.0,333.04753995673553,3.3841376304626465,"coarse (>5 MHz, continuum-mode -- weak technosignature constraint)"
HD161868_B7_EB_Xd7,A002_Xff699e_Xd7,342.3156934742517,344.1438184742517,118,15625000.0,343.8781934742517,3.0937254428863525,"coarse (>5 MHz, continuum-mode -- weak technosignature constraint)"
HD161868_B7_EB_Xd7,A002_Xff699e_Xd7,344.20138629247,346.04171832372,3770,488281.25,345.62912066747,4.834462642669678,fine (<1 MHz)
HD170773_B6,A002_Xce574d_X123f,242.2622227955788,243.9965977955788,112,15625000.0,242.4965977955788,2.2851030826568604,"coarse (>5 MHz, continuum-mode -- weak technosignature constraint)"
HD170773_B6,A002_Xce574d_X123f,244.2624647561481,245.9968397561481,112,15625000.0,244.5124647561481,2.7472312450408936,"coarse (>5 MHz, continuum-mode -- weak technosignature constraint)"
HD170773_B6,A002_Xce574d_X123f,228.0995455315595,226.3744478753095,3534,488281.25,226.5512056878095,4.41742467880249,fine (<1 MHz)
HD170773_B6,A002_Xce574d_X123f,230.99038638050334,229.26528872425334,3534,488281.25,230.18618716175334,4.178782939910889,fine (<1 MHz)
HD170773_B6_EB_X3822,A002_Xcca365_X3822,228.1673067957918,226.3269747645418,3770,488281.25,227.8792208582918,4.541815280914307,fine (<1 MHz)
HD170773_B6_EB_X3822,A002_Xcca365_X3822,231.05787840258697,229.21754637133697,3770,488281.25,230.64723387133697,4.518413543701172,fine (<1 MHz)
HD170773_B6_EB_X3822,A002_Xcca365_X3822,242.27265160796432,244.00702660796432,112,15625000.0,242.81952660796432,2.5468945503234863,"coarse (>5 MHz, continuum-mode -- weak technosignature constraint)"
HD170773_B6_EB_X3822,A002_Xcca365_X3822,244.27297938276428,246.00735438276428,112,15625000.0,244.56985438276428,2.9488751888275146,"coarse (>5 MHz, continuum-mode -- weak technosignature constraint)"
HD170773_B6_EB_X4ed5,A002_Xcccc19_X4ed5,228.16652642149705,226.32619439024705,3770,488281.25,227.11428032774705,4.482538223266602,fine (<1 MHz)
HD170773_B6_EB_X4ed5,A002_Xcccc19_X4ed5,231.05711874473303,229.21678671348303,3770,488281.25,230.78612265098303,4.904072284698486,fine (<1 MHz)
HD170773_B6_EB_X4ed5,A002_Xcccc19_X4ed5,242.27184903158758,244.00622403158758,112,15625000.0,243.09997403158758,3.4372503757476807,"coarse (>5 MHz, continuum-mode -- weak technosignature constraint)"
HD170773_B6_EB_X4ed5,A002_Xcccc19_X4ed5,244.27217020353788,246.00654520353788,112,15625000.0,244.33467020353788,3.710144519805908,"coarse (>5 MHz, continuum-mode -- weak technosignature constraint)"
HD170773_B7,A002_Xff0235_X8c42,332.21521367152747,330.37488164027747,3770,488281.25,330.61072148402747,5.143326759338379,fine (<1 MHz)
HD170773_B7,A002_Xff0235_X8c42,334.10081004533254,332.27268504533254,118,15625000.0,332.97581004533254,2.8140056133270264,"coarse (>5 MHz, continuum-mode -- weak technosignature constraint)"
HD170773_B7,A002_Xff0235_X8c42,342.3222814518752,344.1504064518752,118,15625000.0,343.0566564518752,3.193554401397705,"coarse (>5 MHz, continuum-mode -- weak technosignature constraint)"
HD170773_B7,A002_Xff0235_X8c42,344.2078778255802,346.0482098568302,3770,488281.25,345.1487957943302,4.461986541748047,fine (<1 MHz)
HD170773_B7_EB_X1a9ce,A002_X10275c0_X1a9ce,334.1468092981412,332.3186842981412,118,15625000.0,333.4905592981412,2.4541265964508057,"coarse (>5 MHz, continuum-mode -- weak technosignature constraint)"
HD170773_B7_EB_X1a9ce,A002_X10275c0_X1a9ce,342.36967200935595,344.19779700935595,118,15625000.0,343.96342200935595,2.334228038787842,"coarse (>5 MHz, continuum-mode -- weak technosignature constraint)"
HD170773_B7_EB_X1a9ce,A002_X10275c0_X1a9ce,332.2042894818236,330.4791918255736,3534,488281.25,332.0216722943236,4.501837730407715,fine (<1 MHz)
HD170773_B7_EB_X1a9ce,A002_X10275c0_X1a9ce,344.3121918255736,346.0372894818236,3534,488281.25,344.3204926068236,4.362907409667969,fine (<1 MHz)
HD170773_B7_EB_X1fb,A002_Xff294f_X1fb,332.21550623783696,330.37517420658696,3770,488281.25,331.02849451908696,4.855473041534424,fine (<1 MHz)
HD170773_B7_EB_X1fb,A002_Xff294f_X1fb,334.10109826499195,332.27297326499195,118,15625000.0,332.55422326499195,3.1636807918548584,"coarse (>5 MHz, continuum-mode -- weak technosignature constraint)"
HD170773_B7_EB_X1fb,A002_Xff294f_X1fb,342.32257836483467,344.15070336483467,118,15625000.0,342.52570336483467,2.3837294578552246,"coarse (>5 MHz, continuum-mode -- weak technosignature constraint)"
HD170773_B7_EB_X1fb,A002_Xff294f_X1fb,344.2081703918897,346.0485024231397,3770,488281.25,345.5597328918897,5.001110553741455,fine (<1 MHz)
HD170773_B7_EB_X634,A002_Xff294f_X634,332.21535369609296,330.37502166484296,3770,488281.25,331.34572478984296,4.573934555053711,fine (<1 MHz)
HD170773_B7_EB_X634,A002_Xff294f_X634,334.10094798955663,332.27282298955663,118,15625000.0,334.08532298955663,3.062675714492798,"coarse (>5 MHz, continuum-mode -- weak technosignature constraint)"
HD170773_B7_EB_X634,A002_Xff294f_X634,342.3224235567819,344.1505485567819,118,15625000.0,343.6349235567819,2.775283098220825,"coarse (>5 MHz, continuum-mode -- weak technosignature constraint)"
HD170773_B7_EB_X634,A002_Xff294f_X634,344.20801785014567,346.04834988139567,3770,488281.25,345.87647488139567,4.750475883483887,fine (<1 MHz)
HD170773_B7_EB_X8c42,A002_Xff0235_X8c42,332.21521367152747,330.37488164027747,3770,488281.25,331.01013554652747,5.029052257537842,fine (<1 MHz)
HD170773_B7_EB_X8c42,A002_Xff0235_X8c42,334.10081004533254,332.27268504533254,118,15625000.0,332.97581004533254,2.674572229385376,"coarse (>5 MHz, continuum-mode -- weak technosignature constraint)"
HD170773_B7_EB_X8c42,A002_Xff0235_X8c42,342.3222814518752,344.1504064518752,118,15625000.0,343.0566564518752,2.779247760772705,"coarse (>5 MHz, continuum-mode -- weak technosignature constraint)"
HD170773_B7_EB_X8c42,A002_Xff0235_X8c42,344.2078778255802,346.0482098568302,3770,488281.25,345.5076825130802,4.50021505355835,fine (<1 MHz)
HD172555_B6,A002_Xa68906_X1590,230.50247966855576,230.55638897031358,3534,15258.7890625,230.52983867734483,4.730362415313721,fine (<1 MHz)
HD172555_B6,A002_Xa68906_X1590,232.1128702674132,233.8472452674132,112,15625000.0,233.6128702674132,2.7073307037353516,"coarse (>5 MHz, continuum-mode -- weak technosignature constraint)"
HD172555_B6,A002_Xa68906_X1590,219.33471269006847,217.60033769006847,112,15625000.0,217.89721269006847,2.6743059158325195,"coarse (>5 MHz, continuum-mode -- weak technosignature constraint)"
HD172555_B6,A002_Xa68906_X1590,220.41747196548457,220.36356266372675,3534,15258.7890625,220.3764868580627,4.9565863609313965,fine (<1 MHz)
HD172555_B7,A002_X107376c_X4442,342.02338288585383,343.85150788585383,118,15625000.0,343.82025788585383,3.215296983718872,"coarse (>5 MHz, continuum-mode -- weak technosignature constraint)"
HD172555_B7,A002_X107376c_X4442,329.7579942139788,328.0328965577288,3534,488281.25,328.2037949952288,4.462491512298584,fine (<1 MHz)
HD172555_B7,A002_X107376c_X4442,331.7579942139788,330.0328965577288,3534,488281.25,331.1447129639788,4.22137975692749,fine (<1 MHz)
HD172555_B7,A002_X107376c_X4442,340.07489655772883,341.79999421397883,3534,488281.25,341.77948640147883,4.916029453277588,fine (<1 MHz)
HD172555_B7_EB_X128d3,A002_X107fa96_X128d3,342.01739763288,343.84552263288,118,15625000.0,343.22052263288,2.5953521728515625,"coarse (>5 MHz, continuum-mode -- weak technosignature constraint)"
HD172555_B7_EB_X128d3,A002_X107fa96_X128d3,329.752008961005,328.026911304755,3534,488281.25,328.894587086005,5.654160022735596,fine (<1 MHz)
HD172555_B7_EB_X128d3,A002_X107fa96_X128d3,331.752008961005,330.026911304755,3534,488281.25,330.703180836005,4.582197189331055,fine (<1 MHz)
HD172555_B7_EB_X128d3,A002_X107fa96_X128d3,340.068911304755,341.794008961005,3534,488281.25,341.277407398505,4.694151878356934,fine (<1 MHz)
HD172555_B7_EB_X84bc,A002_X107fa96_X84bc,342.01782025544367,343.84594525544367,118,15625000.0,343.78344525544367,2.458746910095215,"coarse (>5 MHz, continuum-mode -- weak technosignature constraint)"
HD172555_B7_EB_X84bc,A002_X107fa96_X84bc,329.75243158356864,328.02733392731864,3534,488281.25,328.78124017731864,4.511699676513672,fine (<1 MHz)
HD172555_B7_EB_X84bc,A002_X107fa96_X84bc,331.75243158356864,330.02733392731864,3534,488281.25,330.09032220856864,5.664557933807373,fine (<1 MHz)
HD172555_B7_EB_X84bc,A002_X107fa96_X84bc,340.06933392731867,341.79443158356867,3534,488281.25,341.37158002106867,4.616343975067139,fine (<1 MHz)
HD202628_B6,A002_Xd64dca_X410,233.3879798315716,231.5598548315716,118,15625000.0,231.5598548315716,2.611711263656616,"coarse (>5 MHz, continuum-mode -- weak technosignature constraint)"
HD202628_B6,A002_Xd64dca_X410,244.55839644609028,246.38652144609028,118,15625000.0,245.12089644609028,2.8062479496002197,"coarse (>5 MHz, continuum-mode -- weak technosignature constraint)"
HD202628_B6,A002_Xd64dca_X410,246.55817207900847,248.38629707900847,118,15625000.0,247.71442207900847,2.224226236343384,"coarse (>5 MHz, continuum-mode -- weak technosignature constraint)"
HD202628_B6,A002_Xd64dca_X410,230.94354796175074,230.08075499300074,1768,488281.25,230.72870421175074,4.2012038230896,fine (<1 MHz)
HD202628_B6_EB_X106a,A002_Xb9fa0c_X106a,231.43498036145868,229.59464833020868,3770,488281.25,231.04533192395868,4.498805522918701,fine (<1 MHz)
HD202628_B6_EB_X106a,A002_Xb9fa0c_X106a,233.33677823959724,231.60240323959724,112,15625000.0,233.19615323959724,2.780276298522949,"coarse (>5 MHz, continuum-mode -- weak technosignature constraint)"
HD202628_B6_EB_X106a,A002_Xb9fa0c_X106a,244.60070293714523,246.33507793714523,112,15625000.0,244.60070293714523,2.0818676948547363,"coarse (>5 MHz, continuum-mode -- weak technosignature constraint)"
HD202628_B6_EB_X106a,A002_Xb9fa0c_X106a,246.600441352068,248.334816352068,112,15625000.0,247.569191352068,2.863929510116577,"coarse (>5 MHz, continuum-mode -- weak technosignature constraint)"
HD202628_B6_EB_X1257,A002_Xb9c01c_X1257,231.43519169644813,229.59485966519813,3770,488281.25,231.17151982144813,4.786609649658203,fine (<1 MHz)
HD202628_B6_EB_X1257,A002_Xb9c01c_X1257,233.33698381881075,231.60260881881075,112,15625000.0,232.44635881881075,2.8611912727355957,"coarse (>5 MHz, continuum-mode -- weak technosignature constraint)"
HD202628_B6_EB_X1257,A002_Xb9c01c_X1257,244.60092001111053,246.33529501111053,112,15625000.0,245.13217001111053,3.5653724670410156,"coarse (>5 MHz, continuum-mode -- weak technosignature constraint)"
HD202628_B6_EB_X1257,A002_Xb9c01c_X1257,246.6006601944566,248.3350351944566,112,15625000.0,246.8819101944566,2.8537933826446533,"coarse (>5 MHz, continuum-mode -- weak technosignature constraint)"
HD202628_B6_EB_X1293,A002_Xba035e_X1293,231.43497950166778,229.59464747041778,3770,488281.25,229.85538965791778,4.633772373199463,fine (<1 MHz)
HD202628_B6_EB_X1293,A002_Xba035e_X1293,233.33677740322298,231.60240240322298,112,15625000.0,231.64927740322298,2.57620906829834,"coarse (>5 MHz, continuum-mode -- weak technosignature constraint)"
HD202628_B6_EB_X1293,A002_Xba035e_X1293,244.600702054006,246.335077054006,112,15625000.0,245.881952054006,2.9221646785736084,"coarse (>5 MHz, continuum-mode -- weak technosignature constraint)"
HD202628_B6_EB_X1293,A002_Xba035e_X1293,246.60044046173417,248.33481546173417,112,15625000.0,247.10044046173417,2.6410114765167236,"coarse (>5 MHz, continuum-mode -- weak technosignature constraint)"
HD202628_B6_EB_X149c,A002_Xb9f161_X149c,231.43511482946943,229.59478279821943,3770,488281.25,230.97710701696943,4.6319780349731445,fine (<1 MHz)
HD202628_B6_EB_X149c,A002_Xb9f161_X149c,233.33690904532875,231.60253404532875,112,15625000.0,232.93065904532875,3.230297327041626,"coarse (>5 MHz, continuum-mode -- weak technosignature constraint)"
HD202628_B6_EB_X149c,A002_Xb9f161_X149c,244.60084105674562,246.33521605674562,112,15625000.0,246.19459105674562,2.969693660736084,"coarse (>5 MHz, continuum-mode -- weak technosignature constraint)"
HD202628_B6_EB_X149c,A002_Xb9f161_X149c,246.60058059687898,248.33495559687898,112,15625000.0,247.36620559687898,3.1369051933288574,"coarse (>5 MHz, continuum-mode -- weak technosignature constraint)"
HD202628_B6_EB_X211,A002_Xd659d4_X211,233.38815860317095,231.56003360317095,118,15625000.0,232.16940860317095,3.3985838890075684,"coarse (>5 MHz, continuum-mode -- weak technosignature constraint)"
HD202628_B6_EB_X211,A002_Xd659d4_X211,244.55858521352096,246.38671021352096,118,15625000.0,245.79296021352096,2.4532930850982666,"coarse (>5 MHz, continuum-mode -- weak technosignature constraint)"
HD202628_B6_EB_X211,A002_Xd659d4_X211,246.55836238425942,248.38648738425942,118,15625000.0,247.73023738425942,2.1719441413879395,"coarse (>5 MHz, continuum-mode -- weak technosignature constraint)"
HD202628_B6_EB_X211,A002_Xd659d4_X211,230.94373173857042,230.08093876982042,1768,488281.25,230.44470830107042,4.255661487579346,fine (<1 MHz)
HD202628_B6_EB_X3ca,A002_Xb99071_X3ca,231.43551218317523,229.59518015192523,3770,488281.25,231.33248483942523,4.044710159301758,fine (<1 MHz)
HD202628_B6_EB_X3ca,A002_Xb99071_X3ca,233.3372955769796,231.6029205769796,112,15625000.0,232.4310455769796,2.3960025310516357,"coarse (>5 MHz, continuum-mode -- weak technosignature constraint)"
HD202628_B6_EB_X3ca,A002_Xb99071_X3ca,244.60124920091891,246.33562420091891,112,15625000.0,246.31999920091891,2.879582166671753,"coarse (>5 MHz, continuum-mode -- weak technosignature constraint)"
HD202628_B6_EB_X3ca,A002_Xb99071_X3ca,246.60099206605568,248.33536706605568,112,15625000.0,248.21036706605568,2.526036262512207,"coarse (>5 MHz, continuum-mode -- weak technosignature constraint)"
HD202628_B6_EB_X4970,A002_Xbfb22d_X4970,231.4716559280912,229.6435309280912,118,15625000.0,231.1279059280912,3.154766082763672,"coarse (>5 MHz, continuum-mode -- weak technosignature constraint)"
HD202628_B6_EB_X4970,A002_Xbfb22d_X4970,233.3783922198987,231.6440172198987,112,15625000.0,231.7533922198987,2.749098777770996,"coarse (>5 MHz, continuum-mode -- weak technosignature constraint)"
HD202628_B6_EB_X4970,A002_Xbfb22d_X4970,244.6446437206464,246.3790187206464,112,15625000.0,245.4571437206464,2.4542384147644043,"coarse (>5 MHz, continuum-mode -- weak technosignature constraint)"
HD202628_B6_EB_X4970,A002_Xbfb22d_X4970,231.4201422562162,229.6950445999662,3534,488281.25,230.5119391312162,4.547667980194092,fine (<1 MHz)
HD202628_B6_EB_X4cf8,A002_Xbf9c0a_X4cf8,231.4716119006744,229.6434869006744,118,15625000.0,230.6434869006744,2.727748394012451,"coarse (>5 MHz, continuum-mode -- weak technosignature constraint)"
HD202628_B6_EB_X4cf8,A002_Xbf9c0a_X4cf8,233.37834939158265,231.64397439158265,112,15625000.0,232.05022439158265,2.9428811073303223,"coarse (>5 MHz, continuum-mode -- weak technosignature constraint)"
HD202628_B6_EB_X4cf8,A002_Xbf9c0a_X4cf8,244.64459849762878,246.37897349762878,112,15625000.0,245.61334849762878,3.0445780754089355,"coarse (>5 MHz, continuum-mode -- weak technosignature constraint)"
HD202628_B6_EB_X4cf8,A002_Xbf9c0a_X4cf8,246.64469451385895,248.37906951385895,112,15625000.0,247.84781951385895,2.382671594619751,"coarse (>5 MHz, continuum-mode -- weak technosignature constraint)"
HD202628_B6_EB_X4cf8,A002_Xbf9c0a_X4cf8,231.4200982287994,229.6950005725494,3534,488281.25,230.1676568225494,4.367809772491455,fine (<1 MHz)
HD202628_B6_EB_X5772,A002_Xbfc4be_X5772,231.47163328266365,229.64350828266365,118,15625000.0,231.20600828266365,3.1603496074676514,"coarse (>5 MHz, continuum-mode -- weak technosignature constraint)"
HD202628_B6_EB_X5772,A002_Xbfc4be_X5772,233.3783701912266,231.6439951912266,112,15625000.0,231.8939951912266,3.5077788829803467,"coarse (>5 MHz, continuum-mode -- weak technosignature constraint)"
HD202628_B6_EB_X5772,A002_Xbfc4be_X5772,244.6446204602636,246.3789954602636,112,15625000.0,245.0039954602636,2.962885618209839,"coarse (>5 MHz, continuum-mode -- weak technosignature constraint)"
HD202628_B6_EB_X5772,A002_Xbfc4be_X5772,246.64471665541544,248.37909165541544,112,15625000.0,247.61346665541544,2.6986823081970215,"coarse (>5 MHz, continuum-mode -- weak technosignature constraint)"
HD202628_B6_EB_X5772,A002_Xbfc4be_X5772,231.42011961078865,229.69502195453865,3534,488281.25,230.16035398578865,4.537664413452148,fine (<1 MHz)
HD202628_B6_EB_X57e9,A002_Xba0af7_X57e9,231.43513030653915,229.59479827528915,3770,488281.25,230.23786468153915,4.205592155456543,fine (<1 MHz)
HD202628_B6_EB_X57e9,A002_Xba0af7_X57e9,233.3369241008756,231.6025491008756,112,15625000.0,232.1806741008756,2.806063652038574,"coarse (>5 MHz, continuum-mode -- weak technosignature constraint)"
HD202628_B6_EB_X57e9,A002_Xba0af7_X57e9,244.60085695410797,246.33523195410797,112,15625000.0,245.42898195410797,2.6392157077789307,"coarse (>5 MHz, continuum-mode -- weak technosignature constraint)"
HD202628_B6_EB_X57e9,A002_Xba0af7_X57e9,246.60059662375141,248.33497162375141,112,15625000.0,248.14747162375141,3.628688335418701,"coarse (>5 MHz, continuum-mode -- weak technosignature constraint)"
HD202628_B6_EB_X643,A002_Xb99cbd_X643,231.43537310646204,229.59504107521204,3770,488281.25,229.88556841896204,4.555634498596191,fine (<1 MHz)
HD202628_B6_EB_X643,A002_Xb99cbd_X643,233.3371602880651,231.6027852880651,112,15625000.0,232.8840352880651,2.6563048362731934,"coarse (>5 MHz, continuum-mode -- weak technosignature constraint)"
HD202628_B6_EB_X643,A002_Xb99cbd_X643,244.60110634746292,246.33548134746292,112,15625000.0,245.80423134746292,3.3756115436553955,"coarse (>5 MHz, continuum-mode -- weak technosignature constraint)"
HD202628_B6_EB_X643,A002_Xb99cbd_X643,246.60084804882413,248.33522304882413,112,15625000.0,247.35084804882413,2.5686070919036865,"coarse (>5 MHz, continuum-mode -- weak technosignature constraint)"
HD202628_B6_EB_X6659,A002_Xbf4033_X6659,231.47134642760278,229.64322142760278,118,15625000.0,229.70572142760278,2.581362009048462,"coarse (>5 MHz, continuum-mode -- weak technosignature constraint)"
HD202628_B6_EB_X6659,A002_Xbf4033_X6659,233.37809114875486,231.64371614875486,112,15625000.0,232.87809114875486,3.0071167945861816,"coarse (>5 MHz, continuum-mode -- weak technosignature constraint)"
HD202628_B6_EB_X6659,A002_Xbf4033_X6659,244.6443258154171,246.3787008154171,112,15625000.0,245.0818258154171,2.362713098526001,"coarse (>5 MHz, continuum-mode -- weak technosignature constraint)"
HD202628_B6_EB_X6659,A002_Xbf4033_X6659,231.41983275572778,229.69473509947778,3534,488281.25,230.19082884947778,4.677005767822266,fine (<1 MHz)
HD202628_B6_EB_X81a,A002_Xba035e_X81a,231.43509427825043,229.59476224700043,3770,488281.25,230.75540677825043,4.6676177978515625,fine (<1 MHz)
HD202628_B6_EB_X81a,A002_Xba035e_X81a,233.3368890538288,231.6025140538288,112,15625000.0,232.2587640538288,2.816209554672241,"coarse (>5 MHz, continuum-mode -- weak technosignature constraint)"
HD202628_B6_EB_X81a,A002_Xba035e_X81a,244.60081994744138,246.33519494744138,112,15625000.0,244.81956994744138,3.2793095111846924,"coarse (>5 MHz, continuum-mode -- weak technosignature constraint)"
HD202628_B6_EB_X81a,A002_Xba035e_X81a,246.60055931560484,248.33493431560484,112,15625000.0,247.31930931560484,3.2622766494750977,"coarse (>5 MHz, continuum-mode -- weak technosignature constraint)"
HD202628_B6_EB_X820,A002_Xd64dca_X820,233.38791037035318,231.55978537035318,118,15625000.0,232.41916037035318,2.6785178184509277,"coarse (>5 MHz, continuum-mode -- weak technosignature constraint)"
HD202628_B6_EB_X820,A002_Xd64dca_X820,244.55832310101877,246.38644810101877,118,15625000.0,244.94894810101877,3.408249855041504,"coarse (>5 MHz, continuum-mode -- weak technosignature constraint)"
HD202628_B6_EB_X820,A002_Xd64dca_X820,246.55809813642114,248.38622313642114,118,15625000.0,246.76122313642114,3.0513088703155518,"coarse (>5 MHz, continuum-mode -- weak technosignature constraint)"
HD202628_B6_EB_X820,A002_Xd64dca_X820,230.94347655576757,230.08068358701757,1768,488281.25,230.22472655576757,4.435066223144531,fine (<1 MHz)
HD202628_B6_EB_X8b32,A002_Xb9dfa4_X8b32,231.4351368968246,229.5948048655746,3770,488281.25,230.1353322093246,5.088502407073975,fine (<1 MHz)
HD202628_B6_EB_X8b32,A002_Xb9dfa4_X8b32,233.33693051167248,231.60255551167248,112,15625000.0,232.97755551167248,2.8744776248931885,"coarse (>5 MHz, continuum-mode -- weak technosignature constraint)"
HD202628_B6_EB_X8b32,A002_Xb9dfa4_X8b32,244.60086372335806,246.33523872335806,112,15625000.0,244.74148872335806,3.0813093185424805,"coarse (>5 MHz, continuum-mode -- weak technosignature constraint)"
HD202628_B6_EB_X8b32,A002_Xb9dfa4_X8b32,246.6006034481481,248.3349784481481,112,15625000.0,247.6631034481481,3.0883898735046387,"coarse (>5 MHz, continuum-mode -- weak technosignature constraint)"
HD202628_B6_EB_X937f,A002_Xb9dfa4_X937f,231.435031682868,229.594699651618,3770,488281.25,230.894504339118,4.845781326293945,fine (<1 MHz)
HD202628_B6_EB_X937f,A002_Xb9dfa4_X937f,233.33682816325157,231.60245316325157,112,15625000.0,232.07120316325157,2.5561635494232178,"coarse (>5 MHz, continuum-mode -- weak technosignature constraint)"
HD202628_B6_EB_X937f,A002_Xb9dfa4_X937f,244.6007556522297,246.3351306522297,112,15625000.0,244.8976306522297,2.991084575653076,"coarse (>5 MHz, continuum-mode -- weak technosignature constraint)"
HD202628_B6_EB_X937f,A002_Xb9dfa4_X937f,246.60049449660323,248.33486949660323,112,15625000.0,248.31924449660323,3.4530155658721924,"coarse (>5 MHz, continuum-mode -- weak technosignature constraint)"
HD202628_B6_EB_X9e4,A002_Xba0af7_X9e4,231.43505655663245,229.59472452538245,3770,488281.25,230.05224405663245,5.455705642700195,fine (<1 MHz)
HD202628_B6_EB_X9e4,A002_Xba0af7_X9e4,233.3368523595711,231.6024773595711,112,15625000.0,232.5556023595711,2.127833127975464,"coarse (>5 MHz, continuum-mode -- weak technosignature constraint)"
HD202628_B6_EB_X9e4,A002_Xba0af7_X9e4,244.60078120146176,246.33515620146176,112,15625000.0,246.06953120146176,3.1403744220733643,"coarse (>5 MHz, continuum-mode -- weak technosignature constraint)"
HD202628_B6_EB_X9e4,A002_Xba0af7_X9e4,246.60052025397567,248.33489525397567,112,15625000.0,247.81927025397567,2.736501693725586,"coarse (>5 MHz, continuum-mode -- weak technosignature constraint)"
HD202628_B6_EB_Xa576,A002_Xbfb22d_Xa576,231.47179502658832,229.64367002658832,118,15625000.0,231.01867002658832,2.599764108657837,"coarse (>5 MHz, continuum-mode -- weak technosignature constraint)"
HD202628_B6_EB_Xa576,A002_Xbfb22d_Xa576,233.37852753000388,231.64415253000388,112,15625000.0,231.86290253000388,3.020249843597412,"coarse (>5 MHz, continuum-mode -- weak technosignature constraint)"
HD202628_B6_EB_Xa576,A002_Xbfb22d_Xa576,244.64478659647787,246.37916159647787,112,15625000.0,244.76978659647787,2.4445183277130127,"coarse (>5 MHz, continuum-mode -- weak technosignature constraint)"
HD202628_B6_EB_Xa576,A002_Xbfb22d_Xa576,246.64488414508153,248.37925914508153,112,15625000.0,247.53550914508153,4.018954277038574,"coarse (>5 MHz, continuum-mode -- weak technosignature constraint)"
HD202628_B6_EB_Xa576,A002_Xbfb22d_Xa576,231.42028135471332,229.69518369846332,3534,488281.25,230.04235166721332,4.687877178192139,fine (<1 MHz)
HD202628_B6_EB_Xac52,A002_Xbf894a_Xac52,231.47167268053124,229.64354768053124,118,15625000.0,231.47167268053124,2.458753824234009,"coarse (>5 MHz, continuum-mode -- weak technosignature constraint)"
HD202628_B6_EB_Xac52,A002_Xbf894a_Xac52,233.37840851608073,231.64403351608073,112,15625000.0,233.31590851608073,2.762936592102051,"coarse (>5 MHz, continuum-mode -- weak technosignature constraint)"
HD202628_B6_EB_Xac52,A002_Xbf894a_Xac52,244.64466092801277,246.37903592801277,112,15625000.0,245.62903592801277,2.1256914138793945,"coarse (>5 MHz, continuum-mode -- weak technosignature constraint)"
HD202628_B6_EB_Xac52,A002_Xbf894a_Xac52,231.42015900865624,229.69506135240624,3534,488281.25,231.41478791490624,4.580531120300293,fine (<1 MHz)
HD202628_B6_EB_Xbbf,A002_Xb9fa0c_Xbbf,231.43508437545063,229.59475234420063,3770,488281.25,230.39602187545063,5.239401340484619,fine (<1 MHz)
HD202628_B6_EB_Xbbf,A002_Xb9fa0c_Xbbf,233.33687942073493,231.60250442073493,112,15625000.0,232.30562942073493,3.5024571418762207,"coarse (>5 MHz, continuum-mode -- weak technosignature constraint)"
HD202628_B6_EB_Xbbf,A002_Xb9fa0c_Xbbf,244.60080977572287,246.33518477572287,112,15625000.0,246.00705977572287,1.9206671714782715,"coarse (>5 MHz, continuum-mode -- weak technosignature constraint)"
HD202628_B6_EB_Xbbf,A002_Xb9fa0c_Xbbf,246.600549061021,248.334924061021,112,15625000.0,247.975549061021,3.296236991882324,"coarse (>5 MHz, continuum-mode -- weak technosignature constraint)"
HD202628_B6_EB_Xd66,A002_Xb9dfa4_Xd66,231.43510187697393,229.59476984572393,3770,488281.25,230.36039484572393,5.131741523742676,fine (<1 MHz)
HD202628_B6_EB_Xd66,A002_Xb9dfa4_Xd66,233.33689644559863,231.60252144559863,112,15625000.0,232.58689644559863,3.3620665073394775,"coarse (>5 MHz, continuum-mode -- weak technosignature constraint)"
HD202628_B6_EB_Xd66,A002_Xb9dfa4_Xd66,244.60082775251448,246.33520275251448,112,15625000.0,246.00707775251448,2.9375112056732178,"coarse (>5 MHz, continuum-mode -- weak technosignature constraint)"
HD202628_B6_EB_Xd66,A002_Xb9dfa4_Xd66,246.60056718426307,248.33494218426307,112,15625000.0,247.25681718426307,3.949852705001831,"coarse (>5 MHz, continuum-mode -- weak technosignature constraint)"
HD377_B6,A002_X1239f8e_Xa43b,233.88862134866974,232.06049634866974,118,15625000.0,233.46674634866974,1.9483436346054077,"coarse (>5 MHz, continuum-mode -- weak technosignature constraint)"
HD377_B6,A002_X1239f8e_Xa43b,244.06049634866974,245.88862134866974,118,15625000.0,245.82612134866974,2.6916146278381348,"coarse (>5 MHz, continuum-mode -- weak technosignature constraint)"
HD377_B6,A002_X1239f8e_Xa43b,246.06049634866974,247.88862134866974,118,15625000.0,246.32612134866974,2.7921576499938965,"coarse (>5 MHz, continuum-mode -- weak technosignature constraint)"
HD377_B6,A002_X1239f8e_Xa43b,231.37935181741975,229.65376587991975,1768,976562.5,230.91743775491975,4.508984088897705,fine (<1 MHz)
HD377_B6_EB_X812d,A002_X1268362_X812d,233.91096938315906,232.08284438315906,118,15625000.0,232.72346938315906,3.035881280899048,"coarse (>5 MHz, continuum-mode -- weak technosignature constraint)"
HD377_B6_EB_X812d,A002_X1268362_X812d,244.08284438315906,245.91096938315906,118,15625000.0,244.27034438315906,2.4364447593688965,"coarse (>5 MHz, continuum-mode -- weak technosignature constraint)"
HD377_B6_EB_X812d,A002_X1268362_X812d,246.08284438315906,247.91096938315906,118,15625000.0,246.25471938315906,2.2521328926086426,"coarse (>5 MHz, continuum-mode -- weak technosignature constraint)"
HD377_B6_EB_X812d,A002_X1268362_X812d,231.40169985190906,229.67611391440906,1768,976562.5,230.39681703940906,4.252225399017334,fine (<1 MHz)
HD377_B6_EB_Xa43b,A002_X1239f8e_Xa43b,233.88862134866974,232.06049634866974,118,15625000.0,233.48237134866974,2.2084667682647705,"coarse (>5 MHz, continuum-mode -- weak technosignature constraint)"
HD377_B6_EB_Xa43b,A002_X1239f8e_Xa43b,244.06049634866974,245.88862134866974,118,15625000.0,245.82612134866974,2.6950478553771973,"coarse (>5 MHz, continuum-mode -- weak technosignature constraint)"
HD377_B6_EB_Xa43b,A002_X1239f8e_Xa43b,246.06049634866974,247.88862134866974,118,15625000.0,246.32612134866974,3.0191776752471924,"coarse (>5 MHz, continuum-mode -- weak technosignature constraint)"
HD377_B6_EB_Xa43b,A002_X1239f8e_Xa43b,231.37935181741975,229.65376587991975,1768,976562.5,230.02388306741975,4.182771682739258,fine (<1 MHz)
HD377_B6_EB_Xb082,A002_X1263402_Xb082,233.90898543298766,232.08086043298766,118,15625000.0,232.98711043298766,2.8029251098632812,"coarse (>5 MHz, continuum-mode -- weak technosignature constraint)"
HD377_B6_EB_Xb082,A002_X1263402_Xb082,244.08086043298766,245.90898543298766,118,15625000.0,244.84648543298766,2.443176746368408,"coarse (>5 MHz, continuum-mode -- weak technosignature constraint)"
HD377_B6_EB_Xb082,A002_X1263402_Xb082,246.08086043298766,247.90898543298766,118,15625000.0,247.54961043298766,2.9825472831726074,"coarse (>5 MHz, continuum-mode -- weak technosignature constraint)"
HD377_B6_EB_Xb082,A002_X1263402_Xb082,231.39971590173766,229.67412996423766,1768,976562.5,230.48760652673766,4.409975528717041,fine (<1 MHz)
HD53143__Gaia_DR3_5479222240596469632_,A002_X10a341d_X82d2,229.6012262629944,231.4420465754944,1886,976562.5,229.6803278254944,4.197860240936279,
HD53143__Gaia_DR3_5479222240596469632__B6,A002_X10a341d_X82d2,216.3937027339417,214.5655777339417,118,15625000.0,216.0187027339417,3.0981035232543945,"coarse (>5 MHz, continuum-mode -- weak technosignature constraint)"
HD53143__Gaia_DR3_5479222240596469632__B6,A002_X10a341d_X82d2,218.3937027339417,216.5655777339417,118,15625000.0,217.8624527339417,2.793213367462158,"coarse (>5 MHz, continuum-mode -- weak technosignature constraint)"
HD53143__Gaia_DR3_5479222240596469632__B6,A002_X10a341d_X82d2,229.6012262629944,231.4420465754944,1886,976562.5,229.6803278254944,4.197860240936279,fine (<1 MHz)
HD53143__Gaia_DR3_5479222240596469632__B6,A002_X10a341d_X82d2,231.56557391924443,233.39369891924443,118,15625000.0,232.69057391924443,3.0586962699890137,"coarse (>5 MHz, continuum-mode -- weak technosignature constraint)"
HD53143__Gaia_DR3_5479222240596469632__B6_EB_X10952,A002_Xd9d7c7_X10952,233.39520640446952,231.56708140446952,118,15625000.0,233.34833140446952,3.043222665786743,"coarse (>5 MHz, continuum-mode -- weak technosignature constraint)"
HD53143__Gaia_DR3_5479222240596469632__B6_EB_X10952,A002_Xd9d7c7_X10952,244.06606763610444,245.89419263610444,118,15625000.0,245.20669263610444,2.2529733180999756,"coarse (>5 MHz, continuum-mode -- weak technosignature constraint)"
HD53143__Gaia_DR3_5479222240596469632__B6_EB_X10952,A002_Xd9d7c7_X10952,246.06590543318197,247.89403043318197,118,15625000.0,246.70653043318197,2.7115604877471924,"coarse (>5 MHz, continuum-mode -- weak technosignature constraint)"
HD53143__Gaia_DR3_5479222240596469632__B6_EB_X10952,A002_Xd9d7c7_X10952,231.38950421858868,229.66391828108868,1768,976562.5,229.71469953108868,4.4911065101623535,fine (<1 MHz)
HD53143__Gaia_DR3_5479222240596469632__B6_EB_X10bb3,A002_Xd9d7c7_X10bb3,233.39515665469705,231.56703165469705,118,15625000.0,233.39515665469705,3.0773913860321045,"coarse (>5 MHz, continuum-mode -- weak technosignature constraint)"
HD53143__Gaia_DR3_5479222240596469632__B6_EB_X10bb3,A002_Xd9d7c7_X10bb3,244.06601521161303,245.89414021161303,118,15625000.0,245.05039021161303,2.882401943206787,"coarse (>5 MHz, continuum-mode -- weak technosignature constraint)"
HD53143__Gaia_DR3_5479222240596469632__B6_EB_X10bb3,A002_Xd9d7c7_X10bb3,246.06585258073557,247.89397758073557,118,15625000.0,246.69085258073557,3.250871419906616,"coarse (>5 MHz, continuum-mode -- weak technosignature constraint)"
HD53143__Gaia_DR3_5479222240596469632__B6_EB_X10bb3,A002_Xd9d7c7_X10bb3,231.38945312942394,229.66386719192394,1768,976562.5,230.89726562942394,4.412797927856445,fine (<1 MHz)
HD53143__Gaia_DR3_5479222240596469632__B6_EB_X1ca0,A002_X10b33b1_X1ca0,216.39493679904297,214.56681179904297,118,15625000.0,214.81681179904297,4.009219646453857,"coarse (>5 MHz, continuum-mode -- weak technosignature constraint)"
HD53143__Gaia_DR3_5479222240596469632__B6_EB_X1ca0,A002_X10b33b1_X1ca0,218.39493679904297,216.56681179904297,118,15625000.0,217.83243679904297,2.9006214141845703,"coarse (>5 MHz, continuum-mode -- weak technosignature constraint)"
HD53143__Gaia_DR3_5479222240596469632__B6_EB_X1ca0,A002_X10b33b1_X1ca0,229.6024603280957,231.4432806405957,1886,976562.5,229.7128118905957,4.109210968017578,fine (<1 MHz)
HD53143__Gaia_DR3_5479222240596469632__B6_EB_X1ca0,A002_X10b33b1_X1ca0,231.5668079843457,233.3949329843457,118,15625000.0,233.2074329843457,2.219083070755005,"coarse (>5 MHz, continuum-mode -- weak technosignature constraint)"
HD53143__Gaia_DR3_5479222240596469632__B6_EB_X2700,A002_X10b33b1_X2700,216.3948394664792,214.5667144664792,118,15625000.0,214.6604644664792,3.234004259109497,"coarse (>5 MHz, continuum-mode -- weak technosignature constraint)"
HD53143__Gaia_DR3_5479222240596469632__B6_EB_X2700,A002_X10b33b1_X2700,218.3948394664792,216.5667144664792,118,15625000.0,217.4885894664792,3.2999939918518066,"coarse (>5 MHz, continuum-mode -- weak technosignature constraint)"
HD53143__Gaia_DR3_5479222240596469632__B6_EB_X2700,A002_X10b33b1_X2700,229.60236299553193,231.44318330803193,1886,976562.5,230.01544893303193,4.550442695617676,fine (<1 MHz)
HD53143__Gaia_DR3_5479222240596469632__B6_EB_X2700,A002_X10b33b1_X2700,231.56671065178193,233.39483565178193,118,15625000.0,232.59796065178193,3.1926186084747314,"coarse (>5 MHz, continuum-mode -- weak technosignature constraint)"
HD53143__Gaia_DR3_5479222240596469632__B6_EB_X389e,A002_X10a513c_X389e,216.3938509414181,214.5657259414181,118,15625000.0,214.7532259414181,2.6045408248901367,"coarse (>5 MHz, continuum-mode -- weak technosignature constraint)"
HD53143__Gaia_DR3_5479222240596469632__B6_EB_X389e,A002_X10a513c_X389e,218.3938509414181,216.5657259414181,118,15625000.0,217.3157259414181,2.959801197052002,"coarse (>5 MHz, continuum-mode -- weak technosignature constraint)"
HD53143__Gaia_DR3_5479222240596469632__B6_EB_X389e,A002_X10a513c_X389e,229.60137447047083,231.44219478297083,1886,976562.5,231.22539790797083,4.580434799194336,fine (<1 MHz)
HD53143__Gaia_DR3_5479222240596469632__B6_EB_X389e,A002_X10a513c_X389e,231.56572212672083,233.39384712672083,118,15625000.0,232.34697212672083,2.557462215423584,"coarse (>5 MHz, continuum-mode -- weak technosignature constraint)"
HD53143__Gaia_DR3_5479222240596469632__B6_EB_X3b99,A002_X10a513c_X3b99,216.39380713442586,214.56568213442586,118,15625000.0,215.89380713442586,2.517909049987793,"coarse (>5 MHz, continuum-mode -- weak technosignature constraint)"
HD53143__Gaia_DR3_5479222240596469632__B6_EB_X3b99,A002_X10a513c_X3b99,218.39380713442586,216.56568213442586,118,15625000.0,217.97193213442586,3.098304033279419,"coarse (>5 MHz, continuum-mode -- weak technosignature constraint)"
HD53143__Gaia_DR3_5479222240596469632__B6_EB_X3b99,A002_X10a513c_X3b99,229.60133066347856,231.44215097597856,1886,976562.5,231.07984628847856,4.282718181610107,fine (<1 MHz)
HD53143__Gaia_DR3_5479222240596469632__B6_EB_X3b99,A002_X10a513c_X3b99,231.5656783197286,233.3938033197286,118,15625000.0,233.0969283197286,3.3628790378570557,"coarse (>5 MHz, continuum-mode -- weak technosignature constraint)"
HD53143__Gaia_DR3_5479222240596469632__B6_EB_X4d3d,A002_Xd98580_X4d3d,233.39548690012418,231.56736190012418,118,15625000.0,232.06736190012418,3.2786591053009033,"coarse (>5 MHz, continuum-mode -- weak technosignature constraint)"
HD53143__Gaia_DR3_5479222240596469632__B6_EB_X4d3d,A002_Xd98580_X4d3d,244.06636321217061,245.89448821217061,118,15625000.0,244.48823821217061,2.6539158821105957,"coarse (>5 MHz, continuum-mode -- weak technosignature constraint)"
HD53143__Gaia_DR3_5479222240596469632__B6_EB_X4d3d,A002_Xd98580_X4d3d,246.066203422114,247.894328422114,118,15625000.0,246.316203422114,3.0049033164978027,"coarse (>5 MHz, continuum-mode -- weak technosignature constraint)"
HD53143__Gaia_DR3_5479222240596469632__B6_EB_X4d3d,A002_Xd98580_X4d3d,231.38979226591022,229.66420632841022,1768,976562.5,229.86537820341022,4.146486759185791,fine (<1 MHz)
HD53143__Gaia_DR3_5479222240596469632__B6_EB_X82d2,A002_X10a341d_X82d2,216.3937027339417,214.5655777339417,118,15625000.0,216.2687027339417,3.199657678604126,"coarse (>5 MHz, continuum-mode -- weak technosignature constraint)"
HD53143__Gaia_DR3_5479222240596469632__B6_EB_X82d2,A002_X10a341d_X82d2,218.3937027339417,216.5655777339417,118,15625000.0,217.2999527339417,2.72550106048584,"coarse (>5 MHz, continuum-mode -- weak technosignature constraint)"
HD53143__Gaia_DR3_5479222240596469632__B6_EB_X82d2,A002_X10a341d_X82d2,229.6012262629944,231.4420465754944,1886,976562.5,229.9049372004944,3.9614129066467285,fine (<1 MHz)
HD53143__Gaia_DR3_5479222240596469632__B6_EB_X82d2,A002_X10a341d_X82d2,231.56557391924443,233.39369891924443,118,15625000.0,232.69057391924443,2.7707090377807617,"coarse (>5 MHz, continuum-mode -- weak technosignature constraint)"
HD53143__Gaia_DR3_5479222240596469632__B6_EB_X8382,A002_Xd99ff3_X8382,233.39542041382407,231.56729541382407,118,15625000.0,231.73917041382407,2.454483985900879,"coarse (>5 MHz, continuum-mode -- weak technosignature constraint)"
HD53143__Gaia_DR3_5479222240596469632__B6_EB_X8382,A002_Xd99ff3_X8382,244.06629315133824,245.89441815133824,118,15625000.0,244.61316815133824,2.649923086166382,"coarse (>5 MHz, continuum-mode -- weak technosignature constraint)"
HD53143__Gaia_DR3_5479222240596469632__B6_EB_X8382,A002_Xd99ff3_X8382,246.06613278935652,247.89425778935652,118,15625000.0,247.56613278935652,3.084467649459839,"coarse (>5 MHz, continuum-mode -- weak technosignature constraint)"
HD53143__Gaia_DR3_5479222240596469632__B6_EB_X8382,A002_Xd99ff3_X8382,231.38972398962733,229.66413805212733,1768,976562.5,231.13679430212733,4.497185707092285,fine (<1 MHz)
HD53143__Gaia_DR3_5479222240596469632__B6_EB_Xc5d8,A002_Xd99ff3_Xc5d8,233.39540797890743,231.56728297890743,118,15625000.0,231.59853297890743,2.872351884841919,"coarse (>5 MHz, continuum-mode -- weak technosignature constraint)"
HD53143__Gaia_DR3_5479222240596469632__B6_EB_Xc5d8,A002_Xd99ff3_Xc5d8,244.0662800478777,245.8944050478777,118,15625000.0,245.2694050478777,2.103710889816284,"coarse (>5 MHz, continuum-mode -- weak technosignature constraint)"
HD53143__Gaia_DR3_5479222240596469632__B6_EB_Xc5d8,A002_Xd99ff3_Xc5d8,246.06611957892892,247.89424457892892,118,15625000.0,246.30049457892892,2.4998271465301514,"coarse (>5 MHz, continuum-mode -- weak technosignature constraint)"
HD53143__Gaia_DR3_5479222240596469632__B6_EB_Xc5d8,A002_Xd99ff3_Xc5d8,231.38971121993066,229.66412528243066,1768,976562.5,229.92877371993066,4.23353385925293,fine (<1 MHz)
HD53143__Gaia_DR3_5479222240596469632__B6_EB_Xca79,A002_Xd99ff3_Xca79,233.39535229034973,231.56722729034973,118,15625000.0,232.78597729034973,3.15861439704895,"coarse (>5 MHz, continuum-mode -- weak technosignature constraint)"
HD53143__Gaia_DR3_5479222240596469632__B6_EB_Xca79,A002_Xd99ff3_Xca79,244.06622136531155,245.89434636531155,118,15625000.0,244.67559636531155,3.894627809524536,"coarse (>5 MHz, continuum-mode -- weak technosignature constraint)"
HD53143__Gaia_DR3_5479222240596469632__B6_EB_Xca79,A002_Xd99ff3_Xca79,246.06606041732144,247.89418541732144,118,15625000.0,246.31606041732144,2.2569055557250977,"coarse (>5 MHz, continuum-mode -- weak technosignature constraint)"
HD53143__Gaia_DR3_5479222240596469632__B6_EB_Xca79,A002_Xd99ff3_Xca79,231.3896540320933,229.6640680945933,1768,976562.5,231.3447321570933,4.467310428619385,fine (<1 MHz)
HD53143__Gaia_DR3_5479222240596469632__B6_EB_Xdc45,A002_X10a341d_Xdc45,216.39374697298646,214.56562197298646,118,15625000.0,215.47187197298646,2.6260666847229004,"coarse (>5 MHz, continuum-mode -- weak technosignature constraint)"
HD53143__Gaia_DR3_5479222240596469632__B6_EB_Xdc45,A002_X10a341d_Xdc45,218.39374697298646,216.56562197298646,118,15625000.0,217.81562197298646,2.9835238456726074,"coarse (>5 MHz, continuum-mode -- weak technosignature constraint)"
HD53143__Gaia_DR3_5479222240596469632__B6_EB_Xdc45,A002_X10a341d_Xdc45,229.60127050203917,231.44209081453917,1886,976562.5,231.27998143953917,3.7973053455352783,fine (<1 MHz)
HD53143__Gaia_DR3_5479222240596469632__B6_EB_Xdc45,A002_X10a341d_Xdc45,231.5656181582892,233.3937431582892,118,15625000.0,233.2843681582892,2.6124305725097656,"coarse (>5 MHz, continuum-mode -- weak technosignature constraint)"
HD61005_B10,A002_X11d9ce7_X5257,857.09179296875,855.36620703125,1768,976562.5,855.92382421875,4.628565788269043,fine (<1 MHz)
HD61005_B10,A002_X11d9ce7_X5257,865.40820703125,867.13379296875,1768,976562.5,866.56055078125,4.848050594329834,fine (<1 MHz)
HD61005_B10,A002_X11d9ce7_X5257,855.09179296875,853.36620703125,1768,976562.5,854.34667578125,4.758298397064209,fine (<1 MHz)
HD61005_B10,A002_X11d9ce7_X5257,867.40820703125,869.13379296875,1768,976562.5,867.81055078125,4.5934600830078125,fine (<1 MHz)
HD61005_B10,A002_X11d9ce7_X5257,853.13379296875,851.40820703125,1768,976562.5,851.86523828125,4.553400993347168,fine (<1 MHz)
HD61005_B10,A002_X11d9ce7_X5257,869.36620703125,871.09179296875,1768,976562.5,871.06737890625,4.910983562469482,fine (<1 MHz)
HD61005_B10,A002_X11d9ce7_X5257,851.13379296875,849.40820703125,1768,976562.5,850.36426171875,4.436484336853027,fine (<1 MHz)
HD61005_B10,A002_X11d9ce7_X5257,871.36620703125,873.09179296875,1768,976562.5,873.06542578125,4.3678765296936035,fine (<1 MHz)
HD61005_B6,A002_X74fea5_Xd70,230.10872240553772,230.97127123366272,3534,244140.625,230.52327318678772,4.349246501922607,fine (<1 MHz)
HD61005_B6,A002_X74fea5_Xd70,227.12699926695365,228.86137426695365,112,15625000.0,228.06449926695365,3.6546382904052734,"coarse (>5 MHz, continuum-mode -- weak technosignature constraint)"
HD61005_B6,A002_X74fea5_Xd70,215.8617057230295,214.1273307230295,112,15625000.0,214.3929557230295,2.0274581909179688,"coarse (>5 MHz, continuum-mode -- weak technosignature constraint)"
HD61005_B6,A002_X74fea5_Xd70,213.86175671630272,212.12738171630272,112,15625000.0,212.25238171630272,2.194261074066162,"coarse (>5 MHz, continuum-mode -- weak technosignature constraint)"
HD61005_B6_EB_X58f,A002_X7d194b_X58f,230.08799921941028,230.95054804753528,3534,244140.625,230.75157343816028,4.293708801269531,fine (<1 MHz)
HD61005_B6_EB_X58f,A002_X7d194b_X58f,227.10480186241688,228.83917686241688,112,15625000.0,228.47980186241688,2.872077703475952,"coarse (>5 MHz, continuum-mode -- weak technosignature constraint)"
HD61005_B6_EB_X58f,A002_X7d194b_X58f,215.8407739599795,214.1063989599795,112,15625000.0,214.3876489599795,2.550551414489746,"coarse (>5 MHz, continuum-mode -- weak technosignature constraint)"
HD61005_B6_EB_X58f,A002_X7d194b_X58f,213.84101966732757,212.10664466732757,112,15625000.0,212.60664466732757,2.260920286178589,"coarse (>5 MHz, continuum-mode -- weak technosignature constraint)"
HD61005_B7,A002_X1066403_Xbbde,334.0688191858753,332.2406941858753,118,15625000.0,332.4125691858753,2.74625563621521,"coarse (>5 MHz, continuum-mode -- weak technosignature constraint)"
HD61005_B7,A002_X1066403_Xbbde,342.28932955430486,344.11745455430486,118,15625000.0,343.11745455430486,2.490703821182251,"coarse (>5 MHz, continuum-mode -- weak technosignature constraint)"
HD61005_B7,A002_X1066403_Xbbde,332.125123198215,330.400025541965,3534,488281.25,331.667115385715,4.640118598937988,fine (<1 MHz)
HD61005_B7,A002_X1066403_Xbbde,344.23302554196505,345.95812319821505,3534,488281.25,345.94982241696505,4.549119472503662,fine (<1 MHz)
HD61005_B7_EB_X15dc,A002_X106f040_X15dc,334.0695417680862,332.2414167680862,118,15625000.0,333.7882917680862,2.5143585205078125,"coarse (>5 MHz, continuum-mode -- weak technosignature constraint)"
HD61005_B7_EB_X15dc,A002_X106f040_X15dc,342.29007393108714,344.11819893108714,118,15625000.0,343.58694893108714,3.1374151706695557,"coarse (>5 MHz, continuum-mode -- weak technosignature constraint)"
HD61005_B7_EB_X15dc,A002_X106f040_X15dc,332.1258566777117,330.4007590214617,3534,488281.25,331.5028098027117,4.532281398773193,fine (<1 MHz)
HD61005_B7_EB_X15dc,A002_X106f040_X15dc,344.23375902146165,345.95885667771165,3534,488281.25,345.48522386521165,4.839343547821045,fine (<1 MHz)
HD61005_B8,A002_Xe4f0a6_X3658,493.2717812795803,495.0999062795803,118,15625000.0,493.8967812795803,2.7900478839874268,"coarse (>5 MHz, continuum-mode -- weak technosignature constraint)"
HD61005_B8,A002_Xe4f0a6_X3658,481.0999062795803,479.2717812795803,118,15625000.0,479.8030312795803,3.559765100479126,"coarse (>5 MHz, continuum-mode -- weak technosignature constraint)"
HD61005_B8,A002_Xe4f0a6_X3658,483.0579062795803,481.2297812795803,118,15625000.0,481.7766562795803,3.1522586345672607,"coarse (>5 MHz, continuum-mode -- weak technosignature constraint)"
HD61005_B8,A002_Xe4f0a6_X3658,491.71401150418967,492.57680447293967,1768,488281.25,492.04311306668967,4.481182098388672,fine (<1 MHz)
HD61005_B8_EB_X3658,A002_Xe4f0a6_X3658,493.2717812795803,495.0999062795803,118,15625000.0,493.8967812795803,2.790048360824585,"coarse (>5 MHz, continuum-mode -- weak technosignature constraint)"
HD61005_B8_EB_X3658,A002_Xe4f0a6_X3658,481.0999062795803,479.2717812795803,118,15625000.0,479.8030312795803,3.559765338897705,"coarse (>5 MHz, continuum-mode -- weak technosignature constraint)"
HD61005_B8_EB_X3658,A002_Xe4f0a6_X3658,483.0579062795803,481.2297812795803,118,15625000.0,481.7766562795803,3.1522586345672607,"coarse (>5 MHz, continuum-mode -- weak technosignature constraint)"
HD61005_B8_EB_X3658,A002_Xe4f0a6_X3658,491.71401150418967,492.57680447293967,1768,488281.25,492.04311306668967,4.481182098388672,fine (<1 MHz)
HD_10647_B6,A002_Xb39557_X3789,244.12220863661355,245.85658363661355,112,15625000.0,245.12220863661355,2.2157461643218994,"coarse (>5 MHz, continuum-mode -- weak technosignature constraint)"
HD_10647_B6,A002_Xb39557_X3789,246.12212207446268,247.85649707446268,112,15625000.0,247.65337207446268,2.402275323867798,"coarse (>5 MHz, continuum-mode -- weak technosignature constraint)"
HD_10647_B6,A002_Xb39557_X3789,231.44980373206494,229.62167873206494,118,15625000.0,230.99667873206494,2.7021846771240234,"coarse (>5 MHz, continuum-mode -- weak technosignature constraint)"
HD_10647_B6,A002_Xb39557_X3789,231.39829006018994,229.67319240393994,3534,488281.25,230.89536037268994,4.317418575286865,fine (<1 MHz)
HD_10647_B6_EB_X26f7,A002_Xb3d48f_X26f7,244.12253316884826,245.85690816884826,112,15625000.0,245.34128316884826,2.4986701011657715,"coarse (>5 MHz, continuum-mode -- weak technosignature constraint)"
HD_10647_B6_EB_X26f7,A002_Xb3d48f_X26f7,246.1224492559401,247.8568242559401,112,15625000.0,246.9193242559401,2.5633621215820312,"coarse (>5 MHz, continuum-mode -- weak technosignature constraint)"
HD_10647_B6_EB_X26f7,A002_Xb3d48f_X26f7,231.450119998,229.621994998,118,15625000.0,231.200119998,3.1015918254852295,"coarse (>5 MHz, continuum-mode -- weak technosignature constraint)"
HD_10647_B6_EB_X26f7,A002_Xb3d48f_X26f7,231.398606326125,229.673508669875,3534,488281.25,230.915207888625,4.08061408996582,fine (<1 MHz)
HD_10647_B7,A002_Xcf0c6b_X6513,346.81592036213647,348.55029536213647,112,15625000.0,347.23779536213647,2.4459614753723145,"coarse (>5 MHz, continuum-mode -- weak technosignature constraint)"
HD_10647_B7,A002_Xcf0c6b_X6513,336.55029536213647,334.81592036213647,112,15625000.0,336.51904536213647,3.089404821395874,"coarse (>5 MHz, continuum-mode -- weak technosignature constraint)"
HD_10647_B7,A002_Xcf0c6b_X6513,334.6547953621365,332.9204203621365,112,15625000.0,334.4829203621365,1.7562060356140137,"coarse (>5 MHz, continuum-mode -- weak technosignature constraint)"
HD_10647_B7,A002_Xcf0c6b_X6513,344.9250590340115,346.6501566902615,3534,488281.25,345.8928324715115,4.341581344604492,fine (<1 MHz)
HD_10647_B7,A002_Xff294f_X2db6,332.1910732776856,330.3507412464356,3770,488281.25,331.4977139026856,5.394251823425293,fine (<1 MHz)
HD_10647_B7_EB_X13fc,A002_Xff45a6_X13fc,332.1906307807355,330.3502987494855,3770,488281.25,330.5319393744855,4.3650617599487305,fine (<1 MHz)
HD_10647_B7_EB_X13fc,A002_Xff45a6_X13fc,334.07659238186676,332.24846738186676,118,15625000.0,332.51409238186676,2.2878611087799072,"coarse (>5 MHz, continuum-mode -- weak technosignature constraint)"
HD_10647_B7_EB_X13fc,A002_Xff45a6_X13fc,342.2973333336569,344.1254583336569,118,15625000.0,342.8285833336569,3.5273823738098145,"coarse (>5 MHz, continuum-mode -- weak technosignature constraint)"
HD_10647_B7_EB_X13fc,A002_Xff45a6_X13fc,344.1832949347882,346.0236269660382,3770,488281.25,344.7819277472882,4.8038530349731445,fine (<1 MHz)
HD_10647_B7_EB_X1a0c,A002_X1178b24_X1a0c,334.0997967894023,332.2716717894023,118,15625000.0,332.4435467894023,2.893044948577881,"coarse (>5 MHz, continuum-mode -- weak technosignature constraint)"
HD_10647_B7_EB_X1a0c,A002_X1178b24_X1a0c,342.32124150606063,344.14936650606063,118,15625000.0,342.49311650606063,2.801520347595215,"coarse (>5 MHz, continuum-mode -- weak technosignature constraint)"
HD_10647_B7_EB_X1a0c,A002_X1178b24_X1a0c,332.15656797585643,330.43147031960643,3534,488281.25,331.24787656960643,4.441071033477783,fine (<1 MHz)
HD_10647_B7_EB_X1a0c,A002_X1178b24_X1a0c,344.26447031960646,345.98956797585646,3534,488281.25,345.89630625710646,4.445556640625,fine (<1 MHz)
HD_10647_B7_EB_X1cc8,A002_X1178b24_X1cc8,334.09971558765676,332.27159058765676,118,15625000.0,332.84971558765676,2.7035415172576904,"coarse (>5 MHz, continuum-mode -- weak technosignature constraint)"
HD_10647_B7_EB_X1cc8,A002_X1178b24_X1cc8,342.3211578551028,344.1492828551028,118,15625000.0,342.7274078551028,2.4730770587921143,"coarse (>5 MHz, continuum-mode -- weak technosignature constraint)"
HD_10647_B7_EB_X1cc8,A002_X1178b24_X1cc8,332.15648554950474,330.43138789325474,3534,488281.25,332.05345820575474,4.8108625411987305,fine (<1 MHz)
HD_10647_B7_EB_X1cc8,A002_X1178b24_X1cc8,344.26438789325476,345.98948554950476,3534,488281.25,345.60520820575476,4.501153469085693,fine (<1 MHz)
HD_10647_B7_EB_X2db6,A002_Xff294f_X2db6,332.1910732776856,330.3507412464356,3770,488281.25,331.4977139026856,4.81994104385376,fine (<1 MHz)
HD_10647_B7_EB_X2db6,A002_Xff294f_X2db6,334.0770283046513,332.2489033046513,118,15625000.0,332.4832783046513,3.332908868789673,"coarse (>5 MHz, continuum-mode -- weak technosignature constraint)"
HD_10647_B7_EB_X2db6,A002_Xff294f_X2db6,342.2977824047727,344.1259074047727,118,15625000.0,343.0321574047727,2.1397340297698975,"coarse (>5 MHz, continuum-mode -- weak technosignature constraint)"
HD_10647_B7_EB_X2db6,A002_Xff294f_X2db6,344.1837374317383,346.0240694629883,3770,488281.25,345.5938936817383,5.160956859588623,fine (<1 MHz)
HD_10647_B7_EB_X36e0,A002_Xcf749a_X36e0,346.81470035870007,348.54907535870007,112,15625000.0,347.59595035870007,3.0284059047698975,"coarse (>5 MHz, continuum-mode -- weak technosignature constraint)"
HD_10647_B7_EB_X36e0,A002_Xcf749a_X36e0,336.54907535870007,334.81470035870007,112,15625000.0,335.83032535870007,3.1775591373443604,"coarse (>5 MHz, continuum-mode -- weak technosignature constraint)"
HD_10647_B7_EB_X36e0,A002_Xcf749a_X36e0,334.6535753587001,332.9192003587001,112,15625000.0,333.8410753587001,3.3881783485412598,"coarse (>5 MHz, continuum-mode -- weak technosignature constraint)"
HD_10647_B7_EB_X36e0,A002_Xcf749a_X36e0,344.9238390305751,346.6489366868251,3534,488281.25,345.8388780930751,4.521367073059082,fine (<1 MHz)
HD_10647_B7_EB_X40a2,A002_Xff294f_X40a2,332.1908577246214,330.3505256933714,3770,488281.25,331.9496467871214,4.518958568572998,fine (<1 MHz)
HD_10647_B7_EB_X40a2,A002_Xff294f_X40a2,334.0768159540533,332.2486909540533,118,15625000.0,332.5611909540533,3.90967059135437,"coarse (>5 MHz, continuum-mode -- weak technosignature constraint)"
HD_10647_B7_EB_X40a2,A002_Xff294f_X40a2,342.2975636492422,344.1256886492422,118,15625000.0,343.5788136492422,3.0908079147338867,"coarse (>5 MHz, continuum-mode -- weak technosignature constraint)"
HD_10647_B7_EB_X40a2,A002_Xff294f_X40a2,344.1835218786741,346.0238539099241,3770,488281.25,345.5238539099241,4.605044364929199,fine (<1 MHz)
HD_10647_B7_EB_X9cdf,A002_Xff99e1_X9cdf,332.1883574197415,330.3480253884915,3770,488281.25,331.2830839822415,4.901645183563232,fine (<1 MHz)
HD_10647_B7_EB_X9cdf,A002_Xff99e1_X9cdf,334.07435279613776,332.24622779613776,118,15625000.0,333.01185279613776,3.3271522521972656,"coarse (>5 MHz, continuum-mode -- weak technosignature constraint)"
HD_10647_B7_EB_X9cdf,A002_Xff99e1_X9cdf,342.29502619739793,344.12315119739793,118,15625000.0,342.40440119739793,3.199632167816162,"coarse (>5 MHz, continuum-mode -- weak technosignature constraint)"
HD_10647_B7_EB_X9cdf,A002_Xff99e1_X9cdf,344.1810215737942,346.0213536050442,3770,488281.25,345.7059239175442,5.017256736755371,fine (<1 MHz)
HD_10647_B7_EB_Xaf70,A002_Xff294f_Xaf70,332.1907274443042,330.3503954130542,3770,488281.25,331.6570360380542,5.120208740234375,fine (<1 MHz)
HD_10647_B7_EB_Xc10b,A002_Xff294f_Xc10b,332.190525435404,330.350193404154,3770,488281.25,331.071873091654,4.623497009277344,fine (<1 MHz)
HD_10647_B7_EB_Xc10b,A002_Xff294f_Xc10b,334.07648860164824,332.24836360164824,118,15625000.0,333.90461360164824,2.8428452014923096,"coarse (>5 MHz, continuum-mode -- weak technosignature constraint)"
HD_10647_B7_EB_Xc10b,A002_Xff294f_Xc10b,342.2972264232127,344.1253514232127,118,15625000.0,343.8128514232127,2.6266849040985107,"coarse (>5 MHz, continuum-mode -- weak technosignature constraint)"
HD_10647_B7_EB_Xc10b,A002_Xff294f_Xc10b,344.1831895894568,346.0235216207068,3770,488281.25,344.8477403707068,4.799449920654297,fine (<1 MHz)
HD_139084B_805632_B7,A002_Xcd8029_Xb6b0,347.0357185873827,348.7700935873827,112,15625000.0,348.0357185873827,2.3429956436157227,"coarse (>5 MHz, continuum-mode -- weak technosignature constraint)"
HD_139084B_805632_B7,A002_Xcd8029_Xb6b0,336.7700935873827,335.0357185873827,112,15625000.0,335.6138435873827,2.717766523361206,"coarse (>5 MHz, continuum-mode -- weak technosignature constraint)"
HD_139084B_805632_B7,A002_Xcd8029_Xb6b0,334.87459358738266,333.14021858738266,112,15625000.0,333.82771858738266,2.4684033393859863,"coarse (>5 MHz, continuum-mode -- weak technosignature constraint)"
HD_139084B_805632_B7,A002_Xcd8029_Xb6b0,345.14485725925766,346.86995491550766,3534,488281.25,345.82405647800766,5.663414478302002,fine (<1 MHz)
HD_139084B_921024_B7,A002_Xcd8029_Xb6b0,347.0357185873827,348.7700935873827,112,15625000.0,348.2857185873827,2.405233383178711,"coarse (>5 MHz, continuum-mode -- weak technosignature constraint)"
HD_139084B_921024_B7,A002_Xcd8029_Xb6b0,336.7700935873827,335.0357185873827,112,15625000.0,335.8169685873827,2.4914348125457764,"coarse (>5 MHz, continuum-mode -- weak technosignature constraint)"
HD_139084B_921024_B7,A002_Xcd8029_Xb6b0,334.87459358738266,333.14021858738266,112,15625000.0,334.21834358738266,2.32991886138916,"coarse (>5 MHz, continuum-mode -- weak technosignature constraint)"
HD_139084B_921024_B7,A002_Xcd8029_Xb6b0,345.14485725925766,346.86995491550766,3534,488281.25,345.32893929050766,4.152575969696045,fine (<1 MHz)
HD_139084B_921024_B7_EB_Xb6b0,A002_Xcd8029_Xb6b0,347.0357185873827,348.7700935873827,112,15625000.0,348.2857185873827,2.405233860015869,"coarse (>5 MHz, continuum-mode -- weak technosignature constraint)"
HD_139084B_921024_B7_EB_Xb6b0,A002_Xcd8029_Xb6b0,336.7700935873827,335.0357185873827,112,15625000.0,335.8169685873827,2.4914348125457764,"coarse (>5 MHz, continuum-mode -- weak technosignature constraint)"
HD_139084B_921024_B7_EB_Xb6b0,A002_Xcd8029_Xb6b0,334.87459358738266,333.14021858738266,112,15625000.0,334.21834358738266,2.3299195766448975,"coarse (>5 MHz, continuum-mode -- weak technosignature constraint)"
HD_139084B_921024_B7_EB_Xb6b0,A002_Xcd8029_Xb6b0,345.14485725925766,346.86995491550766,3534,488281.25,345.32893929050766,4.1525750160217285,fine (<1 MHz)
HD_155555C_B7,A002_Xccea8d_X2ff5,347.0431785419341,348.7775535419341,112,15625000.0,348.5588035419341,2.8662867546081543,"coarse (>5 MHz, continuum-mode -- weak technosignature constraint)"
HD_155555C_B7,A002_Xccea8d_X2ff5,336.7775535419341,335.0431785419341,112,15625000.0,336.4963035419341,2.117000102996826,"coarse (>5 MHz, continuum-mode -- weak technosignature constraint)"
HD_155555C_B7,A002_Xccea8d_X2ff5,334.88205354193406,333.14767854193406,112,15625000.0,334.74142854193406,2.7709522247314453,"coarse (>5 MHz, continuum-mode -- weak technosignature constraint)"
HD_155555C_B7,A002_Xccea8d_X2ff5,345.15231721380906,346.87741487005906,3534,488281.25,345.90671174505906,4.170427322387695,fine (<1 MHz)
HD_207129__Gaia_DR3_6564091190988411520_,A002_Xc19d6f_X19ce,231.48178020224486,229.64144817099486,3770,488281.25,231.27816692099486,4.064776420593262,
HD_207129__Gaia_DR3_6564091190988411520__B6,A002_Xc19d6f_X19ce,244.14875783725674,245.88313283725674,112,15625000.0,245.21125783725674,3.316756248474121,"coarse (>5 MHz, continuum-mode -- weak technosignature constraint)"
HD_207129__Gaia_DR3_6564091190988411520__B6,A002_Xc19d6f_X19ce,246.1488880032719,247.8832630032719,112,15625000.0,247.1957630032719,3.5287513732910156,"coarse (>5 MHz, continuum-mode -- weak technosignature constraint)"
HD_207129__Gaia_DR3_6564091190988411520__B6,A002_Xc19d6f_X19ce,231.48178020224486,229.64144817099486,3770,488281.25,231.27816692099486,4.064776420593262,fine (<1 MHz)
HD_207129__Gaia_DR3_6564091190988411520__B6,A002_Xc19d6f_X19ce,233.382319299412,231.647944299412,112,15625000.0,232.429194299412,2.8283252716064453,"coarse (>5 MHz, continuum-mode -- weak technosignature constraint)"
HD_207129__Gaia_DR3_6564091190988411520__B6_EB_X19ce,A002_Xc19d6f_X19ce,244.14875783725674,245.88313283725674,112,15625000.0,245.21125783725674,3.155308723449707,"coarse (>5 MHz, continuum-mode -- weak technosignature constraint)"
HD_207129__Gaia_DR3_6564091190988411520__B6_EB_X19ce,A002_Xc19d6f_X19ce,246.1488880032719,247.8832630032719,112,15625000.0,247.1957630032719,3.5768749713897705,"coarse (>5 MHz, continuum-mode -- weak technosignature constraint)"
HD_207129__Gaia_DR3_6564091190988411520__B6_EB_X19ce,A002_Xc19d6f_X19ce,231.48178020224486,229.64144817099486,3770,488281.25,229.79183879599486,4.1980366706848145,fine (<1 MHz)
HD_207129__Gaia_DR3_6564091190988411520__B6_EB_X19ce,A002_Xc19d6f_X19ce,233.382319299412,231.647944299412,112,15625000.0,232.429194299412,2.818906784057617,"coarse (>5 MHz, continuum-mode -- weak technosignature constraint)"
HD_207129__Gaia_DR3_6564091190988411520__B6_EB_X1c16,A002_Xc19d6f_X1c16,244.14864378495764,245.88301878495764,112,15625000.0,245.78926878495764,2.3148787021636963,"coarse (>5 MHz, continuum-mode -- weak technosignature constraint)"
HD_207129__Gaia_DR3_6564091190988411520__B6_EB_X1c16,A002_Xc19d6f_X1c16,246.14877301993363,247.88314801993363,112,15625000.0,247.39877301993363,2.8891499042510986,"coarse (>5 MHz, continuum-mode -- weak technosignature constraint)"
HD_207129__Gaia_DR3_6564091190988411520__B6_EB_X1c16,A002_Xc19d6f_X1c16,231.48166905502077,229.64133702377077,3770,488281.25,230.82834874252077,4.576905727386475,fine (<1 MHz)
HD_207129__Gaia_DR3_6564091190988411520__B6_EB_X1c16,A002_Xc19d6f_X1c16,233.38221106610771,231.64783606610771,112,15625000.0,232.02283606610771,3.2396464347839355,"coarse (>5 MHz, continuum-mode -- weak technosignature constraint)"
HD_207129__Gaia_DR3_6564091190988411520__B6_EB_X5706,A002_Xc19d6f_X5706,244.14867518849664,245.88305018849664,112,15625000.0,245.44555018849664,2.32696533203125,"coarse (>5 MHz, continuum-mode -- weak technosignature constraint)"
HD_207129__Gaia_DR3_6564091190988411520__B6_EB_X5706,A002_Xc19d6f_X5706,246.14880467982806,247.88317967982806,112,15625000.0,246.22692967982806,2.5917868614196777,"coarse (>5 MHz, continuum-mode -- weak technosignature constraint)"
HD_207129__Gaia_DR3_6564091190988411520__B6_EB_X5706,A002_Xc19d6f_X5706,231.48169965866677,229.64136762741677,3770,488281.25,230.42261762741677,5.4324541091918945,fine (<1 MHz)
HD_207129__Gaia_DR3_6564091190988411520__B6_EB_X5706,A002_Xc19d6f_X5706,233.38224086742537,231.64786586742537,112,15625000.0,231.64786586742537,2.7880377769470215,"coarse (>5 MHz, continuum-mode -- weak technosignature constraint)"
HD_23484__Gaia_DR3_4856592239127350400__B6,A002_X10b0d7d_X323f,229.60986286657746,231.45068317907746,1886,976562.5,230.09912067907746,4.1974382400512695,fine (<1 MHz)
HD_23484__Gaia_DR3_4856592239127350400__B6,A002_X10b0d7d_X323f,216.40233933752472,214.57421433752472,118,15625000.0,214.63671433752472,2.317906379699707,"coarse (>5 MHz, continuum-mode -- weak technosignature constraint)"
HD_23484__Gaia_DR3_4856592239127350400__B6,A002_X10b0d7d_X323f,218.40233933752472,216.57421433752472,118,15625000.0,218.27733933752472,2.513176441192627,"coarse (>5 MHz, continuum-mode -- weak technosignature constraint)"
HD_23484__Gaia_DR3_4856592239127350400__B6,A002_X10b0d7d_X323f,229.60986286657746,231.45068317907746,1886,976562.5,230.09912067907746,4.1974382400512695,fine (<1 MHz)
HD_23484__Gaia_DR3_4856592239127350400__B6,A002_X10b0d7d_X323f,231.57421052282746,233.40233552282746,118,15625000.0,233.32421052282746,2.1541051864624023,"coarse (>5 MHz, continuum-mode -- weak technosignature constraint)"
HD_23484__Gaia_DR3_4856592239127350400__B6_EB_X145d,A002_X10b33b1_X145d,216.40220818104999,214.57408318104999,118,15625000.0,215.30845818104999,2.9904556274414062,"coarse (>5 MHz, continuum-mode -- weak technosignature constraint)"
HD_23484__Gaia_DR3_4856592239127350400__B6_EB_X145d,A002_X10b33b1_X145d,218.40220818104999,216.57408318104999,118,15625000.0,218.38658318104999,2.1244771480560303,"coarse (>5 MHz, continuum-mode -- weak technosignature constraint)"
HD_23484__Gaia_DR3_4856592239127350400__B6_EB_X145d,A002_X10b33b1_X145d,229.60973171010272,231.45055202260272,1886,976562.5,230.32652858510272,4.1364593505859375,fine (<1 MHz)
HD_23484__Gaia_DR3_4856592239127350400__B6_EB_X145d,A002_X10b33b1_X145d,231.57407936635272,233.40220436635272,118,15625000.0,233.10532936635272,1.9680720567703247,"coarse (>5 MHz, continuum-mode -- weak technosignature constraint)"
HD_23484__Gaia_DR3_4856592239127350400__B6_EB_X1d34,A002_X10b22d7_X1d34,216.40233875640325,214.57421375640325,118,15625000.0,215.05858875640325,2.9500622749328613,"coarse (>5 MHz, continuum-mode -- weak technosignature constraint)"
HD_23484__Gaia_DR3_4856592239127350400__B6_EB_X1d34,A002_X10b22d7_X1d34,218.40233875640325,216.57421375640325,118,15625000.0,217.21483875640325,2.983994483947754,"coarse (>5 MHz, continuum-mode -- weak technosignature constraint)"
HD_23484__Gaia_DR3_4856592239127350400__B6_EB_X1d34,A002_X10b22d7_X1d34,229.609862285456,231.450682597956,1886,976562.5,230.752440410456,3.955484390258789,fine (<1 MHz)
HD_23484__Gaia_DR3_4856592239127350400__B6_EB_X1d34,A002_X10b22d7_X1d34,231.574209941706,233.402334941706,118,15625000.0,231.574209941706,2.4874885082244873,"coarse (>5 MHz, continuum-mode -- weak technosignature constraint)"
HD_23484__Gaia_DR3_4856592239127350400__B6_EB_X2445,A002_X10b22d7_X2445,216.40219327468378,214.57406827468378,118,15625000.0,214.77719327468378,3.6627345085144043,"coarse (>5 MHz, continuum-mode -- weak technosignature constraint)"
HD_23484__Gaia_DR3_4856592239127350400__B6_EB_X2445,A002_X10b22d7_X2445,218.40219327468378,216.57406827468378,118,15625000.0,216.69906827468378,3.1711552143096924,"coarse (>5 MHz, continuum-mode -- weak technosignature constraint)"
HD_23484__Gaia_DR3_4856592239127350400__B6_EB_X2445,A002_X10b22d7_X2445,229.60971680373652,231.45053711623652,1886,976562.5,230.79038086623652,5.52032995223999,fine (<1 MHz)
HD_23484__Gaia_DR3_4856592239127350400__B6_EB_X2445,A002_X10b22d7_X2445,231.57406445998652,233.40218945998652,118,15625000.0,233.29281445998652,3.353865623474121,"coarse (>5 MHz, continuum-mode -- weak technosignature constraint)"
HD_23484__Gaia_DR3_4856592239127350400__B6_EB_X323f,A002_X10b0d7d_X323f,216.40233933752472,214.57421433752472,118,15625000.0,214.63671433752472,2.514378547668457,"coarse (>5 MHz, continuum-mode -- weak technosignature constraint)"
HD_23484__Gaia_DR3_4856592239127350400__B6_EB_X323f,A002_X10b0d7d_X323f,218.40233933752472,216.57421433752472,118,15625000.0,218.29296433752472,2.5073673725128174,"coarse (>5 MHz, continuum-mode -- weak technosignature constraint)"
HD_23484__Gaia_DR3_4856592239127350400__B6_EB_X323f,A002_X10b0d7d_X323f,229.60986286657746,231.45068317907746,1886,976562.5,230.63134724157746,4.167087554931641,fine (<1 MHz)
HD_23484__Gaia_DR3_4856592239127350400__B6_EB_X323f,A002_X10b0d7d_X323f,231.57421052282746,233.40233552282746,118,15625000.0,233.32421052282746,2.166625738143921,"coarse (>5 MHz, continuum-mode -- weak technosignature constraint)"
HD_23484__Gaia_DR3_4856592239127350400__B6_EB_Xf94,A002_X10b33b1_Xf94,216.40230790961962,214.57418290961962,118,15625000.0,216.32418290961962,2.700922727584839,"coarse (>5 MHz, continuum-mode -- weak technosignature constraint)"
HD_23484__Gaia_DR3_4856592239127350400__B6_EB_Xf94,A002_X10b33b1_Xf94,218.40230790961962,216.57418290961962,118,15625000.0,216.68355790961962,2.8150486946105957,"coarse (>5 MHz, continuum-mode -- weak technosignature constraint)"
HD_23484__Gaia_DR3_4856592239127350400__B6_EB_Xf94,A002_X10b33b1_Xf94,229.60983143867236,231.45065175117236,1886,976562.5,229.77780018867236,4.9716973304748535,fine (<1 MHz)
HD_23484__Gaia_DR3_4856592239127350400__B6_EB_Xf94,A002_X10b33b1_Xf94,231.57417909492236,233.40230409492236,118,15625000.0,233.05855409492236,3.1411662101745605,"coarse (>5 MHz, continuum-mode -- weak technosignature constraint)"
HD_285968,A002_Xd98580_X3bf6,229.03723532787612,230.87756735912612,3770,488281.25,230.50207907787612,6.188626766204834,
HD_285968_B6,A002_Xd98580_X3bf6,213.8746161133221,212.0464911133221,118,15625000.0,212.2964911133221,2.88850474357605,"coarse (>5 MHz, continuum-mode -- weak technosignature constraint)"
HD_285968_B6,A002_Xd98580_X3bf6,215.8742457068017,214.0461207068017,118,15625000.0,214.4836207068017,3.584822416305542,"coarse (>5 MHz, continuum-mode -- weak technosignature constraint)"
HD_285968_B6,A002_Xd98580_X3bf6,227.04370925002158,228.87183425002158,118,15625000.0,228.40308425002158,2.8957672119140625,"coarse (>5 MHz, continuum-mode -- weak technosignature constraint)"
HD_285968_B6,A002_Xd98580_X3bf6,229.03723532787612,230.87756735912612,3770,488281.25,230.50207907787612,6.188626766204834,fine (<1 MHz)
HD_285968_B6_EB_X108f,A002_Xdb4b9a_X108f,213.8819715730023,212.0538465730023,118,15625000.0,213.8194715730023,3.0706610679626465,"coarse (>5 MHz, continuum-mode -- weak technosignature constraint)"
HD_285968_B6_EB_X108f,A002_Xdb4b9a_X108f,215.88167023183095,214.05354523183095,118,15625000.0,214.10042023183095,2.4170894622802734,"coarse (>5 MHz, continuum-mode -- weak technosignature constraint)"
HD_285968_B6_EB_X108f,A002_Xdb4b9a_X108f,227.05158269982007,228.87970769982007,118,15625000.0,228.67658269982007,3.4680397510528564,"coarse (>5 MHz, continuum-mode -- weak technosignature constraint)"
HD_285968_B6_EB_X108f,A002_Xdb4b9a_X108f,229.0451778430237,230.8855098742737,3770,488281.25,230.5100215930237,5.834976673126221,fine (<1 MHz)
HD_285968_B6_EB_X5b4e,A002_Xdb7ab7_X5b4e,213.88340540278796,212.05528040278796,118,15625000.0,213.08653040278796,2.698996067047119,"coarse (>5 MHz, continuum-mode -- weak technosignature constraint)"
HD_285968_B6_EB_X5b4e,A002_Xdb7ab7_X5b4e,215.8831175248071,214.0549925248071,118,15625000.0,215.4143675248071,2.7241177558898926,"coarse (>5 MHz, continuum-mode -- weak technosignature constraint)"
HD_285968_B6_EB_X5b4e,A002_Xdb7ab7_X5b4e,227.0531175035343,228.8812425035343,118,15625000.0,227.4281175035343,2.6820011138916016,"coarse (>5 MHz, continuum-mode -- weak technosignature constraint)"
HD_285968_B6_EB_X5b4e,A002_Xdb7ab7_X5b4e,229.04672610992844,230.88705814117844,3770,488281.25,230.51156985992844,5.8681559562683105,fine (<1 MHz)
HD_285968_B6_EB_X7136,A002_Xda2c82_X7136,213.8762425473295,212.0481175473295,118,15625000.0,212.3449925473295,2.237804651260376,"coarse (>5 MHz, continuum-mode -- weak technosignature constraint)"
HD_285968_B6_EB_X7136,A002_Xda2c82_X7136,215.8758874124899,214.0477624124899,118,15625000.0,214.5008874124899,2.748330593109131,"coarse (>5 MHz, continuum-mode -- weak technosignature constraint)"
HD_285968_B6_EB_X7136,A002_Xda2c82_X7136,227.04545022163506,228.87357522163506,118,15625000.0,227.73295022163506,2.491882562637329,"coarse (>5 MHz, continuum-mode -- weak technosignature constraint)"
HD_285968_B6_EB_X7136,A002_Xda2c82_X7136,229.03899157117047,230.87932360242047,3770,488281.25,230.05071032117047,4.756081581115723,fine (<1 MHz)
HD_285968_B6_EB_Xa7c,A002_Xdb4b9a_Xa7c,213.88204394306706,212.05391894306706,118,15625000.0,212.28829394306706,2.4039766788482666,"coarse (>5 MHz, continuum-mode -- weak technosignature constraint)"
HD_285968_B6_EB_Xa7c,A002_Xdb4b9a_Xa7c,215.88174328142682,214.05361828142682,118,15625000.0,215.63174328142682,3.4166343212127686,"coarse (>5 MHz, continuum-mode -- weak technosignature constraint)"
HD_285968_B6_EB_Xa7c,A002_Xdb4b9a_Xa7c,227.05166016636824,228.87978516636824,118,15625000.0,227.59853516636824,2.8005640506744385,"coarse (>5 MHz, continuum-mode -- weak technosignature constraint)"
HD_285968_B6_EB_Xa7c,A002_Xdb4b9a_Xa7c,229.04525598910303,230.88558802035303,3770,488281.25,229.91293177035303,5.1058573722839355,fine (<1 MHz)
HD_285968_B6_EB_Xdd9b,A002_Xdaef5a_Xdd9b,213.88015289533814,212.05202789533814,118,15625000.0,212.98952789533814,4.062168598175049,"coarse (>5 MHz, continuum-mode -- weak technosignature constraint)"
HD_285968_B6_EB_Xdd9b,A002_Xdaef5a_Xdd9b,215.8798344773812,214.0517094773812,118,15625000.0,215.1298344773812,2.2356038093566895,"coarse (>5 MHz, continuum-mode -- weak technosignature constraint)"
HD_285968_B6_EB_Xdd9b,A002_Xdaef5a_Xdd9b,227.04963594626403,228.87776094626403,118,15625000.0,227.97151094626403,2.900275230407715,"coarse (>5 MHz, continuum-mode -- weak technosignature constraint)"
HD_285968_B6_EB_Xdd9b,A002_Xdaef5a_Xdd9b,229.04321401268214,230.88354604393214,3770,488281.25,230.50805776268214,8.641976356506348,fine (<1 MHz)
HD_31392_B6,A002_X128b034_X187cc,233.88596979726904,232.05784479726904,118,15625000.0,233.43284479726904,2.6949331760406494,"coarse (>5 MHz, continuum-mode -- weak technosignature constraint)"
HD_31392_B6,A002_X128b034_X187cc,244.05784479726904,245.88596979726904,118,15625000.0,245.83909479726904,2.36769437789917,"coarse (>5 MHz, continuum-mode -- weak technosignature constraint)"
HD_31392_B6,A002_X128b034_X187cc,246.05784479726904,247.88596979726904,118,15625000.0,246.74534479726904,3.209244966506958,"coarse (>5 MHz, continuum-mode -- weak technosignature constraint)"
HD_31392_B6,A002_X128b034_X187cc,231.37670026601904,229.65111432851904,1768,976562.5,230.84447370351904,4.1059346199035645,fine (<1 MHz)
HD_31392_B6_EB_X187cc,A002_X128b034_X187cc,233.88596979726904,232.05784479726904,118,15625000.0,233.43284479726904,2.8319408893585205,"coarse (>5 MHz, continuum-mode -- weak technosignature constraint)"
HD_31392_B6_EB_X187cc,A002_X128b034_X187cc,244.05784479726904,245.88596979726904,118,15625000.0,245.83909479726904,2.2264788150787354,"coarse (>5 MHz, continuum-mode -- weak technosignature constraint)"
HD_31392_B6_EB_X187cc,A002_X128b034_X187cc,246.05784479726904,247.88596979726904,118,15625000.0,246.49534479726904,3.42622971534729,"coarse (>5 MHz, continuum-mode -- weak technosignature constraint)"
HD_31392_B6_EB_X187cc,A002_X128b034_X187cc,231.37670026601904,229.65111432851904,1768,976562.5,229.67455182851904,4.225150108337402,fine (<1 MHz)
HD_31392_B6_EB_X1af7f,A002_X1294347_X1af7f,233.88843167649085,232.06030667649085,118,15625000.0,233.48218167649085,2.694791793823242,"coarse (>5 MHz, continuum-mode -- weak technosignature constraint)"
HD_31392_B6_EB_X1af7f,A002_X1294347_X1af7f,244.06030667649085,245.88843167649085,118,15625000.0,245.60718167649085,2.862577199935913,"coarse (>5 MHz, continuum-mode -- weak technosignature constraint)"
HD_31392_B6_EB_X1af7f,A002_X1294347_X1af7f,246.06030667649085,247.88843167649085,118,15625000.0,246.10718167649085,2.7310433387756348,"coarse (>5 MHz, continuum-mode -- weak technosignature constraint)"
HD_31392_B6_EB_X1af7f,A002_X1294347_X1af7f,231.37916214524085,229.65357620774085,1768,976562.5,230.08521683274085,4.3452959060668945,fine (<1 MHz)
HD_31392_B6_EB_X1b730,A002_X1294347_X1b730,233.8883791314005,232.0602541314005,118,15625000.0,232.3415041314005,2.7428665161132812,"coarse (>5 MHz, continuum-mode -- weak technosignature constraint)"
HD_31392_B6_EB_X1b730,A002_X1294347_X1b730,244.0602541314005,245.8883791314005,118,15625000.0,244.1696291314005,2.470956802368164,"coarse (>5 MHz, continuum-mode -- weak technosignature constraint)"
HD_31392_B6_EB_X1b730,A002_X1294347_X1b730,246.0602541314005,247.8883791314005,118,15625000.0,246.1383791314005,2.224499464035034,"coarse (>5 MHz, continuum-mode -- weak technosignature constraint)"
HD_31392_B6_EB_X1b730,A002_X1294347_X1b730,231.3791096001505,229.6535236626505,1768,976562.5,231.2023517876505,4.376786231994629,fine (<1 MHz)
HD_31392_B6_EB_X2f34,A002_X12b3da5_X2f34,233.89675447924645,232.06862947924645,118,15625000.0,232.50612947924645,2.5055291652679443,"coarse (>5 MHz, continuum-mode -- weak technosignature constraint)"
HD_31392_B6_EB_X2f34,A002_X12b3da5_X2f34,244.06862947924645,245.89675447924645,118,15625000.0,244.44362947924645,2.311593770980835,"coarse (>5 MHz, continuum-mode -- weak technosignature constraint)"
HD_31392_B6_EB_X2f34,A002_X12b3da5_X2f34,246.06862947924645,247.89675447924645,118,15625000.0,247.75612947924645,2.7596595287323,"coarse (>5 MHz, continuum-mode -- weak technosignature constraint)"
HD_31392_B6_EB_X2f34,A002_X12b3da5_X2f34,231.38748494799646,229.66189901049646,1768,976562.5,230.61795369799646,4.57792329788208,fine (<1 MHz)
HD_31392_B6_EB_X4411,A002_X12b3da5_X4411,233.89652155789503,232.06839655789503,118,15625000.0,232.59964655789503,3.005751609802246,"coarse (>5 MHz, continuum-mode -- weak technosignature constraint)"
HD_31392_B6_EB_X4411,A002_X12b3da5_X4411,244.06839655789503,245.89652155789503,118,15625000.0,244.61527155789503,2.0841994285583496,"coarse (>5 MHz, continuum-mode -- weak technosignature constraint)"
HD_31392_B6_EB_X4411,A002_X12b3da5_X4411,246.06839655789503,247.89652155789503,118,15625000.0,247.09964655789503,2.432507038116455,"coarse (>5 MHz, continuum-mode -- weak technosignature constraint)"
HD_31392_B6_EB_X4411,A002_X12b3da5_X4411,231.38725202664503,229.66166608914503,1768,976562.5,230.88041608914503,4.033326625823975,fine (<1 MHz)
HD_31392_B6_EB_X5c2e,A002_X1294347_X5c2e,233.88798273958287,232.05985773958287,118,15625000.0,233.23173273958287,2.035824775695801,"coarse (>5 MHz, continuum-mode -- weak technosignature constraint)"
HD_31392_B6_EB_X5c2e,A002_X1294347_X5c2e,244.05985773958287,245.88798273958287,118,15625000.0,245.35673273958287,2.609832286834717,"coarse (>5 MHz, continuum-mode -- weak technosignature constraint)"
HD_31392_B6_EB_X5c2e,A002_X1294347_X5c2e,246.05985773958287,247.88798273958287,118,15625000.0,246.20048273958287,2.173552989959717,"coarse (>5 MHz, continuum-mode -- weak technosignature constraint)"
HD_31392_B6_EB_X5c2e,A002_X1294347_X5c2e,231.37871320833287,229.65312727083287,1768,976562.5,229.76152570833287,4.486854553222656,fine (<1 MHz)
HD_31392_B6_EB_X6946,A002_X129754b_X6946,233.88880180478546,232.06067680478546,118,15625000.0,233.68567680478546,2.4373843669891357,"coarse (>5 MHz, continuum-mode -- weak technosignature constraint)"
HD_31392_B6_EB_X6946,A002_X129754b_X6946,244.06067680478546,245.88880180478546,118,15625000.0,245.18567680478546,2.8785271644592285,"coarse (>5 MHz, continuum-mode -- weak technosignature constraint)"
HD_31392_B6_EB_X6946,A002_X129754b_X6946,246.06067680478546,247.88880180478546,118,15625000.0,246.40442680478546,2.724217176437378,"coarse (>5 MHz, continuum-mode -- weak technosignature constraint)"
HD_31392_B6_EB_X6946,A002_X129754b_X6946,231.37953227353546,229.65394633603546,1768,976562.5,231.19984477353546,5.288708686828613,fine (<1 MHz)
HD_31392_B6_EB_X6985,A002_X129691d_X6985,233.8885860763193,232.0604610763193,118,15625000.0,233.3729610763193,2.9185948371887207,"coarse (>5 MHz, continuum-mode -- weak technosignature constraint)"
HD_31392_B6_EB_X6985,A002_X129691d_X6985,244.0604610763193,245.8885860763193,118,15625000.0,244.8260860763193,3.797694444656372,"coarse (>5 MHz, continuum-mode -- weak technosignature constraint)"
HD_31392_B6_EB_X6985,A002_X129691d_X6985,246.0604610763193,247.8885860763193,118,15625000.0,247.4198360763193,3.3062007427215576,"coarse (>5 MHz, continuum-mode -- weak technosignature constraint)"
HD_31392_B6_EB_X6985,A002_X129691d_X6985,231.37931654506932,229.65373060756932,1768,976562.5,230.42326185756932,4.37153434753418,fine (<1 MHz)
HD_31392_B6_EB_X70a9,A002_X129754b_X70a9,233.88873201027033,232.06060701027033,118,15625000.0,233.24810701027033,2.238361120223999,"coarse (>5 MHz, continuum-mode -- weak technosignature constraint)"
HD_31392_B6_EB_X70a9,A002_X129754b_X70a9,244.06060701027033,245.88873201027033,118,15625000.0,244.88873201027033,2.841240882873535,"coarse (>5 MHz, continuum-mode -- weak technosignature constraint)"
HD_31392_B6_EB_X70a9,A002_X129754b_X70a9,246.06060701027033,247.88873201027033,118,15625000.0,247.79498201027033,3.1553616523742676,"coarse (>5 MHz, continuum-mode -- weak technosignature constraint)"
HD_31392_B6_EB_X70a9,A002_X129754b_X70a9,231.37946247902033,229.65387654152033,1768,976562.5,230.59235310402033,4.215482711791992,fine (<1 MHz)
HD_38858__Gaia_DR3_3023711269067191296_,A002_Xc20718_X2fcf,231.4496542524602,229.6093222212102,3770,488281.25,229.8314901899602,4.345242977142334,
HD_38858__Gaia_DR3_3023711269067191296__B6,A002_Xb0be8b_X785f,244.0853771591649,245.8197521591649,112,15625000.0,244.6947521591649,2.1923398971557617,"coarse (>5 MHz, continuum-mode -- weak technosignature constraint)"
HD_38858__Gaia_DR3_3023711269067191296__B6,A002_Xb0be8b_X785f,246.08498993189193,247.81936493189193,112,15625000.0,246.86623993189193,2.2441866397857666,"coarse (>5 MHz, continuum-mode -- weak technosignature constraint)"
HD_38858__Gaia_DR3_3023711269067191296__B6,A002_Xb0be8b_X785f,233.32217232942074,231.58779732942074,112,15625000.0,232.57217232942074,1.7988983392715454,"coarse (>5 MHz, continuum-mode -- weak technosignature constraint)"
HD_38858__Gaia_DR3_3023711269067191296__B6,A002_Xb0be8b_X785f,231.36239673308825,229.63729907683825,3534,488281.25,229.69149829558825,3.868162155151367,fine (<1 MHz)
HD_38858__Gaia_DR3_3023711269067191296__B6_EB_X1855,A002_Xb0ebd1_X1855,244.08538346137806,245.81975846137806,112,15625000.0,244.78850846137806,2.1843643188476562,"coarse (>5 MHz, continuum-mode -- weak technosignature constraint)"
HD_38858__Gaia_DR3_3023711269067191296__B6_EB_X1855,A002_Xb0ebd1_X1855,246.08499628555177,247.81937128555177,112,15625000.0,247.42874628555177,1.9099253416061401,"coarse (>5 MHz, continuum-mode -- weak technosignature constraint)"
HD_38858__Gaia_DR3_3023711269067191296__B6_EB_X1855,A002_Xb0ebd1_X1855,233.32217831009243,231.58780331009243,112,15625000.0,232.85342831009243,3.345963478088379,"coarse (>5 MHz, continuum-mode -- weak technosignature constraint)"
HD_38858__Gaia_DR3_3023711269067191296__B6_EB_X1855,A002_Xb0ebd1_X1855,231.36240287477509,229.63730521852509,3534,488281.25,230.74277396852509,3.5085930824279785,fine (<1 MHz)
HD_38858__Gaia_DR3_3023711269067191296__B6_EB_X28c4,A002_Xc21a10_X28c4,244.11665008297052,245.85102508297052,112,15625000.0,245.80415008297052,2.8278067111968994,"coarse (>5 MHz, continuum-mode -- weak technosignature constraint)"
HD_38858__Gaia_DR3_3023711269067191296__B6_EB_X28c4,A002_Xc21a10_X28c4,246.11651814494172,247.85089314494172,112,15625000.0,246.25714314494172,2.6927897930145264,"coarse (>5 MHz, continuum-mode -- weak technosignature constraint)"
HD_38858__Gaia_DR3_3023711269067191296__B6_EB_X28c4,A002_Xc21a10_X28c4,231.45049027837695,229.61015824712695,3770,488281.25,229.69316605962695,4.7312235832214355,fine (<1 MHz)
HD_38858__Gaia_DR3_3023711269067191296__B6_EB_X28c4,A002_Xc21a10_X28c4,233.35184969590057,231.61747469590057,112,15625000.0,232.13309969590057,3.0082168579101562,"coarse (>5 MHz, continuum-mode -- weak technosignature constraint)"
HD_38858__Gaia_DR3_3023711269067191296__B6_EB_X2fcf,A002_Xc20718_X2fcf,244.11579220569394,245.85016720569394,112,15625000.0,244.30329220569394,3.1163535118103027,"coarse (>5 MHz, continuum-mode -- weak technosignature constraint)"
HD_38858__Gaia_DR3_3023711269067191296__B6_EB_X2fcf,A002_Xc20718_X2fcf,246.11565326458535,247.85002826458535,112,15625000.0,246.66252826458535,2.428402900695801,"coarse (>5 MHz, continuum-mode -- weak technosignature constraint)"
HD_38858__Gaia_DR3_3023711269067191296__B6_EB_X2fcf,A002_Xc20718_X2fcf,231.4496542524602,229.6093222212102,3770,488281.25,231.2602011274602,4.422924041748047,fine (<1 MHz)
HD_38858__Gaia_DR3_3023711269067191296__B6_EB_X2fcf,A002_Xc20718_X2fcf,233.35103558787287,231.61666058787287,112,15625000.0,233.13228558787287,3.0571861267089844,"coarse (>5 MHz, continuum-mode -- weak technosignature constraint)"
HD_38858__Gaia_DR3_3023711269067191296__B6_EB_Xb5c9,A002_Xc23361_Xb5c9,244.1177608447064,245.8521358447064,112,15625000.0,244.7896358447064,4.197653770446777,"coarse (>5 MHz, continuum-mode -- weak technosignature constraint)"
HD_38858__Gaia_DR3_3023711269067191296__B6_EB_Xb5c9,A002_Xc23361_Xb5c9,246.11763797412033,247.85201297412033,112,15625000.0,246.13326297412033,2.880925416946411,"coarse (>5 MHz, continuum-mode -- weak technosignature constraint)"
HD_38858__Gaia_DR3_3023711269067191296__B6_EB_Xb5c9,A002_Xc23361_Xb5c9,231.45157274742462,229.61124071617462,3770,488281.25,230.12930712242462,4.42948579788208,fine (<1 MHz)
HD_38858__Gaia_DR3_3023711269067191296__B6_EB_Xb5c9,A002_Xc23361_Xb5c9,233.35290378611933,231.61852878611933,112,15625000.0,232.55602878611933,2.7184953689575195,"coarse (>5 MHz, continuum-mode -- weak technosignature constraint)"
HD_45184_B6,A002_X126c7ed_Xe9d,233.90072679274598,232.07260179274598,118,15625000.0,232.99447679274598,2.8614609241485596,"coarse (>5 MHz, continuum-mode -- weak technosignature constraint)"
HD_45184_B6,A002_X126c7ed_Xe9d,244.07260179274598,245.90072679274598,118,15625000.0,245.02572679274598,3.185609817504883,"coarse (>5 MHz, continuum-mode -- weak technosignature constraint)"
HD_45184_B6,A002_X126c7ed_Xe9d,246.07260179274598,247.90072679274598,118,15625000.0,247.65072679274598,3.7534847259521484,"coarse (>5 MHz, continuum-mode -- weak technosignature constraint)"
HD_45184_B6,A002_X126c7ed_Xe9d,231.39145726149596,229.66587132399596,1768,976562.5,231.00962132399596,4.513068199157715,fine (<1 MHz)
HD_45184_B6_EB_X10e06,A002_X12771d5_X10e06,233.90130262196524,232.07317762196524,118,15625000.0,232.08880262196524,2.864997148513794,"coarse (>5 MHz, continuum-mode -- weak technosignature constraint)"
HD_45184_B6_EB_X10e06,A002_X12771d5_X10e06,244.07317762196524,245.90130262196524,118,15625000.0,244.54192762196524,2.1683871746063232,"coarse (>5 MHz, continuum-mode -- weak technosignature constraint)"
HD_45184_B6_EB_X10e06,A002_X12771d5_X10e06,246.07317762196524,247.90130262196524,118,15625000.0,246.74505262196524,3.1208112239837646,"coarse (>5 MHz, continuum-mode -- weak technosignature constraint)"
HD_45184_B6_EB_X10e06,A002_X12771d5_X10e06,231.39203309071524,229.66644715321524,1768,976562.5,229.91644715321524,4.414278030395508,fine (<1 MHz)
HD_45184_B6_EB_X12af8,A002_X1271cbb_X12af8,233.9009396680163,232.0728146680163,118,15625000.0,232.2915646680163,1.582034707069397,"coarse (>5 MHz, continuum-mode -- weak technosignature constraint)"
HD_45184_B6_EB_X12af8,A002_X1271cbb_X12af8,244.0728146680163,245.9009396680163,118,15625000.0,244.6665646680163,2.5130441188812256,"coarse (>5 MHz, continuum-mode -- weak technosignature constraint)"
HD_45184_B6_EB_X12af8,A002_X1271cbb_X12af8,246.0728146680163,247.9009396680163,118,15625000.0,247.1353146680163,2.5647470951080322,"coarse (>5 MHz, continuum-mode -- weak technosignature constraint)"
HD_45184_B6_EB_X12af8,A002_X1271cbb_X12af8,231.3916701367663,229.6660841992663,1768,976562.5,231.3887404492663,4.212729454040527,fine (<1 MHz)
HD_45184_B6_EB_X259f,A002_X126d12f_X259f,233.90071139288335,232.07258639288335,118,15625000.0,232.79133639288335,3.3723011016845703,"coarse (>5 MHz, continuum-mode -- weak technosignature constraint)"
HD_45184_B6_EB_X259f,A002_X126d12f_X259f,244.07258639288335,245.90071139288335,118,15625000.0,244.29133639288335,3.010901689529419,"coarse (>5 MHz, continuum-mode -- weak technosignature constraint)"
HD_45184_B6_EB_X259f,A002_X126d12f_X259f,246.07258639288335,247.90071139288335,118,15625000.0,247.49446139288335,2.6610729694366455,"coarse (>5 MHz, continuum-mode -- weak technosignature constraint)"
HD_45184_B6_EB_X259f,A002_X126d12f_X259f,231.39144186163335,229.66585592413335,1768,976562.5,230.51937154913335,4.60725736618042,fine (<1 MHz)
HD_45184_B6_EB_X3b63,A002_X12771d5_X3b63,233.90118615801686,232.07306115801686,118,15625000.0,233.54181115801686,2.658355951309204,"coarse (>5 MHz, continuum-mode -- weak technosignature constraint)"
HD_45184_B6_EB_X3b63,A002_X12771d5_X3b63,244.07306115801686,245.90118615801686,118,15625000.0,244.94806115801686,3.0306825637817383,"coarse (>5 MHz, continuum-mode -- weak technosignature constraint)"
HD_45184_B6_EB_X3b63,A002_X12771d5_X3b63,246.07306115801686,247.90118615801686,118,15625000.0,246.10431115801686,2.252518653869629,"coarse (>5 MHz, continuum-mode -- weak technosignature constraint)"
HD_45184_B6_EB_X3b63,A002_X12771d5_X3b63,231.39191662676686,229.66633068926686,1768,976562.5,230.64777600176686,4.283547878265381,fine (<1 MHz)
HD_45184_B6_EB_X9b5,A002_X12754c1_X9b5,233.90089142329933,232.07276642329933,118,15625000.0,232.77589142329933,2.508416175842285,"coarse (>5 MHz, continuum-mode -- weak technosignature constraint)"
HD_45184_B6_EB_X9b5,A002_X12754c1_X9b5,244.07276642329933,245.90089142329933,118,15625000.0,244.32276642329933,2.8532984256744385,"coarse (>5 MHz, continuum-mode -- weak technosignature constraint)"
HD_45184_B6_EB_X9b5,A002_X12754c1_X9b5,246.07276642329933,247.90089142329933,118,15625000.0,246.30714142329933,3.1135964393615723,"coarse (>5 MHz, continuum-mode -- weak technosignature constraint)"
HD_45184_B6_EB_X9b5,A002_X12754c1_X9b5,231.39162189204933,229.66603595454933,1768,976562.5,230.60451251704933,3.902545690536499,fine (<1 MHz)
HD_45184_B6_EB_X9f13,A002_X12771d5_X9f13,233.90116756870654,232.07304256870654,118,15625000.0,233.86991756870654,3.7965428829193115,"coarse (>5 MHz, continuum-mode -- weak technosignature constraint)"
HD_45184_B6_EB_X9f13,A002_X12771d5_X9f13,244.07304256870654,245.90116756870654,118,15625000.0,245.83866756870654,2.8974082469940186,"coarse (>5 MHz, continuum-mode -- weak technosignature constraint)"
HD_45184_B6_EB_X9f13,A002_X12771d5_X9f13,246.07304256870654,247.90116756870654,118,15625000.0,246.29179256870654,2.2602102756500244,"coarse (>5 MHz, continuum-mode -- weak technosignature constraint)"
HD_45184_B6_EB_X9f13,A002_X12771d5_X9f13,231.39189803745654,229.66631209995654,1768,976562.5,230.63213241245654,4.099120616912842,fine (<1 MHz)
HD_45184_B6_EB_Xc894,A002_X126fc6d_Xc894,233.9006917600934,232.0725667600934,118,15625000.0,232.9006917600934,3.5264666080474854,"coarse (>5 MHz, continuum-mode -- weak technosignature constraint)"
HD_45184_B6_EB_Xc894,A002_X126fc6d_Xc894,244.0725667600934,245.9006917600934,118,15625000.0,245.8069417600934,3.9137051105499268,"coarse (>5 MHz, continuum-mode -- weak technosignature constraint)"
HD_45184_B6_EB_Xc894,A002_X126fc6d_Xc894,246.0725667600934,247.9006917600934,118,15625000.0,246.2913167600934,2.0820512771606445,"coarse (>5 MHz, continuum-mode -- weak technosignature constraint)"
HD_45184_B6_EB_Xc894,A002_X126fc6d_Xc894,231.3914222288434,229.6658362913434,1768,976562.5,230.1716956663434,4.62542200088501,fine (<1 MHz)
HD_45184_B6_EB_Xe05,A002_X1275eb2_Xe05,233.9009968900205,232.0728718900205,118,15625000.0,233.5572468900205,2.312662363052368,"coarse (>5 MHz, continuum-mode -- weak technosignature constraint)"
HD_45184_B6_EB_Xe05,A002_X1275eb2_Xe05,244.0728718900205,245.9009968900205,118,15625000.0,244.1509968900205,2.3710010051727295,"coarse (>5 MHz, continuum-mode -- weak technosignature constraint)"
HD_45184_B6_EB_Xe05,A002_X1275eb2_Xe05,246.0728718900205,247.9009968900205,118,15625000.0,246.6041218900205,2.834653854370117,"coarse (>5 MHz, continuum-mode -- weak technosignature constraint)"
HD_45184_B6_EB_Xe05,A002_X1275eb2_Xe05,231.3917273587705,229.6661414212705,1768,976562.5,229.8809851712705,4.244533538818359,fine (<1 MHz)
HD_45184_B6_EB_Xe9d,A002_X126c7ed_Xe9d,233.90072679274598,232.07260179274598,118,15625000.0,232.99447679274598,2.7238988876342773,"coarse (>5 MHz, continuum-mode -- weak technosignature constraint)"
HD_45184_B6_EB_Xe9d,A002_X126c7ed_Xe9d,244.07260179274598,245.90072679274598,118,15625000.0,245.02572679274598,2.820375919342041,"coarse (>5 MHz, continuum-mode -- weak technosignature constraint)"
HD_45184_B6_EB_Xe9d,A002_X126c7ed_Xe9d,246.07260179274598,247.90072679274598,118,15625000.0,247.65072679274598,3.5840091705322266,"coarse (>5 MHz, continuum-mode -- weak technosignature constraint)"
HD_45184_B6_EB_Xe9d,A002_X126c7ed_Xe9d,231.39145726149596,229.66587132399596,1768,976562.5,231.00962132399596,4.493000507354736,fine (<1 MHz)
HD_48370_B6,A002_Xc26103_X155a,230.5004432280057,230.9605262358182,3770,122070.3125,230.5116736967557,27.103065490722656,fine (<1 MHz)
HD_48370_B6,A002_Xc26103_X155a,232.62025258763117,234.35462758763117,112,15625000.0,233.16712758763117,2.7152316570281982,"coarse (>5 MHz, continuum-mode -- weak technosignature constraint)"
HD_48370_B6,A002_Xc26103_X155a,217.85551511880345,216.12114011880345,112,15625000.0,216.65239011880345,3.0998151302337646,"coarse (>5 MHz, continuum-mode -- weak technosignature constraint)"
HD_48370_B6,A002_Xc26103_X155a,220.40035959038266,218.56002755913266,3770,488281.25,220.03903146538266,4.616180896759033,fine (<1 MHz)
HD_48370_B6_EB_X155a,A002_Xc26103_X155a,230.5004432280057,230.9605262358182,3770,122070.3125,230.5116736967557,26.834230422973633,fine (<1 MHz)
HD_48370_B6_EB_X155a,A002_Xc26103_X155a,232.62025258763117,234.35462758763117,112,15625000.0,233.16712758763117,3.2296392917633057,"coarse (>5 MHz, continuum-mode -- weak technosignature constraint)"
HD_48370_B6_EB_X155a,A002_Xc26103_X155a,217.85551511880345,216.12114011880345,112,15625000.0,216.38676511880345,3.008345603942871,"coarse (>5 MHz, continuum-mode -- weak technosignature constraint)"
HD_48370_B6_EB_X155a,A002_Xc26103_X155a,220.40035959038266,218.56002755913266,3770,488281.25,220.03903146538266,4.42443323135376,fine (<1 MHz)
HD_48370_B8,A002_Xe64b7b_X1704c,491.6570819922673,492.5774921485173,1886,488281.25,491.9490741797673,5.05085563659668,fine (<1 MHz)
HD_48370_B8,A002_Xe64b7b_X1704c,493.2442401953923,495.0723651953923,118,15625000.0,494.8379901953923,2.8547768592834473,"coarse (>5 MHz, continuum-mode -- weak technosignature constraint)"
HD_48370_B8,A002_Xe64b7b_X1704c,481.0567440100896,479.2598690100896,116,15625000.0,480.7129940100896,2.8082351684570312,"coarse (>5 MHz, continuum-mode -- weak technosignature constraint)"
HD_48370_B8,A002_Xe64b7b_X1704c,483.0147440100896,481.2178690100896,116,15625000.0,482.9834940100896,2.1709203720092773,"coarse (>5 MHz, continuum-mode -- weak technosignature constraint)"
HD_48370_B8_EB_X1704c,A002_Xe64b7b_X1704c,491.6570819922673,492.5774921485173,1886,488281.25,491.9490741797673,4.69557523727417,fine (<1 MHz)
HD_48370_B8_EB_X1704c,A002_Xe64b7b_X1704c,493.2442401953923,495.0723651953923,118,15625000.0,494.8379901953923,2.7655937671661377,"coarse (>5 MHz, continuum-mode -- weak technosignature constraint)"
HD_48370_B8_EB_X1704c,A002_Xe64b7b_X1704c,481.0567440100896,479.2598690100896,116,15625000.0,480.7129940100896,2.7082369327545166,"coarse (>5 MHz, continuum-mode -- weak technosignature constraint)"
HD_48370_B8_EB_X1704c,A002_Xe64b7b_X1704c,483.0147440100896,481.2178690100896,116,15625000.0,482.7334940100896,2.1227195262908936,"coarse (>5 MHz, continuum-mode -- weak technosignature constraint)"
HD_48370_B8_EB_X269c,A002_Xf05a48_X269c,491.7009858762012,492.6213960324512,1886,488281.25,491.8435640012012,4.293215751647949,fine (<1 MHz)
HD_48370_B8_EB_X269c,A002_Xf05a48_X269c,493.2881440793262,495.1162690793262,118,15625000.0,494.6006440793262,2.7390942573547363,"coarse (>5 MHz, continuum-mode -- weak technosignature constraint)"
HD_48370_B8_EB_X269c,A002_Xf05a48_X269c,481.11627289402344,479.28814789402344,118,15625000.0,480.56939789402344,3.1845157146453857,"coarse (>5 MHz, continuum-mode -- weak technosignature constraint)"
HD_48370_B8_EB_X269c,A002_Xf05a48_X269c,483.07427289402347,481.24614789402347,118,15625000.0,481.35552289402347,2.9152214527130127,"coarse (>5 MHz, continuum-mode -- weak technosignature constraint)"
HD_48370_B8_EB_X5a6e,A002_Xeef629_X5a6e,491.68731236020164,492.60772251645164,1886,488281.25,492.18926548520164,4.7611985206604,fine (<1 MHz)
HD_48370_B8_EB_X5a6e,A002_Xeef629_X5a6e,493.29009556332664,495.08697056332664,116,15625000.0,494.00884556332664,3.3222756385803223,"coarse (>5 MHz, continuum-mode -- weak technosignature constraint)"
HD_48370_B8_EB_X5a6e,A002_Xeef629_X5a6e,481.0869743780239,479.2900993780239,116,15625000.0,480.1182243780239,2.5407462120056152,"coarse (>5 MHz, continuum-mode -- weak technosignature constraint)"
HD_48370_B8_EB_X5a6e,A002_Xeef629_X5a6e,483.04497437802394,481.24809937802394,116,15625000.0,481.77934937802394,3.48340106010437,"coarse (>5 MHz, continuum-mode -- weak technosignature constraint)"
HD_69830_B6,A002_Xcbb583_Xb78,242.1880305156456,243.9224055156456,112,15625000.0,242.9380305156456,2.2441470623016357,"coarse (>5 MHz, continuum-mode -- weak technosignature constraint)"
HD_69830_B6,A002_Xcbb583_Xb78,244.18766209129933,245.92203709129933,112,15625000.0,244.59391209129933,2.9323883056640625,"coarse (>5 MHz, continuum-mode -- weak technosignature constraint)"
HD_69830_B6,A002_Xcbb583_Xb78,228.02740567071868,226.30230801446868,3534,488281.25,226.46978848321868,4.415571212768555,fine (<1 MHz)
HD_69830_B6,A002_Xcbb583_Xb78,230.92016160217136,229.19506394592136,3534,488281.25,230.53490769592136,4.526652812957764,fine (<1 MHz)
HD_69830_B6_EB_Xd4,A002_Xcbc47c_Xd4,242.18799195666233,243.92236695666233,112,15625000.0,243.90674195666233,3.1088547706604004,"coarse (>5 MHz, continuum-mode -- weak technosignature constraint)"
HD_69830_B6_EB_Xd4,A002_Xcbc47c_Xd4,244.1876232150887,245.9219982150887,112,15625000.0,244.2657482150887,2.5320827960968018,"coarse (>5 MHz, continuum-mode -- weak technosignature constraint)"
HD_69830_B6_EB_Xd4,A002_Xcbc47c_Xd4,228.02736817841236,226.30227052216236,3534,488281.25,227.69777833466236,4.843837261199951,fine (<1 MHz)
HD_69830_B6_EB_Xd4,A002_Xcbc47c_Xd4,230.9201251051658,229.1950274489158,3534,488281.25,230.2834063551658,4.367758750915527,fine (<1 MHz)
HD_69830_B7,A002_X1207c39_X9417,321.27417199026667,321.16650597464167,442,244140.625,321.22534386526667,4.420316219329834,fine (<1 MHz)
HD_69830_B7,A002_X1207c39_X9417,332.58276574026667,334.41089074026667,118,15625000.0,333.66089074026667,2.190866231918335,"coarse (>5 MHz, continuum-mode -- weak technosignature constraint)"
HD_69830_B7,A002_X1207c39_X9417,321.27417199026667,321.16650597464167,442,244140.625,321.22534386526667,4.420316219329834,fine (<1 MHz)
HD_69830_B7,A002_X1207c39_X9417,322.51366613089164,322.40600011526664,442,244140.625,322.42846105276664,4.398681163787842,fine (<1 MHz)
HD_69830_B7,A002_X1207c39_X9417,335.3360921562823,335.4437581719073,442,244140.625,335.4247152031573,4.79901123046875,fine (<1 MHz)
HD_69830_B7_EB_X163ba,A002_X12209f7_X163ba,332.5765278415825,334.4046528415825,118,15625000.0,333.5609028415825,3.059502601623535,"coarse (>5 MHz, continuum-mode -- weak technosignature constraint)"
HD_69830_B7_EB_X163ba,A002_X12209f7_X163ba,321.26796460916063,321.16029859353563,442,244140.625,321.23476148416063,4.640118598937988,fine (<1 MHz)
HD_69830_B7_EB_X163ba,A002_X12209f7_X163ba,322.5073977146294,322.3997316990044,442,244140.625,322.4678469333794,4.484891891479492,fine (<1 MHz)
HD_69830_B7_EB_X163ba,A002_X12209f7_X163ba,335.329579599395,335.43724561502,442,244140.625,335.433095224395,4.012175559997559,fine (<1 MHz)
HD_69830_B7_EB_X16edb,A002_X12209f7_X16edb,332.5763285282966,334.4044535282966,118,15625000.0,334.4044535282966,2.8547914028167725,"coarse (>5 MHz, continuum-mode -- weak technosignature constraint)"
HD_69830_B7_EB_X16edb,A002_X12209f7_X16edb,321.2677652958747,321.1600992802497,442,244140.625,321.1686442021247,4.21952486038208,fine (<1 MHz)
HD_69830_B7_EB_X16edb,A002_X12209f7_X16edb,322.50719840134343,322.39953238571843,442,244140.625,322.43249137009343,5.259201526641846,fine (<1 MHz)
HD_69830_B7_EB_X16edb,A002_X12209f7_X16edb,335.3293802861091,335.4370463017341,442,244140.625,335.4150736454841,4.167470932006836,fine (<1 MHz)
HD_69830_B7_EB_X178c6,A002_X12277ed_X178c6,332.57378737683484,334.40191237683484,118,15625000.0,332.57378737683484,2.537864923477173,"coarse (>5 MHz, continuum-mode -- weak technosignature constraint)"
HD_69830_B7_EB_X178c6,A002_X12277ed_X178c6,321.26522414441297,321.15755812878797,442,244140.625,321.20052687878797,5.0459747314453125,fine (<1 MHz)
HD_69830_B7_EB_X178c6,A002_X12277ed_X178c6,322.5046572498817,322.3969912342567,442,244140.625,322.4970888905067,4.3073225021362305,fine (<1 MHz)
HD_69830_B7_EB_X178c6,A002_X12277ed_X178c6,335.32674758191297,335.43441359753797,442,244140.625,335.42464797253797,4.2503180503845215,fine (<1 MHz)
HD_69830_B7_EB_X7876,A002_X12235df_X7876,332.57606207643437,334.40418707643437,118,15625000.0,334.02918707643437,2.946390151977539,"coarse (>5 MHz, continuum-mode -- weak technosignature constraint)"
HD_69830_B7_EB_X7876,A002_X12235df_X7876,321.2674988440125,321.1598328283875,442,244140.625,321.1778992346375,4.4969482421875,fine (<1 MHz)
HD_69830_B7_EB_X7876,A002_X12235df_X7876,322.50693194948127,322.39926593385627,442,244140.625,322.40488116823127,4.677725791931152,fine (<1 MHz)
HD_69830_B7_EB_X7876,A002_X12235df_X7876,335.32911383424687,335.43677984987187,442,244140.625,335.39747320924687,4.779080867767334,fine (<1 MHz)
HD_69830_B7_EB_X8337,A002_X12235df_X8337,332.5758548561555,334.4039798561555,118,15625000.0,334.1227298561555,3.2443459033966064,"coarse (>5 MHz, continuum-mode -- weak technosignature constraint)"
HD_69830_B7_EB_X8337,A002_X12235df_X8337,321.2672916237336,321.1596256081086,442,244140.625,321.2389713112336,3.9668498039245605,fine (<1 MHz)
HD_69830_B7_EB_X8337,A002_X12235df_X8337,322.5067247292024,322.3990587135774,442,244140.625,322.4806016823274,4.716817378997803,fine (<1 MHz)
HD_69830_B7_EB_X8337,A002_X12235df_X8337,335.3288760963899,335.4365421120149,442,244140.625,335.3300967995149,4.301823616027832,fine (<1 MHz)
HD_89452_B6,A002_X1263402_X816f,233.901258393061,232.073133393061,118,15625000.0,232.448133393061,3.6188793182373047,"coarse (>5 MHz, continuum-mode -- weak technosignature constraint)"
HD_89452_B6,A002_X1263402_X816f,244.073133393061,245.901258393061,118,15625000.0,244.354383393061,2.7771518230438232,"coarse (>5 MHz, continuum-mode -- weak technosignature constraint)"
HD_89452_B6,A002_X1263402_X816f,246.073133393061,247.901258393061,118,15625000.0,246.698133393061,2.6001858711242676,"coarse (>5 MHz, continuum-mode -- weak technosignature constraint)"
HD_89452_B6,A002_X1263402_X816f,231.391988861811,229.666402924311,1768,976562.5,230.237691986811,4.792383670806885,fine (<1 MHz)
HD_89452_B6_EB_X1170,A002_X126787e_X1170,233.89990637288346,232.07178137288346,118,15625000.0,232.64990637288346,2.0935306549072266,"coarse (>5 MHz, continuum-mode -- weak technosignature constraint)"
HD_89452_B6_EB_X1170,A002_X126787e_X1170,244.07178137288346,245.89990637288346,118,15625000.0,245.44678137288346,2.3101582527160645,"coarse (>5 MHz, continuum-mode -- weak technosignature constraint)"
HD_89452_B6_EB_X1170,A002_X126787e_X1170,246.07178137288346,247.89990637288346,118,15625000.0,247.44678137288346,4.088959693908691,"coarse (>5 MHz, continuum-mode -- weak technosignature constraint)"
HD_89452_B6_EB_X1170,A002_X126787e_X1170,231.39063684163347,229.66505090413347,1768,976562.5,231.38868371663347,4.704841613769531,fine (<1 MHz)
HD_89452_B6_EB_X1c15,A002_X126787e_X1c15,233.89976151295556,232.07163651295556,118,15625000.0,233.66538651295556,2.4727377891540527,"coarse (>5 MHz, continuum-mode -- weak technosignature constraint)"
HD_89452_B6_EB_X1c15,A002_X126787e_X1c15,244.07163651295556,245.89976151295556,118,15625000.0,245.32163651295556,2.3691892623901367,"coarse (>5 MHz, continuum-mode -- weak technosignature constraint)"
HD_89452_B6_EB_X1c15,A002_X126787e_X1c15,246.07163651295556,247.89976151295556,118,15625000.0,247.36851151295556,2.2088546752929688,"coarse (>5 MHz, continuum-mode -- weak technosignature constraint)"
HD_89452_B6_EB_X1c15,A002_X126787e_X1c15,231.39049198170557,229.66490604420557,1768,976562.5,229.97545291920557,4.501714706420898,fine (<1 MHz)
HD_89452_B6_EB_X227e,A002_X126787e_X227e,233.8996339058626,232.0715089058626,118,15625000.0,232.2433839058626,3.739454507827759,"coarse (>5 MHz, continuum-mode -- weak technosignature constraint)"
HD_89452_B6_EB_X227e,A002_X126787e_X227e,244.0715089058626,245.8996339058626,118,15625000.0,245.3996339058626,2.6409473419189453,"coarse (>5 MHz, continuum-mode -- weak technosignature constraint)"
HD_89452_B6_EB_X227e,A002_X126787e_X227e,246.0715089058626,247.8996339058626,118,15625000.0,246.1340089058626,2.754288911819458,"coarse (>5 MHz, continuum-mode -- weak technosignature constraint)"
HD_89452_B6_EB_X227e,A002_X126787e_X227e,231.3903643746126,229.6647784371126,1768,976562.5,229.8552081246126,4.059845924377441,fine (<1 MHz)
HD_89452_B6_EB_X258b,A002_X1264cde_X258b,233.90092113667987,232.07279613667987,118,15625000.0,232.08842113667987,2.435727834701538,"coarse (>5 MHz, continuum-mode -- weak technosignature constraint)"
HD_89452_B6_EB_X258b,A002_X1264cde_X258b,244.07279613667987,245.90092113667987,118,15625000.0,244.26029613667987,3.305077075958252,"coarse (>5 MHz, continuum-mode -- weak technosignature constraint)"
HD_89452_B6_EB_X258b,A002_X1264cde_X258b,246.07279613667987,247.90092113667987,118,15625000.0,247.16654613667987,3.0894834995269775,"coarse (>5 MHz, continuum-mode -- weak technosignature constraint)"
HD_89452_B6_EB_X258b,A002_X1264cde_X258b,231.39165160542987,229.66606566792987,1768,976562.5,230.99712035542987,4.2043776512146,fine (<1 MHz)
HD_89452_B6_EB_X2d40,A002_X1264cde_X2d40,233.90078791410426,232.07266291410426,118,15625000.0,233.10391291410426,3.1191554069519043,"coarse (>5 MHz, continuum-mode -- weak technosignature constraint)"
HD_89452_B6_EB_X2d40,A002_X1264cde_X2d40,244.07266291410426,245.90078791410426,118,15625000.0,245.01016291410426,2.6941542625427246,"coarse (>5 MHz, continuum-mode -- weak technosignature constraint)"
HD_89452_B6_EB_X2d40,A002_X1264cde_X2d40,246.07266291410426,247.90078791410426,118,15625000.0,246.32266291410426,2.2446792125701904,"coarse (>5 MHz, continuum-mode -- weak technosignature constraint)"
HD_89452_B6_EB_X2d40,A002_X1264cde_X2d40,231.39151838285426,229.66593244535426,1768,976562.5,230.49015119535426,4.208362102508545,fine (<1 MHz)
HD_89452_B6_EB_X816f,A002_X1263402_X816f,233.901258393061,232.073133393061,118,15625000.0,232.448133393061,3.228050708770752,"coarse (>5 MHz, continuum-mode -- weak technosignature constraint)"
HD_89452_B6_EB_X816f,A002_X1263402_X816f,244.073133393061,245.901258393061,118,15625000.0,244.370008393061,2.831496477127075,"coarse (>5 MHz, continuum-mode -- weak technosignature constraint)"
HD_89452_B6_EB_X816f,A002_X1263402_X816f,246.073133393061,247.901258393061,118,15625000.0,246.698133393061,2.4997124671936035,"coarse (>5 MHz, continuum-mode -- weak technosignature constraint)"
HD_89452_B6_EB_X816f,A002_X1263402_X816f,231.391988861811,229.666402924311,1768,976562.5,231.234762299311,4.611091613769531,fine (<1 MHz)
HD_89452_B6_EB_X856c,A002_X1263402_X856c,233.9011319500891,232.0730069500891,118,15625000.0,232.7917569500891,3.8767683506011963,"coarse (>5 MHz, continuum-mode -- weak technosignature constraint)"
HD_89452_B6_EB_X856c,A002_X1263402_X856c,244.0730069500891,245.9011319500891,118,15625000.0,245.2917569500891,3.2742931842803955,"coarse (>5 MHz, continuum-mode -- weak technosignature constraint)"
HD_89452_B6_EB_X856c,A002_X1263402_X856c,246.0730069500891,247.9011319500891,118,15625000.0,247.2136319500891,2.4942269325256348,"coarse (>5 MHz, continuum-mode -- weak technosignature constraint)"
HD_89452_B6_EB_X856c,A002_X1263402_X856c,231.3918624188391,229.6662764813391,1768,976562.5,229.8567061688391,4.673546314239502,fine (<1 MHz)
HD_89452_B6_EB_Xab7,A002_X12694b3_Xab7,233.89899998758014,232.07087498758014,118,15625000.0,232.43024998758014,2.44953989982605,"coarse (>5 MHz, continuum-mode -- weak technosignature constraint)"
HD_89452_B6_EB_Xab7,A002_X12694b3_Xab7,244.07087498758014,245.89899998758014,118,15625000.0,245.21149998758014,3.075482130050659,"coarse (>5 MHz, continuum-mode -- weak technosignature constraint)"
HD_89452_B6_EB_Xab7,A002_X12694b3_Xab7,246.07087498758014,247.89899998758014,118,15625000.0,247.08649998758014,2.869717597961426,"coarse (>5 MHz, continuum-mode -- weak technosignature constraint)"
HD_89452_B6_EB_Xab7,A002_X12694b3_Xab7,231.38973045633014,229.66414451883014,1768,976562.5,230.86433983133014,3.9343111515045166,fine (<1 MHz)
HD__33793_B6,A002_Xc8b2b0_X9c35,224.91406440734863,223.08593940734863,118,15625000.0,223.41406440734863,2.264519214630127,"coarse (>5 MHz, continuum-mode -- weak technosignature constraint)"
HD__33793_B6_EB_X12e7,A002_Xcc3ae3_X12e7,224.91406440734863,223.08593940734863,118,15625000.0,223.66406440734863,2.576385736465454,"coarse (>5 MHz, continuum-mode -- weak technosignature constraint)"
HD__33793_B6_EB_X12e7,A002_Xcc3ae3_X12e7,226.91406440734863,225.08593940734863,118,15625000.0,226.25781440734863,2.8927133083343506,"coarse (>5 MHz, continuum-mode -- weak technosignature constraint)"
HD__33793_B6_EB_X12e7,A002_Xcc3ae3_X12e7,239.08593559285134,240.91406059285134,118,15625000.0,239.08593559285134,2.5195600986480713,"coarse (>5 MHz, continuum-mode -- weak technosignature constraint)"
HD__33793_B6_EB_X12e7,A002_Xcc3ae3_X12e7,241.0859355926514,242.9140605926514,118,15625000.0,241.9765605926514,2.3827476501464844,"coarse (>5 MHz, continuum-mode -- weak technosignature constraint)"
HD__33793_B6_EB_X164e,A002_Xc96463_X164e,224.91406440734863,223.08593940734863,118,15625000.0,223.94531440734863,2.4064059257507324,"coarse (>5 MHz, continuum-mode -- weak technosignature constraint)"
HD__33793_B6_EB_X164e,A002_Xc96463_X164e,226.91406440734863,225.08593940734863,118,15625000.0,225.60156440734863,2.9319205284118652,"coarse (>5 MHz, continuum-mode -- weak technosignature constraint)"
HD__33793_B6_EB_X164e,A002_Xc96463_X164e,239.08593559285134,240.91406059285134,118,15625000.0,239.57031059285134,1.864194631576538,"coarse (>5 MHz, continuum-mode -- weak technosignature constraint)"
HD__33793_B6_EB_X164e,A002_Xc96463_X164e,241.0859355926514,242.9140605926514,118,15625000.0,242.6953105926514,3.051055431365967,"coarse (>5 MHz, continuum-mode -- weak technosignature constraint)"
HD__33793_B6_EB_X1d7a,A002_Xc96463_X1d7a,224.91406440734863,223.08593940734863,118,15625000.0,224.55468940734863,2.132002592086792,"coarse (>5 MHz, continuum-mode -- weak technosignature constraint)"
HD__33793_B6_EB_X1d7a,A002_Xc96463_X1d7a,226.91406440734863,225.08593940734863,118,15625000.0,225.22656440734863,2.2776763439178467,"coarse (>5 MHz, continuum-mode -- weak technosignature constraint)"
HD__33793_B6_EB_X1d7a,A002_Xc96463_X1d7a,239.08593559285134,240.91406059285134,118,15625000.0,239.14843559285134,3.241567611694336,"coarse (>5 MHz, continuum-mode -- weak technosignature constraint)"
HD__33793_B6_EB_X1d7a,A002_Xc96463_X1d7a,241.0859355926514,242.9140605926514,118,15625000.0,242.2734355926514,2.4861972332000732,"coarse (>5 MHz, continuum-mode -- weak technosignature constraint)"
HD__33793_B6_EB_X255d,A002_Xc92fe3_X255d,224.91406440734863,223.08593940734863,118,15625000.0,224.80468940734863,3.279557228088379,"coarse (>5 MHz, continuum-mode -- weak technosignature constraint)"
HD__33793_B6_EB_X255d,A002_Xc92fe3_X255d,226.91406440734863,225.08593940734863,118,15625000.0,225.99218940734863,2.1444764137268066,"coarse (>5 MHz, continuum-mode -- weak technosignature constraint)"
HD__33793_B6_EB_X255d,A002_Xc92fe3_X255d,239.08593559285134,240.91406059285134,118,15625000.0,239.19531059285134,3.6501474380493164,"coarse (>5 MHz, continuum-mode -- weak technosignature constraint)"
HD__33793_B6_EB_X255d,A002_Xc92fe3_X255d,241.0859355926514,242.9140605926514,118,15625000.0,241.5546855926514,2.8936269283294678,"coarse (>5 MHz, continuum-mode -- weak technosignature constraint)"
HD__33793_B6_EB_X281c,A002_Xc96463_X281c,224.91406440734863,223.08593940734863,118,15625000.0,224.46093940734863,2.492889881134033,"coarse (>5 MHz, continuum-mode -- weak technosignature constraint)"
HD__33793_B6_EB_X281c,A002_Xc96463_X281c,226.91406440734863,225.08593940734863,118,15625000.0,226.63281440734863,1.5307717323303223,"coarse (>5 MHz, continuum-mode -- weak technosignature constraint)"
HD__33793_B6_EB_X281c,A002_Xc96463_X281c,239.08593559285134,240.91406059285134,118,15625000.0,239.44531059285134,3.0592265129089355,"coarse (>5 MHz, continuum-mode -- weak technosignature constraint)"
HD__33793_B6_EB_X281c,A002_Xc96463_X281c,241.0859355926514,242.9140605926514,118,15625000.0,241.7265605926514,2.5659382343292236,"coarse (>5 MHz, continuum-mode -- weak technosignature constraint)"
HD__33793_B6_EB_X2cc,A002_Xc99ad7_X2cc,224.91406440734863,223.08593940734863,118,15625000.0,224.77343940734863,2.8814847469329834,"coarse (>5 MHz, continuum-mode -- weak technosignature constraint)"
HD__33793_B6_EB_X2cc,A002_Xc99ad7_X2cc,226.91406440734863,225.08593940734863,118,15625000.0,225.50781440734863,2.7506511211395264,"coarse (>5 MHz, continuum-mode -- weak technosignature constraint)"
HD__33793_B6_EB_X2cc,A002_Xc99ad7_X2cc,239.08593559285134,240.91406059285134,118,15625000.0,239.77343559285134,2.4612326622009277,"coarse (>5 MHz, continuum-mode -- weak technosignature constraint)"
HD__33793_B6_EB_X2cc,A002_Xc99ad7_X2cc,241.0859355926514,242.9140605926514,118,15625000.0,242.2578105926514,2.828873634338379,"coarse (>5 MHz, continuum-mode -- weak technosignature constraint)"
HD__33793_B6_EB_X2e1a,A002_Xd20b17_X2e1a,224.91406440734863,223.08593940734863,118,15625000.0,224.32031440734863,3.293189287185669,"coarse (>5 MHz, continuum-mode -- weak technosignature constraint)"
HD__33793_B6_EB_X2e1a,A002_Xd20b17_X2e1a,226.91406440734863,225.08593940734863,118,15625000.0,225.71093940734863,1.7657824754714966,"coarse (>5 MHz, continuum-mode -- weak technosignature constraint)"
HD__33793_B6_EB_X2e1a,A002_Xd20b17_X2e1a,239.08593559285134,240.91406059285134,118,15625000.0,239.27343559285134,2.521324872970581,"coarse (>5 MHz, continuum-mode -- weak technosignature constraint)"
HD__33793_B6_EB_X2e1a,A002_Xd20b17_X2e1a,241.0859355926514,242.9140605926514,118,15625000.0,241.3515605926514,3.0685060024261475,"coarse (>5 MHz, continuum-mode -- weak technosignature constraint)"
HD__33793_B6_EB_X445c,A002_Xd29c1f_X445c,224.91406440734863,223.08593940734863,118,15625000.0,223.57031440734863,3.1883795261383057,"coarse (>5 MHz, continuum-mode -- weak technosignature constraint)"
HD__33793_B6_EB_X445c,A002_Xd29c1f_X445c,226.91406440734863,225.08593940734863,118,15625000.0,226.11718940734863,3.8308935165405273,"coarse (>5 MHz, continuum-mode -- weak technosignature constraint)"
HD__33793_B6_EB_X445c,A002_Xd29c1f_X445c,239.08593559285134,240.91406059285134,118,15625000.0,239.52343559285134,2.1059980392456055,"coarse (>5 MHz, continuum-mode -- weak technosignature constraint)"
HD__33793_B6_EB_X445c,A002_Xd29c1f_X445c,241.0859355926514,242.9140605926514,118,15625000.0,242.3828105926514,3.119410991668701,"coarse (>5 MHz, continuum-mode -- weak technosignature constraint)"
HD__33793_B6_EB_X53b2,A002_Xd1f23d_X53b2,224.91406440734863,223.08593940734863,118,15625000.0,224.14843940734863,2.5232417583465576,"coarse (>5 MHz, continuum-mode -- weak technosignature constraint)"
HD__33793_B6_EB_X53b2,A002_Xd1f23d_X53b2,226.91406440734863,225.08593940734863,118,15625000.0,225.14843940734863,3.491633653640747,"coarse (>5 MHz, continuum-mode -- weak technosignature constraint)"
HD__33793_B6_EB_X53b2,A002_Xd1f23d_X53b2,239.08593559285134,240.91406059285134,118,15625000.0,240.85156059285134,2.4725098609924316,"coarse (>5 MHz, continuum-mode -- weak technosignature constraint)"
HD__33793_B6_EB_X53b2,A002_Xd1f23d_X53b2,241.0859355926514,242.9140605926514,118,15625000.0,242.0234355926514,2.798985004425049,"coarse (>5 MHz, continuum-mode -- weak technosignature constraint)"
HD__33793_B6_EB_X5deb,A002_Xd12f5c_X5deb,224.91406440734863,223.08593940734863,118,15625000.0,224.42968940734863,2.5311496257781982,"coarse (>5 MHz, continuum-mode -- weak technosignature constraint)"
HD__33793_B6_EB_X5deb,A002_Xd12f5c_X5deb,226.91406440734863,225.08593940734863,118,15625000.0,225.85156440734863,2.840291738510132,"coarse (>5 MHz, continuum-mode -- weak technosignature constraint)"
HD__33793_B6_EB_X5deb,A002_Xd12f5c_X5deb,239.08593559285134,240.91406059285134,118,15625000.0,239.47656059285134,1.9841409921646118,"coarse (>5 MHz, continuum-mode -- weak technosignature constraint)"
HD__33793_B6_EB_X5deb,A002_Xd12f5c_X5deb,241.0859355926514,242.9140605926514,118,15625000.0,242.6640605926514,2.620224714279175,"coarse (>5 MHz, continuum-mode -- weak technosignature constraint)"
HD__33793_B6_EB_X67e,A002_Xc9c531_X67e,224.91406440734863,223.08593940734863,118,15625000.0,223.69531440734863,3.0873849391937256,"coarse (>5 MHz, continuum-mode -- weak technosignature constraint)"
HD__33793_B6_EB_X67e,A002_Xc9c531_X67e,226.91406440734863,225.08593940734863,118,15625000.0,225.86718940734863,2.9171080589294434,"coarse (>5 MHz, continuum-mode -- weak technosignature constraint)"
HD__33793_B6_EB_X67e,A002_Xc9c531_X67e,239.08593559285134,240.91406059285134,118,15625000.0,239.75781059285134,2.8490495681762695,"coarse (>5 MHz, continuum-mode -- weak technosignature constraint)"
HD__33793_B6_EB_X67e,A002_Xc9c531_X67e,241.0859355926514,242.9140605926514,118,15625000.0,242.6953105926514,2.2977263927459717,"coarse (>5 MHz, continuum-mode -- weak technosignature constraint)"
HD__33793_B6_EB_X733b,A002_Xccb526_X733b,224.91406440734863,223.08593940734863,118,15625000.0,223.47656440734863,2.626117467880249,"coarse (>5 MHz, continuum-mode -- weak technosignature constraint)"
HD__33793_B6_EB_X733b,A002_Xccb526_X733b,226.91406440734863,225.08593940734863,118,15625000.0,225.85156440734863,2.490882158279419,"coarse (>5 MHz, continuum-mode -- weak technosignature constraint)"
HD__33793_B6_EB_X733b,A002_Xccb526_X733b,239.08593559285134,240.91406059285134,118,15625000.0,240.66406059285134,3.239873170852661,"coarse (>5 MHz, continuum-mode -- weak technosignature constraint)"
HD__33793_B6_EB_X733b,A002_Xccb526_X733b,241.0859355926514,242.9140605926514,118,15625000.0,241.0859355926514,2.576240301132202,"coarse (>5 MHz, continuum-mode -- weak technosignature constraint)"
HD__33793_B6_EB_X9313,A002_Xc92fe3_X9313,224.91406440734863,223.08593940734863,118,15625000.0,224.30468940734863,3.2946043014526367,"coarse (>5 MHz, continuum-mode -- weak technosignature constraint)"
HD__33793_B6_EB_X9313,A002_Xc92fe3_X9313,226.91406440734863,225.08593940734863,118,15625000.0,226.07031440734863,3.3578546047210693,"coarse (>5 MHz, continuum-mode -- weak technosignature constraint)"
HD__33793_B6_EB_X9313,A002_Xc92fe3_X9313,239.08593559285134,240.91406059285134,118,15625000.0,239.42968559285134,3.2089641094207764,"coarse (>5 MHz, continuum-mode -- weak technosignature constraint)"
HD__33793_B6_EB_X9313,A002_Xc92fe3_X9313,241.0859355926514,242.9140605926514,118,15625000.0,242.7109355926514,2.2142043113708496,"coarse (>5 MHz, continuum-mode -- weak technosignature constraint)"
HD__33793_B6_EB_X9c35,A002_Xc8b2b0_X9c35,224.91406440734863,223.08593940734863,118,15625000.0,223.41406440734863,2.0668129920959473,"coarse (>5 MHz, continuum-mode -- weak technosignature constraint)"
HD__33793_B6_EB_X9c35,A002_Xc8b2b0_X9c35,226.91406440734863,225.08593940734863,118,15625000.0,226.83593940734863,2.498556137084961,"coarse (>5 MHz, continuum-mode -- weak technosignature constraint)"
HD__33793_B6_EB_X9c35,A002_Xc8b2b0_X9c35,239.08593559285134,240.91406059285134,118,15625000.0,239.46093559285134,1.7046000957489014,"coarse (>5 MHz, continuum-mode -- weak technosignature constraint)"
HD__33793_B6_EB_X9c35,A002_Xc8b2b0_X9c35,241.0859355926514,242.9140605926514,118,15625000.0,242.3046855926514,2.518019676208496,"coarse (>5 MHz, continuum-mode -- weak technosignature constraint)"
HD__33793_B6_EB_Xa1eb,A002_Xc92fe3_Xa1eb,224.91406440734863,223.08593940734863,118,15625000.0,223.75781440734863,4.14267635345459,"coarse (>5 MHz, continuum-mode -- weak technosignature constraint)"
HD__33793_B6_EB_Xa1eb,A002_Xc92fe3_Xa1eb,226.91406440734863,225.08593940734863,118,15625000.0,226.05468940734863,2.6049978733062744,"coarse (>5 MHz, continuum-mode -- weak technosignature constraint)"
HD__33793_B6_EB_Xa1eb,A002_Xc92fe3_Xa1eb,239.08593559285134,240.91406059285134,118,15625000.0,239.46093559285134,3.777535915374756,"coarse (>5 MHz, continuum-mode -- weak technosignature constraint)"
HD__33793_B6_EB_Xa1eb,A002_Xc92fe3_Xa1eb,241.0859355926514,242.9140605926514,118,15625000.0,241.5703105926514,3.261151075363159,"coarse (>5 MHz, continuum-mode -- weak technosignature constraint)"
HD__33793_B6_EB_Xa4bc,A002_Xc94c38_Xa4bc,224.91406440734863,223.08593940734863,118,15625000.0,224.32031440734863,2.2836177349090576,"coarse (>5 MHz, continuum-mode -- weak technosignature constraint)"
HD__33793_B6_EB_Xa4bc,A002_Xc94c38_Xa4bc,226.91406440734863,225.08593940734863,118,15625000.0,226.69531440734863,3.1053011417388916,"coarse (>5 MHz, continuum-mode -- weak technosignature constraint)"
HD__33793_B6_EB_Xa4bc,A002_Xc94c38_Xa4bc,239.08593559285134,240.91406059285134,118,15625000.0,239.42968559285134,2.2367990016937256,"coarse (>5 MHz, continuum-mode -- weak technosignature constraint)"
HD__33793_B6_EB_Xa4bc,A002_Xc94c38_Xa4bc,241.0859355926514,242.9140605926514,118,15625000.0,241.3828105926514,2.3623251914978027,"coarse (>5 MHz, continuum-mode -- weak technosignature constraint)"
HD__33793_B6_EB_Xaae,A002_Xc94c38_Xaae,224.91406440734863,223.08593940734863,118,15625000.0,223.44531440734863,2.466939687728882,"coarse (>5 MHz, continuum-mode -- weak technosignature constraint)"
HD__33793_B6_EB_Xaae,A002_Xc94c38_Xaae,226.91406440734863,225.08593940734863,118,15625000.0,226.14843940734863,2.604423999786377,"coarse (>5 MHz, continuum-mode -- weak technosignature constraint)"
HD__33793_B6_EB_Xaae,A002_Xc94c38_Xaae,239.08593559285134,240.91406059285134,118,15625000.0,240.49218559285134,2.9722068309783936,"coarse (>5 MHz, continuum-mode -- weak technosignature constraint)"
HD__33793_B6_EB_Xaae,A002_Xc94c38_Xaae,241.0859355926514,242.9140605926514,118,15625000.0,241.7109355926514,2.6765520572662354,"coarse (>5 MHz, continuum-mode -- weak technosignature constraint)"
HD__33793_B6_EB_Xad7a,A002_Xc94c38_Xad7a,224.91406440734863,223.08593940734863,118,15625000.0,224.74218940734863,2.404284715652466,"coarse (>5 MHz, continuum-mode -- weak technosignature constraint)"
HD__33793_B6_EB_Xad7a,A002_Xc94c38_Xad7a,226.91406440734863,225.08593940734863,118,15625000.0,226.83593940734863,3.7676501274108887,"coarse (>5 MHz, continuum-mode -- weak technosignature constraint)"
HD__33793_B6_EB_Xad7a,A002_Xc94c38_Xad7a,239.08593559285134,240.91406059285134,118,15625000.0,240.10156059285134,2.5636513233184814,"coarse (>5 MHz, continuum-mode -- weak technosignature constraint)"
HD__33793_B6_EB_Xad7a,A002_Xc94c38_Xad7a,241.0859355926514,242.9140605926514,118,15625000.0,242.3828105926514,3.7066664695739746,"coarse (>5 MHz, continuum-mode -- weak technosignature constraint)"
HD__33793_B6_EB_Xb92f,A002_Xd28a9e_Xb92f,224.91406440734863,223.08593940734863,118,15625000.0,223.16406440734863,2.8488245010375977,"coarse (>5 MHz, continuum-mode -- weak technosignature constraint)"
HD__33793_B6_EB_Xb92f,A002_Xd28a9e_Xb92f,226.91406440734863,225.08593940734863,118,15625000.0,226.47656440734863,3.545544147491455,"coarse (>5 MHz, continuum-mode -- weak technosignature constraint)"
HD__33793_B6_EB_Xb92f,A002_Xd28a9e_Xb92f,239.08593559285134,240.91406059285134,118,15625000.0,240.21093559285134,3.5648834705352783,"coarse (>5 MHz, continuum-mode -- weak technosignature constraint)"
HD__33793_B6_EB_Xb92f,A002_Xd28a9e_Xb92f,241.0859355926514,242.9140605926514,118,15625000.0,242.6953105926514,2.9947397708892822,"coarse (>5 MHz, continuum-mode -- weak technosignature constraint)"
HD__33793_B6_EB_Xbb59,A002_Xd28a9e_Xbb59,224.91406440734863,223.08593940734863,118,15625000.0,224.41406440734863,2.9617741107940674,"coarse (>5 MHz, continuum-mode -- weak technosignature constraint)"
HD__33793_B6_EB_Xbb59,A002_Xd28a9e_Xbb59,226.91406440734863,225.08593940734863,118,15625000.0,225.22656440734863,2.2926735877990723,"coarse (>5 MHz, continuum-mode -- weak technosignature constraint)"
HD__33793_B6_EB_Xbb59,A002_Xd28a9e_Xbb59,239.08593559285134,240.91406059285134,118,15625000.0,240.17968559285134,2.6469380855560303,"coarse (>5 MHz, continuum-mode -- weak technosignature constraint)"
HD__33793_B6_EB_Xbb59,A002_Xd28a9e_Xbb59,241.0859355926514,242.9140605926514,118,15625000.0,242.3671855926514,2.3646738529205322,"coarse (>5 MHz, continuum-mode -- weak technosignature constraint)"
HD__33793_B6_EB_Xbd84,A002_Xd28a9e_Xbd84,224.91406440734863,223.08593940734863,118,15625000.0,224.86718940734863,2.5317442417144775,"coarse (>5 MHz, continuum-mode -- weak technosignature constraint)"
HD__33793_B6_EB_Xbd84,A002_Xd28a9e_Xbd84,226.91406440734863,225.08593940734863,118,15625000.0,225.91406440734863,2.70501446723938,"coarse (>5 MHz, continuum-mode -- weak technosignature constraint)"
HD__33793_B6_EB_Xbd84,A002_Xd28a9e_Xbd84,239.08593559285134,240.91406059285134,118,15625000.0,239.78906059285134,1.9760863780975342,"coarse (>5 MHz, continuum-mode -- weak technosignature constraint)"
HD__33793_B6_EB_Xbd84,A002_Xd28a9e_Xbd84,241.0859355926514,242.9140605926514,118,15625000.0,241.3984355926514,2.640151262283325,"coarse (>5 MHz, continuum-mode -- weak technosignature constraint)"
HD__33793_B6_EB_Xcea0,A002_Xcc3ae3_Xcea0,224.91406440734863,223.08593940734863,118,15625000.0,224.00781440734863,3.1581363677978516,"coarse (>5 MHz, continuum-mode -- weak technosignature constraint)"
HD__33793_B6_EB_Xcea0,A002_Xcc3ae3_Xcea0,226.91406440734863,225.08593940734863,118,15625000.0,225.69531440734863,2.592766046524048,"coarse (>5 MHz, continuum-mode -- weak technosignature constraint)"
HD__33793_B6_EB_Xcea0,A002_Xcc3ae3_Xcea0,239.08593559285134,240.91406059285134,118,15625000.0,239.92968559285134,2.118499755859375,"coarse (>5 MHz, continuum-mode -- weak technosignature constraint)"
HD__33793_B6_EB_Xcea0,A002_Xcc3ae3_Xcea0,241.0859355926514,242.9140605926514,118,15625000.0,242.4765605926514,2.674088716506958,"coarse (>5 MHz, continuum-mode -- weak technosignature constraint)"
HD__33793_B6_EB_Xe20,A002_Xc99ad7_Xe20,224.91406440734863,223.08593940734863,118,15625000.0,224.63281440734863,2.655315637588501,"coarse (>5 MHz, continuum-mode -- weak technosignature constraint)"
HD__33793_B6_EB_Xe20,A002_Xc99ad7_Xe20,226.91406440734863,225.08593940734863,118,15625000.0,226.64843940734863,3.6431825160980225,"coarse (>5 MHz, continuum-mode -- weak technosignature constraint)"
HD__33793_B6_EB_Xe20,A002_Xc99ad7_Xe20,239.08593559285134,240.91406059285134,118,15625000.0,240.63281059285134,2.971435785293579,"coarse (>5 MHz, continuum-mode -- weak technosignature constraint)"
HD__33793_B6_EB_Xe20,A002_Xc99ad7_Xe20,241.0859355926514,242.9140605926514,118,15625000.0,242.5703105926514,2.2850449085235596,"coarse (>5 MHz, continuum-mode -- weak technosignature constraint)"
HD__33793_B6_EB_Xe79,A002_Xc9831a_Xe79,224.91406440734863,223.08593940734863,118,15625000.0,224.36718940734863,2.540013313293457,"coarse (>5 MHz, continuum-mode -- weak technosignature constraint)"
HD__33793_B6_EB_Xe79,A002_Xc9831a_Xe79,226.91406440734863,225.08593940734863,118,15625000.0,225.13281440734863,2.4706871509552,"coarse (>5 MHz, continuum-mode -- weak technosignature constraint)"
HD__33793_B6_EB_Xe79,A002_Xc9831a_Xe79,239.08593559285134,240.91406059285134,118,15625000.0,239.96093559285134,3.1373775005340576,"coarse (>5 MHz, continuum-mode -- weak technosignature constraint)"
HD__33793_B6_EB_Xe79,A002_Xc9831a_Xe79,241.0859355926514,242.9140605926514,118,15625000.0,242.8671855926514,3.2921175956726074,"coarse (>5 MHz, continuum-mode -- weak technosignature constraint)"
HD__33793_B6_EB_Xf04b,A002_Xd1c06f_Xf04b,224.91406440734863,223.08593940734863,118,15625000.0,224.85156440734863,3.4985926151275635,"coarse (>5 MHz, continuum-mode -- weak technosignature constraint)"
HD__33793_B6_EB_Xf04b,A002_Xd1c06f_Xf04b,226.91406440734863,225.08593940734863,118,15625000.0,225.83593940734863,2.884864091873169,"coarse (>5 MHz, continuum-mode -- weak technosignature constraint)"
HD__33793_B6_EB_Xf04b,A002_Xd1c06f_Xf04b,239.08593559285134,240.91406059285134,118,15625000.0,239.80468559285134,2.7032196521759033,"coarse (>5 MHz, continuum-mode -- weak technosignature constraint)"
HD__33793_B6_EB_Xf04b,A002_Xd1c06f_Xf04b,241.0859355926514,242.9140605926514,118,15625000.0,241.7421855926514,2.0784313678741455,"coarse (>5 MHz, continuum-mode -- weak technosignature constraint)"
HD__33793_B6_EB_Xf769,A002_Xd1c06f_Xf769,224.91406440734863,223.08593940734863,118,15625000.0,224.91406440734863,2.3945541381835938,"coarse (>5 MHz, continuum-mode -- weak technosignature constraint)"
HD__33793_B6_EB_Xf769,A002_Xd1c06f_Xf769,226.91406440734863,225.08593940734863,118,15625000.0,225.85156440734863,3.2829973697662354,"coarse (>5 MHz, continuum-mode -- weak technosignature constraint)"
HD__33793_B6_EB_Xf769,A002_Xd1c06f_Xf769,239.08593559285134,240.91406059285134,118,15625000.0,240.13281059285134,3.7327544689178467,"coarse (>5 MHz, continuum-mode -- weak technosignature constraint)"
HD__33793_B6_EB_Xf769,A002_Xd1c06f_Xf769,241.0859355926514,242.9140605926514,118,15625000.0,241.2578105926514,3.0421295166015625,"coarse (>5 MHz, continuum-mode -- weak technosignature constraint)"
HIP10679_B6,A002_Xa95c04_X14cd,230.52650297477106,230.58041227652888,3534,15258.7890625,230.5301956017242,4.9779839515686035,fine (<1 MHz)
HIP10679_B6,A002_Xa95c04_X14cd,232.13636137483607,233.87073637483607,112,15625000.0,233.85511137483607,1.9444305896759033,"coarse (>5 MHz, continuum-mode -- weak technosignature constraint)"
HIP10679_B6,A002_Xa95c04_X14cd,219.3574616461652,217.6230866461652,112,15625000.0,218.7793366461652,2.6161434650421143,"coarse (>5 MHz, continuum-mode -- weak technosignature constraint)"
HIP10679_B6,A002_Xa95c04_X14cd,220.44042344758998,220.38651414583217,3534,15258.7890625,220.41851182649623,5.456114292144775,fine (<1 MHz)
HIP10679_B6_EB_X14cd,A002_Xa95c04_X14cd,230.52650297477106,230.58041227652888,3534,15258.7890625,230.5301956017242,4.977983474731445,fine (<1 MHz)
HIP10679_B6_EB_X14cd,A002_Xa95c04_X14cd,232.13636137483607,233.87073637483607,112,15625000.0,233.85511137483607,1.9444313049316406,"coarse (>5 MHz, continuum-mode -- weak technosignature constraint)"
HIP10679_B6_EB_X14cd,A002_Xa95c04_X14cd,219.3574616461652,217.6230866461652,112,15625000.0,218.7793366461652,2.6161417961120605,"coarse (>5 MHz, continuum-mode -- weak technosignature constraint)"
HIP10679_B6_EB_X14cd,A002_Xa95c04_X14cd,220.44042344758998,220.38651414583217,3534,15258.7890625,220.41851182649623,5.456114768981934,fine (<1 MHz)
HIP_490_B6,A002_X74c92c_X6d5,230.09676811321992,230.95931694134492,3534,244140.625,230.52474662884492,4.816208839416504,fine (<1 MHz)
HIP_490_B6,A002_X74c92c_X6d5,227.11354005849321,228.84791505849321,112,15625000.0,228.59791505849321,2.7400965690612793,"coarse (>5 MHz, continuum-mode -- weak technosignature constraint)"
HIP_490_B6,A002_X74c92c_X6d5,215.84901392557782,214.11463892557782,112,15625000.0,214.34901392557782,2.5974690914154053,"coarse (>5 MHz, continuum-mode -- weak technosignature constraint)"
HIP_490_B6,A002_X74c92c_X6d5,213.84918298208316,212.11480798208316,112,15625000.0,213.80230798208316,2.5360500812530518,"coarse (>5 MHz, continuum-mode -- weak technosignature constraint)"
HIP_490_B6_EB_X6d5,A002_X74c92c_X6d5,230.09676811321992,230.95931694134492,3534,244140.625,230.52474662884492,4.816208839416504,fine (<1 MHz)
HIP_490_B6_EB_X6d5,A002_X74c92c_X6d5,227.11354005849321,228.84791505849321,112,15625000.0,228.59791505849321,2.7400968074798584,"coarse (>5 MHz, continuum-mode -- weak technosignature constraint)"
HIP_490_B6_EB_X6d5,A002_X74c92c_X6d5,215.84901392557782,214.11463892557782,112,15625000.0,214.34901392557782,2.597468376159668,"coarse (>5 MHz, continuum-mode -- weak technosignature constraint)"
HIP_490_B6_EB_X6d5,A002_X74c92c_X6d5,213.84918298208316,212.11480798208316,112,15625000.0,213.80230798208316,2.5360496044158936,"coarse (>5 MHz, continuum-mode -- weak technosignature constraint)"
HN_Lib_B6,A002_Xdc621b_X2bb0,213.90866588282935,212.08054088282935,118,15625000.0,213.64304088282935,2.0770680904388428,"coarse (>5 MHz, continuum-mode -- weak technosignature constraint)"
HN_Lib_B6,A002_Xdc621b_X2bb0,215.90861519247704,214.08049019247704,118,15625000.0,215.70549019247704,2.26057767868042,"coarse (>5 MHz, continuum-mode -- weak technosignature constraint)"
HN_Lib_B6,A002_Xdc621b_X2bb0,227.08012163415984,228.90824663415984,118,15625000.0,228.45512163415984,3.1661479473114014,"coarse (>5 MHz, continuum-mode -- weak technosignature constraint)"
HN_Lib_B6,A002_Xdc621b_X2bb0,229.07400268451264,230.91433471576264,3770,488281.25,229.67800659076264,4.588958263397217,fine (<1 MHz)
HN_Lib_B6_EB_X226,A002_Xdc946c_X226,213.90748920498712,212.07936420498712,118,15625000.0,213.84498920498712,3.452336549758911,"coarse (>5 MHz, continuum-mode -- weak technosignature constraint)"
HN_Lib_B6_EB_X226,A002_Xdc946c_X226,215.9074274660166,214.0793024660166,118,15625000.0,214.5011774660166,2.9883973598480225,"coarse (>5 MHz, continuum-mode -- weak technosignature constraint)"
HN_Lib_B6_EB_X226,A002_Xdc946c_X226,227.07889734811093,228.90702234811093,118,15625000.0,227.32889734811093,2.773611307144165,"coarse (>5 MHz, continuum-mode -- weak technosignature constraint)"
HN_Lib_B6_EB_X226,A002_Xdc946c_X226,229.07273209341537,230.91306412466537,3770,488281.25,229.47019303091537,4.674890518188477,fine (<1 MHz)
HN_Lib_B6_EB_X2bb0,A002_Xdc621b_X2bb0,213.90866588282935,212.08054088282935,118,15625000.0,213.64304088282935,2.418111801147461,"coarse (>5 MHz, continuum-mode -- weak technosignature constraint)"
HN_Lib_B6_EB_X2bb0,A002_Xdc621b_X2bb0,215.90861519247704,214.08049019247704,118,15625000.0,215.70549019247704,2.013422966003418,"coarse (>5 MHz, continuum-mode -- weak technosignature constraint)"
HN_Lib_B6_EB_X2bb0,A002_Xdc621b_X2bb0,227.08012163415984,228.90824663415984,118,15625000.0,228.45512163415984,2.8888626098632812,"coarse (>5 MHz, continuum-mode -- weak technosignature constraint)"
HN_Lib_B6_EB_X2bb0,A002_Xdc621b_X2bb0,229.07400268451264,230.91433471576264,3770,488281.25,229.67800659076264,4.240336894989014,fine (<1 MHz)
HN_Lib_B6_EB_X2dd3,A002_Xdcbe57_X2dd3,213.90660654889317,212.07848154889317,118,15625000.0,212.42223154889317,2.3638346195220947,"coarse (>5 MHz, continuum-mode -- weak technosignature constraint)"
HN_Lib_B6_EB_X2dd3,A002_Xdcbe57_X2dd3,215.90653652207197,214.07841152207197,118,15625000.0,214.71903652207197,2.3671276569366455,"coarse (>5 MHz, continuum-mode -- weak technosignature constraint)"
HN_Lib_B6_EB_X2dd3,A002_Xdcbe57_X2dd3,227.07795253313705,228.90607753313705,118,15625000.0,227.84357753313705,2.8585598468780518,"coarse (>5 MHz, continuum-mode -- weak technosignature constraint)"
HN_Lib_B6_EB_X2dd3,A002_Xdcbe57_X2dd3,229.07177899059087,230.91211102184087,3770,488281.25,230.89648602184087,4.422919273376465,fine (<1 MHz)
HN_Lib_B6_EB_X305b,A002_Xdcad18_X305b,213.9069170174648,212.0787920174648,118,15625000.0,212.4225420174648,2.9945998191833496,"coarse (>5 MHz, continuum-mode -- weak technosignature constraint)"
HN_Lib_B6_EB_X305b,A002_Xdcad18_X305b,215.90684990584145,214.07872490584145,118,15625000.0,215.14122490584145,2.9595577716827393,"coarse (>5 MHz, continuum-mode -- weak technosignature constraint)"
HN_Lib_B6_EB_X305b,A002_Xdcad18_X305b,227.07828486569264,228.90640986569264,118,15625000.0,228.15640986569264,2.1146786212921143,"coarse (>5 MHz, continuum-mode -- weak technosignature constraint)"
HN_Lib_B6_EB_X305b,A002_Xdcad18_X305b,229.07211423834434,230.91244626959434,3770,488281.25,229.85873533209434,4.534132957458496,fine (<1 MHz)
HN_Lib_B6_EB_X4da7,A002_Xdcf222_X4da7,213.90534804782143,212.07722304782143,118,15625000.0,212.32722304782143,2.782458543777466,"coarse (>5 MHz, continuum-mode -- weak technosignature constraint)"
HN_Lib_B6_EB_X4da7,A002_Xdcf222_X4da7,215.9052662040888,214.0771412040888,118,15625000.0,215.3427662040888,2.5504720211029053,"coarse (>5 MHz, continuum-mode -- weak technosignature constraint)"
HN_Lib_B6_EB_X4da7,A002_Xdcf222_X4da7,227.07660540522934,228.90473040522934,118,15625000.0,228.45160540522934,2.1553854942321777,"coarse (>5 MHz, continuum-mode -- weak technosignature constraint)"
HN_Lib_B6_EB_X4da7,A002_Xdcf222_X4da7,229.0704200457717,230.9107520770217,3770,488281.25,230.0723731707717,4.1461334228515625,fine (<1 MHz)
HR_1010__Gaia_DR3_4722135642226902656_,A002_Xc66ce1_Xaa9,231.45193946905957,229.61111915655957,1886,976562.5,230.93240821905957,5.098719596862793,
HR_1010__Gaia_DR3_4722135642226902656__B6,A002_Xc66ce1_Xaa9,231.45193946905957,229.61111915655957,1886,976562.5,230.78104103155957,4.949972152709961,fine (<1 MHz)
HR_1010__Gaia_DR3_4722135642226902656__B6,A002_Xc66ce1_Xaa9,233.3530380210963,231.6186630210963,112,15625000.0,232.3842880210963,3.2028486728668213,"coarse (>5 MHz, continuum-mode -- weak technosignature constraint)"
HR_1010__Gaia_DR3_4722135642226902656__B6,A002_Xc66ce1_Xaa9,244.6178679463219,246.3522429463219,112,15625000.0,244.8522429463219,2.4207942485809326,"coarse (>5 MHz, continuum-mode -- weak technosignature constraint)"
HR_1010__Gaia_DR3_4722135642226902656__B6,A002_Xc66ce1_Xaa9,246.6177462139408,248.3521212139408,112,15625000.0,246.9458712139408,2.4000256061553955,"coarse (>5 MHz, continuum-mode -- weak technosignature constraint)"
HR_1010__Gaia_DR3_4722135642226902656__B6_EB_X1053,A002_Xc6fa08_X1053,231.45077974326387,229.60995943076387,1886,976562.5,230.51620943076387,3.7673392295837402,fine (<1 MHz)
HR_1010__Gaia_DR3_4722135642226902656__B6_EB_X1053,A002_Xc6fa08_X1053,233.3519098808027,231.6175348808027,112,15625000.0,232.0550348808027,2.1938366889953613,"coarse (>5 MHz, continuum-mode -- weak technosignature constraint)"
HR_1010__Gaia_DR3_4722135642226902656__B6_EB_X1053,A002_Xc6fa08_X1053,244.61667672721617,246.35105172721617,112,15625000.0,244.91355172721617,2.690117597579956,"coarse (>5 MHz, continuum-mode -- weak technosignature constraint)"
HR_1010__Gaia_DR3_4722135642226902656__B6_EB_X1053,A002_Xc6fa08_X1053,246.61654529040246,248.35092029040246,112,15625000.0,247.47592029040246,2.5715363025665283,"coarse (>5 MHz, continuum-mode -- weak technosignature constraint)"
HR_1010__Gaia_DR3_4722135642226902656__B6_EB_X107b,A002_Xc68b3e_X107b,231.45162706180878,229.61080674930878,1886,976562.5,230.74361924930878,4.062431812286377,fine (<1 MHz)
HR_1010__Gaia_DR3_4722135642226902656__B6_EB_X107b,A002_Xc68b3e_X107b,233.35273412235662,231.61835912235662,112,15625000.0,231.64960912235662,2.4431581497192383,"coarse (>5 MHz, continuum-mode -- weak technosignature constraint)"
HR_1010__Gaia_DR3_4722135642226902656__B6_EB_X107b,A002_Xc68b3e_X107b,244.61754705539468,246.35192205539468,112,15625000.0,244.99254705539468,2.4542222023010254,"coarse (>5 MHz, continuum-mode -- weak technosignature constraint)"
HR_1010__Gaia_DR3_4722135642226902656__B6_EB_X107b,A002_Xc68b3e_X107b,246.61742270883087,248.35179770883087,112,15625000.0,247.14867270883087,4.357685089111328,"coarse (>5 MHz, continuum-mode -- weak technosignature constraint)"
HR_1010__Gaia_DR3_4722135642226902656__B6_EB_X1339,A002_Xc6e968_X1339,231.45094487535127,229.61012456285127,1886,976562.5,230.00172612535127,4.597442150115967,fine (<1 MHz)
HR_1010__Gaia_DR3_4722135642226902656__B6_EB_X1339,A002_Xc6e968_X1339,233.352070515465,231.617695515465,112,15625000.0,232.367695515465,2.7170090675354004,"coarse (>5 MHz, continuum-mode -- weak technosignature constraint)"
HR_1010__Gaia_DR3_4722135642226902656__B6_EB_X1339,A002_Xc6e968_X1339,244.61684634360154,246.35122134360154,112,15625000.0,245.83559634360154,2.3942086696624756,"coarse (>5 MHz, continuum-mode -- weak technosignature constraint)"
HR_1010__Gaia_DR3_4722135642226902656__B6_EB_X1339,A002_Xc6e968_X1339,246.61671628859136,248.35109128859136,112,15625000.0,246.86671628859136,2.8469600677490234,"coarse (>5 MHz, continuum-mode -- weak technosignature constraint)"
HR_1010__Gaia_DR3_4722135642226902656__B6_EB_X1f16,A002_Xc67b7e_X1f16,231.4516999503314,229.6108796378314,1886,976562.5,229.9585358878314,4.21505880355835,fine (<1 MHz)
HR_1010__Gaia_DR3_4722135642226902656__B6_EB_X1f16,A002_Xc67b7e_X1f16,233.3528050257371,231.6184300257371,112,15625000.0,232.3840550257371,2.596330165863037,"coarse (>5 MHz, continuum-mode -- weak technosignature constraint)"
HR_1010__Gaia_DR3_4722135642226902656__B6_EB_X1f16,A002_Xc67b7e_X1f16,244.6176219232652,246.3519969232652,112,15625000.0,244.6957469232652,2.6098833084106445,"coarse (>5 MHz, continuum-mode -- weak technosignature constraint)"
HR_1010__Gaia_DR3_4722135642226902656__B6_EB_X1f16,A002_Xc67b7e_X1f16,246.61749818662295,248.35187318662295,112,15625000.0,246.71124818662295,2.7912192344665527,"coarse (>5 MHz, continuum-mode -- weak technosignature constraint)"
HR_1010__Gaia_DR3_4722135642226902656__B6_EB_X28f5,A002_Xc6b674_X28f5,231.4512092674828,229.6103889549828,1886,976562.5,230.1084358299828,21.071189880371094,fine (<1 MHz)
HR_1010__Gaia_DR3_4722135642226902656__B6_EB_X28f5,A002_Xc6b674_X28f5,233.35232770679244,231.61795270679244,112,15625000.0,231.82107770679244,2.483430862426758,"coarse (>5 MHz, continuum-mode -- weak technosignature constraint)"
HR_1010__Gaia_DR3_4722135642226902656__B6_EB_X28f5,A002_Xc6b674_X28f5,244.61711791551934,246.35149291551934,112,15625000.0,244.89836791551934,2.7358171939849854,"coarse (>5 MHz, continuum-mode -- weak technosignature constraint)"
HR_1010__Gaia_DR3_4722135642226902656__B6_EB_X28f5,A002_Xc6b674_X28f5,246.6169900729077,248.3513650729077,112,15625000.0,246.7419900729077,2.449462890625,"coarse (>5 MHz, continuum-mode -- weak technosignature constraint)"
HR_1010__Gaia_DR3_4722135642226902656__B6_EB_X3e5f,A002_Xc694dd_X3e5f,231.45150574994398,229.61068543744398,1886,976562.5,230.68197449994398,4.56232213973999,fine (<1 MHz)
HR_1010__Gaia_DR3_4722135642226902656__B6_EB_X3e5f,A002_Xc694dd_X3e5f,233.3526161144592,231.6182411144592,112,15625000.0,232.2432411144592,2.7547221183776855,"coarse (>5 MHz, continuum-mode -- weak technosignature constraint)"
HR_1010__Gaia_DR3_4722135642226902656__B6_EB_X3e5f,A002_Xc694dd_X3e5f,244.61742244920617,246.35179744920617,112,15625000.0,246.13304744920617,3.0034637451171875,"coarse (>5 MHz, continuum-mode -- weak technosignature constraint)"
HR_1010__Gaia_DR3_4722135642226902656__B6_EB_X3e5f,A002_Xc694dd_X3e5f,246.61729708752065,248.35167208752065,112,15625000.0,247.10167208752065,2.5595457553863525,"coarse (>5 MHz, continuum-mode -- weak technosignature constraint)"
HR_1010__Gaia_DR3_4722135642226902656__B6_EB_X41ca,A002_Xc694dd_X41ca,231.45144617693626,229.61062586443626,1886,976562.5,229.95242273943626,4.096675395965576,fine (<1 MHz)
HR_1010__Gaia_DR3_4722135642226902656__B6_EB_X41ca,A002_Xc694dd_X41ca,233.35255816394135,231.61818316394135,112,15625000.0,232.02443316394135,2.6449527740478516,"coarse (>5 MHz, continuum-mode -- weak technosignature constraint)"
HR_1010__Gaia_DR3_4722135642226902656__B6_EB_X41ca,A002_Xc694dd_X41ca,244.61736125844433,246.35173625844433,112,15625000.0,246.17986125844433,2.807798147201538,"coarse (>5 MHz, continuum-mode -- weak technosignature constraint)"
HR_1010__Gaia_DR3_4722135642226902656__B6_EB_X41ca,A002_Xc694dd_X41ca,246.61723539825977,248.35161039825977,112,15625000.0,247.05473539825977,2.7797038555145264,"coarse (>5 MHz, continuum-mode -- weak technosignature constraint)"
HR_1010__Gaia_DR3_4722135642226902656__B6_EB_X7060,A002_Xc6d2f9_X7060,231.45099453074573,229.61017421824573,1886,976562.5,230.95685390574573,4.546944618225098,fine (<1 MHz)
HR_1010__Gaia_DR3_4722135642226902656__B6_EB_X7060,A002_Xc6d2f9_X7060,233.35211881847894,231.61774381847894,112,15625000.0,232.58649381847894,3.217081308364868,"coarse (>5 MHz, continuum-mode -- weak technosignature constraint)"
HR_1010__Gaia_DR3_4722135642226902656__B6_EB_X7060,A002_Xc6d2f9_X7060,244.6168973474292,246.3512723474292,112,15625000.0,244.6950223474292,2.4755983352661133,"coarse (>5 MHz, continuum-mode -- weak technosignature constraint)"
HR_1010__Gaia_DR3_4722135642226902656__B6_EB_X7060,A002_Xc6d2f9_X7060,246.61676770792883,248.35114270792883,112,15625000.0,248.16364270792883,2.7770137786865234,"coarse (>5 MHz, continuum-mode -- weak technosignature constraint)"
HR_1010__Gaia_DR3_4722135642226902656__B6_EB_Xaa9,A002_Xc66ce1_Xaa9,231.45193946905957,229.61111915655957,1886,976562.5,230.83475196905957,5.0439066886901855,fine (<1 MHz)
HR_1010__Gaia_DR3_4722135642226902656__B6_EB_Xaa9,A002_Xc66ce1_Xaa9,233.3530380210963,231.6186630210963,112,15625000.0,232.3686630210963,2.9968841075897217,"coarse (>5 MHz, continuum-mode -- weak technosignature constraint)"
HR_1010__Gaia_DR3_4722135642226902656__B6_EB_Xaa9,A002_Xc66ce1_Xaa9,244.6178679463219,246.3522429463219,112,15625000.0,244.6491179463219,2.2677035331726074,"coarse (>5 MHz, continuum-mode -- weak technosignature constraint)"
HR_1010__Gaia_DR3_4722135642226902656__B6_EB_Xaa9,A002_Xc66ce1_Xaa9,246.6177462139408,248.3521212139408,112,15625000.0,246.9458712139408,2.503495693206787,"coarse (>5 MHz, continuum-mode -- weak technosignature constraint)"
HR_1010__Gaia_DR3_4722135642226902656__B7,A002_Xc6141c_X3af0,345.31659325888495,346.23700341513495,1886,488281.25,345.31805810263495,4.7279953956604,fine (<1 MHz)
HR_1010__Gaia_DR3_4722135642226902656__B7,A002_Xc6141c_X3af0,347.04534521201,348.87347021201,118,15625000.0,347.34222021201,3.0593998432159424,"coarse (>5 MHz, continuum-mode -- weak technosignature constraint)"
HR_1010__Gaia_DR3_4722135642226902656__B7,A002_Xc6141c_X3af0,334.9154740267072,333.0873490267072,118,15625000.0,333.9623490267072,3.1793875694274902,"coarse (>5 MHz, continuum-mode -- weak technosignature constraint)"
HR_1010__Gaia_DR3_4722135642226902656__B7,A002_Xc6141c_X3af0,336.87347402670724,335.04534902670724,118,15625000.0,335.73284902670724,3.3077008724212646,"coarse (>5 MHz, continuum-mode -- weak technosignature constraint)"
HR_1010__Gaia_DR3_4722135642226902656__B7_EB_X121e,A002_Xc6c0d5_X121e,345.3144856065621,346.2348957628121,1886,488281.25,345.6836262315621,4.522505283355713,fine (<1 MHz)
HR_1010__Gaia_DR3_4722135642226902656__B7_EB_X121e,A002_Xc6c0d5_X121e,347.0432375596871,348.8713625596871,118,15625000.0,348.2619875596871,3.789515495300293,"coarse (>5 MHz, continuum-mode -- weak technosignature constraint)"
HR_1010__Gaia_DR3_4722135642226902656__B7_EB_X121e,A002_Xc6c0d5_X121e,334.91336637438434,333.08524137438434,118,15625000.0,333.52274137438434,2.263385057449341,"coarse (>5 MHz, continuum-mode -- weak technosignature constraint)"
HR_1010__Gaia_DR3_4722135642226902656__B7_EB_X121e,A002_Xc6c0d5_X121e,336.87136637438437,335.04324137438437,118,15625000.0,335.51199137438437,2.6350786685943604,"coarse (>5 MHz, continuum-mode -- weak technosignature constraint)"
HR_1010__Gaia_DR3_4722135642226902656__B7_EB_X1345,A002_Xc66ce1_X1345,345.3153846613002,346.2357948175502,1886,488281.25,345.6205604425502,5.582047939300537,fine (<1 MHz)
HR_1010__Gaia_DR3_4722135642226902656__B7_EB_X1345,A002_Xc66ce1_X1345,347.04413661442516,348.87226161442516,118,15625000.0,348.82538661442516,2.8890912532806396,"coarse (>5 MHz, continuum-mode -- weak technosignature constraint)"
HR_1010__Gaia_DR3_4722135642226902656__B7_EB_X1345,A002_Xc66ce1_X1345,334.91426542912245,333.08614042912245,118,15625000.0,334.89864042912245,3.2136800289154053,"coarse (>5 MHz, continuum-mode -- weak technosignature constraint)"
HR_1010__Gaia_DR3_4722135642226902656__B7_EB_X1345,A002_Xc66ce1_X1345,336.8722654291224,335.0441404291224,118,15625000.0,335.1222654291224,3.2374629974365234,"coarse (>5 MHz, continuum-mode -- weak technosignature constraint)"
HR_1010__Gaia_DR3_4722135642226902656__B7_EB_X1560,A002_Xc6ff69_X1560,345.31378612926795,346.23419628551795,1886,488281.25,346.08624706676795,4.3432722091674805,fine (<1 MHz)
HR_1010__Gaia_DR3_4722135642226902656__B7_EB_X1560,A002_Xc6ff69_X1560,347.0425380823929,348.8706630823929,118,15625000.0,348.0581630823929,2.7479093074798584,"coarse (>5 MHz, continuum-mode -- weak technosignature constraint)"
HR_1010__Gaia_DR3_4722135642226902656__B7_EB_X1560,A002_Xc6ff69_X1560,334.9126668970902,333.0845418970902,118,15625000.0,333.6470418970902,2.360156774520874,"coarse (>5 MHz, continuum-mode -- weak technosignature constraint)"
HR_1010__Gaia_DR3_4722135642226902656__B7_EB_X1560,A002_Xc6ff69_X1560,336.8706668970902,335.0425418970902,118,15625000.0,336.2612918970902,3.1561782360076904,"coarse (>5 MHz, continuum-mode -- weak technosignature constraint)"
HR_1010__Gaia_DR3_4722135642226902656__B7_EB_X23f2,A002_Xc6b674_X23f2,345.3145894769507,346.2349996332007,1886,488281.25,346.2301168207007,5.044286251068115,fine (<1 MHz)
HR_1010__Gaia_DR3_4722135642226902656__B7_EB_X23f2,A002_Xc6b674_X23f2,347.04334143007566,348.87146643007566,118,15625000.0,348.15271643007566,2.4250402450561523,"coarse (>5 MHz, continuum-mode -- weak technosignature constraint)"
HR_1010__Gaia_DR3_4722135642226902656__B7_EB_X23f2,A002_Xc6b674_X23f2,334.91347024477295,333.08534524477295,118,15625000.0,334.19472024477295,3.5080063343048096,"coarse (>5 MHz, continuum-mode -- weak technosignature constraint)"
HR_1010__Gaia_DR3_4722135642226902656__B7_EB_X23f2,A002_Xc6b674_X23f2,336.8714702447729,335.0433452447729,118,15625000.0,335.6370952447729,3.2130610942840576,"coarse (>5 MHz, continuum-mode -- weak technosignature constraint)"
HR_1010__Gaia_DR3_4722135642226902656__B7_EB_X26cc,A002_Xc6a3db_X26cc,345.31468888445977,346.23509904070977,1886,488281.25,345.78295060320977,4.634344100952148,fine (<1 MHz)
HR_1010__Gaia_DR3_4722135642226902656__B7_EB_X26cc,A002_Xc6a3db_X26cc,347.0434408375848,348.8715658375848,118,15625000.0,348.2934408375848,3.3963019847869873,"coarse (>5 MHz, continuum-mode -- weak technosignature constraint)"
HR_1010__Gaia_DR3_4722135642226902656__B7_EB_X26cc,A002_Xc6a3db_X26cc,334.91356965228204,333.08544465228204,118,15625000.0,334.64794465228204,2.2485477924346924,"coarse (>5 MHz, continuum-mode -- weak technosignature constraint)"
HR_1010__Gaia_DR3_4722135642226902656__B7_EB_X26cc,A002_Xc6a3db_X26cc,336.87156965228206,335.04344465228206,118,15625000.0,336.32469465228206,2.3041069507598877,"coarse (>5 MHz, continuum-mode -- weak technosignature constraint)"
HR_1010__Gaia_DR3_4722135642226902656__B7_EB_X3af0,A002_Xc6141c_X3af0,345.31659325888495,346.23700341513495,1886,488281.25,345.99335107138495,4.447108268737793,fine (<1 MHz)
HR_1010__Gaia_DR3_4722135642226902656__B7_EB_X3af0,A002_Xc6141c_X3af0,347.04534521201,348.87347021201,118,15625000.0,348.43597021201,3.1284637451171875,"coarse (>5 MHz, continuum-mode -- weak technosignature constraint)"
HR_1010__Gaia_DR3_4722135642226902656__B7_EB_X3af0,A002_Xc6141c_X3af0,334.9154740267072,333.0873490267072,118,15625000.0,333.9623490267072,2.8718056678771973,"coarse (>5 MHz, continuum-mode -- weak technosignature constraint)"
HR_1010__Gaia_DR3_4722135642226902656__B7_EB_X3af0,A002_Xc6141c_X3af0,336.87347402670724,335.04534902670724,118,15625000.0,335.73284902670724,2.9788401126861572,"coarse (>5 MHz, continuum-mode -- weak technosignature constraint)"
HR_1010__Gaia_DR3_4722135642226902656__B7_EB_X61dc,A002_Xc7111c_X61dc,345.3135955550355,346.2340057112855,1886,488281.25,345.8707244612855,4.452763557434082,fine (<1 MHz)
HR_1010__Gaia_DR3_4722135642226902656__B7_EB_X61dc,A002_Xc7111c_X61dc,347.04234750816045,348.87047250816045,118,15625000.0,347.10484750816045,2.496029853820801,"coarse (>5 MHz, continuum-mode -- weak technosignature constraint)"
HR_1010__Gaia_DR3_4722135642226902656__B7_EB_X61dc,A002_Xc7111c_X61dc,334.91247632285774,333.08435132285774,118,15625000.0,333.63122632285774,2.90067195892334,"coarse (>5 MHz, continuum-mode -- weak technosignature constraint)"
HR_1010__Gaia_DR3_4722135642226902656__B7_EB_X61dc,A002_Xc7111c_X61dc,336.8704763228577,335.0423513228577,118,15625000.0,336.2298513228577,2.424816846847534,"coarse (>5 MHz, continuum-mode -- weak technosignature constraint)"
HR_1010__Gaia_DR3_4722135642226902656__B7_EB_X7b5b,A002_Xc6a3db_X7b5b,345.31461254056296,346.23502269681296,1886,488281.25,345.47818675931296,5.054224967956543,fine (<1 MHz)
HR_1010__Gaia_DR3_4722135642226902656__B7_EB_X7b5b,A002_Xc6a3db_X7b5b,347.043364493688,348.871489493688,118,15625000.0,347.871489493688,3.411954164505005,"coarse (>5 MHz, continuum-mode -- weak technosignature constraint)"
HR_1010__Gaia_DR3_4722135642226902656__B7_EB_X7b5b,A002_Xc6a3db_X7b5b,334.9134933083852,333.0853683083852,118,15625000.0,334.0228683083852,2.837623357772827,"coarse (>5 MHz, continuum-mode -- weak technosignature constraint)"
HR_1010__Gaia_DR3_4722135642226902656__B7_EB_X7b5b,A002_Xc6a3db_X7b5b,336.87149330838525,335.04336830838525,118,15625000.0,336.09024330838525,3.227918863296509,"coarse (>5 MHz, continuum-mode -- weak technosignature constraint)"
HR_2562_B7,A002_Xcd64ec_X9149,337.3617625,335.6273875,112,15625000.0,336.8930125,2.899350166320801,"coarse (>5 MHz, continuum-mode -- weak technosignature constraint)"
HR_2562_B7,A002_Xcd64ec_X9149,339.2992625,337.5648875,112,15625000.0,337.7836375,2.2036211490631104,"coarse (>5 MHz, continuum-mode -- weak technosignature constraint)"
HR_2562_B7,A002_Xcd64ec_X9149,347.6273875,349.3617625,112,15625000.0,348.1273875,3.3976709842681885,"coarse (>5 MHz, continuum-mode -- weak technosignature constraint)"
HR_2562_B7,A002_Xcd64ec_X9149,349.6273875,351.3617625,112,15625000.0,351.0961375,2.8429815769195557,"coarse (>5 MHz, continuum-mode -- weak technosignature constraint)"
LHS_1140_B6,A002_Xd9d7c7_X6fd2,213.9126252506641,212.0845002506641,118,15625000.0,212.1470002506641,2.780219316482544,"coarse (>5 MHz, continuum-mode -- weak technosignature constraint)"
LHS_1140_B6,A002_Xd9d7c7_X6fd2,215.91261173745673,214.08448673745673,118,15625000.0,215.53761173745673,2.708890199661255,"coarse (>5 MHz, continuum-mode -- weak technosignature constraint)"
LHS_1140_B6,A002_Xd9d7c7_X6fd2,227.08443900493555,228.91256400493555,118,15625000.0,228.69381400493555,2.5458784103393555,"coarse (>5 MHz, continuum-mode -- weak technosignature constraint)"
LHS_1140_B6,A002_Xd9d7c7_X6fd2,229.07833548931055,230.91866752056055,3770,488281.25,230.63546439556055,5.050576686859131,fine (<1 MHz)
LHS_1140_B6_EB_X14fed,A002_Xdaef5a_X14fed,213.9216536062798,212.0935286062798,118,15625000.0,212.7966536062798,2.5549211502075195,"coarse (>5 MHz, continuum-mode -- weak technosignature constraint)"
LHS_1140_B6_EB_X14fed,A002_Xdaef5a_X14fed,215.9217248663646,214.0935998663646,118,15625000.0,215.2185998663646,2.231208086013794,"coarse (>5 MHz, continuum-mode -- weak technosignature constraint)"
LHS_1140_B6_EB_X14fed,A002_Xdaef5a_X14fed,227.09405924241855,228.92218424241855,118,15625000.0,228.62530924241855,2.660432815551758,"coarse (>5 MHz, continuum-mode -- weak technosignature constraint)"
LHS_1140_B6_EB_X14fed,A002_Xdaef5a_X14fed,229.08802698687833,230.92835901812833,3770,488281.25,229.10023401812833,4.545319080352783,fine (<1 MHz)
LHS_1140_B6_EB_X62d7,A002_Xda2c82_X62d7,213.91504955884577,212.08692455884577,118,15625000.0,212.66504955884577,3.3292393684387207,"coarse (>5 MHz, continuum-mode -- weak technosignature constraint)"
LHS_1140_B6_EB_X62d7,A002_Xda2c82_X62d7,215.91504955884577,214.08692455884577,118,15625000.0,215.69629955884577,3.2362585067749023,"coarse (>5 MHz, continuum-mode -- weak technosignature constraint)"
LHS_1140_B6_EB_X62d7,A002_Xda2c82_X62d7,227.08694965388614,228.91507465388614,118,15625000.0,227.44632465388614,3.2892720699310303,"coarse (>5 MHz, continuum-mode -- weak technosignature constraint)"
LHS_1140_B6_EB_X62d7,A002_Xda2c82_X62d7,229.08085503353425,230.92118706478425,3770,488281.25,229.49540581478425,4.836956024169922,fine (<1 MHz)
LHS_1140_B6_EB_X6f6b,A002_Xda1250_X6f6b,213.91431593857172,212.08619093857172,118,15625000.0,212.63306593857172,3.077810525894165,"coarse (>5 MHz, continuum-mode -- weak technosignature constraint)"
LHS_1140_B6_EB_X6f6b,A002_Xda1250_X6f6b,215.91431593857172,214.08619093857172,118,15625000.0,214.24244093857172,2.629786252975464,"coarse (>5 MHz, continuum-mode -- weak technosignature constraint)"
LHS_1140_B6_EB_X6f6b,A002_Xda1250_X6f6b,227.08619450525185,228.91431950525185,118,15625000.0,228.24244450525185,2.8098983764648438,"coarse (>5 MHz, continuum-mode -- weak technosignature constraint)"
LHS_1140_B6_EB_X6f6b,A002_Xda1250_X6f6b,229.08009326078914,230.92042529203914,3770,488281.25,229.85011279203914,4.468594074249268,fine (<1 MHz)
LHS_1140_B6_EB_X6fd2,A002_Xd9d7c7_X6fd2,213.9126252506641,212.0845002506641,118,15625000.0,212.1470002506641,2.613884449005127,"coarse (>5 MHz, continuum-mode -- weak technosignature constraint)"
LHS_1140_B6_EB_X6fd2,A002_Xd9d7c7_X6fd2,215.91261173745673,214.08448673745673,118,15625000.0,215.55323673745673,2.507843494415283,"coarse (>5 MHz, continuum-mode -- weak technosignature constraint)"
LHS_1140_B6_EB_X6fd2,A002_Xd9d7c7_X6fd2,227.08443900493555,228.91256400493555,118,15625000.0,227.38131400493555,2.4998562335968018,"coarse (>5 MHz, continuum-mode -- weak technosignature constraint)"
LHS_1140_B6_EB_X6fd2,A002_Xd9d7c7_X6fd2,229.07833548931055,230.91866752056055,3770,488281.25,230.63546439556055,5.136294364929199,fine (<1 MHz)
LHS_1140_B6_EB_X72ef,A002_Xda1250_X72ef,213.91422815969491,212.08610315969491,118,15625000.0,213.89860315969491,2.6020543575286865,"coarse (>5 MHz, continuum-mode -- weak technosignature constraint)"
LHS_1140_B6_EB_X72ef,A002_Xda1250_X72ef,215.91422815969491,214.08610315969491,118,15625000.0,215.71110315969491,2.713261365890503,"coarse (>5 MHz, continuum-mode -- weak technosignature constraint)"
LHS_1140_B6_EB_X72ef,A002_Xda1250_X72ef,227.08610415047124,228.91422915047124,118,15625000.0,228.74235415047124,3.5270419120788574,"coarse (>5 MHz, continuum-mode -- weak technosignature constraint)"
LHS_1140_B6_EB_X72ef,A002_Xda1250_X72ef,229.08000211342272,230.92033414467272,3770,488281.25,229.40715055092272,4.661571025848389,fine (<1 MHz)
LP_353-51_B7,A002_Xd10f82_X706f,347.0030962403174,348.8312212403174,118,15625000.0,347.9093462403174,2.233283281326294,"coarse (>5 MHz, continuum-mode -- weak technosignature constraint)"
LP_353-51_B7,A002_Xd10f82_X706f,336.8312212403174,335.0030962403174,118,15625000.0,335.3624712403174,2.977386236190796,"coarse (>5 MHz, continuum-mode -- weak technosignature constraint)"
LP_353-51_B7,A002_Xd10f82_X706f,334.9357212403174,333.1075962403174,118,15625000.0,334.2013462403174,3.3856987953186035,"coarse (>5 MHz, continuum-mode -- weak technosignature constraint)"
LP_353-51_B7,A002_Xd10f82_X706f,345.1591099121924,346.8842075684424,3534,488281.25,345.2650669434424,4.4800567626953125,fine (<1 MHz)
LP_353-51_B7_EB_X7829,A002_Xd10f82_X7829,347.002974749152,348.831099749152,118,15625000.0,347.221724749152,3.01977801322937,"coarse (>5 MHz, continuum-mode -- weak technosignature constraint)"
LP_353-51_B7_EB_X7829,A002_Xd10f82_X7829,336.831099749152,335.002974749152,118,15625000.0,336.768599749152,2.6137211322784424,"coarse (>5 MHz, continuum-mode -- weak technosignature constraint)"
LP_353-51_B7_EB_X7829,A002_Xd10f82_X7829,334.935599749152,333.107474749152,118,15625000.0,334.888724749152,2.493025779724121,"coarse (>5 MHz, continuum-mode -- weak technosignature constraint)"
LP_353-51_B7_EB_X7829,A002_Xd10f82_X7829,345.158988421027,346.884086077277,3534,488281.25,346.628714983527,4.456676006317139,fine (<1 MHz)
LP_476-207_384128_B7,A002_Xd10f82_X2635,347.04525930442173,348.77963430442173,112,15625000.0,347.42025930442173,2.934568166732788,"coarse (>5 MHz, continuum-mode -- weak technosignature constraint)"
LP_476-207_384128_B7,A002_Xd10f82_X2635,336.77963430442173,335.04525930442173,112,15625000.0,335.42025930442173,2.86631441116333,"coarse (>5 MHz, continuum-mode -- weak technosignature constraint)"
LP_476-207_384128_B7,A002_Xd10f82_X2635,334.88413430442176,333.14975930442176,112,15625000.0,333.36850930442176,1.8537652492523193,"coarse (>5 MHz, continuum-mode -- weak technosignature constraint)"
LP_476-207_384128_B7,A002_Xd10f82_X2635,345.15439797629676,346.87949563254676,3534,488281.25,346.51474953879676,4.1936211585998535,fine (<1 MHz)
LP_476-207_783296_B7,A002_Xd10f82_X2635,347.04525930442173,348.77963430442173,112,15625000.0,348.09213430442173,3.4274978637695312,"coarse (>5 MHz, continuum-mode -- weak technosignature constraint)"
LP_476-207_783296_B7,A002_Xd10f82_X2635,336.77963430442173,335.04525930442173,112,15625000.0,335.12338430442173,2.970346450805664,"coarse (>5 MHz, continuum-mode -- weak technosignature constraint)"
LP_476-207_783296_B7,A002_Xd10f82_X2635,334.88413430442176,333.14975930442176,112,15625000.0,333.63413430442176,2.0331978797912598,"coarse (>5 MHz, continuum-mode -- weak technosignature constraint)"
LP_476-207_783296_B7,A002_Xd10f82_X2635,345.15439797629676,346.87949563254676,3534,488281.25,346.82334328879676,4.437107086181641,fine (<1 MHz)
LP__349-25_B3,A002_Xb9a2bb_X1899,91.3617625,89.6273875,112,15625000.0,91.0805125,2.4579968452453613,"coarse (>5 MHz, continuum-mode -- weak technosignature constraint)"
LP__349-25_B3,A002_Xb9a2bb_X1899,93.2992625,91.5648875,112,15625000.0,92.5805125,2.346376657485962,"coarse (>5 MHz, continuum-mode -- weak technosignature constraint)"
LP__349-25_B3,A002_Xb9a2bb_X1899,101.6273875,103.3617625,112,15625000.0,102.4086375,2.3492748737335205,"coarse (>5 MHz, continuum-mode -- weak technosignature constraint)"
LP__349-25_B3,A002_Xb9a2bb_X1899,103.6273875,105.3617625,112,15625000.0,105.0023875,2.600158929824829,"coarse (>5 MHz, continuum-mode -- weak technosignature constraint)"
LP__349-25_B3_EB_X36d,A002_Xba38f9_X36d,91.3617625,89.6273875,112,15625000.0,89.9086375,2.108959436416626,"coarse (>5 MHz, continuum-mode -- weak technosignature constraint)"
LP__349-25_B3_EB_X36d,A002_Xba38f9_X36d,93.2992625,91.5648875,112,15625000.0,93.1742625,3.0522000789642334,"coarse (>5 MHz, continuum-mode -- weak technosignature constraint)"
LP__349-25_B3_EB_X36d,A002_Xba38f9_X36d,101.6273875,103.3617625,112,15625000.0,102.6273875,2.939586877822876,"coarse (>5 MHz, continuum-mode -- weak technosignature constraint)"
LP__349-25_B3_EB_X36d,A002_Xba38f9_X36d,103.6273875,105.3617625,112,15625000.0,105.2836375,3.7056291103363037,"coarse (>5 MHz, continuum-mode -- weak technosignature constraint)"
LP__349-25_B3_EB_X971,A002_Xb9b1b9_X971,91.3617625,89.6273875,112,15625000.0,91.1742625,3.570763111114502,"coarse (>5 MHz, continuum-mode -- weak technosignature constraint)"
LP__349-25_B3_EB_X971,A002_Xb9b1b9_X971,93.2992625,91.5648875,112,15625000.0,92.2680125,2.181777000427246,"coarse (>5 MHz, continuum-mode -- weak technosignature constraint)"
LP__349-25_B3_EB_X971,A002_Xb9b1b9_X971,101.6273875,103.3617625,112,15625000.0,101.7055125,2.7821075916290283,"coarse (>5 MHz, continuum-mode -- weak technosignature constraint)"
LP__349-25_B3_EB_X971,A002_Xb9b1b9_X971,103.6273875,105.3617625,112,15625000.0,104.5648875,2.6115150451660156,"coarse (>5 MHz, continuum-mode -- weak technosignature constraint)"
LSR_J18353259_B3,A002_Xba3ea7_X2ab4,91.3617625,89.6273875,112,15625000.0,91.2992625,2.012385845184326,"coarse (>5 MHz, continuum-mode -- weak technosignature constraint)"
LSR_J18353259_B3,A002_Xba3ea7_X2ab4,93.2992625,91.5648875,112,15625000.0,93.0961375,2.8078958988189697,"coarse (>5 MHz, continuum-mode -- weak technosignature constraint)"
LSR_J18353259_B3,A002_Xba3ea7_X2ab4,101.6273875,103.3617625,112,15625000.0,102.7367625,1.8886911869049072,"coarse (>5 MHz, continuum-mode -- weak technosignature constraint)"
LSR_J18353259_B3,A002_Xba3ea7_X2ab4,103.6273875,105.3617625,112,15625000.0,104.1898875,2.339853286743164,"coarse (>5 MHz, continuum-mode -- weak technosignature constraint)"
LSR_J18353259_B3_EB_X5d00,A002_Xbb44e1_X5d00,91.3617625,89.6273875,112,15625000.0,91.3461375,2.348522424697876,"coarse (>5 MHz, continuum-mode -- weak technosignature constraint)"
LSR_J18353259_B3_EB_X5d00,A002_Xbb44e1_X5d00,93.2992625,91.5648875,112,15625000.0,92.2523875,2.0244250297546387,"coarse (>5 MHz, continuum-mode -- weak technosignature constraint)"
LSR_J18353259_B3_EB_X5d00,A002_Xbb44e1_X5d00,101.6273875,103.3617625,112,15625000.0,101.9867625,2.7266085147857666,"coarse (>5 MHz, continuum-mode -- weak technosignature constraint)"
LSR_J18353259_B3_EB_X5d00,A002_Xbb44e1_X5d00,103.6273875,105.3617625,112,15625000.0,104.3148875,3.933459758758545,"coarse (>5 MHz, continuum-mode -- weak technosignature constraint)"
L_836-122_B7,A002_Xcd64ec_X21c9,347.0283155350979,348.7626905350979,112,15625000.0,347.6689405350979,2.1853044033050537,"coarse (>5 MHz, continuum-mode -- weak technosignature constraint)"
L_836-122_B7,A002_Xcd64ec_X21c9,336.7626905350979,335.0283155350979,112,15625000.0,335.9033155350979,2.9811272621154785,"coarse (>5 MHz, continuum-mode -- weak technosignature constraint)"
L_836-122_B7,A002_Xcd64ec_X21c9,334.8671905350979,333.1328155350979,112,15625000.0,333.3828155350979,2.6041173934936523,"coarse (>5 MHz, continuum-mode -- weak technosignature constraint)"
L_836-122_B7,A002_Xcd64ec_X21c9,345.1374542069729,346.8625518632229,3534,488281.25,346.7438995194729,4.1841278076171875,fine (<1 MHz)
NAME_AT_Mic_AB__Gaia_DR3_6792436799475128960__B7,A002_Xcd97a1_X3f1e,347.0666866636486,348.8010616636486,112,15625000.0,347.6135616636486,3.2043254375457764,"coarse (>5 MHz, continuum-mode -- weak technosignature constraint)"
NAME_AT_Mic_AB__Gaia_DR3_6792436799475128960__B7,A002_Xcd97a1_X3f1e,336.8010616636486,335.0666866636486,112,15625000.0,336.3010616636486,2.6242756843566895,"coarse (>5 MHz, continuum-mode -- weak technosignature constraint)"
NAME_AT_Mic_AB__Gaia_DR3_6792436799475128960__B7,A002_Xcd97a1_X3f1e,334.9055616636486,333.1711866636486,112,15625000.0,334.6711866636486,2.486299753189087,"coarse (>5 MHz, continuum-mode -- weak technosignature constraint)"
NAME_AT_Mic_AB__Gaia_DR3_6792436799475128960__B7,A002_Xcd97a1_X3f1e,345.1758253355236,346.9009229917736,3534,488281.25,346.1362745542736,4.711899757385254,fine (<1 MHz)
NAME_Barnards_star_B6,A002_Xfdf45f_X478e,224.91406440734863,223.08593940734863,118,15625000.0,223.52343940734863,3.05875825881958,"coarse (>5 MHz, continuum-mode -- weak technosignature constraint)"
NAME_Barnards_star_B6,A002_Xfdf45f_X478e,226.91406440734863,225.08593940734863,118,15625000.0,225.32031440734863,4.397957801818848,"coarse (>5 MHz, continuum-mode -- weak technosignature constraint)"
NAME_Barnards_star_B6,A002_Xfdf45f_X478e,239.08593559285134,240.91406059285134,118,15625000.0,239.08593559285134,2.087512254714966,"coarse (>5 MHz, continuum-mode -- weak technosignature constraint)"
NAME_Barnards_star_B6,A002_Xfdf45f_X478e,241.0859355926514,242.9140605926514,118,15625000.0,242.6484355926514,2.4506587982177734,"coarse (>5 MHz, continuum-mode -- weak technosignature constraint)"
NAME_Barnards_star_B6_EB_X282,A002_Xfe2e17_X282,224.91406440734863,223.08593940734863,118,15625000.0,224.22656440734863,2.760336399078369,"coarse (>5 MHz, continuum-mode -- weak technosignature constraint)"
NAME_Barnards_star_B6_EB_X282,A002_Xfe2e17_X282,226.91406440734863,225.08593940734863,118,15625000.0,226.16406440734863,2.5211427211761475,"coarse (>5 MHz, continuum-mode -- weak technosignature constraint)"
NAME_Barnards_star_B6_EB_X282,A002_Xfe2e17_X282,239.08593559285134,240.91406059285134,118,15625000.0,239.30468559285134,2.8905107975006104,"coarse (>5 MHz, continuum-mode -- weak technosignature constraint)"
NAME_Barnards_star_B6_EB_X282,A002_Xfe2e17_X282,241.0859355926514,242.9140605926514,118,15625000.0,242.2421855926514,2.8918616771698,"coarse (>5 MHz, continuum-mode -- weak technosignature constraint)"
NAME_Barnards_star_B6_EB_X478e,A002_Xfdf45f_X478e,224.91406440734863,223.08593940734863,118,15625000.0,223.52343940734863,2.4648637771606445,"coarse (>5 MHz, continuum-mode -- weak technosignature constraint)"
NAME_Barnards_star_B6_EB_X478e,A002_Xfdf45f_X478e,226.91406440734863,225.08593940734863,118,15625000.0,225.32031440734863,3.8095290660858154,"coarse (>5 MHz, continuum-mode -- weak technosignature constraint)"
NAME_Barnards_star_B6_EB_X478e,A002_Xfdf45f_X478e,239.08593559285134,240.91406059285134,118,15625000.0,240.69531059285134,2.071021318435669,"coarse (>5 MHz, continuum-mode -- weak technosignature constraint)"
NAME_Barnards_star_B6_EB_X478e,A002_Xfdf45f_X478e,241.0859355926514,242.9140605926514,118,15625000.0,242.6484355926514,3.0085296630859375,"coarse (>5 MHz, continuum-mode -- weak technosignature constraint)"
NAME_Barnards_star_B6_EB_X4ef9,A002_Xfe1962_X4ef9,224.91406440734863,223.08593940734863,118,15625000.0,223.35156440734863,2.628176689147949,"coarse (>5 MHz, continuum-mode -- weak technosignature constraint)"
NAME_Barnards_star_B6_EB_X4ef9,A002_Xfe1962_X4ef9,226.91406440734863,225.08593940734863,118,15625000.0,226.39843940734863,3.9060442447662354,"coarse (>5 MHz, continuum-mode -- weak technosignature constraint)"
NAME_Barnards_star_B6_EB_X4ef9,A002_Xfe1962_X4ef9,239.08593559285134,240.91406059285134,118,15625000.0,239.71093559285134,3.6214284896850586,"coarse (>5 MHz, continuum-mode -- weak technosignature constraint)"
NAME_Barnards_star_B6_EB_X4ef9,A002_Xfe1962_X4ef9,241.0859355926514,242.9140605926514,118,15625000.0,241.6015605926514,3.768859624862671,"coarse (>5 MHz, continuum-mode -- weak technosignature constraint)"
NAME_Barnards_star_B6_EB_X5c7e,A002_Xfe3986_X5c7e,224.91406440734863,223.08593940734863,118,15625000.0,224.32031440734863,2.733942747116089,"coarse (>5 MHz, continuum-mode -- weak technosignature constraint)"
NAME_Barnards_star_B6_EB_X5c7e,A002_Xfe3986_X5c7e,226.91406440734863,225.08593940734863,118,15625000.0,226.10156440734863,2.9337995052337646,"coarse (>5 MHz, continuum-mode -- weak technosignature constraint)"
NAME_Barnards_star_B6_EB_X5c7e,A002_Xfe3986_X5c7e,239.08593559285134,240.91406059285134,118,15625000.0,240.64843559285134,2.349644899368286,"coarse (>5 MHz, continuum-mode -- weak technosignature constraint)"
NAME_Barnards_star_B6_EB_X5c7e,A002_Xfe3986_X5c7e,241.0859355926514,242.9140605926514,118,15625000.0,241.2890605926514,3.0136942863464355,"coarse (>5 MHz, continuum-mode -- weak technosignature constraint)"
PM_J034331958_B6,A002_Xb25e1a_Xed74,216.9335329258407,215.1991579258407,112,15625000.0,216.5272829258407,1.7056416273117065,"coarse (>5 MHz, continuum-mode -- weak technosignature constraint)"
PM_J034331958_B6,A002_Xb25e1a_Xed74,218.8269484101253,217.0925734101253,112,15625000.0,218.3113234101253,2.9683051109313965,"coarse (>5 MHz, continuum-mode -- weak technosignature constraint)"
PM_J034331958_B6,A002_Xb25e1a_Xed74,231.5925734101253,233.3269484101253,112,15625000.0,232.1550734101253,2.5252509117126465,"coarse (>5 MHz, continuum-mode -- weak technosignature constraint)"
PM_J034331958_B6,A002_Xb25e1a_Xed74,229.2642120820003,230.9893097382503,3534,488281.25,229.8101105195003,3.3310563564300537,fine (<1 MHz)
Proxima_Cen_B6,A002_X106a1f1_X6a0c,224.91406440734863,223.08593940734863,118,15625000.0,223.14843940734863,2.8919708728790283,"coarse (>5 MHz, continuum-mode -- weak technosignature constraint)"
Proxima_Cen_B6,A002_X106a1f1_X6a0c,224.91406440734863,223.08593940734863,118,15625000.0,223.14843940734863,2.8919708728790283,"coarse (>5 MHz, continuum-mode -- weak technosignature constraint)"
Proxima_Cen_B6,A002_X106a1f1_X6a0c,226.91406440734863,225.08593940734863,118,15625000.0,226.13281440734863,3.325505256652832,"coarse (>5 MHz, continuum-mode -- weak technosignature constraint)"
Proxima_Cen_B6,A002_X106a1f1_X6a0c,239.08593559285134,240.91406059285134,118,15625000.0,239.21093559285134,3.4710171222686768,"coarse (>5 MHz, continuum-mode -- weak technosignature constraint)"
Proxima_Cen_B6,A002_X106a1f1_X6a0c,241.0859355926514,242.9140605926514,118,15625000.0,241.8515605926514,2.763259172439575,"coarse (>5 MHz, continuum-mode -- weak technosignature constraint)"
Proxima_Cen_B6_EB_X11cc,A002_X1076174_X11cc,224.91406440734863,223.08593940734863,118,15625000.0,223.57031440734863,2.446505546569824,"coarse (>5 MHz, continuum-mode -- weak technosignature constraint)"
Proxima_Cen_B6_EB_X11cc,A002_X1076174_X11cc,226.91406440734863,225.08593940734863,118,15625000.0,226.02343940734863,3.7694153785705566,"coarse (>5 MHz, continuum-mode -- weak technosignature constraint)"
Proxima_Cen_B6_EB_X11cc,A002_X1076174_X11cc,239.08593559285134,240.91406059285134,118,15625000.0,240.17968559285134,2.83493971824646,"coarse (>5 MHz, continuum-mode -- weak technosignature constraint)"
Proxima_Cen_B6_EB_X11cc,A002_X1076174_X11cc,241.0859355926514,242.9140605926514,118,15625000.0,242.8671855926514,3.4434878826141357,"coarse (>5 MHz, continuum-mode -- weak technosignature constraint)"
Proxima_Cen_B6_EB_X1295,A002_X106b646_X1295,224.91406440734863,223.08593940734863,118,15625000.0,223.28906440734863,1.826590657234192,"coarse (>5 MHz, continuum-mode -- weak technosignature constraint)"
Proxima_Cen_B6_EB_X1295,A002_X106b646_X1295,226.91406440734863,225.08593940734863,118,15625000.0,225.99218940734863,2.731844663619995,"coarse (>5 MHz, continuum-mode -- weak technosignature constraint)"
Proxima_Cen_B6_EB_X1295,A002_X106b646_X1295,239.08593559285134,240.91406059285134,118,15625000.0,239.22656059285134,3.2013981342315674,"coarse (>5 MHz, continuum-mode -- weak technosignature constraint)"
Proxima_Cen_B6_EB_X1295,A002_X106b646_X1295,241.0859355926514,242.9140605926514,118,15625000.0,242.0234355926514,2.279546022415161,"coarse (>5 MHz, continuum-mode -- weak technosignature constraint)"
Proxima_Cen_B6_EB_X12b9,A002_X107376c_X12b9,224.91406440734863,223.08593940734863,118,15625000.0,223.46093940734863,2.297985792160034,"coarse (>5 MHz, continuum-mode -- weak technosignature constraint)"
Proxima_Cen_B6_EB_X12b9,A002_X107376c_X12b9,226.91406440734863,225.08593940734863,118,15625000.0,225.77343940734863,2.646932601928711,"coarse (>5 MHz, continuum-mode -- weak technosignature constraint)"
Proxima_Cen_B6_EB_X12b9,A002_X107376c_X12b9,239.08593559285134,240.91406059285134,118,15625000.0,240.11718559285134,2.9428911209106445,"coarse (>5 MHz, continuum-mode -- weak technosignature constraint)"
Proxima_Cen_B6_EB_X12b9,A002_X107376c_X12b9,241.0859355926514,242.9140605926514,118,15625000.0,241.3515605926514,2.1345479488372803,"coarse (>5 MHz, continuum-mode -- weak technosignature constraint)"
Proxima_Cen_B6_EB_X138c,A002_Xdbc154_X138c,224.91406440734863,223.08593940734863,118,15625000.0,223.22656440734863,2.44846510887146,"coarse (>5 MHz, continuum-mode -- weak technosignature constraint)"
Proxima_Cen_B6_EB_X138c,A002_Xdbc154_X138c,226.91406440734863,225.08593940734863,118,15625000.0,225.89843940734863,2.4087119102478027,"coarse (>5 MHz, continuum-mode -- weak technosignature constraint)"
Proxima_Cen_B6_EB_X138c,A002_Xdbc154_X138c,239.08593559285134,240.91406059285134,118,15625000.0,240.38281059285134,3.615652322769165,"coarse (>5 MHz, continuum-mode -- weak technosignature constraint)"
Proxima_Cen_B6_EB_X138c,A002_Xdbc154_X138c,241.0859355926514,242.9140605926514,118,15625000.0,241.8046855926514,2.7198233604431152,"coarse (>5 MHz, continuum-mode -- weak technosignature constraint)"
Proxima_Cen_B6_EB_X13932,A002_X106f040_X13932,224.91406440734863,223.08593940734863,118,15625000.0,223.11718940734863,3.2902441024780273,"coarse (>5 MHz, continuum-mode -- weak technosignature constraint)"
Proxima_Cen_B6_EB_X13932,A002_X106f040_X13932,226.91406440734863,225.08593940734863,118,15625000.0,226.44531440734863,2.4276368618011475,"coarse (>5 MHz, continuum-mode -- weak technosignature constraint)"
Proxima_Cen_B6_EB_X13932,A002_X106f040_X13932,239.08593559285134,240.91406059285134,118,15625000.0,240.50781059285134,1.93181574344635,"coarse (>5 MHz, continuum-mode -- weak technosignature constraint)"
Proxima_Cen_B6_EB_X13932,A002_X106f040_X13932,241.0859355926514,242.9140605926514,118,15625000.0,241.1953105926514,2.2801976203918457,"coarse (>5 MHz, continuum-mode -- weak technosignature constraint)"
Proxima_Cen_B6_EB_X140ee,A002_Xdb7ab7_X140ee,224.91406440734863,223.08593940734863,118,15625000.0,224.22656440734863,2.755136489868164,"coarse (>5 MHz, continuum-mode -- weak technosignature constraint)"
Proxima_Cen_B6_EB_X140ee,A002_Xdb7ab7_X140ee,226.91406440734863,225.08593940734863,118,15625000.0,226.10156440734863,3.1644482612609863,"coarse (>5 MHz, continuum-mode -- weak technosignature constraint)"
Proxima_Cen_B6_EB_X140ee,A002_Xdb7ab7_X140ee,239.08593559285134,240.91406059285134,118,15625000.0,240.16406059285134,2.7859132289886475,"coarse (>5 MHz, continuum-mode -- weak technosignature constraint)"
Proxima_Cen_B6_EB_X140ee,A002_Xdb7ab7_X140ee,241.0859355926514,242.9140605926514,118,15625000.0,241.3671855926514,2.377549171447754,"coarse (>5 MHz, continuum-mode -- weak technosignature constraint)"
Proxima_Cen_B6_EB_X1426f,A002_X106f040_X1426f,224.91406440734863,223.08593940734863,118,15625000.0,223.61718940734863,2.548217535018921,"coarse (>5 MHz, continuum-mode -- weak technosignature constraint)"
Proxima_Cen_B6_EB_X1426f,A002_X106f040_X1426f,226.91406440734863,225.08593940734863,118,15625000.0,226.24218940734863,3.1656548976898193,"coarse (>5 MHz, continuum-mode -- weak technosignature constraint)"
Proxima_Cen_B6_EB_X1426f,A002_X106f040_X1426f,239.08593559285134,240.91406059285134,118,15625000.0,239.35156059285134,3.469372272491455,"coarse (>5 MHz, continuum-mode -- weak technosignature constraint)"
Proxima_Cen_B6_EB_X1426f,A002_X106f040_X1426f,241.0859355926514,242.9140605926514,118,15625000.0,242.7265605926514,3.0103299617767334,"coarse (>5 MHz, continuum-mode -- weak technosignature constraint)"
Proxima_Cen_B6_EB_X148f3,A002_X106f040_X148f3,224.91406440734863,223.08593940734863,118,15625000.0,223.91406440734863,2.3305912017822266,"coarse (>5 MHz, continuum-mode -- weak technosignature constraint)"
Proxima_Cen_B6_EB_X148f3,A002_X106f040_X148f3,226.91406440734863,225.08593940734863,118,15625000.0,226.75781440734863,2.6974658966064453,"coarse (>5 MHz, continuum-mode -- weak technosignature constraint)"
Proxima_Cen_B6_EB_X148f3,A002_X106f040_X148f3,239.08593559285134,240.91406059285134,118,15625000.0,240.47656059285134,2.6925532817840576,"coarse (>5 MHz, continuum-mode -- weak technosignature constraint)"
Proxima_Cen_B6_EB_X148f3,A002_X106f040_X148f3,241.0859355926514,242.9140605926514,118,15625000.0,242.7421855926514,2.5360662937164307,"coarse (>5 MHz, continuum-mode -- weak technosignature constraint)"
Proxima_Cen_B6_EB_X14cad,A002_Xdb7ab7_X14cad,224.91406440734863,223.08593940734863,118,15625000.0,224.28906440734863,2.7912614345550537,"coarse (>5 MHz, continuum-mode -- weak technosignature constraint)"
Proxima_Cen_B6_EB_X14cad,A002_Xdb7ab7_X14cad,226.91406440734863,225.08593940734863,118,15625000.0,226.00781440734863,2.9508957862854004,"coarse (>5 MHz, continuum-mode -- weak technosignature constraint)"
Proxima_Cen_B6_EB_X14cad,A002_Xdb7ab7_X14cad,239.08593559285134,240.91406059285134,118,15625000.0,240.88281059285134,2.6235573291778564,"coarse (>5 MHz, continuum-mode -- weak technosignature constraint)"
Proxima_Cen_B6_EB_X14cad,A002_Xdb7ab7_X14cad,241.0859355926514,242.9140605926514,118,15625000.0,242.0859355926514,3.1566579341888428,"coarse (>5 MHz, continuum-mode -- weak technosignature constraint)"
Proxima_Cen_B6_EB_X15509,A002_Xdb7ab7_X15509,224.91406440734863,223.08593940734863,118,15625000.0,224.47656440734863,2.7109928131103516,"coarse (>5 MHz, continuum-mode -- weak technosignature constraint)"
Proxima_Cen_B6_EB_X15509,A002_Xdb7ab7_X15509,226.91406440734863,225.08593940734863,118,15625000.0,226.85156440734863,3.1321628093719482,"coarse (>5 MHz, continuum-mode -- weak technosignature constraint)"
Proxima_Cen_B6_EB_X15509,A002_Xdb7ab7_X15509,239.08593559285134,240.91406059285134,118,15625000.0,239.36718559285134,2.9906368255615234,"coarse (>5 MHz, continuum-mode -- weak technosignature constraint)"
Proxima_Cen_B6_EB_X15509,A002_Xdb7ab7_X15509,241.0859355926514,242.9140605926514,118,15625000.0,241.3984355926514,2.5728259086608887,"coarse (>5 MHz, continuum-mode -- weak technosignature constraint)"
Proxima_Cen_B6_EB_X15d13,A002_Xdb7ab7_X15d13,224.91406440734863,223.08593940734863,118,15625000.0,224.91406440734863,3.302778720855713,"coarse (>5 MHz, continuum-mode -- weak technosignature constraint)"
Proxima_Cen_B6_EB_X15d13,A002_Xdb7ab7_X15d13,226.91406440734863,225.08593940734863,118,15625000.0,225.36718940734863,2.020486354827881,"coarse (>5 MHz, continuum-mode -- weak technosignature constraint)"
Proxima_Cen_B6_EB_X15d13,A002_Xdb7ab7_X15d13,239.08593559285134,240.91406059285134,118,15625000.0,239.77343559285134,2.2715096473693848,"coarse (>5 MHz, continuum-mode -- weak technosignature constraint)"
Proxima_Cen_B6_EB_X15d13,A002_Xdb7ab7_X15d13,241.0859355926514,242.9140605926514,118,15625000.0,241.6953105926514,2.9099209308624268,"coarse (>5 MHz, continuum-mode -- weak technosignature constraint)"
Proxima_Cen_B6_EB_X167,A002_X1074d99_X167,224.91406440734863,223.08593940734863,118,15625000.0,224.27343940734863,3.169055461883545,"coarse (>5 MHz, continuum-mode -- weak technosignature constraint)"
Proxima_Cen_B6_EB_X167,A002_X1074d99_X167,226.91406440734863,225.08593940734863,118,15625000.0,226.08593940734863,2.614640951156616,"coarse (>5 MHz, continuum-mode -- weak technosignature constraint)"
Proxima_Cen_B6_EB_X167,A002_X1074d99_X167,239.08593559285134,240.91406059285134,118,15625000.0,240.42968559285134,2.22664475440979,"coarse (>5 MHz, continuum-mode -- weak technosignature constraint)"
Proxima_Cen_B6_EB_X167,A002_X1074d99_X167,241.0859355926514,242.9140605926514,118,15625000.0,241.2421855926514,2.280395269393921,"coarse (>5 MHz, continuum-mode -- weak technosignature constraint)"
Proxima_Cen_B6_EB_X181a,A002_Xbd8c60_X181a,224.8671875,223.1328125,112,15625000.0,223.3046875,2.288097620010376,"coarse (>5 MHz, continuum-mode -- weak technosignature constraint)"
Proxima_Cen_B6_EB_X181a,A002_Xbd8c60_X181a,226.8671875,225.1328125,112,15625000.0,225.3671875,2.4910807609558105,"coarse (>5 MHz, continuum-mode -- weak technosignature constraint)"
Proxima_Cen_B6_EB_X181a,A002_Xbd8c60_X181a,239.13281250019998,240.86718750019998,112,15625000.0,239.71093750019998,3.450535774230957,"coarse (>5 MHz, continuum-mode -- weak technosignature constraint)"
Proxima_Cen_B6_EB_X181a,A002_Xbd8c60_X181a,241.13281250000003,242.86718750000003,112,15625000.0,241.60156250000003,2.3278820514678955,"coarse (>5 MHz, continuum-mode -- weak technosignature constraint)"
Proxima_Cen_B6_EB_X1865,A002_Xdbc154_X1865,224.91406440734863,223.08593940734863,118,15625000.0,223.46093940734863,1.9377429485321045,"coarse (>5 MHz, continuum-mode -- weak technosignature constraint)"
Proxima_Cen_B6_EB_X1865,A002_Xdbc154_X1865,226.91406440734863,225.08593940734863,118,15625000.0,225.17968940734863,2.9820358753204346,"coarse (>5 MHz, continuum-mode -- weak technosignature constraint)"
Proxima_Cen_B6_EB_X1865,A002_Xdbc154_X1865,239.08593559285134,240.91406059285134,118,15625000.0,239.33593559285134,2.867947578430176,"coarse (>5 MHz, continuum-mode -- weak technosignature constraint)"
Proxima_Cen_B6_EB_X1865,A002_Xdbc154_X1865,241.0859355926514,242.9140605926514,118,15625000.0,242.8203105926514,1.9672356843948364,"coarse (>5 MHz, continuum-mode -- weak technosignature constraint)"
Proxima_Cen_B6_EB_X18d1,A002_Xbd27fa_X18d1,224.8671875,223.1328125,112,15625000.0,223.5234375,2.7127599716186523,"coarse (>5 MHz, continuum-mode -- weak technosignature constraint)"
Proxima_Cen_B6_EB_X18d1,A002_Xbd27fa_X18d1,226.8671875,225.1328125,112,15625000.0,225.9765625,2.5137076377868652,"coarse (>5 MHz, continuum-mode -- weak technosignature constraint)"
Proxima_Cen_B6_EB_X18d1,A002_Xbd27fa_X18d1,239.13281250019998,240.86718750019998,112,15625000.0,240.39843750019998,2.7748336791992188,"coarse (>5 MHz, continuum-mode -- weak technosignature constraint)"
Proxima_Cen_B6_EB_X18d1,A002_Xbd27fa_X18d1,241.13281250000003,242.86718750000003,112,15625000.0,242.36718750000003,2.779942512512207,"coarse (>5 MHz, continuum-mode -- weak technosignature constraint)"
Proxima_Cen_B6_EB_X1938,A002_Xdc0d09_X1938,224.91406440734863,223.08593940734863,118,15625000.0,224.49218940734863,2.1575262546539307,"coarse (>5 MHz, continuum-mode -- weak technosignature constraint)"
Proxima_Cen_B6_EB_X1938,A002_Xdc0d09_X1938,226.91406440734863,225.08593940734863,118,15625000.0,226.55468940734863,2.8908276557922363,"coarse (>5 MHz, continuum-mode -- weak technosignature constraint)"
Proxima_Cen_B6_EB_X1938,A002_Xdc0d09_X1938,239.08593559285134,240.91406059285134,118,15625000.0,239.25781059285134,2.6898858547210693,"coarse (>5 MHz, continuum-mode -- weak technosignature constraint)"
Proxima_Cen_B6_EB_X1938,A002_Xdc0d09_X1938,241.0859355926514,242.9140605926514,118,15625000.0,242.0546855926514,2.8843436241149902,"coarse (>5 MHz, continuum-mode -- weak technosignature constraint)"
Proxima_Cen_B6_EB_X19c0,A002_Xdb7ab7_X19c0,224.91406440734863,223.08593940734863,118,15625000.0,224.66406440734863,2.4288485050201416,"coarse (>5 MHz, continuum-mode -- weak technosignature constraint)"
Proxima_Cen_B6_EB_X19c0,A002_Xdb7ab7_X19c0,226.91406440734863,225.08593940734863,118,15625000.0,225.17968940734863,2.8097636699676514,"coarse (>5 MHz, continuum-mode -- weak technosignature constraint)"
Proxima_Cen_B6_EB_X19c0,A002_Xdb7ab7_X19c0,239.08593559285134,240.91406059285134,118,15625000.0,239.08593559285134,2.797837257385254,"coarse (>5 MHz, continuum-mode -- weak technosignature constraint)"
Proxima_Cen_B6_EB_X19c0,A002_Xdb7ab7_X19c0,241.0859355926514,242.9140605926514,118,15625000.0,242.7421855926514,2.881901741027832,"coarse (>5 MHz, continuum-mode -- weak technosignature constraint)"
Proxima_Cen_B6_EB_X19c5,A002_X106b646_X19c5,224.91406440734863,223.08593940734863,118,15625000.0,223.19531440734863,2.458876371383667,"coarse (>5 MHz, continuum-mode -- weak technosignature constraint)"
Proxima_Cen_B6_EB_X19c5,A002_X106b646_X19c5,226.91406440734863,225.08593940734863,118,15625000.0,225.36718940734863,2.7620627880096436,"coarse (>5 MHz, continuum-mode -- weak technosignature constraint)"
Proxima_Cen_B6_EB_X19c5,A002_X106b646_X19c5,239.08593559285134,240.91406059285134,118,15625000.0,240.88281059285134,2.131361961364746,"coarse (>5 MHz, continuum-mode -- weak technosignature constraint)"
Proxima_Cen_B6_EB_X19c5,A002_X106b646_X19c5,241.0859355926514,242.9140605926514,118,15625000.0,241.3671855926514,2.516131639480591,"coarse (>5 MHz, continuum-mode -- weak technosignature constraint)"
Proxima_Cen_B6_EB_X1a38,A002_X106ccd1_X1a38,224.91406440734863,223.08593940734863,118,15625000.0,224.57031440734863,2.6595051288604736,"coarse (>5 MHz, continuum-mode -- weak technosignature constraint)"
Proxima_Cen_B6_EB_X1a38,A002_X106ccd1_X1a38,226.91406440734863,225.08593940734863,118,15625000.0,225.44531440734863,2.653703451156616,"coarse (>5 MHz, continuum-mode -- weak technosignature constraint)"
Proxima_Cen_B6_EB_X1a38,A002_X106ccd1_X1a38,239.08593559285134,240.91406059285134,118,15625000.0,239.13281059285134,2.3576223850250244,"coarse (>5 MHz, continuum-mode -- weak technosignature constraint)"
Proxima_Cen_B6_EB_X1a38,A002_X106ccd1_X1a38,241.0859355926514,242.9140605926514,118,15625000.0,242.4453105926514,2.2842297554016113,"coarse (>5 MHz, continuum-mode -- weak technosignature constraint)"
Proxima_Cen_B6_EB_X1ba2,A002_X107376c_X1ba2,224.91406440734863,223.08593940734863,118,15625000.0,223.27343940734863,3.8075854778289795,"coarse (>5 MHz, continuum-mode -- weak technosignature constraint)"
Proxima_Cen_B6_EB_X1ba2,A002_X107376c_X1ba2,226.91406440734863,225.08593940734863,118,15625000.0,225.55468940734863,3.3317313194274902,"coarse (>5 MHz, continuum-mode -- weak technosignature constraint)"
Proxima_Cen_B6_EB_X1ba2,A002_X107376c_X1ba2,239.08593559285134,240.91406059285134,118,15625000.0,239.38281059285134,3.063154935836792,"coarse (>5 MHz, continuum-mode -- weak technosignature constraint)"
Proxima_Cen_B6_EB_X1ba2,A002_X107376c_X1ba2,241.0859355926514,242.9140605926514,118,15625000.0,242.9140605926514,3.656952381134033,"coarse (>5 MHz, continuum-mode -- weak technosignature constraint)"
Proxima_Cen_B6_EB_X202a,A002_Xdbc154_X202a,224.91406440734863,223.08593940734863,118,15625000.0,224.21093940734863,2.3586268424987793,"coarse (>5 MHz, continuum-mode -- weak technosignature constraint)"
Proxima_Cen_B6_EB_X202a,A002_Xdbc154_X202a,226.91406440734863,225.08593940734863,118,15625000.0,226.25781440734863,3.367842435836792,"coarse (>5 MHz, continuum-mode -- weak technosignature constraint)"
Proxima_Cen_B6_EB_X202a,A002_Xdbc154_X202a,239.08593559285134,240.91406059285134,118,15625000.0,239.08593559285134,3.4261157512664795,"coarse (>5 MHz, continuum-mode -- weak technosignature constraint)"
Proxima_Cen_B6_EB_X202a,A002_Xdbc154_X202a,241.0859355926514,242.9140605926514,118,15625000.0,241.1953105926514,2.8851821422576904,"coarse (>5 MHz, continuum-mode -- weak technosignature constraint)"
Proxima_Cen_B6_EB_X21a9,A002_X106b646_X21a9,224.91406440734863,223.08593940734863,118,15625000.0,224.33593940734863,3.0076756477355957,"coarse (>5 MHz, continuum-mode -- weak technosignature constraint)"
Proxima_Cen_B6_EB_X21a9,A002_X106b646_X21a9,226.91406440734863,225.08593940734863,118,15625000.0,225.08593940734863,2.1083295345306396,"coarse (>5 MHz, continuum-mode -- weak technosignature constraint)"
Proxima_Cen_B6_EB_X21a9,A002_X106b646_X21a9,239.08593559285134,240.91406059285134,118,15625000.0,240.77343559285134,2.0399372577667236,"coarse (>5 MHz, continuum-mode -- weak technosignature constraint)"
Proxima_Cen_B6_EB_X21a9,A002_X106b646_X21a9,241.0859355926514,242.9140605926514,118,15625000.0,242.5703105926514,2.3693366050720215,"coarse (>5 MHz, continuum-mode -- weak technosignature constraint)"
Proxima_Cen_B6_EB_X21e1,A002_Xbd2fbe_X21e1,224.8671875,223.1328125,112,15625000.0,224.6328125,2.465517282485962,"coarse (>5 MHz, continuum-mode -- weak technosignature constraint)"
Proxima_Cen_B6_EB_X21e1,A002_Xbd2fbe_X21e1,226.8671875,225.1328125,112,15625000.0,226.4609375,3.4493982791900635,"coarse (>5 MHz, continuum-mode -- weak technosignature constraint)"
Proxima_Cen_B6_EB_X21e1,A002_Xbd2fbe_X21e1,239.13281250019998,240.86718750019998,112,15625000.0,239.25781250019998,2.694831371307373,"coarse (>5 MHz, continuum-mode -- weak technosignature constraint)"
Proxima_Cen_B6_EB_X21e1,A002_Xbd2fbe_X21e1,241.13281250000003,242.86718750000003,112,15625000.0,241.53906250000003,1.968305230140686,"coarse (>5 MHz, continuum-mode -- weak technosignature constraint)"
Proxima_Cen_B6_EB_X240f,A002_Xdc0d09_X240f,224.91406440734863,223.08593940734863,118,15625000.0,224.13281440734863,2.735502243041992,"coarse (>5 MHz, continuum-mode -- weak technosignature constraint)"
Proxima_Cen_B6_EB_X240f,A002_Xdc0d09_X240f,226.91406440734863,225.08593940734863,118,15625000.0,225.72656440734863,2.56381893157959,"coarse (>5 MHz, continuum-mode -- weak technosignature constraint)"
Proxima_Cen_B6_EB_X240f,A002_Xdc0d09_X240f,239.08593559285134,240.91406059285134,118,15625000.0,240.82031059285134,3.174337148666382,"coarse (>5 MHz, continuum-mode -- weak technosignature constraint)"
Proxima_Cen_B6_EB_X240f,A002_Xdc0d09_X240f,241.0859355926514,242.9140605926514,118,15625000.0,242.3203105926514,2.051110029220581,"coarse (>5 MHz, continuum-mode -- weak technosignature constraint)"
Proxima_Cen_B6_EB_X252f,A002_Xdc21b9_X252f,224.91406440734863,223.08593940734863,118,15625000.0,224.33593940734863,3.098357915878296,"coarse (>5 MHz, continuum-mode -- weak technosignature constraint)"
Proxima_Cen_B6_EB_X252f,A002_Xdc21b9_X252f,226.91406440734863,225.08593940734863,118,15625000.0,225.88281440734863,2.76348614692688,"coarse (>5 MHz, continuum-mode -- weak technosignature constraint)"
Proxima_Cen_B6_EB_X252f,A002_Xdc21b9_X252f,239.08593559285134,240.91406059285134,118,15625000.0,240.46093559285134,2.068084716796875,"coarse (>5 MHz, continuum-mode -- weak technosignature constraint)"
Proxima_Cen_B6_EB_X252f,A002_Xdc21b9_X252f,241.0859355926514,242.9140605926514,118,15625000.0,242.3203105926514,2.3963799476623535,"coarse (>5 MHz, continuum-mode -- weak technosignature constraint)"
Proxima_Cen_B6_EB_X26c7,A002_X106f040_X26c7,224.91406440734863,223.08593940734863,118,15625000.0,223.38281440734863,2.5429673194885254,"coarse (>5 MHz, continuum-mode -- weak technosignature constraint)"
Proxima_Cen_B6_EB_X26c7,A002_X106f040_X26c7,226.91406440734863,225.08593940734863,118,15625000.0,226.50781440734863,2.5730111598968506,"coarse (>5 MHz, continuum-mode -- weak technosignature constraint)"
Proxima_Cen_B6_EB_X26c7,A002_X106f040_X26c7,239.08593559285134,240.91406059285134,118,15625000.0,240.13281059285134,2.500406503677368,"coarse (>5 MHz, continuum-mode -- weak technosignature constraint)"
Proxima_Cen_B6_EB_X26c7,A002_X106f040_X26c7,241.0859355926514,242.9140605926514,118,15625000.0,242.8203105926514,2.524052143096924,"coarse (>5 MHz, continuum-mode -- weak technosignature constraint)"
Proxima_Cen_B6_EB_X26f7,A002_Xbf9c0a_X26f7,224.8671875,223.1328125,112,15625000.0,224.4453125,2.3595619201660156,"coarse (>5 MHz, continuum-mode -- weak technosignature constraint)"
Proxima_Cen_B6_EB_X26f7,A002_Xbf9c0a_X26f7,226.8671875,225.1328125,112,15625000.0,226.8046875,2.07027530670166,"coarse (>5 MHz, continuum-mode -- weak technosignature constraint)"
Proxima_Cen_B6_EB_X26f7,A002_Xbf9c0a_X26f7,239.13281250019998,240.86718750019998,112,15625000.0,239.89843750019998,2.4910004138946533,"coarse (>5 MHz, continuum-mode -- weak technosignature constraint)"
Proxima_Cen_B6_EB_X26f7,A002_Xbf9c0a_X26f7,241.13281250000003,242.86718750000003,112,15625000.0,241.80468750000003,2.4546468257904053,"coarse (>5 MHz, continuum-mode -- weak technosignature constraint)"
Proxima_Cen_B6_EB_X2720,A002_Xbcef34_X2720,224.8671875,223.1328125,112,15625000.0,224.8046875,3.3325581550598145,"coarse (>5 MHz, continuum-mode -- weak technosignature constraint)"
Proxima_Cen_B6_EB_X2720,A002_Xbcef34_X2720,226.8671875,225.1328125,112,15625000.0,226.6640625,2.433098793029785,"coarse (>5 MHz, continuum-mode -- weak technosignature constraint)"
Proxima_Cen_B6_EB_X2720,A002_Xbcef34_X2720,239.13281250019998,240.86718750019998,112,15625000.0,239.86718750019998,2.4541611671447754,"coarse (>5 MHz, continuum-mode -- weak technosignature constraint)"
Proxima_Cen_B6_EB_X2720,A002_Xbcef34_X2720,241.13281250000003,242.86718750000003,112,15625000.0,242.14843750000003,2.392413854598999,"coarse (>5 MHz, continuum-mode -- weak technosignature constraint)"
Proxima_Cen_B6_EB_X2724,A002_Xdbc154_X2724,224.91406440734863,223.08593940734863,118,15625000.0,224.57031440734863,2.7584056854248047,"coarse (>5 MHz, continuum-mode -- weak technosignature constraint)"
Proxima_Cen_B6_EB_X2724,A002_Xdbc154_X2724,226.91406440734863,225.08593940734863,118,15625000.0,225.53906440734863,2.1671080589294434,"coarse (>5 MHz, continuum-mode -- weak technosignature constraint)"
Proxima_Cen_B6_EB_X2724,A002_Xdbc154_X2724,239.08593559285134,240.91406059285134,118,15625000.0,240.11718559285134,2.2085518836975098,"coarse (>5 MHz, continuum-mode -- weak technosignature constraint)"
Proxima_Cen_B6_EB_X2724,A002_Xdbc154_X2724,241.0859355926514,242.9140605926514,118,15625000.0,242.6953105926514,2.9760122299194336,"coarse (>5 MHz, continuum-mode -- weak technosignature constraint)"
Proxima_Cen_B6_EB_X27ab,A002_Xbd3836_X27ab,224.8671875,223.1328125,112,15625000.0,223.6328125,2.2986583709716797,"coarse (>5 MHz, continuum-mode -- weak technosignature constraint)"
Proxima_Cen_B6_EB_X27ab,A002_Xbd3836_X27ab,226.8671875,225.1328125,112,15625000.0,225.5390625,2.5135931968688965,"coarse (>5 MHz, continuum-mode -- weak technosignature constraint)"
Proxima_Cen_B6_EB_X27ab,A002_Xbd3836_X27ab,239.13281250019998,240.86718750019998,112,15625000.0,240.78906250019998,2.513749361038208,"coarse (>5 MHz, continuum-mode -- weak technosignature constraint)"
Proxima_Cen_B6_EB_X27ab,A002_Xbd3836_X27ab,241.13281250000003,242.86718750000003,112,15625000.0,241.69531250000003,2.567042112350464,"coarse (>5 MHz, continuum-mode -- weak technosignature constraint)"
Proxima_Cen_B6_EB_X2b06,A002_X106f040_X2b06,224.91406440734863,223.08593940734863,118,15625000.0,224.10156440734863,2.53559947013855,"coarse (>5 MHz, continuum-mode -- weak technosignature constraint)"
Proxima_Cen_B6_EB_X2b06,A002_X106f040_X2b06,226.91406440734863,225.08593940734863,118,15625000.0,226.08593940734863,2.428712844848633,"coarse (>5 MHz, continuum-mode -- weak technosignature constraint)"
Proxima_Cen_B6_EB_X2b06,A002_X106f040_X2b06,239.08593559285134,240.91406059285134,118,15625000.0,239.36718559285134,3.1764814853668213,"coarse (>5 MHz, continuum-mode -- weak technosignature constraint)"
Proxima_Cen_B6_EB_X2b06,A002_X106f040_X2b06,241.0859355926514,242.9140605926514,118,15625000.0,242.7265605926514,3.3271589279174805,"coarse (>5 MHz, continuum-mode -- weak technosignature constraint)"
Proxima_Cen_B6_EB_X2b13,A002_Xbe43ba_X2b13,224.8671875,223.1328125,112,15625000.0,224.8515625,2.9000771045684814,"coarse (>5 MHz, continuum-mode -- weak technosignature constraint)"
Proxima_Cen_B6_EB_X2b13,A002_Xbe43ba_X2b13,226.8671875,225.1328125,112,15625000.0,225.4609375,2.4896533489227295,"coarse (>5 MHz, continuum-mode -- weak technosignature constraint)"
Proxima_Cen_B6_EB_X2b13,A002_Xbe43ba_X2b13,239.13281250019998,240.86718750019998,112,15625000.0,240.13281250019998,2.722524642944336,"coarse (>5 MHz, continuum-mode -- weak technosignature constraint)"
Proxima_Cen_B6_EB_X2b13,A002_Xbe43ba_X2b13,241.13281250000003,242.86718750000003,112,15625000.0,241.53906250000003,2.3839972019195557,"coarse (>5 MHz, continuum-mode -- weak technosignature constraint)"
Proxima_Cen_B6_EB_X2b65,A002_Xdc21b9_X2b65,224.91406440734863,223.08593940734863,118,15625000.0,224.91406440734863,2.726445436477661,"coarse (>5 MHz, continuum-mode -- weak technosignature constraint)"
Proxima_Cen_B6_EB_X2b65,A002_Xdc21b9_X2b65,226.91406440734863,225.08593940734863,118,15625000.0,226.11718940734863,3.342773914337158,"coarse (>5 MHz, continuum-mode -- weak technosignature constraint)"
Proxima_Cen_B6_EB_X2b65,A002_Xdc21b9_X2b65,239.08593559285134,240.91406059285134,118,15625000.0,239.46093559285134,2.662395477294922,"coarse (>5 MHz, continuum-mode -- weak technosignature constraint)"
Proxima_Cen_B6_EB_X2b65,A002_Xdc21b9_X2b65,241.0859355926514,242.9140605926514,118,15625000.0,241.5078105926514,2.6564903259277344,"coarse (>5 MHz, continuum-mode -- weak technosignature constraint)"
Proxima_Cen_B6_EB_X2d40,A002_Xbd3836_X2d40,224.8671875,223.1328125,112,15625000.0,223.7265625,2.589406967163086,"coarse (>5 MHz, continuum-mode -- weak technosignature constraint)"
Proxima_Cen_B6_EB_X2d40,A002_Xbd3836_X2d40,226.8671875,225.1328125,112,15625000.0,225.6953125,2.5020055770874023,"coarse (>5 MHz, continuum-mode -- weak technosignature constraint)"
Proxima_Cen_B6_EB_X2d40,A002_Xbd3836_X2d40,239.13281250019998,240.86718750019998,112,15625000.0,240.32031250019998,2.3861873149871826,"coarse (>5 MHz, continuum-mode -- weak technosignature constraint)"
Proxima_Cen_B6_EB_X2d40,A002_Xbd3836_X2d40,241.13281250000003,242.86718750000003,112,15625000.0,241.19531250000003,2.2109062671661377,"coarse (>5 MHz, continuum-mode -- weak technosignature constraint)"
Proxima_Cen_B6_EB_X2e44,A002_Xdc0d09_X2e44,224.91406440734863,223.08593940734863,118,15625000.0,224.72656440734863,3.0041732788085938,"coarse (>5 MHz, continuum-mode -- weak technosignature constraint)"
Proxima_Cen_B6_EB_X2e44,A002_Xdc0d09_X2e44,226.91406440734863,225.08593940734863,118,15625000.0,225.36718940734863,3.150892734527588,"coarse (>5 MHz, continuum-mode -- weak technosignature constraint)"
Proxima_Cen_B6_EB_X2e44,A002_Xdc0d09_X2e44,239.08593559285134,240.91406059285134,118,15625000.0,239.77343559285134,2.6671998500823975,"coarse (>5 MHz, continuum-mode -- weak technosignature constraint)"
Proxima_Cen_B6_EB_X2e44,A002_Xdc0d09_X2e44,241.0859355926514,242.9140605926514,118,15625000.0,241.2109355926514,2.908081531524658,"coarse (>5 MHz, continuum-mode -- weak technosignature constraint)"
Proxima_Cen_B6_EB_X2e50,A002_Xdc21b9_X2e50,224.91406440734863,223.08593940734863,118,15625000.0,223.78906440734863,3.068648338317871,"coarse (>5 MHz, continuum-mode -- weak technosignature constraint)"
Proxima_Cen_B6_EB_X2e50,A002_Xdc21b9_X2e50,226.91406440734863,225.08593940734863,118,15625000.0,226.57031440734863,2.271890640258789,"coarse (>5 MHz, continuum-mode -- weak technosignature constraint)"
Proxima_Cen_B6_EB_X2e50,A002_Xdc21b9_X2e50,239.08593559285134,240.91406059285134,118,15625000.0,239.74218559285134,2.251314878463745,"coarse (>5 MHz, continuum-mode -- weak technosignature constraint)"
Proxima_Cen_B6_EB_X2e50,A002_Xdc21b9_X2e50,241.0859355926514,242.9140605926514,118,15625000.0,242.7734355926514,2.985893726348877,"coarse (>5 MHz, continuum-mode -- weak technosignature constraint)"
Proxima_Cen_B6_EB_X2e59,A002_X106f040_X2e59,224.91406440734863,223.08593940734863,118,15625000.0,224.57031440734863,2.839616060256958,"coarse (>5 MHz, continuum-mode -- weak technosignature constraint)"
Proxima_Cen_B6_EB_X2e59,A002_X106f040_X2e59,226.91406440734863,225.08593940734863,118,15625000.0,225.47656440734863,3.34023380279541,"coarse (>5 MHz, continuum-mode -- weak technosignature constraint)"
Proxima_Cen_B6_EB_X2e59,A002_X106f040_X2e59,239.08593559285134,240.91406059285134,118,15625000.0,239.75781059285134,2.4091999530792236,"coarse (>5 MHz, continuum-mode -- weak technosignature constraint)"
Proxima_Cen_B6_EB_X2e59,A002_X106f040_X2e59,241.0859355926514,242.9140605926514,118,15625000.0,242.3046855926514,2.6639537811279297,"coarse (>5 MHz, continuum-mode -- weak technosignature constraint)"
Proxima_Cen_B6_EB_X33c3,A002_Xdc21b9_X33c3,224.91406440734863,223.08593940734863,118,15625000.0,224.27343940734863,3.0441277027130127,"coarse (>5 MHz, continuum-mode -- weak technosignature constraint)"
Proxima_Cen_B6_EB_X33c3,A002_Xdc21b9_X33c3,226.91406440734863,225.08593940734863,118,15625000.0,226.03906440734863,3.0518031120300293,"coarse (>5 MHz, continuum-mode -- weak technosignature constraint)"
Proxima_Cen_B6_EB_X33c3,A002_Xdc21b9_X33c3,239.08593559285134,240.91406059285134,118,15625000.0,240.19531059285134,2.399090051651001,"coarse (>5 MHz, continuum-mode -- weak technosignature constraint)"
Proxima_Cen_B6_EB_X33c3,A002_Xdc21b9_X33c3,241.0859355926514,242.9140605926514,118,15625000.0,241.2734355926514,2.811837673187256,"coarse (>5 MHz, continuum-mode -- weak technosignature constraint)"
Proxima_Cen_B6_EB_X49cb,A002_Xbdb592_X49cb,224.8671875,223.1328125,112,15625000.0,223.2265625,3.0135135650634766,"coarse (>5 MHz, continuum-mode -- weak technosignature constraint)"
Proxima_Cen_B6_EB_X49cb,A002_Xbdb592_X49cb,226.8671875,225.1328125,112,15625000.0,226.7109375,2.5566508769989014,"coarse (>5 MHz, continuum-mode -- weak technosignature constraint)"
Proxima_Cen_B6_EB_X49cb,A002_Xbdb592_X49cb,239.13281250019998,240.86718750019998,112,15625000.0,239.46093750019998,2.726928949356079,"coarse (>5 MHz, continuum-mode -- weak technosignature constraint)"
Proxima_Cen_B6_EB_X49cb,A002_Xbdb592_X49cb,241.13281250000003,242.86718750000003,112,15625000.0,242.22656250000003,2.3587827682495117,"coarse (>5 MHz, continuum-mode -- weak technosignature constraint)"
Proxima_Cen_B6_EB_X5218,A002_Xbd3836_X5218,224.8671875,223.1328125,112,15625000.0,223.5390625,2.587190866470337,"coarse (>5 MHz, continuum-mode -- weak technosignature constraint)"
Proxima_Cen_B6_EB_X5218,A002_Xbd3836_X5218,226.8671875,225.1328125,112,15625000.0,226.3046875,2.2951290607452393,"coarse (>5 MHz, continuum-mode -- weak technosignature constraint)"
Proxima_Cen_B6_EB_X5218,A002_Xbd3836_X5218,239.13281250019998,240.86718750019998,112,15625000.0,239.38281250019998,2.796862840652466,"coarse (>5 MHz, continuum-mode -- weak technosignature constraint)"
Proxima_Cen_B6_EB_X5218,A002_Xbd3836_X5218,241.13281250000003,242.86718750000003,112,15625000.0,242.67968750000003,2.1895878314971924,"coarse (>5 MHz, continuum-mode -- weak technosignature constraint)"
Proxima_Cen_B6_EB_X54d7,A002_Xbd3836_X54d7,224.8671875,223.1328125,112,15625000.0,224.7109375,3.8173348903656006,"coarse (>5 MHz, continuum-mode -- weak technosignature constraint)"
Proxima_Cen_B6_EB_X54d7,A002_Xbd3836_X54d7,226.8671875,225.1328125,112,15625000.0,226.6328125,2.6302244663238525,"coarse (>5 MHz, continuum-mode -- weak technosignature constraint)"
Proxima_Cen_B6_EB_X54d7,A002_Xbd3836_X54d7,239.13281250019998,240.86718750019998,112,15625000.0,240.27343750019998,3.271617889404297,"coarse (>5 MHz, continuum-mode -- weak technosignature constraint)"
Proxima_Cen_B6_EB_X54d7,A002_Xbd3836_X54d7,241.13281250000003,242.86718750000003,112,15625000.0,241.66406250000003,2.0212562084198,"coarse (>5 MHz, continuum-mode -- weak technosignature constraint)"
Proxima_Cen_B6_EB_X59f,A002_X107649f_X59f,224.91406440734863,223.08593940734863,118,15625000.0,223.83593940734863,2.5602028369903564,"coarse (>5 MHz, continuum-mode -- weak technosignature constraint)"
Proxima_Cen_B6_EB_X59f,A002_X107649f_X59f,226.91406440734863,225.08593940734863,118,15625000.0,225.46093940734863,3.431584596633911,"coarse (>5 MHz, continuum-mode -- weak technosignature constraint)"
Proxima_Cen_B6_EB_X59f,A002_X107649f_X59f,239.08593559285134,240.91406059285134,118,15625000.0,240.69531059285134,2.9457547664642334,"coarse (>5 MHz, continuum-mode -- weak technosignature constraint)"
Proxima_Cen_B6_EB_X59f,A002_X107649f_X59f,241.0859355926514,242.9140605926514,118,15625000.0,242.8984355926514,2.550621509552002,"coarse (>5 MHz, continuum-mode -- weak technosignature constraint)"
Proxima_Cen_B6_EB_X6a0c,A002_X106a1f1_X6a0c,224.91406440734863,223.08593940734863,118,15625000.0,223.14843940734863,2.9807369709014893,"coarse (>5 MHz, continuum-mode -- weak technosignature constraint)"
Proxima_Cen_B6_EB_X6a0c,A002_X106a1f1_X6a0c,226.91406440734863,225.08593940734863,118,15625000.0,226.13281440734863,2.9656829833984375,"coarse (>5 MHz, continuum-mode -- weak technosignature constraint)"
Proxima_Cen_B6_EB_X6a0c,A002_X106a1f1_X6a0c,239.08593559285134,240.91406059285134,118,15625000.0,240.07031059285134,3.174107074737549,"coarse (>5 MHz, continuum-mode -- weak technosignature constraint)"
Proxima_Cen_B6_EB_X6a0c,A002_X106a1f1_X6a0c,241.0859355926514,242.9140605926514,118,15625000.0,242.7578105926514,2.787888526916504,"coarse (>5 MHz, continuum-mode -- weak technosignature constraint)"
Proxima_Cen_B6_EB_X72c2,A002_Xbe43ba_X72c2,224.8671875,223.1328125,112,15625000.0,223.8671875,2.393840789794922,"coarse (>5 MHz, continuum-mode -- weak technosignature constraint)"
Proxima_Cen_B6_EB_X72c2,A002_Xbe43ba_X72c2,226.8671875,225.1328125,112,15625000.0,226.3671875,3.6261463165283203,"coarse (>5 MHz, continuum-mode -- weak technosignature constraint)"
Proxima_Cen_B6_EB_X72c2,A002_Xbe43ba_X72c2,239.13281250019998,240.86718750019998,112,15625000.0,239.92968750019998,2.478458881378174,"coarse (>5 MHz, continuum-mode -- weak technosignature constraint)"
Proxima_Cen_B6_EB_X72c2,A002_Xbe43ba_X72c2,241.13281250000003,242.86718750000003,112,15625000.0,241.13281250000003,2.7117884159088135,"coarse (>5 MHz, continuum-mode -- weak technosignature constraint)"
Proxima_Cen_B6_EB_X74e,A002_X1074d99_X74e,224.91406440734863,223.08593940734863,118,15625000.0,224.50781440734863,2.2513413429260254,"coarse (>5 MHz, continuum-mode -- weak technosignature constraint)"
Proxima_Cen_B6_EB_X74e,A002_X1074d99_X74e,226.91406440734863,225.08593940734863,118,15625000.0,225.66406440734863,2.248145818710327,"coarse (>5 MHz, continuum-mode -- weak technosignature constraint)"
Proxima_Cen_B6_EB_X74e,A002_X1074d99_X74e,239.08593559285134,240.91406059285134,118,15625000.0,240.42968559285134,3.610123634338379,"coarse (>5 MHz, continuum-mode -- weak technosignature constraint)"
Proxima_Cen_B6_EB_X74e,A002_X1074d99_X74e,241.0859355926514,242.9140605926514,118,15625000.0,242.2265605926514,3.6116862297058105,"coarse (>5 MHz, continuum-mode -- weak technosignature constraint)"
Proxima_Cen_B6_EB_X79e6,A002_Xbe43ba_X79e6,224.8671875,223.1328125,112,15625000.0,223.2109375,1.9925538301467896,"coarse (>5 MHz, continuum-mode -- weak technosignature constraint)"
Proxima_Cen_B6_EB_X79e6,A002_Xbe43ba_X79e6,226.8671875,225.1328125,112,15625000.0,226.2421875,1.9434301853179932,"coarse (>5 MHz, continuum-mode -- weak technosignature constraint)"
Proxima_Cen_B6_EB_X79e6,A002_Xbe43ba_X79e6,239.13281250019998,240.86718750019998,112,15625000.0,239.38281250019998,3.038578748703003,"coarse (>5 MHz, continuum-mode -- weak technosignature constraint)"
Proxima_Cen_B6_EB_X79e6,A002_Xbe43ba_X79e6,241.13281250000003,242.86718750000003,112,15625000.0,241.44531250000003,3.4167070388793945,"coarse (>5 MHz, continuum-mode -- weak technosignature constraint)"
Proxima_Cen_B6_EB_X868f,A002_X107649f_X868f,224.91406440734863,223.08593940734863,118,15625000.0,223.88281440734863,2.2810182571411133,"coarse (>5 MHz, continuum-mode -- weak technosignature constraint)"
Proxima_Cen_B6_EB_X868f,A002_X107649f_X868f,226.91406440734863,225.08593940734863,118,15625000.0,226.77343940734863,2.144744634628296,"coarse (>5 MHz, continuum-mode -- weak technosignature constraint)"
Proxima_Cen_B6_EB_X868f,A002_X107649f_X868f,239.08593559285134,240.91406059285134,118,15625000.0,239.35156059285134,3.1008546352386475,"coarse (>5 MHz, continuum-mode -- weak technosignature constraint)"
Proxima_Cen_B6_EB_X868f,A002_X107649f_X868f,241.0859355926514,242.9140605926514,118,15625000.0,242.5859355926514,3.100390911102295,"coarse (>5 MHz, continuum-mode -- weak technosignature constraint)"
Proxima_Cen_B6_EB_X8bda,A002_Xdb7ab7_X8bda,224.91406440734863,223.08593940734863,118,15625000.0,224.77343940734863,2.7274844646453857,"coarse (>5 MHz, continuum-mode -- weak technosignature constraint)"
Proxima_Cen_B6_EB_X8bda,A002_Xdb7ab7_X8bda,226.91406440734863,225.08593940734863,118,15625000.0,225.19531440734863,2.916131019592285,"coarse (>5 MHz, continuum-mode -- weak technosignature constraint)"
Proxima_Cen_B6_EB_X8bda,A002_Xdb7ab7_X8bda,239.08593559285134,240.91406059285134,118,15625000.0,239.61718559285134,2.619645118713379,"coarse (>5 MHz, continuum-mode -- weak technosignature constraint)"
Proxima_Cen_B6_EB_X8bda,A002_Xdb7ab7_X8bda,241.0859355926514,242.9140605926514,118,15625000.0,241.3046855926514,2.841968297958374,"coarse (>5 MHz, continuum-mode -- weak technosignature constraint)"
Proxima_Cen_B6_EB_X8f30,A002_X107649f_X8f30,224.91406440734863,223.08593940734863,118,15625000.0,224.28906440734863,3.8633008003234863,"coarse (>5 MHz, continuum-mode -- weak technosignature constraint)"
Proxima_Cen_B6_EB_X8f30,A002_X107649f_X8f30,226.91406440734863,225.08593940734863,118,15625000.0,226.53906440734863,3.9651949405670166,"coarse (>5 MHz, continuum-mode -- weak technosignature constraint)"
Proxima_Cen_B6_EB_X8f30,A002_X107649f_X8f30,239.08593559285134,240.91406059285134,118,15625000.0,239.61718559285134,3.164484977722168,"coarse (>5 MHz, continuum-mode -- weak technosignature constraint)"
Proxima_Cen_B6_EB_X8f30,A002_X107649f_X8f30,241.0859355926514,242.9140605926514,118,15625000.0,241.3515605926514,2.973618745803833,"coarse (>5 MHz, continuum-mode -- weak technosignature constraint)"
Proxima_Cen_B6_EB_X8f8a,A002_Xdb7ab7_X8f8a,224.91406440734863,223.08593940734863,118,15625000.0,224.69531440734863,2.6462037563323975,"coarse (>5 MHz, continuum-mode -- weak technosignature constraint)"
Proxima_Cen_B6_EB_X8f8a,A002_Xdb7ab7_X8f8a,226.91406440734863,225.08593940734863,118,15625000.0,226.53906440734863,3.119943857192993,"coarse (>5 MHz, continuum-mode -- weak technosignature constraint)"
Proxima_Cen_B6_EB_X8f8a,A002_Xdb7ab7_X8f8a,239.08593559285134,240.91406059285134,118,15625000.0,239.52343559285134,2.330894947052002,"coarse (>5 MHz, continuum-mode -- weak technosignature constraint)"
Proxima_Cen_B6_EB_X8f8a,A002_Xdb7ab7_X8f8a,241.0859355926514,242.9140605926514,118,15625000.0,242.7421855926514,3.0125153064727783,"coarse (>5 MHz, continuum-mode -- weak technosignature constraint)"
Proxima_Cen_B6_EB_X9026,A002_Xdbc154_X9026,224.91406440734863,223.08593940734863,118,15625000.0,223.44531440734863,2.423374891281128,"coarse (>5 MHz, continuum-mode -- weak technosignature constraint)"
Proxima_Cen_B6_EB_X9026,A002_Xdbc154_X9026,226.91406440734863,225.08593940734863,118,15625000.0,226.11718940734863,2.2350690364837646,"coarse (>5 MHz, continuum-mode -- weak technosignature constraint)"
Proxima_Cen_B6_EB_X9026,A002_Xdbc154_X9026,239.08593559285134,240.91406059285134,118,15625000.0,239.46093559285134,2.7242178916931152,"coarse (>5 MHz, continuum-mode -- weak technosignature constraint)"
Proxima_Cen_B6_EB_X9026,A002_Xdbc154_X9026,241.0859355926514,242.9140605926514,118,15625000.0,242.4453105926514,2.5855586528778076,"coarse (>5 MHz, continuum-mode -- weak technosignature constraint)"
Proxima_Cen_B6_EB_X9303,A002_Xdb7ab7_X9303,224.91406440734863,223.08593940734863,118,15625000.0,224.02343940734863,2.8969602584838867,"coarse (>5 MHz, continuum-mode -- weak technosignature constraint)"
Proxima_Cen_B6_EB_X9303,A002_Xdb7ab7_X9303,226.91406440734863,225.08593940734863,118,15625000.0,226.91406440734863,2.565208673477173,"coarse (>5 MHz, continuum-mode -- weak technosignature constraint)"
Proxima_Cen_B6_EB_X9303,A002_Xdb7ab7_X9303,239.08593559285134,240.91406059285134,118,15625000.0,240.25781059285134,2.2743985652923584,"coarse (>5 MHz, continuum-mode -- weak technosignature constraint)"
Proxima_Cen_B6_EB_X9303,A002_Xdb7ab7_X9303,241.0859355926514,242.9140605926514,118,15625000.0,241.6015605926514,2.129755973815918,"coarse (>5 MHz, continuum-mode -- weak technosignature constraint)"
Proxima_Cen_B6_EB_X9976,A002_X1077d5b_X9976,224.91406440734863,223.08593940734863,118,15625000.0,224.14843940734863,3.7005860805511475,"coarse (>5 MHz, continuum-mode -- weak technosignature constraint)"
Proxima_Cen_B6_EB_X9976,A002_X1077d5b_X9976,226.91406440734863,225.08593940734863,118,15625000.0,225.74218940734863,2.7503550052642822,"coarse (>5 MHz, continuum-mode -- weak technosignature constraint)"
Proxima_Cen_B6_EB_X9976,A002_X1077d5b_X9976,239.08593559285134,240.91406059285134,118,15625000.0,239.97656059285134,2.5768563747406006,"coarse (>5 MHz, continuum-mode -- weak technosignature constraint)"
Proxima_Cen_B6_EB_X9976,A002_X1077d5b_X9976,241.0859355926514,242.9140605926514,118,15625000.0,242.4765605926514,2.967149257659912,"coarse (>5 MHz, continuum-mode -- weak technosignature constraint)"
Proxima_Cen_B6_EB_X9c6e,A002_Xdbc154_X9c6e,224.91406440734863,223.08593940734863,118,15625000.0,224.33593940734863,3.284712791442871,"coarse (>5 MHz, continuum-mode -- weak technosignature constraint)"
Proxima_Cen_B6_EB_X9c6e,A002_Xdbc154_X9c6e,226.91406440734863,225.08593940734863,118,15625000.0,226.02343940734863,3.1284472942352295,"coarse (>5 MHz, continuum-mode -- weak technosignature constraint)"
Proxima_Cen_B6_EB_X9c6e,A002_Xdbc154_X9c6e,239.08593559285134,240.91406059285134,118,15625000.0,240.38281059285134,2.2169837951660156,"coarse (>5 MHz, continuum-mode -- weak technosignature constraint)"
Proxima_Cen_B6_EB_X9c6e,A002_Xdbc154_X9c6e,241.0859355926514,242.9140605926514,118,15625000.0,241.4609355926514,2.759103775024414,"coarse (>5 MHz, continuum-mode -- weak technosignature constraint)"
Proxima_Cen_B6_EB_Xa06b,A002_Xdb7ab7_Xa06b,224.91406440734863,223.08593940734863,118,15625000.0,223.66406440734863,2.8131227493286133,"coarse (>5 MHz, continuum-mode -- weak technosignature constraint)"
Proxima_Cen_B6_EB_Xa06b,A002_Xdb7ab7_Xa06b,226.91406440734863,225.08593940734863,118,15625000.0,226.25781440734863,3.2587804794311523,"coarse (>5 MHz, continuum-mode -- weak technosignature constraint)"
Proxima_Cen_B6_EB_Xa06b,A002_Xdb7ab7_Xa06b,239.08593559285134,240.91406059285134,118,15625000.0,240.25781059285134,2.7451465129852295,"coarse (>5 MHz, continuum-mode -- weak technosignature constraint)"
Proxima_Cen_B6_EB_Xa06b,A002_Xdb7ab7_Xa06b,241.0859355926514,242.9140605926514,118,15625000.0,241.1015605926514,2.7254631519317627,"coarse (>5 MHz, continuum-mode -- weak technosignature constraint)"
Proxima_Cen_B6_EB_Xa138,A002_Xdbc154_Xa138,224.91406440734863,223.08593940734863,118,15625000.0,223.44531440734863,2.2250118255615234,"coarse (>5 MHz, continuum-mode -- weak technosignature constraint)"
Proxima_Cen_B6_EB_Xa138,A002_Xdbc154_Xa138,226.91406440734863,225.08593940734863,118,15625000.0,226.07031440734863,2.9100241661071777,"coarse (>5 MHz, continuum-mode -- weak technosignature constraint)"
Proxima_Cen_B6_EB_Xa138,A002_Xdbc154_Xa138,239.08593559285134,240.91406059285134,118,15625000.0,240.02343559285134,3.318331480026245,"coarse (>5 MHz, continuum-mode -- weak technosignature constraint)"
Proxima_Cen_B6_EB_Xa138,A002_Xdbc154_Xa138,241.0859355926514,242.9140605926514,118,15625000.0,242.7421855926514,3.5193026065826416,"coarse (>5 MHz, continuum-mode -- weak technosignature constraint)"
Proxima_Cen_B6_EB_Xa63d,A002_X1077d5b_Xa63d,224.91406440734863,223.08593940734863,118,15625000.0,224.39843940734863,2.767216205596924,"coarse (>5 MHz, continuum-mode -- weak technosignature constraint)"
Proxima_Cen_B6_EB_Xa63d,A002_X1077d5b_Xa63d,226.91406440734863,225.08593940734863,118,15625000.0,225.63281440734863,2.2130374908447266,"coarse (>5 MHz, continuum-mode -- weak technosignature constraint)"
Proxima_Cen_B6_EB_Xa63d,A002_X1077d5b_Xa63d,239.08593559285134,240.91406059285134,118,15625000.0,240.03906059285134,3.0235064029693604,"coarse (>5 MHz, continuum-mode -- weak technosignature constraint)"
Proxima_Cen_B6_EB_Xa63d,A002_X1077d5b_Xa63d,241.0859355926514,242.9140605926514,118,15625000.0,241.3203105926514,2.345717191696167,"coarse (>5 MHz, continuum-mode -- weak technosignature constraint)"
Proxima_Cen_B6_EB_Xacdc,A002_X1077d5b_Xacdc,224.91406440734863,223.08593940734863,118,15625000.0,223.91406440734863,3.1166272163391113,"coarse (>5 MHz, continuum-mode -- weak technosignature constraint)"
Proxima_Cen_B6_EB_Xacdc,A002_X1077d5b_Xacdc,226.91406440734863,225.08593940734863,118,15625000.0,226.02343940734863,3.0626697540283203,"coarse (>5 MHz, continuum-mode -- weak technosignature constraint)"
Proxima_Cen_B6_EB_Xacdc,A002_X1077d5b_Xacdc,239.08593559285134,240.91406059285134,118,15625000.0,239.33593559285134,3.2395222187042236,"coarse (>5 MHz, continuum-mode -- weak technosignature constraint)"
Proxima_Cen_B6_EB_Xacdc,A002_X1077d5b_Xacdc,241.0859355926514,242.9140605926514,118,15625000.0,241.2734355926514,3.6196165084838867,"coarse (>5 MHz, continuum-mode -- weak technosignature constraint)"
Proxima_Cen_B6_EB_Xb27,A002_Xdb7ab7_Xb27,224.91406440734863,223.08593940734863,118,15625000.0,223.36718940734863,2.5056583881378174,"coarse (>5 MHz, continuum-mode -- weak technosignature constraint)"
Proxima_Cen_B6_EB_Xb27,A002_Xdb7ab7_Xb27,226.91406440734863,225.08593940734863,118,15625000.0,226.38281440734863,2.3528127670288086,"coarse (>5 MHz, continuum-mode -- weak technosignature constraint)"
Proxima_Cen_B6_EB_Xb27,A002_Xdb7ab7_Xb27,239.08593559285134,240.91406059285134,118,15625000.0,240.17968559285134,2.3428220748901367,"coarse (>5 MHz, continuum-mode -- weak technosignature constraint)"
Proxima_Cen_B6_EB_Xb27,A002_Xdb7ab7_Xb27,241.0859355926514,242.9140605926514,118,15625000.0,242.3359355926514,3.2472546100616455,"coarse (>5 MHz, continuum-mode -- weak technosignature constraint)"
Proxima_Cen_B6_EB_Xbe52,A002_X106ccd1_Xbe52,224.91406440734863,223.08593940734863,118,15625000.0,224.89843940734863,3.013984441757202,"coarse (>5 MHz, continuum-mode -- weak technosignature constraint)"
Proxima_Cen_B6_EB_Xbe52,A002_X106ccd1_Xbe52,226.91406440734863,225.08593940734863,118,15625000.0,226.58593940734863,2.1718568801879883,"coarse (>5 MHz, continuum-mode -- weak technosignature constraint)"
Proxima_Cen_B6_EB_Xbe52,A002_X106ccd1_Xbe52,239.08593559285134,240.91406059285134,118,15625000.0,240.86718559285134,2.7055389881134033,"coarse (>5 MHz, continuum-mode -- weak technosignature constraint)"
Proxima_Cen_B6_EB_Xbe52,A002_X106ccd1_Xbe52,241.0859355926514,242.9140605926514,118,15625000.0,242.1171855926514,2.3043010234832764,"coarse (>5 MHz, continuum-mode -- weak technosignature constraint)"
Proxima_Cen_B6_EB_Xc4a6,A002_X106ccd1_Xc4a6,224.91406440734863,223.08593940734863,118,15625000.0,224.35156440734863,3.6781625747680664,"coarse (>5 MHz, continuum-mode -- weak technosignature constraint)"
Proxima_Cen_B6_EB_Xc4a6,A002_X106ccd1_Xc4a6,226.91406440734863,225.08593940734863,118,15625000.0,225.08593940734863,2.8141772747039795,"coarse (>5 MHz, continuum-mode -- weak technosignature constraint)"
Proxima_Cen_B6_EB_Xc4a6,A002_X106ccd1_Xc4a6,239.08593559285134,240.91406059285134,118,15625000.0,239.49218559285134,3.0897927284240723,"coarse (>5 MHz, continuum-mode -- weak technosignature constraint)"
Proxima_Cen_B6_EB_Xc4a6,A002_X106ccd1_Xc4a6,241.0859355926514,242.9140605926514,118,15625000.0,242.8515605926514,2.786210298538208,"coarse (>5 MHz, continuum-mode -- weak technosignature constraint)"
Proxima_Cen_B6_EB_Xe04,A002_Xdc0d09_Xe04,224.91406440734863,223.08593940734863,118,15625000.0,223.78906440734863,2.6653096675872803,"coarse (>5 MHz, continuum-mode -- weak technosignature constraint)"
Proxima_Cen_B6_EB_Xe04,A002_Xdc0d09_Xe04,226.91406440734863,225.08593940734863,118,15625000.0,226.72656440734863,3.1004300117492676,"coarse (>5 MHz, continuum-mode -- weak technosignature constraint)"
Proxima_Cen_B6_EB_Xe04,A002_Xdc0d09_Xe04,239.08593559285134,240.91406059285134,118,15625000.0,239.38281059285134,2.3380463123321533,"coarse (>5 MHz, continuum-mode -- weak technosignature constraint)"
Proxima_Cen_B6_EB_Xe04,A002_Xdc0d09_Xe04,241.0859355926514,242.9140605926514,118,15625000.0,242.1328105926514,2.3150794506073,"coarse (>5 MHz, continuum-mode -- weak technosignature constraint)"
Proxima_Cen_B6_EB_Xfa2,A002_Xbe18f4_Xfa2,224.8671875,223.1328125,112,15625000.0,223.4609375,2.9824838638305664,"coarse (>5 MHz, continuum-mode -- weak technosignature constraint)"
Proxima_Cen_B6_EB_Xfa2,A002_Xbe18f4_Xfa2,226.8671875,225.1328125,112,15625000.0,225.5859375,2.4976816177368164,"coarse (>5 MHz, continuum-mode -- weak technosignature constraint)"
Proxima_Cen_B6_EB_Xfa2,A002_Xbe18f4_Xfa2,239.13281250019998,240.86718750019998,112,15625000.0,239.88281250019998,2.6908392906188965,"coarse (>5 MHz, continuum-mode -- weak technosignature constraint)"
Proxima_Cen_B6_EB_Xfa2,A002_Xbe18f4_Xfa2,241.13281250000003,242.86718750000003,112,15625000.0,242.14843750000003,3.030315399169922,"coarse (>5 MHz, continuum-mode -- weak technosignature constraint)"
TRAPPIST-1,A002_Xc9831a_X443,91.3617625,89.6273875,112,15625000.0,90.0023875,1.7687351703643799,
TRAPPIST-1_B3,A002_Xc9831a_X443,91.3617625,89.6273875,112,15625000.0,90.3305125,2.747654676437378,"coarse (>5 MHz, continuum-mode -- weak technosignature constraint)"
TRAPPIST-1_B3,A002_Xc9831a_X443,93.2992625,91.5648875,112,15625000.0,92.5648875,2.8908824920654297,"coarse (>5 MHz, continuum-mode -- weak technosignature constraint)"
TRAPPIST-1_B3,A002_Xc9831a_X443,101.6273875,103.3617625,112,15625000.0,102.4867625,2.0922048091888428,"coarse (>5 MHz, continuum-mode -- weak technosignature constraint)"
TRAPPIST-1_B3,A002_Xc9831a_X443,103.6273875,105.3617625,112,15625000.0,104.4242625,2.720285177230835,"coarse (>5 MHz, continuum-mode -- weak technosignature constraint)"
TRAPPIST-1_B3_EB_X17b,A002_Xc9c531_X17b,91.3617625,89.6273875,112,15625000.0,89.9242625,1.8038403987884521,"coarse (>5 MHz, continuum-mode -- weak technosignature constraint)"
TRAPPIST-1_B3_EB_X17b,A002_Xc9c531_X17b,93.2992625,91.5648875,112,15625000.0,93.1742625,2.31261944770813,"coarse (>5 MHz, continuum-mode -- weak technosignature constraint)"
TRAPPIST-1_B3_EB_X17b,A002_Xc9c531_X17b,101.6273875,103.3617625,112,15625000.0,102.4711375,2.740145206451416,"coarse (>5 MHz, continuum-mode -- weak technosignature constraint)"
TRAPPIST-1_B3_EB_X17b,A002_Xc9c531_X17b,103.6273875,105.3617625,112,15625000.0,104.1586375,3.099940299987793,"coarse (>5 MHz, continuum-mode -- weak technosignature constraint)"
TRAPPIST-1_B3_EB_X5c4c,A002_Xc99ad7_X5c4c,91.3617625,89.6273875,112,15625000.0,90.4398875,2.4641988277435303,"coarse (>5 MHz, continuum-mode -- weak technosignature constraint)"
TRAPPIST-1_B3_EB_X5c4c,A002_Xc99ad7_X5c4c,93.2992625,91.5648875,112,15625000.0,92.8305125,2.4905433654785156,"coarse (>5 MHz, continuum-mode -- weak technosignature constraint)"
TRAPPIST-1_B3_EB_X5c4c,A002_Xc99ad7_X5c4c,101.6273875,103.3617625,112,15625000.0,102.0336375,2.2486863136291504,"coarse (>5 MHz, continuum-mode -- weak technosignature constraint)"
TRAPPIST-1_B3_EB_X5c4c,A002_Xc99ad7_X5c4c,103.6273875,105.3617625,112,15625000.0,104.9398875,3.2494683265686035,"coarse (>5 MHz, continuum-mode -- weak technosignature constraint)"
TRAPPIST-1_B3_EB_X6143,A002_Xc9c531_X6143,91.3617625,89.6273875,112,15625000.0,90.8148875,2.2826898097991943,"coarse (>5 MHz, continuum-mode -- weak technosignature constraint)"
TRAPPIST-1_B3_EB_X6143,A002_Xc9c531_X6143,93.2992625,91.5648875,112,15625000.0,92.0492625,3.1027944087982178,"coarse (>5 MHz, continuum-mode -- weak technosignature constraint)"
TRAPPIST-1_B3_EB_X6143,A002_Xc9c531_X6143,101.6273875,103.3617625,112,15625000.0,102.5648875,2.5024142265319824,"coarse (>5 MHz, continuum-mode -- weak technosignature constraint)"
TRAPPIST-1_B3_EB_X6143,A002_Xc9c531_X6143,103.6273875,105.3617625,112,15625000.0,104.4086375,3.065303087234497,"coarse (>5 MHz, continuum-mode -- weak technosignature constraint)"
TRAPPIST-1_B3_EB_X623d,A002_Xc99ad7_X623d,91.3617625,89.6273875,112,15625000.0,90.0336375,2.655866861343384,"coarse (>5 MHz, continuum-mode -- weak technosignature constraint)"
TRAPPIST-1_B3_EB_X623d,A002_Xc99ad7_X623d,93.2992625,91.5648875,112,15625000.0,92.0961375,2.486231803894043,"coarse (>5 MHz, continuum-mode -- weak technosignature constraint)"
TRAPPIST-1_B3_EB_X623d,A002_Xc99ad7_X623d,101.6273875,103.3617625,112,15625000.0,103.0492625,2.8299145698547363,"coarse (>5 MHz, continuum-mode -- weak technosignature constraint)"
TRAPPIST-1_B3_EB_X623d,A002_Xc99ad7_X623d,103.6273875,105.3617625,112,15625000.0,103.7992625,2.517055034637451,"coarse (>5 MHz, continuum-mode -- weak technosignature constraint)"
TRAPPIST-1_B3_EB_X632d,A002_Xc9c531_X632d,91.3617625,89.6273875,112,15625000.0,89.8930125,1.9321765899658203,"coarse (>5 MHz, continuum-mode -- weak technosignature constraint)"
TRAPPIST-1_B3_EB_X632d,A002_Xc9c531_X632d,93.2992625,91.5648875,112,15625000.0,92.1273875,2.350283145904541,"coarse (>5 MHz, continuum-mode -- weak technosignature constraint)"
TRAPPIST-1_B3_EB_X632d,A002_Xc9c531_X632d,101.6273875,103.3617625,112,15625000.0,102.9398875,2.126396417617798,"coarse (>5 MHz, continuum-mode -- weak technosignature constraint)"
TRAPPIST-1_B3_EB_X632d,A002_Xc9c531_X632d,103.6273875,105.3617625,112,15625000.0,104.3305125,3.4824717044830322,"coarse (>5 MHz, continuum-mode -- weak technosignature constraint)"
TRAPPIST-1_B3_EB_X67a0,A002_Xc9c531_X67a0,91.3617625,89.6273875,112,15625000.0,91.3617625,2.3908658027648926,"coarse (>5 MHz, continuum-mode -- weak technosignature constraint)"
TRAPPIST-1_B3_EB_X67a0,A002_Xc9c531_X67a0,93.2992625,91.5648875,112,15625000.0,93.1273875,2.5495645999908447,"coarse (>5 MHz, continuum-mode -- weak technosignature constraint)"
TRAPPIST-1_B3_EB_X67a0,A002_Xc9c531_X67a0,101.6273875,103.3617625,112,15625000.0,103.0180125,3.464315414428711,"coarse (>5 MHz, continuum-mode -- weak technosignature constraint)"
TRAPPIST-1_B3_EB_X67a0,A002_Xc9c531_X67a0,103.6273875,105.3617625,112,15625000.0,103.7992625,3.615790605545044,"coarse (>5 MHz, continuum-mode -- weak technosignature constraint)"
TRAPPIST-1_B3_EB_X67ff,A002_Xc99ad7_X67ff,91.3617625,89.6273875,112,15625000.0,90.2211375,3.5705955028533936,"coarse (>5 MHz, continuum-mode -- weak technosignature constraint)"
TRAPPIST-1_B3_EB_X67ff,A002_Xc99ad7_X67ff,93.2992625,91.5648875,112,15625000.0,92.8461375,2.9069137573242188,"coarse (>5 MHz, continuum-mode -- weak technosignature constraint)"
TRAPPIST-1_B3_EB_X67ff,A002_Xc99ad7_X67ff,101.6273875,103.3617625,112,15625000.0,102.9242625,2.0526247024536133,"coarse (>5 MHz, continuum-mode -- weak technosignature constraint)"
TRAPPIST-1_B3_EB_X67ff,A002_Xc99ad7_X67ff,103.6273875,105.3617625,112,15625000.0,104.5336375,2.7462360858917236,"coarse (>5 MHz, continuum-mode -- weak technosignature constraint)"
TRAPPIST-1_B6,A002_X12a8fc8_X10b8,224.9218750001,223.0781250001,60,31250000.0,224.8281250001,3.1113831996917725,"coarse (>5 MHz, continuum-mode -- weak technosignature constraint)"
TRAPPIST-1_B6,A002_X12a8fc8_X10b8,226.921875,225.078125,60,31250000.0,226.203125,1.8241976499557495,"coarse (>5 MHz, continuum-mode -- weak technosignature constraint)"
TRAPPIST-1_B6,A002_X12a8fc8_X10b8,239.0781250001,240.9218750001,60,31250000.0,239.4843750001,2.479008674621582,"coarse (>5 MHz, continuum-mode -- weak technosignature constraint)"
TRAPPIST-1_B6,A002_X12a8fc8_X10b8,241.078125,242.921875,60,31250000.0,242.453125,2.704927444458008,"coarse (>5 MHz, continuum-mode -- weak technosignature constraint)"
TRAPPIST-1_B6_EB_X10b8,A002_X12a8fc8_X10b8,224.9218750001,223.0781250001,60,31250000.0,224.0156250001,2.6972086429595947,"coarse (>5 MHz, continuum-mode -- weak technosignature constraint)"
TRAPPIST-1_B6_EB_X10b8,A002_X12a8fc8_X10b8,226.921875,225.078125,60,31250000.0,225.078125,2.0336458683013916,"coarse (>5 MHz, continuum-mode -- weak technosignature constraint)"
TRAPPIST-1_B6_EB_X10b8,A002_X12a8fc8_X10b8,239.0781250001,240.9218750001,60,31250000.0,239.4843750001,1.9885395765304565,"coarse (>5 MHz, continuum-mode -- weak technosignature constraint)"
TRAPPIST-1_B6_EB_X10b8,A002_X12a8fc8_X10b8,241.078125,242.921875,60,31250000.0,242.453125,2.403306722640991,"coarse (>5 MHz, continuum-mode -- weak technosignature constraint)"
TRAPPIST-1_B6_EB_X14ae,A002_X12ac5b5_X14ae,224.9218750001,223.0781250001,60,31250000.0,223.6093750001,2.317458391189575,"coarse (>5 MHz, continuum-mode -- weak technosignature constraint)"
TRAPPIST-1_B6_EB_X14ae,A002_X12ac5b5_X14ae,226.921875,225.078125,60,31250000.0,225.765625,2.11401104927063,"coarse (>5 MHz, continuum-mode -- weak technosignature constraint)"
TRAPPIST-1_B6_EB_X14ae,A002_X12ac5b5_X14ae,239.0781250001,240.9218750001,60,31250000.0,240.6093750001,2.3482086658477783,"coarse (>5 MHz, continuum-mode -- weak technosignature constraint)"
TRAPPIST-1_B6_EB_X14ae,A002_X12ac5b5_X14ae,241.078125,242.921875,60,31250000.0,242.171875,2.606067657470703,"coarse (>5 MHz, continuum-mode -- weak technosignature constraint)"
TRAPPIST-1_B6_EB_X1980,A002_X12a8fc8_X1980,224.9218750001,223.0781250001,60,31250000.0,223.9218750001,1.7341532707214355,"coarse (>5 MHz, continuum-mode -- weak technosignature constraint)"
TRAPPIST-1_B6_EB_X1980,A002_X12a8fc8_X1980,226.921875,225.078125,60,31250000.0,226.734375,2.6428303718566895,"coarse (>5 MHz, continuum-mode -- weak technosignature constraint)"
TRAPPIST-1_B6_EB_X1980,A002_X12a8fc8_X1980,239.0781250001,240.9218750001,60,31250000.0,239.2343750001,2.110459327697754,"coarse (>5 MHz, continuum-mode -- weak technosignature constraint)"
TRAPPIST-1_B6_EB_X1980,A002_X12a8fc8_X1980,241.078125,242.921875,60,31250000.0,241.890625,1.7409454584121704,"coarse (>5 MHz, continuum-mode -- weak technosignature constraint)"
TRAPPIST-1_B6_EB_X1a76,A002_X12ac5b5_X1a76,224.9218750001,223.0781250001,60,31250000.0,223.5156250001,3.4150631427764893,"coarse (>5 MHz, continuum-mode -- weak technosignature constraint)"
TRAPPIST-1_B6_EB_X1a76,A002_X12ac5b5_X1a76,226.921875,225.078125,60,31250000.0,225.828125,3.736207962036133,"coarse (>5 MHz, continuum-mode -- weak technosignature constraint)"
TRAPPIST-1_B6_EB_X1a76,A002_X12ac5b5_X1a76,239.0781250001,240.9218750001,60,31250000.0,239.2343750001,3.8259050846099854,"coarse (>5 MHz, continuum-mode -- weak technosignature constraint)"
TRAPPIST-1_B6_EB_X1a76,A002_X12ac5b5_X1a76,241.078125,242.921875,60,31250000.0,241.171875,2.2969398498535156,"coarse (>5 MHz, continuum-mode -- weak technosignature constraint)"
TRAPPIST-1_B6_EB_X215e,A002_X12ac5b5_X215e,224.9218750001,223.0781250001,60,31250000.0,224.4531250001,1.9316610097885132,"coarse (>5 MHz, continuum-mode -- weak technosignature constraint)"
TRAPPIST-1_B6_EB_X215e,A002_X12ac5b5_X215e,226.921875,225.078125,60,31250000.0,226.796875,2.3972508907318115,"coarse (>5 MHz, continuum-mode -- weak technosignature constraint)"
TRAPPIST-1_B6_EB_X215e,A002_X12ac5b5_X215e,239.0781250001,240.9218750001,60,31250000.0,240.7343750001,3.2131433486938477,"coarse (>5 MHz, continuum-mode -- weak technosignature constraint)"
TRAPPIST-1_B6_EB_X215e,A002_X12ac5b5_X215e,241.078125,242.921875,60,31250000.0,241.515625,2.6913905143737793,"coarse (>5 MHz, continuum-mode -- weak technosignature constraint)"
TRAPPIST-1_B6_EB_X2201,A002_X12a8fc8_X2201,224.9218750001,223.0781250001,60,31250000.0,223.6406250001,2.9105849266052246,"coarse (>5 MHz, continuum-mode -- weak technosignature constraint)"
TRAPPIST-1_B6_EB_X2201,A002_X12a8fc8_X2201,226.921875,225.078125,60,31250000.0,226.765625,2.184140682220459,"coarse (>5 MHz, continuum-mode -- weak technosignature constraint)"
TRAPPIST-1_B6_EB_X2201,A002_X12a8fc8_X2201,239.0781250001,240.9218750001,60,31250000.0,240.4843750001,3.2067370414733887,"coarse (>5 MHz, continuum-mode -- weak technosignature constraint)"
TRAPPIST-1_B6_EB_X2201,A002_X12a8fc8_X2201,241.078125,242.921875,60,31250000.0,242.234375,2.7405712604522705,"coarse (>5 MHz, continuum-mode -- weak technosignature constraint)"
TRAPPIST-1_B6_EB_X22389,A002_X12a079b_X22389,224.9218750001,223.0781250001,60,31250000.0,223.5468750001,2.734997272491455,"coarse (>5 MHz, continuum-mode -- weak technosignature constraint)"
TRAPPIST-1_B6_EB_X22389,A002_X12a079b_X22389,226.921875,225.078125,60,31250000.0,226.421875,2.72965145111084,"coarse (>5 MHz, continuum-mode -- weak technosignature constraint)"
TRAPPIST-1_B6_EB_X22389,A002_X12a079b_X22389,239.0781250001,240.9218750001,60,31250000.0,239.4218750001,2.8866584300994873,"coarse (>5 MHz, continuum-mode -- weak technosignature constraint)"
TRAPPIST-1_B6_EB_X22389,A002_X12a079b_X22389,241.078125,242.921875,60,31250000.0,242.828125,2.5117127895355225,"coarse (>5 MHz, continuum-mode -- weak technosignature constraint)"
TRAPPIST-1_B6_EB_X22c96,A002_X12a079b_X22c96,224.9218750001,223.0781250001,60,31250000.0,224.8906250001,2.2710070610046387,"coarse (>5 MHz, continuum-mode -- weak technosignature constraint)"
TRAPPIST-1_B6_EB_X22c96,A002_X12a079b_X22c96,226.921875,225.078125,60,31250000.0,226.671875,3.445976972579956,"coarse (>5 MHz, continuum-mode -- weak technosignature constraint)"
TRAPPIST-1_B6_EB_X22c96,A002_X12a079b_X22c96,239.0781250001,240.9218750001,60,31250000.0,240.6093750001,3.104902982711792,"coarse (>5 MHz, continuum-mode -- weak technosignature constraint)"
TRAPPIST-1_B6_EB_X22c96,A002_X12a079b_X22c96,241.078125,242.921875,60,31250000.0,242.046875,2.7199974060058594,"coarse (>5 MHz, continuum-mode -- weak technosignature constraint)"
TRAPPIST-1_B6_EB_X23470,A002_X12a079b_X23470,224.9218750001,223.0781250001,60,31250000.0,223.7343750001,2.3722751140594482,"coarse (>5 MHz, continuum-mode -- weak technosignature constraint)"
TRAPPIST-1_B6_EB_X23470,A002_X12a079b_X23470,226.921875,225.078125,60,31250000.0,226.046875,3.387425661087036,"coarse (>5 MHz, continuum-mode -- weak technosignature constraint)"
TRAPPIST-1_B6_EB_X23470,A002_X12a079b_X23470,239.0781250001,240.9218750001,60,31250000.0,239.6093750001,3.129131317138672,"coarse (>5 MHz, continuum-mode -- weak technosignature constraint)"
TRAPPIST-1_B6_EB_X23470,A002_X12a079b_X23470,241.078125,242.921875,60,31250000.0,242.328125,2.263502597808838,"coarse (>5 MHz, continuum-mode -- weak technosignature constraint)"
TRAPPIST-1_B6_EB_X23e2e,A002_X12a079b_X23e2e,224.9218750001,223.0781250001,60,31250000.0,224.2656250001,2.540334463119507,"coarse (>5 MHz, continuum-mode -- weak technosignature constraint)"
TRAPPIST-1_B6_EB_X23e2e,A002_X12a079b_X23e2e,226.921875,225.078125,60,31250000.0,226.328125,2.4844307899475098,"coarse (>5 MHz, continuum-mode -- weak technosignature constraint)"
TRAPPIST-1_B6_EB_X23e2e,A002_X12a079b_X23e2e,239.0781250001,240.9218750001,60,31250000.0,240.6093750001,3.0438454151153564,"coarse (>5 MHz, continuum-mode -- weak technosignature constraint)"
TRAPPIST-1_B6_EB_X23e2e,A002_X12a079b_X23e2e,241.078125,242.921875,60,31250000.0,242.140625,3.556809663772583,"coarse (>5 MHz, continuum-mode -- weak technosignature constraint)"
TRAPPIST-1_B6_EB_X243a,A002_X12ac5b5_X243a,224.9218750001,223.0781250001,60,31250000.0,224.5781250001,2.6003451347351074,"coarse (>5 MHz, continuum-mode -- weak technosignature constraint)"
TRAPPIST-1_B6_EB_X243a,A002_X12ac5b5_X243a,226.921875,225.078125,60,31250000.0,225.984375,3.0616273880004883,"coarse (>5 MHz, continuum-mode -- weak technosignature constraint)"
TRAPPIST-1_B6_EB_X243a,A002_X12ac5b5_X243a,239.0781250001,240.9218750001,60,31250000.0,240.7031250001,2.5013155937194824,"coarse (>5 MHz, continuum-mode -- weak technosignature constraint)"
TRAPPIST-1_B6_EB_X243a,A002_X12ac5b5_X243a,241.078125,242.921875,60,31250000.0,241.390625,2.149876356124878,"coarse (>5 MHz, continuum-mode -- weak technosignature constraint)"
TRAPPIST-1_B6_EB_X24a0f,A002_X12a079b_X24a0f,224.9218750001,223.0781250001,60,31250000.0,223.3906250001,2.7890384197235107,"coarse (>5 MHz, continuum-mode -- weak technosignature constraint)"
TRAPPIST-1_B6_EB_X24a0f,A002_X12a079b_X24a0f,226.921875,225.078125,60,31250000.0,225.484375,3.5068717002868652,"coarse (>5 MHz, continuum-mode -- weak technosignature constraint)"
TRAPPIST-1_B6_EB_X24a0f,A002_X12a079b_X24a0f,239.0781250001,240.9218750001,60,31250000.0,240.2343750001,2.2711002826690674,"coarse (>5 MHz, continuum-mode -- weak technosignature constraint)"
TRAPPIST-1_B6_EB_X24a0f,A002_X12a079b_X24a0f,241.078125,242.921875,60,31250000.0,241.171875,2.0578901767730713,"coarse (>5 MHz, continuum-mode -- weak technosignature constraint)"
TRAPPIST-1_B6_EB_X386a,A002_X12b487b_X386a,224.9218750001,223.0781250001,60,31250000.0,223.7343750001,2.869110107421875,"coarse (>5 MHz, continuum-mode -- weak technosignature constraint)"
TRAPPIST-1_B6_EB_X386a,A002_X12b487b_X386a,226.921875,225.078125,60,31250000.0,226.296875,3.633251190185547,"coarse (>5 MHz, continuum-mode -- weak technosignature constraint)"
TRAPPIST-1_B6_EB_X386a,A002_X12b487b_X386a,239.0781250001,240.9218750001,60,31250000.0,240.3281250001,2.461918354034424,"coarse (>5 MHz, continuum-mode -- weak technosignature constraint)"
TRAPPIST-1_B6_EB_X386a,A002_X12b487b_X386a,241.078125,242.921875,60,31250000.0,242.171875,3.2718706130981445,"coarse (>5 MHz, continuum-mode -- weak technosignature constraint)"
TRAPPIST-1_B6_EB_X38de,A002_X12b966a_X38de,224.9218750001,223.0781250001,60,31250000.0,224.1718750001,2.471949338912964,"coarse (>5 MHz, continuum-mode -- weak technosignature constraint)"
TRAPPIST-1_B6_EB_X38de,A002_X12b966a_X38de,226.921875,225.078125,60,31250000.0,226.609375,2.4125893115997314,"coarse (>5 MHz, continuum-mode -- weak technosignature constraint)"
TRAPPIST-1_B6_EB_X38de,A002_X12b966a_X38de,239.0781250001,240.9218750001,60,31250000.0,239.8906250001,3.0732622146606445,"coarse (>5 MHz, continuum-mode -- weak technosignature constraint)"
TRAPPIST-1_B6_EB_X38de,A002_X12b966a_X38de,241.078125,242.921875,60,31250000.0,241.890625,2.577749252319336,"coarse (>5 MHz, continuum-mode -- weak technosignature constraint)"
TRAPPIST-1_B6_EB_X3928,A002_X12b487b_X3928,224.9218750001,223.0781250001,60,31250000.0,224.1406250001,2.4875776767730713,"coarse (>5 MHz, continuum-mode -- weak technosignature constraint)"
TRAPPIST-1_B6_EB_X3928,A002_X12b487b_X3928,226.921875,225.078125,60,31250000.0,226.140625,2.3515615463256836,"coarse (>5 MHz, continuum-mode -- weak technosignature constraint)"
TRAPPIST-1_B6_EB_X3928,A002_X12b487b_X3928,239.0781250001,240.9218750001,60,31250000.0,240.7968750001,2.712435722351074,"coarse (>5 MHz, continuum-mode -- weak technosignature constraint)"
TRAPPIST-1_B6_EB_X3928,A002_X12b487b_X3928,241.078125,242.921875,60,31250000.0,241.640625,2.60085129737854,"coarse (>5 MHz, continuum-mode -- weak technosignature constraint)"
TRAPPIST-1_B6_EB_X39c8,A002_X12b487b_X39c8,224.9218750001,223.0781250001,60,31250000.0,223.8593750001,2.012416362762451,"coarse (>5 MHz, continuum-mode -- weak technosignature constraint)"
TRAPPIST-1_B6_EB_X39c8,A002_X12b487b_X39c8,226.921875,225.078125,60,31250000.0,226.453125,2.281221628189087,"coarse (>5 MHz, continuum-mode -- weak technosignature constraint)"
TRAPPIST-1_B6_EB_X39c8,A002_X12b487b_X39c8,239.0781250001,240.9218750001,60,31250000.0,240.7968750001,2.7565243244171143,"coarse (>5 MHz, continuum-mode -- weak technosignature constraint)"
TRAPPIST-1_B6_EB_X39c8,A002_X12b487b_X39c8,241.078125,242.921875,60,31250000.0,242.578125,2.2280466556549072,"coarse (>5 MHz, continuum-mode -- weak technosignature constraint)"
TRAPPIST-1_B6_EB_X3a68,A002_X12b487b_X3a68,224.9218750001,223.0781250001,60,31250000.0,223.8593750001,2.5442450046539307,"coarse (>5 MHz, continuum-mode -- weak technosignature constraint)"
TRAPPIST-1_B6_EB_X3a68,A002_X12b487b_X3a68,226.921875,225.078125,60,31250000.0,226.390625,3.102982521057129,"coarse (>5 MHz, continuum-mode -- weak technosignature constraint)"
TRAPPIST-1_B6_EB_X3a68,A002_X12b487b_X3a68,239.0781250001,240.9218750001,60,31250000.0,240.4843750001,2.561539888381958,"coarse (>5 MHz, continuum-mode -- weak technosignature constraint)"
TRAPPIST-1_B6_EB_X3a68,A002_X12b487b_X3a68,241.078125,242.921875,60,31250000.0,241.140625,4.159138202667236,"coarse (>5 MHz, continuum-mode -- weak technosignature constraint)"
TRAPPIST-1_B6_EB_X3af4,A002_X12b487b_X3af4,224.9218750001,223.0781250001,60,31250000.0,224.1718750001,2.443359136581421,"coarse (>5 MHz, continuum-mode -- weak technosignature constraint)"
TRAPPIST-1_B6_EB_X3af4,A002_X12b487b_X3af4,226.921875,225.078125,60,31250000.0,226.765625,2.640496015548706,"coarse (>5 MHz, continuum-mode -- weak technosignature constraint)"
TRAPPIST-1_B6_EB_X3af4,A002_X12b487b_X3af4,239.0781250001,240.9218750001,60,31250000.0,239.7968750001,4.004335403442383,"coarse (>5 MHz, continuum-mode -- weak technosignature constraint)"
TRAPPIST-1_B6_EB_X3af4,A002_X12b487b_X3af4,241.078125,242.921875,60,31250000.0,242.828125,2.5961101055145264,"coarse (>5 MHz, continuum-mode -- weak technosignature constraint)"
TRAPPIST-1_B6_EB_X3c6c,A002_X12b966a_X3c6c,224.9218750001,223.0781250001,60,31250000.0,224.2343750001,2.5476033687591553,"coarse (>5 MHz, continuum-mode -- weak technosignature constraint)"
TRAPPIST-1_B6_EB_X3c6c,A002_X12b966a_X3c6c,226.921875,225.078125,60,31250000.0,226.453125,2.3287479877471924,"coarse (>5 MHz, continuum-mode -- weak technosignature constraint)"
TRAPPIST-1_B6_EB_X3c6c,A002_X12b966a_X3c6c,239.0781250001,240.9218750001,60,31250000.0,239.3906250001,2.833562135696411,"coarse (>5 MHz, continuum-mode -- weak technosignature constraint)"
TRAPPIST-1_B6_EB_X3c6c,A002_X12b966a_X3c6c,241.078125,242.921875,60,31250000.0,241.265625,2.6226208209991455,"coarse (>5 MHz, continuum-mode -- weak technosignature constraint)"
TRAPPIST-1_B6_EB_X3eec,A002_X12b966a_X3eec,224.9218750001,223.0781250001,60,31250000.0,224.0156250001,1.9488741159439087,"coarse (>5 MHz, continuum-mode -- weak technosignature constraint)"
TRAPPIST-1_B6_EB_X3eec,A002_X12b966a_X3eec,226.921875,225.078125,60,31250000.0,225.296875,2.875049591064453,"coarse (>5 MHz, continuum-mode -- weak technosignature constraint)"
TRAPPIST-1_B6_EB_X3eec,A002_X12b966a_X3eec,239.0781250001,240.9218750001,60,31250000.0,239.2968750001,2.491112470626831,"coarse (>5 MHz, continuum-mode -- weak technosignature constraint)"
TRAPPIST-1_B6_EB_X3eec,A002_X12b966a_X3eec,241.078125,242.921875,60,31250000.0,242.828125,1.8271422386169434,"coarse (>5 MHz, continuum-mode -- weak technosignature constraint)"
TRAPPIST-1_B6_EB_X41de,A002_X12b966a_X41de,224.9218750001,223.0781250001,60,31250000.0,223.8593750001,2.9685375690460205,"coarse (>5 MHz, continuum-mode -- weak technosignature constraint)"
TRAPPIST-1_B6_EB_X41de,A002_X12b966a_X41de,226.921875,225.078125,60,31250000.0,225.421875,3.217585563659668,"coarse (>5 MHz, continuum-mode -- weak technosignature constraint)"
TRAPPIST-1_B6_EB_X41de,A002_X12b966a_X41de,239.0781250001,240.9218750001,60,31250000.0,239.8593750001,2.621032476425171,"coarse (>5 MHz, continuum-mode -- weak technosignature constraint)"
TRAPPIST-1_B6_EB_X41de,A002_X12b966a_X41de,241.078125,242.921875,60,31250000.0,242.265625,2.644099235534668,"coarse (>5 MHz, continuum-mode -- weak technosignature constraint)"
TRAPPIST-1_B6_EB_X449f,A002_X12b966a_X449f,224.9218750001,223.0781250001,60,31250000.0,224.6406250001,3.9858124256134033,"coarse (>5 MHz, continuum-mode -- weak technosignature constraint)"
TRAPPIST-1_B6_EB_X449f,A002_X12b966a_X449f,226.921875,225.078125,60,31250000.0,226.328125,2.6323928833007812,"coarse (>5 MHz, continuum-mode -- weak technosignature constraint)"
TRAPPIST-1_B6_EB_X449f,A002_X12b966a_X449f,239.0781250001,240.9218750001,60,31250000.0,240.0781250001,3.4862520694732666,"coarse (>5 MHz, continuum-mode -- weak technosignature constraint)"
TRAPPIST-1_B6_EB_X449f,A002_X12b966a_X449f,241.078125,242.921875,60,31250000.0,242.765625,2.512476921081543,"coarse (>5 MHz, continuum-mode -- weak technosignature constraint)"
TRAPPIST-1_B6_EB_X44b,A002_X12a8fc8_X44b,224.9218750001,223.0781250001,60,31250000.0,223.9218750001,2.5970795154571533,"coarse (>5 MHz, continuum-mode -- weak technosignature constraint)"
TRAPPIST-1_B6_EB_X44b,A002_X12a8fc8_X44b,226.921875,225.078125,60,31250000.0,226.328125,2.411489486694336,"coarse (>5 MHz, continuum-mode -- weak technosignature constraint)"
TRAPPIST-1_B6_EB_X44b,A002_X12a8fc8_X44b,239.0781250001,240.9218750001,60,31250000.0,239.2031250001,3.4212119579315186,"coarse (>5 MHz, continuum-mode -- weak technosignature constraint)"
TRAPPIST-1_B6_EB_X44b,A002_X12a8fc8_X44b,241.078125,242.921875,60,31250000.0,241.859375,2.7229721546173096,"coarse (>5 MHz, continuum-mode -- weak technosignature constraint)"
TRAPPIST-1_B6_EB_X4aa2,A002_X12bff3f_X4aa2,224.9218750001,223.0781250001,60,31250000.0,224.2656250001,2.413588762283325,"coarse (>5 MHz, continuum-mode -- weak technosignature constraint)"
TRAPPIST-1_B6_EB_X4aa2,A002_X12bff3f_X4aa2,226.921875,225.078125,60,31250000.0,226.640625,3.0910305976867676,"coarse (>5 MHz, continuum-mode -- weak technosignature constraint)"
TRAPPIST-1_B6_EB_X4aa2,A002_X12bff3f_X4aa2,239.0781250001,240.9218750001,60,31250000.0,240.8281250001,3.0826516151428223,"coarse (>5 MHz, continuum-mode -- weak technosignature constraint)"
TRAPPIST-1_B6_EB_X4aa2,A002_X12bff3f_X4aa2,241.078125,242.921875,60,31250000.0,241.671875,3.1900510787963867,"coarse (>5 MHz, continuum-mode -- weak technosignature constraint)"
TRAPPIST-1_B6_EB_X553d,A002_X12bff3f_X553d,224.9218750001,223.0781250001,60,31250000.0,224.0156250001,2.649717092514038,"coarse (>5 MHz, continuum-mode -- weak technosignature constraint)"
TRAPPIST-1_B6_EB_X553d,A002_X12bff3f_X553d,226.921875,225.078125,60,31250000.0,226.109375,3.146754503250122,"coarse (>5 MHz, continuum-mode -- weak technosignature constraint)"
TRAPPIST-1_B6_EB_X553d,A002_X12bff3f_X553d,239.0781250001,240.9218750001,60,31250000.0,239.5468750001,2.302751302719116,"coarse (>5 MHz, continuum-mode -- weak technosignature constraint)"
TRAPPIST-1_B6_EB_X553d,A002_X12bff3f_X553d,241.078125,242.921875,60,31250000.0,241.359375,2.758164882659912,"coarse (>5 MHz, continuum-mode -- weak technosignature constraint)"
TRAPPIST-1_B6_EB_X57f3,A002_X12bff3f_X57f3,224.9218750001,223.0781250001,60,31250000.0,223.2031250001,2.9700043201446533,"coarse (>5 MHz, continuum-mode -- weak technosignature constraint)"
TRAPPIST-1_B6_EB_X57f3,A002_X12bff3f_X57f3,226.921875,225.078125,60,31250000.0,226.265625,2.7398831844329834,"coarse (>5 MHz, continuum-mode -- weak technosignature constraint)"
TRAPPIST-1_B6_EB_X57f3,A002_X12bff3f_X57f3,239.0781250001,240.9218750001,60,31250000.0,239.8593750001,3.216155529022217,"coarse (>5 MHz, continuum-mode -- weak technosignature constraint)"
TRAPPIST-1_B6_EB_X57f3,A002_X12bff3f_X57f3,241.078125,242.921875,60,31250000.0,242.296875,2.1474039554595947,"coarse (>5 MHz, continuum-mode -- weak technosignature constraint)"
TRAPPIST-1_B6_EB_X5bca,A002_X12bff3f_X5bca,224.9218750001,223.0781250001,60,31250000.0,223.8281250001,3.2097413539886475,"coarse (>5 MHz, continuum-mode -- weak technosignature constraint)"
TRAPPIST-1_B6_EB_X5bca,A002_X12bff3f_X5bca,226.921875,225.078125,60,31250000.0,225.171875,1.967109203338623,"coarse (>5 MHz, continuum-mode -- weak technosignature constraint)"
TRAPPIST-1_B6_EB_X5bca,A002_X12bff3f_X5bca,239.0781250001,240.9218750001,60,31250000.0,240.4218750001,3.873190402984619,"coarse (>5 MHz, continuum-mode -- weak technosignature constraint)"
TRAPPIST-1_B6_EB_X5bca,A002_X12bff3f_X5bca,241.078125,242.921875,60,31250000.0,242.234375,2.3171603679656982,"coarse (>5 MHz, continuum-mode -- weak technosignature constraint)"
TRAPPIST-1_B6_EB_Xb82,A002_X12a8fc8_Xb82,224.9218750001,223.0781250001,60,31250000.0,224.8593750001,2.1901302337646484,"coarse (>5 MHz, continuum-mode -- weak technosignature constraint)"
TRAPPIST-1_B6_EB_Xb82,A002_X12a8fc8_Xb82,226.921875,225.078125,60,31250000.0,226.046875,3.0380094051361084,"coarse (>5 MHz, continuum-mode -- weak technosignature constraint)"
TRAPPIST-1_B6_EB_Xb82,A002_X12a8fc8_Xb82,239.0781250001,240.9218750001,60,31250000.0,239.2343750001,2.1525962352752686,"coarse (>5 MHz, continuum-mode -- weak technosignature constraint)"
TRAPPIST-1_B6_EB_Xb82,A002_X12a8fc8_Xb82,241.078125,242.921875,60,31250000.0,242.796875,3.503411293029785,"coarse (>5 MHz, continuum-mode -- weak technosignature constraint)"
TRAPPIST-1_B6_EB_Xcce,A002_X12ac5b5_Xcce,224.9218750001,223.0781250001,60,31250000.0,223.7031250001,2.786041259765625,"coarse (>5 MHz, continuum-mode -- weak technosignature constraint)"
TRAPPIST-1_B6_EB_Xcce,A002_X12ac5b5_Xcce,226.921875,225.078125,60,31250000.0,225.484375,3.0023138523101807,"coarse (>5 MHz, continuum-mode -- weak technosignature constraint)"
TRAPPIST-1_B6_EB_Xcce,A002_X12ac5b5_Xcce,239.0781250001,240.9218750001,60,31250000.0,239.3593750001,3.4021413326263428,"coarse (>5 MHz, continuum-mode -- weak technosignature constraint)"
TRAPPIST-1_B6_EB_Xcce,A002_X12ac5b5_Xcce,241.078125,242.921875,60,31250000.0,241.578125,3.116142749786377,"coarse (>5 MHz, continuum-mode -- weak technosignature constraint)"
TRAPPIST-1_B7,A002_Xcccc19_X5564,347.6228772661868,349.3572522661868,112,15625000.0,349.0916272661868,2.232623815536499,"coarse (>5 MHz, continuum-mode -- weak technosignature constraint)"
TRAPPIST-1_B7,A002_Xcccc19_X5564,337.3572522661868,335.6228772661868,112,15625000.0,337.1853772661868,2.4269657135009766,"coarse (>5 MHz, continuum-mode -- weak technosignature constraint)"
TRAPPIST-1_B7,A002_Xcccc19_X5564,335.46175226618675,333.72737726618675,112,15625000.0,334.97737726618675,3.5648715496063232,"coarse (>5 MHz, continuum-mode -- weak technosignature constraint)"
TRAPPIST-1_B7,A002_Xcccc19_X5564,345.73201593806175,347.45711359431175,3534,488281.25,346.21687921931175,4.26698112487793,fine (<1 MHz)
TRAPPIST-1_B7_EB_X1e19,A002_Xd0e450_X1e19,347.60615640420065,349.34053140420065,112,15625000.0,349.23115640420065,3.288287401199341,"coarse (>5 MHz, continuum-mode -- weak technosignature constraint)"
TRAPPIST-1_B7_EB_X1e19,A002_Xd0e450_X1e19,337.34053140420065,335.60615640420065,112,15625000.0,335.77803140420065,3.757517099380493,"coarse (>5 MHz, continuum-mode -- weak technosignature constraint)"
TRAPPIST-1_B7_EB_X1e19,A002_Xd0e450_X1e19,335.4450314042006,333.7106564042006,112,15625000.0,333.8669064042006,2.3444414138793945,"coarse (>5 MHz, continuum-mode -- weak technosignature constraint)"
TRAPPIST-1_B7_EB_X1e19,A002_Xd0e450_X1e19,345.7152950760756,347.4403927323256,3534,488281.25,346.3661739823256,4.9055304527282715,fine (<1 MHz)
TRAPPIST-1_B7_EB_X259b,A002_Xd0e450_X259b,347.60599232952165,349.34036732952165,112,15625000.0,347.93411732952165,3.326565980911255,"coarse (>5 MHz, continuum-mode -- weak technosignature constraint)"
TRAPPIST-1_B7_EB_X259b,A002_Xd0e450_X259b,337.34036732952165,335.60599232952165,112,15625000.0,335.84036732952165,2.991697311401367,"coarse (>5 MHz, continuum-mode -- weak technosignature constraint)"
TRAPPIST-1_B7_EB_X259b,A002_Xd0e450_X259b,335.4448673295217,333.7104923295217,112,15625000.0,333.8979923295217,2.640913486480713,"coarse (>5 MHz, continuum-mode -- weak technosignature constraint)"
TRAPPIST-1_B7_EB_X259b,A002_Xd0e450_X259b,345.7151310013967,347.4402286576467,3534,488281.25,346.2454044388967,5.326396465301514,fine (<1 MHz)
TRAPPIST-1_B7_EB_X4dfa,A002_Xcccc19_X4dfa,347.62301295914364,349.35738795914364,112,15625000.0,348.91988795914364,2.286306142807007,"coarse (>5 MHz, continuum-mode -- weak technosignature constraint)"
TRAPPIST-1_B7_EB_X4dfa,A002_Xcccc19_X4dfa,337.35738795914364,335.62301295914364,112,15625000.0,336.99801295914364,2.503209114074707,"coarse (>5 MHz, continuum-mode -- weak technosignature constraint)"
TRAPPIST-1_B7_EB_X4dfa,A002_Xcccc19_X4dfa,335.4618879591436,333.7275129591436,112,15625000.0,334.3993879591436,3.5752859115600586,"coarse (>5 MHz, continuum-mode -- weak technosignature constraint)"
TRAPPIST-1_B7_EB_X4dfa,A002_Xcccc19_X4dfa,345.7321516310186,347.4572492872686,3534,488281.25,346.0065656935186,4.555380344390869,fine (<1 MHz)
TRAPPIST-1_B7_EB_Xc008,A002_Xd0e450_Xc008,347.60552790837056,349.33990290837056,112,15625000.0,349.05865290837056,2.978461265563965,"coarse (>5 MHz, continuum-mode -- weak technosignature constraint)"
TRAPPIST-1_B7_EB_Xc008,A002_Xd0e450_Xc008,337.33990290837056,335.60552790837056,112,15625000.0,335.76177790837056,2.581784963607788,"coarse (>5 MHz, continuum-mode -- weak technosignature constraint)"
TRAPPIST-1_B7_EB_Xc008,A002_Xd0e450_Xc008,335.44440290837053,333.71002790837053,112,15625000.0,335.31940290837053,2.353161334991455,"coarse (>5 MHz, continuum-mode -- weak technosignature constraint)"
TRAPPIST-1_B7_EB_Xc008,A002_Xd0e450_Xc008,345.71466658024553,347.43976423649553,3534,488281.25,346.34894392399553,4.351924896240234,fine (<1 MHz)
TRAPPIST-1_B7_EB_Xc7a1,A002_Xd0e450_Xc7a1,347.60534720012777,349.33972220012777,112,15625000.0,348.66784720012777,2.8469696044921875,"coarse (>5 MHz, continuum-mode -- weak technosignature constraint)"
TRAPPIST-1_B7_EB_Xc7a1,A002_Xd0e450_Xc7a1,337.33972220012777,335.60534720012777,112,15625000.0,336.99597220012777,3.1514792442321777,"coarse (>5 MHz, continuum-mode -- weak technosignature constraint)"
TRAPPIST-1_B7_EB_Xc7a1,A002_Xd0e450_Xc7a1,335.44422220012774,333.70984720012774,112,15625000.0,335.10047220012774,2.9895012378692627,"coarse (>5 MHz, continuum-mode -- weak technosignature constraint)"
TRAPPIST-1_B7_EB_Xc7a1,A002_Xd0e450_Xc7a1,345.71448587200274,347.43958352825274,3534,488281.25,347.16663430950274,4.6063995361328125,fine (<1 MHz)
TWA_3A_576064_B6,A002_Xd3607d_X6487,231.68342991660072,233.51155491660072,118,15625000.0,232.35530491660072,2.9898667335510254,"coarse (>5 MHz, continuum-mode -- weak technosignature constraint)"
TWA_3A_576064_B6,A002_Xd3607d_X6487,219.89990106275775,218.07177606275775,118,15625000.0,219.72802606275775,3.216484308242798,"coarse (>5 MHz, continuum-mode -- weak technosignature constraint)"
TWA_3A_576064_B6,A002_Xd3607d_X6487,230.42767864193056,230.64337688411806,1768,122070.3125,230.61334758724306,4.614508628845215,fine (<1 MHz)
TWA_3A_576064_B6,A002_Xd3607d_X6487,220.5041441590458,220.2884459168583,1768,122070.3125,220.3903746277958,4.84910249710083,fine (<1 MHz)
TWA_3A_696000_B6,A002_Xd3607d_X6487,231.68342991660072,233.51155491660072,118,15625000.0,233.30842991660072,2.805628776550293,"coarse (>5 MHz, continuum-mode -- weak technosignature constraint)"
TWA_3A_696000_B6,A002_Xd3607d_X6487,219.89990106275775,218.07177606275775,118,15625000.0,218.77490106275775,3.0939908027648926,"coarse (>5 MHz, continuum-mode -- weak technosignature constraint)"
TWA_3A_696000_B6,A002_Xd3607d_X6487,230.42767864193056,230.64337688411806,1768,122070.3125,230.45087200130556,4.790396213531494,fine (<1 MHz)
TWA_3A_696000_B6,A002_Xd3607d_X6487,220.5041441590458,220.2884459168583,1768,122070.3125,220.4107603699833,4.742059707641602,fine (<1 MHz)
TWA_3A_696000_B6_EB_X749c,A002_Xd40be0_X749c,231.6866774616848,233.5148024616848,118,15625000.0,233.1398024616848,3.4251723289489746,"coarse (>5 MHz, continuum-mode -- weak technosignature constraint)"
TWA_3A_696000_B6_EB_X749c,A002_Xd40be0_X749c,219.90305135142071,218.07492635142071,118,15625000.0,219.05930135142071,3.0728073120117188,"coarse (>5 MHz, continuum-mode -- weak technosignature constraint)"
TWA_3A_696000_B6_EB_X749c,A002_Xd40be0_X749c,230.43090340853283,230.64660165072033,1768,122070.3125,230.51928231478283,4.591500759124756,fine (<1 MHz)
TWA_3A_696000_B6_EB_X749c,A002_Xd40be0_X749c,220.50721533918482,220.29151709699732,1768,122070.3125,220.30347998762232,4.730222702026367,fine (<1 MHz)
TWA_7_B7,A002_Xb77b17_X3940,335.2469603794681,333.5125853794681,112,15625000.0,334.3250853794681,2.475550651550293,"coarse (>5 MHz, continuum-mode -- weak technosignature constraint)"
TWA_7_B7,A002_Xb77b17_X3940,337.13791944194804,335.40354444194804,112,15625000.0,337.07541944194804,3.2138562202453613,"coarse (>5 MHz, continuum-mode -- weak technosignature constraint)"
TWA_7_B7,A002_Xb77b17_X3940,345.46490838521345,347.29303338521345,118,15625000.0,346.76178338521345,3.1398401260375977,"coarse (>5 MHz, continuum-mode -- weak technosignature constraint)"
TWA_7_B7,A002_Xb77b17_X3940,347.5117385504633,349.2461135504633,112,15625000.0,347.8086135504633,3.1146557331085205,"coarse (>5 MHz, continuum-mode -- weak technosignature constraint)"
TWA_7_B7,A002_Xb77b17_X3940,345.54779412740095,346.41034295552595,3534,244140.625,345.85834100240095,4.716881275177002,fine (<1 MHz)
TWA_7_B7_EB_X2265,A002_Xb825df_X2265,335.25298809363375,333.51861309363375,112,15625000.0,333.51861309363375,3.2042579650878906,"coarse (>5 MHz, continuum-mode -- weak technosignature constraint)"
TWA_7_B7_EB_X2265,A002_Xb825df_X2265,337.1440728833612,335.4096978833612,112,15625000.0,336.3471978833612,3.705286741256714,"coarse (>5 MHz, continuum-mode -- weak technosignature constraint)"
TWA_7_B7_EB_X2265,A002_Xb825df_X2265,345.4711524035388,347.2992774035388,118,15625000.0,345.5024024035388,2.11391544342041,"coarse (>5 MHz, continuum-mode -- weak technosignature constraint)"
TWA_7_B7_EB_X2265,A002_Xb825df_X2265,347.51801862108323,349.25239362108323,112,15625000.0,348.47114362108323,3.19775652885437,"coarse (>5 MHz, continuum-mode -- weak technosignature constraint)"
TWA_7_B7_EB_X2265,A002_Xb825df_X2265,345.5540381457263,346.4165869738513,3534,244140.625,346.3416358019763,4.1284894943237305,fine (<1 MHz)
TYC_2211-1309-1_B7,A002_Xd189ef_X867b,347.03150894199956,348.76588394199956,112,15625000.0,348.53150894199956,3.299370527267456,"coarse (>5 MHz, continuum-mode -- weak technosignature constraint)"
TYC_2211-1309-1_B7,A002_Xd189ef_X867b,336.76588394199956,335.03150894199956,112,15625000.0,335.14088394199956,2.8474133014678955,"coarse (>5 MHz, continuum-mode -- weak technosignature constraint)"
TYC_2211-1309-1_B7,A002_Xd189ef_X867b,334.8703839419996,333.1360089419996,112,15625000.0,334.1360089419996,2.5456109046936035,"coarse (>5 MHz, continuum-mode -- weak technosignature constraint)"
TYC_2211-1309-1_B7,A002_Xd189ef_X867b,345.1406476138746,346.8657452701246,3534,488281.25,345.3701398013746,4.484402656555176,fine (<1 MHz)
UCAC2_20312880_B7,A002_Xcdd033_X85ff,346.9921986924371,348.7265736924371,112,15625000.0,347.5546986924371,2.5006771087646484,"coarse (>5 MHz, continuum-mode -- weak technosignature constraint)"
UCAC2_20312880_B7,A002_Xcdd033_X85ff,336.7265736924371,334.9921986924371,112,15625000.0,335.2578236924371,1.9925553798675537,"coarse (>5 MHz, continuum-mode -- weak technosignature constraint)"
UCAC2_20312880_B7,A002_Xcdd033_X85ff,334.83107369243714,333.09669869243714,112,15625000.0,333.87794869243714,2.2711424827575684,"coarse (>5 MHz, continuum-mode -- weak technosignature constraint)"
UCAC2_20312880_B7,A002_Xcdd033_X85ff,345.10133736431214,346.82643502056214,3534,488281.25,345.16725533306214,4.538182735443115,fine (<1 MHz)
UCAC2_20312880_B7_EB_X37e1,A002_Xce574d_X37e1,346.99614492130854,348.73051992130854,112,15625000.0,347.90239492130854,2.594576358795166,"coarse (>5 MHz, continuum-mode -- weak technosignature constraint)"
UCAC2_20312880_B7_EB_X37e1,A002_Xce574d_X37e1,336.73051992130854,334.99614492130854,112,15625000.0,336.27739492130854,2.599957227706909,"coarse (>5 MHz, continuum-mode -- weak technosignature constraint)"
UCAC2_20312880_B7_EB_X37e1,A002_Xce574d_X37e1,334.8350199213085,333.1006449213085,112,15625000.0,333.4756449213085,2.5983920097351074,"coarse (>5 MHz, continuum-mode -- weak technosignature constraint)"
UCAC2_20312880_B7_EB_X37e1,A002_Xce574d_X37e1,345.1052835931835,346.8303812494335,3534,488281.25,346.5193460931835,4.100617408752441,fine (<1 MHz)
UCAC3_176-23654_B7,A002_Xd12f5c_Xd7c6,347.04366214734085,348.77803714734085,112,15625000.0,348.74678714734085,2.4225082397460938,"coarse (>5 MHz, continuum-mode -- weak technosignature constraint)"
UCAC3_176-23654_B7,A002_Xd12f5c_Xd7c6,336.77803714734085,335.04366214734085,112,15625000.0,335.38741214734085,2.5081353187561035,"coarse (>5 MHz, continuum-mode -- weak technosignature constraint)"
UCAC3_176-23654_B7,A002_Xd12f5c_Xd7c6,334.8825371473409,333.1481621473409,112,15625000.0,333.2731621473409,3.166609525680542,"coarse (>5 MHz, continuum-mode -- weak technosignature constraint)"
UCAC3_176-23654_B7,A002_Xd12f5c_Xd7c6,345.1528008192159,346.8778984754659,3534,488281.25,346.3383476942159,4.662237644195557,fine (<1 MHz)
V_AT_Mic_B_B7,A002_Xcd97a1_X3f1e,347.0666866636486,348.8010616636486,112,15625000.0,348.6448116636486,2.6677424907684326,"coarse (>5 MHz, continuum-mode -- weak technosignature constraint)"
V_AT_Mic_B_B7,A002_Xcd97a1_X3f1e,336.8010616636486,335.0666866636486,112,15625000.0,335.2698116636486,2.01303768157959,"coarse (>5 MHz, continuum-mode -- weak technosignature constraint)"
V_AT_Mic_B_B7,A002_Xcd97a1_X3f1e,334.9055616636486,333.1711866636486,112,15625000.0,333.6399366636486,2.761173725128174,"coarse (>5 MHz, continuum-mode -- weak technosignature constraint)"
V_AT_Mic_B_B7,A002_Xcd97a1_X3f1e,345.1758253355236,346.9009229917736,3534,488281.25,346.5225050230236,3.8954782485961914,fine (<1 MHz)
V_star_TX_PsA_B7,A002_Xcd2acd_X6125,347.0588090332607,348.7931840332607,112,15625000.0,348.1056840332607,3.1172988414764404,"coarse (>5 MHz, continuum-mode -- weak technosignature constraint)"
V_star_TX_PsA_B7,A002_Xcd2acd_X6125,336.7931840332607,335.0588090332607,112,15625000.0,336.5275590332607,3.3709611892700195,"coarse (>5 MHz, continuum-mode -- weak technosignature constraint)"
V_star_TX_PsA_B7,A002_Xcd2acd_X6125,334.8976840332607,333.1633090332607,112,15625000.0,333.6164340332607,3.0402779579162598,"coarse (>5 MHz, continuum-mode -- weak technosignature constraint)"
V_star_TX_PsA_B7,A002_Xcd2acd_X6125,345.1679477051357,346.8930453613857,3534,488281.25,345.3740023926357,4.665493011474609,fine (<1 MHz)
V_star_WW_PsA_B7,A002_Xcd2acd_X6125,347.0588090332607,348.7931840332607,112,15625000.0,348.2775590332607,3.2063071727752686,"coarse (>5 MHz, continuum-mode -- weak technosignature constraint)"
V_star_WW_PsA_B7,A002_Xcd2acd_X6125,336.7931840332607,335.0588090332607,112,15625000.0,336.7775590332607,2.697371244430542,"coarse (>5 MHz, continuum-mode -- weak technosignature constraint)"
V_star_WW_PsA_B7,A002_Xcd2acd_X6125,334.8976840332607,333.1633090332607,112,15625000.0,333.8039340332607,2.155829906463623,"coarse (>5 MHz, continuum-mode -- weak technosignature constraint)"
V_star_WW_PsA_B7,A002_Xcd2acd_X6125,345.1679477051357,346.8930453613857,3534,488281.25,346.3803500488857,4.398221969604492,fine (<1 MHz)
WD0346-011_B6,A002_Xe50c9e_X17ab,224.9140625,223.0859375,118,15625000.0,223.4140625,2.5933339595794678,"coarse (>5 MHz, continuum-mode -- weak technosignature constraint)"
WD0346-011_B6,A002_Xe50c9e_X17ab,226.9140625,225.0859375,118,15625000.0,226.3828125,2.396866798400879,"coarse (>5 MHz, continuum-mode -- weak technosignature constraint)"
WD0346-011_B6,A002_Xe50c9e_X17ab,239.08593750019998,240.91406250019998,118,15625000.0,239.08593750019998,2.23055100440979,"coarse (>5 MHz, continuum-mode -- weak technosignature constraint)"
WD0346-011_B6,A002_Xe50c9e_X17ab,241.08593750000003,242.91406250000003,118,15625000.0,241.32031250000003,2.8702189922332764,"coarse (>5 MHz, continuum-mode -- weak technosignature constraint)"
WD2039-202_B6,A002_Xe539c7_X113b1,224.9140625,223.0859375,118,15625000.0,224.1015625,3.2131924629211426,"coarse (>5 MHz, continuum-mode -- weak technosignature constraint)"
WD2039-202_B6,A002_Xe539c7_X113b1,226.9140625,225.0859375,118,15625000.0,226.4140625,2.466334581375122,"coarse (>5 MHz, continuum-mode -- weak technosignature constraint)"
WD2039-202_B6,A002_Xe539c7_X113b1,239.08593750019998,240.91406250019998,118,15625000.0,240.64843750019998,1.9552035331726074,"coarse (>5 MHz, continuum-mode -- weak technosignature constraint)"
WD2039-202_B6,A002_Xe539c7_X113b1,241.08593750000003,242.91406250000003,118,15625000.0,242.71093750000003,2.520775556564331,"coarse (>5 MHz, continuum-mode -- weak technosignature constraint)"
WD_0407179_B6,A002_Xb25e1a_Xed74,216.9335329258407,215.1991579258407,112,15625000.0,216.2304079258407,2.6988868713378906,"coarse (>5 MHz, continuum-mode -- weak technosignature constraint)"
WD_0407179_B6,A002_Xb25e1a_Xed74,218.8269484101253,217.0925734101253,112,15625000.0,218.7956984101253,2.8794198036193848,"coarse (>5 MHz, continuum-mode -- weak technosignature constraint)"
WD_0407179_B6,A002_Xb25e1a_Xed74,231.5925734101253,233.3269484101253,112,15625000.0,232.2488234101253,2.8567581176757812,"coarse (>5 MHz, continuum-mode -- weak technosignature constraint)"
WD_0407179_B6,A002_Xb25e1a_Xed74,229.2642120820003,230.9893097382503,3534,488281.25,230.5049347382503,3.935204267501831,fine (<1 MHz)
Wolf__219_B6,A002_Xb25e1a_Xed74,216.9335329258407,215.1991579258407,112,15625000.0,216.6210329258407,2.003673553466797,"coarse (>5 MHz, continuum-mode -- weak technosignature constraint)"
Wolf__219_B6,A002_Xb25e1a_Xed74,218.8269484101253,217.0925734101253,112,15625000.0,218.8113234101253,2.2160723209381104,"coarse (>5 MHz, continuum-mode -- weak technosignature constraint)"
Wolf__219_B6,A002_Xb25e1a_Xed74,231.5925734101253,233.3269484101253,112,15625000.0,232.7331984101253,2.0683820247650146,"coarse (>5 MHz, continuum-mode -- weak technosignature constraint)"
Wolf__219_B6,A002_Xb25e1a_Xed74,229.2642120820003,230.9893097382503,3534,488281.25,230.7622589570003,3.903075933456421,fine (<1 MHz)
Wolf__219_B6_EB_X9e28,A002_Xb2f730_X9e28,216.93852927757953,215.20415427757953,112,15625000.0,216.84477927757953,2.003490924835205,"coarse (>5 MHz, continuum-mode -- weak technosignature constraint)"
Wolf__219_B6_EB_X9e28,A002_Xb2f730_X9e28,218.83213174934534,217.09775674934534,112,15625000.0,218.31650674934534,2.340547561645508,"coarse (>5 MHz, continuum-mode -- weak technosignature constraint)"
Wolf__219_B6_EB_X9e28,A002_Xb2f730_X9e28,231.59775674934534,233.33213174934534,112,15625000.0,232.95713174934534,2.485745906829834,"coarse (>5 MHz, continuum-mode -- weak technosignature constraint)"
Wolf__219_B6_EB_X9e28,A002_Xb2f730_X9e28,229.26939542122034,230.99449307747034,3534,488281.25,229.95689542122034,3.837432622909546,fine (<1 MHz)
Wolf__359_B6,A002_Xfdb69b_X667a,224.91406440734863,223.08593940734863,118,15625000.0,223.71093940734863,2.585738182067871,"coarse (>5 MHz, continuum-mode -- weak technosignature constraint)"
Wolf__359_B6,A002_Xfdb69b_X667a,226.91406440734863,225.08593940734863,118,15625000.0,225.50781440734863,2.845153331756592,"coarse (>5 MHz, continuum-mode -- weak technosignature constraint)"
Wolf__359_B6,A002_Xfdb69b_X667a,239.08593559285134,240.91406059285134,118,15625000.0,240.52343559285134,2.4047396183013916,"coarse (>5 MHz, continuum-mode -- weak technosignature constraint)"
Wolf__359_B6,A002_Xfdb69b_X667a,241.0859355926514,242.9140605926514,118,15625000.0,242.3515605926514,3.08748459815979,"coarse (>5 MHz, continuum-mode -- weak technosignature constraint)"
Wolf__359_B6_EB_X4cec,A002_Xfdc8ec_X4cec,224.91406440734863,223.08593940734863,118,15625000.0,224.91406440734863,2.5971553325653076,"coarse (>5 MHz, continuum-mode -- weak technosignature constraint)"
Wolf__359_B6_EB_X4cec,A002_Xfdc8ec_X4cec,226.91406440734863,225.08593940734863,118,15625000.0,226.52343940734863,2.7372496128082275,"coarse (>5 MHz, continuum-mode -- weak technosignature constraint)"
Wolf__359_B6_EB_X4cec,A002_Xfdc8ec_X4cec,239.08593559285134,240.91406059285134,118,15625000.0,240.13281059285134,3.1651902198791504,"coarse (>5 MHz, continuum-mode -- weak technosignature constraint)"
Wolf__359_B6_EB_X4cec,A002_Xfdc8ec_X4cec,241.0859355926514,242.9140605926514,118,15625000.0,241.1953105926514,2.8547496795654297,"coarse (>5 MHz, continuum-mode -- weak technosignature constraint)"
Wolf__359_B6_EB_X5134,A002_Xfdc8ec_X5134,224.91406440734863,223.08593940734863,118,15625000.0,223.41406440734863,2.6585285663604736,"coarse (>5 MHz, continuum-mode -- weak technosignature constraint)"
Wolf__359_B6_EB_X5134,A002_Xfdc8ec_X5134,226.91406440734863,225.08593940734863,118,15625000.0,225.71093940734863,2.6863138675689697,"coarse (>5 MHz, continuum-mode -- weak technosignature constraint)"
Wolf__359_B6_EB_X5134,A002_Xfdc8ec_X5134,239.08593559285134,240.91406059285134,118,15625000.0,240.83593559285134,2.7501232624053955,"coarse (>5 MHz, continuum-mode -- weak technosignature constraint)"
Wolf__359_B6_EB_X5134,A002_Xfdc8ec_X5134,241.0859355926514,242.9140605926514,118,15625000.0,241.6484355926514,1.839706540107727,"coarse (>5 MHz, continuum-mode -- weak technosignature constraint)"
Wolf__359_B6_EB_X667a,A002_Xfdb69b_X667a,224.91406440734863,223.08593940734863,118,15625000.0,223.72656440734863,2.462977647781372,"coarse (>5 MHz, continuum-mode -- weak technosignature constraint)"
Wolf__359_B6_EB_X667a,A002_Xfdb69b_X667a,226.91406440734863,225.08593940734863,118,15625000.0,225.50781440734863,2.4400858879089355,"coarse (>5 MHz, continuum-mode -- weak technosignature constraint)"
Wolf__359_B6_EB_X667a,A002_Xfdb69b_X667a,239.08593559285134,240.91406059285134,118,15625000.0,240.14843559285134,2.338735818862915,"coarse (>5 MHz, continuum-mode -- weak technosignature constraint)"
Wolf__359_B6_EB_X667a,A002_Xfdb69b_X667a,241.0859355926514,242.9140605926514,118,15625000.0,242.3515605926514,2.841423988342285,"coarse (>5 MHz, continuum-mode -- weak technosignature constraint)"
Wolf__359_B6_EB_Xcf25,A002_Xfddca6_Xcf25,224.91406440734863,223.08593940734863,118,15625000.0,224.80468940734863,2.0494065284729004,"coarse (>5 MHz, continuum-mode -- weak technosignature constraint)"
Wolf__359_B6_EB_Xcf25,A002_Xfddca6_Xcf25,226.91406440734863,225.08593940734863,118,15625000.0,225.38281440734863,3.3615734577178955,"coarse (>5 MHz, continuum-mode -- weak technosignature constraint)"
Wolf__359_B6_EB_Xcf25,A002_Xfddca6_Xcf25,239.08593559285134,240.91406059285134,118,15625000.0,240.91406059285134,2.4749319553375244,"coarse (>5 MHz, continuum-mode -- weak technosignature constraint)"
Wolf__359_B6_EB_Xcf25,A002_Xfddca6_Xcf25,241.0859355926514,242.9140605926514,118,15625000.0,241.6953105926514,2.643460750579834,"coarse (>5 MHz, continuum-mode -- weak technosignature constraint)"
Wolf___28_B6,A002_X9f2ff8_X25b0,224.8671875,223.1328125,112,15625000.0,224.1796875,2.589665651321411,"coarse (>5 MHz, continuum-mode -- weak technosignature constraint)"
_alf_CMa_B_B3,A002_Xc99ad7_X348,93.8617625,92.1273875,112,15625000.0,93.5961375,2.5510411262512207,"coarse (>5 MHz, continuum-mode -- weak technosignature constraint)"
_alf_CMa_B_B3,A002_Xc99ad7_X348,93.8617625,92.1273875,112,15625000.0,93.5961375,2.5510411262512207,"coarse (>5 MHz, continuum-mode -- weak technosignature constraint)"
_alf_CMa_B_B3,A002_Xc99ad7_X348,95.7992625,94.0648875,112,15625000.0,95.0336375,2.890854835510254,"coarse (>5 MHz, continuum-mode -- weak technosignature constraint)"
_alf_CMa_B_B3,A002_Xc99ad7_X348,104.1273875,105.8617625,112,15625000.0,105.7836375,3.252135992050171,"coarse (>5 MHz, continuum-mode -- weak technosignature constraint)"
_alf_CMa_B_B3,A002_Xc99ad7_X348,106.1273875,107.8617625,112,15625000.0,107.0648875,2.231905221939087,"coarse (>5 MHz, continuum-mode -- weak technosignature constraint)"
_alf_CMa_B_B4,A002_Xcc626d_X579,143.8617625,142.1273875,112,15625000.0,142.3305125,2.0797948837280273,"coarse (>5 MHz, continuum-mode -- weak technosignature constraint)"
_alf_CMa_B_B4,A002_Xcc626d_X579,143.8617625,142.1273875,112,15625000.0,142.3305125,2.0797948837280273,"coarse (>5 MHz, continuum-mode -- weak technosignature constraint)"
_alf_CMa_B_B4,A002_Xcc626d_X579,145.7992625,144.0648875,112,15625000.0,144.9711375,3.0530409812927246,"coarse (>5 MHz, continuum-mode -- weak technosignature constraint)"
_alf_CMa_B_B4,A002_Xcc626d_X579,154.1273875,155.8617625,112,15625000.0,155.1742625,2.647742509841919,"coarse (>5 MHz, continuum-mode -- weak technosignature constraint)"
_alf_CMa_B_B4,A002_Xcc626d_X579,156.1273875,157.8617625,112,15625000.0,156.9242625,2.5570175647735596,"coarse (>5 MHz, continuum-mode -- weak technosignature constraint)"
_alf_CMa_B_B5,A002_Xd0fb35_X90dc,196.8617625,195.1273875,112,15625000.0,196.3148875,2.638536214828491,"coarse (>5 MHz, continuum-mode -- weak technosignature constraint)"
_alf_CMa_B_B5,A002_Xd0fb35_X90dc,196.8617625,195.1273875,112,15625000.0,196.3148875,2.638536214828491,"coarse (>5 MHz, continuum-mode -- weak technosignature constraint)"
_alf_CMa_B_B5,A002_Xd0fb35_X90dc,198.7992625,197.0648875,112,15625000.0,197.6430125,2.3776090145111084,"coarse (>5 MHz, continuum-mode -- weak technosignature constraint)"
_alf_CMa_B_B5,A002_Xd0fb35_X90dc,207.1273875,208.8617625,112,15625000.0,207.7211375,2.173892021179199,"coarse (>5 MHz, continuum-mode -- weak technosignature constraint)"
_alf_CMa_B_B5,A002_Xd0fb35_X90dc,209.1273875,210.8617625,112,15625000.0,209.3773875,2.444153308868408,"coarse (>5 MHz, continuum-mode -- weak technosignature constraint)"
_chi01_Ori_B3,A002_X74deb6_Xff1,95.8617625,94.1273875,112,15625000.0,95.2211375,3.1880481243133545,"coarse (>5 MHz, continuum-mode -- weak technosignature constraint)"
_chi01_Ori_B3,A002_X74deb6_Xff1,97.7992625,96.0648875,112,15625000.0,96.8461375,3.165257692337036,"coarse (>5 MHz, continuum-mode -- weak technosignature constraint)"
_chi01_Ori_B3,A002_X74deb6_Xff1,106.1273875,107.8617625,112,15625000.0,106.1586375,2.4921114444732666,"coarse (>5 MHz, continuum-mode -- weak technosignature constraint)"
_chi01_Ori_B3,A002_X74deb6_Xff1,108.1273875,109.8617625,112,15625000.0,109.2367625,3.4506583213806152,"coarse (>5 MHz, continuum-mode -- weak technosignature constraint)"
_chi01_Ori_B3_EB_X80e,A002_X74eb2a_X80e,95.8617625,94.1273875,112,15625000.0,94.9867625,1.7954145669937134,"coarse (>5 MHz, continuum-mode -- weak technosignature constraint)"
_chi01_Ori_B3_EB_X80e,A002_X74eb2a_X80e,97.7992625,96.0648875,112,15625000.0,96.9242625,3.182258129119873,"coarse (>5 MHz, continuum-mode -- weak technosignature constraint)"
_chi01_Ori_B3_EB_X80e,A002_X74eb2a_X80e,106.1273875,107.8617625,112,15625000.0,107.1742625,2.4591236114501953,"coarse (>5 MHz, continuum-mode -- weak technosignature constraint)"
_chi01_Ori_B3_EB_X80e,A002_X74eb2a_X80e,108.1273875,109.8617625,112,15625000.0,108.5180125,3.6378214359283447,"coarse (>5 MHz, continuum-mode -- weak technosignature constraint)"
_chi01_Ori_B3_EB_Xaf0,A002_X74eb2a_Xaf0,95.8617625,94.1273875,112,15625000.0,94.2523875,3.285111665725708,"coarse (>5 MHz, continuum-mode -- weak technosignature constraint)"
_chi01_Ori_B3_EB_Xaf0,A002_X74eb2a_Xaf0,97.7992625,96.0648875,112,15625000.0,96.0961375,2.9330501556396484,"coarse (>5 MHz, continuum-mode -- weak technosignature constraint)"
_chi01_Ori_B3_EB_Xaf0,A002_X74eb2a_Xaf0,106.1273875,107.8617625,112,15625000.0,106.4711375,2.4750897884368896,"coarse (>5 MHz, continuum-mode -- weak technosignature constraint)"
_chi01_Ori_B3_EB_Xaf0,A002_X74eb2a_Xaf0,108.1273875,109.8617625,112,15625000.0,109.7836375,2.4299392700195312,"coarse (>5 MHz, continuum-mode -- weak technosignature constraint)"
_eta_Cru_B6,A002_Xbe7502_X2047,224.8671875,223.1328125,112,15625000.0,223.5390625,3.057255506515503,"coarse (>5 MHz, continuum-mode -- weak technosignature constraint)"
_eta_Cru_B6,A002_Xbe7502_X2047,226.8671875,225.1328125,112,15625000.0,226.3828125,2.5886001586914062,"coarse (>5 MHz, continuum-mode -- weak technosignature constraint)"
_eta_Cru_B6,A002_Xbe7502_X2047,239.13281250019998,240.86718750019998,112,15625000.0,239.36718750019998,3.0389933586120605,"coarse (>5 MHz, continuum-mode -- weak technosignature constraint)"
_eta_Cru_B6,A002_Xbe7502_X2047,241.13281250000003,242.86718750000003,112,15625000.0,242.44531250000003,2.249829053878784,"coarse (>5 MHz, continuum-mode -- weak technosignature constraint)"
_eta_Cru_B6_EB_X1675,A002_Xcd1950_X1675,224.8671875,223.1328125,112,15625000.0,224.0859375,2.387563943862915,"coarse (>5 MHz, continuum-mode -- weak technosignature constraint)"
_eta_Cru_B6_EB_X1675,A002_Xcd1950_X1675,226.8671875,225.1328125,112,15625000.0,226.2734375,3.0045342445373535,"coarse (>5 MHz, continuum-mode -- weak technosignature constraint)"
_eta_Cru_B6_EB_X1675,A002_Xcd1950_X1675,239.13281250019998,240.86718750019998,112,15625000.0,239.38281250019998,3.5039353370666504,"coarse (>5 MHz, continuum-mode -- weak technosignature constraint)"
_eta_Cru_B6_EB_X1675,A002_Xcd1950_X1675,241.13281250000003,242.86718750000003,112,15625000.0,241.35156250000003,3.0515081882476807,"coarse (>5 MHz, continuum-mode -- weak technosignature constraint)"
_eta_Crv_B7,A002_X11e10bc_X12662,344.2076796111816,342.4825819549316,3534,488281.25,343.3395155486816,4.890217304229736,fine (<1 MHz)
_eta_Crv_B7,A002_X11e10bc_X12662,345.82205168149414,345.7681576385254,884,61035.15625,345.8110043182129,4.827542781829834,fine (<1 MHz)
_eta_Crv_B7,A002_X11e10bc_X12662,354.31558195493164,356.04067961118164,3534,488281.25,355.49575773618164,4.530759811401367,fine (<1 MHz)
_eta_Crv_B7,A002_X11e10bc_X12662,356.19058195493164,357.91567961118164,3534,488281.25,356.95474211118164,4.236421585083008,fine (<1 MHz)
_eta_Crv_B7_EB_X1041e,A002_X122b6ff_X1041e,344.1992278264237,342.4741301701737,3534,488281.25,342.8803801701737,3.9729580879211426,fine (<1 MHz)
_eta_Crv_B7_EB_X1041e,A002_X122b6ff_X1041e,345.8598344965545,345.8059404535858,884,61035.15625,345.8221758051483,4.091466903686523,fine (<1 MHz)
_eta_Crv_B7_EB_X1041e,A002_X122b6ff_X1041e,354.39591408639825,356.12101174264825,3534,488281.25,355.17472268014825,4.152029991149902,fine (<1 MHz)
_eta_Crv_B7_EB_X1041e,A002_X122b6ff_X1041e,356.27560459531634,358.00070225156634,3534,488281.25,357.28146397031634,5.005883693695068,fine (<1 MHz)
_eta_Crv_B7_EB_X1430,A002_X75bfbf_X1430,334.702363138696,332.967988138696,112,15625000.0,334.311738138696,2.47049617767334,"coarse (>5 MHz, continuum-mode -- weak technosignature constraint)"
_eta_Crv_B7_EB_X1430,A002_X75bfbf_X1430,336.59676265091133,334.86238765091133,112,15625000.0,336.56551265091133,2.4992663860321045,"coarse (>5 MHz, continuum-mode -- weak technosignature constraint)"
_eta_Crv_B7_EB_X1430,A002_X75bfbf_X1430,344.9715263227863,346.6966239790363,3534,488281.25,345.5403739790363,5.012601852416992,fine (<1 MHz)
_eta_Crv_B7_EB_X1430,A002_X75bfbf_X1430,346.66943183647373,348.40380683647373,112,15625000.0,346.87255683647373,2.8881895542144775,"coarse (>5 MHz, continuum-mode -- weak technosignature constraint)"
_eta_Crv_B7_EB_X1728,A002_X75bfbf_X1728,334.70223280766066,332.96785780766066,112,15625000.0,333.76473280766066,2.7084102630615234,"coarse (>5 MHz, continuum-mode -- weak technosignature constraint)"
_eta_Crv_B7_EB_X1728,A002_X75bfbf_X1728,336.59662962618665,334.86225462618665,112,15625000.0,335.39350462618665,2.5120365619659424,"coarse (>5 MHz, continuum-mode -- weak technosignature constraint)"
_eta_Crv_B7_EB_X1728,A002_X75bfbf_X1728,344.9713932980616,346.6964909543116,3534,488281.25,345.2438542355616,4.680092811584473,fine (<1 MHz)
_eta_Crv_B7_EB_X1728,A002_X75bfbf_X1728,346.66929615632165,348.40367115632165,112,15625000.0,346.88804615632165,2.78145432472229,"coarse (>5 MHz, continuum-mode -- weak technosignature constraint)"
_eta_Crv_B7_EB_X2b1d,A002_X97c221_X2b1d,334.70360933066047,332.96923433066047,112,15625000.0,333.01610933066047,3.230114698410034,"coarse (>5 MHz, continuum-mode -- weak technosignature constraint)"
_eta_Crv_B7_EB_X2b1d,A002_X97c221_X2b1d,336.5980345992426,334.8636595992426,112,15625000.0,335.7386595992426,3.002772092819214,"coarse (>5 MHz, continuum-mode -- weak technosignature constraint)"
_eta_Crv_B7_EB_X2b1d,A002_X97c221_X2b1d,344.9727982711176,346.6978959273676,3534,488281.25,345.6939896773676,4.421229362487793,fine (<1 MHz)
_eta_Crv_B7_EB_X2b1d,A002_X97c221_X2b1d,346.67072917532244,348.40510417532244,112,15625000.0,346.73322917532244,2.614363670349121,"coarse (>5 MHz, continuum-mode -- weak technosignature constraint)"
_eta_Crv_B7_EB_X2eb1,A002_X97db9c_X2eb1,334.7038033485041,332.9694283485041,112,15625000.0,333.1413033485041,3.048456907272339,"coarse (>5 MHz, continuum-mode -- weak technosignature constraint)"
_eta_Crv_B7_EB_X2eb1,A002_X97db9c_X2eb1,336.59823262705817,334.86385762705817,112,15625000.0,334.87948262705817,3.014195442199707,"coarse (>5 MHz, continuum-mode -- weak technosignature constraint)"
_eta_Crv_B7_EB_X2eb1,A002_X97db9c_X2eb1,344.97299629893314,346.69809395518314,3534,488281.25,346.25668770518314,5.3617777824401855,fine (<1 MHz)
_eta_Crv_B7_EB_X2eb1,A002_X97db9c_X2eb1,346.67093115615125,348.40530615615125,112,15625000.0,347.68655615615125,3.108287811279297,"coarse (>5 MHz, continuum-mode -- weak technosignature constraint)"
_eta_Crv_B7_EB_X354b,A002_X987623_X354b,334.7039975390832,332.9696225390832,112,15625000.0,333.4227475390832,2.2721071243286133,"coarse (>5 MHz, continuum-mode -- weak technosignature constraint)"
_eta_Crv_B7_EB_X354b,A002_X987623_X354b,336.59843083117926,334.86405583117926,112,15625000.0,335.30155583117926,2.584202766418457,"coarse (>5 MHz, continuum-mode -- weak technosignature constraint)"
_eta_Crv_B7_EB_X354b,A002_X987623_X354b,344.9731945030543,346.6982921593043,3534,488281.25,345.9199718468043,5.303773880004883,fine (<1 MHz)
_eta_Crv_B7_EB_X354b,A002_X987623_X354b,346.67113331680497,348.40550831680497,112,15625000.0,346.90550831680497,2.802823543548584,"coarse (>5 MHz, continuum-mode -- weak technosignature constraint)"
_eta_Crv_B7_EB_Xbb,A002_X9842f5_Xbb,334.7038944052437,332.9695194052437,112,15625000.0,334.2195194052437,2.9124515056610107,"coarse (>5 MHz, continuum-mode -- weak technosignature constraint)"
_eta_Crv_B7_EB_Xbb,A002_X9842f5_Xbb,336.59832556576373,334.86395056576373,112,15625000.0,336.19207556576373,2.71755051612854,"coarse (>5 MHz, continuum-mode -- weak technosignature constraint)"
_eta_Crv_B7_EB_Xbb,A002_X9842f5_Xbb,344.97308923763876,346.69818689388876,3534,488281.25,345.21820642513876,4.472240447998047,fine (<1 MHz)
_eta_Crv_B7_EB_Xbb,A002_X9842f5_Xbb,346.6710259500908,348.4054009500908,112,15625000.0,347.3429009500908,2.862837076187134,"coarse (>5 MHz, continuum-mode -- weak technosignature constraint)"
_eta_Crv_B8,A002_X12277ed_X22e53,481.16750320184457,479.33937820184457,118,15625000.0,480.23000320184457,2.7819833755493164,"coarse (>5 MHz, continuum-mode -- weak technosignature constraint)"
_eta_Crv_B8,A002_X12277ed_X22e53,483.06300320184454,481.23487820184454,118,15625000.0,482.82862820184454,2.781162738800049,"coarse (>5 MHz, continuum-mode -- weak technosignature constraint)"
_eta_Crv_B8,A002_X12277ed_X22e53,493.29737820184454,495.12550320184454,118,15625000.0,494.57862820184454,2.4801430702209473,"coarse (>5 MHz, continuum-mode -- weak technosignature constraint)"
_eta_Crv_B8,A002_X12277ed_X22e53,492.18595852411016,492.2398525670789,884,61035.15625,492.20060696161016,4.82887601852417,fine (<1 MHz)
_eta_Crv_B8_EB_X11ca9,A002_X128b034_X11ca9,481.0944826299375,479.2663576299375,118,15625000.0,479.9226076299375,3.730353355407715,"coarse (>5 MHz, continuum-mode -- weak technosignature constraint)"
_eta_Crv_B8_EB_X11ca9,A002_X128b034_X11ca9,482.9899826299375,481.1618576299375,118,15625000.0,482.8806076299375,3.418342351913452,"coarse (>5 MHz, continuum-mode -- weak technosignature constraint)"
_eta_Crv_B8_EB_X11ca9,A002_X128b034_X11ca9,493.2234146597972,495.0515396597972,118,15625000.0,494.0671646597972,4.1682233810424805,"coarse (>5 MHz, continuum-mode -- weak technosignature constraint)"
_eta_Crv_B8_EB_X11ca9,A002_X128b034_X11ca9,492.1112722647015,492.16516630767023,884,61035.15625,492.12512724517023,4.457342624664307,fine (<1 MHz)
_eta_Crv_B8_EB_X18e15,A002_X122b6ff_X18e15,481.16756074141665,479.33943574141665,118,15625000.0,479.58943574141665,2.0634803771972656,"coarse (>5 MHz, continuum-mode -- weak technosignature constraint)"
_eta_Crv_B8_EB_X18e15,A002_X122b6ff_X18e15,483.0630607414166,481.2349357414166,118,15625000.0,482.8443107414166,2.739494562149048,"coarse (>5 MHz, continuum-mode -- weak technosignature constraint)"
_eta_Crv_B8_EB_X18e15,A002_X122b6ff_X18e15,493.2974357414166,495.1255607414166,118,15625000.0,494.7661857414166,2.9328973293304443,"coarse (>5 MHz, continuum-mode -- weak technosignature constraint)"
_eta_Crv_B8_EB_X18e15,A002_X122b6ff_X18e15,492.18601606368225,492.239910106651,884,61035.15625,492.21677778243225,4.71273136138916,fine (<1 MHz)
_eta_Crv_B8_EB_X22e53,A002_X12277ed_X22e53,481.16750320184457,479.33937820184457,118,15625000.0,480.23000320184457,2.922492504119873,"coarse (>5 MHz, continuum-mode -- weak technosignature constraint)"
_eta_Crv_B8_EB_X22e53,A002_X12277ed_X22e53,483.06300320184454,481.23487820184454,118,15625000.0,481.46925320184454,2.7098960876464844,"coarse (>5 MHz, continuum-mode -- weak technosignature constraint)"
_eta_Crv_B8_EB_X22e53,A002_X12277ed_X22e53,493.29737820184454,495.12550320184454,118,15625000.0,494.09425320184454,2.2767398357391357,"coarse (>5 MHz, continuum-mode -- weak technosignature constraint)"
_eta_Crv_B8_EB_X22e53,A002_X12277ed_X22e53,492.18595852411016,492.2398525670789,884,61035.15625,492.20756496942266,4.794899940490723,fine (<1 MHz)
_g_Lup_B6,A002_Xb2e94e_X361a,244.14172150714316,245.87609650714316,112,15625000.0,245.54797150714316,2.4793832302093506,"coarse (>5 MHz, continuum-mode -- weak technosignature constraint)"
_g_Lup_B6,A002_Xb2e94e_X361a,246.14179423373128,247.87616923373128,112,15625000.0,246.59491923373128,2.4508352279663086,"coarse (>5 MHz, continuum-mode -- weak technosignature constraint)"
_g_Lup_B6,A002_Xb2e94e_X361a,231.46881958190662,229.64069458190662,118,15625000.0,230.17194458190662,2.270176887512207,"coarse (>5 MHz, continuum-mode -- weak technosignature constraint)"
_g_Lup_B6,A002_Xb2e94e_X361a,231.41730591003162,229.69220825378162,3534,488281.25,230.05939575378162,4.118215560913086,fine (<1 MHz)
_g_Lup_B6_EB_X5b37,A002_Xb2f730_X5b37,244.14112272159093,245.87549772159093,112,15625000.0,245.42237272159093,1.976425051689148,"coarse (>5 MHz, continuum-mode -- weak technosignature constraint)"
_g_Lup_B6_EB_X5b37,A002_Xb2f730_X5b37,246.14119056013374,247.87556556013374,112,15625000.0,246.78181556013374,2.7206320762634277,"coarse (>5 MHz, continuum-mode -- weak technosignature constraint)"
_g_Lup_B6_EB_X5b37,A002_Xb2f730_X5b37,231.46823604827784,229.64011104827784,118,15625000.0,230.21823604827784,3.693864107131958,"coarse (>5 MHz, continuum-mode -- weak technosignature constraint)"
_g_Lup_B6_EB_X5b37,A002_Xb2f730_X5b37,233.37507373049857,231.64069873049857,112,15625000.0,232.09382373049857,2.343116283416748,"coarse (>5 MHz, continuum-mode -- weak technosignature constraint)"
_g_Lup_B6_EB_X5b37,A002_Xb2f730_X5b37,231.41672237640284,229.69162472015284,3534,488281.25,230.97189815765284,3.9616756439208984,fine (<1 MHz)
_gam_Lep_B6,A002_Xd28a9e_Xbcdf,224.9140625,223.0859375,118,15625000.0,223.1171875,3.1624410152435303,"coarse (>5 MHz, continuum-mode -- weak technosignature constraint)"
_gam_Lep_B6,A002_Xd28a9e_Xbcdf,226.9140625,225.0859375,118,15625000.0,225.3984375,3.100238800048828,"coarse (>5 MHz, continuum-mode -- weak technosignature constraint)"
_gam_Lep_B6,A002_Xd28a9e_Xbcdf,239.08593750019998,240.91406250019998,118,15625000.0,240.00781250019998,2.665562152862549,"coarse (>5 MHz, continuum-mode -- weak technosignature constraint)"
_gam_Lep_B6,A002_Xd28a9e_Xbcdf,241.08593750000003,242.91406250000003,118,15625000.0,241.89843750000003,2.4417266845703125,"coarse (>5 MHz, continuum-mode -- weak technosignature constraint)"
_gam_Lep_B7,A002_Xd248b5_X5186,337.3617625,335.6273875,112,15625000.0,336.7367625,2.513803005218506,"coarse (>5 MHz, continuum-mode -- weak technosignature constraint)"
_gam_Lep_B7,A002_Xd248b5_X5186,339.2992625,337.5648875,112,15625000.0,339.2680125,2.1398661136627197,"coarse (>5 MHz, continuum-mode -- weak technosignature constraint)"
_gam_Lep_B7,A002_Xd248b5_X5186,347.6273875,349.3617625,112,15625000.0,348.7055125,2.7957475185394287,"coarse (>5 MHz, continuum-mode -- weak technosignature constraint)"
_gam_Lep_B7,A002_Xd248b5_X5186,349.6273875,351.3617625,112,15625000.0,350.8148875,3.0591564178466797,"coarse (>5 MHz, continuum-mode -- weak technosignature constraint)"
_gam_Vir_B6,A002_Xd95042_X2d99,224.9140625,223.0859375,118,15625000.0,224.4296875,3.4618446826934814,"coarse (>5 MHz, continuum-mode -- weak technosignature constraint)"
_gam_Vir_B6,A002_Xd95042_X2d99,226.9140625,225.0859375,118,15625000.0,226.6484375,3.947739601135254,"coarse (>5 MHz, continuum-mode -- weak technosignature constraint)"
_gam_Vir_B6,A002_Xd95042_X2d99,239.08593750019998,240.91406250019998,118,15625000.0,239.99218750019998,2.2399938106536865,"coarse (>5 MHz, continuum-mode -- weak technosignature constraint)"
_gam_Vir_B6,A002_Xd95042_X2d99,241.08593750000003,242.91406250000003,118,15625000.0,241.58593750000003,2.868314266204834,"coarse (>5 MHz, continuum-mode -- weak technosignature constraint)"
_gam_Vir_B6_EB_X9611,A002_Xd99ff3_X9611,224.9140625,223.0859375,118,15625000.0,223.8984375,2.3591878414154053,"coarse (>5 MHz, continuum-mode -- weak technosignature constraint)"
_gam_Vir_B6_EB_X9611,A002_Xd99ff3_X9611,226.9140625,225.0859375,118,15625000.0,225.9140625,2.6110193729400635,"coarse (>5 MHz, continuum-mode -- weak technosignature constraint)"
_gam_Vir_B6_EB_X9611,A002_Xd99ff3_X9611,239.08593750019998,240.91406250019998,118,15625000.0,239.94531250019998,2.596407175064087,"coarse (>5 MHz, continuum-mode -- weak technosignature constraint)"
_gam_Vir_B6_EB_X9611,A002_Xd99ff3_X9611,241.08593750000003,242.91406250000003,118,15625000.0,241.50781250000003,3.396361827850342,"coarse (>5 MHz, continuum-mode -- weak technosignature constraint)"
_gam_Vir_B7,A002_Xd6ebab_X41a3,337.4086375,335.5805125,118,15625000.0,336.7367625,2.2262167930603027,"coarse (>5 MHz, continuum-mode -- weak technosignature constraint)"
_gam_Vir_B7,A002_Xd6ebab_X41a3,339.3461375,337.5180125,118,15625000.0,338.5180125,3.0285074710845947,"coarse (>5 MHz, continuum-mode -- weak technosignature constraint)"
_gam_Vir_B7,A002_Xd6ebab_X41a3,347.5805125,349.4086375,118,15625000.0,348.3305125,2.996439218521118,"coarse (>5 MHz, continuum-mode -- weak technosignature constraint)"
_gam_Vir_B7,A002_Xd6ebab_X41a3,349.5805125,351.4086375,118,15625000.0,350.6586375,2.5965754985809326,"coarse (>5 MHz, continuum-mode -- weak technosignature constraint)"
_gam_Vir_B7_EB_X152c8,A002_Xd99ff3_X152c8,337.4086375,335.5805125,118,15625000.0,336.8461375,3.0877344608306885,"coarse (>5 MHz, continuum-mode -- weak technosignature constraint)"
_gam_Vir_B7_EB_X152c8,A002_Xd99ff3_X152c8,339.3461375,337.5180125,118,15625000.0,338.0805125,2.736006498336792,"coarse (>5 MHz, continuum-mode -- weak technosignature constraint)"
_gam_Vir_B7_EB_X152c8,A002_Xd99ff3_X152c8,347.5805125,349.4086375,118,15625000.0,348.6273875,2.4050698280334473,"coarse (>5 MHz, continuum-mode -- weak technosignature constraint)"
_gam_Vir_B7_EB_X152c8,A002_Xd99ff3_X152c8,349.5805125,351.4086375,118,15625000.0,350.1117625,2.4524333477020264,"coarse (>5 MHz, continuum-mode -- weak technosignature constraint)"
bet_Pic_B3,A002_Xf5d76d_X32f1,114.82924720740164,115.69179603552664,3534,244140.625,115.26064369177664,14.653992652893066,fine (<1 MHz)
bet_Pic_B3,A002_Xf5d76d_X32f1,101.92541590857351,100.09729090857351,118,15625000.0,100.36291590857351,2.7846767902374268,"coarse (>5 MHz, continuum-mode -- weak technosignature constraint)"
bet_Pic_B3,A002_Xf5d76d_X32f1,103.82091590857351,101.99279090857351,118,15625000.0,102.77404090857351,2.355133533477783,"coarse (>5 MHz, continuum-mode -- weak technosignature constraint)"
bet_Pic_B3,A002_Xf5d76d_X32f1,112.59729090857351,114.42541590857351,118,15625000.0,112.76916590857351,2.3455772399902344,"coarse (>5 MHz, continuum-mode -- weak technosignature constraint)"
bet_Pic_B3,A002_Xf5d76d_X32f1,114.82924720740164,115.69179603552664,3534,244140.625,115.26064369177664,14.653992652893066,fine (<1 MHz)
bet_Pic_B3_EB_X65fd,A002_Xf934b1_X65fd,101.92703367902662,100.09890867902662,118,15625000.0,100.16140867902662,2.2940826416015625,"coarse (>5 MHz, continuum-mode -- weak technosignature constraint)"
bet_Pic_B3_EB_X65fd,A002_Xf934b1_X65fd,103.82253367902662,101.99440867902662,118,15625000.0,102.29128367902662,3.864090919494629,"coarse (>5 MHz, continuum-mode -- weak technosignature constraint)"
bet_Pic_B3_EB_X65fd,A002_Xf934b1_X65fd,112.59890867902662,114.42703367902662,118,15625000.0,112.92703367902662,3.7758874893188477,"coarse (>5 MHz, continuum-mode -- weak technosignature constraint)"
bet_Pic_B3_EB_X65fd,A002_Xf934b1_X65fd,114.83095653058912,115.69350535871412,3534,244140.625,115.26210887433912,19.821596145629883,fine (<1 MHz)
bet_Pic_B3_EB_X7e7d,A002_Xf934b1_X7e7d,101.92696987077363,100.09884487077363,118,15625000.0,101.17696987077363,2.7596595287323,"coarse (>5 MHz, continuum-mode -- weak technosignature constraint)"
bet_Pic_B3_EB_X7e7d,A002_Xf934b1_X7e7d,103.82246987077363,101.99434487077363,118,15625000.0,102.85371987077363,3.5044054985046387,"coarse (>5 MHz, continuum-mode -- weak technosignature constraint)"
bet_Pic_B3_EB_X7e7d,A002_Xf934b1_X7e7d,112.59884487077363,114.42696987077363,118,15625000.0,113.59884487077363,3.424837112426758,"coarse (>5 MHz, continuum-mode -- weak technosignature constraint)"
bet_Pic_B3_EB_X7e7d,A002_Xf934b1_X7e7d,114.83089272233613,115.69344155046113,3534,244140.625,115.26204506608613,23.173913955688477,fine (<1 MHz)
bet_Pic_B3_EB_Xcc5,A002_Xf5d76d_Xcc5,101.92538848696428,100.09726348696428,118,15625000.0,101.70663848696428,3.502371072769165,"coarse (>5 MHz, continuum-mode -- weak technosignature constraint)"
bet_Pic_B3_EB_Xcc5,A002_Xf5d76d_Xcc5,103.82088848696428,101.99276348696428,118,15625000.0,103.50838848696428,2.1717023849487305,"coarse (>5 MHz, continuum-mode -- weak technosignature constraint)"
bet_Pic_B3_EB_Xcc5,A002_Xf5d76d_Xcc5,112.59726348696428,114.42538848696428,118,15625000.0,114.31601348696428,3.2971270084381104,"coarse (>5 MHz, continuum-mode -- weak technosignature constraint)"
bet_Pic_B3_EB_Xcc5,A002_Xf5d76d_Xcc5,114.8292197857924,115.6917686139174,3534,244140.625,115.2603721295424,17.288488388061523,fine (<1 MHz)
bet_Pic_B3_EB_Xe19,A002_Xf5d76d_Xe19,101.92536176709197,100.09723676709197,118,15625000.0,101.84723676709197,2.3877854347229004,"coarse (>5 MHz, continuum-mode -- weak technosignature constraint)"
bet_Pic_B3_EB_Xe19,A002_Xf5d76d_Xe19,103.82086176709197,101.99273676709197,118,15625000.0,102.71148676709197,1.9984159469604492,"coarse (>5 MHz, continuum-mode -- weak technosignature constraint)"
bet_Pic_B3_EB_Xe19,A002_Xf5d76d_Xe19,112.59723676709197,114.42536176709197,118,15625000.0,113.39411176709197,2.8409667015075684,"coarse (>5 MHz, continuum-mode -- weak technosignature constraint)"
bet_Pic_B3_EB_Xe19,A002_Xf5d76d_Xe19,114.8291930659201,115.6917418940451,3534,244140.625,115.2603454096701,27.68450164794922,fine (<1 MHz)
bet_Pic_B3_EB_Xeb8,A002_Xf5d76d_Xeb8,101.92534187106841,100.09721687106841,118,15625000.0,100.81596687106841,2.2137720584869385,"coarse (>5 MHz, continuum-mode -- weak technosignature constraint)"
bet_Pic_B3_EB_Xeb8,A002_Xf5d76d_Xeb8,103.82084187106841,101.99271687106841,118,15625000.0,102.72709187106841,2.2819197177886963,"coarse (>5 MHz, continuum-mode -- weak technosignature constraint)"
bet_Pic_B3_EB_Xeb8,A002_Xf5d76d_Xeb8,112.59721687106841,114.42534187106841,118,15625000.0,112.72221687106841,2.2687461376190186,"coarse (>5 MHz, continuum-mode -- weak technosignature constraint)"
bet_Pic_B3_EB_Xeb8,A002_Xf5d76d_Xeb8,114.82917316989654,115.69172199802154,3534,244140.625,115.26032551364654,30.76483917236328,fine (<1 MHz)
bet_Pic_B3_EB_Xeeec,A002_Xf934b1_Xeeec,101.92709441136172,100.09896941136172,118,15625000.0,101.00521941136172,3.000162124633789,"coarse (>5 MHz, continuum-mode -- weak technosignature constraint)"
bet_Pic_B3_EB_Xeeec,A002_Xf934b1_Xeeec,103.82259441136172,101.99446941136172,118,15625000.0,102.32259441136172,2.717541456222534,"coarse (>5 MHz, continuum-mode -- weak technosignature constraint)"
bet_Pic_B3_EB_Xeeec,A002_Xf934b1_Xeeec,112.59896941136172,114.42709441136172,118,15625000.0,113.75521941136172,2.5585134029388428,"coarse (>5 MHz, continuum-mode -- weak technosignature constraint)"
bet_Pic_B3_EB_Xeeec,A002_Xf934b1_Xeeec,114.83101726292422,115.69356609104922,3534,244140.625,115.26216960667422,19.386001586914062,fine (<1 MHz)
bet_Pic_B6,A002_X6f1341_X1484,230.08379842546145,231.00396444108645,3770,244140.625,230.52813436296145,10.164942741394043,fine (<1 MHz)
bet_Pic_B6,A002_X6f1341_X1484,230.08379842546145,231.00396444108645,3770,244140.625,230.52813436296145,10.164942741394043,fine (<1 MHz)
bet_Pic_B6,A002_X6f1341_X1484,231.6767449568204,233.4111199568204,112,15625000.0,232.7704949568204,2.5497982501983643,"coarse (>5 MHz, continuum-mode -- weak technosignature constraint)"
bet_Pic_B6,A002_X6f1341_X1484,219.3492156201728,217.6460906201728,110,15625000.0,218.0835906201728,2.3497314453125,"coarse (>5 MHz, continuum-mode -- weak technosignature constraint)"
bet_Pic_B6,A002_X6f1341_X1484,217.4060730963739,215.6809754401239,3534,488281.25,216.1560730963739,4.577770233154297,fine (<1 MHz)
bet_Pic_B6,A002_Xd9668b_X3a90,243.04930071741785,244.87742571741785,118,15625000.0,244.59617571741785,2.360905647277832,"coarse (>5 MHz, continuum-mode -- weak technosignature constraint)"
bet_Pic_B6,A002_Xd9668b_X3a90,226.3472055025741,226.2394174166366,884,122070.3125,226.2888558931991,4.394163608551025,fine (<1 MHz)
bet_Pic_B6,A002_Xd9668b_X3a90,225.73047576624597,225.62268768030847,884,122070.3125,225.72742400843347,4.817069053649902,fine (<1 MHz)
bet_Pic_B6,A002_Xd9668b_X3a90,226.90741668421472,226.79962859827722,884,122070.3125,226.80365691858972,4.455621719360352,fine (<1 MHz)
bet_Pic_B6,A002_Xd9668b_X3a90,226.69220672327722,226.58441863733972,884,122070.3125,226.65387664515222,4.522724628448486,fine (<1 MHz)
bet_Pic_B6,A002_Xd9668b_X3a90,230.54331908899988,230.48940978724207,3534,15258.7890625,230.5161279268905,11.6809720993042,fine (<1 MHz)
bet_Pic_B6,A002_Xd9668b_X3a90,241.55311541468348,241.98438982874598,3534,122070.3125,241.75123553187098,5.419877052307129,fine (<1 MHz)
bet_Pic_B6_EB_X1484,A002_X6f1341_X1484,230.08379842546145,231.00396444108645,3770,244140.625,230.52837850358645,9.83199405670166,fine (<1 MHz)
bet_Pic_B6_EB_X1484,A002_X6f1341_X1484,231.6767449568204,233.4111199568204,112,15625000.0,232.7704949568204,2.6266582012176514,"coarse (>5 MHz, continuum-mode -- weak technosignature constraint)"
bet_Pic_B6_EB_X1484,A002_X6f1341_X1484,219.3492156201728,217.6460906201728,110,15625000.0,218.2242156201728,2.278520345687866,"coarse (>5 MHz, continuum-mode -- weak technosignature constraint)"
bet_Pic_B6_EB_X1484,A002_X6f1341_X1484,217.4060730963739,215.6809754401239,3534,488281.25,215.7097840338739,4.751104831695557,fine (<1 MHz)
bet_Pic_B6_EB_X1785,A002_X7116f1_X1785,230.08211659240035,231.00228260802535,3770,244140.625,230.52718495177535,9.677316665649414,fine (<1 MHz)
bet_Pic_B6_EB_X1785,A002_X7116f1_X1785,231.67504853325306,233.40942353325306,112,15625000.0,232.92504853325306,2.528752088546753,"coarse (>5 MHz, continuum-mode -- weak technosignature constraint)"
bet_Pic_B6_EB_X1785,A002_X7116f1_X1785,219.36320262793524,217.62882762793524,112,15625000.0,218.98820262793524,3.3055360317230225,"coarse (>5 MHz, continuum-mode -- weak technosignature constraint)"
bet_Pic_B6_EB_X1785,A002_X7116f1_X1785,217.40449339685628,215.67939574060628,3534,488281.25,216.36250120935628,4.137209415435791,fine (<1 MHz)
bet_Pic_B6_EB_X32f1,A002_Xf5d76d_X32f1,101.92541590857351,100.09729090857351,118,15625000.0,100.36291590857351,2.7846763134002686,"coarse (>5 MHz, continuum-mode -- weak technosignature constraint)"
bet_Pic_B6_EB_X32f1,A002_Xf5d76d_X32f1,103.82091590857351,101.99279090857351,118,15625000.0,102.77404090857351,2.355133533477783,"coarse (>5 MHz, continuum-mode -- weak technosignature constraint)"
bet_Pic_B6_EB_X32f1,A002_Xf5d76d_X32f1,112.59729090857351,114.42541590857351,118,15625000.0,112.76916590857351,2.3455770015716553,"coarse (>5 MHz, continuum-mode -- weak technosignature constraint)"
bet_Pic_B6_EB_X32f1,A002_Xf5d76d_X32f1,114.82924720740164,115.69179603552664,3534,244140.625,115.26064369177664,14.653992652893066,fine (<1 MHz)
bet_Pic_B6_EB_X3a90,A002_Xd9668b_X3a90,243.04930071741785,244.87742571741785,118,15625000.0,244.59617571741785,2.360905885696411,"coarse (>5 MHz, continuum-mode -- weak technosignature constraint)"
bet_Pic_B6_EB_X3a90,A002_Xd9668b_X3a90,226.3472055025741,226.2394174166366,884,122070.3125,226.2888558931991,4.394164562225342,fine (<1 MHz)
bet_Pic_B6_EB_X3a90,A002_Xd9668b_X3a90,225.73047576624597,225.62268768030847,884,122070.3125,225.72742400843347,4.817068099975586,fine (<1 MHz)
bet_Pic_B6_EB_X3a90,A002_Xd9668b_X3a90,226.90741668421472,226.79962859827722,884,122070.3125,226.80365691858972,4.455621242523193,fine (<1 MHz)
bet_Pic_B6_EB_X3a90,A002_Xd9668b_X3a90,226.69220672327722,226.58441863733972,884,122070.3125,226.65387664515222,4.5227251052856445,fine (<1 MHz)
bet_Pic_B6_EB_X3a90,A002_Xd9668b_X3a90,230.54331908899988,230.48940978724207,3534,15258.7890625,230.5161279268905,11.680971145629883,fine (<1 MHz)
bet_Pic_B6_EB_X3a90,A002_Xd9668b_X3a90,241.55311541468348,241.98438982874598,3534,122070.3125,241.75123553187098,5.419877052307129,fine (<1 MHz)
bet_Pic_B6_EB_Xa9df,A002_Xd9668b_Xa9df,243.0492744623924,244.8773994623924,118,15625000.0,244.5023994623924,3.0980162620544434,"coarse (>5 MHz, continuum-mode -- weak technosignature constraint)"
bet_Pic_B6_EB_Xa9df,A002_Xd9668b_Xa9df,226.34717924754864,226.23939116161114,884,122070.3125,226.26722319286114,4.452480316162109,fine (<1 MHz)
bet_Pic_B6_EB_Xa9df,A002_Xd9668b_Xa9df,225.7304495112205,225.622661425283,884,122070.3125,225.711040331533,4.488748550415039,fine (<1 MHz)
bet_Pic_B6_EB_Xa9df,A002_Xd9668b_Xa9df,226.90739042918926,226.79960234325176,884,122070.3125,226.88126738231426,4.238215923309326,fine (<1 MHz)
bet_Pic_B6_EB_Xa9df,A002_Xd9668b_Xa9df,226.69218046825176,226.58439238231426,884,122070.3125,226.65470488231426,4.897550106048584,fine (<1 MHz)
bet_Pic_B6_EB_Xa9df,A002_Xd9668b_Xa9df,230.54329283397442,230.4893835322166,3534,15258.7890625,230.51602537791973,8.94759750366211,fine (<1 MHz)
bet_Pic_B6_EB_Xa9df,A002_Xd9668b_Xa9df,241.55308915965801,241.98436357372051,3534,122070.3125,241.83665849559551,5.079089641571045,fine (<1 MHz)
bet_Pic_B6_EB_Xace,A002_X75bfbf_Xace,230.106675292051,230.969224120176,3534,244140.625,230.602036620176,4.817831516265869,fine (<1 MHz)
bet_Pic_B6_EB_Xace,A002_X75bfbf_Xace,231.67076176979506,233.40513676979506,112,15625000.0,232.78013676979506,2.5450611114501953,"coarse (>5 MHz, continuum-mode -- weak technosignature constraint)"
bet_Pic_B6_EB_Xace,A002_X75bfbf_Xace,219.35906351704122,217.62468851704122,112,15625000.0,219.28093851704122,2.8386664390563965,"coarse (>5 MHz, continuum-mode -- weak technosignature constraint)"
bet_Pic_B6_EB_Xace,A002_X75bfbf_Xace,217.40050158826733,215.67540393201733,3534,488281.25,216.62169299451733,4.524487018585205,fine (<1 MHz)
eps_Eri_B6,A002_X99c183_X4f1e,229.65282195601782,231.37791961226782,3534,488281.25,230.98827117476782,4.389774799346924,fine (<1 MHz)
eps_Eri_B6,A002_X99c183_X4f1e,232.10093823893936,233.83531323893936,112,15625000.0,232.69468823893936,2.687079668045044,"coarse (>5 MHz, continuum-mode -- weak technosignature constraint)"
eps_Eri_B6,A002_X99c183_X4f1e,219.08733102995018,217.35295602995018,112,15625000.0,219.07170602995018,2.5336878299713135,"coarse (>5 MHz, continuum-mode -- weak technosignature constraint)"
eps_Eri_B6,A002_X99c183_X4f1e,216.83763882860944,215.10326382860944,112,15625000.0,216.38451382860944,1.9803340435028076,"coarse (>5 MHz, continuum-mode -- weak technosignature constraint)"
eps_Eri_B6_EB_X1822,A002_Xe59f51_X1822,233.38747947928672,231.55935447928672,118,15625000.0,231.96560447928672,2.8961639404296875,"coarse (>5 MHz, continuum-mode -- weak technosignature constraint)"
eps_Eri_B6_EB_X1822,A002_Xe59f51_X1822,244.05792528481933,245.88605028481933,118,15625000.0,245.38605028481933,2.6201672554016113,"coarse (>5 MHz, continuum-mode -- weak technosignature constraint)"
eps_Eri_B6_EB_X1822,A002_Xe59f51_X1822,246.05769661363257,247.88582161363257,118,15625000.0,246.08894661363257,3.0512242317199707,"coarse (>5 MHz, continuum-mode -- weak technosignature constraint)"
eps_Eri_B6_EB_X1822,A002_Xe59f51_X1822,230.8364957869702,229.1109098494702,1768,976562.5,229.1499723494702,4.270144462585449,fine (<1 MHz)
eps_Eri_B6_EB_X1929,A002_Xe5aacf_X1929,233.3870856920587,231.5589606920587,118,15625000.0,233.0120856920587,2.7432985305786133,"coarse (>5 MHz, continuum-mode -- weak technosignature constraint)"
eps_Eri_B6_EB_X1929,A002_Xe5aacf_X1929,244.05751032623496,245.88563532623496,118,15625000.0,245.52626032623496,3.2178597450256348,"coarse (>5 MHz, continuum-mode -- weak technosignature constraint)"
eps_Eri_B6_EB_X1929,A002_Xe5aacf_X1929,246.05727826763118,247.88540326763118,118,15625000.0,246.05727826763118,2.348175525665283,"coarse (>5 MHz, continuum-mode -- weak technosignature constraint)"
eps_Eri_B6_EB_X1929,A002_Xe5aacf_X1929,230.83610623401347,229.11052029651347,1768,976562.5,229.30485623401347,4.354644298553467,fine (<1 MHz)
eps_Eri_B6_EB_X1a87,A002_Xba9cdb_X1a87,244.07098489219536,245.89910989219536,118,15625000.0,244.28973489219536,2.621800184249878,"coarse (>5 MHz, continuum-mode -- weak technosignature constraint)"
eps_Eri_B6_EB_X1a87,A002_Xba9cdb_X1a87,246.07086283004838,247.89898783004838,118,15625000.0,246.94586283004838,2.2364165782928467,"coarse (>5 MHz, continuum-mode -- weak technosignature constraint)"
eps_Eri_B6_EB_X1a87,A002_Xba9cdb_X1a87,231.4516692719889,229.6113372407389,3770,488281.25,230.6572356782389,4.4656219482421875,fine (<1 MHz)
eps_Eri_B6_EB_X1a87,A002_Xba9cdb_X1a87,233.39987278016395,231.57174778016395,118,15625000.0,231.74362278016395,2.429082155227661,"coarse (>5 MHz, continuum-mode -- weak technosignature constraint)"
eps_Eri_B6_EB_X26d2,A002_Xba839d_X26d2,244.07159625386555,245.89972125386555,118,15625000.0,245.00909625386555,2.363543748855591,"coarse (>5 MHz, continuum-mode -- weak technosignature constraint)"
eps_Eri_B6_EB_X26d2,A002_Xba839d_X26d2,246.0714791824261,247.8996041824261,118,15625000.0,246.4152291824261,2.061615228652954,"coarse (>5 MHz, continuum-mode -- weak technosignature constraint)"
eps_Eri_B6_EB_X26d2,A002_Xba839d_X26d2,231.45226506140398,229.61193303015398,3770,488281.25,230.68468693640398,4.206605434417725,fine (<1 MHz)
eps_Eri_B6_EB_X26d2,A002_Xba839d_X26d2,233.4004529499122,231.5723279499122,118,15625000.0,232.3379529499122,2.5605804920196533,"coarse (>5 MHz, continuum-mode -- weak technosignature constraint)"
eps_Eri_B6_EB_X4ec3,A002_Xe539c7_X4ec3,233.38938398777037,231.56125898777037,118,15625000.0,231.59250898777037,3.181467056274414,"coarse (>5 MHz, continuum-mode -- weak technosignature constraint)"
eps_Eri_B6_EB_X4ec3,A002_Xe539c7_X4ec3,244.05993218623223,245.88805718623223,118,15625000.0,245.52868218623223,3.1775009632110596,"coarse (>5 MHz, continuum-mode -- weak technosignature constraint)"
eps_Eri_B6_EB_X4ec3,A002_Xe539c7_X4ec3,246.05971989791416,247.88784489791416,118,15625000.0,246.32534489791416,2.617204189300537,"coarse (>5 MHz, continuum-mode -- weak technosignature constraint)"
eps_Eri_B6_EB_X4ec3,A002_Xe539c7_X4ec3,230.838379816868,229.112793879368,1768,976562.5,230.269043879368,4.0089240074157715,fine (<1 MHz)
eps_Eri_B6_EB_Xa06b,A002_Xbaedce_Xa06b,244.06719353775622,245.89531853775622,118,15625000.0,245.89531853775622,3.0103588104248047,"coarse (>5 MHz, continuum-mode -- weak technosignature constraint)"
eps_Eri_B6_EB_Xa06b,A002_Xbaedce_Xa06b,246.06704052577706,247.89516552577706,118,15625000.0,246.28579052577706,2.0532844066619873,"coarse (>5 MHz, continuum-mode -- weak technosignature constraint)"
eps_Eri_B6_EB_Xa06b,A002_Xbaedce_Xa06b,231.44797448876355,229.60764245751355,3770,488281.25,231.20041589501355,4.594481945037842,fine (<1 MHz)
eps_Eri_B6_EB_Xa06b,A002_Xbaedce_Xa06b,233.39627486217577,231.56814986217577,118,15625000.0,233.19314986217577,3.3952932357788086,"coarse (>5 MHz, continuum-mode -- weak technosignature constraint)"
eps_Eri_B6_EB_Xbb59,A002_Xba4d35_Xbb59,244.07270952751847,245.90083452751847,118,15625000.0,244.24458452751847,3.3072073459625244,"coarse (>5 MHz, continuum-mode -- weak technosignature constraint)"
eps_Eri_B6_EB_Xbb59,A002_Xba4d35_Xbb59,246.07260154402715,247.90072654402715,118,15625000.0,246.41635154402715,2.948719024658203,"coarse (>5 MHz, continuum-mode -- weak technosignature constraint)"
eps_Eri_B6_EB_Xbb59,A002_Xba4d35_Xbb59,231.45334997838654,229.61301794713654,3770,488281.25,230.95188513463654,4.294023036956787,fine (<1 MHz)
eps_Eri_B6_EB_Xbb59,A002_Xba4d35_Xbb59,233.4015094238889,231.5733844238889,118,15625000.0,233.3858844238889,2.6963231563568115,"coarse (>5 MHz, continuum-mode -- weak technosignature constraint)"
eps_Eri_B6_EB_Xc742,A002_Xe539c7_Xc742,233.38876343281987,231.56063843281987,118,15625000.0,233.32626343281987,2.6251444816589355,"coarse (>5 MHz, continuum-mode -- weak technosignature constraint)"
eps_Eri_B6_EB_Xc742,A002_Xe539c7_Xc742,244.05927826811237,245.88740326811237,118,15625000.0,245.41865326811237,2.599363088607788,"coarse (>5 MHz, continuum-mode -- weak technosignature constraint)"
eps_Eri_B6_EB_Xc742,A002_Xe539c7_Xc742,246.05906064168713,247.88718564168713,118,15625000.0,247.77781064168713,2.930626153945923,"coarse (>5 MHz, continuum-mode -- weak technosignature constraint)"
eps_Eri_B6_EB_Xc742,A002_Xe539c7_Xc742,230.83776593455138,229.11217999705138,1768,976562.5,230.21276593455138,4.647326946258545,fine (<1 MHz)
hd107146_B6,A002_Xbf894a_X700d,254.4671875,252.7328125,112,15625000.0,253.6078125,3.6390719413757324,"coarse (>5 MHz, continuum-mode -- weak technosignature constraint)"
hd107146_B6,A002_Xbf894a_X700d,256.4671875,254.7328125,112,15625000.0,256.0921875,2.6626055240631104,"coarse (>5 MHz, continuum-mode -- weak technosignature constraint)"
hd107146_B6,A002_Xbf894a_X700d,268.7328125002,270.4671875002,112,15625000.0,269.7484375002,2.9356300830841064,"coarse (>5 MHz, continuum-mode -- weak technosignature constraint)"
hd107146_B6,A002_Xbf894a_X700d,270.7328125,272.4671875,112,15625000.0,272.1859375,2.641099214553833,"coarse (>5 MHz, continuum-mode -- weak technosignature constraint)"
hd107146_B6_EB_X12bd,A002_Xbfb22d_X12bd,254.4671875,252.7328125,112,15625000.0,254.0140625,2.9835474491119385,"coarse (>5 MHz, continuum-mode -- weak technosignature constraint)"
hd107146_B6_EB_X12bd,A002_Xbfb22d_X12bd,256.4671875,254.7328125,112,15625000.0,255.8890625,2.3390934467315674,"coarse (>5 MHz, continuum-mode -- weak technosignature constraint)"
hd107146_B6_EB_X12bd,A002_Xbfb22d_X12bd,268.7328125002,270.4671875002,112,15625000.0,270.1078125002,2.7583303451538086,"coarse (>5 MHz, continuum-mode -- weak technosignature constraint)"
hd107146_B6_EB_X12bd,A002_Xbfb22d_X12bd,270.7328125,272.4671875,112,15625000.0,271.1390625,2.447834014892578,"coarse (>5 MHz, continuum-mode -- weak technosignature constraint)"
hd107146_B6_EB_X1dfe,A002_Xbfc4be_X1dfe,254.4671875,252.7328125,112,15625000.0,254.4515625,2.9745934009552,"coarse (>5 MHz, continuum-mode -- weak technosignature constraint)"
hd107146_B6_EB_X1dfe,A002_Xbfc4be_X1dfe,256.4671875,254.7328125,112,15625000.0,256.0453125,2.088301181793213,"coarse (>5 MHz, continuum-mode -- weak technosignature constraint)"
hd107146_B6_EB_X1dfe,A002_Xbfc4be_X1dfe,268.7328125002,270.4671875002,112,15625000.0,268.8421875002,2.5858139991760254,"coarse (>5 MHz, continuum-mode -- weak technosignature constraint)"
hd107146_B6_EB_X1dfe,A002_Xbfc4be_X1dfe,270.7328125,272.4671875,112,15625000.0,271.5296875,1.8106142282485962,"coarse (>5 MHz, continuum-mode -- weak technosignature constraint)"
hd107146_B6_EB_X7df3,A002_Xbfb22d_X7df3,254.4671875,252.7328125,112,15625000.0,254.1390625,3.0238447189331055,"coarse (>5 MHz, continuum-mode -- weak technosignature constraint)"
hd107146_B6_EB_X7df3,A002_Xbfb22d_X7df3,256.4671875,254.7328125,112,15625000.0,256.0296875,2.4869372844696045,"coarse (>5 MHz, continuum-mode -- weak technosignature constraint)"
hd107146_B6_EB_X7df3,A002_Xbfb22d_X7df3,268.7328125002,270.4671875002,112,15625000.0,270.0921875002,2.7221755981445312,"coarse (>5 MHz, continuum-mode -- weak technosignature constraint)"
hd107146_B6_EB_X7df3,A002_Xbfb22d_X7df3,270.7328125,272.4671875,112,15625000.0,272.1234375,2.5374579429626465,"coarse (>5 MHz, continuum-mode -- weak technosignature constraint)"
hd107146_B6_EB_X809,A002_Xbfcd9b_X809,254.4671875,252.7328125,112,15625000.0,253.9203125,2.2319586277008057,"coarse (>5 MHz, continuum-mode -- weak technosignature constraint)"
hd107146_B6_EB_X809,A002_Xbfcd9b_X809,256.4671875,254.7328125,112,15625000.0,255.5765625,3.2841460704803467,"coarse (>5 MHz, continuum-mode -- weak technosignature constraint)"
hd107146_B6_EB_X809,A002_Xbfcd9b_X809,268.7328125002,270.4671875002,112,15625000.0,269.8421875002,2.4470674991607666,"coarse (>5 MHz, continuum-mode -- weak technosignature constraint)"
hd107146_B6_EB_X809,A002_Xbfcd9b_X809,270.7328125,272.4671875,112,15625000.0,271.5453125,2.778353691101074,"coarse (>5 MHz, continuum-mode -- weak technosignature constraint)"
hd107146_B7,A002_Xb999fd_X148,345.933559159412,344.092738846912,1886,976562.5,345.253871659412,4.337791442871094,fine (<1 MHz)
hd107146_B7,A002_Xb999fd_X148,343.98483650316206,342.25046150316206,112,15625000.0,342.75046150316206,3.434687852859497,"coarse (>5 MHz, continuum-mode -- weak technosignature constraint)"
hd107146_B7,A002_Xb999fd_X148,354.19943887236224,356.03977090361224,3770,488281.25,355.59006387236224,4.974929332733154,fine (<1 MHz)
hd107146_B7,A002_Xb999fd_X148,356.145961503162,357.880336503162,112,15625000.0,356.458461503162,2.8225793838500977,"coarse (>5 MHz, continuum-mode -- weak technosignature constraint)"
hd107146_B7_EB_X148,A002_Xb999fd_X148,345.933559159412,344.092738846912,1886,976562.5,344.638637284412,4.090384483337402,fine (<1 MHz)
hd107146_B7_EB_X148,A002_Xb999fd_X148,343.98483650316206,342.25046150316206,112,15625000.0,342.75046150316206,3.0665407180786133,"coarse (>5 MHz, continuum-mode -- weak technosignature constraint)"
hd107146_B7_EB_X148,A002_Xb999fd_X148,354.19943887236224,356.03977090361224,3770,488281.25,355.59006387236224,4.841912746429443,fine (<1 MHz)
hd107146_B7_EB_X148,A002_Xb999fd_X148,356.145961503162,357.880336503162,112,15625000.0,356.505336503162,2.4118168354034424,"coarse (>5 MHz, continuum-mode -- weak technosignature constraint)"
hd107146_B7_EB_X1d31,A002_Xbf032d_X1d31,345.9028129515011,344.0619926390011,1886,976562.5,345.1196098265011,4.539468288421631,fine (<1 MHz)
hd107146_B7_EB_X1d31,A002_Xbf032d_X1d31,343.9540902952511,342.2197152952511,112,15625000.0,343.2665902952511,3.2980034351348877,"coarse (>5 MHz, continuum-mode -- weak technosignature constraint)"
hd107146_B7_EB_X1d31,A002_Xbf032d_X1d31,354.16824874515953,356.00858077640953,3770,488281.25,355.17703780765953,4.438969135284424,fine (<1 MHz)
hd107146_B7_EB_X1d31,A002_Xbf032d_X1d31,356.1152152952511,357.8495902952511,112,15625000.0,356.3495902952511,3.1089258193969727,"coarse (>5 MHz, continuum-mode -- weak technosignature constraint)"
hd107146_B7_EB_X7c91,A002_Xbe2ed7_X7c91,345.9150519248918,344.0742316123918,1886,976562.5,345.2246222373918,4.304146766662598,fine (<1 MHz)
hd107146_B7_EB_X7c91,A002_Xbe2ed7_X7c91,343.96632926864186,342.23195426864186,112,15625000.0,343.95070426864186,2.961587429046631,"coarse (>5 MHz, continuum-mode -- weak technosignature constraint)"
hd107146_B7_EB_X7c91,A002_Xbe2ed7_X7c91,354.1806644270542,356.0209964583042,3770,488281.25,355.9848636458042,4.626731872558594,fine (<1 MHz)
hd107146_B7_EB_X7c91,A002_Xbe2ed7_X7c91,356.1274542686418,357.8618292686418,112,15625000.0,357.7680792686418,3.350252866744995,"coarse (>5 MHz, continuum-mode -- weak technosignature constraint)"
hd107146_B7_EB_X8a66,A002_Xba0af7_X8a66,345.9399173678816,344.0990970553816,1886,976562.5,344.5444095553816,4.645323276519775,fine (<1 MHz)
hd107146_B7_EB_X8a66,A002_Xba0af7_X8a66,343.9911947116316,342.2568197116316,112,15625000.0,343.1474447116316,2.712148666381836,"coarse (>5 MHz, continuum-mode -- weak technosignature constraint)"
hd107146_B7_EB_X8a66,A002_Xba0af7_X8a66,354.2058888817917,356.0462209130417,3770,488281.25,354.7166310692917,4.540595054626465,fine (<1 MHz)
hd107146_B7_EB_X8a66,A002_Xba0af7_X8a66,356.1523197116316,357.8866947116316,112,15625000.0,357.6835697116316,2.8511431217193604,"coarse (>5 MHz, continuum-mode -- weak technosignature constraint)"
hd107146_B7_EB_Xdff4,A002_Xe539c7_Xdff4,337.4350624999,335.6069374999,118,15625000.0,336.8100624999,2.768333673477173,"coarse (>5 MHz, continuum-mode -- weak technosignature constraint)"
hd107146_B7_EB_Xdff4,A002_Xe539c7_Xdff4,339.3305624999,337.5024374999,118,15625000.0,337.9868124999,2.5596261024475098,"coarse (>5 MHz, continuum-mode -- weak technosignature constraint)"
hd107146_B7_EB_Xdff4,A002_Xe539c7_Xdff4,347.6069374999,349.4350624999,118,15625000.0,347.9663124999,2.660156488418579,"coarse (>5 MHz, continuum-mode -- weak technosignature constraint)"
hd107146_B7_EB_Xdff4,A002_Xe539c7_Xdff4,349.5649374999,351.3930624999,118,15625000.0,350.0336874999,2.6591427326202393,"coarse (>5 MHz, continuum-mode -- weak technosignature constraint)"
hd92945_B7,A002_Xbbadbe_X3846,345.9158795579157,344.0877545579157,118,15625000.0,344.7752545579157,2.757472038269043,"coarse (>5 MHz, continuum-mode -- weak technosignature constraint)"
hd92945_B7,A002_Xbbadbe_X3846,343.97350455791565,342.23912955791565,112,15625000.0,343.56725455791565,3.4544403553009033,"coarse (>5 MHz, continuum-mode -- weak technosignature constraint)"
hd92945_B7,A002_Xbbadbe_X3846,354.1940468300478,356.0221718300478,118,15625000.0,355.1002968300478,2.6142828464508057,"coarse (>5 MHz, continuum-mode -- weak technosignature constraint)"
hd92945_B7,A002_Xbbadbe_X3846,356.1346295579157,357.8690045579157,112,15625000.0,357.2752545579157,2.4022765159606934,"coarse (>5 MHz, continuum-mode -- weak technosignature constraint)"
hd92945_B7,A002_Xbbadbe_X3846,345.8646100266657,344.1390240891657,1768,976562.5,344.5433209641657,4.032154560089111,fine (<1 MHz)
hd92945_B7,A002_Xbbadbe_X3846,354.2455605019228,355.9706581581728,3534,488281.25,355.4335487831728,4.735064506530762,fine (<1 MHz)
hd92945_B7_EB_X26b3,A002_Xb9cc97_X26b3,345.9109582810835,344.0701379685835,1886,976562.5,345.3064660935835,4.4840593338012695,fine (<1 MHz)
hd92945_B7_EB_X26b3,A002_Xb9cc97_X26b3,343.9622356248335,342.2278606248335,112,15625000.0,343.8684856248335,2.5230560302734375,"coarse (>5 MHz, continuum-mode -- weak technosignature constraint)"
hd92945_B7_EB_X26b3,A002_Xb9cc97_X26b3,354.1765116784536,356.0168437097036,3770,488281.25,354.9309062097036,4.561488628387451,fine (<1 MHz)
hd92945_B7_EB_X26b3,A002_Xb9cc97_X26b3,356.1233606248335,357.8577356248335,112,15625000.0,357.2327356248335,2.623321771621704,"coarse (>5 MHz, continuum-mode -- weak technosignature constraint)"
hd92945_B7_EB_X2cb6,A002_Xbbdc51_X2cb6,345.91604540264393,344.08792040264393,118,15625000.0,345.32229540264393,2.0580365657806396,"coarse (>5 MHz, continuum-mode -- weak technosignature constraint)"
hd92945_B7_EB_X2cb6,A002_Xbbdc51_X2cb6,343.9736704026439,342.2392954026439,112,15625000.0,343.8017954026439,2.4882442951202393,"coarse (>5 MHz, continuum-mode -- weak technosignature constraint)"
hd92945_B7_EB_X2cb6,A002_Xbbdc51_X2cb6,354.1942150692722,356.0223400692722,118,15625000.0,355.9285900692722,4.483227729797363,"coarse (>5 MHz, continuum-mode -- weak technosignature constraint)"
hd92945_B7_EB_X2cb6,A002_Xbbdc51_X2cb6,356.13479540264393,357.86917040264393,112,15625000.0,356.36917040264393,2.920818328857422,"coarse (>5 MHz, continuum-mode -- weak technosignature constraint)"
hd92945_B7_EB_X2cb6,A002_Xbbdc51_X2cb6,345.86477587139393,344.13918993389393,1768,976562.5,344.42434618389393,4.412497043609619,fine (<1 MHz)
hd92945_B7_EB_X2cb6,A002_Xbbdc51_X2cb6,354.2457287411472,355.9708263973972,3534,488281.25,355.3741467098972,4.633409023284912,fine (<1 MHz)
hd92945_B7_EB_X41a2,A002_Xb9c01c_X41a2,345.9106042607626,344.0697839482626,1886,976562.5,345.3354089482626,4.435874938964844,fine (<1 MHz)
hd92945_B7_EB_X41a2,A002_Xb9c01c_X41a2,343.96188160451266,342.22750660451266,112,15625000.0,342.61813160451266,3.9814958572387695,"coarse (>5 MHz, continuum-mode -- weak technosignature constraint)"
hd92945_B7_EB_X41a2,A002_Xb9c01c_X41a2,354.1761525467236,356.0164845779736,3770,488281.25,354.1790822342236,4.5411481857299805,fine (<1 MHz)
hd92945_B7_EB_X41a2,A002_Xb9c01c_X41a2,356.1230066045126,357.8573816045126,112,15625000.0,357.6542566045126,3.746581792831421,"coarse (>5 MHz, continuum-mode -- weak technosignature constraint)"
hd92945_B7_EB_X4dc5,A002_Xb9dfa4_X4dc5,345.91158750045764,344.07076718795764,1886,976562.5,345.23873593795764,4.30556058883667,fine (<1 MHz)
hd92945_B7_EB_X4dc5,A002_Xb9dfa4_X4dc5,343.9628648442076,342.2284898442076,112,15625000.0,343.7753648442076,3.697632312774658,"coarse (>5 MHz, continuum-mode -- weak technosignature constraint)"
hd92945_B7_EB_X4dc5,A002_Xb9dfa4_X4dc5,354.17714998261056,356.01748201386056,3770,488281.25,354.30898592011056,4.807712554931641,fine (<1 MHz)
hd92945_B7_EB_X4dc5,A002_Xb9dfa4_X4dc5,356.12398984420764,357.85836484420764,112,15625000.0,357.48336484420764,2.6845781803131104,"coarse (>5 MHz, continuum-mode -- weak technosignature constraint)"
hd92945_B7_EB_X7dd5,A002_Xbbcb1f_X7dd5,345.91572081581484,344.08759581581484,118,15625000.0,345.50947081581484,3.0809998512268066,"coarse (>5 MHz, continuum-mode -- weak technosignature constraint)"
hd92945_B7_EB_X7dd5,A002_Xbbcb1f_X7dd5,343.9733458158148,342.2389708158148,112,15625000.0,343.7858458158148,2.5896716117858887,"coarse (>5 MHz, continuum-mode -- weak technosignature constraint)"
hd92945_B7_EB_X7dd5,A002_Xbbcb1f_X7dd5,354.1938857959999,356.0220107959999,118,15625000.0,355.6001357959999,2.489621877670288,"coarse (>5 MHz, continuum-mode -- weak technosignature constraint)"
hd92945_B7_EB_X7dd5,A002_Xbbcb1f_X7dd5,356.13447081581484,357.86884581581484,112,15625000.0,357.11884581581484,4.5685882568359375,"coarse (>5 MHz, continuum-mode -- weak technosignature constraint)"
hd92945_B7_EB_X7dd5,A002_Xbbcb1f_X7dd5,345.86445128456484,344.13886534706484,1768,976562.5,344.57148253456484,4.933511734008789,fine (<1 MHz)
hd92945_B7_EB_X7dd5,A002_Xbbcb1f_X7dd5,354.2453994678749,355.9704971241249,3534,488281.25,354.5788955616249,4.039644718170166,fine (<1 MHz)
hd92945_B7_EB_X8560,A002_Xb9cc97_X8560,345.91110295101953,344.07028263851953,1886,976562.5,345.51364201351953,4.522885322570801,fine (<1 MHz)
hd92945_B7_EB_X8560,A002_Xb9cc97_X8560,343.96238029476956,342.22800529476956,112,15625000.0,342.27488029476956,3.424921989440918,"coarse (>5 MHz, continuum-mode -- weak technosignature constraint)"
hd92945_B7_EB_X8560,A002_Xb9cc97_X8560,354.1766584371602,356.0169904684102,3770,488281.25,354.3182599996602,4.3208394050598145,fine (<1 MHz)
hd92945_B7_EB_X8560,A002_Xb9cc97_X8560,356.12350529476953,357.85788029476953,112,15625000.0,357.20163029476953,2.0563712120056152,"coarse (>5 MHz, continuum-mode -- weak technosignature constraint)"
hd92945_B7_EB_Xcec,A002_Xbe43ba_Xcec,345.889904236741,344.049083924241,1886,976562.5,344.555919861741,4.288218975067139,fine (<1 MHz)
hd92945_B7_EB_Xcec,A002_Xbe43ba_Xcec,343.94118158049105,342.20680658049105,112,15625000.0,343.58180658049105,2.971142292022705,"coarse (>5 MHz, continuum-mode -- weak technosignature constraint)"
hd92945_B7_EB_Xcec,A002_Xbe43ba_Xcec,354.15515365202407,355.99548568327407,3770,488281.25,354.92956771452407,4.781040191650391,fine (<1 MHz)
hd92945_B7_EB_Xcec,A002_Xbe43ba_Xcec,356.117931580491,357.821056580491,110,15625000.0,356.649181580491,2.7112679481506348,"coarse (>5 MHz, continuum-mode -- weak technosignature constraint)"
j1256-1257_B7,A002_Xd9398d_X322a,344.93610441677095,343.10797941677095,118,15625000.0,343.27985441677095,2.952061653137207,"coarse (>5 MHz, continuum-mode -- weak technosignature constraint)"
j1256-1257_B7,A002_Xd9398d_X322a,356.90886365667717,358.73698865667717,118,15625000.0,358.25261365667717,2.6378068923950195,"coarse (>5 MHz, continuum-mode -- weak technosignature constraint)"
j1256-1257_B7,A002_Xd9398d_X322a,355.10874832100245,356.93687332100245,118,15625000.0,355.45249832100245,4.024878978729248,"coarse (>5 MHz, continuum-mode -- weak technosignature constraint)"
j1256-1257_B7,A002_Xd9398d_X322a,346.68093996415394,344.95535402665394,1768,976562.5,346.30496340165394,4.960714340209961,fine (<1 MHz)
j1256-1257_B7_EB_X37e8,A002_Xd9398d_X37e8,344.9359528711821,343.1078278711821,118,15625000.0,343.2953278711821,2.261723518371582,"coarse (>5 MHz, continuum-mode -- weak technosignature constraint)"
j1256-1257_B7_EB_X37e8,A002_Xd9398d_X37e8,356.9087060316432,358.7368310316432,118,15625000.0,357.2368310316432,3.3279542922973633,"coarse (>5 MHz, continuum-mode -- weak technosignature constraint)"
j1256-1257_B7_EB_X37e8,A002_Xd9398d_X37e8,355.10859148893957,356.93671648893957,118,15625000.0,356.57734148893957,2.633631706237793,"coarse (>5 MHz, continuum-mode -- weak technosignature constraint)"
j1256-1257_B7_EB_X37e8,A002_Xd9398d_X37e8,346.6807876273606,344.9552016898606,1768,976562.5,346.5489516898606,3.865025281906128,fine (<1 MHz)
kap_CrB_B6,A002_Xe48598_Xff51,227.61001431838739,229.43813931838739,118,15625000.0,227.73501431838739,2.523099422454834,"coarse (>5 MHz, continuum-mode -- weak technosignature constraint)"
kap_CrB_B6,A002_Xe48598_Xff51,216.43813931838739,214.61001431838739,118,15625000.0,214.62563931838739,3.8277273178100586,"coarse (>5 MHz, continuum-mode -- weak technosignature constraint)"
kap_CrB_B6,A002_Xe48598_Xff51,218.43813931838739,216.61001431838739,118,15625000.0,217.59438931838739,2.075761556625366,"coarse (>5 MHz, continuum-mode -- weak technosignature constraint)"
kap_CrB_B6,A002_Xe48598_Xff51,229.7032838496374,231.4288697871374,1768,976562.5,230.4171510371374,4.286146640777588,fine (<1 MHz)
kap_CrB_B6_EB_X10c85,A002_Xe5808e_X10c85,227.61321670191447,229.44134170191447,118,15625000.0,227.97259170191447,3.2603561878204346,"coarse (>5 MHz, continuum-mode -- weak technosignature constraint)"
kap_CrB_B6_EB_X10c85,A002_Xe5808e_X10c85,216.44134170191447,214.61321670191447,118,15625000.0,215.75384170191447,2.443019151687622,"coarse (>5 MHz, continuum-mode -- weak technosignature constraint)"
kap_CrB_B6_EB_X10c85,A002_Xe5808e_X10c85,218.44134170191447,216.61321670191447,118,15625000.0,218.06634170191447,2.4720752239227295,"coarse (>5 MHz, continuum-mode -- weak technosignature constraint)"
kap_CrB_B6_EB_X10c85,A002_Xe5808e_X10c85,229.70648623316447,231.43207217066447,1768,976562.5,230.44867373316447,4.3498406410217285,fine (<1 MHz)
kap_CrB_B6_EB_X115bd,A002_Xe5808e_X115bd,227.6131437236488,229.4412687236488,118,15625000.0,228.9568937236488,2.630526542663574,"coarse (>5 MHz, continuum-mode -- weak technosignature constraint)"
kap_CrB_B6_EB_X115bd,A002_Xe5808e_X115bd,216.4412687236488,214.6131437236488,118,15625000.0,215.1912687236488,3.6753532886505127,"coarse (>5 MHz, continuum-mode -- weak technosignature constraint)"
kap_CrB_B6_EB_X115bd,A002_Xe5808e_X115bd,218.4412687236488,216.6131437236488,118,15625000.0,217.3787687236488,2.6091561317443848,"coarse (>5 MHz, continuum-mode -- weak technosignature constraint)"
kap_CrB_B6_EB_X115bd,A002_Xe5808e_X115bd,229.7064132548988,231.4319991923988,1768,976562.5,230.3069991923988,4.389159679412842,fine (<1 MHz)
kap_CrB_B6_EB_X68ec,A002_Xe5808e_X68ec,227.61299471837236,229.44111971837236,118,15625000.0,227.75361971837236,2.533216953277588,"coarse (>5 MHz, continuum-mode -- weak technosignature constraint)"
kap_CrB_B6_EB_X68ec,A002_Xe5808e_X68ec,216.44111971837236,214.61299471837236,118,15625000.0,215.05049471837236,2.824373960494995,"coarse (>5 MHz, continuum-mode -- weak technosignature constraint)"
kap_CrB_B6_EB_X68ec,A002_Xe5808e_X68ec,218.44111971837236,216.61299471837236,118,15625000.0,217.08174471837236,2.1012327671051025,"coarse (>5 MHz, continuum-mode -- weak technosignature constraint)"
kap_CrB_B6_EB_X68ec,A002_Xe5808e_X68ec,229.70626424962236,231.43185018712236,1768,976562.5,230.98653768712236,4.720592498779297,fine (<1 MHz)
kap_CrB_B6_EB_Xff51,A002_Xe48598_Xff51,227.61001431838739,229.43813931838739,118,15625000.0,227.73501431838739,2.523099660873413,"coarse (>5 MHz, continuum-mode -- weak technosignature constraint)"
kap_CrB_B6_EB_Xff51,A002_Xe48598_Xff51,216.43813931838739,214.61001431838739,118,15625000.0,214.62563931838739,3.8277268409729004,"coarse (>5 MHz, continuum-mode -- weak technosignature constraint)"
kap_CrB_B6_EB_Xff51,A002_Xe48598_Xff51,218.43813931838739,216.61001431838739,118,15625000.0,217.59438931838739,2.075761318206787,"coarse (>5 MHz, continuum-mode -- weak technosignature constraint)"
kap_CrB_B6_EB_Xff51,A002_Xe48598_Xff51,229.7032838496374,231.4288697871374,1768,976562.5,230.4171510371374,4.286146640777588,fine (<1 MHz)
lp_876-10__Gaia_DR3_6623351805412369024__B7,A002_Xcda49e_Xdebb,344.97110019848105,346.69619785473105,3534,488281.25,345.82022129223105,4.1513519287109375,fine (<1 MHz)
lp_876-10__Gaia_DR3_6623351805412369024__B7,A002_Xcda49e_Xdebb,346.96646152660605,348.70083652660605,112,15625000.0,347.45083652660605,2.3961715698242188,"coarse (>5 MHz, continuum-mode -- weak technosignature constraint)"
lp_876-10__Gaia_DR3_6623351805412369024__B7,A002_Xcda49e_Xdebb,336.6588365266061,334.9244615266061,112,15625000.0,335.4088365266061,3.7577743530273438,"coarse (>5 MHz, continuum-mode -- weak technosignature constraint)"
lp_876-10__Gaia_DR3_6623351805412369024__B7,A002_Xcda49e_Xdebb,334.70083652660605,332.96646152660605,112,15625000.0,333.84146152660605,2.7088985443115234,"coarse (>5 MHz, continuum-mode -- weak technosignature constraint)"
lp_876-10__Gaia_DR3_6623351805412369024__B7,A002_Xcda49e_Xdebb,344.97110019848105,346.69619785473105,3534,488281.25,345.82022129223105,4.1513519287109375,fine (<1 MHz)
lp_876-10__Gaia_DR3_6623351805412369024__B7_EB_X8706,A002_Xce574d_X8706,346.9659104665533,348.7002854665533,112,15625000.0,347.7627854665533,2.4573144912719727,"coarse (>5 MHz, continuum-mode -- weak technosignature constraint)"
lp_876-10__Gaia_DR3_6623351805412369024__B7_EB_X8706,A002_Xce574d_X8706,336.6582854665533,334.9239104665533,112,15625000.0,335.4082854665533,2.742098093032837,"coarse (>5 MHz, continuum-mode -- weak technosignature constraint)"
lp_876-10__Gaia_DR3_6623351805412369024__B7_EB_X8706,A002_Xce574d_X8706,334.7002854665533,332.9659104665533,112,15625000.0,333.0284104665533,2.4199914932250977,"coarse (>5 MHz, continuum-mode -- weak technosignature constraint)"
lp_876-10__Gaia_DR3_6623351805412369024__B7_EB_X8706,A002_Xce574d_X8706,344.9705491384283,346.6956467946783,3534,488281.25,346.0232835134283,4.590052604675293,fine (<1 MHz)
lp_876-10__Gaia_DR3_6623351805412369024__B7_EB_Xe4d0,A002_Xce0587_Xe4d0,346.9663954706509,348.7007704706509,112,15625000.0,348.3726454706509,2.3995487689971924,"coarse (>5 MHz, continuum-mode -- weak technosignature constraint)"
lp_876-10__Gaia_DR3_6623351805412369024__B7_EB_Xe4d0,A002_Xce0587_Xe4d0,336.65877047065095,334.92439547065095,112,15625000.0,335.62752047065095,2.6488094329833984,"coarse (>5 MHz, continuum-mode -- weak technosignature constraint)"
lp_876-10__Gaia_DR3_6623351805412369024__B7_EB_Xe4d0,A002_Xce0587_Xe4d0,334.7007704706509,332.9663954706509,112,15625000.0,333.4351454706509,2.1869003772735596,"coarse (>5 MHz, continuum-mode -- weak technosignature constraint)"
lp_876-10__Gaia_DR3_6623351805412369024__B7_EB_Xe4d0,A002_Xce0587_Xe4d0,344.9710341425259,346.6961317987759,3534,488281.25,345.1209364862759,4.293297290802002,fine (<1 MHz)
tau_Cet,A002_Xb9cc97_X150a,231.47412052844868,229.63378849719868,3770,488281.25,229.78906193469868,4.9435014724731445,
tau_Cet_B6,A002_Xb9cc97_X150a,231.47412052844868,229.63378849719868,3770,488281.25,229.79150334094868,4.000301361083984,fine (<1 MHz)
tau_Cet_B6_EB_X150a,A002_Xb9cc97_X150a,244.14089796120413,245.87527296120413,112,15625000.0,245.81277296120413,2.5240478515625,"coarse (>5 MHz, continuum-mode -- weak technosignature constraint)"
tau_Cet_B6_EB_X150a,A002_Xb9cc97_X150a,246.1409639648899,247.8753389648899,112,15625000.0,246.3128389648899,2.4312734603881836,"coarse (>5 MHz, continuum-mode -- weak technosignature constraint)"
tau_Cet_B6_EB_X150a,A002_Xb9cc97_X150a,231.47412052844868,229.63378849719868,3770,488281.25,229.79150334094868,3.9170355796813965,fine (<1 MHz)
tau_Cet_B6_EB_X150a,A002_Xb9cc97_X150a,233.37486043746821,231.64048543746821,112,15625000.0,232.54673543746821,3.530940055847168,"coarse (>5 MHz, continuum-mode -- weak technosignature constraint)"
tau_Cet_B6_EB_X1627,A002_Xbaa732_X1627,244.13336066143052,245.86773566143052,112,15625000.0,244.96148566143052,2.7637054920196533,"coarse (>5 MHz, continuum-mode -- weak technosignature constraint)"
tau_Cet_B6_EB_X1627,A002_Xbaa732_X1627,246.13336513613848,247.86774013613848,112,15625000.0,246.41461513613848,2.397181749343872,"coarse (>5 MHz, continuum-mode -- weak technosignature constraint)"
tau_Cet_B6_EB_X1627,A002_Xbaa732_X1627,231.46677521446784,229.62644318321784,3770,488281.25,229.68894318321784,4.367588043212891,fine (<1 MHz)
tau_Cet_B6_EB_X1627,A002_Xbaa732_X1627,233.36770769380544,231.63333269380544,112,15625000.0,233.36770769380544,2.812896490097046,"coarse (>5 MHz, continuum-mode -- weak technosignature constraint)"
tau_Cet_B6_EB_X1734,A002_Xb9cc97_X1734,244.14074595196143,245.87512095196143,112,15625000.0,245.14074595196143,2.3092284202575684,"coarse (>5 MHz, continuum-mode -- weak technosignature constraint)"
tau_Cet_B6_EB_X1734,A002_Xb9cc97_X1734,246.1408107147554,247.8751857147554,112,15625000.0,247.6251857147554,2.7316734790802,"coarse (>5 MHz, continuum-mode -- weak technosignature constraint)"
tau_Cet_B6_EB_X1734,A002_Xb9cc97_X1734,231.47397239109853,229.63364035984853,3770,488281.25,229.90903098484853,4.975502014160156,fine (<1 MHz)
tau_Cet_B6_EB_X1734,A002_Xb9cc97_X1734,233.3747161837991,231.6403411837991,112,15625000.0,232.4215911837991,2.0072460174560547,"coarse (>5 MHz, continuum-mode -- weak technosignature constraint)"
tau_Cet_B6_EB_X193f,A002_Xb9cc97_X193f,244.14058717531026,245.87496217531026,112,15625000.0,245.20308717531026,2.08891224861145,"coarse (>5 MHz, continuum-mode -- weak technosignature constraint)"
tau_Cet_B6_EB_X193f,A002_Xb9cc97_X193f,246.14065064196836,247.87502564196836,112,15625000.0,246.62502564196836,2.5078976154327393,"coarse (>5 MHz, continuum-mode -- weak technosignature constraint)"
tau_Cet_B6_EB_X193f,A002_Xb9cc97_X193f,231.47381765871552,229.63348562746552,3770,488281.25,231.18133718996552,4.260631084442139,fine (<1 MHz)
tau_Cet_B6_EB_X193f,A002_Xb9cc97_X193f,233.3745655079975,231.6401905079975,112,15625000.0,232.3120655079975,1.8701103925704956,"coarse (>5 MHz, continuum-mode -- weak technosignature constraint)"
tau_Cet_B6_EB_X2990,A002_Xba4d35_X2990,244.13566591110907,245.87004091110907,112,15625000.0,244.46379091110907,2.120633840560913,"coarse (>5 MHz, continuum-mode -- weak technosignature constraint)"
tau_Cet_B6_EB_X2990,A002_Xba4d35_X2990,246.13574591110907,247.87012091110907,112,15625000.0,246.54199591110907,2.937422752380371,"coarse (>5 MHz, continuum-mode -- weak technosignature constraint)"
tau_Cet_B6_EB_X2990,A002_Xba4d35_X2990,231.46905942673408,229.62872739548408,3770,488281.25,230.32062192673408,4.7261128425598145,fine (<1 MHz)
tau_Cet_B6_EB_X2990,A002_Xba4d35_X2990,233.3699320214318,231.6355570214318,112,15625000.0,233.1199320214318,3.0734119415283203,"coarse (>5 MHz, continuum-mode -- weak technosignature constraint)"
tau_Cet_B6_EB_X509f,A002_X8602fa_X509f,224.84765625,223.16015625,217,7812500.0,224.04296875,3.0391347408294678,"coarse (>5 MHz, continuum-mode -- weak technosignature constraint)"
tau_Cet_B6_EB_X509f,A002_X8602fa_X509f,226.84765625,225.16015625,217,7812500.0,225.98828125,2.490872383117676,"coarse (>5 MHz, continuum-mode -- weak technosignature constraint)"
tau_Cet_B6_EB_X509f,A002_X8602fa_X509f,239.15234375019998,240.83984375019998,217,7812500.0,239.62109375019998,2.8387653827667236,"coarse (>5 MHz, continuum-mode -- weak technosignature constraint)"
tau_Cet_B6_EB_X509f,A002_X8602fa_X509f,241.15234375000003,242.83984375000003,217,7812500.0,242.58203125000003,2.8586575984954834,"coarse (>5 MHz, continuum-mode -- weak technosignature constraint)"
tau_Cet_B6_EB_X7e6,A002_Xba460f_X7e6,244.136122776495,245.870497776495,112,15625000.0,245.511122776495,2.625915765762329,"coarse (>5 MHz, continuum-mode -- weak technosignature constraint)"
tau_Cet_B6_EB_X7e6,A002_Xba460f_X7e6,246.136122776495,247.870497776495,112,15625000.0,246.620497776495,2.6149892807006836,"coarse (>5 MHz, continuum-mode -- weak technosignature constraint)"
tau_Cet_B6_EB_X7e6,A002_Xba460f_X7e6,231.46943629212,229.62910426087,3770,488281.25,231.03340113587,5.198010444641113,fine (<1 MHz)
tau_Cet_B6_EB_X7e6,A002_Xba460f_X7e6,233.37029900662912,231.63592400662912,112,15625000.0,232.51092400662912,2.488090991973877,"coarse (>5 MHz, continuum-mode -- weak technosignature constraint)"
tau_Cet_B6_EB_X95,A002_X86dcae_X95,224.84765625,223.16015625,217,7812500.0,223.29296875,2.5272698402404785,"coarse (>5 MHz, continuum-mode -- weak technosignature constraint)"
tau_Cet_B6_EB_X95,A002_X86dcae_X95,226.84765625,225.16015625,217,7812500.0,225.92578125,2.995086908340454,"coarse (>5 MHz, continuum-mode -- weak technosignature constraint)"
tau_Cet_B6_EB_X95,A002_X86dcae_X95,239.15234375019998,240.83984375019998,217,7812500.0,240.19921875019998,3.147761821746826,"coarse (>5 MHz, continuum-mode -- weak technosignature constraint)"
tau_Cet_B6_EB_X95,A002_X86dcae_X95,241.15234375000003,242.83984375000003,217,7812500.0,241.58203125000003,2.921590566635132,"coarse (>5 MHz, continuum-mode -- weak technosignature constraint)"
tau_Cet_B6_EB_Xb3a3,A002_Xba4d35_Xb3a3,244.13531859234496,245.86969359234496,112,15625000.0,245.32281859234496,2.5358214378356934,"coarse (>5 MHz, continuum-mode -- weak technosignature constraint)"
tau_Cet_B6_EB_Xb3a3,A002_Xba4d35_Xb3a3,246.13539859234498,247.86977359234498,112,15625000.0,247.24477359234498,3.1546149253845215,"coarse (>5 MHz, continuum-mode -- weak technosignature constraint)"
tau_Cet_B6_EB_Xb3a3,A002_Xba4d35_Xb3a3,231.46871210796996,229.62838007671996,3770,488281.25,229.83589960796996,3.951256036758423,fine (<1 MHz)
tau_Cet_B6_EB_Xb3a3,A002_Xba4d35_Xb3a3,233.3695938082396,231.6352188082396,112,15625000.0,232.6195938082396,2.179044008255005,"coarse (>5 MHz, continuum-mode -- weak technosignature constraint)"
